artifactId,artifactType,fieldPath,unicodeCharacterCount,utf8ByteCount,utf8Sha256
u02-s011-lecture-r1,lecture,lectureId,19,19,76150a3f89618bbae3b09bd71dfdfc47a10d1c9f687df5daec98c0744c8d4df8
u02-s011-lecture-r1,lecture,unitId,3,3,95b6504a8bd60df3a9a19ef2c504ac03429b325e9b81f0d701d07bdf6def6afb
u02-s011-lecture-r1,lecture,topicId,16,16,66e703817676a7ab7aa5a3dd6de79c75ae4590ebd2b1cf827c0f3445df800ee6
u02-s011-lecture-r1,lecture,skillId,21,21,b97edefce07bf8907bdb22975ca63120b07231b12a448d21443236b4df7862f1
u02-s011-lecture-r1,lecture,title,26,78,bb3e82acb54298ed152b632b5c86e973e6b95ee09003769b6d1febe84b252e22
u02-s011-lecture-r1,lecture,audience,10,30,e6b4416fbd9f36797de01256b31a4d6f6314e126fde8495e25792c814f64fc5f
u02-s011-lecture-r1,lecture,reviewStatus,22,22,ec809598e2f7fcc69fad54c9cd045bba62b4a0dc7c0ff90d4efdc3788c9ad8fb
u02-s011-lecture-r1,lecture,learningOutcomes[0],11,33,5b92d3a3b6f54ae55183ea32f41a8540a651b03aedeeaf6a201a858835963485
u02-s011-lecture-r1,lecture,learningOutcomes[1],16,48,082c9957424eddc4e560d9509f4ec082f0f4a6d17d5c4beb774b1a0e673b623f
u02-s011-lecture-r1,lecture,learningOutcomes[2],15,45,86782f56d07a99ac94354fceb9e83e54e60507865b7dea03c3f368b262d06436
u02-s011-lecture-r1,lecture,learningOutcomes[3],15,45,f4afe34478dabf286550554a6370770afaf2f01f092cb2050075dbee9a45a5d3
u02-s011-lecture-r1,lecture,prerequisites[0].skillId,24,24,8f1805dee4ff6e15caf4ab28d956952d0e8c3b744bb93c282f20e4ab2a51767a
u02-s011-lecture-r1,lecture,prerequisites[0].requiredLevel,35,103,83f144b455000bd2a5254b2ced0a8b66c4f40179bd0df965bb2f4a4102bf0989
u02-s011-lecture-r1,lecture,glossary[0].term,3,9,123fbef6a68ab6cfc6b20967d87c0c6dd2e5d01f97188c32dd1b9b92d5f643ef
u02-s011-lecture-r1,lecture,glossary[0].definition,11,33,57e35bd0f0ddc11271e7935d6cc0d3021c6f330d1c483f44385cd2d28fb11629
u02-s011-lecture-r1,lecture,glossary[1].term,3,9,6e073d178b259eb83e179691abc3c668ad7427917037818440b7f4c01f88cf60
u02-s011-lecture-r1,lecture,glossary[1].definition,13,39,555d00dbd41d96d9247771d7a2912f206ee0aa3a60eb816532fcbbbf212bb537
u02-s011-lecture-r1,lecture,glossary[2].term,3,9,d6e1e20df33d16c08699acec487f18c93c2a9338e695a527f84b82c0d14a601a
u02-s011-lecture-r1,lecture,glossary[2].definition,12,36,02ef77ec7471800be6be96cc8823d7040659589dbbd0b1a7092dac385f733ca3
u02-s011-lecture-r1,lecture,glossary[3].term,2,6,8315270229470d512d8cdbd74dd17f00104ab2f4622a965ec9309a78fb4bcc09
u02-s011-lecture-r1,lecture,glossary[3].definition,16,46,45b13f3554e2d72d1fd12ad8c991cac1fdadbcd7b02b5f7972d5a7f4224f40ae
u02-s011-lecture-r1,lecture,notation[0].symbol,5,5,539138d518391ec4fc557ce35c37ead28f89fbf801332ce2d41446ae95beb2b5
u02-s011-lecture-r1,lecture,notation[0].meaning,16,29,6ff812723c8f97e00333d37d465d380bd33099e5456e49a7ac4da82b4316739f
u02-s011-lecture-r1,lecture,conceptNarrative[0],27,81,480a3c7f8c12089af436107f79266e06f3ed94cbe5a8aa5a35076b73d3bb55e2
u02-s011-lecture-r1,lecture,conceptNarrative[1],29,87,410b26ba5bf7f9c5ae1f028dcbc62a6ef642f98599f534b6ec32616471304869
u02-s011-lecture-r1,lecture,conceptNarrative[2],26,74,0044cd5f2ad4405237d49872d031c98f9ed1efbd5a27023edb223cb1952ef77e
u02-s011-lecture-r1,lecture,conceptNarrative[3],26,78,aacbf933e2d8d1e3d59a258cb972001922cb4fb6068131aaae96a0044fc3e1b2
u02-s011-lecture-r1,lecture,formalDefinitions[0].name,7,21,0098ba3a3abb390238f8c22df715d2776991d9e9474af1aa6dc6f3cede548405
u02-s011-lecture-r1,lecture,formalDefinitions[0].statement,15,17,5634bc5d71187d6702c9bff330099e511892e639355fed14d641b78c758cd7f1
u02-s011-lecture-r1,lecture,formalDefinitions[1].name,7,21,ece7f82ecd6431b55d7631957a1ea2741bd35c4c45a9720b75b3f3885d6c8c51
u02-s011-lecture-r1,lecture,formalDefinitions[1].statement,20,59,72f3b21f144c4bb0aab987dcb512c75e26743a73ec25e1fad0479c532fe95ba8
u02-s011-lecture-r1,lecture,formulas[0].formula,14,14,4589cd552c317c825d4fbefba9a72ffab28d89b11de2f03692168fe57a8a6d19
u02-s011-lecture-r1,lecture,formulas[0].conditions[0],6,16,9baecc6f14fa2a74d875e9f4421a9db714df3c1ae6e691e051c28cbadad133b6
u02-s011-lecture-r1,lecture,formulas[0].conditions[1],5,7,f18472c7ce31f8dd7b7b6830b6a35bc11f86266e8c7093d5e75bc525660712ad
u02-s011-lecture-r1,lecture,formulas[0].meaning,6,18,b55b1000fc013851dee10e8fd1ab95ee7559ae7d53d509b8b2f553cff26daf85
u02-s011-lecture-r1,lecture,nonApplicableCases[0],25,75,0b73d3cbf8349fb5c3e17d2dbc01a3042aad3b9bfd6b0a85346e3521af7a5ff7
u02-s011-lecture-r1,lecture,nonApplicableCases[1],15,43,5847cd93c2d692b3092a6097272d7575a00f6f5ac4ebfe7b35692a76e2207645
u02-s011-lecture-r1,lecture,nonApplicableCases[2],20,60,33d577754a62ebbcbeba4c8de601fa8713a1df4630e5c0cc67f5efb277af3f0a
u02-s011-lecture-r1,lecture,nonApplicableCases[3],16,48,447dcda8ff850f3683c458bc11ede02ed756af6f269b9772232e651b44494ecc
u02-s011-lecture-r1,lecture,method[0].instruction,7,21,22ce9989f7a33d25367952a3444e57cd94f12d416f32ab2ac985dbc1685899c0
u02-s011-lecture-r1,lecture,method[0].check,10,30,db945c7051f9f60a3c7ff8513cb23e234e8ff739920945ed3617fd35ecf89753
u02-s011-lecture-r1,lecture,method[1].instruction,6,18,bf5f04fcf563ebc3112795370e6baba57345082b8575bfcd1b2016f6e5ed9b3a
u02-s011-lecture-r1,lecture,method[1].check,11,33,5e573ed532c548cbcf8ebdab6ccbf3819af593b17bcd616f1b1400e34569a632
u02-s011-lecture-r1,lecture,method[2].instruction,7,21,73719721d723b15f56a0f8809379cd37af351c53e0bf69eff8f09fc6aeadd454
u02-s011-lecture-r1,lecture,method[2].check,10,30,deb8620ed7119b2bcfc7854a00ed59167975cc401ae6c7bdfd454a7c14119d90
u02-s011-lecture-r1,lecture,method[3].instruction,9,27,32773770c178af45791bd6e8208dd442a831e5d2d5cc3a6479aa29290d35e220
u02-s011-lecture-r1,lecture,method[3].check,6,18,64e7aa239cefd3f50fff974c50353996b7a0e3a08ca020505be811bc1d584adc
u02-s011-lecture-r1,lecture,method[4].instruction,9,27,c8ecf4e1184fc474aad64d00a3ec528a80b3a12906929f7f55b31b2e272c5171
u02-s011-lecture-r1,lecture,method[4].check,14,42,c84d58280fdad23d3080aff96398e8bf59006a94846b42ff6753d922ddfcefcc
u02-s011-lecture-r1,lecture,workedExamples[0].exampleId,2,2,dffe8596427fc50e8f64654a609af134d45552f18bbecef90b31135a9e7acaa0
u02-s011-lecture-r1,lecture,workedExamples[0].prompt,10,20,2c6976c9bf740deecc7c1a9e25b2ab4634d9fd135598b94c55ede96f9e48acfc
u02-s011-lecture-r1,lecture,workedExamples[0].solutionSteps[0],9,14,1832357bbd520a623f3bed8559300685251c11301b88e7fbf7336203002715fc
u02-s011-lecture-r1,lecture,workedExamples[0].solutionSteps[1],6,16,73dd72f83b2e479477a9dfb31ce3e06892a9a111cfc803cecde7c80fda326a89
u02-s011-lecture-r1,lecture,workedExamples[0].answer,6,10,c26255f06ac92db461b6bf6b2378a02dbe6a97708980303d0731b52d3c72bcfa
u02-s011-lecture-r1,lecture,workedExamples[1].exampleId,2,2,d76354d8457898445bb69e0dc0dc95fb74cc3cf334f8c1859162a16ad0041f8d
u02-s011-lecture-r1,lecture,workedExamples[1].prompt,11,23,a006d005eb0fd05272b255075026d5362e53b1f52ed33faa1a79da59f2be33c3
u02-s011-lecture-r1,lecture,workedExamples[1].solutionSteps[0],9,12,04852544ece824da3cfced218ee86879f16c7659246ffdb85a5b2ac3f0870901
u02-s011-lecture-r1,lecture,workedExamples[1].solutionSteps[1],4,10,717a0d64f476a985d07922bf8c456f859189c9ba2d3ecaa523736639fa6a6af4
u02-s011-lecture-r1,lecture,workedExamples[1].answer,5,7,9eb488cbe6b45dd8ef96c1e33ea6da6635ffeae4e5399db7ba013ad7e36ac0f8
u02-s011-lecture-r1,lecture,workedExamples[2].exampleId,2,2,842983de8fb1d277a3fad5c8295c7a14317c458718a10c5a35b23e7f992a5c80
u02-s011-lecture-r1,lecture,workedExamples[2].prompt,12,18,996cb7f012df30dbaa2800bf0cd209ab1457949f054ec22a07ae15be9695d1c0
u02-s011-lecture-r1,lecture,workedExamples[2].solutionSteps[0],14,24,0f9dafbabaa9c149732aee0efd7cef159cc4bc14f10b8a39634e6af1842ecf61
u02-s011-lecture-r1,lecture,workedExamples[2].solutionSteps[1],8,24,1e6601bad50c541ad3bb5c8c0a320be8c238527394344ffd4986bb7b8d3164c2
u02-s011-lecture-r1,lecture,workedExamples[2].answer,6,10,8215e8434b5f7183095623235e676fa7b9763953af14ce51a69dcc55404d3028
u02-s011-lecture-r1,lecture,workedExamples[3].exampleId,2,2,4a5a97c6433c4c062457e9335709d57493e75527809d8a9586c141e591ac9f2c
u02-s011-lecture-r1,lecture,workedExamples[3].prompt,8,12,131e1d76136c5dcf1d0483a02fcb6316c126cee8712a8fd7d8da7cdf3d6a9926
u02-s011-lecture-r1,lecture,workedExamples[3].solutionSteps[0],10,20,56422f70bafcc3c4bb81d6b1bc79b2fc7ae096c0acf2e76629eff408e428c245
u02-s011-lecture-r1,lecture,workedExamples[3].solutionSteps[1],18,26,f80d9c69c5c57ef36f40aa2123ff4f0815e335fcd77f9f1f3a5b1514c461cb15
u02-s011-lecture-r1,lecture,workedExamples[3].answer,6,10,99dab0a6d8154fc1a1faa1d7c1bae496bf554a1fc278a53e3e0938896c40d43e
u02-s011-lecture-r1,lecture,commonMistakes[0].mistake,12,22,852d678e162de3794ef55b6446d3d54e84e6a5af4d90c911988f14e3223417bf
u02-s011-lecture-r1,lecture,commonMistakes[0].why,14,42,10441ec282834393df1d5bd543f1907862b2e02eaf5fa8e3a0ec9667d61fc858
u02-s011-lecture-r1,lecture,commonMistakes[0].correction,7,12,3f3fd2418a8eb02f6744dccd29be2dfa94cc1167dd831a621daa91b96af2cc8b
u02-s011-lecture-r1,lecture,commonMistakes[1].mistake,12,36,3bba95087b1d0b2d617adcd2def378bf281e3781f8fac6369673d3b48953edb2
u02-s011-lecture-r1,lecture,commonMistakes[1].why,10,30,f86f94ef944fc6174b9eb9bc85211bcd2d445b0b2be3f43210a7a7aeb6c8a978
u02-s011-lecture-r1,lecture,commonMistakes[1].correction,11,33,4771d0eac2a37de2ab389947ecf9139f4c72237b8ca82d3509e86b721de8e39d
u02-s011-lecture-r1,lecture,commonMistakes[2].mistake,9,25,8aec476ec7d7d780450313bdcb4d98259862ad080603284114f86c8b79e96368
u02-s011-lecture-r1,lecture,commonMistakes[2].why,10,30,d960dd47207fea812bbe49ca4d0751dc4d0d91f66824705af4e1b4c5f5d644c6
u02-s011-lecture-r1,lecture,commonMistakes[2].correction,10,30,227b1356a60f0a1ced2819a55a0bfa3e8fe2d49f0224d03dc92b1d67aa72684a
u02-s011-lecture-r1,lecture,commonMistakes[3].mistake,13,39,a328c71218aba975c75015062b96456df8893327c08af72e90416406f582bcc2
u02-s011-lecture-r1,lecture,commonMistakes[3].why,7,21,7e385de2b8adc9eec94867f2e0e4acb436e60b765d00e7e4ac081d126176ae44
u02-s011-lecture-r1,lecture,commonMistakes[3].correction,11,29,9067e512e0c0dd821854df13cfae5a9a9f304a6ff804c98c9210fb447181edee
u02-s011-lecture-r1,lecture,commonMistakes[4].mistake,11,33,a742efe8c65c68680fc5185f1550a914fcff0628c808176f5eff58ac3271dfc9
u02-s011-lecture-r1,lecture,commonMistakes[4].why,12,36,0cc0b40a3a499dd69dd8dcd50c812ae983da242132f70b43a545c928b84c9744
u02-s011-lecture-r1,lecture,commonMistakes[4].correction,8,24,1322da2f611206d14f31d25e831ef47eb1be43d7e22803b9abcee1368782d55c
u02-s011-lecture-r1,lecture,commonMistakes[5].mistake,11,33,598e553885c14977416f512a187c729042b09327828397c142cc1ea921c26fee
u02-s011-lecture-r1,lecture,commonMistakes[5].why,8,24,6787442fd1409313943f8f2d362d5fe71518584286b6935e789fc5ba37038d1a
u02-s011-lecture-r1,lecture,commonMistakes[5].correction,11,33,e06c4163491e03a62b33654a9e03a2f3850bb513540b01a48f531fc07b1dbf23
u02-s011-lecture-r1,lecture,selfCheck[0],14,42,082c4f95dd0fd1f9132f835c636bab1e1129bd5b46814a81157034a720710717
u02-s011-lecture-r1,lecture,selfCheck[1],15,45,01c372b2e98dc52a9e7373cdb1e45d3339596cfd3b139bbc30dd0c5d1baec147
u02-s011-lecture-r1,lecture,selfCheck[2],9,27,dd8c5c1e8c12d54905b6aeb5fca2674569cccdcae3a8853e8cfb701fa33421b4
u02-s011-lecture-r1,lecture,selfCheck[3],9,27,549255077b1c29c347da3bda2ac368067adfa073aed9c333b6fb90aa79c1023f
u02-s011-lecture-r1,lecture,selfCheck[4],10,30,14ee87480b1da897b8c331968ed7642f72b480a4b6796b85c10a09df7df19fc4
u02-s011-lecture-r1,lecture,summary[0],11,33,c5fa79c16841ece73a752181e2114ac7af40d8539a8e913c974bf7502d64f64e
u02-s011-lecture-r1,lecture,summary[1],14,39,84d7eef406668a9f33bdfbfe8de3f43900c9c907184517e2eac53e69b004c44f
u02-s011-lecture-r1,lecture,summary[2],11,33,b60d57bee1e779a929847f90ab30708f5bf09bf76332a6596e981aa709fdc7a2
u02-s011-lecture-r1,lecture,summary[3],16,48,9339fcff110b31a38f88706f8ca57878389dcbd76fc36a4455c7dcb6e1107155
u02-s011-lecture-r1,lecture,connections.previous,44,82,759b6073369e4da752e3d6cdb63f6ee30859a25d11fdddd283138ffcc69e8e0c
u02-s011-lecture-r1,lecture,connections.next[0],20,60,af2130bac1084a9b6a4d4c489cdde8c51b6b7b07ddd9a62ad7a07b029fd09b74
u02-s011-lecture-r1,lecture,connections.next[1],14,42,8e27d3c0437b2c1e0a7c11ad575ad8916b2b8b7467dc3aa7e5964b32670836c1
u02-s011-lecture-r1,lecture,practiceLinks.mcQuestionIds[0],13,13,dc4fb44bdae5e33803b091ae928ac6bef93c2486afced37484838d22f69b5c8f
u02-s011-lecture-r1,lecture,practiceLinks.mcQuestionIds[1],13,13,360c2b35d9e49532ec7451c8e9d72d11ff39905a9b264001a47e5ddc43fa4145
u02-s011-lecture-r1,lecture,practiceLinks.mcQuestionIds[2],13,13,01b48d1e010377372844aad9438a5ce8e1dd47f47d3e278b92d607c37d1ce948
u02-s011-lecture-r1,lecture,practiceLinks.mcQuestionIds[3],13,13,1fff74806c84683603554cd15861a3982a95aa1c9c912688f98a2bd062cf617b
u02-s011-lecture-r1,lecture,practiceLinks.mcQuestionIds[4],13,13,cd2b5f9dec65fd0eb2c32c9db20ebc6bceffe6d1c2230e97ed6a6dbd09d49e8a
u02-s011-lecture-r1,lecture,practiceLinks.mcQuestionIds[5],13,13,5a10c145b717b3bda27b56d0244f39e1149d809551f92805a4d793f4eb8d2de5
u02-s011-lecture-r1,lecture,practiceLinks.mcQuestionIds[6],13,13,02dea813307e01a98c4ff79c83ab815aa322ba6d1afdf069b2a3a64769f54171
u02-s011-lecture-r1,lecture,practiceLinks.mcQuestionIds[7],13,13,019b79308b02688bff49ed9c3d0a5799c544a29b1b921d9f6d9f4054da1a4acf
u02-s011-lecture-r1,lecture,practiceLinks.mcQuestionIds[8],13,13,188af3f50759f8fafdd13bd1df2b8bd2cf75c37bd9702f4a3e9e6b75bade6694
u02-s011-lecture-r1,lecture,practiceLinks.mcQuestionIds[9],13,13,8345567cf3d07aca969d4132df2a50ed531840f1579cce79035fe4b8b0f31ce0
u02-s011-lecture-r1,lecture,practiceLinks.mcQuestionIds[10],13,13,45e46091388506f3a77f174131e299fcadb20afccc048a84e71d70f38da33109
u02-s011-lecture-r1,lecture,practiceLinks.mcQuestionIds[11],13,13,724505ecdd0bc8dff6632553d9bce9894834546aefac872a68a348d605ae4e23
u02-s011-lecture-r1,lecture,practiceLinks.constructedResponseIds[0],14,14,d840b99fc01d7f839208073f6159027fcd9e4a7ac952b8e4c73483637edf86fb
u02-s011-lecture-r1,lecture,practiceLinks.constructedResponseIds[1],14,14,db9243e3aa440317e394adb2c6fb741f477dda94fe638f68cdcaaf82cf762e17
u02-s011-lecture-r1,lecture,lectureReview.mathematicalCorrectness,4,4,d74ff0ee8da3b9806b18c877dbf29bbde50b5bd8e4dad7a3a725000feb82e8f1
u02-s011-lecture-r1,lecture,lectureReview.zeroFoundationReadability,4,4,d74ff0ee8da3b9806b18c877dbf29bbde50b5bd8e4dad7a3a725000feb82e8f1
u02-s011-lecture-r1,lecture,lectureReview.scopeCheck,21,21,fdf8268f0373301b2fcc6331f1d8999b8aabea69681e8bc972ab9a21216a7606
u02-s011-lecture-r1,lecture,lectureReview.reviewNote,65,125,1751190b87f82d9ab0c71e3bc10bdd003f47d16d890a6c65084a75ab986000ea
u02-s011-lecture-r1,lecture,lectureReview.reviewVersion,25,25,d778dfb0b9da1de52a9e6d141e13b5f20b33f0779b3da3dad22096cd927b9411
u02-s011-lecture-r1,lecture,lectureReview.reviewedAt,10,10,14158d45727526145ef514139eeb669eb54d613dbcffe524f099dbb71c9d8b08
u02-s011-lecture-r1,lecture,contentSha256,64,64,90cec848bf7adf5eed05f2c414ef5cfea246a58206fc2ed916e64c5406f307c0
u02-s011-lecture-r1,lecture,contentAuthority,25,25,ed40f75ffe3d6ad4e71f6e7919d063410490de360edb425965eccd605ca9d79e
u02-s011-v001,question,questionId,13,13,dc4fb44bdae5e33803b091ae928ac6bef93c2486afced37484838d22f69b5c8f
u02-s011-v001,question,unitId,3,3,95b6504a8bd60df3a9a19ef2c504ac03429b325e9b81f0d701d07bdf6def6afb
u02-s011-v001,question,topicId,16,16,66e703817676a7ab7aa5a3dd6de79c75ae4590ebd2b1cf827c0f3445df800ee6
u02-s011-v001,question,skillId,21,21,b97edefce07bf8907bdb22975ca63120b07231b12a448d21443236b4df7862f1
u02-s011-v001,question,difficulty,5,5,fbb7b5bf4ca348eeeebf8cc3660712859a5a1fbf18e83217a57ce203fb51d5c2
u02-s011-v001,question,type,2,2,6bc0f9c4ecb0acbebf1b9f6c816bdd66f4885f67c917d9e141cf893014fba936
u02-s011-v001,question,visualMode,9,9,9c7d54b0bf7a9369d8594201c7b11955514343809d09fbec33966c1fd9794015
u02-s011-v001,question,sourceScope,19,19,a4b669ddb8ef1883391c07a7b633f12eeaeecee7ec37c09eea4931aff6644346
u02-s011-v001,question,text,17,39,09edf3fce19dbafb7697d30382862e42ad3421e4f590e257cb6ee7fb04626823
u02-s011-v001,question,choices[0],5,7,fc82259102b67d0a2665f8a303eac8bdda37d7e7e2f1daff8c666bc26f3295df
u02-s011-v001,question,choices[1],5,7,c1e80fd7e403b6a3f366326d35fc729e5da43912535cd83714129a8ce2746457
u02-s011-v001,question,choices[2],5,7,83b1fba5c9e8bfd214f8cfc8d3201d019f03c0de17940a60bcf174047e0fe5e0
u02-s011-v001,question,choices[3],5,7,9e0bc2c7d8f995b65cfff3917c449489a648985f1b9fc5f2caffeac57f9a6614
u02-s011-v001,question,explanation,43,90,4a445ea260f5712ddcae3c954f050f237c3ff5e649c49a9793618f4fef41be00
u02-s011-v001,question,steps[0],8,11,509fe8692e51380da42c95a416622596b8426399a24ddf09492faf44993d4db7
u02-s011-v001,question,steps[1],12,18,2a7adaec5ac93995078701ca507bc5274b5c866a44c043e87c07288f0d617b30
u02-s011-v001,question,optionAnalysis[0].choice,5,7,fc82259102b67d0a2665f8a303eac8bdda37d7e7e2f1daff8c666bc26f3295df
u02-s011-v001,question,optionAnalysis[0].reason,8,16,e50f7a70bbd75c2bdd115594003dc7dca970c2bc73b4676cedc8eff8e07112f1
u02-s011-v001,question,optionAnalysis[1].choice,5,7,c1e80fd7e403b6a3f366326d35fc729e5da43912535cd83714129a8ce2746457
u02-s011-v001,question,optionAnalysis[1].reason,5,13,0b659180df3b26443ffa3d7daad1c000cc6faf3412cafa366197fd6fbfaafedb
u02-s011-v001,question,optionAnalysis[2].choice,5,7,83b1fba5c9e8bfd214f8cfc8d3201d019f03c0de17940a60bcf174047e0fe5e0
u02-s011-v001,question,optionAnalysis[2].reason,6,16,fa8bcad46fa0fea8c0a673ccf74b96b27ca4f02fd616a4de2403a7d1c92df960
u02-s011-v001,question,optionAnalysis[3].choice,5,7,9e0bc2c7d8f995b65cfff3917c449489a648985f1b9fc5f2caffeac57f9a6614
u02-s011-v001,question,optionAnalysis[3].reason,7,21,daf1b8d80cc4ddac8395b70d2ca102650d25a9cf020e075a415f76ad4de90231
u02-s011-v001,question,commonMistake,17,51,62bf5bee3f8cea4c6ecedbea22d647d524119b823d5f881ad35cabbdb58bff9a
u02-s011-v001,question,concept,15,45,7a382cece3d929aa10640432263190fbdaf84905a0bb0eb1bfa5c37aeac166a3
u02-s011-v001,question,tags[0],3,9,fd41540cbdbecb9b5fa7116d27c68e378548ab62ab7c7ca4494730a81ea87667
u02-s011-v001,question,tags[1],7,21,aa0dd0d911d104efdd1562d20b774c7833a234aaa48ac000917ca06ea5ef7c89
u02-s011-v001,question,tags[2],5,5,fbb7b5bf4ca348eeeebf8cc3660712859a5a1fbf18e83217a57ce203fb51d5c2
u02-s011-v001,question,estimatedTimeSec,2,2,39fa9ec190eee7b6f4dff1100d6343e10918d044c75eac8f9e9a2596173f80c9
u02-s011-v001,question,prerequisiteSkillIds[0],24,24,8f1805dee4ff6e15caf4ab28d956952d0e8c3b744bb93c282f20e4ab2a51767a
u02-s011-v001,question,authoringIntent,8,24,3e2eb0e5781502194708df1b861584e13d306601aedc5cf07f82604f8853b502
u02-s011-v001,question,reviewStatus,22,22,ec809598e2f7fcc69fad54c9cd045bba62b4a0dc7c0ff90d4efdc3788c9ad8fb
u02-s011-v001,question,contentSha256,64,64,a4c18d6b7ac00ad1e134ec7f0fb8e21d048b7fcb7f319b9aec5babdb6d005ebe
u02-s011-v001,question,contentAuthority,25,25,ed40f75ffe3d6ad4e71f6e7919d063410490de360edb425965eccd605ca9d79e
u02-s011-v002,question,questionId,13,13,360c2b35d9e49532ec7451c8e9d72d11ff39905a9b264001a47e5ddc43fa4145
u02-s011-v002,question,unitId,3,3,95b6504a8bd60df3a9a19ef2c504ac03429b325e9b81f0d701d07bdf6def6afb
u02-s011-v002,question,topicId,16,16,66e703817676a7ab7aa5a3dd6de79c75ae4590ebd2b1cf827c0f3445df800ee6
u02-s011-v002,question,skillId,21,21,b97edefce07bf8907bdb22975ca63120b07231b12a448d21443236b4df7862f1
u02-s011-v002,question,difficulty,5,5,fbb7b5bf4ca348eeeebf8cc3660712859a5a1fbf18e83217a57ce203fb51d5c2
u02-s011-v002,question,type,2,2,6bc0f9c4ecb0acbebf1b9f6c816bdd66f4885f67c917d9e141cf893014fba936
u02-s011-v002,question,visualMode,9,9,9c7d54b0bf7a9369d8594201c7b11955514343809d09fbec33966c1fd9794015
u02-s011-v002,question,sourceScope,19,19,a4b669ddb8ef1883391c07a7b633f12eeaeecee7ec37c09eea4931aff6644346
u02-s011-v002,question,text,18,42,2acf8cf815fe276436cba4fc32d17d7a2bb48f856fb0a28c01b72512f390365f
u02-s011-v002,question,choices[0],4,4,2b593dd179568b67d91cace3321beb328273ebce17eef2198b0a13a06d5c2b6d
u02-s011-v002,question,choices[1],4,4,c9125a318011b09434d2d84b23f1160d1759ff335a31f897f733784ea3a2b04d
u02-s011-v002,question,choices[2],4,4,e13d48dae3d049b5d52b2f72602f06fc3dda45aef769901465a5bf7480fcb4da
u02-s011-v002,question,choices[3],4,4,90dc537c512a8dc778aba8ee0c9c8076e1c9f15ce3c953a6f67b7c0719e3fbd1
u02-s011-v002,question,explanation,42,93,1325337390f156d8b1d9533a84dc86517fd241b8b8cbde5ff354bb8426e75001
u02-s011-v002,question,steps[0],8,9,c0a3665f9c4759eb28bb5ec95aa90ff67d90fb32322cdcfc4e2dbc1cd270571c
u02-s011-v002,question,steps[1],12,26,aa5837225dca4f8813a95837f220027e2290fa24febdaf3d124cb6cd6e4badbd
u02-s011-v002,question,optionAnalysis[0].choice,4,4,2b593dd179568b67d91cace3321beb328273ebce17eef2198b0a13a06d5c2b6d
u02-s011-v002,question,optionAnalysis[0].reason,7,21,9f0837c393af60d84a9ee64262c2e3884a1c914fab6f9f9f7381ea125bcc7045
u02-s011-v002,question,optionAnalysis[1].choice,4,4,c9125a318011b09434d2d84b23f1160d1759ff335a31f897f733784ea3a2b04d
u02-s011-v002,question,optionAnalysis[1].reason,7,13,d9d0c9a23e8f2c87eac734974d75c1551704199f9703660f0cb042c7622f29ed
u02-s011-v002,question,optionAnalysis[2].choice,4,4,e13d48dae3d049b5d52b2f72602f06fc3dda45aef769901465a5bf7480fcb4da
u02-s011-v002,question,optionAnalysis[2].reason,9,27,9fc74b68162b4585e6fa89c9842e0c575b035fbdea73f3024c36a2ee9c4f3770
u02-s011-v002,question,optionAnalysis[3].choice,4,4,90dc537c512a8dc778aba8ee0c9c8076e1c9f15ce3c953a6f67b7c0719e3fbd1
u02-s011-v002,question,optionAnalysis[3].reason,9,18,d768269dc2a67e4f6ebd5e33f8e315d06214a35e0a0e774fb4df4f52e90f7768
u02-s011-v002,question,commonMistake,16,48,ad04e2c9ef6a37ae2a29aef022ec3e7cb76e3edd6d745b182f0c6316dc5a57e1
u02-s011-v002,question,concept,22,57,8eed9d5a9d3caa9c88769c24ad622525a54c1bc51cd8339a4465b031b9f313bc
u02-s011-v002,question,tags[0],3,9,fd41540cbdbecb9b5fa7116d27c68e378548ab62ab7c7ca4494730a81ea87667
u02-s011-v002,question,tags[1],7,21,aa0dd0d911d104efdd1562d20b774c7833a234aaa48ac000917ca06ea5ef7c89
u02-s011-v002,question,tags[2],5,5,fbb7b5bf4ca348eeeebf8cc3660712859a5a1fbf18e83217a57ce203fb51d5c2
u02-s011-v002,question,estimatedTimeSec,2,2,39fa9ec190eee7b6f4dff1100d6343e10918d044c75eac8f9e9a2596173f80c9
u02-s011-v002,question,prerequisiteSkillIds[0],24,24,8f1805dee4ff6e15caf4ab28d956952d0e8c3b744bb93c282f20e4ab2a51767a
u02-s011-v002,question,authoringIntent,8,24,09848aaabcfcc326756018c4dee3121946fa12d2178aac684ae94e329b6075db
u02-s011-v002,question,reviewStatus,22,22,ec809598e2f7fcc69fad54c9cd045bba62b4a0dc7c0ff90d4efdc3788c9ad8fb
u02-s011-v002,question,contentSha256,64,64,bd284fca0cc7fd186d3cf9de5b2d0233c062178ba19861c9e75c03acb67d29ff
u02-s011-v002,question,contentAuthority,25,25,ed40f75ffe3d6ad4e71f6e7919d063410490de360edb425965eccd605ca9d79e
u02-s011-v003,question,questionId,13,13,01b48d1e010377372844aad9438a5ce8e1dd47f47d3e278b92d607c37d1ce948
u02-s011-v003,question,unitId,3,3,95b6504a8bd60df3a9a19ef2c504ac03429b325e9b81f0d701d07bdf6def6afb
u02-s011-v003,question,topicId,16,16,66e703817676a7ab7aa5a3dd6de79c75ae4590ebd2b1cf827c0f3445df800ee6
u02-s011-v003,question,skillId,21,21,b97edefce07bf8907bdb22975ca63120b07231b12a448d21443236b4df7862f1
u02-s011-v003,question,difficulty,5,5,fbb7b5bf4ca348eeeebf8cc3660712859a5a1fbf18e83217a57ce203fb51d5c2
u02-s011-v003,question,type,2,2,6bc0f9c4ecb0acbebf1b9f6c816bdd66f4885f67c917d9e141cf893014fba936
u02-s011-v003,question,visualMode,9,9,9c7d54b0bf7a9369d8594201c7b11955514343809d09fbec33966c1fd9794015
u02-s011-v003,question,sourceScope,19,19,a4b669ddb8ef1883391c07a7b633f12eeaeecee7ec37c09eea4931aff6644346
u02-s011-v003,question,text,17,41,03f417c21cdc18b398088eb0369669784434c0ad96be38e5da2f8d71b9f2315f
u02-s011-v003,question,choices[0],3,3,40b9e7a33d8f76f7f3cfababf8ead0b5380325ecc89d99cab4d6147b0faae4e4
u02-s011-v003,question,choices[1],3,3,7ed0a593a2d98187aa7e7b7609761d7871699cb9273e858026213f6efe920714
u02-s011-v003,question,choices[2],4,4,cc5925b930e6c90989d3483b9e571a62de5510825a26b25227515532eac7bb39
u02-s011-v003,question,choices[3],4,4,300d7e571fc18adc83696c29ea4a6e9627286d4c919808cf1aa156b0c855f1df
u02-s011-v003,question,explanation,42,85,c810ae95a8d8c743681c13fe39b6da6464a797eb35a514340859294b5c8081b2
u02-s011-v003,question,steps[0],8,9,55057585757abae33175fbde3ade85c53f100f3593dc0f6901be6d6f3057c872
u02-s011-v003,question,steps[1],12,18,5f5e367b6f8bee7ea0c07e99d5cbaced51751c3d860763467992fc9f1f05ed5d
u02-s011-v003,question,optionAnalysis[0].choice,3,3,40b9e7a33d8f76f7f3cfababf8ead0b5380325ecc89d99cab4d6147b0faae4e4
u02-s011-v003,question,optionAnalysis[0].reason,6,14,58900b2c703d112666223eda1f843757b9316d9cc3cda2688dd0f005b6c5e3a7
u02-s011-v003,question,optionAnalysis[1].choice,3,3,7ed0a593a2d98187aa7e7b7609761d7871699cb9273e858026213f6efe920714
u02-s011-v003,question,optionAnalysis[1].reason,5,13,1a9b173851bbee786d32370b7c1aa28f1f7dee9d24c4d42332e6c66e639ba844
u02-s011-v003,question,optionAnalysis[2].choice,4,4,cc5925b930e6c90989d3483b9e571a62de5510825a26b25227515532eac7bb39
u02-s011-v003,question,optionAnalysis[2].reason,7,13,c267a96e917249dc6f3873880c3f02b32b77f6b74b2143ba45190811bfe07ee4
u02-s011-v003,question,optionAnalysis[3].choice,4,4,300d7e571fc18adc83696c29ea4a6e9627286d4c919808cf1aa156b0c855f1df
u02-s011-v003,question,optionAnalysis[3].reason,5,13,868f24b4e1028469ef0473a9ebfbde6dc253a7f8f7011d5a23b14df52e6ce0e8
u02-s011-v003,question,commonMistake,8,24,b784d88637d63c1ec9f7ed2353d59ef1d3d55f4ae5a20e134691979180af034c
u02-s011-v003,question,concept,12,36,1ad3f474128d3c863ccf8f159ad95790740be092bef11f8afd48fbc9b5af3671
u02-s011-v003,question,tags[0],3,9,fd41540cbdbecb9b5fa7116d27c68e378548ab62ab7c7ca4494730a81ea87667
u02-s011-v003,question,tags[1],7,21,aa0dd0d911d104efdd1562d20b774c7833a234aaa48ac000917ca06ea5ef7c89
u02-s011-v003,question,tags[2],5,5,fbb7b5bf4ca348eeeebf8cc3660712859a5a1fbf18e83217a57ce203fb51d5c2
u02-s011-v003,question,estimatedTimeSec,2,2,39fa9ec190eee7b6f4dff1100d6343e10918d044c75eac8f9e9a2596173f80c9
u02-s011-v003,question,prerequisiteSkillIds[0],24,24,8f1805dee4ff6e15caf4ab28d956952d0e8c3b744bb93c282f20e4ab2a51767a
u02-s011-v003,question,authoringIntent,7,21,79e9231e4f28f1846fa85ca395a918e966d8d6526a5e5cd9c3bfd54b36b4c939
u02-s011-v003,question,reviewStatus,22,22,ec809598e2f7fcc69fad54c9cd045bba62b4a0dc7c0ff90d4efdc3788c9ad8fb
u02-s011-v003,question,contentSha256,64,64,92fa128ae56628a268472874ec11f49dea0b8cf5ef641da1f6d797eb4a3697df
u02-s011-v003,question,contentAuthority,25,25,ed40f75ffe3d6ad4e71f6e7919d063410490de360edb425965eccd605ca9d79e
u02-s011-v004,question,questionId,13,13,1fff74806c84683603554cd15861a3982a95aa1c9c912688f98a2bd062cf617b
u02-s011-v004,question,unitId,3,3,95b6504a8bd60df3a9a19ef2c504ac03429b325e9b81f0d701d07bdf6def6afb
u02-s011-v004,question,topicId,16,16,66e703817676a7ab7aa5a3dd6de79c75ae4590ebd2b1cf827c0f3445df800ee6
u02-s011-v004,question,skillId,21,21,b97edefce07bf8907bdb22975ca63120b07231b12a448d21443236b4df7862f1
u02-s011-v004,question,difficulty,8,8,fe6d3468cf5c74d8ec2a95b40f2e05338c37a4202f8fad692d2b64a9cf9b468a
u02-s011-v004,question,type,2,2,6bc0f9c4ecb0acbebf1b9f6c816bdd66f4885f67c917d9e141cf893014fba936
u02-s011-v004,question,visualMode,9,9,9c7d54b0bf7a9369d8594201c7b11955514343809d09fbec33966c1fd9794015
u02-s011-v004,question,sourceScope,19,19,a4b669ddb8ef1883391c07a7b633f12eeaeecee7ec37c09eea4931aff6644346
u02-s011-v004,question,text,40,108,086a7ec9929041cef94defed2bad68719b9fdf355cf1ba67bc1525f47f3ad12d
u02-s011-v004,question,choices[0],16,28,4573bfd458ae8adbe65743f0a90217db58db61576ff6b4e68eda8659762c3632
u02-s011-v004,question,choices[1],16,28,9a2db3b992c30254fbd9efbf91acbd4221f29e67fb49e78e74ad970023ead63b
u02-s011-v004,question,choices[2],16,28,4e97a8afb00daf24f821243dfe42eb1b11d74f08270ea3e3cb1571632259c893
u02-s011-v004,question,choices[3],16,28,9d2dd7778b56e95ba92a918129abfa2b77f2ad1c0b1e7d2a67b4275dc32cabdf
u02-s011-v004,question,explanation,50,107,e7db01ab5a2eda498e3b2015e2933481830073981249b6427985b0c173c3ca90
u02-s011-v004,question,steps[0],23,34,a00317451b79ca8074966cb823fa4e87bf0c563a1cc3c4322f1d6e5153e529b5
u02-s011-v004,question,steps[1],14,18,db701c04c3c33ecbf60b0221706403462310a618cae6916807d3ef41132d2f0f
u02-s011-v004,question,steps[2],15,21,181914a9b5b417fcc172907afffb161e8c5b1d3061b0423a47e45c46d9c01fa8
u02-s011-v004,question,optionAnalysis[0].choice,16,28,4573bfd458ae8adbe65743f0a90217db58db61576ff6b4e68eda8659762c3632
u02-s011-v004,question,optionAnalysis[0].reason,20,38,98599dcaf40b307c4d5e9df96b4abec1db52160afe3680a6ae092ee0b25c7a64
u02-s011-v004,question,optionAnalysis[1].choice,16,28,9a2db3b992c30254fbd9efbf91acbd4221f29e67fb49e78e74ad970023ead63b
u02-s011-v004,question,optionAnalysis[1].reason,17,33,5d3dd3a637e066adb8790ae0d0d425f023c3f4dcdeef9c0c7cd4c44fffb9c48d
u02-s011-v004,question,optionAnalysis[2].choice,16,28,4e97a8afb00daf24f821243dfe42eb1b11d74f08270ea3e3cb1571632259c893
u02-s011-v004,question,optionAnalysis[2].reason,17,33,7ba5e25e1aa78ca4e76d3ce3073c83705434ad812e3f26b202aabd1b5b11f806
u02-s011-v004,question,optionAnalysis[3].choice,16,28,9d2dd7778b56e95ba92a918129abfa2b77f2ad1c0b1e7d2a67b4275dc32cabdf
u02-s011-v004,question,optionAnalysis[3].reason,27,49,ceda588cf37164b06e709ce450d0f7a6749f2e2267d77339d2c727574aee19cb
u02-s011-v004,question,commonMistake,18,46,900fd47590462c42b56c04a5709e41150767334c365ccc203b398449b2f5b91b
u02-s011-v004,question,concept,25,75,0b02ab7ec1046e1d79750310ae69927d8e090ea4ef4ce1de4bfb942d22846b65
u02-s011-v004,question,tags[0],3,9,fd41540cbdbecb9b5fa7116d27c68e378548ab62ab7c7ca4494730a81ea87667
u02-s011-v004,question,tags[1],7,21,aa0dd0d911d104efdd1562d20b774c7833a234aaa48ac000917ca06ea5ef7c89
u02-s011-v004,question,tags[2],8,8,fe6d3468cf5c74d8ec2a95b40f2e05338c37a4202f8fad692d2b64a9cf9b468a
u02-s011-v004,question,estimatedTimeSec,2,2,39fa9ec190eee7b6f4dff1100d6343e10918d044c75eac8f9e9a2596173f80c9
u02-s011-v004,question,prerequisiteSkillIds[0],24,24,8f1805dee4ff6e15caf4ab28d956952d0e8c3b744bb93c282f20e4ab2a51767a
u02-s011-v004,question,authoringIntent,13,39,643108b28032bccd7eb17613809a1b05fa728a8c1cbf4f4d29fea1f97297abea
u02-s011-v004,question,reviewStatus,22,22,ec809598e2f7fcc69fad54c9cd045bba62b4a0dc7c0ff90d4efdc3788c9ad8fb
u02-s011-v004,question,contentSha256,64,64,80c8b568dfd4c7de03db2f3ec3d76e2455633882fec2779e3a053d81fdfda675
u02-s011-v004,question,contentAuthority,25,25,ed40f75ffe3d6ad4e71f6e7919d063410490de360edb425965eccd605ca9d79e
u02-s011-v005,question,questionId,13,13,cd2b5f9dec65fd0eb2c32c9db20ebc6bceffe6d1c2230e97ed6a6dbd09d49e8a
u02-s011-v005,question,unitId,3,3,95b6504a8bd60df3a9a19ef2c504ac03429b325e9b81f0d701d07bdf6def6afb
u02-s011-v005,question,topicId,16,16,66e703817676a7ab7aa5a3dd6de79c75ae4590ebd2b1cf827c0f3445df800ee6
u02-s011-v005,question,skillId,21,21,b97edefce07bf8907bdb22975ca63120b07231b12a448d21443236b4df7862f1
u02-s011-v005,question,difficulty,8,8,fe6d3468cf5c74d8ec2a95b40f2e05338c37a4202f8fad692d2b64a9cf9b468a
u02-s011-v005,question,type,2,2,6bc0f9c4ecb0acbebf1b9f6c816bdd66f4885f67c917d9e141cf893014fba936
u02-s011-v005,question,visualMode,9,9,9c7d54b0bf7a9369d8594201c7b11955514343809d09fbec33966c1fd9794015
u02-s011-v005,question,sourceScope,19,19,a4b669ddb8ef1883391c07a7b633f12eeaeecee7ec37c09eea4931aff6644346
u02-s011-v005,question,text,24,60,7d0f2766bfec6d09b0032a30a845188bbb367bbae463ecffd09d1b3c69c7c5d9
u02-s011-v005,question,choices[0],5,7,1786d4361de825509830947fe9a8fda76530e0894220730906b0777e0497307b
u02-s011-v005,question,choices[1],5,7,32ab870c854eef4dbd0f88e3d825e191449b10e34a7f29fa75fc69f26e90d61d
u02-s011-v005,question,choices[2],5,7,b95fb178651f2941cb778e5cb1569e48e584c9695f8fa0c26116616c0ebe3f9c
u02-s011-v005,question,choices[3],5,7,4659828ce83de89de6b63f10762eab7639fbe672746016d27e30ce13e5f0e724
u02-s011-v005,question,explanation,46,100,3c20afa5c9d2b2d3b733f0a9733234f92ef91b02e9c26e7e518cb12f79f998c1
u02-s011-v005,question,steps[0],14,23,26cf9caca32ac200221223bab4c5590dd2c9080a0e7ffc862255959638c78c06
u02-s011-v005,question,steps[1],21,57,751fffe623d9a024e9155ff94c0eec3de4391a1416f019b51ed59ba774df5ecd
u02-s011-v005,question,optionAnalysis[0].choice,5,7,1786d4361de825509830947fe9a8fda76530e0894220730906b0777e0497307b
u02-s011-v005,question,optionAnalysis[0].reason,9,12,d82a123e30498112e875c0cf2be948fe3dcb29d35631bd8fae8601e15a2e1b04
u02-s011-v005,question,optionAnalysis[1].choice,5,7,32ab870c854eef4dbd0f88e3d825e191449b10e34a7f29fa75fc69f26e90d61d
u02-s011-v005,question,optionAnalysis[1].reason,16,27,68eed319ad88dd5511202d3bdcef89724a2989a1c82570f2a1b7bcf7fd0f1bbe
u02-s011-v005,question,optionAnalysis[2].choice,5,7,b95fb178651f2941cb778e5cb1569e48e584c9695f8fa0c26116616c0ebe3f9c
u02-s011-v005,question,optionAnalysis[2].reason,18,46,49c5c188695efcd6a1683093bf0f8aef2d017a828f1346750d5366f71cf1d9ab
u02-s011-v005,question,optionAnalysis[3].choice,5,7,4659828ce83de89de6b63f10762eab7639fbe672746016d27e30ce13e5f0e724
u02-s011-v005,question,optionAnalysis[3].reason,16,27,01cfaa0d00275d59294fbd180614220263247a758be2ad3b2c4d41b4d5bc746e
u02-s011-v005,question,commonMistake,22,60,a1608038d6495afb212dc6ac723822b61796df69a2b819edfeec6f9a8f126f2e
u02-s011-v005,question,concept,22,66,924e659f47d8c277b37eea312fd0be7da3dcc448aed653fa291561108a3ceab9
u02-s011-v005,question,tags[0],3,9,fd41540cbdbecb9b5fa7116d27c68e378548ab62ab7c7ca4494730a81ea87667
u02-s011-v005,question,tags[1],7,21,aa0dd0d911d104efdd1562d20b774c7833a234aaa48ac000917ca06ea5ef7c89
u02-s011-v005,question,tags[2],8,8,fe6d3468cf5c74d8ec2a95b40f2e05338c37a4202f8fad692d2b64a9cf9b468a
u02-s011-v005,question,estimatedTimeSec,2,2,39fa9ec190eee7b6f4dff1100d6343e10918d044c75eac8f9e9a2596173f80c9
u02-s011-v005,question,prerequisiteSkillIds[0],24,24,8f1805dee4ff6e15caf4ab28d956952d0e8c3b744bb93c282f20e4ab2a51767a
u02-s011-v005,question,authoringIntent,16,48,e8cfdfbc748991048463d7d045ad858b9d2e274458a1cce28c81cfda25447768
u02-s011-v005,question,reviewStatus,22,22,ec809598e2f7fcc69fad54c9cd045bba62b4a0dc7c0ff90d4efdc3788c9ad8fb
u02-s011-v005,question,contentSha256,64,64,aedd8b535a0bdd8b0bd6b4b60bba43fb67c3c0fdd4893063fbd8efb3f43a1ebf
u02-s011-v005,question,contentAuthority,25,25,ed40f75ffe3d6ad4e71f6e7919d063410490de360edb425965eccd605ca9d79e
u02-s011-v006,question,questionId,13,13,5a10c145b717b3bda27b56d0244f39e1149d809551f92805a4d793f4eb8d2de5
u02-s011-v006,question,unitId,3,3,95b6504a8bd60df3a9a19ef2c504ac03429b325e9b81f0d701d07bdf6def6afb
u02-s011-v006,question,topicId,16,16,66e703817676a7ab7aa5a3dd6de79c75ae4590ebd2b1cf827c0f3445df800ee6
u02-s011-v006,question,skillId,21,21,b97edefce07bf8907bdb22975ca63120b07231b12a448d21443236b4df7862f1
u02-s011-v006,question,difficulty,8,8,fe6d3468cf5c74d8ec2a95b40f2e05338c37a4202f8fad692d2b64a9cf9b468a
u02-s011-v006,question,type,2,2,6bc0f9c4ecb0acbebf1b9f6c816bdd66f4885f67c917d9e141cf893014fba936
u02-s011-v006,question,visualMode,3,3,acdb1373d1761939cb5daa3332223298529581464a90afae39927e7aef8edd46
u02-s011-v006,question,figureId,17,17,7a6bd054b61354648daf2bb079408f82c34aed06b18a53efe820c04810e57b01
u02-s011-v006,question,sourceScope,19,19,a4b669ddb8ef1883391c07a7b633f12eeaeecee7ec37c09eea4931aff6644346
u02-s011-v006,question,text,52,156,6077121b45dc2f0d29053cf5acc51e2c9266145df36e536a54cf0e3b7e3d778c
u02-s011-v006,question,choices[0],5,7,fff3ba31a89686b9e007f43badf010742606e9d801a99b3b6789bd443e134efb
u02-s011-v006,question,choices[1],5,7,56eebd667e87236bc03e5b0c9e63d468de0c1735a52a256058c454909e016ac8
u02-s011-v006,question,choices[2],5,7,763232e4a15c02b32f7083a94bf98b22f33eaf54f2be7ebbdef73826c724e0bf
u02-s011-v006,question,choices[3],5,7,041493b5e7ffe4aba5ccb7932d107e1f193639c05789e5cd3e775e4aaa396bba
u02-s011-v006,question,explanation,71,173,04b35612c4ffa83e53ffd4acd8d0b5789ca0108b9f0fdf81ab5591e8310d5b83
u02-s011-v006,question,steps[0],12,34,4b515ed9d5369c1033e57c1dd9a80aa5137a417530ca53276bee6e493124ab41
u02-s011-v006,question,steps[1],21,53,2bedc84b034daab2af03b3c2091b7634583de831d6743c2b6d42111971f1fc78
u02-s011-v006,question,steps[2],14,22,b12a706b59e643fb5ba6d04783d629ebb4662d7c14e7e3e3681890eef52d98da
u02-s011-v006,question,optionAnalysis[0].choice,5,7,fff3ba31a89686b9e007f43badf010742606e9d801a99b3b6789bd443e134efb
u02-s011-v006,question,optionAnalysis[0].reason,21,63,119badf86f7d27f54f009405e36dd58922bddd0c116606232f5d07a2ecfcb8c0
u02-s011-v006,question,optionAnalysis[1].choice,5,7,56eebd667e87236bc03e5b0c9e63d468de0c1735a52a256058c454909e016ac8
u02-s011-v006,question,optionAnalysis[1].reason,15,45,45cab07118a763dd996ae5ed9820f2cce7b8bbbaf47d3d8f0de49a87d3c1720a
u02-s011-v006,question,optionAnalysis[2].choice,5,7,763232e4a15c02b32f7083a94bf98b22f33eaf54f2be7ebbdef73826c724e0bf
u02-s011-v006,question,optionAnalysis[2].reason,18,54,0bca962c9e5ace10aa216f1f10ba8542ce639881608d11129374186fc87fbbd8
u02-s011-v006,question,optionAnalysis[3].choice,5,7,041493b5e7ffe4aba5ccb7932d107e1f193639c05789e5cd3e775e4aaa396bba
u02-s011-v006,question,optionAnalysis[3].reason,18,54,1b85fbccdbe8e23548e10c1e7f66dacbdc5684c4b35339cd521b6925a7ade3d7
u02-s011-v006,question,commonMistake,31,93,dee9d2444180da6ce44b98b4378e273622bb4e05f1bd9f8718057069b9209229
u02-s011-v006,question,concept,23,69,c296c0714e10b2c6d4e61c64fb362592ee79e88cef219ce17be904984ddffc08
u02-s011-v006,question,tags[0],3,9,fd41540cbdbecb9b5fa7116d27c68e378548ab62ab7c7ca4494730a81ea87667
u02-s011-v006,question,tags[1],7,21,aa0dd0d911d104efdd1562d20b774c7833a234aaa48ac000917ca06ea5ef7c89
u02-s011-v006,question,tags[2],8,8,fe6d3468cf5c74d8ec2a95b40f2e05338c37a4202f8fad692d2b64a9cf9b468a
u02-s011-v006,question,estimatedTimeSec,2,2,39fa9ec190eee7b6f4dff1100d6343e10918d044c75eac8f9e9a2596173f80c9
u02-s011-v006,question,prerequisiteSkillIds[0],24,24,8f1805dee4ff6e15caf4ab28d956952d0e8c3b744bb93c282f20e4ab2a51767a
u02-s011-v006,question,authoringIntent,23,69,911f6590e58a571a03aec062cd433437a2bb7abfc35028093ef03c9b9304ad05
u02-s011-v006,question,reviewStatus,22,22,ec809598e2f7fcc69fad54c9cd045bba62b4a0dc7c0ff90d4efdc3788c9ad8fb
u02-s011-v006,question,contentSha256,64,64,ee4800e288f4f9193d85b73331e240460bbab84918bcb5d559d139d6ab22145a
u02-s011-v006,question,contentAuthority,25,25,ed40f75ffe3d6ad4e71f6e7919d063410490de360edb425965eccd605ca9d79e
u02-s011-v007,question,questionId,13,13,02dea813307e01a98c4ff79c83ab815aa322ba6d1afdf069b2a3a64769f54171
u02-s011-v007,question,unitId,3,3,95b6504a8bd60df3a9a19ef2c504ac03429b325e9b81f0d701d07bdf6def6afb
u02-s011-v007,question,topicId,16,16,66e703817676a7ab7aa5a3dd6de79c75ae4590ebd2b1cf827c0f3445df800ee6
u02-s011-v007,question,skillId,21,21,b97edefce07bf8907bdb22975ca63120b07231b12a448d21443236b4df7862f1
u02-s011-v007,question,difficulty,8,8,d21f85ea38166303ce58e06134b5cc4a5c900c409ab2a500ff7c9225109a09bb
u02-s011-v007,question,type,2,2,6bc0f9c4ecb0acbebf1b9f6c816bdd66f4885f67c917d9e141cf893014fba936
u02-s011-v007,question,visualMode,9,9,9c7d54b0bf7a9369d8594201c7b11955514343809d09fbec33966c1fd9794015
u02-s011-v007,question,sourceScope,19,19,a4b669ddb8ef1883391c07a7b633f12eeaeecee7ec37c09eea4931aff6644346
u02-s011-v007,question,text,22,40,7fd8c505a5015fbd110b3eee46fe2109642f83b743c324fe587b898290d26c84
u02-s011-v007,question,choices[0],1,1,6b86b273ff34fce19d6b804eff5a3f5747ada4eaa22f1d49c01e52ddb7875b4b
u02-s011-v007,question,choices[1],1,1,d4735e3a265e16eee03f59718b9b5d03019c07d8b6c51f90da3a666eec13ab35
u02-s011-v007,question,choices[2],1,1,4e07408562bedb8b60ce05c1decfe3ad16b72230967de01f640b7e4729b49fce
u02-s011-v007,question,choices[3],1,1,4b227777d4dd1fc61c6f884f48641d02b4d121d3fd328cb08b5531fcacdabf8a
u02-s011-v007,question,explanation,46,90,4326f0d633d061bb8173feaa2d5c6997aa5c6f742c668f9cf61dfae07502c898
u02-s011-v007,question,steps[0],14,16,4b9dc3fbe05b50b2f1e36e78aa452dda04a0d1760353e99dcab5fb071a75f684
u02-s011-v007,question,steps[1],13,19,3dd2c13a9912fb32552fbc03643a6ef67b690c62e4d160671405b4e2d58c6681
u02-s011-v007,question,optionAnalysis[0].choice,1,1,6b86b273ff34fce19d6b804eff5a3f5747ada4eaa22f1d49c01e52ddb7875b4b
u02-s011-v007,question,optionAnalysis[0].reason,10,16,308cf4d2c002441758e573039a6f9b4262840deb0961c49f3f60b709c68186ce
u02-s011-v007,question,optionAnalysis[1].choice,1,1,d4735e3a265e16eee03f59718b9b5d03019c07d8b6c51f90da3a666eec13ab35
u02-s011-v007,question,optionAnalysis[1].reason,10,16,0d9e185fbf7ffe0c0fe844f426a7016dbd5eae1610e474d7187866e0b422f53e
u02-s011-v007,question,optionAnalysis[2].choice,1,1,4e07408562bedb8b60ce05c1decfe3ad16b72230967de01f640b7e4729b49fce
u02-s011-v007,question,optionAnalysis[2].reason,9,13,2afe5d66283f80c3a1b0cec78204228c236fbcb6af607fc698b0ca0222b66811
u02-s011-v007,question,optionAnalysis[3].choice,1,1,4b227777d4dd1fc61c6f884f48641d02b4d121d3fd328cb08b5531fcacdabf8a
u02-s011-v007,question,optionAnalysis[3].reason,9,13,6dcca89e914d57fc9541837ff1be00fef915dc11cf1052f02e182f32ea0b6864
u02-s011-v007,question,commonMistake,23,55,bd13e0a4af42b7ce28be1857368363aa71ad7d8f2cf44da2e95980c2278f9365
u02-s011-v007,question,concept,12,36,f62661b5a37f5e7304a14a5c01f4893950db56987056fed5a78cc343f5fb8cc9
u02-s011-v007,question,tags[0],3,9,fd41540cbdbecb9b5fa7116d27c68e378548ab62ab7c7ca4494730a81ea87667
u02-s011-v007,question,tags[1],7,21,aa0dd0d911d104efdd1562d20b774c7833a234aaa48ac000917ca06ea5ef7c89
u02-s011-v007,question,tags[2],8,8,d21f85ea38166303ce58e06134b5cc4a5c900c409ab2a500ff7c9225109a09bb
u02-s011-v007,question,estimatedTimeSec,2,2,39fa9ec190eee7b6f4dff1100d6343e10918d044c75eac8f9e9a2596173f80c9
u02-s011-v007,question,prerequisiteSkillIds[0],24,24,8f1805dee4ff6e15caf4ab28d956952d0e8c3b744bb93c282f20e4ab2a51767a
u02-s011-v007,question,authoringIntent,11,33,e950e52d4499302a2b4f7ef11af37edf7ce5c602ea8482f202f000e18e819b7b
u02-s011-v007,question,reviewStatus,22,22,ec809598e2f7fcc69fad54c9cd045bba62b4a0dc7c0ff90d4efdc3788c9ad8fb
u02-s011-v007,question,contentSha256,64,64,4aa22dcbb32ff508ecdc10acf9d4039fd5ce4173d26bfddac66b8e8c9a283794
u02-s011-v007,question,contentAuthority,25,25,ed40f75ffe3d6ad4e71f6e7919d063410490de360edb425965eccd605ca9d79e
u02-s011-v008,question,questionId,13,13,019b79308b02688bff49ed9c3d0a5799c544a29b1b921d9f6d9f4054da1a4acf
u02-s011-v008,question,unitId,3,3,95b6504a8bd60df3a9a19ef2c504ac03429b325e9b81f0d701d07bdf6def6afb
u02-s011-v008,question,topicId,16,16,66e703817676a7ab7aa5a3dd6de79c75ae4590ebd2b1cf827c0f3445df800ee6
u02-s011-v008,question,skillId,21,21,b97edefce07bf8907bdb22975ca63120b07231b12a448d21443236b4df7862f1
u02-s011-v008,question,difficulty,8,8,d21f85ea38166303ce58e06134b5cc4a5c900c409ab2a500ff7c9225109a09bb
u02-s011-v008,question,type,2,2,6bc0f9c4ecb0acbebf1b9f6c816bdd66f4885f67c917d9e141cf893014fba936
u02-s011-v008,question,visualMode,9,9,9c7d54b0bf7a9369d8594201c7b11955514343809d09fbec33966c1fd9794015
u02-s011-v008,question,sourceScope,19,19,a4b669ddb8ef1883391c07a7b633f12eeaeecee7ec37c09eea4931aff6644346
u02-s011-v008,question,text,16,34,97ccd6ef73ef3ec179ec17aa841329aef8c2ba39b8676ab7dac87a4a32bfbe19
u02-s011-v008,question,choices[0],5,7,844b0cc484af8d381abc7271004e6115727ec7e35b3ea524ef543c5057e5e899
u02-s011-v008,question,choices[1],5,7,706d74ffe656cf47dd0f61bb43963b347e6e5fe970e05f2fac75a355d742935e
u02-s011-v008,question,choices[2],5,7,4557c05b10960b7263d5ec7209d7ec84a6a334a9df6795b6cb2cd5fe967e792b
u02-s011-v008,question,choices[3],5,7,242a664b31eda3140b5df05de50b1b33d10f9a5cae80e304aeae50c42e702021
u02-s011-v008,question,explanation,51,105,bd9ffcf8afb7834346605b3badb8fbbb1d4cbc39d6f81ed0e6c993e1819dcfee
u02-s011-v008,question,steps[0],11,21,05eb0274b78cfb9f4f50b9acdaed7eca396da65699cad7e595a2b1a5f85a12b1
u02-s011-v008,question,steps[1],17,23,ecb61dd9c2188b8639c3f13c7f970198a889cc64d294fc6baf9047697c52885d
u02-s011-v008,question,optionAnalysis[0].choice,5,7,844b0cc484af8d381abc7271004e6115727ec7e35b3ea524ef543c5057e5e899
u02-s011-v008,question,optionAnalysis[0].reason,5,15,2d741553a07ea72f145ac2b96b599364484eb3f10c19830b5e0fdf061cd64a94
u02-s011-v008,question,optionAnalysis[1].choice,5,7,706d74ffe656cf47dd0f61bb43963b347e6e5fe970e05f2fac75a355d742935e
u02-s011-v008,question,optionAnalysis[1].reason,6,18,fc809f4a1841a3f389a08da51ab0110a3500f9591507adda392aaa12eb0ea494
u02-s011-v008,question,optionAnalysis[2].choice,5,7,4557c05b10960b7263d5ec7209d7ec84a6a334a9df6795b6cb2cd5fe967e792b
u02-s011-v008,question,optionAnalysis[2].reason,7,21,81ad1fd75e940b830bf8d1c5297f020fa4ca3339990ceb56ff906faf8dc596c8
u02-s011-v008,question,optionAnalysis[3].choice,5,7,242a664b31eda3140b5df05de50b1b33d10f9a5cae80e304aeae50c42e702021
u02-s011-v008,question,optionAnalysis[3].reason,8,16,a8ddcdea0501263c4f7f7bf001e33b2095b34d2ec60986ee08f2748305b663a8
u02-s011-v008,question,commonMistake,12,34,046e8c578935236d475d4c49860e4ee8019223058b1faca156ce9f75d1066b21
u02-s011-v008,question,concept,17,49,bacfd0ce09c19103f3151661204cc19771b76aa1c90cbe4d1d01f895a0764394
u02-s011-v008,question,tags[0],3,9,fd41540cbdbecb9b5fa7116d27c68e378548ab62ab7c7ca4494730a81ea87667
u02-s011-v008,question,tags[1],7,21,aa0dd0d911d104efdd1562d20b774c7833a234aaa48ac000917ca06ea5ef7c89
u02-s011-v008,question,tags[2],8,8,d21f85ea38166303ce58e06134b5cc4a5c900c409ab2a500ff7c9225109a09bb
u02-s011-v008,question,estimatedTimeSec,2,2,39fa9ec190eee7b6f4dff1100d6343e10918d044c75eac8f9e9a2596173f80c9
u02-s011-v008,question,prerequisiteSkillIds[0],24,24,8f1805dee4ff6e15caf4ab28d956952d0e8c3b744bb93c282f20e4ab2a51767a
u02-s011-v008,question,authoringIntent,9,27,1206475be6ef970e654b858107b8f3a503f78ffffb7333f816fce587ca749760
u02-s011-v008,question,reviewStatus,22,22,ec809598e2f7fcc69fad54c9cd045bba62b4a0dc7c0ff90d4efdc3788c9ad8fb
u02-s011-v008,question,contentSha256,64,64,191d75c6ea9d4a30731d1ec120badf4f66951f13ad4177b45a359259d5595a82
u02-s011-v008,question,contentAuthority,25,25,ed40f75ffe3d6ad4e71f6e7919d063410490de360edb425965eccd605ca9d79e
u02-s011-v009,question,questionId,13,13,188af3f50759f8fafdd13bd1df2b8bd2cf75c37bd9702f4a3e9e6b75bade6694
u02-s011-v009,question,unitId,3,3,95b6504a8bd60df3a9a19ef2c504ac03429b325e9b81f0d701d07bdf6def6afb
u02-s011-v009,question,topicId,16,16,66e703817676a7ab7aa5a3dd6de79c75ae4590ebd2b1cf827c0f3445df800ee6
u02-s011-v009,question,skillId,21,21,b97edefce07bf8907bdb22975ca63120b07231b12a448d21443236b4df7862f1
u02-s011-v009,question,difficulty,8,8,d21f85ea38166303ce58e06134b5cc4a5c900c409ab2a500ff7c9225109a09bb
u02-s011-v009,question,type,2,2,6bc0f9c4ecb0acbebf1b9f6c816bdd66f4885f67c917d9e141cf893014fba936
u02-s011-v009,question,visualMode,9,9,9c7d54b0bf7a9369d8594201c7b11955514343809d09fbec33966c1fd9794015
u02-s011-v009,question,sourceScope,19,19,a4b669ddb8ef1883391c07a7b633f12eeaeecee7ec37c09eea4931aff6644346
u02-s011-v009,question,text,17,32,f73112ea6d558d2eeceafb647b7bb476b750bc6f9644cab8df2d0dcc3bbdd7dc
u02-s011-v009,question,choices[0],5,7,70460e541a1173cf65da11b434d38791046cdc44884d71f2e639a2e900241e11
u02-s011-v009,question,choices[1],6,8,2fd5b51375a17fba473a3b23615f1d7098e5da40c419f807e803f3c903c43b07
u02-s011-v009,question,choices[2],7,9,f284c3637654a5d511b3d258b78149086fa848ad783582d6a713b3f3de430a30
u02-s011-v009,question,choices[3],6,8,5f8ef5ca64297a176d5f0f29e058b59faedbcf7aa69dda91176280ba99fb15b7
u02-s011-v009,question,explanation,62,109,8ac68bb1cfd16da91805719e4ef0cc7c4b1c2dd11904822fd6344ac5a51542ef
u02-s011-v009,question,steps[0],20,26,8ffcb903f1e81df9eb04583240b5a564aaa24d9bf6a0cc86559d9c50413a84f0
u02-s011-v009,question,steps[1],19,22,904ce8c2fe8ee791bee09f21ddf99670cd7e4953229b77d50c6a20d391b14c5c
u02-s011-v009,question,optionAnalysis[0].choice,5,7,70460e541a1173cf65da11b434d38791046cdc44884d71f2e639a2e900241e11
u02-s011-v009,question,optionAnalysis[0].reason,8,16,3952823fb10f0a59db0568704c5845984a4f5645fc27579fea341ee91ed45d0b
u02-s011-v009,question,optionAnalysis[1].choice,6,8,2fd5b51375a17fba473a3b23615f1d7098e5da40c419f807e803f3c903c43b07
u02-s011-v009,question,optionAnalysis[1].reason,9,27,e083db0d1b9a2496e5eec4dadaaf0243464d77e3303362a67b9df665187e3df8
u02-s011-v009,question,optionAnalysis[2].choice,7,9,f284c3637654a5d511b3d258b78149086fa848ad783582d6a713b3f3de430a30
u02-s011-v009,question,optionAnalysis[2].reason,10,30,e03e72c4464a019e7de0d41e0a723884778410496c70436b0c9468c8c7a54f1f
u02-s011-v009,question,optionAnalysis[3].choice,6,8,5f8ef5ca64297a176d5f0f29e058b59faedbcf7aa69dda91176280ba99fb15b7
u02-s011-v009,question,optionAnalysis[3].reason,7,21,20ac49fa4dcbd132f688ab9f794fe03403acbfb9370cbe7203d993699e0c88d3
u02-s011-v009,question,commonMistake,20,60,aec2023f6bf22364fe6ac74af3791591f6525f621e6eb660a3c4d28a293d058a
u02-s011-v009,question,concept,10,30,8fc0ac261f7310db7dd190ac5fd92d7c090edca5a21b27864511280848998515
u02-s011-v009,question,tags[0],3,9,fd41540cbdbecb9b5fa7116d27c68e378548ab62ab7c7ca4494730a81ea87667
u02-s011-v009,question,tags[1],7,21,aa0dd0d911d104efdd1562d20b774c7833a234aaa48ac000917ca06ea5ef7c89
u02-s011-v009,question,tags[2],8,8,d21f85ea38166303ce58e06134b5cc4a5c900c409ab2a500ff7c9225109a09bb
u02-s011-v009,question,estimatedTimeSec,2,2,39fa9ec190eee7b6f4dff1100d6343e10918d044c75eac8f9e9a2596173f80c9
u02-s011-v009,question,prerequisiteSkillIds[0],24,24,8f1805dee4ff6e15caf4ab28d956952d0e8c3b744bb93c282f20e4ab2a51767a
u02-s011-v009,question,authoringIntent,6,18,b089a7f281da05de181c844800853ff18c995bb9e342925fb0b089ebe424234e
u02-s011-v009,question,reviewStatus,22,22,ec809598e2f7fcc69fad54c9cd045bba62b4a0dc7c0ff90d4efdc3788c9ad8fb
u02-s011-v009,question,contentSha256,64,64,c04cada48a071bed2bb247a0560195d41ac87619906468cd25c22594df31b1f4
u02-s011-v009,question,contentAuthority,25,25,ed40f75ffe3d6ad4e71f6e7919d063410490de360edb425965eccd605ca9d79e
u02-s011-v010,question,questionId,13,13,8345567cf3d07aca969d4132df2a50ed531840f1579cce79035fe4b8b0f31ce0
u02-s011-v010,question,unitId,3,3,95b6504a8bd60df3a9a19ef2c504ac03429b325e9b81f0d701d07bdf6def6afb
u02-s011-v010,question,topicId,16,16,66e703817676a7ab7aa5a3dd6de79c75ae4590ebd2b1cf827c0f3445df800ee6
u02-s011-v010,question,skillId,21,21,b97edefce07bf8907bdb22975ca63120b07231b12a448d21443236b4df7862f1
u02-s011-v010,question,difficulty,8,8,578756ca4aa16d8872610a5aaa78460fd30fbe93379ff7284fe65d66ca606755
u02-s011-v010,question,type,2,2,6bc0f9c4ecb0acbebf1b9f6c816bdd66f4885f67c917d9e141cf893014fba936
u02-s011-v010,question,visualMode,9,9,9c7d54b0bf7a9369d8594201c7b11955514343809d09fbec33966c1fd9794015
u02-s011-v010,question,sourceScope,19,19,a4b669ddb8ef1883391c07a7b633f12eeaeecee7ec37c09eea4931aff6644346
u02-s011-v010,question,text,30,66,661f286c8a7736ab5591c288488d653185280f59b915c13df786b13eef226006
u02-s011-v010,question,choices[0],8,14,acac2a894232fbc6512e81e894bb6b9fdcddf23e69bb5c5fd14215e67f62ef2d
u02-s011-v010,question,choices[1],8,14,435b38d1ee3824b4ed807d77716f8ed687b8886e793b50e508af1ac2e707f09f
u02-s011-v010,question,choices[2],8,14,e093197a35413ab8034a2f942c95285d97cb41fe3c034a8919d37aebf1189bb9
u02-s011-v010,question,choices[3],8,14,13180eb2f809079dd52528779a84b6b950940307eb52e22eea4d8f8602c1a6bf
u02-s011-v010,question,explanation,70,134,be99b3bb5210321b2c5bcb49748d92cb031180f6733f1f437c5c7b9517428e8b
u02-s011-v010,question,steps[0],11,15,1892c98589a5f907e53fe0c4b9260e7decf2841ecaa3780c225810a347da4f75
u02-s011-v010,question,steps[1],33,51,5116019a1a635eecc7036c8f6b3d76c1245f2868d73dcca6c444bce6fdb54b78
u02-s011-v010,question,optionAnalysis[0].choice,8,14,acac2a894232fbc6512e81e894bb6b9fdcddf23e69bb5c5fd14215e67f62ef2d
u02-s011-v010,question,optionAnalysis[0].reason,8,24,8f2242a9db4318040b981cf220d8e3e3215228cf284ebaf737f595931c5636b0
u02-s011-v010,question,optionAnalysis[1].choice,8,14,435b38d1ee3824b4ed807d77716f8ed687b8886e793b50e508af1ac2e707f09f
u02-s011-v010,question,optionAnalysis[1].reason,8,16,5d88d775714210899bd2406774c38079a78f9cb9e5d521dae0a01758c9210d92
u02-s011-v010,question,optionAnalysis[2].choice,8,14,e093197a35413ab8034a2f942c95285d97cb41fe3c034a8919d37aebf1189bb9
u02-s011-v010,question,optionAnalysis[2].reason,6,16,974d1e4c4e2c66186766d18d527b0bc5e7a31f95765692904a4e88edf0e9cca2
u02-s011-v010,question,optionAnalysis[3].choice,8,14,13180eb2f809079dd52528779a84b6b950940307eb52e22eea4d8f8602c1a6bf
u02-s011-v010,question,optionAnalysis[3].reason,6,18,c4394a29a7f3004a18e0e35ec4bc3c8ce3aa29bdcbedba7c9320123fe5906ca3
u02-s011-v010,question,commonMistake,21,51,3ffec1134f9f17191f36a730b70ebac87e6c729375a3e3ade407af2643bb2865
u02-s011-v010,question,concept,14,40,a3319fe8dd6ba3b5abca00e920907ced269f70df7b487559fe39a891cc02eb3a
u02-s011-v010,question,tags[0],3,9,fd41540cbdbecb9b5fa7116d27c68e378548ab62ab7c7ca4494730a81ea87667
u02-s011-v010,question,tags[1],7,21,aa0dd0d911d104efdd1562d20b774c7833a234aaa48ac000917ca06ea5ef7c89
u02-s011-v010,question,tags[2],8,8,578756ca4aa16d8872610a5aaa78460fd30fbe93379ff7284fe65d66ca606755
u02-s011-v010,question,estimatedTimeSec,2,2,39fa9ec190eee7b6f4dff1100d6343e10918d044c75eac8f9e9a2596173f80c9
u02-s011-v010,question,prerequisiteSkillIds[0],24,24,8f1805dee4ff6e15caf4ab28d956952d0e8c3b744bb93c282f20e4ab2a51767a
u02-s011-v010,question,authoringIntent,6,18,b7f5eef9fe181d48a444e565a109512728b1f105696de6d2890d86d34271183d
u02-s011-v010,question,literacyContextNecessity,28,84,dca01e64c5b0ccc5b487d6414a2f0499cce2a2e20e69eb7fc993ea1925ed3211
u02-s011-v010,question,reviewStatus,22,22,ec809598e2f7fcc69fad54c9cd045bba62b4a0dc7c0ff90d4efdc3788c9ad8fb
u02-s011-v010,question,contentSha256,64,64,8a21c03efbc3c7f13440f06365e576879cf688a9d9b1dfa2eb7e9fe1cc78b373
u02-s011-v010,question,contentAuthority,25,25,ed40f75ffe3d6ad4e71f6e7919d063410490de360edb425965eccd605ca9d79e
u02-s011-v011,question,questionId,13,13,45e46091388506f3a77f174131e299fcadb20afccc048a84e71d70f38da33109
u02-s011-v011,question,unitId,3,3,95b6504a8bd60df3a9a19ef2c504ac03429b325e9b81f0d701d07bdf6def6afb
u02-s011-v011,question,topicId,16,16,66e703817676a7ab7aa5a3dd6de79c75ae4590ebd2b1cf827c0f3445df800ee6
u02-s011-v011,question,skillId,21,21,b97edefce07bf8907bdb22975ca63120b07231b12a448d21443236b4df7862f1
u02-s011-v011,question,difficulty,8,8,578756ca4aa16d8872610a5aaa78460fd30fbe93379ff7284fe65d66ca606755
u02-s011-v011,question,type,2,2,6bc0f9c4ecb0acbebf1b9f6c816bdd66f4885f67c917d9e141cf893014fba936
u02-s011-v011,question,visualMode,9,9,9c7d54b0bf7a9369d8594201c7b11955514343809d09fbec33966c1fd9794015
u02-s011-v011,question,sourceScope,19,19,a4b669ddb8ef1883391c07a7b633f12eeaeecee7ec37c09eea4931aff6644346
u02-s011-v011,question,text,29,71,03c413b4c8636e95d4862475fbc3567da3ab349cda6de67748ad9b3d5944d6e5
u02-s011-v011,question,choices[0],5,7,1a43adfb055e24689b580fc5cdd911e1653eca249c051abb210d1e0475759171
u02-s011-v011,question,choices[1],5,7,dd5d7591e65e43c4c2e3d719119f4d2434fc997863fcc45b690b79af2917a6a7
u02-s011-v011,question,choices[2],1,1,ef2d127de37b942baad06145e54b0c619a1f22327b2ebbcfbec78f5564afe39d
u02-s011-v011,question,choices[3],5,7,2c057dc7894a84cb35579cd3e2b358c9a19dcaa8bba2c920d001ee746d575955
u02-s011-v011,question,explanation,35,74,890d5af00c45ee8522a4ee1368c12a8381f8174bbde6a331a1f202178b3b1913
u02-s011-v011,question,steps[0],9,11,16f5f6d0441725aaec0840e68f7afa51d2336478570d8b2ff914667251e66aa6
u02-s011-v011,question,steps[1],7,8,f6443c3792e1698af318f86c6f674a46c1f760153e494defbba9b85ff618ccde
u02-s011-v011,question,optionAnalysis[0].choice,5,7,1a43adfb055e24689b580fc5cdd911e1653eca249c051abb210d1e0475759171
u02-s011-v011,question,optionAnalysis[0].reason,9,25,4fb65c339e2d6aadd3555d8ba42ee557c9c90fa7ed071e0de9561b9cfbede20e
u02-s011-v011,question,optionAnalysis[1].choice,5,7,dd5d7591e65e43c4c2e3d719119f4d2434fc997863fcc45b690b79af2917a6a7
u02-s011-v011,question,optionAnalysis[1].reason,7,21,5d8acda14f653177c7c24ae23b2d406c140780973a58d733d22a8c1b84845975
u02-s011-v011,question,optionAnalysis[2].choice,1,1,ef2d127de37b942baad06145e54b0c619a1f22327b2ebbcfbec78f5564afe39d
u02-s011-v011,question,optionAnalysis[2].reason,9,25,d1c11a3b892e0a7db00f5f6d92dc6a317b0b11007005fb8ed37d022475a518a3
u02-s011-v011,question,optionAnalysis[3].choice,5,7,2c057dc7894a84cb35579cd3e2b358c9a19dcaa8bba2c920d001ee746d575955
u02-s011-v011,question,optionAnalysis[3].reason,6,12,f923695e5d69b959797c769c58f64d0bc1e9e21dfef5b3646de3b8f84fafef6f
u02-s011-v011,question,commonMistake,14,42,96c5969d882fa3c385d598ee1c23d9bd610eb0d646759e29cbbde039a22808b0
u02-s011-v011,question,concept,15,45,5b57a56e2bc0648ef178758160f84cab95e2805a4053676379ee30e1ed73f22b
u02-s011-v011,question,tags[0],3,9,fd41540cbdbecb9b5fa7116d27c68e378548ab62ab7c7ca4494730a81ea87667
u02-s011-v011,question,tags[1],7,21,aa0dd0d911d104efdd1562d20b774c7833a234aaa48ac000917ca06ea5ef7c89
u02-s011-v011,question,tags[2],8,8,578756ca4aa16d8872610a5aaa78460fd30fbe93379ff7284fe65d66ca606755
u02-s011-v011,question,estimatedTimeSec,2,2,39fa9ec190eee7b6f4dff1100d6343e10918d044c75eac8f9e9a2596173f80c9
u02-s011-v011,question,prerequisiteSkillIds[0],24,24,8f1805dee4ff6e15caf4ab28d956952d0e8c3b744bb93c282f20e4ab2a51767a
u02-s011-v011,question,authoringIntent,6,18,558d58208b58ea267c70c794f94bf6c970e391be132da658a8c5232302160623
u02-s011-v011,question,literacyContextNecessity,26,78,7d9323525155328d80a2ce9aa69aed42627d1d1b23b0ef345682a80005caf169
u02-s011-v011,question,reviewStatus,22,22,ec809598e2f7fcc69fad54c9cd045bba62b4a0dc7c0ff90d4efdc3788c9ad8fb
u02-s011-v011,question,contentSha256,64,64,e1fd0464cfd2e431ada2120f5b7fa6087bc5f37dbd39a1b33d79d194ba45c1cd
u02-s011-v011,question,contentAuthority,25,25,ed40f75ffe3d6ad4e71f6e7919d063410490de360edb425965eccd605ca9d79e
u02-s011-v012,question,questionId,13,13,724505ecdd0bc8dff6632553d9bce9894834546aefac872a68a348d605ae4e23
u02-s011-v012,question,unitId,3,3,95b6504a8bd60df3a9a19ef2c504ac03429b325e9b81f0d701d07bdf6def6afb
u02-s011-v012,question,topicId,16,16,66e703817676a7ab7aa5a3dd6de79c75ae4590ebd2b1cf827c0f3445df800ee6
u02-s011-v012,question,skillId,21,21,b97edefce07bf8907bdb22975ca63120b07231b12a448d21443236b4df7862f1
u02-s011-v012,question,difficulty,8,8,578756ca4aa16d8872610a5aaa78460fd30fbe93379ff7284fe65d66ca606755
u02-s011-v012,question,type,2,2,6bc0f9c4ecb0acbebf1b9f6c816bdd66f4885f67c917d9e141cf893014fba936
u02-s011-v012,question,visualMode,9,9,9c7d54b0bf7a9369d8594201c7b11955514343809d09fbec33966c1fd9794015
u02-s011-v012,question,sourceScope,19,19,a4b669ddb8ef1883391c07a7b633f12eeaeecee7ec37c09eea4931aff6644346
u02-s011-v012,question,text,33,75,7b3c0c7f7d88af3848b97e7f5125ccd9f941389bcb30d96319757af7825d070b
u02-s011-v012,question,choices[0],5,7,56eebd667e87236bc03e5b0c9e63d468de0c1735a52a256058c454909e016ac8
u02-s011-v012,question,choices[1],5,7,0f1f41dc0929c0bd0ae7cbb642d797130bde77f077b71a2ec78dc69b92ca1d72
u02-s011-v012,question,choices[2],5,7,60b9421530f988a37960d9f1a7fa1a5e916b4ab9fff4e5fa318798a20bce5eae
u02-s011-v012,question,choices[3],5,7,3133f2a274a11a18c5040f058c437e34127b99a607cd13868d4adfcc78743f63
u02-s011-v012,question,explanation,61,121,6d95198e26f574b42a307919c7367c7dc08ca8fa9ecfbaa0d84a120c7303d235
u02-s011-v012,question,steps[0],11,15,041639d2516a20aa6f4632ff2e41701ce5c30d66f15344da10f5846111e4aec3
u02-s011-v012,question,steps[1],27,45,563a3d0561ee740205ee85e5e9f19e3b5194208000926b35e65876a3f5da0bc6
u02-s011-v012,question,optionAnalysis[0].choice,5,7,56eebd667e87236bc03e5b0c9e63d468de0c1735a52a256058c454909e016ac8
u02-s011-v012,question,optionAnalysis[0].reason,6,18,43e82a9d28a79c95e30a2f50b6f4adbeca2fad5af123988cebe11bdf43460769
u02-s011-v012,question,optionAnalysis[1].choice,5,7,0f1f41dc0929c0bd0ae7cbb642d797130bde77f077b71a2ec78dc69b92ca1d72
u02-s011-v012,question,optionAnalysis[1].reason,5,15,53f4f563adbf7506dcb24ad87077bd7a3bc96f91da815bb169c95a59e14f8d4d
u02-s011-v012,question,optionAnalysis[2].choice,5,7,60b9421530f988a37960d9f1a7fa1a5e916b4ab9fff4e5fa318798a20bce5eae
u02-s011-v012,question,optionAnalysis[2].reason,6,18,1c37ea57fe6a5cc6b4eb22b6f49d01fc0face1229f15eff835219b7c9326f669
u02-s011-v012,question,optionAnalysis[3].choice,5,7,3133f2a274a11a18c5040f058c437e34127b99a607cd13868d4adfcc78743f63
u02-s011-v012,question,optionAnalysis[3].reason,8,16,183378aa850c9ae0749be7677b4207dea73949a20cd96171035b144f4e3bffcc
u02-s011-v012,question,commonMistake,12,24,1f883ca35d3d39cc661a07aab73026ce919b2c23568b5ce067ab7b4b90606588
u02-s011-v012,question,concept,15,43,edc68b2e59e65d8a9910568acfb3a27d4575d16464bca98fb449e2119c1f5800
u02-s011-v012,question,tags[0],3,9,fd41540cbdbecb9b5fa7116d27c68e378548ab62ab7c7ca4494730a81ea87667
u02-s011-v012,question,tags[1],7,21,aa0dd0d911d104efdd1562d20b774c7833a234aaa48ac000917ca06ea5ef7c89
u02-s011-v012,question,tags[2],8,8,578756ca4aa16d8872610a5aaa78460fd30fbe93379ff7284fe65d66ca606755
u02-s011-v012,question,estimatedTimeSec,2,2,39fa9ec190eee7b6f4dff1100d6343e10918d044c75eac8f9e9a2596173f80c9
u02-s011-v012,question,prerequisiteSkillIds[0],24,24,8f1805dee4ff6e15caf4ab28d956952d0e8c3b744bb93c282f20e4ab2a51767a
u02-s011-v012,question,authoringIntent,5,15,5f1555d9ef185003b849e3f79a839bf77db0d838cd9c498e375dc45d78330acb
u02-s011-v012,question,literacyContextNecessity,44,132,74fa16f60279823c13610bc993f6109189b515da6b26b66ef9573a77fdb99124
u02-s011-v012,question,reviewStatus,22,22,ec809598e2f7fcc69fad54c9cd045bba62b4a0dc7c0ff90d4efdc3788c9ad8fb
u02-s011-v012,question,contentSha256,64,64,1f565867b1d3bb177a7506ad5327bbe8cc8194e7df581613aa77c5020feead6e
u02-s011-v012,question,contentAuthority,25,25,ed40f75ffe3d6ad4e71f6e7919d063410490de360edb425965eccd605ca9d79e
u02-s011-cr001,question,questionId,14,14,d840b99fc01d7f839208073f6159027fcd9e4a7ac952b8e4c73483637edf86fb
u02-s011-cr001,question,unitId,3,3,95b6504a8bd60df3a9a19ef2c504ac03429b325e9b81f0d701d07bdf6def6afb
u02-s011-cr001,question,topicId,16,16,66e703817676a7ab7aa5a3dd6de79c75ae4590ebd2b1cf827c0f3445df800ee6
u02-s011-cr001,question,skillId,21,21,b97edefce07bf8907bdb22975ca63120b07231b12a448d21443236b4df7862f1
u02-s011-cr001,question,difficulty,8,8,fe6d3468cf5c74d8ec2a95b40f2e05338c37a4202f8fad692d2b64a9cf9b468a
u02-s011-cr001,question,type,20,20,e519496c259191db041ac61161dbfadb673dd94a10a123ed7423adcf7968ae7c
u02-s011-cr001,question,visualMode,9,9,9c7d54b0bf7a9369d8594201c7b11955514343809d09fbec33966c1fd9794015
u02-s011-cr001,question,prompt,32,76,5dd773789d45b683a3869b9136d26b064157a906e5bc4f564963843b326a7ebf
u02-s011-cr001,question,requiredWork[0],5,15,9d92dfe2f27984f5f779961833265d15d35b823590e4a337efb2ec99a62cceae
u02-s011-cr001,question,requiredWork[1],9,27,c00563027968d75dd83c325f46bef088ed5e970f5aa7cbd1fce655035b147787
u02-s011-cr001,question,fullCreditSolution[0],36,50,8001898aafaf252609b3c664728a429ca21b4f2f99ab1e69cd7a6841ca824584
u02-s011-cr001,question,fullCreditSolution[1],36,64,107d44dd6c9f34143a9dfbab16de7f72eb05e88220301bededd7dd0a047efb74
u02-s011-cr001,question,alternativeSolutions[0],10,30,0274b20732e995c17efb3f20e3192c44a18e3d887b4e994ebf24c8e0d0dd8336
u02-s011-cr001,question,rubric[0].criteria,14,34,4875be4f4cc6fc201d97ec8a72fe1828b8f634a3b7cbeef206ae4e45de2823c9
u02-s011-cr001,question,rubric[1].criteria,12,36,e940cdf785361857f95ab13ae2959b05f9728f20fcca9c0adcf73b5c2335374a
u02-s011-cr001,question,rubric[2].criteria,13,39,ceb94f8a0c5c3ff23020e8632ce6af03f2725dc97aef099ff72effd241f14fda
u02-s011-cr001,question,rubric[3].criteria,9,27,cf7557ea06f120f0411c15f5dc1409b60946a1d399c2715465691ad4457e8836
u02-s011-cr001,question,scoringNotes[0],26,64,64f217e3bf1816b37098ffdbe138c5b4c65d2e376178f5ee75831a16b13d5cd5
u02-s011-cr001,question,commonErrors[0],23,53,ced58b7169027a96c61c708605d5feb30505417d48e76722278f40abc300a6a7
u02-s011-cr001,question,commonErrors[1],32,84,af81118fc560ae1b7b0dd4d5bb2b61308db5b81aaeab085cb4e229e181813ce6
u02-s011-cr001,question,commonErrors[2],12,24,e4e7d798b308d470686f80e4ef8f51c763f125613663c11a8c28f0f71eee3a27
u02-s011-cr001,question,independentReview.derivedResult,6,10,b906172be00ebec3a69bba2d0150b663d1e9208ac901f699116de903d44a8a2d
u02-s011-cr001,question,independentReview.ambiguity,13,39,a002cc7730a51394b314637b0319ebef4fcc15c200e373b3295a24c89981de0a
u02-s011-cr001,question,independentReview.decision,4,4,d74ff0ee8da3b9806b18c877dbf29bbde50b5bd8e4dad7a3a725000feb82e8f1
u02-s011-cr001,question,contentSha256,64,64,27f991f781ba6a34f6a062560dc46d4165d75620d7b2e3968c6a5ec48cee1766
u02-s011-cr001,question,contentAuthority,25,25,ed40f75ffe3d6ad4e71f6e7919d063410490de360edb425965eccd605ca9d79e
u02-s011-cr002,question,questionId,14,14,db9243e3aa440317e394adb2c6fb741f477dda94fe638f68cdcaaf82cf762e17
u02-s011-cr002,question,unitId,3,3,95b6504a8bd60df3a9a19ef2c504ac03429b325e9b81f0d701d07bdf6def6afb
u02-s011-cr002,question,topicId,16,16,66e703817676a7ab7aa5a3dd6de79c75ae4590ebd2b1cf827c0f3445df800ee6
u02-s011-cr002,question,skillId,21,21,b97edefce07bf8907bdb22975ca63120b07231b12a448d21443236b4df7862f1
u02-s011-cr002,question,difficulty,8,8,d21f85ea38166303ce58e06134b5cc4a5c900c409ab2a500ff7c9225109a09bb
u02-s011-cr002,question,type,20,20,e519496c259191db041ac61161dbfadb673dd94a10a123ed7423adcf7968ae7c
u02-s011-cr002,question,visualMode,9,9,9c7d54b0bf7a9369d8594201c7b11955514343809d09fbec33966c1fd9794015
u02-s011-cr002,question,prompt,47,109,3576c635243ecf472bd4e178c09d09bc4fa2ca3ca89b63f1ad462e4c377a2081
u02-s011-cr002,question,requiredWork[0],5,15,8cc2115d0a9a51b46a6cbc3cbace9a14e04578501d7f42e2bf01bc493cf234c0
u02-s011-cr002,question,requiredWork[1],5,13,792215e4e9b8aeb439b7f4a41c086f3e13bc1dbf975132db66c9b8f49d7551d7
u02-s011-cr002,question,requiredWork[2],5,15,60124fe5b136d345acc4a9bbae9a0eebc2b9e70db1c7c0fcb60b06db86f0b776
u02-s011-cr002,question,fullCreditSolution[0],37,49,6f466fe52fe12aad6ca3cb9b14f2b076b1df1cd49d0bd494ffd98c9d912181a4
u02-s011-cr002,question,fullCreditSolution[1],23,28,3a151109830d45599356591f9d0801779934497c7bf476e60490cce70c498dc5
u02-s011-cr002,question,alternativeSolutions[0],22,41,a452d6154939cbb09c09f0c6b18098daec663f09a09b072e9b6868ecd3d90cc4
u02-s011-cr002,question,rubric[0].criteria,19,41,ee03d2fdc6abcfa5346c0ea713a2623a0f329290c509390a1d6aa1090de5a137
u02-s011-cr002,question,rubric[1].criteria,11,33,afd489ffeb90da26eade982301f98ba9c5ab8ad9abf9b4a8dd8de54ab5c75207
u02-s011-cr002,question,rubric[2].criteria,11,33,650a8449071504c54ae5d0a2f5b8c67200bc7df4818bf64514edeba79f5c0af5
u02-s011-cr002,question,rubric[3].criteria,8,24,e4d093d8a4e73630bc14206b5012b82f33993e51daa6552fc7250d47a9ff8566
u02-s011-cr002,question,scoringNotes[0],15,43,37b1b39724a42d2aa29c7f937defbd7765041705497eb56738c8415f4af05d77
u02-s011-cr002,question,commonErrors[0],8,22,79e97a7ccc33d9e453eca6740fb72c6b1a8d79f2831e8743f9927efdc1e0b5a5
u02-s011-cr002,question,commonErrors[1],9,27,243a0f778286562243651c3735b12aa73b0eee2238a87a6e370e41de158d9ca8
u02-s011-cr002,question,independentReview.derivedResult,10,22,af54c11c15e82f0c861244791adbc6da3074915d1e13fc2736c38e73d5f705b8
u02-s011-cr002,question,independentReview.ambiguity,13,39,a002cc7730a51394b314637b0319ebef4fcc15c200e373b3295a24c89981de0a
u02-s011-cr002,question,independentReview.decision,4,4,d74ff0ee8da3b9806b18c877dbf29bbde50b5bd8e4dad7a3a725000feb82e8f1
u02-s011-cr002,question,contentSha256,64,64,a5373fab449f1bc89eaae47a62c0ca12ad0d53f92bf9f83d58f56873ee9e0532
u02-s011-cr002,question,contentAuthority,25,25,ed40f75ffe3d6ad4e71f6e7919d063410490de360edb425965eccd605ca9d79e
u02-s013-lecture-r1,lecture,lectureId,19,19,879067ae621836b8ea8fc5a773f02fa75debc4f607897df13e0d22ca1309bc2a
u02-s013-lecture-r1,lecture,unitId,3,3,95b6504a8bd60df3a9a19ef2c504ac03429b325e9b81f0d701d07bdf6def6afb
u02-s013-lecture-r1,lecture,topicId,18,18,9b64ece213e72b22649ca6f5594dcd36414fc3912e7875cecae09e03983a187a
u02-s013-lecture-r1,lecture,skillId,25,25,d11ce5e180a262d2a486c5dc2192b98b9cb20ca4a44a1f52fa2c006b7ac4468e
u02-s013-lecture-r1,lecture,title,29,87,cd93fec1d8df74b14bdf1c191c1c8feec2c948e76bcfa2641edf5f7753e50631
u02-s013-lecture-r1,lecture,audience,10,30,e6b4416fbd9f36797de01256b31a4d6f6314e126fde8495e25792c814f64fc5f
u02-s013-lecture-r1,lecture,reviewStatus,22,22,ec809598e2f7fcc69fad54c9cd045bba62b4a0dc7c0ff90d4efdc3788c9ad8fb
u02-s013-lecture-r1,lecture,learningOutcomes[0],15,45,cba8a0bdfff57bf63fc82d24a1f3a99ab0d9f7544af592580977817913f7d306
u02-s013-lecture-r1,lecture,learningOutcomes[1],15,45,cd6a72ee406871b295810fcba1261f882bfc20186dc8bbaf9dd6cf33b6fbde0a
u02-s013-lecture-r1,lecture,learningOutcomes[2],10,30,830b7cd570337b05195152f0d3e1f4c22d5657fcd70c6518e1f6a671c71fc3b7
u02-s013-lecture-r1,lecture,learningOutcomes[3],19,57,aa09d4b5038e2dfe703ce6ca1b1ba80b489cc06037fe5b393c40a9418399cad5
u02-s013-lecture-r1,lecture,prerequisites[0].skillId,31,31,fb5a8839ea0502fb3bba0d84228e947652ca7b95fc68afd5710256ddd2bf76c0
u02-s013-lecture-r1,lecture,prerequisites[0].requiredLevel,20,60,b646d59d93bc36f2178559b63e4594be88ebb8038c1651b74f8d3ff36d2a74c0
u02-s013-lecture-r1,lecture,glossary[0].term,3,9,859ec1d0077b877f30d34187e7b5be7211c079885a60a1a790da36b99b7285c0
u02-s013-lecture-r1,lecture,glossary[0].definition,11,27,9b61ab40b64779b195c1fcbc8f847ba43e5bd8827281fe9dce81481a2cd15880
u02-s013-lecture-r1,lecture,glossary[1].term,2,6,f8d89f7918561123e30074d0f7c63eb0f4f74d69574fc48fe23d37503326ddf7
u02-s013-lecture-r1,lecture,glossary[1].definition,11,33,abbd341ffd99b3dec2bde710d74a4385aaa017868ff14a5307de03e30a4b9b83
u02-s013-lecture-r1,lecture,glossary[2].term,2,6,dfb0e0c8eef77f65669a46f4c6112707898a54d4cd9abe48a81f8d0c37faa110
u02-s013-lecture-r1,lecture,glossary[2].definition,13,39,eef3fd5969884a7e5cc682fd2e31522690db21c4f99025645dbb04d0b73fa347
u02-s013-lecture-r1,lecture,glossary[3].term,2,6,205f148340dd9dac84f841f0c028cbf0fa9c4a91b9f3f3b6183dd6a079debd82
u02-s013-lecture-r1,lecture,glossary[3].definition,20,48,4304dd59dce09a153b67bccf659858c7651e42d1779361e727d8f9d51a11315d
u02-s013-lecture-r1,lecture,notation[0].symbol,2,2,b8344a4c012c8ee718578fc8830003c73b46943464572a65705797b69362c966
u02-s013-lecture-r1,lecture,notation[0].meaning,6,8,644ac8eaf10c871b62911c864cf96085cbf08c802aa11f3c9cb1d35d6bd813c3
u02-s013-lecture-r1,lecture,notation[1].symbol,3,9,eb7755e19c02754f429840caad930ac7630bed56251e794499b2764bd9b17889
u02-s013-lecture-r1,lecture,notation[1].meaning,7,15,868646bbe8f461046e37ecc9f173b129f9dd4d63f0b5347035b2679f490704f2
u02-s013-lecture-r1,lecture,notation[2].symbol,3,9,6ea2f3b4f8d1d44582b6571a3a0bfad327c143f6380f5db4201f50e2cb639bfc
u02-s013-lecture-r1,lecture,notation[2].meaning,4,6,c09be0a54377890a95ea3dcb6d6c2b15561d540def5c2425e5130efc07e7c98a
u02-s013-lecture-r1,lecture,conceptNarrative[0],9,11,8e7f43167d87e95993e48adc9902f893e5741b0ec6abe634d7fc1c9d1e66ac02
u02-s013-lecture-r1,lecture,conceptNarrative[1],16,38,f84a3f4c58e24e6efe3e92d8a393fe2f9383b4cc4c18ecdd1047bd06c6616ace
u02-s013-lecture-r1,lecture,conceptNarrative[2],22,42,10d293a45f2180ae34ad2664835387cf71ea743a9daeaa8fca8d51a807719541
u02-s013-lecture-r1,lecture,conceptNarrative[3],29,87,7f777d5c6c01dc6ae940caa32e4951302faa05230e85eecd1a7face0599bd960
u02-s013-lecture-r1,lecture,formalDefinitions[0].name,2,6,ec11d9abcf5ad16cb02d6bc6742d2f0718a67ee2e9232b01c3d16a799ce65dfd
u02-s013-lecture-r1,lecture,formalDefinitions[0].statement,9,24,b64667152526e0f0c2bf74f9c1ed14faba48ecb51810e1db5863db904a8d85a1
u02-s013-lecture-r1,lecture,formalDefinitions[1].name,3,9,1072339bb9128699f74169b80b77ffa4b50b670d4beb71110c1d08d585f637c9
u02-s013-lecture-r1,lecture,formalDefinitions[1].statement,9,26,7270233e7b6991b0a0f4db97103906f05ec66e2ef7c3ca242a2ab2446e579d0f
u02-s013-lecture-r1,lecture,formulas[0].formula,8,21,07512b9452279c2c4cd43db18bdf684bae248e0bebf855baf5c0d51df37f5d02
u02-s013-lecture-r1,lecture,formulas[0].conditions[0],9,27,ff14fc8e00efea140e2b4f7a8355c696a5195cb1562e3f5183da68b25eb73e99
u02-s013-lecture-r1,lecture,formulas[0].meaning,5,15,91e44e6e7a32d1762b5a3bcef5e6f470b2abae13d13e5ed4a5e76ccfec3af645
u02-s013-lecture-r1,lecture,formulas[1].formula,11,23,dc04e1597386ccf403018132c787d431697fefa4cb3aa7ab4f75dd74c9c8f12c
u02-s013-lecture-r1,lecture,formulas[1].conditions[0],9,23,7f1e0122379e8bd4fca27da87e0d263aee0854b6585fee990083a226d9a8f68f
u02-s013-lecture-r1,lecture,formulas[1].meaning,5,15,e95cf9f95837237f91d37864e96acd48757d16c4199fac4e62cb1fa7ff4f5bb2
u02-s013-lecture-r1,lecture,nonApplicableCases[0],28,72,67be56f80739945bf7b43b51c3c3f3861607a83b7d617230e7e41e3ab89b5019
u02-s013-lecture-r1,lecture,nonApplicableCases[1],12,36,85307d744c05b192cfa7dcf2b84a4268b0ee04b21a400274a7b9f0f74b291459
u02-s013-lecture-r1,lecture,nonApplicableCases[2],18,54,e0393303a3f9f3b4be18e60d45a00d5bc5ce9ed3f44596660012db29a89f9e76
u02-s013-lecture-r1,lecture,nonApplicableCases[3],15,45,7d2a86d3f4dbab416218f7cd3c1a4b7b8514a223a9805bce8db3fff5a8c3fdb9
u02-s013-lecture-r1,lecture,method[0].instruction,6,18,b6255a2c952c9bf1e4421393d2d29fc45e63ebcd1a7afd49c9d23a0e9d7ab611
u02-s013-lecture-r1,lecture,method[0].check,11,25,80f371acd8df9f4deb5adc039d6faa4f636d78932ff18e91947cbf753c849d25
u02-s013-lecture-r1,lecture,method[1].instruction,15,45,0b51879b5c7d601e6f95316d91f062c2e5b4a8999e92509d9a26d4e87b39489e
u02-s013-lecture-r1,lecture,method[1].check,8,16,3348195eb7d1e4e51aeea6e04a7062c5fe08bfd473acc37d0349ceed52673402
u02-s013-lecture-r1,lecture,method[2].instruction,9,27,20bce128374a56b090bff0b845d19c19e493585a9d7b0bc3bbb123c48239578c
u02-s013-lecture-r1,lecture,method[2].check,9,27,4fdf57cf7e81cd1e63d708c5e4472d2e2738a1427f1f35591f4e462b0c98c17f
u02-s013-lecture-r1,lecture,method[3].instruction,7,21,4cab89fc897bdf9d658b74b5846efa1d78c8a44c9dbf649213027b4207b62f24
u02-s013-lecture-r1,lecture,method[3].check,9,27,24a03422975705ce376fa301f8a9b3e99657da73f2c4c5e25453126184b77e58
u02-s013-lecture-r1,lecture,method[4].instruction,6,18,81f51848a39921253b1810f5fe797fe2fd8862692ba4e51ac0f4f6e2c368dc27
u02-s013-lecture-r1,lecture,method[4].check,10,30,cb9e2c9050c8135e452b117dd92686135be900f821d43fd09f1d0776e6357588
u02-s013-lecture-r1,lecture,workedExamples[0].exampleId,2,2,dffe8596427fc50e8f64654a609af134d45552f18bbecef90b31135a9e7acaa0
u02-s013-lecture-r1,lecture,workedExamples[0].prompt,9,19,3ba7ea4032604a2d9808f7823168e27ea27a8a227818828a981915ecdd3b8b7b
u02-s013-lecture-r1,lecture,workedExamples[0].solutionSteps[0],7,13,05e9ea704cfdb1b6e4e5487890fc3b0c805e55f89305e9f1172d5cab29326039
u02-s013-lecture-r1,lecture,workedExamples[0].solutionSteps[1],9,12,67c96d0852df956a44f0157d60901f09f713caafc8e72bc751479e62772a56f7
u02-s013-lecture-r1,lecture,workedExamples[0].answer,6,10,b0a0b4972b58b60eb564d3b3bfaacbb38f50244979e38a3e9bbe8d8514a7dd7a
u02-s013-lecture-r1,lecture,workedExamples[1].exampleId,2,2,d76354d8457898445bb69e0dc0dc95fb74cc3cf334f8c1859162a16ad0041f8d
u02-s013-lecture-r1,lecture,workedExamples[1].prompt,11,27,3179c1aeac3b1193b748b340904349ab97c9823a608169932667c7397c7e3f60
u02-s013-lecture-r1,lecture,workedExamples[1].solutionSteps[0],11,18,8a9626ede4c926bc4e45ad7c7683c4347a995f6aba169fc1834cfb825edfb1f4
u02-s013-lecture-r1,lecture,workedExamples[1].solutionSteps[1],8,11,fcdf44776564517ebb08ea65fc09ef2803315aa470acfadf54e4dbbdb720e887
u02-s013-lecture-r1,lecture,workedExamples[1].answer,5,9,cd9e50480f66a02f508aff718cb512981fdf521e82b4bcf4bf377aec15f0702b
u02-s013-lecture-r1,lecture,workedExamples[2].exampleId,2,2,842983de8fb1d277a3fad5c8295c7a14317c458718a10c5a35b23e7f992a5c80
u02-s013-lecture-r1,lecture,workedExamples[2].prompt,11,21,834dc44ba88298b69ebc257d345d1145ccd724afad74e3f3e2f8b196bfd84b20
u02-s013-lecture-r1,lecture,workedExamples[2].solutionSteps[0],15,22,ea34199f6e38b6625efa4de91a0aebcbb228e7bd35bfb42e3f31bc8baa7093cd
u02-s013-lecture-r1,lecture,workedExamples[2].solutionSteps[1],7,21,16d9ec050ba0b371dcc48b1cc6bb9eda882da221f324e65ddf6cbc33fecc36ac
u02-s013-lecture-r1,lecture,workedExamples[2].answer,7,17,54b73032f018c419435d396709cfced5d30947c8e6ad4707e27f3248d7ea082e
u02-s013-lecture-r1,lecture,workedExamples[3].exampleId,2,2,4a5a97c6433c4c062457e9335709d57493e75527809d8a9586c141e591ac9f2c
u02-s013-lecture-r1,lecture,workedExamples[3].prompt,8,20,594398d93a9438f6a2622e7573c41affd5b30105342ca1a08fe3114dff6b3616
u02-s013-lecture-r1,lecture,workedExamples[3].solutionSteps[0],12,21,a17e25249a8906709cb94205d62f223d21c934df21c6221481dc36e064e476b3
u02-s013-lecture-r1,lecture,workedExamples[3].solutionSteps[1],7,9,ad62482fd2910dc4c5bcdfac48fcd6e948909e54489a70d91e475959db5c382c
u02-s013-lecture-r1,lecture,workedExamples[3].answer,10,20,f2e1d270976879c00f9d585b4a7ecef7bc43e827d0141bf6ee244ade33cea1c0
u02-s013-lecture-r1,lecture,commonMistakes[0].mistake,8,20,321dc737e7a407370b3c90ac131463032c386cdf907713c83e5aadac7b3be0ef
u02-s013-lecture-r1,lecture,commonMistakes[0].why,10,30,a33327118c0ee3dc3ebd46d446631db4d3ed0070981534d8ab4f40555f591963
u02-s013-lecture-r1,lecture,commonMistakes[0].correction,7,13,6063d802d01bd94d8ad0e06b7d754d756455696f05edce0c7483263aac892959
u02-s013-lecture-r1,lecture,commonMistakes[1].mistake,10,30,cc3733c342551d17204de83015d28da64f89cdd4f5536ae9c89ae84aea9b7c99
u02-s013-lecture-r1,lecture,commonMistakes[1].why,6,18,8d9370afc0594fac8803e179842b08819b5df9868add0dc818a965d7f18ae6e8
u02-s013-lecture-r1,lecture,commonMistakes[1].correction,7,21,3f652242e83b91af18030b868c97fcbb7090c2dd59e9f44ecc73e657a3224cb8
u02-s013-lecture-r1,lecture,commonMistakes[2].mistake,12,24,0afece39c03e6092f02ca349cb393ba4d638fb5ce80de35f864a05ca92d61d2e
u02-s013-lecture-r1,lecture,commonMistakes[2].why,7,21,030e333ad0b845878ce7120dc4bd68d6fa44661ba24c9302aa21c20893d3bb97
u02-s013-lecture-r1,lecture,commonMistakes[2].correction,9,21,8f585cc467e89019e4f3920f523827492d1ff16acc7c628470c11943d97bb0f0
u02-s013-lecture-r1,lecture,commonMistakes[3].mistake,11,33,b03879e659afeed52b1e52d89be03e943eec36ef2753ee0a459a7ffdbd03c2c2
u02-s013-lecture-r1,lecture,commonMistakes[3].why,7,21,86b6d4f151bf3fcd3751c64486edfc9f1b63313e1028cda946141328df1f2800
u02-s013-lecture-r1,lecture,commonMistakes[3].correction,5,15,94f06f67b11c350f796a6cdd69fdcd143047b3c378271ff372a58fd0f49a0eba
u02-s013-lecture-r1,lecture,commonMistakes[4].mistake,10,30,332708c93bab88132fede54f0c955c9389a55d9d5127d01c217dc595204a8b22
u02-s013-lecture-r1,lecture,commonMistakes[4].why,7,21,fee3d8b471126259bf8a20aed2f09356a8cf4599bd6238aa3279a3e98cd195b6
u02-s013-lecture-r1,lecture,commonMistakes[4].correction,5,15,f0c7b454a50d95a7169fa14b5dbfc3fc6ceac8e1acba191cfe588730fce441b4
u02-s013-lecture-r1,lecture,commonMistakes[5].mistake,11,33,909d5c17246b3bde73437a1b90125c1cab7dcc1d423c8a61f920d5623b7057d1
u02-s013-lecture-r1,lecture,commonMistakes[5].why,5,15,67eb7d97ec54932635b586e4849a179a56547adbd79d77a1ba4726d3ed1d347a
u02-s013-lecture-r1,lecture,commonMistakes[5].correction,7,21,6aa84120e8d571739c3f33ad78b5e41642543b00accd6e5bf41c3ad6b6ffa4bd
u02-s013-lecture-r1,lecture,selfCheck[0],10,30,8a0f5eaf252a1627be3a0707dfced95da58b56829be93ccfe52cc705de24e0b4
u02-s013-lecture-r1,lecture,selfCheck[1],11,33,0c47900e44e4a961b6f075a3527b00936e98bd067449c60c83ee2502c2951b14
u02-s013-lecture-r1,lecture,selfCheck[2],11,33,f9384187eb41b84682e560e173aed7298255d25f1431a418940954d5e76f884b
u02-s013-lecture-r1,lecture,selfCheck[3],10,30,b8007757fb91c989403805e49b37185a89b7f8fc91dfaac0e8f3593d4dbb2809
u02-s013-lecture-r1,lecture,selfCheck[4],12,36,b9ff9636e54614275c88834ef95ccdb27e5d875f67322ea6156bec2eeb20c8c4
u02-s013-lecture-r1,lecture,summary[0],11,27,6302e8f3cccdfe880ab37f0b7e1db000b10c673fe9413a034e4b24c6a2b5bb0c
u02-s013-lecture-r1,lecture,summary[1],9,23,4c5d4e11b3a2007a8a37542a2f5aadeee347ff10e59b88cd9d992e68eed0ae3a
u02-s013-lecture-r1,lecture,summary[2],11,30,48b818b0acbad262318d1c06057082eab2b16ccc553be74db396ddb565a1878c
u02-s013-lecture-r1,lecture,summary[3],9,27,f2399d2ceb17008b0b9d8db7549a000526d9ec44136190d4e51697e34af4c1a8
u02-s013-lecture-r1,lecture,connections.previous,51,89,069613c5a45fb86e5cdc8d3e0a3fd6f47582595827db9b78e4d45a24529ed93b
u02-s013-lecture-r1,lecture,connections.next[0],21,63,f946c860c058ebc1e922f921e9893d639b938e5fc274a33644697f5af47fa97f
u02-s013-lecture-r1,lecture,connections.next[1],16,48,fb0f287ce95ea52ecf4db46735f6c55205effce23df1f2c38da8eaa33e1e97f8
u02-s013-lecture-r1,lecture,practiceLinks.mcQuestionIds[0],13,13,c5fc6b9f8ef85d1bb7c69f0dde611e68aa47db59cec68479dcdafeed84901852
u02-s013-lecture-r1,lecture,practiceLinks.mcQuestionIds[1],13,13,93e7f19e58c4fa730000b98391a854bb785955cb3e5c4911a69325433485adda
u02-s013-lecture-r1,lecture,practiceLinks.mcQuestionIds[2],13,13,d6abcdd50e0cb3be7aa8e6a8c29bc47c107c154f0f079140f226c3ab0267bf91
u02-s013-lecture-r1,lecture,practiceLinks.mcQuestionIds[3],13,13,b8a4cf72210dee31e6bf75707bb8bc0cec162569318fc50ed4a9703b94bb66dd
u02-s013-lecture-r1,lecture,practiceLinks.mcQuestionIds[4],13,13,d65596f8563e7aa87b9a1bf45f11ce3106a78d48861d21986444987740e1bd10
u02-s013-lecture-r1,lecture,practiceLinks.mcQuestionIds[5],13,13,f55b55f8c921d3f531ab7c8801b47eec039f23c0adc04329c11fda94ce9f3404
u02-s013-lecture-r1,lecture,practiceLinks.mcQuestionIds[6],13,13,862263a94d2e74eb936b3f2e0d7d75d59d475f9035536410ee2c99ccbc011142
u02-s013-lecture-r1,lecture,practiceLinks.mcQuestionIds[7],13,13,e997fef18f363833a7c4258b5f2ae1deb054b0cd8821e0b37c33c9a30cd71158
u02-s013-lecture-r1,lecture,practiceLinks.mcQuestionIds[8],13,13,61011c4db11bbd44a8c1c9544797e20ae8c8b89ed271489a64d40938490f9d51
u02-s013-lecture-r1,lecture,practiceLinks.mcQuestionIds[9],13,13,be0357444dfe786aa29282f20d2df67af81332d8f1573f483468e871c970ff67
u02-s013-lecture-r1,lecture,practiceLinks.mcQuestionIds[10],13,13,3b5e7b56d383c4cb7be01336307877977703beca79b1fbc5812100cbc654e944
u02-s013-lecture-r1,lecture,practiceLinks.mcQuestionIds[11],13,13,00b426d4f745a6355bd74605863070a260f5575d31b69494fbbfce2dd77f00ca
u02-s013-lecture-r1,lecture,practiceLinks.constructedResponseIds[0],14,14,9247d5801d7112a10f28106b13ae21f6a2a81fd9e12c654c01c871d02db0b14d
u02-s013-lecture-r1,lecture,practiceLinks.constructedResponseIds[1],14,14,a1935e13f9df5da3aeda4d6969f029369fc31d182c120d44ea188630e31b73f7
u02-s013-lecture-r1,lecture,lectureReview.mathematicalCorrectness,4,4,d74ff0ee8da3b9806b18c877dbf29bbde50b5bd8e4dad7a3a725000feb82e8f1
u02-s013-lecture-r1,lecture,lectureReview.zeroFoundationReadability,4,4,d74ff0ee8da3b9806b18c877dbf29bbde50b5bd8e4dad7a3a725000feb82e8f1
u02-s013-lecture-r1,lecture,lectureReview.scopeCheck,21,21,fdf8268f0373301b2fcc6331f1d8999b8aabea69681e8bc972ab9a21216a7606
u02-s013-lecture-r1,lecture,lectureReview.reviewNote,56,164,0dffbdc36675adbc2059d9a56680af959b7b4ae1c282da7a2426d4f67de98e3b
u02-s013-lecture-r1,lecture,lectureReview.reviewVersion,25,25,d778dfb0b9da1de52a9e6d141e13b5f20b33f0779b3da3dad22096cd927b9411
u02-s013-lecture-r1,lecture,lectureReview.reviewedAt,10,10,14158d45727526145ef514139eeb669eb54d613dbcffe524f099dbb71c9d8b08
u02-s013-lecture-r1,lecture,contentSha256,64,64,ebce864c62889dd8e74bd6ab1e203f59359302df77256f084032f78b8954b3f0
u02-s013-lecture-r1,lecture,contentAuthority,25,25,ed40f75ffe3d6ad4e71f6e7919d063410490de360edb425965eccd605ca9d79e
u02-s013-v001,question,questionId,13,13,c5fc6b9f8ef85d1bb7c69f0dde611e68aa47db59cec68479dcdafeed84901852
u02-s013-v001,question,unitId,3,3,95b6504a8bd60df3a9a19ef2c504ac03429b325e9b81f0d701d07bdf6def6afb
u02-s013-v001,question,topicId,18,18,9b64ece213e72b22649ca6f5594dcd36414fc3912e7875cecae09e03983a187a
u02-s013-v001,question,skillId,25,25,d11ce5e180a262d2a486c5dc2192b98b9cb20ca4a44a1f52fa2c006b7ac4468e
u02-s013-v001,question,difficulty,5,5,fbb7b5bf4ca348eeeebf8cc3660712859a5a1fbf18e83217a57ce203fb51d5c2
u02-s013-v001,question,type,2,2,6bc0f9c4ecb0acbebf1b9f6c816bdd66f4885f67c917d9e141cf893014fba936
u02-s013-v001,question,visualMode,9,9,9c7d54b0bf7a9369d8594201c7b11955514343809d09fbec33966c1fd9794015
u02-s013-v001,question,sourceScope,19,19,a4b669ddb8ef1883391c07a7b633f12eeaeecee7ec37c09eea4931aff6644346
u02-s013-v001,question,text,13,31,f6d0a43608ecd0c4236d64851687069480f136081d874613ed25f2fb99f3597f
u02-s013-v001,question,choices[0],3,3,f70b94aeb67de2a5eb4bd8c2ea85128f13776cb545a661abe422b378a6cf3099
u02-s013-v001,question,choices[1],4,4,f4c4a538074d228998c97603b1c8d66449c8b1988b36b9ea748fec04b2000a2c
u02-s013-v001,question,choices[2],5,5,15bee45d7267e64f1c99f6eb04bd2461f9e3ebf8562ca8e7fdef340c03003aa9
u02-s013-v001,question,choices[3],3,3,5132a20379415fe98f3a0700afc2a901e9b01af839b5454a8659152f0782c223
u02-s013-v001,question,explanation,37,79,4ee30cfe02b43e27628c710b3b39b8e1819bb002b4dc220c6e37d42653bda60f
u02-s013-v001,question,steps[0],10,10,05fd2c662ccfa016399cdaf6d2874ea1308f02a15d9f171ed9b3812fb39f5c76
u02-s013-v001,question,steps[1],6,12,b5446120af65881b6cd849625313067f89f140d710fd6883ba3fa4d4b0602300
u02-s013-v001,question,optionAnalysis[0].choice,3,3,f70b94aeb67de2a5eb4bd8c2ea85128f13776cb545a661abe422b378a6cf3099
u02-s013-v001,question,optionAnalysis[0].reason,6,12,f0a22eb1cace77ce610326fdf3161e23aacc5982f8ada0a76c9e2afa8663eb6d
u02-s013-v001,question,optionAnalysis[1].choice,4,4,f4c4a538074d228998c97603b1c8d66449c8b1988b36b9ea748fec04b2000a2c
u02-s013-v001,question,optionAnalysis[1].reason,10,26,4bc69caf60bcd586f468511486c950751de53878e4b4d14ee651f7834163da3e
u02-s013-v001,question,optionAnalysis[2].choice,5,5,15bee45d7267e64f1c99f6eb04bd2461f9e3ebf8562ca8e7fdef340c03003aa9
u02-s013-v001,question,optionAnalysis[2].reason,8,18,9b3b1532fbcfd19c5718154d99fbe96ebfae7ee2ef48b02a215d93c17c6d1a72
u02-s013-v001,question,optionAnalysis[3].choice,3,3,5132a20379415fe98f3a0700afc2a901e9b01af839b5454a8659152f0782c223
u02-s013-v001,question,optionAnalysis[3].reason,8,12,25c419bb276133319ce9d70b6d00c790566ba0646c87b5545c48e0125368105e
u02-s013-v001,question,commonMistake,12,20,78cc6d0361e9c114587617f60a02e6fd0f5a747fb9821fc887973759ca8b2f29
u02-s013-v001,question,concept,13,33,2d9ef1ac02b2f69fce7f0541facf9ce171c058a215d6eb05c75880edf474c0e6
u02-s013-v001,question,tags[0],3,9,fd41540cbdbecb9b5fa7116d27c68e378548ab62ab7c7ca4494730a81ea87667
u02-s013-v001,question,tags[1],9,27,d03484cdc1b934a411bb5ecc93f82d898921fd4267afdc468032303a8a5c657b
u02-s013-v001,question,tags[2],5,5,fbb7b5bf4ca348eeeebf8cc3660712859a5a1fbf18e83217a57ce203fb51d5c2
u02-s013-v001,question,estimatedTimeSec,2,2,39fa9ec190eee7b6f4dff1100d6343e10918d044c75eac8f9e9a2596173f80c9
u02-s013-v001,question,prerequisiteSkillIds[0],31,31,fb5a8839ea0502fb3bba0d84228e947652ca7b95fc68afd5710256ddd2bf76c0
u02-s013-v001,question,authoringIntent,7,21,062ed2b67f010c3a0b056496f269bec5fd691feb3138eca1a4aee03f7db1ffc3
u02-s013-v001,question,reviewStatus,22,22,ec809598e2f7fcc69fad54c9cd045bba62b4a0dc7c0ff90d4efdc3788c9ad8fb
u02-s013-v001,question,contentSha256,64,64,1caa74c9af5916221c431baea0f4cda258f4f4ce81bae1b3af3b37272acbe0ef
u02-s013-v001,question,contentAuthority,25,25,ed40f75ffe3d6ad4e71f6e7919d063410490de360edb425965eccd605ca9d79e
u02-s013-v002,question,questionId,13,13,93e7f19e58c4fa730000b98391a854bb785955cb3e5c4911a69325433485adda
u02-s013-v002,question,unitId,3,3,95b6504a8bd60df3a9a19ef2c504ac03429b325e9b81f0d701d07bdf6def6afb
u02-s013-v002,question,topicId,18,18,9b64ece213e72b22649ca6f5594dcd36414fc3912e7875cecae09e03983a187a
u02-s013-v002,question,skillId,25,25,d11ce5e180a262d2a486c5dc2192b98b9cb20ca4a44a1f52fa2c006b7ac4468e
u02-s013-v002,question,difficulty,5,5,fbb7b5bf4ca348eeeebf8cc3660712859a5a1fbf18e83217a57ce203fb51d5c2
u02-s013-v002,question,type,2,2,6bc0f9c4ecb0acbebf1b9f6c816bdd66f4885f67c917d9e141cf893014fba936
u02-s013-v002,question,visualMode,9,9,9c7d54b0bf7a9369d8594201c7b11955514343809d09fbec33966c1fd9794015
u02-s013-v002,question,sourceScope,19,19,a4b669ddb8ef1883391c07a7b633f12eeaeecee7ec37c09eea4931aff6644346
u02-s013-v002,question,text,20,50,59b988b10ef4160f7132794d6ef81b8ebe7f8832ebb6973d274876edd1393cff
u02-s013-v002,question,choices[0],4,6,73e5f0d9f3f8f5864018eb66d88395d5f86b369f54d3e60b229e9a7ac994fdde
u02-s013-v002,question,choices[1],5,7,d50190a5e216cd6c095fb22f4ac66f454f9c61ca85d00c72eba0ba963ebf6f4d
u02-s013-v002,question,choices[2],5,7,1fa785e367bc2817f84b9b4fe2fb706bb263a4cca0569d84ea20fcff9110685c
u02-s013-v002,question,choices[3],6,8,723c9c54856db2e0a3124b818f47aaf33a63485dc7fd38dcff5419d73be2b683
u02-s013-v002,question,explanation,43,92,947f618f0f7b22de1be9904a438cb8e36db051fc8c3aa3a43d36fc81733fea19
u02-s013-v002,question,steps[0],9,19,cf6394ad5538dc1c7bd5cdbc34d2de95cda22644f350a1f94820fdbcb76d6c49
u02-s013-v002,question,steps[1],11,12,819434d72b58c138055a12557f28d5ea037af35c718a299caf8784b6bc4de0c4
u02-s013-v002,question,optionAnalysis[0].choice,4,6,73e5f0d9f3f8f5864018eb66d88395d5f86b369f54d3e60b229e9a7ac994fdde
u02-s013-v002,question,optionAnalysis[0].reason,6,12,071be1e2583dcd6bd5e0ff4f2e963f0965e9bebd7dd01995b1bb564e259f0475
u02-s013-v002,question,optionAnalysis[1].choice,5,7,d50190a5e216cd6c095fb22f4ac66f454f9c61ca85d00c72eba0ba963ebf6f4d
u02-s013-v002,question,optionAnalysis[1].reason,7,15,b27ca3f415ae01dad41b1c86730c24843653d78b86e0777967fcb19bde80d2d7
u02-s013-v002,question,optionAnalysis[2].choice,5,7,1fa785e367bc2817f84b9b4fe2fb706bb263a4cca0569d84ea20fcff9110685c
u02-s013-v002,question,optionAnalysis[2].reason,5,15,3355554ece48a209aaf6f60a62619cae3f3769423b5d820e5456810e83803f2c
u02-s013-v002,question,optionAnalysis[3].choice,6,8,723c9c54856db2e0a3124b818f47aaf33a63485dc7fd38dcff5419d73be2b683
u02-s013-v002,question,optionAnalysis[3].reason,9,27,b54758b509d4b5c6b49208a78d6de73bb8c05db854a9cac4f07a4b323ad5454f
u02-s013-v002,question,commonMistake,10,26,49069c6c5e3ad17ca801f4e21e576a6c1e2f811ac0781fda5a3a301b62751553
u02-s013-v002,question,concept,12,30,d2ac68e32f04a4d69185228c8202d3dd0b5f0277d6ce413f72fbae304b4e4470
u02-s013-v002,question,tags[0],3,9,fd41540cbdbecb9b5fa7116d27c68e378548ab62ab7c7ca4494730a81ea87667
u02-s013-v002,question,tags[1],9,27,d03484cdc1b934a411bb5ecc93f82d898921fd4267afdc468032303a8a5c657b
u02-s013-v002,question,tags[2],5,5,fbb7b5bf4ca348eeeebf8cc3660712859a5a1fbf18e83217a57ce203fb51d5c2
u02-s013-v002,question,estimatedTimeSec,2,2,39fa9ec190eee7b6f4dff1100d6343e10918d044c75eac8f9e9a2596173f80c9
u02-s013-v002,question,prerequisiteSkillIds[0],31,31,fb5a8839ea0502fb3bba0d84228e947652ca7b95fc68afd5710256ddd2bf76c0
u02-s013-v002,question,authoringIntent,7,21,d28c47f2f37be6d72849a18bef4a5afba6a927d5df02f217d7e9e16bbe74d81a
u02-s013-v002,question,reviewStatus,22,22,ec809598e2f7fcc69fad54c9cd045bba62b4a0dc7c0ff90d4efdc3788c9ad8fb
u02-s013-v002,question,contentSha256,64,64,2aa203ffa4dc651d14833cbc451606a315193d5bc212bad26f519b1bd6f948b5
u02-s013-v002,question,contentAuthority,25,25,ed40f75ffe3d6ad4e71f6e7919d063410490de360edb425965eccd605ca9d79e
u02-s013-v003,question,questionId,13,13,d6abcdd50e0cb3be7aa8e6a8c29bc47c107c154f0f079140f226c3ab0267bf91
u02-s013-v003,question,unitId,3,3,95b6504a8bd60df3a9a19ef2c504ac03429b325e9b81f0d701d07bdf6def6afb
u02-s013-v003,question,topicId,18,18,9b64ece213e72b22649ca6f5594dcd36414fc3912e7875cecae09e03983a187a
u02-s013-v003,question,skillId,25,25,d11ce5e180a262d2a486c5dc2192b98b9cb20ca4a44a1f52fa2c006b7ac4468e
u02-s013-v003,question,difficulty,5,5,fbb7b5bf4ca348eeeebf8cc3660712859a5a1fbf18e83217a57ce203fb51d5c2
u02-s013-v003,question,type,2,2,6bc0f9c4ecb0acbebf1b9f6c816bdd66f4885f67c917d9e141cf893014fba936
u02-s013-v003,question,visualMode,9,9,9c7d54b0bf7a9369d8594201c7b11955514343809d09fbec33966c1fd9794015
u02-s013-v003,question,sourceScope,19,19,a4b669ddb8ef1883391c07a7b633f12eeaeecee7ec37c09eea4931aff6644346
u02-s013-v003,question,text,19,41,ae22d788dc69f031b2d0c1bcd2f04ce909ab05f68d6aa10d46617d03f083dbca
u02-s013-v003,question,choices[0],4,4,49dd409d9fb9b718d70f9b826b855a65202b6d3a47378e0ac0501c928fe5ba92
u02-s013-v003,question,choices[1],3,3,1253e9373e781b7500266caa55150e08e210bc8cd8cc70d89985e3600155e860
u02-s013-v003,question,choices[2],3,3,9ae2bdd7beedc2e766c6b76585530e16925115707dc7a06ab5ee4aa2776b2c7b
u02-s013-v003,question,choices[3],3,3,13671077b66a29874a2578b5240319092ef2a1043228e433e9b006b5e53e7513
u02-s013-v003,question,explanation,45,90,6ac3340dd496616e9d9b83a47b4eaca87ecb2d6e11a9c9015bc99daa3148cb66
u02-s013-v003,question,steps[0],12,20,2896df6880414b01ad59ea1e73ac57a4586105ad5740b3ae28c7ae790dc65a0d
u02-s013-v003,question,steps[1],12,13,3cb759bff665ce216aae2f7440efec72b0cb737b40e1fe18f4dd0ebd9ce2945f
u02-s013-v003,question,optionAnalysis[0].choice,4,4,49dd409d9fb9b718d70f9b826b855a65202b6d3a47378e0ac0501c928fe5ba92
u02-s013-v003,question,optionAnalysis[0].reason,9,17,93afa847492f2488c030c71a107988b96c6abac4d8549531bb159a5de5fb699a
u02-s013-v003,question,optionAnalysis[1].choice,3,3,1253e9373e781b7500266caa55150e08e210bc8cd8cc70d89985e3600155e860
u02-s013-v003,question,optionAnalysis[1].reason,5,11,d5369664a4300cc28a980f0bd84ffafa0526a68b2bcacc7cd4adea03a53f40a3
u02-s013-v003,question,optionAnalysis[2].choice,3,3,9ae2bdd7beedc2e766c6b76585530e16925115707dc7a06ab5ee4aa2776b2c7b
u02-s013-v003,question,optionAnalysis[2].reason,6,12,65f3110e3a97f91d5df6fe9322a180f746351b4570895747754fd94c31736568
u02-s013-v003,question,optionAnalysis[3].choice,3,3,13671077b66a29874a2578b5240319092ef2a1043228e433e9b006b5e53e7513
u02-s013-v003,question,optionAnalysis[3].reason,25,58,4e96fe0415514d4ebf8380eb2462751ffbb1c9fb34006d95a3466a01b3547f1e
u02-s013-v003,question,commonMistake,14,42,b0de7c5478b405413e9152b972b90b46a2034107195e97058821b10c9056c7fa
u02-s013-v003,question,concept,10,27,0206942b67ff871f393ac89a9bddc135f8c706f50333211fe558a165a84acf0d
u02-s013-v003,question,tags[0],3,9,fd41540cbdbecb9b5fa7116d27c68e378548ab62ab7c7ca4494730a81ea87667
u02-s013-v003,question,tags[1],9,27,d03484cdc1b934a411bb5ecc93f82d898921fd4267afdc468032303a8a5c657b
u02-s013-v003,question,tags[2],5,5,fbb7b5bf4ca348eeeebf8cc3660712859a5a1fbf18e83217a57ce203fb51d5c2
u02-s013-v003,question,estimatedTimeSec,2,2,39fa9ec190eee7b6f4dff1100d6343e10918d044c75eac8f9e9a2596173f80c9
u02-s013-v003,question,prerequisiteSkillIds[0],31,31,fb5a8839ea0502fb3bba0d84228e947652ca7b95fc68afd5710256ddd2bf76c0
u02-s013-v003,question,authoringIntent,8,24,fab91331bc1b6fce8abac507881bb4892b9b8211025ab16568d15d5670cc320f
u02-s013-v003,question,reviewStatus,22,22,ec809598e2f7fcc69fad54c9cd045bba62b4a0dc7c0ff90d4efdc3788c9ad8fb
u02-s013-v003,question,contentSha256,64,64,9c317bfbff14f2d4ce65504aa8f39d1efadd4309d23edbd9e9b38f305db04e81
u02-s013-v003,question,contentAuthority,25,25,ed40f75ffe3d6ad4e71f6e7919d063410490de360edb425965eccd605ca9d79e
u02-s013-v004,question,questionId,13,13,b8a4cf72210dee31e6bf75707bb8bc0cec162569318fc50ed4a9703b94bb66dd
u02-s013-v004,question,unitId,3,3,95b6504a8bd60df3a9a19ef2c504ac03429b325e9b81f0d701d07bdf6def6afb
u02-s013-v004,question,topicId,18,18,9b64ece213e72b22649ca6f5594dcd36414fc3912e7875cecae09e03983a187a
u02-s013-v004,question,skillId,25,25,d11ce5e180a262d2a486c5dc2192b98b9cb20ca4a44a1f52fa2c006b7ac4468e
u02-s013-v004,question,difficulty,8,8,fe6d3468cf5c74d8ec2a95b40f2e05338c37a4202f8fad692d2b64a9cf9b468a
u02-s013-v004,question,type,2,2,6bc0f9c4ecb0acbebf1b9f6c816bdd66f4885f67c917d9e141cf893014fba936
u02-s013-v004,question,visualMode,9,9,9c7d54b0bf7a9369d8594201c7b11955514343809d09fbec33966c1fd9794015
u02-s013-v004,question,sourceScope,19,19,a4b669ddb8ef1883391c07a7b633f12eeaeecee7ec37c09eea4931aff6644346
u02-s013-v004,question,text,28,62,21b93b9b55fb39a12c700c492693cc0b238ebccf62792b7fd2f9098aa80573b4
u02-s013-v004,question,choices[0],5,7,af4452e65cf53739b789e8ae601d5ed166938e1e6fb1442bbe96b1eea1e24403
u02-s013-v004,question,choices[1],6,8,723c9c54856db2e0a3124b818f47aaf33a63485dc7fd38dcff5419d73be2b683
u02-s013-v004,question,choices[2],6,8,19f8d206ea1a097eea1db893240ad56bd219f6ffb8ef7560cac41063e4f51d28
u02-s013-v004,question,choices[3],5,7,6a0f177ff9d7433fa83f5f284e136c6d9a3940af928aa00526edd510a2136003
u02-s013-v004,question,explanation,48,87,576462270a050866b0622d5dc78d88f96456e77b27b3ec99a273134c378c6590
u02-s013-v004,question,steps[0],13,14,ea1b7dbef92464cd8e77895c28b30a825a7a069228427ac4aa6b15531f75bdf9
u02-s013-v004,question,steps[1],12,12,c6c806ac3bfd05d6e7f0d55893ac68fcb3dfc5292d65ffa462a5ac6699565f24
u02-s013-v004,question,optionAnalysis[0].choice,5,7,af4452e65cf53739b789e8ae601d5ed166938e1e6fb1442bbe96b1eea1e24403
u02-s013-v004,question,optionAnalysis[0].reason,5,15,257f632cbe05de7a2c11ac5f67f566f99a586531cb4c96b7087597d331d7f30a
u02-s013-v004,question,optionAnalysis[1].choice,6,8,723c9c54856db2e0a3124b818f47aaf33a63485dc7fd38dcff5419d73be2b683
u02-s013-v004,question,optionAnalysis[1].reason,9,27,4ea025f3f1c87cb3313279c521d3bfb3a25630d26f8a648a44f303f7ab74b95f
u02-s013-v004,question,optionAnalysis[2].choice,6,8,19f8d206ea1a097eea1db893240ad56bd219f6ffb8ef7560cac41063e4f51d28
u02-s013-v004,question,optionAnalysis[2].reason,6,12,797773b47dc99457809d765d196cfd3cfd1f8aa674625d6a0c56b5b3ab0fe2ba
u02-s013-v004,question,optionAnalysis[3].choice,5,7,6a0f177ff9d7433fa83f5f284e136c6d9a3940af928aa00526edd510a2136003
u02-s013-v004,question,optionAnalysis[3].reason,7,15,60bef5657c89562d725742b011ce7a96ca2bfd264a47ec99d81c5b7b71d11036
u02-s013-v004,question,commonMistake,18,48,d11520c94c6028de46dae6164b7b3cf584c03fedb654c3dd3fb22f8eac7c3667
u02-s013-v004,question,concept,12,36,26026851df8cd0303539a7f0a22041db79f69beb5714b63d968e6edd930ccfe4
u02-s013-v004,question,tags[0],3,9,fd41540cbdbecb9b5fa7116d27c68e378548ab62ab7c7ca4494730a81ea87667
u02-s013-v004,question,tags[1],9,27,d03484cdc1b934a411bb5ecc93f82d898921fd4267afdc468032303a8a5c657b
u02-s013-v004,question,tags[2],8,8,fe6d3468cf5c74d8ec2a95b40f2e05338c37a4202f8fad692d2b64a9cf9b468a
u02-s013-v004,question,estimatedTimeSec,2,2,39fa9ec190eee7b6f4dff1100d6343e10918d044c75eac8f9e9a2596173f80c9
u02-s013-v004,question,prerequisiteSkillIds[0],31,31,fb5a8839ea0502fb3bba0d84228e947652ca7b95fc68afd5710256ddd2bf76c0
u02-s013-v004,question,authoringIntent,8,24,4d4f05f4793a3f061fe05d2874bd615fc3f5a8aef21ac6601e251564f817e139
u02-s013-v004,question,reviewStatus,22,22,ec809598e2f7fcc69fad54c9cd045bba62b4a0dc7c0ff90d4efdc3788c9ad8fb
u02-s013-v004,question,contentSha256,64,64,cfcd2445c2ee3d4f30fa0e5903840bf52e2307092f1cecbeb0e456f3710c9f3a
u02-s013-v004,question,contentAuthority,25,25,ed40f75ffe3d6ad4e71f6e7919d063410490de360edb425965eccd605ca9d79e
u02-s013-v005,question,questionId,13,13,d65596f8563e7aa87b9a1bf45f11ce3106a78d48861d21986444987740e1bd10
u02-s013-v005,question,unitId,3,3,95b6504a8bd60df3a9a19ef2c504ac03429b325e9b81f0d701d07bdf6def6afb
u02-s013-v005,question,topicId,18,18,9b64ece213e72b22649ca6f5594dcd36414fc3912e7875cecae09e03983a187a
u02-s013-v005,question,skillId,25,25,d11ce5e180a262d2a486c5dc2192b98b9cb20ca4a44a1f52fa2c006b7ac4468e
u02-s013-v005,question,difficulty,8,8,fe6d3468cf5c74d8ec2a95b40f2e05338c37a4202f8fad692d2b64a9cf9b468a
u02-s013-v005,question,type,2,2,6bc0f9c4ecb0acbebf1b9f6c816bdd66f4885f67c917d9e141cf893014fba936
u02-s013-v005,question,visualMode,9,9,9c7d54b0bf7a9369d8594201c7b11955514343809d09fbec33966c1fd9794015
u02-s013-v005,question,sourceScope,19,19,a4b669ddb8ef1883391c07a7b633f12eeaeecee7ec37c09eea4931aff6644346
u02-s013-v005,question,text,24,54,b542d0ddef597c867bba92c6e7f7201bbe5aaf3e97ec02ede5900aefc73ad2fb
u02-s013-v005,question,choices[0],5,7,72f3cab238c6c70082be7bc201267af19aaa5276b25156585d75e9a861dbe96d
u02-s013-v005,question,choices[1],5,7,c61894de1e48ef33de53076382557cd25bebabac2ab042ea40ec4e3070741754
u02-s013-v005,question,choices[2],5,7,fb5a595fa896a913807f5080a59840e9d3df789c51aadfaf8327642c6d0f2ba7
u02-s013-v005,question,choices[3],5,7,e63cdb621c9bc04a99c4124baee9a66ecc4fe22f4a99736b3e457c6ccb565496
u02-s013-v005,question,explanation,50,107,ee8257702d900cf024e3fa91915e28fec39034dd61910c21df441e7b2e457e60
u02-s013-v005,question,steps[0],16,34,3e893a17ec9648e1eb090f315f5a49f93e6378182a7d50c847aa0d5077baf742
u02-s013-v005,question,steps[1],11,12,6d0a0e1676ef48c813f524f90d9cff6db2bf840b3e0ff79078a86cbd7244bfa9
u02-s013-v005,question,optionAnalysis[0].choice,5,7,72f3cab238c6c70082be7bc201267af19aaa5276b25156585d75e9a861dbe96d
u02-s013-v005,question,optionAnalysis[0].reason,7,15,8ed8127ee9ee0ddbbaac065a1a1456934dd8443e8907ae4db90c774c32a9ba6b
u02-s013-v005,question,optionAnalysis[1].choice,5,7,c61894de1e48ef33de53076382557cd25bebabac2ab042ea40ec4e3070741754
u02-s013-v005,question,optionAnalysis[1].reason,6,14,70cae5f8b450d29e5956d7aea37eb3b4a4063e8b6515792ac21cd34de9deb44f
u02-s013-v005,question,optionAnalysis[2].choice,5,7,fb5a595fa896a913807f5080a59840e9d3df789c51aadfaf8327642c6d0f2ba7
u02-s013-v005,question,optionAnalysis[2].reason,8,18,90d02711a1a3fd2aeff78e208982d66f17b34dfbd0a35c319b93362a20ba6a73
u02-s013-v005,question,optionAnalysis[3].choice,5,7,e63cdb621c9bc04a99c4124baee9a66ecc4fe22f4a99736b3e457c6ccb565496
u02-s013-v005,question,optionAnalysis[3].reason,5,15,933289cc572455fd5fbb0d46ede94cf8b49952959ca04004bb34acf4f59d648b
u02-s013-v005,question,commonMistake,10,20,1be3a1c37e6532bef2bf667db976213220e40d302a102ae863e48456256f78b1
u02-s013-v005,question,concept,15,30,dab4d5a70a41afaa5ca2b41dc2879a393a11fb4d6a7c518631f08110ddaafee8
u02-s013-v005,question,tags[0],3,9,fd41540cbdbecb9b5fa7116d27c68e378548ab62ab7c7ca4494730a81ea87667
u02-s013-v005,question,tags[1],9,27,d03484cdc1b934a411bb5ecc93f82d898921fd4267afdc468032303a8a5c657b
u02-s013-v005,question,tags[2],8,8,fe6d3468cf5c74d8ec2a95b40f2e05338c37a4202f8fad692d2b64a9cf9b468a
u02-s013-v005,question,estimatedTimeSec,2,2,39fa9ec190eee7b6f4dff1100d6343e10918d044c75eac8f9e9a2596173f80c9
u02-s013-v005,question,prerequisiteSkillIds[0],31,31,fb5a8839ea0502fb3bba0d84228e947652ca7b95fc68afd5710256ddd2bf76c0
u02-s013-v005,question,authoringIntent,6,18,2494e784379588e6192611e8178924107cdab38d8e6fd80fad74654568652e48
u02-s013-v005,question,reviewStatus,22,22,ec809598e2f7fcc69fad54c9cd045bba62b4a0dc7c0ff90d4efdc3788c9ad8fb
u02-s013-v005,question,contentSha256,64,64,0851174a50cd58de0cb30c06dee92bbd1649524a556005fd50c2e23fec0c10dc
u02-s013-v005,question,contentAuthority,25,25,ed40f75ffe3d6ad4e71f6e7919d063410490de360edb425965eccd605ca9d79e
u02-s013-v006,question,questionId,13,13,f55b55f8c921d3f531ab7c8801b47eec039f23c0adc04329c11fda94ce9f3404
u02-s013-v006,question,unitId,3,3,95b6504a8bd60df3a9a19ef2c504ac03429b325e9b81f0d701d07bdf6def6afb
u02-s013-v006,question,topicId,18,18,9b64ece213e72b22649ca6f5594dcd36414fc3912e7875cecae09e03983a187a
u02-s013-v006,question,skillId,25,25,d11ce5e180a262d2a486c5dc2192b98b9cb20ca4a44a1f52fa2c006b7ac4468e
u02-s013-v006,question,difficulty,8,8,fe6d3468cf5c74d8ec2a95b40f2e05338c37a4202f8fad692d2b64a9cf9b468a
u02-s013-v006,question,type,2,2,6bc0f9c4ecb0acbebf1b9f6c816bdd66f4885f67c917d9e141cf893014fba936
u02-s013-v006,question,visualMode,9,9,9c7d54b0bf7a9369d8594201c7b11955514343809d09fbec33966c1fd9794015
u02-s013-v006,question,sourceScope,19,19,a4b669ddb8ef1883391c07a7b633f12eeaeecee7ec37c09eea4931aff6644346
u02-s013-v006,question,text,25,65,a81fce48a3114976a6ce192d5fe9c5018d49c0bf4cfba1a3363953acdba91cbf
u02-s013-v006,question,choices[0],5,7,a9c621b3d5083198c3aefb2da8944b1386f4c433ae4f81026f7fa6a6cc7eb15f
u02-s013-v006,question,choices[1],5,7,af4452e65cf53739b789e8ae601d5ed166938e1e6fb1442bbe96b1eea1e24403
u02-s013-v006,question,choices[2],5,7,96ae7cce87683cf3ba3a1b9e5db8c4de494cf8927378f4c614cb71ae0963ced5
u02-s013-v006,question,choices[3],6,8,723c9c54856db2e0a3124b818f47aaf33a63485dc7fd38dcff5419d73be2b683
u02-s013-v006,question,explanation,47,95,630e3d57a94e47802ceaa43e8968e5eccce7901e7a01604f91d1e157fc39903b
u02-s013-v006,question,steps[0],10,15,afd7a383b65a0a8e1e40d58250a922c74e2833db2ae33c9487c33ef532b81e63
u02-s013-v006,question,steps[1],14,19,9e95495c4704fd803b9d483916b0cbda9644a099ae1446c5d60d30fcfce8644c
u02-s013-v006,question,optionAnalysis[0].choice,5,7,a9c621b3d5083198c3aefb2da8944b1386f4c433ae4f81026f7fa6a6cc7eb15f
u02-s013-v006,question,optionAnalysis[0].reason,6,12,a4b22253de9f7b982afacb77d3a9ac20a63aa7e55a276cad9d0a4b795c2141d8
u02-s013-v006,question,optionAnalysis[1].choice,5,7,af4452e65cf53739b789e8ae601d5ed166938e1e6fb1442bbe96b1eea1e24403
u02-s013-v006,question,optionAnalysis[1].reason,7,15,74f21fc748f615341071dbd8b916f8c4433f072c0c1b8d32604dc9f5175c5064
u02-s013-v006,question,optionAnalysis[2].choice,5,7,96ae7cce87683cf3ba3a1b9e5db8c4de494cf8927378f4c614cb71ae0963ced5
u02-s013-v006,question,optionAnalysis[2].reason,6,12,849886b9b4bfec020e6896f20874495257b25c89f391faa320a7f36e9d23dd4c
u02-s013-v006,question,optionAnalysis[3].choice,6,8,723c9c54856db2e0a3124b818f47aaf33a63485dc7fd38dcff5419d73be2b683
u02-s013-v006,question,optionAnalysis[3].reason,5,15,a7816c7793514a2c52adcf8305e2822375b891539cb27740eeb9346582ad2e4d
u02-s013-v006,question,commonMistake,21,57,2bd970e762c652f234da9be0c4da1b51b9e47af4ae5ffeadc8a49f3e1ab934f2
u02-s013-v006,question,concept,14,42,8c08e026747f0c156c9d30790cfa81c9b4521df681bdd10b2f6a35aa3893812f
u02-s013-v006,question,tags[0],3,9,fd41540cbdbecb9b5fa7116d27c68e378548ab62ab7c7ca4494730a81ea87667
u02-s013-v006,question,tags[1],9,27,d03484cdc1b934a411bb5ecc93f82d898921fd4267afdc468032303a8a5c657b
u02-s013-v006,question,tags[2],8,8,fe6d3468cf5c74d8ec2a95b40f2e05338c37a4202f8fad692d2b64a9cf9b468a
u02-s013-v006,question,estimatedTimeSec,2,2,39fa9ec190eee7b6f4dff1100d6343e10918d044c75eac8f9e9a2596173f80c9
u02-s013-v006,question,prerequisiteSkillIds[0],31,31,fb5a8839ea0502fb3bba0d84228e947652ca7b95fc68afd5710256ddd2bf76c0
u02-s013-v006,question,authoringIntent,7,21,b558d0b39d125b22b562e1e4e2135e421218d4b86298f0f7b3fa19b4fec5fd2b
u02-s013-v006,question,reviewStatus,22,22,ec809598e2f7fcc69fad54c9cd045bba62b4a0dc7c0ff90d4efdc3788c9ad8fb
u02-s013-v006,question,contentSha256,64,64,5ea1e31790b8a9f1da8590780b9a4a56ddd074edfb466f532a639f6fb8ef6923
u02-s013-v006,question,contentAuthority,25,25,ed40f75ffe3d6ad4e71f6e7919d063410490de360edb425965eccd605ca9d79e
u02-s013-v007,question,questionId,13,13,862263a94d2e74eb936b3f2e0d7d75d59d475f9035536410ee2c99ccbc011142
u02-s013-v007,question,unitId,3,3,95b6504a8bd60df3a9a19ef2c504ac03429b325e9b81f0d701d07bdf6def6afb
u02-s013-v007,question,topicId,18,18,9b64ece213e72b22649ca6f5594dcd36414fc3912e7875cecae09e03983a187a
u02-s013-v007,question,skillId,25,25,d11ce5e180a262d2a486c5dc2192b98b9cb20ca4a44a1f52fa2c006b7ac4468e
u02-s013-v007,question,difficulty,8,8,d21f85ea38166303ce58e06134b5cc4a5c900c409ab2a500ff7c9225109a09bb
u02-s013-v007,question,type,2,2,6bc0f9c4ecb0acbebf1b9f6c816bdd66f4885f67c917d9e141cf893014fba936
u02-s013-v007,question,visualMode,9,9,9c7d54b0bf7a9369d8594201c7b11955514343809d09fbec33966c1fd9794015
u02-s013-v007,question,sourceScope,19,19,a4b669ddb8ef1883391c07a7b633f12eeaeecee7ec37c09eea4931aff6644346
u02-s013-v007,question,text,27,73,22542a7d80815a19ed15687d6fc049d8c970ce56f12e5b3177dfd8c913e682a0
u02-s013-v007,question,choices[0],4,8,17e300ae67f9a1e6c8f1038ddd21a9d040f4b0499d0683663a2c1f937c715dae
u02-s013-v007,question,choices[1],4,8,0d2d83ef8769dac5fa2e3776360f52df394a9ecf81c80d7546120c8daca37878
u02-s013-v007,question,choices[2],2,6,a56acb7c0aa2d603c7a0b4c987aaca958f3d1688b5e2faf6e19ce34e26146fdf
u02-s013-v007,question,choices[3],5,9,51c4554280c47dcd1b2d4b078c795e43b6906050e3dfcf74f0a889a2b3bdd39c
u02-s013-v007,question,explanation,39,98,3718f1943781e38dbe24b12bdbff6f0161566d64e1dedbd479af80760ad00087
u02-s013-v007,question,steps[0],13,20,ba387c7ac2d2d9b8d7b94fbadcc96793041ea1a347cb1dcae3ade2ac5ea7216f
u02-s013-v007,question,steps[1],6,18,5fadbe2d1a501b245af7c3b678e2cc667f8d3c655c4e16141de9018deadbb8b0
u02-s013-v007,question,optionAnalysis[0].choice,4,8,17e300ae67f9a1e6c8f1038ddd21a9d040f4b0499d0683663a2c1f937c715dae
u02-s013-v007,question,optionAnalysis[0].reason,9,19,f688e12b645898e0e6fb51975fe49aeb260afa0804511202ad066e49f8ca9ed4
u02-s013-v007,question,optionAnalysis[1].choice,4,8,0d2d83ef8769dac5fa2e3776360f52df394a9ecf81c80d7546120c8daca37878
u02-s013-v007,question,optionAnalysis[1].reason,5,15,446171146fa29b0939196ef46ac7b86a7bf35b2e3843d8e8a6389f7f0535cc64
u02-s013-v007,question,optionAnalysis[2].choice,2,6,a56acb7c0aa2d603c7a0b4c987aaca958f3d1688b5e2faf6e19ce34e26146fdf
u02-s013-v007,question,optionAnalysis[2].reason,10,28,efa96b8ca99cb32a57daa7e136222257d394f6692275655e56ed71f56ba1b9cf
u02-s013-v007,question,optionAnalysis[3].choice,5,9,51c4554280c47dcd1b2d4b078c795e43b6906050e3dfcf74f0a889a2b3bdd39c
u02-s013-v007,question,optionAnalysis[3].reason,7,21,3d328720ee67a3c746dc6c0bcb057e58a8df19527fe8a62eb3b7b93027286a3a
u02-s013-v007,question,commonMistake,16,28,985f4ca482d5a0d1dd829ef33da08127fef5b834436806e627146b6a01315a2d
u02-s013-v007,question,concept,20,60,2aaa64b374e936818732bd8624efd975cedf2d64390942991fafdd0c5d9c7d70
u02-s013-v007,question,tags[0],3,9,fd41540cbdbecb9b5fa7116d27c68e378548ab62ab7c7ca4494730a81ea87667
u02-s013-v007,question,tags[1],9,27,d03484cdc1b934a411bb5ecc93f82d898921fd4267afdc468032303a8a5c657b
u02-s013-v007,question,tags[2],8,8,d21f85ea38166303ce58e06134b5cc4a5c900c409ab2a500ff7c9225109a09bb
u02-s013-v007,question,estimatedTimeSec,2,2,39fa9ec190eee7b6f4dff1100d6343e10918d044c75eac8f9e9a2596173f80c9
u02-s013-v007,question,prerequisiteSkillIds[0],31,31,fb5a8839ea0502fb3bba0d84228e947652ca7b95fc68afd5710256ddd2bf76c0
u02-s013-v007,question,authoringIntent,7,21,971c0754998f819233e84ebf453c100a74d0abab8e0fe63ffd66e5204bddc326
u02-s013-v007,question,reviewStatus,22,22,ec809598e2f7fcc69fad54c9cd045bba62b4a0dc7c0ff90d4efdc3788c9ad8fb
u02-s013-v007,question,contentSha256,64,64,6ee62e997d566700f257f104bac8a4bf5b39b6e408eaa6b57613e2f6e3ba0906
u02-s013-v007,question,contentAuthority,25,25,ed40f75ffe3d6ad4e71f6e7919d063410490de360edb425965eccd605ca9d79e
u02-s013-v008,question,questionId,13,13,e997fef18f363833a7c4258b5f2ae1deb054b0cd8821e0b37c33c9a30cd71158
u02-s013-v008,question,unitId,3,3,95b6504a8bd60df3a9a19ef2c504ac03429b325e9b81f0d701d07bdf6def6afb
u02-s013-v008,question,topicId,18,18,9b64ece213e72b22649ca6f5594dcd36414fc3912e7875cecae09e03983a187a
u02-s013-v008,question,skillId,25,25,d11ce5e180a262d2a486c5dc2192b98b9cb20ca4a44a1f52fa2c006b7ac4468e
u02-s013-v008,question,difficulty,8,8,d21f85ea38166303ce58e06134b5cc4a5c900c409ab2a500ff7c9225109a09bb
u02-s013-v008,question,type,2,2,6bc0f9c4ecb0acbebf1b9f6c816bdd66f4885f67c917d9e141cf893014fba936
u02-s013-v008,question,visualMode,9,9,9c7d54b0bf7a9369d8594201c7b11955514343809d09fbec33966c1fd9794015
u02-s013-v008,question,sourceScope,19,19,a4b669ddb8ef1883391c07a7b633f12eeaeecee7ec37c09eea4931aff6644346
u02-s013-v008,question,text,29,79,25bd9739181c7741c21e45fac4294097e29ac05c81604bca9ec1e9502a4c990d
u02-s013-v008,question,choices[0],3,3,af0a163978e0610e1b9ae50c008b3c838567d08babab7e05c58ff1d3a7d18e95
u02-s013-v008,question,choices[1],3,3,10963ac2db22b5b879edcf195eaacd3866b19571110462807b83133c98182864
u02-s013-v008,question,choices[2],3,3,f39dda09980ef9a67b8524c7ab4fe02526c9c91d00f11fae1824c7d0954d257a
u02-s013-v008,question,choices[3],6,6,31aa30f135adabf6ed64787d42406a8b531f878361a7acce6356f9399c4b22b4
u02-s013-v008,question,explanation,57,117,5568e5d1e29466a0e3f350778442888fa88d517d3940d21fd81cba3282eaf978
u02-s013-v008,question,steps[0],8,16,54a0ef4de0a380239981c0d7ad2d3d7cb6780b05488ac4544e0e706b8a210e60
u02-s013-v008,question,steps[1],25,41,6fe318e9055d2925c4c8503bb3e92746a2ca93d39cf8424388e6e386e66f49c7
u02-s013-v008,question,optionAnalysis[0].choice,3,3,af0a163978e0610e1b9ae50c008b3c838567d08babab7e05c58ff1d3a7d18e95
u02-s013-v008,question,optionAnalysis[0].reason,28,70,72c0998039a788475ea9968ebb28d37fc85c970e6143bf7f63fab83d738575cb
u02-s013-v008,question,optionAnalysis[1].choice,3,3,10963ac2db22b5b879edcf195eaacd3866b19571110462807b83133c98182864
u02-s013-v008,question,optionAnalysis[1].reason,5,15,a1fd39dabcb55369a033fa4b9641d32f49ee863810ca9c78f160cfc060db093b
u02-s013-v008,question,optionAnalysis[2].choice,3,3,f39dda09980ef9a67b8524c7ab4fe02526c9c91d00f11fae1824c7d0954d257a
u02-s013-v008,question,optionAnalysis[2].reason,15,29,6c8857bfa201fe68583dd5e7d6b0c980691a0206d1c7f03dd87c08ded925b042
u02-s013-v008,question,optionAnalysis[3].choice,6,6,31aa30f135adabf6ed64787d42406a8b531f878361a7acce6356f9399c4b22b4
u02-s013-v008,question,optionAnalysis[3].reason,9,15,c01723b4481d28ead707d543f1a5eb3ce265459eb9f0d308a80fe992b57ace17
u02-s013-v008,question,commonMistake,14,36,af3e99da3f58d2f40c8639049be3bbef05cde6e7a679e3d366e96e0337e6734b
u02-s013-v008,question,concept,19,57,aa248c7fc807daa7874efe7e61bd838614cc159970af0abd901409164c99eb05
u02-s013-v008,question,tags[0],3,9,fd41540cbdbecb9b5fa7116d27c68e378548ab62ab7c7ca4494730a81ea87667
u02-s013-v008,question,tags[1],9,27,d03484cdc1b934a411bb5ecc93f82d898921fd4267afdc468032303a8a5c657b
u02-s013-v008,question,tags[2],8,8,d21f85ea38166303ce58e06134b5cc4a5c900c409ab2a500ff7c9225109a09bb
u02-s013-v008,question,estimatedTimeSec,2,2,39fa9ec190eee7b6f4dff1100d6343e10918d044c75eac8f9e9a2596173f80c9
u02-s013-v008,question,prerequisiteSkillIds[0],31,31,fb5a8839ea0502fb3bba0d84228e947652ca7b95fc68afd5710256ddd2bf76c0
u02-s013-v008,question,authoringIntent,6,18,50d03ee212fc57bb60693b5bc3673181f11efb895e1feb1af485e2b9dd48d571
u02-s013-v008,question,reviewStatus,22,22,ec809598e2f7fcc69fad54c9cd045bba62b4a0dc7c0ff90d4efdc3788c9ad8fb
u02-s013-v008,question,contentSha256,64,64,1c5b1ed51b8f29ec54a1f09e605a1df4e4ccb53a673c7a93d0558e4c6640c2cc
u02-s013-v008,question,contentAuthority,25,25,ed40f75ffe3d6ad4e71f6e7919d063410490de360edb425965eccd605ca9d79e
u02-s013-v009,question,questionId,13,13,61011c4db11bbd44a8c1c9544797e20ae8c8b89ed271489a64d40938490f9d51
u02-s013-v009,question,unitId,3,3,95b6504a8bd60df3a9a19ef2c504ac03429b325e9b81f0d701d07bdf6def6afb
u02-s013-v009,question,topicId,18,18,9b64ece213e72b22649ca6f5594dcd36414fc3912e7875cecae09e03983a187a
u02-s013-v009,question,skillId,25,25,d11ce5e180a262d2a486c5dc2192b98b9cb20ca4a44a1f52fa2c006b7ac4468e
u02-s013-v009,question,difficulty,8,8,d21f85ea38166303ce58e06134b5cc4a5c900c409ab2a500ff7c9225109a09bb
u02-s013-v009,question,type,2,2,6bc0f9c4ecb0acbebf1b9f6c816bdd66f4885f67c917d9e141cf893014fba936
u02-s013-v009,question,visualMode,9,9,9c7d54b0bf7a9369d8594201c7b11955514343809d09fbec33966c1fd9794015
u02-s013-v009,question,sourceScope,19,19,a4b669ddb8ef1883391c07a7b633f12eeaeecee7ec37c09eea4931aff6644346
u02-s013-v009,question,text,45,105,0f50e8a77e10f3024f7dd9ff2dec0c321bce15e4eb87383ce6141e3c9a364ec4
u02-s013-v009,question,choices[0],10,18,cb0f901d4f978e113836aa823b7cbefa04c31a4fa5ff2ee10295f859bb1fbcc6
u02-s013-v009,question,choices[1],10,18,bd704ee7c1ef8712e80c5beea08497b66446a93567d3759f0d7c05816fefd8d8
u02-s013-v009,question,choices[2],10,18,47cfe063ea2b55724f7001de4b265cde54f000df6981a2937f64c006773a8bf1
u02-s013-v009,question,choices[3],4,12,11ddbfccde94f2e3cba6d3577a7e51163d90ca602212644ffcd8d8765f6caa97
u02-s013-v009,question,explanation,64,125,f48b25bd18d4981063c3410c7df347bb228528140ee11e12480acdfd48a58ead
u02-s013-v009,question,steps[0],6,8,eb7626f55c9db4df36f875d595aba548fa70a2feb0ec4b54fffdc19de93e53e8
u02-s013-v009,question,steps[1],30,45,640a3f7af4cd4edff777ded2b42ee084233d8cd7942f4ff385e46339a606fe52
u02-s013-v009,question,optionAnalysis[0].choice,10,18,cb0f901d4f978e113836aa823b7cbefa04c31a4fa5ff2ee10295f859bb1fbcc6
u02-s013-v009,question,optionAnalysis[0].reason,8,16,dbd288dffca1b042dc1de314479f781e7ce55c17bd3c808ebd3560249eca9be9
u02-s013-v009,question,optionAnalysis[1].choice,10,18,bd704ee7c1ef8712e80c5beea08497b66446a93567d3759f0d7c05816fefd8d8
u02-s013-v009,question,optionAnalysis[1].reason,5,15,3ae76a26fe54c0738ba503b6aa9503ee9253e720a5ad399de8adf8cc55dac233
u02-s013-v009,question,optionAnalysis[2].choice,10,18,47cfe063ea2b55724f7001de4b265cde54f000df6981a2937f64c006773a8bf1
u02-s013-v009,question,optionAnalysis[2].reason,7,17,704028029a8e7073147164f3cb28ecb7b7334633814bf8506a471dff94ce5069
u02-s013-v009,question,optionAnalysis[3].choice,4,12,11ddbfccde94f2e3cba6d3577a7e51163d90ca602212644ffcd8d8765f6caa97
u02-s013-v009,question,optionAnalysis[3].reason,7,21,8b7c59a1e53d220482ac15f0a337753b81967c7e1d15c870792083967494edb3
u02-s013-v009,question,commonMistake,17,43,6d83f0404c0fa77a11a6dac88330b8dbe5505d81f297f93cf336cec98fed164c
u02-s013-v009,question,concept,16,48,df551ce40334953ee9d8ccf5401a384f5eb90a8de79c4af84e31a6f5bfca786e
u02-s013-v009,question,tags[0],3,9,fd41540cbdbecb9b5fa7116d27c68e378548ab62ab7c7ca4494730a81ea87667
u02-s013-v009,question,tags[1],9,27,d03484cdc1b934a411bb5ecc93f82d898921fd4267afdc468032303a8a5c657b
u02-s013-v009,question,tags[2],8,8,d21f85ea38166303ce58e06134b5cc4a5c900c409ab2a500ff7c9225109a09bb
u02-s013-v009,question,estimatedTimeSec,2,2,39fa9ec190eee7b6f4dff1100d6343e10918d044c75eac8f9e9a2596173f80c9
u02-s013-v009,question,prerequisiteSkillIds[0],31,31,fb5a8839ea0502fb3bba0d84228e947652ca7b95fc68afd5710256ddd2bf76c0
u02-s013-v009,question,authoringIntent,9,27,c1c5f2a2c833b18136d7641bb2eb8559ec3d2fa55a498c8fb882c04795d8283d
u02-s013-v009,question,reviewStatus,22,22,ec809598e2f7fcc69fad54c9cd045bba62b4a0dc7c0ff90d4efdc3788c9ad8fb
u02-s013-v009,question,contentSha256,64,64,558a27806429abaf02e64c50b7860c247e219c73e5126e96f2f1b347c2884b1e
u02-s013-v009,question,contentAuthority,25,25,ed40f75ffe3d6ad4e71f6e7919d063410490de360edb425965eccd605ca9d79e
u02-s013-v010,question,questionId,13,13,be0357444dfe786aa29282f20d2df67af81332d8f1573f483468e871c970ff67
u02-s013-v010,question,unitId,3,3,95b6504a8bd60df3a9a19ef2c504ac03429b325e9b81f0d701d07bdf6def6afb
u02-s013-v010,question,topicId,18,18,9b64ece213e72b22649ca6f5594dcd36414fc3912e7875cecae09e03983a187a
u02-s013-v010,question,skillId,25,25,d11ce5e180a262d2a486c5dc2192b98b9cb20ca4a44a1f52fa2c006b7ac4468e
u02-s013-v010,question,difficulty,8,8,578756ca4aa16d8872610a5aaa78460fd30fbe93379ff7284fe65d66ca606755
u02-s013-v010,question,type,2,2,6bc0f9c4ecb0acbebf1b9f6c816bdd66f4885f67c917d9e141cf893014fba936
u02-s013-v010,question,visualMode,9,9,9c7d54b0bf7a9369d8594201c7b11955514343809d09fbec33966c1fd9794015
u02-s013-v010,question,sourceScope,19,19,a4b669ddb8ef1883391c07a7b633f12eeaeecee7ec37c09eea4931aff6644346
u02-s013-v010,question,text,30,80,eb74687ae7fe80887e91a49e2ecb7ece757dd76f6e646089bc9b9ed9dbbc37b0
u02-s013-v010,question,choices[0],5,7,72f3cab238c6c70082be7bc201267af19aaa5276b25156585d75e9a861dbe96d
u02-s013-v010,question,choices[1],5,7,493d773442d74b1a4a1dbadc0f5f09c798f7fcff99c693738e556cee0e959741
u02-s013-v010,question,choices[2],6,8,723c9c54856db2e0a3124b818f47aaf33a63485dc7fd38dcff5419d73be2b683
u02-s013-v010,question,choices[3],6,8,19f8d206ea1a097eea1db893240ad56bd219f6ffb8ef7560cac41063e4f51d28
u02-s013-v010,question,explanation,52,115,358c806c2b50216fef8e86536370c3486a705c2a7142181ad788bad43eaa7a6c
u02-s013-v010,question,steps[0],23,42,dfa0ef1a63c7ec822722d21be767991ab54c0dedba0abf80afc23a980bef907a
u02-s013-v010,question,steps[1],6,12,44b10e585431c8479fcad6521d55396ce34a009193b7a1e64264404b8af67868
u02-s013-v010,question,optionAnalysis[0].choice,5,7,72f3cab238c6c70082be7bc201267af19aaa5276b25156585d75e9a861dbe96d
u02-s013-v010,question,optionAnalysis[0].reason,9,27,a99099fd9b5a645c63a3d1982e212d20a9792cd8618dbd05c0bbee7eb096231a
u02-s013-v010,question,optionAnalysis[1].choice,5,7,493d773442d74b1a4a1dbadc0f5f09c798f7fcff99c693738e556cee0e959741
u02-s013-v010,question,optionAnalysis[1].reason,12,14,8374cff9aa382b612803dd27d6c5970e8b9fcbb213a21b3a2c0906282b9603d7
u02-s013-v010,question,optionAnalysis[2].choice,6,8,723c9c54856db2e0a3124b818f47aaf33a63485dc7fd38dcff5419d73be2b683
u02-s013-v010,question,optionAnalysis[2].reason,6,18,8b8f5366d176a535f6c47bc33ba341d7b79f3a30734bb5fcbf20476c66974822
u02-s013-v010,question,optionAnalysis[3].choice,6,8,19f8d206ea1a097eea1db893240ad56bd219f6ffb8ef7560cac41063e4f51d28
u02-s013-v010,question,optionAnalysis[3].reason,7,21,ab678d267120a25dc509f2f144a0647ddaa05c36d71e662102837008bab0a66a
u02-s013-v010,question,commonMistake,14,42,44b38f19c743ba299fbf53a36bf19e0b67be5ef3bad429a40646440ec3c6f9a0
u02-s013-v010,question,concept,12,36,c7acf755196454d678b56b18bf417eb653654ca1366dfe371183a4ad4bd49198
u02-s013-v010,question,tags[0],3,9,fd41540cbdbecb9b5fa7116d27c68e378548ab62ab7c7ca4494730a81ea87667
u02-s013-v010,question,tags[1],9,27,d03484cdc1b934a411bb5ecc93f82d898921fd4267afdc468032303a8a5c657b
u02-s013-v010,question,tags[2],8,8,578756ca4aa16d8872610a5aaa78460fd30fbe93379ff7284fe65d66ca606755
u02-s013-v010,question,estimatedTimeSec,2,2,39fa9ec190eee7b6f4dff1100d6343e10918d044c75eac8f9e9a2596173f80c9
u02-s013-v010,question,prerequisiteSkillIds[0],31,31,fb5a8839ea0502fb3bba0d84228e947652ca7b95fc68afd5710256ddd2bf76c0
u02-s013-v010,question,authoringIntent,6,18,94c503e5e7a17613493f1cece55cc6f1f1669edd656b2b4d5b2d9398dd822dcd
u02-s013-v010,question,literacyContextNecessity,30,90,d7d5680545c3d697284ef27c68553189c6f09ea9078abeb3c6f890c1bda0e1d4
u02-s013-v010,question,reviewStatus,22,22,ec809598e2f7fcc69fad54c9cd045bba62b4a0dc7c0ff90d4efdc3788c9ad8fb
u02-s013-v010,question,contentSha256,64,64,7e5c2cc64675c6d42986cb51dbfe9eab247b51bd519e36e53b96044c81ba2823
u02-s013-v010,question,contentAuthority,25,25,ed40f75ffe3d6ad4e71f6e7919d063410490de360edb425965eccd605ca9d79e
u02-s013-v011,question,questionId,13,13,3b5e7b56d383c4cb7be01336307877977703beca79b1fbc5812100cbc654e944
u02-s013-v011,question,unitId,3,3,95b6504a8bd60df3a9a19ef2c504ac03429b325e9b81f0d701d07bdf6def6afb
u02-s013-v011,question,topicId,18,18,9b64ece213e72b22649ca6f5594dcd36414fc3912e7875cecae09e03983a187a
u02-s013-v011,question,skillId,25,25,d11ce5e180a262d2a486c5dc2192b98b9cb20ca4a44a1f52fa2c006b7ac4468e
u02-s013-v011,question,difficulty,8,8,578756ca4aa16d8872610a5aaa78460fd30fbe93379ff7284fe65d66ca606755
u02-s013-v011,question,type,2,2,6bc0f9c4ecb0acbebf1b9f6c816bdd66f4885f67c917d9e141cf893014fba936
u02-s013-v011,question,visualMode,9,9,9c7d54b0bf7a9369d8594201c7b11955514343809d09fbec33966c1fd9794015
u02-s013-v011,question,sourceScope,19,19,a4b669ddb8ef1883391c07a7b633f12eeaeecee7ec37c09eea4931aff6644346
u02-s013-v011,question,text,24,52,eacdf6e7e2b971c13ad9f70adb5c9983aef8c374434bb4f908785d4052e29bd7
u02-s013-v011,question,choices[0],4,6,c2f2f52e35c01917c137cdacb61a6e6492b25b4d7a6b07ec49a746e073ff1175
u02-s013-v011,question,choices[1],4,6,215723745815fec26dd191cc1bce5e67227530172e25c2ba3ee82e4559f1cea8
u02-s013-v011,question,choices[2],4,6,b2937a737e201cf2108f01fa4b81280065eb04454a9cf89824acca8207a35b82
u02-s013-v011,question,choices[3],4,6,4c584082dae8cae64f3c4fce3cc41cb34832fc7699e2fb1680dd9645ddf69a35
u02-s013-v011,question,explanation,38,83,4b8ce80392f9781c334c60d995e1a3dfefa8bc0c4bda7a7d19ed2c009255b47f
u02-s013-v011,question,steps[0],11,12,2e2f227f180a17063da4b3a8e254a7cfe9b635e85f3587a8988ef0206e027c94
u02-s013-v011,question,steps[1],5,11,4e18e35ee79f368fa63e478b67a61a06f8c91de9ff7eac45c1eb93fc7754dd6f
u02-s013-v011,question,optionAnalysis[0].choice,4,6,c2f2f52e35c01917c137cdacb61a6e6492b25b4d7a6b07ec49a746e073ff1175
u02-s013-v011,question,optionAnalysis[0].reason,10,16,895d36c743696b2d6288327180670880ddc713a30fab2204d914a8becc07708e
u02-s013-v011,question,optionAnalysis[1].choice,4,6,215723745815fec26dd191cc1bce5e67227530172e25c2ba3ee82e4559f1cea8
u02-s013-v011,question,optionAnalysis[1].reason,8,14,0ac5e08a4481c2e350d57d84d7760b794a12a0e67c803f669b2d5d117293d83f
u02-s013-v011,question,optionAnalysis[2].choice,4,6,b2937a737e201cf2108f01fa4b81280065eb04454a9cf89824acca8207a35b82
u02-s013-v011,question,optionAnalysis[2].reason,6,14,4f9f61d3d3683dc79d7c55b252f4c171acd602891315aed90fb0178df5e357d1
u02-s013-v011,question,optionAnalysis[3].choice,4,6,4c584082dae8cae64f3c4fce3cc41cb34832fc7699e2fb1680dd9645ddf69a35
u02-s013-v011,question,optionAnalysis[3].reason,8,14,2d4dce2bb6b1a767b5499582c6da048ffc7bf96427f6d98b66ed1ecbbd44a7a3
u02-s013-v011,question,commonMistake,11,33,a79920d664a07dd7e3fcabe6e7cea6ad5f6ee1a4e36b4baa59041bd6cd2404f8
u02-s013-v011,question,concept,21,60,135fb190a4a5397212f754b6b3299ad994a6fa7e204ac38d8cbbd11ed475c25a
u02-s013-v011,question,tags[0],3,9,fd41540cbdbecb9b5fa7116d27c68e378548ab62ab7c7ca4494730a81ea87667
u02-s013-v011,question,tags[1],9,27,d03484cdc1b934a411bb5ecc93f82d898921fd4267afdc468032303a8a5c657b
u02-s013-v011,question,tags[2],8,8,578756ca4aa16d8872610a5aaa78460fd30fbe93379ff7284fe65d66ca606755
u02-s013-v011,question,estimatedTimeSec,2,2,39fa9ec190eee7b6f4dff1100d6343e10918d044c75eac8f9e9a2596173f80c9
u02-s013-v011,question,prerequisiteSkillIds[0],31,31,fb5a8839ea0502fb3bba0d84228e947652ca7b95fc68afd5710256ddd2bf76c0
u02-s013-v011,question,authoringIntent,6,18,8a23ffb5322b131415b0803d04adffb2f1259dfa2ce6d7aa8a48c5dbc8639bd8
u02-s013-v011,question,literacyContextNecessity,43,129,8bfd80ac53403ad316068596c0b2ab3d4847af815f306b581b5f168426db374d
u02-s013-v011,question,reviewStatus,22,22,ec809598e2f7fcc69fad54c9cd045bba62b4a0dc7c0ff90d4efdc3788c9ad8fb
u02-s013-v011,question,contentSha256,64,64,1eea1652545edb9f9818c1c7c4273e255b2eb6f2c376c7ae1245fdb618322f2f
u02-s013-v011,question,contentAuthority,25,25,ed40f75ffe3d6ad4e71f6e7919d063410490de360edb425965eccd605ca9d79e
u02-s013-v012,question,questionId,13,13,00b426d4f745a6355bd74605863070a260f5575d31b69494fbbfce2dd77f00ca
u02-s013-v012,question,unitId,3,3,95b6504a8bd60df3a9a19ef2c504ac03429b325e9b81f0d701d07bdf6def6afb
u02-s013-v012,question,topicId,18,18,9b64ece213e72b22649ca6f5594dcd36414fc3912e7875cecae09e03983a187a
u02-s013-v012,question,skillId,25,25,d11ce5e180a262d2a486c5dc2192b98b9cb20ca4a44a1f52fa2c006b7ac4468e
u02-s013-v012,question,difficulty,8,8,578756ca4aa16d8872610a5aaa78460fd30fbe93379ff7284fe65d66ca606755
u02-s013-v012,question,type,2,2,6bc0f9c4ecb0acbebf1b9f6c816bdd66f4885f67c917d9e141cf893014fba936
u02-s013-v012,question,visualMode,9,9,9c7d54b0bf7a9369d8594201c7b11955514343809d09fbec33966c1fd9794015
u02-s013-v012,question,sourceScope,19,19,a4b669ddb8ef1883391c07a7b633f12eeaeecee7ec37c09eea4931aff6644346
u02-s013-v012,question,text,35,95,0b790c1864c7c76bf1df759d8cf1400c545c8b577dc7580e8085ba39913a2593
u02-s013-v012,question,choices[0],6,10,e4891092067b2f318820d230f33cb482f04711884c027b52b7f1a579280f2100
u02-s013-v012,question,choices[1],6,10,7337e3b811161186c14251c2d178dd21f3778e5a40f5243cd725a0f9f17781d3
u02-s013-v012,question,choices[2],6,10,bdf3e82739a4f86a731f54de0f14350a54a870277aa99bc93b5041039de2ad60
u02-s013-v012,question,choices[3],6,10,4318a2a8485b62258225976dcd863e6b91023bc7e315246e80082bcdc14b572a
u02-s013-v012,question,explanation,43,90,65b629b7249d3469bcae30358df7d0f07b0e1853bb98d487b94487511f4d1e5d
u02-s013-v012,question,steps[0],7,13,7668de505222e24838280c4deff2fba114dde8ccbdf75a945a39691ada83e911
u02-s013-v012,question,steps[1],12,13,cf78881089107f0b98607b27d71d7237ca786d730cfdaf5f5a292eadfe289c20
u02-s013-v012,question,optionAnalysis[0].choice,6,10,e4891092067b2f318820d230f33cb482f04711884c027b52b7f1a579280f2100
u02-s013-v012,question,optionAnalysis[0].reason,10,20,47d906e7da94dd08abccab265bb7d839e694e388aa0c8fe09fd16a8b7e211245
u02-s013-v012,question,optionAnalysis[1].choice,6,10,7337e3b811161186c14251c2d178dd21f3778e5a40f5243cd725a0f9f17781d3
u02-s013-v012,question,optionAnalysis[1].reason,7,15,4a5323fb585be59bfacd757c7188800068bd4686c2b0370081c6fda46b663a78
u02-s013-v012,question,optionAnalysis[2].choice,6,10,bdf3e82739a4f86a731f54de0f14350a54a870277aa99bc93b5041039de2ad60
u02-s013-v012,question,optionAnalysis[2].reason,8,14,18e0ec3c62a4cc9c3ac12650d59cb1315df38d45f6d31f2cc0c4546fd773adc9
u02-s013-v012,question,optionAnalysis[3].choice,6,10,4318a2a8485b62258225976dcd863e6b91023bc7e315246e80082bcdc14b572a
u02-s013-v012,question,optionAnalysis[3].reason,8,18,dae6f03f2a2143f62410777d147f67169a62f3b9c2d62483f2594d1121335a6a
u02-s013-v012,question,commonMistake,17,43,6a2020c4bbd22e8c043989cfc704996e5f00aa352050d437c862e1a369ab3307
u02-s013-v012,question,concept,15,29,d7604c045139660633b090cf993ba47ddf21350e27036fd7f1dc67fc12157fbc
u02-s013-v012,question,tags[0],3,9,fd41540cbdbecb9b5fa7116d27c68e378548ab62ab7c7ca4494730a81ea87667
u02-s013-v012,question,tags[1],9,27,d03484cdc1b934a411bb5ecc93f82d898921fd4267afdc468032303a8a5c657b
u02-s013-v012,question,tags[2],8,8,578756ca4aa16d8872610a5aaa78460fd30fbe93379ff7284fe65d66ca606755
u02-s013-v012,question,estimatedTimeSec,2,2,39fa9ec190eee7b6f4dff1100d6343e10918d044c75eac8f9e9a2596173f80c9
u02-s013-v012,question,prerequisiteSkillIds[0],31,31,fb5a8839ea0502fb3bba0d84228e947652ca7b95fc68afd5710256ddd2bf76c0
u02-s013-v012,question,authoringIntent,5,15,dde21853d4a1a69f895cf1a52ca1970a5b77889aa5494b38e3f924c6f9007689
u02-s013-v012,question,literacyContextNecessity,47,125,361d963daa834695815c4802a6a3c095f535a5bcc4e739238e241373799fd6b6
u02-s013-v012,question,reviewStatus,22,22,ec809598e2f7fcc69fad54c9cd045bba62b4a0dc7c0ff90d4efdc3788c9ad8fb
u02-s013-v012,question,contentSha256,64,64,1fbb28086e834d0edc3f91a1040c2a202a2c270bf4dd038a401bf05f13a0513b
u02-s013-v012,question,contentAuthority,25,25,ed40f75ffe3d6ad4e71f6e7919d063410490de360edb425965eccd605ca9d79e
u02-s013-cr001,question,questionId,14,14,9247d5801d7112a10f28106b13ae21f6a2a81fd9e12c654c01c871d02db0b14d
u02-s013-cr001,question,unitId,3,3,95b6504a8bd60df3a9a19ef2c504ac03429b325e9b81f0d701d07bdf6def6afb
u02-s013-cr001,question,topicId,18,18,9b64ece213e72b22649ca6f5594dcd36414fc3912e7875cecae09e03983a187a
u02-s013-cr001,question,skillId,25,25,d11ce5e180a262d2a486c5dc2192b98b9cb20ca4a44a1f52fa2c006b7ac4468e
u02-s013-cr001,question,difficulty,8,8,fe6d3468cf5c74d8ec2a95b40f2e05338c37a4202f8fad692d2b64a9cf9b468a
u02-s013-cr001,question,type,20,20,e519496c259191db041ac61161dbfadb673dd94a10a123ed7423adcf7968ae7c
u02-s013-cr001,question,visualMode,9,9,9c7d54b0bf7a9369d8594201c7b11955514343809d09fbec33966c1fd9794015
u02-s013-cr001,question,prompt,67,171,253ac25e132a19e8885b16e1a56f0f4595f6ac461ba93047c5473bab3ae19b22
u02-s013-cr001,question,requiredWork[0],6,18,c61d2335d051d7a508f80a919f57c05fe7013375141884119c63b59aa31a5d09
u02-s013-cr001,question,requiredWork[1],16,48,afc468c26ffb4d823af7adcd0f57f4982cad6cb0a647434e55c5442a276f0e1d
u02-s013-cr001,question,fullCreditSolution[0],16,21,c7280527a5f3fd2c7230e09b6b6c58a57d12b2bfc557ed64e2638701e79bf458
u02-s013-cr001,question,fullCreditSolution[1],15,19,624b4b941cfdb8bdc0727e47b18030ca34acaa53a862b959a48b03682af29f96
u02-s013-cr001,question,fullCreditSolution[2],18,23,b76b7c6dbb176de89e06bb2d8e91b58b596b1ab3bbaf7d9ce4447d58bb875df8
u02-s013-cr001,question,alternativeSolutions[0],18,34,e432dff56a093ef78b727b65c03ac1255675fbbafae2ef5695d4f7ee03362e80
u02-s013-cr001,question,rubric[0].criteria,14,30,f24d61c15123f64a7ca5ed6b6f382fa20e01345160f08bc5beefbec72dd9451c
u02-s013-cr001,question,rubric[1].criteria,12,36,6d1ab9a33d2191d8a1ace3619c0643a9a63f61b9c4168f10bef1eecf56965de5
u02-s013-cr001,question,rubric[2].criteria,19,41,ce76aba8e199aedc15a10b1c2ca90ef35228e50d9939c38b18da82cbfa68a6b4
u02-s013-cr001,question,rubric[3].criteria,13,39,bcf5bf3a57edf382f112b732f7dba65ec919b2b48c9d8c3c576138d7bb15ef2a
u02-s013-cr001,question,scoringNotes[0],24,62,0cdb2227c6092bb252c248fea9612762203a896bb5078a8b899c6dfc14e2893a
u02-s013-cr001,question,commonErrors[0],9,27,28caad85f903fe6f18124e348ccbe514435083598d5ad7eb0ebee3d2f71828d3
u02-s013-cr001,question,commonErrors[1],9,27,43776b609981dd4cb4e4fdc367ce752330045ca84d8580b478aa9fface0155c6
u02-s013-cr001,question,independentReview.derivedResult,10,18,788c2de98ef8c6871b8b4706740b2e063a8a282acc876ee26639225ca7e9887d
u02-s013-cr001,question,independentReview.ambiguity,13,39,a002cc7730a51394b314637b0319ebef4fcc15c200e373b3295a24c89981de0a
u02-s013-cr001,question,independentReview.decision,4,4,d74ff0ee8da3b9806b18c877dbf29bbde50b5bd8e4dad7a3a725000feb82e8f1
u02-s013-cr001,question,contentSha256,64,64,dbeacf5734d0ae571f230b7f1d31ea82dddeb10a935df71b32de8a940659c2a1
u02-s013-cr001,question,contentAuthority,25,25,ed40f75ffe3d6ad4e71f6e7919d063410490de360edb425965eccd605ca9d79e
u02-s013-cr002,question,questionId,14,14,a1935e13f9df5da3aeda4d6969f029369fc31d182c120d44ea188630e31b73f7
u02-s013-cr002,question,unitId,3,3,95b6504a8bd60df3a9a19ef2c504ac03429b325e9b81f0d701d07bdf6def6afb
u02-s013-cr002,question,topicId,18,18,9b64ece213e72b22649ca6f5594dcd36414fc3912e7875cecae09e03983a187a
u02-s013-cr002,question,skillId,25,25,d11ce5e180a262d2a486c5dc2192b98b9cb20ca4a44a1f52fa2c006b7ac4468e
u02-s013-cr002,question,difficulty,8,8,d21f85ea38166303ce58e06134b5cc4a5c900c409ab2a500ff7c9225109a09bb
u02-s013-cr002,question,type,20,20,e519496c259191db041ac61161dbfadb673dd94a10a123ed7423adcf7968ae7c
u02-s013-cr002,question,visualMode,9,9,9c7d54b0bf7a9369d8594201c7b11955514343809d09fbec33966c1fd9794015
u02-s013-cr002,question,prompt,53,131,2ef125520a32c08958888a6673e0abe7f73a4317247578d8959086062cd63ea0
u02-s013-cr002,question,requiredWork[0],6,18,b81fa91f84a4f46ba0a754c88f077fb774ba976fe1c5906a48329a700d9762d0
u02-s013-cr002,question,requiredWork[1],5,15,77c1f4cc804789e5724451ab3773bebbaac5e5770c3e5ff06ef2a824a6c87b59
u02-s013-cr002,question,requiredWork[2],6,18,b0250bd4660650de48a302d82fe1d51ab75b7dd8df9ae9cb6838e415bb17d0fa
u02-s013-cr002,question,fullCreditSolution[0],17,26,a73c4de8e07d4f7a370d2af1a92e3dae4ebecaa43ec8923ea49c7e920f99957a
u02-s013-cr002,question,fullCreditSolution[1],19,28,63e04e4816d9fd152f2788c8451a07e97738e3802bca84dd5c9e58d2e1321b23
u02-s013-cr002,question,fullCreditSolution[2],16,36,7d0525b4b60df90f4ca040cf91a6465c74647c1d4ce7a1269ac3d523fcf1632b
u02-s013-cr002,question,alternativeSolutions[0],18,32,7af9e21c064b0df240a8e7be500a4d735b9fa8cb542c01f4394b838a5c12b57c
u02-s013-cr002,question,rubric[0].criteria,15,33,9b72ad48366fc688baa86543cb9750e9b6c157a565d286c2f2336045d962fe0d
u02-s013-cr002,question,rubric[1].criteria,13,39,a462a1f5dc81e010cdc9dcb8bf60f371b7c612295bf520981e4d1dcd689b241c
u02-s013-cr002,question,rubric[2].criteria,14,34,b580b91582b1c64f3a0e138687207681b5ca13a34b69244146cfa306bd1765b1
u02-s013-cr002,question,rubric[3].criteria,13,19,6dc3729f6eee829accaf84798a47d88de567f37f65162dc0a64b9abbc0306e57
u02-s013-cr002,question,scoringNotes[0],10,30,7f0a4c2cd97e2ca99afbc57f36b02d661db9b0dcea08b739578fffbe2eb162ef
u02-s013-cr002,question,commonErrors[0],9,27,da813bba4cec858114bfda9b3ac000f6540f946194cdd3d7f2958c397e4d6350
u02-s013-cr002,question,commonErrors[1],12,24,ff5211f0c12b2097ef677398d9af532a99cdfb1e6a3944a0b6c74428195dbe82
u02-s013-cr002,question,independentReview.derivedResult,15,33,03051be7ee3f91eaaef7b63c25fbb96556cf5791c98354b7c5ca32a154ee0570
u02-s013-cr002,question,independentReview.ambiguity,13,39,a002cc7730a51394b314637b0319ebef4fcc15c200e373b3295a24c89981de0a
u02-s013-cr002,question,independentReview.decision,4,4,d74ff0ee8da3b9806b18c877dbf29bbde50b5bd8e4dad7a3a725000feb82e8f1
u02-s013-cr002,question,contentSha256,64,64,6b469f1677d7494d529a044477df0b70d341f48fa403e7a46e258d69d7801f71
u02-s013-cr002,question,contentAuthority,25,25,ed40f75ffe3d6ad4e71f6e7919d063410490de360edb425965eccd605ca9d79e
u02-s014-lecture-r1,lecture,lectureId,19,19,4f80fd06105a4b31cb29006a7c2b11702c502dfbf27354c7bd9ac845d76355bc
u02-s014-lecture-r1,lecture,unitId,3,3,95b6504a8bd60df3a9a19ef2c504ac03429b325e9b81f0d701d07bdf6def6afb
u02-s014-lecture-r1,lecture,topicId,18,18,9b64ece213e72b22649ca6f5594dcd36414fc3912e7875cecae09e03983a187a
u02-s014-lecture-r1,lecture,skillId,22,22,e8e8a5c1301f9a6a086bb1f47879ec7be4667a2c0bf2b81343376fa93e799790
u02-s014-lecture-r1,lecture,title,26,68,732d5889a39208b49bb6bb7b3fd83e69f012a55be2af949d2d97072e0a294809
u02-s014-lecture-r1,lecture,audience,10,30,e6b4416fbd9f36797de01256b31a4d6f6314e126fde8495e25792c814f64fc5f
u02-s014-lecture-r1,lecture,reviewStatus,22,22,ec809598e2f7fcc69fad54c9cd045bba62b4a0dc7c0ff90d4efdc3788c9ad8fb
u02-s014-lecture-r1,lecture,learningOutcomes[0],14,42,a140febb353d7db174d8d146edce7a6c9974a032bd424c51cabf91c9a09ee1ed
u02-s014-lecture-r1,lecture,learningOutcomes[1],17,41,495893e334505e09d7c642687572da692aede5d42a5a662e24830946cc741bde
u02-s014-lecture-r1,lecture,learningOutcomes[2],12,36,d5d16b184ee5895b8b82dedee53338f9b76360b4c8eea257563abd1458542c3a
u02-s014-lecture-r1,lecture,learningOutcomes[3],20,58,1ced2dec5f4df0b16b486e427cb68265e98daecea17422b6876a731e73e9cac0
u02-s014-lecture-r1,lecture,prerequisites[0].skillId,25,25,d11ce5e180a262d2a486c5dc2192b98b9cb20ca4a44a1f52fa2c006b7ac4468e
u02-s014-lecture-r1,lecture,prerequisites[0].requiredLevel,22,66,564c394c2d6092eedc71eeefb260f2229e4ae497e9e3b4e42e4a2924f57dbaf4
u02-s014-lecture-r1,lecture,glossary[0].term,3,9,f749ccbad6a4355bf913f33518d066b2880126c46f3b7da1a43c21d4ce469697
u02-s014-lecture-r1,lecture,glossary[0].definition,14,32,887d3dc7edeebafbef96bd29c5b3982f2dfca2106a0df88464036736ffb337a1
u02-s014-lecture-r1,lecture,glossary[1].term,3,9,c6a091bf4d4d8e9cc8a041e79eec019f085863c90713951fc7e474879b701352
u02-s014-lecture-r1,lecture,glossary[1].definition,11,33,6f530a8cf4a43fe692803e759404aaf1fd515b1e436fb8b7b3cd9b9746355958
u02-s014-lecture-r1,lecture,glossary[2].term,2,6,63a57371d657f357db02fbeca69735e89dc537d8f5b7b9f46c7a03a8c5447b5c
u02-s014-lecture-r1,lecture,glossary[2].definition,11,33,77ec01cf4ab50eca7e2a42ecad7ebf0dd3882b37a5079a7fe7d5a9e7ceead6fa
u02-s014-lecture-r1,lecture,glossary[3].term,2,6,c7c3c2d20dcbf0d2ed78f042657349e56ed692cc04722217bd950c0691c2c56d
u02-s014-lecture-r1,lecture,glossary[3].definition,11,33,658241470a2d218134b440383261e5d6d754c85d3d0a95e8db7115d455bdd59c
u02-s014-lecture-r1,lecture,notation[0].symbol,10,27,6c6756da54e5d6ba95e7cfb8cd1ffc493bb7101270c694d75007acd2f3e7db49
u02-s014-lecture-r1,lecture,notation[0].meaning,7,21,849e49a6b3fa105daf349801ba3fa38c473c8bf917efdbad3c4051809dafd60d
u02-s014-lecture-r1,lecture,conceptNarrative[0],26,58,9091394936572b042813634d426125c2cc737fcdde8c58d31bc5872c12b30a8b
u02-s014-lecture-r1,lecture,conceptNarrative[1],31,64,f548d0cd249aa6a822ebdee1e00863e85db54cbbc0fa9d3bb193b48aaf727474
u02-s014-lecture-r1,lecture,conceptNarrative[2],15,45,a6bf4c882be953cae9d32909fcfdcc1ff73d352289a3cdd26ebb965eb3c93e8f
u02-s014-lecture-r1,lecture,conceptNarrative[3],30,90,632c2ec00dd6fbeae07f54fecfa6b41236c0efb2148f9db81d984364aca229d0
u02-s014-lecture-r1,lecture,formalDefinitions[0].name,3,9,f749ccbad6a4355bf913f33518d066b2880126c46f3b7da1a43c21d4ce469697
u02-s014-lecture-r1,lecture,formalDefinitions[0].statement,13,31,9a6fbcde124c864b7b9c78e7f2954460f2f0a3f876676990d41cb854c14a0ff9
u02-s014-lecture-r1,lecture,formalDefinitions[1].name,3,9,c6a091bf4d4d8e9cc8a041e79eec019f085863c90713951fc7e474879b701352
u02-s014-lecture-r1,lecture,formalDefinitions[1].statement,12,36,2a851b96c82207164f0330f5ce99d1bb9c7653c3a111a67fa321074c5f90d0a9
u02-s014-lecture-r1,lecture,formulas[0].formula,10,27,1bef36b827fc8621a43537037eeb8a108cde35bc02182d4aa6cac99ac96bcbc4
u02-s014-lecture-r1,lecture,formulas[0].conditions[0],4,10,53cae641bbf91229a3ce36ea3796d38b95cb873ffa6e60f5be80c77c77065b94
u02-s014-lecture-r1,lecture,formulas[0].meaning,5,15,5eb2b422df24f2eddcc3bf67299f62aa65e6da3f5f04d7fc23784f5e62b8704e
u02-s014-lecture-r1,lecture,formulas[1].formula,11,23,dc04e1597386ccf403018132c787d431697fefa4cb3aa7ab4f75dd74c9c8f12c
u02-s014-lecture-r1,lecture,formulas[1].conditions[0],5,15,ad3ffe57ea1610ac513ca2ac1590f96a0e66d1412a4aba7ce27227d22059af01
u02-s014-lecture-r1,lecture,formulas[1].meaning,5,15,4a7cb336a52c348af988c7dc0a748b956da632d5b870445b79f1696988bff09a
u02-s014-lecture-r1,lecture,nonApplicableCases[0],18,54,b1352926704c6519b268ba7ffac33f435ed5315d90592a9f018a90d3574e8b1b
u02-s014-lecture-r1,lecture,nonApplicableCases[1],20,56,8969b2b2af1467c4cd39750d4c75ef06113c255fee19e599c49520cbe02a3c56
u02-s014-lecture-r1,lecture,nonApplicableCases[2],15,45,476a1003c88216374b79d219a1aa3e26f6c293e2cdf658305139554b8ac2e068
u02-s014-lecture-r1,lecture,nonApplicableCases[3],18,50,cf83fac22cc3fe3113377fe49a038d8258e7941bc4a77fe388fc43c3b072a840
u02-s014-lecture-r1,lecture,method[0].instruction,16,48,62e617ddf99ce1f222cdec85a66b471cd8346e90f2ae73119ea065f9cd70b55a
u02-s014-lecture-r1,lecture,method[0].check,11,25,8eba6b2096e7999e4cc2d26fbd56a4348fe637c3aad2f8961bed9d32a270780d
u02-s014-lecture-r1,lecture,method[1].instruction,5,15,80fdfe566330814e086ad92a27de64893c52d27a8598af964053d3e92ea40953
u02-s014-lecture-r1,lecture,method[1].check,12,33,2b1de516b671f113f4cd5038e2894b275e7134e39d0f34830d40e474cff52340
u02-s014-lecture-r1,lecture,method[2].instruction,6,18,35484462ef1afc761835c254b2a11fb4841b9712e5db7f2b2f2e1f9df22d17a3
u02-s014-lecture-r1,lecture,method[2].check,9,27,8c61049dc9920ec79d02788db7e6e944e220300fb43242c0644d62d77e9a9118
u02-s014-lecture-r1,lecture,method[3].instruction,11,33,829f815e43b3999459f547d18f73d4312601c46e00bfa7c412638f19fbf699a7
u02-s014-lecture-r1,lecture,method[3].check,10,30,175ff6b26d16006954ff106b00010a67f4c3593d1567bfc07073be322a42fdcb
u02-s014-lecture-r1,lecture,method[4].instruction,5,15,49d98c82b87a49efd8daf3f335cc83ecc3d6b42a562d0502353d2c3175ef70ff
u02-s014-lecture-r1,lecture,method[4].check,16,48,c95f6de15bc288e0964c8087450408890899374f3df894b093ed735d2a30ced7
u02-s014-lecture-r1,lecture,workedExamples[0].exampleId,2,2,dffe8596427fc50e8f64654a609af134d45552f18bbecef90b31135a9e7acaa0
u02-s014-lecture-r1,lecture,workedExamples[0].prompt,13,27,1f5720563eb6263e6634945082e36d4739924e40102b8a9bd0e2bb579c277224
u02-s014-lecture-r1,lecture,workedExamples[0].solutionSteps[0],10,15,d2215f659505ca02a1bacbce49a5d94730700efaf06a99a0762de5c869e79468
u02-s014-lecture-r1,lecture,workedExamples[0].solutionSteps[1],6,10,b72478bf9fe2d60718a92f634c923781e7e18fb25681a352edb8b657eb1d2cf0
u02-s014-lecture-r1,lecture,workedExamples[0].answer,6,12,f521b0b10ce591f249fb4d8452a55b4a5e4fc27e845b1e758e4659ddb6adfb05
u02-s014-lecture-r1,lecture,workedExamples[1].exampleId,2,2,d76354d8457898445bb69e0dc0dc95fb74cc3cf334f8c1859162a16ad0041f8d
u02-s014-lecture-r1,lecture,workedExamples[1].prompt,17,37,adc32895617ee702ae3ff538a3daa95eef8c0e5619a8cd00c62f249a7c88010e
u02-s014-lecture-r1,lecture,workedExamples[1].solutionSteps[0],11,22,afacd77ef3b012c6312783c1930a55563d95743808ca2e2879ac6975f0ea9287
u02-s014-lecture-r1,lecture,workedExamples[1].solutionSteps[1],8,14,a70e5679c9a9a05dc6d7cf1e207ad98256e2498378d76d411a94839c678177bd
u02-s014-lecture-r1,lecture,workedExamples[1].answer,7,13,30b9c66f3d1d9aeb572aeb12a4179ce745bfc96d7027bcbf5cb810cfa4d0dfee
u02-s014-lecture-r1,lecture,workedExamples[2].exampleId,2,2,842983de8fb1d277a3fad5c8295c7a14317c458718a10c5a35b23e7f992a5c80
u02-s014-lecture-r1,lecture,workedExamples[2].prompt,15,35,3d91ea74a1439dbefac044b886c56c7d340e328ecd9f2461015e5ed557cd7ada
u02-s014-lecture-r1,lecture,workedExamples[2].solutionSteps[0],11,18,4db3afdc3e29d147e5bc93378bf421cdc7379c079668e738810d06bb337301e5
u02-s014-lecture-r1,lecture,workedExamples[2].solutionSteps[1],6,12,6adcef91e6bc628b8fdc71d8dc86959b38873c55aef916a8d41f45c15f9a46ad
u02-s014-lecture-r1,lecture,workedExamples[2].answer,4,8,7a43bf64facd37271751a2c02a83069165e689d525de955b0c36d044e9d8f304
u02-s014-lecture-r1,lecture,workedExamples[3].exampleId,2,2,4a5a97c6433c4c062457e9335709d57493e75527809d8a9586c141e591ac9f2c
u02-s014-lecture-r1,lecture,workedExamples[3].prompt,13,27,ea92744617595edef9e6201fdbb10b88c6ccaf6bac3d182f6e9600021a832463
u02-s014-lecture-r1,lecture,workedExamples[3].solutionSteps[0],13,20,e5d4d72552a95d25a308507e232fcd89fdcd6da66df169261fa98cb9f45daff0
u02-s014-lecture-r1,lecture,workedExamples[3].solutionSteps[1],8,14,d5f4184a84caecf14131ff1fc7ea3a0c5be8e7d5b0fe74ec5209c9715f0cb8d0
u02-s014-lecture-r1,lecture,workedExamples[3].answer,6,10,d999022e2c5adc5f33304f31eaf93ccdb9f42c7966242332f592f9ae9e0899ea
u02-s014-lecture-r1,lecture,commonMistakes[0].mistake,8,24,26fc219d1ac3fb4809bd43bf0b34f0b729afccac2498455982a100e07c14869f
u02-s014-lecture-r1,lecture,commonMistakes[0].why,9,27,441f7a9957f86741b83539480083a55dc8012c7b5f50337c354f2d04a159a1db
u02-s014-lecture-r1,lecture,commonMistakes[0].correction,6,18,d4efe040065b16c82e1450030de38033aa5880cb6b667cf0f958fccfa4d926be
u02-s014-lecture-r1,lecture,commonMistakes[1].mistake,11,33,cf4fe762e5771fc95729fa87a008fca74e68e6a347409c47c4aedf66405c5afc
u02-s014-lecture-r1,lecture,commonMistakes[1].why,4,12,6d454036d8c0044e490469ed6f1842cdd7e83d33ef40c1127540e2c44adaa762
u02-s014-lecture-r1,lecture,commonMistakes[1].correction,4,12,8a4f25405b0b72bb06c9d7c2449cfdbc3344223c97631f4a0b714c940effc6ae
u02-s014-lecture-r1,lecture,commonMistakes[2].mistake,14,30,6d525319ea4dfdf3eba4f3b913e13f58fefcb94e4bbe228d31dd23493150b369
u02-s014-lecture-r1,lecture,commonMistakes[2].why,10,22,f2987a828a2fa3fae3aef031415f0bad6ad49d4f1d08f2bbe02d5c8cd391c228
u02-s014-lecture-r1,lecture,commonMistakes[2].correction,6,12,b1615d8ff32ce80f93e45d7875758fc6d3cc503002114230ca81bcf709a25006
u02-s014-lecture-r1,lecture,commonMistakes[3].mistake,18,31,2a6348bed19e4ef57e4c1b55344877455022158c357500bec870b29e8e9f462d
u02-s014-lecture-r1,lecture,commonMistakes[3].why,5,15,2fc928b4ec184a435fa61602baa528cd6dfa4379bde7e2faa0468c28b67a0634
u02-s014-lecture-r1,lecture,commonMistakes[3].correction,18,25,bd159f6abc03862f1ae08a019f6c830b72ad43ebe30c50a094aa401ddfa3c1c0
u02-s014-lecture-r1,lecture,commonMistakes[4].mistake,12,36,ae5556b684de6f58f8f4fb4121b1a79516ad899b61e6ad16e09cf1c00e4bff20
u02-s014-lecture-r1,lecture,commonMistakes[4].why,15,45,8136cac75fc11ed713e4495d34318c0c7a683c260a502d058fed4d1e76729156
u02-s014-lecture-r1,lecture,commonMistakes[4].correction,7,21,e4688b6bd0976f6062dd942d7309d88d9077f9f0241f5d0aca2a0e05fd4fbaa4
u02-s014-lecture-r1,lecture,commonMistakes[5].mistake,11,29,dc5ace1392349a61dcfa9514db27649ae16f6854eaafc687b064f6f383ed0ed3
u02-s014-lecture-r1,lecture,commonMistakes[5].why,10,26,541e79f91e9d40fb98fdbeb477e18c61056a34c5d5efe4fae2320305addf59c8
u02-s014-lecture-r1,lecture,commonMistakes[5].correction,7,13,abf240f5026da16ae97e07b7e54d600a780c52b454f2ee429dbc470bda04dce5
u02-s014-lecture-r1,lecture,selfCheck[0],7,13,4116d569332dbc47353dec8261aed3ff28bb0e7bd5484465b895a95483ab1df9
u02-s014-lecture-r1,lecture,selfCheck[1],14,39,9af1ed84a9992c3bce43dc2d6c61c4baab176bf0351169a1d39ae19ca7d3658b
u02-s014-lecture-r1,lecture,selfCheck[2],10,30,30df93b1e756c22566827d105ee5b9b452da0ef0304db25bf25a7005efa1adde
u02-s014-lecture-r1,lecture,selfCheck[3],14,40,2da2b66f6a03f6fbdc918de5ed6fdfa9a5d80e251b53babb9ffcdedb32f11022
u02-s014-lecture-r1,lecture,selfCheck[4],12,36,1bd7aeb3d6f65b98721ed972d5df308c1bd45c8410c5a54d5914ca16004579a5
u02-s014-lecture-r1,lecture,summary[0],13,31,fd5b3d5b9c8328db9c65481c0189a3b0b9af7b675cf19ea0c46471b5e9db80ef
u02-s014-lecture-r1,lecture,summary[1],11,30,69e1edb31ee12c3aaee5fe7764ca9b84f80259f922f1260b9b498eeb8fa246aa
u02-s014-lecture-r1,lecture,summary[2],9,27,e60ecfaa47d28627218a7d56a8e5a9626e1b90dfa6b4d1717fbcc3271608ac50
u02-s014-lecture-r1,lecture,summary[3],16,48,76ebfd61177279a425cfd8a4dc93dd9b33950e5bbd02068d760fdc5d708cf50c
u02-s014-lecture-r1,lecture,connections.previous,45,83,3fc91a4357869ce0f4f8716be2c9a6e4b02a747b7e093d0460e7f7f208a5a7d9
u02-s014-lecture-r1,lecture,connections.next[0],15,45,16435a0ab05bca8ad90a546ca4756110997caae96cbf04347c0726553983ae93
u02-s014-lecture-r1,lecture,connections.next[1],18,54,b6ebff65cceb5416d8124cf802a86e8acccb924f9c17db98365b1c8c0f2a5c88
u02-s014-lecture-r1,lecture,practiceLinks.mcQuestionIds[0],13,13,b2105c340910b9c13074fac365e411b8d3b6de70af39a3b5d31ab3fd317852a8
u02-s014-lecture-r1,lecture,practiceLinks.mcQuestionIds[1],13,13,f3494d2bb05e4f6d5511b3f15de30b446ebd5669ad4c7176f3979342323a1172
u02-s014-lecture-r1,lecture,practiceLinks.mcQuestionIds[2],13,13,da6bd08b24d9bf2c184e4036fdbc6265e5993979b92877acc8d50879656a46b1
u02-s014-lecture-r1,lecture,practiceLinks.mcQuestionIds[3],13,13,b82829932e3e3d48eff5b5338762b4aeb5f0ac92855b2cca7eac31493c62251c
u02-s014-lecture-r1,lecture,practiceLinks.mcQuestionIds[4],13,13,6b43e28bbf1dbfe6a939b36acdc05f7b17f7c8d9650a691d701fb9ba40a7e1dd
u02-s014-lecture-r1,lecture,practiceLinks.mcQuestionIds[5],13,13,00c3de61ba281aa4d347013e749d011bb2369de72aeaa125b51072671e477ee6
u02-s014-lecture-r1,lecture,practiceLinks.mcQuestionIds[6],13,13,83cf70d0e9d95a0df0a0ac6a799857ed7e568803c77d891009cfbbb96361b5f8
u02-s014-lecture-r1,lecture,practiceLinks.mcQuestionIds[7],13,13,ee33e01647d04b918c88930f330c386c45b2c1a7f1a7baa13d8fafc13116ee8d
u02-s014-lecture-r1,lecture,practiceLinks.mcQuestionIds[8],13,13,0c5f120a0082b3f53830867dc274747ee69890901db049cc8c00431e5230a32d
u02-s014-lecture-r1,lecture,practiceLinks.mcQuestionIds[9],13,13,f2921aba717311d6b24a038e2542951a0338d4fc753a0ecb944a0f12f088bd69
u02-s014-lecture-r1,lecture,practiceLinks.mcQuestionIds[10],13,13,6c3b4fe725658e7a3b7518d584e9e971c2c55a6f6ef46b98217e63ef3b90fa8d
u02-s014-lecture-r1,lecture,practiceLinks.mcQuestionIds[11],13,13,6be2b2b70d0a0f0885d49dc5ae300a2b7c0ebe91f2be159c47b6861236aabdca
u02-s014-lecture-r1,lecture,practiceLinks.constructedResponseIds[0],14,14,3c24e153f2741b0be0ab4b8f336565596e2ab04691fa24d4eafe6033fdc37255
u02-s014-lecture-r1,lecture,practiceLinks.constructedResponseIds[1],14,14,d9ada043962b9263dd5ff72d929403316c0a0ce5425cd846e993d334eb057849
u02-s014-lecture-r1,lecture,lectureReview.mathematicalCorrectness,4,4,d74ff0ee8da3b9806b18c877dbf29bbde50b5bd8e4dad7a3a725000feb82e8f1
u02-s014-lecture-r1,lecture,lectureReview.zeroFoundationReadability,4,4,d74ff0ee8da3b9806b18c877dbf29bbde50b5bd8e4dad7a3a725000feb82e8f1
u02-s014-lecture-r1,lecture,lectureReview.scopeCheck,21,21,fdf8268f0373301b2fcc6331f1d8999b8aabea69681e8bc972ab9a21216a7606
u02-s014-lecture-r1,lecture,lectureReview.reviewNote,60,136,36719d7fbee7a08eb1cfa9427da994808811218208b4b006530c84145b895a5c
u02-s014-lecture-r1,lecture,lectureReview.reviewVersion,25,25,d778dfb0b9da1de52a9e6d141e13b5f20b33f0779b3da3dad22096cd927b9411
u02-s014-lecture-r1,lecture,lectureReview.reviewedAt,10,10,14158d45727526145ef514139eeb669eb54d613dbcffe524f099dbb71c9d8b08
u02-s014-lecture-r1,lecture,contentSha256,64,64,fd7df03da069d3d805adfc386ba413c948da7d4ec3ad42cfb598bfb9cd7f303f
u02-s014-lecture-r1,lecture,contentAuthority,25,25,ed40f75ffe3d6ad4e71f6e7919d063410490de360edb425965eccd605ca9d79e
u02-s014-v001,question,questionId,13,13,b2105c340910b9c13074fac365e411b8d3b6de70af39a3b5d31ab3fd317852a8
u02-s014-v001,question,unitId,3,3,95b6504a8bd60df3a9a19ef2c504ac03429b325e9b81f0d701d07bdf6def6afb
u02-s014-v001,question,topicId,18,18,9b64ece213e72b22649ca6f5594dcd36414fc3912e7875cecae09e03983a187a
u02-s014-v001,question,skillId,22,22,e8e8a5c1301f9a6a086bb1f47879ec7be4667a2c0bf2b81343376fa93e799790
u02-s014-v001,question,difficulty,5,5,fbb7b5bf4ca348eeeebf8cc3660712859a5a1fbf18e83217a57ce203fb51d5c2
u02-s014-v001,question,type,2,2,6bc0f9c4ecb0acbebf1b9f6c816bdd66f4885f67c917d9e141cf893014fba936
u02-s014-v001,question,visualMode,9,9,9c7d54b0bf7a9369d8594201c7b11955514343809d09fbec33966c1fd9794015
u02-s014-v001,question,sourceScope,19,19,a4b669ddb8ef1883391c07a7b633f12eeaeecee7ec37c09eea4931aff6644346
u02-s014-v001,question,text,23,61,a5edbe034aed3cd26f44c579c893f43f5aff9d28d9c48280850ad3395ada820c
u02-s014-v001,question,choices[0],1,3,71530d4c49f12c489dcfc7d6d1b46d53546ca05bfd1775392c9a42b9b7944bbb
u02-s014-v001,question,choices[1],1,3,33e3580c093111e1c4cac922872c40371f7896bb3fa4e23be5840bd1834fc622
u02-s014-v001,question,choices[2],1,1,4e07408562bedb8b60ce05c1decfe3ad16b72230967de01f640b7e4729b49fce
u02-s014-v001,question,choices[3],1,1,ef2d127de37b942baad06145e54b0c619a1f22327b2ebbcfbec78f5564afe39d
u02-s014-v001,question,explanation,47,126,2915ba3c080a75be7fe26deb414832ea28d32433a73b32caa0b3cea481475ffe
u02-s014-v001,question,steps[0],18,39,bec223cf5846190718ca89a0ff9721f823e2b7cfe0028c6af5fc81a608d58ff5
u02-s014-v001,question,steps[1],10,30,ffe578bd9af3766c3cb6d73237c9e16b5a00b25329c3858b1ee48f13320ab37b
u02-s014-v001,question,optionAnalysis[0].choice,1,3,71530d4c49f12c489dcfc7d6d1b46d53546ca05bfd1775392c9a42b9b7944bbb
u02-s014-v001,question,optionAnalysis[0].reason,11,33,23e6d654e0dbd1839b4e429704518d038b2aba833ea039fa0f4e1382fa9ca10f
u02-s014-v001,question,optionAnalysis[1].choice,1,3,33e3580c093111e1c4cac922872c40371f7896bb3fa4e23be5840bd1834fc622
u02-s014-v001,question,optionAnalysis[1].reason,6,18,bdd7789ffc0dcb208aa4638accac19c7ad26c5bd082a1f4765eac266914433a6
u02-s014-v001,question,optionAnalysis[2].choice,1,1,4e07408562bedb8b60ce05c1decfe3ad16b72230967de01f640b7e4729b49fce
u02-s014-v001,question,optionAnalysis[2].reason,5,13,9a46e0ac85e98e10f157898dc904d9db3a910b0205190226ee3981e3ccd53f6e
u02-s014-v001,question,optionAnalysis[3].choice,1,1,ef2d127de37b942baad06145e54b0c619a1f22327b2ebbcfbec78f5564afe39d
u02-s014-v001,question,optionAnalysis[3].reason,5,13,f2d56ee5f17a602a9141355c6178c312260f080054b96fc25c1c9fcaf4b5ee6f
u02-s014-v001,question,commonMistake,13,39,98babfa9a328727cd5cbde5fcdea42e2df81f09ffb3f97f7c17699840b31e904
u02-s014-v001,question,concept,22,50,00456474da7c22071e965384dad73e21d1e07b709aa694471adf4a5c5ea77654
u02-s014-v001,question,tags[0],3,9,fd41540cbdbecb9b5fa7116d27c68e378548ab62ab7c7ca4494730a81ea87667
u02-s014-v001,question,tags[1],5,15,df799a41809e9f30888196435f08fe73b89ca4d8c9d21f7cbb884f6da7474ce1
u02-s014-v001,question,tags[2],5,5,fbb7b5bf4ca348eeeebf8cc3660712859a5a1fbf18e83217a57ce203fb51d5c2
u02-s014-v001,question,estimatedTimeSec,2,2,39fa9ec190eee7b6f4dff1100d6343e10918d044c75eac8f9e9a2596173f80c9
u02-s014-v001,question,prerequisiteSkillIds[0],25,25,d11ce5e180a262d2a486c5dc2192b98b9cb20ca4a44a1f52fa2c006b7ac4468e
u02-s014-v001,question,authoringIntent,11,33,79b3162313a61aca2dceef429d4bb4525025364ab4f883b0e7754875f59d1f38
u02-s014-v001,question,reviewStatus,22,22,ec809598e2f7fcc69fad54c9cd045bba62b4a0dc7c0ff90d4efdc3788c9ad8fb
u02-s014-v001,question,contentSha256,64,64,16fbd1622e3c93fd017a91b27541fb4207b752605ed0fcdab36962beb046aa5c
u02-s014-v001,question,contentAuthority,25,25,ed40f75ffe3d6ad4e71f6e7919d063410490de360edb425965eccd605ca9d79e
u02-s014-v002,question,questionId,13,13,f3494d2bb05e4f6d5511b3f15de30b446ebd5669ad4c7176f3979342323a1172
u02-s014-v002,question,unitId,3,3,95b6504a8bd60df3a9a19ef2c504ac03429b325e9b81f0d701d07bdf6def6afb
u02-s014-v002,question,topicId,18,18,9b64ece213e72b22649ca6f5594dcd36414fc3912e7875cecae09e03983a187a
u02-s014-v002,question,skillId,22,22,e8e8a5c1301f9a6a086bb1f47879ec7be4667a2c0bf2b81343376fa93e799790
u02-s014-v002,question,difficulty,5,5,fbb7b5bf4ca348eeeebf8cc3660712859a5a1fbf18e83217a57ce203fb51d5c2
u02-s014-v002,question,type,2,2,6bc0f9c4ecb0acbebf1b9f6c816bdd66f4885f67c917d9e141cf893014fba936
u02-s014-v002,question,visualMode,9,9,9c7d54b0bf7a9369d8594201c7b11955514343809d09fbec33966c1fd9794015
u02-s014-v002,question,sourceScope,19,19,a4b669ddb8ef1883391c07a7b633f12eeaeecee7ec37c09eea4931aff6644346
u02-s014-v002,question,text,27,73,f57f086ab8a11fc02f772cb838bc08b336dd04d74a525c7e9bebb01d5e0fc689
u02-s014-v002,question,choices[0],4,12,c7cc88821faad5878a330f70ca5d9efeec4903045a2421b3b9d05a2ec8864fe4
u02-s014-v002,question,choices[1],4,12,b149796eb0e6866d0991b3db08d6c856b84baa8ae4f2b41aebb57af52b1d0049
u02-s014-v002,question,choices[2],5,15,85e5a665e6adf395f5e8697eda3513a97c9543fc74640222d505acb0517405c6
u02-s014-v002,question,choices[3],7,21,2f398b5e0f620a84d23eecf39c243b73c0352074af9ac772b9e5190b4a5ed32c
u02-s014-v002,question,explanation,52,150,07d37badcc3e2c9d01b265254b025eba0ec5ad158c936a004001b0a60c9f0822
u02-s014-v002,question,steps[0],15,45,265b82251402f4d83db9951c33792c1640d37699e512ceabd264e1b19b4d5fe9
u02-s014-v002,question,steps[1],15,39,4002ad958aef2c9567e1ad797c1273ae5ff7b0c1b4f72777fb5324667bd4a8d2
u02-s014-v002,question,optionAnalysis[0].choice,4,12,c7cc88821faad5878a330f70ca5d9efeec4903045a2421b3b9d05a2ec8864fe4
u02-s014-v002,question,optionAnalysis[0].reason,9,27,20083dc157d4a11c496380b08834e490579146f349ceb6bf9acd3f768d7a80a4
u02-s014-v002,question,optionAnalysis[1].choice,4,12,b149796eb0e6866d0991b3db08d6c856b84baa8ae4f2b41aebb57af52b1d0049
u02-s014-v002,question,optionAnalysis[1].reason,7,21,b4cc583c7ae8a28bb0fcb7a8a6af9e231a886f29343bbaff84f74204b023d848
u02-s014-v002,question,optionAnalysis[2].choice,5,15,85e5a665e6adf395f5e8697eda3513a97c9543fc74640222d505acb0517405c6
u02-s014-v002,question,optionAnalysis[2].reason,7,21,c6341175bcffcfaa9d9d555c22adbcc22d67a573f7b18f9ee92108020ab99a98
u02-s014-v002,question,optionAnalysis[3].choice,7,21,2f398b5e0f620a84d23eecf39c243b73c0352074af9ac772b9e5190b4a5ed32c
u02-s014-v002,question,optionAnalysis[3].reason,8,24,c0de2eda5d341db5895e3a500f27e65d1faa55b0448dac8b6527b6a3eb848563
u02-s014-v002,question,commonMistake,12,36,3dc41dea0a4cee36ee846b3cb375a6f3de6151951b4c0ae4d4de1f8d619c2d05
u02-s014-v002,question,concept,15,45,b6f291b93088889ba2c97e7cfebfbe8287737cb7b130a94c9c0b15798a59bcdc
u02-s014-v002,question,tags[0],3,9,fd41540cbdbecb9b5fa7116d27c68e378548ab62ab7c7ca4494730a81ea87667
u02-s014-v002,question,tags[1],5,15,df799a41809e9f30888196435f08fe73b89ca4d8c9d21f7cbb884f6da7474ce1
u02-s014-v002,question,tags[2],5,5,fbb7b5bf4ca348eeeebf8cc3660712859a5a1fbf18e83217a57ce203fb51d5c2
u02-s014-v002,question,estimatedTimeSec,2,2,39fa9ec190eee7b6f4dff1100d6343e10918d044c75eac8f9e9a2596173f80c9
u02-s014-v002,question,prerequisiteSkillIds[0],25,25,d11ce5e180a262d2a486c5dc2192b98b9cb20ca4a44a1f52fa2c006b7ac4468e
u02-s014-v002,question,authoringIntent,8,24,47d179af0ea499fd6f4542c85e3b2251a8213cb9db09a7a43a4ffc088c5b8c8e
u02-s014-v002,question,reviewStatus,22,22,ec809598e2f7fcc69fad54c9cd045bba62b4a0dc7c0ff90d4efdc3788c9ad8fb
u02-s014-v002,question,contentSha256,64,64,292378ea351f55a39a4e227b14a282787e3015ead7962ff31d57a854d21b7ae9
u02-s014-v002,question,contentAuthority,25,25,ed40f75ffe3d6ad4e71f6e7919d063410490de360edb425965eccd605ca9d79e
u02-s014-v003,question,questionId,13,13,da6bd08b24d9bf2c184e4036fdbc6265e5993979b92877acc8d50879656a46b1
u02-s014-v003,question,unitId,3,3,95b6504a8bd60df3a9a19ef2c504ac03429b325e9b81f0d701d07bdf6def6afb
u02-s014-v003,question,topicId,18,18,9b64ece213e72b22649ca6f5594dcd36414fc3912e7875cecae09e03983a187a
u02-s014-v003,question,skillId,22,22,e8e8a5c1301f9a6a086bb1f47879ec7be4667a2c0bf2b81343376fa93e799790
u02-s014-v003,question,difficulty,5,5,fbb7b5bf4ca348eeeebf8cc3660712859a5a1fbf18e83217a57ce203fb51d5c2
u02-s014-v003,question,type,2,2,6bc0f9c4ecb0acbebf1b9f6c816bdd66f4885f67c917d9e141cf893014fba936
u02-s014-v003,question,visualMode,9,9,9c7d54b0bf7a9369d8594201c7b11955514343809d09fbec33966c1fd9794015
u02-s014-v003,question,sourceScope,19,19,a4b669ddb8ef1883391c07a7b633f12eeaeecee7ec37c09eea4931aff6644346
u02-s014-v003,question,text,29,71,6e976730339052ff2e30b9753282bb939eed3f4cc94a50728c46496657ccdcf5
u02-s014-v003,question,choices[0],3,9,c6a091bf4d4d8e9cc8a041e79eec019f085863c90713951fc7e474879b701352
u02-s014-v003,question,choices[1],2,6,c7c3c2d20dcbf0d2ed78f042657349e56ed692cc04722217bd950c0691c2c56d
u02-s014-v003,question,choices[2],3,9,f749ccbad6a4355bf913f33518d066b2880126c46f3b7da1a43c21d4ce469697
u02-s014-v003,question,choices[3],3,9,859ec1d0077b877f30d34187e7b5be7211c079885a60a1a790da36b99b7285c0
u02-s014-v003,question,explanation,47,132,79bd7e81b7c75a416324f519662f584b0959f19cc0f26c7f19c92b747cc2f7cd
u02-s014-v003,question,steps[0],13,30,7838b00e47e424abdaa65b482db4b8f520812cd5b51950c85e344548c0908a9e
u02-s014-v003,question,steps[1],13,39,2191df80a6bf186c7d584149c4a157da4bea69edec91d1718e3fd669fcd33b62
u02-s014-v003,question,optionAnalysis[0].choice,3,9,c6a091bf4d4d8e9cc8a041e79eec019f085863c90713951fc7e474879b701352
u02-s014-v003,question,optionAnalysis[0].reason,10,26,ad6c33421e70cc7bf4b3c2a26a34b10cd76b31bdf05357fd1b60864c69f6d285
u02-s014-v003,question,optionAnalysis[1].choice,2,6,c7c3c2d20dcbf0d2ed78f042657349e56ed692cc04722217bd950c0691c2c56d
u02-s014-v003,question,optionAnalysis[1].reason,5,15,1d98b0ad18f2d96b9a494554835bcd250b35f377621c2f44f8683b42a3f7b61c
u02-s014-v003,question,optionAnalysis[2].choice,3,9,f749ccbad6a4355bf913f33518d066b2880126c46f3b7da1a43c21d4ce469697
u02-s014-v003,question,optionAnalysis[2].reason,7,21,6304dbea8faedc270281de97a95c4eeb157d4a1550b07b6b50d19b5bc0d04464
u02-s014-v003,question,optionAnalysis[3].choice,3,9,859ec1d0077b877f30d34187e7b5be7211c079885a60a1a790da36b99b7285c0
u02-s014-v003,question,optionAnalysis[3].reason,7,15,7cc4495a7554d3c158f1d5451f365fcd19d0336f75c33042383f1ab42faa1da7
u02-s014-v003,question,commonMistake,12,32,6d2b7a51e9687a1095d2fda3015d661b2ab2f360533e01b1e9990ee7af14456b
u02-s014-v003,question,concept,17,51,c2ec62eccc88201b0e0dcad74456971238cfc4c5568239efc34d75ea1f051a84
u02-s014-v003,question,tags[0],3,9,fd41540cbdbecb9b5fa7116d27c68e378548ab62ab7c7ca4494730a81ea87667
u02-s014-v003,question,tags[1],5,15,df799a41809e9f30888196435f08fe73b89ca4d8c9d21f7cbb884f6da7474ce1
u02-s014-v003,question,tags[2],5,5,fbb7b5bf4ca348eeeebf8cc3660712859a5a1fbf18e83217a57ce203fb51d5c2
u02-s014-v003,question,estimatedTimeSec,2,2,39fa9ec190eee7b6f4dff1100d6343e10918d044c75eac8f9e9a2596173f80c9
u02-s014-v003,question,prerequisiteSkillIds[0],25,25,d11ce5e180a262d2a486c5dc2192b98b9cb20ca4a44a1f52fa2c006b7ac4468e
u02-s014-v003,question,authoringIntent,8,24,1252d3a17911d3ea58e68990dd00acf09a780a04c3dea51b38da81bf6c0442ac
u02-s014-v003,question,reviewStatus,22,22,ec809598e2f7fcc69fad54c9cd045bba62b4a0dc7c0ff90d4efdc3788c9ad8fb
u02-s014-v003,question,contentSha256,64,64,0f879065f826c907b8ad37ad18b24f4073f255016ab12c7081cb44b8db2c5d99
u02-s014-v003,question,contentAuthority,25,25,ed40f75ffe3d6ad4e71f6e7919d063410490de360edb425965eccd605ca9d79e
u02-s014-v004,question,questionId,13,13,b82829932e3e3d48eff5b5338762b4aeb5f0ac92855b2cca7eac31493c62251c
u02-s014-v004,question,unitId,3,3,95b6504a8bd60df3a9a19ef2c504ac03429b325e9b81f0d701d07bdf6def6afb
u02-s014-v004,question,topicId,18,18,9b64ece213e72b22649ca6f5594dcd36414fc3912e7875cecae09e03983a187a
u02-s014-v004,question,skillId,22,22,e8e8a5c1301f9a6a086bb1f47879ec7be4667a2c0bf2b81343376fa93e799790
u02-s014-v004,question,difficulty,8,8,fe6d3468cf5c74d8ec2a95b40f2e05338c37a4202f8fad692d2b64a9cf9b468a
u02-s014-v004,question,type,2,2,6bc0f9c4ecb0acbebf1b9f6c816bdd66f4885f67c917d9e141cf893014fba936
u02-s014-v004,question,visualMode,9,9,9c7d54b0bf7a9369d8594201c7b11955514343809d09fbec33966c1fd9794015
u02-s014-v004,question,sourceScope,19,19,a4b669ddb8ef1883391c07a7b633f12eeaeecee7ec37c09eea4931aff6644346
u02-s014-v004,question,text,25,61,b1a66c7ffc64a54b17b33feee68a94618602c2ba37322d98743c49f701f56fef
u02-s014-v004,question,choices[0],2,2,e29c9c180c6279b0b02abd6a1801c7c04082cf486ec027aa13515e4f3884bb6b
u02-s014-v004,question,choices[1],3,3,2abaca4911e68fa9bfbf3482ee797fd5b9045b841fdff7253557c5fe15de6477
u02-s014-v004,question,choices[2],3,3,a512db2741cd20693e4b16f19891e72b9ff12cead72761fc5e92d2aaf34740c1
u02-s014-v004,question,choices[3],3,3,27badc983df1780b60c2b3fa9d3a19a00e46aac798451f0febdca52920faaddf
u02-s014-v004,question,explanation,41,83,ed24ec4c4c1ddd6a83589763f78a7d6ab7059728d177c22ca5ca229aef2d1a1d
u02-s014-v004,question,steps[0],8,11,632877fd9dae615690df7d9ae39f4a6c64ce2c4994b9022fc549d4e7265a8b23
u02-s014-v004,question,steps[1],12,15,49d123e466d4030c1b5ed3adb2ac701395164a369f2d259744bceed33c01e2f2
u02-s014-v004,question,optionAnalysis[0].choice,2,2,e29c9c180c6279b0b02abd6a1801c7c04082cf486ec027aa13515e4f3884bb6b
u02-s014-v004,question,optionAnalysis[0].reason,9,17,1742c5a29f5a6f47d09e5c4a6cf7069d4dc6aed9db5e97bbf2dd1adfa076479e
u02-s014-v004,question,optionAnalysis[1].choice,3,3,2abaca4911e68fa9bfbf3482ee797fd5b9045b841fdff7253557c5fe15de6477
u02-s014-v004,question,optionAnalysis[1].reason,5,11,7ec0158927f53ff6a39eb66ac3179c37d0874d6fe018bfdd6e42794f5d459793
u02-s014-v004,question,optionAnalysis[2].choice,3,3,a512db2741cd20693e4b16f19891e72b9ff12cead72761fc5e92d2aaf34740c1
u02-s014-v004,question,optionAnalysis[2].reason,28,61,fdbb30ab4839a7dfc9c676f1c7c2c744675b9e5a017cec57815f0b96083da162
u02-s014-v004,question,optionAnalysis[3].choice,3,3,27badc983df1780b60c2b3fa9d3a19a00e46aac798451f0febdca52920faaddf
u02-s014-v004,question,optionAnalysis[3].reason,6,12,b78ea51f2cdb500227b64a09fdfda3d6fecb0d3061ec26d0ec62e88beec2df0d
u02-s014-v004,question,commonMistake,13,39,cd20cfc31a810533ecde2dce76413d2963087fe8d36b6a6ee040baa26e3387be
u02-s014-v004,question,concept,11,30,acaf40086c38e7566e87cf33174409d69976d6c994b2e8bed0c7b7b3df091479
u02-s014-v004,question,tags[0],3,9,fd41540cbdbecb9b5fa7116d27c68e378548ab62ab7c7ca4494730a81ea87667
u02-s014-v004,question,tags[1],5,15,df799a41809e9f30888196435f08fe73b89ca4d8c9d21f7cbb884f6da7474ce1
u02-s014-v004,question,tags[2],8,8,fe6d3468cf5c74d8ec2a95b40f2e05338c37a4202f8fad692d2b64a9cf9b468a
u02-s014-v004,question,estimatedTimeSec,2,2,39fa9ec190eee7b6f4dff1100d6343e10918d044c75eac8f9e9a2596173f80c9
u02-s014-v004,question,prerequisiteSkillIds[0],25,25,d11ce5e180a262d2a486c5dc2192b98b9cb20ca4a44a1f52fa2c006b7ac4468e
u02-s014-v004,question,authoringIntent,6,18,3426d71819126389f033f1d628a97e2d252cebd9e225059f55b65478968289c1
u02-s014-v004,question,reviewStatus,22,22,ec809598e2f7fcc69fad54c9cd045bba62b4a0dc7c0ff90d4efdc3788c9ad8fb
u02-s014-v004,question,contentSha256,64,64,99362a0531e23f2a822a10b80f51b648eb92f904a4416c08e74c1cee2c791977
u02-s014-v004,question,contentAuthority,25,25,ed40f75ffe3d6ad4e71f6e7919d063410490de360edb425965eccd605ca9d79e
u02-s014-v005,question,questionId,13,13,6b43e28bbf1dbfe6a939b36acdc05f7b17f7c8d9650a691d701fb9ba40a7e1dd
u02-s014-v005,question,unitId,3,3,95b6504a8bd60df3a9a19ef2c504ac03429b325e9b81f0d701d07bdf6def6afb
u02-s014-v005,question,topicId,18,18,9b64ece213e72b22649ca6f5594dcd36414fc3912e7875cecae09e03983a187a
u02-s014-v005,question,skillId,22,22,e8e8a5c1301f9a6a086bb1f47879ec7be4667a2c0bf2b81343376fa93e799790
u02-s014-v005,question,difficulty,8,8,fe6d3468cf5c74d8ec2a95b40f2e05338c37a4202f8fad692d2b64a9cf9b468a
u02-s014-v005,question,type,2,2,6bc0f9c4ecb0acbebf1b9f6c816bdd66f4885f67c917d9e141cf893014fba936
u02-s014-v005,question,visualMode,9,9,9c7d54b0bf7a9369d8594201c7b11955514343809d09fbec33966c1fd9794015
u02-s014-v005,question,sourceScope,19,19,a4b669ddb8ef1883391c07a7b633f12eeaeecee7ec37c09eea4931aff6644346
u02-s014-v005,question,text,25,55,c1d294afa03aea882511c3940c54d3b874ded2f3edcfbb73d8feaeba97e5646c
u02-s014-v005,question,choices[0],5,7,493d773442d74b1a4a1dbadc0f5f09c798f7fcff99c693738e556cee0e959741
u02-s014-v005,question,choices[1],5,7,964b62912de74baa684bc21cd7bb92a56f0fa3b36757cc1d89d6f7fba06434a1
u02-s014-v005,question,choices[2],5,7,9388a8a4a5749f0e3456fa6d07e0f249d7692f35bc675d4211a581283d24bf21
u02-s014-v005,question,choices[3],6,8,16813c4dd4815f3ea250d70cd53cdc363ce40b06f5e373529a5a3306692b65b3
u02-s014-v005,question,explanation,49,103,011eda8e2290470723949aed1fe41cb49a54bfe200226c269f880ecc68984fcd
u02-s014-v005,question,steps[0],11,22,ad732619917c08c0b3db5ed178f7a72e7bed5c5f551769cae07217f90fc4d44a
u02-s014-v005,question,steps[1],15,20,ec678ed033d9e8a9dcd9735609911e3f397bb40bc8a16c9592c45cf7090bfc98
u02-s014-v005,question,optionAnalysis[0].choice,5,7,493d773442d74b1a4a1dbadc0f5f09c798f7fcff99c693738e556cee0e959741
u02-s014-v005,question,optionAnalysis[0].reason,13,16,6ecb7fe4e1955ed016d6f7625238912a1e488d948eeb84768132b1a17074c877
u02-s014-v005,question,optionAnalysis[1].choice,5,7,964b62912de74baa684bc21cd7bb92a56f0fa3b36757cc1d89d6f7fba06434a1
u02-s014-v005,question,optionAnalysis[1].reason,11,19,97b60fece5e0a95c77a39b14472f3f00a7b096588e8e5b75ce07bf308eea0ba3
u02-s014-v005,question,optionAnalysis[2].choice,5,7,9388a8a4a5749f0e3456fa6d07e0f249d7692f35bc675d4211a581283d24bf21
u02-s014-v005,question,optionAnalysis[2].reason,6,14,863997682d9b1d5f012e2d72c14985984be29a21aa45bc63fa1d28c706eec142
u02-s014-v005,question,optionAnalysis[3].choice,6,8,16813c4dd4815f3ea250d70cd53cdc363ce40b06f5e373529a5a3306692b65b3
u02-s014-v005,question,optionAnalysis[3].reason,7,13,266a50d882a94b3d70ebedc97a3faff5803276f3a31b522eb43b1dfd8d9f3d80
u02-s014-v005,question,commonMistake,26,54,8c9a7383f475daa316441610949dcc4d4bda595167347bf821023bd221465de9
u02-s014-v005,question,concept,16,44,65af5f9c96ce08ae8c17108a6d704767ca579ca0f1706ed2bb5cacdcf1ca286c
u02-s014-v005,question,tags[0],3,9,fd41540cbdbecb9b5fa7116d27c68e378548ab62ab7c7ca4494730a81ea87667
u02-s014-v005,question,tags[1],5,15,df799a41809e9f30888196435f08fe73b89ca4d8c9d21f7cbb884f6da7474ce1
u02-s014-v005,question,tags[2],8,8,fe6d3468cf5c74d8ec2a95b40f2e05338c37a4202f8fad692d2b64a9cf9b468a
u02-s014-v005,question,estimatedTimeSec,2,2,39fa9ec190eee7b6f4dff1100d6343e10918d044c75eac8f9e9a2596173f80c9
u02-s014-v005,question,prerequisiteSkillIds[0],25,25,d11ce5e180a262d2a486c5dc2192b98b9cb20ca4a44a1f52fa2c006b7ac4468e
u02-s014-v005,question,authoringIntent,8,24,5117a80edb89b7ab9b33794a0acc4e4fd826f5b28d743c1bcea67cf750537e31
u02-s014-v005,question,reviewStatus,22,22,ec809598e2f7fcc69fad54c9cd045bba62b4a0dc7c0ff90d4efdc3788c9ad8fb
u02-s014-v005,question,contentSha256,64,64,46729cfdaab954b826c9c2b15f6ec73f85aecb83643ddb47ba78f018b8f68220
u02-s014-v005,question,contentAuthority,25,25,ed40f75ffe3d6ad4e71f6e7919d063410490de360edb425965eccd605ca9d79e
u02-s014-v006,question,questionId,13,13,00c3de61ba281aa4d347013e749d011bb2369de72aeaa125b51072671e477ee6
u02-s014-v006,question,unitId,3,3,95b6504a8bd60df3a9a19ef2c504ac03429b325e9b81f0d701d07bdf6def6afb
u02-s014-v006,question,topicId,18,18,9b64ece213e72b22649ca6f5594dcd36414fc3912e7875cecae09e03983a187a
u02-s014-v006,question,skillId,22,22,e8e8a5c1301f9a6a086bb1f47879ec7be4667a2c0bf2b81343376fa93e799790
u02-s014-v006,question,difficulty,8,8,fe6d3468cf5c74d8ec2a95b40f2e05338c37a4202f8fad692d2b64a9cf9b468a
u02-s014-v006,question,type,2,2,6bc0f9c4ecb0acbebf1b9f6c816bdd66f4885f67c917d9e141cf893014fba936
u02-s014-v006,question,visualMode,9,9,9c7d54b0bf7a9369d8594201c7b11955514343809d09fbec33966c1fd9794015
u02-s014-v006,question,sourceScope,19,19,a4b669ddb8ef1883391c07a7b633f12eeaeecee7ec37c09eea4931aff6644346
u02-s014-v006,question,text,28,68,7a7ddfcf49562940cb97f18af5696edeab69b2e20d925e1ad55b997e9fbf9ccf
u02-s014-v006,question,choices[0],7,11,93614dbc0db594550d0199cc550888b28a841f0bf57b54c837a9ea5f5fc5623b
u02-s014-v006,question,choices[1],5,9,67be681f739d4519c8a11a935e919eca3c0d31e76411250e55cfb01d8e78afac
u02-s014-v006,question,choices[2],5,9,74fc5002f7da3c7751b8a9d423b7a3328bf2b41c360e16d073b43d41a331ea4b
u02-s014-v006,question,choices[3],5,9,ff870bb669b49f7f10f2c94a3c80f55f81c71a7e764305745cd31f67619ef6d9
u02-s014-v006,question,explanation,44,94,34cd376656b21255f1b7bb1e1617df31d6dff3046913d7be23fc24445bc6e1b1
u02-s014-v006,question,steps[0],9,14,e44833e3fb02b94bd5408f753dabd3eea2f20b93a723f1236fecd6ff15be9985
u02-s014-v006,question,steps[1],12,17,e160bee4cb288dafd6d8220a102e0c59ebf53f8c6555d18a9df05727e2fb3383
u02-s014-v006,question,optionAnalysis[0].choice,7,11,93614dbc0db594550d0199cc550888b28a841f0bf57b54c837a9ea5f5fc5623b
u02-s014-v006,question,optionAnalysis[0].reason,9,17,c01687ab8ce9ef677455aa994c46b397cab383b93fe2f07ba07c1aa157478cf7
u02-s014-v006,question,optionAnalysis[1].choice,5,9,67be681f739d4519c8a11a935e919eca3c0d31e76411250e55cfb01d8e78afac
u02-s014-v006,question,optionAnalysis[1].reason,7,17,24a51593f66f7285035f8bd115ba8133168fd42d83c1b3fd9ef99c1f8f3491b7
u02-s014-v006,question,optionAnalysis[2].choice,5,9,74fc5002f7da3c7751b8a9d423b7a3328bf2b41c360e16d073b43d41a331ea4b
u02-s014-v006,question,optionAnalysis[2].reason,11,33,6ad3e83bfc6cdd18f632ef564e5d55fbb4fe32a371c63627a7695a780ae663a2
u02-s014-v006,question,optionAnalysis[3].choice,5,9,ff870bb669b49f7f10f2c94a3c80f55f81c71a7e764305745cd31f67619ef6d9
u02-s014-v006,question,optionAnalysis[3].reason,34,71,936cf3571e96b2aa55e25f718f34d0996cefda589ebc6de5a9d0bed3acfeccab
u02-s014-v006,question,commonMistake,10,30,5d016638f51ce2b611a0aae2db6ecf8c69f02e7229b9d3b64152ce5fdbf94468
u02-s014-v006,question,concept,12,36,d5a4f5f053676bc453d1f8744775f943c6bb4b5e422019f3048a794ad0977fa2
u02-s014-v006,question,tags[0],3,9,fd41540cbdbecb9b5fa7116d27c68e378548ab62ab7c7ca4494730a81ea87667
u02-s014-v006,question,tags[1],5,15,df799a41809e9f30888196435f08fe73b89ca4d8c9d21f7cbb884f6da7474ce1
u02-s014-v006,question,tags[2],8,8,fe6d3468cf5c74d8ec2a95b40f2e05338c37a4202f8fad692d2b64a9cf9b468a
u02-s014-v006,question,estimatedTimeSec,2,2,39fa9ec190eee7b6f4dff1100d6343e10918d044c75eac8f9e9a2596173f80c9
u02-s014-v006,question,prerequisiteSkillIds[0],25,25,d11ce5e180a262d2a486c5dc2192b98b9cb20ca4a44a1f52fa2c006b7ac4468e
u02-s014-v006,question,authoringIntent,8,24,f5c3132ccbcd3f7a44347b472d11891b86d1ffddaffef0fb5f67f1c6158dc8fa
u02-s014-v006,question,reviewStatus,22,22,ec809598e2f7fcc69fad54c9cd045bba62b4a0dc7c0ff90d4efdc3788c9ad8fb
u02-s014-v006,question,contentSha256,64,64,4a9cc3974a3ec36b531467d4e518ad4d970b911bd23da0b168d466f276f887f0
u02-s014-v006,question,contentAuthority,25,25,ed40f75ffe3d6ad4e71f6e7919d063410490de360edb425965eccd605ca9d79e
u02-s014-v007,question,questionId,13,13,83cf70d0e9d95a0df0a0ac6a799857ed7e568803c77d891009cfbbb96361b5f8
u02-s014-v007,question,unitId,3,3,95b6504a8bd60df3a9a19ef2c504ac03429b325e9b81f0d701d07bdf6def6afb
u02-s014-v007,question,topicId,18,18,9b64ece213e72b22649ca6f5594dcd36414fc3912e7875cecae09e03983a187a
u02-s014-v007,question,skillId,22,22,e8e8a5c1301f9a6a086bb1f47879ec7be4667a2c0bf2b81343376fa93e799790
u02-s014-v007,question,difficulty,8,8,d21f85ea38166303ce58e06134b5cc4a5c900c409ab2a500ff7c9225109a09bb
u02-s014-v007,question,type,2,2,6bc0f9c4ecb0acbebf1b9f6c816bdd66f4885f67c917d9e141cf893014fba936
u02-s014-v007,question,visualMode,9,9,9c7d54b0bf7a9369d8594201c7b11955514343809d09fbec33966c1fd9794015
u02-s014-v007,question,sourceScope,19,19,a4b669ddb8ef1883391c07a7b633f12eeaeecee7ec37c09eea4931aff6644346
u02-s014-v007,question,text,21,49,af6a73d4f1ad913951ecef1a3a79f4fd5a7cef3855e573de52705e32865ca627
u02-s014-v007,question,choices[0],5,5,8098ef89dd2b330d8982223e19d2e7f17996f2cbfe87a45023127e739e807fb4
u02-s014-v007,question,choices[1],4,4,8cad10c2a9f81849fd84459f22b6d8727e8331189cdaaf6013fbbc639e5b5d44
u02-s014-v007,question,choices[2],3,3,2abaca4911e68fa9bfbf3482ee797fd5b9045b841fdff7253557c5fe15de6477
u02-s014-v007,question,choices[3],3,3,28dae7c8bde2f3ca608f86d0e16a214dee74c74bee011cdfdd46bc04b655bc14
u02-s014-v007,question,explanation,41,85,c6e741b9eec937d4c149a6c598849cbdbe5e1adfd3bd547efe0632094c90b2b2
u02-s014-v007,question,steps[0],7,12,d2435d049ff11ad246e1f933e699764210ee35f6b653884e3eef3a0161bd9ecb
u02-s014-v007,question,steps[1],13,16,f55477213572f4f6a4e75c6301f116d025ac9d95b5dff8e8da57d6a4102674e9
u02-s014-v007,question,optionAnalysis[0].choice,5,5,8098ef89dd2b330d8982223e19d2e7f17996f2cbfe87a45023127e739e807fb4
u02-s014-v007,question,optionAnalysis[0].reason,13,26,608d5ce4d89f149ea899eafa4a6335aa546ef5d74df4ed7ae7717b9f350ccda9
u02-s014-v007,question,optionAnalysis[1].choice,4,4,8cad10c2a9f81849fd84459f22b6d8727e8331189cdaaf6013fbbc639e5b5d44
u02-s014-v007,question,optionAnalysis[1].reason,7,15,b2cb91788deb55b3969ec5d08285dd3e598840db6700000b6572bfea4a57c18f
u02-s014-v007,question,optionAnalysis[2].choice,3,3,2abaca4911e68fa9bfbf3482ee797fd5b9045b841fdff7253557c5fe15de6477
u02-s014-v007,question,optionAnalysis[2].reason,11,17,1452102cb0256e1291788b42b14d02bc5a9309742cfdc6bc877bab3c091824b2
u02-s014-v007,question,optionAnalysis[3].choice,3,3,28dae7c8bde2f3ca608f86d0e16a214dee74c74bee011cdfdd46bc04b655bc14
u02-s014-v007,question,optionAnalysis[3].reason,7,21,7afab8077689f35629d42812dcceaa744c92fb65ee8b16927254c46fd2b89c98
u02-s014-v007,question,commonMistake,20,48,7151635db91a5d70b1e676894584731ddba0049fb219e7fc1cfeebb41e29c64e
u02-s014-v007,question,concept,19,40,cc85df92eab3b910e0658db2ce5e60e21c9f23e5a98a47e419bbc89987ed1d8c
u02-s014-v007,question,tags[0],3,9,fd41540cbdbecb9b5fa7116d27c68e378548ab62ab7c7ca4494730a81ea87667
u02-s014-v007,question,tags[1],5,15,df799a41809e9f30888196435f08fe73b89ca4d8c9d21f7cbb884f6da7474ce1
u02-s014-v007,question,tags[2],8,8,d21f85ea38166303ce58e06134b5cc4a5c900c409ab2a500ff7c9225109a09bb
u02-s014-v007,question,estimatedTimeSec,2,2,39fa9ec190eee7b6f4dff1100d6343e10918d044c75eac8f9e9a2596173f80c9
u02-s014-v007,question,prerequisiteSkillIds[0],25,25,d11ce5e180a262d2a486c5dc2192b98b9cb20ca4a44a1f52fa2c006b7ac4468e
u02-s014-v007,question,authoringIntent,10,30,0faed3b0f4bbb44b2951d1de1e41874af8350d90edf23b7179c15e262e7e3165
u02-s014-v007,question,reviewStatus,22,22,ec809598e2f7fcc69fad54c9cd045bba62b4a0dc7c0ff90d4efdc3788c9ad8fb
u02-s014-v007,question,contentSha256,64,64,c9409f164bc075a47307f3f950c33aae61dfc8352002eb1551077f63100d803a
u02-s014-v007,question,contentAuthority,25,25,ed40f75ffe3d6ad4e71f6e7919d063410490de360edb425965eccd605ca9d79e
u02-s014-v008,question,questionId,13,13,ee33e01647d04b918c88930f330c386c45b2c1a7f1a7baa13d8fafc13116ee8d
u02-s014-v008,question,unitId,3,3,95b6504a8bd60df3a9a19ef2c504ac03429b325e9b81f0d701d07bdf6def6afb
u02-s014-v008,question,topicId,18,18,9b64ece213e72b22649ca6f5594dcd36414fc3912e7875cecae09e03983a187a
u02-s014-v008,question,skillId,22,22,e8e8a5c1301f9a6a086bb1f47879ec7be4667a2c0bf2b81343376fa93e799790
u02-s014-v008,question,difficulty,8,8,d21f85ea38166303ce58e06134b5cc4a5c900c409ab2a500ff7c9225109a09bb
u02-s014-v008,question,type,2,2,6bc0f9c4ecb0acbebf1b9f6c816bdd66f4885f67c917d9e141cf893014fba936
u02-s014-v008,question,visualMode,9,9,9c7d54b0bf7a9369d8594201c7b11955514343809d09fbec33966c1fd9794015
u02-s014-v008,question,sourceScope,19,19,a4b669ddb8ef1883391c07a7b633f12eeaeecee7ec37c09eea4931aff6644346
u02-s014-v008,question,text,36,62,11eafb9f87b9ac760860545e0847b36c9ace73c20a9befcb6bb4f765a1430a54
u02-s014-v008,question,choices[0],9,13,9fa0d8e455771b527c6f5bd2fb6291a4d0f862f8546fbbbb0e242fac413a02a5
u02-s014-v008,question,choices[1],9,13,31722c018c5331ec2528654810c8fda96a83de7656354855bba0bc7425c1aa3f
u02-s014-v008,question,choices[2],11,23,16f4ccd219477aa21bae0ea0cc8e3640610222bb51f7177dc0852a23674b6a32
u02-s014-v008,question,choices[3],10,14,c8b3b365d10620245538add824942beb0f398fc235d29389de0893b75fe25eb2
u02-s014-v008,question,explanation,68,121,65bd6a9108fa752fdeb3646b967b18eb5283d9489aafe0b101723b0b96d043cd
u02-s014-v008,question,steps[0],14,16,aaa2f8feedb02c894eb4c5c5cf0556463289be41ff6225cece8f5882f562d5e5
u02-s014-v008,question,steps[1],26,37,85be91e3b765b25c44124f1490d7737dad6033ee49f556ae79389f5c2acbb0bb
u02-s014-v008,question,optionAnalysis[0].choice,9,13,9fa0d8e455771b527c6f5bd2fb6291a4d0f862f8546fbbbb0e242fac413a02a5
u02-s014-v008,question,optionAnalysis[0].reason,15,31,d4a66f0ecfbef42d4bf836281d0e1d011b28f0f360893065d26735e46d2dbfcc
u02-s014-v008,question,optionAnalysis[1].choice,9,13,31722c018c5331ec2528654810c8fda96a83de7656354855bba0bc7425c1aa3f
u02-s014-v008,question,optionAnalysis[1].reason,6,14,ec95da5bbc849d0e5ba45f256333d95fc9b84a516e9977214425ed90c2f4ce5a
u02-s014-v008,question,optionAnalysis[2].choice,11,23,16f4ccd219477aa21bae0ea0cc8e3640610222bb51f7177dc0852a23674b6a32
u02-s014-v008,question,optionAnalysis[2].reason,9,27,4f71e973adf7f02c08b87cc4706612bd8e1cf658aae34849627d9f918e179e91
u02-s014-v008,question,optionAnalysis[3].choice,10,14,c8b3b365d10620245538add824942beb0f398fc235d29389de0893b75fe25eb2
u02-s014-v008,question,optionAnalysis[3].reason,13,23,a2fd7c18b37038eda1af516060d3dafab7b70060d3b3bef801778d6b1368fae8
u02-s014-v008,question,commonMistake,13,27,f2aac52762bb0f8131fdc3c31c6b157222b2d0a510698e68010d4d0c57fefba0
u02-s014-v008,question,concept,12,36,c2c1c37b5fcc9a6bf4936d603e0df129d1aa474803dcafed95ec988c221ddfa9
u02-s014-v008,question,tags[0],3,9,fd41540cbdbecb9b5fa7116d27c68e378548ab62ab7c7ca4494730a81ea87667
u02-s014-v008,question,tags[1],5,15,df799a41809e9f30888196435f08fe73b89ca4d8c9d21f7cbb884f6da7474ce1
u02-s014-v008,question,tags[2],8,8,d21f85ea38166303ce58e06134b5cc4a5c900c409ab2a500ff7c9225109a09bb
u02-s014-v008,question,estimatedTimeSec,2,2,39fa9ec190eee7b6f4dff1100d6343e10918d044c75eac8f9e9a2596173f80c9
u02-s014-v008,question,prerequisiteSkillIds[0],25,25,d11ce5e180a262d2a486c5dc2192b98b9cb20ca4a44a1f52fa2c006b7ac4468e
u02-s014-v008,question,authoringIntent,8,24,26c949f6d0477fcbba4a76bf76ac9d5158f29784c0ccfa32a2b4806318d5759a
u02-s014-v008,question,reviewStatus,22,22,ec809598e2f7fcc69fad54c9cd045bba62b4a0dc7c0ff90d4efdc3788c9ad8fb
u02-s014-v008,question,contentSha256,64,64,f0d4a60a0617b8fdbe6caf96d1d375ab2cb31fe3dd638e51278bb7abba6d8f18
u02-s014-v008,question,contentAuthority,25,25,ed40f75ffe3d6ad4e71f6e7919d063410490de360edb425965eccd605ca9d79e
u02-s014-v009,question,questionId,13,13,0c5f120a0082b3f53830867dc274747ee69890901db049cc8c00431e5230a32d
u02-s014-v009,question,unitId,3,3,95b6504a8bd60df3a9a19ef2c504ac03429b325e9b81f0d701d07bdf6def6afb
u02-s014-v009,question,topicId,18,18,9b64ece213e72b22649ca6f5594dcd36414fc3912e7875cecae09e03983a187a
u02-s014-v009,question,skillId,22,22,e8e8a5c1301f9a6a086bb1f47879ec7be4667a2c0bf2b81343376fa93e799790
u02-s014-v009,question,difficulty,8,8,d21f85ea38166303ce58e06134b5cc4a5c900c409ab2a500ff7c9225109a09bb
u02-s014-v009,question,type,2,2,6bc0f9c4ecb0acbebf1b9f6c816bdd66f4885f67c917d9e141cf893014fba936
u02-s014-v009,question,visualMode,9,9,9c7d54b0bf7a9369d8594201c7b11955514343809d09fbec33966c1fd9794015
u02-s014-v009,question,sourceScope,19,19,a4b669ddb8ef1883391c07a7b633f12eeaeecee7ec37c09eea4931aff6644346
u02-s014-v009,question,text,40,86,797a3002d9a2ba8aaa2b98fbfa12fc84ac2888842faea3084c3714b64fba3550
u02-s014-v009,question,choices[0],3,3,ad57366865126e55649ecb23ae1d48887544976efea46a48eb5d85a6eeb4d306
u02-s014-v009,question,choices[1],2,2,48449a14a4ff7d79bb7a1b6f3d488eba397c36ef25634c111b49baf362511afc
u02-s014-v009,question,choices[2],2,2,69f59c273b6e669ac32a6dd5e1b2cb63333d8b004f9696447aee2d422ce63763
u02-s014-v009,question,choices[3],3,3,2abaca4911e68fa9bfbf3482ee797fd5b9045b841fdff7253557c5fe15de6477
u02-s014-v009,question,explanation,64,134,7d217e2eab67cad6e36ee111bc75f2b01a1c3a74d2bfdf07034470a878d4b56c
u02-s014-v009,question,steps[0],9,15,52f74f8a4bd601abd48ccafb9f39777f4923bf56ca07f26e08396e2003617ed2
u02-s014-v009,question,steps[1],34,62,29c32acf4fa12cd57d9c52a88d5af6311d89ce491407c23e927e2e45eb6d1a0e
u02-s014-v009,question,optionAnalysis[0].choice,3,3,ad57366865126e55649ecb23ae1d48887544976efea46a48eb5d85a6eeb4d306
u02-s014-v009,question,optionAnalysis[0].reason,20,26,1dcd89cfa5d3bab6f7adb5e6ae19c46b4e9e07a90fb0ea378571416bc5cedf69
u02-s014-v009,question,optionAnalysis[1].choice,2,2,48449a14a4ff7d79bb7a1b6f3d488eba397c36ef25634c111b49baf362511afc
u02-s014-v009,question,optionAnalysis[1].reason,14,22,bad0c1d48300158090e63b0b068a655892c3ceeef1b7ab6f65e03102e066035a
u02-s014-v009,question,optionAnalysis[2].choice,2,2,69f59c273b6e669ac32a6dd5e1b2cb63333d8b004f9696447aee2d422ce63763
u02-s014-v009,question,optionAnalysis[2].reason,14,22,7dbfc354aa0547f7b3422fbc1e40a33b5260d8ea593c6a46243eaa35a220a513
u02-s014-v009,question,optionAnalysis[3].choice,3,3,2abaca4911e68fa9bfbf3482ee797fd5b9045b841fdff7253557c5fe15de6477
u02-s014-v009,question,optionAnalysis[3].reason,15,23,a5d4dfbd8244094c0f6da5338c697c55ecc600f1c543d8ee423a937391c38ff8
u02-s014-v009,question,commonMistake,25,61,27e471c9da65f5cd2fb4435e2b0d3fe8e3f6bea4fb595f6b2e597c3719fd9f15
u02-s014-v009,question,concept,15,45,b09bd6546b1b687d57c503ee9130a7ca35f99af8c91aca49e526944e86e0d213
u02-s014-v009,question,tags[0],3,9,fd41540cbdbecb9b5fa7116d27c68e378548ab62ab7c7ca4494730a81ea87667
u02-s014-v009,question,tags[1],5,15,df799a41809e9f30888196435f08fe73b89ca4d8c9d21f7cbb884f6da7474ce1
u02-s014-v009,question,tags[2],8,8,d21f85ea38166303ce58e06134b5cc4a5c900c409ab2a500ff7c9225109a09bb
u02-s014-v009,question,estimatedTimeSec,2,2,39fa9ec190eee7b6f4dff1100d6343e10918d044c75eac8f9e9a2596173f80c9
u02-s014-v009,question,prerequisiteSkillIds[0],25,25,d11ce5e180a262d2a486c5dc2192b98b9cb20ca4a44a1f52fa2c006b7ac4468e
u02-s014-v009,question,authoringIntent,11,33,3c86fa58da655177f07aa5879e04511dab8bf923bcb69db244a124ad9ed6ab9d
u02-s014-v009,question,reviewStatus,22,22,ec809598e2f7fcc69fad54c9cd045bba62b4a0dc7c0ff90d4efdc3788c9ad8fb
u02-s014-v009,question,contentSha256,64,64,3b7a9a39ccf206582d60c6c5a87ed09bbf3f4b7dfbea2f13a51cdf0cf9c9cb3e
u02-s014-v009,question,contentAuthority,25,25,ed40f75ffe3d6ad4e71f6e7919d063410490de360edb425965eccd605ca9d79e
u02-s014-v010,question,questionId,13,13,f2921aba717311d6b24a038e2542951a0338d4fc753a0ecb944a0f12f088bd69
u02-s014-v010,question,unitId,3,3,95b6504a8bd60df3a9a19ef2c504ac03429b325e9b81f0d701d07bdf6def6afb
u02-s014-v010,question,topicId,18,18,9b64ece213e72b22649ca6f5594dcd36414fc3912e7875cecae09e03983a187a
u02-s014-v010,question,skillId,22,22,e8e8a5c1301f9a6a086bb1f47879ec7be4667a2c0bf2b81343376fa93e799790
u02-s014-v010,question,difficulty,8,8,578756ca4aa16d8872610a5aaa78460fd30fbe93379ff7284fe65d66ca606755
u02-s014-v010,question,type,2,2,6bc0f9c4ecb0acbebf1b9f6c816bdd66f4885f67c917d9e141cf893014fba936
u02-s014-v010,question,visualMode,9,9,9c7d54b0bf7a9369d8594201c7b11955514343809d09fbec33966c1fd9794015
u02-s014-v010,question,sourceScope,19,19,a4b669ddb8ef1883391c07a7b633f12eeaeecee7ec37c09eea4931aff6644346
u02-s014-v010,question,text,37,87,78c7ad12c0a462d535eecc5e35f559a7b64b9ae9c6c126ee0a3ecfa6cf18e86e
u02-s014-v010,question,choices[0],8,10,2456b28662ee67b339245ad7b5183bf054996bf7d0a97f9790a702f2bbdded93
u02-s014-v010,question,choices[1],8,10,ea37d473c1a78b3af18702daaefff6a1d6c3b0cb76a7fc817f4c9b922b7e56fa
u02-s014-v010,question,choices[2],8,10,4a524ccfd6e2413e38b0a2a0aa73537a8aba584372e621266378dc766adacfa4
u02-s014-v010,question,choices[3],8,10,7e30e1b9e56bfc82405428b8918c2a6a8c212cf33bdc9049821227c558127136
u02-s014-v010,question,explanation,53,105,27eea8d9a97c68dd12f40d779bcb401c86f5ac56aec0c491fdce0846e47764f7
u02-s014-v010,question,steps[0],9,18,3207e31e4b5bab3bf1760935b5ccae0baecab6a952be900201948b021cc351a9
u02-s014-v010,question,steps[1],18,23,0a80fbcd41cecc8a84dc2488654a453ec8c88aa54fb3f85dea5c96df7f16718c
u02-s014-v010,question,optionAnalysis[0].choice,8,10,2456b28662ee67b339245ad7b5183bf054996bf7d0a97f9790a702f2bbdded93
u02-s014-v010,question,optionAnalysis[0].reason,11,27,47bd0ab3fab627ec5c6fd4d6cc2513112d0fa0fb4fe91347f516b53555c5c735
u02-s014-v010,question,optionAnalysis[1].choice,8,10,ea37d473c1a78b3af18702daaefff6a1d6c3b0cb76a7fc817f4c9b922b7e56fa
u02-s014-v010,question,optionAnalysis[1].reason,16,19,5a6d6470f709004da51129414d17b2e88e8440f4cd808fd37bc05da2612098b4
u02-s014-v010,question,optionAnalysis[2].choice,8,10,4a524ccfd6e2413e38b0a2a0aa73537a8aba584372e621266378dc766adacfa4
u02-s014-v010,question,optionAnalysis[2].reason,7,15,027e17d64127ef265a6707938d8c261a2741ad6d950cc4b343b512a62e81ffb4
u02-s014-v010,question,optionAnalysis[3].choice,8,10,7e30e1b9e56bfc82405428b8918c2a6a8c212cf33bdc9049821227c558127136
u02-s014-v010,question,optionAnalysis[3].reason,6,14,494b61856d1b902e011415f2814e764c55af87e1451040776d9173ab360f4362
u02-s014-v010,question,commonMistake,12,36,0811d5a64fa331727f6df1537d6e5174c3c48fe900baa507890309e07872ca2b
u02-s014-v010,question,concept,14,42,afc53d3520e3da40a32b43ecf16e5c21b33e84fc7da616ee2a2bb2f6ab9b9df2
u02-s014-v010,question,tags[0],3,9,fd41540cbdbecb9b5fa7116d27c68e378548ab62ab7c7ca4494730a81ea87667
u02-s014-v010,question,tags[1],5,15,df799a41809e9f30888196435f08fe73b89ca4d8c9d21f7cbb884f6da7474ce1
u02-s014-v010,question,tags[2],8,8,578756ca4aa16d8872610a5aaa78460fd30fbe93379ff7284fe65d66ca606755
u02-s014-v010,question,estimatedTimeSec,2,2,39fa9ec190eee7b6f4dff1100d6343e10918d044c75eac8f9e9a2596173f80c9
u02-s014-v010,question,prerequisiteSkillIds[0],25,25,d11ce5e180a262d2a486c5dc2192b98b9cb20ca4a44a1f52fa2c006b7ac4468e
u02-s014-v010,question,authoringIntent,8,24,530cfc5860ca2e0e3c2b1439608c32900e600fb64e0323ec09ebb36b88cd8010
u02-s014-v010,question,literacyContextNecessity,30,84,e11e8c1660002f1c85cb6fa6bf0847ee82bc6b5c1c71caed0d3bb07ec1965dc9
u02-s014-v010,question,reviewStatus,22,22,ec809598e2f7fcc69fad54c9cd045bba62b4a0dc7c0ff90d4efdc3788c9ad8fb
u02-s014-v010,question,contentSha256,64,64,1f15c516c09e4504b9a0d86f5e9557bf922f565b7ed42ab2002dd15432fd9a70
u02-s014-v010,question,contentAuthority,25,25,ed40f75ffe3d6ad4e71f6e7919d063410490de360edb425965eccd605ca9d79e
u02-s014-v011,question,questionId,13,13,6c3b4fe725658e7a3b7518d584e9e971c2c55a6f6ef46b98217e63ef3b90fa8d
u02-s014-v011,question,unitId,3,3,95b6504a8bd60df3a9a19ef2c504ac03429b325e9b81f0d701d07bdf6def6afb
u02-s014-v011,question,topicId,18,18,9b64ece213e72b22649ca6f5594dcd36414fc3912e7875cecae09e03983a187a
u02-s014-v011,question,skillId,22,22,e8e8a5c1301f9a6a086bb1f47879ec7be4667a2c0bf2b81343376fa93e799790
u02-s014-v011,question,difficulty,8,8,578756ca4aa16d8872610a5aaa78460fd30fbe93379ff7284fe65d66ca606755
u02-s014-v011,question,type,2,2,6bc0f9c4ecb0acbebf1b9f6c816bdd66f4885f67c917d9e141cf893014fba936
u02-s014-v011,question,visualMode,9,9,9c7d54b0bf7a9369d8594201c7b11955514343809d09fbec33966c1fd9794015
u02-s014-v011,question,sourceScope,19,19,a4b669ddb8ef1883391c07a7b633f12eeaeecee7ec37c09eea4931aff6644346
u02-s014-v011,question,text,34,84,a6e2a00ff5ed0d174d7b2b061abf1932d40d035514a76263a77c0b6bfc09b369
u02-s014-v011,question,choices[0],6,10,eedd798bb0d2efe6a4673fb31cb6c202f6ab450c587093c21bb16750cc854ad0
u02-s014-v011,question,choices[1],6,10,e1b3e3db5fd45aa07fc53f2b1733b49c54dcb7598901ab2d7c3cf562beb7aacf
u02-s014-v011,question,choices[2],6,10,8b21613756758ad935dd60f945ba37cfeb1315a67e47a4f1e381cd177226baa3
u02-s014-v011,question,choices[3],6,10,3dd475db988b96da2d5122daa4f868944d9c2cc3cba010d256267f824fd2253b
u02-s014-v011,question,explanation,52,106,aae1b5e57a3af76f49e368beba9a6d4ed3f613edb6e788121d94e001eadcfc01
u02-s014-v011,question,steps[0],12,19,c9e4ec1a91b1270d48edefeb7662dfb1ceebf2268df0deaed93199fd983eb445
u02-s014-v011,question,steps[1],16,23,5cb3e1618ab1cd9e83ee5d2b20446868abd3cb5dc1ca188df3443e0aaec72fec
u02-s014-v011,question,optionAnalysis[0].choice,6,10,eedd798bb0d2efe6a4673fb31cb6c202f6ab450c587093c21bb16750cc854ad0
u02-s014-v011,question,optionAnalysis[0].reason,10,24,54f79be5b7d7c4fd19f9ac2b8cec669a7f2c149995792f8b8b480f5f5993e28a
u02-s014-v011,question,optionAnalysis[1].choice,6,10,e1b3e3db5fd45aa07fc53f2b1733b49c54dcb7598901ab2d7c3cf562beb7aacf
u02-s014-v011,question,optionAnalysis[1].reason,7,21,849cfd42aafc45f64a1b08acb70f8e4b0066839a59dd64374ac0868935efda2a
u02-s014-v011,question,optionAnalysis[2].choice,6,10,8b21613756758ad935dd60f945ba37cfeb1315a67e47a4f1e381cd177226baa3
u02-s014-v011,question,optionAnalysis[2].reason,13,16,b22d4209dae8b9ab664ff93b60a32eeda5ad07643f2d48cead3be2cbc81a7d49
u02-s014-v011,question,optionAnalysis[3].choice,6,10,3dd475db988b96da2d5122daa4f868944d9c2cc3cba010d256267f824fd2253b
u02-s014-v011,question,optionAnalysis[3].reason,17,33,c064f99ab005a58c2bc0389e70cd36620329f94446f43b678a46596912341c09
u02-s014-v011,question,commonMistake,18,42,7fd8b4021937587aee36c98c687d9191a90c8e34ba78d239034b1c86b28cf9c0
u02-s014-v011,question,concept,14,42,379f32a5e059e483e425712913355901cdc976f3bd6bab65264d3fec76953f04
u02-s014-v011,question,tags[0],3,9,fd41540cbdbecb9b5fa7116d27c68e378548ab62ab7c7ca4494730a81ea87667
u02-s014-v011,question,tags[1],5,15,df799a41809e9f30888196435f08fe73b89ca4d8c9d21f7cbb884f6da7474ce1
u02-s014-v011,question,tags[2],8,8,578756ca4aa16d8872610a5aaa78460fd30fbe93379ff7284fe65d66ca606755
u02-s014-v011,question,estimatedTimeSec,2,2,39fa9ec190eee7b6f4dff1100d6343e10918d044c75eac8f9e9a2596173f80c9
u02-s014-v011,question,prerequisiteSkillIds[0],25,25,d11ce5e180a262d2a486c5dc2192b98b9cb20ca4a44a1f52fa2c006b7ac4468e
u02-s014-v011,question,authoringIntent,6,18,ec928046bf85c0d94cc2395d899e833ebb1a7e80ae43e72985549882dcc08438
u02-s014-v011,question,literacyContextNecessity,25,75,847ddba1cf6188813e1e6200e16dc5d78e4575e3546739321e0fc95e06cd22f9
u02-s014-v011,question,reviewStatus,22,22,ec809598e2f7fcc69fad54c9cd045bba62b4a0dc7c0ff90d4efdc3788c9ad8fb
u02-s014-v011,question,contentSha256,64,64,122cc934395dd9afbdcb97c42dad5d0e73748e5154f1e5fbb7d10febb8318723
u02-s014-v011,question,contentAuthority,25,25,ed40f75ffe3d6ad4e71f6e7919d063410490de360edb425965eccd605ca9d79e
u02-s014-v012,question,questionId,13,13,6be2b2b70d0a0f0885d49dc5ae300a2b7c0ebe91f2be159c47b6861236aabdca
u02-s014-v012,question,unitId,3,3,95b6504a8bd60df3a9a19ef2c504ac03429b325e9b81f0d701d07bdf6def6afb
u02-s014-v012,question,topicId,18,18,9b64ece213e72b22649ca6f5594dcd36414fc3912e7875cecae09e03983a187a
u02-s014-v012,question,skillId,22,22,e8e8a5c1301f9a6a086bb1f47879ec7be4667a2c0bf2b81343376fa93e799790
u02-s014-v012,question,difficulty,8,8,578756ca4aa16d8872610a5aaa78460fd30fbe93379ff7284fe65d66ca606755
u02-s014-v012,question,type,2,2,6bc0f9c4ecb0acbebf1b9f6c816bdd66f4885f67c917d9e141cf893014fba936
u02-s014-v012,question,visualMode,9,9,9c7d54b0bf7a9369d8594201c7b11955514343809d09fbec33966c1fd9794015
u02-s014-v012,question,sourceScope,19,19,a4b669ddb8ef1883391c07a7b633f12eeaeecee7ec37c09eea4931aff6644346
u02-s014-v012,question,text,31,73,e670b423bc6f4636abd9dc7d71ebfe10dda0f90e1306a718ad29925714bf7b07
u02-s014-v012,question,choices[0],5,7,42e52fa7b90641c92474c74f0f9be59fc2330636d627f848f4fdd2d9d2c6e994
u02-s014-v012,question,choices[1],5,7,d16f042dab7dcc1c05872b999e0ea2c4238d2883c608290ba5f14d5ba6d2e7bb
u02-s014-v012,question,choices[2],6,8,4873a5cdc4a5b7576e923e5903f4f7b5b6b9bc828866a758c159254e8b9ec3af
u02-s014-v012,question,choices[3],10,14,64b41bdbba9208cacfa6a6daedf3b52965d9b2754f036f3c5b08abb33578fb74
u02-s014-v012,question,explanation,60,122,25d4dd5117bc10dfd04dc14bb3fc8ab8c9dc21c69a117433c7b8657a7c93fd82
u02-s014-v012,question,steps[0],12,25,70138604a52acc4d4096c9b14cb9f6c2349265a769d1a0bb94f7ad16e57b5fb0
u02-s014-v012,question,steps[1],20,29,72d143681f09b750125204e9bb73b617529e2368df041766fbd9195919b66906
u02-s014-v012,question,optionAnalysis[0].choice,5,7,42e52fa7b90641c92474c74f0f9be59fc2330636d627f848f4fdd2d9d2c6e994
u02-s014-v012,question,optionAnalysis[0].reason,12,32,a13da2ddf866274f6a1414285236115f1bcf217469dde03c4223078c96f20a7b
u02-s014-v012,question,optionAnalysis[1].choice,5,7,d16f042dab7dcc1c05872b999e0ea2c4238d2883c608290ba5f14d5ba6d2e7bb
u02-s014-v012,question,optionAnalysis[1].reason,8,18,f57a87fd891c15cc21f623b71404806ec8d20d964e004dc0e2ab8ae92146c088
u02-s014-v012,question,optionAnalysis[2].choice,6,8,4873a5cdc4a5b7576e923e5903f4f7b5b6b9bc828866a758c159254e8b9ec3af
u02-s014-v012,question,optionAnalysis[2].reason,5,13,6e09cf75886cce175df7d3ddafe42b9b81986e79daafa1d043972ad6bb64c63b
u02-s014-v012,question,optionAnalysis[3].choice,10,14,64b41bdbba9208cacfa6a6daedf3b52965d9b2754f036f3c5b08abb33578fb74
u02-s014-v012,question,optionAnalysis[3].reason,11,21,4f6e8c0a16adc9e7e7d2c5d9d3d881a3048ec4358f420153f0a442984a01d17e
u02-s014-v012,question,commonMistake,15,41,720a84086f427cb8dc5500a15cc10189be15b18a89378c1a5c4886a154d55aa0
u02-s014-v012,question,concept,18,46,c51b9bcb13af63defc0555ab2993385b94a2f9a01ba58e4347f2408b1459a2ee
u02-s014-v012,question,tags[0],3,9,fd41540cbdbecb9b5fa7116d27c68e378548ab62ab7c7ca4494730a81ea87667
u02-s014-v012,question,tags[1],5,15,df799a41809e9f30888196435f08fe73b89ca4d8c9d21f7cbb884f6da7474ce1
u02-s014-v012,question,tags[2],8,8,578756ca4aa16d8872610a5aaa78460fd30fbe93379ff7284fe65d66ca606755
u02-s014-v012,question,estimatedTimeSec,2,2,39fa9ec190eee7b6f4dff1100d6343e10918d044c75eac8f9e9a2596173f80c9
u02-s014-v012,question,prerequisiteSkillIds[0],25,25,d11ce5e180a262d2a486c5dc2192b98b9cb20ca4a44a1f52fa2c006b7ac4468e
u02-s014-v012,question,authoringIntent,6,18,8c8aaf95d53820f7d228cc2c6b8319392ac13aa5720987f50a8827451dadb660
u02-s014-v012,question,literacyContextNecessity,31,85,8166f7bc1f6c058af0caecc92daffa1fc37b0d813b66e06a4b30aa7b080b208c
u02-s014-v012,question,reviewStatus,22,22,ec809598e2f7fcc69fad54c9cd045bba62b4a0dc7c0ff90d4efdc3788c9ad8fb
u02-s014-v012,question,contentSha256,64,64,cb82f6602cfa6f4d51ecb12c97296ecc4b92fcbfdf3b69294b894012f6127884
u02-s014-v012,question,contentAuthority,25,25,ed40f75ffe3d6ad4e71f6e7919d063410490de360edb425965eccd605ca9d79e
u02-s014-cr001,question,questionId,14,14,3c24e153f2741b0be0ab4b8f336565596e2ab04691fa24d4eafe6033fdc37255
u02-s014-cr001,question,unitId,3,3,95b6504a8bd60df3a9a19ef2c504ac03429b325e9b81f0d701d07bdf6def6afb
u02-s014-cr001,question,topicId,18,18,9b64ece213e72b22649ca6f5594dcd36414fc3912e7875cecae09e03983a187a
u02-s014-cr001,question,skillId,22,22,e8e8a5c1301f9a6a086bb1f47879ec7be4667a2c0bf2b81343376fa93e799790
u02-s014-cr001,question,difficulty,8,8,fe6d3468cf5c74d8ec2a95b40f2e05338c37a4202f8fad692d2b64a9cf9b468a
u02-s014-cr001,question,type,20,20,e519496c259191db041ac61161dbfadb673dd94a10a123ed7423adcf7968ae7c
u02-s014-cr001,question,visualMode,9,9,9c7d54b0bf7a9369d8594201c7b11955514343809d09fbec33966c1fd9794015
u02-s014-cr001,question,prompt,35,87,5653835972488d7c64fbeaeea95da5bb934905714db66f84a170df42c9467591
u02-s014-cr001,question,requiredWork[0],9,27,488cebbc4987940b5cf0ccce836205435c51bc51e2b9c9bcc5c12708cd64a450
u02-s014-cr001,question,requiredWork[1],6,18,b5d4ebc7215d275bfcaabdc02300f910ce9168a59295acb1770fcc93793c14e8
u02-s014-cr001,question,requiredWork[2],6,18,2daa2af358ab6ba49b84462466151b5030713cb5a75eb21b37b48e413751a15c
u02-s014-cr001,question,fullCreditSolution[0],11,22,a3e41a6253454e39fe09eea1a47456887c37d9a1ffa0171fee45cd86c8c101de
u02-s014-cr001,question,fullCreditSolution[1],17,26,b96eea61dfbb0af4afeab5320eb231074db807e66dda71d53e9e8a180181c4dd
u02-s014-cr001,question,fullCreditSolution[2],24,33,b1234fa6008b562341cbd0a2e7297b5c8d696f6fc1db27471261a5435433e1d6
u02-s014-cr001,question,alternativeSolutions[0],14,24,58d1669b0e708f7c431bc7db19d5c4c46bd3cafbe041019fb8ddae7530c67299
u02-s014-cr001,question,rubric[0].criteria,15,39,5ab51d6728e378baebf7012cdc23b7939b1d05b246788ddbf9e38df3a8202749
u02-s014-cr001,question,rubric[1].criteria,10,30,772e94e9a59538884c3cd69c868c5dde6a553f9f3c35136bd871ad9eabb7d2b4
u02-s014-cr001,question,rubric[2].criteria,10,30,c1e6365d06c253cc0dd1b456b9f2d05591b1be7be85f7dee93d6e961a8d8d44d
u02-s014-cr001,question,rubric[3].criteria,10,15,7af73baa11f450a8656a9203ca36c8d74c2bd227399b820ebdd9764016654a76
u02-s014-cr001,question,scoringNotes[0],11,33,da4cd5b6263323e2eaa315d11419e7eeedfe716de5e179f780094cf59d38dad2
u02-s014-cr001,question,commonErrors[0],28,57,8259775e735d37586c24fc0102c7f2ac8cbe3623b0181a7e424e869a4902a13b
u02-s014-cr001,question,commonErrors[1],26,63,50d6516364084150eec9165733d7fd4d8953b4b7f918c65470acb60de0de4752
u02-s014-cr001,question,commonErrors[2],21,42,6a2e79dca5ed02d92514c74f01ffeda0a249f56dd69491cde01ff7bd000436e2
u02-s014-cr001,question,independentReview.derivedResult,7,15,ef6426c4771cb7c89d210c832c71ef997742dc8d624da9577661403b7db748b5
u02-s014-cr001,question,independentReview.ambiguity,13,39,a002cc7730a51394b314637b0319ebef4fcc15c200e373b3295a24c89981de0a
u02-s014-cr001,question,independentReview.decision,4,4,d74ff0ee8da3b9806b18c877dbf29bbde50b5bd8e4dad7a3a725000feb82e8f1
u02-s014-cr001,question,contentSha256,64,64,9ce86400667e81188538ddc59a4bc4f1ce564dc649507f282144c6d981dd1855
u02-s014-cr001,question,contentAuthority,25,25,ed40f75ffe3d6ad4e71f6e7919d063410490de360edb425965eccd605ca9d79e
u02-s014-cr002,question,questionId,14,14,d9ada043962b9263dd5ff72d929403316c0a0ce5425cd846e993d334eb057849
u02-s014-cr002,question,unitId,3,3,95b6504a8bd60df3a9a19ef2c504ac03429b325e9b81f0d701d07bdf6def6afb
u02-s014-cr002,question,topicId,18,18,9b64ece213e72b22649ca6f5594dcd36414fc3912e7875cecae09e03983a187a
u02-s014-cr002,question,skillId,22,22,e8e8a5c1301f9a6a086bb1f47879ec7be4667a2c0bf2b81343376fa93e799790
u02-s014-cr002,question,difficulty,8,8,d21f85ea38166303ce58e06134b5cc4a5c900c409ab2a500ff7c9225109a09bb
u02-s014-cr002,question,type,20,20,e519496c259191db041ac61161dbfadb673dd94a10a123ed7423adcf7968ae7c
u02-s014-cr002,question,visualMode,9,9,9c7d54b0bf7a9369d8594201c7b11955514343809d09fbec33966c1fd9794015
u02-s014-cr002,question,prompt,48,118,dee552f34d583689e43e0a5fce334e742470f9935f7dea7ed787e01aa9de2e3f
u02-s014-cr002,question,requiredWork[0],8,24,ffeb3ac4c4dfbc26cddd254270472d97ae9e316a36c0f0f2cb51c187851aa6fd
u02-s014-cr002,question,requiredWork[1],4,12,dcfd0691caf5960f527e7a7865d93365b7f023c9571f683fa0b915a01979ff68
u02-s014-cr002,question,requiredWork[2],11,33,9c3449c35ccf792a075a94526a2398bb95f6371237560603fd73e843fea42c13
u02-s014-cr002,question,fullCreditSolution[0],18,25,520cef334f5c888f02854a3c175a10eaf84a4d65c0aefc86dd7958f5a1457888
u02-s014-cr002,question,fullCreditSolution[1],26,40,1269b93f52db4828041bb1503ff1aa2fdc9ad8d4b86444f79d347d89c7f1aa2a
u02-s014-cr002,question,fullCreditSolution[2],25,43,83de4b2208fe7e2b464726d4dc79bda8a7e3d26c6ef2efd369b204663299474d
u02-s014-cr002,question,alternativeSolutions[0],17,26,eaa2899f510965e701082242ed2adff4f44305aaa53984fe46aee4157bcecec2
u02-s014-cr002,question,rubric[0].criteria,18,36,393e2422afdba9056806c3a8b9d46e19608fcaa32eade994f913e6948a9c3fe8
u02-s014-cr002,question,rubric[1].criteria,16,48,77b36fc844594892332fe25efaeb0556e9a1d210696dbe28a2d2f7e5c5971c64
u02-s014-cr002,question,rubric[2].criteria,9,21,c6ef80c8e205612d4dc17fbc895bb39eb327c403719b43e7384771f42a8f8c9f
u02-s014-cr002,question,rubric[3].criteria,13,27,6b49a28c81896c7263d60fdc235db204cbb7fb30890ae98e61141488128357ab
u02-s014-cr002,question,scoringNotes[0],12,36,c160a100ba6ea3cbabf147e38399e1adc120854500f0d665b74290c3fb6ab4eb
u02-s014-cr002,question,commonErrors[0],10,18,e242463305e8f1891ec4fa8f30346efbc112a4f5ecf9ec5f2da5ae6447edd875
u02-s014-cr002,question,commonErrors[1],8,14,8aa5a5ae2291c8269cd36efbefafec98370feef7bd6cdedb5ab1580d87105d8d
u02-s014-cr002,question,independentReview.derivedResult,17,31,10bea09ce280552869ec3b85777366d126add767f8dc9c9a6b46a040aa5d18ba
u02-s014-cr002,question,independentReview.ambiguity,13,39,a002cc7730a51394b314637b0319ebef4fcc15c200e373b3295a24c89981de0a
u02-s014-cr002,question,independentReview.decision,4,4,d74ff0ee8da3b9806b18c877dbf29bbde50b5bd8e4dad7a3a725000feb82e8f1
u02-s014-cr002,question,contentSha256,64,64,719fb26800742496b140d3447a832778a8f3f8777df6c4ce1ef00d0a3039d83a
u02-s014-cr002,question,contentAuthority,25,25,ed40f75ffe3d6ad4e71f6e7919d063410490de360edb425965eccd605ca9d79e
u02-s015-lecture-r1,lecture,lectureId,19,19,76fb9efc6409b299fe951e78a13d813aeba73d7bdfe311e4b1f529c691d090f7
u02-s015-lecture-r1,lecture,unitId,3,3,95b6504a8bd60df3a9a19ef2c504ac03429b325e9b81f0d701d07bdf6def6afb
u02-s015-lecture-r1,lecture,topicId,21,21,a6e9c1c51053ab16ecddb1b61eccda7b857c13c41ce8db8452e63b4119e0ea25
u02-s015-lecture-r1,lecture,skillId,25,25,060186d456b6c5301c30981fd58e35d80c1cbbc5868ca2992d6044866dfb2e76
u02-s015-lecture-r1,lecture,title,35,105,7740d17ce343279d73ac80e6a760055907969c7304c4c3a417f860cde49af4d3
u02-s015-lecture-r1,lecture,audience,10,30,e6b4416fbd9f36797de01256b31a4d6f6314e126fde8495e25792c814f64fc5f
u02-s015-lecture-r1,lecture,reviewStatus,22,22,ec809598e2f7fcc69fad54c9cd045bba62b4a0dc7c0ff90d4efdc3788c9ad8fb
u02-s015-lecture-r1,lecture,learningOutcomes[0],26,64,2a64d63eb5153a408e10713be209ce6b888f65cf7f2f3ab60e017721362517e3
u02-s015-lecture-r1,lecture,learningOutcomes[1],15,45,71a8c740156686fef48f56ba73337cf9f30aceedf1de83df136f86a12ed0c93a
u02-s015-lecture-r1,lecture,learningOutcomes[2],15,45,874f5f873d8b36153416e7c4e93ab498e268702b9495d0768f1a2738053e7da5
u02-s015-lecture-r1,lecture,learningOutcomes[3],14,42,2b8a0d09d4420f9deed776868919f45eecbba0f3b82cdbc1a3c36a1a6a90dee9
u02-s015-lecture-r1,lecture,prerequisites[0].skillId,22,22,e8e8a5c1301f9a6a086bb1f47879ec7be4667a2c0bf2b81343376fa93e799790
u02-s015-lecture-r1,lecture,prerequisites[0].requiredLevel,20,60,53a2ccf075ce8610aa583a443ebaf0d41d7f67ee73c9abf9eba9d50706ceb4f5
u02-s015-lecture-r1,lecture,glossary[0].term,2,6,c98e118e0a43f078bac8043a1ac8ccac8a554f8e8bca6a7c57de386a7970c71f
u02-s015-lecture-r1,lecture,glossary[0].definition,11,33,7a37c36d7bfff2060025767f1b5ea3dad80fc612c917a51f42809706c4ce7fc8
u02-s015-lecture-r1,lecture,glossary[1].term,4,12,f67c8c681066616e50787e084008ab5545cc1060c1e37eaf3715fc6a19037f3f
u02-s015-lecture-r1,lecture,glossary[1].definition,10,30,f827eecd1b027fb8649dd65f7add8e36bb223da8e3196a115d0bcb83f1d81904
u02-s015-lecture-r1,lecture,glossary[2].term,4,12,7ca6189a21a1e3fd9372fc7014f1c8c36f223e02f106d08763c33cc35714ed93
u02-s015-lecture-r1,lecture,glossary[2].definition,12,36,6100c38b56c56cf247a4b6ad8987806cce1c25bc958252471f709a2db74caccd
u02-s015-lecture-r1,lecture,glossary[3].term,4,12,bb007ef12e42709a49b71f3e9d5223d80ac9ee0884d2930e69dc06e9a1de2d63
u02-s015-lecture-r1,lecture,glossary[3].definition,17,43,a7d86aca0f831bc7c1fc26f4a76c21291f594162811c2b3ba26b73fd3bfd12cd
u02-s015-lecture-r1,lecture,glossary[4].term,3,9,3292044976f4210ea91a3c7067ca0e5e991a81d6a603c1eca96f6156a2a788a1
u02-s015-lecture-r1,lecture,glossary[4].definition,12,36,2e2dcbd62cdf874f600cb0a9425d5cf2fd691b70d6ac8f8d1c130606ca428d39
u02-s015-lecture-r1,lecture,notation[0].symbol,14,37,76406431e7203c28653f19263e2ae0a0a2f5ab4e11203960ec076b24e48efec9
u02-s015-lecture-r1,lecture,notation[0].meaning,7,21,cd3112225522ef1d39b8e67f14a835c07d6b2fda1045d3223ca08ee63fab4e8d
u02-s015-lecture-r1,lecture,conceptNarrative[0],29,87,421ae6f42a5cb8a92d3332087a72438bf4ced74521b2114ae68b4c582f0ff0e6
u02-s015-lecture-r1,lecture,conceptNarrative[1],28,72,cc0b113019f66dc44e56bb0d6e492ea694a0f3658caa13ec818458431ada3d3c
u02-s015-lecture-r1,lecture,conceptNarrative[2],22,66,00e65e2a591ba8a3d927a23c46a09246089f9604c4072995fa4f66dc88b00edf
u02-s015-lecture-r1,lecture,conceptNarrative[3],26,78,7e986fc59ccfc8219a0c98b622abdf05b621b395a8e29e8962ba53713b6f624b
u02-s015-lecture-r1,lecture,formalDefinitions[0].name,4,12,f4c0d9d3a3da5f906dced9d4b8e7be9184a6ed94a5135984ef863f723bbfbd0a
u02-s015-lecture-r1,lecture,formalDefinitions[0].statement,19,57,d912c1ce9d31cf823d7a433fcd5b121eb0863bcddd3f07c68d026d50843a4081
u02-s015-lecture-r1,lecture,formalDefinitions[1].name,4,12,d4ac7a55590fabdb0de48332b4d29c3f308d7e0f222609a1b040de0b0fbb277a
u02-s015-lecture-r1,lecture,formalDefinitions[1].statement,16,48,59a8ff21818216506f72a2737a2c27747af48455b03423abafe8004264253a7d
u02-s015-lecture-r1,lecture,formulas[0].formula,17,48,f8483431345c5dba1c8d4434a70cef4f0656ef12628b35ce38d237bd8ff1b8d4
u02-s015-lecture-r1,lecture,formulas[0].conditions[0],13,39,47fb71d1ca89b12f22f874fe05404171845a9f835cb6763ee27b870cae076ef5
u02-s015-lecture-r1,lecture,formulas[0].meaning,5,15,8281c3279594187cdadadc96bb8c396fd6d456be4e9f201571b90949352cb989
u02-s015-lecture-r1,lecture,formulas[1].formula,13,27,a5a7b906dfe99637c36a811ce57d12a73d3f11e6c0dfcf5226c96ea732cad448
u02-s015-lecture-r1,lecture,formulas[1].conditions[0],6,18,d7426f0002145fb786b12eea951bb91160cac48a68e2719c91f04941912033b0
u02-s015-lecture-r1,lecture,formulas[1].meaning,5,15,55fa506641a1925affea0957c180971b695ee4e2f479c0aa12787b5cbf5ca75b
u02-s015-lecture-r1,lecture,nonApplicableCases[0],14,42,5537e90aeee42be24e0149cb42818af234ef5aa40b4df8c8bd6f37c441fc0a36
u02-s015-lecture-r1,lecture,nonApplicableCases[1],17,51,31be6280aecfe40e36af2d8fb48b0416d931f4aa50165d5ccc533d46a57ce6fa
u02-s015-lecture-r1,lecture,nonApplicableCases[2],14,42,87e6c625bb19bd93621742863d1ef572649478a64d7c53bcb37a5403f8805317
u02-s015-lecture-r1,lecture,nonApplicableCases[3],18,48,e91cdb8a82bf02dc2f1a206188f13a2eaa35088d466f0c237df08eb3e350bba6
u02-s015-lecture-r1,lecture,method[0].instruction,14,42,0db13d1f6c21b3b52745bfb0176ac73809c029cd59e7868517949783539b38cc
u02-s015-lecture-r1,lecture,method[0].check,11,33,3bf7dcf07784fb425bac3bdfa0b8c3e5765eb72deed20fb997464ec37778725b
u02-s015-lecture-r1,lecture,method[1].instruction,10,30,57336f7336da8aaeb59f3776fac06fe8e13250c22744bde6d89c274695e98c14
u02-s015-lecture-r1,lecture,method[1].check,7,21,769016e36a52045dc77a86b489117d72ed27d736872a3fcccf62e0bf0e01c367
u02-s015-lecture-r1,lecture,method[2].instruction,9,27,9a6291d67b9ac6cd997c4017b08ee49311610c70fac939569a5046d73162d90b
u02-s015-lecture-r1,lecture,method[2].check,11,33,51fad09d2886c556ec2056504a14944b053457167bb9e7866e5cdb9044da97a9
u02-s015-lecture-r1,lecture,method[3].instruction,8,24,d7ed3a9274c4a3b9295614209ecfb6792c05848208d3e1a3577619454245c806
u02-s015-lecture-r1,lecture,method[3].check,10,30,129b677366105652682840fdb2962718c9055e40693594f1d093af24505a71d0
u02-s015-lecture-r1,lecture,method[4].instruction,6,18,f3a3a5f1b2ec32e7c15880b4eb45a37c73859a4b8b2c48ee3c409a7b12fa3522
u02-s015-lecture-r1,lecture,method[4].check,11,33,cb9cea48a6cd3c2e4ec7033f97838f5009cd483a14d45ff1dd65a8b933b54260
u02-s015-lecture-r1,lecture,workedExamples[0].exampleId,2,2,dffe8596427fc50e8f64654a609af134d45552f18bbecef90b31135a9e7acaa0
u02-s015-lecture-r1,lecture,workedExamples[0].prompt,16,36,41294c776f6eb2eae6daa8788edfff63b5b4c49244eb9a14a501e9d2e7fb0a76
u02-s015-lecture-r1,lecture,workedExamples[0].solutionSteps[0],8,18,bde75284034f685acc5eaf19e3278b0778f5cae90ad37ca460bdbaca5d306a64
u02-s015-lecture-r1,lecture,workedExamples[0].solutionSteps[1],16,34,f7a3a8fffef5c559fc7703149b0f1cf0388a607ecb3d2c1e62eb98a152fcd4d8
u02-s015-lecture-r1,lecture,workedExamples[0].answer,8,16,9a35d7c53292aed8ac42d950cfc0dce098b0195e6cb29062ac87497232979a3b
u02-s015-lecture-r1,lecture,workedExamples[1].exampleId,2,2,d76354d8457898445bb69e0dc0dc95fb74cc3cf334f8c1859162a16ad0041f8d
u02-s015-lecture-r1,lecture,workedExamples[1].prompt,31,71,d523cd13e6f7884521db34060a83b3678a9b549fb08f8717c86245cd02d5ea15
u02-s015-lecture-r1,lecture,workedExamples[1].solutionSteps[0],8,16,bcbb275f8304837c83d13102f2a3acbe8190936137863dd9afb926b308f6c104
u02-s015-lecture-r1,lecture,workedExamples[1].solutionSteps[1],8,16,3b9ccea4d97997351ea8408f0b7a89680cdca642fa33ccdc6837ddcbb42e6e8d
u02-s015-lecture-r1,lecture,workedExamples[1].answer,8,18,6c4ac89ae87b2ad425590efc39cac3e3b74c99318b9f5e040d995267acdb825c
u02-s015-lecture-r1,lecture,workedExamples[2].exampleId,2,2,842983de8fb1d277a3fad5c8295c7a14317c458718a10c5a35b23e7f992a5c80
u02-s015-lecture-r1,lecture,workedExamples[2].prompt,22,48,e87e9375fd4fb7ef98d4531b3b541bb2376b5a90ed761ba9f8b293344e4943a2
u02-s015-lecture-r1,lecture,workedExamples[2].solutionSteps[0],17,29,a218c7ae3b12b937bbeebfbd6498cdafe296d8cbe9542c098c20fda6458de645
u02-s015-lecture-r1,lecture,workedExamples[2].solutionSteps[1],15,21,00bc87c63c75faacb056f7a14a6e8f9b092b76be14994a9dd95d206f9a1572ea
u02-s015-lecture-r1,lecture,workedExamples[2].answer,6,8,7b7d961164b5546ce876493b68cf17f5241153723ac8c8e0e62fbae7b32a1be4
u02-s015-lecture-r1,lecture,workedExamples[3].exampleId,2,2,4a5a97c6433c4c062457e9335709d57493e75527809d8a9586c141e591ac9f2c
u02-s015-lecture-r1,lecture,workedExamples[3].prompt,24,46,6cf11c0d61be30cb720123351c51dbff289803ef17a0dde5b3175a8405270fcf
u02-s015-lecture-r1,lecture,workedExamples[3].solutionSteps[0],17,29,7c59f1a992c5bade306808a34778a9ee54bbdd963b0ab08002251501894f9087
u02-s015-lecture-r1,lecture,workedExamples[3].solutionSteps[1],7,17,eafbebb8a5cdd4050168655383294c2a00684eb342651833bbe56efcd2bd672e
u02-s015-lecture-r1,lecture,workedExamples[3].answer,5,11,f42ec96d672145034e1b9a944d85234976a95699d1f532d4e5240672ead74f08
u02-s015-lecture-r1,lecture,commonMistakes[0].mistake,9,27,2c4f1113cb8a584e032bb47e4bf8e4bb873613636a5f6c0fdc02b79458bb2d83
u02-s015-lecture-r1,lecture,commonMistakes[0].why,15,45,92e12fd1e3ce30b31e4830c06ce09bd1ce8f2d8a9f66de94245c911a5036b9d8
u02-s015-lecture-r1,lecture,commonMistakes[0].correction,10,30,698c4d46ef107e33b1605c1c2f7de041e02e24e81df41e718106844693827189
u02-s015-lecture-r1,lecture,commonMistakes[1].mistake,6,18,767188aec565bdda103abe728cf0d53b7fecffd2e97d4e6dd3a7e4347ccace5b
u02-s015-lecture-r1,lecture,commonMistakes[1].why,7,21,d35ddd40fec88f289bddb0f6efe24ed578adb56dcfdb91aa4c48eded62f22f21
u02-s015-lecture-r1,lecture,commonMistakes[1].correction,8,24,ca83c6f9a2d0e737a76a0e0820dd76a92eab7ea82343228e6e760abb681c9b4f
u02-s015-lecture-r1,lecture,commonMistakes[2].mistake,13,39,3ec242047229087d54eda0ae32686761b4bf45d4e317fa080b74ede5edb7e306
u02-s015-lecture-r1,lecture,commonMistakes[2].why,5,15,fc00ff5330039ccd819fc214bf476bfbc7ec06fc69de69ab2cd2e98903c5ff7b
u02-s015-lecture-r1,lecture,commonMistakes[2].correction,7,20,05cac9c0b022f9828eba07eccad0aa587f90c75bbba36094f2cbfdbbd96cfd77
u02-s015-lecture-r1,lecture,commonMistakes[3].mistake,12,36,bf100795ec8e20cc6d13d5d2bc327e120a8cb03bdad9aa34d31ad2aeb8dd6dae
u02-s015-lecture-r1,lecture,commonMistakes[3].why,7,21,7ea85fcff4d50812496daa258767f61855402a5b2cb0c978c534471450251a65
u02-s015-lecture-r1,lecture,commonMistakes[3].correction,10,30,1cea4b239ddc967e20e17595ebaf6ca770864da3df7b90ce35eb9d994121560e
u02-s015-lecture-r1,lecture,commonMistakes[4].mistake,8,24,f3ae0f3a865ea87a935ee924977b0a3e55217f5e1a29cd27c3b0477322b693f4
u02-s015-lecture-r1,lecture,commonMistakes[4].why,11,33,227dfcb6cb278048abccefbcd96423bd95c697b00ac4fb51cd355e33a2c4a12f
u02-s015-lecture-r1,lecture,commonMistakes[4].correction,7,21,84d2e1c32fa60a17909be209940068a140ffc9fa013574f745d7024298374194
u02-s015-lecture-r1,lecture,commonMistakes[5].mistake,10,30,f7a8717024d89313c23a068e6deda26c166c0ade495e5193dbb19f914647fc1a
u02-s015-lecture-r1,lecture,commonMistakes[5].why,14,40,9be0ddcaec4abfbea21895bfc320e8e982cc7d532b927952bfc35c4731eda519
u02-s015-lecture-r1,lecture,commonMistakes[5].correction,7,21,6a70fa2b3b33f378b539042e268b0a6f67703e67ee88daab027076bbff18f193
u02-s015-lecture-r1,lecture,selfCheck[0],13,39,9bf7f07e16a54b3a898b4aef1c2a2847a32121a966ea238e54af673e01cb359e
u02-s015-lecture-r1,lecture,selfCheck[1],9,27,24a03422975705ce376fa301f8a9b3e99657da73f2c4c5e25453126184b77e58
u02-s015-lecture-r1,lecture,selfCheck[2],9,27,c9f1d7e176521c1936cb26dc096d75e55a5361c8fa66cd3cb182c9b77e5562d9
u02-s015-lecture-r1,lecture,selfCheck[3],12,36,beefb60f89fc4952fa95b08d40c67ec5f85c9f1e492c9a54c46b5c9ce6f31f6a
u02-s015-lecture-r1,lecture,selfCheck[4],20,60,4a6e3170b0d598bf49482c004abfd14b9780d5c91e323a7a55b978a6bee57772
u02-s015-lecture-r1,lecture,summary[0],10,30,9d848e765ad4aa194513ffb071d819ac47887d809c5a00a4efce2e034073353d
u02-s015-lecture-r1,lecture,summary[1],12,36,e528294e51d1cf2d7abcf1f8fbca4ffaeb329ac37903bc21b256a13f7fba81c0
u02-s015-lecture-r1,lecture,summary[2],10,30,e24e00901b2787e5470cf582d0a869df78e5d956fcfccb44ad9888c6dd673f5a
u02-s015-lecture-r1,lecture,summary[3],15,45,8ee17845a069ab6d6354a26d836952f2e1831414814983e5bef0479381fbafa9
u02-s015-lecture-r1,lecture,connections.previous,42,80,e45f14d6759b427a526ae82926fed003284d104b06693f6e021c712badf42280
u02-s015-lecture-r1,lecture,connections.next[0],16,48,8b9cf2943a1d96717794415da2a287c8a719031419d38f0c67d07e5c67fb0830
u02-s015-lecture-r1,lecture,connections.next[1],20,60,e85e29196f0659d24e801ead4223fb17e27d17b831b07cdfb9646c2d60b6a673
u02-s015-lecture-r1,lecture,practiceLinks.mcQuestionIds[0],13,13,071b301fe1e977f0f6686c2ffdde590085d03987b560befe7e7f1123c5c817d7
u02-s015-lecture-r1,lecture,practiceLinks.mcQuestionIds[1],13,13,8f375537493bdc1cf35672be7eb52023e8855724c5ed36b7da46c113b5a2440f
u02-s015-lecture-r1,lecture,practiceLinks.mcQuestionIds[2],13,13,24259aa68383fd92f8fce0fb63de70aad5c8fb8a9708f1e16a5205315454d169
u02-s015-lecture-r1,lecture,practiceLinks.mcQuestionIds[3],13,13,f7d87e05a20aedb7eba814789d591f7baae086905b343bf9fe7339254336dca8
u02-s015-lecture-r1,lecture,practiceLinks.mcQuestionIds[4],13,13,b33e6b22c7c0f86f5a03855c76d555db738a6833b729665f1bfbae2107d80f0a
u02-s015-lecture-r1,lecture,practiceLinks.mcQuestionIds[5],13,13,28aacb92a5f334352b363aa7c891655437f2eb94a41bc98696672f04d2783b61
u02-s015-lecture-r1,lecture,practiceLinks.mcQuestionIds[6],13,13,d05a47d119088450c9238cc41890b7fb166cddb5db7aed4ec61d5d60c2cd6c46
u02-s015-lecture-r1,lecture,practiceLinks.mcQuestionIds[7],13,13,f36d530a1f3019a9265d906930f7370a4d69301964c04ac301e6a813c0521df5
u02-s015-lecture-r1,lecture,practiceLinks.mcQuestionIds[8],13,13,b4d3c6cc90d2a76f1c0cfa40d07045376615020cdd125035fb2d7cc35bb9d532
u02-s015-lecture-r1,lecture,practiceLinks.mcQuestionIds[9],13,13,97f0bbfbd9b61dea21fe0212ed0338f41561e771b8cf87bce618d4574a4b302d
u02-s015-lecture-r1,lecture,practiceLinks.mcQuestionIds[10],13,13,03b5edb4e59e937e5aa5f093acea5e767eff967631fdc140013e7fbc04bbcb63
u02-s015-lecture-r1,lecture,practiceLinks.mcQuestionIds[11],13,13,a0c5443aa9ff54e82d570297f1c470d9881d6a2f4308e8b02b2831f07d35b33e
u02-s015-lecture-r1,lecture,practiceLinks.constructedResponseIds[0],14,14,e624a2014b035d1f10f0c4fbbfeb66cda82cc62bd45b99d61ac56c0d9190fb1c
u02-s015-lecture-r1,lecture,practiceLinks.constructedResponseIds[1],14,14,af5239b31725d4b42fb786eb3de403f3d5835cadbedc07a6f6b1b4d8787a3942
u02-s015-lecture-r1,lecture,lectureReview.mathematicalCorrectness,4,4,d74ff0ee8da3b9806b18c877dbf29bbde50b5bd8e4dad7a3a725000feb82e8f1
u02-s015-lecture-r1,lecture,lectureReview.zeroFoundationReadability,4,4,d74ff0ee8da3b9806b18c877dbf29bbde50b5bd8e4dad7a3a725000feb82e8f1
u02-s015-lecture-r1,lecture,lectureReview.scopeCheck,21,21,fdf8268f0373301b2fcc6331f1d8999b8aabea69681e8bc972ab9a21216a7606
u02-s015-lecture-r1,lecture,lectureReview.reviewNote,56,146,bced7da395c25ab2e90efeabc72b431c66e3c4dd3ab0e290887f5b0f93c83a44
u02-s015-lecture-r1,lecture,lectureReview.reviewVersion,25,25,d778dfb0b9da1de52a9e6d141e13b5f20b33f0779b3da3dad22096cd927b9411
u02-s015-lecture-r1,lecture,lectureReview.reviewedAt,10,10,14158d45727526145ef514139eeb669eb54d613dbcffe524f099dbb71c9d8b08
u02-s015-lecture-r1,lecture,contentSha256,64,64,5b87e5793d775a247bb3c2c67e54f35cf9e51811984a5f9c371d9276c2e37fa4
u02-s015-lecture-r1,lecture,contentAuthority,25,25,ed40f75ffe3d6ad4e71f6e7919d063410490de360edb425965eccd605ca9d79e
u02-s015-v001,question,questionId,13,13,071b301fe1e977f0f6686c2ffdde590085d03987b560befe7e7f1123c5c817d7
u02-s015-v001,question,unitId,3,3,95b6504a8bd60df3a9a19ef2c504ac03429b325e9b81f0d701d07bdf6def6afb
u02-s015-v001,question,topicId,21,21,a6e9c1c51053ab16ecddb1b61eccda7b857c13c41ce8db8452e63b4119e0ea25
u02-s015-v001,question,skillId,25,25,060186d456b6c5301c30981fd58e35d80c1cbbc5868ca2992d6044866dfb2e76
u02-s015-v001,question,difficulty,5,5,fbb7b5bf4ca348eeeebf8cc3660712859a5a1fbf18e83217a57ce203fb51d5c2
u02-s015-v001,question,type,2,2,6bc0f9c4ecb0acbebf1b9f6c816bdd66f4885f67c917d9e141cf893014fba936
u02-s015-v001,question,visualMode,9,9,9c7d54b0bf7a9369d8594201c7b11955514343809d09fbec33966c1fd9794015
u02-s015-v001,question,sourceScope,19,19,a4b669ddb8ef1883391c07a7b633f12eeaeecee7ec37c09eea4931aff6644346
u02-s015-v001,question,text,29,69,153d543a77f40a6412397b750d28ba30e92a599435d5548b8093d214c3b70576
u02-s015-v001,question,choices[0],4,6,0f20b846552149abb6878f6efe7e90998fd3495923984a7cdf8cc94f7d9ca9ea
u02-s015-v001,question,choices[1],4,6,431b6901bb900aea28a63e10ea46f534f6dee983a5976e711c1d2a793f4c7251
u02-s015-v001,question,choices[2],4,6,a24058035541bf59a22f02f5c87f7577872e1e6a4a50708d5701c7913bde897d
u02-s015-v001,question,choices[3],4,6,c7c5158832b84f6fef5bd25a2f3d1d7e3b81a7c28264cab98c0ae6f9702276bc
u02-s015-v001,question,explanation,41,89,83b8069f3652b3364fd1896e3686ead3d0e61a9be0620443fff8514d01fb6c33
u02-s015-v001,question,steps[0],13,15,c0bc326d4428937ce69c9b7eb3368a66762cd59554360d1861ff99b89ec10335
u02-s015-v001,question,steps[1],6,14,b9bc8f2a88cda1e5b6655a1693791a5ec89b2fa8c75b7dbaba6d7107f17bef79
u02-s015-v001,question,optionAnalysis[0].choice,4,6,0f20b846552149abb6878f6efe7e90998fd3495923984a7cdf8cc94f7d9ca9ea
u02-s015-v001,question,optionAnalysis[0].reason,6,14,253fe1232adfb21f9499cbf00f86132ad02c10764f27132b986ec36963ba3512
u02-s015-v001,question,optionAnalysis[1].choice,4,6,431b6901bb900aea28a63e10ea46f534f6dee983a5976e711c1d2a793f4c7251
u02-s015-v001,question,optionAnalysis[1].reason,6,12,56a90f9e7738bf7602bfd746e86154655c4f8ceb0d8f3c30b7c19812d8457489
u02-s015-v001,question,optionAnalysis[2].choice,4,6,a24058035541bf59a22f02f5c87f7577872e1e6a4a50708d5701c7913bde897d
u02-s015-v001,question,optionAnalysis[2].reason,5,13,3d775e7f582b1160c52b7663209e81cda4e4a2e16490fcbe6003d22ce00d9b2a
u02-s015-v001,question,optionAnalysis[3].choice,4,6,c7c5158832b84f6fef5bd25a2f3d1d7e3b81a7c28264cab98c0ae6f9702276bc
u02-s015-v001,question,optionAnalysis[3].reason,6,12,051dddc2c5031cdd9c2e0e47c08218a0992afa1ef3c8ef2eb39ae92ac1750cc9
u02-s015-v001,question,commonMistake,11,29,bd996eda93d85f3528c17e540269ba45679666472c4b06904d6c005a3fed83ab
u02-s015-v001,question,concept,12,33,423ce31665bca9642b48659b5dfbd55ff2eeb0eaba485bfe5d734b64141cfe19
u02-s015-v001,question,tags[0],3,9,fd41540cbdbecb9b5fa7116d27c68e378548ab62ab7c7ca4494730a81ea87667
u02-s015-v001,question,tags[1],16,48,87c96689be9910928738d52a518f091db6d350ccaafef9012ea92bb8f310f6c7
u02-s015-v001,question,tags[2],5,5,fbb7b5bf4ca348eeeebf8cc3660712859a5a1fbf18e83217a57ce203fb51d5c2
u02-s015-v001,question,estimatedTimeSec,2,2,39fa9ec190eee7b6f4dff1100d6343e10918d044c75eac8f9e9a2596173f80c9
u02-s015-v001,question,prerequisiteSkillIds[0],22,22,e8e8a5c1301f9a6a086bb1f47879ec7be4667a2c0bf2b81343376fa93e799790
u02-s015-v001,question,authoringIntent,11,33,4063cad04a86f421eeeeb6b6665dbfa0762e248f5c578d099f12938b581852df
u02-s015-v001,question,literacyContextNecessity,20,60,d40817563da35351258a4a6eab8cedf4248a1a00c869c6013ad5f23d5d2ab699
u02-s015-v001,question,reviewStatus,22,22,ec809598e2f7fcc69fad54c9cd045bba62b4a0dc7c0ff90d4efdc3788c9ad8fb
u02-s015-v001,question,contentSha256,64,64,7453e0c8d1d256259aac1bb020aa094352ad34376d105a2569dbdef7dd7245d1
u02-s015-v001,question,contentAuthority,25,25,ed40f75ffe3d6ad4e71f6e7919d063410490de360edb425965eccd605ca9d79e
u02-s015-v002,question,questionId,13,13,8f375537493bdc1cf35672be7eb52023e8855724c5ed36b7da46c113b5a2440f
u02-s015-v002,question,unitId,3,3,95b6504a8bd60df3a9a19ef2c504ac03429b325e9b81f0d701d07bdf6def6afb
u02-s015-v002,question,topicId,21,21,a6e9c1c51053ab16ecddb1b61eccda7b857c13c41ce8db8452e63b4119e0ea25
u02-s015-v002,question,skillId,25,25,060186d456b6c5301c30981fd58e35d80c1cbbc5868ca2992d6044866dfb2e76
u02-s015-v002,question,difficulty,5,5,fbb7b5bf4ca348eeeebf8cc3660712859a5a1fbf18e83217a57ce203fb51d5c2
u02-s015-v002,question,type,2,2,6bc0f9c4ecb0acbebf1b9f6c816bdd66f4885f67c917d9e141cf893014fba936
u02-s015-v002,question,visualMode,9,9,9c7d54b0bf7a9369d8594201c7b11955514343809d09fbec33966c1fd9794015
u02-s015-v002,question,sourceScope,19,19,a4b669ddb8ef1883391c07a7b633f12eeaeecee7ec37c09eea4931aff6644346
u02-s015-v002,question,text,36,88,e926d53ddbab3260e84f764192ebc836f5c89805ed7664e221995cbfa41e6291
u02-s015-v002,question,choices[0],5,9,b80e32a40db6165e5b526fc623a80ffe740eafb6458b64385d1d123d18370385
u02-s015-v002,question,choices[1],5,9,6bff1b23e6d02e21717f3b5d85ba2d0d6d2f9cbc463d446ba29051e30ee360cd
u02-s015-v002,question,choices[2],5,9,4fadf2960ea4f8147eb2a58d97eeaf37c14526da4a77296ac039e48028373a61
u02-s015-v002,question,choices[3],5,9,fccdafb478d82dd4c57a16f7ac7d5df6d51b9bd476a3cc44696bd8edaa2e4f41
u02-s015-v002,question,explanation,41,84,fe367f2987b0dfe2400dae00f1fc8fc2f988d8fb3d1f0c18b503398d7e6b7576
u02-s015-v002,question,steps[0],9,11,302f6d3dbf9ad1cdefa1e02da42daef06392926ecb4e2f342760d8e76a52d3cf
u02-s015-v002,question,steps[1],9,10,ba0f0e8931ef75894ee734e5efd88df7f573c6a0e882841585280308560f10b8
u02-s015-v002,question,optionAnalysis[0].choice,5,9,b80e32a40db6165e5b526fc623a80ffe740eafb6458b64385d1d123d18370385
u02-s015-v002,question,optionAnalysis[0].reason,5,13,2e9d59b0b070762e3f49f76110b6e06bddf685a92cfb6976335b5e9bd02ba43b
u02-s015-v002,question,optionAnalysis[1].choice,5,9,6bff1b23e6d02e21717f3b5d85ba2d0d6d2f9cbc463d446ba29051e30ee360cd
u02-s015-v002,question,optionAnalysis[1].reason,7,17,f0bc6b2ec3d50ed52ba920de40ed1e570b6b5c625b10938a1a21b6e4b240e651
u02-s015-v002,question,optionAnalysis[2].choice,5,9,4fadf2960ea4f8147eb2a58d97eeaf37c14526da4a77296ac039e48028373a61
u02-s015-v002,question,optionAnalysis[2].reason,8,22,b77f1733fa294de979014af861dd97492936fb9938afbf34218ac3941586b092
u02-s015-v002,question,optionAnalysis[3].choice,5,9,fccdafb478d82dd4c57a16f7ac7d5df6d51b9bd476a3cc44696bd8edaa2e4f41
u02-s015-v002,question,optionAnalysis[3].reason,31,66,a35c7c7d8aa2a8194b62a538554440aa1fe72436ea732b497755eefe9272f2a4
u02-s015-v002,question,commonMistake,11,33,e3ff595570f552b1987d3496abad2585a3c0c0078151d644fd8909a6be1bf821
u02-s015-v002,question,concept,12,36,85714f0ee07fb710bee5e24989d794ea24a78bf9f789fee282f52807733fb2b0
u02-s015-v002,question,tags[0],3,9,fd41540cbdbecb9b5fa7116d27c68e378548ab62ab7c7ca4494730a81ea87667
u02-s015-v002,question,tags[1],16,48,87c96689be9910928738d52a518f091db6d350ccaafef9012ea92bb8f310f6c7
u02-s015-v002,question,tags[2],5,5,fbb7b5bf4ca348eeeebf8cc3660712859a5a1fbf18e83217a57ce203fb51d5c2
u02-s015-v002,question,estimatedTimeSec,2,2,39fa9ec190eee7b6f4dff1100d6343e10918d044c75eac8f9e9a2596173f80c9
u02-s015-v002,question,prerequisiteSkillIds[0],22,22,e8e8a5c1301f9a6a086bb1f47879ec7be4667a2c0bf2b81343376fa93e799790
u02-s015-v002,question,authoringIntent,7,21,3d21901102513ba43562f04e67fcbe5e10e66d1b7bd6d016e7db34ec730f9390
u02-s015-v002,question,literacyContextNecessity,20,60,0bf3dc97648ab39ede96b16abf8d327de5a1cefae72cde3ea8ca5a91a09c32a1
u02-s015-v002,question,reviewStatus,22,22,ec809598e2f7fcc69fad54c9cd045bba62b4a0dc7c0ff90d4efdc3788c9ad8fb
u02-s015-v002,question,contentSha256,64,64,6dbff6ae15e510731d995bb408a02e546d8ea2e1f6b66fc92f9754e70a143d34
u02-s015-v002,question,contentAuthority,25,25,ed40f75ffe3d6ad4e71f6e7919d063410490de360edb425965eccd605ca9d79e
u02-s015-v003,question,questionId,13,13,24259aa68383fd92f8fce0fb63de70aad5c8fb8a9708f1e16a5205315454d169
u02-s015-v003,question,unitId,3,3,95b6504a8bd60df3a9a19ef2c504ac03429b325e9b81f0d701d07bdf6def6afb
u02-s015-v003,question,topicId,21,21,a6e9c1c51053ab16ecddb1b61eccda7b857c13c41ce8db8452e63b4119e0ea25
u02-s015-v003,question,skillId,25,25,060186d456b6c5301c30981fd58e35d80c1cbbc5868ca2992d6044866dfb2e76
u02-s015-v003,question,difficulty,5,5,fbb7b5bf4ca348eeeebf8cc3660712859a5a1fbf18e83217a57ce203fb51d5c2
u02-s015-v003,question,type,2,2,6bc0f9c4ecb0acbebf1b9f6c816bdd66f4885f67c917d9e141cf893014fba936
u02-s015-v003,question,visualMode,9,9,9c7d54b0bf7a9369d8594201c7b11955514343809d09fbec33966c1fd9794015
u02-s015-v003,question,sourceScope,19,19,a4b669ddb8ef1883391c07a7b633f12eeaeecee7ec37c09eea4931aff6644346
u02-s015-v003,question,text,30,74,23e14de1dccc6e712cc8393d9a0ed0636eea88f95c338fd3c4c748aecb3471e8
u02-s015-v003,question,choices[0],13,31,651060ca3d8b0c0efc45d838d1c3974005050a827be15655f50d57700f5404d7
u02-s015-v003,question,choices[1],11,24,a5c5b3dcb176aa77c4b1e1054f7317ef99657119777f31036de769feb5d6655e
u02-s015-v003,question,choices[2],11,25,5ddde7fcdaa63a3111ea57d4854e4bcabbffa0db2cfa3a8dbc74efe5347fe47e
u02-s015-v003,question,choices[3],4,12,42b99493246ed001821cd26c1532d1dbb146e6bc99a978807c43629d69a13f5e
u02-s015-v003,question,explanation,50,123,4529347a9d6a6696a601072ca6b0426baa70d1d29cd78a1b7ce6b3edcb13ec53
u02-s015-v003,question,steps[0],7,8,8e968eaeec6359701716c55fb2c9ffa9b339554f303e388bfa50cb6feb008367
u02-s015-v003,question,steps[1],14,36,dd420a3be96cf26bf9cc652ae243324a2e00aa31cd692bf414bf4cffa06d3f08
u02-s015-v003,question,optionAnalysis[0].choice,13,31,651060ca3d8b0c0efc45d838d1c3974005050a827be15655f50d57700f5404d7
u02-s015-v003,question,optionAnalysis[0].reason,7,21,31322a0463f938841e74b1b4fc7bbf038e05844d6879e0822150b63dac41881a
u02-s015-v003,question,optionAnalysis[1].choice,11,24,a5c5b3dcb176aa77c4b1e1054f7317ef99657119777f31036de769feb5d6655e
u02-s015-v003,question,optionAnalysis[1].reason,9,22,2abf96419186aab110477742355c5799018e0b2544e0609aa05c3693c6ed9a18
u02-s015-v003,question,optionAnalysis[2].choice,11,25,5ddde7fcdaa63a3111ea57d4854e4bcabbffa0db2cfa3a8dbc74efe5347fe47e
u02-s015-v003,question,optionAnalysis[2].reason,9,19,f2c6a6fe8c0733a098aaed8989a12ce57bd9ea2ea03ddddeb74c36a6348131d6
u02-s015-v003,question,optionAnalysis[3].choice,4,12,42b99493246ed001821cd26c1532d1dbb146e6bc99a978807c43629d69a13f5e
u02-s015-v003,question,optionAnalysis[3].reason,5,15,383a2cd2bfd81caeed43f0a26fd47845ab689c2f374fa0c5c46658c4199422f4
u02-s015-v003,question,commonMistake,14,42,4fe8a2f62597afc1d0aef0124530b73cdaebdf9e92c7e39e0f26563f4d99ac00
u02-s015-v003,question,concept,10,30,325d57155950b0fdc02db4640e9565d5b36c57a6db41d30c1282e7a278c4c07c
u02-s015-v003,question,tags[0],3,9,fd41540cbdbecb9b5fa7116d27c68e378548ab62ab7c7ca4494730a81ea87667
u02-s015-v003,question,tags[1],16,48,87c96689be9910928738d52a518f091db6d350ccaafef9012ea92bb8f310f6c7
u02-s015-v003,question,tags[2],5,5,fbb7b5bf4ca348eeeebf8cc3660712859a5a1fbf18e83217a57ce203fb51d5c2
u02-s015-v003,question,estimatedTimeSec,2,2,39fa9ec190eee7b6f4dff1100d6343e10918d044c75eac8f9e9a2596173f80c9
u02-s015-v003,question,prerequisiteSkillIds[0],22,22,e8e8a5c1301f9a6a086bb1f47879ec7be4667a2c0bf2b81343376fa93e799790
u02-s015-v003,question,authoringIntent,9,27,65a939c59ac412e16ff0d638b77014a47f146aa332f9191d860e797d34bbb7d2
u02-s015-v003,question,literacyContextNecessity,25,67,c2a285aad8acf2e47c259876e10241a9ee1c3ef03901926b5be7b0fdb8cd6adf
u02-s015-v003,question,reviewStatus,22,22,ec809598e2f7fcc69fad54c9cd045bba62b4a0dc7c0ff90d4efdc3788c9ad8fb
u02-s015-v003,question,contentSha256,64,64,dfa01d56eb69dc2c9994d2f755778c29a080454e0b4f2fd88e47fd851872c789
u02-s015-v003,question,contentAuthority,25,25,ed40f75ffe3d6ad4e71f6e7919d063410490de360edb425965eccd605ca9d79e
u02-s015-v004,question,questionId,13,13,f7d87e05a20aedb7eba814789d591f7baae086905b343bf9fe7339254336dca8
u02-s015-v004,question,unitId,3,3,95b6504a8bd60df3a9a19ef2c504ac03429b325e9b81f0d701d07bdf6def6afb
u02-s015-v004,question,topicId,21,21,a6e9c1c51053ab16ecddb1b61eccda7b857c13c41ce8db8452e63b4119e0ea25
u02-s015-v004,question,skillId,25,25,060186d456b6c5301c30981fd58e35d80c1cbbc5868ca2992d6044866dfb2e76
u02-s015-v004,question,difficulty,8,8,fe6d3468cf5c74d8ec2a95b40f2e05338c37a4202f8fad692d2b64a9cf9b468a
u02-s015-v004,question,type,2,2,6bc0f9c4ecb0acbebf1b9f6c816bdd66f4885f67c917d9e141cf893014fba936
u02-s015-v004,question,visualMode,9,9,9c7d54b0bf7a9369d8594201c7b11955514343809d09fbec33966c1fd9794015
u02-s015-v004,question,sourceScope,19,19,a4b669ddb8ef1883391c07a7b633f12eeaeecee7ec37c09eea4931aff6644346
u02-s015-v004,question,text,35,89,7312555738e4a99b4654057b49394e5773aa0ae1ee732b7ee24951b18d371a41
u02-s015-v004,question,choices[0],4,4,3d9e0949dfd88625c2042dd6d84f515e48907b31a7e8c4232c891613ddce9e00
u02-s015-v004,question,choices[1],3,3,e8692ca200b54ddada768e71960a0511416137a374776dcfd1aa8305d0a96fa3
u02-s015-v004,question,choices[2],4,4,170b6fbc9474e95f607d477059c3c48ff15439a74041d912f83b384ab1e15820
u02-s015-v004,question,choices[3],3,3,0b9db2ecfb8de65fb248232d099982a827055c98d6372e9b4e1fa81d98dc1cc2
u02-s015-v004,question,explanation,60,135,1fa87360c424fb040f794838b05e2a6bf02582500af35280bbc9c0b196778109
u02-s015-v004,question,steps[0],8,18,8b1079570a8c08bd783582f28f4e039ea1193d68c9acd5ee9c6b51ada33e561e
u02-s015-v004,question,steps[1],31,60,8dbbed63960b4141cda524a415f4686a78fc46f1dec6231c4b852c74487e67e1
u02-s015-v004,question,optionAnalysis[0].choice,4,4,3d9e0949dfd88625c2042dd6d84f515e48907b31a7e8c4232c891613ddce9e00
u02-s015-v004,question,optionAnalysis[0].reason,11,33,fcd0c524a44c0c9f27adb623c476712dbfd88edb8360030b061f617a4589aaae
u02-s015-v004,question,optionAnalysis[1].choice,3,3,e8692ca200b54ddada768e71960a0511416137a374776dcfd1aa8305d0a96fa3
u02-s015-v004,question,optionAnalysis[1].reason,8,24,5fc07015ab42960acf977c893bd3b135e1fe4fddc1853015daf272d837ee7a6f
u02-s015-v004,question,optionAnalysis[2].choice,4,4,170b6fbc9474e95f607d477059c3c48ff15439a74041d912f83b384ab1e15820
u02-s015-v004,question,optionAnalysis[2].reason,12,36,b2e58f576173da1808891f260f3d197fbfdabb629a58d3a4cd4328da7b050127
u02-s015-v004,question,optionAnalysis[3].choice,3,3,0b9db2ecfb8de65fb248232d099982a827055c98d6372e9b4e1fa81d98dc1cc2
u02-s015-v004,question,optionAnalysis[3].reason,7,15,4fa5d28c6c5cc4a35b94f3550f2a15a975ca00e6ca8441cc50478a79961192c2
u02-s015-v004,question,commonMistake,18,42,f486cd9bef1315b2aa241a958c57cf6434855df38103c7a37ae3c0c8d932df7b
u02-s015-v004,question,concept,18,54,9229db564c9b4cdfb81ad38d06720e0795926c5006b3af04f6d025928f88fa7a
u02-s015-v004,question,tags[0],3,9,fd41540cbdbecb9b5fa7116d27c68e378548ab62ab7c7ca4494730a81ea87667
u02-s015-v004,question,tags[1],16,48,87c96689be9910928738d52a518f091db6d350ccaafef9012ea92bb8f310f6c7
u02-s015-v004,question,tags[2],8,8,fe6d3468cf5c74d8ec2a95b40f2e05338c37a4202f8fad692d2b64a9cf9b468a
u02-s015-v004,question,estimatedTimeSec,2,2,39fa9ec190eee7b6f4dff1100d6343e10918d044c75eac8f9e9a2596173f80c9
u02-s015-v004,question,prerequisiteSkillIds[0],22,22,e8e8a5c1301f9a6a086bb1f47879ec7be4667a2c0bf2b81343376fa93e799790
u02-s015-v004,question,authoringIntent,10,30,7c210aff64dc1bf7a9186516932d8b356ab1b2667ede6e87f75c15604d87ce23
u02-s015-v004,question,literacyContextNecessity,26,78,100c2f5a5cf7fec0143ba26b582a33ec55bf1b552751858304da1a6e91f664b7
u02-s015-v004,question,reviewStatus,22,22,ec809598e2f7fcc69fad54c9cd045bba62b4a0dc7c0ff90d4efdc3788c9ad8fb
u02-s015-v004,question,contentSha256,64,64,53ea81032714a46ab84645b985af51da9e27ff0f852cdd497f047741d1822928
u02-s015-v004,question,contentAuthority,25,25,ed40f75ffe3d6ad4e71f6e7919d063410490de360edb425965eccd605ca9d79e
u02-s015-v005,question,questionId,13,13,b33e6b22c7c0f86f5a03855c76d555db738a6833b729665f1bfbae2107d80f0a
u02-s015-v005,question,unitId,3,3,95b6504a8bd60df3a9a19ef2c504ac03429b325e9b81f0d701d07bdf6def6afb
u02-s015-v005,question,topicId,21,21,a6e9c1c51053ab16ecddb1b61eccda7b857c13c41ce8db8452e63b4119e0ea25
u02-s015-v005,question,skillId,25,25,060186d456b6c5301c30981fd58e35d80c1cbbc5868ca2992d6044866dfb2e76
u02-s015-v005,question,difficulty,8,8,fe6d3468cf5c74d8ec2a95b40f2e05338c37a4202f8fad692d2b64a9cf9b468a
u02-s015-v005,question,type,2,2,6bc0f9c4ecb0acbebf1b9f6c816bdd66f4885f67c917d9e141cf893014fba936
u02-s015-v005,question,visualMode,9,9,9c7d54b0bf7a9369d8594201c7b11955514343809d09fbec33966c1fd9794015
u02-s015-v005,question,sourceScope,19,19,a4b669ddb8ef1883391c07a7b633f12eeaeecee7ec37c09eea4931aff6644346
u02-s015-v005,question,text,42,100,540d2c92ff50c635f50aea4b9162a892d6cdecd31646b7ed1bc231c3514eb083
u02-s015-v005,question,choices[0],4,6,030a5dd8f4f44cf2a7cede2549f481ec73157a3505c1dddc829ad25949f85db9
u02-s015-v005,question,choices[1],4,6,0a86a20d0c575bc9e0e2568ba34e4ab007357d09316b3928b3ab9c977932bbe0
u02-s015-v005,question,choices[2],5,7,3d99e7800bcf23fabed38fdb4ab4fdbae9e73bd9ee93fb03f06f1fbc3397105d
u02-s015-v005,question,choices[3],5,7,26b333b04233b7b0a2cee8900b1dcb4d9675e6bad97337baf4eb407e323e2016
u02-s015-v005,question,explanation,50,112,160cd4d0ed839e74c5be4be6e8d463cfb2f160d5b30c4e719fdf87fdf951e472
u02-s015-v005,question,steps[0],15,37,699693e358ce7022da09e7caf815b750966c1f493debc500886f9469b728dbbc
u02-s015-v005,question,steps[1],13,15,363e6cd6ed597c3b33095cc39d9f9d64f4b27f935406298321c6ee6cbca7131f
u02-s015-v005,question,optionAnalysis[0].choice,4,6,030a5dd8f4f44cf2a7cede2549f481ec73157a3505c1dddc829ad25949f85db9
u02-s015-v005,question,optionAnalysis[0].reason,6,14,ccf6ea34346c74cdcdcbbd2d1ec24f0304483189a0719b3fddfdd83883d7d83f
u02-s015-v005,question,optionAnalysis[1].choice,4,6,0a86a20d0c575bc9e0e2568ba34e4ab007357d09316b3928b3ab9c977932bbe0
u02-s015-v005,question,optionAnalysis[1].reason,11,27,9287a8134562480400a26b04b945ed85b8205ccdda304654f1b13c8d5546610f
u02-s015-v005,question,optionAnalysis[2].choice,5,7,3d99e7800bcf23fabed38fdb4ab4fdbae9e73bd9ee93fb03f06f1fbc3397105d
u02-s015-v005,question,optionAnalysis[2].reason,5,15,1923b30a921723d066816a945bf9f665500bf59f3e9af898115c467bcf410dee
u02-s015-v005,question,optionAnalysis[3].choice,5,7,26b333b04233b7b0a2cee8900b1dcb4d9675e6bad97337baf4eb407e323e2016
u02-s015-v005,question,optionAnalysis[3].reason,7,21,f17e3be7abbbdebc64848b66a3ed7f021d42acb160e15c58cec39341adf9084d
u02-s015-v005,question,commonMistake,17,51,0a92f2819ce0e898ce4b994c22cfdbad1b9e262e2e238e9ed81abb50211ca9a0
u02-s015-v005,question,concept,24,72,35b9b021bccef410ded83e9d1be464b1b1f51233c3d8714bf7ba0c551758ca9c
u02-s015-v005,question,tags[0],3,9,fd41540cbdbecb9b5fa7116d27c68e378548ab62ab7c7ca4494730a81ea87667
u02-s015-v005,question,tags[1],16,48,87c96689be9910928738d52a518f091db6d350ccaafef9012ea92bb8f310f6c7
u02-s015-v005,question,tags[2],8,8,fe6d3468cf5c74d8ec2a95b40f2e05338c37a4202f8fad692d2b64a9cf9b468a
u02-s015-v005,question,estimatedTimeSec,2,2,39fa9ec190eee7b6f4dff1100d6343e10918d044c75eac8f9e9a2596173f80c9
u02-s015-v005,question,prerequisiteSkillIds[0],22,22,e8e8a5c1301f9a6a086bb1f47879ec7be4667a2c0bf2b81343376fa93e799790
u02-s015-v005,question,authoringIntent,9,27,ed4029e1befdd178e3b415943d7c851d7691fadd4b3bfa7439448ac8732b108d
u02-s015-v005,question,literacyContextNecessity,32,96,374e98d6b041a53acd121a55963fd87fe67b48054918e04e268cb3846277c552
u02-s015-v005,question,reviewStatus,22,22,ec809598e2f7fcc69fad54c9cd045bba62b4a0dc7c0ff90d4efdc3788c9ad8fb
u02-s015-v005,question,contentSha256,64,64,b22ae1f8804a59957a9d09c64b5f33483aecf5f250ba72c9b7270b568ce38029
u02-s015-v005,question,contentAuthority,25,25,ed40f75ffe3d6ad4e71f6e7919d063410490de360edb425965eccd605ca9d79e
u02-s015-v006,question,questionId,13,13,28aacb92a5f334352b363aa7c891655437f2eb94a41bc98696672f04d2783b61
u02-s015-v006,question,unitId,3,3,95b6504a8bd60df3a9a19ef2c504ac03429b325e9b81f0d701d07bdf6def6afb
u02-s015-v006,question,topicId,21,21,a6e9c1c51053ab16ecddb1b61eccda7b857c13c41ce8db8452e63b4119e0ea25
u02-s015-v006,question,skillId,25,25,060186d456b6c5301c30981fd58e35d80c1cbbc5868ca2992d6044866dfb2e76
u02-s015-v006,question,difficulty,8,8,fe6d3468cf5c74d8ec2a95b40f2e05338c37a4202f8fad692d2b64a9cf9b468a
u02-s015-v006,question,type,2,2,6bc0f9c4ecb0acbebf1b9f6c816bdd66f4885f67c917d9e141cf893014fba936
u02-s015-v006,question,visualMode,9,9,9c7d54b0bf7a9369d8594201c7b11955514343809d09fbec33966c1fd9794015
u02-s015-v006,question,sourceScope,19,19,a4b669ddb8ef1883391c07a7b633f12eeaeecee7ec37c09eea4931aff6644346
u02-s015-v006,question,text,60,132,86957d4fe926d5b19e369aeb7398be219e0e2e58725745f6ed36685a5571d191
u02-s015-v006,question,choices[0],3,5,35cf44ac0fcbdcb22074734e26164df1b480fdee4a6165b07a4913d587f7e76f
u02-s015-v006,question,choices[1],3,5,4bcc1247f922d60b3ae12e499932e7af0dd717d9b4ad8104377e5bbe6045d879
u02-s015-v006,question,choices[2],3,5,6488fcdda72e37a917e0fa83c13eef95d703014ab29fac25f75ed30b28a59f33
u02-s015-v006,question,choices[3],3,5,5641872dab773a50248a395fbfb8f6bdab788565b4353c70901f9735052deff2
u02-s015-v006,question,explanation,60,122,cab64a50bcacddfb7fa4e46bc8190fe16e47c5ea62e49916bd8ae6d1e828ad80
u02-s015-v006,question,steps[0],19,31,1a2166b21c198ebd8f5d94d6dffdfc94a3e6e4f78ed8a8dd356ac15646b6bb34
u02-s015-v006,question,steps[1],20,32,d75023eff4814779bbd983b9bd2346b3cc6363c7e91039318c73d289a8f2e3a6
u02-s015-v006,question,optionAnalysis[0].choice,3,5,35cf44ac0fcbdcb22074734e26164df1b480fdee4a6165b07a4913d587f7e76f
u02-s015-v006,question,optionAnalysis[0].reason,8,14,486fa9b690b518284b28171cc0e088cff2fd9cff76ff36fc1e702cb687f77753
u02-s015-v006,question,optionAnalysis[1].choice,3,5,4bcc1247f922d60b3ae12e499932e7af0dd717d9b4ad8104377e5bbe6045d879
u02-s015-v006,question,optionAnalysis[1].reason,5,15,4f346a5e54fa867b9f95a5cc8b75b3b548c6ca29086325df6e9fefd5ccfa39af
u02-s015-v006,question,optionAnalysis[2].choice,3,5,6488fcdda72e37a917e0fa83c13eef95d703014ab29fac25f75ed30b28a59f33
u02-s015-v006,question,optionAnalysis[2].reason,14,32,a11216fe7d5ed5075d8fb7e2f06443e1f8310bafd53e37fc927caa52f7884705
u02-s015-v006,question,optionAnalysis[3].choice,3,5,5641872dab773a50248a395fbfb8f6bdab788565b4353c70901f9735052deff2
u02-s015-v006,question,optionAnalysis[3].reason,10,26,48db4ad153999e8c80abd4ad289ce5e18b8d6b84ad7b94879a3129633c9db542
u02-s015-v006,question,commonMistake,14,36,a5ea900eb120b0f500673ea512238e3ec969f320073bfb832a9f2a53c61cc8fe
u02-s015-v006,question,concept,15,45,be1375a91107df6e81674fc2140061d465813ed33cd292a93afd993cb28b62d6
u02-s015-v006,question,tags[0],3,9,fd41540cbdbecb9b5fa7116d27c68e378548ab62ab7c7ca4494730a81ea87667
u02-s015-v006,question,tags[1],16,48,87c96689be9910928738d52a518f091db6d350ccaafef9012ea92bb8f310f6c7
u02-s015-v006,question,tags[2],8,8,fe6d3468cf5c74d8ec2a95b40f2e05338c37a4202f8fad692d2b64a9cf9b468a
u02-s015-v006,question,estimatedTimeSec,2,2,39fa9ec190eee7b6f4dff1100d6343e10918d044c75eac8f9e9a2596173f80c9
u02-s015-v006,question,prerequisiteSkillIds[0],22,22,e8e8a5c1301f9a6a086bb1f47879ec7be4667a2c0bf2b81343376fa93e799790
u02-s015-v006,question,authoringIntent,8,24,6e612ae11dc8465b454ab87cbbfd91429a37ed28e823bff570f274d341924778
u02-s015-v006,question,literacyContextNecessity,22,66,6eace0e71f3521164ea19d11e5d78b23d48580421265d71fdcfd1c66b39c7287
u02-s015-v006,question,reviewStatus,22,22,ec809598e2f7fcc69fad54c9cd045bba62b4a0dc7c0ff90d4efdc3788c9ad8fb
u02-s015-v006,question,contentSha256,64,64,0b8363900a6a3e76d0910b1eca8c062d6e93b6fd6d0853f468c7333d2dddecfc
u02-s015-v006,question,contentAuthority,25,25,ed40f75ffe3d6ad4e71f6e7919d063410490de360edb425965eccd605ca9d79e
u02-s015-v007,question,questionId,13,13,d05a47d119088450c9238cc41890b7fb166cddb5db7aed4ec61d5d60c2cd6c46
u02-s015-v007,question,unitId,3,3,95b6504a8bd60df3a9a19ef2c504ac03429b325e9b81f0d701d07bdf6def6afb
u02-s015-v007,question,topicId,21,21,a6e9c1c51053ab16ecddb1b61eccda7b857c13c41ce8db8452e63b4119e0ea25
u02-s015-v007,question,skillId,25,25,060186d456b6c5301c30981fd58e35d80c1cbbc5868ca2992d6044866dfb2e76
u02-s015-v007,question,difficulty,8,8,d21f85ea38166303ce58e06134b5cc4a5c900c409ab2a500ff7c9225109a09bb
u02-s015-v007,question,type,2,2,6bc0f9c4ecb0acbebf1b9f6c816bdd66f4885f67c917d9e141cf893014fba936
u02-s015-v007,question,visualMode,9,9,9c7d54b0bf7a9369d8594201c7b11955514343809d09fbec33966c1fd9794015
u02-s015-v007,question,sourceScope,19,19,a4b669ddb8ef1883391c07a7b633f12eeaeecee7ec37c09eea4931aff6644346
u02-s015-v007,question,text,32,80,69644e7f0c7cbda9f4ddccec6245d055251fc3d92f324a0894f92f88f679660c
u02-s015-v007,question,choices[0],4,6,215723745815fec26dd191cc1bce5e67227530172e25c2ba3ee82e4559f1cea8
u02-s015-v007,question,choices[1],4,6,25c067a3ec6bb00df3bf9cb8be068a31aeb956eb8695c4ca3539010ef7634182
u02-s015-v007,question,choices[2],4,6,f21fbe28aacca5b30ecb4d2a5d2b75932a93d2cdde69e497ca3455b41323a91f
u02-s015-v007,question,choices[3],4,6,aed67a47756c8b1d1dab795febbebbd1d0116e6ff5dba8fa1b25b55de16f3bb8
u02-s015-v007,question,explanation,57,127,8ff34422c3e5fe4b479cd7af6f2ebe78b6af45f9264a44eeee85e688ee22280f
u02-s015-v007,question,steps[0],21,39,fbe525403595baf61b39dbd54ea1888540a43f29d817f0735f5c5302af5eaa93
u02-s015-v007,question,steps[1],14,28,a1b90c9f73a9f2bec29daf92ebbf8bf6cf26c854256ff6faa45bab06f91673a7
u02-s015-v007,question,optionAnalysis[0].choice,4,6,215723745815fec26dd191cc1bce5e67227530172e25c2ba3ee82e4559f1cea8
u02-s015-v007,question,optionAnalysis[0].reason,31,66,c121a0a992a748153c46adaffecc85b4c639038e4d4f30b69feba7367256a058
u02-s015-v007,question,optionAnalysis[1].choice,4,6,25c067a3ec6bb00df3bf9cb8be068a31aeb956eb8695c4ca3539010ef7634182
u02-s015-v007,question,optionAnalysis[1].reason,9,12,e47d2f778bde8e547b967fedb2b18c6ea7cfad70a696c2dc2683f9c6ebd1ba27
u02-s015-v007,question,optionAnalysis[2].choice,4,6,f21fbe28aacca5b30ecb4d2a5d2b75932a93d2cdde69e497ca3455b41323a91f
u02-s015-v007,question,optionAnalysis[2].reason,6,14,0c7ecb8d1834ae75371b7425cd7a3afd8b1e3d9351e9c8f4263cab63ca820e96
u02-s015-v007,question,optionAnalysis[3].choice,4,6,aed67a47756c8b1d1dab795febbebbd1d0116e6ff5dba8fa1b25b55de16f3bb8
u02-s015-v007,question,optionAnalysis[3].reason,5,11,1e51238f08a04703f50ef1950a39ba740b19ab59412cbfd3efd5c5b3d47fe209
u02-s015-v007,question,commonMistake,12,26,f011e3001717737b4a4bc018b1a68c90701f9bfadce45d0dd2975c61f6c38ca1
u02-s015-v007,question,concept,10,30,f7fc57f60782a15e55759aa5cbaf8d49d5e01b73efb6b8917f9e00c92fe0ab27
u02-s015-v007,question,tags[0],3,9,fd41540cbdbecb9b5fa7116d27c68e378548ab62ab7c7ca4494730a81ea87667
u02-s015-v007,question,tags[1],16,48,87c96689be9910928738d52a518f091db6d350ccaafef9012ea92bb8f310f6c7
u02-s015-v007,question,tags[2],8,8,d21f85ea38166303ce58e06134b5cc4a5c900c409ab2a500ff7c9225109a09bb
u02-s015-v007,question,estimatedTimeSec,2,2,39fa9ec190eee7b6f4dff1100d6343e10918d044c75eac8f9e9a2596173f80c9
u02-s015-v007,question,prerequisiteSkillIds[0],22,22,e8e8a5c1301f9a6a086bb1f47879ec7be4667a2c0bf2b81343376fa93e799790
u02-s015-v007,question,authoringIntent,11,33,f90e3f4595a085d84418e981f6287afa35e24f8786103619cc7ada1b6db7c5e5
u02-s015-v007,question,literacyContextNecessity,26,66,f7292d6e00af1f743c12154075f99d2abc99ac8995e4eba4be7091943bd4f18b
u02-s015-v007,question,reviewStatus,22,22,ec809598e2f7fcc69fad54c9cd045bba62b4a0dc7c0ff90d4efdc3788c9ad8fb
u02-s015-v007,question,contentSha256,64,64,6b142edac7062d7747cfc2df0c96f9076bb056e2eac6ae85e817fceb205a6c24
u02-s015-v007,question,contentAuthority,25,25,ed40f75ffe3d6ad4e71f6e7919d063410490de360edb425965eccd605ca9d79e
u02-s015-v008,question,questionId,13,13,f36d530a1f3019a9265d906930f7370a4d69301964c04ac301e6a813c0521df5
u02-s015-v008,question,unitId,3,3,95b6504a8bd60df3a9a19ef2c504ac03429b325e9b81f0d701d07bdf6def6afb
u02-s015-v008,question,topicId,21,21,a6e9c1c51053ab16ecddb1b61eccda7b857c13c41ce8db8452e63b4119e0ea25
u02-s015-v008,question,skillId,25,25,060186d456b6c5301c30981fd58e35d80c1cbbc5868ca2992d6044866dfb2e76
u02-s015-v008,question,difficulty,8,8,d21f85ea38166303ce58e06134b5cc4a5c900c409ab2a500ff7c9225109a09bb
u02-s015-v008,question,type,2,2,6bc0f9c4ecb0acbebf1b9f6c816bdd66f4885f67c917d9e141cf893014fba936
u02-s015-v008,question,visualMode,9,9,9c7d54b0bf7a9369d8594201c7b11955514343809d09fbec33966c1fd9794015
u02-s015-v008,question,sourceScope,19,19,a4b669ddb8ef1883391c07a7b633f12eeaeecee7ec37c09eea4931aff6644346
u02-s015-v008,question,text,35,85,685ca921cfebe20d551ad8e2d98fb154b0c9e9400a0c0dcba78618f24489d6c6
u02-s015-v008,question,choices[0],6,8,a4fb82388026d290c1cecf2c6e2d82d1b94951d193855a4b81a0e70fd3ad93c7
u02-s015-v008,question,choices[1],6,8,46e8f7fb13fb26ef6f42c64d27023886a0a9a4c632ee11b5350f02722b69dcce
u02-s015-v008,question,choices[2],6,8,1cb31db33b56ce527cfa01f3dc7dadbfd2857aefb6b0366162d75ddb214af0ad
u02-s015-v008,question,choices[3],6,8,a03540c4a15d9c3e994540e041770cdf6e75480aad12bd8c3f2f9afe28721595
u02-s015-v008,question,explanation,57,107,8a14b02f9ef7ed772df9cadc524a289c2fd1833c19ba4ae93c5d086cb4de449d
u02-s015-v008,question,steps[0],16,23,137f97cca9574ab127f70a11690619f92f3fbc4e83157f0c41be22ee4d714145
u02-s015-v008,question,steps[1],17,22,37f45ba09a2b94d9fcd3b96fe93cbf93827258765a5dc4b33016a8ec456ac41c
u02-s015-v008,question,optionAnalysis[0].choice,6,8,a4fb82388026d290c1cecf2c6e2d82d1b94951d193855a4b81a0e70fd3ad93c7
u02-s015-v008,question,optionAnalysis[0].reason,15,18,62744741e033057ca828517188cd999ae025828bc0810017b366ad4692e9ba46
u02-s015-v008,question,optionAnalysis[1].choice,6,8,46e8f7fb13fb26ef6f42c64d27023886a0a9a4c632ee11b5350f02722b69dcce
u02-s015-v008,question,optionAnalysis[1].reason,15,18,cedba136617d33efa4fc4bee3f1f1eb094d2ae90d0dd01adff80f4cacef3a655
u02-s015-v008,question,optionAnalysis[2].choice,6,8,1cb31db33b56ce527cfa01f3dc7dadbfd2857aefb6b0366162d75ddb214af0ad
u02-s015-v008,question,optionAnalysis[2].reason,15,18,1082dadc32390e71349e8ef147fe85bb33ca9b223cb152ba8f153d99480f807d
u02-s015-v008,question,optionAnalysis[3].choice,6,8,a03540c4a15d9c3e994540e041770cdf6e75480aad12bd8c3f2f9afe28721595
u02-s015-v008,question,optionAnalysis[3].reason,15,18,7d5b5a40557a9a21e7321976eb012bc6e77f52645021ea26dd05e3ca16b766c9
u02-s015-v008,question,commonMistake,15,39,471e890331bf7fcc571ca08f9679863de27f84e6b2625c33adf3833a2d2fd1e5
u02-s015-v008,question,concept,16,48,f18092a333fcdf0672d90054af9f17c497b4cd783c140cc1e0545764b23e9357
u02-s015-v008,question,tags[0],3,9,fd41540cbdbecb9b5fa7116d27c68e378548ab62ab7c7ca4494730a81ea87667
u02-s015-v008,question,tags[1],16,48,87c96689be9910928738d52a518f091db6d350ccaafef9012ea92bb8f310f6c7
u02-s015-v008,question,tags[2],8,8,d21f85ea38166303ce58e06134b5cc4a5c900c409ab2a500ff7c9225109a09bb
u02-s015-v008,question,estimatedTimeSec,2,2,39fa9ec190eee7b6f4dff1100d6343e10918d044c75eac8f9e9a2596173f80c9
u02-s015-v008,question,prerequisiteSkillIds[0],22,22,e8e8a5c1301f9a6a086bb1f47879ec7be4667a2c0bf2b81343376fa93e799790
u02-s015-v008,question,authoringIntent,9,27,c70b6fc62ba48a855076769e8ce154e717022f0651efc37d5f939a1ad1b667aa
u02-s015-v008,question,literacyContextNecessity,32,96,a76094e3d1f9ba0231db19392b2a66b64ed91968d197b506c7ae68487d35bbc3
u02-s015-v008,question,reviewStatus,22,22,ec809598e2f7fcc69fad54c9cd045bba62b4a0dc7c0ff90d4efdc3788c9ad8fb
u02-s015-v008,question,contentSha256,64,64,15ad67a3d18ef69f636f0f27e51770bbe23c7e8efd0c94bba8b921a5d930d4f6
u02-s015-v008,question,contentAuthority,25,25,ed40f75ffe3d6ad4e71f6e7919d063410490de360edb425965eccd605ca9d79e
u02-s015-v009,question,questionId,13,13,b4d3c6cc90d2a76f1c0cfa40d07045376615020cdd125035fb2d7cc35bb9d532
u02-s015-v009,question,unitId,3,3,95b6504a8bd60df3a9a19ef2c504ac03429b325e9b81f0d701d07bdf6def6afb
u02-s015-v009,question,topicId,21,21,a6e9c1c51053ab16ecddb1b61eccda7b857c13c41ce8db8452e63b4119e0ea25
u02-s015-v009,question,skillId,25,25,060186d456b6c5301c30981fd58e35d80c1cbbc5868ca2992d6044866dfb2e76
u02-s015-v009,question,difficulty,8,8,d21f85ea38166303ce58e06134b5cc4a5c900c409ab2a500ff7c9225109a09bb
u02-s015-v009,question,type,2,2,6bc0f9c4ecb0acbebf1b9f6c816bdd66f4885f67c917d9e141cf893014fba936
u02-s015-v009,question,visualMode,9,9,9c7d54b0bf7a9369d8594201c7b11955514343809d09fbec33966c1fd9794015
u02-s015-v009,question,sourceScope,19,19,a4b669ddb8ef1883391c07a7b633f12eeaeecee7ec37c09eea4931aff6644346
u02-s015-v009,question,text,47,103,6932df98362da7c10cf16c7bcd7968611823bd82e0bc816941dd0f5097051cc3
u02-s015-v009,question,choices[0],5,5,72e16188bdba31aabc51ae2cded82b0741b947e6125186ed53e7c188d36899f8
u02-s015-v009,question,choices[1],3,3,5a23e96a12312c41555013ed2a5b40cbce5cb9ba180ec0a2d1cc77cbe0e39f72
u02-s015-v009,question,choices[2],4,4,1ac6f39e9f51dabaa2bb2a38df04b0172e923a69df0159ec506db64fd7c7fa9a
u02-s015-v009,question,choices[3],5,5,a4e6a90a1ba0de5f38ad84bb3978deed41e4a2c4350fd90cc66c6b3c20aa29a1
u02-s015-v009,question,explanation,77,133,17544414fc2f63f9829e6ae1597e0e55744c786011f2758772ac3239c9b0e6f4
u02-s015-v009,question,steps[0],10,14,9d41ba4d383f0c69067f8a07003994a8a6b846a983d935ff5575e512951aa981
u02-s015-v009,question,steps[1],44,60,353ed528fdddabb39a273a5fb607358649f80bfc12309d0d10a77fe0f927520e
u02-s015-v009,question,optionAnalysis[0].choice,5,5,72e16188bdba31aabc51ae2cded82b0741b947e6125186ed53e7c188d36899f8
u02-s015-v009,question,optionAnalysis[0].reason,8,14,7c26ebfa35e3787aeedba75ecd5f2dad0eabb1bdb35d3618d24442bbbfc65145
u02-s015-v009,question,optionAnalysis[1].choice,3,3,5a23e96a12312c41555013ed2a5b40cbce5cb9ba180ec0a2d1cc77cbe0e39f72
u02-s015-v009,question,optionAnalysis[1].reason,8,24,212ab4d729516cb2441642f7e7fe5f971bd8d488c206535dfb6e332afb7209ec
u02-s015-v009,question,optionAnalysis[2].choice,4,4,1ac6f39e9f51dabaa2bb2a38df04b0172e923a69df0159ec506db64fd7c7fa9a
u02-s015-v009,question,optionAnalysis[2].reason,6,18,a3355159a038b242c1d66568cd378797a05076a836bd5e24357737f009ee5e41
u02-s015-v009,question,optionAnalysis[3].choice,5,5,a4e6a90a1ba0de5f38ad84bb3978deed41e4a2c4350fd90cc66c6b3c20aa29a1
u02-s015-v009,question,optionAnalysis[3].reason,7,21,d49bf2be8e569527a309d54badbcba6d6365770a4c968105ca44244655251be2
u02-s015-v009,question,commonMistake,20,48,b48b69a5689ffaf504704829632af860f9d35516ce10dfcd25df857686325714
u02-s015-v009,question,concept,16,45,8fa7b1d965b54c16d0407847caa68a57aa213949c916ba22b0fa79c4c7699171
u02-s015-v009,question,tags[0],3,9,fd41540cbdbecb9b5fa7116d27c68e378548ab62ab7c7ca4494730a81ea87667
u02-s015-v009,question,tags[1],16,48,87c96689be9910928738d52a518f091db6d350ccaafef9012ea92bb8f310f6c7
u02-s015-v009,question,tags[2],8,8,d21f85ea38166303ce58e06134b5cc4a5c900c409ab2a500ff7c9225109a09bb
u02-s015-v009,question,estimatedTimeSec,2,2,39fa9ec190eee7b6f4dff1100d6343e10918d044c75eac8f9e9a2596173f80c9
u02-s015-v009,question,prerequisiteSkillIds[0],22,22,e8e8a5c1301f9a6a086bb1f47879ec7be4667a2c0bf2b81343376fa93e799790
u02-s015-v009,question,authoringIntent,8,24,71a6832c651c28aecd4420ac953e1ef8792f547838caef2304b5476a6ea5004a
u02-s015-v009,question,literacyContextNecessity,22,66,7832caeee580df4ff9f021490d21420035b87d1b379987b283b4023924fa5fd4
u02-s015-v009,question,reviewStatus,22,22,ec809598e2f7fcc69fad54c9cd045bba62b4a0dc7c0ff90d4efdc3788c9ad8fb
u02-s015-v009,question,contentSha256,64,64,c5f7de9d314ed43521980796e24247a35b3d79a12392caba54fc549ecf65c9c9
u02-s015-v009,question,contentAuthority,25,25,ed40f75ffe3d6ad4e71f6e7919d063410490de360edb425965eccd605ca9d79e
u02-s015-v010,question,questionId,13,13,97f0bbfbd9b61dea21fe0212ed0338f41561e771b8cf87bce618d4574a4b302d
u02-s015-v010,question,unitId,3,3,95b6504a8bd60df3a9a19ef2c504ac03429b325e9b81f0d701d07bdf6def6afb
u02-s015-v010,question,topicId,21,21,a6e9c1c51053ab16ecddb1b61eccda7b857c13c41ce8db8452e63b4119e0ea25
u02-s015-v010,question,skillId,25,25,060186d456b6c5301c30981fd58e35d80c1cbbc5868ca2992d6044866dfb2e76
u02-s015-v010,question,difficulty,8,8,578756ca4aa16d8872610a5aaa78460fd30fbe93379ff7284fe65d66ca606755
u02-s015-v010,question,type,2,2,6bc0f9c4ecb0acbebf1b9f6c816bdd66f4885f67c917d9e141cf893014fba936
u02-s015-v010,question,visualMode,9,9,9c7d54b0bf7a9369d8594201c7b11955514343809d09fbec33966c1fd9794015
u02-s015-v010,question,sourceScope,19,19,a4b669ddb8ef1883391c07a7b633f12eeaeecee7ec37c09eea4931aff6644346
u02-s015-v010,question,text,67,151,18cdf6187867451ecc8149c90cc71999274c6cb9e6afd2c78d9a361dfc65dc88
u02-s015-v010,question,choices[0],9,13,6e10671b071e47aec4128ae1cee5d2583b017818a4c2a8488353be672cccf5cb
u02-s015-v010,question,choices[1],9,13,aba010c9d4617160159fde41ae8f6705994ba5106c62b29cd688d488a50fb0e4
u02-s015-v010,question,choices[2],9,13,e664e871efa70ea941b82ded1def535311d1419252213e04395b23d2c2720420
u02-s015-v010,question,choices[3],4,12,4ec30963cbf45e5565cfc6e8cfc1a781ed55bb72a9cb97b8933718f9731b8f76
u02-s015-v010,question,explanation,63,109,de224ddd49faa8076a8dde7e09931a669404cb578a742db98b5f230b97d03c8c
u02-s015-v010,question,steps[0],17,18,d1fec500dd1493646cdad8790dbcbdf2378fe89ff2ba580f7ffdc15b27872422
u02-s015-v010,question,steps[1],19,24,45e9ed4dd1d34299bfa51fc3147bf15c3d4888833c6697c7b3f0e95395719156
u02-s015-v010,question,optionAnalysis[0].choice,9,13,6e10671b071e47aec4128ae1cee5d2583b017818a4c2a8488353be672cccf5cb
u02-s015-v010,question,optionAnalysis[0].reason,8,18,d0ed966fa322d7b43f9a474178db80a2ac1a75bc03211630a03fbbd7bd1e18e4
u02-s015-v010,question,optionAnalysis[1].choice,9,13,aba010c9d4617160159fde41ae8f6705994ba5106c62b29cd688d488a50fb0e4
u02-s015-v010,question,optionAnalysis[1].reason,7,13,9115c02e3bfdaa332eb1fd024edfef9c91610ac1e0e826274ac4bc289edc29de
u02-s015-v010,question,optionAnalysis[2].choice,9,13,e664e871efa70ea941b82ded1def535311d1419252213e04395b23d2c2720420
u02-s015-v010,question,optionAnalysis[2].reason,5,15,3ae76a26fe54c0738ba503b6aa9503ee9253e720a5ad399de8adf8cc55dac233
u02-s015-v010,question,optionAnalysis[3].choice,4,12,4ec30963cbf45e5565cfc6e8cfc1a781ed55bb72a9cb97b8933718f9731b8f76
u02-s015-v010,question,optionAnalysis[3].reason,8,18,57b98ee33bf25b30f957cacf1dbffbc96ac7c4086fe968fdadb58c38cfb251a7
u02-s015-v010,question,commonMistake,13,39,ee6eb33fac1dd5ea1ce7bb166bd9716922b025d9aacca09063a5a6420403703c
u02-s015-v010,question,concept,17,51,92279ffbf6c623ccaddb977b2b27e1cca3d0e94c72f2896a4a4c0f9a3287d1d4
u02-s015-v010,question,tags[0],3,9,fd41540cbdbecb9b5fa7116d27c68e378548ab62ab7c7ca4494730a81ea87667
u02-s015-v010,question,tags[1],16,48,87c96689be9910928738d52a518f091db6d350ccaafef9012ea92bb8f310f6c7
u02-s015-v010,question,tags[2],8,8,578756ca4aa16d8872610a5aaa78460fd30fbe93379ff7284fe65d66ca606755
u02-s015-v010,question,estimatedTimeSec,2,2,39fa9ec190eee7b6f4dff1100d6343e10918d044c75eac8f9e9a2596173f80c9
u02-s015-v010,question,prerequisiteSkillIds[0],22,22,e8e8a5c1301f9a6a086bb1f47879ec7be4667a2c0bf2b81343376fa93e799790
u02-s015-v010,question,authoringIntent,7,21,c78034c7c141aadda2e9931fcc8d1b0bc6b62c832fd8eb68d8c7c1af0f451c6b
u02-s015-v010,question,literacyContextNecessity,26,78,9408fbd313fbaac2890168bd1ff3791a9ba44b66e8ae9d673d1f66ec76cdc4e4
u02-s015-v010,question,reviewStatus,22,22,ec809598e2f7fcc69fad54c9cd045bba62b4a0dc7c0ff90d4efdc3788c9ad8fb
u02-s015-v010,question,contentSha256,64,64,dc977206de27be8153ec1301f701a51f1138a1bcee7a8943ccb18c7e33990e30
u02-s015-v010,question,contentAuthority,25,25,ed40f75ffe3d6ad4e71f6e7919d063410490de360edb425965eccd605ca9d79e
u02-s015-v011,question,questionId,13,13,03b5edb4e59e937e5aa5f093acea5e767eff967631fdc140013e7fbc04bbcb63
u02-s015-v011,question,unitId,3,3,95b6504a8bd60df3a9a19ef2c504ac03429b325e9b81f0d701d07bdf6def6afb
u02-s015-v011,question,topicId,21,21,a6e9c1c51053ab16ecddb1b61eccda7b857c13c41ce8db8452e63b4119e0ea25
u02-s015-v011,question,skillId,25,25,060186d456b6c5301c30981fd58e35d80c1cbbc5868ca2992d6044866dfb2e76
u02-s015-v011,question,difficulty,8,8,578756ca4aa16d8872610a5aaa78460fd30fbe93379ff7284fe65d66ca606755
u02-s015-v011,question,type,2,2,6bc0f9c4ecb0acbebf1b9f6c816bdd66f4885f67c917d9e141cf893014fba936
u02-s015-v011,question,visualMode,9,9,9c7d54b0bf7a9369d8594201c7b11955514343809d09fbec33966c1fd9794015
u02-s015-v011,question,sourceScope,19,19,a4b669ddb8ef1883391c07a7b633f12eeaeecee7ec37c09eea4931aff6644346
u02-s015-v011,question,text,45,109,de8f216b996843df9c8da39202395eb09e41bf005bcf92825451fd8b3cc05260
u02-s015-v011,question,choices[0],3,3,af0a163978e0610e1b9ae50c008b3c838567d08babab7e05c58ff1d3a7d18e95
u02-s015-v011,question,choices[1],3,3,10963ac2db22b5b879edcf195eaacd3866b19571110462807b83133c98182864
u02-s015-v011,question,choices[2],6,6,f836710bf3739fccf7a3663f4e5af90b8c7906f85ef6b66257ab759aebbff808
u02-s015-v011,question,choices[3],3,3,883caeb7ca1165a22441d8487203cc8aa9284ad7c0f5664c704f98ecb10849b4
u02-s015-v011,question,explanation,61,122,8a0ca0cbb3dbbf83170f402306739e28560d1cba43827d45aacbc9bd7369f1d3
u02-s015-v011,question,steps[0],6,12,ea80187363c39769268a139990a217174e7e269071834a946dfa6abea2cc9323
u02-s015-v011,question,steps[1],31,50,a9a856b9d76ec52ac2e5b2fb2f9d6af376b83238588cc355acc7dccd3542b6f0
u02-s015-v011,question,optionAnalysis[0].choice,3,3,af0a163978e0610e1b9ae50c008b3c838567d08babab7e05c58ff1d3a7d18e95
u02-s015-v011,question,optionAnalysis[0].reason,8,22,2859b5e1940d9fd120ba0a45f22ea9b00d942b67aba9070cca181cb0ccfb43ea
u02-s015-v011,question,optionAnalysis[1].choice,3,3,10963ac2db22b5b879edcf195eaacd3866b19571110462807b83133c98182864
u02-s015-v011,question,optionAnalysis[1].reason,9,15,f72d6118d715f5bb9f55a45c4156fdca097f589c337073e72111183f20a2c64e
u02-s015-v011,question,optionAnalysis[2].choice,6,6,f836710bf3739fccf7a3663f4e5af90b8c7906f85ef6b66257ab759aebbff808
u02-s015-v011,question,optionAnalysis[2].reason,9,15,e72266d005ccb2512a4cbe8873520089457dce3b997ae09fc5e5b59ff58df045
u02-s015-v011,question,optionAnalysis[3].choice,3,3,883caeb7ca1165a22441d8487203cc8aa9284ad7c0f5664c704f98ecb10849b4
u02-s015-v011,question,optionAnalysis[3].reason,11,27,dd51aed09aac154297f18dd35e8977c5a09c7a7653e7f56fb5abae122659b3df
u02-s015-v011,question,commonMistake,21,51,287d04ee0aa72949958b114f377a73f81961ebc26fa2c75b8b7ba50c5cd78cf6
u02-s015-v011,question,concept,12,36,a076ca1c5d4569a90011fdea5f649902489016b6dbf95128940993d6a955829a
u02-s015-v011,question,tags[0],3,9,fd41540cbdbecb9b5fa7116d27c68e378548ab62ab7c7ca4494730a81ea87667
u02-s015-v011,question,tags[1],16,48,87c96689be9910928738d52a518f091db6d350ccaafef9012ea92bb8f310f6c7
u02-s015-v011,question,tags[2],8,8,578756ca4aa16d8872610a5aaa78460fd30fbe93379ff7284fe65d66ca606755
u02-s015-v011,question,estimatedTimeSec,2,2,39fa9ec190eee7b6f4dff1100d6343e10918d044c75eac8f9e9a2596173f80c9
u02-s015-v011,question,prerequisiteSkillIds[0],22,22,e8e8a5c1301f9a6a086bb1f47879ec7be4667a2c0bf2b81343376fa93e799790
u02-s015-v011,question,authoringIntent,10,30,25e4b2f84a750ee85bf0835942b407ce3a0fa48bb9a2acbc58e749aa96cf07db
u02-s015-v011,question,literacyContextNecessity,34,102,690249dd8bebc3a3cfbb1909343dfa5cd25a2295ac611604da471512962b9573
u02-s015-v011,question,reviewStatus,22,22,ec809598e2f7fcc69fad54c9cd045bba62b4a0dc7c0ff90d4efdc3788c9ad8fb
u02-s015-v011,question,contentSha256,64,64,6bcced5dbb487afeb47b7ec3bc3324970ac5e4f6a9bddeeb8de9bf6e49cb7174
u02-s015-v011,question,contentAuthority,25,25,ed40f75ffe3d6ad4e71f6e7919d063410490de360edb425965eccd605ca9d79e
u02-s015-v012,question,questionId,13,13,a0c5443aa9ff54e82d570297f1c470d9881d6a2f4308e8b02b2831f07d35b33e
u02-s015-v012,question,unitId,3,3,95b6504a8bd60df3a9a19ef2c504ac03429b325e9b81f0d701d07bdf6def6afb
u02-s015-v012,question,topicId,21,21,a6e9c1c51053ab16ecddb1b61eccda7b857c13c41ce8db8452e63b4119e0ea25
u02-s015-v012,question,skillId,25,25,060186d456b6c5301c30981fd58e35d80c1cbbc5868ca2992d6044866dfb2e76
u02-s015-v012,question,difficulty,8,8,578756ca4aa16d8872610a5aaa78460fd30fbe93379ff7284fe65d66ca606755
u02-s015-v012,question,type,2,2,6bc0f9c4ecb0acbebf1b9f6c816bdd66f4885f67c917d9e141cf893014fba936
u02-s015-v012,question,visualMode,9,9,9c7d54b0bf7a9369d8594201c7b11955514343809d09fbec33966c1fd9794015
u02-s015-v012,question,sourceScope,19,19,a4b669ddb8ef1883391c07a7b633f12eeaeecee7ec37c09eea4931aff6644346
u02-s015-v012,question,text,71,171,52119f7ab6d93c7d2a78144ea3519b8d05b524973787d49caabd688dd6050703
u02-s015-v012,question,choices[0],5,9,201fad361530168a02acc2fb9176c3c3b2eb8e58bcfeab94be71f92f7881b323
u02-s015-v012,question,choices[1],5,9,3440c22f55055752130a6f9cd5b1abf0876750ef26cbddc8d1a788273dda3f25
u02-s015-v012,question,choices[2],5,9,5d1e2ee731245483e0ed5f4159d84a3a8f59ddf6e6077429f2c57da44d01dbc1
u02-s015-v012,question,choices[3],5,9,cb5dd5a0990707173faf3c5f146fb7d85b6b8f5965938b9f2dd235444327aafe
u02-s015-v012,question,explanation,80,164,248491695ed6b2575826e88873796a20eb5357bca13ace050d38a260f6631f13
u02-s015-v012,question,steps[0],36,62,cdad97bb3aa43be54c45b07387b437dfae1adae6e76ac5a4e345df4f5a0e3371
u02-s015-v012,question,steps[1],21,39,bf02710ea2e86beb9d6ae6f0cdf0847c6c5d080f4e5158fa2f14a4a3ccc8e35d
u02-s015-v012,question,optionAnalysis[0].choice,5,9,201fad361530168a02acc2fb9176c3c3b2eb8e58bcfeab94be71f92f7881b323
u02-s015-v012,question,optionAnalysis[0].reason,10,20,82bee03b1fb2730a6b7dfa6f3872c85da5ed88ab73cbe1cde0c4b590b57ae86a
u02-s015-v012,question,optionAnalysis[1].choice,5,9,3440c22f55055752130a6f9cd5b1abf0876750ef26cbddc8d1a788273dda3f25
u02-s015-v012,question,optionAnalysis[1].reason,10,20,5767dd5436eb262c2469ea5d01bdaabd9c0aec001e4a79f8aa25047855a35237
u02-s015-v012,question,optionAnalysis[2].choice,5,9,5d1e2ee731245483e0ed5f4159d84a3a8f59ddf6e6077429f2c57da44d01dbc1
u02-s015-v012,question,optionAnalysis[2].reason,12,26,2e4f09e15928ee030ff5a63380ff38b46ea6796c53d4cb352f2ce189d0276e50
u02-s015-v012,question,optionAnalysis[3].choice,5,9,cb5dd5a0990707173faf3c5f146fb7d85b6b8f5965938b9f2dd235444327aafe
u02-s015-v012,question,optionAnalysis[3].reason,12,22,cc5c18708917768cdaad8de1c5d1fdacb7f8bb39c704c624bb15dbb236df2857
u02-s015-v012,question,commonMistake,25,71,76ae535a7a7d9acb909c0673489d31f3ab427840ad6ed1e62b6e238903fa0b61
u02-s015-v012,question,concept,18,54,2c06a66250c57406ef86aa9598b11c539eac1e2c014e85b284c27ef9a7ebf753
u02-s015-v012,question,tags[0],3,9,fd41540cbdbecb9b5fa7116d27c68e378548ab62ab7c7ca4494730a81ea87667
u02-s015-v012,question,tags[1],16,48,87c96689be9910928738d52a518f091db6d350ccaafef9012ea92bb8f310f6c7
u02-s015-v012,question,tags[2],8,8,578756ca4aa16d8872610a5aaa78460fd30fbe93379ff7284fe65d66ca606755
u02-s015-v012,question,estimatedTimeSec,2,2,39fa9ec190eee7b6f4dff1100d6343e10918d044c75eac8f9e9a2596173f80c9
u02-s015-v012,question,prerequisiteSkillIds[0],22,22,e8e8a5c1301f9a6a086bb1f47879ec7be4667a2c0bf2b81343376fa93e799790
u02-s015-v012,question,authoringIntent,10,30,da9cc5826fca8aebd65f3b0bcf6a9da790c1dd7417f0ff2a9b3a0ec2e4f2cda7
u02-s015-v012,question,literacyContextNecessity,29,87,9478c1777fa8e270d6c1014bf80c35b4215d3eed07092f018807e08d4e0ede0e
u02-s015-v012,question,reviewStatus,22,22,ec809598e2f7fcc69fad54c9cd045bba62b4a0dc7c0ff90d4efdc3788c9ad8fb
u02-s015-v012,question,contentSha256,64,64,9107292dd9c72d11e32beb8a91fc1f6521c54ce07d8a477acd0d1b605bd9cf22
u02-s015-v012,question,contentAuthority,25,25,ed40f75ffe3d6ad4e71f6e7919d063410490de360edb425965eccd605ca9d79e
u02-s015-cr001,question,questionId,14,14,e624a2014b035d1f10f0c4fbbfeb66cda82cc62bd45b99d61ac56c0d9190fb1c
u02-s015-cr001,question,unitId,3,3,95b6504a8bd60df3a9a19ef2c504ac03429b325e9b81f0d701d07bdf6def6afb
u02-s015-cr001,question,topicId,21,21,a6e9c1c51053ab16ecddb1b61eccda7b857c13c41ce8db8452e63b4119e0ea25
u02-s015-cr001,question,skillId,25,25,060186d456b6c5301c30981fd58e35d80c1cbbc5868ca2992d6044866dfb2e76
u02-s015-cr001,question,difficulty,8,8,fe6d3468cf5c74d8ec2a95b40f2e05338c37a4202f8fad692d2b64a9cf9b468a
u02-s015-cr001,question,type,20,20,e519496c259191db041ac61161dbfadb673dd94a10a123ed7423adcf7968ae7c
u02-s015-cr001,question,visualMode,9,9,9c7d54b0bf7a9369d8594201c7b11955514343809d09fbec33966c1fd9794015
u02-s015-cr001,question,prompt,61,157,facfb2017f71c4e6109b7e818e907d989c4cf6ebea50a5743e8273a1faa6bbd8
u02-s015-cr001,question,requiredWork[0],8,24,ce55eda404dde2fa17ae6b0dcd2d68c15e7ff2818e235674d3582ad29a6915c9
u02-s015-cr001,question,requiredWork[1],11,33,55938bad275b7eb74a7f7a781fe578fd6a00a62627785a78d4439ea6c1d65f98
u02-s015-cr001,question,requiredWork[2],11,33,e9d018ce61ba2f1ed95563c79133c021f83e7e02e2492b4519c4aa218d2f21f4
u02-s015-cr001,question,fullCreditSolution[0],17,28,a241321207c4978a60997302a8564f3571c7b8a717533ace03dc51e1f8581e29
u02-s015-cr001,question,fullCreditSolution[1],17,28,6f640a0ad507b296451c2fc442c8906357fac2224e212c4bfdeb6714bf86eecb
u02-s015-cr001,question,fullCreditSolution[2],24,38,aaa1be3893c8253d40fbae8c8e0fda0c525b42796a68d7b2e6f4d14b122df907
u02-s015-cr001,question,alternativeSolutions[0],15,25,fb5c004cdf34add9bee21c3e965adafb2fe982303eefbed09329f0d3fd297de2
u02-s015-cr001,question,rubric[0].criteria,15,27,88ba4e046147198600cfbacaca85043b46ecf1e011d0d478bebda6d1ccf025f7
u02-s015-cr001,question,rubric[1].criteria,14,36,a7403eba0228827c25178645decd9b5a275d7a631a6659cf500fe46100c29ba2
u02-s015-cr001,question,rubric[2].criteria,9,21,13774f4eda70b49af747df1e11b4beb8e4664fb7cfe4138cc180cc9493c739a7
u02-s015-cr001,question,rubric[3].criteria,12,24,4d744ec65962754bed1a1439bc4c0f2f432d3ca81bab621c9a75ba7f926cb447
u02-s015-cr001,question,scoringNotes[0],27,81,3191e3ddf04a595b9038dad02a49278753cdb86e4b099cf318d2ba5d3d74dd11
u02-s015-cr001,question,commonErrors[0],9,13,d0932922998185b3ec6edf1cb17674382efb831deb54762c0f8c19cf60a675d9
u02-s015-cr001,question,commonErrors[1],13,25,021d05e4600ae1cd5bf65106c4d9825ca914856a14169d796da80c9c0bb8caf4
u02-s015-cr001,question,independentReview.derivedResult,13,27,811fcaf18ae91f9ad54800770a7c0122a89c621d16f72c7ab8786bebc8e64fea
u02-s015-cr001,question,independentReview.ambiguity,13,39,a002cc7730a51394b314637b0319ebef4fcc15c200e373b3295a24c89981de0a
u02-s015-cr001,question,independentReview.decision,4,4,d74ff0ee8da3b9806b18c877dbf29bbde50b5bd8e4dad7a3a725000feb82e8f1
u02-s015-cr001,question,contentSha256,64,64,45c6fc3d2ed28725072514661e12db390c43492adea8ba06732d7ee18e5bde17
u02-s015-cr001,question,contentAuthority,25,25,ed40f75ffe3d6ad4e71f6e7919d063410490de360edb425965eccd605ca9d79e
u02-s015-cr002,question,questionId,14,14,af5239b31725d4b42fb786eb3de403f3d5835cadbedc07a6f6b1b4d8787a3942
u02-s015-cr002,question,unitId,3,3,95b6504a8bd60df3a9a19ef2c504ac03429b325e9b81f0d701d07bdf6def6afb
u02-s015-cr002,question,topicId,21,21,a6e9c1c51053ab16ecddb1b61eccda7b857c13c41ce8db8452e63b4119e0ea25
u02-s015-cr002,question,skillId,25,25,060186d456b6c5301c30981fd58e35d80c1cbbc5868ca2992d6044866dfb2e76
u02-s015-cr002,question,difficulty,8,8,d21f85ea38166303ce58e06134b5cc4a5c900c409ab2a500ff7c9225109a09bb
u02-s015-cr002,question,type,20,20,e519496c259191db041ac61161dbfadb673dd94a10a123ed7423adcf7968ae7c
u02-s015-cr002,question,visualMode,9,9,9c7d54b0bf7a9369d8594201c7b11955514343809d09fbec33966c1fd9794015
u02-s015-cr002,question,prompt,125,315,389b4916433d49c68575cb6235c4514a6adc629ab1852da09d0d5dd93214f225
u02-s015-cr002,question,requiredWork[0],13,39,e56f3ca2aec99825cdf784567a6affad63d32716476b4cfdd169ce8eec6ff25d
u02-s015-cr002,question,requiredWork[1],7,21,d8c09cdceefd89d0a03724915bc453ae8d140cb7ae973a9935a1ba519196c2bb
u02-s015-cr002,question,requiredWork[2],8,20,0c16ec9a9b98f4a5b6c734b23acedf08b456f6169e04bacd6f6c284f8dbabd46
u02-s015-cr002,question,fullCreditSolution[0],40,66,8f2c8a54061978cbfb890921ea0d364f90357f99d55d9179ea4be5f9a834084f
u02-s015-cr002,question,fullCreditSolution[1],34,80,559907c1e132386e13ccf636ee6b394112a8666b7b027026531aa4ec8d60d73a
u02-s015-cr002,question,fullCreditSolution[2],37,91,a432bcfb71ec43e79abd96f4f26eb33b195130dbb7f5923e0659b7cd01f18a78
u02-s015-cr002,question,alternativeSolutions[0],33,75,03d53facaeefea5d0d548f58f0c37b73f83fd61733492041648cc12a47eeaa0f
u02-s015-cr002,question,rubric[0].criteria,21,51,dc65dad16c31ed4bc206341685e75f6e0c5250d84113e42f9fb073e0514b7bed
u02-s015-cr002,question,rubric[1].criteria,14,42,10eed64e1dbe80ecf08d86f9bb27f4cf13f70fb0da76032d9e313b4399446fae
u02-s015-cr002,question,rubric[2].criteria,16,36,8e56dd440b4e81e01da62f5889ee5daba2173a906f4b96d17f9ac7f66b2697dd
u02-s015-cr002,question,rubric[3].criteria,14,28,9ab157c380f89eeafd88ddcf06294a356f8ace1678ac39d88ce3f1a4c830889e
u02-s015-cr002,question,scoringNotes[0],37,111,2da2f77d354ab29942bfa4d5ad6f29cb50d95331df17dcae66b90bbff397ec49
u02-s015-cr002,question,commonErrors[0],15,25,d29fba7d21d344c1dbc1114edfae4039ebf81fd2d199776674965c6356210c38
u02-s015-cr002,question,commonErrors[1],11,33,5aae2a33b57fe511575245f9c282bf08e56a0bb668f3e67a86d5e81733014cb5
u02-s015-cr002,question,independentReview.derivedResult,28,78,8db57ad4cec4de9b4a806775a2731f4e47c4e71324576c792d8416ac6cce389c
u02-s015-cr002,question,independentReview.ambiguity,35,105,11fc6edad880417cecefa3853561a2a9257e1c535e01b215220e4afeb784b1b6
u02-s015-cr002,question,independentReview.decision,4,4,d74ff0ee8da3b9806b18c877dbf29bbde50b5bd8e4dad7a3a725000feb82e8f1
u02-s015-cr002,question,contentSha256,64,64,ff2d0ef207cfee2dac7405b940b2b57d320c1c08c42acab9406f61edc97dca0b
u02-s015-cr002,question,contentAuthority,25,25,ed40f75ffe3d6ad4e71f6e7919d063410490de360edb425965eccd605ca9d79e
