artifactId,artifactType,fieldPath,unicodeCharacterCount,utf8ByteCount,utf8Sha256
u03-s001-lecture-r1,lecture,lectureId,19,19,2c2f5137102d8587a4bd86f9091fd2ce88391e898adbc6d2f5dc10a633c65b81
u03-s001-lecture-r1,lecture,unitId,3,3,97ce842ec69dee17c1842918e63b9d4042fa4b35007146dcfb80a09c5000888a
u03-s001-lecture-r1,lecture,topicId,21,21,1f32a922c9323d4c5f771b01b463504a5b9e42a4e1697b8276a36409063e5bcc
u03-s001-lecture-r1,lecture,skillId,30,30,eab9451613a770af13f15402cb783408dd974895ff6c7c5c8b5f6f31ea384ad5
u03-s001-lecture-r1,lecture,title,24,72,10e620c9c7fda5e53f85d6cd67dec735f00f561b07bd29428861f6bc803f408a
u03-s001-lecture-r1,lecture,audience,10,30,e6b4416fbd9f36797de01256b31a4d6f6314e126fde8495e25792c814f64fc5f
u03-s001-lecture-r1,lecture,reviewStatus,22,22,ec809598e2f7fcc69fad54c9cd045bba62b4a0dc7c0ff90d4efdc3788c9ad8fb
u03-s001-lecture-r1,lecture,learningOutcomes[0],13,39,4d53725e93c9360c9fc03232dba651b59f840f18e8199dc2f4e302d0d747360b
u03-s001-lecture-r1,lecture,learningOutcomes[1],19,57,584d587ebb4b9eb88089333bb3392018425d8a74fefac8b8e1ffbe87544b3e3f
u03-s001-lecture-r1,lecture,learningOutcomes[2],21,63,73bdef540a4999404bcfab49641b26004e5a5a437e3c3d22419d9aafe54ac05e
u03-s001-lecture-r1,lecture,learningOutcomes[3],19,57,efa0a84f316d704fb58e73760849105af59d6e30b163f1449c90c1e0bdf93fb7
u03-s001-lecture-r1,lecture,glossary[0].term,3,9,fc7ee05a309d257037320eafb8a1a733aded065c12d76f81fa242dac9ea4626b
u03-s001-lecture-r1,lecture,glossary[0].definition,17,51,4da149c12bfa72b95f4fa097e6b2d8449b882900d4cc33d665cde432e201dfb8
u03-s001-lecture-r1,lecture,glossary[1].term,2,6,dc9d1a00a79380970d9227e5fe4f609bc59cd94f2764184c5a954ef76e4f3767
u03-s001-lecture-r1,lecture,glossary[1].definition,16,48,f0823d308730296714dc654c9193a492f6a7848060033141fde7d1310c50ad1a
u03-s001-lecture-r1,lecture,glossary[2].term,2,6,51a509040fe4ec82abff73da2da89230d25eea3c2948777af1d042663cb60e75
u03-s001-lecture-r1,lecture,glossary[2].definition,9,27,0b2cf0407567c3caa89f5a935df95a5ba63d201ed254344ab3f7b4ca5ab1f9e6
u03-s001-lecture-r1,lecture,glossary[3].term,3,9,3fbd15525488b2cb2d51f1cf3dac9262f24abada1f8413622abd7f3b9d8d3d89
u03-s001-lecture-r1,lecture,glossary[3].definition,8,24,a976322c104632f02426cd9b17c98aa03e65c809aae5010016a1fd32f0945f96
u03-s001-lecture-r1,lecture,notation[0].symbol,2,2,35e93eb65d07f8e8fd5910c5ebe5925822a5d856f4b1c3c1af6e9f2b9193b806
u03-s001-lecture-r1,lecture,notation[0].meaning,11,25,542613628b6efecfe0bf69da7be13d44e9a7e103f25e40884624e802b5b0d0a1
u03-s001-lecture-r1,lecture,notation[1].symbol,4,4,259072e6c653cc56ea0e6a6031c2bbb5dede2c4066d63855fd7690ee8bd61bbc
u03-s001-lecture-r1,lecture,notation[1].meaning,30,88,1c6c71bba6d9b2666f8db5be92bf08f83ff61b43399b2816ccc410f81f726590
u03-s001-lecture-r1,lecture,conceptNarrative[0],36,108,ecd8f5d1e19d75bb7ec6aa36c998d29624b066993c04e6d76af8b1d1ab9245f8
u03-s001-lecture-r1,lecture,conceptNarrative[1],30,68,fe18629583200359cbb9c1598d548244a31f327e6527a0a288228045c956381b
u03-s001-lecture-r1,lecture,conceptNarrative[2],23,65,f2f6bb99928bf9caf4a67d6549442d531fc95352d0cd6f9fa20dd56ab5e1bdfa
u03-s001-lecture-r1,lecture,conceptNarrative[3],26,78,ac0434b9fc071db96ebe83d08e9176c5aee7cad90c778e60478f5346dfad6ad0
u03-s001-lecture-r1,lecture,formalDefinitions[0].name,4,12,30b3b7ff85e1bba19e961313fb6c7487f4def7e1f4e4e581a7fba88bb26fd207
u03-s001-lecture-r1,lecture,formalDefinitions[0].statement,31,77,49e6739d1db8562ba474532dd5aa8968e85d6ef031dbc9b0f25232a7e2dc3ec5
u03-s001-lecture-r1,lecture,formalDefinitions[1].name,4,12,7a6619d8353b5ea80dc604a0392d9cbe82684c03d296794171ecd67ba0aca343
u03-s001-lecture-r1,lecture,formalDefinitions[1].statement,8,15,af8d57707f9e378c2d62c191900aaf6407edc6da9d82b210ed77105d3b4c52a3
u03-s001-lecture-r1,lecture,formulas[0].formula,18,42,1fccd6dd945527fb0b830bd83a4dff54dc3fd3c318708030069ee38122d85030
u03-s001-lecture-r1,lecture,formulas[0].conditions[0],10,30,534c26612db543794f697ec4c75737f986d936eb920fcfc9cb81dabf3aa47692
u03-s001-lecture-r1,lecture,formulas[0].conditions[1],13,39,8a909f64d5a4b2453e6b2fbde9616ab715e7a2b62be341bc4fb1f30d7f0a7e47
u03-s001-lecture-r1,lecture,formulas[0].meaning,10,30,4d9af68bdff8eb87798f82906567c3662ea98abca899c5715c6d349f82367be5
u03-s001-lecture-r1,lecture,nonApplicableCases[0],22,66,89743abc03f0e138b27995e323b447df11358cb3d28917246c6c90f504fd0640
u03-s001-lecture-r1,lecture,nonApplicableCases[1],22,66,61dce9603a40e2f67afbc702065f08f89fc40e2bd75df685e17c0efca634335f
u03-s001-lecture-r1,lecture,nonApplicableCases[2],18,54,fd0ca1372a3abf7bb4f0c0607edfb0de5ca3eb1346a67409266c0051d68b9e6b
u03-s001-lecture-r1,lecture,nonApplicableCases[3],23,67,b7d06a68c2ea6aae89064c07b2ed312bbd69b2656b80c029901e16339cd04a0e
u03-s001-lecture-r1,lecture,method[0].instruction,13,39,62bf00e401030473530f4506d31602c0e31127712e1a17d276edb5ffb77f146d
u03-s001-lecture-r1,lecture,method[0].check,11,33,6e249944d0de8b5e809e87b5e6ebbf572bc123683880676c41e33555072fbbb9
u03-s001-lecture-r1,lecture,method[1].instruction,12,36,e146b6350cf019edb69e5c63e02228895f3f2b498567827fd12158425010fad3
u03-s001-lecture-r1,lecture,method[1].check,11,33,98415331ed19a4e85c47f8bc16e70a0272dddfed570c77b343e2429022d77d9c
u03-s001-lecture-r1,lecture,method[2].instruction,14,42,483d910fccb3062f63e44409a5958c43dfde25c3f5cdc87208e2820afce29ded
u03-s001-lecture-r1,lecture,method[2].check,9,27,c0110e7ee1d5eb6e1b660d51fd10b55dfd7c0d2c15580715af34c96da5644967
u03-s001-lecture-r1,lecture,method[3].instruction,10,30,09554129aa74f204d2aee942190ad37fa6a42b46ca667df0d318c68a89314eb2
u03-s001-lecture-r1,lecture,method[3].check,11,33,0d3cd7b4a276640acb3d3472caee09990764634510dc870c27f40c9809b1ea27
u03-s001-lecture-r1,lecture,method[4].instruction,11,33,bb386c4d41547abb1ae0fdde43d77f0103405c71f1da53299362c26df0328083
u03-s001-lecture-r1,lecture,method[4].check,9,27,88c9fa9074cb3bd8eadf65e386c4548a48ff7c4183433285b50168ea28d69521
u03-s001-lecture-r1,lecture,workedExamples[0].exampleId,2,2,dffe8596427fc50e8f64654a609af134d45552f18bbecef90b31135a9e7acaa0
u03-s001-lecture-r1,lecture,workedExamples[0].prompt,12,20,627e3786a3fd4b9f078322ffdaf88de620df4e1ca372bbd0f1ae6939f7acf8e9
u03-s001-lecture-r1,lecture,workedExamples[0].solutionSteps[0],11,19,d8a6768e124b8740655c7b86d11150f20ff95e3e95a478175eaa362d64e55102
u03-s001-lecture-r1,lecture,workedExamples[0].solutionSteps[1],9,11,cd8a37acce0436ef7a1a80f403b727578442d33c43670aa15c72654c11f8b7ec
u03-s001-lecture-r1,lecture,workedExamples[0].answer,3,5,e0c7d4debb9f3d245f7266e1db4d22dd6c98583c09502ca3c8a18321aa96fbd0
u03-s001-lecture-r1,lecture,workedExamples[1].exampleId,2,2,d76354d8457898445bb69e0dc0dc95fb74cc3cf334f8c1859162a16ad0041f8d
u03-s001-lecture-r1,lecture,workedExamples[1].prompt,16,26,d426a51b2825a17213c45bb4f8308f671ed363ff2c2de920ff90727a62f15908
u03-s001-lecture-r1,lecture,workedExamples[1].solutionSteps[0],12,18,b846a5b5b1b5a818677842ce258d884ba42317b38f750c073d7e065c7e3311a3
u03-s001-lecture-r1,lecture,workedExamples[1].solutionSteps[1],7,9,561e5730eb3ed0843a8311412354a1290298517bcaa82a600de25e8792416cd6
u03-s001-lecture-r1,lecture,workedExamples[1].answer,3,5,9c210f628d4276e2cd713ed2dcf4ac5ea24343c4525118fd7ffff77ba0b2f2d9
u03-s001-lecture-r1,lecture,workedExamples[2].exampleId,2,2,842983de8fb1d277a3fad5c8295c7a14317c458718a10c5a35b23e7f992a5c80
u03-s001-lecture-r1,lecture,workedExamples[2].prompt,13,21,b306e7f0a734cea737be31b38934f137449d62c0ba0fe9dd6411cb662360f2dd
u03-s001-lecture-r1,lecture,workedExamples[2].solutionSteps[0],8,11,2584e0efedc284f215fbe2cfc046718954a1b23363a33d5ce0ce2b445f6fba34
u03-s001-lecture-r1,lecture,workedExamples[2].solutionSteps[1],6,8,b6d31d7bca8a18969306f36b6708a88384289a660b480987df63c606e536c572
u03-s001-lecture-r1,lecture,workedExamples[2].answer,2,4,1f615c52bcb523bdc3d2c32a8b46e5ea6b7b8ac64da921bc4d130d03498e6668
u03-s001-lecture-r1,lecture,workedExamples[3].exampleId,2,2,4a5a97c6433c4c062457e9335709d57493e75527809d8a9586c141e591ac9f2c
u03-s001-lecture-r1,lecture,workedExamples[3].prompt,28,52,2505a15a0837b9bb77312310da1aaffaa71da424dcaa251ef5855bb04ee38298
u03-s001-lecture-r1,lecture,workedExamples[3].solutionSteps[0],8,22,b2d5d519855fe8fad4d452f71543b9e5fbca86c5b388f3d1ecc98a99e9fc05d1
u03-s001-lecture-r1,lecture,workedExamples[3].solutionSteps[1],18,21,ca95394b034c6e7eb040ec91157c30b86cc4f66cb0bc39aad4ab8e479525fa92
u03-s001-lecture-r1,lecture,workedExamples[3].answer,5,7,e0ba228b28c2d3db442f804bfc08680f0a9fa24949c62e83bc78c8feb8f299c2
u03-s001-lecture-r1,lecture,commonMistakes[0].mistake,9,17,2f283b9153985097f92487c2a6147d6d14692f6372270620502d3851ab020d2e
u03-s001-lecture-r1,lecture,commonMistakes[0].why,11,33,a3fa1275fc5e20aa3a8cbc4eddf8dff18a1ac8dd5a894d3a61171e09fe7f6132
u03-s001-lecture-r1,lecture,commonMistakes[0].correction,8,19,c425774db4e82715d53c9f3e95cdd6773b4fe2be5f797f7666226093c2ac3041
u03-s001-lecture-r1,lecture,commonMistakes[1].mistake,9,27,a4cfd8acb885d51c1c8d1ddf0989f0e599a9ee23b1e7e3cdd5c86824f90c007d
u03-s001-lecture-r1,lecture,commonMistakes[1].why,15,45,e16eb539e51b599a839393b410fa70de5d3632902d3b48e6e38a24f44ce7ad3d
u03-s001-lecture-r1,lecture,commonMistakes[1].correction,12,31,f1775363e7007aeaabb8a2f2ebd8fa6179a89848977f2a9711b70b06016d29c8
u03-s001-lecture-r1,lecture,commonMistakes[2].mistake,15,45,ccefa0819702ed0e5b2e7e5892da3e587f16a4fa895ce272a297fd5ac35fc5d4
u03-s001-lecture-r1,lecture,commonMistakes[2].why,13,39,9c753b28f50326a1a4537ed6988034d5ecf74b5eeaf205d5134a39e5b04d0214
u03-s001-lecture-r1,lecture,commonMistakes[2].correction,9,27,dae9b117bffb6391a4b834979a30d40095f078abc26c6eb8e47f15a3d3230c95
u03-s001-lecture-r1,lecture,commonMistakes[3].mistake,9,27,82369678c307ed5309526d17a2bbcdd6764c6742f93602e3a9ec22aeaf7e449d
u03-s001-lecture-r1,lecture,commonMistakes[3].why,9,27,1ee6d628a51a12764462970ab305f101544a515807c4e97a6d9475a1f1c3bb66
u03-s001-lecture-r1,lecture,commonMistakes[3].correction,16,48,4ba6c184a25fc9cc5ea3846cf8375eddf142c8c90a8e9ff65e92670640c5032e
u03-s001-lecture-r1,lecture,commonMistakes[4].mistake,14,42,4ed350f795f3e51576244419ff54fdb237794366e3de12802c59c4355ceef9ff
u03-s001-lecture-r1,lecture,commonMistakes[4].why,9,27,a5a72e20ea30a52f23873cb218683d25e69f345fb189fb6365ff6634eccf2342
u03-s001-lecture-r1,lecture,commonMistakes[4].correction,12,36,23b54353383a6840929f6dbfdcfafc6d4b46ffee4ff81c94f1c4785ab3f87699
u03-s001-lecture-r1,lecture,commonMistakes[5].mistake,14,42,58b3187c57afa5a4b6397a6d52dc354b7a64d1860307cabb4e1df8ef127f5c57
u03-s001-lecture-r1,lecture,commonMistakes[5].why,18,54,1d5726afc5b1e659a1a64fe3d53d0e0e1fb13c0f90c1dec4c05b556079a4e942
u03-s001-lecture-r1,lecture,commonMistakes[5].correction,10,30,cb814e860f301a82d72ffbead188530256db0ac0c3010978eb2f87ddf9a0f457
u03-s001-lecture-r1,lecture,selfCheck[0],12,36,ff622c71c96ae7d86970a7225e3cbe22d16017968c75682135bfc79db1ac29ad
u03-s001-lecture-r1,lecture,selfCheck[1],9,27,729912ff2a0efc000d7d5e9297d0edaea3f06f954d9f5fe6007866e60bf0669d
u03-s001-lecture-r1,lecture,selfCheck[2],9,27,d2333a5dced0e2f9e66e3a0972007297281c375aecdd8f4b380296cf4c293001
u03-s001-lecture-r1,lecture,selfCheck[3],11,33,a7f6763ee399c939d98bd216cd71b42e2acad5ee503d04a48efcaa592362aac5
u03-s001-lecture-r1,lecture,selfCheck[4],15,45,c7e68b5748f906c5f277fc20b4058dbda85560e56fb707800aba1e195d1b84d5
u03-s001-lecture-r1,lecture,summary[0],12,36,e70e16ca9d5c0c3a2f944d8ab0599036b4c6ec152e34cc16644195f634768594
u03-s001-lecture-r1,lecture,summary[1],12,36,7c7a564401a43617fd21881956843a53e458c713fe51493709668bf154f607a9
u03-s001-lecture-r1,lecture,summary[2],12,36,edf5e035210169d4ab4b1af1de406dcea3447a2d1a91ccfd139b17caf6369fc1
u03-s001-lecture-r1,lecture,summary[3],11,33,0a1478d4e5473bb67702b2470b5a401becece573dde37944cf6d5554ae23ccd6
u03-s001-lecture-r1,lecture,connections.previous,27,69,168ed9bc85d463f2e96fa7cf4cd5b3d1a61059dc76e2fb4baa0b5c8791752c8b
u03-s001-lecture-r1,lecture,connections.next[0],25,75,c2893c624282f7b5f44387844bea8a9405383979fca99c1ff973d1c783e02d06
u03-s001-lecture-r1,lecture,connections.next[1],17,51,ca10a2dc1d4982d37f0916c52bfb704759192cc0485c0345026cb418e7014017
u03-s001-lecture-r1,lecture,practiceLinks.mcQuestionIds[0],13,13,e603d5880eb4437daf8eea58f581a98d0edc75ae03b05f8d29efd83e79fb3502
u03-s001-lecture-r1,lecture,practiceLinks.mcQuestionIds[1],13,13,7d4e2b7a4e0922af31d4f3159d24e508404e850389d893f3f83d67a849434f13
u03-s001-lecture-r1,lecture,practiceLinks.mcQuestionIds[2],13,13,13d1198ae67d0327c9c9144458fdee54e58cc8558051e3e6c1efad125448f107
u03-s001-lecture-r1,lecture,practiceLinks.mcQuestionIds[3],13,13,d8e89a689540843f0dcc5356429cf77fe649c0f96ab7f6efee4ac7a5ddfba794
u03-s001-lecture-r1,lecture,practiceLinks.mcQuestionIds[4],13,13,cd15030d8cf54256b38c994b6816c35c6ffd2f4194bd32e481d1f59cd77e84e6
u03-s001-lecture-r1,lecture,practiceLinks.mcQuestionIds[5],13,13,6614e840e8b2dd3d6978a3b4c00a61d4fa7a198c5738212163affd5862f30dd3
u03-s001-lecture-r1,lecture,practiceLinks.mcQuestionIds[6],13,13,6bdf2f55fc31a4318237d0631ae63ef0075da6f2aea7b6639b5da8a72be5cf9e
u03-s001-lecture-r1,lecture,practiceLinks.mcQuestionIds[7],13,13,29da0b6bce2f3d0a901d157daae2d0ea19f2c72a401be34e1ae58431cdf1e2bf
u03-s001-lecture-r1,lecture,practiceLinks.mcQuestionIds[8],13,13,540744b23b036e0ee83fb5660e3dc0b644853dec5743d003a9a61f87d7ba81e3
u03-s001-lecture-r1,lecture,practiceLinks.mcQuestionIds[9],13,13,32b79b95f13702f04b41c1e01f7969e7840b5a472c904bf78615853bfae6a65e
u03-s001-lecture-r1,lecture,practiceLinks.mcQuestionIds[10],13,13,80402cb8b28a5ab79cf9dbe434d1bba05cca7c5ae6cb367636c3ac6203b7985b
u03-s001-lecture-r1,lecture,practiceLinks.mcQuestionIds[11],13,13,402b036a01049bcc1e2aa9ca4bc20013cf671cf9733a1df3695a1ed2791096ed
u03-s001-lecture-r1,lecture,practiceLinks.constructedResponseIds[0],14,14,892bc33a1a20448d935852e42f45ea347e76316bba4110bf2c98b8eb06c2526f
u03-s001-lecture-r1,lecture,practiceLinks.constructedResponseIds[1],14,14,6f58f9f050153b7c4b0cf1265f5b85e95d3d9a7783ef205413c9b110f0777c0a
u03-s001-lecture-r1,lecture,lectureReview.mathematicalCorrectness,4,4,d74ff0ee8da3b9806b18c877dbf29bbde50b5bd8e4dad7a3a725000feb82e8f1
u03-s001-lecture-r1,lecture,lectureReview.zeroFoundationReadability,4,4,d74ff0ee8da3b9806b18c877dbf29bbde50b5bd8e4dad7a3a725000feb82e8f1
u03-s001-lecture-r1,lecture,lectureReview.scopeCheck,21,21,fdf8268f0373301b2fcc6331f1d8999b8aabea69681e8bc972ab9a21216a7606
u03-s001-lecture-r1,lecture,lectureReview.reviewNote,88,174,49c098723f20c09d45a0a071402450a4cf6c0735619b1c282fcdd88492a20a99
u03-s001-lecture-r1,lecture,lectureReview.reviewVersion,25,25,413c3743bf06637b23333702bf9263e0db21fd6b3c3879070d877faca58db442
u03-s001-lecture-r1,lecture,lectureReview.reviewedAt,10,10,14158d45727526145ef514139eeb669eb54d613dbcffe524f099dbb71c9d8b08
u03-s001-lecture-r1,lecture,contentSha256,64,64,230b88f1f13d2a08d121330201d08f0ec44aeff0ffb429be0027843a43924261
u03-s001-lecture-r1,lecture,contentAuthority,25,25,ed40f75ffe3d6ad4e71f6e7919d063410490de360edb425965eccd605ca9d79e
u03-s001-lecture-r1,lecture,legacyContentDisposition,40,40,bb8421a43fb9d90c642b60311f091a34addbe10678daf757010d688c8c2a21b3
u03-s001-v001,question,questionId,13,13,e603d5880eb4437daf8eea58f581a98d0edc75ae03b05f8d29efd83e79fb3502
u03-s001-v001,question,unitId,3,3,97ce842ec69dee17c1842918e63b9d4042fa4b35007146dcfb80a09c5000888a
u03-s001-v001,question,topicId,21,21,1f32a922c9323d4c5f771b01b463504a5b9e42a4e1697b8276a36409063e5bcc
u03-s001-v001,question,skillId,30,30,eab9451613a770af13f15402cb783408dd974895ff6c7c5c8b5f6f31ea384ad5
u03-s001-v001,question,difficulty,5,5,fbb7b5bf4ca348eeeebf8cc3660712859a5a1fbf18e83217a57ce203fb51d5c2
u03-s001-v001,question,type,2,2,6bc0f9c4ecb0acbebf1b9f6c816bdd66f4885f67c917d9e141cf893014fba936
u03-s001-v001,question,visualMode,9,9,9c7d54b0bf7a9369d8594201c7b11955514343809d09fbec33966c1fd9794015
u03-s001-v001,question,sourceScope,19,19,a4b669ddb8ef1883391c07a7b633f12eeaeecee7ec37c09eea4931aff6644346
u03-s001-v001,question,text,17,35,285908d68f8119ce5d1fdfdc9ba43f6daacf42651294b0ef53b637fbe59f9fe0
u03-s001-v001,question,choices[0],2,2,8527a891e224136950ff32ca212b45bc93f69fbb801c3b1ebedac52775f99e61
u03-s001-v001,question,choices[1],2,2,4a44dc15364204a80fe80e9039455cc1608281820fe2b24f1e5233ade6af1dd5
u03-s001-v001,question,choices[2],2,2,6b51d431df5d7f141cbececcf79edf3dd861c3b4069f0b11661a3eefacbba918
u03-s001-v001,question,choices[3],2,2,4ec9599fc203d176a301536c2e091a19bc852759b255bd6818810a42c5fed14a
u03-s001-v001,question,explanation,34,77,6dfb863ce04cc94dee533e8358166e1daaea77377fc0a24aa59aab56ebedca82
u03-s001-v001,question,steps[0],6,14,620becd8f67b8342c5a8df89552e1b4babb2b2b833bbc9329b8ee675427f7276
u03-s001-v001,question,steps[1],8,13,c638d58a64231d4b8e4aa70dcbb04a814c933b78bcb2606fb69cfc68b6fa1560
u03-s001-v001,question,steps[2],7,15,6dce33d4e6e19e3843051ca7241c7b47d8c12506a35f80d3ed97be9f075c689f
u03-s001-v001,question,optionAnalysis[0].choice,2,2,8527a891e224136950ff32ca212b45bc93f69fbb801c3b1ebedac52775f99e61
u03-s001-v001,question,optionAnalysis[0].reason,41,74,d2a86868910ae4adc0085304a5736d56dee0202828902501fcd0999daa60813c
u03-s001-v001,question,optionAnalysis[1].choice,2,2,4a44dc15364204a80fe80e9039455cc1608281820fe2b24f1e5233ade6af1dd5
u03-s001-v001,question,optionAnalysis[1].reason,21,45,5f98befe537a8a7f9a4e2ef244bd495a2db224ea4f598ed1d87d5fe2bab762ce
u03-s001-v001,question,optionAnalysis[2].choice,2,2,6b51d431df5d7f141cbececcf79edf3dd861c3b4069f0b11661a3eefacbba918
u03-s001-v001,question,optionAnalysis[2].reason,12,29,bf7d06b7550481d9f0b84c782c7532a19a235107de90f4de071d5662d52eb2a3
u03-s001-v001,question,optionAnalysis[3].choice,2,2,4ec9599fc203d176a301536c2e091a19bc852759b255bd6818810a42c5fed14a
u03-s001-v001,question,optionAnalysis[3].reason,18,39,6c7ae3a82e92aff58bd0f7d8d0d5b25a200f3834feb5522cb9607bbc283ea0e6
u03-s001-v001,question,commonMistake,10,20,8fa1ef2b771a263863b4a203fddff2c09d11d88193ae3f317e0b48a5b0804188
u03-s001-v001,question,concept,11,33,1d6798f54a12bfc7c99b7cc0da31d4b97f6e9a8ecabc3058d2b6d603d0f9816c
u03-s001-v001,question,tags[0],2,6,32f6541b44ed479dbf6cc8c7dd98824e49e03974d72ad8b65c33383a9cbb349f
u03-s001-v001,question,tags[1],8,24,c534a72fcc562b799c3bb54c4bc344502505b282bafe401282fa703665b0626c
u03-s001-v001,question,tags[2],5,5,fbb7b5bf4ca348eeeebf8cc3660712859a5a1fbf18e83217a57ce203fb51d5c2
u03-s001-v001,question,estimatedTimeSec,2,2,f369cb89fc627e668987007d121ed1eacdc01db9e28f8bb26f358b7d8c4f08ac
u03-s001-v001,question,authoringIntent,10,30,2c131f8441b06ae1d4ccc2f7c81e5dc660b57e7e09056fde494fd35079f0baee
u03-s001-v001,question,reviewStatus,22,22,ec809598e2f7fcc69fad54c9cd045bba62b4a0dc7c0ff90d4efdc3788c9ad8fb
u03-s001-v001,question,contentSha256,64,64,30d7682d1a2b09f43ae8974570e92ab826fa62ced1b6d4d9d5058ded16af5b3a
u03-s001-v001,question,contentAuthority,25,25,ed40f75ffe3d6ad4e71f6e7919d063410490de360edb425965eccd605ca9d79e
u03-s001-v001,question,legacyContentDisposition,39,39,2efcc87c0c9673d2efe77735ae75582eb178c880b07035d8695f010e324b7c71
u03-s001-v002,question,questionId,13,13,7d4e2b7a4e0922af31d4f3159d24e508404e850389d893f3f83d67a849434f13
u03-s001-v002,question,unitId,3,3,97ce842ec69dee17c1842918e63b9d4042fa4b35007146dcfb80a09c5000888a
u03-s001-v002,question,topicId,21,21,1f32a922c9323d4c5f771b01b463504a5b9e42a4e1697b8276a36409063e5bcc
u03-s001-v002,question,skillId,30,30,eab9451613a770af13f15402cb783408dd974895ff6c7c5c8b5f6f31ea384ad5
u03-s001-v002,question,difficulty,5,5,fbb7b5bf4ca348eeeebf8cc3660712859a5a1fbf18e83217a57ce203fb51d5c2
u03-s001-v002,question,type,2,2,6bc0f9c4ecb0acbebf1b9f6c816bdd66f4885f67c917d9e141cf893014fba936
u03-s001-v002,question,visualMode,9,9,9c7d54b0bf7a9369d8594201c7b11955514343809d09fbec33966c1fd9794015
u03-s001-v002,question,sourceScope,19,19,a4b669ddb8ef1883391c07a7b633f12eeaeecee7ec37c09eea4931aff6644346
u03-s001-v002,question,text,19,41,793bf3aa0ec427778af6aff39122031f61d79643d22d2d259a36791422df2396
u03-s001-v002,question,choices[0],2,2,1bad6b8cf97131fceab8543e81f7757195fbb1d36b376ee994ad1cf17699c464
u03-s001-v002,question,choices[1],2,2,4fc82b26aecb47d2868c4efbe3581732a3e7cbcc6c2efb32062c08170a05eeb8
u03-s001-v002,question,choices[2],1,1,6b86b273ff34fce19d6b804eff5a3f5747ada4eaa22f1d49c01e52ddb7875b4b
u03-s001-v002,question,choices[3],3,3,2e42a91d2375f9a3afce88f766b097488c5ab1f5926798f59892394b77abdd5c
u03-s001-v002,question,explanation,44,87,baf6e1268d8a362f9dfd04341b8f988a202ef90541ec0e8b74a8e2a0a324d992
u03-s001-v002,question,steps[0],11,27,0c5d229d95ba8439f1e204cfd3bec553b659babc1653ebdacc4d4e421ec3d446
u03-s001-v002,question,steps[1],11,16,b6cdede9b13c29aa86731dc1ffcdaad391e866e782c14795b632d01edb88a15a
u03-s001-v002,question,steps[2],9,9,7bbb63d26e6d7e3af20e362ca5284f43369cc60024a76311eb4fd8650dac9dcb
u03-s001-v002,question,optionAnalysis[0].choice,2,2,1bad6b8cf97131fceab8543e81f7757195fbb1d36b376ee994ad1cf17699c464
u03-s001-v002,question,optionAnalysis[0].reason,11,31,11c4ad4c4b63d15de41f961d7a8154dd84986a37c91c544de658c50800cecc0b
u03-s001-v002,question,optionAnalysis[1].choice,2,2,4fc82b26aecb47d2868c4efbe3581732a3e7cbcc6c2efb32062c08170a05eeb8
u03-s001-v002,question,optionAnalysis[1].reason,34,62,f061b2e29f680f4a5823feb24d05f5ae6ad21d8a98360e496de14a438381e7d9
u03-s001-v002,question,optionAnalysis[2].choice,1,1,6b86b273ff34fce19d6b804eff5a3f5747ada4eaa22f1d49c01e52ddb7875b4b
u03-s001-v002,question,optionAnalysis[2].reason,12,34,2eb341b7ace9e16d99290bc3a44fe75a6f9392ea502a4acc8fc15ba27ae708f0
u03-s001-v002,question,optionAnalysis[3].choice,3,3,2e42a91d2375f9a3afce88f766b097488c5ab1f5926798f59892394b77abdd5c
u03-s001-v002,question,optionAnalysis[3].reason,16,26,c57b579d7706c2db086d709efbfcb0dd045ae16cb0ad7f8a6034ddbb23e4898f
u03-s001-v002,question,commonMistake,10,30,24e15081ce76ee7f5014ddec0e2141e011fbb41da710847f69fe9c22076fcc85
u03-s001-v002,question,concept,10,30,e13be1e876b6e7c9aa265514a532087a1eb3a558abde7811babcc9b24c5eb5f8
u03-s001-v002,question,tags[0],2,6,32f6541b44ed479dbf6cc8c7dd98824e49e03974d72ad8b65c33383a9cbb349f
u03-s001-v002,question,tags[1],8,24,c534a72fcc562b799c3bb54c4bc344502505b282bafe401282fa703665b0626c
u03-s001-v002,question,tags[2],5,5,fbb7b5bf4ca348eeeebf8cc3660712859a5a1fbf18e83217a57ce203fb51d5c2
u03-s001-v002,question,estimatedTimeSec,2,2,f369cb89fc627e668987007d121ed1eacdc01db9e28f8bb26f358b7d8c4f08ac
u03-s001-v002,question,authoringIntent,12,36,4f1c252a3835597ff13904be41c2f7303587dff2aa8b9d7e7aae6688081863d0
u03-s001-v002,question,reviewStatus,22,22,ec809598e2f7fcc69fad54c9cd045bba62b4a0dc7c0ff90d4efdc3788c9ad8fb
u03-s001-v002,question,contentSha256,64,64,b7961a0f180d2c1d13262a5a32c52a8cc5d3c51a83f13d5855f82534ab871e5a
u03-s001-v002,question,contentAuthority,25,25,ed40f75ffe3d6ad4e71f6e7919d063410490de360edb425965eccd605ca9d79e
u03-s001-v002,question,legacyContentDisposition,39,39,2efcc87c0c9673d2efe77735ae75582eb178c880b07035d8695f010e324b7c71
u03-s001-v003,question,questionId,13,13,13d1198ae67d0327c9c9144458fdee54e58cc8558051e3e6c1efad125448f107
u03-s001-v003,question,unitId,3,3,97ce842ec69dee17c1842918e63b9d4042fa4b35007146dcfb80a09c5000888a
u03-s001-v003,question,topicId,21,21,1f32a922c9323d4c5f771b01b463504a5b9e42a4e1697b8276a36409063e5bcc
u03-s001-v003,question,skillId,30,30,eab9451613a770af13f15402cb783408dd974895ff6c7c5c8b5f6f31ea384ad5
u03-s001-v003,question,difficulty,5,5,fbb7b5bf4ca348eeeebf8cc3660712859a5a1fbf18e83217a57ce203fb51d5c2
u03-s001-v003,question,type,2,2,6bc0f9c4ecb0acbebf1b9f6c816bdd66f4885f67c917d9e141cf893014fba936
u03-s001-v003,question,visualMode,9,9,9c7d54b0bf7a9369d8594201c7b11955514343809d09fbec33966c1fd9794015
u03-s001-v003,question,sourceScope,19,19,a4b669ddb8ef1883391c07a7b633f12eeaeecee7ec37c09eea4931aff6644346
u03-s001-v003,question,text,16,30,d95b75591c88cf4994af89e177e627af2666c4ab07ac855fc4e99201141eaa44
u03-s001-v003,question,choices[0],1,1,6b86b273ff34fce19d6b804eff5a3f5747ada4eaa22f1d49c01e52ddb7875b4b
u03-s001-v003,question,choices[1],3,3,06a89c05b4eae0f2acac44075fe7d5dcde1e2d1a23aeb7270b11556c42a39315
u03-s001-v003,question,choices[2],1,1,d4735e3a265e16eee03f59718b9b5d03019c07d8b6c51f90da3a666eec13ab35
u03-s001-v003,question,choices[3],1,1,4b227777d4dd1fc61c6f884f48641d02b4d121d3fd328cb08b5531fcacdabf8a
u03-s001-v003,question,explanation,31,60,5ea60b32c69a1d1096e76234b01896dacc8feb3beee4c2c825d9b4399f145cca
u03-s001-v003,question,steps[0],7,13,24e6826034ee7d4a9233f86fc68a35c446210b0c3b399cdd4b1115b790e8cdc0
u03-s001-v003,question,steps[1],7,8,12faef1fd98ff0ca15bcc456d5cd91b4e4a1949133fb86385d7a8cc942d48287
u03-s001-v003,question,steps[2],5,5,3fab3a2015fc95ca56fa26c546ee0ab81487d8ce9b519987f267da2b33622f59
u03-s001-v003,question,optionAnalysis[0].choice,1,1,6b86b273ff34fce19d6b804eff5a3f5747ada4eaa22f1d49c01e52ddb7875b4b
u03-s001-v003,question,optionAnalysis[0].reason,11,22,6e462d182636ce7b8eb6352fa95e47e2835bf04d4e717a0f9370e077f0254ea2
u03-s001-v003,question,optionAnalysis[1].choice,3,3,06a89c05b4eae0f2acac44075fe7d5dcde1e2d1a23aeb7270b11556c42a39315
u03-s001-v003,question,optionAnalysis[1].reason,14,32,9b894cda7dae199b9cb6ab473e29a3da1131ff6de271b501b7be23f716f19f9d
u03-s001-v003,question,optionAnalysis[2].choice,1,1,d4735e3a265e16eee03f59718b9b5d03019c07d8b6c51f90da3a666eec13ab35
u03-s001-v003,question,optionAnalysis[2].reason,27,50,e188b5d75bfb2970938a8c6380584870f633402d8fee23f2a983a7ab91384907
u03-s001-v003,question,optionAnalysis[3].choice,1,1,4b227777d4dd1fc61c6f884f48641d02b4d121d3fd328cb08b5531fcacdabf8a
u03-s001-v003,question,optionAnalysis[3].reason,10,20,a6b2271090f902769f054735af7ac3fb2a631872debaf5038085c00a1531a4af
u03-s001-v003,question,commonMistake,11,33,566bc9de18f20c1be1650de80d340706f85395a1e26e656aca274b8e0ffacb45
u03-s001-v003,question,concept,11,33,87120d114ae7cdb8514d145e275564826cc3a128d88c848a4a5711ab88fba184
u03-s001-v003,question,tags[0],2,6,32f6541b44ed479dbf6cc8c7dd98824e49e03974d72ad8b65c33383a9cbb349f
u03-s001-v003,question,tags[1],8,24,c534a72fcc562b799c3bb54c4bc344502505b282bafe401282fa703665b0626c
u03-s001-v003,question,tags[2],5,5,fbb7b5bf4ca348eeeebf8cc3660712859a5a1fbf18e83217a57ce203fb51d5c2
u03-s001-v003,question,estimatedTimeSec,2,2,f369cb89fc627e668987007d121ed1eacdc01db9e28f8bb26f358b7d8c4f08ac
u03-s001-v003,question,authoringIntent,10,30,651fa27f672886500af9845428cfb0de8adbbd9e39cd4d7218d1830b5361a22e
u03-s001-v003,question,reviewStatus,22,22,ec809598e2f7fcc69fad54c9cd045bba62b4a0dc7c0ff90d4efdc3788c9ad8fb
u03-s001-v003,question,contentSha256,64,64,624b1c278febc3384b5b05aa1ac61087940cc1e19ce463bd86a74fb8500f8f03
u03-s001-v003,question,contentAuthority,25,25,ed40f75ffe3d6ad4e71f6e7919d063410490de360edb425965eccd605ca9d79e
u03-s001-v003,question,legacyContentDisposition,39,39,2efcc87c0c9673d2efe77735ae75582eb178c880b07035d8695f010e324b7c71
u03-s001-v004,question,questionId,13,13,d8e89a689540843f0dcc5356429cf77fe649c0f96ab7f6efee4ac7a5ddfba794
u03-s001-v004,question,unitId,3,3,97ce842ec69dee17c1842918e63b9d4042fa4b35007146dcfb80a09c5000888a
u03-s001-v004,question,topicId,21,21,1f32a922c9323d4c5f771b01b463504a5b9e42a4e1697b8276a36409063e5bcc
u03-s001-v004,question,skillId,30,30,eab9451613a770af13f15402cb783408dd974895ff6c7c5c8b5f6f31ea384ad5
u03-s001-v004,question,difficulty,8,8,fe6d3468cf5c74d8ec2a95b40f2e05338c37a4202f8fad692d2b64a9cf9b468a
u03-s001-v004,question,type,2,2,6bc0f9c4ecb0acbebf1b9f6c816bdd66f4885f67c917d9e141cf893014fba936
u03-s001-v004,question,visualMode,9,9,9c7d54b0bf7a9369d8594201c7b11955514343809d09fbec33966c1fd9794015
u03-s001-v004,question,sourceScope,19,19,a4b669ddb8ef1883391c07a7b633f12eeaeecee7ec37c09eea4931aff6644346
u03-s001-v004,question,text,20,40,681ec27ea85d15037813f27725a209a8f3a0669baea84daa3b416d7490f73447
u03-s001-v004,question,choices[0],3,3,80843f62e074cdde6622f9e68f409d489c44e0ae3fc59493c90df79705611947
u03-s001-v004,question,choices[1],1,1,2c624232cdd221771294dfbb310aca000a0df6ac8b66b696d90ef06fdefb64a3
u03-s001-v004,question,choices[2],2,2,b17ef6d19c7a5b1ee83b907c595526dcb1eb06db8227d650d5dda0a9f4ce8cd9
u03-s001-v004,question,choices[3],1,1,4b227777d4dd1fc61c6f884f48641d02b4d121d3fd328cb08b5531fcacdabf8a
u03-s001-v004,question,explanation,36,80,25aea9267a28de7a6464dd210eaa5e5f38e390e5a3d145c3214ebdd639bacac4
u03-s001-v004,question,steps[0],7,17,82bd7ae84df7d405aa1bf6b743809cb6e1e20e4c619051971912c1823fee30b5
u03-s001-v004,question,steps[1],13,19,c9a31ffd4e9adab5e0bbbf531123ae64654720877e93aca432ec77dc47d0b945
u03-s001-v004,question,steps[2],4,10,cec1962c438e5a57dd92e7e003c879a369f40cf402f81be7261648e00d88f2ac
u03-s001-v004,question,optionAnalysis[0].choice,3,3,80843f62e074cdde6622f9e68f409d489c44e0ae3fc59493c90df79705611947
u03-s001-v004,question,optionAnalysis[0].reason,9,27,2f5f6b47e3dea1aa60d0c4a155e21b24d37d548ac8e1afe64052a0503510a901
u03-s001-v004,question,optionAnalysis[1].choice,1,1,2c624232cdd221771294dfbb310aca000a0df6ac8b66b696d90ef06fdefb64a3
u03-s001-v004,question,optionAnalysis[1].reason,11,20,4ea4669bd512d211cf3521d88a2c122247ea66d7499993a1553d266b6f36c5b1
u03-s001-v004,question,optionAnalysis[2].choice,2,2,b17ef6d19c7a5b1ee83b907c595526dcb1eb06db8227d650d5dda0a9f4ce8cd9
u03-s001-v004,question,optionAnalysis[2].reason,14,32,79daee27ea53a8d6a8d95060514fa915a187c75a567e684f7a665a752d7ecc21
u03-s001-v004,question,optionAnalysis[3].choice,1,1,4b227777d4dd1fc61c6f884f48641d02b4d121d3fd328cb08b5531fcacdabf8a
u03-s001-v004,question,optionAnalysis[3].reason,30,52,31b11fa8e8ea8a235f30113245da7c9df81233d587c019c3a4752c84cc36f086
u03-s001-v004,question,commonMistake,12,36,0101b8274e6fb125a7bead045aee0e9f739100ec8de9f526cb93d4ae26008d76
u03-s001-v004,question,concept,11,33,ac806dc47c231f812ac2928309a08fd4239c48984d8420fe8bad176fab42b794
u03-s001-v004,question,tags[0],2,6,32f6541b44ed479dbf6cc8c7dd98824e49e03974d72ad8b65c33383a9cbb349f
u03-s001-v004,question,tags[1],8,24,c534a72fcc562b799c3bb54c4bc344502505b282bafe401282fa703665b0626c
u03-s001-v004,question,tags[2],8,8,fe6d3468cf5c74d8ec2a95b40f2e05338c37a4202f8fad692d2b64a9cf9b468a
u03-s001-v004,question,estimatedTimeSec,2,2,f369cb89fc627e668987007d121ed1eacdc01db9e28f8bb26f358b7d8c4f08ac
u03-s001-v004,question,authoringIntent,10,30,e5017523b9c5117aee972923be95da5aafa060616886b2bf31eba2a281463bf4
u03-s001-v004,question,reviewStatus,22,22,ec809598e2f7fcc69fad54c9cd045bba62b4a0dc7c0ff90d4efdc3788c9ad8fb
u03-s001-v004,question,contentSha256,64,64,0e66dc099b45716d95366117fed9c4bb1c6b106aa8ef7e1afc3c7b36ef59d466
u03-s001-v004,question,contentAuthority,25,25,ed40f75ffe3d6ad4e71f6e7919d063410490de360edb425965eccd605ca9d79e
u03-s001-v004,question,legacyContentDisposition,39,39,2efcc87c0c9673d2efe77735ae75582eb178c880b07035d8695f010e324b7c71
u03-s001-v005,question,questionId,13,13,cd15030d8cf54256b38c994b6816c35c6ffd2f4194bd32e481d1f59cd77e84e6
u03-s001-v005,question,unitId,3,3,97ce842ec69dee17c1842918e63b9d4042fa4b35007146dcfb80a09c5000888a
u03-s001-v005,question,topicId,21,21,1f32a922c9323d4c5f771b01b463504a5b9e42a4e1697b8276a36409063e5bcc
u03-s001-v005,question,skillId,30,30,eab9451613a770af13f15402cb783408dd974895ff6c7c5c8b5f6f31ea384ad5
u03-s001-v005,question,difficulty,8,8,fe6d3468cf5c74d8ec2a95b40f2e05338c37a4202f8fad692d2b64a9cf9b468a
u03-s001-v005,question,type,2,2,6bc0f9c4ecb0acbebf1b9f6c816bdd66f4885f67c917d9e141cf893014fba936
u03-s001-v005,question,visualMode,9,9,9c7d54b0bf7a9369d8594201c7b11955514343809d09fbec33966c1fd9794015
u03-s001-v005,question,sourceScope,19,19,a4b669ddb8ef1883391c07a7b633f12eeaeecee7ec37c09eea4931aff6644346
u03-s001-v005,question,text,21,45,ed0a635e03167bf3176dc5f867f8eac250e552e26cce58959f0cbcb1216e93e3
u03-s001-v005,question,choices[0],3,3,dabc4b1c58574fe898c4c218a0856669d55f817ee7df27b63c534892fd1fb5d9
u03-s001-v005,question,choices[1],2,2,8527a891e224136950ff32ca212b45bc93f69fbb801c3b1ebedac52775f99e61
u03-s001-v005,question,choices[2],2,2,4a44dc15364204a80fe80e9039455cc1608281820fe2b24f1e5233ade6af1dd5
u03-s001-v005,question,choices[3],2,2,b17ef6d19c7a5b1ee83b907c595526dcb1eb06db8227d650d5dda0a9f4ce8cd9
u03-s001-v005,question,explanation,42,84,91a4f227671dbe14de96f33f8c9e43ca7d046de9b71e20b5b715e27b52473a59
u03-s001-v005,question,steps[0],16,27,13fe88f77540e21e5cc9f10cb7226020ce2d73f9b5cf0d0fa37639ac81123cda
u03-s001-v005,question,steps[1],9,14,f8ddb55d02f8fb5980f62633b46349d3f6261c2bec3898fed7b937f2b67a7620
u03-s001-v005,question,steps[2],4,8,0611c173f4d688224db4cdcf17d8ce7f5ec446aebb18de5f544ab0857843b0c4
u03-s001-v005,question,optionAnalysis[0].choice,3,3,dabc4b1c58574fe898c4c218a0856669d55f817ee7df27b63c534892fd1fb5d9
u03-s001-v005,question,optionAnalysis[0].reason,14,42,a0b674903920fbaf087724942fc6f6cf2b76fc2231760ede90781e8d15f29866
u03-s001-v005,question,optionAnalysis[1].choice,2,2,8527a891e224136950ff32ca212b45bc93f69fbb801c3b1ebedac52775f99e61
u03-s001-v005,question,optionAnalysis[1].reason,31,63,8efeaf351cbd05e2612cf5c1de0df179916ffc13752dbc86e6d29a0647abb962
u03-s001-v005,question,optionAnalysis[2].choice,2,2,4a44dc15364204a80fe80e9039455cc1608281820fe2b24f1e5233ade6af1dd5
u03-s001-v005,question,optionAnalysis[2].reason,9,23,dfca6a4f2564485ea4e31aed172e78d1e44e29f286b12471230fb8dd26b80596
u03-s001-v005,question,optionAnalysis[3].choice,2,2,b17ef6d19c7a5b1ee83b907c595526dcb1eb06db8227d650d5dda0a9f4ce8cd9
u03-s001-v005,question,optionAnalysis[3].reason,16,44,244a67cb94534b650023929551c3256f511ded1aa1b5b1b2a3f6836ee6929323
u03-s001-v005,question,commonMistake,10,30,dc1d0f899ad0d2ac6861344a38517591f2b4650afa88576daa34fb882389b05d
u03-s001-v005,question,concept,11,33,f44abf6dbb0bf61a0a12076633e036b96605582db1b32c0092dca325da720f4f
u03-s001-v005,question,tags[0],2,6,32f6541b44ed479dbf6cc8c7dd98824e49e03974d72ad8b65c33383a9cbb349f
u03-s001-v005,question,tags[1],8,24,c534a72fcc562b799c3bb54c4bc344502505b282bafe401282fa703665b0626c
u03-s001-v005,question,tags[2],8,8,fe6d3468cf5c74d8ec2a95b40f2e05338c37a4202f8fad692d2b64a9cf9b468a
u03-s001-v005,question,estimatedTimeSec,2,2,f369cb89fc627e668987007d121ed1eacdc01db9e28f8bb26f358b7d8c4f08ac
u03-s001-v005,question,authoringIntent,13,39,7b64bd3b30ca81cbbd6f8cae20308e54ef1767d966b5b651042e671437b77d78
u03-s001-v005,question,reviewStatus,22,22,ec809598e2f7fcc69fad54c9cd045bba62b4a0dc7c0ff90d4efdc3788c9ad8fb
u03-s001-v005,question,contentSha256,64,64,a25d7586c2f84f77ad3676af61f8eefdf0c1b2ba5becc42034cec6da041c1015
u03-s001-v005,question,contentAuthority,25,25,ed40f75ffe3d6ad4e71f6e7919d063410490de360edb425965eccd605ca9d79e
u03-s001-v005,question,legacyContentDisposition,39,39,2efcc87c0c9673d2efe77735ae75582eb178c880b07035d8695f010e324b7c71
u03-s001-v006,question,questionId,13,13,6614e840e8b2dd3d6978a3b4c00a61d4fa7a198c5738212163affd5862f30dd3
u03-s001-v006,question,unitId,3,3,97ce842ec69dee17c1842918e63b9d4042fa4b35007146dcfb80a09c5000888a
u03-s001-v006,question,topicId,21,21,1f32a922c9323d4c5f771b01b463504a5b9e42a4e1697b8276a36409063e5bcc
u03-s001-v006,question,skillId,30,30,eab9451613a770af13f15402cb783408dd974895ff6c7c5c8b5f6f31ea384ad5
u03-s001-v006,question,difficulty,8,8,fe6d3468cf5c74d8ec2a95b40f2e05338c37a4202f8fad692d2b64a9cf9b468a
u03-s001-v006,question,type,2,2,6bc0f9c4ecb0acbebf1b9f6c816bdd66f4885f67c917d9e141cf893014fba936
u03-s001-v006,question,visualMode,9,9,9c7d54b0bf7a9369d8594201c7b11955514343809d09fbec33966c1fd9794015
u03-s001-v006,question,sourceScope,19,19,a4b669ddb8ef1883391c07a7b633f12eeaeecee7ec37c09eea4931aff6644346
u03-s001-v006,question,text,38,90,800eae29f2cc30f2928dc734cee3351ea9fa3461a9a98b4cd5a3b31e1dcf7ad6
u03-s001-v006,question,choices[0],2,2,e629fa6598d732768f7c726b4b621285f9c3b85303900aa912017db7617d8bdb
u03-s001-v006,question,choices[1],2,2,5f9c4ab08cac7457e9111a30e4664920607ea2c115a1433d7be98e97e64244ca
u03-s001-v006,question,choices[2],2,2,624b60c58c9d8bfb6ff1886c2fd605d2adeb6ea4da576068201b6c6958ce93f4
u03-s001-v006,question,choices[3],2,2,e29c9c180c6279b0b02abd6a1801c7c04082cf486ec027aa13515e4f3884bb6b
u03-s001-v006,question,explanation,44,101,8e2812940d2ecc46a080a03026aacf4425ee186e04bddeaa4c1cee2823f9bf9e
u03-s001-v006,question,steps[0],8,20,f974ae64a78236132f2827e75a79ec1d6dd1e34d43c61c915e3dc8ede9a72ae5
u03-s001-v006,question,steps[1],7,19,77cd01ed52725c8f05ad0cea8674514cf653052254555de53567543c30576c45
u03-s001-v006,question,steps[2],16,27,c1d943a9088ef5d0bedfc8ae00cb9d9a9af526d7b08edb62c923222f74ef86e2
u03-s001-v006,question,optionAnalysis[0].choice,2,2,e629fa6598d732768f7c726b4b621285f9c3b85303900aa912017db7617d8bdb
u03-s001-v006,question,optionAnalysis[0].reason,12,36,a6f866671acf9acae08e766b80b0f7dd36e87d04893148203796ad01a100f90e
u03-s001-v006,question,optionAnalysis[1].choice,2,2,5f9c4ab08cac7457e9111a30e4664920607ea2c115a1433d7be98e97e64244ca
u03-s001-v006,question,optionAnalysis[1].reason,13,35,c0d6f241b1951534dbf0bbd7c4a5f0e78bca6c6364cfc4e8c3bbf0bdd7aca0cc
u03-s001-v006,question,optionAnalysis[2].choice,2,2,624b60c58c9d8bfb6ff1886c2fd605d2adeb6ea4da576068201b6c6958ce93f4
u03-s001-v006,question,optionAnalysis[2].reason,35,71,121cb9b64c5ae3180edd89baaac48f4db7f14ca19798efbd7fbab9df7ea2075a
u03-s001-v006,question,optionAnalysis[3].choice,2,2,e29c9c180c6279b0b02abd6a1801c7c04082cf486ec027aa13515e4f3884bb6b
u03-s001-v006,question,optionAnalysis[3].reason,10,22,67b1e3ab43bb88032c5ce745f8f3608f3456c69b59b178ba1f48e32811c01867
u03-s001-v006,question,commonMistake,13,37,22777e6b6e85fa87eaecf5780d43f728831e0018d52b43dffff835f56f1949f2
u03-s001-v006,question,concept,13,39,6893ff6016efe0e560d35dab8eec8843491d5d14f3a880a7eee667880e2090ec
u03-s001-v006,question,tags[0],2,6,32f6541b44ed479dbf6cc8c7dd98824e49e03974d72ad8b65c33383a9cbb349f
u03-s001-v006,question,tags[1],8,24,c534a72fcc562b799c3bb54c4bc344502505b282bafe401282fa703665b0626c
u03-s001-v006,question,tags[2],8,8,fe6d3468cf5c74d8ec2a95b40f2e05338c37a4202f8fad692d2b64a9cf9b468a
u03-s001-v006,question,estimatedTimeSec,2,2,f369cb89fc627e668987007d121ed1eacdc01db9e28f8bb26f358b7d8c4f08ac
u03-s001-v006,question,authoringIntent,17,51,38fae8bb9544912af0a5f25292986c82c002038e70474a3ee804f17b553c2089
u03-s001-v006,question,reviewStatus,22,22,ec809598e2f7fcc69fad54c9cd045bba62b4a0dc7c0ff90d4efdc3788c9ad8fb
u03-s001-v006,question,contentSha256,64,64,7c2df88bacae0e9d1a62dec7434e5ff87f66cc962f3afbc3a444781e016f930f
u03-s001-v006,question,contentAuthority,25,25,ed40f75ffe3d6ad4e71f6e7919d063410490de360edb425965eccd605ca9d79e
u03-s001-v006,question,legacyContentDisposition,39,39,2efcc87c0c9673d2efe77735ae75582eb178c880b07035d8695f010e324b7c71
u03-s001-v007,question,questionId,13,13,6bdf2f55fc31a4318237d0631ae63ef0075da6f2aea7b6639b5da8a72be5cf9e
u03-s001-v007,question,unitId,3,3,97ce842ec69dee17c1842918e63b9d4042fa4b35007146dcfb80a09c5000888a
u03-s001-v007,question,topicId,21,21,1f32a922c9323d4c5f771b01b463504a5b9e42a4e1697b8276a36409063e5bcc
u03-s001-v007,question,skillId,30,30,eab9451613a770af13f15402cb783408dd974895ff6c7c5c8b5f6f31ea384ad5
u03-s001-v007,question,difficulty,8,8,d21f85ea38166303ce58e06134b5cc4a5c900c409ab2a500ff7c9225109a09bb
u03-s001-v007,question,type,2,2,6bc0f9c4ecb0acbebf1b9f6c816bdd66f4885f67c917d9e141cf893014fba936
u03-s001-v007,question,visualMode,9,9,9c7d54b0bf7a9369d8594201c7b11955514343809d09fbec33966c1fd9794015
u03-s001-v007,question,sourceScope,19,19,a4b669ddb8ef1883391c07a7b633f12eeaeecee7ec37c09eea4931aff6644346
u03-s001-v007,question,text,22,40,37077d9f47d3ee0062b21203625b017b0ad421701a77ec23bf1bc5d46ed2741e
u03-s001-v007,question,choices[0],2,2,37aa1ccf80e481832b2db282d4d4f895ee1e31219b7d0f6aee8dc8968828341b
u03-s001-v007,question,choices[1],1,1,4e07408562bedb8b60ce05c1decfe3ad16b72230967de01f640b7e4729b49fce
u03-s001-v007,question,choices[2],2,2,4fc82b26aecb47d2868c4efbe3581732a3e7cbcc6c2efb32062c08170a05eeb8
u03-s001-v007,question,choices[3],1,1,ef2d127de37b942baad06145e54b0c619a1f22327b2ebbcfbec78f5564afe39d
u03-s001-v007,question,explanation,49,83,05a0a3567a6cf7908fc417137613647626faf96c486bf1293dfb5df60e92ea80
u03-s001-v007,question,steps[0],14,18,7c644b64cce6f14fc71a4d14aaa9d0ed364a20f6d722e741fa8670889cf118b7
u03-s001-v007,question,steps[1],15,23,e562cda178a7d2d4d631bcaee13da71029b517850d0f0ba0b019794c12924fd5
u03-s001-v007,question,steps[2],8,8,d819942eac55e91ba9621d21c7702d7f977ab39ba876c1e08cf17f0e25de1543
u03-s001-v007,question,optionAnalysis[0].choice,2,2,37aa1ccf80e481832b2db282d4d4f895ee1e31219b7d0f6aee8dc8968828341b
u03-s001-v007,question,optionAnalysis[0].reason,15,29,d5ece4d163b5cd5952b688c25c7d899920a0b614f5489fe6d53d7f639e34e844
u03-s001-v007,question,optionAnalysis[1].choice,1,1,4e07408562bedb8b60ce05c1decfe3ad16b72230967de01f640b7e4729b49fce
u03-s001-v007,question,optionAnalysis[1].reason,9,23,eedb8b36f5d7029831580232a8a7743f9c55dc6db38000b12e0fd7f90868b3af
u03-s001-v007,question,optionAnalysis[2].choice,2,2,4fc82b26aecb47d2868c4efbe3581732a3e7cbcc6c2efb32062c08170a05eeb8
u03-s001-v007,question,optionAnalysis[2].reason,16,32,7804da523d559ec21ed0abc6678fc289823154bf9a5d79acf6c5ae24e4cabbe0
u03-s001-v007,question,optionAnalysis[3].choice,1,1,ef2d127de37b942baad06145e54b0c619a1f22327b2ebbcfbec78f5564afe39d
u03-s001-v007,question,optionAnalysis[3].reason,57,99,9bd79a4d13665aa80f55cfef6f13d2c9ed7fa6d4193b27ae389501c0eb7c7b10
u03-s001-v007,question,commonMistake,11,33,0c1e297901500ce1ea3fe963e7dbfb5dc9042698972491f97425e27e3c900c79
u03-s001-v007,question,concept,9,27,080e04bff3f7a6e12c3c68ce4c0dce3d31c2496e9aba4750a4c82b69135c9782
u03-s001-v007,question,tags[0],2,6,32f6541b44ed479dbf6cc8c7dd98824e49e03974d72ad8b65c33383a9cbb349f
u03-s001-v007,question,tags[1],8,24,c534a72fcc562b799c3bb54c4bc344502505b282bafe401282fa703665b0626c
u03-s001-v007,question,tags[2],8,8,d21f85ea38166303ce58e06134b5cc4a5c900c409ab2a500ff7c9225109a09bb
u03-s001-v007,question,estimatedTimeSec,2,2,f369cb89fc627e668987007d121ed1eacdc01db9e28f8bb26f358b7d8c4f08ac
u03-s001-v007,question,authoringIntent,12,36,935bcb43a121cf5104880265464e154111d26894ebe9e624cda10c769cbf4b97
u03-s001-v007,question,reviewStatus,22,22,ec809598e2f7fcc69fad54c9cd045bba62b4a0dc7c0ff90d4efdc3788c9ad8fb
u03-s001-v007,question,contentSha256,64,64,fe4fc942ddaaaa63e2845a2e61bb0e79d475e921dd89ece229f9ed501b77bed5
u03-s001-v007,question,contentAuthority,25,25,ed40f75ffe3d6ad4e71f6e7919d063410490de360edb425965eccd605ca9d79e
u03-s001-v007,question,legacyContentDisposition,39,39,2efcc87c0c9673d2efe77735ae75582eb178c880b07035d8695f010e324b7c71
u03-s001-v008,question,questionId,13,13,29da0b6bce2f3d0a901d157daae2d0ea19f2c72a401be34e1ae58431cdf1e2bf
u03-s001-v008,question,unitId,3,3,97ce842ec69dee17c1842918e63b9d4042fa4b35007146dcfb80a09c5000888a
u03-s001-v008,question,topicId,21,21,1f32a922c9323d4c5f771b01b463504a5b9e42a4e1697b8276a36409063e5bcc
u03-s001-v008,question,skillId,30,30,eab9451613a770af13f15402cb783408dd974895ff6c7c5c8b5f6f31ea384ad5
u03-s001-v008,question,difficulty,8,8,d21f85ea38166303ce58e06134b5cc4a5c900c409ab2a500ff7c9225109a09bb
u03-s001-v008,question,type,2,2,6bc0f9c4ecb0acbebf1b9f6c816bdd66f4885f67c917d9e141cf893014fba936
u03-s001-v008,question,visualMode,9,9,9c7d54b0bf7a9369d8594201c7b11955514343809d09fbec33966c1fd9794015
u03-s001-v008,question,sourceScope,19,19,a4b669ddb8ef1883391c07a7b633f12eeaeecee7ec37c09eea4931aff6644346
u03-s001-v008,question,text,23,45,1311a43320f112ec7f5aa7e6a9f87967ffd34d8a05a24a1592eeb69ee1b0720a
u03-s001-v008,question,choices[0],1,1,5feceb66ffc86f38d952786c6d696c79c2dbc239dd4e91b46729d73a27fb57e9
u03-s001-v008,question,choices[1],2,2,e5e0093f285a4fb94c3fcc2ad7fd04edd10d429ccda87a9aa5e4718efadf182e
u03-s001-v008,question,choices[2],1,1,d4735e3a265e16eee03f59718b9b5d03019c07d8b6c51f90da3a666eec13ab35
u03-s001-v008,question,choices[3],1,1,4b227777d4dd1fc61c6f884f48641d02b4d121d3fd328cb08b5531fcacdabf8a
u03-s001-v008,question,explanation,39,72,7e86fd42ca5cb67951a7ce15c7051663162fbd44dca8de59d9c4c7ec5eb9d4e8
u03-s001-v008,question,steps[0],11,17,7b4229d8ccffb234defffe4bcfb0246798e0672ac2c50f45e9dd03183aca16fd
u03-s001-v008,question,steps[1],6,10,b30eb9c2d0a20946e9be6e857d906d5b5228756a02eedd76fa7a7e9c6d07625b
u03-s001-v008,question,steps[2],10,11,a8d9ba045ca98a600793fd44a7fee00ee1699286818f16048b1f7c962ffa9ad9
u03-s001-v008,question,optionAnalysis[0].choice,1,1,5feceb66ffc86f38d952786c6d696c79c2dbc239dd4e91b46729d73a27fb57e9
u03-s001-v008,question,optionAnalysis[0].reason,44,78,0175ee2750b56e972185c0c1decc3957c25458ea0824d0e220366c11311447dd
u03-s001-v008,question,optionAnalysis[1].choice,2,2,e5e0093f285a4fb94c3fcc2ad7fd04edd10d429ccda87a9aa5e4718efadf182e
u03-s001-v008,question,optionAnalysis[1].reason,8,18,1aea9f0599a91c31720b41d995d4ea98df47b32ac2a2bae77e9bc8af47adf45f
u03-s001-v008,question,optionAnalysis[2].choice,1,1,d4735e3a265e16eee03f59718b9b5d03019c07d8b6c51f90da3a666eec13ab35
u03-s001-v008,question,optionAnalysis[2].reason,9,21,ab71a7bc73652009cc0149a12a116276ae4322a50be93280695dc5e5b9a3338d
u03-s001-v008,question,optionAnalysis[3].choice,1,1,4b227777d4dd1fc61c6f884f48641d02b4d121d3fd328cb08b5531fcacdabf8a
u03-s001-v008,question,optionAnalysis[3].reason,10,18,6e42a2c071b6fd01c2aa574a9075fc51cb40e3a68f35f0d559e46cefe88fcab5
u03-s001-v008,question,commonMistake,11,31,63bd57b4c2bd0bdca55901a58ec2d466f0535d8bfb4ffa1c96451e6210e326a0
u03-s001-v008,question,concept,12,36,ef254d4b08fd117c1124594a6ffd3e6c65e1ed4178c73c17e0cb1f82494baf25
u03-s001-v008,question,tags[0],2,6,32f6541b44ed479dbf6cc8c7dd98824e49e03974d72ad8b65c33383a9cbb349f
u03-s001-v008,question,tags[1],8,24,c534a72fcc562b799c3bb54c4bc344502505b282bafe401282fa703665b0626c
u03-s001-v008,question,tags[2],8,8,d21f85ea38166303ce58e06134b5cc4a5c900c409ab2a500ff7c9225109a09bb
u03-s001-v008,question,estimatedTimeSec,2,2,f369cb89fc627e668987007d121ed1eacdc01db9e28f8bb26f358b7d8c4f08ac
u03-s001-v008,question,authoringIntent,15,45,9ef318c2d237202e0856c9a57c11991c639a728b7009a7bf58e6fff0251436e7
u03-s001-v008,question,reviewStatus,22,22,ec809598e2f7fcc69fad54c9cd045bba62b4a0dc7c0ff90d4efdc3788c9ad8fb
u03-s001-v008,question,contentSha256,64,64,c48a336c5055ff53a6df48e3d773261a6f0a773b07e07b301874a7715f76044a
u03-s001-v008,question,contentAuthority,25,25,ed40f75ffe3d6ad4e71f6e7919d063410490de360edb425965eccd605ca9d79e
u03-s001-v008,question,legacyContentDisposition,39,39,2efcc87c0c9673d2efe77735ae75582eb178c880b07035d8695f010e324b7c71
u03-s001-v009,question,questionId,13,13,540744b23b036e0ee83fb5660e3dc0b644853dec5743d003a9a61f87d7ba81e3
u03-s001-v009,question,unitId,3,3,97ce842ec69dee17c1842918e63b9d4042fa4b35007146dcfb80a09c5000888a
u03-s001-v009,question,topicId,21,21,1f32a922c9323d4c5f771b01b463504a5b9e42a4e1697b8276a36409063e5bcc
u03-s001-v009,question,skillId,30,30,eab9451613a770af13f15402cb783408dd974895ff6c7c5c8b5f6f31ea384ad5
u03-s001-v009,question,difficulty,8,8,d21f85ea38166303ce58e06134b5cc4a5c900c409ab2a500ff7c9225109a09bb
u03-s001-v009,question,type,2,2,6bc0f9c4ecb0acbebf1b9f6c816bdd66f4885f67c917d9e141cf893014fba936
u03-s001-v009,question,visualMode,9,9,9c7d54b0bf7a9369d8594201c7b11955514343809d09fbec33966c1fd9794015
u03-s001-v009,question,sourceScope,19,19,a4b669ddb8ef1883391c07a7b633f12eeaeecee7ec37c09eea4931aff6644346
u03-s001-v009,question,text,20,34,122cf6d1c1c8bc770a7c0582ff3cbe0124689140d4d3c435d48b25ea132eef09
u03-s001-v009,question,choices[0],3,3,6d27ca189b30af4f85eab024881ab00a37ef4bab14248c18349e900f40510397
u03-s001-v009,question,choices[1],1,1,4e07408562bedb8b60ce05c1decfe3ad16b72230967de01f640b7e4729b49fce
u03-s001-v009,question,choices[2],3,3,8eb625d3c0595535af2fa65cf5d8ae6d1d8ac4d43c08d2db3350778a3e4ca47e
u03-s001-v009,question,choices[3],4,4,2a873d587af23c030e609fa2b3fa0db5a4c2fb433222b497b0d0e0819da2d3a6
u03-s001-v009,question,explanation,41,71,b221e283408059f80428f0621fa308f3e9d42ed124b2ded45e513c02d19d4a9d
u03-s001-v009,question,steps[0],6,10,33666d8ee59892d6117d27e47ee3dc3bb4b5234b869cb82da8a3e98f2cba8af1
u03-s001-v009,question,steps[1],12,16,0386d682f6186f0dc41cd244353deffd586bbabbdf3951460ad591bc2ee5099d
u03-s001-v009,question,steps[2],9,9,0ca939ed171ece933d0aa5a533cfda247e0725535e62b2642bc71a3b6a537314
u03-s001-v009,question,optionAnalysis[0].choice,3,3,6d27ca189b30af4f85eab024881ab00a37ef4bab14248c18349e900f40510397
u03-s001-v009,question,optionAnalysis[0].reason,9,27,07fe0c02420e543dd2b925c7a438563ac142601741b78c825a69427b270e09f0
u03-s001-v009,question,optionAnalysis[1].choice,1,1,4e07408562bedb8b60ce05c1decfe3ad16b72230967de01f640b7e4729b49fce
u03-s001-v009,question,optionAnalysis[1].reason,11,21,a7263e420e40399676a569fe7dbc943bdd2aaf2d0441321c2bde37adca3c3c15
u03-s001-v009,question,optionAnalysis[2].choice,3,3,8eb625d3c0595535af2fa65cf5d8ae6d1d8ac4d43c08d2db3350778a3e4ca47e
u03-s001-v009,question,optionAnalysis[2].reason,51,85,e4d2a10480a6fa28e3efe290681cfbe600003e94d0e6e60d043b578032797556
u03-s001-v009,question,optionAnalysis[3].choice,4,4,2a873d587af23c030e609fa2b3fa0db5a4c2fb433222b497b0d0e0819da2d3a6
u03-s001-v009,question,optionAnalysis[3].reason,14,30,010bd8f9dd44889eba11ad08214087e06e76a66314a2bb3933182ed82c25825a
u03-s001-v009,question,commonMistake,12,36,ec19ff857654e23f20e4ae6d9394e99d87454b6f524c0628f456e8ec6a6526d4
u03-s001-v009,question,concept,10,30,4242b4fbe67c9c3942a4141014ad539ea33a85d80eddb5b554ecb842c1695107
u03-s001-v009,question,tags[0],2,6,32f6541b44ed479dbf6cc8c7dd98824e49e03974d72ad8b65c33383a9cbb349f
u03-s001-v009,question,tags[1],8,24,c534a72fcc562b799c3bb54c4bc344502505b282bafe401282fa703665b0626c
u03-s001-v009,question,tags[2],8,8,d21f85ea38166303ce58e06134b5cc4a5c900c409ab2a500ff7c9225109a09bb
u03-s001-v009,question,estimatedTimeSec,2,2,f369cb89fc627e668987007d121ed1eacdc01db9e28f8bb26f358b7d8c4f08ac
u03-s001-v009,question,authoringIntent,13,39,c55ec5e6b5f8413c731aa58d4cb00c80fd2c36e0f449d74a59d259625cff36a3
u03-s001-v009,question,reviewStatus,22,22,ec809598e2f7fcc69fad54c9cd045bba62b4a0dc7c0ff90d4efdc3788c9ad8fb
u03-s001-v009,question,contentSha256,64,64,33886577c3ea088282a7d38480355f045d2e5bbaaf3025e11988a6b9247d3987
u03-s001-v009,question,contentAuthority,25,25,ed40f75ffe3d6ad4e71f6e7919d063410490de360edb425965eccd605ca9d79e
u03-s001-v009,question,legacyContentDisposition,39,39,2efcc87c0c9673d2efe77735ae75582eb178c880b07035d8695f010e324b7c71
u03-s001-v010,question,questionId,13,13,32b79b95f13702f04b41c1e01f7969e7840b5a472c904bf78615853bfae6a65e
u03-s001-v010,question,unitId,3,3,97ce842ec69dee17c1842918e63b9d4042fa4b35007146dcfb80a09c5000888a
u03-s001-v010,question,topicId,21,21,1f32a922c9323d4c5f771b01b463504a5b9e42a4e1697b8276a36409063e5bcc
u03-s001-v010,question,skillId,30,30,eab9451613a770af13f15402cb783408dd974895ff6c7c5c8b5f6f31ea384ad5
u03-s001-v010,question,difficulty,8,8,578756ca4aa16d8872610a5aaa78460fd30fbe93379ff7284fe65d66ca606755
u03-s001-v010,question,type,2,2,6bc0f9c4ecb0acbebf1b9f6c816bdd66f4885f67c917d9e141cf893014fba936
u03-s001-v010,question,visualMode,9,9,9c7d54b0bf7a9369d8594201c7b11955514343809d09fbec33966c1fd9794015
u03-s001-v010,question,sourceScope,19,19,a4b669ddb8ef1883391c07a7b633f12eeaeecee7ec37c09eea4931aff6644346
u03-s001-v010,question,text,61,137,8cd75143a3ef70bd49b8a557d443c6538d1bbba9593cc42d8768ae634effb9c3
u03-s001-v010,question,choices[0],3,3,0f8ef3377b30fc47f96b48247f463a726a802f62f3faa03d56403751d2f66c67
u03-s001-v010,question,choices[1],3,3,be47addbcb8f60566a3d7fd5a36f8195798e2848b368195d9a5d20e007c59a0c
u03-s001-v010,question,choices[2],3,3,9ae2bdd7beedc2e766c6b76585530e16925115707dc7a06ab5ee4aa2776b2c7b
u03-s001-v010,question,choices[3],3,3,dbae772db29058a88f9bd830e957c695347c41b6162a7eb9a9ea13def34be56b
u03-s001-v010,question,explanation,44,88,e8fd9120abe344880ee9a04d0efc2ff720d817bd1ff2c237db9e373b2421f264
u03-s001-v010,question,steps[0],6,12,9fb4e8c35a8762abf47117337208b65424a3e130f076714cad8b2f5ebe361b8e
u03-s001-v010,question,steps[1],14,28,94c096dc0f9d91a6eba34918558eb34c002b0cdc46584280a118754eccd3b4b0
u03-s001-v010,question,steps[2],10,12,d801c0cef01c10276441f4519e2c4968ecd6700ec0a19719894cc7e3783b2f39
u03-s001-v010,question,optionAnalysis[0].choice,3,3,0f8ef3377b30fc47f96b48247f463a726a802f62f3faa03d56403751d2f66c67
u03-s001-v010,question,optionAnalysis[0].reason,11,31,c71766c6465be5925f73c32217c14c7715750460b5423159283229e5d4af1295
u03-s001-v010,question,optionAnalysis[1].choice,3,3,be47addbcb8f60566a3d7fd5a36f8195798e2848b368195d9a5d20e007c59a0c
u03-s001-v010,question,optionAnalysis[1].reason,18,41,be60a8111e9ec8384dc93128d25cd5bdf964e3d10c640c4fb314acb6b1cbe7e9
u03-s001-v010,question,optionAnalysis[2].choice,3,3,9ae2bdd7beedc2e766c6b76585530e16925115707dc7a06ab5ee4aa2776b2c7b
u03-s001-v010,question,optionAnalysis[2].reason,12,28,523a73261feaf727daafc27a440c0a04ed92b2492cfb5628dbc7ad0bd9fa622e
u03-s001-v010,question,optionAnalysis[3].choice,3,3,dbae772db29058a88f9bd830e957c695347c41b6162a7eb9a9ea13def34be56b
u03-s001-v010,question,optionAnalysis[3].reason,43,94,01dbcd4235e72b0fe494b0a5a865f93002d6b0eb50046298ed6a9f3f9f553485
u03-s001-v010,question,commonMistake,15,45,29f06959f4b5165fd5574676dd7a5207786b2ab95736a10b9f67be064ced9c13
u03-s001-v010,question,concept,15,45,29fb716a774bf8dd2051939653ca47dbe623864b3e4bd0fead143904c0bb1e01
u03-s001-v010,question,tags[0],2,6,32f6541b44ed479dbf6cc8c7dd98824e49e03974d72ad8b65c33383a9cbb349f
u03-s001-v010,question,tags[1],8,24,c534a72fcc562b799c3bb54c4bc344502505b282bafe401282fa703665b0626c
u03-s001-v010,question,tags[2],8,8,578756ca4aa16d8872610a5aaa78460fd30fbe93379ff7284fe65d66ca606755
u03-s001-v010,question,estimatedTimeSec,2,2,f369cb89fc627e668987007d121ed1eacdc01db9e28f8bb26f358b7d8c4f08ac
u03-s001-v010,question,authoringIntent,11,33,47b2d30f7ebe65891a7bcd445a7c227015245a8c3ed1873bd6b562557c9f2191
u03-s001-v010,question,literacyContextNecessity,39,109,1e6c94fb3a76979a3cc094995a370714c117b630872e28c48c9cc516edf562c4
u03-s001-v010,question,reviewStatus,22,22,ec809598e2f7fcc69fad54c9cd045bba62b4a0dc7c0ff90d4efdc3788c9ad8fb
u03-s001-v010,question,contentSha256,64,64,65c36575a6b6574dd313aea8905f4b71534601b5da8ea56cf6a09cb6e500f5a1
u03-s001-v010,question,contentAuthority,25,25,ed40f75ffe3d6ad4e71f6e7919d063410490de360edb425965eccd605ca9d79e
u03-s001-v010,question,legacyContentDisposition,39,39,2efcc87c0c9673d2efe77735ae75582eb178c880b07035d8695f010e324b7c71
u03-s001-v011,question,questionId,13,13,80402cb8b28a5ab79cf9dbe434d1bba05cca7c5ae6cb367636c3ac6203b7985b
u03-s001-v011,question,unitId,3,3,97ce842ec69dee17c1842918e63b9d4042fa4b35007146dcfb80a09c5000888a
u03-s001-v011,question,topicId,21,21,1f32a922c9323d4c5f771b01b463504a5b9e42a4e1697b8276a36409063e5bcc
u03-s001-v011,question,skillId,30,30,eab9451613a770af13f15402cb783408dd974895ff6c7c5c8b5f6f31ea384ad5
u03-s001-v011,question,difficulty,8,8,578756ca4aa16d8872610a5aaa78460fd30fbe93379ff7284fe65d66ca606755
u03-s001-v011,question,type,2,2,6bc0f9c4ecb0acbebf1b9f6c816bdd66f4885f67c917d9e141cf893014fba936
u03-s001-v011,question,visualMode,9,9,9c7d54b0bf7a9369d8594201c7b11955514343809d09fbec33966c1fd9794015
u03-s001-v011,question,sourceScope,19,19,a4b669ddb8ef1883391c07a7b633f12eeaeecee7ec37c09eea4931aff6644346
u03-s001-v011,question,text,65,143,913bdc31ca203b180197ac06123a7128999888af5bf043843bf74938e36040d0
u03-s001-v011,question,choices[0],2,2,98010bd9270f9b100b6214a21754fd33bdc8d41b2bc9f9dd16ff54d3c34ffd71
u03-s001-v011,question,choices[1],2,2,d59eced1ded07f84c145592f65bdf854358e009c5cd705f5215bf18697fed103
u03-s001-v011,question,choices[2],2,2,7688b6ef52555962d008fff894223582c484517cea7da49ee67800adc7fc8866
u03-s001-v011,question,choices[3],3,3,b1556dea32e9d0cdbfed038fd7787275775ea40939c146a64e205bcb349ad02f
u03-s001-v011,question,explanation,39,79,0330d8376f06a6f6194e8779ee8228caf9471a1bc9e0306b6f5e3b1cda1dfb86
u03-s001-v011,question,steps[0],5,11,c82a31efe79d53d37eb6c7c87a9c156e8efc82958646e663115779dae44155f3
u03-s001-v011,question,steps[1],10,22,3751de4a321b32e7a8a7b25514c8612151c67556dce253efec85c8c756090063
u03-s001-v011,question,steps[2],11,11,f1b4d3e8b1f89c679e3d8c38826c9e5ea3bb7d7ac1cf9a04afb73c1af521cc9c
u03-s001-v011,question,optionAnalysis[0].choice,2,2,98010bd9270f9b100b6214a21754fd33bdc8d41b2bc9f9dd16ff54d3c34ffd71
u03-s001-v011,question,optionAnalysis[0].reason,33,58,3244abd7106026a1b695232f05e930bf9841a27476021114ca0b4adb86968684
u03-s001-v011,question,optionAnalysis[1].choice,2,2,d59eced1ded07f84c145592f65bdf854358e009c5cd705f5215bf18697fed103
u03-s001-v011,question,optionAnalysis[1].reason,10,28,beded348237e70123fa3d0b1f24efa84ab0f093842c719445619e6a930e592c3
u03-s001-v011,question,optionAnalysis[2].choice,2,2,7688b6ef52555962d008fff894223582c484517cea7da49ee67800adc7fc8866
u03-s001-v011,question,optionAnalysis[2].reason,10,20,ea1db6938ee8855d2ce09295d0235615274ddd5a30fa8fc63303331c087029a5
u03-s001-v011,question,optionAnalysis[3].choice,3,3,b1556dea32e9d0cdbfed038fd7787275775ea40939c146a64e205bcb349ad02f
u03-s001-v011,question,optionAnalysis[3].reason,9,21,d4f3816201390533eab56776427c72f15bfff94a6cac11d4c2f1ad1a59ac712a
u03-s001-v011,question,commonMistake,12,36,73fe7489d9c37ffbb917321a42f6ba9efe917e1303451ef9506a87b87548d17d
u03-s001-v011,question,concept,16,48,2e56813ad53f023ec56b25df8a601784ff2dcbf9273c6bb0bde708d486c7b826
u03-s001-v011,question,tags[0],2,6,32f6541b44ed479dbf6cc8c7dd98824e49e03974d72ad8b65c33383a9cbb349f
u03-s001-v011,question,tags[1],8,24,c534a72fcc562b799c3bb54c4bc344502505b282bafe401282fa703665b0626c
u03-s001-v011,question,tags[2],8,8,578756ca4aa16d8872610a5aaa78460fd30fbe93379ff7284fe65d66ca606755
u03-s001-v011,question,estimatedTimeSec,2,2,f369cb89fc627e668987007d121ed1eacdc01db9e28f8bb26f358b7d8c4f08ac
u03-s001-v011,question,authoringIntent,11,33,1b809a82efaf42ff6f04e2c5c2b5e2133d7c822dae9412b89cc5a44b3d674adb
u03-s001-v011,question,literacyContextNecessity,39,105,d6cffa8022707139fb167731fbfacd2869bf1792bbd35ce5cb61f5dd8d9af5ac
u03-s001-v011,question,reviewStatus,22,22,ec809598e2f7fcc69fad54c9cd045bba62b4a0dc7c0ff90d4efdc3788c9ad8fb
u03-s001-v011,question,contentSha256,64,64,2b8eebed951bc5fa89b8b5cf50976f591244e2a16e788d0b33245f5d6b9c3046
u03-s001-v011,question,contentAuthority,25,25,ed40f75ffe3d6ad4e71f6e7919d063410490de360edb425965eccd605ca9d79e
u03-s001-v011,question,legacyContentDisposition,39,39,2efcc87c0c9673d2efe77735ae75582eb178c880b07035d8695f010e324b7c71
u03-s001-v012,question,questionId,13,13,402b036a01049bcc1e2aa9ca4bc20013cf671cf9733a1df3695a1ed2791096ed
u03-s001-v012,question,unitId,3,3,97ce842ec69dee17c1842918e63b9d4042fa4b35007146dcfb80a09c5000888a
u03-s001-v012,question,topicId,21,21,1f32a922c9323d4c5f771b01b463504a5b9e42a4e1697b8276a36409063e5bcc
u03-s001-v012,question,skillId,30,30,eab9451613a770af13f15402cb783408dd974895ff6c7c5c8b5f6f31ea384ad5
u03-s001-v012,question,difficulty,8,8,578756ca4aa16d8872610a5aaa78460fd30fbe93379ff7284fe65d66ca606755
u03-s001-v012,question,type,2,2,6bc0f9c4ecb0acbebf1b9f6c816bdd66f4885f67c917d9e141cf893014fba936
u03-s001-v012,question,visualMode,9,9,9c7d54b0bf7a9369d8594201c7b11955514343809d09fbec33966c1fd9794015
u03-s001-v012,question,sourceScope,19,19,a4b669ddb8ef1883391c07a7b633f12eeaeecee7ec37c09eea4931aff6644346
u03-s001-v012,question,text,58,135,51538890b48a0f903b431c025869b7870df8e4d66fc5ee11e606d6011e6912d8
u03-s001-v012,question,choices[0],3,3,163c820d957641208e645d35d74837183b2638bba77e6e069f2fed1c41312dd7
u03-s001-v012,question,choices[1],1,1,19581e27de7ced00ff1ce50b2047e7a567c76b1cbaebabe5ef03f7c3017bb5b7
u03-s001-v012,question,choices[2],2,2,6b51d431df5d7f141cbececcf79edf3dd861c3b4069f0b11661a3eefacbba918
u03-s001-v012,question,choices[3],4,4,48f0954709a6c67a67281dc64a482f8793143a5f90b37653d5fe82bcbb697b5c
u03-s001-v012,question,explanation,42,89,2187277546c60daba534e8a0e651306cd9ea7a24b335413d31680680a92f3db3
u03-s001-v012,question,steps[0],16,36,d7e73ea954c500ba772b1e81099d45a5b45cc7cc4c23b5875a07c8de5f9e9160
u03-s001-v012,question,steps[1],6,10,e1179939ec736a000c78cc7d07c3d0a9aab03f1871171c514aeaeee82be3f4bd
u03-s001-v012,question,steps[2],8,9,7d09b92af1b959b963527920e34042ba53163b27bb74c94a9110338a8d1725a1
u03-s001-v012,question,optionAnalysis[0].choice,3,3,163c820d957641208e645d35d74837183b2638bba77e6e069f2fed1c41312dd7
u03-s001-v012,question,optionAnalysis[0].reason,9,21,380bb5a334c47d915560d4b4dd765261abbb566df0815fee09a74cb2aaf3cc2e
u03-s001-v012,question,optionAnalysis[1].choice,1,1,19581e27de7ced00ff1ce50b2047e7a567c76b1cbaebabe5ef03f7c3017bb5b7
u03-s001-v012,question,optionAnalysis[1].reason,52,99,41deb1e4be59b73ac566c98bc4e1247f7b23b9d6019ba10494713bc314912152
u03-s001-v012,question,optionAnalysis[2].choice,2,2,6b51d431df5d7f141cbececcf79edf3dd861c3b4069f0b11661a3eefacbba918
u03-s001-v012,question,optionAnalysis[2].reason,13,33,a77a8b2de42a34305de7cd9ce579386323ebfe2fd6399332c2ad733eec109d93
u03-s001-v012,question,optionAnalysis[3].choice,4,4,48f0954709a6c67a67281dc64a482f8793143a5f90b37653d5fe82bcbb697b5c
u03-s001-v012,question,optionAnalysis[3].reason,14,25,6e08e2729970e3200dae5e2406d30b58cb7f2f41e42bdb8ba64b1e6efda2ecd8
u03-s001-v012,question,commonMistake,19,47,0c1bf58cf8920bf11f5f17054b6c48a267fe3490ab8a7c7215191f889480a0d3
u03-s001-v012,question,concept,16,48,33927befa4add23dfa2ea6f964d568f433522c678d592a53346bcb8ff9c0c3dc
u03-s001-v012,question,tags[0],2,6,32f6541b44ed479dbf6cc8c7dd98824e49e03974d72ad8b65c33383a9cbb349f
u03-s001-v012,question,tags[1],8,24,c534a72fcc562b799c3bb54c4bc344502505b282bafe401282fa703665b0626c
u03-s001-v012,question,tags[2],8,8,578756ca4aa16d8872610a5aaa78460fd30fbe93379ff7284fe65d66ca606755
u03-s001-v012,question,estimatedTimeSec,2,2,f369cb89fc627e668987007d121ed1eacdc01db9e28f8bb26f358b7d8c4f08ac
u03-s001-v012,question,authoringIntent,14,42,c5e567aab695093e31e22c962680df09a336978006cac4acfb21655e8f4615a6
u03-s001-v012,question,literacyContextNecessity,43,127,2351051a7d58bb6152e6f0b7f1498bd766a2531715e183c7d36c08dcf414a973
u03-s001-v012,question,reviewStatus,22,22,ec809598e2f7fcc69fad54c9cd045bba62b4a0dc7c0ff90d4efdc3788c9ad8fb
u03-s001-v012,question,contentSha256,64,64,39ff293f4b92e52f64350ea2cdf87dcaac20f1109a223b6cbbc26d1ad6d91718
u03-s001-v012,question,contentAuthority,25,25,ed40f75ffe3d6ad4e71f6e7919d063410490de360edb425965eccd605ca9d79e
u03-s001-v012,question,legacyContentDisposition,39,39,2efcc87c0c9673d2efe77735ae75582eb178c880b07035d8695f010e324b7c71
u03-s001-cr001,question,questionId,14,14,892bc33a1a20448d935852e42f45ea347e76316bba4110bf2c98b8eb06c2526f
u03-s001-cr001,question,unitId,3,3,97ce842ec69dee17c1842918e63b9d4042fa4b35007146dcfb80a09c5000888a
u03-s001-cr001,question,topicId,21,21,1f32a922c9323d4c5f771b01b463504a5b9e42a4e1697b8276a36409063e5bcc
u03-s001-cr001,question,skillId,30,30,eab9451613a770af13f15402cb783408dd974895ff6c7c5c8b5f6f31ea384ad5
u03-s001-cr001,question,difficulty,8,8,fe6d3468cf5c74d8ec2a95b40f2e05338c37a4202f8fad692d2b64a9cf9b468a
u03-s001-cr001,question,type,20,20,e519496c259191db041ac61161dbfadb673dd94a10a123ed7423adcf7968ae7c
u03-s001-cr001,question,visualMode,9,9,9c7d54b0bf7a9369d8594201c7b11955514343809d09fbec33966c1fd9794015
u03-s001-cr001,question,prompt,34,76,fdbe0ef1251b7d409970b3f5777f201249371dd6f9e8efc9e622d113a532ea71
u03-s001-cr001,question,requiredWork[0],13,39,f6ff80efe7fec75aa36337b59210cfdcf270aacdf86ef28568cc3fe637d95c81
u03-s001-cr001,question,requiredWork[1],11,33,343b0a47d22b211941e1c5b7237c72730d48fe72e51d1ba21eaa6ebe3d3ae39c
u03-s001-cr001,question,fullCreditSolution[0],15,17,1fbc6add211fd52a3a9f986fe94446bf44974cdfadf1b22a517e61bd82087af4
u03-s001-cr001,question,fullCreditSolution[1],8,10,fd9b7e775be90c7cb20449de014e1a8a84bed16e7cbac7ab87c9c0699c291205
u03-s001-cr001,question,fullCreditSolution[2],4,6,991d58f2425e8a3bf77f7a7edac601b1c3b2cce369c154923fd3f49d0841981a
u03-s001-cr001,question,alternativeSolutions[0],20,42,108a3dfd96304892a18a64203143d01a901b449a2e6846ac8b5ed2bf54ec9a50
u03-s001-cr001,question,rubric[0].criteria,21,59,fc0ff1024f915086ae4a49ae29c312102cebf14dd0907a45ad3d96a8c5258d58
u03-s001-cr001,question,rubric[1].criteria,23,69,6a085171e32ac9b55872541e115da2350b70f31d794348bdd9e32f0b5238bec8
u03-s001-cr001,question,rubric[2].criteria,18,54,cd904493def69774a6123cbba06b9dc0b70225425e5ada7f5ed70d4000fcf326
u03-s001-cr001,question,rubric[3].criteria,17,51,53986838e12c4895fca435be1de6f1a2d697f262dd42a74aa597857fee42ad71
u03-s001-cr001,question,scoringNotes[0],14,42,cd605206f033bf9eb77fb66a20ada03efaf449b4f0635fc98dd861265ef39c50
u03-s001-cr001,question,scoringNotes[1],25,75,a2c565e5172ae5430bb229f94ce51035aa7b17f1f115f704476e4c19fc1098cf
u03-s001-cr001,question,commonErrors[0],9,17,c014a150af18cfe565cd940fe03a9ec0e2e8d5fef65f5251d2ee1a35fd86e5d4
u03-s001-cr001,question,commonErrors[1],13,33,ec8ab46e549619f4644de7368bbb39f3946392a8582ace1dfc70b24a2904fc85
u03-s001-cr001,question,independentReview.derivedResult,2,2,03b26944890929ff751653acb2f2af795cee38f937f379f52ed654a68ce91216
u03-s001-cr001,question,independentReview.ambiguity,26,78,4b9998d99f5ff6b4c48867707da30b5a75387690128c1a0e4fdc7f35be5f3c7a
u03-s001-cr001,question,independentReview.decision,4,4,d74ff0ee8da3b9806b18c877dbf29bbde50b5bd8e4dad7a3a725000feb82e8f1
u03-s001-cr001,question,contentSha256,64,64,9c8ec7566b1444d2289f940fd7468b1cb8cd13f0c2668ea9dcd94218b9eff815
u03-s001-cr001,question,contentAuthority,25,25,ed40f75ffe3d6ad4e71f6e7919d063410490de360edb425965eccd605ca9d79e
u03-s001-cr001,question,legacyContentDisposition,39,39,2efcc87c0c9673d2efe77735ae75582eb178c880b07035d8695f010e324b7c71
u03-s001-cr002,question,questionId,14,14,6f58f9f050153b7c4b0cf1265f5b85e95d3d9a7783ef205413c9b110f0777c0a
u03-s001-cr002,question,unitId,3,3,97ce842ec69dee17c1842918e63b9d4042fa4b35007146dcfb80a09c5000888a
u03-s001-cr002,question,topicId,21,21,1f32a922c9323d4c5f771b01b463504a5b9e42a4e1697b8276a36409063e5bcc
u03-s001-cr002,question,skillId,30,30,eab9451613a770af13f15402cb783408dd974895ff6c7c5c8b5f6f31ea384ad5
u03-s001-cr002,question,difficulty,8,8,d21f85ea38166303ce58e06134b5cc4a5c900c409ab2a500ff7c9225109a09bb
u03-s001-cr002,question,type,20,20,e519496c259191db041ac61161dbfadb673dd94a10a123ed7423adcf7968ae7c
u03-s001-cr002,question,visualMode,9,9,9c7d54b0bf7a9369d8594201c7b11955514343809d09fbec33966c1fd9794015
u03-s001-cr002,question,prompt,71,173,448d35dbc2af2ad554020756db929de545c762160e3a804b186b510c8571fddb
u03-s001-cr002,question,requiredWork[0],10,28,2264c1bba4d942f93bfc297b33b98cf872e14e01fb04cfa06d226367fea474c2
u03-s001-cr002,question,requiredWork[1],9,27,780ee451aa8a737f0eae56ac6c1c7a11995228c2eebc9d49638db429bd630d13
u03-s001-cr002,question,fullCreditSolution[0],18,42,b6c751b6d35eda80cfb1b05224c4e6c56461cac2dc4bfaba7b7a16afa92cd51a
u03-s001-cr002,question,fullCreditSolution[1],13,15,71318923c34814d4bceb6f694084a6460cac4333ea34e76468ceaed8e68c79d2
u03-s001-cr002,question,fullCreditSolution[2],14,18,30c4361f6474ee409b5bade05e0748966cc686153c75f94fb9c5f85a2e374566
u03-s001-cr002,question,alternativeSolutions[0],20,50,fdebe30effeb44172427f37a4c8fc07bb799989b901d3a40f16860b0b32567e3
u03-s001-cr002,question,rubric[0].criteria,17,39,448011d0905f8391efc4f5f1aefd7399106c41c80a42c177110837426ff41883
u03-s001-cr002,question,rubric[1].criteria,22,64,7977cbe30e3173e8717f71f0d44318559fc5e8fab135e93156151213896ca236
u03-s001-cr002,question,rubric[2].criteria,17,38,4082196e887cf4325334cce7844b65ff66ead5b4d2e147d0927f4d1976c0425e
u03-s001-cr002,question,rubric[3].criteria,18,54,85cf5640d419d35cbca6f2ec5cdea754785e655ea68beeffbe60330504b38576
u03-s001-cr002,question,scoringNotes[0],14,42,cd605206f033bf9eb77fb66a20ada03efaf449b4f0635fc98dd861265ef39c50
u03-s001-cr002,question,scoringNotes[1],25,75,a2c565e5172ae5430bb229f94ce51035aa7b17f1f115f704476e4c19fc1098cf
u03-s001-cr002,question,commonErrors[0],10,20,bbae11399cafbea74a47d1a0abe41943dd23fc3cf35fcea088a05de3edf2ce84
u03-s001-cr002,question,commonErrors[1],10,26,e5da17bd61e7f154379f83178ee360f3818440744d967c9423e58a351c5b84bb
u03-s001-cr002,question,independentReview.derivedResult,4,6,2b068dfc591d0ffae0bf172eee7c25a9f804274c69ce9432c57ae785cdf5d0db
u03-s001-cr002,question,independentReview.ambiguity,40,102,3bd25b5f16297d85c387a3b62194eb12d2fa737a69c3855a43d310429a63cd5b
u03-s001-cr002,question,independentReview.decision,4,4,d74ff0ee8da3b9806b18c877dbf29bbde50b5bd8e4dad7a3a725000feb82e8f1
u03-s001-cr002,question,contentSha256,64,64,49662e30c69385f3b7e50a0560d9b6356eeac1e9ccc0990c294700b6dfc03838
u03-s001-cr002,question,contentAuthority,25,25,ed40f75ffe3d6ad4e71f6e7919d063410490de360edb425965eccd605ca9d79e
u03-s001-cr002,question,legacyContentDisposition,39,39,2efcc87c0c9673d2efe77735ae75582eb178c880b07035d8695f010e324b7c71
u03-s002-lecture-r1,lecture,lectureId,19,19,84017d39406fe2983d9914bc98abede2461b13446eee1421ea65c915ce641cd2
u03-s002-lecture-r1,lecture,unitId,3,3,97ce842ec69dee17c1842918e63b9d4042fa4b35007146dcfb80a09c5000888a
u03-s002-lecture-r1,lecture,topicId,21,21,1f32a922c9323d4c5f771b01b463504a5b9e42a4e1697b8276a36409063e5bcc
u03-s002-lecture-r1,lecture,skillId,26,26,2b4aad514f44f267f2a019a82f0d3a877a6579002579c578222b58ab48502b66
u03-s002-lecture-r1,lecture,title,20,60,b66569e50af3a178aa9df942ba8a0805bcb6f2c0e7b41df0e355ef3c5a10353b
u03-s002-lecture-r1,lecture,audience,10,30,e6b4416fbd9f36797de01256b31a4d6f6314e126fde8495e25792c814f64fc5f
u03-s002-lecture-r1,lecture,reviewStatus,22,22,ec809598e2f7fcc69fad54c9cd045bba62b4a0dc7c0ff90d4efdc3788c9ad8fb
u03-s002-lecture-r1,lecture,learningOutcomes[0],7,21,9a9ebf120f8c30c33f8898c82da9cc84792f8fcf7fa49d2ae5d2d41023ea21d6
u03-s002-lecture-r1,lecture,learningOutcomes[1],12,36,07a0238fa4311828e84bb67f1eba594056352a3c9be83b4cd969a7c6c7563613
u03-s002-lecture-r1,lecture,learningOutcomes[2],12,36,996ed0e4f97ca047b8f9616e8b4dc97249ab0bbde4099c79b73dc472d69715eb
u03-s002-lecture-r1,lecture,learningOutcomes[3],17,51,dcd5ce1d9c32db14a5b8f8918dcef4139667d09728a22e48377eff8c346e7987
u03-s002-lecture-r1,lecture,prerequisites[0].skillId,30,30,eab9451613a770af13f15402cb783408dd974895ff6c7c5c8b5f6f31ea384ad5
u03-s002-lecture-r1,lecture,prerequisites[0].requiredLevel,21,63,68f3b676792ce4565c63c3d17a2c31dd37a1644f0b23673f17f1c6870b4d002a
u03-s002-lecture-r1,lecture,glossary[0].term,3,9,d786cf594d90c1d6863fd9641e98404467389ffed35a8160009acbbbad01208b
u03-s002-lecture-r1,lecture,glossary[0].definition,14,42,ad5ce9eb1b8b0c388456ac939a5d78a5a20fccc2b3fbb83774fbd878f3d128e3
u03-s002-lecture-r1,lecture,glossary[1].term,3,9,ddf3bb59163306a8c9200ca974442b0c195262e783de74aeae70fd73ed0ca6d1
u03-s002-lecture-r1,lecture,glossary[1].definition,13,15,7d148c1fe43a17e9a1748a14f9a55fd4cea83c655d05410b4e2be249ad588ec8
u03-s002-lecture-r1,lecture,glossary[2].term,5,15,0b9a2ea67d17f846da6e57010358b71c893f8cfdaee148cb1965d8481663df24
u03-s002-lecture-r1,lecture,glossary[2].definition,19,55,41bbb9298cbf745ba03a6a3803d36fe09cb2c6f3453a4400d517ec1abefb884e
u03-s002-lecture-r1,lecture,glossary[3].term,2,6,5f9b41efbb48042097121246a5d782afdd032c6b0ac83b244f1787b59117a8e0
u03-s002-lecture-r1,lecture,glossary[3].definition,19,57,dca32139309cd381b23d2a9f327433abad2b20544fa2e3f5f6de360dff4f4635
u03-s002-lecture-r1,lecture,notation[0].symbol,4,4,c56d2af7c7ce21be30f42d3f2a347982c2adf88f964620b8a262da2c6ec9227c
u03-s002-lecture-r1,lecture,notation[0].meaning,22,58,d8b8be637b8c3fb6196f552f82c15d4c18c1c3951f72868d9bd140b0648d5480
u03-s002-lecture-r1,lecture,notation[1].symbol,6,6,0afd47c8a46e90f8bcbfdda9c98432486c4c3f88d29ea96fefff5ab1729a41b7
u03-s002-lecture-r1,lecture,notation[1].meaning,16,40,7f09a7948b388a1ed02360516f848969696e8f3e86886af60b5b767acf6fd3aa
u03-s002-lecture-r1,lecture,conceptNarrative[0],23,69,8f0be64908d062e5f6259b5625b7b9034683ea89a30e4600ab94be606da57a50
u03-s002-lecture-r1,lecture,conceptNarrative[1],28,68,b380e5e71ab373c36213aad54b7da04688b41d2abe3c4793c9f1099e7d46838a
u03-s002-lecture-r1,lecture,conceptNarrative[2],28,80,190de791cdb41509c301803b57ea1e9e781c5eb4fe6735f341c72d9204119f43
u03-s002-lecture-r1,lecture,conceptNarrative[3],34,102,27205144f0d1dcde1e4e613cdc6685f6d4ceb7ead343e21b80dc2d8eb2727d1e
u03-s002-lecture-r1,lecture,formalDefinitions[0].name,5,15,86f6e927875985462715081fec71ae2a29ebf5ce9a9fbb3118faf6f1820ef26e
u03-s002-lecture-r1,lecture,formalDefinitions[0].statement,13,15,3f4c32ed3d62b6cd62983151583bc3572bf2aab6115a12fbca7245c96ce02a81
u03-s002-lecture-r1,lecture,formalDefinitions[1].name,3,9,ddf3bb59163306a8c9200ca974442b0c195262e783de74aeae70fd73ed0ca6d1
u03-s002-lecture-r1,lecture,formalDefinitions[1].statement,26,30,5bc8fd10025e34f4c3d508d61d217cf187e092d992c7ee0581978f30a28fc4a8
u03-s002-lecture-r1,lecture,formulas[0].formula,16,16,e6f57ef0450fe1a42697c1e664fdfd910610843ed4af5cbbf8b56bd13b06bf25
u03-s002-lecture-r1,lecture,formulas[0].conditions[0],15,37,bf4a9365872dfc9a21c7f8cc9aca9d7e0ca6dc8e78e391d2a4ecc572d2610046
u03-s002-lecture-r1,lecture,formulas[0].meaning,13,39,2303c97fd67a9d858bdc1f449f4bde9e3d0c46d0ca11975de7d61a6f56f38f73
u03-s002-lecture-r1,lecture,formulas[1].formula,13,13,8007ee4577b01ded71e5657ffd2b3f5295c5533ca8134e68e62245126396d317
u03-s002-lecture-r1,lecture,formulas[1].conditions[0],9,27,65da3c822a5d4c2de798b9a991f290c610c561e2738e8122d19c73ecbc5f1a21
u03-s002-lecture-r1,lecture,formulas[1].meaning,8,24,aa777d5bd17e17a1e833252e83590ca360c68b4717b12b16f9189c0bbeb82203
u03-s002-lecture-r1,lecture,nonApplicableCases[0],10,25,751361a74f3b81d2fdd107198ae4bb0fd741644e1cda56b4f5825a135d82672e
u03-s002-lecture-r1,lecture,nonApplicableCases[1],13,35,86a3fe6b4e0724f3285596cd20933c011cfb335b1ffba1287344af602af330f2
u03-s002-lecture-r1,lecture,nonApplicableCases[2],13,39,5738c7bbb508c4b47e152d19da223cd657905715b3fa141a0574159ef068212c
u03-s002-lecture-r1,lecture,nonApplicableCases[3],18,54,3be7a56f241c86fa72df7438be1fee92e92ab6ccd67688f1f7bcb0e41164184b
u03-s002-lecture-r1,lecture,method[0].instruction,9,27,e923dde77ac3293ad606c1084744fa028dc8e077b6114e09cf817bb8858e86e2
u03-s002-lecture-r1,lecture,method[0].check,11,33,3f10da51676ab1e21d6f8c100829b78c7d5e979d4590cd728fe5eacd10e52b6b
u03-s002-lecture-r1,lecture,method[1].instruction,12,36,8d643e280ec792362f9b4658a6242d71c979d759de18d3f253d82b131f91e091
u03-s002-lecture-r1,lecture,method[1].check,12,36,f59d1a28351139c88732b35c31c68ee4760bcf0896dd96ec2091335fa5f7ed61
u03-s002-lecture-r1,lecture,method[2].instruction,10,30,5b27f333a77ab4484f511f34d6ff6ef0c66b01bf772bf8422383baff1a9ff1f6
u03-s002-lecture-r1,lecture,method[2].check,7,21,2c4b961724bb9189f9efcfd2f7d296647e48efe702834c676009d2469f2f6eaa
u03-s002-lecture-r1,lecture,method[3].instruction,10,22,7e2e714e8f3b0aa39f25cfd2074ae381ef628bbabc60306a34aa27910cf70ac1
u03-s002-lecture-r1,lecture,method[3].check,14,36,0edb0ff8b7ec45826855fc456ce5528390bf95aa763465050fe1cdcfe02a2157
u03-s002-lecture-r1,lecture,method[4].instruction,14,42,d9e470cf58403055eb19b20e765d4a4d96e78172dd4b8ee19b7f389894e40060
u03-s002-lecture-r1,lecture,method[4].check,11,33,bf8020bb8a58d66949885df667f53b1fe3e2f15e27f7c6772ebeb18eb8638bd6
u03-s002-lecture-r1,lecture,workedExamples[0].exampleId,2,2,dffe8596427fc50e8f64654a609af134d45552f18bbecef90b31135a9e7acaa0
u03-s002-lecture-r1,lecture,workedExamples[0].prompt,10,16,bca9c4b72983b4c2c86e6850dfb80419cadb6bea5e9e831eecb6ff6f5f6e983d
u03-s002-lecture-r1,lecture,workedExamples[0].solutionSteps[0],9,11,a6f6c6ea040bec9400a2226d44fe5c9dca02f6728d734608321f1f73b072dccf
u03-s002-lecture-r1,lecture,workedExamples[0].solutionSteps[1],6,16,5ad79c3202a38a948ae6011e481f91937d421ef854daf44b8e00e656b0382a3e
u03-s002-lecture-r1,lecture,workedExamples[0].answer,5,7,82381d0ede0db107b2efa6eb045f155665ef18c55be4ff57d56bb3a28ce66a32
u03-s002-lecture-r1,lecture,workedExamples[1].exampleId,2,2,d76354d8457898445bb69e0dc0dc95fb74cc3cf334f8c1859162a16ad0041f8d
u03-s002-lecture-r1,lecture,workedExamples[1].prompt,12,18,15af67802cae307f98be7564f156572a7ab54ac04a876f3eea0bd950a43ddd7e
u03-s002-lecture-r1,lecture,workedExamples[1].solutionSteps[0],11,19,98a820f9d6e48024aec801cd35094001d73b71073b3f2615a03e2c3c819b3682
u03-s002-lecture-r1,lecture,workedExamples[1].solutionSteps[1],9,17,bc7b0942d03dc372c84fd7c6011f0644b638984c14a30896d9257d401a977e55
u03-s002-lecture-r1,lecture,workedExamples[1].answer,6,8,f65be043ca2afb1dc1d816280e5ea848b22ed644c160211c2eb9fed99e7a5bc5
u03-s002-lecture-r1,lecture,workedExamples[2].exampleId,2,2,842983de8fb1d277a3fad5c8295c7a14317c458718a10c5a35b23e7f992a5c80
u03-s002-lecture-r1,lecture,workedExamples[2].prompt,16,22,ede7000b194abe6a7c96162d2ba4c53fee5b9e64c771a7f0ed4ff3f9d78e678b
u03-s002-lecture-r1,lecture,workedExamples[2].solutionSteps[0],15,23,3d380c6b4c5c25be74ffbab2847ed86515b0235d54b04f124c2119a7af478275
u03-s002-lecture-r1,lecture,workedExamples[2].solutionSteps[1],14,16,bcb2d0d78aaaef1f0ab0b6522fd1136ac5af5c3ca328809911aa5f3140d6e3bf
u03-s002-lecture-r1,lecture,workedExamples[2].answer,4,6,7bca1cee01af23e2af9396a555eb896a9791df7a862353181bc6314b32ae9dba
u03-s002-lecture-r1,lecture,workedExamples[3].exampleId,2,2,4a5a97c6433c4c062457e9335709d57493e75527809d8a9586c141e591ac9f2c
u03-s002-lecture-r1,lecture,workedExamples[3].prompt,28,76,61a6e3c949bcfda647dc38adfb644fb7cb2b070440f2d900d03b717e97fe4b9f
u03-s002-lecture-r1,lecture,workedExamples[3].solutionSteps[0],5,11,f222642c38a82085c79b5db6c164121b157b62748a77ec6d35b55e31ca84f099
u03-s002-lecture-r1,lecture,workedExamples[3].solutionSteps[1],14,20,724585b14bead24b50339810944d9daa12729a3af284c722fc4a43248526416f
u03-s002-lecture-r1,lecture,workedExamples[3].solutionSteps[2],17,23,db41a5c560ab2f35eaa69598a5cf59eb198794e6b3144a6ed9a3387029183510
u03-s002-lecture-r1,lecture,workedExamples[3].answer,6,10,73a0df335be27a95a57d5ac966673d2b2ed66ed6e9daaff0046ee8a0a9691a37
u03-s002-lecture-r1,lecture,commonMistakes[0].mistake,11,21,11e8f6e697d2594be16ff66aac7ca0cb147018121d47e331e1b806aad5ea60f1
u03-s002-lecture-r1,lecture,commonMistakes[0].why,13,39,b979a521287962c9b555170bb7263316f0481397c71c55e3c14156311cb6f618
u03-s002-lecture-r1,lecture,commonMistakes[0].correction,8,16,25cabcdc8b7714441136c3c953cb58a7a7e4c100e08f144906423d5edcc980bd
u03-s002-lecture-r1,lecture,commonMistakes[1].mistake,14,22,6f650141488e3e0076b76f4244403f4064e5e36e4c67eee1d74cc988d78e3936
u03-s002-lecture-r1,lecture,commonMistakes[1].why,8,24,1849ff49ba5d7cd36016a78107ce65a58d1469a3ab24166be195af3797fd5f34
u03-s002-lecture-r1,lecture,commonMistakes[1].correction,8,14,50b088713f1f1e02e6497f2dd19b72e4fcd8de9e14a8e815b1457313549e4594
u03-s002-lecture-r1,lecture,commonMistakes[2].mistake,14,22,07da81b4a514835ed3b3c74c632adaa4105d6b56e668e705fbe42d7edad52c4d
u03-s002-lecture-r1,lecture,commonMistakes[2].why,8,24,ec05f3cfefba601f88c125f241e49c56d2d74765aaaf782403cd992cccc3cd63
u03-s002-lecture-r1,lecture,commonMistakes[2].correction,11,25,48bf7304d251b6f122c897aaae5bb269ad3f36191b343e282b75a9bd9ecc0e3e
u03-s002-lecture-r1,lecture,commonMistakes[3].mistake,10,30,9d6e31821e3c2ac249e274602cf94bc7ed6ede0c4ac314b49fe18facafd06e86
u03-s002-lecture-r1,lecture,commonMistakes[3].why,6,18,9830d19043a486e17f94a48291541a6b6a998728bb01b62cb40e77ddfaf201f1
u03-s002-lecture-r1,lecture,commonMistakes[3].correction,14,42,688f5f800f227a3708d6e9fdb2aa0e747052a0ea2b4676167f8c0b3c95c4ed1e
u03-s002-lecture-r1,lecture,commonMistakes[4].mistake,15,45,cdcb7b9e18dcc59dc761739809a73e9f27747a44f17af3313913e802030df099
u03-s002-lecture-r1,lecture,commonMistakes[4].why,10,30,182acd3318b9419f12ad4eb998edee6fd38d8de367749ffe1645e8ea36166f35
u03-s002-lecture-r1,lecture,commonMistakes[4].correction,12,36,03084b30a5b5244a06152071c95546d4684d5062545e43afe22ea0028ee51b56
u03-s002-lecture-r1,lecture,commonMistakes[5].mistake,17,51,d2f2ffebf4aadef009453361077e6c1c1cc9f2324ba22cc05e32f54ffa34e98e
u03-s002-lecture-r1,lecture,commonMistakes[5].why,10,30,60d70d68a7e7284c203af3f1f013a6aaa4c4ccc01dc4f1575cae8644e3f88369
u03-s002-lecture-r1,lecture,commonMistakes[5].correction,18,54,1187d723af6a438f48a94d355d45a086162c55b3298be258b07e9af4de8a838e
u03-s002-lecture-r1,lecture,selfCheck[0],9,27,42b108d224f4de16dee0ffd4e30e6cf61322f70b9ebc4e1358a7158029833881
u03-s002-lecture-r1,lecture,selfCheck[1],11,33,b155c54b0578b33884f6bcac8d76f12162ee5f73a8b55d607be2f32c64eb965d
u03-s002-lecture-r1,lecture,selfCheck[2],9,27,17ea25e9a18dca3c6ad150953999397a25e7e5eda16b04d87cf0d352673fdbbd
u03-s002-lecture-r1,lecture,selfCheck[3],16,48,9dd24d6c1f211ef5a01335c08a996aef1dff647826b2c53167f4ebcb160b5345
u03-s002-lecture-r1,lecture,selfCheck[4],10,24,4846b5ddc8819e30d94d886e53c036d7e15768f86f8750d326e969665dcd71fa
u03-s002-lecture-r1,lecture,summary[0],9,27,65013cad7966bc3418616c822c58f2524e504277d62993c77b5e471f602f21b0
u03-s002-lecture-r1,lecture,summary[1],9,27,b61ba79e316d1694a94a9f90a5dc634307323abec5562f58e18be154cdf7efff
u03-s002-lecture-r1,lecture,summary[2],11,33,2ba4caf738a80c4e5e36171ec2919113bf3c4dcd1233e72c266a22118125aeb9
u03-s002-lecture-r1,lecture,summary[3],10,30,7de02e527d5a5a66b3db2ba8baa363c277d122f3624fcd0ae040d5bba85ab51d
u03-s002-lecture-r1,lecture,connections.previous,18,54,fc6e392b7aa45c24b2d736c0679afb69ffafcd53e4f5b13b50134270ba850bc3
u03-s002-lecture-r1,lecture,connections.next[0],17,51,0e6d52152d856e49da6e5a3491f52b756e7ce8185ef351b4605519fbe794e0c5
u03-s002-lecture-r1,lecture,connections.next[1],14,42,f71722c33db815641d3b2ce2b6877246c68299d5fde5660646d20a0f5d29afa2
u03-s002-lecture-r1,lecture,practiceLinks.mcQuestionIds[0],13,13,40c540f2f3b8d1ba5efe8882408bdd3a20861bf317e8bc28f8880dad6af25dc1
u03-s002-lecture-r1,lecture,practiceLinks.mcQuestionIds[1],13,13,dfe42922ebe8bcfeee395e087a20e8b9c9214f9f69d4837f3dd503157aad0bbb
u03-s002-lecture-r1,lecture,practiceLinks.mcQuestionIds[2],13,13,4a4adea620ba19c1a880252302f8f0aead85216327a66fbc59a7c177c3b22dbf
u03-s002-lecture-r1,lecture,practiceLinks.mcQuestionIds[3],13,13,c6cae578f172c52211ff95a1ecf0163db6905eaba2b339db73b6c58ab98ed842
u03-s002-lecture-r1,lecture,practiceLinks.mcQuestionIds[4],13,13,1dc59d609f99faffc1336e46a1d2d9ddd288f057b1164b573db70789eed1d032
u03-s002-lecture-r1,lecture,practiceLinks.mcQuestionIds[5],13,13,4d03db7cb09eb14dcc4458fc50eff49fc5d2a2f35dad737df4e7574fc33f042a
u03-s002-lecture-r1,lecture,practiceLinks.mcQuestionIds[6],13,13,819c1e548093b9e7b9b070cb0d1ca1413aa12c55224b2163c5a18bf63d69c800
u03-s002-lecture-r1,lecture,practiceLinks.mcQuestionIds[7],13,13,96c6ef2929244e4db1080d0d6e569d3f6ecd1a066a684c83c8da9bd2fb522f81
u03-s002-lecture-r1,lecture,practiceLinks.mcQuestionIds[8],13,13,95eed0330d780e2b7900e142bc0a2659aee368794ff3fc9968138548ef432d76
u03-s002-lecture-r1,lecture,practiceLinks.mcQuestionIds[9],13,13,8a65ea7079ea7c537f97fbc04ebdad7d3747d90543ee43e1d7f1c700d165f0e0
u03-s002-lecture-r1,lecture,practiceLinks.mcQuestionIds[10],13,13,5c8f350302e3cdbdff94e4106e0d7d9f617dc41b51675d0e2f71ec8f6a6a1cc3
u03-s002-lecture-r1,lecture,practiceLinks.mcQuestionIds[11],13,13,cd3e149959ed328e0f18b5a32d66032ffda9bef68c9ed0d18d7bb43100bf5d19
u03-s002-lecture-r1,lecture,practiceLinks.constructedResponseIds[0],14,14,65a9103ee342e36934e9946e6d164497e3dba3ccb4d3c845fa85c2991db840f9
u03-s002-lecture-r1,lecture,practiceLinks.constructedResponseIds[1],14,14,65440cde93da3d4d3228f4922b95af08d714fe5c917963075d75279e4c9b644a
u03-s002-lecture-r1,lecture,lectureReview.mathematicalCorrectness,4,4,d74ff0ee8da3b9806b18c877dbf29bbde50b5bd8e4dad7a3a725000feb82e8f1
u03-s002-lecture-r1,lecture,lectureReview.zeroFoundationReadability,4,4,d74ff0ee8da3b9806b18c877dbf29bbde50b5bd8e4dad7a3a725000feb82e8f1
u03-s002-lecture-r1,lecture,lectureReview.scopeCheck,21,21,fdf8268f0373301b2fcc6331f1d8999b8aabea69681e8bc972ab9a21216a7606
u03-s002-lecture-r1,lecture,lectureReview.reviewNote,82,164,816f36b18b8b08ca03f23fa64f9871be671efa5628df930f12fed496b52b7797
u03-s002-lecture-r1,lecture,lectureReview.reviewVersion,25,25,413c3743bf06637b23333702bf9263e0db21fd6b3c3879070d877faca58db442
u03-s002-lecture-r1,lecture,lectureReview.reviewedAt,10,10,14158d45727526145ef514139eeb669eb54d613dbcffe524f099dbb71c9d8b08
u03-s002-lecture-r1,lecture,contentSha256,64,64,2c0844f045561c9c56af567680475f8c82251a5f5799314c241b68d490f684dc
u03-s002-lecture-r1,lecture,contentAuthority,25,25,ed40f75ffe3d6ad4e71f6e7919d063410490de360edb425965eccd605ca9d79e
u03-s002-lecture-r1,lecture,legacyContentDisposition,40,40,bb8421a43fb9d90c642b60311f091a34addbe10678daf757010d688c8c2a21b3
u03-s002-v001,question,questionId,13,13,40c540f2f3b8d1ba5efe8882408bdd3a20861bf317e8bc28f8880dad6af25dc1
u03-s002-v001,question,unitId,3,3,97ce842ec69dee17c1842918e63b9d4042fa4b35007146dcfb80a09c5000888a
u03-s002-v001,question,topicId,21,21,1f32a922c9323d4c5f771b01b463504a5b9e42a4e1697b8276a36409063e5bcc
u03-s002-v001,question,skillId,26,26,2b4aad514f44f267f2a019a82f0d3a877a6579002579c578222b58ab48502b66
u03-s002-v001,question,difficulty,5,5,fbb7b5bf4ca348eeeebf8cc3660712859a5a1fbf18e83217a57ce203fb51d5c2
u03-s002-v001,question,type,2,2,6bc0f9c4ecb0acbebf1b9f6c816bdd66f4885f67c917d9e141cf893014fba936
u03-s002-v001,question,visualMode,9,9,9c7d54b0bf7a9369d8594201c7b11955514343809d09fbec33966c1fd9794015
u03-s002-v001,question,sourceScope,19,19,a4b669ddb8ef1883391c07a7b633f12eeaeecee7ec37c09eea4931aff6644346
u03-s002-v001,question,text,9,17,73431c3bee4cdd4df6631f1776b31c0b249c1750b7ab137726788b7c3806d66d
u03-s002-v001,question,choices[0],2,2,08d31cf5c3c9c429a878f5c80785746c65b554f09a41d2717901849c05198c23
u03-s002-v001,question,choices[1],1,1,2c624232cdd221771294dfbb310aca000a0df6ac8b66b696d90ef06fdefb64a3
u03-s002-v001,question,choices[2],3,3,9ae774e4f4918d32642d4f8ef9c9ea269aec72bdcc42408825c083e5df6ea59e
u03-s002-v001,question,choices[3],2,2,b595b214b5d4865e79bd091744879680590d80e7656edd099474752aa09703de
u03-s002-v001,question,explanation,40,98,235b60bea5a3b61d7f9ab38eadd9312d920cce1213e072e85fcf1ebba49bb47c
u03-s002-v001,question,steps[0],11,31,16f9dd1f977b89d0245fac2c65b8d52779d4dd58dafc21e162ac8bc5578ded05
u03-s002-v001,question,steps[1],9,17,fd7bfc1700f2b95a30c7278038a71570cde2839936feb72ddcd3c01ccff7e25b
u03-s002-v001,question,steps[2],7,15,ab504b557a6b52fb789f96bfa92a04fecc3b637ec32c420546f10f8a78ed47f3
u03-s002-v001,question,optionAnalysis[0].choice,2,2,08d31cf5c3c9c429a878f5c80785746c65b554f09a41d2717901849c05198c23
u03-s002-v001,question,optionAnalysis[0].reason,37,95,f25b049d77751312df67972e6b95b73bbdd8510600fb8545636c928c030accd0
u03-s002-v001,question,optionAnalysis[1].choice,1,1,2c624232cdd221771294dfbb310aca000a0df6ac8b66b696d90ef06fdefb64a3
u03-s002-v001,question,optionAnalysis[1].reason,9,25,3db20e9203eea0aaa080d6f6864eec69056153b129698c35d322a80ab0e0b1ab
u03-s002-v001,question,optionAnalysis[2].choice,3,3,9ae774e4f4918d32642d4f8ef9c9ea269aec72bdcc42408825c083e5df6ea59e
u03-s002-v001,question,optionAnalysis[2].reason,9,23,0d8f5b2d4250a3a7356e3e7a8c6e08ac40841a00ddbcba21b7e664537e09684a
u03-s002-v001,question,optionAnalysis[3].choice,2,2,b595b214b5d4865e79bd091744879680590d80e7656edd099474752aa09703de
u03-s002-v001,question,optionAnalysis[3].reason,12,32,3f4ec7e221a2122f521f2e0c58a1396484050c24814b2934f778562fc6a2439b
u03-s002-v001,question,commonMistake,12,36,df5d1a40584025f67a6f1d9a9a706df68b1f8ec0a750131b586512f84505eab4
u03-s002-v001,question,concept,16,48,1386e713badaaca928e7a905d0b9fe19c06e1c9577e87e93a4a0e86120d8a16e
u03-s002-v001,question,tags[0],2,6,32f6541b44ed479dbf6cc8c7dd98824e49e03974d72ad8b65c33383a9cbb349f
u03-s002-v001,question,tags[1],7,21,7a552c221fc273a778645d18b5546c5f7a34d35225ff4f63459628122f115a57
u03-s002-v001,question,tags[2],5,5,fbb7b5bf4ca348eeeebf8cc3660712859a5a1fbf18e83217a57ce203fb51d5c2
u03-s002-v001,question,estimatedTimeSec,2,2,f369cb89fc627e668987007d121ed1eacdc01db9e28f8bb26f358b7d8c4f08ac
u03-s002-v001,question,prerequisiteSkillIds[0],30,30,eab9451613a770af13f15402cb783408dd974895ff6c7c5c8b5f6f31ea384ad5
u03-s002-v001,question,authoringIntent,9,27,9f2cf433ef9279491ef7f4235192c8e11172fbc3e3f17daa9fa19c6760e6bd7a
u03-s002-v001,question,reviewStatus,22,22,ec809598e2f7fcc69fad54c9cd045bba62b4a0dc7c0ff90d4efdc3788c9ad8fb
u03-s002-v001,question,contentSha256,64,64,24d91959594997ac213e8e2561c317b26bbc7d03a56eedcf9335f9694a6559f0
u03-s002-v001,question,contentAuthority,25,25,ed40f75ffe3d6ad4e71f6e7919d063410490de360edb425965eccd605ca9d79e
u03-s002-v001,question,legacyContentDisposition,39,39,2efcc87c0c9673d2efe77735ae75582eb178c880b07035d8695f010e324b7c71
u03-s002-v002,question,questionId,13,13,dfe42922ebe8bcfeee395e087a20e8b9c9214f9f69d4837f3dd503157aad0bbb
u03-s002-v002,question,unitId,3,3,97ce842ec69dee17c1842918e63b9d4042fa4b35007146dcfb80a09c5000888a
u03-s002-v002,question,topicId,21,21,1f32a922c9323d4c5f771b01b463504a5b9e42a4e1697b8276a36409063e5bcc
u03-s002-v002,question,skillId,26,26,2b4aad514f44f267f2a019a82f0d3a877a6579002579c578222b58ab48502b66
u03-s002-v002,question,difficulty,5,5,fbb7b5bf4ca348eeeebf8cc3660712859a5a1fbf18e83217a57ce203fb51d5c2
u03-s002-v002,question,type,2,2,6bc0f9c4ecb0acbebf1b9f6c816bdd66f4885f67c917d9e141cf893014fba936
u03-s002-v002,question,visualMode,9,9,9c7d54b0bf7a9369d8594201c7b11955514343809d09fbec33966c1fd9794015
u03-s002-v002,question,sourceScope,19,19,a4b669ddb8ef1883391c07a7b633f12eeaeecee7ec37c09eea4931aff6644346
u03-s002-v002,question,text,11,21,549c4485cfec852aacbde49bd03b39968964303c1b7e34f8826ffd30470dfd22
u03-s002-v002,question,choices[0],2,2,6c43df135a998cf74c2277557c6c3f42a25a3912305ca537963fcd68fcd7660b
u03-s002-v002,question,choices[1],4,6,303bcf26428f66242c30c1587f4254f6cd5c2e06e11ee87606089e96871c43f4
u03-s002-v002,question,choices[2],4,6,67645ceca13c5a5f2c1bfd31cad5763c772520b1876a731a16eeaf6d4915333a
u03-s002-v002,question,choices[3],4,6,60b5abe9850f79e9c0d60adfbd468dd6b223eebb08126dff63825a54e9507796
u03-s002-v002,question,explanation,35,83,a7481ea4851111e5d14fabf5651be986ca5032f6482b13a03054911bf067f1ff
u03-s002-v002,question,steps[0],7,15,2a05fa2bf745fb86e5d612019d1b0da8ca38c95c57e6482c604e6c727ec9e330
u03-s002-v002,question,steps[1],7,19,a17b2320feaf5ad7ccf3f4ab9d889ed356ae9fc2ee707213dff250e6dfb537a0
u03-s002-v002,question,steps[2],6,10,16315f3096d2321e6892e3e68abd228fa27e4b4b0c5402a2f6e27637e4e15b4a
u03-s002-v002,question,optionAnalysis[0].choice,2,2,6c43df135a998cf74c2277557c6c3f42a25a3912305ca537963fcd68fcd7660b
u03-s002-v002,question,optionAnalysis[0].reason,6,16,32e0b1400a6cb9e92f20493a1973ff0bcd822853c31a1e94a0adb4edd9ad1d14
u03-s002-v002,question,optionAnalysis[1].choice,4,6,303bcf26428f66242c30c1587f4254f6cd5c2e06e11ee87606089e96871c43f4
u03-s002-v002,question,optionAnalysis[1].reason,36,80,3b12f4effdd1db023cfcf7818a61259e84b1a195f6efd93932bf0b97903c5396
u03-s002-v002,question,optionAnalysis[2].choice,4,6,67645ceca13c5a5f2c1bfd31cad5763c772520b1876a731a16eeaf6d4915333a
u03-s002-v002,question,optionAnalysis[2].reason,10,22,d1d9adb877d153eab5fc6c2654ea034c04c5ff1d9263c73201e7e608a067713b
u03-s002-v002,question,optionAnalysis[3].choice,4,6,60b5abe9850f79e9c0d60adfbd468dd6b223eebb08126dff63825a54e9507796
u03-s002-v002,question,optionAnalysis[3].reason,11,29,c34472abb31bfa14addc0dc666fc66cc63408c7f0946c9eea0e285f2102a11e8
u03-s002-v002,question,commonMistake,13,37,04dd13cab6410acee72494126644b47dfe96455b3a2fd976490244cd30b9913d
u03-s002-v002,question,concept,9,27,2e4537f6d9997d64c67c2b21c367dd7f3a5bfdbc4e8e812a7a996286b16820e6
u03-s002-v002,question,tags[0],2,6,32f6541b44ed479dbf6cc8c7dd98824e49e03974d72ad8b65c33383a9cbb349f
u03-s002-v002,question,tags[1],7,21,7a552c221fc273a778645d18b5546c5f7a34d35225ff4f63459628122f115a57
u03-s002-v002,question,tags[2],5,5,fbb7b5bf4ca348eeeebf8cc3660712859a5a1fbf18e83217a57ce203fb51d5c2
u03-s002-v002,question,estimatedTimeSec,2,2,f369cb89fc627e668987007d121ed1eacdc01db9e28f8bb26f358b7d8c4f08ac
u03-s002-v002,question,prerequisiteSkillIds[0],30,30,eab9451613a770af13f15402cb783408dd974895ff6c7c5c8b5f6f31ea384ad5
u03-s002-v002,question,authoringIntent,11,33,03ee5c2d44a7a501f8833fd774af873412c9a80018b1677c740bb7922dfc6c22
u03-s002-v002,question,reviewStatus,22,22,ec809598e2f7fcc69fad54c9cd045bba62b4a0dc7c0ff90d4efdc3788c9ad8fb
u03-s002-v002,question,contentSha256,64,64,ef96a2f1b8075dbce3312799b41bccc42f1abb9ccdc614a201953bdbbd770648
u03-s002-v002,question,contentAuthority,25,25,ed40f75ffe3d6ad4e71f6e7919d063410490de360edb425965eccd605ca9d79e
u03-s002-v002,question,legacyContentDisposition,39,39,2efcc87c0c9673d2efe77735ae75582eb178c880b07035d8695f010e324b7c71
u03-s002-v003,question,questionId,13,13,4a4adea620ba19c1a880252302f8f0aead85216327a66fbc59a7c177c3b22dbf
u03-s002-v003,question,unitId,3,3,97ce842ec69dee17c1842918e63b9d4042fa4b35007146dcfb80a09c5000888a
u03-s002-v003,question,topicId,21,21,1f32a922c9323d4c5f771b01b463504a5b9e42a4e1697b8276a36409063e5bcc
u03-s002-v003,question,skillId,26,26,2b4aad514f44f267f2a019a82f0d3a877a6579002579c578222b58ab48502b66
u03-s002-v003,question,difficulty,5,5,fbb7b5bf4ca348eeeebf8cc3660712859a5a1fbf18e83217a57ce203fb51d5c2
u03-s002-v003,question,type,2,2,6bc0f9c4ecb0acbebf1b9f6c816bdd66f4885f67c917d9e141cf893014fba936
u03-s002-v003,question,visualMode,9,9,9c7d54b0bf7a9369d8594201c7b11955514343809d09fbec33966c1fd9794015
u03-s002-v003,question,sourceScope,19,19,a4b669ddb8ef1883391c07a7b633f12eeaeecee7ec37c09eea4931aff6644346
u03-s002-v003,question,text,14,28,6ca1e086380fba54d9bd32cc78f2c9b3b47596ecad67a47c19edf2bad37729af
u03-s002-v003,question,choices[0],4,6,9461b5114a5b4abe4317bf63ea7c6a5b3e947da707331af453317980ac85deb1
u03-s002-v003,question,choices[1],5,7,188831b3a6075fbf86f070a1dc366042566c5b30b9635560d8ed7dee42ec8145
u03-s002-v003,question,choices[2],5,7,693e3baee8ac4e2d7af733759f24a458f444457d8b4e98968ba9a428dfcfda3a
u03-s002-v003,question,choices[3],5,7,f3976f05600402ddc9b55eef3c84f49d93c813b9d66e3962d54a98ba12df7cbd
u03-s002-v003,question,explanation,44,104,e6f20eb1b041fa584c96639e86cfa8d4baf23232b7dacc49ddf0228b9b060e34
u03-s002-v003,question,steps[0],11,29,e995339d46cb5b6a66abb01fdce8a89ba92e80a07bdde0a437f64da32f9bfeeb
u03-s002-v003,question,steps[1],8,18,e09f6e8c8a68a867d694854949dd2f96b5b537683eaa956b85c790d6bcd073e8
u03-s002-v003,question,steps[2],9,17,1d940be8bec33c136f9bcd2ed1b51e13214d4bf26ef484458c1aed9b05645f68
u03-s002-v003,question,optionAnalysis[0].choice,4,6,9461b5114a5b4abe4317bf63ea7c6a5b3e947da707331af453317980ac85deb1
u03-s002-v003,question,optionAnalysis[0].reason,12,30,444079ce5b5e6483466e9d6c38a1d28c4a625771414f5955b04f03a7d5b34b38
u03-s002-v003,question,optionAnalysis[1].choice,5,7,188831b3a6075fbf86f070a1dc366042566c5b30b9635560d8ed7dee42ec8145
u03-s002-v003,question,optionAnalysis[1].reason,9,21,42c5c067325e50f125923f197b9351e0bc2df757caf5a9b801e955d916bce411
u03-s002-v003,question,optionAnalysis[2].choice,5,7,693e3baee8ac4e2d7af733759f24a458f444457d8b4e98968ba9a428dfcfda3a
u03-s002-v003,question,optionAnalysis[2].reason,29,65,306ecffb0bb2f1de6357ff75712d37fd2707418c91b626103747782abbf7ef2a
u03-s002-v003,question,optionAnalysis[3].choice,5,7,f3976f05600402ddc9b55eef3c84f49d93c813b9d66e3962d54a98ba12df7cbd
u03-s002-v003,question,optionAnalysis[3].reason,11,33,7fce70f15c57e0c7a5cfa86bbc565286420884d62ff9a6174b7a585e7ae7ebf1
u03-s002-v003,question,commonMistake,11,33,d83c38a5aceec779cdd434be35f8dcf2d8fa30070f1772df7661c3a30d86f639
u03-s002-v003,question,concept,14,42,ec1dc70fdccd7a63141403ad89f74ff67dd6cc8d042a608277aea743a2ce460b
u03-s002-v003,question,tags[0],2,6,32f6541b44ed479dbf6cc8c7dd98824e49e03974d72ad8b65c33383a9cbb349f
u03-s002-v003,question,tags[1],7,21,7a552c221fc273a778645d18b5546c5f7a34d35225ff4f63459628122f115a57
u03-s002-v003,question,tags[2],5,5,fbb7b5bf4ca348eeeebf8cc3660712859a5a1fbf18e83217a57ce203fb51d5c2
u03-s002-v003,question,estimatedTimeSec,2,2,f369cb89fc627e668987007d121ed1eacdc01db9e28f8bb26f358b7d8c4f08ac
u03-s002-v003,question,prerequisiteSkillIds[0],30,30,eab9451613a770af13f15402cb783408dd974895ff6c7c5c8b5f6f31ea384ad5
u03-s002-v003,question,authoringIntent,10,30,66f5d7d4f3862a36305de92b5fb63546e72538a328169701d1e8d472b8c75051
u03-s002-v003,question,reviewStatus,22,22,ec809598e2f7fcc69fad54c9cd045bba62b4a0dc7c0ff90d4efdc3788c9ad8fb
u03-s002-v003,question,contentSha256,64,64,2a3330db8263cc6dd36ac6b8fa5b7526429979a6ad3c51d1d92d23a35377aab3
u03-s002-v003,question,contentAuthority,25,25,ed40f75ffe3d6ad4e71f6e7919d063410490de360edb425965eccd605ca9d79e
u03-s002-v003,question,legacyContentDisposition,39,39,2efcc87c0c9673d2efe77735ae75582eb178c880b07035d8695f010e324b7c71
u03-s002-v004,question,questionId,13,13,c6cae578f172c52211ff95a1ecf0163db6905eaba2b339db73b6c58ab98ed842
u03-s002-v004,question,unitId,3,3,97ce842ec69dee17c1842918e63b9d4042fa4b35007146dcfb80a09c5000888a
u03-s002-v004,question,topicId,21,21,1f32a922c9323d4c5f771b01b463504a5b9e42a4e1697b8276a36409063e5bcc
u03-s002-v004,question,skillId,26,26,2b4aad514f44f267f2a019a82f0d3a877a6579002579c578222b58ab48502b66
u03-s002-v004,question,difficulty,8,8,fe6d3468cf5c74d8ec2a95b40f2e05338c37a4202f8fad692d2b64a9cf9b468a
u03-s002-v004,question,type,2,2,6bc0f9c4ecb0acbebf1b9f6c816bdd66f4885f67c917d9e141cf893014fba936
u03-s002-v004,question,visualMode,9,9,9c7d54b0bf7a9369d8594201c7b11955514343809d09fbec33966c1fd9794015
u03-s002-v004,question,sourceScope,19,19,a4b669ddb8ef1883391c07a7b633f12eeaeecee7ec37c09eea4931aff6644346
u03-s002-v004,question,text,13,23,87524676ee9eca0f5b8c370bee8a8a7862f4b658e94bdb122182b98416475d53
u03-s002-v004,question,choices[0],4,6,b2b626079ffab50d3f2d40f59e0551aee1b8dd8b4ddc39b54440497550ff3526
u03-s002-v004,question,choices[1],4,6,b215caa6b795c391701af4b323e2c2f31a29dcc5d88f1c57258dcd8853700ae2
u03-s002-v004,question,choices[2],2,2,528e5b52f8af950aa50e57ca7fc0c1f13924bd65328970ce80f30e2b4bf62591
u03-s002-v004,question,choices[3],4,6,bc86b11a45218d5b42baacbada1196e4c5e79ff9b4904ff90adffeb8959ed56b
u03-s002-v004,question,explanation,37,87,538eaf9d83e37aeb94677696b5f5d5ed00119f2352a09175318a5bb1ac8a4037
u03-s002-v004,question,steps[0],6,18,4dd9dd848af8fc8a44a46f5369844b817d4555257fec12fff8f6647fdb19231b
u03-s002-v004,question,steps[1],9,17,1518b22c868b28e08325abb3582b6c406cfd6564e7ddf44a8eddd8c50741c8c0
u03-s002-v004,question,steps[2],7,13,bd07c5ca946cb5357ef3cd7e311fad23712e21ad2f4349468476f9668669df4b
u03-s002-v004,question,optionAnalysis[0].choice,4,6,b2b626079ffab50d3f2d40f59e0551aee1b8dd8b4ddc39b54440497550ff3526
u03-s002-v004,question,optionAnalysis[0].reason,12,32,eb2747c385d4b3611ae2f9ddcdbb416adde827c9154f09ea5fc0653afa7b6ef2
u03-s002-v004,question,optionAnalysis[1].choice,4,6,b215caa6b795c391701af4b323e2c2f31a29dcc5d88f1c57258dcd8853700ae2
u03-s002-v004,question,optionAnalysis[1].reason,9,19,918e237c0f91df33540a2b32348f6398f2c567225b746855e56a7a9cca16cda4
u03-s002-v004,question,optionAnalysis[2].choice,2,2,528e5b52f8af950aa50e57ca7fc0c1f13924bd65328970ce80f30e2b4bf62591
u03-s002-v004,question,optionAnalysis[2].reason,9,25,18b75fcb51da2b5c11a7e9215078e66b1190cb389ae5d06f65b41bb829e6b752
u03-s002-v004,question,optionAnalysis[3].choice,4,6,bc86b11a45218d5b42baacbada1196e4c5e79ff9b4904ff90adffeb8959ed56b
u03-s002-v004,question,optionAnalysis[3].reason,38,88,17276ed45c3819218dd12ba263d5fe0b80511991205c983cce49c90bf7632174
u03-s002-v004,question,commonMistake,14,42,a426e0c9f90c4f4c258281d08e44d1be99f4e70cfe6a8162bd752d2e06d76942
u03-s002-v004,question,concept,14,42,c4b0ccd508c2afb17c76764351847addeb576a0121cacf5e249abbf4daa49bbc
u03-s002-v004,question,tags[0],2,6,32f6541b44ed479dbf6cc8c7dd98824e49e03974d72ad8b65c33383a9cbb349f
u03-s002-v004,question,tags[1],7,21,7a552c221fc273a778645d18b5546c5f7a34d35225ff4f63459628122f115a57
u03-s002-v004,question,tags[2],8,8,fe6d3468cf5c74d8ec2a95b40f2e05338c37a4202f8fad692d2b64a9cf9b468a
u03-s002-v004,question,estimatedTimeSec,2,2,f369cb89fc627e668987007d121ed1eacdc01db9e28f8bb26f358b7d8c4f08ac
u03-s002-v004,question,prerequisiteSkillIds[0],30,30,eab9451613a770af13f15402cb783408dd974895ff6c7c5c8b5f6f31ea384ad5
u03-s002-v004,question,authoringIntent,8,24,089dcd552c69458c72a05f7ca509150e211b069eb8b154515c336ecb3825f97b
u03-s002-v004,question,reviewStatus,22,22,ec809598e2f7fcc69fad54c9cd045bba62b4a0dc7c0ff90d4efdc3788c9ad8fb
u03-s002-v004,question,contentSha256,64,64,5fb7897a6b22e95e44fb390ec63368ce2bd41b422e23f7315f326f46e113bc1f
u03-s002-v004,question,contentAuthority,25,25,ed40f75ffe3d6ad4e71f6e7919d063410490de360edb425965eccd605ca9d79e
u03-s002-v004,question,legacyContentDisposition,39,39,2efcc87c0c9673d2efe77735ae75582eb178c880b07035d8695f010e324b7c71
u03-s002-v005,question,questionId,13,13,1dc59d609f99faffc1336e46a1d2d9ddd288f057b1164b573db70789eed1d032
u03-s002-v005,question,unitId,3,3,97ce842ec69dee17c1842918e63b9d4042fa4b35007146dcfb80a09c5000888a
u03-s002-v005,question,topicId,21,21,1f32a922c9323d4c5f771b01b463504a5b9e42a4e1697b8276a36409063e5bcc
u03-s002-v005,question,skillId,26,26,2b4aad514f44f267f2a019a82f0d3a877a6579002579c578222b58ab48502b66
u03-s002-v005,question,difficulty,8,8,fe6d3468cf5c74d8ec2a95b40f2e05338c37a4202f8fad692d2b64a9cf9b468a
u03-s002-v005,question,type,2,2,6bc0f9c4ecb0acbebf1b9f6c816bdd66f4885f67c917d9e141cf893014fba936
u03-s002-v005,question,visualMode,9,9,9c7d54b0bf7a9369d8594201c7b11955514343809d09fbec33966c1fd9794015
u03-s002-v005,question,sourceScope,19,19,a4b669ddb8ef1883391c07a7b633f12eeaeecee7ec37c09eea4931aff6644346
u03-s002-v005,question,text,18,30,9a9a5fe30694aee4a3d7cb954f15a4ddb4440c434c4d72f1ebc7abb77f17965f
u03-s002-v005,question,choices[0],4,6,cb83e56bd5652be26c3db1cb341ce980025556d77837f1e4a3cb03fec2a507b3
u03-s002-v005,question,choices[1],5,7,3fca882bef7b476d27539818d3759f310c8784490efef484feaa505a7fba1f5a
u03-s002-v005,question,choices[2],6,8,310575cf25c2b71d298e23781f68c75db1e0c5fa9e18f0c78fad1bff04e66d41
u03-s002-v005,question,choices[3],4,6,5767980cedbc2370395abf95a08a3dc7e2b06b981697237dcb683810780c31a3
u03-s002-v005,question,explanation,44,84,e6b3c6473212c2b9d6d29e80ce26230aca3f661c1d1c4e331214b24bc1b6c95e
u03-s002-v005,question,steps[0],7,13,1509a366da788053953a8b9d44b8cbbe3a9f4dd5e2c634e2028e1ab6c5ddfe6f
u03-s002-v005,question,steps[1],13,17,cf77876d9abbf53f9da90ba8fa67658dab4f0406c3d2e43599101325aa72b0d2
u03-s002-v005,question,steps[2],8,14,997a94b64757f1612cc8b946a2a7dd9e2a9e99cd7c7cdbfc7066b9e522354dda
u03-s002-v005,question,optionAnalysis[0].choice,4,6,cb83e56bd5652be26c3db1cb341ce980025556d77837f1e4a3cb03fec2a507b3
u03-s002-v005,question,optionAnalysis[0].reason,12,36,c27e4207ea9205652cd28002390f6a996278baa7b8c7fc45568c49e2caf2b845
u03-s002-v005,question,optionAnalysis[1].choice,5,7,3fca882bef7b476d27539818d3759f310c8784490efef484feaa505a7fba1f5a
u03-s002-v005,question,optionAnalysis[1].reason,33,69,836f44cf692e98b79bc4bcbd699e27935e0048d027ec386e386a8a15cb69441b
u03-s002-v005,question,optionAnalysis[2].choice,6,8,310575cf25c2b71d298e23781f68c75db1e0c5fa9e18f0c78fad1bff04e66d41
u03-s002-v005,question,optionAnalysis[2].reason,11,31,fa3682a4a384b6433bc193185be9c1841f7cf0daa999562db26c85425bd4a947
u03-s002-v005,question,optionAnalysis[3].choice,4,6,5767980cedbc2370395abf95a08a3dc7e2b06b981697237dcb683810780c31a3
u03-s002-v005,question,optionAnalysis[3].reason,7,17,3441eafe66d8309a9ec740c853ae79b499347c5c8cb3e1e72bd609383d160fc9
u03-s002-v005,question,commonMistake,16,24,7cc5fce88fa98d8f41d492c70cce8e9f6822d84644325ac1702a352d307c7dab
u03-s002-v005,question,concept,12,36,d54b2cc4c75c6b43de7a0b468abc317c1209b1d899f8e2e5df2ac79f554540bb
u03-s002-v005,question,tags[0],2,6,32f6541b44ed479dbf6cc8c7dd98824e49e03974d72ad8b65c33383a9cbb349f
u03-s002-v005,question,tags[1],7,21,7a552c221fc273a778645d18b5546c5f7a34d35225ff4f63459628122f115a57
u03-s002-v005,question,tags[2],8,8,fe6d3468cf5c74d8ec2a95b40f2e05338c37a4202f8fad692d2b64a9cf9b468a
u03-s002-v005,question,estimatedTimeSec,2,2,f369cb89fc627e668987007d121ed1eacdc01db9e28f8bb26f358b7d8c4f08ac
u03-s002-v005,question,prerequisiteSkillIds[0],30,30,eab9451613a770af13f15402cb783408dd974895ff6c7c5c8b5f6f31ea384ad5
u03-s002-v005,question,authoringIntent,14,42,c3de7e8b1008fe7af969ba6aa64b9785aed1c48db9280962e6d6ad02bfe445a2
u03-s002-v005,question,reviewStatus,22,22,ec809598e2f7fcc69fad54c9cd045bba62b4a0dc7c0ff90d4efdc3788c9ad8fb
u03-s002-v005,question,contentSha256,64,64,90dd3024380b34e1cd4f7b766c143b71cf66b7cb46824bf971110c6e4079a8bf
u03-s002-v005,question,contentAuthority,25,25,ed40f75ffe3d6ad4e71f6e7919d063410490de360edb425965eccd605ca9d79e
u03-s002-v005,question,legacyContentDisposition,39,39,2efcc87c0c9673d2efe77735ae75582eb178c880b07035d8695f010e324b7c71
u03-s002-v006,question,questionId,13,13,4d03db7cb09eb14dcc4458fc50eff49fc5d2a2f35dad737df4e7574fc33f042a
u03-s002-v006,question,unitId,3,3,97ce842ec69dee17c1842918e63b9d4042fa4b35007146dcfb80a09c5000888a
u03-s002-v006,question,topicId,21,21,1f32a922c9323d4c5f771b01b463504a5b9e42a4e1697b8276a36409063e5bcc
u03-s002-v006,question,skillId,26,26,2b4aad514f44f267f2a019a82f0d3a877a6579002579c578222b58ab48502b66
u03-s002-v006,question,difficulty,8,8,fe6d3468cf5c74d8ec2a95b40f2e05338c37a4202f8fad692d2b64a9cf9b468a
u03-s002-v006,question,type,2,2,6bc0f9c4ecb0acbebf1b9f6c816bdd66f4885f67c917d9e141cf893014fba936
u03-s002-v006,question,visualMode,9,9,9c7d54b0bf7a9369d8594201c7b11955514343809d09fbec33966c1fd9794015
u03-s002-v006,question,sourceScope,19,19,a4b669ddb8ef1883391c07a7b633f12eeaeecee7ec37c09eea4931aff6644346
u03-s002-v006,question,text,17,31,d2ba459b6cacd1d2d1e2f3582f9429e8177cd2b99d10f49f0388781c4a846e10
u03-s002-v006,question,choices[0],5,7,120190dbe839c5ae9439c2258a97e0105de97d2eb7399e7436a84cc58966fef1
u03-s002-v006,question,choices[1],4,6,4c33606e253a4a6fc063ea5ec69749f03251c585fea0a2a4ba6ed8028c9cf430
u03-s002-v006,question,choices[2],6,10,18749cc40b0c86a462024f7f94f9434eb3b6d21e2d11fd6b60440a4f5bab3020
u03-s002-v006,question,choices[3],6,8,2dd4733891b0df80dc127b9cdbe45d2c834cd6d6a5f45aac6ad13244c4301d2d
u03-s002-v006,question,explanation,48,106,edefc0906a750e02c4d4fa92501af282a7eee8a4bc973bd317403697c14e95eb
u03-s002-v006,question,steps[0],11,23,9937f14a5702a971e2be0d09b5f566e8090f6da6a44611aeeedff84e59e73aaa
u03-s002-v006,question,steps[1],11,25,4a2f3f039d5780ba2c5cc1040bbccaf5478853e98bcc4e1815917c93a4c3aea6
u03-s002-v006,question,steps[2],9,15,dfe0cf9f9a04a5176f0024849e6bd4bf4e523d41e723ed324d33c08b1171a953
u03-s002-v006,question,optionAnalysis[0].choice,5,7,120190dbe839c5ae9439c2258a97e0105de97d2eb7399e7436a84cc58966fef1
u03-s002-v006,question,optionAnalysis[0].reason,9,25,763de48335a78fda2011c4478bdb3a98ef1f208736e3654883a06cf7863badfe
u03-s002-v006,question,optionAnalysis[1].choice,4,6,4c33606e253a4a6fc063ea5ec69749f03251c585fea0a2a4ba6ed8028c9cf430
u03-s002-v006,question,optionAnalysis[1].reason,13,25,5b322cc5cb7d11ad5dc2bfdad346b66f4e9a1dabbafc44cfccc2384e936ec294
u03-s002-v006,question,optionAnalysis[2].choice,6,10,18749cc40b0c86a462024f7f94f9434eb3b6d21e2d11fd6b60440a4f5bab3020
u03-s002-v006,question,optionAnalysis[2].reason,43,97,5d64160e60f9296d01090b995dee2b7430842f99efcedd7ffc7f544c3d4aec2c
u03-s002-v006,question,optionAnalysis[3].choice,6,8,2dd4733891b0df80dc127b9cdbe45d2c834cd6d6a5f45aac6ad13244c4301d2d
u03-s002-v006,question,optionAnalysis[3].reason,10,24,0e5ed3f401bd03fb0c94aa49093fb46d8432cfdef7edfba3b35df7538c2ef71c
u03-s002-v006,question,commonMistake,14,42,f32a9006c416998a31c973a173dbc4913e73ea40c9c75bb4e596bb135ae007c1
u03-s002-v006,question,concept,13,39,bcdcc4a86f6ad9dc5f1c09395678919ca5d34d93f08c2e1693cb43cc26a0c1e1
u03-s002-v006,question,tags[0],2,6,32f6541b44ed479dbf6cc8c7dd98824e49e03974d72ad8b65c33383a9cbb349f
u03-s002-v006,question,tags[1],7,21,7a552c221fc273a778645d18b5546c5f7a34d35225ff4f63459628122f115a57
u03-s002-v006,question,tags[2],8,8,fe6d3468cf5c74d8ec2a95b40f2e05338c37a4202f8fad692d2b64a9cf9b468a
u03-s002-v006,question,estimatedTimeSec,2,2,f369cb89fc627e668987007d121ed1eacdc01db9e28f8bb26f358b7d8c4f08ac
u03-s002-v006,question,prerequisiteSkillIds[0],30,30,eab9451613a770af13f15402cb783408dd974895ff6c7c5c8b5f6f31ea384ad5
u03-s002-v006,question,authoringIntent,13,39,4854b30f6b21616a3ebd0e6fed140cff1823c4d55c423e21ccefb015e8c08434
u03-s002-v006,question,reviewStatus,22,22,ec809598e2f7fcc69fad54c9cd045bba62b4a0dc7c0ff90d4efdc3788c9ad8fb
u03-s002-v006,question,contentSha256,64,64,94b8df0e5e9eb595d82154a9acff14970f77b606c98875630de7ba84daad086e
u03-s002-v006,question,contentAuthority,25,25,ed40f75ffe3d6ad4e71f6e7919d063410490de360edb425965eccd605ca9d79e
u03-s002-v006,question,legacyContentDisposition,39,39,2efcc87c0c9673d2efe77735ae75582eb178c880b07035d8695f010e324b7c71
u03-s002-v007,question,questionId,13,13,819c1e548093b9e7b9b070cb0d1ca1413aa12c55224b2163c5a18bf63d69c800
u03-s002-v007,question,unitId,3,3,97ce842ec69dee17c1842918e63b9d4042fa4b35007146dcfb80a09c5000888a
u03-s002-v007,question,topicId,21,21,1f32a922c9323d4c5f771b01b463504a5b9e42a4e1697b8276a36409063e5bcc
u03-s002-v007,question,skillId,26,26,2b4aad514f44f267f2a019a82f0d3a877a6579002579c578222b58ab48502b66
u03-s002-v007,question,difficulty,8,8,d21f85ea38166303ce58e06134b5cc4a5c900c409ab2a500ff7c9225109a09bb
u03-s002-v007,question,type,2,2,6bc0f9c4ecb0acbebf1b9f6c816bdd66f4885f67c917d9e141cf893014fba936
u03-s002-v007,question,visualMode,9,9,9c7d54b0bf7a9369d8594201c7b11955514343809d09fbec33966c1fd9794015
u03-s002-v007,question,sourceScope,19,19,a4b669ddb8ef1883391c07a7b633f12eeaeecee7ec37c09eea4931aff6644346
u03-s002-v007,question,text,22,36,467a925f5a9994487fcecf9d7318c86aba209e478c109cd0d30c89aaf171b039
u03-s002-v007,question,choices[0],4,6,81ac6d7c3792f7fda63cb681e648e04eee36f849e8159078a50fb61558ef3278
u03-s002-v007,question,choices[1],4,6,45e78f5cd2fd7c4cb0a32425763467b1cab1e6d4685b0eb72146c5cfcc3d3cbe
u03-s002-v007,question,choices[2],4,6,6a5e2cb506ac0dfbd2886ef7fcf37c45905526e9f3874232ed1ae9f174d2ac68
u03-s002-v007,question,choices[3],4,6,fe971c5a37f75aa9d5ffcc5576a83bad47b6a17f9d34f2b17ddf0917e0bc8601
u03-s002-v007,question,explanation,52,92,05e988a745a73ac310d0650ce664dc0ae64faf9b0b685e26b3d4c044d99e1c09
u03-s002-v007,question,steps[0],15,21,eba977cc92eb0aaf57941ea11a1c072787cc83900437268d8a46faedd4cc7929
u03-s002-v007,question,steps[1],9,19,51b43e18ef2e9f65a0ea2bfc053e440bd8384d77be7bcdecee4687be3b093beb
u03-s002-v007,question,steps[2],13,13,087c3327a6b1743b35c8059d74a3061cdc74308e914e19ba4a7bb83ed5b8fc93
u03-s002-v007,question,optionAnalysis[0].choice,4,6,81ac6d7c3792f7fda63cb681e648e04eee36f849e8159078a50fb61558ef3278
u03-s002-v007,question,optionAnalysis[0].reason,11,33,10a5e816e8ce83f53bd2db9e97c9a4498d3a13b03d88359f811883b06486a1da
u03-s002-v007,question,optionAnalysis[1].choice,4,6,45e78f5cd2fd7c4cb0a32425763467b1cab1e6d4685b0eb72146c5cfcc3d3cbe
u03-s002-v007,question,optionAnalysis[1].reason,12,24,02c36382d819f113367bff8723b71437e5a3a78ffce898a7786c2b0a40f5e7cd
u03-s002-v007,question,optionAnalysis[2].choice,4,6,6a5e2cb506ac0dfbd2886ef7fcf37c45905526e9f3874232ed1ae9f174d2ac68
u03-s002-v007,question,optionAnalysis[2].reason,13,27,532171d786c35f21815d754280fbf59d2b4efcf5c1efbf801f88e1e2532fc88c
u03-s002-v007,question,optionAnalysis[3].choice,4,6,fe971c5a37f75aa9d5ffcc5576a83bad47b6a17f9d34f2b17ddf0917e0bc8601
u03-s002-v007,question,optionAnalysis[3].reason,58,106,337d8d0f5023319518c74f0e38573349822543241c3686d0ae59da5c91c65486
u03-s002-v007,question,commonMistake,13,39,a0036fc7d211aac7f2c7a3a694aabee1c2d4edcc6965e0bc1351314cc8367c84
u03-s002-v007,question,concept,16,48,552c8ab1f06177057ee6342afd63453549edcc4a4c16fae41f109cf59e9e43c4
u03-s002-v007,question,tags[0],2,6,32f6541b44ed479dbf6cc8c7dd98824e49e03974d72ad8b65c33383a9cbb349f
u03-s002-v007,question,tags[1],7,21,7a552c221fc273a778645d18b5546c5f7a34d35225ff4f63459628122f115a57
u03-s002-v007,question,tags[2],8,8,d21f85ea38166303ce58e06134b5cc4a5c900c409ab2a500ff7c9225109a09bb
u03-s002-v007,question,estimatedTimeSec,2,2,f369cb89fc627e668987007d121ed1eacdc01db9e28f8bb26f358b7d8c4f08ac
u03-s002-v007,question,prerequisiteSkillIds[0],30,30,eab9451613a770af13f15402cb783408dd974895ff6c7c5c8b5f6f31ea384ad5
u03-s002-v007,question,authoringIntent,9,27,262bedd1218761d525891e82c1825f1740b3744d2b89f3e3234db707a11bf3bd
u03-s002-v007,question,reviewStatus,22,22,ec809598e2f7fcc69fad54c9cd045bba62b4a0dc7c0ff90d4efdc3788c9ad8fb
u03-s002-v007,question,contentSha256,64,64,c6f294327eb1bba7bf1faf92a4617c320843ceff91e9ac6d9460332fd75662ce
u03-s002-v007,question,contentAuthority,25,25,ed40f75ffe3d6ad4e71f6e7919d063410490de360edb425965eccd605ca9d79e
u03-s002-v007,question,legacyContentDisposition,39,39,2efcc87c0c9673d2efe77735ae75582eb178c880b07035d8695f010e324b7c71
u03-s002-v008,question,questionId,13,13,96c6ef2929244e4db1080d0d6e569d3f6ecd1a066a684c83c8da9bd2fb522f81
u03-s002-v008,question,unitId,3,3,97ce842ec69dee17c1842918e63b9d4042fa4b35007146dcfb80a09c5000888a
u03-s002-v008,question,topicId,21,21,1f32a922c9323d4c5f771b01b463504a5b9e42a4e1697b8276a36409063e5bcc
u03-s002-v008,question,skillId,26,26,2b4aad514f44f267f2a019a82f0d3a877a6579002579c578222b58ab48502b66
u03-s002-v008,question,difficulty,8,8,d21f85ea38166303ce58e06134b5cc4a5c900c409ab2a500ff7c9225109a09bb
u03-s002-v008,question,type,2,2,6bc0f9c4ecb0acbebf1b9f6c816bdd66f4885f67c917d9e141cf893014fba936
u03-s002-v008,question,visualMode,9,9,9c7d54b0bf7a9369d8594201c7b11955514343809d09fbec33966c1fd9794015
u03-s002-v008,question,sourceScope,19,19,a4b669ddb8ef1883391c07a7b633f12eeaeecee7ec37c09eea4931aff6644346
u03-s002-v008,question,text,23,35,72ff0bb082b96eb71837df363bccc7c7c706e3150f8050704d3fc5998f4282f8
u03-s002-v008,question,choices[0],2,2,ac74f8ab5b244e70e4dbe0c8095b095cb89047d2b484aa5b433e2de738f60cac
u03-s002-v008,question,choices[1],4,6,69e342f0d717ce78db5b8d3acfdd537dbf40a62b90b3731a403346c5d4285d71
u03-s002-v008,question,choices[2],2,2,35e93eb65d07f8e8fd5910c5ebe5925822a5d856f4b1c3c1af6e9f2b9193b806
u03-s002-v008,question,choices[3],2,2,ff6a421c6ea3b401f7b74fd92785d09e2b3c480fdf4dc860d47d8fdfe0591ca4
u03-s002-v008,question,explanation,39,83,e0f296d4df275054301df230b57492a5c026ba530c1db83750ab033bd5c4d205
u03-s002-v008,question,steps[0],12,22,4368518cbeef33966366d9fd4cd69905a683c3e8e6f3cb0d78f114658f5e1124
u03-s002-v008,question,steps[1],9,15,a7bd2ba86a21efed228b02dcd841ebb54ba670bb77357c10f9ae6ad7c8118dd5
u03-s002-v008,question,steps[2],5,11,4e75ff9920b8f58aa946df39289c419f44d1552f7529c721702530d6fe696bfe
u03-s002-v008,question,optionAnalysis[0].choice,2,2,ac74f8ab5b244e70e4dbe0c8095b095cb89047d2b484aa5b433e2de738f60cac
u03-s002-v008,question,optionAnalysis[0].reason,39,97,1489e8a9f7df9590c702f88e84ebe59b823e58e1cee259f88cb52f4e6dfefaf0
u03-s002-v008,question,optionAnalysis[1].choice,4,6,69e342f0d717ce78db5b8d3acfdd537dbf40a62b90b3731a403346c5d4285d71
u03-s002-v008,question,optionAnalysis[1].reason,6,18,56fc8a87f1d8012f4d73ae0517127145769cbfc67d21eeda9fabf2c422b93a03
u03-s002-v008,question,optionAnalysis[2].choice,2,2,35e93eb65d07f8e8fd5910c5ebe5925822a5d856f4b1c3c1af6e9f2b9193b806
u03-s002-v008,question,optionAnalysis[2].reason,7,19,f70baf645cabc64596429115b613fae8036a0b2d118a03ff42d9c4866c000a59
u03-s002-v008,question,optionAnalysis[3].choice,2,2,ff6a421c6ea3b401f7b74fd92785d09e2b3c480fdf4dc860d47d8fdfe0591ca4
u03-s002-v008,question,optionAnalysis[3].reason,10,28,e00bc421b91665cf22fb42ffbdd03ee89414e78ca431d1d1b962deb43c992a58
u03-s002-v008,question,commonMistake,14,42,51b0696ce369af0709b8d201df7ac8a1eb65759883fe7ec197952c67c6620dda
u03-s002-v008,question,concept,10,30,5baae6b09b9ed17646f06218f53d50e772d205a1c6217ac168aee863fb0ce5fa
u03-s002-v008,question,tags[0],2,6,32f6541b44ed479dbf6cc8c7dd98824e49e03974d72ad8b65c33383a9cbb349f
u03-s002-v008,question,tags[1],7,21,7a552c221fc273a778645d18b5546c5f7a34d35225ff4f63459628122f115a57
u03-s002-v008,question,tags[2],8,8,d21f85ea38166303ce58e06134b5cc4a5c900c409ab2a500ff7c9225109a09bb
u03-s002-v008,question,estimatedTimeSec,2,2,f369cb89fc627e668987007d121ed1eacdc01db9e28f8bb26f358b7d8c4f08ac
u03-s002-v008,question,prerequisiteSkillIds[0],30,30,eab9451613a770af13f15402cb783408dd974895ff6c7c5c8b5f6f31ea384ad5
u03-s002-v008,question,authoringIntent,11,33,c5426464e3ad2873eb41aec2be26197ea47b483c082cf4058236985e2f44c19a
u03-s002-v008,question,reviewStatus,22,22,ec809598e2f7fcc69fad54c9cd045bba62b4a0dc7c0ff90d4efdc3788c9ad8fb
u03-s002-v008,question,contentSha256,64,64,5d500d62998362cfed26933de6bedec013eb2e1db68ab08e419df13e992bdad0
u03-s002-v008,question,contentAuthority,25,25,ed40f75ffe3d6ad4e71f6e7919d063410490de360edb425965eccd605ca9d79e
u03-s002-v008,question,legacyContentDisposition,39,39,2efcc87c0c9673d2efe77735ae75582eb178c880b07035d8695f010e324b7c71
u03-s002-v009,question,questionId,13,13,95eed0330d780e2b7900e142bc0a2659aee368794ff3fc9968138548ef432d76
u03-s002-v009,question,unitId,3,3,97ce842ec69dee17c1842918e63b9d4042fa4b35007146dcfb80a09c5000888a
u03-s002-v009,question,topicId,21,21,1f32a922c9323d4c5f771b01b463504a5b9e42a4e1697b8276a36409063e5bcc
u03-s002-v009,question,skillId,26,26,2b4aad514f44f267f2a019a82f0d3a877a6579002579c578222b58ab48502b66
u03-s002-v009,question,difficulty,8,8,d21f85ea38166303ce58e06134b5cc4a5c900c409ab2a500ff7c9225109a09bb
u03-s002-v009,question,type,2,2,6bc0f9c4ecb0acbebf1b9f6c816bdd66f4885f67c917d9e141cf893014fba936
u03-s002-v009,question,visualMode,9,9,9c7d54b0bf7a9369d8594201c7b11955514343809d09fbec33966c1fd9794015
u03-s002-v009,question,sourceScope,19,19,a4b669ddb8ef1883391c07a7b633f12eeaeecee7ec37c09eea4931aff6644346
u03-s002-v009,question,text,22,34,f8f4d40e2bbc518e017b8dd0f5ec117a9b9ada577efc409ceb2d5fbbeca3ddd3
u03-s002-v009,question,choices[0],6,8,62cece8545f33bbeac8985aee408d43d8ab77d01ad9b737d30df4d113b4b17c9
u03-s002-v009,question,choices[1],6,8,224a3e1a7cf7ff542dec902f35ae39cf8eb224a850fe390531210e9561583cd9
u03-s002-v009,question,choices[2],8,10,4b0cd1d8a93af1787c8793a1825c9ce84e543cab631c2e5967412f35384673a3
u03-s002-v009,question,choices[3],8,10,22bb527e83bd4a2451b1fd067b1e4f24beef90850520fb93e26486f0976d7327
u03-s002-v009,question,explanation,61,119,cc6867db7f38fb83cb6b195123459339f424d5d1a767171cedc7a0e6b8735233
u03-s002-v009,question,steps[0],15,29,e6522983f9e1737a0a71cd437e4e3c01324f4ea31a6f9449986e1b93a6baa61b
u03-s002-v009,question,steps[1],16,30,c279f147ccd90e4b9ea4680d65e91e99a0d1ca9374b96692750fe756b57ecc92
u03-s002-v009,question,steps[2],11,17,0ab4bdc388af5eec67a39b860960103fc65917935c5022c311b9e785434e800f
u03-s002-v009,question,optionAnalysis[0].choice,6,8,62cece8545f33bbeac8985aee408d43d8ab77d01ad9b737d30df4d113b4b17c9
u03-s002-v009,question,optionAnalysis[0].reason,8,16,64d25b765dee9597dc58846f650e7eb080c89cd3aed3c25218f282d38d2f7249
u03-s002-v009,question,optionAnalysis[1].choice,6,8,224a3e1a7cf7ff542dec902f35ae39cf8eb224a850fe390531210e9561583cd9
u03-s002-v009,question,optionAnalysis[1].reason,13,23,71d5496fe2b55dc69435183be6207a5ab6c62add76b6394e076178729acd5bc3
u03-s002-v009,question,optionAnalysis[2].choice,8,10,4b0cd1d8a93af1787c8793a1825c9ce84e543cab631c2e5967412f35384673a3
u03-s002-v009,question,optionAnalysis[2].reason,64,102,22f0258c9a345c88ceb36426eb60dc4b3adf8a3a3de5c4d532ab0b6171c7d0b0
u03-s002-v009,question,optionAnalysis[3].choice,8,10,22bb527e83bd4a2451b1fd067b1e4f24beef90850520fb93e26486f0976d7327
u03-s002-v009,question,optionAnalysis[3].reason,15,25,47030be82ae4b7201921da5265d486e8445f6234125322569a82eae6662b494a
u03-s002-v009,question,commonMistake,14,42,b170e2d8dbac14b2856442e6908ee9680973a78ed29bb3b34fff6e8339f75d82
u03-s002-v009,question,concept,11,33,a1ace7265ce040d85d79c6dfc861017b81a7a42aabb75ce44d15a34d7d40ec25
u03-s002-v009,question,tags[0],2,6,32f6541b44ed479dbf6cc8c7dd98824e49e03974d72ad8b65c33383a9cbb349f
u03-s002-v009,question,tags[1],7,21,7a552c221fc273a778645d18b5546c5f7a34d35225ff4f63459628122f115a57
u03-s002-v009,question,tags[2],8,8,d21f85ea38166303ce58e06134b5cc4a5c900c409ab2a500ff7c9225109a09bb
u03-s002-v009,question,estimatedTimeSec,2,2,f369cb89fc627e668987007d121ed1eacdc01db9e28f8bb26f358b7d8c4f08ac
u03-s002-v009,question,prerequisiteSkillIds[0],30,30,eab9451613a770af13f15402cb783408dd974895ff6c7c5c8b5f6f31ea384ad5
u03-s002-v009,question,authoringIntent,12,36,e4721b5902f491b5f0646f93235734d75908e3a435bf896d5d3bc9c33e1f9eb3
u03-s002-v009,question,reviewStatus,22,22,ec809598e2f7fcc69fad54c9cd045bba62b4a0dc7c0ff90d4efdc3788c9ad8fb
u03-s002-v009,question,contentSha256,64,64,dce24d4eba8ab67ecc8b4b00a097b4ce903bfaa24ddc455471e9233993ede607
u03-s002-v009,question,contentAuthority,25,25,ed40f75ffe3d6ad4e71f6e7919d063410490de360edb425965eccd605ca9d79e
u03-s002-v009,question,legacyContentDisposition,39,39,2efcc87c0c9673d2efe77735ae75582eb178c880b07035d8695f010e324b7c71
u03-s002-v010,question,questionId,13,13,8a65ea7079ea7c537f97fbc04ebdad7d3747d90543ee43e1d7f1c700d165f0e0
u03-s002-v010,question,unitId,3,3,97ce842ec69dee17c1842918e63b9d4042fa4b35007146dcfb80a09c5000888a
u03-s002-v010,question,topicId,21,21,1f32a922c9323d4c5f771b01b463504a5b9e42a4e1697b8276a36409063e5bcc
u03-s002-v010,question,skillId,26,26,2b4aad514f44f267f2a019a82f0d3a877a6579002579c578222b58ab48502b66
u03-s002-v010,question,difficulty,8,8,578756ca4aa16d8872610a5aaa78460fd30fbe93379ff7284fe65d66ca606755
u03-s002-v010,question,type,2,2,6bc0f9c4ecb0acbebf1b9f6c816bdd66f4885f67c917d9e141cf893014fba936
u03-s002-v010,question,visualMode,9,9,9c7d54b0bf7a9369d8594201c7b11955514343809d09fbec33966c1fd9794015
u03-s002-v010,question,sourceScope,19,19,a4b669ddb8ef1883391c07a7b633f12eeaeecee7ec37c09eea4931aff6644346
u03-s002-v010,question,text,35,87,c428cd1ddeca6d08b8d2ffb777837382b7faaa0861deaeddca3531614483ceab
u03-s002-v010,question,choices[0],4,6,5b847dea611828989f8c1b6987bc8e5d15506ec618dca7ac19c7e05b69e93950
u03-s002-v010,question,choices[1],4,6,5547e13fa312471c62824354589d035d66b3621e96fdb9a4b8b2252d069e3c29
u03-s002-v010,question,choices[2],4,6,7934c51d0ff0d94cb228615ee07efe5d9904c7bb588cb53006f847a53106a066
u03-s002-v010,question,choices[3],4,6,9c0bee8abfdae00899cf1ea90321318410847400fae7f6ae7947e8fe3a30b391
u03-s002-v010,question,explanation,41,99,6f3b2d76ad579a75227890eeaffe12765a28b0590c05fafa7ff7b16f97f3316b
u03-s002-v010,question,steps[0],12,28,94f9ab301834bc354cce9c7a114f171d08593326fd496b970e8fcf41268e275e
u03-s002-v010,question,steps[1],6,16,4857ef363a8f027e002c5e4d6510618754e1cc10830febb24ad35e32682baa6c
u03-s002-v010,question,steps[2],8,16,638a52ebc72b2355436e53aca2c88f2ed461b0ca34af756bf926712ea5a6b9c8
u03-s002-v010,question,optionAnalysis[0].choice,4,6,5b847dea611828989f8c1b6987bc8e5d15506ec618dca7ac19c7e05b69e93950
u03-s002-v010,question,optionAnalysis[0].reason,6,18,9310a7fbbf3f019e6382d5c6161a9424eb414f34a0a9d0440988e8ceb58d9536
u03-s002-v010,question,optionAnalysis[1].choice,4,6,5547e13fa312471c62824354589d035d66b3621e96fdb9a4b8b2252d069e3c29
u03-s002-v010,question,optionAnalysis[1].reason,10,28,52f451024268613f6da1777402e523b3a9339cc8902a05172784c06485e97ed5
u03-s002-v010,question,optionAnalysis[2].choice,4,6,7934c51d0ff0d94cb228615ee07efe5d9904c7bb588cb53006f847a53106a066
u03-s002-v010,question,optionAnalysis[2].reason,10,28,31f599182690341ef5184f80adb74ec6b558caea7b0b0df035e66dd9a7697650
u03-s002-v010,question,optionAnalysis[3].choice,4,6,9c0bee8abfdae00899cf1ea90321318410847400fae7f6ae7947e8fe3a30b391
u03-s002-v010,question,optionAnalysis[3].reason,42,68,b570f3ebcd01576d9db7099fdf48130d8fd71733f331361098baf88431d09ac0
u03-s002-v010,question,commonMistake,9,27,1a0bfe1520a96eb283bd8a2d3b0314e78a7906d5c1bd014da30df97c440676af
u03-s002-v010,question,concept,15,45,57b0d209bcea2cc353695d0cad82d9b3815a4741a5fb53b04236c6e7c1f336e3
u03-s002-v010,question,tags[0],2,6,32f6541b44ed479dbf6cc8c7dd98824e49e03974d72ad8b65c33383a9cbb349f
u03-s002-v010,question,tags[1],7,21,7a552c221fc273a778645d18b5546c5f7a34d35225ff4f63459628122f115a57
u03-s002-v010,question,tags[2],8,8,578756ca4aa16d8872610a5aaa78460fd30fbe93379ff7284fe65d66ca606755
u03-s002-v010,question,estimatedTimeSec,2,2,f369cb89fc627e668987007d121ed1eacdc01db9e28f8bb26f358b7d8c4f08ac
u03-s002-v010,question,prerequisiteSkillIds[0],30,30,eab9451613a770af13f15402cb783408dd974895ff6c7c5c8b5f6f31ea384ad5
u03-s002-v010,question,authoringIntent,14,42,35752b19ffca9d7cfbd156653f83f03a9336c19db3831a985e22d3a2e4d79c97
u03-s002-v010,question,literacyContextNecessity,34,94,dffcf3ad8220091a64e618bdcd188d762eb43f2fdbaeee21aa617669e7a0b452
u03-s002-v010,question,reviewStatus,22,22,ec809598e2f7fcc69fad54c9cd045bba62b4a0dc7c0ff90d4efdc3788c9ad8fb
u03-s002-v010,question,contentSha256,64,64,609a16ca65d83db5694bb817714930ba88248e4fa4f871b0dc0977d829479ab6
u03-s002-v010,question,contentAuthority,25,25,ed40f75ffe3d6ad4e71f6e7919d063410490de360edb425965eccd605ca9d79e
u03-s002-v010,question,legacyContentDisposition,39,39,2efcc87c0c9673d2efe77735ae75582eb178c880b07035d8695f010e324b7c71
u03-s002-v011,question,questionId,13,13,5c8f350302e3cdbdff94e4106e0d7d9f617dc41b51675d0e2f71ec8f6a6a1cc3
u03-s002-v011,question,unitId,3,3,97ce842ec69dee17c1842918e63b9d4042fa4b35007146dcfb80a09c5000888a
u03-s002-v011,question,topicId,21,21,1f32a922c9323d4c5f771b01b463504a5b9e42a4e1697b8276a36409063e5bcc
u03-s002-v011,question,skillId,26,26,2b4aad514f44f267f2a019a82f0d3a877a6579002579c578222b58ab48502b66
u03-s002-v011,question,difficulty,8,8,578756ca4aa16d8872610a5aaa78460fd30fbe93379ff7284fe65d66ca606755
u03-s002-v011,question,type,2,2,6bc0f9c4ecb0acbebf1b9f6c816bdd66f4885f67c917d9e141cf893014fba936
u03-s002-v011,question,visualMode,9,9,9c7d54b0bf7a9369d8594201c7b11955514343809d09fbec33966c1fd9794015
u03-s002-v011,question,sourceScope,19,19,a4b669ddb8ef1883391c07a7b633f12eeaeecee7ec37c09eea4931aff6644346
u03-s002-v011,question,text,52,130,05a23870ae81536bb864651c9b3ba69c35a9938ca7c4e477b8a472d15efd7dba
u03-s002-v011,question,choices[0],6,8,5b9cd3ec686913d5af8cef345fdb38cbdda0212fe468601d7b26a77d825650bc
u03-s002-v011,question,choices[1],5,7,ec4908415f986f55f1ce33bca6df17d953c4006311ac903d0be7b3e36069b22d
u03-s002-v011,question,choices[2],5,7,2e5fdc7d2373b47b4d8c8a849ec97030e5cda11a2d98a789a01f15f30fbbb4f5
u03-s002-v011,question,choices[3],7,9,9746217c9543a35d837ccf5029c1b98396f2e83cea408406d5755d1476c6c7ce
u03-s002-v011,question,explanation,46,100,106327cc5bc4682b532e604cd6feb5f6797e5b75e9c3ef42f579961ffdfcd6b1
u03-s002-v011,question,steps[0],8,20,bdea5eb4f7877efd59f9b477b05ec62319add53f9dafa7c5114308bc68664464
u03-s002-v011,question,steps[1],12,24,08572f13cfa3ead6cf8efe9ae55ddc8f92f3e289d1474d2baf9bb81325233ed5
u03-s002-v011,question,steps[2],9,15,21a9d69e0f3a9b0d2fb09b64867b97f2f575718800e7779a961ae79bbb7bfa02
u03-s002-v011,question,optionAnalysis[0].choice,6,8,5b9cd3ec686913d5af8cef345fdb38cbdda0212fe468601d7b26a77d825650bc
u03-s002-v011,question,optionAnalysis[0].reason,44,86,df1ab1a4676b7c795cdc14530790e00bc9e39be53d362a9b4dbad91f513739fa
u03-s002-v011,question,optionAnalysis[1].choice,5,7,ec4908415f986f55f1ce33bca6df17d953c4006311ac903d0be7b3e36069b22d
u03-s002-v011,question,optionAnalysis[1].reason,9,23,5ecbc8b01dc162153c57ccd2e990fbdb01022d244d34a4f15f038851538734e5
u03-s002-v011,question,optionAnalysis[2].choice,5,7,2e5fdc7d2373b47b4d8c8a849ec97030e5cda11a2d98a789a01f15f30fbbb4f5
u03-s002-v011,question,optionAnalysis[2].reason,11,33,ece7e7ad560bea212979de3417e64b29d317cdc243d250dbdea82d648e4b5f15
u03-s002-v011,question,optionAnalysis[3].choice,7,9,9746217c9543a35d837ccf5029c1b98396f2e83cea408406d5755d1476c6c7ce
u03-s002-v011,question,optionAnalysis[3].reason,9,23,f0e6a43d3f854e0283f1190ecfdaed3820282c80bea63f1b3c659b5a4e412fc4
u03-s002-v011,question,commonMistake,14,34,748d75edacc9cdd8c4fc9868053a1357124c3880e33156ec9add930383775209
u03-s002-v011,question,concept,12,36,dd177505785fbb6c12eded3c048bccc612e6fea20d33f604739821d78b9dcf5c
u03-s002-v011,question,tags[0],2,6,32f6541b44ed479dbf6cc8c7dd98824e49e03974d72ad8b65c33383a9cbb349f
u03-s002-v011,question,tags[1],7,21,7a552c221fc273a778645d18b5546c5f7a34d35225ff4f63459628122f115a57
u03-s002-v011,question,tags[2],8,8,578756ca4aa16d8872610a5aaa78460fd30fbe93379ff7284fe65d66ca606755
u03-s002-v011,question,estimatedTimeSec,2,2,f369cb89fc627e668987007d121ed1eacdc01db9e28f8bb26f358b7d8c4f08ac
u03-s002-v011,question,prerequisiteSkillIds[0],30,30,eab9451613a770af13f15402cb783408dd974895ff6c7c5c8b5f6f31ea384ad5
u03-s002-v011,question,authoringIntent,13,39,c65232d16770f42220f8e5b8beb064e861181f7c813875ca3fdd65c4ce2058ce
u03-s002-v011,question,literacyContextNecessity,35,105,84a14ca6d42f05175d425548f66d3884da6772baf4e92ce6f5973206c2befd09
u03-s002-v011,question,reviewStatus,22,22,ec809598e2f7fcc69fad54c9cd045bba62b4a0dc7c0ff90d4efdc3788c9ad8fb
u03-s002-v011,question,contentSha256,64,64,579bb3e55da4e9dfdcd595c29a3a7fb5afbbc90a9b58f998a17d1feaf5856e76
u03-s002-v011,question,contentAuthority,25,25,ed40f75ffe3d6ad4e71f6e7919d063410490de360edb425965eccd605ca9d79e
u03-s002-v011,question,legacyContentDisposition,39,39,2efcc87c0c9673d2efe77735ae75582eb178c880b07035d8695f010e324b7c71
u03-s002-v012,question,questionId,13,13,cd3e149959ed328e0f18b5a32d66032ffda9bef68c9ed0d18d7bb43100bf5d19
u03-s002-v012,question,unitId,3,3,97ce842ec69dee17c1842918e63b9d4042fa4b35007146dcfb80a09c5000888a
u03-s002-v012,question,topicId,21,21,1f32a922c9323d4c5f771b01b463504a5b9e42a4e1697b8276a36409063e5bcc
u03-s002-v012,question,skillId,26,26,2b4aad514f44f267f2a019a82f0d3a877a6579002579c578222b58ab48502b66
u03-s002-v012,question,difficulty,8,8,578756ca4aa16d8872610a5aaa78460fd30fbe93379ff7284fe65d66ca606755
u03-s002-v012,question,type,2,2,6bc0f9c4ecb0acbebf1b9f6c816bdd66f4885f67c917d9e141cf893014fba936
u03-s002-v012,question,visualMode,9,9,9c7d54b0bf7a9369d8594201c7b11955514343809d09fbec33966c1fd9794015
u03-s002-v012,question,sourceScope,19,19,a4b669ddb8ef1883391c07a7b633f12eeaeecee7ec37c09eea4931aff6644346
u03-s002-v012,question,text,40,96,2c48f56e4f3ba1efb36ab1ad2f6d84df2145a76d54746a4222e4bb23942af438
u03-s002-v012,question,choices[0],4,6,034eaede4499d9f88f6f1723a5cce9d3c0486789acc33c00fd497fd3262a31d2
u03-s002-v012,question,choices[1],4,6,8d64001d5dae77d1dbc628675ed6c9894526653b828f63bec5b2c93f86ea6f7f
u03-s002-v012,question,choices[2],5,7,e7f04a968c3c53946b633e5e84790dc3f20a04c736cde67e5406a917cd39b231
u03-s002-v012,question,choices[3],5,7,5bedb50c31c0bbd6d4e74dc7f069f6e7dda15f148b633e6f218d1b7484871f0f
u03-s002-v012,question,explanation,46,98,c0d0902421d601cd7d93e17c3620f2c14932ba0dc584b551f9a952bf7ab5fc4a
u03-s002-v012,question,steps[0],7,15,8a95821def1cfb88a7fd8e63a1fb38e96609844b291949dbdbd97848e4650a6e
u03-s002-v012,question,steps[1],14,22,e64a83ff1e098a1ff41575419556b284ad6fb85a0c51a527292dfb27e36319af
u03-s002-v012,question,steps[2],10,22,5213d6c7e4f01b3e69d61d5597bb1132e6daa64476c9027028c20dc6325b9f0a
u03-s002-v012,question,optionAnalysis[0].choice,4,6,034eaede4499d9f88f6f1723a5cce9d3c0486789acc33c00fd497fd3262a31d2
u03-s002-v012,question,optionAnalysis[0].reason,13,39,055fb0e59ddbba59b9ffb06d55a8ac04aba7c9005054000938aa757fa2f1d488
u03-s002-v012,question,optionAnalysis[1].choice,4,6,8d64001d5dae77d1dbc628675ed6c9894526653b828f63bec5b2c93f86ea6f7f
u03-s002-v012,question,optionAnalysis[1].reason,40,78,ad74cb49019adeae436b99b52f2be3b80c8331b9d4f4488c5c38f2dbdca41624
u03-s002-v012,question,optionAnalysis[2].choice,5,7,e7f04a968c3c53946b633e5e84790dc3f20a04c736cde67e5406a917cd39b231
u03-s002-v012,question,optionAnalysis[2].reason,10,20,5e4beb4a07a0135ea7616bab17f9d10e296fbb04cf6999f76812db84a75b390a
u03-s002-v012,question,optionAnalysis[3].choice,5,7,5bedb50c31c0bbd6d4e74dc7f069f6e7dda15f148b633e6f218d1b7484871f0f
u03-s002-v012,question,optionAnalysis[3].reason,12,30,3030632e4f0d300ce839b935c29e8e25af08d4edae5336139dcf1843a9424805
u03-s002-v012,question,commonMistake,13,37,2196acc3e70d3c18ed08a324da1ba746b62baff7c14ea2ae4fb57bff036e7503
u03-s002-v012,question,concept,13,39,1acc214807dd19e7b7c9a03532a91a1f65ccafd67c2a00c60fff0f046713fe03
u03-s002-v012,question,tags[0],2,6,32f6541b44ed479dbf6cc8c7dd98824e49e03974d72ad8b65c33383a9cbb349f
u03-s002-v012,question,tags[1],7,21,7a552c221fc273a778645d18b5546c5f7a34d35225ff4f63459628122f115a57
u03-s002-v012,question,tags[2],8,8,578756ca4aa16d8872610a5aaa78460fd30fbe93379ff7284fe65d66ca606755
u03-s002-v012,question,estimatedTimeSec,2,2,f369cb89fc627e668987007d121ed1eacdc01db9e28f8bb26f358b7d8c4f08ac
u03-s002-v012,question,prerequisiteSkillIds[0],30,30,eab9451613a770af13f15402cb783408dd974895ff6c7c5c8b5f6f31ea384ad5
u03-s002-v012,question,authoringIntent,14,42,6aba86b517c1e3cea20df80ad8eed7f3665f3b99c4b96ea944a8bd2ea3d1a83c
u03-s002-v012,question,literacyContextNecessity,39,97,6fd728e71d9c936dc9764f129ac5c1738913d11cb21e6e83c441a0711af7c06a
u03-s002-v012,question,reviewStatus,22,22,ec809598e2f7fcc69fad54c9cd045bba62b4a0dc7c0ff90d4efdc3788c9ad8fb
u03-s002-v012,question,contentSha256,64,64,9a320934f3ac3a1c3d92981ffa28cb3ab72ac4f207b698af376ad3004e89cc25
u03-s002-v012,question,contentAuthority,25,25,ed40f75ffe3d6ad4e71f6e7919d063410490de360edb425965eccd605ca9d79e
u03-s002-v012,question,legacyContentDisposition,39,39,2efcc87c0c9673d2efe77735ae75582eb178c880b07035d8695f010e324b7c71
u03-s002-cr001,question,questionId,14,14,65a9103ee342e36934e9946e6d164497e3dba3ccb4d3c845fa85c2991db840f9
u03-s002-cr001,question,unitId,3,3,97ce842ec69dee17c1842918e63b9d4042fa4b35007146dcfb80a09c5000888a
u03-s002-cr001,question,topicId,21,21,1f32a922c9323d4c5f771b01b463504a5b9e42a4e1697b8276a36409063e5bcc
u03-s002-cr001,question,skillId,26,26,2b4aad514f44f267f2a019a82f0d3a877a6579002579c578222b58ab48502b66
u03-s002-cr001,question,difficulty,8,8,fe6d3468cf5c74d8ec2a95b40f2e05338c37a4202f8fad692d2b64a9cf9b468a
u03-s002-cr001,question,type,20,20,e519496c259191db041ac61161dbfadb673dd94a10a123ed7423adcf7968ae7c
u03-s002-cr001,question,visualMode,9,9,9c7d54b0bf7a9369d8594201c7b11955514343809d09fbec33966c1fd9794015
u03-s002-cr001,question,prompt,38,80,9d704c6a32d2720fb729fd65c6c20e3e8a3c57c2889f9da997165de4653c019e
u03-s002-cr001,question,requiredWork[0],7,21,7cef20f905cdbc7aeeb8e93f2b56816170589ececfecf0836ac271de25a9e054
u03-s002-cr001,question,requiredWork[1],6,18,d80630924eb4142e75d804a8d556937debe733d9a24099e79fc86de5e7b7d60a
u03-s002-cr001,question,requiredWork[2],10,24,cf6f0dde970d6ffa15ad225563056f28c696cf5ac5c2c979b17801f928df4a9c
u03-s002-cr001,question,fullCreditSolution[0],17,25,67dc18fa3e346b70bc00b41141efcc708e2e64146fb25c95fe906c371912cc77
u03-s002-cr001,question,fullCreditSolution[1],10,18,b6ae40100e1ddfdeb4a34f35b80c4652f72ea0a3113cecc596ade226d34730f1
u03-s002-cr001,question,fullCreditSolution[2],20,32,2dba2b0e58dd44589e770a344fe4ab4dfe9bfe28d3cf8a00880d7f3f4de52a9c
u03-s002-cr001,question,alternativeSolutions[0],15,45,3b0e90c395762e5d484325fff2a2d6d89a7e067d04d3add9e16f1e2e29d3f721
u03-s002-cr001,question,rubric[0].criteria,17,39,cd8993674be7b9d42827a58c9289f4e8934758d05eaeda2aa54f8199feb3c5fc
u03-s002-cr001,question,rubric[1].criteria,21,63,71811b01643f50a4b93186edafca55b3166a6909151ee0f1def86cf62ec1af67
u03-s002-cr001,question,rubric[2].criteria,17,49,8c264c9838a2a440ccefd4283fb6df8c082285311aa8d0c2ab66d82fdc642a6e
u03-s002-cr001,question,rubric[3].criteria,14,42,d309097e032240034b795612c6dfd7792974dfacb8f3bf5272052c7f6214dd51
u03-s002-cr001,question,scoringNotes[0],14,42,cd605206f033bf9eb77fb66a20ada03efaf449b4f0635fc98dd861265ef39c50
u03-s002-cr001,question,scoringNotes[1],25,75,a2c565e5172ae5430bb229f94ce51035aa7b17f1f115f704476e4c19fc1098cf
u03-s002-cr001,question,commonErrors[0],16,22,609dd510f71b6449c028593c105fda66ee4343aba5cf550b4ae5121e55990c94
u03-s002-cr001,question,commonErrors[1],12,22,42d17184fd2b386a9f1eb6de9ceceb6c31e52aa808cca97901640aec8f2a696c
u03-s002-cr001,question,independentReview.derivedResult,16,28,7720a1c594ae4919186bd9998e57a69956f57db6118bdd2b586231324b2f54f3
u03-s002-cr001,question,independentReview.ambiguity,26,78,4b9998d99f5ff6b4c48867707da30b5a75387690128c1a0e4fdc7f35be5f3c7a
u03-s002-cr001,question,independentReview.decision,4,4,d74ff0ee8da3b9806b18c877dbf29bbde50b5bd8e4dad7a3a725000feb82e8f1
u03-s002-cr001,question,contentSha256,64,64,037b11b045adbc630841ff159bb665f6eff2ea297217b803318f2dd7b6e9a74d
u03-s002-cr001,question,contentAuthority,25,25,ed40f75ffe3d6ad4e71f6e7919d063410490de360edb425965eccd605ca9d79e
u03-s002-cr001,question,legacyContentDisposition,39,39,2efcc87c0c9673d2efe77735ae75582eb178c880b07035d8695f010e324b7c71
u03-s002-cr002,question,questionId,14,14,65440cde93da3d4d3228f4922b95af08d714fe5c917963075d75279e4c9b644a
u03-s002-cr002,question,unitId,3,3,97ce842ec69dee17c1842918e63b9d4042fa4b35007146dcfb80a09c5000888a
u03-s002-cr002,question,topicId,21,21,1f32a922c9323d4c5f771b01b463504a5b9e42a4e1697b8276a36409063e5bcc
u03-s002-cr002,question,skillId,26,26,2b4aad514f44f267f2a019a82f0d3a877a6579002579c578222b58ab48502b66
u03-s002-cr002,question,difficulty,8,8,d21f85ea38166303ce58e06134b5cc4a5c900c409ab2a500ff7c9225109a09bb
u03-s002-cr002,question,type,20,20,e519496c259191db041ac61161dbfadb673dd94a10a123ed7423adcf7968ae7c
u03-s002-cr002,question,visualMode,9,9,9c7d54b0bf7a9369d8594201c7b11955514343809d09fbec33966c1fd9794015
u03-s002-cr002,question,prompt,67,159,3a0372c1f8e63f1ecdd42d6f00a59d6f6e3d75ef695052177593f8201bbce008
u03-s002-cr002,question,requiredWork[0],10,30,eb160c412f5775ce037c5ef1e5a7a534f83d1e982616d01b83b4bef31da703d2
u03-s002-cr002,question,requiredWork[1],11,33,9e67541991affc67843dc0cef5113856717a740ec9c574694362888b276d86cc
u03-s002-cr002,question,fullCreditSolution[0],19,25,d9b3793cb4710d4923f86f56353e87b7f8df6414c565de38450a3d817e8dfa84
u03-s002-cr002,question,fullCreditSolution[1],24,26,0d93f04287d705988866778ce5a58982273fdb2f2d21e9328f8545c9cb52320b
u03-s002-cr002,question,fullCreditSolution[2],18,46,699d83a7d7cecad74784e0a558e9a00ef792b5801a65d405bad84a7db12934ca
u03-s002-cr002,question,alternativeSolutions[0],33,53,22d57df64b699fa70ee46f03192b6fa8fe8d6281fa3104fb5343976cbca3bb9b
u03-s002-cr002,question,rubric[0].criteria,16,48,f5a482f1f35a81161980e6cb0fd00cbdbb35756df6f17349e47dedca03a99d99
u03-s002-cr002,question,rubric[1].criteria,18,54,dfe4fdc507689de4ce494b1e64c5efbb3389d2381a84dfd1ea97febf10e9135a
u03-s002-cr002,question,rubric[2].criteria,26,48,33faf0bfc0c2534a15bcf5c59d84015cb999854772c8c82fb1a87fbedb99a4f0
u03-s002-cr002,question,rubric[3].criteria,14,42,ffcbda513db3de2171960af3023d538dc2b19968272fcf479c4c7300848ec467
u03-s002-cr002,question,scoringNotes[0],14,42,cd605206f033bf9eb77fb66a20ada03efaf449b4f0635fc98dd861265ef39c50
u03-s002-cr002,question,scoringNotes[1],25,75,a2c565e5172ae5430bb229f94ce51035aa7b17f1f115f704476e4c19fc1098cf
u03-s002-cr002,question,commonErrors[0],9,27,6d5274618f3785848536a048ffc73f12fb705f968abcb431e15c91e751527da2
u03-s002-cr002,question,commonErrors[1],12,28,1bc65f3e12e41f496e4a8c510a1806f3850cda7d68419683aef1ef22aeed3844
u03-s002-cr002,question,independentReview.derivedResult,9,11,9c93146dea68eea9a388c3ad6304b8dddf29a668245fde0f61662f832a456fff
u03-s002-cr002,question,independentReview.ambiguity,26,78,4b9998d99f5ff6b4c48867707da30b5a75387690128c1a0e4fdc7f35be5f3c7a
u03-s002-cr002,question,independentReview.decision,4,4,d74ff0ee8da3b9806b18c877dbf29bbde50b5bd8e4dad7a3a725000feb82e8f1
u03-s002-cr002,question,contentSha256,64,64,f2e3bacaf1888c78b14401479f9f30ebd56054ce5974c70e1878d98846ad0f97
u03-s002-cr002,question,contentAuthority,25,25,ed40f75ffe3d6ad4e71f6e7919d063410490de360edb425965eccd605ca9d79e
u03-s002-cr002,question,legacyContentDisposition,39,39,2efcc87c0c9673d2efe77735ae75582eb178c880b07035d8695f010e324b7c71
u03-s003-lecture-r1,lecture,lectureId,19,19,8e807d9049680e7b274ebbec13045a72ab40173ec09c04777ac0bf32a300071f
u03-s003-lecture-r1,lecture,unitId,3,3,97ce842ec69dee17c1842918e63b9d4042fa4b35007146dcfb80a09c5000888a
u03-s003-lecture-r1,lecture,topicId,27,27,5edc6d8adc97105fb624f3211c5e8b14178a37949edbbef037f75ad528a701a5
u03-s003-lecture-r1,lecture,skillId,32,32,2007f1ed592a8faae31ed2f532c28d3cbecb400adb6ebb8d85c5dab4a25001ee
u03-s003-lecture-r1,lecture,title,18,54,7be3533d16690bdb47705f0b2136cd96153f44eca16c7567211dcbe35fbf102c
u03-s003-lecture-r1,lecture,audience,10,30,e6b4416fbd9f36797de01256b31a4d6f6314e126fde8495e25792c814f64fc5f
u03-s003-lecture-r1,lecture,reviewStatus,22,22,ec809598e2f7fcc69fad54c9cd045bba62b4a0dc7c0ff90d4efdc3788c9ad8fb
u03-s003-lecture-r1,lecture,learningOutcomes[0],14,42,a0b41703bfa837b094495f62234e7ff74ad9bba78fd96c47c2910ac0b1417aa3
u03-s003-lecture-r1,lecture,learningOutcomes[1],15,45,1bc9ada2e8fb7922ba112a8f97f15a814e50cae16804e217f4baefd63b5d293a
u03-s003-lecture-r1,lecture,learningOutcomes[2],12,36,833f3d7313f7b6b47e9da8bee3c976b4c73aca468011da00e5389f5c12c71e7d
u03-s003-lecture-r1,lecture,learningOutcomes[3],13,39,b7cbeb638d4102c0d61c547be86608a97b15f1364347fba2d3805b92d80a9867
u03-s003-lecture-r1,lecture,prerequisites[0].skillId,26,26,2b4aad514f44f267f2a019a82f0d3a877a6579002579c578222b58ab48502b66
u03-s003-lecture-r1,lecture,prerequisites[0].requiredLevel,23,69,c2d005e1c103840a39c952d9ba58970f63b7bb1cf11cc0daeb8fae5eb78e043c
u03-s003-lecture-r1,lecture,glossary[0].term,3,9,671902a985cd4ba5c33be8c4758f774c763aa326b99e235e2a1fc86c4a0514c9
u03-s003-lecture-r1,lecture,glossary[0].definition,8,24,0b2ef97bb7f50689893eb659f9efefbd913b0b2a2cad4ac1cdb1ea23258b0598
u03-s003-lecture-r1,lecture,glossary[1].term,4,12,fc9109a5773b17af0ed3b361c115da45fb6d8c7dec9fcb8fea6212cc82f8095a
u03-s003-lecture-r1,lecture,glossary[1].definition,16,48,4737b2fcb91a1b51db4d44e237158b2de7e0e2f837d3d3466b67b72c1d8a4fc1
u03-s003-lecture-r1,lecture,glossary[2].term,2,6,f09b9077c719a6f7507787b8073a153aad5eebb749a94e24f7345ea69a9be5e9
u03-s003-lecture-r1,lecture,glossary[2].definition,19,57,39c5da7303bc1646145c8eceb7cae9aac5ed21e70826b154e0eb6a2d079f0c98
u03-s003-lecture-r1,lecture,glossary[3].term,1,3,09152a2380b09e688a514e86056805ca633afd8381453280be7f536c7140c91a
u03-s003-lecture-r1,lecture,glossary[3].definition,16,48,3e83055e3331964c4887cbfe0f8cc29d8b02ee9cfd242afd7f3e75729852f9d7
u03-s003-lecture-r1,lecture,notation[0].symbol,1,1,380918b946a526640a40df5dced6516794f3d97bbd9e6bb553d037c4439f31c3
u03-s003-lecture-r1,lecture,notation[0].meaning,11,33,408a8104d1b04fe87e5860a09f67afc317e6681b68b4b1a33067e39bd18055f7
u03-s003-lecture-r1,lecture,notation[1].symbol,11,13,e9c8dbb4d10ad06bd5f8b3d652f9dc52a368bb7c7184f405220f9ee4bb02c25f
u03-s003-lecture-r1,lecture,notation[1].meaning,10,28,b8becbf61983a3384216811cb1380898c0dce5a31b87fcea913adc287d7969e8
u03-s003-lecture-r1,lecture,conceptNarrative[0],18,54,b0ee93d52a3c30c90b5ab8927929f5bb104337ace36518c5b64b7a5127932803
u03-s003-lecture-r1,lecture,conceptNarrative[1],28,84,8631aa4ca8ecc754e13573891f481c0d18e2cf776ced36722030dbae0796c57d
u03-s003-lecture-r1,lecture,conceptNarrative[2],22,62,041b9904937a74e52e2419ef047e593fa68c757e942246f71b7c8822c98e9341
u03-s003-lecture-r1,lecture,conceptNarrative[3],25,75,ab667d134d2a34bffe4ece1de5370097d6096aab5dfb46702fe7f8a2171cfd91
u03-s003-lecture-r1,lecture,formalDefinitions[0].name,6,18,b4a9125c95b2ac35b169864ecd322030d6cbc6af354a073c12232225fffcf6e3
u03-s003-lecture-r1,lecture,formalDefinitions[0].statement,22,32,9920bb0c51df1c4e622636b55291008af85f5a9ce16bdde26df51f2077a76f12
u03-s003-lecture-r1,lecture,formalDefinitions[1].name,6,18,23c13241269017a5e1c13b1b43bbfcacfdce5d32cc701777157f5b89fdcdcdb1
u03-s003-lecture-r1,lecture,formalDefinitions[1].statement,12,20,9bda52aca38e8e5e3d90c5a43c6a956f6b101914144f4a554490ff46b81aacc8
u03-s003-lecture-r1,lecture,formalDefinitions[2].name,6,18,81f5c37c134bb218ca4609faf339467af43708ae1006ada13fbcf94d2b736379
u03-s003-lecture-r1,lecture,formalDefinitions[2].statement,18,30,4db1eeeacf2e946f97dcf13150b4af4cd3223419f96159971968330883b709c5
u03-s003-lecture-r1,lecture,formulas[0].formula,13,15,40bf6ee5368bc59bc03cd7e27a061e32cec5b62997d2e5249096c90840c39a23
u03-s003-lecture-r1,lecture,formulas[0].conditions[0],5,13,677ae113f68151c1239e21d309df0300d6688686328b470ea668b64ad57074f0
u03-s003-lecture-r1,lecture,formulas[0].meaning,6,18,c3004cb474a5bf5bc92a123776a1105cb3258ac2f4f7b7bd7ad54915d3f59605
u03-s003-lecture-r1,lecture,formulas[1].formula,11,13,a500b6617282ce5946f4232c976c9ac15398f921b8fe15659bdd07c9d0dcf16a
u03-s003-lecture-r1,lecture,formulas[1].conditions[0],8,20,21cbef1efc8c6735f09ec29979c6f078b2ae8f16e319eb2e26d03c8a43cf8470
u03-s003-lecture-r1,lecture,formulas[1].meaning,5,15,5691f2c419f3e9b0bad6012d7c27caa7cc21f7cf4a82cea62daecd5f8992029c
u03-s003-lecture-r1,lecture,formulas[2].formula,13,15,d8212f5a16d376bd9e2545a7186b48774c0e6f03533655a749748098936cba8f
u03-s003-lecture-r1,lecture,formulas[2].conditions[0],3,5,4074209a0285ffa1edd4c54d9677472fe9d3a1054103d434e7401b1625fd9904
u03-s003-lecture-r1,lecture,formulas[2].meaning,5,15,4a0a763c3616ca713b3d9ae115cc1f9078ffef6e7450c9b514b347120048a0f3
u03-s003-lecture-r1,lecture,nonApplicableCases[0],9,27,b013db04dd88a8a6ea166da61d9f232cb71bd6b1a0b5722668ec40d13ed20611
u03-s003-lecture-r1,lecture,nonApplicableCases[1],12,36,ee061d77bc17732df290d2686659f2929108d9f67bd3e7d64f2bf0486226eef4
u03-s003-lecture-r1,lecture,nonApplicableCases[2],9,25,0fd00a46896fab1d66734f6f0ca4c5b2fd639eb648e76cbca3c97911eaee8865
u03-s003-lecture-r1,lecture,nonApplicableCases[3],36,108,68fe3b0d4ea366d24eae095c91fefe1c0cd2e5ad1727753393f0e462aea42f63
u03-s003-lecture-r1,lecture,method[0].instruction,13,39,1e576488d1dac24589fa0a02ccbe4e19aaf438d92afd2ec9ae206cbe4ec2bf20
u03-s003-lecture-r1,lecture,method[0].check,13,39,e04b232412548d902239479dbdf8394ae31785a9c5482c6e0a3bbb4205e1b195
u03-s003-lecture-r1,lecture,method[1].instruction,6,18,7936e8dff1e174c00e593d45bf31c2ece21a76f5742ffae5af9f9b9e25977846
u03-s003-lecture-r1,lecture,method[1].check,10,30,06ace4d47ee4ebe789e863a0c912e62758a8bf810a86a342da4494c6e050d0c7
u03-s003-lecture-r1,lecture,method[2].instruction,13,39,9f369f134b693fb5b47d5a01154627a80c3c201e63f9c394ad2e528580865521
u03-s003-lecture-r1,lecture,method[2].check,9,27,6fdd2bf78bea3448bcb536c5fdd1866cdffb2e4f46d061250840464547fba16c
u03-s003-lecture-r1,lecture,method[3].instruction,6,18,6558f1eda3b8d95ccdd6806289fc3dc33c801d6e404b845ae9bc8991a785d854
u03-s003-lecture-r1,lecture,method[3].check,7,21,4a042dd181a8594be823f1e72a4087e9249a1fcf8162395257da335310a79068
u03-s003-lecture-r1,lecture,method[4].instruction,7,21,076fc509345f3dc4d620d438ae90dc51e2bae80a6f5026db9f355444c4727084
u03-s003-lecture-r1,lecture,method[4].check,7,21,cd1ae6acd7164f51b19a98a2b1b798a2a4d919e12e505ea2336adbd40af7943f
u03-s003-lecture-r1,lecture,workedExamples[0].exampleId,2,2,dffe8596427fc50e8f64654a609af134d45552f18bbecef90b31135a9e7acaa0
u03-s003-lecture-r1,lecture,workedExamples[0].prompt,11,17,283d865840adbbea3f766092f2f8a47cdd01e6abd0daff4ce5e49bd3606aa6b4
u03-s003-lecture-r1,lecture,workedExamples[0].solutionSteps[0],7,17,935be4045db4874580fc367640e32a11dec22c98485ee03543f72848b49fa664
u03-s003-lecture-r1,lecture,workedExamples[0].solutionSteps[1],4,6,6f80a8b4670b01f0a845bd125e4d61e20099f2f9e15e1c82aac47235853c2e77
u03-s003-lecture-r1,lecture,workedExamples[0].answer,4,6,6f80a8b4670b01f0a845bd125e4d61e20099f2f9e15e1c82aac47235853c2e77
u03-s003-lecture-r1,lecture,workedExamples[1].exampleId,2,2,d76354d8457898445bb69e0dc0dc95fb74cc3cf334f8c1859162a16ad0041f8d
u03-s003-lecture-r1,lecture,workedExamples[1].prompt,10,16,011f6a68fc1f84067a87edb6d61709df89b3377d2cccfffd745345f09e1e7cd1
u03-s003-lecture-r1,lecture,workedExamples[1].solutionSteps[0],8,20,c2da371bb1a904b93d1eb0ad7fb34a91fc663d49d489212bcce63fdfce039972
u03-s003-lecture-r1,lecture,workedExamples[1].solutionSteps[1],5,7,52b1427614f567b4c4bf7c7966ce88c2668184d92917d24d2920789ead0d23b6
u03-s003-lecture-r1,lecture,workedExamples[1].answer,5,7,52b1427614f567b4c4bf7c7966ce88c2668184d92917d24d2920789ead0d23b6
u03-s003-lecture-r1,lecture,workedExamples[2].exampleId,2,2,842983de8fb1d277a3fad5c8295c7a14317c458718a10c5a35b23e7f992a5c80
u03-s003-lecture-r1,lecture,workedExamples[2].prompt,19,33,451a7575c8bfd02c193e90057822c31f1429bd7b811d7c07c3ad4a699ef76dd9
u03-s003-lecture-r1,lecture,workedExamples[2].solutionSteps[0],6,16,cebe8d628315a2181e4bd9cb49af34e3cde7493deb7d9457788b49550a0fc538
u03-s003-lecture-r1,lecture,workedExamples[2].solutionSteps[1],20,38,2884227fed35c764a242b7103a1598ae928a3974ca3ae36a2aa1b572ab70d6fe
u03-s003-lecture-r1,lecture,workedExamples[2].answer,9,27,4f5d652ead909c5a97604770d1c2e3a4091325d632aa203efcb2bbfa45d4bd16
u03-s003-lecture-r1,lecture,workedExamples[3].exampleId,2,2,4a5a97c6433c4c062457e9335709d57493e75527809d8a9586c141e591ac9f2c
u03-s003-lecture-r1,lecture,workedExamples[3].prompt,30,84,ef663a9c49872675781ad5116adaee1552d2ef5d019ca06404f8feec44dc8956
u03-s003-lecture-r1,lecture,workedExamples[3].solutionSteps[0],10,18,6df531e0772cf186be3b8a72138ffa1427bb661e642af22462d0314ea224889c
u03-s003-lecture-r1,lecture,workedExamples[3].solutionSteps[1],9,25,ec924dd725c1cae1c4f707691af94ca72ce281f0e82ce865586a00d03cb12736
u03-s003-lecture-r1,lecture,workedExamples[3].solutionSteps[2],5,9,4b056173e401c8bcb14c3762d9c7ac7c103ab19c8ce4d66fa51702a3552468fe
u03-s003-lecture-r1,lecture,workedExamples[3].answer,8,22,698ddbbad7e5aeb9ca9bf7ae46cbfe7957a539acae259a92e1b1fecef89ed687
u03-s003-lecture-r1,lecture,commonMistakes[0].mistake,8,24,4d8a7c15c8b91c3fea6a67c767f5af27f6bee08ef40b78cc2158e7f8366c2ba4
u03-s003-lecture-r1,lecture,commonMistakes[0].why,7,21,4dad10b537c6c9cabbc913c70f08df0c0393b1c3265712e54374e75c7523a09b
u03-s003-lecture-r1,lecture,commonMistakes[0].correction,5,15,f537a1f0be8342b5e0f6e7bc66fc7bc9d8041f68da1741e71415f660fd90e44c
u03-s003-lecture-r1,lecture,commonMistakes[1].mistake,11,33,4a3084f355ee61ae8a2e3f7317fcce54b12f4489a0e25589cac1216955e35801
u03-s003-lecture-r1,lecture,commonMistakes[1].why,6,18,2b909290a2e2fcb5793ba9dee9b5c45ba7e00cc1172fd4cc1c2a3e66b3989c02
u03-s003-lecture-r1,lecture,commonMistakes[1].correction,11,33,b03d7deed9c78d2997e1742fec83ecafc34cbb7921f064fbffe56ef04ffccb35
u03-s003-lecture-r1,lecture,commonMistakes[2].mistake,7,19,74ac346a50a89d6db098f306b0ee5de7c17338e34be3526c5f61256575d6d369
u03-s003-lecture-r1,lecture,commonMistakes[2].why,8,22,4c06415ede77dbd11c159d78e0dc42424a3d374844370400f3071ed046c162fb
u03-s003-lecture-r1,lecture,commonMistakes[2].correction,8,24,4b2776a16bad8e2541e28e71ddca046d32c1c1507ff21a1906c5e245596d0597
u03-s003-lecture-r1,lecture,commonMistakes[3].mistake,12,36,b0177e0a852f3da29e2d064c17acae881f897312681d8775aeb910e33308101f
u03-s003-lecture-r1,lecture,commonMistakes[3].why,15,45,73ac3e8ac746eea4d3d19e367dfd7e893c1ccfd06edb6b5282c860f6c0df352a
u03-s003-lecture-r1,lecture,commonMistakes[3].correction,11,33,b336d1a80b59cce7ac151718f5617addc313ccbd3804fc21fb09290583bf8de9
u03-s003-lecture-r1,lecture,commonMistakes[4].mistake,10,30,9504eb437007a14da5acd58bce6e4815dbcfc3c9f91db319312c32db6abb980e
u03-s003-lecture-r1,lecture,commonMistakes[4].why,7,21,99b8dd1b85b68e16430ad172e85cf4d7a15f214e12bb256b708a1c22c9187dfa
u03-s003-lecture-r1,lecture,commonMistakes[4].correction,11,33,12f876726ce28a74e02dac1882e29464856784d0ee21ca2c45705d5ed4ca0c51
u03-s003-lecture-r1,lecture,commonMistakes[5].mistake,9,27,d61438dcd70f132af433af26fb6cd8ad45c90d582eb9cf2a33be294c17c5af8c
u03-s003-lecture-r1,lecture,commonMistakes[5].why,13,39,ac90863832edd688843b1ca5077cdeba27e1d29fc5ee1d6b99fc686f6f65e791
u03-s003-lecture-r1,lecture,commonMistakes[5].correction,10,30,004d13be0d6c5e7c22b7a818f6df62e08d3a8eac845f127ba7b4ac8604af9b61
u03-s003-lecture-r1,lecture,selfCheck[0],10,30,7f6125917a809312779c6441802c2cbd896211b0afc574868d5a0d581f389924
u03-s003-lecture-r1,lecture,selfCheck[1],8,24,cd3e0a60239977ac84c3cfedc5acca0a2f5f08263a07dd8f38ec89dc23040e71
u03-s003-lecture-r1,lecture,selfCheck[2],7,21,4a042dd181a8594be823f1e72a4087e9249a1fcf8162395257da335310a79068
u03-s003-lecture-r1,lecture,selfCheck[3],12,36,56dd72e4b2a883b60b730f6832cafbe6403d2b23cb08248432acfe4e478ed8ed
u03-s003-lecture-r1,lecture,selfCheck[4],9,27,03947c34503202219758c34a7522dfca2d69564bcb3dca0448894a55eb0c50c1
u03-s003-lecture-r1,lecture,summary[0],7,21,6fb652dd7cb04b7d42c38774328311ff14f7fa414a463702ea0837799205d80c
u03-s003-lecture-r1,lecture,summary[1],13,39,9bcbd1ba8c96505364ddde3d17fc344e091166b8fbed9807b021b1c816e2e241
u03-s003-lecture-r1,lecture,summary[2],12,36,75c48c14e18afc928e31323884c778e60edb627e62c0c44804f88285c78a63d0
u03-s003-lecture-r1,lecture,summary[3],14,42,6e04dd3ef1295e9986d8c0c811c213c880bdc7da88e2c132176e7c7816cacd1b
u03-s003-lecture-r1,lecture,connections.previous,17,51,07932c7a066a8b5d8ad82c32d3d8e224b558e46b938ff7d3653d701daaef6341
u03-s003-lecture-r1,lecture,connections.next[0],20,60,14fa5bdf67a60897ae7e8e88dad3c818042b3732c573fda01dd32f08f9ecaadb
u03-s003-lecture-r1,lecture,connections.next[1],19,57,8798e080c382ee4a37eb96f823abbf8ec75dd4e3d98fa7b7cd00aa1680b911ba
u03-s003-lecture-r1,lecture,practiceLinks.mcQuestionIds[0],13,13,00ca759e1583bc792f56532b2729f8d04659e542f6f9b717b879cf3b6ac8cfa0
u03-s003-lecture-r1,lecture,practiceLinks.mcQuestionIds[1],13,13,35fda18b389884408bcd01ff3ba71dd8a3585461dbb8ba96a49f1ceebe0fd3d5
u03-s003-lecture-r1,lecture,practiceLinks.mcQuestionIds[2],13,13,1684e26e2b9d892be56b493a395fc302ba18773498947e58fde1f5ac952efa84
u03-s003-lecture-r1,lecture,practiceLinks.mcQuestionIds[3],13,13,99639904d464b7f3725e841c5e861a84aedd76e61d0456b7e1b9bcba2d28ff7c
u03-s003-lecture-r1,lecture,practiceLinks.mcQuestionIds[4],13,13,cc475d5f8ba3e1860bd2f5728142e837667cf598ef40225547dc16d694b90328
u03-s003-lecture-r1,lecture,practiceLinks.mcQuestionIds[5],13,13,92353a4d127ddacfb1eed10c18c959d524d04e6b1cddf1bc9628de1f0d6c1e04
u03-s003-lecture-r1,lecture,practiceLinks.mcQuestionIds[6],13,13,c48ddc33472acc26244ef208b8df7180c9721df87fcf898086eee03eb77e7c40
u03-s003-lecture-r1,lecture,practiceLinks.mcQuestionIds[7],13,13,8ec57db0dcc5877d06aac67ebc7824d906d6d1dc326d16fffbb7d9af14c83544
u03-s003-lecture-r1,lecture,practiceLinks.mcQuestionIds[8],13,13,c9f2bd20c8f54b85c6303df57ae20fbedf526a936e58384ed605ca73ffe202d6
u03-s003-lecture-r1,lecture,practiceLinks.mcQuestionIds[9],13,13,ef3776a8cac8a8399b1a893d6872c9e323da09589edd3a69577745a5944225a2
u03-s003-lecture-r1,lecture,practiceLinks.mcQuestionIds[10],13,13,908141bd75ac840036467da2cb3f1811aa8f2355c4b5df938227480d0da44a18
u03-s003-lecture-r1,lecture,practiceLinks.mcQuestionIds[11],13,13,2895b040d6a436deb029561ea96b5e857c22df19c76cc8f9cc40ac92f06c3a39
u03-s003-lecture-r1,lecture,practiceLinks.constructedResponseIds[0],14,14,69968ce56477c5cd7c1ea3040bf7ac5706f3b7fb8f431396b5aa2b9173e36ca7
u03-s003-lecture-r1,lecture,practiceLinks.constructedResponseIds[1],14,14,196ded5cebd84e2ec1474ab5d079359e51111c666ef6d8faceb4f360cf2113b1
u03-s003-lecture-r1,lecture,lectureReview.mathematicalCorrectness,4,4,d74ff0ee8da3b9806b18c877dbf29bbde50b5bd8e4dad7a3a725000feb82e8f1
u03-s003-lecture-r1,lecture,lectureReview.zeroFoundationReadability,4,4,d74ff0ee8da3b9806b18c877dbf29bbde50b5bd8e4dad7a3a725000feb82e8f1
u03-s003-lecture-r1,lecture,lectureReview.scopeCheck,21,21,fdf8268f0373301b2fcc6331f1d8999b8aabea69681e8bc972ab9a21216a7606
u03-s003-lecture-r1,lecture,lectureReview.reviewNote,60,156,71874886f8a2415b18edb94b5caf6e2c288f4baf65e765bb12a339a57b306884
u03-s003-lecture-r1,lecture,lectureReview.reviewVersion,25,25,413c3743bf06637b23333702bf9263e0db21fd6b3c3879070d877faca58db442
u03-s003-lecture-r1,lecture,lectureReview.reviewedAt,10,10,14158d45727526145ef514139eeb669eb54d613dbcffe524f099dbb71c9d8b08
u03-s003-lecture-r1,lecture,contentSha256,64,64,fc36e020004153ec37f302454cc7b36b7bf1d54749f8317fe3b18b61ca921747
u03-s003-lecture-r1,lecture,contentAuthority,25,25,ed40f75ffe3d6ad4e71f6e7919d063410490de360edb425965eccd605ca9d79e
u03-s003-lecture-r1,lecture,legacyContentDisposition,40,40,bb8421a43fb9d90c642b60311f091a34addbe10678daf757010d688c8c2a21b3
u03-s003-v001,question,questionId,13,13,00ca759e1583bc792f56532b2729f8d04659e542f6f9b717b879cf3b6ac8cfa0
u03-s003-v001,question,unitId,3,3,97ce842ec69dee17c1842918e63b9d4042fa4b35007146dcfb80a09c5000888a
u03-s003-v001,question,topicId,27,27,5edc6d8adc97105fb624f3211c5e8b14178a37949edbbef037f75ad528a701a5
u03-s003-v001,question,skillId,32,32,2007f1ed592a8faae31ed2f532c28d3cbecb400adb6ebb8d85c5dab4a25001ee
u03-s003-v001,question,difficulty,5,5,fbb7b5bf4ca348eeeebf8cc3660712859a5a1fbf18e83217a57ce203fb51d5c2
u03-s003-v001,question,type,2,2,6bc0f9c4ecb0acbebf1b9f6c816bdd66f4885f67c917d9e141cf893014fba936
u03-s003-v001,question,visualMode,9,9,9c7d54b0bf7a9369d8594201c7b11955514343809d09fbec33966c1fd9794015
u03-s003-v001,question,sourceScope,19,19,a4b669ddb8ef1883391c07a7b633f12eeaeecee7ec37c09eea4931aff6644346
u03-s003-v001,question,text,26,62,0abe3fe0228df90677ff1b7bd2e37200814777e0ee974c1f5fa014771cca779a
u03-s003-v001,question,choices[0],4,8,33ef91536832664895a2bea795ceb179d6200cf30fed29b3455362df9f267f6b
u03-s003-v001,question,choices[1],3,7,ef156bac4d53d9d6ea25eed365d60222c74e5568f4324a7ad850fdb9a2e93e61
u03-s003-v001,question,choices[2],3,7,10cd1fa331910f34d784335695a1c686dcc4ff056099cd6f1ced57f9e86a21b5
u03-s003-v001,question,choices[3],9,25,c67f445cae11ab3e67ec77500bd61f0a5181ea434679138a6f4fd159b351323e
u03-s003-v001,question,explanation,38,98,9e0a9feeb54fa02dd4c66e2d916327c58f713eaebfa15e42ce03b77e4028919d
u03-s003-v001,question,steps[0],11,29,c0bb42a2e51159cd2704409570cc9e75c5145a7722b369f3a7d3e8df534846c0
u03-s003-v001,question,steps[1],5,13,d3c4c71e172746b890336fc188c21410078e7a74d16db1260097444020002a52
u03-s003-v001,question,steps[2],7,15,4a4503425621b6bfb06979095d8b152a3de24fb4f15149ba85c03bbe3a25c24d
u03-s003-v001,question,optionAnalysis[0].choice,4,8,33ef91536832664895a2bea795ceb179d6200cf30fed29b3455362df9f267f6b
u03-s003-v001,question,optionAnalysis[0].reason,30,80,44a07d724bcbae6954ce83b6d949b478f986067c61e18d5741271537e5013f2e
u03-s003-v001,question,optionAnalysis[1].choice,3,7,ef156bac4d53d9d6ea25eed365d60222c74e5568f4324a7ad850fdb9a2e93e61
u03-s003-v001,question,optionAnalysis[1].reason,10,28,58bcd5ef25e4bafdf84e41bcdfe7d7c28ae6723218cd4c6ded214786f3d8329e
u03-s003-v001,question,optionAnalysis[2].choice,3,7,10cd1fa331910f34d784335695a1c686dcc4ff056099cd6f1ced57f9e86a21b5
u03-s003-v001,question,optionAnalysis[2].reason,11,29,ada65513969e80a933c29a32af5b84b6ad4ff6f5393d7965976c498bd1abad14
u03-s003-v001,question,optionAnalysis[3].choice,9,25,c67f445cae11ab3e67ec77500bd61f0a5181ea434679138a6f4fd159b351323e
u03-s003-v001,question,optionAnalysis[3].reason,12,36,29d565dfd1365f01a9e9b50b7d10fa6f6c0eabbe700729892a998bbed90dfd41
u03-s003-v001,question,commonMistake,12,36,64b163b0ccb5e43495fc6aecb0d9b71d22571abbdbf92bf063ee9ea2b61ed83a
u03-s003-v001,question,concept,15,45,75204ef9f117407c25d2edfe50079a77f9c843e97e2a3b9198dca957b50de0ec
u03-s003-v001,question,tags[0],2,6,32f6541b44ed479dbf6cc8c7dd98824e49e03974d72ad8b65c33383a9cbb349f
u03-s003-v001,question,tags[1],4,12,fc9109a5773b17af0ed3b361c115da45fb6d8c7dec9fcb8fea6212cc82f8095a
u03-s003-v001,question,tags[2],5,5,fbb7b5bf4ca348eeeebf8cc3660712859a5a1fbf18e83217a57ce203fb51d5c2
u03-s003-v001,question,estimatedTimeSec,2,2,f369cb89fc627e668987007d121ed1eacdc01db9e28f8bb26f358b7d8c4f08ac
u03-s003-v001,question,prerequisiteSkillIds[0],26,26,2b4aad514f44f267f2a019a82f0d3a877a6579002579c578222b58ab48502b66
u03-s003-v001,question,authoringIntent,9,27,342d6f67e55e258b004d2b760b47e937b8c21a1909c60d0a78feec0838b95410
u03-s003-v001,question,reviewStatus,22,22,ec809598e2f7fcc69fad54c9cd045bba62b4a0dc7c0ff90d4efdc3788c9ad8fb
u03-s003-v001,question,contentSha256,64,64,ed7b5623189fbb4688a458ce1e0c9c6e4271485e3c67855a9aa64e34c2913149
u03-s003-v001,question,contentAuthority,25,25,ed40f75ffe3d6ad4e71f6e7919d063410490de360edb425965eccd605ca9d79e
u03-s003-v001,question,legacyContentDisposition,39,39,2efcc87c0c9673d2efe77735ae75582eb178c880b07035d8695f010e324b7c71
u03-s003-v002,question,questionId,13,13,35fda18b389884408bcd01ff3ba71dd8a3585461dbb8ba96a49f1ceebe0fd3d5
u03-s003-v002,question,unitId,3,3,97ce842ec69dee17c1842918e63b9d4042fa4b35007146dcfb80a09c5000888a
u03-s003-v002,question,topicId,27,27,5edc6d8adc97105fb624f3211c5e8b14178a37949edbbef037f75ad528a701a5
u03-s003-v002,question,skillId,32,32,2007f1ed592a8faae31ed2f532c28d3cbecb400adb6ebb8d85c5dab4a25001ee
u03-s003-v002,question,difficulty,5,5,fbb7b5bf4ca348eeeebf8cc3660712859a5a1fbf18e83217a57ce203fb51d5c2
u03-s003-v002,question,type,2,2,6bc0f9c4ecb0acbebf1b9f6c816bdd66f4885f67c917d9e141cf893014fba936
u03-s003-v002,question,visualMode,9,9,9c7d54b0bf7a9369d8594201c7b11955514343809d09fbec33966c1fd9794015
u03-s003-v002,question,sourceScope,19,19,a4b669ddb8ef1883391c07a7b633f12eeaeecee7ec37c09eea4931aff6644346
u03-s003-v002,question,text,25,59,f7f483904738693407d66af36635ba54cd8b5222ca9f497926c0d9a356913a14
u03-s003-v002,question,choices[0],2,4,0a86a51a6a36aa052a391343f13729d58137e7f451c48d5ce1d51bf32f3e4940
u03-s003-v002,question,choices[1],4,8,ea207424391cd02891d28466092c34847aafca6b196744bc07eff142695d125e
u03-s003-v002,question,choices[2],2,4,901391c0a78cae3c1a80592fa024c2aebff01c522760be87860f1d253298f32f
u03-s003-v002,question,choices[3],4,8,605bb1d12e9615ed8500c593debc11c2a6997eac1cf7ee0933c3e3db47ce629e
u03-s003-v002,question,explanation,37,101,fcddd97744edcae7bb4b52d142cd6a1937571662432069254be85bc5c3b6e47b
u03-s003-v002,question,steps[0],6,14,6c669ce5411cce5e56b7740a82d83173f4092492a3a033775975986a56db35bb
u03-s003-v002,question,steps[1],7,19,dde1efae0f6b1b2d9d2919d8aee34582df0895dbd83bf886580a4fb32470db00
u03-s003-v002,question,steps[2],9,27,ddbd07cdba31c0f3d158bc98d6a6a0c1d618e9f6264766069d10fb3cb6800f89
u03-s003-v002,question,optionAnalysis[0].choice,2,4,0a86a51a6a36aa052a391343f13729d58137e7f451c48d5ce1d51bf32f3e4940
u03-s003-v002,question,optionAnalysis[0].reason,11,31,82180e18e1db276205482a98e5c7d5c0f0d515de31c9b90b83ce645432cf40ae
u03-s003-v002,question,optionAnalysis[1].choice,4,8,ea207424391cd02891d28466092c34847aafca6b196744bc07eff142695d125e
u03-s003-v002,question,optionAnalysis[1].reason,32,79,c19e1310ebd939133360df2bf312a833e1c46229206f89e6f15e789afd52db22
u03-s003-v002,question,optionAnalysis[2].choice,2,4,901391c0a78cae3c1a80592fa024c2aebff01c522760be87860f1d253298f32f
u03-s003-v002,question,optionAnalysis[2].reason,10,24,459deec80f3d182424f8cd0a97f787edce07b0bfe38e4f26619e7405acecb72f
u03-s003-v002,question,optionAnalysis[3].choice,4,8,605bb1d12e9615ed8500c593debc11c2a6997eac1cf7ee0933c3e3db47ce629e
u03-s003-v002,question,optionAnalysis[3].reason,11,23,062935ea96603720df439f46dc314ac3d2d7c8071fb9b596890000d393ad27e9
u03-s003-v002,question,commonMistake,15,43,197114c4711a2c63bf795024bbb07144a49622513f2f926539e8826dd9b98f20
u03-s003-v002,question,concept,14,42,bb4c8178abbc35ce7842da820656c04f227d574a3b90fa2d0902c502c45dec9a
u03-s003-v002,question,tags[0],2,6,32f6541b44ed479dbf6cc8c7dd98824e49e03974d72ad8b65c33383a9cbb349f
u03-s003-v002,question,tags[1],4,12,fc9109a5773b17af0ed3b361c115da45fb6d8c7dec9fcb8fea6212cc82f8095a
u03-s003-v002,question,tags[2],5,5,fbb7b5bf4ca348eeeebf8cc3660712859a5a1fbf18e83217a57ce203fb51d5c2
u03-s003-v002,question,estimatedTimeSec,2,2,f369cb89fc627e668987007d121ed1eacdc01db9e28f8bb26f358b7d8c4f08ac
u03-s003-v002,question,prerequisiteSkillIds[0],26,26,2b4aad514f44f267f2a019a82f0d3a877a6579002579c578222b58ab48502b66
u03-s003-v002,question,authoringIntent,9,27,c97951b0c9389a08ccf5ce4d8cdd3fab98ba3da8fb02c21cecdcc954740dbe6f
u03-s003-v002,question,reviewStatus,22,22,ec809598e2f7fcc69fad54c9cd045bba62b4a0dc7c0ff90d4efdc3788c9ad8fb
u03-s003-v002,question,contentSha256,64,64,f2969ba3ff5b5f8812f3abb19ae6fdbb31f9cb663ed8c5fa9db9d73b85dcce13
u03-s003-v002,question,contentAuthority,25,25,ed40f75ffe3d6ad4e71f6e7919d063410490de360edb425965eccd605ca9d79e
u03-s003-v002,question,legacyContentDisposition,39,39,2efcc87c0c9673d2efe77735ae75582eb178c880b07035d8695f010e324b7c71
u03-s003-v003,question,questionId,13,13,1684e26e2b9d892be56b493a395fc302ba18773498947e58fde1f5ac952efa84
u03-s003-v003,question,unitId,3,3,97ce842ec69dee17c1842918e63b9d4042fa4b35007146dcfb80a09c5000888a
u03-s003-v003,question,topicId,27,27,5edc6d8adc97105fb624f3211c5e8b14178a37949edbbef037f75ad528a701a5
u03-s003-v003,question,skillId,32,32,2007f1ed592a8faae31ed2f532c28d3cbecb400adb6ebb8d85c5dab4a25001ee
u03-s003-v003,question,difficulty,5,5,fbb7b5bf4ca348eeeebf8cc3660712859a5a1fbf18e83217a57ce203fb51d5c2
u03-s003-v003,question,type,2,2,6bc0f9c4ecb0acbebf1b9f6c816bdd66f4885f67c917d9e141cf893014fba936
u03-s003-v003,question,visualMode,9,9,9c7d54b0bf7a9369d8594201c7b11955514343809d09fbec33966c1fd9794015
u03-s003-v003,question,sourceScope,19,19,a4b669ddb8ef1883391c07a7b633f12eeaeecee7ec37c09eea4931aff6644346
u03-s003-v003,question,text,23,55,2433567d73ef34344a9f25bc28849975e2c6b4b65029b009345f162f528d1d48
u03-s003-v003,question,choices[0],3,3,bd82a28b1f088b3a186737712fb16fe7323aecb3abc234b38c9534349aaa1757
u03-s003-v003,question,choices[1],1,1,e7f6c011776e8db7cd330b54174fd76f7d0216b612387a5ffcfb81e6f0919683
u03-s003-v003,question,choices[2],1,1,ef2d127de37b942baad06145e54b0c619a1f22327b2ebbcfbec78f5564afe39d
u03-s003-v003,question,choices[3],2,2,624b60c58c9d8bfb6ff1886c2fd605d2adeb6ea4da576068201b6c6958ce93f4
u03-s003-v003,question,explanation,32,73,0a0036235ed75fcd655d193ac95201b027727925531f01d63ce14d66336dc925
u03-s003-v003,question,steps[0],5,9,f8475d926d06f4480a8b0a6aad1a09bfccbc84881f22d84711d11d8cda715c1e
u03-s003-v003,question,steps[1],7,17,c2fa09866827fa7448093a37261f283ee69b54295a2d103f0d5a494bbc9eafe3
u03-s003-v003,question,steps[2],8,13,b0362ae0fcfdcb3d4d93c832b5d7836c2da04dab5a88977c26c6400e7a238b1a
u03-s003-v003,question,optionAnalysis[0].choice,3,3,bd82a28b1f088b3a186737712fb16fe7323aecb3abc234b38c9534349aaa1757
u03-s003-v003,question,optionAnalysis[0].reason,14,26,a7660e171793ba05c0e7fe650e48b3ad10b92aef109bd6f593a9f1870b53f56d
u03-s003-v003,question,optionAnalysis[1].choice,1,1,e7f6c011776e8db7cd330b54174fd76f7d0216b612387a5ffcfb81e6f0919683
u03-s003-v003,question,optionAnalysis[1].reason,9,23,6bcae32ff424a9bed4e38672ef40849645629cc0cad8e45da1df9392af6e3068
u03-s003-v003,question,optionAnalysis[2].choice,1,1,ef2d127de37b942baad06145e54b0c619a1f22327b2ebbcfbec78f5564afe39d
u03-s003-v003,question,optionAnalysis[2].reason,28,68,dd3dec664aa0a33c6153b1991bd04cf03e62902754b3288be9ba12c3881311a5
u03-s003-v003,question,optionAnalysis[3].choice,2,2,624b60c58c9d8bfb6ff1886c2fd605d2adeb6ea4da576068201b6c6958ce93f4
u03-s003-v003,question,optionAnalysis[3].reason,14,38,567973615788aa5df6d344ca23b1c70480b9eb6cbd7d3fce475a2aab6824d7fd
u03-s003-v003,question,commonMistake,11,33,530fdcf0f9bb5c94ae603105f783ad1b565c8957654adafab36b84f3b9ec4ab6
u03-s003-v003,question,concept,10,30,e7c841229d652153d7c5135fc49ee205dd9d1d124e3d470434bbb2b6245a075f
u03-s003-v003,question,tags[0],2,6,32f6541b44ed479dbf6cc8c7dd98824e49e03974d72ad8b65c33383a9cbb349f
u03-s003-v003,question,tags[1],4,12,fc9109a5773b17af0ed3b361c115da45fb6d8c7dec9fcb8fea6212cc82f8095a
u03-s003-v003,question,tags[2],5,5,fbb7b5bf4ca348eeeebf8cc3660712859a5a1fbf18e83217a57ce203fb51d5c2
u03-s003-v003,question,estimatedTimeSec,2,2,f369cb89fc627e668987007d121ed1eacdc01db9e28f8bb26f358b7d8c4f08ac
u03-s003-v003,question,prerequisiteSkillIds[0],26,26,2b4aad514f44f267f2a019a82f0d3a877a6579002579c578222b58ab48502b66
u03-s003-v003,question,authoringIntent,13,39,45421a0ddaa2b2c55c50a8688223fa8553208eac891ea86980e1e61022f597c0
u03-s003-v003,question,reviewStatus,22,22,ec809598e2f7fcc69fad54c9cd045bba62b4a0dc7c0ff90d4efdc3788c9ad8fb
u03-s003-v003,question,contentSha256,64,64,8ed54542c700e6a67c38d4b4bc0abd1b9871f1792cf628b827cd3ac037bfbd8e
u03-s003-v003,question,contentAuthority,25,25,ed40f75ffe3d6ad4e71f6e7919d063410490de360edb425965eccd605ca9d79e
u03-s003-v003,question,legacyContentDisposition,39,39,2efcc87c0c9673d2efe77735ae75582eb178c880b07035d8695f010e324b7c71
u03-s003-v004,question,questionId,13,13,99639904d464b7f3725e841c5e861a84aedd76e61d0456b7e1b9bcba2d28ff7c
u03-s003-v004,question,unitId,3,3,97ce842ec69dee17c1842918e63b9d4042fa4b35007146dcfb80a09c5000888a
u03-s003-v004,question,topicId,27,27,5edc6d8adc97105fb624f3211c5e8b14178a37949edbbef037f75ad528a701a5
u03-s003-v004,question,skillId,32,32,2007f1ed592a8faae31ed2f532c28d3cbecb400adb6ebb8d85c5dab4a25001ee
u03-s003-v004,question,difficulty,8,8,fe6d3468cf5c74d8ec2a95b40f2e05338c37a4202f8fad692d2b64a9cf9b468a
u03-s003-v004,question,type,2,2,6bc0f9c4ecb0acbebf1b9f6c816bdd66f4885f67c917d9e141cf893014fba936
u03-s003-v004,question,visualMode,3,3,acdb1373d1761939cb5daa3332223298529581464a90afae39927e7aef8edd46
u03-s003-v004,question,figureId,17,17,7665d99e189ef53c1aa4a982247ba6fbdf9c1d3af85a173f6b3bb83aec531516
u03-s003-v004,question,sourceScope,19,19,a4b669ddb8ef1883391c07a7b633f12eeaeecee7ec37c09eea4931aff6644346
u03-s003-v004,question,text,69,183,d7d65c8710263f16783163cfe3dbaf6889eaf0e9b9de1c9375aa92f50067dcbd
u03-s003-v004,question,choices[0],3,5,aeaa6ef7cd687f72b2ff6e3a00874a9da959036c501fe0017f91ff5b63cc1902
u03-s003-v004,question,choices[1],5,9,ee2c51e653d4bdf0ba51e3c48ce6abcd97cc0339a9e344eb8f63775d854e47e5
u03-s003-v004,question,choices[2],4,6,86dda453ffc0d9e9ccef65a6f67ad97a7d5834e18636250e42c60509c1826eec
u03-s003-v004,question,choices[3],3,5,c1e063b82134abc7021540acba794d09a46caf7744859ad3a947e92dea3c4eec
u03-s003-v004,question,explanation,40,96,4002dff03c3a34eb16b5b254255b52d80ab8263fdbc57aabe54d2e5e4c86e0a4
u03-s003-v004,question,steps[0],9,17,47ea98e732909d6bb0e6cf4bcbf900fe65eb14e9bcac39e5bc8f9d94bb8e77ce
u03-s003-v004,question,steps[1],12,32,a629e389c94de362a7cbe3c972f1f96cdfc9f72409a31b4ef0e300ea399b1e80
u03-s003-v004,question,steps[2],5,9,0f997ddefbf62be3f90f2dc10c19c1bbf071a213aa40ec55712cddb2a5e015ef
u03-s003-v004,question,optionAnalysis[0].choice,3,5,aeaa6ef7cd687f72b2ff6e3a00874a9da959036c501fe0017f91ff5b63cc1902
u03-s003-v004,question,optionAnalysis[0].reason,10,28,3c8f121b83caba95607c6be8be87bc026f058ed9d9afe3d3233a409628de8f95
u03-s003-v004,question,optionAnalysis[1].choice,5,9,ee2c51e653d4bdf0ba51e3c48ce6abcd97cc0339a9e344eb8f63775d854e47e5
u03-s003-v004,question,optionAnalysis[1].reason,15,39,fe271198feb3896eb23f972cfc8c9752f670cb5bad41f991512c1400369fd51f
u03-s003-v004,question,optionAnalysis[2].choice,4,6,86dda453ffc0d9e9ccef65a6f67ad97a7d5834e18636250e42c60509c1826eec
u03-s003-v004,question,optionAnalysis[2].reason,12,30,c71d70bb0d132f231a4065e3c5f9fdc1b141734c4244799e0784901572909c98
u03-s003-v004,question,optionAnalysis[3].choice,3,5,c1e063b82134abc7021540acba794d09a46caf7744859ad3a947e92dea3c4eec
u03-s003-v004,question,optionAnalysis[3].reason,31,73,712fd3364b80f10a1cc81e5174e3e0ac14f728864d2a1ae445782a65cb1fb272
u03-s003-v004,question,commonMistake,17,51,4e71c66765ee93e9198bdbb1e7fc9010ad55068312afeb09a1865878f6aecdf2
u03-s003-v004,question,concept,11,33,6c73ac205707148550a3be58c58aca1cae648bd181a5226a3b39289082bf0312
u03-s003-v004,question,tags[0],2,6,32f6541b44ed479dbf6cc8c7dd98824e49e03974d72ad8b65c33383a9cbb349f
u03-s003-v004,question,tags[1],4,12,fc9109a5773b17af0ed3b361c115da45fb6d8c7dec9fcb8fea6212cc82f8095a
u03-s003-v004,question,tags[2],8,8,fe6d3468cf5c74d8ec2a95b40f2e05338c37a4202f8fad692d2b64a9cf9b468a
u03-s003-v004,question,estimatedTimeSec,2,2,f369cb89fc627e668987007d121ed1eacdc01db9e28f8bb26f358b7d8c4f08ac
u03-s003-v004,question,prerequisiteSkillIds[0],26,26,2b4aad514f44f267f2a019a82f0d3a877a6579002579c578222b58ab48502b66
u03-s003-v004,question,authoringIntent,13,39,52f7d173722fab58dc0789975b06be7150a6380727290dae06b275aec31327df
u03-s003-v004,question,reviewStatus,22,22,ec809598e2f7fcc69fad54c9cd045bba62b4a0dc7c0ff90d4efdc3788c9ad8fb
u03-s003-v004,question,contentSha256,64,64,db0ed34cfbf9c966a0f94fbd774ace478633b7dd4175b9f4d8b1e427ec86f53b
u03-s003-v004,question,contentAuthority,25,25,ed40f75ffe3d6ad4e71f6e7919d063410490de360edb425965eccd605ca9d79e
u03-s003-v004,question,legacyContentDisposition,39,39,2efcc87c0c9673d2efe77735ae75582eb178c880b07035d8695f010e324b7c71
u03-s003-v005,question,questionId,13,13,cc475d5f8ba3e1860bd2f5728142e837667cf598ef40225547dc16d694b90328
u03-s003-v005,question,unitId,3,3,97ce842ec69dee17c1842918e63b9d4042fa4b35007146dcfb80a09c5000888a
u03-s003-v005,question,topicId,27,27,5edc6d8adc97105fb624f3211c5e8b14178a37949edbbef037f75ad528a701a5
u03-s003-v005,question,skillId,32,32,2007f1ed592a8faae31ed2f532c28d3cbecb400adb6ebb8d85c5dab4a25001ee
u03-s003-v005,question,difficulty,8,8,fe6d3468cf5c74d8ec2a95b40f2e05338c37a4202f8fad692d2b64a9cf9b468a
u03-s003-v005,question,type,2,2,6bc0f9c4ecb0acbebf1b9f6c816bdd66f4885f67c917d9e141cf893014fba936
u03-s003-v005,question,visualMode,9,9,9c7d54b0bf7a9369d8594201c7b11955514343809d09fbec33966c1fd9794015
u03-s003-v005,question,sourceScope,19,19,a4b669ddb8ef1883391c07a7b633f12eeaeecee7ec37c09eea4931aff6644346
u03-s003-v005,question,text,25,67,23de6a57c8cae74d2eb83c2149bae5b303ec3f1fa9651111c4abc772406bf646
u03-s003-v005,question,choices[0],9,23,b7843d1f3c563fbbe9e585ac2bdcfcfca0775c62651c2fa30ffdfbab528df5a1
u03-s003-v005,question,choices[1],6,14,079a3bdab7de19f371286c088d428aa06861196328390da7044e1d868c075802
u03-s003-v005,question,choices[2],8,24,8d2bfe4487af968089ecf7f59513bea158873d7ce91c49f74f339bc855f99fa8
u03-s003-v005,question,choices[3],6,18,bb35fd9a9185a3d6c9dfc3d59460cb05f81d1e68954e0e5aa7112be2ed57e993
u03-s003-v005,question,explanation,46,132,549fb92f092e41f27b49ff053c068fab473d755e2ed761a95ff8100d5cbb336b
u03-s003-v005,question,steps[0],14,42,cc8eeb0d9399544cf91e1dd90e08071975e77409dd503ab83c9c1a60ed772641
u03-s003-v005,question,steps[1],7,19,537846409390636ba7c88f55fce179b5844ef97e6988f68359c8e9fee2055cd3
u03-s003-v005,question,steps[2],8,24,b21fac325b64de1a3a8629bbbd8b5d7e1645dc7ff838963e87591ea26bd7dd70
u03-s003-v005,question,optionAnalysis[0].choice,9,23,b7843d1f3c563fbbe9e585ac2bdcfcfca0775c62651c2fa30ffdfbab528df5a1
u03-s003-v005,question,optionAnalysis[0].reason,9,27,aa8d49b0ce26f37324de1df2d661628f79a9d2c180da44ad9c584983c8b40226
u03-s003-v005,question,optionAnalysis[1].choice,6,14,079a3bdab7de19f371286c088d428aa06861196328390da7044e1d868c075802
u03-s003-v005,question,optionAnalysis[1].reason,31,69,a7fc366aa489e2ede2cf1d0476022fdabd219dde78358dc8dbb341d5aceb7655
u03-s003-v005,question,optionAnalysis[2].choice,8,24,8d2bfe4487af968089ecf7f59513bea158873d7ce91c49f74f339bc855f99fa8
u03-s003-v005,question,optionAnalysis[2].reason,12,36,edffc2e052e5d0bf0fb8c99f363facb8421016b7f5bc261041a4c68f5a6e4e4a
u03-s003-v005,question,optionAnalysis[3].choice,6,18,bb35fd9a9185a3d6c9dfc3d59460cb05f81d1e68954e0e5aa7112be2ed57e993
u03-s003-v005,question,optionAnalysis[3].reason,15,45,d1e3e14216d19b83de125f3110f9bd088f290e7b30aea92f62f16cd114ac8be9
u03-s003-v005,question,commonMistake,15,45,9f813382506c89c5d7942e0a8c00e5f40ad11eaab8c011abb4fc4bd22790bd6c
u03-s003-v005,question,concept,13,39,02426d5536f16fbb7f78743f2d2bc54b1e13c051404059eb3b272ff4c16c25e0
u03-s003-v005,question,tags[0],2,6,32f6541b44ed479dbf6cc8c7dd98824e49e03974d72ad8b65c33383a9cbb349f
u03-s003-v005,question,tags[1],4,12,fc9109a5773b17af0ed3b361c115da45fb6d8c7dec9fcb8fea6212cc82f8095a
u03-s003-v005,question,tags[2],8,8,fe6d3468cf5c74d8ec2a95b40f2e05338c37a4202f8fad692d2b64a9cf9b468a
u03-s003-v005,question,estimatedTimeSec,2,2,f369cb89fc627e668987007d121ed1eacdc01db9e28f8bb26f358b7d8c4f08ac
u03-s003-v005,question,prerequisiteSkillIds[0],26,26,2b4aad514f44f267f2a019a82f0d3a877a6579002579c578222b58ab48502b66
u03-s003-v005,question,authoringIntent,11,33,115674e7d8b50cb0e01d6b865dac8b998b30d35ca984b437c0c4c716378a578d
u03-s003-v005,question,reviewStatus,22,22,ec809598e2f7fcc69fad54c9cd045bba62b4a0dc7c0ff90d4efdc3788c9ad8fb
u03-s003-v005,question,contentSha256,64,64,312c0c61c8f56a70275a4ed15ce401fb0b0ec6224c01196818322f19beab41d6
u03-s003-v005,question,contentAuthority,25,25,ed40f75ffe3d6ad4e71f6e7919d063410490de360edb425965eccd605ca9d79e
u03-s003-v005,question,legacyContentDisposition,39,39,2efcc87c0c9673d2efe77735ae75582eb178c880b07035d8695f010e324b7c71
u03-s003-v006,question,questionId,13,13,92353a4d127ddacfb1eed10c18c959d524d04e6b1cddf1bc9628de1f0d6c1e04
u03-s003-v006,question,unitId,3,3,97ce842ec69dee17c1842918e63b9d4042fa4b35007146dcfb80a09c5000888a
u03-s003-v006,question,topicId,27,27,5edc6d8adc97105fb624f3211c5e8b14178a37949edbbef037f75ad528a701a5
u03-s003-v006,question,skillId,32,32,2007f1ed592a8faae31ed2f532c28d3cbecb400adb6ebb8d85c5dab4a25001ee
u03-s003-v006,question,difficulty,8,8,fe6d3468cf5c74d8ec2a95b40f2e05338c37a4202f8fad692d2b64a9cf9b468a
u03-s003-v006,question,type,2,2,6bc0f9c4ecb0acbebf1b9f6c816bdd66f4885f67c917d9e141cf893014fba936
u03-s003-v006,question,visualMode,9,9,9c7d54b0bf7a9369d8594201c7b11955514343809d09fbec33966c1fd9794015
u03-s003-v006,question,sourceScope,19,19,a4b669ddb8ef1883391c07a7b633f12eeaeecee7ec37c09eea4931aff6644346
u03-s003-v006,question,text,29,63,fb863b57c737ac869ab381677255e7f4ab2b2b124724cbafab4994a155a28ce7
u03-s003-v006,question,choices[0],5,13,63e75667d5d330286b6e585668997f7ed9923b62c24bd76a0ae2e1c4c8389a3b
u03-s003-v006,question,choices[1],5,13,4478be37b7158e011a2e43ba9bc61c044c3344dedc94f9a99bd1fd1b27917bbd
u03-s003-v006,question,choices[2],6,14,a0a4d67c6ba5737dbda5cb62f6cd00d13980212c2286f34f0b5f383a95804789
u03-s003-v006,question,choices[3],5,13,3340e7cc56a613432fe9df60d73abaf19d42c67f6e8e34a371515b3559182ba3
u03-s003-v006,question,explanation,38,106,f082fea3530c37d3447102c8edd1cebd3f6d1449be970edc5e0d47c01b17d831
u03-s003-v006,question,steps[0],6,16,7ae29508ccdfc65de7f3dec09625c384d1977bbcd24fa078c5338a6acac6a183
u03-s003-v006,question,steps[1],7,19,78bfa72da9e716ab9f6b5dd2975107bc72389621133e8d0dadf3b47d01b15be1
u03-s003-v006,question,steps[2],8,24,b2dabc35b740f498f25ad1bb3481f9d9cf742d1f78dfa4bb1a3fa9ea0d13638c
u03-s003-v006,question,optionAnalysis[0].choice,5,13,63e75667d5d330286b6e585668997f7ed9923b62c24bd76a0ae2e1c4c8389a3b
u03-s003-v006,question,optionAnalysis[0].reason,13,25,fbe8d53dfa338e224d6742d63eeefb9bab839d81aa9914e139bf05d0f09ec72e
u03-s003-v006,question,optionAnalysis[1].choice,5,13,4478be37b7158e011a2e43ba9bc61c044c3344dedc94f9a99bd1fd1b27917bbd
u03-s003-v006,question,optionAnalysis[1].reason,11,31,7bfef10326e521cb7e96beb12c6e593d4f42e93000dfd3ba58f891cf372a98fa
u03-s003-v006,question,optionAnalysis[2].choice,6,14,a0a4d67c6ba5737dbda5cb62f6cd00d13980212c2286f34f0b5f383a95804789
u03-s003-v006,question,optionAnalysis[2].reason,35,83,d644dc7d74cfef7bed48a9eafa5d23cc1e1df4b57e9e28ab9e09407d1f046517
u03-s003-v006,question,optionAnalysis[3].choice,5,13,3340e7cc56a613432fe9df60d73abaf19d42c67f6e8e34a371515b3559182ba3
u03-s003-v006,question,optionAnalysis[3].reason,10,24,ee42ce034bc74b18b3d516efe94b0660f43aa45f645a45298f25dd316eab1d1c
u03-s003-v006,question,commonMistake,15,45,313d4707c47060d04b7ee1d8627c3d8f7747fde809e4f9b7ff12c04b47cb6b5f
u03-s003-v006,question,concept,16,48,6d4eb876a6780c7f374602b71199ceedb8f76d9d34d2de086275b3f54d24598e
u03-s003-v006,question,tags[0],2,6,32f6541b44ed479dbf6cc8c7dd98824e49e03974d72ad8b65c33383a9cbb349f
u03-s003-v006,question,tags[1],4,12,fc9109a5773b17af0ed3b361c115da45fb6d8c7dec9fcb8fea6212cc82f8095a
u03-s003-v006,question,tags[2],8,8,fe6d3468cf5c74d8ec2a95b40f2e05338c37a4202f8fad692d2b64a9cf9b468a
u03-s003-v006,question,estimatedTimeSec,2,2,f369cb89fc627e668987007d121ed1eacdc01db9e28f8bb26f358b7d8c4f08ac
u03-s003-v006,question,prerequisiteSkillIds[0],26,26,2b4aad514f44f267f2a019a82f0d3a877a6579002579c578222b58ab48502b66
u03-s003-v006,question,authoringIntent,12,36,f6257ea082932160c6cc139c0264951389a1df24d660a5b0b96336511795719a
u03-s003-v006,question,reviewStatus,22,22,ec809598e2f7fcc69fad54c9cd045bba62b4a0dc7c0ff90d4efdc3788c9ad8fb
u03-s003-v006,question,contentSha256,64,64,19db159b622ccc06b78420268e0eb35bcb4fd2d52ecf74e081dbd5c7e9070027
u03-s003-v006,question,contentAuthority,25,25,ed40f75ffe3d6ad4e71f6e7919d063410490de360edb425965eccd605ca9d79e
u03-s003-v006,question,legacyContentDisposition,39,39,2efcc87c0c9673d2efe77735ae75582eb178c880b07035d8695f010e324b7c71
u03-s003-v007,question,questionId,13,13,c48ddc33472acc26244ef208b8df7180c9721df87fcf898086eee03eb77e7c40
u03-s003-v007,question,unitId,3,3,97ce842ec69dee17c1842918e63b9d4042fa4b35007146dcfb80a09c5000888a
u03-s003-v007,question,topicId,27,27,5edc6d8adc97105fb624f3211c5e8b14178a37949edbbef037f75ad528a701a5
u03-s003-v007,question,skillId,32,32,2007f1ed592a8faae31ed2f532c28d3cbecb400adb6ebb8d85c5dab4a25001ee
u03-s003-v007,question,difficulty,8,8,d21f85ea38166303ce58e06134b5cc4a5c900c409ab2a500ff7c9225109a09bb
u03-s003-v007,question,type,2,2,6bc0f9c4ecb0acbebf1b9f6c816bdd66f4885f67c917d9e141cf893014fba936
u03-s003-v007,question,visualMode,9,9,9c7d54b0bf7a9369d8594201c7b11955514343809d09fbec33966c1fd9794015
u03-s003-v007,question,sourceScope,19,19,a4b669ddb8ef1883391c07a7b633f12eeaeecee7ec37c09eea4931aff6644346
u03-s003-v007,question,text,17,45,9597f64fa8035ca6b3480ed60690d83a4c65090bc806b35ddf709b4d5886d218
u03-s003-v007,question,choices[0],8,14,180de1a6d9f26fc7900098bd13c1e6d4c93a734bfdf3ab979b2968aef8dc5ed9
u03-s003-v007,question,choices[1],7,13,962d169f481beab265a616a6b6310ad1d89456d64f843abac970e1228723155b
u03-s003-v007,question,choices[2],6,8,b589c9fae5d5a596122ef643a3f781db40eb8d091476f04d87d689c45ca55ccc
u03-s003-v007,question,choices[3],9,15,56f21f7bf3595eb5965e6191e4ae135892d6127f27720e5f7144e7c079d78ded
u03-s003-v007,question,explanation,40,98,9a32120fa85e8632cf6601c0479b1b4b3d9368e14fc45da803021f03aa9cf13d
u03-s003-v007,question,steps[0],9,19,a438661ed7c25015bc02dd6cc53a111c4f5db543620e2fb357a33583629f01f9
u03-s003-v007,question,steps[1],4,10,fdfca2c9e9e0ac2e0685ef07bfce30d9979e9ad935fc209fc2b28774a6a404da
u03-s003-v007,question,steps[2],7,21,366cc906c643373a545331cd7e7955e88d5843febdb023e369e446ee0418b0b2
u03-s003-v007,question,optionAnalysis[0].choice,8,14,180de1a6d9f26fc7900098bd13c1e6d4c93a734bfdf3ab979b2968aef8dc5ed9
u03-s003-v007,question,optionAnalysis[0].reason,7,19,300e5f2cc20dd60c43d3f171663efac0e30de4cee2d03fd25dc096ae165ef6d7
u03-s003-v007,question,optionAnalysis[1].choice,7,13,962d169f481beab265a616a6b6310ad1d89456d64f843abac970e1228723155b
u03-s003-v007,question,optionAnalysis[1].reason,8,24,9f0e7eadb9b1412d324fb335b28f907a10efe286b0d2ac3661b4bc2145a5239c
u03-s003-v007,question,optionAnalysis[2].choice,6,8,b589c9fae5d5a596122ef643a3f781db40eb8d091476f04d87d689c45ca55ccc
u03-s003-v007,question,optionAnalysis[2].reason,10,26,aeebc0a8162329e94daf5e3cb46c517cf7936c1bb07b1836dde8f7efd52a3573
u03-s003-v007,question,optionAnalysis[3].choice,9,15,56f21f7bf3595eb5965e6191e4ae135892d6127f27720e5f7144e7c079d78ded
u03-s003-v007,question,optionAnalysis[3].reason,35,81,ad00471415f46f34a933c9094ff5649a6bad07dd43f244a0e49797dbb8e93866
u03-s003-v007,question,commonMistake,11,33,6012447a44e40e1516fd3fc320c08ee87f83ffa9c56a895ae6a88166db2119fe
u03-s003-v007,question,concept,14,42,bad6222f1e8ba04b542f1977e8e6d30402913af35506b802384543ea9f88ba35
u03-s003-v007,question,tags[0],2,6,32f6541b44ed479dbf6cc8c7dd98824e49e03974d72ad8b65c33383a9cbb349f
u03-s003-v007,question,tags[1],4,12,fc9109a5773b17af0ed3b361c115da45fb6d8c7dec9fcb8fea6212cc82f8095a
u03-s003-v007,question,tags[2],8,8,d21f85ea38166303ce58e06134b5cc4a5c900c409ab2a500ff7c9225109a09bb
u03-s003-v007,question,estimatedTimeSec,2,2,f369cb89fc627e668987007d121ed1eacdc01db9e28f8bb26f358b7d8c4f08ac
u03-s003-v007,question,prerequisiteSkillIds[0],26,26,2b4aad514f44f267f2a019a82f0d3a877a6579002579c578222b58ab48502b66
u03-s003-v007,question,authoringIntent,11,33,4f794cfe719ece493c2bc459f24494388ec2ebb3597fbcdabb583343ff55b758
u03-s003-v007,question,reviewStatus,22,22,ec809598e2f7fcc69fad54c9cd045bba62b4a0dc7c0ff90d4efdc3788c9ad8fb
u03-s003-v007,question,contentSha256,64,64,21a2ab38127abe0f371f4a2d4d37e052629ac29215acd0b401ebc8bf6c6c4a85
u03-s003-v007,question,contentAuthority,25,25,ed40f75ffe3d6ad4e71f6e7919d063410490de360edb425965eccd605ca9d79e
u03-s003-v007,question,legacyContentDisposition,39,39,2efcc87c0c9673d2efe77735ae75582eb178c880b07035d8695f010e324b7c71
u03-s003-v008,question,questionId,13,13,8ec57db0dcc5877d06aac67ebc7824d906d6d1dc326d16fffbb7d9af14c83544
u03-s003-v008,question,unitId,3,3,97ce842ec69dee17c1842918e63b9d4042fa4b35007146dcfb80a09c5000888a
u03-s003-v008,question,topicId,27,27,5edc6d8adc97105fb624f3211c5e8b14178a37949edbbef037f75ad528a701a5
u03-s003-v008,question,skillId,32,32,2007f1ed592a8faae31ed2f532c28d3cbecb400adb6ebb8d85c5dab4a25001ee
u03-s003-v008,question,difficulty,8,8,d21f85ea38166303ce58e06134b5cc4a5c900c409ab2a500ff7c9225109a09bb
u03-s003-v008,question,type,2,2,6bc0f9c4ecb0acbebf1b9f6c816bdd66f4885f67c917d9e141cf893014fba936
u03-s003-v008,question,visualMode,9,9,9c7d54b0bf7a9369d8594201c7b11955514343809d09fbec33966c1fd9794015
u03-s003-v008,question,sourceScope,19,19,a4b669ddb8ef1883391c07a7b633f12eeaeecee7ec37c09eea4931aff6644346
u03-s003-v008,question,text,32,78,b7333d6919e9349917f16b32fef7ba2edcbed882383cfdea9942c89f15e50d77
u03-s003-v008,question,choices[0],13,39,f6d633be5f4a4990034e0d4a078f5ebb61bb4a03edf429a9ee7926d0759260a1
u03-s003-v008,question,choices[1],9,27,caa74e0c5aa3713195b57bd392039bab943b6c6a2651e498d6f31dae6d22e1ba
u03-s003-v008,question,choices[2],10,30,f1abece5c7e74f01e4133c6ca00f30cbe397567e54f00ad594942d0cf30caab6
u03-s003-v008,question,choices[3],10,30,0350f1d43fa7d8dbbec3a2ac5208bc5aefc9c9d693d1a8d0c6a97c8ac07e7dd2
u03-s003-v008,question,explanation,45,125,68ce68f82bc5cac66706d5fe9e20305b9d5d5f2a46e04ca70f670d1026520785
u03-s003-v008,question,steps[0],7,19,7cdbfd84de1472835f126e3aff331957f04e99e03012698089fe16c4ee3b5d84
u03-s003-v008,question,steps[1],8,24,f54ffe9e825d54ea4d748e1f2746bdac064274d470cba89fc7977c8e330037f2
u03-s003-v008,question,steps[2],6,10,9fd5dfc0c34b690217819f668d13ec529dee3196a2906b87005f93a96d3f493c
u03-s003-v008,question,optionAnalysis[0].choice,13,39,f6d633be5f4a4990034e0d4a078f5ebb61bb4a03edf429a9ee7926d0759260a1
u03-s003-v008,question,optionAnalysis[0].reason,40,91,bbebf0c046d1930a9476e57efd55512d37f43304311c60a22d466eff035c88d9
u03-s003-v008,question,optionAnalysis[1].choice,9,27,caa74e0c5aa3713195b57bd392039bab943b6c6a2651e498d6f31dae6d22e1ba
u03-s003-v008,question,optionAnalysis[1].reason,11,33,b5e3bd562dc2ec75be4b411f282ae6e2b9f3b009a4c070d00bccd8e942d71e89
u03-s003-v008,question,optionAnalysis[2].choice,10,30,f1abece5c7e74f01e4133c6ca00f30cbe397567e54f00ad594942d0cf30caab6
u03-s003-v008,question,optionAnalysis[2].reason,12,36,3f6c08ef17ac451d7d4d9a51f36244de7806eec5a840928d549362a3bfe8ae48
u03-s003-v008,question,optionAnalysis[3].choice,10,30,0350f1d43fa7d8dbbec3a2ac5208bc5aefc9c9d693d1a8d0c6a97c8ac07e7dd2
u03-s003-v008,question,optionAnalysis[3].reason,8,24,34023db624a98da010bcd9fd3703355c50ba3bd85053cd351073449a0d51e46d
u03-s003-v008,question,commonMistake,16,46,3d62013b07189743a639ca9716a69ebe29f34bcc70b43edaebdbbf02f8e4a233
u03-s003-v008,question,concept,12,36,a1b5a5980a1eca86a6960ec8c99daa7580ae2f3a326a8561b5196f52481299d3
u03-s003-v008,question,tags[0],2,6,32f6541b44ed479dbf6cc8c7dd98824e49e03974d72ad8b65c33383a9cbb349f
u03-s003-v008,question,tags[1],4,12,fc9109a5773b17af0ed3b361c115da45fb6d8c7dec9fcb8fea6212cc82f8095a
u03-s003-v008,question,tags[2],8,8,d21f85ea38166303ce58e06134b5cc4a5c900c409ab2a500ff7c9225109a09bb
u03-s003-v008,question,estimatedTimeSec,2,2,f369cb89fc627e668987007d121ed1eacdc01db9e28f8bb26f358b7d8c4f08ac
u03-s003-v008,question,prerequisiteSkillIds[0],26,26,2b4aad514f44f267f2a019a82f0d3a877a6579002579c578222b58ab48502b66
u03-s003-v008,question,authoringIntent,14,42,379d55bfc14061bbf55d2d6c15ced93adfc562da120d0efc00da6ba0f374fcab
u03-s003-v008,question,reviewStatus,22,22,ec809598e2f7fcc69fad54c9cd045bba62b4a0dc7c0ff90d4efdc3788c9ad8fb
u03-s003-v008,question,contentSha256,64,64,91729471cc33b25ae388ccce5f45a00a6a04ddcede4fdcb2d5676705b0e6db10
u03-s003-v008,question,contentAuthority,25,25,ed40f75ffe3d6ad4e71f6e7919d063410490de360edb425965eccd605ca9d79e
u03-s003-v008,question,legacyContentDisposition,39,39,2efcc87c0c9673d2efe77735ae75582eb178c880b07035d8695f010e324b7c71
u03-s003-v009,question,questionId,13,13,c9f2bd20c8f54b85c6303df57ae20fbedf526a936e58384ed605ca73ffe202d6
u03-s003-v009,question,unitId,3,3,97ce842ec69dee17c1842918e63b9d4042fa4b35007146dcfb80a09c5000888a
u03-s003-v009,question,topicId,27,27,5edc6d8adc97105fb624f3211c5e8b14178a37949edbbef037f75ad528a701a5
u03-s003-v009,question,skillId,32,32,2007f1ed592a8faae31ed2f532c28d3cbecb400adb6ebb8d85c5dab4a25001ee
u03-s003-v009,question,difficulty,8,8,d21f85ea38166303ce58e06134b5cc4a5c900c409ab2a500ff7c9225109a09bb
u03-s003-v009,question,type,2,2,6bc0f9c4ecb0acbebf1b9f6c816bdd66f4885f67c917d9e141cf893014fba936
u03-s003-v009,question,visualMode,9,9,9c7d54b0bf7a9369d8594201c7b11955514343809d09fbec33966c1fd9794015
u03-s003-v009,question,sourceScope,19,19,a4b669ddb8ef1883391c07a7b633f12eeaeecee7ec37c09eea4931aff6644346
u03-s003-v009,question,text,30,64,74875bc2bee5132eed1882d2ccac6307bd3dfef625cb8b489d5da0d50819108b
u03-s003-v009,question,choices[0],5,13,ad8f755586d32fe4a632dfcf0337ad181d1d12e9cf7c4f5341d768cce637615a
u03-s003-v009,question,choices[1],5,13,16e326d287eecb6de21b98d74632ac1bb9ca1e59d2a881dbe750d7568d1dfcec
u03-s003-v009,question,choices[2],7,17,6c4c7a83c646b8aaa06d5f0b6b02389081f7a649bef72624b05c46c51949ee3d
u03-s003-v009,question,choices[3],8,22,36294411a5a38589e61f50beb20bd3b0fc3eb66116693aaa2c925fd2863e9989
u03-s003-v009,question,explanation,42,107,433ef07470b819dea9cc0d1fb9695dfe4840a2b4c0ec9ac62f3970935e18f55b
u03-s003-v009,question,steps[0],11,31,902252ef54aab9edaf8f845608c3c746013caa6c812c62e538cb1a0a65e6ef76
u03-s003-v009,question,steps[1],5,13,7d9cd7cdac1fecd74ea73741041b952a706673c790b88beea98065f9272742d5
u03-s003-v009,question,steps[2],8,13,6a3a58881c3c9f04b1c059e9e0c54d6f0279254f219278733c881a99dfccb0fa
u03-s003-v009,question,optionAnalysis[0].choice,5,13,ad8f755586d32fe4a632dfcf0337ad181d1d12e9cf7c4f5341d768cce637615a
u03-s003-v009,question,optionAnalysis[0].reason,9,25,a6f12fb7a2fe022b93bf4e9924fdce38866f68328e1d62aac0ddaeadd2dcdcac
u03-s003-v009,question,optionAnalysis[1].choice,5,13,16e326d287eecb6de21b98d74632ac1bb9ca1e59d2a881dbe750d7568d1dfcec
u03-s003-v009,question,optionAnalysis[1].reason,10,28,ddd04d21a4ec18e95ef4455c38e3dbc93dddf4b47a2a37963506747c8f8eafeb
u03-s003-v009,question,optionAnalysis[2].choice,7,17,6c4c7a83c646b8aaa06d5f0b6b02389081f7a649bef72624b05c46c51949ee3d
u03-s003-v009,question,optionAnalysis[2].reason,31,77,7163d55738f9f9ba632f560228172f5351c2978e8f7b084d501a0fd61c4f56d4
u03-s003-v009,question,optionAnalysis[3].choice,8,22,36294411a5a38589e61f50beb20bd3b0fc3eb66116693aaa2c925fd2863e9989
u03-s003-v009,question,optionAnalysis[3].reason,15,45,3f9e6455329c851d9e7f916aa1181d384f807971bed1cb17ec1a1621e6d46820
u03-s003-v009,question,commonMistake,14,42,e3e14c279d413a82fdb7a590b8e7e2f8c055e346f7c105b0eec6e3f3046b5672
u03-s003-v009,question,concept,13,39,103333051c8a454936347680816bd3881fc95f851ae8189c6801be0609b3a02e
u03-s003-v009,question,tags[0],2,6,32f6541b44ed479dbf6cc8c7dd98824e49e03974d72ad8b65c33383a9cbb349f
u03-s003-v009,question,tags[1],4,12,fc9109a5773b17af0ed3b361c115da45fb6d8c7dec9fcb8fea6212cc82f8095a
u03-s003-v009,question,tags[2],8,8,d21f85ea38166303ce58e06134b5cc4a5c900c409ab2a500ff7c9225109a09bb
u03-s003-v009,question,estimatedTimeSec,2,2,f369cb89fc627e668987007d121ed1eacdc01db9e28f8bb26f358b7d8c4f08ac
u03-s003-v009,question,prerequisiteSkillIds[0],26,26,2b4aad514f44f267f2a019a82f0d3a877a6579002579c578222b58ab48502b66
u03-s003-v009,question,authoringIntent,14,42,a003f6e6babc4d4e085d794bb7893c4eaa519ee6c19bb3d95a768f265585ff76
u03-s003-v009,question,reviewStatus,22,22,ec809598e2f7fcc69fad54c9cd045bba62b4a0dc7c0ff90d4efdc3788c9ad8fb
u03-s003-v009,question,contentSha256,64,64,7a755f7f4a228f9ddcf438eaa15a4b8b025815d5f6949fdefbe6dac60234c590
u03-s003-v009,question,contentAuthority,25,25,ed40f75ffe3d6ad4e71f6e7919d063410490de360edb425965eccd605ca9d79e
u03-s003-v009,question,legacyContentDisposition,39,39,2efcc87c0c9673d2efe77735ae75582eb178c880b07035d8695f010e324b7c71
u03-s003-v010,question,questionId,13,13,ef3776a8cac8a8399b1a893d6872c9e323da09589edd3a69577745a5944225a2
u03-s003-v010,question,unitId,3,3,97ce842ec69dee17c1842918e63b9d4042fa4b35007146dcfb80a09c5000888a
u03-s003-v010,question,topicId,27,27,5edc6d8adc97105fb624f3211c5e8b14178a37949edbbef037f75ad528a701a5
u03-s003-v010,question,skillId,32,32,2007f1ed592a8faae31ed2f532c28d3cbecb400adb6ebb8d85c5dab4a25001ee
u03-s003-v010,question,difficulty,8,8,578756ca4aa16d8872610a5aaa78460fd30fbe93379ff7284fe65d66ca606755
u03-s003-v010,question,type,2,2,6bc0f9c4ecb0acbebf1b9f6c816bdd66f4885f67c917d9e141cf893014fba936
u03-s003-v010,question,visualMode,9,9,9c7d54b0bf7a9369d8594201c7b11955514343809d09fbec33966c1fd9794015
u03-s003-v010,question,sourceScope,19,19,a4b669ddb8ef1883391c07a7b633f12eeaeecee7ec37c09eea4931aff6644346
u03-s003-v010,question,text,62,148,a983e0aaed7d17db62dd99bd532e0786b92371c152117e0306bb298fcb2fe804
u03-s003-v010,question,choices[0],6,8,1150473569cc4c29bdfe45d999419cf66a33d6ac5fe38b8d07d13ccb98186c44
u03-s003-v010,question,choices[1],10,14,72d89d90c6509042695db0b9c2d2f591e35362b19d9f565ead5452644a84689c
u03-s003-v010,question,choices[2],9,11,42311ebb0337f3901fb542bb18299b3be48fbacd6ddd7b0a95e7cb557c3ddf77
u03-s003-v010,question,choices[3],6,8,106ca798a702dd4b08f6188e0f04533388f83bbf4b43f5997bfc9544148315ba
u03-s003-v010,question,explanation,46,90,fc7de0773e208068f9c337592340dee2ebc6ffc659cee8cb19133786908b44a5
u03-s003-v010,question,steps[0],14,22,32674dbf22d851e5cc6686ff572b2f3043402b836f6323a9d6c41221b62060d9
u03-s003-v010,question,steps[1],7,15,ce6a7382d6c9c80290d412ab0e74d90fd512ab1d32b885ee9b4a9fdb1d220704
u03-s003-v010,question,steps[2],8,12,6c4637178f8056a5df021f91e48c436eb96d0499c842cd449998ae7efff32573
u03-s003-v010,question,optionAnalysis[0].choice,6,8,1150473569cc4c29bdfe45d999419cf66a33d6ac5fe38b8d07d13ccb98186c44
u03-s003-v010,question,optionAnalysis[0].reason,8,24,b064342b3b591861130d03f15fd4a116cc2ade6bb1390b1d4771db04d34efe91
u03-s003-v010,question,optionAnalysis[1].choice,10,14,72d89d90c6509042695db0b9c2d2f591e35362b19d9f565ead5452644a84689c
u03-s003-v010,question,optionAnalysis[1].reason,17,37,1821e795bc058e7bf2789b88a7cd964ce8cebba6a741107456bba1039be55697
u03-s003-v010,question,optionAnalysis[2].choice,9,11,42311ebb0337f3901fb542bb18299b3be48fbacd6ddd7b0a95e7cb557c3ddf77
u03-s003-v010,question,optionAnalysis[2].reason,11,33,332e452494c42f5c7e960ec7aaf36b469b934f93826b8149a0dbcf13161e35e3
u03-s003-v010,question,optionAnalysis[3].choice,6,8,106ca798a702dd4b08f6188e0f04533388f83bbf4b43f5997bfc9544148315ba
u03-s003-v010,question,optionAnalysis[3].reason,39,77,8c08a5c2c15a5635347ef7f9d2343c0210ec3c91bb50133423de5de9feef2921
u03-s003-v010,question,commonMistake,15,45,45e23da89b235d4e9dcdef348aada472373fc25c4bf6da415be369c3f420c99e
u03-s003-v010,question,concept,16,48,b35906fc7302b67312196ea28535f8cea971763c9e88484fc63252982d9b15b7
u03-s003-v010,question,tags[0],2,6,32f6541b44ed479dbf6cc8c7dd98824e49e03974d72ad8b65c33383a9cbb349f
u03-s003-v010,question,tags[1],4,12,fc9109a5773b17af0ed3b361c115da45fb6d8c7dec9fcb8fea6212cc82f8095a
u03-s003-v010,question,tags[2],8,8,578756ca4aa16d8872610a5aaa78460fd30fbe93379ff7284fe65d66ca606755
u03-s003-v010,question,estimatedTimeSec,2,2,f369cb89fc627e668987007d121ed1eacdc01db9e28f8bb26f358b7d8c4f08ac
u03-s003-v010,question,prerequisiteSkillIds[0],26,26,2b4aad514f44f267f2a019a82f0d3a877a6579002579c578222b58ab48502b66
u03-s003-v010,question,authoringIntent,14,42,d926bb85cc06b92e5a408fef6d1b89e63063b65251fed0c94c4b20eb2eac4ac1
u03-s003-v010,question,literacyContextNecessity,43,109,ba0b542caac8ae779f71c3b6bd1efe53ce00f61cc88ab4797fcd8a36b3c68672
u03-s003-v010,question,reviewStatus,22,22,ec809598e2f7fcc69fad54c9cd045bba62b4a0dc7c0ff90d4efdc3788c9ad8fb
u03-s003-v010,question,contentSha256,64,64,a4c8dfe9d061fc4f2f0ee6bb3d21e525b455c25ac34361e3ed8c9496a8b8bd0c
u03-s003-v010,question,contentAuthority,25,25,ed40f75ffe3d6ad4e71f6e7919d063410490de360edb425965eccd605ca9d79e
u03-s003-v010,question,legacyContentDisposition,39,39,2efcc87c0c9673d2efe77735ae75582eb178c880b07035d8695f010e324b7c71
u03-s003-v011,question,questionId,13,13,908141bd75ac840036467da2cb3f1811aa8f2355c4b5df938227480d0da44a18
u03-s003-v011,question,unitId,3,3,97ce842ec69dee17c1842918e63b9d4042fa4b35007146dcfb80a09c5000888a
u03-s003-v011,question,topicId,27,27,5edc6d8adc97105fb624f3211c5e8b14178a37949edbbef037f75ad528a701a5
u03-s003-v011,question,skillId,32,32,2007f1ed592a8faae31ed2f532c28d3cbecb400adb6ebb8d85c5dab4a25001ee
u03-s003-v011,question,difficulty,8,8,578756ca4aa16d8872610a5aaa78460fd30fbe93379ff7284fe65d66ca606755
u03-s003-v011,question,type,2,2,6bc0f9c4ecb0acbebf1b9f6c816bdd66f4885f67c917d9e141cf893014fba936
u03-s003-v011,question,visualMode,9,9,9c7d54b0bf7a9369d8594201c7b11955514343809d09fbec33966c1fd9794015
u03-s003-v011,question,sourceScope,19,19,a4b669ddb8ef1883391c07a7b633f12eeaeecee7ec37c09eea4931aff6644346
u03-s003-v011,question,text,49,105,a42137cd56841a92631cf99f37af13d613e812b01f64be313bfd5f0dd4c1b64a
u03-s003-v011,question,choices[0],7,15,0488a44fcadd420a9e0558f639695f2df2b7267a67812061e2e0d35dc8b71155
u03-s003-v011,question,choices[1],6,14,3584119546491d7932c8d4c7cc08d256f58304d224eaca99fffe9e19333499ed
u03-s003-v011,question,choices[2],6,14,3802cbec39c3f5e43fa432190d81d273a1cac8cae72e16fb245fb80c19155bed
u03-s003-v011,question,choices[3],11,25,48a586602e6f7cc2d9dc916904817f589500478d3da1818e5c0822e9fa3fd223
u03-s003-v011,question,explanation,44,116,7fe3aebc749426c076f90f764cc4770da3fe0cf8a2cbbe89af7138ad815f1476
u03-s003-v011,question,steps[0],13,35,de8bbc63fc3f74ebc69a734f471bf9d9dc27738eed7629e259be138fd81cc896
u03-s003-v011,question,steps[1],8,20,d3a35fee3e6d57afe85d7045e93a1158ab5aea219f6469390aa63498e2147d49
u03-s003-v011,question,steps[2],5,13,8a580665965c59decb19329603ddc42b41a04264a594adc3a48e62a45c14651c
u03-s003-v011,question,optionAnalysis[0].choice,7,15,0488a44fcadd420a9e0558f639695f2df2b7267a67812061e2e0d35dc8b71155
u03-s003-v011,question,optionAnalysis[0].reason,33,79,1efc60041aa5ed5b848860477b4393ec3bb9bdb8817e8a1151e7c2f69fefb288
u03-s003-v011,question,optionAnalysis[1].choice,6,14,3584119546491d7932c8d4c7cc08d256f58304d224eaca99fffe9e19333499ed
u03-s003-v011,question,optionAnalysis[1].reason,10,24,0f8792f3bd690e8b8f84175a7a86fefd681a53404ecb2f3a283320c20b82ec13
u03-s003-v011,question,optionAnalysis[2].choice,6,14,3802cbec39c3f5e43fa432190d81d273a1cac8cae72e16fb245fb80c19155bed
u03-s003-v011,question,optionAnalysis[2].reason,12,32,6c2aec8ddf1c8f2af7c1b28f8b397a50a2764ecebc11879748743e2a4ca65a37
u03-s003-v011,question,optionAnalysis[3].choice,11,25,48a586602e6f7cc2d9dc916904817f589500478d3da1818e5c0822e9fa3fd223
u03-s003-v011,question,optionAnalysis[3].reason,12,36,2fcab0a3a6f01327bd8f50ca7c7a98de5c35a6f7a6c5a6643db4e33ef2d5ed96
u03-s003-v011,question,commonMistake,15,41,14f4eb0c5b7cc6c0563dc96aae5a9f593fc078bcd0eb28046e7f5abbba1ea91a
u03-s003-v011,question,concept,10,30,7795f5cad0c9ea9134c3019ecf2c40c3ce8da8c35c5199abf3f46589423020af
u03-s003-v011,question,tags[0],2,6,32f6541b44ed479dbf6cc8c7dd98824e49e03974d72ad8b65c33383a9cbb349f
u03-s003-v011,question,tags[1],4,12,fc9109a5773b17af0ed3b361c115da45fb6d8c7dec9fcb8fea6212cc82f8095a
u03-s003-v011,question,tags[2],8,8,578756ca4aa16d8872610a5aaa78460fd30fbe93379ff7284fe65d66ca606755
u03-s003-v011,question,estimatedTimeSec,2,2,f369cb89fc627e668987007d121ed1eacdc01db9e28f8bb26f358b7d8c4f08ac
u03-s003-v011,question,prerequisiteSkillIds[0],26,26,2b4aad514f44f267f2a019a82f0d3a877a6579002579c578222b58ab48502b66
u03-s003-v011,question,authoringIntent,12,36,c4e209a91fcc03f2ab0a9b21664e1913e701b6787df37645a89e021310062ff3
u03-s003-v011,question,literacyContextNecessity,41,115,2da8b949201275624746a9e52cf0691059c339039eee9aceed80e3392ccd57ff
u03-s003-v011,question,reviewStatus,22,22,ec809598e2f7fcc69fad54c9cd045bba62b4a0dc7c0ff90d4efdc3788c9ad8fb
u03-s003-v011,question,contentSha256,64,64,699d5b1798836377e824a2a6e1ff2aa9ac8366f0931b8055813feeefbf5e36ca
u03-s003-v011,question,contentAuthority,25,25,ed40f75ffe3d6ad4e71f6e7919d063410490de360edb425965eccd605ca9d79e
u03-s003-v011,question,legacyContentDisposition,39,39,2efcc87c0c9673d2efe77735ae75582eb178c880b07035d8695f010e324b7c71
u03-s003-v012,question,questionId,13,13,2895b040d6a436deb029561ea96b5e857c22df19c76cc8f9cc40ac92f06c3a39
u03-s003-v012,question,unitId,3,3,97ce842ec69dee17c1842918e63b9d4042fa4b35007146dcfb80a09c5000888a
u03-s003-v012,question,topicId,27,27,5edc6d8adc97105fb624f3211c5e8b14178a37949edbbef037f75ad528a701a5
u03-s003-v012,question,skillId,32,32,2007f1ed592a8faae31ed2f532c28d3cbecb400adb6ebb8d85c5dab4a25001ee
u03-s003-v012,question,difficulty,8,8,578756ca4aa16d8872610a5aaa78460fd30fbe93379ff7284fe65d66ca606755
u03-s003-v012,question,type,2,2,6bc0f9c4ecb0acbebf1b9f6c816bdd66f4885f67c917d9e141cf893014fba936
u03-s003-v012,question,visualMode,9,9,9c7d54b0bf7a9369d8594201c7b11955514343809d09fbec33966c1fd9794015
u03-s003-v012,question,sourceScope,19,19,a4b669ddb8ef1883391c07a7b633f12eeaeecee7ec37c09eea4931aff6644346
u03-s003-v012,question,text,57,129,d7d6d3b66dba2e98d2c67faad05f5fffb2289d064417de6e109193eb4b0843fd
u03-s003-v012,question,choices[0],6,14,7105e3a4b2968815b109ef01867e4eb7593b8ec29752cb00066dd02f3c0484e0
u03-s003-v012,question,choices[1],7,15,475291c1b1fc3ac684c7105e966b584ecbf3ea216fbb95e8074d3b41da8559be
u03-s003-v012,question,choices[2],6,14,09a124b2757edf1b89b8e19bc719bf613ac7568636271cc66571b5ab031babec
u03-s003-v012,question,choices[3],17,47,63c8f1fc66d26eda6537e5367492bbc668835006b76aa5e3718fa16795e401c4
u03-s003-v012,question,explanation,42,112,f462ac6f21b41f92973b8db77182d79eda17331fdefb78cb0a11886db2e06fa4
u03-s003-v012,question,steps[0],8,20,77b50904f8ffcc5e9927cac16d04ff9d5c6f78c6964c035218f0e4708afc7511
u03-s003-v012,question,steps[1],10,26,8ca7f1ea692b8b4a35ae088c395ab4499fff0d6ec84657a7dcbcb064e3581343
u03-s003-v012,question,steps[2],6,18,876c7f7270b4d4f7b4b9d2db6cefc659f50ff1b3b93c62daab605c58fca5eeda
u03-s003-v012,question,optionAnalysis[0].choice,6,14,7105e3a4b2968815b109ef01867e4eb7593b8ec29752cb00066dd02f3c0484e0
u03-s003-v012,question,optionAnalysis[0].reason,10,26,e4104f0703000fd55a597334b7a83e2c0d0d812f59310d1d25a5b0d94c75aa07
u03-s003-v012,question,optionAnalysis[1].choice,7,15,475291c1b1fc3ac684c7105e966b584ecbf3ea216fbb95e8074d3b41da8559be
u03-s003-v012,question,optionAnalysis[1].reason,32,68,36505835b2d97d3074e1c8004694eacc4f850cc7e706cd606e01df9515030a3f
u03-s003-v012,question,optionAnalysis[2].choice,6,14,09a124b2757edf1b89b8e19bc719bf613ac7568636271cc66571b5ab031babec
u03-s003-v012,question,optionAnalysis[2].reason,17,47,cc18b4b5e9cc423bc079b345ca86feb97237ffca636528742bcb6cf8a5964b68
u03-s003-v012,question,optionAnalysis[3].choice,17,47,63c8f1fc66d26eda6537e5367492bbc668835006b76aa5e3718fa16795e401c4
u03-s003-v012,question,optionAnalysis[3].reason,17,51,ac5c2b1ec112c35f8af1a16b355c3f51fae22705c74bfdd4d2121498a0f086e5
u03-s003-v012,question,commonMistake,15,45,cc01a3338ed12b9bc16548af08886fc0b11e6f35dbae4f4b9876f8db931ecb0a
u03-s003-v012,question,concept,12,36,0388b84dc97286844942889bfa5d9b27fe3a09823db04cac568aaa1922ef80a4
u03-s003-v012,question,tags[0],2,6,32f6541b44ed479dbf6cc8c7dd98824e49e03974d72ad8b65c33383a9cbb349f
u03-s003-v012,question,tags[1],4,12,fc9109a5773b17af0ed3b361c115da45fb6d8c7dec9fcb8fea6212cc82f8095a
u03-s003-v012,question,tags[2],8,8,578756ca4aa16d8872610a5aaa78460fd30fbe93379ff7284fe65d66ca606755
u03-s003-v012,question,estimatedTimeSec,2,2,f369cb89fc627e668987007d121ed1eacdc01db9e28f8bb26f358b7d8c4f08ac
u03-s003-v012,question,prerequisiteSkillIds[0],26,26,2b4aad514f44f267f2a019a82f0d3a877a6579002579c578222b58ab48502b66
u03-s003-v012,question,authoringIntent,14,42,1af0eedc5f75d10d9f8e4e0f4fe8f882a16b7fe9bf1b8575e63d570d925b95a2
u03-s003-v012,question,literacyContextNecessity,41,105,7c6494e272ee0ad01bfeaa2e179f355a7af6f9a19cee741444f7d5f3533759de
u03-s003-v012,question,reviewStatus,22,22,ec809598e2f7fcc69fad54c9cd045bba62b4a0dc7c0ff90d4efdc3788c9ad8fb
u03-s003-v012,question,contentSha256,64,64,0e6e66ebae22719a92d585ca7e45afe2cacc9aa8c89807dd5250eb7b4193b20a
u03-s003-v012,question,contentAuthority,25,25,ed40f75ffe3d6ad4e71f6e7919d063410490de360edb425965eccd605ca9d79e
u03-s003-v012,question,legacyContentDisposition,39,39,2efcc87c0c9673d2efe77735ae75582eb178c880b07035d8695f010e324b7c71
u03-s003-cr001,question,questionId,14,14,69968ce56477c5cd7c1ea3040bf7ac5706f3b7fb8f431396b5aa2b9173e36ca7
u03-s003-cr001,question,unitId,3,3,97ce842ec69dee17c1842918e63b9d4042fa4b35007146dcfb80a09c5000888a
u03-s003-cr001,question,topicId,27,27,5edc6d8adc97105fb624f3211c5e8b14178a37949edbbef037f75ad528a701a5
u03-s003-cr001,question,skillId,32,32,2007f1ed592a8faae31ed2f532c28d3cbecb400adb6ebb8d85c5dab4a25001ee
u03-s003-cr001,question,difficulty,8,8,fe6d3468cf5c74d8ec2a95b40f2e05338c37a4202f8fad692d2b64a9cf9b468a
u03-s003-cr001,question,type,20,20,e519496c259191db041ac61161dbfadb673dd94a10a123ed7423adcf7968ae7c
u03-s003-cr001,question,visualMode,9,9,9c7d54b0bf7a9369d8594201c7b11955514343809d09fbec33966c1fd9794015
u03-s003-cr001,question,prompt,31,81,7e0f0da5a0b05684675f66ae3cd7f093d2e9fc637c9338f863bbe70271413782
u03-s003-cr001,question,requiredWork[0],8,22,a1b8d1a17a7d978cbdfac1ccaa17fb735d6b5baf13bb7321580f4181a85b9eeb
u03-s003-cr001,question,requiredWork[1],8,22,f4dbd82bdf2b49ecf899b3be382bc9dfbd09fe6d30758d57773ce6f4cd625b82
u03-s003-cr001,question,requiredWork[2],5,15,555f3416c54fcaae7586182d274121f7516544d2bd6b225e16576d9bfee8f59d
u03-s003-cr001,question,fullCreditSolution[0],12,24,c73ade42ef365096f94e9790eaa7e1386d2e43fdcc257003681c0ad94ff0db52
u03-s003-cr001,question,fullCreditSolution[1],10,22,195d8a7c545cb22ab50908dcc134b11175d6f23c26c0c6ab070777e27ba6192c
u03-s003-cr001,question,fullCreditSolution[2],11,18,903ef3f10307b9e7ed692530589772c46e47a69dac6a3cf8b1e1e5c7655d30f7
u03-s003-cr001,question,alternativeSolutions[0],16,48,d6d94be41d8c6ba5a533c92dbeb53a2e354b9911588e5dd9353f8262fa77b7c8
u03-s003-cr001,question,rubric[0].criteria,12,36,643725cbd6da6992d74f3d5bbb56861e8a39d8374248a73b0d3a36a157eb9b61
u03-s003-cr001,question,rubric[1].criteria,19,57,bc3ce3013856e8a127b1a84b8f400131cc1dfafed936ac7b9860ca3fda108c76
u03-s003-cr001,question,rubric[2].criteria,11,29,29c6699f3bc0b75cd23d8587734c7bcdc6f05f991b75b80b63848a00e5ca2275
u03-s003-cr001,question,rubric[3].criteria,12,36,bd9aaa6429c6b89581479e0fb4b5d104e058a39be65a13a2f97eaefbc239b69f
u03-s003-cr001,question,scoringNotes[0],14,42,cd605206f033bf9eb77fb66a20ada03efaf449b4f0635fc98dd861265ef39c50
u03-s003-cr001,question,scoringNotes[1],25,75,a2c565e5172ae5430bb229f94ce51035aa7b17f1f115f704476e4c19fc1098cf
u03-s003-cr001,question,commonErrors[0],13,35,51986e44602844b9a8339d91c48ef6a7daf7ec57d37c39cf00b8205c630b8730
u03-s003-cr001,question,commonErrors[1],8,22,b0bceecae7ad7be7b0b7eb5a274cc73cbb784c9a24a353a943747113186d1d24
u03-s003-cr001,question,independentReview.derivedResult,3,3,664e4ff929464cf795dd0a73a4fb7b690e0abe3a0b7767212056f20d706b4ab0
u03-s003-cr001,question,independentReview.ambiguity,26,78,4b9998d99f5ff6b4c48867707da30b5a75387690128c1a0e4fdc7f35be5f3c7a
u03-s003-cr001,question,independentReview.decision,4,4,d74ff0ee8da3b9806b18c877dbf29bbde50b5bd8e4dad7a3a725000feb82e8f1
u03-s003-cr001,question,contentSha256,64,64,575f4f8ddf781759d566b6cd88f90baae58570b983b19b7823b6e004b331e6c2
u03-s003-cr001,question,contentAuthority,25,25,ed40f75ffe3d6ad4e71f6e7919d063410490de360edb425965eccd605ca9d79e
u03-s003-cr001,question,legacyContentDisposition,39,39,2efcc87c0c9673d2efe77735ae75582eb178c880b07035d8695f010e324b7c71
u03-s003-cr002,question,questionId,14,14,196ded5cebd84e2ec1474ab5d079359e51111c666ef6d8faceb4f360cf2113b1
u03-s003-cr002,question,unitId,3,3,97ce842ec69dee17c1842918e63b9d4042fa4b35007146dcfb80a09c5000888a
u03-s003-cr002,question,topicId,27,27,5edc6d8adc97105fb624f3211c5e8b14178a37949edbbef037f75ad528a701a5
u03-s003-cr002,question,skillId,32,32,2007f1ed592a8faae31ed2f532c28d3cbecb400adb6ebb8d85c5dab4a25001ee
u03-s003-cr002,question,difficulty,8,8,d21f85ea38166303ce58e06134b5cc4a5c900c409ab2a500ff7c9225109a09bb
u03-s003-cr002,question,type,20,20,e519496c259191db041ac61161dbfadb673dd94a10a123ed7423adcf7968ae7c
u03-s003-cr002,question,visualMode,9,9,9c7d54b0bf7a9369d8594201c7b11955514343809d09fbec33966c1fd9794015
u03-s003-cr002,question,prompt,57,141,ed9306648781345bf82f385a6a8f6aa3626a79d95047f9a45766fac53fb159df
u03-s003-cr002,question,requiredWork[0],13,20,43fe6e88ab1f30061bd189b3c98b43bacd7648db9cdb9b6ca9ca3c5a301837af
u03-s003-cr002,question,requiredWork[1],10,24,c9edf2a044ad4accf62b70d61d519ccf75b15c6328c5a745d2873dc14ed50eea
u03-s003-cr002,question,requiredWork[2],7,21,b91d3b3492425a7ce11f708f6ebc63cde2e2670e17c0d39c37a9af37528bd93f
u03-s003-cr002,question,fullCreditSolution[0],13,21,f7110ac6b75573349896dbd71045a96e0d8c5a3eebb36b088f3a50799a4f19b4
u03-s003-cr002,question,fullCreditSolution[1],14,26,a45be1dbf577e7ddb711daa268d82e0ffc59098f0e3e1a19370ff773ee77b17a
u03-s003-cr002,question,fullCreditSolution[2],12,14,a73649993bf39d56c778e1b6739d0704e7efdd4686aea815f6246b3132ef0cb1
u03-s003-cr002,question,alternativeSolutions[0],18,54,6e698364c4dbde3cd563ba5f782710b9e8e616715d0b19473a339c77faf4884e
u03-s003-cr002,question,rubric[0].criteria,17,51,9ad45431d5f1ded79e3f75b09e47fed5fd6f58f11bafc376913ba6ca38ef7fb6
u03-s003-cr002,question,rubric[1].criteria,17,51,4dad46fc66f067710f8297132efdb5ddd95f3848d7210bd2e750d36d17cb6c57
u03-s003-cr002,question,rubric[2].criteria,22,42,e7d9c6338529fe7e844ef43de9259b6942bc91199157210a65955bd54e2782c4
u03-s003-cr002,question,rubric[3].criteria,10,30,83fffceb8634df6e6e3061f118977fa185fb9e6216f2c1cab9bfa0cb21252445
u03-s003-cr002,question,scoringNotes[0],14,42,cd605206f033bf9eb77fb66a20ada03efaf449b4f0635fc98dd861265ef39c50
u03-s003-cr002,question,scoringNotes[1],25,75,a2c565e5172ae5430bb229f94ce51035aa7b17f1f115f704476e4c19fc1098cf
u03-s003-cr002,question,commonErrors[0],11,27,fa709da11d12a3f9cb44b7656e56296a2f94b863e335d1df1acbde1a57bb349b
u03-s003-cr002,question,commonErrors[1],9,27,d6aff16bf9eeb976a36b3dcb872ce860758141674997e7e9d10ec9bcf5aca5c6
u03-s003-cr002,question,independentReview.derivedResult,4,6,2c62a65d9e65258741041a0ca9467b9e72d477b93e2bc0536638dde058047a96
u03-s003-cr002,question,independentReview.ambiguity,26,78,4b9998d99f5ff6b4c48867707da30b5a75387690128c1a0e4fdc7f35be5f3c7a
u03-s003-cr002,question,independentReview.decision,4,4,d74ff0ee8da3b9806b18c877dbf29bbde50b5bd8e4dad7a3a725000feb82e8f1
u03-s003-cr002,question,contentSha256,64,64,625a1d3b5cd96e5615a0d4a91e8d0092275049f1010112113f44c6f92cf4b27a
u03-s003-cr002,question,contentAuthority,25,25,ed40f75ffe3d6ad4e71f6e7919d063410490de360edb425965eccd605ca9d79e
u03-s003-cr002,question,legacyContentDisposition,39,39,2efcc87c0c9673d2efe77735ae75582eb178c880b07035d8695f010e324b7c71
u03-s004-lecture-r1,lecture,lectureId,19,19,9fcc23dd37e894a2c941b959975812e8c3a29c02658c4fb8d2c42e9c38ef988a
u03-s004-lecture-r1,lecture,unitId,3,3,97ce842ec69dee17c1842918e63b9d4042fa4b35007146dcfb80a09c5000888a
u03-s004-lecture-r1,lecture,topicId,27,27,5edc6d8adc97105fb624f3211c5e8b14178a37949edbbef037f75ad528a701a5
u03-s004-lecture-r1,lecture,skillId,29,29,1fa435421e21dd4e51711d9deb743dbe0e1833fa8edad9d1c796c54493db5e93
u03-s004-lecture-r1,lecture,title,27,81,bdccb937792cb2769ca56783addb6b46a55426522fc3e2fc90d7ae769606c217
u03-s004-lecture-r1,lecture,audience,10,30,e6b4416fbd9f36797de01256b31a4d6f6314e126fde8495e25792c814f64fc5f
u03-s004-lecture-r1,lecture,reviewStatus,22,22,ec809598e2f7fcc69fad54c9cd045bba62b4a0dc7c0ff90d4efdc3788c9ad8fb
u03-s004-lecture-r1,lecture,learningOutcomes[0],15,45,bd2c1f57a9f753640a2225b316bb445e0497ebaf47428291b3f51ad2162abbbe
u03-s004-lecture-r1,lecture,learningOutcomes[1],14,42,c08ebeccf55223dcb312a2961e594700b64da2def24a6a1c04a61a50105034a8
u03-s004-lecture-r1,lecture,learningOutcomes[2],14,42,5bde22f6b54d8ee1ca2598f06c80790a2a0f81a19cbeb4c6fb43d43649365ac8
u03-s004-lecture-r1,lecture,learningOutcomes[3],10,30,d0cafd49812c06a00b15dd6474bafd9a6e3a038f37e9d3c66e1b6eef7c7a22b4
u03-s004-lecture-r1,lecture,prerequisites[0].skillId,32,32,2007f1ed592a8faae31ed2f532c28d3cbecb400adb6ebb8d85c5dab4a25001ee
u03-s004-lecture-r1,lecture,prerequisites[0].requiredLevel,24,72,79fbedd7d7aa090edb97ad174aeef5a774e5ca72b4cafc48fcc438f1e83f9c36
u03-s004-lecture-r1,lecture,glossary[0].term,7,21,b9ec40b8f44e50d9cf57d476f402b2307da1c519c2ceadff2384e6e32779089e
u03-s004-lecture-r1,lecture,glossary[0].definition,22,64,bb6bb86ee8037a79c81f1b445a6c1028bf0b36be5cc5440a120497a91ffba29b
u03-s004-lecture-r1,lecture,glossary[1].term,2,6,51a509040fe4ec82abff73da2da89230d25eea3c2948777af1d042663cb60e75
u03-s004-lecture-r1,lecture,glossary[1].definition,9,27,56a0a28d09ba827df985faaab8c4d5226127f117b2fdd2bd69ed434fc7bbe8f8
u03-s004-lecture-r1,lecture,glossary[2].term,2,6,63ce05dc2e3daa246f9d5e293cab19300b8abc57f4561eb7df1d98efb7c9e482
u03-s004-lecture-r1,lecture,glossary[2].definition,8,24,c89df06550e31053012f93d37d8d4ef1d8e6d8c8c96d3e681a1cd567e952e0b8
u03-s004-lecture-r1,lecture,glossary[3].term,5,15,5dd4dc58590bf5313bedace9b4576fe8afb201a774cb4db50760c61d07783de6
u03-s004-lecture-r1,lecture,glossary[3].definition,12,32,15e617ed8b153c6e93d602dd70c2e62f734666c49479497a7204e206998b9b92
u03-s004-lecture-r1,lecture,notation[0].symbol,6,6,e33ea8e26476326aa1475e03e8deb57984f81901797d8131939e898f9b11d896
u03-s004-lecture-r1,lecture,notation[0].meaning,14,38,b94aef3c460c88b6d220984c8ea9cdb7604abeaf0a47ab880ee6bfcaccb3a2a2
u03-s004-lecture-r1,lecture,notation[1].symbol,9,9,3e854b0bf1a502234a1020c6da70d2915f94d039c8fd1ee76596c32c37627e60
u03-s004-lecture-r1,lecture,notation[1].meaning,13,39,817e203a5858e158fe9de46733afaa828b7e8392a23ce6b3b59365a0265e27ff
u03-s004-lecture-r1,lecture,conceptNarrative[0],24,72,646d9294e5ac51e849f2c463b25645224907ce7cad9a225dd89aefadab7618f9
u03-s004-lecture-r1,lecture,conceptNarrative[1],20,60,cc0643ced2fdcad1651d7b80f08c5cb753d60c3c258581c817f71e10e263e62f
u03-s004-lecture-r1,lecture,conceptNarrative[2],27,81,1d4cae6d62a04206dca8c2800ca7e1ba735c696bf62194f4371e3a28a6849292
u03-s004-lecture-r1,lecture,conceptNarrative[3],24,72,8b3de87931b76dbd880b2e08f1e1b70ba30a0408826386f9d743a4612ad87ea4
u03-s004-lecture-r1,lecture,formalDefinitions[0].name,5,15,f602e6a071bae8c9df0a9276d0d53137042f1fb563482dd7eb8ddb6de3bd245a
u03-s004-lecture-r1,lecture,formalDefinitions[0].statement,13,39,d60efcb9bacd44d3f889fa01fcea4953a0727b2923d83e4bdf24a6c17a02b777
u03-s004-lecture-r1,lecture,formalDefinitions[1].name,5,15,3678de5d737ba7c71c108cff7cd8e397a77c6fb8ed23039eca41c8bcbbbd08bc
u03-s004-lecture-r1,lecture,formalDefinitions[1].statement,20,38,75eff57f4591a041ebbefb1d1d8f6569c1215a39dbac97c48c7fc898b35b0b08
u03-s004-lecture-r1,lecture,formulas[0].formula,18,20,05b6746e2208d1f78f3f1cc47a50f1df5425de4169342fb2bf9dbdd28b336cce
u03-s004-lecture-r1,lecture,formulas[0].conditions[0],3,5,5e77216f112bbd32f0d522f21fb63bdc679d9688a4a98f77b04e8de5086d7660
u03-s004-lecture-r1,lecture,formulas[0].meaning,9,27,e7e92ed5ddd519694686c94f8b7e5b580444e9441f11ef1ec7bdb842c8d7bbce
u03-s004-lecture-r1,lecture,formulas[1].formula,22,24,1243a16481949fd1b0e1d1dbc592754f336f6fe0022468333935c0cdf5082752
u03-s004-lecture-r1,lecture,formulas[1].conditions[0],8,20,1dd73a6d5688e1fe68a5b4590ad9e221671faf62d881d65c46c327bda31e589b
u03-s004-lecture-r1,lecture,formulas[1].meaning,10,30,17b4b23a94225607589b37a2b6e247cb4ad21f8c698edd7e9d7d647efcb48185
u03-s004-lecture-r1,lecture,nonApplicableCases[0],34,100,d4043efdfa781b1de3a5a7e75f7252262b73abffbeccb9e4284eb2d3634fd25c
u03-s004-lecture-r1,lecture,nonApplicableCases[1],14,42,6a8dab2ef5d99ace981eefb87034fca19a8c8b0f48b1e581e2a6092ea719d8da
u03-s004-lecture-r1,lecture,nonApplicableCases[2],20,60,a56f546781a49797f721f61bc37d131b83deadba4db901bcb1d1115168aaef4e
u03-s004-lecture-r1,lecture,nonApplicableCases[3],15,45,4d203a3c14d3802673eb1136f743c5dcfe19480e76b133f48e600c4c85ce0579
u03-s004-lecture-r1,lecture,method[0].instruction,10,30,262062704fab311f1758f31318d8094f9aaf64abdffd2f4f92dd957dc7d23053
u03-s004-lecture-r1,lecture,method[0].check,10,30,d14806efc630b00b442e0f0481508a3a6e5b55b84b3598f88d92a90b317e5599
u03-s004-lecture-r1,lecture,method[1].instruction,10,30,b9a2fd6564fd8e98280efbd9b550ca65a9b78803d682f5edf714c731defb99bc
u03-s004-lecture-r1,lecture,method[1].check,10,30,0274057483074aa749086230abc45a159e8230de97a5f0b9b4688ade5eb2572f
u03-s004-lecture-r1,lecture,method[2].instruction,9,27,7f396309e44b48be9cf9a7d3cf5f6622b0fcef2dda30981dd6280a2f94942e05
u03-s004-lecture-r1,lecture,method[2].check,7,21,284c10d9499caf3fdb57a5caf81a8ffa79c77aca9a13d5ef074163fe161d312b
u03-s004-lecture-r1,lecture,method[3].instruction,8,24,ae97c0c04d14db0afcf50e5aff66f628bad7272b5eef2d34c1b0d850a3175b32
u03-s004-lecture-r1,lecture,method[3].check,7,21,e18c6ac7d98d1e7e7fbfca4edf255564c7d16152f3563ec28ef5b2f31b934d2e
u03-s004-lecture-r1,lecture,method[4].instruction,7,21,975bf8c56febea52be75f40f2f62badd5f9f8dcda39ef0505caf9618e3e94abc
u03-s004-lecture-r1,lecture,method[4].check,10,30,a87486e5b3a8657082ba0dc645924511ab383e40df1bfb86cd95bef217988055
u03-s004-lecture-r1,lecture,workedExamples[0].exampleId,2,2,dffe8596427fc50e8f64654a609af134d45552f18bbecef90b31135a9e7acaa0
u03-s004-lecture-r1,lecture,workedExamples[0].prompt,8,12,f5cbd338439e7fa56753ca2a0cc8e7dacb224f59e363e4bef65148a0cbdf4e9d
u03-s004-lecture-r1,lecture,workedExamples[0].solutionSteps[0],7,17,25b7d703004ae27368497f535fdec1ebbe8035f4aca1a8d96a1881f788be6130
u03-s004-lecture-r1,lecture,workedExamples[0].solutionSteps[1],5,7,18f7810e2aa92ee9ec6da968693d6afbf7b766e736736e0ca9125a31727f9e41
u03-s004-lecture-r1,lecture,workedExamples[0].answer,3,5,ad975a2967bfaebe47ade2f87cf9109df137ed346e257a2df4c567d6bf3e75f3
u03-s004-lecture-r1,lecture,workedExamples[1].exampleId,2,2,d76354d8457898445bb69e0dc0dc95fb74cc3cf334f8c1859162a16ad0041f8d
u03-s004-lecture-r1,lecture,workedExamples[1].prompt,8,12,f5005de8a857f53b1f925fbf4fa13f4fe3dbdbbca6e45ee2493316618c0ec22d
u03-s004-lecture-r1,lecture,workedExamples[1].solutionSteps[0],8,20,71ed78bb52fadf72b1caa9d447050cc743d18fcec36ee5d4c0ac73d562fd9642
u03-s004-lecture-r1,lecture,workedExamples[1].solutionSteps[1],5,7,0c5ac69548a7858afee6c488af396fef7017c6461c9080d2459c081d4af97559
u03-s004-lecture-r1,lecture,workedExamples[1].answer,3,5,c11126f7fb25d0e615980fd3d7f646500a20bb199b5505bffc891c8dabae497a
u03-s004-lecture-r1,lecture,workedExamples[2].exampleId,2,2,842983de8fb1d277a3fad5c8295c7a14317c458718a10c5a35b23e7f992a5c80
u03-s004-lecture-r1,lecture,workedExamples[2].prompt,12,16,157f17e2f7052f41a0f3fa8feadfa65e942fe69067844fe4bb060c63623202c4
u03-s004-lecture-r1,lecture,workedExamples[2].solutionSteps[0],14,24,c58b0665277478363cb2c3e75411c6462e2b12ea581968e8466c31ba5728f8a2
u03-s004-lecture-r1,lecture,workedExamples[2].solutionSteps[1],9,15,b4fc403872a5f442345ce1a9e82121c1fa1a32b41592791b881ffffb9db6b54f
u03-s004-lecture-r1,lecture,workedExamples[2].solutionSteps[2],4,6,07ff8b14e36f7cdbb09ce6fb8eaaf2f503c5cd4a99faa728086e76235bae61eb
u03-s004-lecture-r1,lecture,workedExamples[2].answer,2,4,2283f05de77ba6f91ee079e5eb05d370a22e25d6baaba66c32a2234633186159
u03-s004-lecture-r1,lecture,workedExamples[3].exampleId,2,2,4a5a97c6433c4c062457e9335709d57493e75527809d8a9586c141e591ac9f2c
u03-s004-lecture-r1,lecture,workedExamples[3].prompt,14,18,18b3f9d929d285966de7d11144f46f7d22fe3e26c80fe58d5622159c2cd6a482
u03-s004-lecture-r1,lecture,workedExamples[3].solutionSteps[0],14,20,68046db0d869a0a0334359dd869fa1bcd3434fd33a7fd45562d348f42ea71418
u03-s004-lecture-r1,lecture,workedExamples[3].solutionSteps[1],9,15,b9357752b340ec46a63e7cd1fb3855a6cbfa84d9a281f4fb7ee8116ce5b61aeb
u03-s004-lecture-r1,lecture,workedExamples[3].answer,2,4,5649b6e452ab4474cc605341cd7b579cbf2a29108a190f7716a76ce30faa8d6e
u03-s004-lecture-r1,lecture,commonMistakes[0].mistake,8,24,0b4b240758a9d5ccf0a58361440d38a72aba4056bf1eedd7007514b1d29470c9
u03-s004-lecture-r1,lecture,commonMistakes[0].why,11,33,afe8683ed87e586b9ac60101c605f0c9f09317c20355096d1105aa126d9d4756
u03-s004-lecture-r1,lecture,commonMistakes[0].correction,9,27,a2570ad043b2b72610f013a0807ce932ff85d30282283c9d140728abe9c293de
u03-s004-lecture-r1,lecture,commonMistakes[1].mistake,14,42,469e6a61e162fc8c8ccc95f0d575a0e8836ccbd2049c2f0fe6c117554bf4ff90
u03-s004-lecture-r1,lecture,commonMistakes[1].why,8,24,56f0e6b1f9077d9ceb1082a9f6817e94276d319dfe2c52cc7acc1563df3f086d
u03-s004-lecture-r1,lecture,commonMistakes[1].correction,11,29,9c460917814b7747583dccf989bdad1fabbbd1a91183c6dfcecccf050ba7f480
u03-s004-lecture-r1,lecture,commonMistakes[2].mistake,9,27,bd35a1ce03a37c57ff5eb028515984a99067d30c89f9ce4c2ccf0533b46bb8f2
u03-s004-lecture-r1,lecture,commonMistakes[2].why,6,18,9830d19043a486e17f94a48291541a6b6a998728bb01b62cb40e77ddfaf201f1
u03-s004-lecture-r1,lecture,commonMistakes[2].correction,8,24,a1d4d8c774dd35c928821b0a9ed98c1829fb116ed2d331b0c796a56594133b0d
u03-s004-lecture-r1,lecture,commonMistakes[3].mistake,14,42,3a50f8ec65898d4bc9f7cc823ca82ea75298d718f9edc2d415ecd6bc2e7b051f
u03-s004-lecture-r1,lecture,commonMistakes[3].why,8,24,3827adfcab043c799e7afd2c985a49adaa6a8622ebd3a4bad16c79ffae7376ac
u03-s004-lecture-r1,lecture,commonMistakes[3].correction,8,24,5f3285d8f229554c1c34718e23f581d617dc39b150bc16ebadf77dcd43d3d063
u03-s004-lecture-r1,lecture,commonMistakes[4].mistake,9,27,1b5a290b5b420d63e4d0c27d4365b34eedd3cdb473ec8d99c5a5a23dc8265d0f
u03-s004-lecture-r1,lecture,commonMistakes[4].why,10,30,32915b5845bd2d6773cb14cd218a2ccdd6b06ddd70f9ad855c3db87c1df79910
u03-s004-lecture-r1,lecture,commonMistakes[4].correction,10,26,06ead247fbe1c32072e8d56c10b0922727ff283848d3e35041d298f1b993df97
u03-s004-lecture-r1,lecture,commonMistakes[5].mistake,7,21,ac28aaa4a0a52e726ed739371c724b3f82483c13de00df75aee9d53d531bd604
u03-s004-lecture-r1,lecture,commonMistakes[5].why,12,36,869965241cd6b3a74504f92506601baae48ce602d802048cdaad2eca61d37c4b
u03-s004-lecture-r1,lecture,commonMistakes[5].correction,10,30,239497e85a0ee802f730043daf5387b5c14c24056c1de831b35a99db52abdaab
u03-s004-lecture-r1,lecture,selfCheck[0],10,30,a88fce35420b76309de614b0c09f7a22cd804ba577e71dda9214d94ed785850b
u03-s004-lecture-r1,lecture,selfCheck[1],13,39,41a5f583a2c317d1221b6b701505555a63552fd401628bfc6ed164720cb37962
u03-s004-lecture-r1,lecture,selfCheck[2],10,30,a39f868cbbc6a82d6a854a392d53be22feb77e07567e66440cfe226bd636ae79
u03-s004-lecture-r1,lecture,selfCheck[3],9,27,2e6d5ccd346d75f5405da91cdeda8f84c3a1c3a8ddd4b7a827a7b210c7f6b7e7
u03-s004-lecture-r1,lecture,selfCheck[4],10,30,3d353f13415f31cb68b6f1548c8dd15c73ec92b6419d3982e2871770c31a1643
u03-s004-lecture-r1,lecture,summary[0],9,27,88e5443d459fde924e451179c79b3a5bc5fa8a3402ab1e30dbfe46ebf8193acb
u03-s004-lecture-r1,lecture,summary[1],10,30,da61abc5cdd8ae68b239cfefd0400c4a40f77a52a106ed26488997144eda329c
u03-s004-lecture-r1,lecture,summary[2],11,33,43be405dd77634f7d2bc3482e2de300a1602844caba224c7d60cf77e27c5f260
u03-s004-lecture-r1,lecture,summary[3],10,30,105da1a9a88d352370391cd9adc7c184317dac16c60b41d2740b743b11058b73
u03-s004-lecture-r1,lecture,connections.previous,17,51,319445be0fb2cbffe0067d3d5e80e8ceba507db8674701d345434f1ba55ea715
u03-s004-lecture-r1,lecture,connections.next[0],11,33,ae9f5239e168480a55c83c6d38f264e49cacde061985f075d2b3b6216ce8a71f
u03-s004-lecture-r1,lecture,connections.next[1],18,54,59d0ee224ed2a34e43d1cb56da298f375ae7372cdb1246db7b15b581395cd399
u03-s004-lecture-r1,lecture,practiceLinks.mcQuestionIds[0],13,13,88dd8bd0fab4ad731de343f2e283762aa07705380fde3d0918706fb819e49000
u03-s004-lecture-r1,lecture,practiceLinks.mcQuestionIds[1],13,13,bcfd6c3020c4e38250aa54a6b87c069d91ee985dcef21f799d95cd87df89af83
u03-s004-lecture-r1,lecture,practiceLinks.mcQuestionIds[2],13,13,ea68a85febcc372d364a122649a881bfffaeb88736f7e1c2bea2c6418216839b
u03-s004-lecture-r1,lecture,practiceLinks.mcQuestionIds[3],13,13,2a1e2e9cb1ecaeaad934af1f413b0f39a3ae17a1ff39238fff49073e98704428
u03-s004-lecture-r1,lecture,practiceLinks.mcQuestionIds[4],13,13,ecea1c9eab141a25426a6b0345d2ade4dd464d2463821632c35679362f2c65db
u03-s004-lecture-r1,lecture,practiceLinks.mcQuestionIds[5],13,13,680ebe2e3aad18ecad15eafcb288fb9141b9f99b42c49ff1f8b6ebd9c223a399
u03-s004-lecture-r1,lecture,practiceLinks.mcQuestionIds[6],13,13,b3b6edae4ac9665e566980dce8a50d0fd7b6100cbe4f5c1a1d0deb20ff56f036
u03-s004-lecture-r1,lecture,practiceLinks.mcQuestionIds[7],13,13,5edfde629b826f064c9fa4c524a29a85fa3ec8b1d23e8503f96469b9b87b0ee2
u03-s004-lecture-r1,lecture,practiceLinks.mcQuestionIds[8],13,13,efe75c52182c2d22072d4fd00f6fd12a958a25d0b0783bd61b80f056c63b7776
u03-s004-lecture-r1,lecture,practiceLinks.mcQuestionIds[9],13,13,3331b95f812ba8767f3316098afa199abd3b8515587b3fd7a45bae7e9a43a45c
u03-s004-lecture-r1,lecture,practiceLinks.mcQuestionIds[10],13,13,40d13b1b34b3a4561a417d5a382427bb775df17874f2f2263eb38acb347cf565
u03-s004-lecture-r1,lecture,practiceLinks.mcQuestionIds[11],13,13,2f62ae70a03ba935b36ccaa90fa787e926b1fba65981d79b4607c1021ebd25ac
u03-s004-lecture-r1,lecture,practiceLinks.constructedResponseIds[0],14,14,975916c7ef89c634f3460b7504be08a9dd18a6673ff302a6dc37617e1c6d3402
u03-s004-lecture-r1,lecture,practiceLinks.constructedResponseIds[1],14,14,dfb7fc6af10a0171407c44d15fcad3a4c9d82fae714d78a371928a663e636fc2
u03-s004-lecture-r1,lecture,lectureReview.mathematicalCorrectness,4,4,d74ff0ee8da3b9806b18c877dbf29bbde50b5bd8e4dad7a3a725000feb82e8f1
u03-s004-lecture-r1,lecture,lectureReview.zeroFoundationReadability,4,4,d74ff0ee8da3b9806b18c877dbf29bbde50b5bd8e4dad7a3a725000feb82e8f1
u03-s004-lecture-r1,lecture,lectureReview.scopeCheck,21,21,fdf8268f0373301b2fcc6331f1d8999b8aabea69681e8bc972ab9a21216a7606
u03-s004-lecture-r1,lecture,lectureReview.reviewNote,72,122,d3a7649743c4b7a7281df01cd0461c3f59dc79b137342fc3dd44cab5b0e1af87
u03-s004-lecture-r1,lecture,lectureReview.reviewVersion,25,25,413c3743bf06637b23333702bf9263e0db21fd6b3c3879070d877faca58db442
u03-s004-lecture-r1,lecture,lectureReview.reviewedAt,10,10,14158d45727526145ef514139eeb669eb54d613dbcffe524f099dbb71c9d8b08
u03-s004-lecture-r1,lecture,contentSha256,64,64,29f1fcab8e64120d73cf24590fc5f99ee26c55048d8f96e1f6a7c66573ea7d06
u03-s004-lecture-r1,lecture,contentAuthority,25,25,ed40f75ffe3d6ad4e71f6e7919d063410490de360edb425965eccd605ca9d79e
u03-s004-lecture-r1,lecture,legacyContentDisposition,40,40,bb8421a43fb9d90c642b60311f091a34addbe10678daf757010d688c8c2a21b3
u03-s004-v001,question,questionId,13,13,88dd8bd0fab4ad731de343f2e283762aa07705380fde3d0918706fb819e49000
u03-s004-v001,question,unitId,3,3,97ce842ec69dee17c1842918e63b9d4042fa4b35007146dcfb80a09c5000888a
u03-s004-v001,question,topicId,27,27,5edc6d8adc97105fb624f3211c5e8b14178a37949edbbef037f75ad528a701a5
u03-s004-v001,question,skillId,29,29,1fa435421e21dd4e51711d9deb743dbe0e1833fa8edad9d1c796c54493db5e93
u03-s004-v001,question,difficulty,5,5,fbb7b5bf4ca348eeeebf8cc3660712859a5a1fbf18e83217a57ce203fb51d5c2
u03-s004-v001,question,type,2,2,6bc0f9c4ecb0acbebf1b9f6c816bdd66f4885f67c917d9e141cf893014fba936
u03-s004-v001,question,visualMode,9,9,9c7d54b0bf7a9369d8594201c7b11955514343809d09fbec33966c1fd9794015
u03-s004-v001,question,sourceScope,19,19,a4b669ddb8ef1883391c07a7b633f12eeaeecee7ec37c09eea4931aff6644346
u03-s004-v001,question,text,12,26,50352183ca486034f5e9d3aae9b8c2a6aa24e71761a14ec0283ddde0bbedc892
u03-s004-v001,question,choices[0],2,2,6b51d431df5d7f141cbececcf79edf3dd861c3b4069f0b11661a3eefacbba918
u03-s004-v001,question,choices[1],2,2,4a44dc15364204a80fe80e9039455cc1608281820fe2b24f1e5233ade6af1dd5
u03-s004-v001,question,choices[2],2,2,f5ca38f748a1d6eaf726b8a42fb575c3c71f1864a8143301782de13da2d9202b
u03-s004-v001,question,choices[3],2,2,624b60c58c9d8bfb6ff1886c2fd605d2adeb6ea4da576068201b6c6958ce93f4
u03-s004-v001,question,explanation,21,49,794a5aa7892329d3cf15c966137ad64181d30633116880a0606356a8ba1b3cc3
u03-s004-v001,question,steps[0],10,26,191ecc9cdbc39f3986690ad681dc5531cf6f4753344baec5b4548b90bfec2448
u03-s004-v001,question,steps[1],10,20,a4c7f71d68ef1c137e7b25ca6cf79a22c02a8b2872877e506142290865dc6adf
u03-s004-v001,question,steps[2],20,40,1be507a59a20f88be42a7f163253179404047e586529a21bd2601c34b80c0dff
u03-s004-v001,question,optionAnalysis[0].choice,2,2,6b51d431df5d7f141cbececcf79edf3dd861c3b4069f0b11661a3eefacbba918
u03-s004-v001,question,optionAnalysis[0].reason,27,59,2ece464b0476ffe876a70b61eea9163067626468fc40baa8781a30e9e4688501
u03-s004-v001,question,optionAnalysis[1].choice,2,2,4a44dc15364204a80fe80e9039455cc1608281820fe2b24f1e5233ade6af1dd5
u03-s004-v001,question,optionAnalysis[1].reason,11,21,0da5fa1d2438994f600ec9c6df1c921996162d6143a34e8e1c4148aa7008a70d
u03-s004-v001,question,optionAnalysis[2].choice,2,2,f5ca38f748a1d6eaf726b8a42fb575c3c71f1864a8143301782de13da2d9202b
u03-s004-v001,question,optionAnalysis[2].reason,10,28,da473bf5651bc2beaf7f9676d1bf92ac9ec7f56eff97b5eb503480edc1e96735
u03-s004-v001,question,optionAnalysis[3].choice,2,2,624b60c58c9d8bfb6ff1886c2fd605d2adeb6ea4da576068201b6c6958ce93f4
u03-s004-v001,question,optionAnalysis[3].reason,8,18,00ffbbfaf76ab36e03a4123641fe9f607e08148333150351cd8f4e9a3caa02ab
u03-s004-v001,question,commonMistake,8,24,5b63950563645972f67a321b9558800f861340e22027025d0a67130d322567e5
u03-s004-v001,question,concept,10,30,0e080084bf77fb4c9c0b56f7dece20bf8843b3d5fa3ae654f2e0dabb69af8ffe
u03-s004-v001,question,tags[0],2,6,32f6541b44ed479dbf6cc8c7dd98824e49e03974d72ad8b65c33383a9cbb349f
u03-s004-v001,question,tags[1],11,33,0793fcfed247478a530fd72d03057d9a8ce8bd4d0f15fe5240318722d02f3880
u03-s004-v001,question,tags[2],5,5,fbb7b5bf4ca348eeeebf8cc3660712859a5a1fbf18e83217a57ce203fb51d5c2
u03-s004-v001,question,estimatedTimeSec,2,2,f369cb89fc627e668987007d121ed1eacdc01db9e28f8bb26f358b7d8c4f08ac
u03-s004-v001,question,prerequisiteSkillIds[0],32,32,2007f1ed592a8faae31ed2f532c28d3cbecb400adb6ebb8d85c5dab4a25001ee
u03-s004-v001,question,authoringIntent,11,33,fb0d993ffe09c315c7555e2fc2484f3a74148f3dcdab8c487f661b8f4a8faf74
u03-s004-v001,question,reviewStatus,22,22,ec809598e2f7fcc69fad54c9cd045bba62b4a0dc7c0ff90d4efdc3788c9ad8fb
u03-s004-v001,question,contentSha256,64,64,540d78413cc5a47ac91d0770b7fa700ef4def4bb049967119fcc4cac242b0d78
u03-s004-v001,question,contentAuthority,25,25,ed40f75ffe3d6ad4e71f6e7919d063410490de360edb425965eccd605ca9d79e
u03-s004-v001,question,legacyContentDisposition,39,39,2efcc87c0c9673d2efe77735ae75582eb178c880b07035d8695f010e324b7c71
u03-s004-v002,question,questionId,13,13,bcfd6c3020c4e38250aa54a6b87c069d91ee985dcef21f799d95cd87df89af83
u03-s004-v002,question,unitId,3,3,97ce842ec69dee17c1842918e63b9d4042fa4b35007146dcfb80a09c5000888a
u03-s004-v002,question,topicId,27,27,5edc6d8adc97105fb624f3211c5e8b14178a37949edbbef037f75ad528a701a5
u03-s004-v002,question,skillId,29,29,1fa435421e21dd4e51711d9deb743dbe0e1833fa8edad9d1c796c54493db5e93
u03-s004-v002,question,difficulty,5,5,fbb7b5bf4ca348eeeebf8cc3660712859a5a1fbf18e83217a57ce203fb51d5c2
u03-s004-v002,question,type,2,2,6bc0f9c4ecb0acbebf1b9f6c816bdd66f4885f67c917d9e141cf893014fba936
u03-s004-v002,question,visualMode,9,9,9c7d54b0bf7a9369d8594201c7b11955514343809d09fbec33966c1fd9794015
u03-s004-v002,question,sourceScope,19,19,a4b669ddb8ef1883391c07a7b633f12eeaeecee7ec37c09eea4931aff6644346
u03-s004-v002,question,text,12,28,848433b137c51c4f039d65ce4324e21d353130f6394f5b2647d8ce1547b14cd5
u03-s004-v002,question,choices[0],3,3,c171d4ec282b23db89a99880cd624e9ba2940c1d894783602edab5d7481dc1ea
u03-s004-v002,question,choices[1],1,1,4b227777d4dd1fc61c6f884f48641d02b4d121d3fd328cb08b5531fcacdabf8a
u03-s004-v002,question,choices[2],2,2,e5e0093f285a4fb94c3fcc2ad7fd04edd10d429ccda87a9aa5e4718efadf182e
u03-s004-v002,question,choices[3],2,2,4a44dc15364204a80fe80e9039455cc1608281820fe2b24f1e5233ade6af1dd5
u03-s004-v002,question,explanation,19,47,d25b190f06b732ab62d0e606ca6137608556642ce969b395b72825996501cd24
u03-s004-v002,question,steps[0],10,26,e4733fa0ac6eb26f2a85bc24c81458d610c0ecf22102df05fee2852e19661753
u03-s004-v002,question,steps[1],10,22,69c782f8520564ffdf5475463c313aaf523e18419fe027322450d437398467c0
u03-s004-v002,question,steps[2],18,40,47d86ef692fa335e53bd6c942a4951f33b39c965cfffba3bf1b8179421301c83
u03-s004-v002,question,optionAnalysis[0].choice,3,3,c171d4ec282b23db89a99880cd624e9ba2940c1d894783602edab5d7481dc1ea
u03-s004-v002,question,optionAnalysis[0].reason,11,19,c831a6a2957663eebf261d91b01ddc1658f6005b4f9ddda44307576f9ce4cd93
u03-s004-v002,question,optionAnalysis[1].choice,1,1,4b227777d4dd1fc61c6f884f48641d02b4d121d3fd328cb08b5531fcacdabf8a
u03-s004-v002,question,optionAnalysis[1].reason,26,58,4ad27febfeb6542a2b42f470522bd2b362ef041e419d22e61617c216ca2ad864
u03-s004-v002,question,optionAnalysis[2].choice,2,2,e5e0093f285a4fb94c3fcc2ad7fd04edd10d429ccda87a9aa5e4718efadf182e
u03-s004-v002,question,optionAnalysis[2].reason,11,33,ca065f904b125c88d18521f6655a0e9bcd39aadfc585c5df08e19e7db08aca3f
u03-s004-v002,question,optionAnalysis[3].choice,2,2,4a44dc15364204a80fe80e9039455cc1608281820fe2b24f1e5233ade6af1dd5
u03-s004-v002,question,optionAnalysis[3].reason,8,22,193e66e3487d733f9399dcf93f2a3f8a8ded5231c19583717abeb72032c6600d
u03-s004-v002,question,commonMistake,12,36,d52bd63748b6e33a2f27abadd2b52ea7b71719c2642f35b4a30de586e2e4529c
u03-s004-v002,question,concept,8,20,f961f2fb9a4c2ae592fb385dd255d5b48aaa5ba4e773916a6c6e24d1ebcae437
u03-s004-v002,question,tags[0],2,6,32f6541b44ed479dbf6cc8c7dd98824e49e03974d72ad8b65c33383a9cbb349f
u03-s004-v002,question,tags[1],11,33,0793fcfed247478a530fd72d03057d9a8ce8bd4d0f15fe5240318722d02f3880
u03-s004-v002,question,tags[2],5,5,fbb7b5bf4ca348eeeebf8cc3660712859a5a1fbf18e83217a57ce203fb51d5c2
u03-s004-v002,question,estimatedTimeSec,2,2,f369cb89fc627e668987007d121ed1eacdc01db9e28f8bb26f358b7d8c4f08ac
u03-s004-v002,question,prerequisiteSkillIds[0],32,32,2007f1ed592a8faae31ed2f532c28d3cbecb400adb6ebb8d85c5dab4a25001ee
u03-s004-v002,question,authoringIntent,15,45,5989e5c4295b8106cf5984d271cd20a6eb9d3c0be42e1c30b655a1c1198aad6b
u03-s004-v002,question,reviewStatus,22,22,ec809598e2f7fcc69fad54c9cd045bba62b4a0dc7c0ff90d4efdc3788c9ad8fb
u03-s004-v002,question,contentSha256,64,64,ad3fa9b598bdba05b32e608f981acc895586591fde7330162d3f4ee3298e9a0a
u03-s004-v002,question,contentAuthority,25,25,ed40f75ffe3d6ad4e71f6e7919d063410490de360edb425965eccd605ca9d79e
u03-s004-v002,question,legacyContentDisposition,39,39,2efcc87c0c9673d2efe77735ae75582eb178c880b07035d8695f010e324b7c71
u03-s004-v003,question,questionId,13,13,ea68a85febcc372d364a122649a881bfffaeb88736f7e1c2bea2c6418216839b
u03-s004-v003,question,unitId,3,3,97ce842ec69dee17c1842918e63b9d4042fa4b35007146dcfb80a09c5000888a
u03-s004-v003,question,topicId,27,27,5edc6d8adc97105fb624f3211c5e8b14178a37949edbbef037f75ad528a701a5
u03-s004-v003,question,skillId,29,29,1fa435421e21dd4e51711d9deb743dbe0e1833fa8edad9d1c796c54493db5e93
u03-s004-v003,question,difficulty,5,5,fbb7b5bf4ca348eeeebf8cc3660712859a5a1fbf18e83217a57ce203fb51d5c2
u03-s004-v003,question,type,2,2,6bc0f9c4ecb0acbebf1b9f6c816bdd66f4885f67c917d9e141cf893014fba936
u03-s004-v003,question,visualMode,9,9,9c7d54b0bf7a9369d8594201c7b11955514343809d09fbec33966c1fd9794015
u03-s004-v003,question,sourceScope,19,19,a4b669ddb8ef1883391c07a7b633f12eeaeecee7ec37c09eea4931aff6644346
u03-s004-v003,question,text,11,23,0390629dd218f815d3138f46f55164ab645f181adb33f4a8039644da2a2941cf
u03-s004-v003,question,choices[0],1,1,ef2d127de37b942baad06145e54b0c619a1f22327b2ebbcfbec78f5564afe39d
u03-s004-v003,question,choices[1],2,2,d59eced1ded07f84c145592f65bdf854358e009c5cd705f5215bf18697fed103
u03-s004-v003,question,choices[2],1,1,19581e27de7ced00ff1ce50b2047e7a567c76b1cbaebabe5ef03f7c3017bb5b7
u03-s004-v003,question,choices[3],3,3,0e6523810856a138a75dec70a9cf3778a5c70b83ac915f22c33f05db97cb3e68
u03-s004-v003,question,explanation,19,47,0575cbb64fe5561a532fe74d092e4363768d5e18f8e0c352895e6f0123d57700
u03-s004-v003,question,steps[0],11,29,a204d3b3909da757ad71ed50bbe80ed6d4ba1ac27d59ddfa7296fea911603914
u03-s004-v003,question,steps[1],10,19,dec20342e762b8d0f55f37968f6b97035ee222e24a44d8a80929b9d2cd963b3d
u03-s004-v003,question,steps[2],18,37,07758a401690509844d045c3f4c6551d10939938fbb2960f008357a9ef829321
u03-s004-v003,question,optionAnalysis[0].choice,1,1,ef2d127de37b942baad06145e54b0c619a1f22327b2ebbcfbec78f5564afe39d
u03-s004-v003,question,optionAnalysis[0].reason,8,22,3a03e812241f5adc6c61260aad8e330e8dc81cbecef9e12c923078151f8e49d7
u03-s004-v003,question,optionAnalysis[1].choice,2,2,d59eced1ded07f84c145592f65bdf854358e009c5cd705f5215bf18697fed103
u03-s004-v003,question,optionAnalysis[1].reason,6,12,b0082dccfef5d857e47e32e325d312a4a8543108e652bdc0582bbed9035fe6cf
u03-s004-v003,question,optionAnalysis[2].choice,1,1,19581e27de7ced00ff1ce50b2047e7a567c76b1cbaebabe5ef03f7c3017bb5b7
u03-s004-v003,question,optionAnalysis[2].reason,27,62,9be67ee7171c276f1092e958f8091e6148290ac4eb1e2a6b34431217cd21fcea
u03-s004-v003,question,optionAnalysis[3].choice,3,3,0e6523810856a138a75dec70a9cf3778a5c70b83ac915f22c33f05db97cb3e68
u03-s004-v003,question,optionAnalysis[3].reason,6,12,395818c046228f52e2dbfa6068ee6ce8ff7e54174ba2654b61058fa9ed0c6586
u03-s004-v003,question,commonMistake,10,30,bb2c1d2adad87c4535f364cd1b3156d5c98c273ac4d59250077fb8303a01f805
u03-s004-v003,question,concept,10,30,09371934cf36fec10b3075d7d90736017e1960f7b42ce795f45461986785ba13
u03-s004-v003,question,tags[0],2,6,32f6541b44ed479dbf6cc8c7dd98824e49e03974d72ad8b65c33383a9cbb349f
u03-s004-v003,question,tags[1],11,33,0793fcfed247478a530fd72d03057d9a8ce8bd4d0f15fe5240318722d02f3880
u03-s004-v003,question,tags[2],5,5,fbb7b5bf4ca348eeeebf8cc3660712859a5a1fbf18e83217a57ce203fb51d5c2
u03-s004-v003,question,estimatedTimeSec,2,2,f369cb89fc627e668987007d121ed1eacdc01db9e28f8bb26f358b7d8c4f08ac
u03-s004-v003,question,prerequisiteSkillIds[0],32,32,2007f1ed592a8faae31ed2f532c28d3cbecb400adb6ebb8d85c5dab4a25001ee
u03-s004-v003,question,authoringIntent,8,24,2c38c15fb26e1e1b0d0fd50731ee0361ed6c710f8d57db0a70dcd9cb9192044c
u03-s004-v003,question,reviewStatus,22,22,ec809598e2f7fcc69fad54c9cd045bba62b4a0dc7c0ff90d4efdc3788c9ad8fb
u03-s004-v003,question,contentSha256,64,64,7f48eea26a1c2f39771f626f3f3c64b65fc165f7181deff6a248bb41e6726073
u03-s004-v003,question,contentAuthority,25,25,ed40f75ffe3d6ad4e71f6e7919d063410490de360edb425965eccd605ca9d79e
u03-s004-v003,question,legacyContentDisposition,39,39,2efcc87c0c9673d2efe77735ae75582eb178c880b07035d8695f010e324b7c71
u03-s004-v004,question,questionId,13,13,2a1e2e9cb1ecaeaad934af1f413b0f39a3ae17a1ff39238fff49073e98704428
u03-s004-v004,question,unitId,3,3,97ce842ec69dee17c1842918e63b9d4042fa4b35007146dcfb80a09c5000888a
u03-s004-v004,question,topicId,27,27,5edc6d8adc97105fb624f3211c5e8b14178a37949edbbef037f75ad528a701a5
u03-s004-v004,question,skillId,29,29,1fa435421e21dd4e51711d9deb743dbe0e1833fa8edad9d1c796c54493db5e93
u03-s004-v004,question,difficulty,8,8,fe6d3468cf5c74d8ec2a95b40f2e05338c37a4202f8fad692d2b64a9cf9b468a
u03-s004-v004,question,type,2,2,6bc0f9c4ecb0acbebf1b9f6c816bdd66f4885f67c917d9e141cf893014fba936
u03-s004-v004,question,visualMode,9,9,9c7d54b0bf7a9369d8594201c7b11955514343809d09fbec33966c1fd9794015
u03-s004-v004,question,sourceScope,19,19,a4b669ddb8ef1883391c07a7b633f12eeaeecee7ec37c09eea4931aff6644346
u03-s004-v004,question,text,11,25,1a85ee94383bc97b49a6f98d7d3a49a14353d91a75a0094b62452c9a3894421a
u03-s004-v004,question,choices[0],1,1,ef2d127de37b942baad06145e54b0c619a1f22327b2ebbcfbec78f5564afe39d
u03-s004-v004,question,choices[1],3,3,80843f62e074cdde6622f9e68f409d489c44e0ae3fc59493c90df79705611947
u03-s004-v004,question,choices[2],2,2,c2356069e9d1e79ca924378153cfbbfb4d4416b1f99d41a2940bfdb66c5319db
u03-s004-v004,question,choices[3],2,2,37aa1ccf80e481832b2db282d4d4f895ee1e31219b7d0f6aee8dc8968828341b
u03-s004-v004,question,explanation,32,80,fa8666dc1038a75550ca8dfbd9cd6fd5d47834853e6782fb383e10e5f60c2829
u03-s004-v004,question,steps[0],6,14,18edbe46b29a3826fa6b1c32ac1d55b1f6880ce98dfee02ae00aa5e35d75ab64
u03-s004-v004,question,steps[1],9,27,0c26f63560781d7b53963fc00f0134ebbc2585a53b9e4026d784bf1a0eba6d63
u03-s004-v004,question,steps[2],4,4,f033780247732cdc7264bc17b4925f56d4c3107709669e1705b26a57d885b9ca
u03-s004-v004,question,optionAnalysis[0].choice,1,1,ef2d127de37b942baad06145e54b0c619a1f22327b2ebbcfbec78f5564afe39d
u03-s004-v004,question,optionAnalysis[0].reason,5,15,c88dd41fc7aa32c6b862cae5e4ca4b58acf53eeed2b35a2614ae30e4cb9004f7
u03-s004-v004,question,optionAnalysis[1].choice,3,3,80843f62e074cdde6622f9e68f409d489c44e0ae3fc59493c90df79705611947
u03-s004-v004,question,optionAnalysis[1].reason,9,19,9ae62d7eea33456a9d7d3c797c344baa0fa5cd254912af9ee802b6e20d9229fc
u03-s004-v004,question,optionAnalysis[2].choice,2,2,c2356069e9d1e79ca924378153cfbbfb4d4416b1f99d41a2940bfdb66c5319db
u03-s004-v004,question,optionAnalysis[2].reason,9,19,b09ef063baba1dfe9b838a5c4a918f3ef9695e43e3878b1b3fd052ba9e357a3f
u03-s004-v004,question,optionAnalysis[3].choice,2,2,37aa1ccf80e481832b2db282d4d4f895ee1e31219b7d0f6aee8dc8968828341b
u03-s004-v004,question,optionAnalysis[3].reason,32,67,135d2c2ed38bef234d1921d2b237fe03c6e19b087f26153df27c4e3c0a20d9a2
u03-s004-v004,question,commonMistake,10,28,bdbbb690a76a654f9d0ca8ba5d126e9ca8227289367654ba292d6d154315fbbd
u03-s004-v004,question,concept,9,27,b490033c137afe80d7859537d00fd74189603ae270ba169918c66c7036632701
u03-s004-v004,question,tags[0],2,6,32f6541b44ed479dbf6cc8c7dd98824e49e03974d72ad8b65c33383a9cbb349f
u03-s004-v004,question,tags[1],11,33,0793fcfed247478a530fd72d03057d9a8ce8bd4d0f15fe5240318722d02f3880
u03-s004-v004,question,tags[2],8,8,fe6d3468cf5c74d8ec2a95b40f2e05338c37a4202f8fad692d2b64a9cf9b468a
u03-s004-v004,question,estimatedTimeSec,2,2,f369cb89fc627e668987007d121ed1eacdc01db9e28f8bb26f358b7d8c4f08ac
u03-s004-v004,question,prerequisiteSkillIds[0],32,32,2007f1ed592a8faae31ed2f532c28d3cbecb400adb6ebb8d85c5dab4a25001ee
u03-s004-v004,question,authoringIntent,12,36,2976fdb3ec56cd250486f0e76796f08bb2eb4a48fe936b21f133e06619676632
u03-s004-v004,question,reviewStatus,22,22,ec809598e2f7fcc69fad54c9cd045bba62b4a0dc7c0ff90d4efdc3788c9ad8fb
u03-s004-v004,question,contentSha256,64,64,86f1dbc79e4a57691ff35c0fdb777ac1a00e8954c58d76ab29b8129912b7a3db
u03-s004-v004,question,contentAuthority,25,25,ed40f75ffe3d6ad4e71f6e7919d063410490de360edb425965eccd605ca9d79e
u03-s004-v004,question,legacyContentDisposition,39,39,2efcc87c0c9673d2efe77735ae75582eb178c880b07035d8695f010e324b7c71
u03-s004-v005,question,questionId,13,13,ecea1c9eab141a25426a6b0345d2ade4dd464d2463821632c35679362f2c65db
u03-s004-v005,question,unitId,3,3,97ce842ec69dee17c1842918e63b9d4042fa4b35007146dcfb80a09c5000888a
u03-s004-v005,question,topicId,27,27,5edc6d8adc97105fb624f3211c5e8b14178a37949edbbef037f75ad528a701a5
u03-s004-v005,question,skillId,29,29,1fa435421e21dd4e51711d9deb743dbe0e1833fa8edad9d1c796c54493db5e93
u03-s004-v005,question,difficulty,8,8,fe6d3468cf5c74d8ec2a95b40f2e05338c37a4202f8fad692d2b64a9cf9b468a
u03-s004-v005,question,type,2,2,6bc0f9c4ecb0acbebf1b9f6c816bdd66f4885f67c917d9e141cf893014fba936
u03-s004-v005,question,visualMode,9,9,9c7d54b0bf7a9369d8594201c7b11955514343809d09fbec33966c1fd9794015
u03-s004-v005,question,sourceScope,19,19,a4b669ddb8ef1883391c07a7b633f12eeaeecee7ec37c09eea4931aff6644346
u03-s004-v005,question,text,13,27,f2d3c049e727ced1dcfde33d9560df6ba4a6b9394ac2c24fbade32bbe084638f
u03-s004-v005,question,choices[0],1,1,4e07408562bedb8b60ce05c1decfe3ad16b72230967de01f640b7e4729b49fce
u03-s004-v005,question,choices[1],1,1,ef2d127de37b942baad06145e54b0c619a1f22327b2ebbcfbec78f5564afe39d
u03-s004-v005,question,choices[2],2,2,e629fa6598d732768f7c726b4b621285f9c3b85303900aa912017db7617d8bdb
u03-s004-v005,question,choices[3],2,2,9400f1b21cb527d7fa3d3eabba93557a18ebe7a2ca4e471cfe5e4c5b4ca7f767
u03-s004-v005,question,explanation,31,75,c0de4b723709ea691c56fc5735d0562f4296d641ee1f1561e4bc6cf865251f3e
u03-s004-v005,question,steps[0],5,13,ad8f755586d32fe4a632dfcf0337ad181d1d12e9cf7c4f5341d768cce637615a
u03-s004-v005,question,steps[1],7,11,23403bdd7ee34b5d2f16ae242a8d272a4260e0af9214864c59051383ac900f17
u03-s004-v005,question,steps[2],7,17,46aabe4fbf6140ef3ef6e7a80bed416bfce99978b7c5fa1e13d1e89ab40cc8b5
u03-s004-v005,question,optionAnalysis[0].choice,1,1,4e07408562bedb8b60ce05c1decfe3ad16b72230967de01f640b7e4729b49fce
u03-s004-v005,question,optionAnalysis[0].reason,11,23,5b5bf328891a3deff3f16893b3dbeb1ee52d03843e758723afd88ce98cdb8052
u03-s004-v005,question,optionAnalysis[1].choice,1,1,ef2d127de37b942baad06145e54b0c619a1f22327b2ebbcfbec78f5564afe39d
u03-s004-v005,question,optionAnalysis[1].reason,31,71,7f4cbaa42854d4b54239aef4841cd4c1b7a7e107b79d44f96f28e92ed45a2c9d
u03-s004-v005,question,optionAnalysis[2].choice,2,2,e629fa6598d732768f7c726b4b621285f9c3b85303900aa912017db7617d8bdb
u03-s004-v005,question,optionAnalysis[2].reason,12,28,10da6222e691dc385897ac68ec33b83e212dc31aeabf39449b1cc14eee765e8c
u03-s004-v005,question,optionAnalysis[3].choice,2,2,9400f1b21cb527d7fa3d3eabba93557a18ebe7a2ca4e471cfe5e4c5b4ca7f767
u03-s004-v005,question,optionAnalysis[3].reason,8,22,af41d3eb7d8359f9e4cc1ad2052f227626c732251a6901e5e236abdb432162f4
u03-s004-v005,question,commonMistake,9,27,a6c5600fdff01994d7e5e10d206965a055aef59bafcd26cf10a070a5c6f3a23a
u03-s004-v005,question,concept,9,27,4b742caa519a0fb3890cc89823556d8d5ce78356365a898b573867a0da857ed6
u03-s004-v005,question,tags[0],2,6,32f6541b44ed479dbf6cc8c7dd98824e49e03974d72ad8b65c33383a9cbb349f
u03-s004-v005,question,tags[1],11,33,0793fcfed247478a530fd72d03057d9a8ce8bd4d0f15fe5240318722d02f3880
u03-s004-v005,question,tags[2],8,8,fe6d3468cf5c74d8ec2a95b40f2e05338c37a4202f8fad692d2b64a9cf9b468a
u03-s004-v005,question,estimatedTimeSec,2,2,f369cb89fc627e668987007d121ed1eacdc01db9e28f8bb26f358b7d8c4f08ac
u03-s004-v005,question,prerequisiteSkillIds[0],32,32,2007f1ed592a8faae31ed2f532c28d3cbecb400adb6ebb8d85c5dab4a25001ee
u03-s004-v005,question,authoringIntent,9,27,939df11426423a233664c41f5798c7837a8ae0517e6d1c643254723e0896c398
u03-s004-v005,question,reviewStatus,22,22,ec809598e2f7fcc69fad54c9cd045bba62b4a0dc7c0ff90d4efdc3788c9ad8fb
u03-s004-v005,question,contentSha256,64,64,69f4ae9790ad55ac7e3198a4a04d965f9b0a3b2c9a101421c78d123472cc77d2
u03-s004-v005,question,contentAuthority,25,25,ed40f75ffe3d6ad4e71f6e7919d063410490de360edb425965eccd605ca9d79e
u03-s004-v005,question,legacyContentDisposition,39,39,2efcc87c0c9673d2efe77735ae75582eb178c880b07035d8695f010e324b7c71
u03-s004-v006,question,questionId,13,13,680ebe2e3aad18ecad15eafcb288fb9141b9f99b42c49ff1f8b6ebd9c223a399
u03-s004-v006,question,unitId,3,3,97ce842ec69dee17c1842918e63b9d4042fa4b35007146dcfb80a09c5000888a
u03-s004-v006,question,topicId,27,27,5edc6d8adc97105fb624f3211c5e8b14178a37949edbbef037f75ad528a701a5
u03-s004-v006,question,skillId,29,29,1fa435421e21dd4e51711d9deb743dbe0e1833fa8edad9d1c796c54493db5e93
u03-s004-v006,question,difficulty,8,8,fe6d3468cf5c74d8ec2a95b40f2e05338c37a4202f8fad692d2b64a9cf9b468a
u03-s004-v006,question,type,2,2,6bc0f9c4ecb0acbebf1b9f6c816bdd66f4885f67c917d9e141cf893014fba936
u03-s004-v006,question,visualMode,9,9,9c7d54b0bf7a9369d8594201c7b11955514343809d09fbec33966c1fd9794015
u03-s004-v006,question,sourceScope,19,19,a4b669ddb8ef1883391c07a7b633f12eeaeecee7ec37c09eea4931aff6644346
u03-s004-v006,question,text,13,27,cb23c5bd3ed98995e1e3d5f0108660182f5461d35f9e1672c25ceed190ebff8f
u03-s004-v006,question,choices[0],1,1,e7f6c011776e8db7cd330b54174fd76f7d0216b612387a5ffcfb81e6f0919683
u03-s004-v006,question,choices[1],3,3,59100e1b869f778eb1d0975e653f881efd13fa8ccb0678cd1856156b3de6207e
u03-s004-v006,question,choices[2],2,2,03b26944890929ff751653acb2f2af795cee38f937f379f52ed654a68ce91216
u03-s004-v006,question,choices[3],2,2,3fdba35f04dc8c462986c992bcf875546257113072a909c162f7e470e581e278
u03-s004-v006,question,explanation,31,67,38f102e24f88993bf2e5cd37b268ec0b74c88ea01c9de1629db1a64fe5371f8a
u03-s004-v006,question,steps[0],5,13,d3c4c71e172746b890336fc188c21410078e7a74d16db1260097444020002a52
u03-s004-v006,question,steps[1],6,6,80a465fa82e44be23cf7420d13083a904a2f3df0f1f138af98055411c7e4de43
u03-s004-v006,question,steps[2],7,13,453c5b09e862ff3af039713fa4665bc831458fb4346f13a02646c7de15f5fb8b
u03-s004-v006,question,optionAnalysis[0].choice,1,1,e7f6c011776e8db7cd330b54174fd76f7d0216b612387a5ffcfb81e6f0919683
u03-s004-v006,question,optionAnalysis[0].reason,9,23,88d534a6db296fb08657b616ce346586249e9fdf807d7d48dea0299f4b98344d
u03-s004-v006,question,optionAnalysis[1].choice,3,3,59100e1b869f778eb1d0975e653f881efd13fa8ccb0678cd1856156b3de6207e
u03-s004-v006,question,optionAnalysis[1].reason,10,20,97205c4a78c7893de38bf2f343695621ee1f1ef9be5da321c15ada549a4066d0
u03-s004-v006,question,optionAnalysis[2].choice,2,2,03b26944890929ff751653acb2f2af795cee38f937f379f52ed654a68ce91216
u03-s004-v006,question,optionAnalysis[2].reason,33,71,c3b403acc224c49da9a153a639d48556257b37faf25c52e5c40f260b53269c72
u03-s004-v006,question,optionAnalysis[3].choice,2,2,3fdba35f04dc8c462986c992bcf875546257113072a909c162f7e470e581e278
u03-s004-v006,question,optionAnalysis[3].reason,6,18,6cb7273e8da1620b932d44a8d9657ba8edc47bd648a1dcb0a8c66057196285f3
u03-s004-v006,question,commonMistake,15,25,fe08acce2b906ce6414ed3eec5ee1c8b3e333cc4fad30aea9eb76c28ea108acc
u03-s004-v006,question,concept,9,27,8820e0a7f406eeaffa543db73c5f7faf12cd2b0269995c9a11f9c0e05347c04e
u03-s004-v006,question,tags[0],2,6,32f6541b44ed479dbf6cc8c7dd98824e49e03974d72ad8b65c33383a9cbb349f
u03-s004-v006,question,tags[1],11,33,0793fcfed247478a530fd72d03057d9a8ce8bd4d0f15fe5240318722d02f3880
u03-s004-v006,question,tags[2],8,8,fe6d3468cf5c74d8ec2a95b40f2e05338c37a4202f8fad692d2b64a9cf9b468a
u03-s004-v006,question,estimatedTimeSec,2,2,f369cb89fc627e668987007d121ed1eacdc01db9e28f8bb26f358b7d8c4f08ac
u03-s004-v006,question,prerequisiteSkillIds[0],32,32,2007f1ed592a8faae31ed2f532c28d3cbecb400adb6ebb8d85c5dab4a25001ee
u03-s004-v006,question,authoringIntent,13,39,bbed5bc7874da5f220b28f6e3d6180e1648d48c9b1cfdb1bf010a52b6ed4befa
u03-s004-v006,question,reviewStatus,22,22,ec809598e2f7fcc69fad54c9cd045bba62b4a0dc7c0ff90d4efdc3788c9ad8fb
u03-s004-v006,question,contentSha256,64,64,299407375f0a264f805a1820a9d98a32813483ad4c300d5df8e2cdb2f991e4d3
u03-s004-v006,question,contentAuthority,25,25,ed40f75ffe3d6ad4e71f6e7919d063410490de360edb425965eccd605ca9d79e
u03-s004-v006,question,legacyContentDisposition,39,39,2efcc87c0c9673d2efe77735ae75582eb178c880b07035d8695f010e324b7c71
u03-s004-v007,question,questionId,13,13,b3b6edae4ac9665e566980dce8a50d0fd7b6100cbe4f5c1a1d0deb20ff56f036
u03-s004-v007,question,unitId,3,3,97ce842ec69dee17c1842918e63b9d4042fa4b35007146dcfb80a09c5000888a
u03-s004-v007,question,topicId,27,27,5edc6d8adc97105fb624f3211c5e8b14178a37949edbbef037f75ad528a701a5
u03-s004-v007,question,skillId,29,29,1fa435421e21dd4e51711d9deb743dbe0e1833fa8edad9d1c796c54493db5e93
u03-s004-v007,question,difficulty,8,8,d21f85ea38166303ce58e06134b5cc4a5c900c409ab2a500ff7c9225109a09bb
u03-s004-v007,question,type,2,2,6bc0f9c4ecb0acbebf1b9f6c816bdd66f4885f67c917d9e141cf893014fba936
u03-s004-v007,question,visualMode,9,9,9c7d54b0bf7a9369d8594201c7b11955514343809d09fbec33966c1fd9794015
u03-s004-v007,question,sourceScope,19,19,a4b669ddb8ef1883391c07a7b633f12eeaeecee7ec37c09eea4931aff6644346
u03-s004-v007,question,text,15,31,0a445f6375c4cc90afadf8f1fc4bfa2f0eec5b58fcdf7cd1910796d37ad714ec
u03-s004-v007,question,choices[0],2,2,e91592205d3881e3ea35d66973bb4898d7282126ab5afcb355c95d2fc17f3822
u03-s004-v007,question,choices[1],1,1,6b86b273ff34fce19d6b804eff5a3f5747ada4eaa22f1d49c01e52ddb7875b4b
u03-s004-v007,question,choices[2],2,2,b17ef6d19c7a5b1ee83b907c595526dcb1eb06db8227d650d5dda0a9f4ce8cd9
u03-s004-v007,question,choices[3],1,1,2c624232cdd221771294dfbb310aca000a0df6ac8b66b696d90ef06fdefb64a3
u03-s004-v007,question,explanation,38,100,6c50a4139b65ab549b7fc4c44bfafbe2e1dadc24ca1be2ca35df33ac783ceaab
u03-s004-v007,question,steps[0],9,27,69a4a7e46e40512221b50bd74b4d68e5fe40e0a516d2a702a194e9cded0a0f9d
u03-s004-v007,question,steps[1],9,27,6c2963cab1e7e86ba7a41d61eb98fe321afd032fa1d4fae01e00107ee3ede0e8
u03-s004-v007,question,steps[2],8,12,9b9e28681a913f707c16867503241849106017f7cc2b5d118bd195911a3d34c1
u03-s004-v007,question,optionAnalysis[0].choice,2,2,e91592205d3881e3ea35d66973bb4898d7282126ab5afcb355c95d2fc17f3822
u03-s004-v007,question,optionAnalysis[0].reason,11,33,9c2bfeb798b183773583bb92036895919f7ee905ca1f82d47d088874c1332ae1
u03-s004-v007,question,optionAnalysis[1].choice,1,1,6b86b273ff34fce19d6b804eff5a3f5747ada4eaa22f1d49c01e52ddb7875b4b
u03-s004-v007,question,optionAnalysis[1].reason,7,21,56b0b4115ab0a5c837a4d78d222cd56dba144dcd972c5c6e5f92a61c939db415
u03-s004-v007,question,optionAnalysis[2].choice,2,2,b17ef6d19c7a5b1ee83b907c595526dcb1eb06db8227d650d5dda0a9f4ce8cd9
u03-s004-v007,question,optionAnalysis[2].reason,13,27,149c694eaed257a53720b6f9a1828b2b22441d9a9cd00fe463c3935e83204b22
u03-s004-v007,question,optionAnalysis[3].choice,1,1,2c624232cdd221771294dfbb310aca000a0df6ac8b66b696d90ef06fdefb64a3
u03-s004-v007,question,optionAnalysis[3].reason,40,84,80004957f3a686f6c793162af4a4c1e5f00c35bb905fc5cf2bb30514d30be1df
u03-s004-v007,question,commonMistake,13,39,d503201b87618f784d6bc7e5ad9bae2fc2db8075461bf9a4e016e355d4974667
u03-s004-v007,question,concept,10,30,38085d2e9697efe28fb9d210d08605a661ccab6788880c95bb3ea355a74d75dc
u03-s004-v007,question,tags[0],2,6,32f6541b44ed479dbf6cc8c7dd98824e49e03974d72ad8b65c33383a9cbb349f
u03-s004-v007,question,tags[1],11,33,0793fcfed247478a530fd72d03057d9a8ce8bd4d0f15fe5240318722d02f3880
u03-s004-v007,question,tags[2],8,8,d21f85ea38166303ce58e06134b5cc4a5c900c409ab2a500ff7c9225109a09bb
u03-s004-v007,question,estimatedTimeSec,2,2,f369cb89fc627e668987007d121ed1eacdc01db9e28f8bb26f358b7d8c4f08ac
u03-s004-v007,question,prerequisiteSkillIds[0],32,32,2007f1ed592a8faae31ed2f532c28d3cbecb400adb6ebb8d85c5dab4a25001ee
u03-s004-v007,question,authoringIntent,16,48,27eb945086fd4b4e6f15fe4502a3aab122f2a6663b8146f0b56c313f44f95148
u03-s004-v007,question,reviewStatus,22,22,ec809598e2f7fcc69fad54c9cd045bba62b4a0dc7c0ff90d4efdc3788c9ad8fb
u03-s004-v007,question,contentSha256,64,64,507a398c9346ed77d33d8811c01b9151d05fa0ad89eef907b1720cdba6f1adf0
u03-s004-v007,question,contentAuthority,25,25,ed40f75ffe3d6ad4e71f6e7919d063410490de360edb425965eccd605ca9d79e
u03-s004-v007,question,legacyContentDisposition,39,39,2efcc87c0c9673d2efe77735ae75582eb178c880b07035d8695f010e324b7c71
u03-s004-v008,question,questionId,13,13,5edfde629b826f064c9fa4c524a29a85fa3ec8b1d23e8503f96469b9b87b0ee2
u03-s004-v008,question,unitId,3,3,97ce842ec69dee17c1842918e63b9d4042fa4b35007146dcfb80a09c5000888a
u03-s004-v008,question,topicId,27,27,5edc6d8adc97105fb624f3211c5e8b14178a37949edbbef037f75ad528a701a5
u03-s004-v008,question,skillId,29,29,1fa435421e21dd4e51711d9deb743dbe0e1833fa8edad9d1c796c54493db5e93
u03-s004-v008,question,difficulty,8,8,d21f85ea38166303ce58e06134b5cc4a5c900c409ab2a500ff7c9225109a09bb
u03-s004-v008,question,type,2,2,6bc0f9c4ecb0acbebf1b9f6c816bdd66f4885f67c917d9e141cf893014fba936
u03-s004-v008,question,visualMode,9,9,9c7d54b0bf7a9369d8594201c7b11955514343809d09fbec33966c1fd9794015
u03-s004-v008,question,sourceScope,19,19,a4b669ddb8ef1883391c07a7b633f12eeaeecee7ec37c09eea4931aff6644346
u03-s004-v008,question,text,16,32,cb0fddcb8ea7e83b5a55aa40920d1b7fb721f72507c5892aa41aa51fbda5a261
u03-s004-v008,question,choices[0],2,2,37aa1ccf80e481832b2db282d4d4f895ee1e31219b7d0f6aee8dc8968828341b
u03-s004-v008,question,choices[1],1,1,ef2d127de37b942baad06145e54b0c619a1f22327b2ebbcfbec78f5564afe39d
u03-s004-v008,question,choices[2],3,3,5e37b37c842d8df7106ee92e2e45beefef71ca60f51f7bb5cb50cb1e81c355a8
u03-s004-v008,question,choices[3],2,2,e629fa6598d732768f7c726b4b621285f9c3b85303900aa912017db7617d8bdb
u03-s004-v008,question,explanation,35,85,a1c23ebce7120c35bf8a8ee382117c58e9bb86ca255775cbcc0d68368bc2d1be
u03-s004-v008,question,steps[0],9,23,e1d91c05c673af96bffa46fdd7528d8d564675a261de9e90d2aec03ca82507b9
u03-s004-v008,question,steps[1],8,18,74de1b863a1257ecd933e4bc1d8b8d17478795e837ef660ff764ff05c7b2a140
u03-s004-v008,question,steps[2],5,9,2c3c727dad57dc0da8e0e12e9f41e1448acc7f1de6d990322de6523934df8ca5
u03-s004-v008,question,optionAnalysis[0].choice,2,2,37aa1ccf80e481832b2db282d4d4f895ee1e31219b7d0f6aee8dc8968828341b
u03-s004-v008,question,optionAnalysis[0].reason,44,88,7311ae62d5c237fa80c4df6616d8d0299d5772a7f77615b547b6f25d47198d2b
u03-s004-v008,question,optionAnalysis[1].choice,1,1,ef2d127de37b942baad06145e54b0c619a1f22327b2ebbcfbec78f5564afe39d
u03-s004-v008,question,optionAnalysis[1].reason,7,21,82ac5fbfece74e84838c4543a6cf717452a829315c8f76dd3a29445855bf60a3
u03-s004-v008,question,optionAnalysis[2].choice,3,3,5e37b37c842d8df7106ee92e2e45beefef71ca60f51f7bb5cb50cb1e81c355a8
u03-s004-v008,question,optionAnalysis[2].reason,12,20,bfebaf73d16eec2d0ebd9bcf2c5b81e300d5481d40ff60b25c9e4261ba8b20dc
u03-s004-v008,question,optionAnalysis[3].choice,2,2,e629fa6598d732768f7c726b4b621285f9c3b85303900aa912017db7617d8bdb
u03-s004-v008,question,optionAnalysis[3].reason,12,24,99ef5cd67ed4980b34be10f37be705f086d30e50aff1ccc829c8d308e129e08c
u03-s004-v008,question,commonMistake,11,33,2e3bc1854e94e5dba3e6f54628ab7a4b0305560685786ac810d729d2ff425db6
u03-s004-v008,question,concept,9,27,7868fe6c48e5a75cd3b054fb6c0ff3b435a47fed804c4a08f64fed056451a2c2
u03-s004-v008,question,tags[0],2,6,32f6541b44ed479dbf6cc8c7dd98824e49e03974d72ad8b65c33383a9cbb349f
u03-s004-v008,question,tags[1],11,33,0793fcfed247478a530fd72d03057d9a8ce8bd4d0f15fe5240318722d02f3880
u03-s004-v008,question,tags[2],8,8,d21f85ea38166303ce58e06134b5cc4a5c900c409ab2a500ff7c9225109a09bb
u03-s004-v008,question,estimatedTimeSec,2,2,f369cb89fc627e668987007d121ed1eacdc01db9e28f8bb26f358b7d8c4f08ac
u03-s004-v008,question,prerequisiteSkillIds[0],32,32,2007f1ed592a8faae31ed2f532c28d3cbecb400adb6ebb8d85c5dab4a25001ee
u03-s004-v008,question,authoringIntent,17,51,eabe3dc06e26e90a232a9f44be8d0b47771214d82805d925572a9e8d1c18edae
u03-s004-v008,question,reviewStatus,22,22,ec809598e2f7fcc69fad54c9cd045bba62b4a0dc7c0ff90d4efdc3788c9ad8fb
u03-s004-v008,question,contentSha256,64,64,4a5298681eed08810bf25c39c3115d705122d877b1af4a726c84b3ee152f592f
u03-s004-v008,question,contentAuthority,25,25,ed40f75ffe3d6ad4e71f6e7919d063410490de360edb425965eccd605ca9d79e
u03-s004-v008,question,legacyContentDisposition,39,39,2efcc87c0c9673d2efe77735ae75582eb178c880b07035d8695f010e324b7c71
u03-s004-v009,question,questionId,13,13,efe75c52182c2d22072d4fd00f6fd12a958a25d0b0783bd61b80f056c63b7776
u03-s004-v009,question,unitId,3,3,97ce842ec69dee17c1842918e63b9d4042fa4b35007146dcfb80a09c5000888a
u03-s004-v009,question,topicId,27,27,5edc6d8adc97105fb624f3211c5e8b14178a37949edbbef037f75ad528a701a5
u03-s004-v009,question,skillId,29,29,1fa435421e21dd4e51711d9deb743dbe0e1833fa8edad9d1c796c54493db5e93
u03-s004-v009,question,difficulty,8,8,d21f85ea38166303ce58e06134b5cc4a5c900c409ab2a500ff7c9225109a09bb
u03-s004-v009,question,type,2,2,6bc0f9c4ecb0acbebf1b9f6c816bdd66f4885f67c917d9e141cf893014fba936
u03-s004-v009,question,visualMode,9,9,9c7d54b0bf7a9369d8594201c7b11955514343809d09fbec33966c1fd9794015
u03-s004-v009,question,sourceScope,19,19,a4b669ddb8ef1883391c07a7b633f12eeaeecee7ec37c09eea4931aff6644346
u03-s004-v009,question,text,16,30,dbd199fba4754dd7048a5f90117c67207d4e0e2355f3784dac6adab02c4adf7c
u03-s004-v009,question,choices[0],1,1,4b227777d4dd1fc61c6f884f48641d02b4d121d3fd328cb08b5531fcacdabf8a
u03-s004-v009,question,choices[1],1,1,ef2d127de37b942baad06145e54b0c619a1f22327b2ebbcfbec78f5564afe39d
u03-s004-v009,question,choices[2],1,1,e7f6c011776e8db7cd330b54174fd76f7d0216b612387a5ffcfb81e6f0919683
u03-s004-v009,question,choices[3],2,2,39fa9ec190eee7b6f4dff1100d6343e10918d044c75eac8f9e9a2596173f80c9
u03-s004-v009,question,explanation,36,67,0468d37e57785435f9848603e3d72a8ebcd1970bd50fc554b7b284b5a0a08ec5
u03-s004-v009,question,steps[0],7,15,fd2ab7046ef7499b55df0eb7289ebe81d39697f87831724035fe62637658c48e
u03-s004-v009,question,steps[1],8,8,f876e9f93f482edb0ca7c0d4882b5e4ed7cdd5dbab93a955823c8b5ec340d964
u03-s004-v009,question,steps[2],9,10,fd148ea0dcea4e4971b3b33167787d1f3a8af9ec5e5c7eb106b46d49251a502f
u03-s004-v009,question,optionAnalysis[0].choice,1,1,4b227777d4dd1fc61c6f884f48641d02b4d121d3fd328cb08b5531fcacdabf8a
u03-s004-v009,question,optionAnalysis[0].reason,13,26,ad240c223da5fd329a3bf0d26e3b8b35ae23a469d591451ade3f4872d2c220b9
u03-s004-v009,question,optionAnalysis[1].choice,1,1,ef2d127de37b942baad06145e54b0c619a1f22327b2ebbcfbec78f5564afe39d
u03-s004-v009,question,optionAnalysis[1].reason,7,21,f19876df86ddbde026742c47b2d864d6c5805c8c6e0876e4c33baba133618cf8
u03-s004-v009,question,optionAnalysis[2].choice,1,1,e7f6c011776e8db7cd330b54174fd76f7d0216b612387a5ffcfb81e6f0919683
u03-s004-v009,question,optionAnalysis[2].reason,37,75,90dfd68ea4e88e0b5eb86130edf565838943d631ae1ad437029510332a924c9f
u03-s004-v009,question,optionAnalysis[3].choice,2,2,39fa9ec190eee7b6f4dff1100d6343e10918d044c75eac8f9e9a2596173f80c9
u03-s004-v009,question,optionAnalysis[3].reason,10,30,d78f0b07e5f10e61279330ff0eacf3cc126dd78527809a29b320abdbf7b6537d
u03-s004-v009,question,commonMistake,9,27,db0aa21db99a601f43ef66b5fb83bcfe5c9f03d91db7bf71b41cd402d5c37ec2
u03-s004-v009,question,concept,13,35,0e50507f888c6e1480059107f685720e5a2c4b105a1040871e9e4b2d9c58559f
u03-s004-v009,question,tags[0],2,6,32f6541b44ed479dbf6cc8c7dd98824e49e03974d72ad8b65c33383a9cbb349f
u03-s004-v009,question,tags[1],11,33,0793fcfed247478a530fd72d03057d9a8ce8bd4d0f15fe5240318722d02f3880
u03-s004-v009,question,tags[2],8,8,d21f85ea38166303ce58e06134b5cc4a5c900c409ab2a500ff7c9225109a09bb
u03-s004-v009,question,estimatedTimeSec,2,2,f369cb89fc627e668987007d121ed1eacdc01db9e28f8bb26f358b7d8c4f08ac
u03-s004-v009,question,prerequisiteSkillIds[0],32,32,2007f1ed592a8faae31ed2f532c28d3cbecb400adb6ebb8d85c5dab4a25001ee
u03-s004-v009,question,authoringIntent,13,39,f3aa426fca88b3481fb5dae7062e463f5851db09070af00d378a3bc99229a407
u03-s004-v009,question,reviewStatus,22,22,ec809598e2f7fcc69fad54c9cd045bba62b4a0dc7c0ff90d4efdc3788c9ad8fb
u03-s004-v009,question,contentSha256,64,64,fd2e458b7fbb0e2495b1ef1e11752468d08223b960ce2fd9b10c04064c6d9dea
u03-s004-v009,question,contentAuthority,25,25,ed40f75ffe3d6ad4e71f6e7919d063410490de360edb425965eccd605ca9d79e
u03-s004-v009,question,legacyContentDisposition,39,39,2efcc87c0c9673d2efe77735ae75582eb178c880b07035d8695f010e324b7c71
u03-s004-v010,question,questionId,13,13,3331b95f812ba8767f3316098afa199abd3b8515587b3fd7a45bae7e9a43a45c
u03-s004-v010,question,unitId,3,3,97ce842ec69dee17c1842918e63b9d4042fa4b35007146dcfb80a09c5000888a
u03-s004-v010,question,topicId,27,27,5edc6d8adc97105fb624f3211c5e8b14178a37949edbbef037f75ad528a701a5
u03-s004-v010,question,skillId,29,29,1fa435421e21dd4e51711d9deb743dbe0e1833fa8edad9d1c796c54493db5e93
u03-s004-v010,question,difficulty,8,8,578756ca4aa16d8872610a5aaa78460fd30fbe93379ff7284fe65d66ca606755
u03-s004-v010,question,type,2,2,6bc0f9c4ecb0acbebf1b9f6c816bdd66f4885f67c917d9e141cf893014fba936
u03-s004-v010,question,visualMode,9,9,9c7d54b0bf7a9369d8594201c7b11955514343809d09fbec33966c1fd9794015
u03-s004-v010,question,sourceScope,19,19,a4b669ddb8ef1883391c07a7b633f12eeaeecee7ec37c09eea4931aff6644346
u03-s004-v010,question,text,34,84,bd7cf7cd0d68af8d58e25d040e712a91c40c7ef3ed4d55581ac80b632660599b
u03-s004-v010,question,choices[0],2,2,ad48ff99415b2f007dc35b7eb553fd1eb35ebfa2f2f308acd9488eeb86f71fa8
u03-s004-v010,question,choices[1],5,5,c95a8260f98c4622a696a96dfde4944a570d0bf11b939848077e9887d5e25788
u03-s004-v010,question,choices[2],3,3,be47addbcb8f60566a3d7fd5a36f8195798e2848b368195d9a5d20e007c59a0c
u03-s004-v010,question,choices[3],3,3,2abaca4911e68fa9bfbf3482ee797fd5b9045b841fdff7253557c5fe15de6477
u03-s004-v010,question,explanation,42,82,3fd0a1463b39b50a716915ca1cf0ce67a023686e16b2386e6c1bc6790978ac25
u03-s004-v010,question,steps[0],10,12,b5fc3d67c2d09190b684327ae848059c13f15b1a2b6243a97863d45876904fea
u03-s004-v010,question,steps[1],12,24,2e5a7a2bb0e0c555220d4cefadb0f19ab48a44d10328be467f903ac83db9a0c5
u03-s004-v010,question,steps[2],6,10,76270c6115aadb123d87b2e48dbd0cb4dd4cf79a6155a2842d0044be261f3b1d
u03-s004-v010,question,optionAnalysis[0].choice,2,2,ad48ff99415b2f007dc35b7eb553fd1eb35ebfa2f2f308acd9488eeb86f71fa8
u03-s004-v010,question,optionAnalysis[0].reason,11,19,561b80461c37689100dda6dbb096a1a5a7925701466d0abdb077498c47aa7e07
u03-s004-v010,question,optionAnalysis[1].choice,5,5,c95a8260f98c4622a696a96dfde4944a570d0bf11b939848077e9887d5e25788
u03-s004-v010,question,optionAnalysis[1].reason,15,36,80c23e536a04da87c19b0fedbed4401d039abd0d4c63eefc3a03b821bf9b64a4
u03-s004-v010,question,optionAnalysis[2].choice,3,3,be47addbcb8f60566a3d7fd5a36f8195798e2848b368195d9a5d20e007c59a0c
u03-s004-v010,question,optionAnalysis[2].reason,8,24,d2504679c03a484047ae237a06d75aefb947844eb92f448b8f3aaaeae8fcc8fe
u03-s004-v010,question,optionAnalysis[3].choice,3,3,2abaca4911e68fa9bfbf3482ee797fd5b9045b841fdff7253557c5fe15de6477
u03-s004-v010,question,optionAnalysis[3].reason,42,82,6c6c4f530b9aacd021d11eaf449764bb37faa36caf1e3e55c7668b522af7ac55
u03-s004-v010,question,commonMistake,12,36,50cc2e87d4c9991ff6eac78643938cb80d1cb677177c96a0c62a4389bb6efafe
u03-s004-v010,question,concept,13,34,418c022cffaa06faf49f1d25abfe67f904876967d7573cbae514435d772bea07
u03-s004-v010,question,tags[0],2,6,32f6541b44ed479dbf6cc8c7dd98824e49e03974d72ad8b65c33383a9cbb349f
u03-s004-v010,question,tags[1],11,33,0793fcfed247478a530fd72d03057d9a8ce8bd4d0f15fe5240318722d02f3880
u03-s004-v010,question,tags[2],8,8,578756ca4aa16d8872610a5aaa78460fd30fbe93379ff7284fe65d66ca606755
u03-s004-v010,question,estimatedTimeSec,2,2,f369cb89fc627e668987007d121ed1eacdc01db9e28f8bb26f358b7d8c4f08ac
u03-s004-v010,question,prerequisiteSkillIds[0],32,32,2007f1ed592a8faae31ed2f532c28d3cbecb400adb6ebb8d85c5dab4a25001ee
u03-s004-v010,question,authoringIntent,16,48,3c776ca186dde08a3725d41788e62f51e69dba46c58b788312dfa6c359483292
u03-s004-v010,question,literacyContextNecessity,40,102,363af94d370e5bc2051830e072b77841ca122de685b59f3a42d37bac838752d5
u03-s004-v010,question,reviewStatus,22,22,ec809598e2f7fcc69fad54c9cd045bba62b4a0dc7c0ff90d4efdc3788c9ad8fb
u03-s004-v010,question,contentSha256,64,64,e01a691b2616e79c67b04096f6fead21c797750f0d74eee1948dce177ed54bbe
u03-s004-v010,question,contentAuthority,25,25,ed40f75ffe3d6ad4e71f6e7919d063410490de360edb425965eccd605ca9d79e
u03-s004-v010,question,legacyContentDisposition,39,39,2efcc87c0c9673d2efe77735ae75582eb178c880b07035d8695f010e324b7c71
u03-s004-v011,question,questionId,13,13,40d13b1b34b3a4561a417d5a382427bb775df17874f2f2263eb38acb347cf565
u03-s004-v011,question,unitId,3,3,97ce842ec69dee17c1842918e63b9d4042fa4b35007146dcfb80a09c5000888a
u03-s004-v011,question,topicId,27,27,5edc6d8adc97105fb624f3211c5e8b14178a37949edbbef037f75ad528a701a5
u03-s004-v011,question,skillId,29,29,1fa435421e21dd4e51711d9deb743dbe0e1833fa8edad9d1c796c54493db5e93
u03-s004-v011,question,difficulty,8,8,578756ca4aa16d8872610a5aaa78460fd30fbe93379ff7284fe65d66ca606755
u03-s004-v011,question,type,2,2,6bc0f9c4ecb0acbebf1b9f6c816bdd66f4885f67c917d9e141cf893014fba936
u03-s004-v011,question,visualMode,9,9,9c7d54b0bf7a9369d8594201c7b11955514343809d09fbec33966c1fd9794015
u03-s004-v011,question,sourceScope,19,19,a4b669ddb8ef1883391c07a7b633f12eeaeecee7ec37c09eea4931aff6644346
u03-s004-v011,question,text,35,79,4eb7c2954c2741af28b187d36aa3727a40868a184bfba3f8420e22fe4124d167
u03-s004-v011,question,choices[0],3,3,728bf33aab1d32d4dca8fcc6a020d8baeb6b9910104541aa68c2d408154734fc
u03-s004-v011,question,choices[1],3,3,e3f6959781c353c201d378e02d9da532601673e08a1706fa15a5ebbd9ea1bd36
u03-s004-v011,question,choices[2],3,3,a4c6af0cb6f02dff01ba174e4cf11f24f73d9ed16ca7a1e3c9d831c0139faa5c
u03-s004-v011,question,choices[3],3,3,7f5642cd0c851c48e5dfbd492e1cdee9a93cba81b38677376437c6587b3af95e
u03-s004-v011,question,explanation,37,75,c57836004ad41c0d82703de5db581e3c7ec34ef2dbd0597fecb3f4aeb0220674
u03-s004-v011,question,steps[0],10,12,baf64e1fd6d74ca55187100a4e89f83816ad7a5092a048f7b101b75506d6c1b0
u03-s004-v011,question,steps[1],7,15,62fed76168c7aa125b7996adb6ebeb27a37f098636a8247e23869ba0fd283ab5
u03-s004-v011,question,steps[2],6,12,ce760fbb6667296b7c1159f9640805d44d5d5c06126fefa0ad385429ea7365de
u03-s004-v011,question,optionAnalysis[0].choice,3,3,728bf33aab1d32d4dca8fcc6a020d8baeb6b9910104541aa68c2d408154734fc
u03-s004-v011,question,optionAnalysis[0].reason,34,66,8a39e33f60ad9833265b60c80e422dee5c1ecece140fa6cfccdc5c8ff51a5efd
u03-s004-v011,question,optionAnalysis[1].choice,3,3,e3f6959781c353c201d378e02d9da532601673e08a1706fa15a5ebbd9ea1bd36
u03-s004-v011,question,optionAnalysis[1].reason,9,13,440ba51513d5970e724c00dbc405e721fc8c57112a7165ffcb67a64aeb551af4
u03-s004-v011,question,optionAnalysis[2].choice,3,3,a4c6af0cb6f02dff01ba174e4cf11f24f73d9ed16ca7a1e3c9d831c0139faa5c
u03-s004-v011,question,optionAnalysis[2].reason,11,33,aeac499a1d5e8be3fa17e0f4affc4f8b2bd2d5aaa944810c7a780b2bf477a281
u03-s004-v011,question,optionAnalysis[3].choice,3,3,7f5642cd0c851c48e5dfbd492e1cdee9a93cba81b38677376437c6587b3af95e
u03-s004-v011,question,optionAnalysis[3].reason,11,21,1532437b89a6981a26936f2715540cfd10cc96b6e3af845b773fa163f4b2f9ca
u03-s004-v011,question,commonMistake,12,36,31263c9e9400a1635e7c52600f8ab8ec8a28fafd48853b9f9cb7ecfa12d3bb74
u03-s004-v011,question,concept,11,29,9ccd889d73c3c10fec7653140a3cf79b155dadefe805bd499f4e2e100f26a25d
u03-s004-v011,question,tags[0],2,6,32f6541b44ed479dbf6cc8c7dd98824e49e03974d72ad8b65c33383a9cbb349f
u03-s004-v011,question,tags[1],11,33,0793fcfed247478a530fd72d03057d9a8ce8bd4d0f15fe5240318722d02f3880
u03-s004-v011,question,tags[2],8,8,578756ca4aa16d8872610a5aaa78460fd30fbe93379ff7284fe65d66ca606755
u03-s004-v011,question,estimatedTimeSec,2,2,f369cb89fc627e668987007d121ed1eacdc01db9e28f8bb26f358b7d8c4f08ac
u03-s004-v011,question,prerequisiteSkillIds[0],32,32,2007f1ed592a8faae31ed2f532c28d3cbecb400adb6ebb8d85c5dab4a25001ee
u03-s004-v011,question,authoringIntent,10,30,4da1d5cb182f59940ebab8a6b5b33dabbcb8d1c44694540c58a872f787b720bb
u03-s004-v011,question,literacyContextNecessity,36,90,0eca18629f12c3c8e92b4aa4b010136e1fd59e9742dcdfa4fb33adec620a1f8b
u03-s004-v011,question,reviewStatus,22,22,ec809598e2f7fcc69fad54c9cd045bba62b4a0dc7c0ff90d4efdc3788c9ad8fb
u03-s004-v011,question,contentSha256,64,64,a95c8db63ce3c21b4b6705ee2bbf24a1953659a3cf9dbbdae945839f85f154b1
u03-s004-v011,question,contentAuthority,25,25,ed40f75ffe3d6ad4e71f6e7919d063410490de360edb425965eccd605ca9d79e
u03-s004-v011,question,legacyContentDisposition,39,39,2efcc87c0c9673d2efe77735ae75582eb178c880b07035d8695f010e324b7c71
u03-s004-v012,question,questionId,13,13,2f62ae70a03ba935b36ccaa90fa787e926b1fba65981d79b4607c1021ebd25ac
u03-s004-v012,question,unitId,3,3,97ce842ec69dee17c1842918e63b9d4042fa4b35007146dcfb80a09c5000888a
u03-s004-v012,question,topicId,27,27,5edc6d8adc97105fb624f3211c5e8b14178a37949edbbef037f75ad528a701a5
u03-s004-v012,question,skillId,29,29,1fa435421e21dd4e51711d9deb743dbe0e1833fa8edad9d1c796c54493db5e93
u03-s004-v012,question,difficulty,8,8,578756ca4aa16d8872610a5aaa78460fd30fbe93379ff7284fe65d66ca606755
u03-s004-v012,question,type,2,2,6bc0f9c4ecb0acbebf1b9f6c816bdd66f4885f67c917d9e141cf893014fba936
u03-s004-v012,question,visualMode,9,9,9c7d54b0bf7a9369d8594201c7b11955514343809d09fbec33966c1fd9794015
u03-s004-v012,question,sourceScope,19,19,a4b669ddb8ef1883391c07a7b633f12eeaeecee7ec37c09eea4931aff6644346
u03-s004-v012,question,text,36,87,039ede0d6acdf1386f647586ece5e12d978ff0a2927079325b3e4b6095ed8ded
u03-s004-v012,question,choices[0],3,3,c171d4ec282b23db89a99880cd624e9ba2940c1d894783602edab5d7481dc1ea
u03-s004-v012,question,choices[1],1,1,4b227777d4dd1fc61c6f884f48641d02b4d121d3fd328cb08b5531fcacdabf8a
u03-s004-v012,question,choices[2],2,2,e5e0093f285a4fb94c3fcc2ad7fd04edd10d429ccda87a9aa5e4718efadf182e
u03-s004-v012,question,choices[3],2,2,4a44dc15364204a80fe80e9039455cc1608281820fe2b24f1e5233ade6af1dd5
u03-s004-v012,question,explanation,29,66,93e26a7f7041b21cee2412337d0f90b79d22fd3f1c00456353945bb1985092d2
u03-s004-v012,question,steps[0],7,9,cf25f024df734e9120fa6510f92d7f6b8284a6934499d01ad9e05d6a6486f4f6
u03-s004-v012,question,steps[1],5,13,087002b27c60fb02d0a8670c97b034cb94e32256b645e519481cd6b5e47046f7
u03-s004-v012,question,steps[2],5,10,b96f2edb0004e3a039a10f77bd4158fb323132f0ea3a5b72dfeb346b753c4505
u03-s004-v012,question,optionAnalysis[0].choice,3,3,c171d4ec282b23db89a99880cd624e9ba2940c1d894783602edab5d7481dc1ea
u03-s004-v012,question,optionAnalysis[0].reason,8,22,c0bcb9ce1a10110e29445bfd84f04011768a7940a64daac4391e5c153347d340
u03-s004-v012,question,optionAnalysis[1].choice,1,1,4b227777d4dd1fc61c6f884f48641d02b4d121d3fd328cb08b5531fcacdabf8a
u03-s004-v012,question,optionAnalysis[1].reason,27,59,2af7f5229bcf1920214a18904c886accf93a1771f3df213ae9d8e8fea28f67ba
u03-s004-v012,question,optionAnalysis[2].choice,2,2,e5e0093f285a4fb94c3fcc2ad7fd04edd10d429ccda87a9aa5e4718efadf182e
u03-s004-v012,question,optionAnalysis[2].reason,9,21,2f3dda193062779ef57f752cdb2a4b863a0f8f8217b4c942ccfd1ed65b6344f2
u03-s004-v012,question,optionAnalysis[3].choice,2,2,4a44dc15364204a80fe80e9039455cc1608281820fe2b24f1e5233ade6af1dd5
u03-s004-v012,question,optionAnalysis[3].reason,12,30,021e9544cef259ee15e65300014aec9952335470e51d13892d6686eff1a27096
u03-s004-v012,question,commonMistake,12,32,ce2b25e320131664eea4ba5ff81f0ebe78465be1ca535f39ead983422c8b5319
u03-s004-v012,question,concept,10,30,c885510b2cdd9a7f05057cf06a1f9f2efa3d979a3d02370d17a94683f0e1056c
u03-s004-v012,question,tags[0],2,6,32f6541b44ed479dbf6cc8c7dd98824e49e03974d72ad8b65c33383a9cbb349f
u03-s004-v012,question,tags[1],11,33,0793fcfed247478a530fd72d03057d9a8ce8bd4d0f15fe5240318722d02f3880
u03-s004-v012,question,tags[2],8,8,578756ca4aa16d8872610a5aaa78460fd30fbe93379ff7284fe65d66ca606755
u03-s004-v012,question,estimatedTimeSec,2,2,f369cb89fc627e668987007d121ed1eacdc01db9e28f8bb26f358b7d8c4f08ac
u03-s004-v012,question,prerequisiteSkillIds[0],32,32,2007f1ed592a8faae31ed2f532c28d3cbecb400adb6ebb8d85c5dab4a25001ee
u03-s004-v012,question,authoringIntent,11,33,25a5b42df0a0b4fb61729ddeea9e2266dfc48d4311797139b3667e77b2912457
u03-s004-v012,question,literacyContextNecessity,33,87,74de231fb733e4603edf59b4092b1ef0e4b04649774de6feb8e7e1d2e9fbec73
u03-s004-v012,question,reviewStatus,22,22,ec809598e2f7fcc69fad54c9cd045bba62b4a0dc7c0ff90d4efdc3788c9ad8fb
u03-s004-v012,question,contentSha256,64,64,bbf660c7b381d1c076c254c10577bf358de385e73baab31e3494830a7aff30f1
u03-s004-v012,question,contentAuthority,25,25,ed40f75ffe3d6ad4e71f6e7919d063410490de360edb425965eccd605ca9d79e
u03-s004-v012,question,legacyContentDisposition,39,39,2efcc87c0c9673d2efe77735ae75582eb178c880b07035d8695f010e324b7c71
u03-s004-cr001,question,questionId,14,14,975916c7ef89c634f3460b7504be08a9dd18a6673ff302a6dc37617e1c6d3402
u03-s004-cr001,question,unitId,3,3,97ce842ec69dee17c1842918e63b9d4042fa4b35007146dcfb80a09c5000888a
u03-s004-cr001,question,topicId,27,27,5edc6d8adc97105fb624f3211c5e8b14178a37949edbbef037f75ad528a701a5
u03-s004-cr001,question,skillId,29,29,1fa435421e21dd4e51711d9deb743dbe0e1833fa8edad9d1c796c54493db5e93
u03-s004-cr001,question,difficulty,8,8,fe6d3468cf5c74d8ec2a95b40f2e05338c37a4202f8fad692d2b64a9cf9b468a
u03-s004-cr001,question,type,20,20,e519496c259191db041ac61161dbfadb673dd94a10a123ed7423adcf7968ae7c
u03-s004-cr001,question,visualMode,9,9,9c7d54b0bf7a9369d8594201c7b11955514343809d09fbec33966c1fd9794015
u03-s004-cr001,question,prompt,26,60,54351267a0e8f9d81b93fd615dfc76c180eb8bb790377f2bef76bda4ab2bc149
u03-s004-cr001,question,requiredWork[0],7,21,72411ba12424b594edcfca2a3c4183f9f7fb4c4c3f133783b5b995ac42842e11
u03-s004-cr001,question,requiredWork[1],6,18,dc33648b6cc31cf03d72e32ced6a5cdb0ac5fc1b052d73eeb5f45882617786b3
u03-s004-cr001,question,requiredWork[2],7,21,46fc868d1b512163b169248dba7068114a9d7d3b2ffe02c2af78d0efc18f0bb8
u03-s004-cr001,question,fullCreditSolution[0],15,25,70d827779cfc2fadcf6fb5269dce054e8a7c416674d0e1ed0e5c008f298c1d1c
u03-s004-cr001,question,fullCreditSolution[1],16,28,a3776d2658384f2acc3bd0023ee02a96063b7504907ea797689d4210cdd56bd6
u03-s004-cr001,question,fullCreditSolution[2],22,34,7c3e2cbc3b77b0a6a9cca072bb98774dbd9f1393dba76fcb48d21c39d0a1bb1f
u03-s004-cr001,question,alternativeSolutions[0],12,28,8bb60337f1f5dac2c69355e66807a6eae255e0f8f8fac26c192f3c147ec9b74e
u03-s004-cr001,question,rubric[0].criteria,14,36,41e30d754104c63bec6b7aa5816ec130b70af75196496e73112105c2e8c76108
u03-s004-cr001,question,rubric[1].criteria,17,51,49d19edb4c02fc7c7ed0ffc885c83afe877159934a1aa55284a6be83e4b2168c
u03-s004-cr001,question,rubric[2].criteria,10,20,83c40d1e98b237ba182a5a0fe43e15f1dba538a87963c48cffc71bfe2e2a0010
u03-s004-cr001,question,rubric[3].criteria,9,27,d11bd478ae1504cea036d664f389e8c916383585c2d9b7e6d6540247b9684cb8
u03-s004-cr001,question,scoringNotes[0],14,42,cd605206f033bf9eb77fb66a20ada03efaf449b4f0635fc98dd861265ef39c50
u03-s004-cr001,question,scoringNotes[1],25,75,a2c565e5172ae5430bb229f94ce51035aa7b17f1f115f704476e4c19fc1098cf
u03-s004-cr001,question,commonErrors[0],6,18,bc43ddd6431c7b62eb5f42e710cd8c31058430c78f6db3fb6874e708178031a9
u03-s004-cr001,question,commonErrors[1],11,21,a9ea18c5d31b3c9b8c932289db8270c2b6208a726df861588a052ff576e477d0
u03-s004-cr001,question,independentReview.derivedResult,3,3,5da74a0b6e76875300f8092f99ed48deb1efa03b860728b889937f27e3deaa09
u03-s004-cr001,question,independentReview.ambiguity,26,78,4b9998d99f5ff6b4c48867707da30b5a75387690128c1a0e4fdc7f35be5f3c7a
u03-s004-cr001,question,independentReview.decision,4,4,d74ff0ee8da3b9806b18c877dbf29bbde50b5bd8e4dad7a3a725000feb82e8f1
u03-s004-cr001,question,contentSha256,64,64,bb18de32d2f99944bd4b3cfbea6b00407128b81df21a3cccb2c3d6c240e8885a
u03-s004-cr001,question,contentAuthority,25,25,ed40f75ffe3d6ad4e71f6e7919d063410490de360edb425965eccd605ca9d79e
u03-s004-cr001,question,legacyContentDisposition,39,39,2efcc87c0c9673d2efe77735ae75582eb178c880b07035d8695f010e324b7c71
u03-s004-cr002,question,questionId,14,14,dfb7fc6af10a0171407c44d15fcad3a4c9d82fae714d78a371928a663e636fc2
u03-s004-cr002,question,unitId,3,3,97ce842ec69dee17c1842918e63b9d4042fa4b35007146dcfb80a09c5000888a
u03-s004-cr002,question,topicId,27,27,5edc6d8adc97105fb624f3211c5e8b14178a37949edbbef037f75ad528a701a5
u03-s004-cr002,question,skillId,29,29,1fa435421e21dd4e51711d9deb743dbe0e1833fa8edad9d1c796c54493db5e93
u03-s004-cr002,question,difficulty,8,8,d21f85ea38166303ce58e06134b5cc4a5c900c409ab2a500ff7c9225109a09bb
u03-s004-cr002,question,type,20,20,e519496c259191db041ac61161dbfadb673dd94a10a123ed7423adcf7968ae7c
u03-s004-cr002,question,visualMode,9,9,9c7d54b0bf7a9369d8594201c7b11955514343809d09fbec33966c1fd9794015
u03-s004-cr002,question,prompt,35,81,160eac90de4cbf8fa0bfbddb50d1404964b7d3db6d516e3e83dfda30efd4f265
u03-s004-cr002,question,requiredWork[0],5,15,5ad75b5f3f0775be0c4c32631c32fac63a8045f476cdb3f438dd425d0a670623
u03-s004-cr002,question,requiredWork[1],12,36,f32bb8f12a29ed412d0b130d73c30e0ed8b8730bfbd30c10596c687d2a939a36
u03-s004-cr002,question,requiredWork[2],5,15,ddd48f8b90d25a8b5011e168c76d91b3c7130add65ef8fac9e7325be6644eefa
u03-s004-cr002,question,fullCreditSolution[0],18,32,0b012b6574beddbf5fa5fd7e3b06f692d81fa553f7949781985c3e27109ffc95
u03-s004-cr002,question,fullCreditSolution[1],16,30,26fd847b89bd7e02c0652fd4a5119a8bb7fc2d1daf34e3b3eac12fe27c8abba0
u03-s004-cr002,question,fullCreditSolution[2],13,21,bf9ad1eeac0a1c1f3ac84c9b939a08154d9caefb92f28cf2a1825e8af8d9ae0f
u03-s004-cr002,question,alternativeSolutions[0],16,44,17603912989020176fe67960749c4cfde318a8852fa1fb1ef226b1fc177a3b47
u03-s004-cr002,question,rubric[0].criteria,11,33,e4d49843b732afeee6516fd896a2fc91ed0919414a8902395412a128e9143d34
u03-s004-cr002,question,rubric[1].criteria,20,60,338343cb055bfe4442aeb3c91f1344e68b1917d286de2c2d7343ed38d7da09a3
u03-s004-cr002,question,rubric[2].criteria,14,22,a1b9ace59ce33b3c481c61ad6856521a01de4226c08c8301e286782c89328cce
u03-s004-cr002,question,rubric[3].criteria,13,39,6c33f59c908e13ec32684655170f5f5c070e48252d89c7441ade45fcea607ace
u03-s004-cr002,question,scoringNotes[0],14,42,cd605206f033bf9eb77fb66a20ada03efaf449b4f0635fc98dd861265ef39c50
u03-s004-cr002,question,scoringNotes[1],25,75,a2c565e5172ae5430bb229f94ce51035aa7b17f1f115f704476e4c19fc1098cf
u03-s004-cr002,question,commonErrors[0],17,33,fff00e74eaf37eb425d4ec6cd6d228a2dde98767a88e8ebcbf00ae533a2321cd
u03-s004-cr002,question,commonErrors[1],10,30,3d89645c9f2634cf56d77d8da448d2925f7fe2df4d1b1c9af219991758925733
u03-s004-cr002,question,independentReview.derivedResult,2,2,4fc82b26aecb47d2868c4efbe3581732a3e7cbcc6c2efb32062c08170a05eeb8
u03-s004-cr002,question,independentReview.ambiguity,26,78,4b9998d99f5ff6b4c48867707da30b5a75387690128c1a0e4fdc7f35be5f3c7a
u03-s004-cr002,question,independentReview.decision,4,4,d74ff0ee8da3b9806b18c877dbf29bbde50b5bd8e4dad7a3a725000feb82e8f1
u03-s004-cr002,question,contentSha256,64,64,d24a16c5cfea8fe30eb4a1292e349efcb47d63ab564e40301015389a81133626
u03-s004-cr002,question,contentAuthority,25,25,ed40f75ffe3d6ad4e71f6e7919d063410490de360edb425965eccd605ca9d79e
u03-s004-cr002,question,legacyContentDisposition,39,39,2efcc87c0c9673d2efe77735ae75582eb178c880b07035d8695f010e324b7c71
