artifactId,artifactType,fieldPath,unicodeCharacterCount,utf8ByteCount,utf8Sha256
u02-s003-lecture-r1,lecture,lectureId,19,19,7375f75586421d1d38f6fcc2aeb026f0a05299c22fcca84217701e41db072726
u02-s003-lecture-r1,lecture,unitId,3,3,95b6504a8bd60df3a9a19ef2c504ac03429b325e9b81f0d701d07bdf6def6afb
u02-s003-lecture-r1,lecture,topicId,11,11,6f58a76cc1c202fbf60a6add57c6c99044e1e3af47cd9e0d4b5f88b1665e3020
u02-s003-lecture-r1,lecture,skillId,28,28,83da61eccd2d510c2a970d81cd2a1e43d96360eab5d18f327b38dac7ad6f3c99
u02-s003-lecture-r1,lecture,title,18,54,c4d2c58e662321f46acca3b457bb55922f62e1ca5a769f386cf0c488e9a5aaf7
u02-s003-lecture-r1,lecture,audience,10,30,e6b4416fbd9f36797de01256b31a4d6f6314e126fde8495e25792c814f64fc5f
u02-s003-lecture-r1,lecture,reviewStatus,22,22,ec809598e2f7fcc69fad54c9cd045bba62b4a0dc7c0ff90d4efdc3788c9ad8fb
u02-s003-lecture-r1,lecture,learningOutcomes[0],17,51,8e72496fa3a44a18325c7758af7a295955044e7159ca44e9132c1f092f8e8ff6
u02-s003-lecture-r1,lecture,learningOutcomes[1],12,36,6d3875b6751eca7d2057db9063c09717656bb700a79eb4c23dd9ea2d326b472f
u02-s003-lecture-r1,lecture,learningOutcomes[2],10,30,6eb6edbfe233d259a280933b1502731ae22d74873273b9851e0dd6fab3df6dd0
u02-s003-lecture-r1,lecture,learningOutcomes[3],13,39,4aec256460cbf1a243288f3bb5ec625fa430ad4df62210ef12e3a98e03f3dfaa
u02-s003-lecture-r1,lecture,prerequisites[0].skillId,24,24,ae819c1ad6847a500ae0c6f6cb9dc4153835dced5391ed6eeb9fa8589795e65b
u02-s003-lecture-r1,lecture,prerequisites[0].requiredLevel,21,63,9ff18c09f83395447aec6040f9cae4ff20d319912400747ab57f6a239f773a63
u02-s003-lecture-r1,lecture,glossary[0].term,3,9,0ca130a8ad31aea55adae136b6a0f1a47d5de92d786e934f87e4752a0165917e
u02-s003-lecture-r1,lecture,glossary[0].definition,14,42,1a4784260e2aea2f0a037f2e991051700f3099b5fa5ad9b03058aff70c76eaeb
u02-s003-lecture-r1,lecture,glossary[1].term,5,15,4819720c265c8bbfe7be5ebddbb1bf94bca6203cef8688fe18099b643411b19f
u02-s003-lecture-r1,lecture,glossary[1].definition,14,40,2d32a6410b6a212ab86983e80ce609aa8ab82f7753942be70fb02573925eca76
u02-s003-lecture-r1,lecture,glossary[2].term,3,9,bf0be02d086d9148daf77fbf791257268c1a722b460fd2201ea65f3cbe60ca0a
u02-s003-lecture-r1,lecture,glossary[2].definition,20,60,cf03deba78969a10d9b29b1702fd70e700d5ef75fd9c38179fb47c0d4916c734
u02-s003-lecture-r1,lecture,glossary[3].term,2,6,2750dece1a25a3dbeb9222bc459892fee6c6370aa8dd5eac33402969620e43b2
u02-s003-lecture-r1,lecture,glossary[3].definition,13,39,dcf1def77807cdca83e974545d21e68755307ed5c7f42bf7c67244c0c8377f56
u02-s003-lecture-r1,lecture,notation[0].symbol,3,3,fbe5654b944a7373d9f0fde963b14d55ea5d4629240bd37d5bd9ea81b0894bcd
u02-s003-lecture-r1,lecture,notation[0].meaning,8,20,3cd8e47483fc1417b682b75ca6c4200f6ea46bcc5a2a2c736c2f4358d4857ace
u02-s003-lecture-r1,lecture,conceptNarrative[0],19,55,4226841fcc9a4385ddfa0bcdc1b3fd5769cf29cb72f7c5188633f89c1e242e47
u02-s003-lecture-r1,lecture,conceptNarrative[1],22,66,fcb1219bd2cdb3933f64f78f9348ced286aa26821827b44434422f76a221b905
u02-s003-lecture-r1,lecture,conceptNarrative[2],24,72,79f1deb504d7593705bebc7ee241bf32ed65f16a5be011e9a25a29a7ef4d55fd
u02-s003-lecture-r1,lecture,conceptNarrative[3],18,54,a62c33d47dbefe64da2a18e3354d0d829f45158f1c96f0fbc6919c629dd0c0a9
u02-s003-lecture-r1,lecture,formalDefinitions[0].name,5,15,4819720c265c8bbfe7be5ebddbb1bf94bca6203cef8688fe18099b643411b19f
u02-s003-lecture-r1,lecture,formalDefinitions[0].statement,25,55,794926e8aa82cb1c11f66cfd82865a4dca2ebdfcf936d559b7c6fffb1f8265f1
u02-s003-lecture-r1,lecture,formalDefinitions[1].name,4,12,0a5ece40f80b5ded8a4013dc5e199fbb886fee41d90606c025e6998a6a4fe7a9
u02-s003-lecture-r1,lecture,formalDefinitions[1].statement,13,39,57555e42323f31f062fb8ec20d315ac8744a397d54eac535de47eb2f7d21618f
u02-s003-lecture-r1,lecture,formulas[0].formula,13,23,c9647e305d7e4ef4fcc7a9c6015721e50314133c7fc52cceec48f701149bcad4
u02-s003-lecture-r1,lecture,formulas[0].conditions[0],9,23,7654cfb780bf18343fb0bd9c2423a4c0a7ea378b2292a72fb6e8d1e7d06b0827
u02-s003-lecture-r1,lecture,formulas[0].conditions[1],5,13,e6a4fd580ce8092886570f4faec29f65f7603b35c2fbc4da6777a9ab0596bef4
u02-s003-lecture-r1,lecture,formulas[0].meaning,8,24,9eddf6147879d94b0099fc984c50c06fb2886a86e463c7585bff3089608ed307
u02-s003-lecture-r1,lecture,nonApplicableCases[0],9,25,80cae83e7cd9d40b6b3cec24cf2a727c87d9ed2d6219a2a26faf4c9fe1a31d42
u02-s003-lecture-r1,lecture,nonApplicableCases[1],16,48,9bb97761d1ae21afc56dba51098c552a960d360c1d5ef1d15cc10f3c24b0c408
u02-s003-lecture-r1,lecture,nonApplicableCases[2],12,34,2b7a851e61988c80a3e3f538e0ca6cf8f3577c59180f8706ec999f30fbded171
u02-s003-lecture-r1,lecture,nonApplicableCases[3],21,63,f45e51be3a7b942b3fed86e4e3350094ced386dd2c0a6e6d1c492dfb7c30252b
u02-s003-lecture-r1,lecture,method[0].instruction,10,28,16ac8e79a9b2df9284f25ebd8cd1afb27f0d62dff17843a075d9022252ffcf75
u02-s003-lecture-r1,lecture,method[0].check,6,18,9e57ef758fbe958be1f4cdd67e6893cee3edab264e57064c5f954391ecbc4df8
u02-s003-lecture-r1,lecture,method[1].instruction,10,24,afdada3f375dcf66a31616752635d1bd5539ed5a3c8753812257b2fac6c45073
u02-s003-lecture-r1,lecture,method[1].check,12,36,5cc68a28f37afc225f70bdf6d7739fa260511c67b62dfa8324c68301f02abb0c
u02-s003-lecture-r1,lecture,method[2].instruction,6,16,ac8e80f48047d447a97093e8c53d80797c188337f406e8ac985199c5accc7356
u02-s003-lecture-r1,lecture,method[2].check,11,33,db0553b03b32c7d93d43ef1aeb58d88c64ee02bcd1af7208f2a1646148325e44
u02-s003-lecture-r1,lecture,method[3].instruction,12,36,c7099e507362bfd652cf02cf589bfb427e886d058e9c1ea6bc055ab9f3aded1c
u02-s003-lecture-r1,lecture,method[3].check,5,15,4859d2b124eb871349d1a5def067477b2949c2b187fadb4cc408b88b2509a4d8
u02-s003-lecture-r1,lecture,method[4].instruction,5,15,dceaa97e53d1962eedb1dfa6e07a4a16177f5012e88bc3c00b867e9fc273838b
u02-s003-lecture-r1,lecture,method[4].check,9,27,ad009bbcfe085a3a80a972daca393038f0f6aabbfe63faf84de40571d897ce32
u02-s003-lecture-r1,lecture,workedExamples[0].exampleId,2,2,dffe8596427fc50e8f64654a609af134d45552f18bbecef90b31135a9e7acaa0
u02-s003-lecture-r1,lecture,workedExamples[0].prompt,6,12,c6475e0eb2d96d60dad5bb47c72bf05cd039a68f0beb868944d38b22b2a3ae33
u02-s003-lecture-r1,lecture,workedExamples[0].solutionSteps[0],8,11,95415fd0819bdba0a99aadecc6ebc06b53477dbe9f5a19e67d80c4a6960fa922
u02-s003-lecture-r1,lecture,workedExamples[0].solutionSteps[1],8,12,4ba986e5bd5bb4e053b2ee440a49d557f9f23c276deeada782e75f8ca65d7cef
u02-s003-lecture-r1,lecture,workedExamples[0].answer,7,12,70799374fb36810b156a0108f271cf5ce6c84aa61363185f86bdea815f3442ff
u02-s003-lecture-r1,lecture,workedExamples[1].exampleId,2,2,d76354d8457898445bb69e0dc0dc95fb74cc3cf334f8c1859162a16ad0041f8d
u02-s003-lecture-r1,lecture,workedExamples[1].prompt,12,25,eb2eedc80dfa8d1d219bd55b6ffdca96ee23147b0f8103d148d06dcb36e3593f
u02-s003-lecture-r1,lecture,workedExamples[1].solutionSteps[0],5,8,fe68502b623abbd6b2a7c2303c8fdcaab7dabcee974824be960416465aa60257
u02-s003-lecture-r1,lecture,workedExamples[1].solutionSteps[1],5,8,cdcfeab6051f6c0f03e603d11be748ca768c8bdd74556e69dde45cefc8a0f55b
u02-s003-lecture-r1,lecture,workedExamples[1].answer,9,14,74e354483e5b8930e30d780faeb7e7b8db39f121a60e18713746c9b4dc4a47e9
u02-s003-lecture-r1,lecture,workedExamples[2].exampleId,2,2,842983de8fb1d277a3fad5c8295c7a14317c458718a10c5a35b23e7f992a5c80
u02-s003-lecture-r1,lecture,workedExamples[2].prompt,10,20,6faaf85ae66b1a9d59009e3d0ad9faa2808c7cb56cb71dea036b2fc22e53f784
u02-s003-lecture-r1,lecture,workedExamples[2].solutionSteps[0],6,10,6b7928f98d1394bdafa36e579404fedca28cf7fddb2270866c1d1f8bde580482
u02-s003-lecture-r1,lecture,workedExamples[2].solutionSteps[1],11,15,e4ce3c37556912fe311c443536ee3227cf305ab9412702cbd3b3c452e6d13de7
u02-s003-lecture-r1,lecture,workedExamples[2].answer,4,6,f980efbd7dfe835b39d69fd44181ee21d54802bf9ee5fe648275fb890dd3557f
u02-s003-lecture-r1,lecture,workedExamples[3].exampleId,2,2,4a5a97c6433c4c062457e9335709d57493e75527809d8a9586c141e591ac9f2c
u02-s003-lecture-r1,lecture,workedExamples[3].prompt,16,40,9834d080b9064034e48c0abdd0c2438c73638274614be3a8fcf46d3a200831cd
u02-s003-lecture-r1,lecture,workedExamples[3].solutionSteps[0],8,12,7dd99ea066873ae6417535db296a6f1b2a5259d34676608f5af6f09fbbbfc8d1
u02-s003-lecture-r1,lecture,workedExamples[3].solutionSteps[1],11,24,ffc22aef9a10e93753ab594f254dd906a4da0949022cd18b0b0fdf211918a12b
u02-s003-lecture-r1,lecture,workedExamples[3].answer,3,7,f6a41dd3a7fd2caafa5b9909e341e9bcfd4583fdce242634565cd10a770d4dd9
u02-s003-lecture-r1,lecture,commonMistakes[0].mistake,10,23,9355305c2937103af41722338d2ef5d7b72c6703b669c44e9fbdaed284e66a90
u02-s003-lecture-r1,lecture,commonMistakes[0].why,8,24,ce0cdde0e70790b2caf636f7b63af9a5db427d63e7f171b7f76509a579cee79e
u02-s003-lecture-r1,lecture,commonMistakes[0].correction,13,39,4aa513fbc8ac5f45361ea758f55eb7b648a772de79ef17378f190a7d26a80907
u02-s003-lecture-r1,lecture,commonMistakes[1].mistake,9,27,ca1908206fd9e6c89e181429d5c77c0ccae8a40935e47c62ad9e1e54fd89d2a5
u02-s003-lecture-r1,lecture,commonMistakes[1].why,11,33,239ee1b5c8dfc4232a711466c0072654c6be333426faba49469d1630b3fa294b
u02-s003-lecture-r1,lecture,commonMistakes[1].correction,11,33,f0c300c7e18ea769a52d09d5bb476104ecd3c7d9946615517fc6c09934273bc2
u02-s003-lecture-r1,lecture,commonMistakes[2].mistake,13,25,a088c2f1a904c39ab6348bebdb96d0bbe24b1c0ad902ed99783a7312465d7411
u02-s003-lecture-r1,lecture,commonMistakes[2].why,9,27,754c835cb191af07d99e3e7ef65c64408bce113d82f371b04df510b80bfc873c
u02-s003-lecture-r1,lecture,commonMistakes[2].correction,9,27,7846a20138869a5201f78ead29e0879b7fa49ff0c4cf58bd0133fc20833ac5fb
u02-s003-lecture-r1,lecture,commonMistakes[3].mistake,9,19,6e99609d0b6df4e4595d68a3af8195345964b41fd567991e25ac0315a9e52cf4
u02-s003-lecture-r1,lecture,commonMistakes[3].why,5,15,dd2ec5409468bc9e37b4485bcddf5772df9a2bad4af8634df690c4d854920e56
u02-s003-lecture-r1,lecture,commonMistakes[3].correction,9,14,5c4cc344104e2a7813cec877033a10e7cffb60359af1387160c44c7248793588
u02-s003-lecture-r1,lecture,commonMistakes[4].mistake,10,28,d3e9b1425a53fea06217646b15288b2ff3f7e45a51d6ce3369a97ea4915dc608
u02-s003-lecture-r1,lecture,commonMistakes[4].why,10,30,bf50cd2a6888ba287d84a8b5bb720c329ddaed6e9cb217f36825a7bb634004cb
u02-s003-lecture-r1,lecture,commonMistakes[4].correction,10,28,93678c0d7e7c9d3d4958881aaef4be259b7d27a5cedf22ca842d05b07703c3e3
u02-s003-lecture-r1,lecture,commonMistakes[5].mistake,6,18,65f116c5568e3263a07d45d6616706612fe655e2f7e4ee7408e46c76c7bca0f1
u02-s003-lecture-r1,lecture,commonMistakes[5].why,13,39,a314d1468ed62a92b526c92da6629c6d7c536d2779663b8b106074c6f617ac92
u02-s003-lecture-r1,lecture,commonMistakes[5].correction,9,27,4326babe28c9373728e147f140bf700bc0b05bad99cc213aa242817ebc598517
u02-s003-lecture-r1,lecture,selfCheck[0],12,36,a0285fa12356c3cfdb51d4937d42b7dec049d6a0d3948393661e2a9422fc3e09
u02-s003-lecture-r1,lecture,selfCheck[1],13,39,0f5af35c477a114a2ab34a8fd249ee244064287a9d00dfc7b03499c547f8fda5
u02-s003-lecture-r1,lecture,selfCheck[2],9,27,3a83d3b464ace34dc4d208a427f9c1c111de077132911aa80b3505c66d3fe355
u02-s003-lecture-r1,lecture,selfCheck[3],9,27,b0a495b99b8033b9298c78efc96dcf6c4d2d8d9d1016f62fb209a3182ad0910e
u02-s003-lecture-r1,lecture,selfCheck[4],16,48,933b8e407ca3c76aa07895f431639f4e121ecafd1176f6314e0365bf060b584d
u02-s003-lecture-r1,lecture,summary[0],15,45,8468b928fcc8ad6b6cb9714dcce3544af0917c8b3b525e5c8ccd44193a2d70e0
u02-s003-lecture-r1,lecture,summary[1],15,45,8d0f78127323fc30aa25334428b6a9683f73ba0e629a59a6eaafd567fb7154cc
u02-s003-lecture-r1,lecture,summary[2],10,30,6064e490c20861d35ae6033a4df1ff1441b03b660b4767590fd4c05565869989
u02-s003-lecture-r1,lecture,summary[3],15,45,cb8702dcbad640c769700090bf6f9f964154811d6c2bde99fc2562d5ea471174
u02-s003-lecture-r1,lecture,connections.previous,44,82,f8bd60dca3a9647a3e421c94cf787440bcf6c74895f2315075c77afdb6c03f76
u02-s003-lecture-r1,lecture,connections.next[0],17,51,c4d2e8d71aae8e940de443c191a1007781e24cff5a790da85471b3077c4a4387
u02-s003-lecture-r1,lecture,connections.next[1],17,51,91a792b9410b412c443f8e9d0b5ddb1b57dd8e5c74ab6f723fd2be13a5cde25b
u02-s003-lecture-r1,lecture,practiceLinks.mcQuestionIds[0],13,13,8c8a709df73106f8effd6b744568ed5cbc9ffe40ad5aebc482309bde1511aa78
u02-s003-lecture-r1,lecture,practiceLinks.mcQuestionIds[1],13,13,7bd98f970f1b3b4d1ecc06e4092f90ba1831ff5558017c99e64c197e4f25cc55
u02-s003-lecture-r1,lecture,practiceLinks.mcQuestionIds[2],13,13,369349f9003de0dd80296afe1f23a2ed6ee6310098b5351d3d1e975fa858a4bb
u02-s003-lecture-r1,lecture,practiceLinks.mcQuestionIds[3],13,13,4f22ed210d6bdc4bcf222611ae21dea7d14b5dbdf0bb8d1c8114f0c9de2b4eb7
u02-s003-lecture-r1,lecture,practiceLinks.mcQuestionIds[4],13,13,a0f7031694708660b8aef3a7dd9f3932d522d7d6cfa0d956e850ed5a74cc4811
u02-s003-lecture-r1,lecture,practiceLinks.mcQuestionIds[5],13,13,39d8e648831c20cb99923414cdfc305152d26f12be64442813a787513ebda4c4
u02-s003-lecture-r1,lecture,practiceLinks.mcQuestionIds[6],13,13,229681e107b22986f7bf356ce87cdd125441bb17c67563ad5f55dfb645164404
u02-s003-lecture-r1,lecture,practiceLinks.mcQuestionIds[7],13,13,3ac2fd3de6a7bceecddaa4c20391f1f1c471cebb0ebf6f71e8994fbca7737d6f
u02-s003-lecture-r1,lecture,practiceLinks.mcQuestionIds[8],13,13,8ee1ce4fcea73bbbfcd37da2d319b984eeea9c5c37a3aa1096ddd1e6dc243051
u02-s003-lecture-r1,lecture,practiceLinks.mcQuestionIds[9],13,13,fef66ee89c7f995d7755658d97c4bd93958305a4ca0ee36a6693fdf4d77a314b
u02-s003-lecture-r1,lecture,practiceLinks.mcQuestionIds[10],13,13,a567b2392324f529021a6b276d07298f0ad86fb359eb0375af53133036324fd5
u02-s003-lecture-r1,lecture,practiceLinks.mcQuestionIds[11],13,13,8a2c772da4785b9e22eb2438a3cf26b62ddcad0622112684071b59055e9cd057
u02-s003-lecture-r1,lecture,practiceLinks.constructedResponseIds[0],14,14,e9272f363b4615d3306065c5851a7a96f6b24d813249631bc6aef07b4f018f67
u02-s003-lecture-r1,lecture,practiceLinks.constructedResponseIds[1],14,14,b1eec8167de940b454bb916ae75394fd275e28d0efe505b30e8dc01aed551e2b
u02-s003-lecture-r1,lecture,lectureReview.mathematicalCorrectness,4,4,d74ff0ee8da3b9806b18c877dbf29bbde50b5bd8e4dad7a3a725000feb82e8f1
u02-s003-lecture-r1,lecture,lectureReview.zeroFoundationReadability,4,4,d74ff0ee8da3b9806b18c877dbf29bbde50b5bd8e4dad7a3a725000feb82e8f1
u02-s003-lecture-r1,lecture,lectureReview.scopeCheck,21,21,fdf8268f0373301b2fcc6331f1d8999b8aabea69681e8bc972ab9a21216a7606
u02-s003-lecture-r1,lecture,lectureReview.reviewNote,51,139,3a78a7dafeba6359bd666df7fcece6a3aedc4651c0392f6306f09228919b70b3
u02-s003-lecture-r1,lecture,lectureReview.reviewVersion,25,25,d778dfb0b9da1de52a9e6d141e13b5f20b33f0779b3da3dad22096cd927b9411
u02-s003-lecture-r1,lecture,lectureReview.reviewedAt,10,10,14158d45727526145ef514139eeb669eb54d613dbcffe524f099dbb71c9d8b08
u02-s003-lecture-r1,lecture,contentSha256,64,64,5b10ed7687079c3d9efd760ada8737c4afcd61f2b62568af715878a6cf0c07be
u02-s003-lecture-r1,lecture,contentAuthority,25,25,ed40f75ffe3d6ad4e71f6e7919d063410490de360edb425965eccd605ca9d79e
u02-s003-v001,question,questionId,13,13,8c8a709df73106f8effd6b744568ed5cbc9ffe40ad5aebc482309bde1511aa78
u02-s003-v001,question,unitId,3,3,95b6504a8bd60df3a9a19ef2c504ac03429b325e9b81f0d701d07bdf6def6afb
u02-s003-v001,question,topicId,11,11,6f58a76cc1c202fbf60a6add57c6c99044e1e3af47cd9e0d4b5f88b1665e3020
u02-s003-v001,question,skillId,28,28,83da61eccd2d510c2a970d81cd2a1e43d96360eab5d18f327b38dac7ad6f3c99
u02-s003-v001,question,difficulty,5,5,fbb7b5bf4ca348eeeebf8cc3660712859a5a1fbf18e83217a57ce203fb51d5c2
u02-s003-v001,question,type,2,2,6bc0f9c4ecb0acbebf1b9f6c816bdd66f4885f67c917d9e141cf893014fba936
u02-s003-v001,question,visualMode,9,9,9c7d54b0bf7a9369d8594201c7b11955514343809d09fbec33966c1fd9794015
u02-s003-v001,question,sourceScope,19,19,a4b669ddb8ef1883391c07a7b633f12eeaeecee7ec37c09eea4931aff6644346
u02-s003-v001,question,text,12,30,beb16fd3b38a2dafe883d9506b308739fbee3f8ed1350f7fd7feebc61ad0303d
u02-s003-v001,question,choices[0],6,9,1bcfff005f1f71ef46eea37f0cc7d5411b8a53bc6f6812d7c6b0f7c0fee368e8
u02-s003-v001,question,choices[1],6,8,f95ce3e7ebf07fbefd3ba736dbe6a8ae5860e05581df520a3270e42d32539297
u02-s003-v001,question,choices[2],4,5,2e46c970957db708bcd28973f328fd12cf585244773f0a71848f250eaea9e195
u02-s003-v001,question,choices[3],6,9,4a8563de5e83cbad8702eab35819366a3b57b02840ff65a27b3bd90106309863
u02-s003-v001,question,explanation,53,114,77bca0a8f5bedbca19348283f2658fd84f319b664814c13c3719160ec7d91a1d
u02-s003-v001,question,steps[0],21,27,8394e280968c2ab0d8c1fd0bd5342b9b83ab5ce66b895470aa61ac6cf3eca4d3
u02-s003-v001,question,steps[1],8,24,46ad5c4fef3b4036c774174a3fb5a214a68f5251fb3bc8d54598de28b764c6c7
u02-s003-v001,question,optionAnalysis[0].choice,6,9,1bcfff005f1f71ef46eea37f0cc7d5411b8a53bc6f6812d7c6b0f7c0fee368e8
u02-s003-v001,question,optionAnalysis[0].reason,16,33,ac1ea0c1975bf6ad4f63704e3b8304b79e3c9873dd9a9b010b7ce5eabb97e7be
u02-s003-v001,question,optionAnalysis[1].choice,6,8,f95ce3e7ebf07fbefd3ba736dbe6a8ae5860e05581df520a3270e42d32539297
u02-s003-v001,question,optionAnalysis[1].reason,8,18,f97de7986198bbc55c27b5f1d3fcfef1a63d9bd3ef591d3c9a4f102b43b46514
u02-s003-v001,question,optionAnalysis[2].choice,4,5,2e46c970957db708bcd28973f328fd12cf585244773f0a71848f250eaea9e195
u02-s003-v001,question,optionAnalysis[2].reason,11,25,15c3d3cd2549ea620216f0a949039626d2ee319cab4344079fb9ece5b9f702c3
u02-s003-v001,question,optionAnalysis[3].choice,6,9,4a8563de5e83cbad8702eab35819366a3b57b02840ff65a27b3bd90106309863
u02-s003-v001,question,optionAnalysis[3].reason,11,16,a887c679e5822d92973c68eceb4ca6e02d1fea5b63004b3016a73b228ca4f9f8
u02-s003-v001,question,commonMistake,26,78,dd8692d77255fbfff6dd57ea26709f571c69c4444909266a1d06afb3741133f6
u02-s003-v001,question,concept,17,51,7f688a02028631b72b4b9bb1bce7fc5b1066487b8b0ce5a1cfe97fcbd1943a61
u02-s003-v001,question,tags[0],3,9,fd41540cbdbecb9b5fa7116d27c68e378548ab62ab7c7ca4494730a81ea87667
u02-s003-v001,question,tags[1],5,15,4819720c265c8bbfe7be5ebddbb1bf94bca6203cef8688fe18099b643411b19f
u02-s003-v001,question,tags[2],5,5,fbb7b5bf4ca348eeeebf8cc3660712859a5a1fbf18e83217a57ce203fb51d5c2
u02-s003-v001,question,estimatedTimeSec,2,2,39fa9ec190eee7b6f4dff1100d6343e10918d044c75eac8f9e9a2596173f80c9
u02-s003-v001,question,prerequisiteSkillIds[0],24,24,ae819c1ad6847a500ae0c6f6cb9dc4153835dced5391ed6eeb9fa8589795e65b
u02-s003-v001,question,authoringIntent,10,30,1f8fcebf76352b3d0145eff10ee6ecae5f6a0708011d7aa0554c0083a6dc3b1b
u02-s003-v001,question,reviewStatus,22,22,ec809598e2f7fcc69fad54c9cd045bba62b4a0dc7c0ff90d4efdc3788c9ad8fb
u02-s003-v001,question,contentSha256,64,64,0599b297e124105d27b85f22e651ba56b2a441ce95451035eee7d2f6e05acf0f
u02-s003-v001,question,contentAuthority,25,25,ed40f75ffe3d6ad4e71f6e7919d063410490de360edb425965eccd605ca9d79e
u02-s003-v002,question,questionId,13,13,7bd98f970f1b3b4d1ecc06e4092f90ba1831ff5558017c99e64c197e4f25cc55
u02-s003-v002,question,unitId,3,3,95b6504a8bd60df3a9a19ef2c504ac03429b325e9b81f0d701d07bdf6def6afb
u02-s003-v002,question,topicId,11,11,6f58a76cc1c202fbf60a6add57c6c99044e1e3af47cd9e0d4b5f88b1665e3020
u02-s003-v002,question,skillId,28,28,83da61eccd2d510c2a970d81cd2a1e43d96360eab5d18f327b38dac7ad6f3c99
u02-s003-v002,question,difficulty,5,5,fbb7b5bf4ca348eeeebf8cc3660712859a5a1fbf18e83217a57ce203fb51d5c2
u02-s003-v002,question,type,2,2,6bc0f9c4ecb0acbebf1b9f6c816bdd66f4885f67c917d9e141cf893014fba936
u02-s003-v002,question,visualMode,9,9,9c7d54b0bf7a9369d8594201c7b11955514343809d09fbec33966c1fd9794015
u02-s003-v002,question,sourceScope,19,19,a4b669ddb8ef1883391c07a7b633f12eeaeecee7ec37c09eea4931aff6644346
u02-s003-v002,question,text,24,60,5c3837965d79d05c353a2a3032dd38b81a172ae3b4c053a37d9ef57443808d7d
u02-s003-v002,question,choices[0],1,1,6b86b273ff34fce19d6b804eff5a3f5747ada4eaa22f1d49c01e52ddb7875b4b
u02-s003-v002,question,choices[1],1,1,d4735e3a265e16eee03f59718b9b5d03019c07d8b6c51f90da3a666eec13ab35
u02-s003-v002,question,choices[2],1,1,4e07408562bedb8b60ce05c1decfe3ad16b72230967de01f640b7e4729b49fce
u02-s003-v002,question,choices[3],1,1,4b227777d4dd1fc61c6f884f48641d02b4d121d3fd328cb08b5531fcacdabf8a
u02-s003-v002,question,explanation,50,104,1b7c7ba6eaabfe003efe3022b9e015cdc711bfffde871664f47fb5cb5bfa53c0
u02-s003-v002,question,steps[0],20,26,9a00bbbfb6edf8960c6cf0cba97cf58f4ece632c1dc9d57754093dac70d7c2e6
u02-s003-v002,question,steps[1],11,23,46f277cb09757d7528f9b99da880bdbfc315e84c7c2c2a199ce8598d7d7a54ec
u02-s003-v002,question,optionAnalysis[0].choice,1,1,6b86b273ff34fce19d6b804eff5a3f5747ada4eaa22f1d49c01e52ddb7875b4b
u02-s003-v002,question,optionAnalysis[0].reason,13,35,9d76e2e625b0e362061200240813c2bd9647b82ef2b157e2eea91474a43aee25
u02-s003-v002,question,optionAnalysis[1].choice,1,1,d4735e3a265e16eee03f59718b9b5d03019c07d8b6c51f90da3a666eec13ab35
u02-s003-v002,question,optionAnalysis[1].reason,13,31,ff28b9fed24aa6059e7ef79f24ce4a0fba454f19c587127d0bd106999c3f1212
u02-s003-v002,question,optionAnalysis[2].choice,1,1,4e07408562bedb8b60ce05c1decfe3ad16b72230967de01f640b7e4729b49fce
u02-s003-v002,question,optionAnalysis[2].reason,10,19,d6f98e0c2f71c516930eadc834f819a04e2d975eb7bf1e314d134d5707d427f2
u02-s003-v002,question,optionAnalysis[3].choice,1,1,4b227777d4dd1fc61c6f884f48641d02b4d121d3fd328cb08b5531fcacdabf8a
u02-s003-v002,question,optionAnalysis[3].reason,10,20,70381d2667f6388ccc903a04ba96439861c26f803375fa3ccf38dc0b41664161
u02-s003-v002,question,commonMistake,15,39,474c5c2a5474e2ecf6ff1c2bc9e23365546231dfce0e489def8b96a6b2d63db1
u02-s003-v002,question,concept,17,51,fa49fb1bff581bf1cb93e97e6d24c80e12e97bb28c9c90b4813d0bb109285275
u02-s003-v002,question,tags[0],3,9,fd41540cbdbecb9b5fa7116d27c68e378548ab62ab7c7ca4494730a81ea87667
u02-s003-v002,question,tags[1],5,15,4819720c265c8bbfe7be5ebddbb1bf94bca6203cef8688fe18099b643411b19f
u02-s003-v002,question,tags[2],5,5,fbb7b5bf4ca348eeeebf8cc3660712859a5a1fbf18e83217a57ce203fb51d5c2
u02-s003-v002,question,estimatedTimeSec,2,2,39fa9ec190eee7b6f4dff1100d6343e10918d044c75eac8f9e9a2596173f80c9
u02-s003-v002,question,prerequisiteSkillIds[0],24,24,ae819c1ad6847a500ae0c6f6cb9dc4153835dced5391ed6eeb9fa8589795e65b
u02-s003-v002,question,authoringIntent,8,24,ddd67fb54a8ebf37d95ba02cd5e1a302275a3a694c985e92a77ff0cfadcbfb3e
u02-s003-v002,question,reviewStatus,22,22,ec809598e2f7fcc69fad54c9cd045bba62b4a0dc7c0ff90d4efdc3788c9ad8fb
u02-s003-v002,question,contentSha256,64,64,46a0d1e352978d23823eca856cdc4d620350436e0d2b4a6e14564ff4f182e344
u02-s003-v002,question,contentAuthority,25,25,ed40f75ffe3d6ad4e71f6e7919d063410490de360edb425965eccd605ca9d79e
u02-s003-v003,question,questionId,13,13,369349f9003de0dd80296afe1f23a2ed6ee6310098b5351d3d1e975fa858a4bb
u02-s003-v003,question,unitId,3,3,95b6504a8bd60df3a9a19ef2c504ac03429b325e9b81f0d701d07bdf6def6afb
u02-s003-v003,question,topicId,11,11,6f58a76cc1c202fbf60a6add57c6c99044e1e3af47cd9e0d4b5f88b1665e3020
u02-s003-v003,question,skillId,28,28,83da61eccd2d510c2a970d81cd2a1e43d96360eab5d18f327b38dac7ad6f3c99
u02-s003-v003,question,difficulty,5,5,fbb7b5bf4ca348eeeebf8cc3660712859a5a1fbf18e83217a57ce203fb51d5c2
u02-s003-v003,question,type,2,2,6bc0f9c4ecb0acbebf1b9f6c816bdd66f4885f67c917d9e141cf893014fba936
u02-s003-v003,question,visualMode,9,9,9c7d54b0bf7a9369d8594201c7b11955514343809d09fbec33966c1fd9794015
u02-s003-v003,question,sourceScope,19,19,a4b669ddb8ef1883391c07a7b633f12eeaeecee7ec37c09eea4931aff6644346
u02-s003-v003,question,text,20,50,87f3b23a75e3936cdbf6c05ba2858b26bf89d6b9e768692cb59f095593bb3d1d
u02-s003-v003,question,choices[0],8,9,cad9a2c7c6db5c0db7e62dc706af4336c75051a6dc48cc562e1101e858fc67c0
u02-s003-v003,question,choices[1],8,9,753b4249423987c487cc841a65029687ffefff10cfd173703ae58d9425fe3514
u02-s003-v003,question,choices[2],10,13,a76cf6ade5681732d3f670c4a823d4231afbc08730091aba5cbeef062f45b1ed
u02-s003-v003,question,choices[3],8,9,eedcec46752d1ddb2313f580d2160d5ebbd234498416b38dbfea61b9e748357b
u02-s003-v003,question,explanation,57,108,de3406ff4e93cd5a2557a24b7726656ef5d4791611abf745ce6d32a7c39290ff
u02-s003-v003,question,steps[0],16,21,82a8c5694dca8ba7e5b56e3caaa569a90d5ad8063eb19d6796e6034bdc75b247
u02-s003-v003,question,steps[1],13,20,edc5d9ef2c430c9b72c10862b1b541d2a72b035566d8e559ec3dac5b02725a6b
u02-s003-v003,question,optionAnalysis[0].choice,8,9,cad9a2c7c6db5c0db7e62dc706af4336c75051a6dc48cc562e1101e858fc67c0
u02-s003-v003,question,optionAnalysis[0].reason,12,24,1e9fcd9c2da172f6304d316aa95c87cefcd053d7c9084991edf359f5dbc497fe
u02-s003-v003,question,optionAnalysis[1].choice,8,9,753b4249423987c487cc841a65029687ffefff10cfd173703ae58d9425fe3514
u02-s003-v003,question,optionAnalysis[1].reason,15,39,45d4657677fc47cb116301342a951173405c53e4483236eb9a982f9b9b192b27
u02-s003-v003,question,optionAnalysis[2].choice,10,13,a76cf6ade5681732d3f670c4a823d4231afbc08730091aba5cbeef062f45b1ed
u02-s003-v003,question,optionAnalysis[2].reason,18,40,37dcc9296ea22f100abb21841e7a31a18925af4b50cc50e98359c9ac14c95855
u02-s003-v003,question,optionAnalysis[3].choice,8,9,eedcec46752d1ddb2313f580d2160d5ebbd234498416b38dbfea61b9e748357b
u02-s003-v003,question,optionAnalysis[3].reason,8,18,965bc220b55a945bb896efd420ba96e25c1648a81d70983ce1047fb49e464eec
u02-s003-v003,question,commonMistake,9,27,0d38fcd95a22a3f5adabd255ef29822802faca3e24506d68c702b28427fe0009
u02-s003-v003,question,concept,17,51,0fcb9e5665e679f980f058508208feec3e5139d8399295571f739f566366f3ae
u02-s003-v003,question,tags[0],3,9,fd41540cbdbecb9b5fa7116d27c68e378548ab62ab7c7ca4494730a81ea87667
u02-s003-v003,question,tags[1],5,15,4819720c265c8bbfe7be5ebddbb1bf94bca6203cef8688fe18099b643411b19f
u02-s003-v003,question,tags[2],5,5,fbb7b5bf4ca348eeeebf8cc3660712859a5a1fbf18e83217a57ce203fb51d5c2
u02-s003-v003,question,estimatedTimeSec,2,2,39fa9ec190eee7b6f4dff1100d6343e10918d044c75eac8f9e9a2596173f80c9
u02-s003-v003,question,prerequisiteSkillIds[0],24,24,ae819c1ad6847a500ae0c6f6cb9dc4153835dced5391ed6eeb9fa8589795e65b
u02-s003-v003,question,authoringIntent,10,30,3a05a74c76d794b4e62567d482de06f4461ecd4d2e0f7b451812a33619d65814
u02-s003-v003,question,reviewStatus,22,22,ec809598e2f7fcc69fad54c9cd045bba62b4a0dc7c0ff90d4efdc3788c9ad8fb
u02-s003-v003,question,contentSha256,64,64,271f37afc9066f1634c73d4ae94b71f442239e820d83c7e66a6debc233eec575
u02-s003-v003,question,contentAuthority,25,25,ed40f75ffe3d6ad4e71f6e7919d063410490de360edb425965eccd605ca9d79e
u02-s003-v004,question,questionId,13,13,4f22ed210d6bdc4bcf222611ae21dea7d14b5dbdf0bb8d1c8114f0c9de2b4eb7
u02-s003-v004,question,unitId,3,3,95b6504a8bd60df3a9a19ef2c504ac03429b325e9b81f0d701d07bdf6def6afb
u02-s003-v004,question,topicId,11,11,6f58a76cc1c202fbf60a6add57c6c99044e1e3af47cd9e0d4b5f88b1665e3020
u02-s003-v004,question,skillId,28,28,83da61eccd2d510c2a970d81cd2a1e43d96360eab5d18f327b38dac7ad6f3c99
u02-s003-v004,question,difficulty,8,8,fe6d3468cf5c74d8ec2a95b40f2e05338c37a4202f8fad692d2b64a9cf9b468a
u02-s003-v004,question,type,2,2,6bc0f9c4ecb0acbebf1b9f6c816bdd66f4885f67c917d9e141cf893014fba936
u02-s003-v004,question,visualMode,9,9,9c7d54b0bf7a9369d8594201c7b11955514343809d09fbec33966c1fd9794015
u02-s003-v004,question,sourceScope,19,19,a4b669ddb8ef1883391c07a7b633f12eeaeecee7ec37c09eea4931aff6644346
u02-s003-v004,question,text,19,46,d04ef675dccf5f211ad929ba5163016ca666d9b80e28100e4e0caea85b062692
u02-s003-v004,question,choices[0],2,2,76a50887d8f1c2e9301755428990ad81479ee21c25b43215cf524541e0503269
u02-s003-v004,question,choices[1],2,2,98010bd9270f9b100b6214a21754fd33bdc8d41b2bc9f9dd16ff54d3c34ffd71
u02-s003-v004,question,choices[2],2,2,2fca346db656187102ce806ac732e06a62df0dbb2829e511a770556d398e1a6e
u02-s003-v004,question,choices[3],2,2,8722616204217eddb39e7df969e0698aed8e599ba62ed2de1ce49b03ade0fede
u02-s003-v004,question,explanation,35,76,5a29cf4e83214107b2dced2ef6f1af78b546740bc1f8785092427e5e1cbc15bd
u02-s003-v004,question,steps[0],9,13,3ee84bf5cb03843ea2e9e58c350c85d3b9c550e744d1ac4ba1d6f5fa4ce0f648
u02-s003-v004,question,steps[1],6,7,665b6e0530a8c6f1199bfc6c0c1c88f6e8a36b339010ebe36ad86724ed5bd2ab
u02-s003-v004,question,optionAnalysis[0].choice,2,2,76a50887d8f1c2e9301755428990ad81479ee21c25b43215cf524541e0503269
u02-s003-v004,question,optionAnalysis[0].reason,9,14,f79dfa9bc0d834e6a349885b639a1b6fc1d06691001cbf32cf5a5bf447071cf5
u02-s003-v004,question,optionAnalysis[1].choice,2,2,98010bd9270f9b100b6214a21754fd33bdc8d41b2bc9f9dd16ff54d3c34ffd71
u02-s003-v004,question,optionAnalysis[1].reason,8,13,674377ee961ebb61f1e093ad9257cc8684fd548a0b7c415be40d2d88d18ec041
u02-s003-v004,question,optionAnalysis[2].choice,2,2,2fca346db656187102ce806ac732e06a62df0dbb2829e511a770556d398e1a6e
u02-s003-v004,question,optionAnalysis[2].reason,8,12,976b2b16d9ef942c3b96528159afa01761c38abc79ddf0f007e84c85d9b1bacc
u02-s003-v004,question,optionAnalysis[3].choice,2,2,8722616204217eddb39e7df969e0698aed8e599ba62ed2de1ce49b03ade0fede
u02-s003-v004,question,optionAnalysis[3].reason,9,14,74e354483e5b8930e30d780faeb7e7b8db39f121a60e18713746c9b4dc4a47e9
u02-s003-v004,question,commonMistake,12,36,26dbb195b182c8f54034ebd8c38a3e25288866904fe1df6be57e048e6f6f2088
u02-s003-v004,question,concept,20,60,cca351dcf914fb3f5eeb3f13b80fbb249ce1e1989a6f2f95e533e1c2afc47cab
u02-s003-v004,question,tags[0],3,9,fd41540cbdbecb9b5fa7116d27c68e378548ab62ab7c7ca4494730a81ea87667
u02-s003-v004,question,tags[1],5,15,4819720c265c8bbfe7be5ebddbb1bf94bca6203cef8688fe18099b643411b19f
u02-s003-v004,question,tags[2],8,8,fe6d3468cf5c74d8ec2a95b40f2e05338c37a4202f8fad692d2b64a9cf9b468a
u02-s003-v004,question,estimatedTimeSec,2,2,39fa9ec190eee7b6f4dff1100d6343e10918d044c75eac8f9e9a2596173f80c9
u02-s003-v004,question,prerequisiteSkillIds[0],24,24,ae819c1ad6847a500ae0c6f6cb9dc4153835dced5391ed6eeb9fa8589795e65b
u02-s003-v004,question,authoringIntent,9,27,13cfd910867d4f904f3eb883498902641988f89348c7f744d9d852a7ca6cf1c3
u02-s003-v004,question,reviewStatus,22,22,ec809598e2f7fcc69fad54c9cd045bba62b4a0dc7c0ff90d4efdc3788c9ad8fb
u02-s003-v004,question,contentSha256,64,64,a218a80c292bc6073b09a757fb2884cfa4794391a8c5d731ae18ec660b830ca3
u02-s003-v004,question,contentAuthority,25,25,ed40f75ffe3d6ad4e71f6e7919d063410490de360edb425965eccd605ca9d79e
u02-s003-v005,question,questionId,13,13,a0f7031694708660b8aef3a7dd9f3932d522d7d6cfa0d956e850ed5a74cc4811
u02-s003-v005,question,unitId,3,3,95b6504a8bd60df3a9a19ef2c504ac03429b325e9b81f0d701d07bdf6def6afb
u02-s003-v005,question,topicId,11,11,6f58a76cc1c202fbf60a6add57c6c99044e1e3af47cd9e0d4b5f88b1665e3020
u02-s003-v005,question,skillId,28,28,83da61eccd2d510c2a970d81cd2a1e43d96360eab5d18f327b38dac7ad6f3c99
u02-s003-v005,question,difficulty,8,8,fe6d3468cf5c74d8ec2a95b40f2e05338c37a4202f8fad692d2b64a9cf9b468a
u02-s003-v005,question,type,2,2,6bc0f9c4ecb0acbebf1b9f6c816bdd66f4885f67c917d9e141cf893014fba936
u02-s003-v005,question,visualMode,9,9,9c7d54b0bf7a9369d8594201c7b11955514343809d09fbec33966c1fd9794015
u02-s003-v005,question,sourceScope,19,19,a4b669ddb8ef1883391c07a7b633f12eeaeecee7ec37c09eea4931aff6644346
u02-s003-v005,question,text,23,43,e7fd86ebd4dd639744299a9b9ca4fe7f347afe66e387927811585a3a77dc8003
u02-s003-v005,question,choices[0],1,1,ef2d127de37b942baad06145e54b0c619a1f22327b2ebbcfbec78f5564afe39d
u02-s003-v005,question,choices[1],1,1,4b227777d4dd1fc61c6f884f48641d02b4d121d3fd328cb08b5531fcacdabf8a
u02-s003-v005,question,choices[2],1,1,e7f6c011776e8db7cd330b54174fd76f7d0216b612387a5ffcfb81e6f0919683
u02-s003-v005,question,choices[3],1,1,7902699be42c8a8e46fbbb4501726517e86b22c56a189f7625a6da49081b2451
u02-s003-v005,question,explanation,59,105,cf19e9a85f9137e2ec8b7d127637c1fdf732c9c1f0218f2aefd40b3b789c25f3
u02-s003-v005,question,steps[0],31,41,f548d07e8f80df0e70fcf6e802d5e0d5dea8008fa159810c980dc9174194864a
u02-s003-v005,question,steps[1],9,9,5a91121dfae8775b3bcf01bff66009532434c88e5b8c6ecf7d37aded898dc05a
u02-s003-v005,question,optionAnalysis[0].choice,1,1,ef2d127de37b942baad06145e54b0c619a1f22327b2ebbcfbec78f5564afe39d
u02-s003-v005,question,optionAnalysis[0].reason,14,28,71c55ed2b6719a5d7a00a0832f51e2bfd9bbb9d7998801c7af77850bfb49f635
u02-s003-v005,question,optionAnalysis[1].choice,1,1,4b227777d4dd1fc61c6f884f48641d02b4d121d3fd328cb08b5531fcacdabf8a
u02-s003-v005,question,optionAnalysis[1].reason,16,38,826ecdbfd972b41d4cba9213492f253055178bc27b3c6e87a83590e1387aaa7e
u02-s003-v005,question,optionAnalysis[2].choice,1,1,e7f6c011776e8db7cd330b54174fd76f7d0216b612387a5ffcfb81e6f0919683
u02-s003-v005,question,optionAnalysis[2].reason,9,27,3389d6c907f20df3746451a4618794e0c8af484e3b31fdc455a0bf239ba0c083
u02-s003-v005,question,optionAnalysis[3].choice,1,1,7902699be42c8a8e46fbbb4501726517e86b22c56a189f7625a6da49081b2451
u02-s003-v005,question,optionAnalysis[3].reason,10,28,3dda70ddcaacfea000a5b77d1bc7fe3ec36a6a49536025114e435774478cc475
u02-s003-v005,question,commonMistake,13,39,d7703b4b693f231b254ef854f654b50c89aa5b51b8f3527455d6dfa06b68ebb9
u02-s003-v005,question,concept,16,48,ea5a75c60b0b9f602dae9cf40d89b18e433ce3bacc46b1f7c135a0d17d58c346
u02-s003-v005,question,tags[0],3,9,fd41540cbdbecb9b5fa7116d27c68e378548ab62ab7c7ca4494730a81ea87667
u02-s003-v005,question,tags[1],5,15,4819720c265c8bbfe7be5ebddbb1bf94bca6203cef8688fe18099b643411b19f
u02-s003-v005,question,tags[2],8,8,fe6d3468cf5c74d8ec2a95b40f2e05338c37a4202f8fad692d2b64a9cf9b468a
u02-s003-v005,question,estimatedTimeSec,2,2,39fa9ec190eee7b6f4dff1100d6343e10918d044c75eac8f9e9a2596173f80c9
u02-s003-v005,question,prerequisiteSkillIds[0],24,24,ae819c1ad6847a500ae0c6f6cb9dc4153835dced5391ed6eeb9fa8589795e65b
u02-s003-v005,question,authoringIntent,8,24,297ff0f0dcfcdcaccbd8468cd9e297fff74c20c3a907b00d833345fba85b8b08
u02-s003-v005,question,reviewStatus,22,22,ec809598e2f7fcc69fad54c9cd045bba62b4a0dc7c0ff90d4efdc3788c9ad8fb
u02-s003-v005,question,contentSha256,64,64,da3b9b4f1de71b9fcfb1e0fff73b0834f831b870d4d489ea4bb6f08ff72e9c49
u02-s003-v005,question,contentAuthority,25,25,ed40f75ffe3d6ad4e71f6e7919d063410490de360edb425965eccd605ca9d79e
u02-s003-v006,question,questionId,13,13,39d8e648831c20cb99923414cdfc305152d26f12be64442813a787513ebda4c4
u02-s003-v006,question,unitId,3,3,95b6504a8bd60df3a9a19ef2c504ac03429b325e9b81f0d701d07bdf6def6afb
u02-s003-v006,question,topicId,11,11,6f58a76cc1c202fbf60a6add57c6c99044e1e3af47cd9e0d4b5f88b1665e3020
u02-s003-v006,question,skillId,28,28,83da61eccd2d510c2a970d81cd2a1e43d96360eab5d18f327b38dac7ad6f3c99
u02-s003-v006,question,difficulty,8,8,fe6d3468cf5c74d8ec2a95b40f2e05338c37a4202f8fad692d2b64a9cf9b468a
u02-s003-v006,question,type,2,2,6bc0f9c4ecb0acbebf1b9f6c816bdd66f4885f67c917d9e141cf893014fba936
u02-s003-v006,question,visualMode,3,3,acdb1373d1761939cb5daa3332223298529581464a90afae39927e7aef8edd46
u02-s003-v006,question,figureId,17,17,2654f461608bad015b45e029fc525a694d40c6b5fa4069be9d2600621c92e8cd
u02-s003-v006,question,sourceScope,19,19,a4b669ddb8ef1883391c07a7b633f12eeaeecee7ec37c09eea4931aff6644346
u02-s003-v006,question,text,76,150,bb1112cacfec2a10ed4d60d7c31c764129590aef10303d0b04c57c193d6771df
u02-s003-v006,question,choices[0],6,9,d0ab0f70cb228d9b5b170c9979eda603df679592ca015a27e944229d8da8e74a
u02-s003-v006,question,choices[1],7,11,58f90c3aa9116daccfc9c5e019d138797f513321f98a76f1bacadc894c96e3de
u02-s003-v006,question,choices[2],7,11,c196819259bb9da7e9985f97683e09b2b56ebba3da4712186c6014ce669e4a7e
u02-s003-v006,question,choices[3],7,11,d14651b243d937008faefbaf83df36d5d767dcadd4d789ec811e460d99bae2bc
u02-s003-v006,question,explanation,52,122,3e1d8e8dbe0906d24e5beac6027e4f64466bc85477710d5aba98fcc5c5ed392f
u02-s003-v006,question,steps[0],16,36,20a2e73cf656844045319592665891ec21bdf7de4ef0e411d2a06392d8d8a681
u02-s003-v006,question,steps[1],11,21,2cadef8a269bb67c9c8d1dc7df37612ba12b0a900db0d9be56b2401e1074e20e
u02-s003-v006,question,optionAnalysis[0].choice,6,9,d0ab0f70cb228d9b5b170c9979eda603df679592ca015a27e944229d8da8e74a
u02-s003-v006,question,optionAnalysis[0].reason,7,17,b9d9d460e51f10cf1c68c2527fb88bec62fd24085d5b71eb95d15787747fdaea
u02-s003-v006,question,optionAnalysis[1].choice,7,11,58f90c3aa9116daccfc9c5e019d138797f513321f98a76f1bacadc894c96e3de
u02-s003-v006,question,optionAnalysis[1].reason,15,39,fabedc719889bb4700423bc2d6351c02194306eb59ad3f677389bc64e8bbcc82
u02-s003-v006,question,optionAnalysis[2].choice,7,11,c196819259bb9da7e9985f97683e09b2b56ebba3da4712186c6014ce669e4a7e
u02-s003-v006,question,optionAnalysis[2].reason,9,23,aa6622b17994c3d269a809f06dbd40ed8ca73ab1d9d9f01ab186260bd1356d2e
u02-s003-v006,question,optionAnalysis[3].choice,7,11,d14651b243d937008faefbaf83df36d5d767dcadd4d789ec811e460d99bae2bc
u02-s003-v006,question,optionAnalysis[3].reason,6,16,d13b92471a4fdd6258d7731abef32befff30f71e52e3fbf214a498c322e57740
u02-s003-v006,question,commonMistake,18,54,f8db4394d296374cda73a698b94dcabbd1aa5d81abea7c1dc4a20bae45e4f45f
u02-s003-v006,question,concept,16,48,708343f3e5a21b385644533e3b9c74c5b8a40492226da77c9f3f1dea47cf1703
u02-s003-v006,question,tags[0],3,9,fd41540cbdbecb9b5fa7116d27c68e378548ab62ab7c7ca4494730a81ea87667
u02-s003-v006,question,tags[1],5,15,4819720c265c8bbfe7be5ebddbb1bf94bca6203cef8688fe18099b643411b19f
u02-s003-v006,question,tags[2],8,8,fe6d3468cf5c74d8ec2a95b40f2e05338c37a4202f8fad692d2b64a9cf9b468a
u02-s003-v006,question,estimatedTimeSec,2,2,39fa9ec190eee7b6f4dff1100d6343e10918d044c75eac8f9e9a2596173f80c9
u02-s003-v006,question,prerequisiteSkillIds[0],24,24,ae819c1ad6847a500ae0c6f6cb9dc4153835dced5391ed6eeb9fa8589795e65b
u02-s003-v006,question,authoringIntent,6,18,69ba068961b4866cc1f7773a45a00912e012ca9e7043b26725e22337b2cd991b
u02-s003-v006,question,reviewStatus,22,22,ec809598e2f7fcc69fad54c9cd045bba62b4a0dc7c0ff90d4efdc3788c9ad8fb
u02-s003-v006,question,contentSha256,64,64,2ed689df8aac7d84cb4827c4f8b659f01be003a151c69a3d3bf9815f15e8d2fc
u02-s003-v006,question,contentAuthority,25,25,ed40f75ffe3d6ad4e71f6e7919d063410490de360edb425965eccd605ca9d79e
u02-s003-v007,question,questionId,13,13,229681e107b22986f7bf356ce87cdd125441bb17c67563ad5f55dfb645164404
u02-s003-v007,question,unitId,3,3,95b6504a8bd60df3a9a19ef2c504ac03429b325e9b81f0d701d07bdf6def6afb
u02-s003-v007,question,topicId,11,11,6f58a76cc1c202fbf60a6add57c6c99044e1e3af47cd9e0d4b5f88b1665e3020
u02-s003-v007,question,skillId,28,28,83da61eccd2d510c2a970d81cd2a1e43d96360eab5d18f327b38dac7ad6f3c99
u02-s003-v007,question,difficulty,8,8,d21f85ea38166303ce58e06134b5cc4a5c900c409ab2a500ff7c9225109a09bb
u02-s003-v007,question,type,2,2,6bc0f9c4ecb0acbebf1b9f6c816bdd66f4885f67c917d9e141cf893014fba936
u02-s003-v007,question,visualMode,9,9,9c7d54b0bf7a9369d8594201c7b11955514343809d09fbec33966c1fd9794015
u02-s003-v007,question,sourceScope,19,19,a4b669ddb8ef1883391c07a7b633f12eeaeecee7ec37c09eea4931aff6644346
u02-s003-v007,question,text,28,69,36c4b52e4c3cdafbd67f0db2781a570b317b075b34786104c675d546fa8f0c8f
u02-s003-v007,question,choices[0],1,1,e7f6c011776e8db7cd330b54174fd76f7d0216b612387a5ffcfb81e6f0919683
u02-s003-v007,question,choices[1],1,1,4e07408562bedb8b60ce05c1decfe3ad16b72230967de01f640b7e4729b49fce
u02-s003-v007,question,choices[2],1,1,d4735e3a265e16eee03f59718b9b5d03019c07d8b6c51f90da3a666eec13ab35
u02-s003-v007,question,choices[3],1,1,2c624232cdd221771294dfbb310aca000a0df6ac8b66b696d90ef06fdefb64a3
u02-s003-v007,question,explanation,44,109,bf6b02ef1e32d257b85a9cbc76f1a93ab25322bc14ae8b1eba3d3a2ae3b6339d
u02-s003-v007,question,steps[0],8,11,178a87c8e7dec479d4d8b92baa2872168e632d6c624883e2c68b5850d525a033
u02-s003-v007,question,steps[1],17,43,f4c54c785273b2c8b6a9e1ce7e508858beed0190535c9dfac753eff788f9a8e0
u02-s003-v007,question,optionAnalysis[0].choice,1,1,e7f6c011776e8db7cd330b54174fd76f7d0216b612387a5ffcfb81e6f0919683
u02-s003-v007,question,optionAnalysis[0].reason,14,36,1d17fa9fb91f34d0f9604fbe9d5e109c68e4910f44e5dc904059b9bce5f270f7
u02-s003-v007,question,optionAnalysis[1].choice,1,1,4e07408562bedb8b60ce05c1decfe3ad16b72230967de01f640b7e4729b49fce
u02-s003-v007,question,optionAnalysis[1].reason,10,24,00a3652d135052be9ee72d3cc6efdddf78756eeb21fc7cc841e88baf3aa17e87
u02-s003-v007,question,optionAnalysis[2].choice,1,1,d4735e3a265e16eee03f59718b9b5d03019c07d8b6c51f90da3a666eec13ab35
u02-s003-v007,question,optionAnalysis[2].reason,16,40,01fa190d912633fa4d0617a1080de86fd532a2169f8f14730cf8507c4fd76cd7
u02-s003-v007,question,optionAnalysis[3].choice,1,1,2c624232cdd221771294dfbb310aca000a0df6ac8b66b696d90ef06fdefb64a3
u02-s003-v007,question,optionAnalysis[3].reason,12,34,7a9841cef0804f2b0b42327d561c35d5041fb43029d6ec8dceb751970d1f86c0
u02-s003-v007,question,commonMistake,16,48,3fd3a280d885350dcced1344bbf24241d243ef6ef5e9cb782663252c97d36c64
u02-s003-v007,question,concept,16,48,4522113d705860437a7dcd1597bab69b38573699390b3727c5f1f11248a03f2d
u02-s003-v007,question,tags[0],3,9,fd41540cbdbecb9b5fa7116d27c68e378548ab62ab7c7ca4494730a81ea87667
u02-s003-v007,question,tags[1],5,15,4819720c265c8bbfe7be5ebddbb1bf94bca6203cef8688fe18099b643411b19f
u02-s003-v007,question,tags[2],8,8,d21f85ea38166303ce58e06134b5cc4a5c900c409ab2a500ff7c9225109a09bb
u02-s003-v007,question,estimatedTimeSec,2,2,39fa9ec190eee7b6f4dff1100d6343e10918d044c75eac8f9e9a2596173f80c9
u02-s003-v007,question,prerequisiteSkillIds[0],24,24,ae819c1ad6847a500ae0c6f6cb9dc4153835dced5391ed6eeb9fa8589795e65b
u02-s003-v007,question,authoringIntent,11,33,a4946c796427bd4b296cc80d2f58cdeeb66fda4d6145d03ddaafabbea6e41d51
u02-s003-v007,question,reviewStatus,22,22,ec809598e2f7fcc69fad54c9cd045bba62b4a0dc7c0ff90d4efdc3788c9ad8fb
u02-s003-v007,question,contentSha256,64,64,2dbb30ac61c6af9bf209e9d4f004e5037544eb8826c382b69bbe3f985186e638
u02-s003-v007,question,contentAuthority,25,25,ed40f75ffe3d6ad4e71f6e7919d063410490de360edb425965eccd605ca9d79e
u02-s003-v008,question,questionId,13,13,3ac2fd3de6a7bceecddaa4c20391f1f1c471cebb0ebf6f71e8994fbca7737d6f
u02-s003-v008,question,unitId,3,3,95b6504a8bd60df3a9a19ef2c504ac03429b325e9b81f0d701d07bdf6def6afb
u02-s003-v008,question,topicId,11,11,6f58a76cc1c202fbf60a6add57c6c99044e1e3af47cd9e0d4b5f88b1665e3020
u02-s003-v008,question,skillId,28,28,83da61eccd2d510c2a970d81cd2a1e43d96360eab5d18f327b38dac7ad6f3c99
u02-s003-v008,question,difficulty,8,8,d21f85ea38166303ce58e06134b5cc4a5c900c409ab2a500ff7c9225109a09bb
u02-s003-v008,question,type,2,2,6bc0f9c4ecb0acbebf1b9f6c816bdd66f4885f67c917d9e141cf893014fba936
u02-s003-v008,question,visualMode,9,9,9c7d54b0bf7a9369d8594201c7b11955514343809d09fbec33966c1fd9794015
u02-s003-v008,question,sourceScope,19,19,a4b669ddb8ef1883391c07a7b633f12eeaeecee7ec37c09eea4931aff6644346
u02-s003-v008,question,text,24,53,db8ce5d9388cede31168636fba93a4f0822021036923688e2926892be5f2b990
u02-s003-v008,question,choices[0],1,1,d4735e3a265e16eee03f59718b9b5d03019c07d8b6c51f90da3a666eec13ab35
u02-s003-v008,question,choices[1],1,1,4e07408562bedb8b60ce05c1decfe3ad16b72230967de01f640b7e4729b49fce
u02-s003-v008,question,choices[2],1,1,4b227777d4dd1fc61c6f884f48641d02b4d121d3fd328cb08b5531fcacdabf8a
u02-s003-v008,question,choices[3],1,1,ef2d127de37b942baad06145e54b0c619a1f22327b2ebbcfbec78f5564afe39d
u02-s003-v008,question,explanation,37,97,b23063790b4e77d6e7e59dbe2560129f33a95d7639dae86bb3aba1ef2d0f2413
u02-s003-v008,question,steps[0],11,25,083064e59077b30946830a335738892f98bf56962222f31dc6553c0680c3dba6
u02-s003-v008,question,steps[1],7,17,872508bef671b26a77674ee23438f7ff3d2a5b6528e09498df8cb981b9d5f1c0
u02-s003-v008,question,optionAnalysis[0].choice,1,1,d4735e3a265e16eee03f59718b9b5d03019c07d8b6c51f90da3a666eec13ab35
u02-s003-v008,question,optionAnalysis[0].reason,12,32,dca7d08a89754eec65a382c62f370f1577e35c045fd7833326d30a3a65e7de39
u02-s003-v008,question,optionAnalysis[1].choice,1,1,4e07408562bedb8b60ce05c1decfe3ad16b72230967de01f640b7e4729b49fce
u02-s003-v008,question,optionAnalysis[1].reason,12,32,59e338aef6b45e2d87e38d674afbb315978626f1a137d614197b28c7aa109b63
u02-s003-v008,question,optionAnalysis[2].choice,1,1,4b227777d4dd1fc61c6f884f48641d02b4d121d3fd328cb08b5531fcacdabf8a
u02-s003-v008,question,optionAnalysis[2].reason,12,32,1a0a06beff06896593c473b3ffc66a3ce6dc2b0a8ffc9b2123d255019648232b
u02-s003-v008,question,optionAnalysis[3].choice,1,1,ef2d127de37b942baad06145e54b0c619a1f22327b2ebbcfbec78f5564afe39d
u02-s003-v008,question,optionAnalysis[3].reason,9,23,8df62f3ff17f07b972682f39ebf5d21f867640e457b2d33e22bde135450bc31c
u02-s003-v008,question,commonMistake,17,51,420470a9dc4e5eee8ae7d6cd87ad2e6256a0a1976b9be54bbc70f8508f885bfa
u02-s003-v008,question,concept,19,57,3197f2dad73cf9987acb23ff75378af6e3484235956a1ebaec83ce6323922ca1
u02-s003-v008,question,tags[0],3,9,fd41540cbdbecb9b5fa7116d27c68e378548ab62ab7c7ca4494730a81ea87667
u02-s003-v008,question,tags[1],5,15,4819720c265c8bbfe7be5ebddbb1bf94bca6203cef8688fe18099b643411b19f
u02-s003-v008,question,tags[2],8,8,d21f85ea38166303ce58e06134b5cc4a5c900c409ab2a500ff7c9225109a09bb
u02-s003-v008,question,estimatedTimeSec,2,2,39fa9ec190eee7b6f4dff1100d6343e10918d044c75eac8f9e9a2596173f80c9
u02-s003-v008,question,prerequisiteSkillIds[0],24,24,ae819c1ad6847a500ae0c6f6cb9dc4153835dced5391ed6eeb9fa8589795e65b
u02-s003-v008,question,authoringIntent,11,33,4700cbab993ff44e5ffd7bbd34354fe2111e4caf29747f643116bc3c4dadf708
u02-s003-v008,question,reviewStatus,22,22,ec809598e2f7fcc69fad54c9cd045bba62b4a0dc7c0ff90d4efdc3788c9ad8fb
u02-s003-v008,question,contentSha256,64,64,f6d03f430b87328f9870cedf95f370f876a3bdd645c0af0e49bdafbf5aaa8bee
u02-s003-v008,question,contentAuthority,25,25,ed40f75ffe3d6ad4e71f6e7919d063410490de360edb425965eccd605ca9d79e
u02-s003-v009,question,questionId,13,13,8ee1ce4fcea73bbbfcd37da2d319b984eeea9c5c37a3aa1096ddd1e6dc243051
u02-s003-v009,question,unitId,3,3,95b6504a8bd60df3a9a19ef2c504ac03429b325e9b81f0d701d07bdf6def6afb
u02-s003-v009,question,topicId,11,11,6f58a76cc1c202fbf60a6add57c6c99044e1e3af47cd9e0d4b5f88b1665e3020
u02-s003-v009,question,skillId,28,28,83da61eccd2d510c2a970d81cd2a1e43d96360eab5d18f327b38dac7ad6f3c99
u02-s003-v009,question,difficulty,8,8,d21f85ea38166303ce58e06134b5cc4a5c900c409ab2a500ff7c9225109a09bb
u02-s003-v009,question,type,2,2,6bc0f9c4ecb0acbebf1b9f6c816bdd66f4885f67c917d9e141cf893014fba936
u02-s003-v009,question,visualMode,9,9,9c7d54b0bf7a9369d8594201c7b11955514343809d09fbec33966c1fd9794015
u02-s003-v009,question,sourceScope,19,19,a4b669ddb8ef1883391c07a7b633f12eeaeecee7ec37c09eea4931aff6644346
u02-s003-v009,question,text,34,67,817c571af3ee89f552132542fadd724909542f99941e833f27ba4649b3a137fc
u02-s003-v009,question,choices[0],9,14,59ecd4dea8ded37444d8cd2359eefe5663ed29af1f0c7c2bc9bdab80fe911ca8
u02-s003-v009,question,choices[1],9,14,65ee51cf577e2f7c19e36762831eb39f26a156e394f5db1c4d195f394ee8931e
u02-s003-v009,question,choices[2],9,14,4320e37de22a852e959d4f7f9de9479b76efdb157d46c0f503842a34c1bd7a81
u02-s003-v009,question,choices[3],9,14,ee76752df454cc519748b0350613886f815acfc381153de2b0f8c422e06befc8
u02-s003-v009,question,explanation,50,117,743b4784d760052913151e9d29e9e542fabe9bce63012d2d96976582ebdfa1cd
u02-s003-v009,question,steps[0],10,30,9abc5d0386a321ead4b004e77a4ff5e693fd01a121dc892f0c79c3d610b0bbf8
u02-s003-v009,question,steps[1],13,19,6c405cd5431d2cb2abd586138ad54aafa6b802584d6acf28b1d04c7a2eeaa22e
u02-s003-v009,question,optionAnalysis[0].choice,9,14,59ecd4dea8ded37444d8cd2359eefe5663ed29af1f0c7c2bc9bdab80fe911ca8
u02-s003-v009,question,optionAnalysis[0].reason,22,40,c470d17da51e7906bc8cfee313e3b155ec21c5da9fb54059e43f6e69ae062e0e
u02-s003-v009,question,optionAnalysis[1].choice,9,14,65ee51cf577e2f7c19e36762831eb39f26a156e394f5db1c4d195f394ee8931e
u02-s003-v009,question,optionAnalysis[1].reason,8,24,c07b76ef7a6319466c9e3f271e77c0bb3c2f8a7768b7b9006eab7d190ebfe1f7
u02-s003-v009,question,optionAnalysis[2].choice,9,14,4320e37de22a852e959d4f7f9de9479b76efdb157d46c0f503842a34c1bd7a81
u02-s003-v009,question,optionAnalysis[2].reason,8,18,c69b5057cdb67b053dab45b2bf283b2ad294bf56526cac66a893599821462fba
u02-s003-v009,question,optionAnalysis[3].choice,9,14,ee76752df454cc519748b0350613886f815acfc381153de2b0f8c422e06befc8
u02-s003-v009,question,optionAnalysis[3].reason,8,18,6b986713e0756096382a06291bcd9514e5dddb6262d1d9ace282f3bf0d533af6
u02-s003-v009,question,commonMistake,14,42,39bbe784b2deae66733345a7126d43365fca45c8381e44fbb9aa613d751c9851
u02-s003-v009,question,concept,13,39,0170d776d3f3acc39d1932da9021a38787765e3d6fcbf7655439203fe3a00204
u02-s003-v009,question,tags[0],3,9,fd41540cbdbecb9b5fa7116d27c68e378548ab62ab7c7ca4494730a81ea87667
u02-s003-v009,question,tags[1],5,15,4819720c265c8bbfe7be5ebddbb1bf94bca6203cef8688fe18099b643411b19f
u02-s003-v009,question,tags[2],8,8,d21f85ea38166303ce58e06134b5cc4a5c900c409ab2a500ff7c9225109a09bb
u02-s003-v009,question,estimatedTimeSec,2,2,39fa9ec190eee7b6f4dff1100d6343e10918d044c75eac8f9e9a2596173f80c9
u02-s003-v009,question,prerequisiteSkillIds[0],24,24,ae819c1ad6847a500ae0c6f6cb9dc4153835dced5391ed6eeb9fa8589795e65b
u02-s003-v009,question,authoringIntent,8,24,d5526e752377b8ae06c46b5a8f1aa1a52bc6d95840f64b88e9942fcd23daefca
u02-s003-v009,question,reviewStatus,22,22,ec809598e2f7fcc69fad54c9cd045bba62b4a0dc7c0ff90d4efdc3788c9ad8fb
u02-s003-v009,question,contentSha256,64,64,c0af62d8efbc4930cb293c65a2d203c521820ae7aa259a0c710db84ad45f9a86
u02-s003-v009,question,contentAuthority,25,25,ed40f75ffe3d6ad4e71f6e7919d063410490de360edb425965eccd605ca9d79e
u02-s003-v010,question,questionId,13,13,fef66ee89c7f995d7755658d97c4bd93958305a4ca0ee36a6693fdf4d77a314b
u02-s003-v010,question,unitId,3,3,95b6504a8bd60df3a9a19ef2c504ac03429b325e9b81f0d701d07bdf6def6afb
u02-s003-v010,question,topicId,11,11,6f58a76cc1c202fbf60a6add57c6c99044e1e3af47cd9e0d4b5f88b1665e3020
u02-s003-v010,question,skillId,28,28,83da61eccd2d510c2a970d81cd2a1e43d96360eab5d18f327b38dac7ad6f3c99
u02-s003-v010,question,difficulty,8,8,578756ca4aa16d8872610a5aaa78460fd30fbe93379ff7284fe65d66ca606755
u02-s003-v010,question,type,2,2,6bc0f9c4ecb0acbebf1b9f6c816bdd66f4885f67c917d9e141cf893014fba936
u02-s003-v010,question,visualMode,9,9,9c7d54b0bf7a9369d8594201c7b11955514343809d09fbec33966c1fd9794015
u02-s003-v010,question,sourceScope,19,19,a4b669ddb8ef1883391c07a7b633f12eeaeecee7ec37c09eea4931aff6644346
u02-s003-v010,question,text,36,96,9177a6e93f811b0a108252a2624acf74d35da7c6ba11b6b6eff08b5fe0e639ec
u02-s003-v010,question,choices[0],5,7,d1231363265f112157cf313adb981f3f83e91a2a881aa592b7d30cbc1b25abf3
u02-s003-v010,question,choices[1],5,7,6081cf90e0022724bae6118f0776a3280b0e1577f12d81698a904550a8579e52
u02-s003-v010,question,choices[2],5,7,48eb7de3a30ec0eb4821068730fae9652709559e7c2e1dd43f77cdddaea56f5b
u02-s003-v010,question,choices[3],4,6,d7688a456054b478727c8849bf95bc7e2be91f5806cd8eff5261b86ee7675b2c
u02-s003-v010,question,explanation,44,89,0dd252499691dffcbf7f1b803e1b0e7b19070673b2f1c7bead147e409f5a3c3a
u02-s003-v010,question,steps[0],13,19,44f1ebe335d59d616d3ff6f9a41baf98233582de508b30a4b1fdcb18ff135ae4
u02-s003-v010,question,steps[1],8,9,e2e916b557c8bc69d03c76daa2a7d990f2453127f3fbcd989503bfb448d0b00b
u02-s003-v010,question,optionAnalysis[0].choice,5,7,d1231363265f112157cf313adb981f3f83e91a2a881aa592b7d30cbc1b25abf3
u02-s003-v010,question,optionAnalysis[0].reason,12,28,afc7e89d320ef9cb259039bca0f3fac1c01ecb3ef8a3bd399bc09aaa9dd472df
u02-s003-v010,question,optionAnalysis[1].choice,5,7,6081cf90e0022724bae6118f0776a3280b0e1577f12d81698a904550a8579e52
u02-s003-v010,question,optionAnalysis[1].reason,9,21,b98c0b9870abcf4882b1412c56745925be9a8a7e0859c4b647598c6aff81fef8
u02-s003-v010,question,optionAnalysis[2].choice,5,7,48eb7de3a30ec0eb4821068730fae9652709559e7c2e1dd43f77cdddaea56f5b
u02-s003-v010,question,optionAnalysis[2].reason,12,28,ccf9cb6904640923f7f686325518ad18d9352290b3d06b8198dd981c1fd0b26d
u02-s003-v010,question,optionAnalysis[3].choice,4,6,d7688a456054b478727c8849bf95bc7e2be91f5806cd8eff5261b86ee7675b2c
u02-s003-v010,question,optionAnalysis[3].reason,5,15,d73be9392cf27f09317b2412f17efcd84ad3fd5cf7f358114f559efecd501934
u02-s003-v010,question,commonMistake,19,49,01d2c173aab0022ae66cb1831c01cb2c3d7dc4aca9171bd22c88f9f03837fb54
u02-s003-v010,question,concept,9,27,27ab1cfef2f93e7de9a3f971729774e42b7a7d579fd94c381485ddb67c6622dd
u02-s003-v010,question,tags[0],3,9,fd41540cbdbecb9b5fa7116d27c68e378548ab62ab7c7ca4494730a81ea87667
u02-s003-v010,question,tags[1],5,15,4819720c265c8bbfe7be5ebddbb1bf94bca6203cef8688fe18099b643411b19f
u02-s003-v010,question,tags[2],8,8,578756ca4aa16d8872610a5aaa78460fd30fbe93379ff7284fe65d66ca606755
u02-s003-v010,question,estimatedTimeSec,2,2,39fa9ec190eee7b6f4dff1100d6343e10918d044c75eac8f9e9a2596173f80c9
u02-s003-v010,question,prerequisiteSkillIds[0],24,24,ae819c1ad6847a500ae0c6f6cb9dc4153835dced5391ed6eeb9fa8589795e65b
u02-s003-v010,question,authoringIntent,11,33,5dc24dd6012600d7e9ec8b46107fafa27d2478b3a029f6b3e96f696753b4bc1d
u02-s003-v010,question,literacyContextNecessity,36,108,be41d1298b307884e529707302af26fc30ac1424fc0a14bf41e402b57eb1426c
u02-s003-v010,question,reviewStatus,22,22,ec809598e2f7fcc69fad54c9cd045bba62b4a0dc7c0ff90d4efdc3788c9ad8fb
u02-s003-v010,question,contentSha256,64,64,72e1118077e2dbae608210ff6c5e6694070ff6544791998a302fc6a5f8f24d91
u02-s003-v010,question,contentAuthority,25,25,ed40f75ffe3d6ad4e71f6e7919d063410490de360edb425965eccd605ca9d79e
u02-s003-v011,question,questionId,13,13,a567b2392324f529021a6b276d07298f0ad86fb359eb0375af53133036324fd5
u02-s003-v011,question,unitId,3,3,95b6504a8bd60df3a9a19ef2c504ac03429b325e9b81f0d701d07bdf6def6afb
u02-s003-v011,question,topicId,11,11,6f58a76cc1c202fbf60a6add57c6c99044e1e3af47cd9e0d4b5f88b1665e3020
u02-s003-v011,question,skillId,28,28,83da61eccd2d510c2a970d81cd2a1e43d96360eab5d18f327b38dac7ad6f3c99
u02-s003-v011,question,difficulty,8,8,578756ca4aa16d8872610a5aaa78460fd30fbe93379ff7284fe65d66ca606755
u02-s003-v011,question,type,2,2,6bc0f9c4ecb0acbebf1b9f6c816bdd66f4885f67c917d9e141cf893014fba936
u02-s003-v011,question,visualMode,9,9,9c7d54b0bf7a9369d8594201c7b11955514343809d09fbec33966c1fd9794015
u02-s003-v011,question,sourceScope,19,19,a4b669ddb8ef1883391c07a7b633f12eeaeecee7ec37c09eea4931aff6644346
u02-s003-v011,question,text,35,95,09f66934c829f4e5e1695c58f112b57f63ef4eac0163e25bcecb368527aa8f10
u02-s003-v011,question,choices[0],5,9,50ec88d59d9cd851afdf2faac8da37f6f76dd935ece67a54bc1acce42e50bf19
u02-s003-v011,question,choices[1],5,9,ce825181789a78095cccd5ab60ef00be94a95c11ead2ce065647d96064cef808
u02-s003-v011,question,choices[2],5,9,a6a75767a00541fff9b6ad28a144ca4c608bc4a4f2b8ed4248d44f9f1e3f6913
u02-s003-v011,question,choices[3],5,9,db812d8241091a09d68d7e1c6d2c3378f6b9938be44edebb1b1b6bc18ff36be2
u02-s003-v011,question,explanation,43,96,7aac28c1b991cad4832810cbc33c2a4b26cc704149bafe0f1bdac2f635a73f88
u02-s003-v011,question,steps[0],10,17,297cc6c340d748f71e3d5d0816d39c66f643741c5541547398249e5649108e60
u02-s003-v011,question,steps[1],10,16,4134d356501233bcb9b3a59db883f7f694924dd659e8b31a8e1e26174d204e15
u02-s003-v011,question,optionAnalysis[0].choice,5,9,50ec88d59d9cd851afdf2faac8da37f6f76dd935ece67a54bc1acce42e50bf19
u02-s003-v011,question,optionAnalysis[0].reason,11,20,41a1de9c3c926c9010e6578c8a7ba4df6dc3312eca0cccf1afcbea299f7d7485
u02-s003-v011,question,optionAnalysis[1].choice,5,9,ce825181789a78095cccd5ab60ef00be94a95c11ead2ce065647d96064cef808
u02-s003-v011,question,optionAnalysis[1].reason,11,20,3566fe60016e0145f243fb9d9b132b318a05ef5346d875c7ae3d65591d9080fe
u02-s003-v011,question,optionAnalysis[2].choice,5,9,a6a75767a00541fff9b6ad28a144ca4c608bc4a4f2b8ed4248d44f9f1e3f6913
u02-s003-v011,question,optionAnalysis[2].reason,14,21,e5e9f92ca0168baa7a985e85f8182168a4334ab3a22e7a0cb8242988a6da09ce
u02-s003-v011,question,optionAnalysis[3].choice,5,9,db812d8241091a09d68d7e1c6d2c3378f6b9938be44edebb1b1b6bc18ff36be2
u02-s003-v011,question,optionAnalysis[3].reason,7,14,75df465088c5170c8f1c64c7e248a027ea6dda49a55db7a6409b174aab47021c
u02-s003-v011,question,commonMistake,21,61,74684c11d357706d043aa4d51b77123be7e8777e06d65f85d73cc8cf96803d26
u02-s003-v011,question,concept,19,55,7921199de29211337be10a468898f90064c86184f592c4f100de196894150631
u02-s003-v011,question,tags[0],3,9,fd41540cbdbecb9b5fa7116d27c68e378548ab62ab7c7ca4494730a81ea87667
u02-s003-v011,question,tags[1],5,15,4819720c265c8bbfe7be5ebddbb1bf94bca6203cef8688fe18099b643411b19f
u02-s003-v011,question,tags[2],8,8,578756ca4aa16d8872610a5aaa78460fd30fbe93379ff7284fe65d66ca606755
u02-s003-v011,question,estimatedTimeSec,2,2,39fa9ec190eee7b6f4dff1100d6343e10918d044c75eac8f9e9a2596173f80c9
u02-s003-v011,question,prerequisiteSkillIds[0],24,24,ae819c1ad6847a500ae0c6f6cb9dc4153835dced5391ed6eeb9fa8589795e65b
u02-s003-v011,question,authoringIntent,12,36,b38f9f8aaa3a4508523fa0ae5773b1cf9e540268cce11c7479376c66e7b791ec
u02-s003-v011,question,literacyContextNecessity,33,99,819fa6c4d05ea5fb2ffdf2e6f840a0a3a9b71a47646d3fca559ec2365998f767
u02-s003-v011,question,reviewStatus,22,22,ec809598e2f7fcc69fad54c9cd045bba62b4a0dc7c0ff90d4efdc3788c9ad8fb
u02-s003-v011,question,contentSha256,64,64,c54cc2a0401b42f8c3ece3b78aeff931609b46117d85377f87a3d3d15c2a91e3
u02-s003-v011,question,contentAuthority,25,25,ed40f75ffe3d6ad4e71f6e7919d063410490de360edb425965eccd605ca9d79e
u02-s003-v012,question,questionId,13,13,8a2c772da4785b9e22eb2438a3cf26b62ddcad0622112684071b59055e9cd057
u02-s003-v012,question,unitId,3,3,95b6504a8bd60df3a9a19ef2c504ac03429b325e9b81f0d701d07bdf6def6afb
u02-s003-v012,question,topicId,11,11,6f58a76cc1c202fbf60a6add57c6c99044e1e3af47cd9e0d4b5f88b1665e3020
u02-s003-v012,question,skillId,28,28,83da61eccd2d510c2a970d81cd2a1e43d96360eab5d18f327b38dac7ad6f3c99
u02-s003-v012,question,difficulty,8,8,578756ca4aa16d8872610a5aaa78460fd30fbe93379ff7284fe65d66ca606755
u02-s003-v012,question,type,2,2,6bc0f9c4ecb0acbebf1b9f6c816bdd66f4885f67c917d9e141cf893014fba936
u02-s003-v012,question,visualMode,9,9,9c7d54b0bf7a9369d8594201c7b11955514343809d09fbec33966c1fd9794015
u02-s003-v012,question,sourceScope,19,19,a4b669ddb8ef1883391c07a7b633f12eeaeecee7ec37c09eea4931aff6644346
u02-s003-v012,question,text,47,120,25405a52724fa97e73161c8586cb9067ddc4b2ae0f9742e257747ecd8f3d8740
u02-s003-v012,question,choices[0],3,5,d7f1545374094e87f0528e6d09aa4a997dc39d2bdd7388fb65ce9bc6bafdc702
u02-s003-v012,question,choices[1],3,5,478f3a11214fcdc60bc033590fb97a57b205b670a5f6968c46118fcd561b2be4
u02-s003-v012,question,choices[2],4,6,7be873e5a5b45841a1c92ed5aa2ef22876fa4c4bec3dbe8b4951168532bb9139
u02-s003-v012,question,choices[3],4,6,b13f04a7984cc48843eacb82bf9ba6a4a456bfffcfec0b6eb05d7952d5026a76
u02-s003-v012,question,explanation,48,93,757dfebdc77693db43fa2e6aee79fd24513ca6e9e26c20881480f5144d05aea9
u02-s003-v012,question,steps[0],15,21,212a1f9a86c3062b44f6c59e110968d87f2ce51c803146ebcbf24e27bc6822c2
u02-s003-v012,question,steps[1],11,12,bc53ee4c40b7f3604e19b003347be912ce761ca533f6b74041a53aaee0985208
u02-s003-v012,question,optionAnalysis[0].choice,3,5,d7f1545374094e87f0528e6d09aa4a997dc39d2bdd7388fb65ce9bc6bafdc702
u02-s003-v012,question,optionAnalysis[0].reason,11,23,b666c70709a4b14c24b979e0828ce0e3e05e8f5ebb81d723add096d7bd219501
u02-s003-v012,question,optionAnalysis[1].choice,3,5,478f3a11214fcdc60bc033590fb97a57b205b670a5f6968c46118fcd561b2be4
u02-s003-v012,question,optionAnalysis[1].reason,10,22,59ac56dcbef7722af7f4974baecdfc61cb5208098c678c9e5776f71f1067757a
u02-s003-v012,question,optionAnalysis[2].choice,4,6,7be873e5a5b45841a1c92ed5aa2ef22876fa4c4bec3dbe8b4951168532bb9139
u02-s003-v012,question,optionAnalysis[2].reason,12,24,f162deb8c482893da6d627447f079d8625dd149625444920fe0e70a7901505da
u02-s003-v012,question,optionAnalysis[3].choice,4,6,b13f04a7984cc48843eacb82bf9ba6a4a456bfffcfec0b6eb05d7952d5026a76
u02-s003-v012,question,optionAnalysis[3].reason,12,15,f3ed2db36f50743019c48508f987fd8d3b31f07b7f7bf694e3c17c2812711faf
u02-s003-v012,question,commonMistake,13,39,0b2cb3e4f6bfe055b8ffad17ebd59b7ea0d4dfd7e48c0939e829b0a92bf4a577
u02-s003-v012,question,concept,15,45,590a9e95afb8eca7978948113f53b7059ce28ce038584dd105b87c09feb0e674
u02-s003-v012,question,tags[0],3,9,fd41540cbdbecb9b5fa7116d27c68e378548ab62ab7c7ca4494730a81ea87667
u02-s003-v012,question,tags[1],5,15,4819720c265c8bbfe7be5ebddbb1bf94bca6203cef8688fe18099b643411b19f
u02-s003-v012,question,tags[2],8,8,578756ca4aa16d8872610a5aaa78460fd30fbe93379ff7284fe65d66ca606755
u02-s003-v012,question,estimatedTimeSec,2,2,39fa9ec190eee7b6f4dff1100d6343e10918d044c75eac8f9e9a2596173f80c9
u02-s003-v012,question,prerequisiteSkillIds[0],24,24,ae819c1ad6847a500ae0c6f6cb9dc4153835dced5391ed6eeb9fa8589795e65b
u02-s003-v012,question,authoringIntent,11,33,314c2c52153b053e87f094ee2b758aa7d2dc608846e45ab7ee4b6707ef8c0621
u02-s003-v012,question,literacyContextNecessity,32,96,7b02a9b2309016b1032940a2b64f4beedc00f63b4672491e11c427909ad78745
u02-s003-v012,question,reviewStatus,22,22,ec809598e2f7fcc69fad54c9cd045bba62b4a0dc7c0ff90d4efdc3788c9ad8fb
u02-s003-v012,question,contentSha256,64,64,43a442279c8e19bfed404b8ac40805b6617127ae0634e6d19ffe00a08b1c7c00
u02-s003-v012,question,contentAuthority,25,25,ed40f75ffe3d6ad4e71f6e7919d063410490de360edb425965eccd605ca9d79e
u02-s003-cr001,question,questionId,14,14,e9272f363b4615d3306065c5851a7a96f6b24d813249631bc6aef07b4f018f67
u02-s003-cr001,question,unitId,3,3,95b6504a8bd60df3a9a19ef2c504ac03429b325e9b81f0d701d07bdf6def6afb
u02-s003-cr001,question,topicId,11,11,6f58a76cc1c202fbf60a6add57c6c99044e1e3af47cd9e0d4b5f88b1665e3020
u02-s003-cr001,question,skillId,28,28,83da61eccd2d510c2a970d81cd2a1e43d96360eab5d18f327b38dac7ad6f3c99
u02-s003-cr001,question,difficulty,8,8,fe6d3468cf5c74d8ec2a95b40f2e05338c37a4202f8fad692d2b64a9cf9b468a
u02-s003-cr001,question,type,20,20,e519496c259191db041ac61161dbfadb673dd94a10a123ed7423adcf7968ae7c
u02-s003-cr001,question,visualMode,9,9,9c7d54b0bf7a9369d8594201c7b11955514343809d09fbec33966c1fd9794015
u02-s003-cr001,question,prompt,27,71,db487fa6071e557015f7e55e32159a4ebf97c759e074f842011f6676b9f0606f
u02-s003-cr001,question,requiredWork[0],12,36,cabe6644c8bcc61ffa1e2f7a66845eba79cb639891d456d548fc1b052882bce7
u02-s003-cr001,question,requiredWork[1],7,21,5944b7cbfed351d01b65db03e86bbbf788c57b5adf96211f05baba0e22ecdb6c
u02-s003-cr001,question,requiredWork[2],6,12,241dbcca5b570e486799177e377c1994c85512da14a5b4e0cce99f02245f4a37
u02-s003-cr001,question,fullCreditSolution[0],33,48,57cea8c946fb2c22785855d49852231b3c73cb16830d4165171458581dfbeda5
u02-s003-cr001,question,fullCreditSolution[1],27,41,178301d8900de57c1fe73e5ceca888fdc265e4a4cbce931d366d42c1ddbea56b
u02-s003-cr001,question,fullCreditSolution[2],22,40,81cf3caec397ef40666ded5df39758fb01c83ad7bccc40c4e863d59910cd110c
u02-s003-cr001,question,alternativeSolutions[0],17,51,018deff2a4b00c21cf38d5a21dc4974b2d555ed71491b0d965c9094d913acb1c
u02-s003-cr001,question,rubric[0].criteria,16,48,a829ce71ff7fa3fbc7e96b5481e809b7e0b33e9c75849f8717c027cf036200b8
u02-s003-cr001,question,rubric[1].criteria,18,54,cf4c462a2b98ac477b56e394d78242c146bd327a95b282433f012dc42216d406
u02-s003-cr001,question,rubric[2].criteria,14,42,2e2fc6b4a32be8c1854e7e65f3919b48417e82a39793bd1e538b4bf63fc66300
u02-s003-cr001,question,rubric[3].criteria,16,42,f7144154fedd1d3d992de4ef76c6efebea448d02dba8e7af21876f571401b5a5
u02-s003-cr001,question,scoringNotes[0],9,27,0b6d917e9a6ce2150e3426feb89edcc102f46e16f78b8e23cdb8c56844575144
u02-s003-cr001,question,commonErrors[0],7,19,504c837e0614146c97e86f44fcfbe9f971af771ae9a8719d9a8ff0159afb0abe
u02-s003-cr001,question,commonErrors[1],9,23,96d9317ed98bd7678c3b1d8bc74497b0e9d5a79f5f815d52830cb70d78bca827
u02-s003-cr001,question,independentReview.derivedResult,13,19,cc6528c96e23c8548d21c8573ee38695354f3f424cb61bc2808fe4a87b8bb1cc
u02-s003-cr001,question,independentReview.ambiguity,13,39,a002cc7730a51394b314637b0319ebef4fcc15c200e373b3295a24c89981de0a
u02-s003-cr001,question,independentReview.decision,4,4,d74ff0ee8da3b9806b18c877dbf29bbde50b5bd8e4dad7a3a725000feb82e8f1
u02-s003-cr001,question,contentSha256,64,64,90dab316c2e98db76095516e2a5a6a1c1d5c9b218b9baecaf45b14f5762e0849
u02-s003-cr001,question,contentAuthority,25,25,ed40f75ffe3d6ad4e71f6e7919d063410490de360edb425965eccd605ca9d79e
u02-s003-cr002,question,questionId,14,14,b1eec8167de940b454bb916ae75394fd275e28d0efe505b30e8dc01aed551e2b
u02-s003-cr002,question,unitId,3,3,95b6504a8bd60df3a9a19ef2c504ac03429b325e9b81f0d701d07bdf6def6afb
u02-s003-cr002,question,topicId,11,11,6f58a76cc1c202fbf60a6add57c6c99044e1e3af47cd9e0d4b5f88b1665e3020
u02-s003-cr002,question,skillId,28,28,83da61eccd2d510c2a970d81cd2a1e43d96360eab5d18f327b38dac7ad6f3c99
u02-s003-cr002,question,difficulty,8,8,d21f85ea38166303ce58e06134b5cc4a5c900c409ab2a500ff7c9225109a09bb
u02-s003-cr002,question,type,20,20,e519496c259191db041ac61161dbfadb673dd94a10a123ed7423adcf7968ae7c
u02-s003-cr002,question,visualMode,9,9,9c7d54b0bf7a9369d8594201c7b11955514343809d09fbec33966c1fd9794015
u02-s003-cr002,question,prompt,29,71,546785c0f062825833d39eae9539d9fa0ed564526c1f7a1d152eeebdc7012fe5
u02-s003-cr002,question,requiredWork[0],7,15,0b7182c48cbd34449d2ef3ce8a36e583c94ab382294d662af508d878c0eb1961
u02-s003-cr002,question,requiredWork[1],10,30,7e673d262ca6c3ac6efb429e0eba6385621896967f799e3ae11881598cd657a0
u02-s003-cr002,question,requiredWork[2],6,18,f74c6d2f184e624f716a12d622212257098638e14ebe6ad67791c72a00bf612c
u02-s003-cr002,question,fullCreditSolution[0],12,18,9b01a2e2f8c19d41b8c20622ada0e7d73908da8a837b6faa01b714c6a0c4931c
u02-s003-cr002,question,fullCreditSolution[1],22,62,b61f96a5de67c9c7a2977ea2bc0120df54511f656e1abeb5893d2b9620ff842d
u02-s003-cr002,question,fullCreditSolution[2],27,43,91c09e9295385f6485325e6a3f15627fc43c6881f1880165c1b5bdd88ab87953
u02-s003-cr002,question,alternativeSolutions[0],26,48,76f546c172c0d83aae3e3d30c21d7053d71f567cc36ba55397c50a9abb918c53
u02-s003-cr002,question,rubric[0].criteria,17,43,4fd737b52dc7cf26b9dabf451d4a0fa6c3c721c1c536b1616c1231d0b7ccc2a2
u02-s003-cr002,question,rubric[1].criteria,12,34,95bc2e8b7787ba86aa5bb7e927711bed6d849e75e42b14f8fa0b48461b228322
u02-s003-cr002,question,rubric[2].criteria,13,39,5c74461a3ed7aebae460306444c3beddbeab11c1a1c405eac1290aa2b40ac07f
u02-s003-cr002,question,rubric[3].criteria,10,28,3278bf596d97612f534e7c03e0d812a6a72e16c791987602342ab3340bc97409
u02-s003-cr002,question,scoringNotes[0],13,37,b0209ad79265d43666cd4f3068a540eb5bf96119f83380005632b24367657ad2
u02-s003-cr002,question,commonErrors[0],4,10,db0379abcc59fded217b718b7ae0216220b09bec266cc3e867493a82a141854a
u02-s003-cr002,question,commonErrors[1],11,33,74de8dd80f68abd33dc840f2c4894d6960374bfaae03dcc6aadda663d6bdbde9
u02-s003-cr002,question,independentReview.derivedResult,5,7,2982c050573a76864aaa88394b03a2d931e7c5ddb7895c87c8c5212fd994e7b2
u02-s003-cr002,question,independentReview.ambiguity,13,39,a002cc7730a51394b314637b0319ebef4fcc15c200e373b3295a24c89981de0a
u02-s003-cr002,question,independentReview.decision,4,4,d74ff0ee8da3b9806b18c877dbf29bbde50b5bd8e4dad7a3a725000feb82e8f1
u02-s003-cr002,question,contentSha256,64,64,c05eee35fc20f898e9f875d0f1c244cc56c03ee33eaa671a45e0e1770197e28b
u02-s003-cr002,question,contentAuthority,25,25,ed40f75ffe3d6ad4e71f6e7919d063410490de360edb425965eccd605ca9d79e
u02-s004-lecture-r1,lecture,lectureId,19,19,ddfd30a1939c9aac45891ba5cd85fe114fa8ebd6ced5340e553d5eae9b3230a7
u02-s004-lecture-r1,lecture,unitId,3,3,95b6504a8bd60df3a9a19ef2c504ac03429b325e9b81f0d701d07bdf6def6afb
u02-s004-lecture-r1,lecture,topicId,11,11,6f58a76cc1c202fbf60a6add57c6c99044e1e3af47cd9e0d4b5f88b1665e3020
u02-s004-lecture-r1,lecture,skillId,18,18,0aa683a7d7ff7b513d35e95e2c31ec4d9f890280b54bdf078afd383a3b6c0fa1
u02-s004-lecture-r1,lecture,title,21,63,47be216a22d8ca83b150dcd116da39a1d5b12e5cab8c91d15e1a415c1ab1a266
u02-s004-lecture-r1,lecture,audience,10,30,e6b4416fbd9f36797de01256b31a4d6f6314e126fde8495e25792c814f64fc5f
u02-s004-lecture-r1,lecture,reviewStatus,22,22,ec809598e2f7fcc69fad54c9cd045bba62b4a0dc7c0ff90d4efdc3788c9ad8fb
u02-s004-lecture-r1,lecture,learningOutcomes[0],18,48,d3008c76c40665c3d5e47335c6064cba475485e662d20db11c86e0b0920c0d6b
u02-s004-lecture-r1,lecture,learningOutcomes[1],12,36,6b26f030a0764d7f6298c384dbda207fa93235490881597a2769f3926479dbb9
u02-s004-lecture-r1,lecture,learningOutcomes[2],14,42,1bcce473027dd9d343bd792122e272493a9569abd958b326d4f968b5d19580e8
u02-s004-lecture-r1,lecture,learningOutcomes[3],13,33,6b2e0ad8b5644bee75f656c7b98218ffc5523cf4a37f003c9e67443864dd3e6a
u02-s004-lecture-r1,lecture,prerequisites[0].skillId,28,28,83da61eccd2d510c2a970d81cd2a1e43d96360eab5d18f327b38dac7ad6f3c99
u02-s004-lecture-r1,lecture,prerequisites[0].requiredLevel,17,51,5eead00fd6806c3754bb8949959d910782015e0adddeabb22f1d9bb4b9331486
u02-s004-lecture-r1,lecture,glossary[0].term,3,9,313be51b219ce4d0cebcbcaa260a9e7767cd8925033fb0a806ee2a639257d09b
u02-s004-lecture-r1,lecture,glossary[0].definition,15,45,221a847bc6ed27e002e200cf0a25a55f3dd2b6a349c8b1e1a795b8b21122834a
u02-s004-lecture-r1,lecture,glossary[1].term,5,15,294efc3dd7858158cbafab6356d46df9457f950862d9dfdec0b121280bed75a6
u02-s004-lecture-r1,lecture,glossary[1].definition,11,33,2eb5c28f79619e909671fbfb848bca178be7efabc4a767340053eacc4be03d93
u02-s004-lecture-r1,lecture,glossary[2].term,2,6,bab628bcce94b237fb510b90f88286e32880b72aa920ece253f00cfa6bb07ec6
u02-s004-lecture-r1,lecture,glossary[2].definition,8,22,67bd186f916f8651c57a6554d57fbc110dce91ddaa1c2e4acd04857485c34064
u02-s004-lecture-r1,lecture,glossary[3].term,3,3,591bf52322004b0ea8161a1a93093d644583d7e62b6d8dd263e6d42be0118e50
u02-s004-lecture-r1,lecture,glossary[3].definition,28,36,8b6e54c74bcd608501b5562ab44c1586e4a3f0b8f76e64a5ed34b5cd3ccab63a
u02-s004-lecture-r1,lecture,notation[0].symbol,8,8,332ba3c9240279f5a889b6220f8c81c52268fc3df45a12384dd144be262fb830
u02-s004-lecture-r1,lecture,notation[0].meaning,10,26,11dcb7160ed82abb8dd2b08f228fc104adc754da46ea52ba47016f8f939a7fe9
u02-s004-lecture-r1,lecture,conceptNarrative[0],17,45,46cbd0d9ac1d757fa718ba15d25592bbeb551c43044ecc48308ffca538e2e39c
u02-s004-lecture-r1,lecture,conceptNarrative[1],36,108,5d5b5b765d151bf1e566b598d0343532b86bec3352238a6e4c0daf0614b853ab
u02-s004-lecture-r1,lecture,conceptNarrative[2],18,30,558561a406eb597a3c963d91dcb61cbdde2853a9c9c35818247ce7168d2a0419
u02-s004-lecture-r1,lecture,conceptNarrative[3],24,66,23a2441db68d634c80bbc33a0be1b541042aadb4544f86c00e57fdbad18c3a33
u02-s004-lecture-r1,lecture,formalDefinitions[0].name,5,15,294efc3dd7858158cbafab6356d46df9457f950862d9dfdec0b121280bed75a6
u02-s004-lecture-r1,lecture,formalDefinitions[0].statement,17,51,ba71fd1671de3a0ecdcc3ee968e1460f3d7e72d8e1255d7aae4930e77f2db371
u02-s004-lecture-r1,lecture,formalDefinitions[1].name,2,6,bab628bcce94b237fb510b90f88286e32880b72aa920ece253f00cfa6bb07ec6
u02-s004-lecture-r1,lecture,formalDefinitions[1].statement,10,28,6331590d779d57ec3fbadbd3b0e0c93352d2541e0e2c39708112474bb926bacd
u02-s004-lecture-r1,lecture,formulas[0].formula,16,40,f42c7f101e183e92d4537cda02dc30388fa871d5210c88bbf3e77cbea46ba0ce
u02-s004-lecture-r1,lecture,formulas[0].conditions[0],12,36,aa70b8ea55f3f10c4d60f34adcdf9a06da0e1493b0b56e63f0d58be0ecfc4545
u02-s004-lecture-r1,lecture,formulas[0].meaning,5,15,4698f1ce31cf4341f8cc701289bb94084db23c45f7f5ba95292ec619f2cb9d58
u02-s004-lecture-r1,lecture,nonApplicableCases[0],14,42,17ae461d2ea0546e313cf01d72329fc8e8122017d8c7476d06e8f8c88acaa1fa
u02-s004-lecture-r1,lecture,nonApplicableCases[1],15,39,23a0fbf9650e2d9506f5b39a42d85fe82509fbd781d233e454d1def0491f248a
u02-s004-lecture-r1,lecture,nonApplicableCases[2],14,42,348182338a296c1e65712f8c752553b9e2dd3f4c6a95831a7cb80a694feb7b91
u02-s004-lecture-r1,lecture,nonApplicableCases[3],18,54,a0b182cbf756ab38281d433cee34b5297b126a2efc7bca54bc1dd818b07f8a51
u02-s004-lecture-r1,lecture,method[0].instruction,6,18,7ca99e2b4ab69cdf2f255ef3867d0cd4586f914d86a335004f9a92be6dc08c88
u02-s004-lecture-r1,lecture,method[0].check,11,33,ea1b309edc0ec4233bac0926b481b96889384a8812f352e9a041361019e53f8a
u02-s004-lecture-r1,lecture,method[1].instruction,14,42,9bddb462500c304ddbbe71e67d450114c7be4ed3b221adaad51dccb78354cad5
u02-s004-lecture-r1,lecture,method[1].check,13,39,09278e63c360217f9cf7456b69826c90753897e60b68666444d2bfbb3d826447
u02-s004-lecture-r1,lecture,method[2].instruction,12,36,4ef2bf5b90b8beaa2a0f5b9a87fb6e35eedb7fc398eb1e6daddd2a93c38a25c1
u02-s004-lecture-r1,lecture,method[2].check,8,24,f77c92aa34e8e66299a349a02bcbfa597208a14c5142076edba698acd7f8db37
u02-s004-lecture-r1,lecture,method[3].instruction,8,18,7e4ea687575cfcf70167fb0cc0ba93121b018d7eee4d9ec2fc589ddcb1b9205c
u02-s004-lecture-r1,lecture,method[3].check,11,33,a571f8b8892f8b2a400d3b481b2e0bb413c00ba2d04256ba17ff68dc413ca403
u02-s004-lecture-r1,lecture,method[4].instruction,6,18,4c23265b49b02ea8003858bbb4f92bcc40510475e59a44c1ab3c997a93e7b62d
u02-s004-lecture-r1,lecture,method[4].check,13,39,54a46b455f3144c225153574748b03679508fb8a8f75bf878c432a46b7f36761
u02-s004-lecture-r1,lecture,workedExamples[0].exampleId,2,2,dffe8596427fc50e8f64654a609af134d45552f18bbecef90b31135a9e7acaa0
u02-s004-lecture-r1,lecture,workedExamples[0].prompt,13,17,1e5b505e02bda7df852759dbffd526a22234bc928d37eda7ca2e2e89209a0e90
u02-s004-lecture-r1,lecture,workedExamples[0].solutionSteps[0],8,13,674377ee961ebb61f1e093ad9257cc8684fd548a0b7c415be40d2d88d18ec041
u02-s004-lecture-r1,lecture,workedExamples[0].solutionSteps[1],15,26,db816eec413284de844861ab86b26d2fa494a3d5f16cf844ac78c9fd1656c625
u02-s004-lecture-r1,lecture,workedExamples[0].answer,3,5,fcfc6ed8180e65ec8857a1e2fedee44b83c9380eb7dd6bc317ad09fc2748785c
u02-s004-lecture-r1,lecture,workedExamples[1].exampleId,2,2,d76354d8457898445bb69e0dc0dc95fb74cc3cf334f8c1859162a16ad0041f8d
u02-s004-lecture-r1,lecture,workedExamples[1].prompt,17,21,589862590accf9edae8fd2e76d99735513ad4010343b2e9df11277b48bfb1dc8
u02-s004-lecture-r1,lecture,workedExamples[1].solutionSteps[0],10,25,636f2cb643b15eafe2892f454c803bce0a93f5d6a0fef890633471a57e19fe3c
u02-s004-lecture-r1,lecture,workedExamples[1].solutionSteps[1],11,33,104c11179afbbd7f2ec8d22d762525dba61b043460ff4c978e5e5817e65a09aa
u02-s004-lecture-r1,lecture,workedExamples[1].answer,3,5,4668a29085f75936f79523cc33a72394005125d50d6882b6fe130c44ee78e17e
u02-s004-lecture-r1,lecture,workedExamples[2].exampleId,2,2,842983de8fb1d277a3fad5c8295c7a14317c458718a10c5a35b23e7f992a5c80
u02-s004-lecture-r1,lecture,workedExamples[2].prompt,9,19,aff00f5778a409c0df6cab6400cf67d610642eae15339f7f4d323daee8e4d8dd
u02-s004-lecture-r1,lecture,workedExamples[2].solutionSteps[0],12,24,76882613471f15274492e659377b91e138269e0f6d9494d9ea529705dc0e340c
u02-s004-lecture-r1,lecture,workedExamples[2].solutionSteps[1],12,32,c68ae8a42c20fd206ca3bc0b12ce5b05699f2c791755cad86105fb0757ebbdcf
u02-s004-lecture-r1,lecture,workedExamples[2].answer,14,16,9b0434a55201e5373cffc26363b4513eb942429184d1d055e49c093eacfd0c0b
u02-s004-lecture-r1,lecture,workedExamples[3].exampleId,2,2,4a5a97c6433c4c062457e9335709d57493e75527809d8a9586c141e591ac9f2c
u02-s004-lecture-r1,lecture,workedExamples[3].prompt,15,33,ec3fcf8d6872199d6a95d0d325f2c4910207dd6cdea414841568d3e1d5a103db
u02-s004-lecture-r1,lecture,workedExamples[3].solutionSteps[0],7,9,565e0141c4a5bb6d7275a16d083bff6ebabc5f4ab2e0fbd52241bf6287e80833
u02-s004-lecture-r1,lecture,workedExamples[3].solutionSteps[1],7,17,d38229f63adfb5d9c8af6e77b1765fa6fc0548e215a8f53c0f8d07c14ab5200a
u02-s004-lecture-r1,lecture,workedExamples[3].answer,4,6,852909326e0c277ac6c77ba663e311b97fb4bbc0586087c2955558309b0d83b0
u02-s004-lecture-r1,lecture,commonMistakes[0].mistake,12,36,228c5642cc5d2ed60aed34b7b9bc2083eaee8c271295d8e44c71c5f11470dd43
u02-s004-lecture-r1,lecture,commonMistakes[0].why,8,18,6ba0b0b68848f5c34596505b9f74eddc5a9ba16bd6ed06cd3e5d69df0ebb1f29
u02-s004-lecture-r1,lecture,commonMistakes[0].correction,9,21,2254d1c48006e8d6dc092b65ea302e7d7399bc67fee6665632c9b1990805e277
u02-s004-lecture-r1,lecture,commonMistakes[1].mistake,12,36,9807df6d47e16cd6a8567420c8518273de876423101d77ca5d482b82d13fb88b
u02-s004-lecture-r1,lecture,commonMistakes[1].why,7,21,ebfb3122c7b80f20112af717d0d58710426f5693462a1e6d2db161fc311974d5
u02-s004-lecture-r1,lecture,commonMistakes[1].correction,15,45,fbd126f4597c7011161525b51eb42035bf4c2c8a5f30d778e75c7359703a605d
u02-s004-lecture-r1,lecture,commonMistakes[2].mistake,9,27,7660b015eec56d3f07e9da5ab2e3d5e1ca874ac1bd5ed504b29f83914b858532
u02-s004-lecture-r1,lecture,commonMistakes[2].why,11,33,859c20503f01d2d6d0d21f62b66b7c9d0ce962de4ae902e1cbdea4b02740d2c6
u02-s004-lecture-r1,lecture,commonMistakes[2].correction,13,33,fa6f47345e3300b30d1613d3a8546bb1e7419283302ff3e542f38767e5ea27e7
u02-s004-lecture-r1,lecture,commonMistakes[3].mistake,11,33,24c8afcd56b3599ee7dcd08b8ca052c116c0b340271aee6fc5031ddc80b7a06e
u02-s004-lecture-r1,lecture,commonMistakes[3].why,10,30,c44042ae8695c910c45baf8379f1c4b439ca52dc5c59b8d79d462fa4bda5126d
u02-s004-lecture-r1,lecture,commonMistakes[3].correction,12,30,bbdfec25e2aeb00995dc5c0a8ca62a1e06f149a3b86826b2bf68af40d0f80bd9
u02-s004-lecture-r1,lecture,commonMistakes[4].mistake,12,34,b98bb23a918512f04bc0854d7b3c97145dafd951d36f9b4acbb1c7b1638c6453
u02-s004-lecture-r1,lecture,commonMistakes[4].why,13,39,3a24d4550fb5f546e455bc1752a6f6bf2f099fff4bd4d0dc925d3108b38744ce
u02-s004-lecture-r1,lecture,commonMistakes[4].correction,7,21,9f6286072c79ff7b167143a69ba0a1cc050e44b31d9076790196c36a6191812b
u02-s004-lecture-r1,lecture,commonMistakes[5].mistake,10,30,58415c1ca217ec76c269c70c6b5d3f29a06c8b54138d3c772fef841b0c6ed196
u02-s004-lecture-r1,lecture,commonMistakes[5].why,8,24,0147a0f6a63840772a1ec6f697f235a45380d4bdce34bea3c7b095ff0f036244
u02-s004-lecture-r1,lecture,commonMistakes[5].correction,11,27,4f542aa4998507f672548b39023ad257f89f86f12b6da82b982d1b833aef2a99
u02-s004-lecture-r1,lecture,selfCheck[0],11,33,a571f8b8892f8b2a400d3b481b2e0bb413c00ba2d04256ba17ff68dc413ca403
u02-s004-lecture-r1,lecture,selfCheck[1],9,27,15322c4d8eb1372993fa1d1719007c7cf96949991f32f72d5eb9fcf7b168813b
u02-s004-lecture-r1,lecture,selfCheck[2],8,24,436a330be69121bd95fa115d0085d0f05bfd45f8978d272bd4fcd3890d283388
u02-s004-lecture-r1,lecture,selfCheck[3],11,33,94fc11d6328239c6d42c5071e0fd81d7c187d74e0053de268ac05c7d0682fc5d
u02-s004-lecture-r1,lecture,selfCheck[4],8,18,0cc5a5ed19904aa052ab1708bde8b6f41a6a4f69b462434d0ba2c16d22bd4e84
u02-s004-lecture-r1,lecture,summary[0],13,33,1fe2442d301e70591e27eb9f947360873bb7503b98ed986d4d0a4a21113ec9df
u02-s004-lecture-r1,lecture,summary[1],15,45,93ff536dbc25548f8c6483dd77c40bc8ff22f1782964fe525c6f08ba6924973b
u02-s004-lecture-r1,lecture,summary[2],13,39,faae39be42e684f9d1475bd5a711eea0acb8b972e30a2e72b3fb532193eb2162
u02-s004-lecture-r1,lecture,summary[3],10,22,ddddaa9762c1777d962b993a11eb50b811956ae29b7a334e867e64bb2faa3b09
u02-s004-lecture-r1,lecture,connections.previous,48,86,2c943432f11d84b3c19736747406faecce73bc7d5717117033665bc23499c99a
u02-s004-lecture-r1,lecture,connections.next[0],17,51,22c5d53307a6a793be8396bdb98cbf45635d3ea6a49b1f70ccaa7bab17f9af93
u02-s004-lecture-r1,lecture,connections.next[1],18,48,a7d2c9f60a78f4fabbef64fb7df17bc0e80ed268f802d6df83b8a0aa39e5f66d
u02-s004-lecture-r1,lecture,practiceLinks.mcQuestionIds[0],13,13,e716d6cf1e8674c0c6b1c64269405c147e969d3d821a52501b5ae7ec6d7b12b1
u02-s004-lecture-r1,lecture,practiceLinks.mcQuestionIds[1],13,13,61f3deea0ed2339121353c11a45df7df4080b3edcc07e189b324dc87b83998de
u02-s004-lecture-r1,lecture,practiceLinks.mcQuestionIds[2],13,13,18649af5306637058ba92a779e65cf8b91e82dcb6af4d9aca16e669a55f01f71
u02-s004-lecture-r1,lecture,practiceLinks.mcQuestionIds[3],13,13,7c035b602a5932f94aaf127973698c1324e4173b7d499e2c448c35b77d06a804
u02-s004-lecture-r1,lecture,practiceLinks.mcQuestionIds[4],13,13,d7805cf7ab82ba16482bc571f5805379378e1fe3e27e39a48b30b743f3413560
u02-s004-lecture-r1,lecture,practiceLinks.mcQuestionIds[5],13,13,bbaa762b14a13b62bcb4428f40f340dc5a0adb8a04dfa44e868c6e8d29d6eaf2
u02-s004-lecture-r1,lecture,practiceLinks.mcQuestionIds[6],13,13,6f1c9f56ae40f7a2adb1ecbc0d0d4ba648c34ea7b825aaeef45fa847699367ad
u02-s004-lecture-r1,lecture,practiceLinks.mcQuestionIds[7],13,13,276b335cc62ed24a335a30e33412a4d01cc7317b95b4d5fefe0285768f2d2bc5
u02-s004-lecture-r1,lecture,practiceLinks.mcQuestionIds[8],13,13,fbf1411aa9034fb100f788e72420ce72cf9cbbec1daf23e0b739a6068d0f1680
u02-s004-lecture-r1,lecture,practiceLinks.mcQuestionIds[9],13,13,b90678f0d20f642e50c86aca6a045c6340da54137bebb2fcd790f4ba71f1a089
u02-s004-lecture-r1,lecture,practiceLinks.mcQuestionIds[10],13,13,9626bd24dbff226ad904b82330e1f5db76da4f94a9339651017305ed5c2bf76b
u02-s004-lecture-r1,lecture,practiceLinks.mcQuestionIds[11],13,13,6bfbda522cd9ebf4b808f9ac7cdc5d84b25e3d6b0db811e7f2eba2815b76bec3
u02-s004-lecture-r1,lecture,practiceLinks.constructedResponseIds[0],14,14,a2dcaa930375f0cdb66d52e799add38816d2b0526d8cf12ba4c0b3eb0f6f82c9
u02-s004-lecture-r1,lecture,practiceLinks.constructedResponseIds[1],14,14,20d4cad39ec0a2930dc16f436b36362c5d3c27f5115d61100d230a3a8865af9b
u02-s004-lecture-r1,lecture,lectureReview.mathematicalCorrectness,4,4,d74ff0ee8da3b9806b18c877dbf29bbde50b5bd8e4dad7a3a725000feb82e8f1
u02-s004-lecture-r1,lecture,lectureReview.zeroFoundationReadability,4,4,d74ff0ee8da3b9806b18c877dbf29bbde50b5bd8e4dad7a3a725000feb82e8f1
u02-s004-lecture-r1,lecture,lectureReview.scopeCheck,21,21,fdf8268f0373301b2fcc6331f1d8999b8aabea69681e8bc972ab9a21216a7606
u02-s004-lecture-r1,lecture,lectureReview.reviewNote,51,115,679c72ae31a3f92654b90882e9d54325e358cd6e62d29ea874b3aa73113e7a54
u02-s004-lecture-r1,lecture,lectureReview.reviewVersion,25,25,d778dfb0b9da1de52a9e6d141e13b5f20b33f0779b3da3dad22096cd927b9411
u02-s004-lecture-r1,lecture,lectureReview.reviewedAt,10,10,14158d45727526145ef514139eeb669eb54d613dbcffe524f099dbb71c9d8b08
u02-s004-lecture-r1,lecture,contentSha256,64,64,d674ce4e9e50787e879154cc96b83f5b2f588e3fb029e31a19cfd3ee9fb319fb
u02-s004-lecture-r1,lecture,contentAuthority,25,25,ed40f75ffe3d6ad4e71f6e7919d063410490de360edb425965eccd605ca9d79e
u02-s004-v001,question,questionId,13,13,e716d6cf1e8674c0c6b1c64269405c147e969d3d821a52501b5ae7ec6d7b12b1
u02-s004-v001,question,unitId,3,3,95b6504a8bd60df3a9a19ef2c504ac03429b325e9b81f0d701d07bdf6def6afb
u02-s004-v001,question,topicId,11,11,6f58a76cc1c202fbf60a6add57c6c99044e1e3af47cd9e0d4b5f88b1665e3020
u02-s004-v001,question,skillId,18,18,0aa683a7d7ff7b513d35e95e2c31ec4d9f890280b54bdf078afd383a3b6c0fa1
u02-s004-v001,question,difficulty,5,5,fbb7b5bf4ca348eeeebf8cc3660712859a5a1fbf18e83217a57ce203fb51d5c2
u02-s004-v001,question,type,2,2,6bc0f9c4ecb0acbebf1b9f6c816bdd66f4885f67c917d9e141cf893014fba936
u02-s004-v001,question,visualMode,9,9,9c7d54b0bf7a9369d8594201c7b11955514343809d09fbec33966c1fd9794015
u02-s004-v001,question,sourceScope,19,19,a4b669ddb8ef1883391c07a7b633f12eeaeecee7ec37c09eea4931aff6644346
u02-s004-v001,question,text,18,40,baf9ee1670aca4a6a49d4395290ba94d46114f3e697f55ec11d770eca3b74549
u02-s004-v001,question,choices[0],1,1,e7f6c011776e8db7cd330b54174fd76f7d0216b612387a5ffcfb81e6f0919683
u02-s004-v001,question,choices[1],1,1,2c624232cdd221771294dfbb310aca000a0df6ac8b66b696d90ef06fdefb64a3
u02-s004-v001,question,choices[2],2,2,6b51d431df5d7f141cbececcf79edf3dd861c3b4069f0b11661a3eefacbba918
u02-s004-v001,question,choices[3],2,2,8722616204217eddb39e7df969e0698aed8e599ba62ed2de1ce49b03ade0fede
u02-s004-v001,question,explanation,70,160,48f5c0da47c010464f705dd334e6ec801fce48d62334ebf88b41aead54c09fdb
u02-s004-v001,question,steps[0],19,37,233a60c07f86e3bfd7b053a977b4c897fc18c7c77fe4841b848cd2bdca200b6c
u02-s004-v001,question,steps[1],32,68,3948103b8382f83596f00f1a2af2f900ecd3e9f7d4d73f06645e1f81d2352df5
u02-s004-v001,question,optionAnalysis[0].choice,1,1,e7f6c011776e8db7cd330b54174fd76f7d0216b612387a5ffcfb81e6f0919683
u02-s004-v001,question,optionAnalysis[0].reason,16,36,403e127c132f27e5ca5d9e077f5ce80d96a320064541565d999620a933cb9fd8
u02-s004-v001,question,optionAnalysis[1].choice,1,1,2c624232cdd221771294dfbb310aca000a0df6ac8b66b696d90ef06fdefb64a3
u02-s004-v001,question,optionAnalysis[1].reason,8,18,4f8968fb91d1184ec816a9f00b41f2c21d5891c20add35b11d6913de8fef7dfb
u02-s004-v001,question,optionAnalysis[2].choice,2,2,6b51d431df5d7f141cbececcf79edf3dd861c3b4069f0b11661a3eefacbba918
u02-s004-v001,question,optionAnalysis[2].reason,9,19,9cbe1fdac6fab59a7e6db3e2d924c60de9aebea79c02b5de11c317fbfb281266
u02-s004-v001,question,optionAnalysis[3].choice,2,2,8722616204217eddb39e7df969e0698aed8e599ba62ed2de1ce49b03ade0fede
u02-s004-v001,question,optionAnalysis[3].reason,9,23,e56d0fb33fc6e65caeb6685ade48916978804a4f0aa532b972600e0b8bb686fc
u02-s004-v001,question,commonMistake,14,42,23130da56beebf84473b69c8507c6c5f0ae614ec5808973de36cd2969d71baec
u02-s004-v001,question,concept,17,51,838fdb2f2ec50cb4faed86e5596ad01a74331863ecce43126e270909bcabaadb
u02-s004-v001,question,tags[0],3,9,fd41540cbdbecb9b5fa7116d27c68e378548ab62ab7c7ca4494730a81ea87667
u02-s004-v001,question,tags[1],5,15,294efc3dd7858158cbafab6356d46df9457f950862d9dfdec0b121280bed75a6
u02-s004-v001,question,tags[2],5,5,fbb7b5bf4ca348eeeebf8cc3660712859a5a1fbf18e83217a57ce203fb51d5c2
u02-s004-v001,question,estimatedTimeSec,2,2,39fa9ec190eee7b6f4dff1100d6343e10918d044c75eac8f9e9a2596173f80c9
u02-s004-v001,question,prerequisiteSkillIds[0],28,28,83da61eccd2d510c2a970d81cd2a1e43d96360eab5d18f327b38dac7ad6f3c99
u02-s004-v001,question,authoringIntent,10,22,1c2e4bb1d15c6136e3ad4b616c597472857f864990de2af83983ecfe6c525d0e
u02-s004-v001,question,reviewStatus,22,22,ec809598e2f7fcc69fad54c9cd045bba62b4a0dc7c0ff90d4efdc3788c9ad8fb
u02-s004-v001,question,contentSha256,64,64,fcf19f128d0c6538133577b712512ce6e3c47bc1d8cc2e20c820b30fc347c417
u02-s004-v001,question,contentAuthority,25,25,ed40f75ffe3d6ad4e71f6e7919d063410490de360edb425965eccd605ca9d79e
u02-s004-v002,question,questionId,13,13,61f3deea0ed2339121353c11a45df7df4080b3edcc07e189b324dc87b83998de
u02-s004-v002,question,unitId,3,3,95b6504a8bd60df3a9a19ef2c504ac03429b325e9b81f0d701d07bdf6def6afb
u02-s004-v002,question,topicId,11,11,6f58a76cc1c202fbf60a6add57c6c99044e1e3af47cd9e0d4b5f88b1665e3020
u02-s004-v002,question,skillId,18,18,0aa683a7d7ff7b513d35e95e2c31ec4d9f890280b54bdf078afd383a3b6c0fa1
u02-s004-v002,question,difficulty,5,5,fbb7b5bf4ca348eeeebf8cc3660712859a5a1fbf18e83217a57ce203fb51d5c2
u02-s004-v002,question,type,2,2,6bc0f9c4ecb0acbebf1b9f6c816bdd66f4885f67c917d9e141cf893014fba936
u02-s004-v002,question,visualMode,9,9,9c7d54b0bf7a9369d8594201c7b11955514343809d09fbec33966c1fd9794015
u02-s004-v002,question,sourceScope,19,19,a4b669ddb8ef1883391c07a7b633f12eeaeecee7ec37c09eea4931aff6644346
u02-s004-v002,question,text,45,106,27e607f17f9069c2a7e18210778d9df060b6a0b5f31fb466bfd1695099b1d45b
u02-s004-v002,question,choices[0],1,1,ef2d127de37b942baad06145e54b0c619a1f22327b2ebbcfbec78f5564afe39d
u02-s004-v002,question,choices[1],3,4,32acd8afc6adba29ea3a554506b26ce8a5efbda8f94bad22660f9627788435d4
u02-s004-v002,question,choices[2],4,6,7ab6adc000188434adb914137961eb2fd2ef4386dd113fb9cd2a4e915e191579
u02-s004-v002,question,choices[3],5,7,f428d2b8d746bf98709ad891340a38fee379b95c01552aa2cd5d000fcf226576
u02-s004-v002,question,explanation,42,119,b49fe04db251734786b5c9365edfaa0f0ad68f7eb6f94dea23e10c66eee93149
u02-s004-v002,question,steps[0],23,36,fbf9a368928f73bbf47ad85adc51f1c0f1c46ff20df1bf627a94a6d9ae5c42da
u02-s004-v002,question,steps[1],21,49,bbb6b8e0e203635fd31e1aebb5f8be02c934a115b866a9c8d8c611f7c76d3043
u02-s004-v002,question,steps[2],7,14,053036a8ed0bfd5b8039ee8098eaf76b6beee96273d34cdddb31c4cbdff8d799
u02-s004-v002,question,optionAnalysis[0].choice,1,1,ef2d127de37b942baad06145e54b0c619a1f22327b2ebbcfbec78f5564afe39d
u02-s004-v002,question,optionAnalysis[0].reason,15,37,05bf1cdbfdf46ba9ef1e9bbe44466a3788a9ef4ae8d2d600be076d7a663ca351
u02-s004-v002,question,optionAnalysis[1].choice,3,4,32acd8afc6adba29ea3a554506b26ce8a5efbda8f94bad22660f9627788435d4
u02-s004-v002,question,optionAnalysis[1].reason,21,47,ca134da58834599cc0f58b29e141dda193c0bf8cc87c82b643ea24a5c0ccf830
u02-s004-v002,question,optionAnalysis[2].choice,4,6,7ab6adc000188434adb914137961eb2fd2ef4386dd113fb9cd2a4e915e191579
u02-s004-v002,question,optionAnalysis[2].reason,22,54,a58649970ccbc7ff9f6ed7d4b28b77c8b9111036f575ac158eb401080ee67110
u02-s004-v002,question,optionAnalysis[3].choice,5,7,f428d2b8d746bf98709ad891340a38fee379b95c01552aa2cd5d000fcf226576
u02-s004-v002,question,optionAnalysis[3].reason,10,26,288cb6c807b64524635e2ff33f8d1a3bdc3ee1ad521360e4c345fd597fa96402
u02-s004-v002,question,commonMistake,23,69,e5403997434f28bb57d5132574a0b3df323b802ea8322ac4834eb302934f9898
u02-s004-v002,question,concept,22,56,6675b406e1a276a5956343fb2ab8c30d787e4358f6d23516612c83e64debe35e
u02-s004-v002,question,tags[0],3,9,fd41540cbdbecb9b5fa7116d27c68e378548ab62ab7c7ca4494730a81ea87667
u02-s004-v002,question,tags[1],5,15,294efc3dd7858158cbafab6356d46df9457f950862d9dfdec0b121280bed75a6
u02-s004-v002,question,tags[2],5,5,fbb7b5bf4ca348eeeebf8cc3660712859a5a1fbf18e83217a57ce203fb51d5c2
u02-s004-v002,question,estimatedTimeSec,2,2,39fa9ec190eee7b6f4dff1100d6343e10918d044c75eac8f9e9a2596173f80c9
u02-s004-v002,question,prerequisiteSkillIds[0],28,28,83da61eccd2d510c2a970d81cd2a1e43d96360eab5d18f327b38dac7ad6f3c99
u02-s004-v002,question,authoringIntent,20,60,8823460197aa8b0ae5a75f0430ba218a9b841c05641259a531b58dea9a298e6a
u02-s004-v002,question,reviewStatus,22,22,ec809598e2f7fcc69fad54c9cd045bba62b4a0dc7c0ff90d4efdc3788c9ad8fb
u02-s004-v002,question,contentSha256,64,64,074437c0a6bd61ad76e6b6ce3e3428532500c17d2fe348ffa1455739b51c924a
u02-s004-v002,question,contentAuthority,25,25,ed40f75ffe3d6ad4e71f6e7919d063410490de360edb425965eccd605ca9d79e
u02-s004-v003,question,questionId,13,13,18649af5306637058ba92a779e65cf8b91e82dcb6af4d9aca16e669a55f01f71
u02-s004-v003,question,unitId,3,3,95b6504a8bd60df3a9a19ef2c504ac03429b325e9b81f0d701d07bdf6def6afb
u02-s004-v003,question,topicId,11,11,6f58a76cc1c202fbf60a6add57c6c99044e1e3af47cd9e0d4b5f88b1665e3020
u02-s004-v003,question,skillId,18,18,0aa683a7d7ff7b513d35e95e2c31ec4d9f890280b54bdf078afd383a3b6c0fa1
u02-s004-v003,question,difficulty,5,5,fbb7b5bf4ca348eeeebf8cc3660712859a5a1fbf18e83217a57ce203fb51d5c2
u02-s004-v003,question,type,2,2,6bc0f9c4ecb0acbebf1b9f6c816bdd66f4885f67c917d9e141cf893014fba936
u02-s004-v003,question,visualMode,9,9,9c7d54b0bf7a9369d8594201c7b11955514343809d09fbec33966c1fd9794015
u02-s004-v003,question,sourceScope,19,19,a4b669ddb8ef1883391c07a7b633f12eeaeecee7ec37c09eea4931aff6644346
u02-s004-v003,question,text,19,43,513b5510a441ef5d31e6da27b09130456a2ce81fd3c616bdd2ff11b2e1b47c55
u02-s004-v003,question,choices[0],1,1,d4735e3a265e16eee03f59718b9b5d03019c07d8b6c51f90da3a666eec13ab35
u02-s004-v003,question,choices[1],1,1,4e07408562bedb8b60ce05c1decfe3ad16b72230967de01f640b7e4729b49fce
u02-s004-v003,question,choices[2],1,1,e7f6c011776e8db7cd330b54174fd76f7d0216b612387a5ffcfb81e6f0919683
u02-s004-v003,question,choices[3],2,2,6b51d431df5d7f141cbececcf79edf3dd861c3b4069f0b11661a3eefacbba918
u02-s004-v003,question,explanation,41,117,09e6f7b31d1d14d038ae333798ea730047da2b8db3382fdc6188a525c3319112
u02-s004-v003,question,steps[0],8,22,8f02a19e60260361fa9400b07d481ccb5b7b3be5bbf36c64f651b6fb0483e769
u02-s004-v003,question,steps[1],14,40,9c3111ad8e0118218f80531f50e0530d43ab91b85a73c186c37d2e4d53719f2a
u02-s004-v003,question,optionAnalysis[0].choice,1,1,d4735e3a265e16eee03f59718b9b5d03019c07d8b6c51f90da3a666eec13ab35
u02-s004-v003,question,optionAnalysis[0].reason,12,32,6e8d1be40156273f38f5b9275eaa8bbe30e3ff2fbd61c936af52e6cee39721a3
u02-s004-v003,question,optionAnalysis[1].choice,1,1,4e07408562bedb8b60ce05c1decfe3ad16b72230967de01f640b7e4729b49fce
u02-s004-v003,question,optionAnalysis[1].reason,12,32,6e5e7fd3fc63f0ea1defe55bbc6b0ce0fe3a75fefe52eea257f9d07f1f69b19e
u02-s004-v003,question,optionAnalysis[2].choice,1,1,e7f6c011776e8db7cd330b54174fd76f7d0216b612387a5ffcfb81e6f0919683
u02-s004-v003,question,optionAnalysis[2].reason,9,23,16ec8515d5d2bb415cf7b1727c0d71e5ba941e90f47bddada5da80cfe84ecb04
u02-s004-v003,question,optionAnalysis[3].choice,2,2,6b51d431df5d7f141cbececcf79edf3dd861c3b4069f0b11661a3eefacbba918
u02-s004-v003,question,optionAnalysis[3].reason,12,24,fe9f57adfb5695b6dcd8ecc81a11a18d8d39f9883f4668d8b54e954c46933845
u02-s004-v003,question,commonMistake,14,42,e83afe2659ffdb7041010c8e69caa7654376bd7feaa0fc24bbbdb4b62118b56b
u02-s004-v003,question,concept,17,41,d0967d843c2d7346b47c5f55f512895ee5dd1f6d5678bb08aadf3e6928d006dd
u02-s004-v003,question,tags[0],3,9,fd41540cbdbecb9b5fa7116d27c68e378548ab62ab7c7ca4494730a81ea87667
u02-s004-v003,question,tags[1],5,15,294efc3dd7858158cbafab6356d46df9457f950862d9dfdec0b121280bed75a6
u02-s004-v003,question,tags[2],5,5,fbb7b5bf4ca348eeeebf8cc3660712859a5a1fbf18e83217a57ce203fb51d5c2
u02-s004-v003,question,estimatedTimeSec,2,2,39fa9ec190eee7b6f4dff1100d6343e10918d044c75eac8f9e9a2596173f80c9
u02-s004-v003,question,prerequisiteSkillIds[0],28,28,83da61eccd2d510c2a970d81cd2a1e43d96360eab5d18f327b38dac7ad6f3c99
u02-s004-v003,question,authoringIntent,8,16,ed4d7dea1b9b6a0a93a67318cca02df301d2da6621027b106f4558839f359ea2
u02-s004-v003,question,reviewStatus,22,22,ec809598e2f7fcc69fad54c9cd045bba62b4a0dc7c0ff90d4efdc3788c9ad8fb
u02-s004-v003,question,contentSha256,64,64,1c742a6f3ee4aeae46eeee4850150e46fd151751a83b6715af7a7bc25546c23d
u02-s004-v003,question,contentAuthority,25,25,ed40f75ffe3d6ad4e71f6e7919d063410490de360edb425965eccd605ca9d79e
u02-s004-v004,question,questionId,13,13,7c035b602a5932f94aaf127973698c1324e4173b7d499e2c448c35b77d06a804
u02-s004-v004,question,unitId,3,3,95b6504a8bd60df3a9a19ef2c504ac03429b325e9b81f0d701d07bdf6def6afb
u02-s004-v004,question,topicId,11,11,6f58a76cc1c202fbf60a6add57c6c99044e1e3af47cd9e0d4b5f88b1665e3020
u02-s004-v004,question,skillId,18,18,0aa683a7d7ff7b513d35e95e2c31ec4d9f890280b54bdf078afd383a3b6c0fa1
u02-s004-v004,question,difficulty,8,8,fe6d3468cf5c74d8ec2a95b40f2e05338c37a4202f8fad692d2b64a9cf9b468a
u02-s004-v004,question,type,2,2,6bc0f9c4ecb0acbebf1b9f6c816bdd66f4885f67c917d9e141cf893014fba936
u02-s004-v004,question,visualMode,9,9,9c7d54b0bf7a9369d8594201c7b11955514343809d09fbec33966c1fd9794015
u02-s004-v004,question,sourceScope,19,19,a4b669ddb8ef1883391c07a7b633f12eeaeecee7ec37c09eea4931aff6644346
u02-s004-v004,question,text,27,59,987c67b9da77e6b86f6a9aeafeeca3b30811719a338e477e18985fc3da8515de
u02-s004-v004,question,choices[0],1,1,6b86b273ff34fce19d6b804eff5a3f5747ada4eaa22f1d49c01e52ddb7875b4b
u02-s004-v004,question,choices[1],1,1,3e23e8160039594a33894f6564e1b1348bbd7a0088d42c4acb73eeaed59c009d
u02-s004-v004,question,choices[2],3,3,300273daf0bb57c239f83585d71ced54ce6b3b5fb81615abbeeb3f9cf5fae92f
u02-s004-v004,question,choices[3],1,1,ca978112ca1bbdcafac231b39a23dc4da786eff8147c4e72b9807785afee48bb
u02-s004-v004,question,explanation,55,137,dd87ccec3ac8eadd73e5e34bd42cb200c6574093594690dc9c896dc5fce98e69
u02-s004-v004,question,steps[0],23,47,2fa42ae4abc1b491ad39829827a7b2b2541a02eab217478a99afcfb3a93dab4c
u02-s004-v004,question,steps[1],13,35,f63d2d19ea5ce826af0e65ffe4d9cf9c3be2cd3f92b8f143bd4bfeea355a5baa
u02-s004-v004,question,optionAnalysis[0].choice,1,1,6b86b273ff34fce19d6b804eff5a3f5747ada4eaa22f1d49c01e52ddb7875b4b
u02-s004-v004,question,optionAnalysis[0].reason,6,18,4b4eb8b39b0f0fa27767795767194eb6d8100113c5d594cea6db922bb9c775fd
u02-s004-v004,question,optionAnalysis[1].choice,1,1,3e23e8160039594a33894f6564e1b1348bbd7a0088d42c4acb73eeaed59c009d
u02-s004-v004,question,optionAnalysis[1].reason,13,33,21b67166e7766d01482a3e0bfbd34d15bf33f6075a1e6686ed2b47b003b90ac7
u02-s004-v004,question,optionAnalysis[2].choice,3,3,300273daf0bb57c239f83585d71ced54ce6b3b5fb81615abbeeb3f9cf5fae92f
u02-s004-v004,question,optionAnalysis[2].reason,8,24,2715897ab322514547bbb3ef18e26b994624928cc3dab875787054fc69e24f4c
u02-s004-v004,question,optionAnalysis[3].choice,1,1,ca978112ca1bbdcafac231b39a23dc4da786eff8147c4e72b9807785afee48bb
u02-s004-v004,question,optionAnalysis[3].reason,11,13,c8de5ded1b3f8e52a8d2d766ab3faeab66eb1f8025ca5e0af2079fdcb4a379d9
u02-s004-v004,question,commonMistake,16,46,3db78eb797f9457308e996ecfed8694462588172fba6589c69a8a0b1f9077d8d
u02-s004-v004,question,concept,19,49,14bfbf9b832e8e86c8c34b6599c89ff4063f1c126c4d3aea09bcaf26a3b94868
u02-s004-v004,question,tags[0],3,9,fd41540cbdbecb9b5fa7116d27c68e378548ab62ab7c7ca4494730a81ea87667
u02-s004-v004,question,tags[1],5,15,294efc3dd7858158cbafab6356d46df9457f950862d9dfdec0b121280bed75a6
u02-s004-v004,question,tags[2],8,8,fe6d3468cf5c74d8ec2a95b40f2e05338c37a4202f8fad692d2b64a9cf9b468a
u02-s004-v004,question,estimatedTimeSec,2,2,39fa9ec190eee7b6f4dff1100d6343e10918d044c75eac8f9e9a2596173f80c9
u02-s004-v004,question,prerequisiteSkillIds[0],28,28,83da61eccd2d510c2a970d81cd2a1e43d96360eab5d18f327b38dac7ad6f3c99
u02-s004-v004,question,authoringIntent,16,48,bce7b8044e64a04ebce5f7cd06c3034a5f55bb93b1025ee38b144cafb7e1605a
u02-s004-v004,question,reviewStatus,22,22,ec809598e2f7fcc69fad54c9cd045bba62b4a0dc7c0ff90d4efdc3788c9ad8fb
u02-s004-v004,question,contentSha256,64,64,12b066a0d3f31f7983ce955e3dc9fc9da7e3b5a15e7a32db3405f1088f3f3d76
u02-s004-v004,question,contentAuthority,25,25,ed40f75ffe3d6ad4e71f6e7919d063410490de360edb425965eccd605ca9d79e
u02-s004-v005,question,questionId,13,13,d7805cf7ab82ba16482bc571f5805379378e1fe3e27e39a48b30b743f3413560
u02-s004-v005,question,unitId,3,3,95b6504a8bd60df3a9a19ef2c504ac03429b325e9b81f0d701d07bdf6def6afb
u02-s004-v005,question,topicId,11,11,6f58a76cc1c202fbf60a6add57c6c99044e1e3af47cd9e0d4b5f88b1665e3020
u02-s004-v005,question,skillId,18,18,0aa683a7d7ff7b513d35e95e2c31ec4d9f890280b54bdf078afd383a3b6c0fa1
u02-s004-v005,question,difficulty,8,8,fe6d3468cf5c74d8ec2a95b40f2e05338c37a4202f8fad692d2b64a9cf9b468a
u02-s004-v005,question,type,2,2,6bc0f9c4ecb0acbebf1b9f6c816bdd66f4885f67c917d9e141cf893014fba936
u02-s004-v005,question,visualMode,9,9,9c7d54b0bf7a9369d8594201c7b11955514343809d09fbec33966c1fd9794015
u02-s004-v005,question,sourceScope,19,19,a4b669ddb8ef1883391c07a7b633f12eeaeecee7ec37c09eea4931aff6644346
u02-s004-v005,question,text,19,41,576f72a9e08f51e481c4517d7acccd1293a172e214aef7b6f9ab49e5e9c89103
u02-s004-v005,question,choices[0],2,2,73475cb40a568e8da8a045ced110137e159f890ac4da883b6b17dc651b3a8049
u02-s004-v005,question,choices[1],2,2,6f4b6612125fb3a0daecd2799dfd6c9c299424fd920f9b308110a2c1fbd8f443
u02-s004-v005,question,choices[2],2,2,8527a891e224136950ff32ca212b45bc93f69fbb801c3b1ebedac52775f99e61
u02-s004-v005,question,choices[3],3,3,d6e5a20b30f87216b2c758f5e7a23c437dbc3dfa1ccb177c474de152bb0ef731
u02-s004-v005,question,explanation,53,109,932230545a44dc91338e99e5e2524c9f32151a18976c28b8906707eea977806b
u02-s004-v005,question,steps[0],20,28,d7af94b2973b8cfb4ae7de4dc4ae003e41e6aa14982da063ded4aadd8c33b9cf
u02-s004-v005,question,steps[1],13,25,12d9d0911106e9e3865aea57a5a9b01e45989ff79dd3c44867607a7fdc2af038
u02-s004-v005,question,optionAnalysis[0].choice,2,2,73475cb40a568e8da8a045ced110137e159f890ac4da883b6b17dc651b3a8049
u02-s004-v005,question,optionAnalysis[0].reason,10,24,858e3f4e4de7e119ef7394ee4f49727a3b48933d241e632575e2f85c347ad0a1
u02-s004-v005,question,optionAnalysis[1].choice,2,2,6f4b6612125fb3a0daecd2799dfd6c9c299424fd920f9b308110a2c1fbd8f443
u02-s004-v005,question,optionAnalysis[1].reason,8,18,c8c0cc4a8511b5a86b9bf9daaa6a3c40140f9ad6547064b37037b3b56eb24023
u02-s004-v005,question,optionAnalysis[2].choice,2,2,8527a891e224136950ff32ca212b45bc93f69fbb801c3b1ebedac52775f99e61
u02-s004-v005,question,optionAnalysis[2].reason,9,21,b29d558d213070f3b6e3f13f6f57a0abd85304ca479a67e50c66b588bb1e0372
u02-s004-v005,question,optionAnalysis[3].choice,3,3,d6e5a20b30f87216b2c758f5e7a23c437dbc3dfa1ccb177c474de152bb0ef731
u02-s004-v005,question,optionAnalysis[3].reason,8,18,f263bb862e15f37ace810c1a8ea697d874528472785e219b393a1bf791f8d915
u02-s004-v005,question,commonMistake,14,42,853d344eace6c43f5d2a3adbb1535403dbb78ae2c667c7d8a8ef5c53ec9c644e
u02-s004-v005,question,concept,15,37,f22e876ff55ae56e0267b1c96367c43851b8c505fbe25c0dd1aca1b3ed249ce9
u02-s004-v005,question,tags[0],3,9,fd41540cbdbecb9b5fa7116d27c68e378548ab62ab7c7ca4494730a81ea87667
u02-s004-v005,question,tags[1],5,15,294efc3dd7858158cbafab6356d46df9457f950862d9dfdec0b121280bed75a6
u02-s004-v005,question,tags[2],8,8,fe6d3468cf5c74d8ec2a95b40f2e05338c37a4202f8fad692d2b64a9cf9b468a
u02-s004-v005,question,estimatedTimeSec,2,2,39fa9ec190eee7b6f4dff1100d6343e10918d044c75eac8f9e9a2596173f80c9
u02-s004-v005,question,prerequisiteSkillIds[0],28,28,83da61eccd2d510c2a970d81cd2a1e43d96360eab5d18f327b38dac7ad6f3c99
u02-s004-v005,question,authoringIntent,11,25,c97051230da32c9fd8b8ad700c3d95202cea7376286ccda633e01426e0141a7a
u02-s004-v005,question,reviewStatus,22,22,ec809598e2f7fcc69fad54c9cd045bba62b4a0dc7c0ff90d4efdc3788c9ad8fb
u02-s004-v005,question,contentSha256,64,64,397fbd8fe038ca086c00f9750fe80ec965eead0cf08edfd2e16fc8de475266cd
u02-s004-v005,question,contentAuthority,25,25,ed40f75ffe3d6ad4e71f6e7919d063410490de360edb425965eccd605ca9d79e
u02-s004-v006,question,questionId,13,13,bbaa762b14a13b62bcb4428f40f340dc5a0adb8a04dfa44e868c6e8d29d6eaf2
u02-s004-v006,question,unitId,3,3,95b6504a8bd60df3a9a19ef2c504ac03429b325e9b81f0d701d07bdf6def6afb
u02-s004-v006,question,topicId,11,11,6f58a76cc1c202fbf60a6add57c6c99044e1e3af47cd9e0d4b5f88b1665e3020
u02-s004-v006,question,skillId,18,18,0aa683a7d7ff7b513d35e95e2c31ec4d9f890280b54bdf078afd383a3b6c0fa1
u02-s004-v006,question,difficulty,8,8,fe6d3468cf5c74d8ec2a95b40f2e05338c37a4202f8fad692d2b64a9cf9b468a
u02-s004-v006,question,type,2,2,6bc0f9c4ecb0acbebf1b9f6c816bdd66f4885f67c917d9e141cf893014fba936
u02-s004-v006,question,visualMode,9,9,9c7d54b0bf7a9369d8594201c7b11955514343809d09fbec33966c1fd9794015
u02-s004-v006,question,sourceScope,19,19,a4b669ddb8ef1883391c07a7b633f12eeaeecee7ec37c09eea4931aff6644346
u02-s004-v006,question,text,27,51,7bbfcf8456a05320827ed5fd10445a8d9b926726531e8b4fb6d68e3792e8b967
u02-s004-v006,question,choices[0],2,2,4ec9599fc203d176a301536c2e091a19bc852759b255bd6818810a42c5fed14a
u02-s004-v006,question,choices[1],2,2,c2356069e9d1e79ca924378153cfbbfb4d4416b1f99d41a2940bfdb66c5319db
u02-s004-v006,question,choices[2],2,2,624b60c58c9d8bfb6ff1886c2fd605d2adeb6ea4da576068201b6c6958ce93f4
u02-s004-v006,question,choices[3],2,2,2fca346db656187102ce806ac732e06a62df0dbb2829e511a770556d398e1a6e
u02-s004-v006,question,explanation,50,112,7570b3582546d8c05f2d0074d673fe553c7084143cae0b6a8a4e411ede54cf04
u02-s004-v006,question,steps[0],13,13,328eb8d259a288341e8f880343e85c185d2159fe576e007f6fcabdf5fb6626fa
u02-s004-v006,question,steps[1],17,43,e66aecb6e8c40fcd5834a35764f861ff7a658b4c4ff35f1bb0f05ea39aeb2e99
u02-s004-v006,question,optionAnalysis[0].choice,2,2,4ec9599fc203d176a301536c2e091a19bc852759b255bd6818810a42c5fed14a
u02-s004-v006,question,optionAnalysis[0].reason,14,16,b60a182990a5c908776423e826591ae097127c377bea76ac5ff8dfcb5bdb08a6
u02-s004-v006,question,optionAnalysis[1].choice,2,2,c2356069e9d1e79ca924378153cfbbfb4d4416b1f99d41a2940bfdb66c5319db
u02-s004-v006,question,optionAnalysis[1].reason,14,16,b24c03a7ecbca144ae0a1bece9c1c61700d6d50b41a53fad8695c04926570a45
u02-s004-v006,question,optionAnalysis[2].choice,2,2,624b60c58c9d8bfb6ff1886c2fd605d2adeb6ea4da576068201b6c6958ce93f4
u02-s004-v006,question,optionAnalysis[2].reason,13,15,7fb823e962c038781884b5ccc54c3d4e4b337493c7abb88127f7c7d6e7c6dc90
u02-s004-v006,question,optionAnalysis[3].choice,2,2,2fca346db656187102ce806ac732e06a62df0dbb2829e511a770556d398e1a6e
u02-s004-v006,question,optionAnalysis[3].reason,14,16,3993d3da5d43d99e15e6192afc66619d5548560b9820be719666411c05f8677b
u02-s004-v006,question,commonMistake,27,71,b475665cfcbf1857d7688b4864edf56c9130e0b4432cb82ca7ed4a9188a098a8
u02-s004-v006,question,concept,17,41,42b9d46f8c8e6287222d25231f5a9f48cdcd74328d67d6e24ee81f199c8ee5b8
u02-s004-v006,question,tags[0],3,9,fd41540cbdbecb9b5fa7116d27c68e378548ab62ab7c7ca4494730a81ea87667
u02-s004-v006,question,tags[1],5,15,294efc3dd7858158cbafab6356d46df9457f950862d9dfdec0b121280bed75a6
u02-s004-v006,question,tags[2],8,8,fe6d3468cf5c74d8ec2a95b40f2e05338c37a4202f8fad692d2b64a9cf9b468a
u02-s004-v006,question,estimatedTimeSec,2,2,39fa9ec190eee7b6f4dff1100d6343e10918d044c75eac8f9e9a2596173f80c9
u02-s004-v006,question,prerequisiteSkillIds[0],28,28,83da61eccd2d510c2a970d81cd2a1e43d96360eab5d18f327b38dac7ad6f3c99
u02-s004-v006,question,authoringIntent,9,19,92e7c30f80d565675e538fce19b87bfd1f4f2f768e3ee90ffc40526ae984b2bc
u02-s004-v006,question,reviewStatus,22,22,ec809598e2f7fcc69fad54c9cd045bba62b4a0dc7c0ff90d4efdc3788c9ad8fb
u02-s004-v006,question,contentSha256,64,64,57ab8c47750038aa1ef39a5bb303939a61ce2a4f9167c1b1c93c61693ed089e0
u02-s004-v006,question,contentAuthority,25,25,ed40f75ffe3d6ad4e71f6e7919d063410490de360edb425965eccd605ca9d79e
u02-s004-v007,question,questionId,13,13,6f1c9f56ae40f7a2adb1ecbc0d0d4ba648c34ea7b825aaeef45fa847699367ad
u02-s004-v007,question,unitId,3,3,95b6504a8bd60df3a9a19ef2c504ac03429b325e9b81f0d701d07bdf6def6afb
u02-s004-v007,question,topicId,11,11,6f58a76cc1c202fbf60a6add57c6c99044e1e3af47cd9e0d4b5f88b1665e3020
u02-s004-v007,question,skillId,18,18,0aa683a7d7ff7b513d35e95e2c31ec4d9f890280b54bdf078afd383a3b6c0fa1
u02-s004-v007,question,difficulty,8,8,d21f85ea38166303ce58e06134b5cc4a5c900c409ab2a500ff7c9225109a09bb
u02-s004-v007,question,type,2,2,6bc0f9c4ecb0acbebf1b9f6c816bdd66f4885f67c917d9e141cf893014fba936
u02-s004-v007,question,visualMode,9,9,9c7d54b0bf7a9369d8594201c7b11955514343809d09fbec33966c1fd9794015
u02-s004-v007,question,sourceScope,19,19,a4b669ddb8ef1883391c07a7b633f12eeaeecee7ec37c09eea4931aff6644346
u02-s004-v007,question,text,41,71,f4952708887bb30c3e99999f02ece30c31c167c254e1892b546228d9f8ce6847
u02-s004-v007,question,choices[0],1,1,4e07408562bedb8b60ce05c1decfe3ad16b72230967de01f640b7e4729b49fce
u02-s004-v007,question,choices[1],1,1,ef2d127de37b942baad06145e54b0c619a1f22327b2ebbcfbec78f5564afe39d
u02-s004-v007,question,choices[2],1,1,4b227777d4dd1fc61c6f884f48641d02b4d121d3fd328cb08b5531fcacdabf8a
u02-s004-v007,question,choices[3],1,1,e7f6c011776e8db7cd330b54174fd76f7d0216b612387a5ffcfb81e6f0919683
u02-s004-v007,question,explanation,45,115,42bbcbc73a7456fc283473c5a7c9b8c5d96d3668bf87bd99c1ac3cd9c43463f7
u02-s004-v007,question,steps[0],8,20,24b1d2232609ea8b5887ae7248762f0dbe8b24b9df5750b927dfbfe1aea6b556
u02-s004-v007,question,steps[1],18,40,2ec5c17ca9aae3c69819aa6fc499cb7e94debaaf6f268fe2d23071662d79018c
u02-s004-v007,question,optionAnalysis[0].choice,1,1,4e07408562bedb8b60ce05c1decfe3ad16b72230967de01f640b7e4729b49fce
u02-s004-v007,question,optionAnalysis[0].reason,13,37,2810d0ab7d4da1d7c2cd9757133729e8327342ba6abfd61dd1ae462fd98f2c97
u02-s004-v007,question,optionAnalysis[1].choice,1,1,ef2d127de37b942baad06145e54b0c619a1f22327b2ebbcfbec78f5564afe39d
u02-s004-v007,question,optionAnalysis[1].reason,10,28,13b7ee973d286b7889fdad89d85924947c5a971345dd21731356bc7c633df90a
u02-s004-v007,question,optionAnalysis[2].choice,1,1,4b227777d4dd1fc61c6f884f48641d02b4d121d3fd328cb08b5531fcacdabf8a
u02-s004-v007,question,optionAnalysis[2].reason,6,8,5e4efd15ea1a50e7267b0559d7b6e781a88d0e2110b2dd7c16fca7728837c15c
u02-s004-v007,question,optionAnalysis[3].choice,1,1,e7f6c011776e8db7cd330b54174fd76f7d0216b612387a5ffcfb81e6f0919683
u02-s004-v007,question,optionAnalysis[3].reason,11,31,289f7d9093a669294045f9ba592bee0457b1464290849bf814f2f23c00103e1a
u02-s004-v007,question,commonMistake,14,32,e1b2e156267a537cb4556f9ab011eb1cbfa15352d198d62f2177d7942095f4dd
u02-s004-v007,question,concept,16,40,3d81b74c93c54ee40e5a735fa9ada17bb096ae27be52c23aab72a0a3dcc29a5c
u02-s004-v007,question,tags[0],3,9,fd41540cbdbecb9b5fa7116d27c68e378548ab62ab7c7ca4494730a81ea87667
u02-s004-v007,question,tags[1],5,15,294efc3dd7858158cbafab6356d46df9457f950862d9dfdec0b121280bed75a6
u02-s004-v007,question,tags[2],8,8,d21f85ea38166303ce58e06134b5cc4a5c900c409ab2a500ff7c9225109a09bb
u02-s004-v007,question,estimatedTimeSec,2,2,39fa9ec190eee7b6f4dff1100d6343e10918d044c75eac8f9e9a2596173f80c9
u02-s004-v007,question,prerequisiteSkillIds[0],28,28,83da61eccd2d510c2a970d81cd2a1e43d96360eab5d18f327b38dac7ad6f3c99
u02-s004-v007,question,authoringIntent,15,35,1ca3c8d36054ba0d302cd4f4b9ceed80e1425c13848e36c31af438dbd5f8cc03
u02-s004-v007,question,reviewStatus,22,22,ec809598e2f7fcc69fad54c9cd045bba62b4a0dc7c0ff90d4efdc3788c9ad8fb
u02-s004-v007,question,contentSha256,64,64,cba695585ca98e2601749adbba7b8a5c5aca29d91f4feeb943cdf065ff59ddd4
u02-s004-v007,question,contentAuthority,25,25,ed40f75ffe3d6ad4e71f6e7919d063410490de360edb425965eccd605ca9d79e
u02-s004-v008,question,questionId,13,13,276b335cc62ed24a335a30e33412a4d01cc7317b95b4d5fefe0285768f2d2bc5
u02-s004-v008,question,unitId,3,3,95b6504a8bd60df3a9a19ef2c504ac03429b325e9b81f0d701d07bdf6def6afb
u02-s004-v008,question,topicId,11,11,6f58a76cc1c202fbf60a6add57c6c99044e1e3af47cd9e0d4b5f88b1665e3020
u02-s004-v008,question,skillId,18,18,0aa683a7d7ff7b513d35e95e2c31ec4d9f890280b54bdf078afd383a3b6c0fa1
u02-s004-v008,question,difficulty,8,8,d21f85ea38166303ce58e06134b5cc4a5c900c409ab2a500ff7c9225109a09bb
u02-s004-v008,question,type,2,2,6bc0f9c4ecb0acbebf1b9f6c816bdd66f4885f67c917d9e141cf893014fba936
u02-s004-v008,question,visualMode,9,9,9c7d54b0bf7a9369d8594201c7b11955514343809d09fbec33966c1fd9794015
u02-s004-v008,question,sourceScope,19,19,a4b669ddb8ef1883391c07a7b633f12eeaeecee7ec37c09eea4931aff6644346
u02-s004-v008,question,text,25,55,b3b018db55150f447da848b8f997d2d201d97f2f0ef70c04c50435bdaa856e3d
u02-s004-v008,question,choices[0],1,1,e7f6c011776e8db7cd330b54174fd76f7d0216b612387a5ffcfb81e6f0919683
u02-s004-v008,question,choices[1],2,2,6b51d431df5d7f141cbececcf79edf3dd861c3b4069f0b11661a3eefacbba918
u02-s004-v008,question,choices[2],2,2,4ec9599fc203d176a301536c2e091a19bc852759b255bd6818810a42c5fed14a
u02-s004-v008,question,choices[3],2,2,76a50887d8f1c2e9301755428990ad81479ee21c25b43215cf524541e0503269
u02-s004-v008,question,explanation,62,123,353bc6f017ebdd3422414a88db642c66133220cfdbad62eb31541414c45ef804
u02-s004-v008,question,steps[0],30,44,6061cbfcf243fdbfd28de4726a10a168f049a6e58998c9fe7efaa6ad1909a91d
u02-s004-v008,question,steps[1],12,23,359a7f9ce1dece4cf01c4f36bc1e06ada0e39b26b494582e843ada2eff018d60
u02-s004-v008,question,optionAnalysis[0].choice,1,1,e7f6c011776e8db7cd330b54174fd76f7d0216b612387a5ffcfb81e6f0919683
u02-s004-v008,question,optionAnalysis[0].reason,32,74,53198ede7ab1b7c56d2831a6ffc6f2aa74d884cab6de546dd576f435fc401279
u02-s004-v008,question,optionAnalysis[1].choice,2,2,6b51d431df5d7f141cbececcf79edf3dd861c3b4069f0b11661a3eefacbba918
u02-s004-v008,question,optionAnalysis[1].reason,7,15,2d62f4424cf332913c43b76d3ac89021203dfd6e88ea5a2233ccb2cfb3014f7e
u02-s004-v008,question,optionAnalysis[2].choice,2,2,4ec9599fc203d176a301536c2e091a19bc852759b255bd6818810a42c5fed14a
u02-s004-v008,question,optionAnalysis[2].reason,7,15,3fdbdfd0320886edb450b6dbe839f3a4d7a5fd6ea9d3d7853489dd81a095cc4f
u02-s004-v008,question,optionAnalysis[3].choice,2,2,76a50887d8f1c2e9301755428990ad81479ee21c25b43215cf524541e0503269
u02-s004-v008,question,optionAnalysis[3].reason,12,32,8ecc1a396dc18dce1c309f51462b8e03f9bdac8b09e657c3aa7ac22aea01ecc8
u02-s004-v008,question,commonMistake,14,32,3ad35278ae3221f1e5469cc6f04f8b2d9be2c293d9c9062150b349e3b162ca44
u02-s004-v008,question,concept,22,56,86f320a3c556e02980b88d6aed239f95fd7d60a7f5dd281322d899c7ceab94a9
u02-s004-v008,question,tags[0],3,9,fd41540cbdbecb9b5fa7116d27c68e378548ab62ab7c7ca4494730a81ea87667
u02-s004-v008,question,tags[1],5,15,294efc3dd7858158cbafab6356d46df9457f950862d9dfdec0b121280bed75a6
u02-s004-v008,question,tags[2],8,8,d21f85ea38166303ce58e06134b5cc4a5c900c409ab2a500ff7c9225109a09bb
u02-s004-v008,question,estimatedTimeSec,2,2,39fa9ec190eee7b6f4dff1100d6343e10918d044c75eac8f9e9a2596173f80c9
u02-s004-v008,question,prerequisiteSkillIds[0],28,28,83da61eccd2d510c2a970d81cd2a1e43d96360eab5d18f327b38dac7ad6f3c99
u02-s004-v008,question,authoringIntent,10,22,a96779a03747229171847a7d70832007ff2ad12c5826afbe32cebb36589cd9aa
u02-s004-v008,question,reviewStatus,22,22,ec809598e2f7fcc69fad54c9cd045bba62b4a0dc7c0ff90d4efdc3788c9ad8fb
u02-s004-v008,question,contentSha256,64,64,fa3477d7c14008c7867fa02bb43dbee8a43ad8a5d90fa158c6a17715728c4d10
u02-s004-v008,question,contentAuthority,25,25,ed40f75ffe3d6ad4e71f6e7919d063410490de360edb425965eccd605ca9d79e
u02-s004-v009,question,questionId,13,13,fbf1411aa9034fb100f788e72420ce72cf9cbbec1daf23e0b739a6068d0f1680
u02-s004-v009,question,unitId,3,3,95b6504a8bd60df3a9a19ef2c504ac03429b325e9b81f0d701d07bdf6def6afb
u02-s004-v009,question,topicId,11,11,6f58a76cc1c202fbf60a6add57c6c99044e1e3af47cd9e0d4b5f88b1665e3020
u02-s004-v009,question,skillId,18,18,0aa683a7d7ff7b513d35e95e2c31ec4d9f890280b54bdf078afd383a3b6c0fa1
u02-s004-v009,question,difficulty,8,8,d21f85ea38166303ce58e06134b5cc4a5c900c409ab2a500ff7c9225109a09bb
u02-s004-v009,question,type,2,2,6bc0f9c4ecb0acbebf1b9f6c816bdd66f4885f67c917d9e141cf893014fba936
u02-s004-v009,question,visualMode,9,9,9c7d54b0bf7a9369d8594201c7b11955514343809d09fbec33966c1fd9794015
u02-s004-v009,question,sourceScope,19,19,a4b669ddb8ef1883391c07a7b633f12eeaeecee7ec37c09eea4931aff6644346
u02-s004-v009,question,text,32,50,b7ea8429bbf9cea33435ad08e183baaa99c52b48cad0bc2ea6b0dd66ebdfb2b1
u02-s004-v009,question,choices[0],1,1,ef2d127de37b942baad06145e54b0c619a1f22327b2ebbcfbec78f5564afe39d
u02-s004-v009,question,choices[1],1,1,e7f6c011776e8db7cd330b54174fd76f7d0216b612387a5ffcfb81e6f0919683
u02-s004-v009,question,choices[2],1,1,7902699be42c8a8e46fbbb4501726517e86b22c56a189f7625a6da49081b2451
u02-s004-v009,question,choices[3],1,1,2c624232cdd221771294dfbb310aca000a0df6ac8b66b696d90ef06fdefb64a3
u02-s004-v009,question,explanation,40,78,14de65234d87088956892de1be1c4d264dbc48af5c2f477b0a93db4d6928dea2
u02-s004-v009,question,steps[0],4,4,4550460a9f8474fe2a7f317ef2566a3f23a35852b4a3295940e3b68dbfc1b94a
u02-s004-v009,question,steps[1],17,19,ef4fd03847a29dcb8a40f1c1f916c870bb5a87676581868b07a5b1ce91026ebf
u02-s004-v009,question,optionAnalysis[0].choice,1,1,ef2d127de37b942baad06145e54b0c619a1f22327b2ebbcfbec78f5564afe39d
u02-s004-v009,question,optionAnalysis[0].reason,5,13,2e706590186fa4a676c8a5598fc4c8cb1fe90dd83704822dcbf8b53834d63777
u02-s004-v009,question,optionAnalysis[1].choice,1,1,e7f6c011776e8db7cd330b54174fd76f7d0216b612387a5ffcfb81e6f0919683
u02-s004-v009,question,optionAnalysis[1].reason,11,23,503a5fa58c32805214f7753e6c14821e3db57603d86e37fb88fd3f64b487e6b5
u02-s004-v009,question,optionAnalysis[2].choice,1,1,7902699be42c8a8e46fbbb4501726517e86b22c56a189f7625a6da49081b2451
u02-s004-v009,question,optionAnalysis[2].reason,9,27,d38adf1a0a6ed8b5aa952db0762fe7824b5df9d2ca49f3975bbfc35d743db9e3
u02-s004-v009,question,optionAnalysis[3].choice,1,1,2c624232cdd221771294dfbb310aca000a0df6ac8b66b696d90ef06fdefb64a3
u02-s004-v009,question,optionAnalysis[3].reason,10,30,f752654826428a19d43dd7ae850a1a8053196de3bbef7a954294668594fc03e7
u02-s004-v009,question,commonMistake,22,56,a2167ac21aaa50e5a894c6a2198c32c1bf2b90ab500ab279865da3cf968dd33d
u02-s004-v009,question,concept,18,44,323e05014f126cb15b6b996ac10ee6cd15dfd80c2b947afb614dea06adb2f5e1
u02-s004-v009,question,tags[0],3,9,fd41540cbdbecb9b5fa7116d27c68e378548ab62ab7c7ca4494730a81ea87667
u02-s004-v009,question,tags[1],5,15,294efc3dd7858158cbafab6356d46df9457f950862d9dfdec0b121280bed75a6
u02-s004-v009,question,tags[2],8,8,d21f85ea38166303ce58e06134b5cc4a5c900c409ab2a500ff7c9225109a09bb
u02-s004-v009,question,estimatedTimeSec,2,2,39fa9ec190eee7b6f4dff1100d6343e10918d044c75eac8f9e9a2596173f80c9
u02-s004-v009,question,prerequisiteSkillIds[0],28,28,83da61eccd2d510c2a970d81cd2a1e43d96360eab5d18f327b38dac7ad6f3c99
u02-s004-v009,question,authoringIntent,11,23,695befbba9730c2f0928c869cc640dbe657b33b0df1a13773d2fc3d693354569
u02-s004-v009,question,reviewStatus,22,22,ec809598e2f7fcc69fad54c9cd045bba62b4a0dc7c0ff90d4efdc3788c9ad8fb
u02-s004-v009,question,contentSha256,64,64,f014cddbb8e450c99595e7322b86c575c49d3e9d46e5268064441de1356de5fb
u02-s004-v009,question,contentAuthority,25,25,ed40f75ffe3d6ad4e71f6e7919d063410490de360edb425965eccd605ca9d79e
u02-s004-v010,question,questionId,13,13,b90678f0d20f642e50c86aca6a045c6340da54137bebb2fcd790f4ba71f1a089
u02-s004-v010,question,unitId,3,3,95b6504a8bd60df3a9a19ef2c504ac03429b325e9b81f0d701d07bdf6def6afb
u02-s004-v010,question,topicId,11,11,6f58a76cc1c202fbf60a6add57c6c99044e1e3af47cd9e0d4b5f88b1665e3020
u02-s004-v010,question,skillId,18,18,0aa683a7d7ff7b513d35e95e2c31ec4d9f890280b54bdf078afd383a3b6c0fa1
u02-s004-v010,question,difficulty,8,8,578756ca4aa16d8872610a5aaa78460fd30fbe93379ff7284fe65d66ca606755
u02-s004-v010,question,type,2,2,6bc0f9c4ecb0acbebf1b9f6c816bdd66f4885f67c917d9e141cf893014fba936
u02-s004-v010,question,visualMode,9,9,9c7d54b0bf7a9369d8594201c7b11955514343809d09fbec33966c1fd9794015
u02-s004-v010,question,sourceScope,19,19,a4b669ddb8ef1883391c07a7b633f12eeaeecee7ec37c09eea4931aff6644346
u02-s004-v010,question,text,44,116,026057b479138a07e410e7088605a4b7878f33d308be0af15f4c13dc1d1f14b3
u02-s004-v010,question,choices[0],3,5,e6f64203e3fc791e890bdb0eca7e5abe8f764eb9addac3f432ef53e8e945b281
u02-s004-v010,question,choices[1],4,6,9bf52b7bfd78be9382789c5b45342849c17fc1c84b447401c718c6c7aa6fa432
u02-s004-v010,question,choices[2],4,6,d45871e6d291b1c3dea0333317d12680ac0e19981b4a08ce98eecd0f17900e6b
u02-s004-v010,question,choices[3],4,6,56711920c2d733a6af49feff396b25a8d6e8dce5ae038cb10c39a40095aac291
u02-s004-v010,question,explanation,48,104,f7e514994c67305a0b62989bad3fda5b919d55d84e6d9fb6ca4559e1ab0b3315
u02-s004-v010,question,steps[0],13,31,5fba6a7420f349edf246e6e83406bcc0ce257d27f721e773ce1703a382567a0e
u02-s004-v010,question,steps[1],13,13,afd13a6a7afcce664b72db951638231678a7d5760cf25327abe8f16b4c32e1fd
u02-s004-v010,question,optionAnalysis[0].choice,3,5,e6f64203e3fc791e890bdb0eca7e5abe8f764eb9addac3f432ef53e8e945b281
u02-s004-v010,question,optionAnalysis[0].reason,9,25,d1e7f2f744de1dea4e5776d7992a667448d2e09e4b74eb49c4b192c3983773a3
u02-s004-v010,question,optionAnalysis[1].choice,4,6,9bf52b7bfd78be9382789c5b45342849c17fc1c84b447401c718c6c7aa6fa432
u02-s004-v010,question,optionAnalysis[1].reason,10,26,d53decb447784d8fc4c233113d7c5d23a196492b80b2037d695f05857fb70420
u02-s004-v010,question,optionAnalysis[2].choice,4,6,d45871e6d291b1c3dea0333317d12680ac0e19981b4a08ce98eecd0f17900e6b
u02-s004-v010,question,optionAnalysis[2].reason,9,19,fb758b0e7e65d6ff0ca5cd076454bc88fbf065a557cbaa7da134d624da695451
u02-s004-v010,question,optionAnalysis[3].choice,4,6,56711920c2d733a6af49feff396b25a8d6e8dce5ae038cb10c39a40095aac291
u02-s004-v010,question,optionAnalysis[3].reason,9,19,2e93d3940c8e963286025349363a853558474801193806c2e8ee79672aa11b18
u02-s004-v010,question,commonMistake,10,30,7b23c07e4da74aa0626000434e2dea600d0fe52afb9e3c487091131e8b94ad6b
u02-s004-v010,question,concept,17,43,a1dc610f40d0177a8c170215aa7599edd280664c5ce46d07b8cff50944e7fc5e
u02-s004-v010,question,tags[0],3,9,fd41540cbdbecb9b5fa7116d27c68e378548ab62ab7c7ca4494730a81ea87667
u02-s004-v010,question,tags[1],5,15,294efc3dd7858158cbafab6356d46df9457f950862d9dfdec0b121280bed75a6
u02-s004-v010,question,tags[2],8,8,578756ca4aa16d8872610a5aaa78460fd30fbe93379ff7284fe65d66ca606755
u02-s004-v010,question,estimatedTimeSec,2,2,39fa9ec190eee7b6f4dff1100d6343e10918d044c75eac8f9e9a2596173f80c9
u02-s004-v010,question,prerequisiteSkillIds[0],28,28,83da61eccd2d510c2a970d81cd2a1e43d96360eab5d18f327b38dac7ad6f3c99
u02-s004-v010,question,authoringIntent,13,29,d41c8a46d538f83eeafcbbef7d1f65ca1e60a740f1655d27ef24e6d0e71b2c34
u02-s004-v010,question,literacyContextNecessity,39,117,d22e59d655dd5751ba9f69daa182507c07fca7f047e0dbb27ef422caee54769c
u02-s004-v010,question,reviewStatus,22,22,ec809598e2f7fcc69fad54c9cd045bba62b4a0dc7c0ff90d4efdc3788c9ad8fb
u02-s004-v010,question,contentSha256,64,64,515cbb2b463c69934466cb376256bcba7ea4ac6c8a140f0ad55a906289d59272
u02-s004-v010,question,contentAuthority,25,25,ed40f75ffe3d6ad4e71f6e7919d063410490de360edb425965eccd605ca9d79e
u02-s004-v011,question,questionId,13,13,9626bd24dbff226ad904b82330e1f5db76da4f94a9339651017305ed5c2bf76b
u02-s004-v011,question,unitId,3,3,95b6504a8bd60df3a9a19ef2c504ac03429b325e9b81f0d701d07bdf6def6afb
u02-s004-v011,question,topicId,11,11,6f58a76cc1c202fbf60a6add57c6c99044e1e3af47cd9e0d4b5f88b1665e3020
u02-s004-v011,question,skillId,18,18,0aa683a7d7ff7b513d35e95e2c31ec4d9f890280b54bdf078afd383a3b6c0fa1
u02-s004-v011,question,difficulty,8,8,578756ca4aa16d8872610a5aaa78460fd30fbe93379ff7284fe65d66ca606755
u02-s004-v011,question,type,2,2,6bc0f9c4ecb0acbebf1b9f6c816bdd66f4885f67c917d9e141cf893014fba936
u02-s004-v011,question,visualMode,9,9,9c7d54b0bf7a9369d8594201c7b11955514343809d09fbec33966c1fd9794015
u02-s004-v011,question,sourceScope,19,19,a4b669ddb8ef1883391c07a7b633f12eeaeecee7ec37c09eea4931aff6644346
u02-s004-v011,question,text,41,105,de766a8cc4786c4e6530810c376ec1aec7ea1d33d7797fc8e3f7a4f4c3d582c4
u02-s004-v011,question,choices[0],5,9,11b7eaf2b6dcff5f95255b36ea5e9d594b8e66da39ff888c310d529ab325d59f
u02-s004-v011,question,choices[1],5,9,9ff2943516b9ba8509d3a01df5a8307e9bd2a40dad2f88fd4106dd8feedea5ea
u02-s004-v011,question,choices[2],5,9,4fade56232f717edb414824fc03a45c4159dd64c08523193dc2ee15016ba7139
u02-s004-v011,question,choices[3],5,9,599282294b539a7a712df0d254b19af182b6f20faf216c6d8e344287377c40ac
u02-s004-v011,question,explanation,42,98,e953cbb1db2bdcc7bd340bd402764c4294d465cb6f2c8d9c5f1ca59698dc0ed5
u02-s004-v011,question,steps[0],13,29,e71d5551a5e442d41d3832b8e44e9ad6a65a5d4a8ea818b4f66718ad63e69a92
u02-s004-v011,question,steps[1],6,6,d41aec675c88054ad5a50aaa9c89e7c87463a22bbd82108b942710fad640a9ef
u02-s004-v011,question,optionAnalysis[0].choice,5,9,11b7eaf2b6dcff5f95255b36ea5e9d594b8e66da39ff888c310d529ab325d59f
u02-s004-v011,question,optionAnalysis[0].reason,10,26,2b87b945dbf864c27bf094d2742a1133fb7479ba82bbb50d365e4e5c5929ae5c
u02-s004-v011,question,optionAnalysis[1].choice,5,9,9ff2943516b9ba8509d3a01df5a8307e9bd2a40dad2f88fd4106dd8feedea5ea
u02-s004-v011,question,optionAnalysis[1].reason,10,26,7ce2acc4af31909e08d28cf3ae4d872281d0ec973e7fdae25eec75380903e0c0
u02-s004-v011,question,optionAnalysis[2].choice,5,9,4fade56232f717edb414824fc03a45c4159dd64c08523193dc2ee15016ba7139
u02-s004-v011,question,optionAnalysis[2].reason,10,26,9ee4c0b1f8b87d0b2e57b562f98e690ff2dc2c87d18cb2a7b28b15d887586d8e
u02-s004-v011,question,optionAnalysis[3].choice,5,9,599282294b539a7a712df0d254b19af182b6f20faf216c6d8e344287377c40ac
u02-s004-v011,question,optionAnalysis[3].reason,9,19,b3e83e50a1b8f88149a7382c5ab7dda455eb4eca1f39721f880e2dabab373571
u02-s004-v011,question,commonMistake,16,48,42c163d7739d7fbe80848d28d7f301dfe9aa2181eb5c07ca81a6d77476a2e5a6
u02-s004-v011,question,concept,13,31,5911f1a57029059b1d9c94f3c10593cca86349eacc6e3f833080b6f181882366
u02-s004-v011,question,tags[0],3,9,fd41540cbdbecb9b5fa7116d27c68e378548ab62ab7c7ca4494730a81ea87667
u02-s004-v011,question,tags[1],5,15,294efc3dd7858158cbafab6356d46df9457f950862d9dfdec0b121280bed75a6
u02-s004-v011,question,tags[2],8,8,578756ca4aa16d8872610a5aaa78460fd30fbe93379ff7284fe65d66ca606755
u02-s004-v011,question,estimatedTimeSec,2,2,39fa9ec190eee7b6f4dff1100d6343e10918d044c75eac8f9e9a2596173f80c9
u02-s004-v011,question,prerequisiteSkillIds[0],28,28,83da61eccd2d510c2a970d81cd2a1e43d96360eab5d18f327b38dac7ad6f3c99
u02-s004-v011,question,authoringIntent,14,32,6dd60c1189350f815996a54490bda35bceb3e4da5c06de67d20c3b7f12b19a3f
u02-s004-v011,question,literacyContextNecessity,33,99,c4950097cabf86061730fc14d10758a1a20e5bee56ff09c955b653be96e48dfc
u02-s004-v011,question,reviewStatus,22,22,ec809598e2f7fcc69fad54c9cd045bba62b4a0dc7c0ff90d4efdc3788c9ad8fb
u02-s004-v011,question,contentSha256,64,64,18baa9144f98af83ab7789bde341e0302ac8481506dd08128a87f2f123c224c7
u02-s004-v011,question,contentAuthority,25,25,ed40f75ffe3d6ad4e71f6e7919d063410490de360edb425965eccd605ca9d79e
u02-s004-v012,question,questionId,13,13,6bfbda522cd9ebf4b808f9ac7cdc5d84b25e3d6b0db811e7f2eba2815b76bec3
u02-s004-v012,question,unitId,3,3,95b6504a8bd60df3a9a19ef2c504ac03429b325e9b81f0d701d07bdf6def6afb
u02-s004-v012,question,topicId,11,11,6f58a76cc1c202fbf60a6add57c6c99044e1e3af47cd9e0d4b5f88b1665e3020
u02-s004-v012,question,skillId,18,18,0aa683a7d7ff7b513d35e95e2c31ec4d9f890280b54bdf078afd383a3b6c0fa1
u02-s004-v012,question,difficulty,8,8,578756ca4aa16d8872610a5aaa78460fd30fbe93379ff7284fe65d66ca606755
u02-s004-v012,question,type,2,2,6bc0f9c4ecb0acbebf1b9f6c816bdd66f4885f67c917d9e141cf893014fba936
u02-s004-v012,question,visualMode,9,9,9c7d54b0bf7a9369d8594201c7b11955514343809d09fbec33966c1fd9794015
u02-s004-v012,question,sourceScope,19,19,a4b669ddb8ef1883391c07a7b633f12eeaeecee7ec37c09eea4931aff6644346
u02-s004-v012,question,text,52,139,f4d4284b0822293946eb6fd20723cbb96cda69d0c0a63caa835542e601e07837
u02-s004-v012,question,choices[0],5,9,50ec88d59d9cd851afdf2faac8da37f6f76dd935ece67a54bc1acce42e50bf19
u02-s004-v012,question,choices[1],5,9,a6a75767a00541fff9b6ad28a144ca4c608bc4a4f2b8ed4248d44f9f1e3f6913
u02-s004-v012,question,choices[2],5,9,db812d8241091a09d68d7e1c6d2c3378f6b9938be44edebb1b1b6bc18ff36be2
u02-s004-v012,question,choices[3],5,9,84edf5b85131cc6be4e8e6218cf43abc478af642ea8229b40b1910e65bfce021
u02-s004-v012,question,explanation,53,115,988ddbb88fd98c9801ec1896e5f4b5df8ccb7bfecbbf888b0fa0c4a4d76bcb47
u02-s004-v012,question,steps[0],16,38,36eff6f0ee15d90a1a2077ab1d40fd4517ebd01453cc4f43dc1f7700421de902
u02-s004-v012,question,steps[1],14,14,132260acbdcd4faac50509b0bc338ee4b28341e895aff2816235000a39959082
u02-s004-v012,question,optionAnalysis[0].choice,5,9,50ec88d59d9cd851afdf2faac8da37f6f76dd935ece67a54bc1acce42e50bf19
u02-s004-v012,question,optionAnalysis[0].reason,10,26,a998e8cbdb5b9b229687d9fff093ffacd09dee4f3ca432cb35e309d035d2046a
u02-s004-v012,question,optionAnalysis[1].choice,5,9,a6a75767a00541fff9b6ad28a144ca4c608bc4a4f2b8ed4248d44f9f1e3f6913
u02-s004-v012,question,optionAnalysis[1].reason,10,26,c4abcdb57841d60fb698f34693e89ef148b5b129e1aee92ec55fdc09960a322f
u02-s004-v012,question,optionAnalysis[2].choice,5,9,db812d8241091a09d68d7e1c6d2c3378f6b9938be44edebb1b1b6bc18ff36be2
u02-s004-v012,question,optionAnalysis[2].reason,9,19,85f849d5c3d2c03e8b94254537429a7ce52f6da5e1d8275d88a6ade9aaa99e18
u02-s004-v012,question,optionAnalysis[3].choice,5,9,84edf5b85131cc6be4e8e6218cf43abc478af642ea8229b40b1910e65bfce021
u02-s004-v012,question,optionAnalysis[3].reason,12,32,a6080a768590dd7f60cd615d34f64bd1a59a06b0002071ed716f6a34c55a49e9
u02-s004-v012,question,commonMistake,21,63,c3118bb593dbf80d210d50763dbdad6eb794a5f7dc5985ac28f09c15ad249643
u02-s004-v012,question,concept,16,40,3aed2424226e8a97df21427e7e9bf2552a76fa0f4e23a289a2d98b414ec7e1e0
u02-s004-v012,question,tags[0],3,9,fd41540cbdbecb9b5fa7116d27c68e378548ab62ab7c7ca4494730a81ea87667
u02-s004-v012,question,tags[1],5,15,294efc3dd7858158cbafab6356d46df9457f950862d9dfdec0b121280bed75a6
u02-s004-v012,question,tags[2],8,8,578756ca4aa16d8872610a5aaa78460fd30fbe93379ff7284fe65d66ca606755
u02-s004-v012,question,estimatedTimeSec,2,2,39fa9ec190eee7b6f4dff1100d6343e10918d044c75eac8f9e9a2596173f80c9
u02-s004-v012,question,prerequisiteSkillIds[0],28,28,83da61eccd2d510c2a970d81cd2a1e43d96360eab5d18f327b38dac7ad6f3c99
u02-s004-v012,question,authoringIntent,12,26,9b1d7a19725770d520db129597792d35e9c9ff108fda377e00427cbe93a0520d
u02-s004-v012,question,literacyContextNecessity,27,81,bb10c9ca2f21abb49607fcd39c1bd3e5bbaae62d91c9307a945d5fe8deec8d96
u02-s004-v012,question,reviewStatus,22,22,ec809598e2f7fcc69fad54c9cd045bba62b4a0dc7c0ff90d4efdc3788c9ad8fb
u02-s004-v012,question,contentSha256,64,64,32347a668bc76c9737c5fdb29db99d85c4c7f8aed2136f7df39106c1a6cb151a
u02-s004-v012,question,contentAuthority,25,25,ed40f75ffe3d6ad4e71f6e7919d063410490de360edb425965eccd605ca9d79e
u02-s004-cr001,question,questionId,14,14,a2dcaa930375f0cdb66d52e799add38816d2b0526d8cf12ba4c0b3eb0f6f82c9
u02-s004-cr001,question,unitId,3,3,95b6504a8bd60df3a9a19ef2c504ac03429b325e9b81f0d701d07bdf6def6afb
u02-s004-cr001,question,topicId,11,11,6f58a76cc1c202fbf60a6add57c6c99044e1e3af47cd9e0d4b5f88b1665e3020
u02-s004-cr001,question,skillId,18,18,0aa683a7d7ff7b513d35e95e2c31ec4d9f890280b54bdf078afd383a3b6c0fa1
u02-s004-cr001,question,difficulty,8,8,fe6d3468cf5c74d8ec2a95b40f2e05338c37a4202f8fad692d2b64a9cf9b468a
u02-s004-cr001,question,type,20,20,e519496c259191db041ac61161dbfadb673dd94a10a123ed7423adcf7968ae7c
u02-s004-cr001,question,visualMode,9,9,9c7d54b0bf7a9369d8594201c7b11955514343809d09fbec33966c1fd9794015
u02-s004-cr001,question,prompt,27,59,14091f2e95a2b1854181bb911c20933f7336618a177db704fa1cb5af425a71b0
u02-s004-cr001,question,requiredWork[0],7,21,42328421c4374689311f57246d4ecb200a564bf2638c67080c2b6596e8b3bb70
u02-s004-cr001,question,requiredWork[1],11,33,2537b08c687321f645a2c8fe98916c995b2974ab83de7216eb552eba3061e0b4
u02-s004-cr001,question,fullCreditSolution[0],10,16,9ade2268ad54e7767b13b0652023bb8856bd06534fc15748be41fc9d45dec1a6
u02-s004-cr001,question,fullCreditSolution[1],12,18,843ec5157a50cb873b9a9c7214253e60a90706bdbf4dd8cc25bcd77c90112f1c
u02-s004-cr001,question,fullCreditSolution[2],12,18,071d534c5421283fcf9f614e0acdc439d1823bfdf8088373f684ada511ff2ae5
u02-s004-cr001,question,fullCreditSolution[3],13,26,9cd494a7d9831efa17387b263b2b24f99c803fbd6361a3d35549bd5822231f76
u02-s004-cr001,question,alternativeSolutions[0],32,50,a9964dc1e588246e79fa08b82a3ea8ee325fe6936ee52265391aecb735fffe42
u02-s004-cr001,question,rubric[0].criteria,13,27,153ae43ce51af396533fd029df0e06bb7350874abccfa83f2ebb03fc0d1bc0e1
u02-s004-cr001,question,rubric[1].criteria,14,42,74c0c538cb5e99347273632aed0d1bc71c3cd44ad5297cfc7bacfd0d1975388d
u02-s004-cr001,question,rubric[2].criteria,17,51,454f6e9be4ba33d2beb0b40edae100edeb05d84d7a3aaf42f8ef7e966cf8e785
u02-s004-cr001,question,rubric[3].criteria,16,42,9fe238012331295039354616dc2a9f201b906c51f3dad045d850d30dc949af8e
u02-s004-cr001,question,scoringNotes[0],11,33,9ff35bc477168e700762c048c8948a12c658c58599773e02baa0ffa7ce0e71dc
u02-s004-cr001,question,commonErrors[0],7,17,c0616b65af99efd41c3d88f523c0be353a1e992a0b0c5c66a6a1e8440a83cb2b
u02-s004-cr001,question,commonErrors[1],6,14,51802a071bc446e16b47920a5dba9704c1aa4ea24bfef9a2310a797263dab314
u02-s004-cr001,question,independentReview.derivedResult,7,9,f833fb7d3b488a2ec6c728323e6bbcd69099dfc565ed9e0f57c99a77079d8bd4
u02-s004-cr001,question,independentReview.ambiguity,13,39,a002cc7730a51394b314637b0319ebef4fcc15c200e373b3295a24c89981de0a
u02-s004-cr001,question,independentReview.decision,4,4,d74ff0ee8da3b9806b18c877dbf29bbde50b5bd8e4dad7a3a725000feb82e8f1
u02-s004-cr001,question,contentSha256,64,64,bd8e4312f569c5a6f52a0428962fca1506184774b592a609000c850e856a64d3
u02-s004-cr001,question,contentAuthority,25,25,ed40f75ffe3d6ad4e71f6e7919d063410490de360edb425965eccd605ca9d79e
u02-s004-cr002,question,questionId,14,14,20d4cad39ec0a2930dc16f436b36362c5d3c27f5115d61100d230a3a8865af9b
u02-s004-cr002,question,unitId,3,3,95b6504a8bd60df3a9a19ef2c504ac03429b325e9b81f0d701d07bdf6def6afb
u02-s004-cr002,question,topicId,11,11,6f58a76cc1c202fbf60a6add57c6c99044e1e3af47cd9e0d4b5f88b1665e3020
u02-s004-cr002,question,skillId,18,18,0aa683a7d7ff7b513d35e95e2c31ec4d9f890280b54bdf078afd383a3b6c0fa1
u02-s004-cr002,question,difficulty,8,8,d21f85ea38166303ce58e06134b5cc4a5c900c409ab2a500ff7c9225109a09bb
u02-s004-cr002,question,type,20,20,e519496c259191db041ac61161dbfadb673dd94a10a123ed7423adcf7968ae7c
u02-s004-cr002,question,visualMode,9,9,9c7d54b0bf7a9369d8594201c7b11955514343809d09fbec33966c1fd9794015
u02-s004-cr002,question,prompt,38,72,4cc2913dd8499e1330b5247e01c54ddd09afa232964009ce3354522148d981d6
u02-s004-cr002,question,requiredWork[0],16,42,1bb214e2f74cc99ead2591f8e5a503070971f6288c8eb99528626b3ba7efdcb7
u02-s004-cr002,question,requiredWork[1],20,56,ad9057712c841455c937608acb6867e59279452fde08ddf06dccc645944e3ca7
u02-s004-cr002,question,requiredWork[2],10,30,2ac6cdbc8714c3ba22d6a9a759a671aaf379cc1287cd869649c001ebdf9f9730
u02-s004-cr002,question,fullCreditSolution[0],21,29,7454a4d3a9bd1a4364be87f2437d3b2d72369e767b55455584a12c73ca568c3f
u02-s004-cr002,question,fullCreditSolution[1],35,58,9148465199197767278817c862008c243b3f7ab7780b7d92752a28f093e47857
u02-s004-cr002,question,alternativeSolutions[0],35,97,941e5988cf74c72dddd6040b171b5c3058506e349047b6958499205a0b11c743
u02-s004-cr002,question,rubric[0].criteria,23,49,4a750e99de2dd5a5bcfd64fd42c3def9951345e951f63e2b890d8c541537bfd6
u02-s004-cr002,question,rubric[1].criteria,13,39,69ebbe6c571c10db51daf78010882bda713fb2332bf9d082887850315555e818
u02-s004-cr002,question,rubric[2].criteria,8,22,0b204d4f8e1c339487ce4cd8a88e59ca1ebf6eaf8d5381ef7af8339f7a3f7f10
u02-s004-cr002,question,rubric[3].criteria,12,24,ac98e49748a0aa625cdf85e8dfe048c7e01b2c291efb13799a79e150933009b5
u02-s004-cr002,question,scoringNotes[0],12,30,c188bac16e983a95975ef52cbd449970d4204f6334e43df62eaf3a34f2071671
u02-s004-cr002,question,commonErrors[0],11,19,9a661159226bba8f37146543b1836645991eab7a911cea93e78b2a2733bb09a9
u02-s004-cr002,question,commonErrors[1],11,19,7f9cdc015535b14d90c492a6ece413de9b3b6ad490b9909cf3ed4f6065aef803
u02-s004-cr002,question,independentReview.derivedResult,34,76,4061f68668ce3acd507e6fd71e9c4e4c8cb1da8530e69db75aab494574839530
u02-s004-cr002,question,independentReview.ambiguity,44,118,9757cbe712d82e1003085f1fae50309a10a4864783c3f916aa631d1d0fbcab69
u02-s004-cr002,question,independentReview.decision,4,4,d74ff0ee8da3b9806b18c877dbf29bbde50b5bd8e4dad7a3a725000feb82e8f1
u02-s004-cr002,question,contentSha256,64,64,6296a0f3627738748799b24d18e541c13b88127f7862e00aa5eb03f68d3f43e5
u02-s004-cr002,question,contentAuthority,25,25,ed40f75ffe3d6ad4e71f6e7919d063410490de360edb425965eccd605ca9d79e
u02-s005-lecture-r1,lecture,lectureId,19,19,74973bc26c74a123365667505c0e5699254f1b4ea7fda60b15e81283ddef9f78
u02-s005-lecture-r1,lecture,unitId,3,3,95b6504a8bd60df3a9a19ef2c504ac03429b325e9b81f0d701d07bdf6def6afb
u02-s005-lecture-r1,lecture,topicId,11,11,6f58a76cc1c202fbf60a6add57c6c99044e1e3af47cd9e0d4b5f88b1665e3020
u02-s005-lecture-r1,lecture,skillId,18,18,74fd87617adfa37b35b4f05cc5948915722f0d296e1a1a022cf106a63d7e9de1
u02-s005-lecture-r1,lecture,title,22,66,de08f1d3dd7fce5204cbd48df5e7f0fce929587a14a2d939149217f1b4a2f809
u02-s005-lecture-r1,lecture,audience,10,30,e6b4416fbd9f36797de01256b31a4d6f6314e126fde8495e25792c814f64fc5f
u02-s005-lecture-r1,lecture,reviewStatus,22,22,ec809598e2f7fcc69fad54c9cd045bba62b4a0dc7c0ff90d4efdc3788c9ad8fb
u02-s005-lecture-r1,lecture,learningOutcomes[0],16,42,539d339cc92f030d4dd5f4f597a99864110d754baf6604591ee96614053a50e5
u02-s005-lecture-r1,lecture,learningOutcomes[1],10,30,c09cae97aac5ff656e10fb2e06fc2d222365990fe42dfb07d8cf39a77d1dd1ed
u02-s005-lecture-r1,lecture,learningOutcomes[2],15,45,fcf503daca8a0315a13cb1e8d310ea70ef08bc874520bea26d160f53c666b6b2
u02-s005-lecture-r1,lecture,learningOutcomes[3],15,39,630cb614c5e3104e1ea68aa5f9d33aca7eccae089d256371a8b6e470057720f9
u02-s005-lecture-r1,lecture,prerequisites[0].skillId,18,18,0aa683a7d7ff7b513d35e95e2c31ec4d9f890280b54bdf078afd383a3b6c0fa1
u02-s005-lecture-r1,lecture,prerequisites[0].requiredLevel,19,57,3e5bb316f8a6839e919205bb60d1d517846575a235b7f45aa9b94769ddbb6819
u02-s005-lecture-r1,lecture,glossary[0].term,3,9,f87415674d27e1143cc500a704028e931e5961e68fa95c21a95789f593e39129
u02-s005-lecture-r1,lecture,glossary[0].definition,15,45,7ba1ce8a9a80597611ec7c12ffa3fc32ab61b72cd35c71ced95a75b4ea353c42
u02-s005-lecture-r1,lecture,glossary[1].term,5,15,6c9ca49af6946fe37f71fe7283775eb9f5c0bf38ab10edd1313183aa01361a61
u02-s005-lecture-r1,lecture,glossary[1].definition,9,27,bd83f86f137c9268b25a7d6203778ffbe1ece9bda781ceae0b2715179a966085
u02-s005-lecture-r1,lecture,glossary[2].term,3,3,9db65f55153fc0713de9d77327153369a5805bd55efa02228347cec08e53c8ed
u02-s005-lecture-r1,lecture,glossary[2].definition,26,34,32e5a2cd2b8f30b757f24128d583cfae21816bd692fbddbd6bbcd100fd65432e
u02-s005-lecture-r1,lecture,glossary[3].term,4,12,6dba64487ea73f2291f3cf3094164ce73958e1bf1d2afad43ca143eba06213cd
u02-s005-lecture-r1,lecture,glossary[3].definition,19,57,d2099bcd9db563ab5a1db9f36c366af626ab91a0f93230943d3c3305741e1334
u02-s005-lecture-r1,lecture,notation[0].symbol,8,8,4a2da1b6c6c744d15215492c61000f5bbb1dc044a1809b92d6fa7cc0a23984cb
u02-s005-lecture-r1,lecture,notation[0].meaning,10,26,2546a0f5bf7eef9c04dca6766fc6402b7b95c9be2bfaff32e30010f44f1e5cef
u02-s005-lecture-r1,lecture,conceptNarrative[0],19,51,c6a29424db8af0bdfe30106a43988638cfab6b557ccca30683e53d38f1a8d910
u02-s005-lecture-r1,lecture,conceptNarrative[1],27,81,4ad0ca3ca021a4a4267c3864f67d886381f88502cdb72189b94818b0323bbca3
u02-s005-lecture-r1,lecture,conceptNarrative[2],19,33,71ad5e6c461c35f7d395ad3aeef744fb361d200e8b2c4629f1c1ca220cc22ff1
u02-s005-lecture-r1,lecture,conceptNarrative[3],18,48,d5816be592f928367b14f4c0f11245a9a93899d9f66b92300bbdea71293f5078
u02-s005-lecture-r1,lecture,formalDefinitions[0].name,5,15,6c9ca49af6946fe37f71fe7283775eb9f5c0bf38ab10edd1313183aa01361a61
u02-s005-lecture-r1,lecture,formalDefinitions[0].statement,19,57,b606b0328773ec616b71cdb59228480a79b443eae3161d0c6e3c43d604da2bd5
u02-s005-lecture-r1,lecture,formulas[0].formula,16,40,2a242b983d32cac4b8ee7c76ebd4fbb2f023658476b7f3998fd5e00e423b8940
u02-s005-lecture-r1,lecture,formulas[0].conditions[0],10,30,411134300dd3c746ec893175754852343c397b786f1931d848b40379b91b8872
u02-s005-lecture-r1,lecture,formulas[0].meaning,5,15,4698f1ce31cf4341f8cc701289bb94084db23c45f7f5ba95292ec619f2cb9d58
u02-s005-lecture-r1,lecture,nonApplicableCases[0],16,46,406949ebe0cdcfc2b4ee4276ad322647523590a76fab5bf47ddfcb2725a64000
u02-s005-lecture-r1,lecture,nonApplicableCases[1],13,33,fd17fbd7053bedd6764a7761fa0f5822ab319c54b23fcb5347f2ef10447d7c0b
u02-s005-lecture-r1,lecture,nonApplicableCases[2],17,51,c9b96b12eed222f271d8efc371d8b200d50f33bccc4ac583047e66bc640fc654
u02-s005-lecture-r1,lecture,nonApplicableCases[3],16,48,c11f6668ac1358f2f5ba3458db4025fd46ca06f12dcbc1dbc0e07e5a0063700d
u02-s005-lecture-r1,lecture,method[0].instruction,5,15,9c290d2958b0a9f6485080ccd7b1791cd4f88623b7c6ce5f48ebf4cfcff55b6e
u02-s005-lecture-r1,lecture,method[0].check,10,30,3a761580389ece3b659cab61f1824618178ae50c9d14d2bb6bb6ca048965a87c
u02-s005-lecture-r1,lecture,method[1].instruction,12,36,1a4cc8828ac54beee9fbf0b42d1dff74fd9ed7c87d9e1bd6ca9b8bde10d37b20
u02-s005-lecture-r1,lecture,method[1].check,13,39,2801b8e66cf18ae0e87230bdada05a6c900a897ec148ce4b3ca76accfaa6e428
u02-s005-lecture-r1,lecture,method[2].instruction,9,27,6393084b96bfcd4b3f0468f78026ecc834ce04bd8f92e518aa1b734ce129a81f
u02-s005-lecture-r1,lecture,method[2].check,12,36,2461a6cf1e4025858a224be4d9ddd6554e77c204186f008c8f8065ef2ce3854f
u02-s005-lecture-r1,lecture,method[3].instruction,8,18,2c8576d6ee4113316c33b4e14791695581a6dc5f2682ff0575c7712a0a84c252
u02-s005-lecture-r1,lecture,method[3].check,9,27,0890fdd404a852316ebe9b0d1ba348fc83bc4c964f318bfc8d74daeb0dbca9f7
u02-s005-lecture-r1,lecture,method[4].instruction,9,27,bddaaea18dc17f585b66c76dbf59a2da01d36b7a2b9bcc950ffdd87d5508d5e4
u02-s005-lecture-r1,lecture,method[4].check,11,33,bb3ca027b82fe947354167fa8aaf8caaaafb05098ac80af49cb320b1b26b1b58
u02-s005-lecture-r1,lecture,workedExamples[0].exampleId,2,2,dffe8596427fc50e8f64654a609af134d45552f18bbecef90b31135a9e7acaa0
u02-s005-lecture-r1,lecture,workedExamples[0].prompt,12,16,8cb1a7dc1caefa5c385a2666435aa47ee5d701263655779aa08b3c01ff72fe88
u02-s005-lecture-r1,lecture,workedExamples[0].solutionSteps[0],13,20,5316b072201d034af2e557180ba1bdf4b435d665cae18fa1290611f0eba289fa
u02-s005-lecture-r1,lecture,workedExamples[0].solutionSteps[1],6,12,594fccbb6780cbb941e45459bf90a10661cc63cf29abc323f76262d79b3e8383
u02-s005-lecture-r1,lecture,workedExamples[0].answer,3,5,fcfc6ed8180e65ec8857a1e2fedee44b83c9380eb7dd6bc317ad09fc2748785c
u02-s005-lecture-r1,lecture,workedExamples[1].exampleId,2,2,d76354d8457898445bb69e0dc0dc95fb74cc3cf334f8c1859162a16ad0041f8d
u02-s005-lecture-r1,lecture,workedExamples[1].prompt,16,20,e5d8e4e093132330195cf9cafe3af32c29152c1b1fa84477712e1f485d0f846a
u02-s005-lecture-r1,lecture,workedExamples[1].solutionSteps[0],19,37,1c87628b56116cbe0d41fff58b0b900b484d72ae1706ea222615dcced9331165
u02-s005-lecture-r1,lecture,workedExamples[1].solutionSteps[1],9,17,eb46614b89e5c990bd2f3d908548db0f4a0fe28c9324699588c24f899b377ccc
u02-s005-lecture-r1,lecture,workedExamples[1].answer,4,6,13025f3fef7869f896600d07c603b1eae3e099b9050f33c3d2d98ff6e012c999
u02-s005-lecture-r1,lecture,workedExamples[2].exampleId,2,2,842983de8fb1d277a3fad5c8295c7a14317c458718a10c5a35b23e7f992a5c80
u02-s005-lecture-r1,lecture,workedExamples[2].prompt,8,18,fe170e0796314c6a527769f32746da4aecf52d98467149b4d893f397dc2f2247
u02-s005-lecture-r1,lecture,workedExamples[2].solutionSteps[0],13,29,0005f2b7a65abaccfc732457eaf85cf134cf5a66c82bc29607fd91d9a0cfbfc6
u02-s005-lecture-r1,lecture,workedExamples[2].solutionSteps[1],8,20,288203055a60e0d9e60d9bafc3286c2a86479df97ca46d43f84cbc86a1bf5adf
u02-s005-lecture-r1,lecture,workedExamples[2].answer,13,15,09963094fa703dc719c5725ac9b49af58f02314aff658389d0930703391f8663
u02-s005-lecture-r1,lecture,workedExamples[3].exampleId,2,2,4a5a97c6433c4c062457e9335709d57493e75527809d8a9586c141e591ac9f2c
u02-s005-lecture-r1,lecture,workedExamples[3].prompt,50,132,eb031cff0af7faad1aeac90ffd6d832fe8fd51836dc0383104c4456600a04adf
u02-s005-lecture-r1,lecture,workedExamples[3].solutionSteps[0],17,39,7c5f14c57c693f0f1ac64a980ee3b405d8b3563cb99905324efae67e4eeb19b9
u02-s005-lecture-r1,lecture,workedExamples[3].solutionSteps[1],15,43,851fc293f2888ecde36257b7301850879037c55f3b8eff2d4127953af5dfb95a
u02-s005-lecture-r1,lecture,workedExamples[3].answer,3,7,fb9924750a214268a38db10a611e4e9e8a8e203ada099a60b26e8c91c9667600
u02-s005-lecture-r1,lecture,commonMistakes[0].mistake,11,33,e9b38612fc9e910d26836383cfb94c712b0f30c66e4e5220c820ca0d6bd2a7bb
u02-s005-lecture-r1,lecture,commonMistakes[0].why,8,18,dff3780638c5cd52457475c23c92738bbdf7f47e770fcc7b676023be19a3ed8e
u02-s005-lecture-r1,lecture,commonMistakes[0].correction,9,21,74d2b244e3908436ead903e2ba6e2ab2e3414a78b22a15b9ae8fcc43bf61d8da
u02-s005-lecture-r1,lecture,commonMistakes[1].mistake,13,39,cb95fb9b5ad30543d115e430814934ef22b06584d1166e638a78e622183057af
u02-s005-lecture-r1,lecture,commonMistakes[1].why,7,21,927c9efdea1f7f6521a0558bb51328e6476f6abae3de0cdedb025af9b3b8696f
u02-s005-lecture-r1,lecture,commonMistakes[1].correction,9,21,ca3dcaa708dfc24aa6868b1f930fbf6bc39d6c27f81d7eb13af0bcc50551df6d
u02-s005-lecture-r1,lecture,commonMistakes[2].mistake,11,33,f838971fcdbc69bd9e6c952e36d23de5c9752c1b2cf23dcd761e87267f9b2747
u02-s005-lecture-r1,lecture,commonMistakes[2].why,13,39,af05363fa7a3fc8975529a1ea8dd2ecbc6faf03a1ca01fac170729c2820ee490
u02-s005-lecture-r1,lecture,commonMistakes[2].correction,7,21,596c781f4090ca67fcdb844919980ef1654f779f8f1c4245d3f80a45b79f7d66
u02-s005-lecture-r1,lecture,commonMistakes[3].mistake,12,36,b3bcf8e98a13799853e16e3dc3429ebe8aab431c1089ad0f17203a63731d611a
u02-s005-lecture-r1,lecture,commonMistakes[3].why,7,21,c48a6e743adcde84bb40f8276e0cd9d04fd188b751f58d9b0f73160442f3ef58
u02-s005-lecture-r1,lecture,commonMistakes[3].correction,7,21,ec086bbc870d4a8830308a15b0cf28e7b3ca5a5d84050b9a870f47ab0275f83c
u02-s005-lecture-r1,lecture,commonMistakes[4].mistake,11,33,2954cbdf5ddd95a6c262fd6c984bd711ef29ab59badaf4f2fe0f1efd7957e735
u02-s005-lecture-r1,lecture,commonMistakes[4].why,9,27,6493b406a64449b385b3c868172cc4a9e04066769411e3a9e2a814969b5ba915
u02-s005-lecture-r1,lecture,commonMistakes[4].correction,8,24,0a7f169b9cac2092cf0645a98ea370f730134b3726ee4fa8d10fcec9ed9b635b
u02-s005-lecture-r1,lecture,commonMistakes[5].mistake,12,36,ab78a5afc1178e6ca502ef3e171afa44b3705a45f61db148a41e8bec956d81b4
u02-s005-lecture-r1,lecture,commonMistakes[5].why,14,42,86d5771f113ffe43c3ea1f0c877dd08b7b3cca6c9f0e44e66eb16c8ca57259fe
u02-s005-lecture-r1,lecture,commonMistakes[5].correction,9,21,597221a83c374ce59ed9883ccf23f8f4a154ac74664d8f58e6958ffdc9baa5ab
u02-s005-lecture-r1,lecture,selfCheck[0],12,36,383ba46f7c91e11757c6286188280f3903ae9b6bbd4c4e0d6de810d169d88de8
u02-s005-lecture-r1,lecture,selfCheck[1],11,33,d86b799cb5a590fab396fe57ee5b8fa4019c3689a37c030633b8918a08b3f622
u02-s005-lecture-r1,lecture,selfCheck[2],8,24,402b0db38e193d9007362e1848e3b4de035b1116de8a866dd227855cb2304d49
u02-s005-lecture-r1,lecture,selfCheck[3],11,33,8f9d8ec3f01134b7d51d7b12b211c19e20d5897ea742f77ba20a275b8e107804
u02-s005-lecture-r1,lecture,selfCheck[4],13,39,07d883445ce5a85f29e517a53caad9db66832066f5220cf55f45da44d93769db
u02-s005-lecture-r1,lecture,summary[0],16,42,56fa068a2e67f40e0b7b8e15245f3a516f51e0ed37882081cc410c089d3170cd
u02-s005-lecture-r1,lecture,summary[1],14,42,fcbf027afffcd5d70d7ede9ab7c22e5a32e5434e0eeae9b23cacee361abcc75a
u02-s005-lecture-r1,lecture,summary[2],14,42,8a99cf56f57f2810e8fdbd0f20a6bae376ce0669a6711d123f8177887dcb51bd
u02-s005-lecture-r1,lecture,summary[3],15,39,546d9f08da485f1b1dd980f8322ef959141b040a0f0ff574606392496cc94597
u02-s005-lecture-r1,lecture,connections.previous,38,76,dc2a0d6ee8759bf39cd22cb822a3fa425277524f8cf5109395d0349093021d23
u02-s005-lecture-r1,lecture,connections.next[0],14,42,f7ed4d4340523a8f0e98c7daa15cae9064cb69f84058d4539f6ee14d73cc8119
u02-s005-lecture-r1,lecture,connections.next[1],14,42,c223de7b8af0b9060c2c9b9acea080d0de0a8d6ba2b789de8a36e1b221ae98a8
u02-s005-lecture-r1,lecture,practiceLinks.mcQuestionIds[0],13,13,0ef40e0cb492889b6a00f34cc9bc8b4ad9e25c5c887d2e195be19d7761e54623
u02-s005-lecture-r1,lecture,practiceLinks.mcQuestionIds[1],13,13,8b89b2cdb3269d3411d8bd50b7c027d8e5ac23478177c1e93d423b074eb39e3e
u02-s005-lecture-r1,lecture,practiceLinks.mcQuestionIds[2],13,13,e752231f70ae422ec5bd3f4e43446d5cdd2b91040c599f07e747a7f37b23e8f7
u02-s005-lecture-r1,lecture,practiceLinks.mcQuestionIds[3],13,13,22e35cca0c7a99c8fb0e4dbe2218253ef97c59c555e75b7afcf948faea2c5dfd
u02-s005-lecture-r1,lecture,practiceLinks.mcQuestionIds[4],13,13,15b4741a87da0abe4203feb38cc24679c2a8e804296c6438ea744b630e439ed9
u02-s005-lecture-r1,lecture,practiceLinks.mcQuestionIds[5],13,13,18a2af50b02c09bcc12d84d58b0c6036ed1a1e584c8a0af1b49b0f0ce8726d6f
u02-s005-lecture-r1,lecture,practiceLinks.mcQuestionIds[6],13,13,f6b4c66b5ba37895974967f355dc04654ef5ae8fa55d91ea4140349e162ab8e5
u02-s005-lecture-r1,lecture,practiceLinks.mcQuestionIds[7],13,13,c4403a76121b2c9cf0fcf2d3a2a42fb1661af2a929643132831bd28576ae3276
u02-s005-lecture-r1,lecture,practiceLinks.mcQuestionIds[8],13,13,e25edb7385bd94ac45175cfa69ec5fc383dcb9bdf4f20c7af30f937c156ca37d
u02-s005-lecture-r1,lecture,practiceLinks.mcQuestionIds[9],13,13,91785b258f2920838ca8adadf50f237373fa780f61de11b250c77db8601cb9d0
u02-s005-lecture-r1,lecture,practiceLinks.mcQuestionIds[10],13,13,b28dd5a17265c4ae6a3d3445a6dc9894e3add1a5f0498ff2687eb367b87ef037
u02-s005-lecture-r1,lecture,practiceLinks.mcQuestionIds[11],13,13,22cc1f5b550c281e04904cce902ac1dfebd696c056369656a96112602cbf1b31
u02-s005-lecture-r1,lecture,practiceLinks.constructedResponseIds[0],14,14,72b80d444f96b5598c30b530684d3840953d09c9d600bf244f9246a0f343309f
u02-s005-lecture-r1,lecture,practiceLinks.constructedResponseIds[1],14,14,ebd9c9b5e9bafe22abb00cb0384f1a74ce130c1e4bdf58f2229f8d4d92075d88
u02-s005-lecture-r1,lecture,lectureReview.mathematicalCorrectness,4,4,d74ff0ee8da3b9806b18c877dbf29bbde50b5bd8e4dad7a3a725000feb82e8f1
u02-s005-lecture-r1,lecture,lectureReview.zeroFoundationReadability,4,4,d74ff0ee8da3b9806b18c877dbf29bbde50b5bd8e4dad7a3a725000feb82e8f1
u02-s005-lecture-r1,lecture,lectureReview.scopeCheck,21,21,fdf8268f0373301b2fcc6331f1d8999b8aabea69681e8bc972ab9a21216a7606
u02-s005-lecture-r1,lecture,lectureReview.reviewNote,49,133,fdd6eb63ebdead857c9decb1bc005a474c6d1afe69da753b329b3fec62af5ff5
u02-s005-lecture-r1,lecture,lectureReview.reviewVersion,25,25,d778dfb0b9da1de52a9e6d141e13b5f20b33f0779b3da3dad22096cd927b9411
u02-s005-lecture-r1,lecture,lectureReview.reviewedAt,10,10,14158d45727526145ef514139eeb669eb54d613dbcffe524f099dbb71c9d8b08
u02-s005-lecture-r1,lecture,contentSha256,64,64,8197e232f28f8c8456f76e09bd2332ec4271e20ecb5edc48c1c5887fed7d96a9
u02-s005-lecture-r1,lecture,contentAuthority,25,25,ed40f75ffe3d6ad4e71f6e7919d063410490de360edb425965eccd605ca9d79e
u02-s005-v001,question,questionId,13,13,0ef40e0cb492889b6a00f34cc9bc8b4ad9e25c5c887d2e195be19d7761e54623
u02-s005-v001,question,unitId,3,3,95b6504a8bd60df3a9a19ef2c504ac03429b325e9b81f0d701d07bdf6def6afb
u02-s005-v001,question,topicId,11,11,6f58a76cc1c202fbf60a6add57c6c99044e1e3af47cd9e0d4b5f88b1665e3020
u02-s005-v001,question,skillId,18,18,74fd87617adfa37b35b4f05cc5948915722f0d296e1a1a022cf106a63d7e9de1
u02-s005-v001,question,difficulty,5,5,fbb7b5bf4ca348eeeebf8cc3660712859a5a1fbf18e83217a57ce203fb51d5c2
u02-s005-v001,question,type,2,2,6bc0f9c4ecb0acbebf1b9f6c816bdd66f4885f67c917d9e141cf893014fba936
u02-s005-v001,question,visualMode,9,9,9c7d54b0bf7a9369d8594201c7b11955514343809d09fbec33966c1fd9794015
u02-s005-v001,question,sourceScope,19,19,a4b669ddb8ef1883391c07a7b633f12eeaeecee7ec37c09eea4931aff6644346
u02-s005-v001,question,text,16,38,c61fa94224eae58a2815150b3b049a65f20be6941ed18ed9c7588b95cfda193e
u02-s005-v001,question,choices[0],2,2,c2356069e9d1e79ca924378153cfbbfb4d4416b1f99d41a2940bfdb66c5319db
u02-s005-v001,question,choices[1],2,2,6b51d431df5d7f141cbececcf79edf3dd861c3b4069f0b11661a3eefacbba918
u02-s005-v001,question,choices[2],2,2,76a50887d8f1c2e9301755428990ad81479ee21c25b43215cf524541e0503269
u02-s005-v001,question,choices[3],2,2,98010bd9270f9b100b6214a21754fd33bdc8d41b2bc9f9dd16ff54d3c34ffd71
u02-s005-v001,question,explanation,50,118,804d1fe22ab140f9483c92f526bea023771a529b5d2d20120426380c45f1a116
u02-s005-v001,question,steps[0],22,42,1a486bcdbaa3707f080b42cd3ecb7a5e589d13d68a910ef7aed9d426bd01095c
u02-s005-v001,question,steps[1],8,20,983c38bf3efc2b769b3b43b8641f990870bf7b92fe665185b5e3b0c5c61167df
u02-s005-v001,question,optionAnalysis[0].choice,2,2,c2356069e9d1e79ca924378153cfbbfb4d4416b1f99d41a2940bfdb66c5319db
u02-s005-v001,question,optionAnalysis[0].reason,11,29,321f33066d1cd40c8776b8493879ed150723a8a718e0942d93855ba0db7124b5
u02-s005-v001,question,optionAnalysis[1].choice,2,2,6b51d431df5d7f141cbececcf79edf3dd861c3b4069f0b11661a3eefacbba918
u02-s005-v001,question,optionAnalysis[1].reason,9,21,3fdb64a41ba8a32e9e9298fdc3dd5272428833d7414efa7afd299edf62107feb
u02-s005-v001,question,optionAnalysis[2].choice,2,2,76a50887d8f1c2e9301755428990ad81479ee21c25b43215cf524541e0503269
u02-s005-v001,question,optionAnalysis[2].reason,9,21,79b11a73e447b96c1ad077b722fa76fd6045ca8a274b0aca460345e25b3204f8
u02-s005-v001,question,optionAnalysis[3].choice,2,2,98010bd9270f9b100b6214a21754fd33bdc8d41b2bc9f9dd16ff54d3c34ffd71
u02-s005-v001,question,optionAnalysis[3].reason,13,35,7ec9d90100ff5ed7b5c12ddf46ef096cc7a21f2556927440c9adbefa14048306
u02-s005-v001,question,commonMistake,16,48,8882ec277ca62ab74acbd4e097d294208b6baf09eda6ec575c32c9cae6bcbacf
u02-s005-v001,question,concept,16,48,0e1e1e17c6b1f0078dbab3af1ced1d1fde7fd74a4507fa1c7146f8a168cb5dc3
u02-s005-v001,question,tags[0],3,9,fd41540cbdbecb9b5fa7116d27c68e378548ab62ab7c7ca4494730a81ea87667
u02-s005-v001,question,tags[1],5,15,6c9ca49af6946fe37f71fe7283775eb9f5c0bf38ab10edd1313183aa01361a61
u02-s005-v001,question,tags[2],5,5,fbb7b5bf4ca348eeeebf8cc3660712859a5a1fbf18e83217a57ce203fb51d5c2
u02-s005-v001,question,estimatedTimeSec,2,2,39fa9ec190eee7b6f4dff1100d6343e10918d044c75eac8f9e9a2596173f80c9
u02-s005-v001,question,prerequisiteSkillIds[0],18,18,0aa683a7d7ff7b513d35e95e2c31ec4d9f890280b54bdf078afd383a3b6c0fa1
u02-s005-v001,question,authoringIntent,8,16,4f4b8fdaf84faa97d89781bd8ac53e3cd64426a2b4e5c43842a2f0d92c41b640
u02-s005-v001,question,reviewStatus,22,22,ec809598e2f7fcc69fad54c9cd045bba62b4a0dc7c0ff90d4efdc3788c9ad8fb
u02-s005-v001,question,contentSha256,64,64,2719354f2906483010900637b1b54a728fe8364070bcd28855fcead9b9857cf1
u02-s005-v001,question,contentAuthority,25,25,ed40f75ffe3d6ad4e71f6e7919d063410490de360edb425965eccd605ca9d79e
u02-s005-v002,question,questionId,13,13,8b89b2cdb3269d3411d8bd50b7c027d8e5ac23478177c1e93d423b074eb39e3e
u02-s005-v002,question,unitId,3,3,95b6504a8bd60df3a9a19ef2c504ac03429b325e9b81f0d701d07bdf6def6afb
u02-s005-v002,question,topicId,11,11,6f58a76cc1c202fbf60a6add57c6c99044e1e3af47cd9e0d4b5f88b1665e3020
u02-s005-v002,question,skillId,18,18,74fd87617adfa37b35b4f05cc5948915722f0d296e1a1a022cf106a63d7e9de1
u02-s005-v002,question,difficulty,5,5,fbb7b5bf4ca348eeeebf8cc3660712859a5a1fbf18e83217a57ce203fb51d5c2
u02-s005-v002,question,type,2,2,6bc0f9c4ecb0acbebf1b9f6c816bdd66f4885f67c917d9e141cf893014fba936
u02-s005-v002,question,visualMode,9,9,9c7d54b0bf7a9369d8594201c7b11955514343809d09fbec33966c1fd9794015
u02-s005-v002,question,sourceScope,19,19,a4b669ddb8ef1883391c07a7b633f12eeaeecee7ec37c09eea4931aff6644346
u02-s005-v002,question,text,47,115,abcb0c46595b71816e52ed9ca34ffcac0c83b63173c1ca963caf5b9b7e2e2f63
u02-s005-v002,question,choices[0],4,6,62d62b9fc0a06f0b168a6dce079528552f8ec6b3d70cbe6e2ebc69fcd44d1662
u02-s005-v002,question,choices[1],5,8,2f6c5d357f82c445556897772192cdcdaad4c01d1bfc5121c9e6d700effa1070
u02-s005-v002,question,choices[2],4,6,efd4656efd1594adcb696d14b7e145ec0906333b86e292fd40b53f1191ceb964
u02-s005-v002,question,choices[3],5,8,0e81e5da40336b1a94261a5c024f01a1d1a3ca88b05daa690d1297b0c070ac94
u02-s005-v002,question,explanation,41,114,f6895c9aa2900e2f8d5a5058f6726dbcffb4bf7fe626de0bc85d44e08d71b9d2
u02-s005-v002,question,steps[0],21,33,2432f2188db922d085122b6a5654f7b1b7277e0835278c3669f05fe0c629217d
u02-s005-v002,question,steps[1],22,50,5757aeebcd8dd0707255cfc6f9514046f92c9ea1741d39b6f200c7f021557580
u02-s005-v002,question,steps[2],9,18,2942f63c2f3392c4d380596421a51badb831e702accd4369af5e603b428c41ad
u02-s005-v002,question,optionAnalysis[0].choice,4,6,62d62b9fc0a06f0b168a6dce079528552f8ec6b3d70cbe6e2ebc69fcd44d1662
u02-s005-v002,question,optionAnalysis[0].reason,21,46,4facda22722434bf8851c594a940d286a3593c88ee09c2108bfd8068cc34a720
u02-s005-v002,question,optionAnalysis[1].choice,5,8,2f6c5d357f82c445556897772192cdcdaad4c01d1bfc5121c9e6d700effa1070
u02-s005-v002,question,optionAnalysis[1].reason,19,43,3b5e185aee54586c6c9be8aade73c7833fbbf9934bbf28a884a62d3eec16cc47
u02-s005-v002,question,optionAnalysis[2].choice,4,6,efd4656efd1594adcb696d14b7e145ec0906333b86e292fd40b53f1191ceb964
u02-s005-v002,question,optionAnalysis[2].reason,21,46,2e3ea8a67e22bd064bc935858ceeaafbafa9229a7cf18c4341e169d4ed48f571
u02-s005-v002,question,optionAnalysis[3].choice,5,8,0e81e5da40336b1a94261a5c024f01a1d1a3ca88b05daa690d1297b0c070ac94
u02-s005-v002,question,optionAnalysis[3].reason,25,65,046d35b0fb3d12a5664cc4c17e3ab241778138b92285fe40b557a965b6498f78
u02-s005-v002,question,commonMistake,18,54,bc3639b9aec2b6d9c2de571c124ce40353dc10205e29238a107087804a2aa398
u02-s005-v002,question,concept,21,53,08b68b0982e8ed0f527c19632a99dc43d27749f62ea30a2ea38f0a90a4d1b221
u02-s005-v002,question,tags[0],3,9,fd41540cbdbecb9b5fa7116d27c68e378548ab62ab7c7ca4494730a81ea87667
u02-s005-v002,question,tags[1],5,15,6c9ca49af6946fe37f71fe7283775eb9f5c0bf38ab10edd1313183aa01361a61
u02-s005-v002,question,tags[2],5,5,fbb7b5bf4ca348eeeebf8cc3660712859a5a1fbf18e83217a57ce203fb51d5c2
u02-s005-v002,question,estimatedTimeSec,2,2,39fa9ec190eee7b6f4dff1100d6343e10918d044c75eac8f9e9a2596173f80c9
u02-s005-v002,question,prerequisiteSkillIds[0],18,18,0aa683a7d7ff7b513d35e95e2c31ec4d9f890280b54bdf078afd383a3b6c0fa1
u02-s005-v002,question,authoringIntent,20,60,9aa0a19def442335362579f4dcd14acde1cb2e43ce2cd98abdaeea90d585d4d5
u02-s005-v002,question,reviewStatus,22,22,ec809598e2f7fcc69fad54c9cd045bba62b4a0dc7c0ff90d4efdc3788c9ad8fb
u02-s005-v002,question,contentSha256,64,64,1417a5a62c181717b98cfa6a87575b3a489621d4ba162480420c2033e7acc13c
u02-s005-v002,question,contentAuthority,25,25,ed40f75ffe3d6ad4e71f6e7919d063410490de360edb425965eccd605ca9d79e
u02-s005-v003,question,questionId,13,13,e752231f70ae422ec5bd3f4e43446d5cdd2b91040c599f07e747a7f37b23e8f7
u02-s005-v003,question,unitId,3,3,95b6504a8bd60df3a9a19ef2c504ac03429b325e9b81f0d701d07bdf6def6afb
u02-s005-v003,question,topicId,11,11,6f58a76cc1c202fbf60a6add57c6c99044e1e3af47cd9e0d4b5f88b1665e3020
u02-s005-v003,question,skillId,18,18,74fd87617adfa37b35b4f05cc5948915722f0d296e1a1a022cf106a63d7e9de1
u02-s005-v003,question,difficulty,5,5,fbb7b5bf4ca348eeeebf8cc3660712859a5a1fbf18e83217a57ce203fb51d5c2
u02-s005-v003,question,type,2,2,6bc0f9c4ecb0acbebf1b9f6c816bdd66f4885f67c917d9e141cf893014fba936
u02-s005-v003,question,visualMode,9,9,9c7d54b0bf7a9369d8594201c7b11955514343809d09fbec33966c1fd9794015
u02-s005-v003,question,sourceScope,19,19,a4b669ddb8ef1883391c07a7b633f12eeaeecee7ec37c09eea4931aff6644346
u02-s005-v003,question,text,21,49,93e0f5344069d1ba1d95d3bb754715915aa7ed8d8de0106e09ce7bd10a7f0a65
u02-s005-v003,question,choices[0],2,2,624b60c58c9d8bfb6ff1886c2fd605d2adeb6ea4da576068201b6c6958ce93f4
u02-s005-v003,question,choices[1],2,2,76a50887d8f1c2e9301755428990ad81479ee21c25b43215cf524541e0503269
u02-s005-v003,question,choices[2],2,2,811786ad1ae74adfdd20dd0372abaaebc6246e343aebd01da0bfc4c02bf0106c
u02-s005-v003,question,choices[3],2,2,39fa9ec190eee7b6f4dff1100d6343e10918d044c75eac8f9e9a2596173f80c9
u02-s005-v003,question,explanation,43,105,351883713d9b2bb827be6923ca01c981963a7aabf8d30845b74e56bc4ea950d7
u02-s005-v003,question,steps[0],11,13,96ab53182fe80ebc9c41ea5d0993fb1c157991851bd4e64b42e26a3a0a43b77e
u02-s005-v003,question,steps[1],12,36,f28f7a5ed834315cda5cab29bad6a5173053fd4d01a07b94d4445484595a3216
u02-s005-v003,question,optionAnalysis[0].choice,2,2,624b60c58c9d8bfb6ff1886c2fd605d2adeb6ea4da576068201b6c6958ce93f4
u02-s005-v003,question,optionAnalysis[0].reason,9,21,5cdca1cfa3f4d882707c5eb95154220a912b0805d912da2f4c84de18c88f1871
u02-s005-v003,question,optionAnalysis[1].choice,2,2,76a50887d8f1c2e9301755428990ad81479ee21c25b43215cf524541e0503269
u02-s005-v003,question,optionAnalysis[1].reason,10,22,0e372626d90f0d8e64a88722812a5872f39c008b7fc901ba43e8d4d226360933
u02-s005-v003,question,optionAnalysis[2].choice,2,2,811786ad1ae74adfdd20dd0372abaaebc6246e343aebd01da0bfc4c02bf0106c
u02-s005-v003,question,optionAnalysis[2].reason,8,20,383d83b67d3670facc9c95af6e92939d5c1b69b6b23f6d9f03bdaee327e57fcd
u02-s005-v003,question,optionAnalysis[3].choice,2,2,39fa9ec190eee7b6f4dff1100d6343e10918d044c75eac8f9e9a2596173f80c9
u02-s005-v003,question,optionAnalysis[3].reason,9,21,701c3d85796c23c356885d9b022bd578ed9c2e623de7795b4540c041b7249dda
u02-s005-v003,question,commonMistake,10,30,12c359d26bc9e54caf9a5c03acfa03cbcbae1999b72e51257f2c289bb217c5a7
u02-s005-v003,question,concept,14,42,f78e726dfb48ace9b3325f383ae05aa79df5bfec0acb04cee71f9abe2cd35802
u02-s005-v003,question,tags[0],3,9,fd41540cbdbecb9b5fa7116d27c68e378548ab62ab7c7ca4494730a81ea87667
u02-s005-v003,question,tags[1],5,15,6c9ca49af6946fe37f71fe7283775eb9f5c0bf38ab10edd1313183aa01361a61
u02-s005-v003,question,tags[2],5,5,fbb7b5bf4ca348eeeebf8cc3660712859a5a1fbf18e83217a57ce203fb51d5c2
u02-s005-v003,question,estimatedTimeSec,2,2,39fa9ec190eee7b6f4dff1100d6343e10918d044c75eac8f9e9a2596173f80c9
u02-s005-v003,question,prerequisiteSkillIds[0],18,18,0aa683a7d7ff7b513d35e95e2c31ec4d9f890280b54bdf078afd383a3b6c0fa1
u02-s005-v003,question,authoringIntent,7,21,7724226f3efd99ab688b8191406ddfcb43c3d782c7bd4430dba1823852f19f5a
u02-s005-v003,question,reviewStatus,22,22,ec809598e2f7fcc69fad54c9cd045bba62b4a0dc7c0ff90d4efdc3788c9ad8fb
u02-s005-v003,question,contentSha256,64,64,6630b51293105f9c56bb8847af64e47ff2b883be8f4f71a50f2f79ecf0de9cd5
u02-s005-v003,question,contentAuthority,25,25,ed40f75ffe3d6ad4e71f6e7919d063410490de360edb425965eccd605ca9d79e
u02-s005-v004,question,questionId,13,13,22e35cca0c7a99c8fb0e4dbe2218253ef97c59c555e75b7afcf948faea2c5dfd
u02-s005-v004,question,unitId,3,3,95b6504a8bd60df3a9a19ef2c504ac03429b325e9b81f0d701d07bdf6def6afb
u02-s005-v004,question,topicId,11,11,6f58a76cc1c202fbf60a6add57c6c99044e1e3af47cd9e0d4b5f88b1665e3020
u02-s005-v004,question,skillId,18,18,74fd87617adfa37b35b4f05cc5948915722f0d296e1a1a022cf106a63d7e9de1
u02-s005-v004,question,difficulty,8,8,fe6d3468cf5c74d8ec2a95b40f2e05338c37a4202f8fad692d2b64a9cf9b468a
u02-s005-v004,question,type,2,2,6bc0f9c4ecb0acbebf1b9f6c816bdd66f4885f67c917d9e141cf893014fba936
u02-s005-v004,question,visualMode,9,9,9c7d54b0bf7a9369d8594201c7b11955514343809d09fbec33966c1fd9794015
u02-s005-v004,question,sourceScope,19,19,a4b669ddb8ef1883391c07a7b633f12eeaeecee7ec37c09eea4931aff6644346
u02-s005-v004,question,text,29,63,35a066dc0e3dbcb3dd52fae554a0c0271075c2f4c08b2e9602a02af2f79550db
u02-s005-v004,question,choices[0],1,1,6b86b273ff34fce19d6b804eff5a3f5747ada4eaa22f1d49c01e52ddb7875b4b
u02-s005-v004,question,choices[1],1,1,3e23e8160039594a33894f6564e1b1348bbd7a0088d42c4acb73eeaed59c009d
u02-s005-v004,question,choices[2],3,3,300273daf0bb57c239f83585d71ced54ce6b3b5fb81615abbeeb3f9cf5fae92f
u02-s005-v004,question,choices[3],1,1,ca978112ca1bbdcafac231b39a23dc4da786eff8147c4e72b9807785afee48bb
u02-s005-v004,question,explanation,47,129,d4935817720dd237614938ec4901e70362c2124052f42c5a1c78461af88d7e68
u02-s005-v004,question,steps[0],11,27,0287285a6dcd8f585670ea2b7175c02f4b454ff26f7b4eff54db85ec91729737
u02-s005-v004,question,steps[1],17,47,c51afd8f528353e1a2cfd2f8a54488b4ced7d794d0b5214bed59349f14c647ab
u02-s005-v004,question,optionAnalysis[0].choice,1,1,6b86b273ff34fce19d6b804eff5a3f5747ada4eaa22f1d49c01e52ddb7875b4b
u02-s005-v004,question,optionAnalysis[0].reason,6,18,4b4eb8b39b0f0fa27767795767194eb6d8100113c5d594cea6db922bb9c775fd
u02-s005-v004,question,optionAnalysis[1].choice,1,1,3e23e8160039594a33894f6564e1b1348bbd7a0088d42c4acb73eeaed59c009d
u02-s005-v004,question,optionAnalysis[1].reason,9,23,66fcdf35eaaee717ecfb6af2fcb09428046535a1e377b22246d2865c4c08ddb2
u02-s005-v004,question,optionAnalysis[2].choice,3,3,300273daf0bb57c239f83585d71ced54ce6b3b5fb81615abbeeb3f9cf5fae92f
u02-s005-v004,question,optionAnalysis[2].reason,10,30,4489c765838ef927f406cabd902cde542df022afcad37f829122bef9023e0ca7
u02-s005-v004,question,optionAnalysis[3].choice,1,1,ca978112ca1bbdcafac231b39a23dc4da786eff8147c4e72b9807785afee48bb
u02-s005-v004,question,optionAnalysis[3].reason,11,13,e6632ffaefc68e3834fc719efcfe1a469df9daec557df9d61cfd80d16569b254
u02-s005-v004,question,commonMistake,25,55,cfb23975937dd1e70192f0055c2c55fdc4de933db148a0c890d17cc54175d23f
u02-s005-v004,question,concept,20,52,2a532c084361a62eb579ecee5c84549d6f5d3bed86850b7f81a1806963a78e43
u02-s005-v004,question,tags[0],3,9,fd41540cbdbecb9b5fa7116d27c68e378548ab62ab7c7ca4494730a81ea87667
u02-s005-v004,question,tags[1],5,15,6c9ca49af6946fe37f71fe7283775eb9f5c0bf38ab10edd1313183aa01361a61
u02-s005-v004,question,tags[2],8,8,fe6d3468cf5c74d8ec2a95b40f2e05338c37a4202f8fad692d2b64a9cf9b468a
u02-s005-v004,question,estimatedTimeSec,2,2,39fa9ec190eee7b6f4dff1100d6343e10918d044c75eac8f9e9a2596173f80c9
u02-s005-v004,question,prerequisiteSkillIds[0],18,18,0aa683a7d7ff7b513d35e95e2c31ec4d9f890280b54bdf078afd383a3b6c0fa1
u02-s005-v004,question,authoringIntent,18,54,ccf4c4235f913d467836f42f5c6d9bbbee90c8ea72369fae9f3d26ff1d6bf937
u02-s005-v004,question,reviewStatus,22,22,ec809598e2f7fcc69fad54c9cd045bba62b4a0dc7c0ff90d4efdc3788c9ad8fb
u02-s005-v004,question,contentSha256,64,64,672f3ae57b6720e8a8a4fafee800c4240ab12885ce07bdf5a15b9a5bca840d3e
u02-s005-v004,question,contentAuthority,25,25,ed40f75ffe3d6ad4e71f6e7919d063410490de360edb425965eccd605ca9d79e
u02-s005-v005,question,questionId,13,13,15b4741a87da0abe4203feb38cc24679c2a8e804296c6438ea744b630e439ed9
u02-s005-v005,question,unitId,3,3,95b6504a8bd60df3a9a19ef2c504ac03429b325e9b81f0d701d07bdf6def6afb
u02-s005-v005,question,topicId,11,11,6f58a76cc1c202fbf60a6add57c6c99044e1e3af47cd9e0d4b5f88b1665e3020
u02-s005-v005,question,skillId,18,18,74fd87617adfa37b35b4f05cc5948915722f0d296e1a1a022cf106a63d7e9de1
u02-s005-v005,question,difficulty,8,8,fe6d3468cf5c74d8ec2a95b40f2e05338c37a4202f8fad692d2b64a9cf9b468a
u02-s005-v005,question,type,2,2,6bc0f9c4ecb0acbebf1b9f6c816bdd66f4885f67c917d9e141cf893014fba936
u02-s005-v005,question,visualMode,9,9,9c7d54b0bf7a9369d8594201c7b11955514343809d09fbec33966c1fd9794015
u02-s005-v005,question,sourceScope,19,19,a4b669ddb8ef1883391c07a7b633f12eeaeecee7ec37c09eea4931aff6644346
u02-s005-v005,question,text,19,43,e00f1e28bbcdb06ed9bff9297a10cc9aac06417d67d7e084d9e1417224da9558
u02-s005-v005,question,choices[0],3,3,7b69759630f869f2723875f873935fed29d2d12b10ef763c1c33b8e0004cb405
u02-s005-v005,question,choices[1],2,2,69f59c273b6e669ac32a6dd5e1b2cb63333d8b004f9696447aee2d422ce63763
u02-s005-v005,question,choices[2],3,3,d8d1790737d57ac4fe91a2c0a28087c0a97c81f5dc6b19d5e4aec20c08bb95ae
u02-s005-v005,question,choices[3],3,3,838f461c2fa673cec73e6eecdafa88b127802d6cb0a61c53175197a122cb645a
u02-s005-v005,question,explanation,61,121,739e45d0b4e5261b4021065639fd3983bf4689e8e831646a2b14cbbfb85a4e37
u02-s005-v005,question,steps[0],24,34,7694593cc84bd73b66cd1a61dc3d853a4925d932e3efbd52c0b6e2f8c3a9d517
u02-s005-v005,question,steps[1],16,30,b48684a20d411ecff26940266ab3f4e03842ebcf917ba39fef3bfe459cae77a6
u02-s005-v005,question,optionAnalysis[0].choice,3,3,7b69759630f869f2723875f873935fed29d2d12b10ef763c1c33b8e0004cb405
u02-s005-v005,question,optionAnalysis[0].reason,13,33,05ef63a57ee6cfff1cfdd0881c27b0c2d1689d5ae8b356fca16aab7d75e3bd88
u02-s005-v005,question,optionAnalysis[1].choice,2,2,69f59c273b6e669ac32a6dd5e1b2cb63333d8b004f9696447aee2d422ce63763
u02-s005-v005,question,optionAnalysis[1].reason,10,22,ba4f974f11ca64de3ae257d76a927cccc8c83aa1204bf1c77e173374911198a9
u02-s005-v005,question,optionAnalysis[2].choice,3,3,d8d1790737d57ac4fe91a2c0a28087c0a97c81f5dc6b19d5e4aec20c08bb95ae
u02-s005-v005,question,optionAnalysis[2].reason,11,23,5b04cd8ebcf9c631d23dd2689f0c70440150b100271fe9ca9aa4f1d9a06ccd10
u02-s005-v005,question,optionAnalysis[3].choice,3,3,838f461c2fa673cec73e6eecdafa88b127802d6cb0a61c53175197a122cb645a
u02-s005-v005,question,optionAnalysis[3].reason,14,36,da7fe8e4daec3eac5b411bf6709b1a25e2864a2e7b95dd2cb25982270976066a
u02-s005-v005,question,commonMistake,19,49,e75e0f10e36af116df2046e6a443ccabf4d0f639ba289a3a8929571f12c058e8
u02-s005-v005,question,concept,18,44,3faeaf5b21d73d778231d1740e70ed201ac9dab371524be2860a5482a933b9e4
u02-s005-v005,question,tags[0],3,9,fd41540cbdbecb9b5fa7116d27c68e378548ab62ab7c7ca4494730a81ea87667
u02-s005-v005,question,tags[1],5,15,6c9ca49af6946fe37f71fe7283775eb9f5c0bf38ab10edd1313183aa01361a61
u02-s005-v005,question,tags[2],8,8,fe6d3468cf5c74d8ec2a95b40f2e05338c37a4202f8fad692d2b64a9cf9b468a
u02-s005-v005,question,estimatedTimeSec,2,2,39fa9ec190eee7b6f4dff1100d6343e10918d044c75eac8f9e9a2596173f80c9
u02-s005-v005,question,prerequisiteSkillIds[0],18,18,0aa683a7d7ff7b513d35e95e2c31ec4d9f890280b54bdf078afd383a3b6c0fa1
u02-s005-v005,question,authoringIntent,8,16,1b192579f9c0db1888ecfd2fa6d121f76833f9bd18cbc0819429bbe81393548b
u02-s005-v005,question,reviewStatus,22,22,ec809598e2f7fcc69fad54c9cd045bba62b4a0dc7c0ff90d4efdc3788c9ad8fb
u02-s005-v005,question,contentSha256,64,64,c4cb125e15c09b0c3fec388097441438b61ebfafa64df5f362efc48f01f8154c
u02-s005-v005,question,contentAuthority,25,25,ed40f75ffe3d6ad4e71f6e7919d063410490de360edb425965eccd605ca9d79e
u02-s005-v006,question,questionId,13,13,18a2af50b02c09bcc12d84d58b0c6036ed1a1e584c8a0af1b49b0f0ce8726d6f
u02-s005-v006,question,unitId,3,3,95b6504a8bd60df3a9a19ef2c504ac03429b325e9b81f0d701d07bdf6def6afb
u02-s005-v006,question,topicId,11,11,6f58a76cc1c202fbf60a6add57c6c99044e1e3af47cd9e0d4b5f88b1665e3020
u02-s005-v006,question,skillId,18,18,74fd87617adfa37b35b4f05cc5948915722f0d296e1a1a022cf106a63d7e9de1
u02-s005-v006,question,difficulty,8,8,fe6d3468cf5c74d8ec2a95b40f2e05338c37a4202f8fad692d2b64a9cf9b468a
u02-s005-v006,question,type,2,2,6bc0f9c4ecb0acbebf1b9f6c816bdd66f4885f67c917d9e141cf893014fba936
u02-s005-v006,question,visualMode,9,9,9c7d54b0bf7a9369d8594201c7b11955514343809d09fbec33966c1fd9794015
u02-s005-v006,question,sourceScope,19,19,a4b669ddb8ef1883391c07a7b633f12eeaeecee7ec37c09eea4931aff6644346
u02-s005-v006,question,text,27,51,ce46bfb64f039ba2c3f0dca5873d314faa7095ec24c44d8137ea68ccc132754b
u02-s005-v006,question,choices[0],1,1,2c624232cdd221771294dfbb310aca000a0df6ac8b66b696d90ef06fdefb64a3
u02-s005-v006,question,choices[1],2,2,e629fa6598d732768f7c726b4b621285f9c3b85303900aa912017db7617d8bdb
u02-s005-v006,question,choices[2],2,2,4ec9599fc203d176a301536c2e091a19bc852759b255bd6818810a42c5fed14a
u02-s005-v006,question,choices[3],2,2,c2356069e9d1e79ca924378153cfbbfb4d4416b1f99d41a2940bfdb66c5319db
u02-s005-v006,question,explanation,57,125,f4a0167cfe16d83f63dcb162fb8c3bd544992a9d0ca83e8436a9480c73928172
u02-s005-v006,question,steps[0],13,13,7f1224576665433a2c7c761b3e916b5535dad56cba208cd7392e00a8852ef895
u02-s005-v006,question,steps[1],24,56,ac3f5e6384399984b11c11e783e9cda44ffa285982495d8f6e98a5b02a493816
u02-s005-v006,question,optionAnalysis[0].choice,1,1,2c624232cdd221771294dfbb310aca000a0df6ac8b66b696d90ef06fdefb64a3
u02-s005-v006,question,optionAnalysis[0].reason,13,15,dee8f0e02534ffe1d70f359af5204db5da8b5ca2e8b24a3f0c482b296a8243af
u02-s005-v006,question,optionAnalysis[1].choice,2,2,e629fa6598d732768f7c726b4b621285f9c3b85303900aa912017db7617d8bdb
u02-s005-v006,question,optionAnalysis[1].reason,14,16,663e1c592c69f7f31aab0aff91bc1e8f3ded899547b2371f0fbeffd76f4cf1ef
u02-s005-v006,question,optionAnalysis[2].choice,2,2,4ec9599fc203d176a301536c2e091a19bc852759b255bd6818810a42c5fed14a
u02-s005-v006,question,optionAnalysis[2].reason,14,16,cc9615adfc218bdb8b3f159787fb7d66f74e24a61261bb5885b61bf938a26063
u02-s005-v006,question,optionAnalysis[3].choice,2,2,c2356069e9d1e79ca924378153cfbbfb4d4416b1f99d41a2940bfdb66c5319db
u02-s005-v006,question,optionAnalysis[3].reason,14,16,bf421765fe9d8600cdaa78a813347ad730a454a4a45168cd27d2a3d29f14a16f
u02-s005-v006,question,commonMistake,30,76,8b6a71ed446f8cfa7b9994b55b2f5b8e33d9244676b2a971571c86806be98866
u02-s005-v006,question,concept,20,50,fa2fe0357ad997e2d5dc31e6cc5fa57e6110f223ac8bd25131fd9d91449e16d1
u02-s005-v006,question,tags[0],3,9,fd41540cbdbecb9b5fa7116d27c68e378548ab62ab7c7ca4494730a81ea87667
u02-s005-v006,question,tags[1],5,15,6c9ca49af6946fe37f71fe7283775eb9f5c0bf38ab10edd1313183aa01361a61
u02-s005-v006,question,tags[2],8,8,fe6d3468cf5c74d8ec2a95b40f2e05338c37a4202f8fad692d2b64a9cf9b468a
u02-s005-v006,question,estimatedTimeSec,2,2,39fa9ec190eee7b6f4dff1100d6343e10918d044c75eac8f9e9a2596173f80c9
u02-s005-v006,question,prerequisiteSkillIds[0],18,18,0aa683a7d7ff7b513d35e95e2c31ec4d9f890280b54bdf078afd383a3b6c0fa1
u02-s005-v006,question,authoringIntent,9,19,81d89126ccbc4f8312f180779498361c52119b322d42df03ec02cd27a6011706
u02-s005-v006,question,reviewStatus,22,22,ec809598e2f7fcc69fad54c9cd045bba62b4a0dc7c0ff90d4efdc3788c9ad8fb
u02-s005-v006,question,contentSha256,64,64,5fdd1576ea830859bc4fa2b31319bbff0bdf60ace2a44549be0f9ca225e48d7d
u02-s005-v006,question,contentAuthority,25,25,ed40f75ffe3d6ad4e71f6e7919d063410490de360edb425965eccd605ca9d79e
u02-s005-v007,question,questionId,13,13,f6b4c66b5ba37895974967f355dc04654ef5ae8fa55d91ea4140349e162ab8e5
u02-s005-v007,question,unitId,3,3,95b6504a8bd60df3a9a19ef2c504ac03429b325e9b81f0d701d07bdf6def6afb
u02-s005-v007,question,topicId,11,11,6f58a76cc1c202fbf60a6add57c6c99044e1e3af47cd9e0d4b5f88b1665e3020
u02-s005-v007,question,skillId,18,18,74fd87617adfa37b35b4f05cc5948915722f0d296e1a1a022cf106a63d7e9de1
u02-s005-v007,question,difficulty,8,8,d21f85ea38166303ce58e06134b5cc4a5c900c409ab2a500ff7c9225109a09bb
u02-s005-v007,question,type,2,2,6bc0f9c4ecb0acbebf1b9f6c816bdd66f4885f67c917d9e141cf893014fba936
u02-s005-v007,question,visualMode,9,9,9c7d54b0bf7a9369d8594201c7b11955514343809d09fbec33966c1fd9794015
u02-s005-v007,question,sourceScope,19,19,a4b669ddb8ef1883391c07a7b633f12eeaeecee7ec37c09eea4931aff6644346
u02-s005-v007,question,text,40,69,7558ac7a614f7f23679df8432520e6e4e5f3b39f973f8ce4807b36537a96f27c
u02-s005-v007,question,choices[0],1,1,ef2d127de37b942baad06145e54b0c619a1f22327b2ebbcfbec78f5564afe39d
u02-s005-v007,question,choices[1],1,1,e7f6c011776e8db7cd330b54174fd76f7d0216b612387a5ffcfb81e6f0919683
u02-s005-v007,question,choices[2],1,1,7902699be42c8a8e46fbbb4501726517e86b22c56a189f7625a6da49081b2451
u02-s005-v007,question,choices[3],1,1,2c624232cdd221771294dfbb310aca000a0df6ac8b66b696d90ef06fdefb64a3
u02-s005-v007,question,explanation,40,86,82ae49b347bceaf968c720f599f36886b670b9e464a02bb11b3d23bbcf0adedf
u02-s005-v007,question,steps[0],12,22,244d6cbfc4cea56764a9c63a2ce1828a76ac17f7ad0aaac7cd3e64e9575f1a14
u02-s005-v007,question,steps[1],9,9,b752c0a778a20c23cd66c624eda77a4b02955efeec361d3d28fc8663bde04c56
u02-s005-v007,question,optionAnalysis[0].choice,1,1,ef2d127de37b942baad06145e54b0c619a1f22327b2ebbcfbec78f5564afe39d
u02-s005-v007,question,optionAnalysis[0].reason,11,31,f990de8b61fb8449995fb3bf36ad9b416be3b2db9dafd2826247a55a129a64de
u02-s005-v007,question,optionAnalysis[1].choice,1,1,e7f6c011776e8db7cd330b54174fd76f7d0216b612387a5ffcfb81e6f0919683
u02-s005-v007,question,optionAnalysis[1].reason,10,24,b5dc0e2bc68d1cdb21dc116de8b4c466f23fa55e6a9bc1e7c7a5ca37a9b4b73e
u02-s005-v007,question,optionAnalysis[2].choice,1,1,7902699be42c8a8e46fbbb4501726517e86b22c56a189f7625a6da49081b2451
u02-s005-v007,question,optionAnalysis[2].reason,6,8,3abc7fa4ca0df16061829f32ebfaf6b54960921c76f9ba9142f8702c686b6294
u02-s005-v007,question,optionAnalysis[3].choice,1,1,2c624232cdd221771294dfbb310aca000a0df6ac8b66b696d90ef06fdefb64a3
u02-s005-v007,question,optionAnalysis[3].reason,16,40,1e1968154f1ff1eb4f3ff57fa1b3c2be70b93fb1c87aacec818d70a63fea5c8f
u02-s005-v007,question,commonMistake,19,47,0af02e0af9bddfb30dc27cc552036d04fb3b3bc98e46c53c463db77f6fdb0f63
u02-s005-v007,question,concept,19,49,ea2ee88f34dce2cfd4bf4afe920268c2073b4d095775ddd364ae0dde77c4b0f3
u02-s005-v007,question,tags[0],3,9,fd41540cbdbecb9b5fa7116d27c68e378548ab62ab7c7ca4494730a81ea87667
u02-s005-v007,question,tags[1],5,15,6c9ca49af6946fe37f71fe7283775eb9f5c0bf38ab10edd1313183aa01361a61
u02-s005-v007,question,tags[2],8,8,d21f85ea38166303ce58e06134b5cc4a5c900c409ab2a500ff7c9225109a09bb
u02-s005-v007,question,estimatedTimeSec,2,2,39fa9ec190eee7b6f4dff1100d6343e10918d044c75eac8f9e9a2596173f80c9
u02-s005-v007,question,prerequisiteSkillIds[0],18,18,0aa683a7d7ff7b513d35e95e2c31ec4d9f890280b54bdf078afd383a3b6c0fa1
u02-s005-v007,question,authoringIntent,13,29,42fe2292ce173be001643f434cae2eb5b048a41fc66f11dcf77be88d689aac08
u02-s005-v007,question,reviewStatus,22,22,ec809598e2f7fcc69fad54c9cd045bba62b4a0dc7c0ff90d4efdc3788c9ad8fb
u02-s005-v007,question,contentSha256,64,64,933154dfc9ba6c44e23d89560e20fe342a17515f1f90de1e19ffe5dc88c23c9c
u02-s005-v007,question,contentAuthority,25,25,ed40f75ffe3d6ad4e71f6e7919d063410490de360edb425965eccd605ca9d79e
u02-s005-v008,question,questionId,13,13,c4403a76121b2c9cf0fcf2d3a2a42fb1661af2a929643132831bd28576ae3276
u02-s005-v008,question,unitId,3,3,95b6504a8bd60df3a9a19ef2c504ac03429b325e9b81f0d701d07bdf6def6afb
u02-s005-v008,question,topicId,11,11,6f58a76cc1c202fbf60a6add57c6c99044e1e3af47cd9e0d4b5f88b1665e3020
u02-s005-v008,question,skillId,18,18,74fd87617adfa37b35b4f05cc5948915722f0d296e1a1a022cf106a63d7e9de1
u02-s005-v008,question,difficulty,8,8,d21f85ea38166303ce58e06134b5cc4a5c900c409ab2a500ff7c9225109a09bb
u02-s005-v008,question,type,2,2,6bc0f9c4ecb0acbebf1b9f6c816bdd66f4885f67c917d9e141cf893014fba936
u02-s005-v008,question,visualMode,9,9,9c7d54b0bf7a9369d8594201c7b11955514343809d09fbec33966c1fd9794015
u02-s005-v008,question,sourceScope,19,19,a4b669ddb8ef1883391c07a7b633f12eeaeecee7ec37c09eea4931aff6644346
u02-s005-v008,question,text,37,99,b80070463ff014ecfa255117b7fc566ffe283cf49bedbef25c3b43e21199e8d5
u02-s005-v008,question,choices[0],2,2,811786ad1ae74adfdd20dd0372abaaebc6246e343aebd01da0bfc4c02bf0106c
u02-s005-v008,question,choices[1],2,2,8722616204217eddb39e7df969e0698aed8e599ba62ed2de1ce49b03ade0fede
u02-s005-v008,question,choices[2],3,3,2abaca4911e68fa9bfbf3482ee797fd5b9045b841fdff7253557c5fe15de6477
u02-s005-v008,question,choices[3],2,2,2fca346db656187102ce806ac732e06a62df0dbb2829e511a770556d398e1a6e
u02-s005-v008,question,explanation,54,128,7e63201e91cd05a938617645ef142a32b58429621007174d99efae8ee79fd533
u02-s005-v008,question,steps[0],16,34,db2edfbb11a7afc389b5529c50e54de4d8440948456fc0adce5ed4b3acb6202b
u02-s005-v008,question,steps[1],18,38,b931533f9ae2aa9ef4183dc3edfcc657ab68827649ba16ae3ecf2fd8cc940f47
u02-s005-v008,question,optionAnalysis[0].choice,2,2,811786ad1ae74adfdd20dd0372abaaebc6246e343aebd01da0bfc4c02bf0106c
u02-s005-v008,question,optionAnalysis[0].reason,14,24,690a585f3cc6ade58cebc5168470a9caa13c7d1b5fb1c95cbfb63d5bfebd9537
u02-s005-v008,question,optionAnalysis[1].choice,2,2,8722616204217eddb39e7df969e0698aed8e599ba62ed2de1ce49b03ade0fede
u02-s005-v008,question,optionAnalysis[1].reason,15,26,ca37e2ffd9f31a3713ad0286d63a9b7e1bc2670b707719a8e70ed7fa53aa9cb1
u02-s005-v008,question,optionAnalysis[2].choice,3,3,2abaca4911e68fa9bfbf3482ee797fd5b9045b841fdff7253557c5fe15de6477
u02-s005-v008,question,optionAnalysis[2].reason,17,28,6de05cace6351000b7db369e7a634c2d159067d69c90773df7de96503e0695b0
u02-s005-v008,question,optionAnalysis[3].choice,2,2,2fca346db656187102ce806ac732e06a62df0dbb2829e511a770556d398e1a6e
u02-s005-v008,question,optionAnalysis[3].reason,13,25,db07aa5d977527ba55a4b12c1723bf0711e9926e5a623ef2bd81f3b061e4fbe5
u02-s005-v008,question,commonMistake,15,39,5c73589b42e3203994ab987eda2c5653b2c9197c0cf1afa767952a3f0551569d
u02-s005-v008,question,concept,20,52,d936afde64931172a1a7e73a047621930c1c63f612e09b81a1f4f3b517783bf2
u02-s005-v008,question,tags[0],3,9,fd41540cbdbecb9b5fa7116d27c68e378548ab62ab7c7ca4494730a81ea87667
u02-s005-v008,question,tags[1],5,15,6c9ca49af6946fe37f71fe7283775eb9f5c0bf38ab10edd1313183aa01361a61
u02-s005-v008,question,tags[2],8,8,d21f85ea38166303ce58e06134b5cc4a5c900c409ab2a500ff7c9225109a09bb
u02-s005-v008,question,estimatedTimeSec,2,2,39fa9ec190eee7b6f4dff1100d6343e10918d044c75eac8f9e9a2596173f80c9
u02-s005-v008,question,prerequisiteSkillIds[0],18,18,0aa683a7d7ff7b513d35e95e2c31ec4d9f890280b54bdf078afd383a3b6c0fa1
u02-s005-v008,question,authoringIntent,13,29,e6f1bc8b7cd800e86d5cc3cb166477a501b4f20371c5f26ab6ea9f9400d0ad08
u02-s005-v008,question,reviewStatus,22,22,ec809598e2f7fcc69fad54c9cd045bba62b4a0dc7c0ff90d4efdc3788c9ad8fb
u02-s005-v008,question,contentSha256,64,64,38a6c504e5879fe625b0973e8abadff8923635ea72202be69366f1e6507299f3
u02-s005-v008,question,contentAuthority,25,25,ed40f75ffe3d6ad4e71f6e7919d063410490de360edb425965eccd605ca9d79e
u02-s005-v009,question,questionId,13,13,e25edb7385bd94ac45175cfa69ec5fc383dcb9bdf4f20c7af30f937c156ca37d
u02-s005-v009,question,unitId,3,3,95b6504a8bd60df3a9a19ef2c504ac03429b325e9b81f0d701d07bdf6def6afb
u02-s005-v009,question,topicId,11,11,6f58a76cc1c202fbf60a6add57c6c99044e1e3af47cd9e0d4b5f88b1665e3020
u02-s005-v009,question,skillId,18,18,74fd87617adfa37b35b4f05cc5948915722f0d296e1a1a022cf106a63d7e9de1
u02-s005-v009,question,difficulty,8,8,d21f85ea38166303ce58e06134b5cc4a5c900c409ab2a500ff7c9225109a09bb
u02-s005-v009,question,type,2,2,6bc0f9c4ecb0acbebf1b9f6c816bdd66f4885f67c917d9e141cf893014fba936
u02-s005-v009,question,visualMode,9,9,9c7d54b0bf7a9369d8594201c7b11955514343809d09fbec33966c1fd9794015
u02-s005-v009,question,sourceScope,19,19,a4b669ddb8ef1883391c07a7b633f12eeaeecee7ec37c09eea4931aff6644346
u02-s005-v009,question,text,39,58,be55aed9fea6ec69f2908f541ad93bad1e97efd5057d42f22cf2c4b8f24bb577
u02-s005-v009,question,choices[0],2,2,e629fa6598d732768f7c726b4b621285f9c3b85303900aa912017db7617d8bdb
u02-s005-v009,question,choices[1],2,2,4a44dc15364204a80fe80e9039455cc1608281820fe2b24f1e5233ade6af1dd5
u02-s005-v009,question,choices[2],2,2,f5ca38f748a1d6eaf726b8a42fb575c3c71f1864a8143301782de13da2d9202b
u02-s005-v009,question,choices[3],2,2,624b60c58c9d8bfb6ff1886c2fd605d2adeb6ea4da576068201b6c6958ce93f4
u02-s005-v009,question,explanation,35,74,a96779d36942be054fb7130cf1814103d39176d9a4e51274386cc51d9dd1ab1d
u02-s005-v009,question,steps[0],8,10,112da2ec38c2f053d2ef30b6c7f1b2f995c0cdac5b37bd3965f2398fe7e8198e
u02-s005-v009,question,steps[1],7,8,334ca3dcc8d9c3c2338ae3d582756da5dfcc98bd2e2fcfedc1188c47c2003b5a
u02-s005-v009,question,optionAnalysis[0].choice,2,2,e629fa6598d732768f7c726b4b621285f9c3b85303900aa912017db7617d8bdb
u02-s005-v009,question,optionAnalysis[0].reason,8,11,b3c0ccdff169ccb93ba7bce699f4e303a758b350ead6bd78d6d81556cf2e7b21
u02-s005-v009,question,optionAnalysis[1].choice,2,2,4a44dc15364204a80fe80e9039455cc1608281820fe2b24f1e5233ade6af1dd5
u02-s005-v009,question,optionAnalysis[1].reason,11,22,17d24b82dc2a5429cf04c3642990abd879b6346062527aa1ac01000b5e38b78f
u02-s005-v009,question,optionAnalysis[2].choice,2,2,f5ca38f748a1d6eaf726b8a42fb575c3c71f1864a8143301782de13da2d9202b
u02-s005-v009,question,optionAnalysis[2].reason,7,17,2390e9012663becc2238fb5de029b0d9ae20e2fa89f14bf5142e11f2ca742a79
u02-s005-v009,question,optionAnalysis[3].choice,2,2,624b60c58c9d8bfb6ff1886c2fd605d2adeb6ea4da576068201b6c6958ce93f4
u02-s005-v009,question,optionAnalysis[3].reason,10,26,5ad56b437a4e155167531db2dab32440bf704eb0b9f3a6e7f95b324697a8d7f9
u02-s005-v009,question,commonMistake,18,38,89998ec7f1c6148ff7acf6690e3a0ae8e53867b0ae515002398329cfb407b41d
u02-s005-v009,question,concept,23,49,478e6ee773c58a7b8c6bc5286aad80971a69a0b31c74bd6dcd3d02b925f369b2
u02-s005-v009,question,tags[0],3,9,fd41540cbdbecb9b5fa7116d27c68e378548ab62ab7c7ca4494730a81ea87667
u02-s005-v009,question,tags[1],5,15,6c9ca49af6946fe37f71fe7283775eb9f5c0bf38ab10edd1313183aa01361a61
u02-s005-v009,question,tags[2],8,8,d21f85ea38166303ce58e06134b5cc4a5c900c409ab2a500ff7c9225109a09bb
u02-s005-v009,question,estimatedTimeSec,2,2,39fa9ec190eee7b6f4dff1100d6343e10918d044c75eac8f9e9a2596173f80c9
u02-s005-v009,question,prerequisiteSkillIds[0],18,18,0aa683a7d7ff7b513d35e95e2c31ec4d9f890280b54bdf078afd383a3b6c0fa1
u02-s005-v009,question,authoringIntent,13,21,5038230437caf64cb6e78b14c76441c6e9ef9f5fe7ee9415493cdafee73f8cfe
u02-s005-v009,question,reviewStatus,22,22,ec809598e2f7fcc69fad54c9cd045bba62b4a0dc7c0ff90d4efdc3788c9ad8fb
u02-s005-v009,question,contentSha256,64,64,1a68e7ffd68d93b8e6076c49976533e5d5bda598bfd0b48a20d1fd0daaddccc9
u02-s005-v009,question,contentAuthority,25,25,ed40f75ffe3d6ad4e71f6e7919d063410490de360edb425965eccd605ca9d79e
u02-s005-v010,question,questionId,13,13,91785b258f2920838ca8adadf50f237373fa780f61de11b250c77db8601cb9d0
u02-s005-v010,question,unitId,3,3,95b6504a8bd60df3a9a19ef2c504ac03429b325e9b81f0d701d07bdf6def6afb
u02-s005-v010,question,topicId,11,11,6f58a76cc1c202fbf60a6add57c6c99044e1e3af47cd9e0d4b5f88b1665e3020
u02-s005-v010,question,skillId,18,18,74fd87617adfa37b35b4f05cc5948915722f0d296e1a1a022cf106a63d7e9de1
u02-s005-v010,question,difficulty,8,8,578756ca4aa16d8872610a5aaa78460fd30fbe93379ff7284fe65d66ca606755
u02-s005-v010,question,type,2,2,6bc0f9c4ecb0acbebf1b9f6c816bdd66f4885f67c917d9e141cf893014fba936
u02-s005-v010,question,visualMode,9,9,9c7d54b0bf7a9369d8594201c7b11955514343809d09fbec33966c1fd9794015
u02-s005-v010,question,sourceScope,19,19,a4b669ddb8ef1883391c07a7b633f12eeaeecee7ec37c09eea4931aff6644346
u02-s005-v010,question,text,39,103,42f51bc1ed655b3644f32c5a6eb92c68e6a903a4b4e1e075e87c1f68e15192bd
u02-s005-v010,question,choices[0],4,6,a6145ad8817eb2cdfa1caab018aea2ee45c59ce297adaef0290a79d98921be64
u02-s005-v010,question,choices[1],4,6,3ea61243609e44b00fbef72c67eb69137053267e7c41ff88c3b7d01dd4125830
u02-s005-v010,question,choices[2],4,6,de26a1a7c95d2059cc66271242b23e36c90848a0804c9dbf4c4d4af652e4a48b
u02-s005-v010,question,choices[3],4,6,e69b7b6981ed8e0ced20d572e0cb6bb6134a764220ae449a6664205d3e41a2bb
u02-s005-v010,question,explanation,53,123,300cbca86b0b3597f8b7a7eb43653883d25bf0bce0820f9979185541b8109ba5
u02-s005-v010,question,steps[0],19,51,bded0d2eb2bd8e402f2d4ee0c75a48f028f8232c8cd8760275dce8e9edf683e1
u02-s005-v010,question,steps[1],12,12,7002de4a80b6025dda39c0cc6e3bd0cd42bbb82053bd5f9f29363b86444d8bbc
u02-s005-v010,question,optionAnalysis[0].choice,4,6,a6145ad8817eb2cdfa1caab018aea2ee45c59ce297adaef0290a79d98921be64
u02-s005-v010,question,optionAnalysis[0].reason,9,21,3fdb64a41ba8a32e9e9298fdc3dd5272428833d7414efa7afd299edf62107feb
u02-s005-v010,question,optionAnalysis[1].choice,4,6,3ea61243609e44b00fbef72c67eb69137053267e7c41ff88c3b7d01dd4125830
u02-s005-v010,question,optionAnalysis[1].reason,10,26,fd67cf93139cc9ba388f8544cfdf8cad5e1e01d402411c1bca179db4523e0eff
u02-s005-v010,question,optionAnalysis[2].choice,4,6,de26a1a7c95d2059cc66271242b23e36c90848a0804c9dbf4c4d4af652e4a48b
u02-s005-v010,question,optionAnalysis[2].reason,9,21,79b11a73e447b96c1ad077b722fa76fd6045ca8a274b0aca460345e25b3204f8
u02-s005-v010,question,optionAnalysis[3].choice,4,6,e69b7b6981ed8e0ced20d572e0cb6bb6134a764220ae449a6664205d3e41a2bb
u02-s005-v010,question,optionAnalysis[3].reason,5,11,0510d2255531abfbb19388ea9e0cccc70026141527a474a5e634ae6b2df291bf
u02-s005-v010,question,commonMistake,12,36,276604377e84cb4e51c20d55b8311d1b6ed903dc87eed4d14a7d8c3649bad305
u02-s005-v010,question,concept,14,34,32756c26fc77fcad09ea38b8709aa93ea47fc4cf3bc8e761732da67ce60bbb53
u02-s005-v010,question,tags[0],3,9,fd41540cbdbecb9b5fa7116d27c68e378548ab62ab7c7ca4494730a81ea87667
u02-s005-v010,question,tags[1],5,15,6c9ca49af6946fe37f71fe7283775eb9f5c0bf38ab10edd1313183aa01361a61
u02-s005-v010,question,tags[2],8,8,578756ca4aa16d8872610a5aaa78460fd30fbe93379ff7284fe65d66ca606755
u02-s005-v010,question,estimatedTimeSec,2,2,39fa9ec190eee7b6f4dff1100d6343e10918d044c75eac8f9e9a2596173f80c9
u02-s005-v010,question,prerequisiteSkillIds[0],18,18,0aa683a7d7ff7b513d35e95e2c31ec4d9f890280b54bdf078afd383a3b6c0fa1
u02-s005-v010,question,authoringIntent,14,32,4d7232707b692218d8d1046feae3d07e0303b074730ac2195c273d6028ea2226
u02-s005-v010,question,literacyContextNecessity,31,93,a9f12f576452ba8c01f6a90b4cc49e2cf206af6e5f494d5bee5ccfd703999d70
u02-s005-v010,question,reviewStatus,22,22,ec809598e2f7fcc69fad54c9cd045bba62b4a0dc7c0ff90d4efdc3788c9ad8fb
u02-s005-v010,question,contentSha256,64,64,14218d00952b74265787e1510c18f0c7b454946b80a47ee09b48e397c7c6a216
u02-s005-v010,question,contentAuthority,25,25,ed40f75ffe3d6ad4e71f6e7919d063410490de360edb425965eccd605ca9d79e
u02-s005-v011,question,questionId,13,13,b28dd5a17265c4ae6a3d3445a6dc9894e3add1a5f0498ff2687eb367b87ef037
u02-s005-v011,question,unitId,3,3,95b6504a8bd60df3a9a19ef2c504ac03429b325e9b81f0d701d07bdf6def6afb
u02-s005-v011,question,topicId,11,11,6f58a76cc1c202fbf60a6add57c6c99044e1e3af47cd9e0d4b5f88b1665e3020
u02-s005-v011,question,skillId,18,18,74fd87617adfa37b35b4f05cc5948915722f0d296e1a1a022cf106a63d7e9de1
u02-s005-v011,question,difficulty,8,8,578756ca4aa16d8872610a5aaa78460fd30fbe93379ff7284fe65d66ca606755
u02-s005-v011,question,type,2,2,6bc0f9c4ecb0acbebf1b9f6c816bdd66f4885f67c917d9e141cf893014fba936
u02-s005-v011,question,visualMode,9,9,9c7d54b0bf7a9369d8594201c7b11955514343809d09fbec33966c1fd9794015
u02-s005-v011,question,sourceScope,19,19,a4b669ddb8ef1883391c07a7b633f12eeaeecee7ec37c09eea4931aff6644346
u02-s005-v011,question,text,54,122,12f5fde39a5a221cf8b562b39e339a069b7fe95f57fb9f7b0aa42295ed922b60
u02-s005-v011,question,choices[0],4,4,9e9e0b9b82db5a0db832f0eb4a790c97ccd41c6d1260fdddef6c5ad09c61dd13
u02-s005-v011,question,choices[1],4,4,04f8b7bc66efff103884781ca1a6de0f1f5c1eabdb05a28336c78faa3ed04b2b
u02-s005-v011,question,choices[2],4,4,2be7a76a17a53940beba2f6a1e194d3a9e6df7bf5fda0a6a9d06412ab79caa9d
u02-s005-v011,question,choices[3],4,4,94d1cdb117173283e841eddf0ed8ae4fe88a90e04dc4c2c95a5112212508e2ff
u02-s005-v011,question,explanation,51,99,824c52a6ea82327c490781a473b73473843f485fe167847088461517e6d6e322
u02-s005-v011,question,steps[0],15,19,4f5a17a105ae5ce8072959ca81a8da61b2481877e51a753e5fe4301bada50179
u02-s005-v011,question,steps[1],14,22,33c7cf21f4dcd08049a63204f6d2bc4b8372da263ca9f6ad226153502c2ea201
u02-s005-v011,question,optionAnalysis[0].choice,4,4,9e9e0b9b82db5a0db832f0eb4a790c97ccd41c6d1260fdddef6c5ad09c61dd13
u02-s005-v011,question,optionAnalysis[0].reason,12,28,69a8ee3834e591ae393618513e8276dcf33ff847f96a08a5ac1398b3b2b7bb1d
u02-s005-v011,question,optionAnalysis[1].choice,4,4,04f8b7bc66efff103884781ca1a6de0f1f5c1eabdb05a28336c78faa3ed04b2b
u02-s005-v011,question,optionAnalysis[1].reason,12,28,5337325b2e7b4b2391e6b9d8e84b42ed26d215b9e87fe8dc67628863d0d12276
u02-s005-v011,question,optionAnalysis[2].choice,4,4,2be7a76a17a53940beba2f6a1e194d3a9e6df7bf5fda0a6a9d06412ab79caa9d
u02-s005-v011,question,optionAnalysis[2].reason,11,21,f6b7dc2a563f9fc05edb14b2fdc6738a1c099901f68702c75a6f59ca64c7c438
u02-s005-v011,question,optionAnalysis[3].choice,4,4,94d1cdb117173283e841eddf0ed8ae4fe88a90e04dc4c2c95a5112212508e2ff
u02-s005-v011,question,optionAnalysis[3].reason,13,35,4076ed0a0c61b3a2bd4036e43f262607b2e043de9ddb4d867cd8b6a7d296554f
u02-s005-v011,question,commonMistake,12,32,cf7e4df740623b6213635e4461090f0f63350d3685e6168b6ca34d1107d8040a
u02-s005-v011,question,concept,16,40,9a73bb6ffd7d301c214f90c6ab884cd13b85b26565f760900f84888e105acce7
u02-s005-v011,question,tags[0],3,9,fd41540cbdbecb9b5fa7116d27c68e378548ab62ab7c7ca4494730a81ea87667
u02-s005-v011,question,tags[1],5,15,6c9ca49af6946fe37f71fe7283775eb9f5c0bf38ab10edd1313183aa01361a61
u02-s005-v011,question,tags[2],8,8,578756ca4aa16d8872610a5aaa78460fd30fbe93379ff7284fe65d66ca606755
u02-s005-v011,question,estimatedTimeSec,2,2,39fa9ec190eee7b6f4dff1100d6343e10918d044c75eac8f9e9a2596173f80c9
u02-s005-v011,question,prerequisiteSkillIds[0],18,18,0aa683a7d7ff7b513d35e95e2c31ec4d9f890280b54bdf078afd383a3b6c0fa1
u02-s005-v011,question,authoringIntent,12,26,3bd3a07d2a0bc6bde569c327a31b57ce9a68d7c0e43ef59f0148941f31496a3a
u02-s005-v011,question,literacyContextNecessity,34,102,b2e8d78f3b6befa069e832ea2460bc16d4acd3b0b5d34f7731404a05a478d1e9
u02-s005-v011,question,reviewStatus,22,22,ec809598e2f7fcc69fad54c9cd045bba62b4a0dc7c0ff90d4efdc3788c9ad8fb
u02-s005-v011,question,contentSha256,64,64,d1d4dbf8bf52417d5c8718a50241f36afc9124e367b17f4523c450fc6fc3fb87
u02-s005-v011,question,contentAuthority,25,25,ed40f75ffe3d6ad4e71f6e7919d063410490de360edb425965eccd605ca9d79e
u02-s005-v012,question,questionId,13,13,22cc1f5b550c281e04904cce902ac1dfebd696c056369656a96112602cbf1b31
u02-s005-v012,question,unitId,3,3,95b6504a8bd60df3a9a19ef2c504ac03429b325e9b81f0d701d07bdf6def6afb
u02-s005-v012,question,topicId,11,11,6f58a76cc1c202fbf60a6add57c6c99044e1e3af47cd9e0d4b5f88b1665e3020
u02-s005-v012,question,skillId,18,18,74fd87617adfa37b35b4f05cc5948915722f0d296e1a1a022cf106a63d7e9de1
u02-s005-v012,question,difficulty,8,8,578756ca4aa16d8872610a5aaa78460fd30fbe93379ff7284fe65d66ca606755
u02-s005-v012,question,type,2,2,6bc0f9c4ecb0acbebf1b9f6c816bdd66f4885f67c917d9e141cf893014fba936
u02-s005-v012,question,visualMode,9,9,9c7d54b0bf7a9369d8594201c7b11955514343809d09fbec33966c1fd9794015
u02-s005-v012,question,sourceScope,19,19,a4b669ddb8ef1883391c07a7b633f12eeaeecee7ec37c09eea4931aff6644346
u02-s005-v012,question,text,45,109,20d14edcf5bdfa5473d729143f98664cffdaba8eb2ec9438a10a08d734bc2a7b
u02-s005-v012,question,choices[0],4,4,dcf02bc950c3bfe76bb467d63fa74894f351b2a2d168e0805cd0570e957212e9
u02-s005-v012,question,choices[1],4,4,6f9f79f8f6cbaf6047f2b4c82772f4c90acaf20eb26f476bce79232eb86bcf35
u02-s005-v012,question,choices[2],4,4,c7ab9fbdd14e1c29b6f185a97ee48cf50f04682a8bd9d33edd25217da1745354
u02-s005-v012,question,choices[3],4,4,090dcce8b56e5998b22ac30cf1f80fccd431950d68c68824c6228d4aa72b55a5
u02-s005-v012,question,explanation,53,101,7ee95912235231e8b7edd5e4439bff94c17939e69de923363bbbb81f9ed0aaea
u02-s005-v012,question,steps[0],17,21,17456b5529624f992b25c43e84314d690786810a6c65ecdd311474debd18b35b
u02-s005-v012,question,steps[1],14,22,ab8f8e01bfa07b4b9ca7120d5f09fd4af1115626b0ec347b7bdfbd424727de8c
u02-s005-v012,question,optionAnalysis[0].choice,4,4,dcf02bc950c3bfe76bb467d63fa74894f351b2a2d168e0805cd0570e957212e9
u02-s005-v012,question,optionAnalysis[0].reason,13,29,d452f868c23f5491c7e0185e587ffcdd0921cc3da7f6518eb7d1946a06e62271
u02-s005-v012,question,optionAnalysis[1].choice,4,4,6f9f79f8f6cbaf6047f2b4c82772f4c90acaf20eb26f476bce79232eb86bcf35
u02-s005-v012,question,optionAnalysis[1].reason,11,23,f25f9f7982a1c92dc7d1e112f144ee5e0dd9236509d971477dcee761b1974aaa
u02-s005-v012,question,optionAnalysis[2].choice,4,4,c7ab9fbdd14e1c29b6f185a97ee48cf50f04682a8bd9d33edd25217da1745354
u02-s005-v012,question,optionAnalysis[2].reason,13,35,9356b68a326bf4d36a657cffd5638fb31f9be8718c10322edae8ad4b864875f7
u02-s005-v012,question,optionAnalysis[3].choice,4,4,090dcce8b56e5998b22ac30cf1f80fccd431950d68c68824c6228d4aa72b55a5
u02-s005-v012,question,optionAnalysis[3].reason,10,26,87cbcad6fd60b19ad07e41dd5ef10ff1f060683a5c6019e89bfcca65ef6cb121
u02-s005-v012,question,commonMistake,15,45,f3812dc99bc65b1e6e58f462ecf2035957341894b836cf9ea06dd43d25fbe60f
u02-s005-v012,question,concept,14,34,951218daacaf43a760d360596d729623a45824c28fa41dc8eb0e625a259e8a8f
u02-s005-v012,question,tags[0],3,9,fd41540cbdbecb9b5fa7116d27c68e378548ab62ab7c7ca4494730a81ea87667
u02-s005-v012,question,tags[1],5,15,6c9ca49af6946fe37f71fe7283775eb9f5c0bf38ab10edd1313183aa01361a61
u02-s005-v012,question,tags[2],8,8,578756ca4aa16d8872610a5aaa78460fd30fbe93379ff7284fe65d66ca606755
u02-s005-v012,question,estimatedTimeSec,2,2,39fa9ec190eee7b6f4dff1100d6343e10918d044c75eac8f9e9a2596173f80c9
u02-s005-v012,question,prerequisiteSkillIds[0],18,18,0aa683a7d7ff7b513d35e95e2c31ec4d9f890280b54bdf078afd383a3b6c0fa1
u02-s005-v012,question,authoringIntent,9,27,b2d3e6cfdd9f2d569ddb90e4b31fa1fe2787d2ed6c2a852d5a76393c2ea59b98
u02-s005-v012,question,literacyContextNecessity,32,96,cd6886515fd5a097f34ff5f70d94bb1451f09423b31b8ae03d9d7cc8f423fbbb
u02-s005-v012,question,reviewStatus,22,22,ec809598e2f7fcc69fad54c9cd045bba62b4a0dc7c0ff90d4efdc3788c9ad8fb
u02-s005-v012,question,contentSha256,64,64,c4ebdb953cf8d596e9f3d8938f9cceaea3a668dfeb74d8aa2ba861c288c565ae
u02-s005-v012,question,contentAuthority,25,25,ed40f75ffe3d6ad4e71f6e7919d063410490de360edb425965eccd605ca9d79e
u02-s005-cr001,question,questionId,14,14,72b80d444f96b5598c30b530684d3840953d09c9d600bf244f9246a0f343309f
u02-s005-cr001,question,unitId,3,3,95b6504a8bd60df3a9a19ef2c504ac03429b325e9b81f0d701d07bdf6def6afb
u02-s005-cr001,question,topicId,11,11,6f58a76cc1c202fbf60a6add57c6c99044e1e3af47cd9e0d4b5f88b1665e3020
u02-s005-cr001,question,skillId,18,18,74fd87617adfa37b35b4f05cc5948915722f0d296e1a1a022cf106a63d7e9de1
u02-s005-cr001,question,difficulty,8,8,fe6d3468cf5c74d8ec2a95b40f2e05338c37a4202f8fad692d2b64a9cf9b468a
u02-s005-cr001,question,type,20,20,e519496c259191db041ac61161dbfadb673dd94a10a123ed7423adcf7968ae7c
u02-s005-cr001,question,visualMode,9,9,9c7d54b0bf7a9369d8594201c7b11955514343809d09fbec33966c1fd9794015
u02-s005-cr001,question,prompt,28,68,86e91cb55e74034711312a7d9c2132564dd5627b71906e6f269bf8e9a49078a4
u02-s005-cr001,question,requiredWork[0],5,15,46b3a2b1572b2177156a9bd1f4354df12c6c307c0d0e51849bfd631cfba54e29
u02-s005-cr001,question,requiredWork[1],11,33,33fd14c1f0bf5d3977db0623e29e4d4b14380a36960df6f90e291d6a272c6c6e
u02-s005-cr001,question,requiredWork[2],6,18,a15f80918fc87e3687fd943df8bc367f629c7cbe2afeeccb43993512da184a63
u02-s005-cr001,question,fullCreditSolution[0],27,41,4947dcc38f4fa807f4fc553372787d0a3a23a3d8054c31636a648d1258b093e2
u02-s005-cr001,question,fullCreditSolution[1],16,22,e4aa413a854bc99b30d68c0f128471b36a1ce3be1557b7c3f40665d57e407043
u02-s005-cr001,question,fullCreditSolution[2],23,32,be70cf3b1636a5ee97bfb331168f21c396b4c0c7f36675b58662dbe5f06a0e1b
u02-s005-cr001,question,alternativeSolutions[0],36,54,9b579cca7176c74bdfa024c691a907528b33b2db439a95e385cfde732e8b0004
u02-s005-cr001,question,rubric[0].criteria,18,40,fcafc8af1b4d0ae8363eafb4b94c9b0977f8418f1357a16b9558640e803208d9
u02-s005-cr001,question,rubric[1].criteria,15,45,f9e531ee0512df68ae81399e812d3662f21628181940b38c2a299b24be8bb082
u02-s005-cr001,question,rubric[2].criteria,11,33,8748ee716ec5c6c0fa5e8bb470c8123caebba7462468127357e683a323cfade4
u02-s005-cr001,question,rubric[3].criteria,11,33,01fd7813564e5a0a90f8a14c72640280584cb7d86c0348b922ea7e8f6db5c078
u02-s005-cr001,question,scoringNotes[0],8,24,fb0f54d1f27e3c37385743c7c549ea79faf72b13c9135172acde8e72b7495b2a
u02-s005-cr001,question,commonErrors[0],6,16,1f043679d37f09f82a855610f69f6f84296666640fc356dbb10073ec2c0fc542
u02-s005-cr001,question,commonErrors[1],8,22,95254635061801af395ff6dc44aee100e523c18629da331bc1ada9c06ecf6d16
u02-s005-cr001,question,independentReview.derivedResult,8,10,aa27b7ce5a33e3b4f070d5bfa74c0548b97b900c4a0973b89835c026fe3a7ec5
u02-s005-cr001,question,independentReview.ambiguity,13,39,a002cc7730a51394b314637b0319ebef4fcc15c200e373b3295a24c89981de0a
u02-s005-cr001,question,independentReview.decision,4,4,d74ff0ee8da3b9806b18c877dbf29bbde50b5bd8e4dad7a3a725000feb82e8f1
u02-s005-cr001,question,contentSha256,64,64,31f244efd5ad605e0f4de425050c0f0af82338e1434420ebe57e62305b7b2413
u02-s005-cr001,question,contentAuthority,25,25,ed40f75ffe3d6ad4e71f6e7919d063410490de360edb425965eccd605ca9d79e
u02-s005-cr002,question,questionId,14,14,ebd9c9b5e9bafe22abb00cb0384f1a74ce130c1e4bdf58f2229f8d4d92075d88
u02-s005-cr002,question,unitId,3,3,95b6504a8bd60df3a9a19ef2c504ac03429b325e9b81f0d701d07bdf6def6afb
u02-s005-cr002,question,topicId,11,11,6f58a76cc1c202fbf60a6add57c6c99044e1e3af47cd9e0d4b5f88b1665e3020
u02-s005-cr002,question,skillId,18,18,74fd87617adfa37b35b4f05cc5948915722f0d296e1a1a022cf106a63d7e9de1
u02-s005-cr002,question,difficulty,8,8,d21f85ea38166303ce58e06134b5cc4a5c900c409ab2a500ff7c9225109a09bb
u02-s005-cr002,question,type,20,20,e519496c259191db041ac61161dbfadb673dd94a10a123ed7423adcf7968ae7c
u02-s005-cr002,question,visualMode,9,9,9c7d54b0bf7a9369d8594201c7b11955514343809d09fbec33966c1fd9794015
u02-s005-cr002,question,prompt,35,77,670a274b72bbfb6c15f050517977fe779c0311b2ed7491d201467511df6de8d7
u02-s005-cr002,question,requiredWork[0],10,30,92599f1fcd7209f90485e032bcac0bc6b3bcb9d2d70f101862c7171ababfc30b
u02-s005-cr002,question,requiredWork[1],11,33,24a863446d40fd4c12c93bf00b0d619b0456297225bb77ad718b8e3d16da236d
u02-s005-cr002,question,fullCreditSolution[0],18,27,d5ad18a89f365df1188b7b3bca86ac17424f0179181371165cf2fe2d579b977d
u02-s005-cr002,question,fullCreditSolution[1],41,101,98eb8b40487697b555d1b2748343788221fdd42ae120d28b8ba49eafd1026560
u02-s005-cr002,question,fullCreditSolution[2],35,69,34e585d5e2348f929eb6b51a5c979fd1269186692d3ffffaca3570933e022e03
u02-s005-cr002,question,alternativeSolutions[0],25,63,d6957964b557bed1547466a6f8a2935c55c78f8b1b968894ab0867a64b26285c
u02-s005-cr002,question,rubric[0].criteria,17,49,68e14afeddabccaf59526b9f91a980e55306dcfef531e99d532ec979572d8ffa
u02-s005-cr002,question,rubric[1].criteria,10,30,4def9fee6b1154e3e2bfd2a1ace79aec2fb3ab16bbc18811ac1db7c272fbc892
u02-s005-cr002,question,rubric[2].criteria,10,30,a089daed9da6927fd3c7f139006b01a06dcf8e2f3b05ebd14b013734f9e96bbe
u02-s005-cr002,question,rubric[3].criteria,13,27,dceeb181f6a8e357437960f6f741cc280c267f26045bcac544a23ad38e08a577
u02-s005-cr002,question,scoringNotes[0],13,27,9411b8578f04d21e7d09c13c3b8a83285d6e655c25a0d5cef21b37bf0eab220d
u02-s005-cr002,question,commonErrors[0],5,11,d71d38319ab62d000178849e1c253308b84a20358f2539223f78d569db00096d
u02-s005-cr002,question,commonErrors[1],12,29,de3c7b8c5e2dd70334d04aa54f545191209c47720137811091f4703c9fac5c80
u02-s005-cr002,question,independentReview.derivedResult,19,31,a74606d9bb6ad8da0c817539c712dba24b937b7b4d5cf02e7b150effd27f2f13
u02-s005-cr002,question,independentReview.ambiguity,13,39,a002cc7730a51394b314637b0319ebef4fcc15c200e373b3295a24c89981de0a
u02-s005-cr002,question,independentReview.decision,4,4,d74ff0ee8da3b9806b18c877dbf29bbde50b5bd8e4dad7a3a725000feb82e8f1
u02-s005-cr002,question,contentSha256,64,64,da2ceace43a570ac54125ebbb5f1e558c1a4f9bddc8f0e5a0dfb64c918e06790
u02-s005-cr002,question,contentAuthority,25,25,ed40f75ffe3d6ad4e71f6e7919d063410490de360edb425965eccd605ca9d79e
u02-s006-lecture-r1,lecture,lectureId,19,19,f42c061e8849cbe1097910ed6117034a1dfc009e5f872261eaf6935c60b4594c
u02-s006-lecture-r1,lecture,unitId,3,3,95b6504a8bd60df3a9a19ef2c504ac03429b325e9b81f0d701d07bdf6def6afb
u02-s006-lecture-r1,lecture,topicId,16,16,08cb85c0b818133f7056665c7fd8ba4fb9ed6c65a0ee1b1691049ef9ca5a5773
u02-s006-lecture-r1,lecture,skillId,24,24,1d4723015f7d2c02aafd2728a8db2560fc262d8e69d4602ca5a76539d88518a1
u02-s006-lecture-r1,lecture,title,30,82,4037fc4b659b0cc0adc6eba37cf552ca97b7b8af6895c0fb9b310f33f24aa01f
u02-s006-lecture-r1,lecture,audience,10,30,e6b4416fbd9f36797de01256b31a4d6f6314e126fde8495e25792c814f64fc5f
u02-s006-lecture-r1,lecture,reviewStatus,22,22,ec809598e2f7fcc69fad54c9cd045bba62b4a0dc7c0ff90d4efdc3788c9ad8fb
u02-s006-lecture-r1,lecture,learningOutcomes[0],17,45,dadebfc3928357715c06cfea4e83fe109fd302b5f9185fe59ad7d3db1abcca24
u02-s006-lecture-r1,lecture,learningOutcomes[1],19,51,016b1882989a05709f768347acb10911fc9d8d3a6138d61b0a881e29f24f9a33
u02-s006-lecture-r1,lecture,learningOutcomes[2],17,51,18b50287b52c4331c1158e9e05f1a9967161a6520bf30071019fe02f5e27ee7b
u02-s006-lecture-r1,lecture,learningOutcomes[3],21,63,7ed2bd8ea1252f35ccbf424d6d14410155105567042cf13a584ac01fd69407df
u02-s006-lecture-r1,lecture,prerequisites[0].skillId,18,18,74fd87617adfa37b35b4f05cc5948915722f0d296e1a1a022cf106a63d7e9de1
u02-s006-lecture-r1,lecture,prerequisites[0].requiredLevel,28,66,7e355b56f81aeb568170597e3f6112278352f9419b2d36272d524d4c310ce848
u02-s006-lecture-r1,lecture,glossary[0].term,4,12,65d0e5ddc51304af9e71707fc87ccc5b08af4f600185b7d2059770a166b18a38
u02-s006-lecture-r1,lecture,glossary[0].definition,20,60,8fee860fb4ece094ec3fe7492d2b4fc63e493784a77da6b8991c65674b493d34
u02-s006-lecture-r1,lecture,glossary[1].term,6,18,9a3f93f922c6cba68e58254e86a445efad56b513ea4f98db5085bf29da7a36cf
u02-s006-lecture-r1,lecture,glossary[1].definition,16,48,5c4969214ad037e6534f2dd389b742dbfc21f1c0fbceaa8075356e230f8a6bc9
u02-s006-lecture-r1,lecture,glossary[2].term,2,6,5bc73035588cae8969935aed8fb4b88e7689b43f197301b9ce8aed2f1a0b20d1
u02-s006-lecture-r1,lecture,glossary[2].definition,13,39,ee1f05ed933f06f856dd55cc5bef4efe8e73037179451763d0b1925fb4786130
u02-s006-lecture-r1,lecture,glossary[3].term,4,12,1cbfe13c0dd874a9114840ac47fac64bf4cfdca9407f2c62dad0a5178bb17167
u02-s006-lecture-r1,lecture,glossary[3].definition,14,42,6817eaa5015f344f4fd3cb94a0e712eb5ba7fe5e271a855c1d8d600343fec24c
u02-s006-lecture-r1,lecture,notation[0].symbol,8,8,332ba3c9240279f5a889b6220f8c81c52268fc3df45a12384dd144be262fb830
u02-s006-lecture-r1,lecture,notation[0].meaning,15,45,48d401d6a9a9aa22ebad8b14db5cfd4cbc8799e88b723bd08f1f4baf4310124f
u02-s006-lecture-r1,lecture,conceptNarrative[0],29,81,f33c8b6031306c10041656ca8eeb718b5a7a1a78b126a1742f59936ccad091d5
u02-s006-lecture-r1,lecture,conceptNarrative[1],28,78,ede140131e62221f512892643bf83b3808378d6ec18601818d707bf7818f6f78
u02-s006-lecture-r1,lecture,conceptNarrative[2],49,141,7b0ef4d7d40e7d95cf21e8771ca3d9e2015d23092e592f6ce4ead4909c3ae157
u02-s006-lecture-r1,lecture,conceptNarrative[3],24,66,0493a8399ffeca1e07463209cc08a95ffa80248922da9b2605c919e028051ef7
u02-s006-lecture-r1,lecture,formalDefinitions[0].name,6,18,488e2de6144c6131db9db8e1b6c75c0d017b07d4f7fec25bcd2405e7ff4c1db5
u02-s006-lecture-r1,lecture,formalDefinitions[0].statement,17,51,6638ee0282552228d61cae96a545a1226d9d7933b90e28d0d57f8544dbe6ad5b
u02-s006-lecture-r1,lecture,formalDefinitions[1].name,7,21,d52840ddbf41bf0b8c8e601e551c1aec71f6f31b4661cb848dc8595ff27b7df5
u02-s006-lecture-r1,lecture,formalDefinitions[1].statement,14,42,4d5f49e9532eff27484fceb748262ab5bbf10a04eb7aa71f1bed52e38e236270
u02-s006-lecture-r1,lecture,nonApplicableCases[0],24,72,edfd8b0864691588fe5eb030cd9715107a4154cd6441d95da58892d05ce0a21a
u02-s006-lecture-r1,lecture,nonApplicableCases[1],20,54,2a8672e115b3760263c95127d27d79a2da70fdc3f6d42c8c97141501663caff5
u02-s006-lecture-r1,lecture,nonApplicableCases[2],12,36,25d49e8f8e63d8666be2a23a179121ad1e4fe90a5212dc2a2240406d8340c639
u02-s006-lecture-r1,lecture,nonApplicableCases[3],11,33,568a0eb25f363bef3e53e249045571992c4aa5ea17348adbabce66886fac36ca
u02-s006-lecture-r1,lecture,method[0].instruction,10,30,5e4b4fbcf1598aeddf4362df50efe1972e6b4376eef041e5d26d6b896ad564ce
u02-s006-lecture-r1,lecture,method[0].check,6,18,a947a77263bd006d7544093fbc32b9a748d8063bd77b180f31031e7c5a8a91e2
u02-s006-lecture-r1,lecture,method[1].instruction,16,48,9482a2f3b3f68791a01d66b8251745b3cbd2191579a13b41dfc372ffeb88ddeb
u02-s006-lecture-r1,lecture,method[1].check,10,24,3d0e5ca6eca1a7048f0ecf0b0cb98a1e26bab4f48123cc5baa535c5791a976cf
u02-s006-lecture-r1,lecture,method[2].instruction,6,12,62b2514021d334b2133b3f3075748a4391f8996536836a48ecc201c575174f41
u02-s006-lecture-r1,lecture,method[2].check,10,30,c8d4ce6ed386990c908a88147cc862cca0026de682d9a31eb7645629fec547c5
u02-s006-lecture-r1,lecture,method[3].instruction,9,27,815110c3d4fe21affb15b3d7c3dc00e4cfec0004c10ccacd7d76ea551322c055
u02-s006-lecture-r1,lecture,method[3].check,16,48,6891bf3a7636b4b7868f7b678dcf4f5e053dab1e438912aba96dd341f703074f
u02-s006-lecture-r1,lecture,method[4].instruction,7,21,00e3882dd86bb493017990f55839530b419b29230b4b0dc9d2c6545b50b59dad
u02-s006-lecture-r1,lecture,method[4].check,13,39,1e3db59bd675de1714ed2fd61df42b1b0538ee362d43bad11856c6970acda7ed
u02-s006-lecture-r1,lecture,workedExamples[0].exampleId,2,2,dffe8596427fc50e8f64654a609af134d45552f18bbecef90b31135a9e7acaa0
u02-s006-lecture-r1,lecture,workedExamples[0].prompt,18,46,58b24893c21b161053a174b5bd8b8820bfa28b6decc5b15b90d58b2995ae429e
u02-s006-lecture-r1,lecture,workedExamples[0].solutionSteps[0],14,16,61961e8817856e807d415cd0602ecd55bbe99a600c2063cf4ff08f631727d073
u02-s006-lecture-r1,lecture,workedExamples[0].solutionSteps[1],8,20,f5d7f4e1fecc89e57b0b157f39f24f1171328c1fc268f656540e52a79306760c
u02-s006-lecture-r1,lecture,workedExamples[0].answer,9,21,290319c271e3228a790ba55c5d91f1f78c8feb3e108c48e8175fa3ec0ddeeb88
u02-s006-lecture-r1,lecture,workedExamples[1].exampleId,2,2,d76354d8457898445bb69e0dc0dc95fb74cc3cf334f8c1859162a16ad0041f8d
u02-s006-lecture-r1,lecture,workedExamples[1].prompt,15,35,e5957a86ec8f68997983f955af9f08fed290ace5fb0a2d722d8c0d100aff72fa
u02-s006-lecture-r1,lecture,workedExamples[1].solutionSteps[0],7,9,75948051897749ba5db4e36718f1c4cc038726d6b7d37c249435a72bf1881f70
u02-s006-lecture-r1,lecture,workedExamples[1].solutionSteps[1],8,14,02a0c8852fb3e9dfa3f73b49e5cec5c136d3f33af9687163ed3870d7652174e2
u02-s006-lecture-r1,lecture,workedExamples[1].answer,11,27,51e2e3e8fc28c893918fe2466aa92e2134cda84fcf628c699901d3a72c67139a
u02-s006-lecture-r1,lecture,workedExamples[2].exampleId,2,2,842983de8fb1d277a3fad5c8295c7a14317c458718a10c5a35b23e7f992a5c80
u02-s006-lecture-r1,lecture,workedExamples[2].prompt,17,38,fc2f3b1330fbd4f3aa2da50b631ed4d1d64cfac4c9adca441fca270038dcf02c
u02-s006-lecture-r1,lecture,workedExamples[2].solutionSteps[0],7,9,cbe29d1ce63a04e76a9b2d67157d3b77c417360e42d72134d016956e3ec28a00
u02-s006-lecture-r1,lecture,workedExamples[2].solutionSteps[1],8,20,857c3d3c8992700bec26d5a397213d7f15f2d8e95dee489f5bc137de3637cdaa
u02-s006-lecture-r1,lecture,workedExamples[2].answer,12,28,8eb67a1e0579f75e98c796021df6496820dad83926dc070cd0aef7f27e04c905
u02-s006-lecture-r1,lecture,workedExamples[3].exampleId,2,2,4a5a97c6433c4c062457e9335709d57493e75527809d8a9586c141e591ac9f2c
u02-s006-lecture-r1,lecture,workedExamples[3].prompt,19,41,2140e42a0eebe0ee14d2e35c2b1326c75b84e8621d742ed0fa669d7d528891c8
u02-s006-lecture-r1,lecture,workedExamples[3].solutionSteps[0],9,15,9317e7d8df16d00341cef977434ea50bf64f0426bdad9fdb22cba74f3ba9392b
u02-s006-lecture-r1,lecture,workedExamples[3].solutionSteps[1],9,21,178a14e4c5b15e00aad4e3efde09fdbaa06dff9c88a2531fdb9a558bb16d59a6
u02-s006-lecture-r1,lecture,workedExamples[3].answer,10,22,bb551bd637a61e4d9c45643de57cfc4437fa7efc1f7f938692e4646e428b8d2e
u02-s006-lecture-r1,lecture,commonMistakes[0].mistake,11,27,321ab0c0b2ad6de7ad57872ac44c930d29c1a4a74262c10745c9471321afe3b3
u02-s006-lecture-r1,lecture,commonMistakes[0].why,11,27,e518b320c543eb0d6774e5a7d3b565d9f4dbbe57e293d6c77975994c91665724
u02-s006-lecture-r1,lecture,commonMistakes[0].correction,12,36,0a34918da39658221ca8edfebb369f2f5af3e847ce9c887441b2ae8646437e60
u02-s006-lecture-r1,lecture,commonMistakes[1].mistake,10,30,eb4b8bfb760c42617051a7ecf08d732a3d4d1dca82cc8129bf9aef9449b113e8
u02-s006-lecture-r1,lecture,commonMistakes[1].why,8,24,94cb67ba7889efb5dc15f7ecd6757ba6122304688e033ef33850ad3706e099eb
u02-s006-lecture-r1,lecture,commonMistakes[1].correction,11,33,479b91043980eafac72695fe213dcd8e2294f50748995697e3dc6569d2425f02
u02-s006-lecture-r1,lecture,commonMistakes[2].mistake,11,33,d0df899fd21e1959b8a155722fece1e07dcee9b92aa2af0721957e2a8cf71e19
u02-s006-lecture-r1,lecture,commonMistakes[2].why,8,24,35de50b2b801fb96d2483996b2b5339072f1229b901cd4e491927530aea88457
u02-s006-lecture-r1,lecture,commonMistakes[2].correction,12,35,f38ad0b3ca52cd53054657423b2bb3748ecacc7f39b530d279aaa68a9556b38c
u02-s006-lecture-r1,lecture,commonMistakes[3].mistake,15,45,e3dddd2038d8f772b1786657e3d40f6588e85765d829dd9e5c0e6d7c9a3bf4cf
u02-s006-lecture-r1,lecture,commonMistakes[3].why,12,36,ba6324702485f2afe6732952a6a32d2dfbcedd90ac67f8b71a8f3d42777151db
u02-s006-lecture-r1,lecture,commonMistakes[3].correction,8,18,f9731f3bc6e6045167e73bf238323c7a32c33236bc427c75f7314571a7cb1d2d
u02-s006-lecture-r1,lecture,commonMistakes[4].mistake,12,36,90bc3682303bd9a8e7dd695926a5e8bb451c8261007b0aeddfe1542c3b4ac025
u02-s006-lecture-r1,lecture,commonMistakes[4].why,8,24,2623ef0e6b97a28043f92802cd7f363a07c38391a6c5857b3bc1b26768c029d1
u02-s006-lecture-r1,lecture,commonMistakes[4].correction,11,33,a384a91c6f1de8938c1eaae0b123d1ee15374e25471452082c94d67801ce6b8e
u02-s006-lecture-r1,lecture,commonMistakes[5].mistake,12,30,83bfff4977b65b1c472c07f9238d3e095a89deb0c37fee9b700e8f1d6d22153e
u02-s006-lecture-r1,lecture,commonMistakes[5].why,6,18,cd76d47f04adb70b4306d09de5bd18b2b40aa3028c220ce1ee99ec1daf01b74a
u02-s006-lecture-r1,lecture,commonMistakes[5].correction,10,30,eeff406476bcb28220a1147c812f1274916b479c7cf0d1a16a933876dc02395b
u02-s006-lecture-r1,lecture,selfCheck[0],13,33,96536932953797830b005384ecf82088206f36b90daf8d7c71e5b0bb2d0d54ab
u02-s006-lecture-r1,lecture,selfCheck[1],13,33,d6a50d88f782f30aa0834143cd6cf126e5702482eab8cf6b01c5044cfeca73c3
u02-s006-lecture-r1,lecture,selfCheck[2],8,24,ed4bf806f83f941f71daee412a5c097cf77a4a8d677916cdb723a45c72c917eb
u02-s006-lecture-r1,lecture,selfCheck[3],11,33,ffdcdb63d74ed1ef2f4d10e740bd3dee744c8a476a8b0bbed4af2320493c30b4
u02-s006-lecture-r1,lecture,selfCheck[4],10,30,fc9a099c044d0277eb96096f3bbc16d03a0dcc2c4128d41448d0ec169f566fa8
u02-s006-lecture-r1,lecture,summary[0],27,75,a184be551e19fe0c88afe0caf88605137b44ac97ae5a6908f4020f0fd1d07879
u02-s006-lecture-r1,lecture,summary[1],10,24,a0912ea8648d02825fe1c90d55f7b9876977bf8281c2b886b118fa51755f68f9
u02-s006-lecture-r1,lecture,summary[2],11,33,4c444c2f92cda5871dbe83f0be7c969c5ebe0588c0f7babf10c3cd5d3fdcd357
u02-s006-lecture-r1,lecture,summary[3],14,42,bd9549d543dddfa9c91d2270f2e9770df5a1ea89281138951a9e098eca30f083
u02-s006-lecture-r1,lecture,connections.previous,38,76,aa3be254f4aa2e0bb193459105530b9840bef5dd872aaab106949c25db050fad
u02-s006-lecture-r1,lecture,connections.next[0],14,42,d13a86ebc2f3536893c329167f05f03af711787058dced30fd99b5f6c2128c92
u02-s006-lecture-r1,lecture,connections.next[1],13,33,7abd5d148cb196db139ba5648b26ba94cf225118cc5e515b229ebbb1386542a6
u02-s006-lecture-r1,lecture,practiceLinks.mcQuestionIds[0],13,13,bce0189e0a6311b9ee0ce214fb3cea47b25b4aec38a18b21fa26c204058abc43
u02-s006-lecture-r1,lecture,practiceLinks.mcQuestionIds[1],13,13,9b7b018ae461b84e2e7decdc4468fe75583c6bc45c3332eeeb1d6dd04c6a22c8
u02-s006-lecture-r1,lecture,practiceLinks.mcQuestionIds[2],13,13,75b78ed8c932861115d734850e49935f2c6726d5981720a8769da1f115b27d3b
u02-s006-lecture-r1,lecture,practiceLinks.mcQuestionIds[3],13,13,05e688698f8f0ffb3b1c33d135fee777bdafc492db2b83c68b72d466d76b3c20
u02-s006-lecture-r1,lecture,practiceLinks.mcQuestionIds[4],13,13,ab1764aa1818fe8e7d725a42b325ead4f316edc429eecd2babc1ba7a11e864e0
u02-s006-lecture-r1,lecture,practiceLinks.mcQuestionIds[5],13,13,7cbdad47c874526108e6e86f760fac7c5eaf8651bf71d2dbe5ba9700a18b36e6
u02-s006-lecture-r1,lecture,practiceLinks.mcQuestionIds[6],13,13,56f83f621c74c9d8e67aeb052c5315396e4ba535368cceebd0515aa8a0d54e8b
u02-s006-lecture-r1,lecture,practiceLinks.mcQuestionIds[7],13,13,7d9c476f4bf743146740974f2f8486e07874cfc25368ac2275719047a187efc8
u02-s006-lecture-r1,lecture,practiceLinks.mcQuestionIds[8],13,13,d0e1162139102f3b2f779b50d239ab82a742fc56cad1b42b9b14c822f90ce081
u02-s006-lecture-r1,lecture,practiceLinks.mcQuestionIds[9],13,13,420c6b8c16df398ffc8120235bc026dc7f3042feb7023272385ccae691fba81f
u02-s006-lecture-r1,lecture,practiceLinks.mcQuestionIds[10],13,13,07381eeec4d6c02238da7b7445290d30f5a12b13cce33fd10453fddac223bd23
u02-s006-lecture-r1,lecture,practiceLinks.mcQuestionIds[11],13,13,9f84ae8ffd7bad60472765291be8517da81fb2ab5ca192aa75a38072026af766
u02-s006-lecture-r1,lecture,practiceLinks.constructedResponseIds[0],14,14,d0da2cfa9e007f32ec75483c123e11fc8c7b74cacdb36e380785a1382d17f0ed
u02-s006-lecture-r1,lecture,practiceLinks.constructedResponseIds[1],14,14,6551aae16afd7e763766cac912e22eb74fc35baf2dd17dde85a7e7f15e720d0a
u02-s006-lecture-r1,lecture,lectureReview.mathematicalCorrectness,4,4,d74ff0ee8da3b9806b18c877dbf29bbde50b5bd8e4dad7a3a725000feb82e8f1
u02-s006-lecture-r1,lecture,lectureReview.zeroFoundationReadability,4,4,d74ff0ee8da3b9806b18c877dbf29bbde50b5bd8e4dad7a3a725000feb82e8f1
u02-s006-lecture-r1,lecture,lectureReview.scopeCheck,21,21,fdf8268f0373301b2fcc6331f1d8999b8aabea69681e8bc972ab9a21216a7606
u02-s006-lecture-r1,lecture,lectureReview.reviewNote,51,141,04f6a7aded26dc798e30bf425801fbf8e3eb6b5c8ff3d5a69208fec43969bcfb
u02-s006-lecture-r1,lecture,lectureReview.reviewVersion,25,25,d778dfb0b9da1de52a9e6d141e13b5f20b33f0779b3da3dad22096cd927b9411
u02-s006-lecture-r1,lecture,lectureReview.reviewedAt,10,10,14158d45727526145ef514139eeb669eb54d613dbcffe524f099dbb71c9d8b08
u02-s006-lecture-r1,lecture,contentSha256,64,64,3f7c26b58adda0cf9e307bfec98df182f51f0a85e567b23e3e99fc0addfbb0bd
u02-s006-lecture-r1,lecture,contentAuthority,25,25,ed40f75ffe3d6ad4e71f6e7919d063410490de360edb425965eccd605ca9d79e
u02-s006-v001,question,questionId,13,13,bce0189e0a6311b9ee0ce214fb3cea47b25b4aec38a18b21fa26c204058abc43
u02-s006-v001,question,unitId,3,3,95b6504a8bd60df3a9a19ef2c504ac03429b325e9b81f0d701d07bdf6def6afb
u02-s006-v001,question,topicId,16,16,08cb85c0b818133f7056665c7fd8ba4fb9ed6c65a0ee1b1691049ef9ca5a5773
u02-s006-v001,question,skillId,24,24,1d4723015f7d2c02aafd2728a8db2560fc262d8e69d4602ca5a76539d88518a1
u02-s006-v001,question,difficulty,5,5,fbb7b5bf4ca348eeeebf8cc3660712859a5a1fbf18e83217a57ce203fb51d5c2
u02-s006-v001,question,type,2,2,6bc0f9c4ecb0acbebf1b9f6c816bdd66f4885f67c917d9e141cf893014fba936
u02-s006-v001,question,visualMode,9,9,9c7d54b0bf7a9369d8594201c7b11955514343809d09fbec33966c1fd9794015
u02-s006-v001,question,sourceScope,19,19,a4b669ddb8ef1883391c07a7b633f12eeaeecee7ec37c09eea4931aff6644346
u02-s006-v001,question,text,42,110,3f8bcc9bfefaa8c4c635d0d8a45e0492d42a627bee6329946b2e6084e9d01f09
u02-s006-v001,question,choices[0],4,6,9bf52b7bfd78be9382789c5b45342849c17fc1c84b447401c718c6c7aa6fa432
u02-s006-v001,question,choices[1],3,5,e6f64203e3fc791e890bdb0eca7e5abe8f764eb9addac3f432ef53e8e945b281
u02-s006-v001,question,choices[2],4,6,ce256175f3cc5e3b1e4cbb5925840145a4d00253909463ef12b2386444094a1a
u02-s006-v001,question,choices[3],4,6,ef354fc584a65c642d4126951f75a74726f70b47e75fad843354bfd1e70dce54
u02-s006-v001,question,explanation,48,104,3213a2eb5c6d085c5bd2619fa384580e47b9cd367268ce47fa12a42a1236b220
u02-s006-v001,question,steps[0],13,31,9e6dbcf9131a35d14d1464a8a5fcc72aa5bb5e222cd8520416318474fc8278d2
u02-s006-v001,question,steps[1],13,13,7e9807a09047afe23eb54b109d181df9ebbc913c2a247c3d06f9004d48f5a3a5
u02-s006-v001,question,optionAnalysis[0].choice,4,6,9bf52b7bfd78be9382789c5b45342849c17fc1c84b447401c718c6c7aa6fa432
u02-s006-v001,question,optionAnalysis[0].reason,10,26,d53decb447784d8fc4c233113d7c5d23a196492b80b2037d695f05857fb70420
u02-s006-v001,question,optionAnalysis[1].choice,3,5,e6f64203e3fc791e890bdb0eca7e5abe8f764eb9addac3f432ef53e8e945b281
u02-s006-v001,question,optionAnalysis[1].reason,9,25,d1e7f2f744de1dea4e5776d7992a667448d2e09e4b74eb49c4b192c3983773a3
u02-s006-v001,question,optionAnalysis[2].choice,4,6,ce256175f3cc5e3b1e4cbb5925840145a4d00253909463ef12b2386444094a1a
u02-s006-v001,question,optionAnalysis[2].reason,9,19,fdcdc50754a1e1e96864a847e072df4f0d5dacfa89918ed79cd7d906d9d89e1f
u02-s006-v001,question,optionAnalysis[3].choice,4,6,ef354fc584a65c642d4126951f75a74726f70b47e75fad843354bfd1e70dce54
u02-s006-v001,question,optionAnalysis[3].reason,9,19,143cd6e12777833297260b79d9972004d1ac11d0ce296b51a1e44483ec9beaa8
u02-s006-v001,question,commonMistake,12,36,7e1f48b8369dc4a3fecba6633beb8c4633ddc862bb725c55e7f4b0919a4b8bcc
u02-s006-v001,question,concept,17,43,8006464a02c6aa15712dd632a5dcc07ad07abbacb87293977ed6a1e4e6f5562d
u02-s006-v001,question,tags[0],3,9,fd41540cbdbecb9b5fa7116d27c68e378548ab62ab7c7ca4494730a81ea87667
u02-s006-v001,question,tags[1],7,21,e078461d84e8bc91f5d48a7ba4c261e765da20fcef5483f82cb686f80e4f80d9
u02-s006-v001,question,tags[2],5,5,fbb7b5bf4ca348eeeebf8cc3660712859a5a1fbf18e83217a57ce203fb51d5c2
u02-s006-v001,question,estimatedTimeSec,2,2,39fa9ec190eee7b6f4dff1100d6343e10918d044c75eac8f9e9a2596173f80c9
u02-s006-v001,question,prerequisiteSkillIds[0],18,18,74fd87617adfa37b35b4f05cc5948915722f0d296e1a1a022cf106a63d7e9de1
u02-s006-v001,question,authoringIntent,9,27,d443a5caae5ff5869a4ce4fecb785b51f2096d517bfb43af0a7941c20aa7f130
u02-s006-v001,question,reviewStatus,22,22,ec809598e2f7fcc69fad54c9cd045bba62b4a0dc7c0ff90d4efdc3788c9ad8fb
u02-s006-v001,question,contentSha256,64,64,466467321ded7ce4543bfc01b16ceb7731063eeff606d0e46c98f32d8d8525b2
u02-s006-v001,question,contentAuthority,25,25,ed40f75ffe3d6ad4e71f6e7919d063410490de360edb425965eccd605ca9d79e
u02-s006-v002,question,questionId,13,13,9b7b018ae461b84e2e7decdc4468fe75583c6bc45c3332eeeb1d6dd04c6a22c8
u02-s006-v002,question,unitId,3,3,95b6504a8bd60df3a9a19ef2c504ac03429b325e9b81f0d701d07bdf6def6afb
u02-s006-v002,question,topicId,16,16,08cb85c0b818133f7056665c7fd8ba4fb9ed6c65a0ee1b1691049ef9ca5a5773
u02-s006-v002,question,skillId,24,24,1d4723015f7d2c02aafd2728a8db2560fc262d8e69d4602ca5a76539d88518a1
u02-s006-v002,question,difficulty,5,5,fbb7b5bf4ca348eeeebf8cc3660712859a5a1fbf18e83217a57ce203fb51d5c2
u02-s006-v002,question,type,2,2,6bc0f9c4ecb0acbebf1b9f6c816bdd66f4885f67c917d9e141cf893014fba936
u02-s006-v002,question,visualMode,9,9,9c7d54b0bf7a9369d8594201c7b11955514343809d09fbec33966c1fd9794015
u02-s006-v002,question,sourceScope,19,19,a4b669ddb8ef1883391c07a7b633f12eeaeecee7ec37c09eea4931aff6644346
u02-s006-v002,question,text,39,101,b60366f6c7ad625cf2a8a4b13c2d6bc1c97dea3059d9b01d147ccec8c5c97635
u02-s006-v002,question,choices[0],4,8,edf688b60a972ba77dc0f65f6b319040be1a55c0293bb90d3724ad7db8230a57
u02-s006-v002,question,choices[1],5,9,b7709367379107851046f94d6bdfd3aa167a099572e5cb57277011a446e0c8eb
u02-s006-v002,question,choices[2],5,9,1c69aa5624cdfe39acba56feee20a11535d0ab88e445954c514789d4d27a0ef1
u02-s006-v002,question,choices[3],5,9,ed803e94506015b235c15f11df44b093cea677c2d64780b144e6f3ab9e2d94fa
u02-s006-v002,question,explanation,48,104,9640e5026b090eb584d691c3d77cfce50e2fd958678de9c6d913388fe6e62813
u02-s006-v002,question,steps[0],12,28,af2ada57fc92ba1940564df5a0a28f4a74ee417d424f62655048073f10260cd4
u02-s006-v002,question,steps[1],13,13,3233e74eea4406cc6ff60ceb380458ec59fcca42c1a1f34a315cf0f7457e9f33
u02-s006-v002,question,optionAnalysis[0].choice,4,8,edf688b60a972ba77dc0f65f6b319040be1a55c0293bb90d3724ad7db8230a57
u02-s006-v002,question,optionAnalysis[0].reason,9,25,243bc76648a79cca2e8463a5c04d9fc3839e465c57bd40e5a856358f7892d79a
u02-s006-v002,question,optionAnalysis[1].choice,5,9,b7709367379107851046f94d6bdfd3aa167a099572e5cb57277011a446e0c8eb
u02-s006-v002,question,optionAnalysis[1].reason,10,26,e81a25c3775c101a733161851f9e22b19fbbd3685776c518366606f77e668669
u02-s006-v002,question,optionAnalysis[2].choice,5,9,1c69aa5624cdfe39acba56feee20a11535d0ab88e445954c514789d4d27a0ef1
u02-s006-v002,question,optionAnalysis[2].reason,9,19,40f45caf49674d9603a6a001560b4f297e8bfbe74a8ce6e91c47feb89a287714
u02-s006-v002,question,optionAnalysis[3].choice,5,9,ed803e94506015b235c15f11df44b093cea677c2d64780b144e6f3ab9e2d94fa
u02-s006-v002,question,optionAnalysis[3].reason,9,19,257766b24eeaeff99af56e7b76220fbce38be504eb082fc36f259a0771a764a0
u02-s006-v002,question,commonMistake,15,45,916251df48040e87a4e17d2fb40a96964fb2d96477de4f9a1b780c951c433c42
u02-s006-v002,question,concept,15,37,9e7caf9b2f0e27acac8862a0464c7056c9ed155717c976dd49d40c94b02e6456
u02-s006-v002,question,tags[0],3,9,fd41540cbdbecb9b5fa7116d27c68e378548ab62ab7c7ca4494730a81ea87667
u02-s006-v002,question,tags[1],7,21,e078461d84e8bc91f5d48a7ba4c261e765da20fcef5483f82cb686f80e4f80d9
u02-s006-v002,question,tags[2],5,5,fbb7b5bf4ca348eeeebf8cc3660712859a5a1fbf18e83217a57ce203fb51d5c2
u02-s006-v002,question,estimatedTimeSec,2,2,39fa9ec190eee7b6f4dff1100d6343e10918d044c75eac8f9e9a2596173f80c9
u02-s006-v002,question,prerequisiteSkillIds[0],18,18,74fd87617adfa37b35b4f05cc5948915722f0d296e1a1a022cf106a63d7e9de1
u02-s006-v002,question,authoringIntent,9,27,bca5c5e2e31afb3eec2ade1a150d69cdb1b3ee387a97acf35dd3e55e775de783
u02-s006-v002,question,reviewStatus,22,22,ec809598e2f7fcc69fad54c9cd045bba62b4a0dc7c0ff90d4efdc3788c9ad8fb
u02-s006-v002,question,contentSha256,64,64,16b65b1cd0a37095bef8a8bb9980c04f56afbb8627ee8738dd4a96f2d4270696
u02-s006-v002,question,contentAuthority,25,25,ed40f75ffe3d6ad4e71f6e7919d063410490de360edb425965eccd605ca9d79e
u02-s006-v003,question,questionId,13,13,75b78ed8c932861115d734850e49935f2c6726d5981720a8769da1f115b27d3b
u02-s006-v003,question,unitId,3,3,95b6504a8bd60df3a9a19ef2c504ac03429b325e9b81f0d701d07bdf6def6afb
u02-s006-v003,question,topicId,16,16,08cb85c0b818133f7056665c7fd8ba4fb9ed6c65a0ee1b1691049ef9ca5a5773
u02-s006-v003,question,skillId,24,24,1d4723015f7d2c02aafd2728a8db2560fc262d8e69d4602ca5a76539d88518a1
u02-s006-v003,question,difficulty,5,5,fbb7b5bf4ca348eeeebf8cc3660712859a5a1fbf18e83217a57ce203fb51d5c2
u02-s006-v003,question,type,2,2,6bc0f9c4ecb0acbebf1b9f6c816bdd66f4885f67c917d9e141cf893014fba936
u02-s006-v003,question,visualMode,9,9,9c7d54b0bf7a9369d8594201c7b11955514343809d09fbec33966c1fd9794015
u02-s006-v003,question,sourceScope,19,19,a4b669ddb8ef1883391c07a7b633f12eeaeecee7ec37c09eea4931aff6644346
u02-s006-v003,question,text,45,120,9500c879ff1ca89c2bc3f15a890d9d3af5a4745f1828701bb5a95b44b2d3898a
u02-s006-v003,question,choices[0],4,8,934e327be065dac1ea7a684daefce1b71895597817432eb146384402e2ec3b1c
u02-s006-v003,question,choices[1],5,9,50ec88d59d9cd851afdf2faac8da37f6f76dd935ece67a54bc1acce42e50bf19
u02-s006-v003,question,choices[2],5,9,11b7eaf2b6dcff5f95255b36ea5e9d594b8e66da39ff888c310d529ab325d59f
u02-s006-v003,question,choices[3],5,9,15a1e6bc2d5e3f8f9c0b03b40eccce0f74cc60e9b69261f4625b926990cdd891
u02-s006-v003,question,explanation,48,104,2163996f829e53891cc38dbdfa4785ed20c2c07caabe19d3bb936930d92e5c9a
u02-s006-v003,question,steps[0],12,28,d850bcdf66e0ddbbbeef1b449b3baf7db04f2a94341e779e9c18b103d14684f7
u02-s006-v003,question,steps[1],13,13,6c6285fd324c2d953cfef1fb85feca7d46db07e898e4c438533ff0e278dedfbd
u02-s006-v003,question,optionAnalysis[0].choice,4,8,934e327be065dac1ea7a684daefce1b71895597817432eb146384402e2ec3b1c
u02-s006-v003,question,optionAnalysis[0].reason,9,25,ca31ea8a94233941573bdfac74ece5169ba0cab96010bd84b1a1099a00ffa183
u02-s006-v003,question,optionAnalysis[1].choice,5,9,50ec88d59d9cd851afdf2faac8da37f6f76dd935ece67a54bc1acce42e50bf19
u02-s006-v003,question,optionAnalysis[1].reason,12,24,cae96124accb2aa48d08134e808bdd95910483906b3e09b1baf69fb8dd3f750c
u02-s006-v003,question,optionAnalysis[2].choice,5,9,11b7eaf2b6dcff5f95255b36ea5e9d594b8e66da39ff888c310d529ab325d59f
u02-s006-v003,question,optionAnalysis[2].reason,10,26,b00ec8b589b1b63cbc8f74e87f87b6535fa3171722c87fa658905dd6ed438497
u02-s006-v003,question,optionAnalysis[3].choice,5,9,15a1e6bc2d5e3f8f9c0b03b40eccce0f74cc60e9b69261f4625b926990cdd891
u02-s006-v003,question,optionAnalysis[3].reason,9,19,8cc7bc1035f2faf8d8dfa0709788ee0cf2652cf16c9742ccf95d21f78a52d47d
u02-s006-v003,question,commonMistake,16,48,668d7691026256d0a60fd44e1ed94bb385fb452f0993571f8659e2ae7d08f87a
u02-s006-v003,question,concept,15,37,904c67184219f181794d1930d9d595278cb5eb89d409d2ce39227c4a9f26ebb1
u02-s006-v003,question,tags[0],3,9,fd41540cbdbecb9b5fa7116d27c68e378548ab62ab7c7ca4494730a81ea87667
u02-s006-v003,question,tags[1],7,21,e078461d84e8bc91f5d48a7ba4c261e765da20fcef5483f82cb686f80e4f80d9
u02-s006-v003,question,tags[2],5,5,fbb7b5bf4ca348eeeebf8cc3660712859a5a1fbf18e83217a57ce203fb51d5c2
u02-s006-v003,question,estimatedTimeSec,2,2,39fa9ec190eee7b6f4dff1100d6343e10918d044c75eac8f9e9a2596173f80c9
u02-s006-v003,question,prerequisiteSkillIds[0],18,18,74fd87617adfa37b35b4f05cc5948915722f0d296e1a1a022cf106a63d7e9de1
u02-s006-v003,question,authoringIntent,7,21,818a06ae66a868cc746a6dfe98fd3ca0af3e2ba9a2e265c0364924de173da36f
u02-s006-v003,question,reviewStatus,22,22,ec809598e2f7fcc69fad54c9cd045bba62b4a0dc7c0ff90d4efdc3788c9ad8fb
u02-s006-v003,question,contentSha256,64,64,e07c0d83ce66f91eb633952e76e0f59e52c899cf120aeeb8d05bcc323b0dfa36
u02-s006-v003,question,contentAuthority,25,25,ed40f75ffe3d6ad4e71f6e7919d063410490de360edb425965eccd605ca9d79e
u02-s006-v004,question,questionId,13,13,05e688698f8f0ffb3b1c33d135fee777bdafc492db2b83c68b72d466d76b3c20
u02-s006-v004,question,unitId,3,3,95b6504a8bd60df3a9a19ef2c504ac03429b325e9b81f0d701d07bdf6def6afb
u02-s006-v004,question,topicId,16,16,08cb85c0b818133f7056665c7fd8ba4fb9ed6c65a0ee1b1691049ef9ca5a5773
u02-s006-v004,question,skillId,24,24,1d4723015f7d2c02aafd2728a8db2560fc262d8e69d4602ca5a76539d88518a1
u02-s006-v004,question,difficulty,8,8,fe6d3468cf5c74d8ec2a95b40f2e05338c37a4202f8fad692d2b64a9cf9b468a
u02-s006-v004,question,type,2,2,6bc0f9c4ecb0acbebf1b9f6c816bdd66f4885f67c917d9e141cf893014fba936
u02-s006-v004,question,visualMode,9,9,9c7d54b0bf7a9369d8594201c7b11955514343809d09fbec33966c1fd9794015
u02-s006-v004,question,sourceScope,19,19,a4b669ddb8ef1883391c07a7b633f12eeaeecee7ec37c09eea4931aff6644346
u02-s006-v004,question,text,33,85,61aff1bc38519deb77c6bdbc222ea44ed7955a59f88db28166b31a68099b2b3b
u02-s006-v004,question,choices[0],3,5,933a55e7792cc8428d5d97fc615d72570ce0c5b8415e4e820ac0ebd206ddcdaf
u02-s006-v004,question,choices[1],3,5,57b5cefefe8bcc526f0106e4d4e3bcaab6b7490be51da012d069e4205dedb583
u02-s006-v004,question,choices[2],4,6,ab783c773cb6d16d06ddb781764978bf86ffee454725fabd686cad5985df0199
u02-s006-v004,question,choices[3],3,5,c4143304e8afc4a2cbd70af805429ae732d008e3c579bee686866ffb88bc5605
u02-s006-v004,question,explanation,51,117,b78f338b8f7d165749aaefc3eeb777ac33103600573dceb2dd51db4bbebe247e
u02-s006-v004,question,steps[0],17,25,4fd64a0ce07e3d4820a2031f130a6d31f3bdc9c1ee93412a502d9fb3979cc11a
u02-s006-v004,question,steps[1],13,33,2b1c34869ed8f757491539f3af0698870f8f0c27a6bab715c3286fa24dd61ac1
u02-s006-v004,question,optionAnalysis[0].choice,3,5,933a55e7792cc8428d5d97fc615d72570ce0c5b8415e4e820ac0ebd206ddcdaf
u02-s006-v004,question,optionAnalysis[0].reason,7,19,3ecd78948006865124f7206c64867f58c830e1e8527ab50f5bea181e426e1d89
u02-s006-v004,question,optionAnalysis[1].choice,3,5,57b5cefefe8bcc526f0106e4d4e3bcaab6b7490be51da012d069e4205dedb583
u02-s006-v004,question,optionAnalysis[1].reason,12,34,3dd4d5e216f84e892c54cf12f4ef4cae9a55408c8820b3341d806350de8ea0ff
u02-s006-v004,question,optionAnalysis[2].choice,4,6,ab783c773cb6d16d06ddb781764978bf86ffee454725fabd686cad5985df0199
u02-s006-v004,question,optionAnalysis[2].reason,12,32,d80d075e0a16452ec7fed1ad3784151c9b877305717ccac6e50bd08c25ace93c
u02-s006-v004,question,optionAnalysis[3].choice,3,5,c4143304e8afc4a2cbd70af805429ae732d008e3c579bee686866ffb88bc5605
u02-s006-v004,question,optionAnalysis[3].reason,7,11,2832e0050906e7539f13b2e094086ab7442ec025adac9b92e6d51fabb46e4428
u02-s006-v004,question,commonMistake,15,45,8b82306963da0f2822c311c9d97e084268fc312e891f90b350b85a2dcf66d49e
u02-s006-v004,question,concept,22,58,d815f9cb85fcf8ec78633e2ef9bbf64c0ddbfe5e7766e74da53b9bb6618dfbde
u02-s006-v004,question,tags[0],3,9,fd41540cbdbecb9b5fa7116d27c68e378548ab62ab7c7ca4494730a81ea87667
u02-s006-v004,question,tags[1],7,21,e078461d84e8bc91f5d48a7ba4c261e765da20fcef5483f82cb686f80e4f80d9
u02-s006-v004,question,tags[2],8,8,fe6d3468cf5c74d8ec2a95b40f2e05338c37a4202f8fad692d2b64a9cf9b468a
u02-s006-v004,question,estimatedTimeSec,2,2,39fa9ec190eee7b6f4dff1100d6343e10918d044c75eac8f9e9a2596173f80c9
u02-s006-v004,question,prerequisiteSkillIds[0],18,18,74fd87617adfa37b35b4f05cc5948915722f0d296e1a1a022cf106a63d7e9de1
u02-s006-v004,question,authoringIntent,11,33,1ab99a56cffb759f6f8d767bb1ee16578a8316cdb2f853c8095142957f13afc0
u02-s006-v004,question,reviewStatus,22,22,ec809598e2f7fcc69fad54c9cd045bba62b4a0dc7c0ff90d4efdc3788c9ad8fb
u02-s006-v004,question,contentSha256,64,64,9eccb413282d981369af02fe89ce7cf871bfcfee06232470bd128c2b4dc13634
u02-s006-v004,question,contentAuthority,25,25,ed40f75ffe3d6ad4e71f6e7919d063410490de360edb425965eccd605ca9d79e
u02-s006-v005,question,questionId,13,13,ab1764aa1818fe8e7d725a42b325ead4f316edc429eecd2babc1ba7a11e864e0
u02-s006-v005,question,unitId,3,3,95b6504a8bd60df3a9a19ef2c504ac03429b325e9b81f0d701d07bdf6def6afb
u02-s006-v005,question,topicId,16,16,08cb85c0b818133f7056665c7fd8ba4fb9ed6c65a0ee1b1691049ef9ca5a5773
u02-s006-v005,question,skillId,24,24,1d4723015f7d2c02aafd2728a8db2560fc262d8e69d4602ca5a76539d88518a1
u02-s006-v005,question,difficulty,8,8,fe6d3468cf5c74d8ec2a95b40f2e05338c37a4202f8fad692d2b64a9cf9b468a
u02-s006-v005,question,type,2,2,6bc0f9c4ecb0acbebf1b9f6c816bdd66f4885f67c917d9e141cf893014fba936
u02-s006-v005,question,visualMode,9,9,9c7d54b0bf7a9369d8594201c7b11955514343809d09fbec33966c1fd9794015
u02-s006-v005,question,sourceScope,19,19,a4b669ddb8ef1883391c07a7b633f12eeaeecee7ec37c09eea4931aff6644346
u02-s006-v005,question,text,48,128,20bc144da3af9683da97790de76ec8834ca504336d2f18418f596d9312515420
u02-s006-v005,question,choices[0],4,6,006b510b5ac2f64f50c270a72d0ff73dd52913b3b25251f8336a7aad1d4549f9
u02-s006-v005,question,choices[1],3,5,3d6c9eb9fac84947861af3ef535728835e9ec7596f5f4795eddb300e1e978e0f
u02-s006-v005,question,choices[2],4,6,389313bc98739ac529fc6c6b95a9447a15eae08f3be95c51ba856711a0b9dfba
u02-s006-v005,question,choices[3],4,6,b4cbc4738414d0dc190028b0c48b4273b8c457f5ca3e3a663307f4514083f42d
u02-s006-v005,question,explanation,39,91,0c6cdd40164dfbda828648683cba9f7227c46bee0273535a61d8100296fff2d2
u02-s006-v005,question,steps[0],11,25,0a9cd3c421e16c2482d34a687b29577761f5da904ddd6010d84acad6b1d8048e
u02-s006-v005,question,steps[1],6,6,e736550df368d4c5d2c62f4dae0cfddffdfdf3e987575d7db2a110001f15b4cc
u02-s006-v005,question,optionAnalysis[0].choice,4,6,006b510b5ac2f64f50c270a72d0ff73dd52913b3b25251f8336a7aad1d4549f9
u02-s006-v005,question,optionAnalysis[0].reason,10,26,d6fb8f19c40c49c2e8860cdb96228a8ea903dd3d4e5308f14529cec83ead291a
u02-s006-v005,question,optionAnalysis[1].choice,3,5,3d6c9eb9fac84947861af3ef535728835e9ec7596f5f4795eddb300e1e978e0f
u02-s006-v005,question,optionAnalysis[1].reason,9,25,a056529ffcc78b0aeda04098be75de93f42ba2b7020ae11591d2080d045f448b
u02-s006-v005,question,optionAnalysis[2].choice,4,6,389313bc98739ac529fc6c6b95a9447a15eae08f3be95c51ba856711a0b9dfba
u02-s006-v005,question,optionAnalysis[2].reason,9,19,3186d2b2947429d3ea8756ad81b0fdcd2da30e57c2667728a6ffb79207cb3013
u02-s006-v005,question,optionAnalysis[3].choice,4,6,b4cbc4738414d0dc190028b0c48b4273b8c457f5ca3e3a663307f4514083f42d
u02-s006-v005,question,optionAnalysis[3].reason,9,19,34083a06afa203ebf93b29f606fc0310e0c46dddc3536bb41b85b61a8d548aee
u02-s006-v005,question,commonMistake,11,33,bee8be67df9f2b90922d9c97941c5de56021952a54aacd7785b40afa17bada36
u02-s006-v005,question,concept,16,40,ee1711e682c688daf7a91a794a77bd373afbaa6c42573514dbb2c977ea7495cf
u02-s006-v005,question,tags[0],3,9,fd41540cbdbecb9b5fa7116d27c68e378548ab62ab7c7ca4494730a81ea87667
u02-s006-v005,question,tags[1],7,21,e078461d84e8bc91f5d48a7ba4c261e765da20fcef5483f82cb686f80e4f80d9
u02-s006-v005,question,tags[2],8,8,fe6d3468cf5c74d8ec2a95b40f2e05338c37a4202f8fad692d2b64a9cf9b468a
u02-s006-v005,question,estimatedTimeSec,2,2,39fa9ec190eee7b6f4dff1100d6343e10918d044c75eac8f9e9a2596173f80c9
u02-s006-v005,question,prerequisiteSkillIds[0],18,18,74fd87617adfa37b35b4f05cc5948915722f0d296e1a1a022cf106a63d7e9de1
u02-s006-v005,question,authoringIntent,9,27,5600e6b9c914c985122c09b08d20df7a12e3e01c0f039b34b40001670e3ec9b4
u02-s006-v005,question,reviewStatus,22,22,ec809598e2f7fcc69fad54c9cd045bba62b4a0dc7c0ff90d4efdc3788c9ad8fb
u02-s006-v005,question,contentSha256,64,64,eb8c5a55a2ba0d70f130204584c7f6e903d7cd1e0bfdc998782b623f78fbf561
u02-s006-v005,question,contentAuthority,25,25,ed40f75ffe3d6ad4e71f6e7919d063410490de360edb425965eccd605ca9d79e
u02-s006-v006,question,questionId,13,13,7cbdad47c874526108e6e86f760fac7c5eaf8651bf71d2dbe5ba9700a18b36e6
u02-s006-v006,question,unitId,3,3,95b6504a8bd60df3a9a19ef2c504ac03429b325e9b81f0d701d07bdf6def6afb
u02-s006-v006,question,topicId,16,16,08cb85c0b818133f7056665c7fd8ba4fb9ed6c65a0ee1b1691049ef9ca5a5773
u02-s006-v006,question,skillId,24,24,1d4723015f7d2c02aafd2728a8db2560fc262d8e69d4602ca5a76539d88518a1
u02-s006-v006,question,difficulty,8,8,fe6d3468cf5c74d8ec2a95b40f2e05338c37a4202f8fad692d2b64a9cf9b468a
u02-s006-v006,question,type,2,2,6bc0f9c4ecb0acbebf1b9f6c816bdd66f4885f67c917d9e141cf893014fba936
u02-s006-v006,question,visualMode,9,9,9c7d54b0bf7a9369d8594201c7b11955514343809d09fbec33966c1fd9794015
u02-s006-v006,question,sourceScope,19,19,a4b669ddb8ef1883391c07a7b633f12eeaeecee7ec37c09eea4931aff6644346
u02-s006-v006,question,text,39,101,46ba050732fd369da469f1065fe5a97fcc520641d46b69812e5ee2e65d4d9c79
u02-s006-v006,question,choices[0],3,5,bf83012fcccc0bd16c3962fbc48c9629ed29d3231fe0f07edba2ce0f203364e5
u02-s006-v006,question,choices[1],3,5,dc00a7b7e3ef097bda44ba81d52d1158f8cc7fc6e83e84bed14341357c5cfdee
u02-s006-v006,question,choices[2],4,6,e0fff8845862a6cecd09540d5bef3b80a920376448d0905880ad90acc11f5846
u02-s006-v006,question,choices[3],4,6,f6ad7376e849a9aee8f94393aab7798bafca8cb5887a4ce5b2f501a9c9d816fb
u02-s006-v006,question,explanation,50,107,2bd01f5c7352b682299355fadc96a72ffe74d714fc68d2f355a40e1e28be7002
u02-s006-v006,question,steps[0],19,31,19949be4adea66ffb75bcb2b5007d98536a65f636d7b4b777d4e45e89c3c9ac9
u02-s006-v006,question,steps[1],10,17,82c850e0c9df6958fbbe1edbaf300d7b660826d0ea4d71a5ef3b5db5002b9f49
u02-s006-v006,question,optionAnalysis[0].choice,3,5,bf83012fcccc0bd16c3962fbc48c9629ed29d3231fe0f07edba2ce0f203364e5
u02-s006-v006,question,optionAnalysis[0].reason,7,19,ec9cde5c734be15f7842e6d1818ce44f9ac064649e18d325ac562a36f7a3d905
u02-s006-v006,question,optionAnalysis[1].choice,3,5,dc00a7b7e3ef097bda44ba81d52d1158f8cc7fc6e83e84bed14341357c5cfdee
u02-s006-v006,question,optionAnalysis[1].reason,6,16,01d290bb70ab194ba48157c24d669a7523b20e931a3b9146cfd274a0c6a27b39
u02-s006-v006,question,optionAnalysis[2].choice,4,6,e0fff8845862a6cecd09540d5bef3b80a920376448d0905880ad90acc11f5846
u02-s006-v006,question,optionAnalysis[2].reason,8,20,815eb0b91a4e488a6e72c0ea625cdd3e6467790b60aa541f04d9ac482179d3ea
u02-s006-v006,question,optionAnalysis[3].choice,4,6,f6ad7376e849a9aee8f94393aab7798bafca8cb5887a4ce5b2f501a9c9d816fb
u02-s006-v006,question,optionAnalysis[3].reason,9,21,c86856634494cd9e35d5abd90ed6f311da616dc6b03cef782906a0dca45574ed
u02-s006-v006,question,commonMistake,16,38,f89a03089f28120d619fd3240655d56ac03430ab05b88cdd8280258cf37d7e85
u02-s006-v006,question,concept,17,51,5ce3f52b16046eaff041947898f806f1b22d0ceb6dfa65c8e1a14140b177b053
u02-s006-v006,question,tags[0],3,9,fd41540cbdbecb9b5fa7116d27c68e378548ab62ab7c7ca4494730a81ea87667
u02-s006-v006,question,tags[1],7,21,e078461d84e8bc91f5d48a7ba4c261e765da20fcef5483f82cb686f80e4f80d9
u02-s006-v006,question,tags[2],8,8,fe6d3468cf5c74d8ec2a95b40f2e05338c37a4202f8fad692d2b64a9cf9b468a
u02-s006-v006,question,estimatedTimeSec,2,2,39fa9ec190eee7b6f4dff1100d6343e10918d044c75eac8f9e9a2596173f80c9
u02-s006-v006,question,prerequisiteSkillIds[0],18,18,74fd87617adfa37b35b4f05cc5948915722f0d296e1a1a022cf106a63d7e9de1
u02-s006-v006,question,authoringIntent,7,21,db931b79d86c0d5fb54775e58d30d09a85b8708756921e7257768ed8c17666a7
u02-s006-v006,question,reviewStatus,22,22,ec809598e2f7fcc69fad54c9cd045bba62b4a0dc7c0ff90d4efdc3788c9ad8fb
u02-s006-v006,question,contentSha256,64,64,16e252050eb170a7937aa046427cd03e935ec281e97768b0e8bdfed024fc6643
u02-s006-v006,question,contentAuthority,25,25,ed40f75ffe3d6ad4e71f6e7919d063410490de360edb425965eccd605ca9d79e
u02-s006-v007,question,questionId,13,13,56f83f621c74c9d8e67aeb052c5315396e4ba535368cceebd0515aa8a0d54e8b
u02-s006-v007,question,unitId,3,3,95b6504a8bd60df3a9a19ef2c504ac03429b325e9b81f0d701d07bdf6def6afb
u02-s006-v007,question,topicId,16,16,08cb85c0b818133f7056665c7fd8ba4fb9ed6c65a0ee1b1691049ef9ca5a5773
u02-s006-v007,question,skillId,24,24,1d4723015f7d2c02aafd2728a8db2560fc262d8e69d4602ca5a76539d88518a1
u02-s006-v007,question,difficulty,8,8,d21f85ea38166303ce58e06134b5cc4a5c900c409ab2a500ff7c9225109a09bb
u02-s006-v007,question,type,2,2,6bc0f9c4ecb0acbebf1b9f6c816bdd66f4885f67c917d9e141cf893014fba936
u02-s006-v007,question,visualMode,9,9,9c7d54b0bf7a9369d8594201c7b11955514343809d09fbec33966c1fd9794015
u02-s006-v007,question,sourceScope,19,19,a4b669ddb8ef1883391c07a7b633f12eeaeecee7ec37c09eea4931aff6644346
u02-s006-v007,question,text,40,100,6201e78d77512752e20293ea24a5a66cb55171feff25ef126d344f9d9e2ae1a0
u02-s006-v007,question,choices[0],4,6,db31e6646a2e9b6f8653dc313759c394f1dc317cbcc9705d810d8a05b3152c53
u02-s006-v007,question,choices[1],4,6,3fbc84fb801fae16f83d40cf803ce1ad932b503b7776ce61dfec9961c7cdbd6c
u02-s006-v007,question,choices[2],4,6,fb6d794669fd6dd30f33abf3a8742220ce1ebd27af7ded87ebe1e0d0f8d243bc
u02-s006-v007,question,choices[3],4,6,54b700f8c05ff78d2b8f8412b0fbee63f6d793b9a7037d55ac44a2f2a60d8de2
u02-s006-v007,question,explanation,71,116,ff16fb37d5503252d13f6e298c3b15c01bab9daeeaecf3599fc990b7da5fe8ef
u02-s006-v007,question,steps[0],18,18,87e4d6cf1640bb79cb300dcd9352895d527881d04d3173d8fb878ba6e6151b71
u02-s006-v007,question,steps[1],31,38,a73788747d53245c037d4178cc946e444fe1e2b66361f05679408fcba7e5909d
u02-s006-v007,question,optionAnalysis[0].choice,4,6,db31e6646a2e9b6f8653dc313759c394f1dc317cbcc9705d810d8a05b3152c53
u02-s006-v007,question,optionAnalysis[0].reason,9,27,2636610008fd409ea4541261554a9993f2d81708108f650943337bf22bc35ff1
u02-s006-v007,question,optionAnalysis[1].choice,4,6,3fbc84fb801fae16f83d40cf803ce1ad932b503b7776ce61dfec9961c7cdbd6c
u02-s006-v007,question,optionAnalysis[1].reason,11,29,323f50b5dfefb3242252f90b199648ec5eda1c98a9f5e77690b0b2be21b54471
u02-s006-v007,question,optionAnalysis[2].choice,4,6,fb6d794669fd6dd30f33abf3a8742220ce1ebd27af7ded87ebe1e0d0f8d243bc
u02-s006-v007,question,optionAnalysis[2].reason,9,11,3528453c26021d6c0562cf489ec9abcad0112d164aed1e64b8c09e8b9ce38ab6
u02-s006-v007,question,optionAnalysis[3].choice,4,6,54b700f8c05ff78d2b8f8412b0fbee63f6d793b9a7037d55ac44a2f2a60d8de2
u02-s006-v007,question,optionAnalysis[3].reason,9,23,66c1a76f5e6a7cf3d6483c8dc59249a1a93c446c8476f44af5a118fec421b558
u02-s006-v007,question,commonMistake,16,48,14d22b155ba9c1998c66390aa23660942f874f516f094cbab522b8b836d2ba7f
u02-s006-v007,question,concept,18,46,272074e05e3e98fd5efb2fbae34c6722d102950defdeabeda29a0687e5ecf587
u02-s006-v007,question,tags[0],3,9,fd41540cbdbecb9b5fa7116d27c68e378548ab62ab7c7ca4494730a81ea87667
u02-s006-v007,question,tags[1],7,21,e078461d84e8bc91f5d48a7ba4c261e765da20fcef5483f82cb686f80e4f80d9
u02-s006-v007,question,tags[2],8,8,d21f85ea38166303ce58e06134b5cc4a5c900c409ab2a500ff7c9225109a09bb
u02-s006-v007,question,estimatedTimeSec,2,2,39fa9ec190eee7b6f4dff1100d6343e10918d044c75eac8f9e9a2596173f80c9
u02-s006-v007,question,prerequisiteSkillIds[0],18,18,74fd87617adfa37b35b4f05cc5948915722f0d296e1a1a022cf106a63d7e9de1
u02-s006-v007,question,authoringIntent,11,33,6f7c6a248e23fbc5da2f0945cb330bd99620b32bb1e266e8347469bddcb2b057
u02-s006-v007,question,reviewStatus,22,22,ec809598e2f7fcc69fad54c9cd045bba62b4a0dc7c0ff90d4efdc3788c9ad8fb
u02-s006-v007,question,contentSha256,64,64,e1a8f27339cff5c0d0d953d8abb2feeff94e34aae82e1cdb8d60affa01c85365
u02-s006-v007,question,contentAuthority,25,25,ed40f75ffe3d6ad4e71f6e7919d063410490de360edb425965eccd605ca9d79e
u02-s006-v008,question,questionId,13,13,7d9c476f4bf743146740974f2f8486e07874cfc25368ac2275719047a187efc8
u02-s006-v008,question,unitId,3,3,95b6504a8bd60df3a9a19ef2c504ac03429b325e9b81f0d701d07bdf6def6afb
u02-s006-v008,question,topicId,16,16,08cb85c0b818133f7056665c7fd8ba4fb9ed6c65a0ee1b1691049ef9ca5a5773
u02-s006-v008,question,skillId,24,24,1d4723015f7d2c02aafd2728a8db2560fc262d8e69d4602ca5a76539d88518a1
u02-s006-v008,question,difficulty,8,8,d21f85ea38166303ce58e06134b5cc4a5c900c409ab2a500ff7c9225109a09bb
u02-s006-v008,question,type,2,2,6bc0f9c4ecb0acbebf1b9f6c816bdd66f4885f67c917d9e141cf893014fba936
u02-s006-v008,question,visualMode,9,9,9c7d54b0bf7a9369d8594201c7b11955514343809d09fbec33966c1fd9794015
u02-s006-v008,question,sourceScope,19,19,a4b669ddb8ef1883391c07a7b633f12eeaeecee7ec37c09eea4931aff6644346
u02-s006-v008,question,text,37,94,166018da8e9309a0d3d9fa3d0bfdc9eef4189d344ec0d3ab86aaabc660dfbe35
u02-s006-v008,question,choices[0],3,5,ebdfe2c268e42e5ae3bf6f546c04dde90b0729134363d9d9a61f07d244a9c458
u02-s006-v008,question,choices[1],3,5,55be9fd38298f0972e9bd530549671c0664b54952b019c01612790da4800b8ae
u02-s006-v008,question,choices[2],4,6,e0fff8845862a6cecd09540d5bef3b80a920376448d0905880ad90acc11f5846
u02-s006-v008,question,choices[3],3,5,31b2fb21bcb19d62c0007cd3da376f9f4c3b7a16cf7d71d225c95fddb2c88660
u02-s006-v008,question,explanation,52,118,b91fac04e09b17189f62cd69dc99de77dc022d1b067b10e5c92ceb967649ae7a
u02-s006-v008,question,steps[0],18,26,21eeaabd8dedfdf9b24f32b09d3b7a8e0d2cafbc5242ac82ce528272680b942f
u02-s006-v008,question,steps[1],13,33,8e827600607fad9159238d72aeefda1a760704ba24807aba8229a1951f69d3f5
u02-s006-v008,question,optionAnalysis[0].choice,3,5,ebdfe2c268e42e5ae3bf6f546c04dde90b0729134363d9d9a61f07d244a9c458
u02-s006-v008,question,optionAnalysis[0].reason,7,19,9993db57f5d8f47c3d17b5aafe8977f5ee0e0cd9e8849243b09ba9dce179cefe
u02-s006-v008,question,optionAnalysis[1].choice,3,5,55be9fd38298f0972e9bd530549671c0664b54952b019c01612790da4800b8ae
u02-s006-v008,question,optionAnalysis[1].reason,14,36,39689b51504d4809d8e920b00831e3d6bb300b65499aa682b9ca82e2eb9cb659
u02-s006-v008,question,optionAnalysis[2].choice,4,6,e0fff8845862a6cecd09540d5bef3b80a920376448d0905880ad90acc11f5846
u02-s006-v008,question,optionAnalysis[2].reason,11,29,ba9ea19ff55ff77b685f2f9a82483ec107e6f9f4c5dca826f86133acfd6dc9d9
u02-s006-v008,question,optionAnalysis[3].choice,3,5,31b2fb21bcb19d62c0007cd3da376f9f4c3b7a16cf7d71d225c95fddb2c88660
u02-s006-v008,question,optionAnalysis[3].reason,7,12,231d90f802b1af674a88423dad978d79eda796daeceb34b57e7fe37d4d9d9919
u02-s006-v008,question,commonMistake,17,51,2476c067debb8549139152036b07aed313acff803501212b842513205e332273
u02-s006-v008,question,concept,19,57,c721e9c31bc6d2af036e5e99bef7e19e4dd2472156be929c4ba6474716881646
u02-s006-v008,question,tags[0],3,9,fd41540cbdbecb9b5fa7116d27c68e378548ab62ab7c7ca4494730a81ea87667
u02-s006-v008,question,tags[1],7,21,e078461d84e8bc91f5d48a7ba4c261e765da20fcef5483f82cb686f80e4f80d9
u02-s006-v008,question,tags[2],8,8,d21f85ea38166303ce58e06134b5cc4a5c900c409ab2a500ff7c9225109a09bb
u02-s006-v008,question,estimatedTimeSec,2,2,39fa9ec190eee7b6f4dff1100d6343e10918d044c75eac8f9e9a2596173f80c9
u02-s006-v008,question,prerequisiteSkillIds[0],18,18,74fd87617adfa37b35b4f05cc5948915722f0d296e1a1a022cf106a63d7e9de1
u02-s006-v008,question,authoringIntent,10,30,45f9ade7b2ce38b332120e30cebbb81aecf60827a7ed10cbc304b8f4ef150fb2
u02-s006-v008,question,reviewStatus,22,22,ec809598e2f7fcc69fad54c9cd045bba62b4a0dc7c0ff90d4efdc3788c9ad8fb
u02-s006-v008,question,contentSha256,64,64,a4c942064b6e28320b5219f36ffedd0a3b4ebf537d653384367dc9bc77b1905f
u02-s006-v008,question,contentAuthority,25,25,ed40f75ffe3d6ad4e71f6e7919d063410490de360edb425965eccd605ca9d79e
u02-s006-v009,question,questionId,13,13,d0e1162139102f3b2f779b50d239ab82a742fc56cad1b42b9b14c822f90ce081
u02-s006-v009,question,unitId,3,3,95b6504a8bd60df3a9a19ef2c504ac03429b325e9b81f0d701d07bdf6def6afb
u02-s006-v009,question,topicId,16,16,08cb85c0b818133f7056665c7fd8ba4fb9ed6c65a0ee1b1691049ef9ca5a5773
u02-s006-v009,question,skillId,24,24,1d4723015f7d2c02aafd2728a8db2560fc262d8e69d4602ca5a76539d88518a1
u02-s006-v009,question,difficulty,8,8,d21f85ea38166303ce58e06134b5cc4a5c900c409ab2a500ff7c9225109a09bb
u02-s006-v009,question,type,2,2,6bc0f9c4ecb0acbebf1b9f6c816bdd66f4885f67c917d9e141cf893014fba936
u02-s006-v009,question,visualMode,9,9,9c7d54b0bf7a9369d8594201c7b11955514343809d09fbec33966c1fd9794015
u02-s006-v009,question,sourceScope,19,19,a4b669ddb8ef1883391c07a7b633f12eeaeecee7ec37c09eea4931aff6644346
u02-s006-v009,question,text,45,111,f3073f127b349ddc47db6b750660bf7d2c98524ad17e785ad8dc2b806c3e7dc8
u02-s006-v009,question,choices[0],4,6,81515a1749eeb56daf9f6a085ad7f58478f27412eb2c5a0fb4a19498df72837c
u02-s006-v009,question,choices[1],4,6,5a7a78bd68b495929e154f4f2f8a00b933aaa1a936f3933a96487e702ebecd38
u02-s006-v009,question,choices[2],4,6,6208f1cca4bd9dc624dc49435a0dbf9d9a4c81d793d51bedb949d8d0a992e259
u02-s006-v009,question,choices[3],4,6,a3338387761de66df40800a036282641218c775e43b8c09c6625372bc9ea767c
u02-s006-v009,question,explanation,52,96,244a50e5d6e216cb16bc8e83aa5f61801e57d153a11fc9bda1b4e1925e0f42af
u02-s006-v009,question,steps[0],19,19,ca482827b6af6e5b963600733b01ea2d223cb328ad6f90d8427ca938f2ea20cc
u02-s006-v009,question,steps[1],11,17,c9de0752e6f087430858368a615055e89901e25acabd2476849ec1c28ac87393
u02-s006-v009,question,optionAnalysis[0].choice,4,6,81515a1749eeb56daf9f6a085ad7f58478f27412eb2c5a0fb4a19498df72837c
u02-s006-v009,question,optionAnalysis[0].reason,7,17,0adc3f2f5b2374a6d299fa545d59f2c2149e946b8c5c3fe23fc4d6a83d278421
u02-s006-v009,question,optionAnalysis[1].choice,4,6,5a7a78bd68b495929e154f4f2f8a00b933aaa1a936f3933a96487e702ebecd38
u02-s006-v009,question,optionAnalysis[1].reason,7,17,514f6f1bea1d1ba78048828b777a65c1ad4207d2225bb5f5a69385563ae9ac13
u02-s006-v009,question,optionAnalysis[2].choice,4,6,6208f1cca4bd9dc624dc49435a0dbf9d9a4c81d793d51bedb949d8d0a992e259
u02-s006-v009,question,optionAnalysis[2].reason,9,23,c06192d46b05bb59b7a79f819cd9e8e886f637e2f97052f70b389844e8cdeaaa
u02-s006-v009,question,optionAnalysis[3].choice,4,6,a3338387761de66df40800a036282641218c775e43b8c09c6625372bc9ea767c
u02-s006-v009,question,optionAnalysis[3].reason,5,11,927c517e86096eb2a74cb853f2b8e1b18e96b3e29e73e24ed74bdcd35b434e41
u02-s006-v009,question,commonMistake,16,40,d8eea2f59431667c0f4f1b7356eb2df0f69453456baba5485db14e00b97e63ab
u02-s006-v009,question,concept,21,55,5b1190b74fb1fc539bb91e4e869c1fbeb47bbd623233f3bfc521f7844d78522a
u02-s006-v009,question,tags[0],3,9,fd41540cbdbecb9b5fa7116d27c68e378548ab62ab7c7ca4494730a81ea87667
u02-s006-v009,question,tags[1],7,21,e078461d84e8bc91f5d48a7ba4c261e765da20fcef5483f82cb686f80e4f80d9
u02-s006-v009,question,tags[2],8,8,d21f85ea38166303ce58e06134b5cc4a5c900c409ab2a500ff7c9225109a09bb
u02-s006-v009,question,estimatedTimeSec,2,2,39fa9ec190eee7b6f4dff1100d6343e10918d044c75eac8f9e9a2596173f80c9
u02-s006-v009,question,prerequisiteSkillIds[0],18,18,74fd87617adfa37b35b4f05cc5948915722f0d296e1a1a022cf106a63d7e9de1
u02-s006-v009,question,authoringIntent,9,27,eeb50a053110ae2e92aa7f3e1a72a38fe15d28b8a40300f8acba6e879884efcc
u02-s006-v009,question,reviewStatus,22,22,ec809598e2f7fcc69fad54c9cd045bba62b4a0dc7c0ff90d4efdc3788c9ad8fb
u02-s006-v009,question,contentSha256,64,64,90ef36f955f008affa569367416cdeb3872bb1ca723db70221eb6a2ba4216a31
u02-s006-v009,question,contentAuthority,25,25,ed40f75ffe3d6ad4e71f6e7919d063410490de360edb425965eccd605ca9d79e
u02-s006-v010,question,questionId,13,13,420c6b8c16df398ffc8120235bc026dc7f3042feb7023272385ccae691fba81f
u02-s006-v010,question,unitId,3,3,95b6504a8bd60df3a9a19ef2c504ac03429b325e9b81f0d701d07bdf6def6afb
u02-s006-v010,question,topicId,16,16,08cb85c0b818133f7056665c7fd8ba4fb9ed6c65a0ee1b1691049ef9ca5a5773
u02-s006-v010,question,skillId,24,24,1d4723015f7d2c02aafd2728a8db2560fc262d8e69d4602ca5a76539d88518a1
u02-s006-v010,question,difficulty,8,8,578756ca4aa16d8872610a5aaa78460fd30fbe93379ff7284fe65d66ca606755
u02-s006-v010,question,type,2,2,6bc0f9c4ecb0acbebf1b9f6c816bdd66f4885f67c917d9e141cf893014fba936
u02-s006-v010,question,visualMode,9,9,9c7d54b0bf7a9369d8594201c7b11955514343809d09fbec33966c1fd9794015
u02-s006-v010,question,sourceScope,19,19,a4b669ddb8ef1883391c07a7b633f12eeaeecee7ec37c09eea4931aff6644346
u02-s006-v010,question,text,46,122,afc3d582c60937a92d0ab8b23118dac92d7268ef037a4ac8acd5ea5a47ec12a6
u02-s006-v010,question,choices[0],11,29,0e2d3fb85c6f7a3bcef35714130687d7aaf89686e4d0448dfbbd53dfa2637d16
u02-s006-v010,question,choices[1],11,29,68acf72d47271300c0eb868ef45ca970f986d497c3d98c0ca49b6afe664108fc
u02-s006-v010,question,choices[2],11,29,3598a3ba8e3bb76765899bdc92eb02a3b12854ae7343a5d6e01ccc6cbc8ffdf7
u02-s006-v010,question,choices[3],12,30,8fd9a10d940afafb0399ab3d7be982f8f61625a83b240d74af779b02aa134ab5
u02-s006-v010,question,explanation,71,157,a206bd569dc5cb303f6879df3e650cd3debd6a08f2e6d3ce0eb922504f05fe08
u02-s006-v010,question,steps[0],17,25,42d3eef64476ac450e5f5536741add5b7062d62d7dc39977425742419c9de3b7
u02-s006-v010,question,steps[1],25,49,4fc0a3997ec29cdb54205ca1774d252102f1b29d3a0f117200f135a6c2db212a
u02-s006-v010,question,optionAnalysis[0].choice,11,29,0e2d3fb85c6f7a3bcef35714130687d7aaf89686e4d0448dfbbd53dfa2637d16
u02-s006-v010,question,optionAnalysis[0].reason,7,21,f4b97445e8911baf7b1a9974843b1700bfbd81d3ecefc515a1554b841bc2b739
u02-s006-v010,question,optionAnalysis[1].choice,11,29,68acf72d47271300c0eb868ef45ca970f986d497c3d98c0ca49b6afe664108fc
u02-s006-v010,question,optionAnalysis[1].reason,8,20,9caf6c8c95febdf3d8c2707c2f71b4a0c1e7e8dcad21129a3d2a5256ba40b638
u02-s006-v010,question,optionAnalysis[2].choice,11,29,3598a3ba8e3bb76765899bdc92eb02a3b12854ae7343a5d6e01ccc6cbc8ffdf7
u02-s006-v010,question,optionAnalysis[2].reason,7,19,abf6b7cb01eac6778965c19d8fbf0dd4d686d72c6badbf798ac7cfb374229447
u02-s006-v010,question,optionAnalysis[3].choice,12,30,8fd9a10d940afafb0399ab3d7be982f8f61625a83b240d74af779b02aa134ab5
u02-s006-v010,question,optionAnalysis[3].reason,7,19,c039c02c9d721ff9b688f90a2a271c15ec4b34cd98cff1e57b9e40b933d155c5
u02-s006-v010,question,commonMistake,15,45,8d16543ee0aaef5843c10c4e1acaaef3772ca5b75a7b6b1c40cf20fd75e04bb4
u02-s006-v010,question,concept,18,46,6e66d9529807119c236c3729d496b4242c1eaf2c43d1a0c37148aca28c0c22e7
u02-s006-v010,question,tags[0],3,9,fd41540cbdbecb9b5fa7116d27c68e378548ab62ab7c7ca4494730a81ea87667
u02-s006-v010,question,tags[1],7,21,e078461d84e8bc91f5d48a7ba4c261e765da20fcef5483f82cb686f80e4f80d9
u02-s006-v010,question,tags[2],8,8,578756ca4aa16d8872610a5aaa78460fd30fbe93379ff7284fe65d66ca606755
u02-s006-v010,question,estimatedTimeSec,2,2,39fa9ec190eee7b6f4dff1100d6343e10918d044c75eac8f9e9a2596173f80c9
u02-s006-v010,question,prerequisiteSkillIds[0],18,18,74fd87617adfa37b35b4f05cc5948915722f0d296e1a1a022cf106a63d7e9de1
u02-s006-v010,question,authoringIntent,8,24,3bfe882870e994d05100ef2c534407edbf8004d71d9e1f08a0d36264cf20e174
u02-s006-v010,question,literacyContextNecessity,33,91,7aa37150a6652eaf07dfaf6cc0f2c75e7dd9a15324957c373aca6ef5c111c7b2
u02-s006-v010,question,reviewStatus,22,22,ec809598e2f7fcc69fad54c9cd045bba62b4a0dc7c0ff90d4efdc3788c9ad8fb
u02-s006-v010,question,contentSha256,64,64,ada46e445f7ff508147e9e80ee132861ef13e27168b79fc6de51d7b4313d9e02
u02-s006-v010,question,contentAuthority,25,25,ed40f75ffe3d6ad4e71f6e7919d063410490de360edb425965eccd605ca9d79e
u02-s006-v011,question,questionId,13,13,07381eeec4d6c02238da7b7445290d30f5a12b13cce33fd10453fddac223bd23
u02-s006-v011,question,unitId,3,3,95b6504a8bd60df3a9a19ef2c504ac03429b325e9b81f0d701d07bdf6def6afb
u02-s006-v011,question,topicId,16,16,08cb85c0b818133f7056665c7fd8ba4fb9ed6c65a0ee1b1691049ef9ca5a5773
u02-s006-v011,question,skillId,24,24,1d4723015f7d2c02aafd2728a8db2560fc262d8e69d4602ca5a76539d88518a1
u02-s006-v011,question,difficulty,8,8,578756ca4aa16d8872610a5aaa78460fd30fbe93379ff7284fe65d66ca606755
u02-s006-v011,question,type,2,2,6bc0f9c4ecb0acbebf1b9f6c816bdd66f4885f67c917d9e141cf893014fba936
u02-s006-v011,question,visualMode,9,9,9c7d54b0bf7a9369d8594201c7b11955514343809d09fbec33966c1fd9794015
u02-s006-v011,question,sourceScope,19,19,a4b669ddb8ef1883391c07a7b633f12eeaeecee7ec37c09eea4931aff6644346
u02-s006-v011,question,text,42,109,c5d8303378ea9c8ba99df23433514ec0d877114f953fb4db22cd50eae2e3bcfd
u02-s006-v011,question,choices[0],8,16,b5f063af69149c2ae57a250cf4fe9b72a20a3763bc312fe090d9387fc538d158
u02-s006-v011,question,choices[1],8,16,1d62ae45f64c6bed5ea84babcdc215d96b9fe8957ca53c10bbb8153de1f480ab
u02-s006-v011,question,choices[2],8,16,f6e96ef52710427049dbeb48619cb4ceb8b953988922d52d295159209e8421cd
u02-s006-v011,question,choices[3],9,17,384f727876e6cdff0e7ebc3599863e391b617cee3e13e6b5bfbec39347405e94
u02-s006-v011,question,explanation,57,122,eb4bfba4d0e68c5c325ac28eb77b1c603559302a3c531ce85e5f482f850ddcc2
u02-s006-v011,question,steps[0],18,26,44a469b1e94c854807670442f6593fe8abfa2e51648a6f4c52330a4987e6f41e
u02-s006-v011,question,steps[1],13,26,af768c7f36cc2263c29113fa3f82ffb7c23f02a8218920b81e8bf11a2ecc8d9e
u02-s006-v011,question,optionAnalysis[0].choice,8,16,b5f063af69149c2ae57a250cf4fe9b72a20a3763bc312fe090d9387fc538d158
u02-s006-v011,question,optionAnalysis[0].reason,9,16,3478ddda378149d2a28a0dd205cda82acd522de7f36f25fc0e84f471ba3a8161
u02-s006-v011,question,optionAnalysis[1].choice,8,16,1d62ae45f64c6bed5ea84babcdc215d96b9fe8957ca53c10bbb8153de1f480ab
u02-s006-v011,question,optionAnalysis[1].reason,9,16,3b3ee0090e7cc49b32fd2769982f2a1dfcf3be3499b73cc4a11175f29cdb058c
u02-s006-v011,question,optionAnalysis[2].choice,8,16,f6e96ef52710427049dbeb48619cb4ceb8b953988922d52d295159209e8421cd
u02-s006-v011,question,optionAnalysis[2].reason,8,11,ac61f1e3b4ef2b4e94a8a310598f36614e8f16332b009f7235ec82de5aa691b0
u02-s006-v011,question,optionAnalysis[3].choice,9,17,384f727876e6cdff0e7ebc3599863e391b617cee3e13e6b5bfbec39347405e94
u02-s006-v011,question,optionAnalysis[3].reason,9,19,8c46b5f33f8c02823cb82e992af134ca5cd9423a69f998855c2391250b2276de
u02-s006-v011,question,commonMistake,12,32,e24c2fee6c8f03653aae5abc4bf2068697ba5094850f3b8f29a6ff18db15ef1a
u02-s006-v011,question,concept,18,44,f1fffafbc2a1130054f1d780f27f1807e895bf9677bd3c348d8562860d1d7fd6
u02-s006-v011,question,tags[0],3,9,fd41540cbdbecb9b5fa7116d27c68e378548ab62ab7c7ca4494730a81ea87667
u02-s006-v011,question,tags[1],7,21,e078461d84e8bc91f5d48a7ba4c261e765da20fcef5483f82cb686f80e4f80d9
u02-s006-v011,question,tags[2],8,8,578756ca4aa16d8872610a5aaa78460fd30fbe93379ff7284fe65d66ca606755
u02-s006-v011,question,estimatedTimeSec,2,2,39fa9ec190eee7b6f4dff1100d6343e10918d044c75eac8f9e9a2596173f80c9
u02-s006-v011,question,prerequisiteSkillIds[0],18,18,74fd87617adfa37b35b4f05cc5948915722f0d296e1a1a022cf106a63d7e9de1
u02-s006-v011,question,authoringIntent,8,24,667d45dec7a98a3e8a9d6112d543c1765a127a58d81f980c7f0ba72ed6593105
u02-s006-v011,question,literacyContextNecessity,30,90,9fff4eb88c52f996793fc1fc05be39d9e8ef9f52c17f05cc6de64ef074f7c142
u02-s006-v011,question,reviewStatus,22,22,ec809598e2f7fcc69fad54c9cd045bba62b4a0dc7c0ff90d4efdc3788c9ad8fb
u02-s006-v011,question,contentSha256,64,64,c0106d5aba41da4ca9cd0d50a40cb327fccaa3d6e60c91cf3531d0a86c43a604
u02-s006-v011,question,contentAuthority,25,25,ed40f75ffe3d6ad4e71f6e7919d063410490de360edb425965eccd605ca9d79e
u02-s006-v012,question,questionId,13,13,9f84ae8ffd7bad60472765291be8517da81fb2ab5ca192aa75a38072026af766
u02-s006-v012,question,unitId,3,3,95b6504a8bd60df3a9a19ef2c504ac03429b325e9b81f0d701d07bdf6def6afb
u02-s006-v012,question,topicId,16,16,08cb85c0b818133f7056665c7fd8ba4fb9ed6c65a0ee1b1691049ef9ca5a5773
u02-s006-v012,question,skillId,24,24,1d4723015f7d2c02aafd2728a8db2560fc262d8e69d4602ca5a76539d88518a1
u02-s006-v012,question,difficulty,8,8,578756ca4aa16d8872610a5aaa78460fd30fbe93379ff7284fe65d66ca606755
u02-s006-v012,question,type,2,2,6bc0f9c4ecb0acbebf1b9f6c816bdd66f4885f67c917d9e141cf893014fba936
u02-s006-v012,question,visualMode,9,9,9c7d54b0bf7a9369d8594201c7b11955514343809d09fbec33966c1fd9794015
u02-s006-v012,question,sourceScope,19,19,a4b669ddb8ef1883391c07a7b633f12eeaeecee7ec37c09eea4931aff6644346
u02-s006-v012,question,text,50,130,6d6e454c2863f4f4527542e1e476d614945cab7cd6def513b0c961c17dd8c880
u02-s006-v012,question,choices[0],4,6,b13f04a7984cc48843eacb82bf9ba6a4a456bfffcfec0b6eb05d7952d5026a76
u02-s006-v012,question,choices[1],4,6,f8c3fe86f4da2ad6d58c29d4c0b88a9ac9dea673868612da5ae046880ab0875f
u02-s006-v012,question,choices[2],4,6,d611ddd48f7c644d1dbdc041241a7e85fa28685fd91fa0f2fc547eb8e71d0b86
u02-s006-v012,question,choices[3],4,6,ceb64034673906cdf721c8be6d15034bd137ae5dfc4049882fe80725eb60641a
u02-s006-v012,question,explanation,51,97,3c82bb6e1d8742f1e823c4bb90fec46e1b32835e456114e35c686470f1b46dfd
u02-s006-v012,question,steps[0],18,20,f61ceee034149abcdd66ef035d7c60412e577dab9a864cfd822d4db4d5855d8f
u02-s006-v012,question,steps[1],11,17,2fb78e73d5bed7e17fafd981c08b6d6aa9ae3470b3f20b33aa962dabea85e366
u02-s006-v012,question,optionAnalysis[0].choice,4,6,b13f04a7984cc48843eacb82bf9ba6a4a456bfffcfec0b6eb05d7952d5026a76
u02-s006-v012,question,optionAnalysis[0].reason,7,17,c96b9ce61dac7a2c2de8de2ff421d42aac92ff8800722825f2a6818f480f0902
u02-s006-v012,question,optionAnalysis[1].choice,4,6,f8c3fe86f4da2ad6d58c29d4c0b88a9ac9dea673868612da5ae046880ab0875f
u02-s006-v012,question,optionAnalysis[1].reason,9,23,8269d67db439da61febce96104d53db01076a8b3c964934ef042dcbc52b22d9a
u02-s006-v012,question,optionAnalysis[2].choice,4,6,d611ddd48f7c644d1dbdc041241a7e85fa28685fd91fa0f2fc547eb8e71d0b86
u02-s006-v012,question,optionAnalysis[2].reason,13,35,4134aad76143856415a3a5f1b400b314f7049ff43639fd6981f90cdd3a665380
u02-s006-v012,question,optionAnalysis[3].choice,4,6,ceb64034673906cdf721c8be6d15034bd137ae5dfc4049882fe80725eb60641a
u02-s006-v012,question,optionAnalysis[3].reason,9,11,3390a4c8aa425723b15012b5c30f9a24d5d3910d4f8ca7f17079785be31176a3
u02-s006-v012,question,commonMistake,15,37,cd08f83f4fb1d43c22279ec62321e30ae11caeca38859dad256ffe901feea3e7
u02-s006-v012,question,concept,18,54,9f6261c29fdd46491881193881edee43f700d0d55e91987ea57c8b868150b419
u02-s006-v012,question,tags[0],3,9,fd41540cbdbecb9b5fa7116d27c68e378548ab62ab7c7ca4494730a81ea87667
u02-s006-v012,question,tags[1],7,21,e078461d84e8bc91f5d48a7ba4c261e765da20fcef5483f82cb686f80e4f80d9
u02-s006-v012,question,tags[2],8,8,578756ca4aa16d8872610a5aaa78460fd30fbe93379ff7284fe65d66ca606755
u02-s006-v012,question,estimatedTimeSec,2,2,39fa9ec190eee7b6f4dff1100d6343e10918d044c75eac8f9e9a2596173f80c9
u02-s006-v012,question,prerequisiteSkillIds[0],18,18,74fd87617adfa37b35b4f05cc5948915722f0d296e1a1a022cf106a63d7e9de1
u02-s006-v012,question,authoringIntent,10,30,2767c8abd291e475924a1599ce63dbaa9062be4275daf2726856e8711281ce42
u02-s006-v012,question,literacyContextNecessity,30,90,dfd8bfaf36f326ea0fac43bea373d957cae4f062a28c285886193f6c479bfd15
u02-s006-v012,question,reviewStatus,22,22,ec809598e2f7fcc69fad54c9cd045bba62b4a0dc7c0ff90d4efdc3788c9ad8fb
u02-s006-v012,question,contentSha256,64,64,503fa770a84c3917dc69612629e35275d34156fda4af43d21a9816b55a7a5719
u02-s006-v012,question,contentAuthority,25,25,ed40f75ffe3d6ad4e71f6e7919d063410490de360edb425965eccd605ca9d79e
u02-s006-cr001,question,questionId,14,14,d0da2cfa9e007f32ec75483c123e11fc8c7b74cacdb36e380785a1382d17f0ed
u02-s006-cr001,question,unitId,3,3,95b6504a8bd60df3a9a19ef2c504ac03429b325e9b81f0d701d07bdf6def6afb
u02-s006-cr001,question,topicId,16,16,08cb85c0b818133f7056665c7fd8ba4fb9ed6c65a0ee1b1691049ef9ca5a5773
u02-s006-cr001,question,skillId,24,24,1d4723015f7d2c02aafd2728a8db2560fc262d8e69d4602ca5a76539d88518a1
u02-s006-cr001,question,difficulty,8,8,fe6d3468cf5c74d8ec2a95b40f2e05338c37a4202f8fad692d2b64a9cf9b468a
u02-s006-cr001,question,type,20,20,e519496c259191db041ac61161dbfadb673dd94a10a123ed7423adcf7968ae7c
u02-s006-cr001,question,visualMode,9,9,9c7d54b0bf7a9369d8594201c7b11955514343809d09fbec33966c1fd9794015
u02-s006-cr001,question,prompt,52,130,2b441006847a4d088c5bf4a0b39440cadeeaaa4d114f6f8eb1644ec15b8f0b51
u02-s006-cr001,question,requiredWork[0],8,18,252bbb0360a308b9fe87dafdf4c58ef31665292a5963626cfacaaac8d2824581
u02-s006-cr001,question,requiredWork[1],8,24,603ff5caa2dd88c38de2c55dffad94b54db0fdacf386c8bb0ff6bb84545bb170
u02-s006-cr001,question,requiredWork[2],7,21,14cd1cf4b67f091a660fbb6a9af0e0769b3ee0a3382170dfad8e31604a1a83d2
u02-s006-cr001,question,fullCreditSolution[0],19,21,936030823f9ef987d23b7b97756c5c34ae06f65c158815c642364ebbf64a8f43
u02-s006-cr001,question,fullCreditSolution[1],39,74,77cc479bc575df3c1d96e80c06ac71b2c139e73040ea6a718c5d563e4f14af47
u02-s006-cr001,question,fullCreditSolution[2],16,40,54fea051c514ad2cab0277a415dca72d5458dbb49d8f79ad386a3078f1ac59c3
u02-s006-cr001,question,alternativeSolutions[0],19,43,93baca2237f22cb956f857a50ea5efc8c850c4a130172cf2227667255817b7df
u02-s006-cr001,question,rubric[0].criteria,17,41,c326f50aa83b99675659906e9b72dbb86cca1eb5d4783bb1df46153e4ca8d0ec
u02-s006-cr001,question,rubric[1].criteria,14,42,7da41cdb83fb898202cf005460a308b513125eedb0577198cc9b25fc40c54b1b
u02-s006-cr001,question,rubric[2].criteria,17,45,2334914b5ccc392c5cad253c8827493e62e6fa7e9d3982a62165965674ffbe8c
u02-s006-cr001,question,rubric[3].criteria,13,33,b0a5e7ea0b0d87fabcc4da6c0c6fcabdb5fb9967da45b46d61fb3497f7c902ba
u02-s006-cr001,question,scoringNotes[0],11,33,97e97e220565203eb169b3d8638d52ea8eae851fca5d69e331b2449af7bc2e83
u02-s006-cr001,question,commonErrors[0],10,26,cb41028049398553e6e39a09458bb41eefdfb7a92543650dc51356cf5df5b15a
u02-s006-cr001,question,commonErrors[1],8,18,e0d18c657201463c08cb2a8c1316ed1385dbff283ac53407693343b11dd8116d
u02-s006-cr001,question,independentReview.derivedResult,23,59,8f908731a4458a8bfcf2b5fbfdfdf5db6a912003d214758216c81d6364c1b257
u02-s006-cr001,question,independentReview.ambiguity,13,39,a002cc7730a51394b314637b0319ebef4fcc15c200e373b3295a24c89981de0a
u02-s006-cr001,question,independentReview.decision,4,4,d74ff0ee8da3b9806b18c877dbf29bbde50b5bd8e4dad7a3a725000feb82e8f1
u02-s006-cr001,question,contentSha256,64,64,4535300c8362fcfa48a8b405d66fa97f301b3961a4f53a7db888ec7bb3e93b73
u02-s006-cr001,question,contentAuthority,25,25,ed40f75ffe3d6ad4e71f6e7919d063410490de360edb425965eccd605ca9d79e
u02-s006-cr002,question,questionId,14,14,6551aae16afd7e763766cac912e22eb74fc35baf2dd17dde85a7e7f15e720d0a
u02-s006-cr002,question,unitId,3,3,95b6504a8bd60df3a9a19ef2c504ac03429b325e9b81f0d701d07bdf6def6afb
u02-s006-cr002,question,topicId,16,16,08cb85c0b818133f7056665c7fd8ba4fb9ed6c65a0ee1b1691049ef9ca5a5773
u02-s006-cr002,question,skillId,24,24,1d4723015f7d2c02aafd2728a8db2560fc262d8e69d4602ca5a76539d88518a1
u02-s006-cr002,question,difficulty,8,8,d21f85ea38166303ce58e06134b5cc4a5c900c409ab2a500ff7c9225109a09bb
u02-s006-cr002,question,type,20,20,e519496c259191db041ac61161dbfadb673dd94a10a123ed7423adcf7968ae7c
u02-s006-cr002,question,visualMode,9,9,9c7d54b0bf7a9369d8594201c7b11955514343809d09fbec33966c1fd9794015
u02-s006-cr002,question,prompt,46,118,40c2420c7457b13228e9f59037b4bc555216c410493802a76523fcbbeca1acbf
u02-s006-cr002,question,requiredWork[0],7,15,4ab46f407f9e9dbdb705520c34caae0b0325ea2d506adee63da29f4614575a24
u02-s006-cr002,question,requiredWork[1],10,30,74a22c2034b4e9301f68eb45a7a954c43570fd34fd50b05ef963409e69448a84
u02-s006-cr002,question,requiredWork[2],7,21,f3bbbd7e19774627525ed0f64dd4a88890d7865a610a4545f8968aa97ad55324
u02-s006-cr002,question,fullCreditSolution[0],18,24,5cb8dd270daa742b81578e0dffa9e94aa04f69da58e710517183a03ba88b3146
u02-s006-cr002,question,fullCreditSolution[1],26,48,e1d0238156c16c7f7af9c0923be3f687b1c574abc700bf82524d898ff586cdce
u02-s006-cr002,question,fullCreditSolution[2],11,22,b6789bbe696e7be090df40f61e496736851243a2ec17b8f76d67424f4051fb18
u02-s006-cr002,question,alternativeSolutions[0],26,44,4a6e123c062ddce02625a059a6a369d2f7d63cbd0f79f2d54ae1c9bf4c408a62
u02-s006-cr002,question,rubric[0].criteria,17,43,93cd9cf353e75a2e30f1a1c25c12596989b2ee3c96b24ca7fdec604f2070b1e9
u02-s006-cr002,question,rubric[1].criteria,13,39,e61e6cb6661d3704d3a92c4cd7b3bf7ad8fddf84681fc63ee1cff891b43ff45c
u02-s006-cr002,question,rubric[2].criteria,16,42,80d2b554f4fb4654672bbb3c7625b72f2c8790aefaa182062fad11dc292acd69
u02-s006-cr002,question,rubric[3].criteria,15,39,427aaa7d2651e4fe5aaee9cc56f1edf67c59fc51f6f7dcc8107cbbbb81e2012d
u02-s006-cr002,question,scoringNotes[0],9,21,62d2e3972fed9ef98f03574769f8a0c84c92181e1dbbc77c5af403255e25b1eb
u02-s006-cr002,question,commonErrors[0],5,11,92a52e095211b1fa14a01d83b8d41a45ea8514f900e47240e12216fa1ab4fac5
u02-s006-cr002,question,commonErrors[1],7,17,4164756843730e13dbe8bbe39a5dd0fe820b43206f36b3be737fa75eda614563
u02-s006-cr002,question,independentReview.derivedResult,12,28,8eb67a1e0579f75e98c796021df6496820dad83926dc070cd0aef7f27e04c905
u02-s006-cr002,question,independentReview.ambiguity,13,39,a002cc7730a51394b314637b0319ebef4fcc15c200e373b3295a24c89981de0a
u02-s006-cr002,question,independentReview.decision,4,4,d74ff0ee8da3b9806b18c877dbf29bbde50b5bd8e4dad7a3a725000feb82e8f1
u02-s006-cr002,question,contentSha256,64,64,918d8880f67068df4dd2382d6921848191818c5a52536691e774465439716073
u02-s006-cr002,question,contentAuthority,25,25,ed40f75ffe3d6ad4e71f6e7919d063410490de360edb425965eccd605ca9d79e
