artifactId,artifactType,fieldPath,unicodeCharacterCount,utf8ByteCount,utf8Sha256
u03-s013-lecture-r1,lecture,lectureId,19,19,254aba9d16ed039c8317157514fb1c112ada1759f6a2c8d3fb526d7e97a595fa
u03-s013-lecture-r1,lecture,unitId,3,3,97ce842ec69dee17c1842918e63b9d4042fa4b35007146dcfb80a09c5000888a
u03-s013-lecture-r1,lecture,topicId,29,29,16eba8e6421b4779da94d46faca02d25b8d4852d17812a4e18690b3125d5c87a
u03-s013-lecture-r1,lecture,skillId,30,30,e0866261f060c5a853dccab8412e388f208583a57267cff00685eb06fda5c38e
u03-s013-lecture-r1,lecture,title,21,63,d35531909aefffe656cfed4f1f312d3b5edaf5f7508617f74d1d69dedf929316
u03-s013-lecture-r1,lecture,audience,10,30,e6b4416fbd9f36797de01256b31a4d6f6314e126fde8495e25792c814f64fc5f
u03-s013-lecture-r1,lecture,reviewStatus,22,22,ec809598e2f7fcc69fad54c9cd045bba62b4a0dc7c0ff90d4efdc3788c9ad8fb
u03-s013-lecture-r1,lecture,learningOutcomes[0],14,42,16a00bea0bb39abe6d823eb39a1c902c10b8397a139f524208d76df22f996cdc
u03-s013-lecture-r1,lecture,learningOutcomes[1],15,45,f97682dd68e733755a6040cfc094aaae3abb915b5b9ea20779e69919a6993720
u03-s013-lecture-r1,lecture,learningOutcomes[2],15,45,9bb041375fbedd574dfa9b4793b6e750fe49dd4342e2ad33fe05578f539d7887
u03-s013-lecture-r1,lecture,learningOutcomes[3],20,60,e350b5387b08b049cba5f1a0742caba1c4217ac46598ce8dceb90489e9865e94
u03-s013-lecture-r1,lecture,prerequisites[0].skillId,36,36,ab55f46b30f80baee275a7157304db8c22ba597d44a562fd57010de35f811ea2
u03-s013-lecture-r1,lecture,prerequisites[0].requiredLevel,23,69,89f40f03a01eaa17d967fe7defc45df1684d86e0c823b9049b96b8d53230ca14
u03-s013-lecture-r1,lecture,glossary[0].term,4,12,334d14709c7cf81f9ba2faeb50c739179e5b4c15abf5a2ce3df881a78a511c0b
u03-s013-lecture-r1,lecture,glossary[0].definition,18,54,d7e6d1794486bf66731b86d0f2b2c566354da6c284877e86fa830cba86e38bbf
u03-s013-lecture-r1,lecture,glossary[1].term,3,9,e53b8da869559db6ddc457dd19a82c0065f4fb4ed4b7d5ac75d395f0fee95535
u03-s013-lecture-r1,lecture,glossary[1].definition,22,66,a140a671aa8ab09c635f14f65b50f7a3c37adced79bc1eb4263e1da0b6abd723
u03-s013-lecture-r1,lecture,glossary[2].term,3,9,07d90b5221c4fd60d1c11da784b9874b25644dacd172df9768471a389761e548
u03-s013-lecture-r1,lecture,glossary[2].definition,17,51,e9d51c89f2fe19dccf7a566d9e2702c1785c9184ecefdfd03901f2800242d794
u03-s013-lecture-r1,lecture,glossary[3].term,3,9,3f8ed67b0893910e902b41fa64d9cc6d41a87d4496852ff3b3493a4f3d1832c2
u03-s013-lecture-r1,lecture,glossary[3].definition,16,48,b0e7798b7609828d62f6ee2e6f51f15de9329f0002728de3b6f0eba33f2f5b1f
u03-s013-lecture-r1,lecture,notation[0].symbol,4,10,619af45414c90a330566059ff7de2ad29cbe9b6f118c2a91a392946d59fead9d
u03-s013-lecture-r1,lecture,notation[0].meaning,18,54,a5735b38df26c21e47b09a996aa88d1553dce158aeb768cb9fdc32c0e33ac549
u03-s013-lecture-r1,lecture,notation[1].symbol,3,3,17be29a8a74e899495ca5b35ae16f9810c721e4745dd6d6cc1e1bb42f71d87e9
u03-s013-lecture-r1,lecture,notation[1].meaning,9,27,e0e6ffdf77ebe06e089532a2765d50b384b785283d7118d81223ea8ac6d9f694
u03-s013-lecture-r1,lecture,conceptNarrative[0],31,87,2e7ebd27dfd070637e196ca64f66358840031cebaa8ecda3e6c6b45f9120d4ec
u03-s013-lecture-r1,lecture,conceptNarrative[1],32,96,ef51fc00a108d9c784b2c79916f2e92f060b46aaad65c855325564f25ac8b77c
u03-s013-lecture-r1,lecture,conceptNarrative[2],29,87,f15177929c288fb3ce5a186cf0aa3f7570cc463b891a6b81c26c9384b81f3fcd
u03-s013-lecture-r1,lecture,conceptNarrative[3],36,108,4b932133670b7c2e6d8bbefa94bc7fc00b1690c9f9ad22043d6dd7b47e244e63
u03-s013-lecture-r1,lecture,formalDefinitions[0].name,4,12,015ecbe831d3f582d4330872306149ca679952d0cdbfd580467cb29a1ac7a7de
u03-s013-lecture-r1,lecture,formalDefinitions[0].statement,15,45,71658c1f00824910d96059b60b4198c91c0e776a3c99f96254dcdf302ceb82fe
u03-s013-lecture-r1,lecture,formalDefinitions[1].name,5,15,f5f3207e36761b42f3e450d251cc29b5e0475e8eef488b8157e5b32b932f2037
u03-s013-lecture-r1,lecture,formalDefinitions[1].statement,29,87,2ca69640f52b817d97ebd83e910de291800e2c51f3431999f6f71d70a420e773
u03-s013-lecture-r1,lecture,formulas[0].formula,15,41,92e327080953a14be28036e5753dcbd5e767a30b4652f5924b3128e70fa33822
u03-s013-lecture-r1,lecture,formulas[0].conditions[0],8,24,0ceb92a9566efd20d246c5c8b3e3a79f515bd2d51262c3471c72193cdfc55ac6
u03-s013-lecture-r1,lecture,formulas[0].meaning,8,24,2d104f221a49c96753aa986329662fe00d1ff297dad2453e9b1a9cfd8a9b579c
u03-s013-lecture-r1,lecture,nonApplicableCases[0],18,54,50b88287e28d1dc80499e3ccbb5e11b29858a945b3dc5634389e1c4219953e96
u03-s013-lecture-r1,lecture,nonApplicableCases[1],24,64,195b893e0a5c1c47939aa4945345ef947be53b4e25481ce91e4b406fe1aa8263
u03-s013-lecture-r1,lecture,nonApplicableCases[2],14,40,cb171f332863fbc5d6172bff9557a8cd380821b859354e33b913d5c6b1269d4c
u03-s013-lecture-r1,lecture,nonApplicableCases[3],24,72,799e4502e3aeaab70f3eb5df89083baff83ed88b6f5670db0f3637fd37cab842
u03-s013-lecture-r1,lecture,method[0].instruction,8,24,7d21b489b9722cd2f4921cd78019ee83a2de715ff67dc478c7dd0acf5f648aeb
u03-s013-lecture-r1,lecture,method[0].check,8,24,96671682b833754528a09eeee766da38eae170190eb749a119e338c33c61d013
u03-s013-lecture-r1,lecture,method[1].instruction,15,45,0c599c7f77703d48ec36056bd0fe3cd2d3c6aa9ed2b989b9da24b6a9d5256328
u03-s013-lecture-r1,lecture,method[1].check,7,21,7ff7f261434ba6d35172a5655217e8cc75d2913cfa9c91912e5b364390f7d463
u03-s013-lecture-r1,lecture,method[2].instruction,8,24,968c138c176aa8d755c4eb7a59679d4f8b20ba2615e492b18a0d7f71e415c2f7
u03-s013-lecture-r1,lecture,method[2].check,11,31,a33084792d80cad9933981ad8f746a56dfe7923a105812569a21818cc909f1ef
u03-s013-lecture-r1,lecture,method[3].instruction,8,24,dc6184ac3ab55af23895d6f6a768d6a9c4ec3ab435b75e167a497fd3f4735d06
u03-s013-lecture-r1,lecture,method[3].check,9,27,e517f7ae91ef729dc29df270d3aa1eb8c796c02de3fe275f49abaeda1a53b410
u03-s013-lecture-r1,lecture,method[4].instruction,10,30,cf0c93a549e3e095862b24cfd29507f558afd46d0fb99e55fff9ce4eec9a2806
u03-s013-lecture-r1,lecture,method[4].check,12,36,28f1d267afeabe271a5a47ecd6cb8fc22a9fa8d347ad57b2f1c017214b8bc1bc
u03-s013-lecture-r1,lecture,workedExamples[0].exampleId,2,2,dffe8596427fc50e8f64654a609af134d45552f18bbecef90b31135a9e7acaa0
u03-s013-lecture-r1,lecture,workedExamples[0].prompt,9,23,2e19195f6055a41b115b580c9a717c0aaa420f97e6133316938516183f9cdd11
u03-s013-lecture-r1,lecture,workedExamples[0].solutionSteps[0],7,21,4022bb0b49e97f752f63fbfab76bcfd320844078a491b0b70d4710536b3218be
u03-s013-lecture-r1,lecture,workedExamples[0].solutionSteps[1],7,21,4df32ca1c5af906e2c1bf157bd97f29964728ba6f608f451d54d4333b0207d45
u03-s013-lecture-r1,lecture,workedExamples[0].answer,5,15,70e8e6e38a392920a35b0d363e7762dabf839e3d1537eee2b3748aefe75949d6
u03-s013-lecture-r1,lecture,workedExamples[1].exampleId,2,2,d76354d8457898445bb69e0dc0dc95fb74cc3cf334f8c1859162a16ad0041f8d
u03-s013-lecture-r1,lecture,workedExamples[1].prompt,22,50,fc129ba1f9b53bef8b8d91696a7ed5ff7c5c88e9fc38f51d218df8dedba45b98
u03-s013-lecture-r1,lecture,workedExamples[1].solutionSteps[0],6,18,84c5d7f9ede4b53f40558a6968feae8652ba6ba449f9c5182097aa1e2a15d7e0
u03-s013-lecture-r1,lecture,workedExamples[1].solutionSteps[1],5,15,c4265e820ce3a987598a40fc8d1d703e10ffd2d4e841e56188040d38aee8b2cb
u03-s013-lecture-r1,lecture,workedExamples[1].answer,3,9,5a8b70a81004d55599e5517825bded1ad862c5c176b644f7cce6cfd65b6164f8
u03-s013-lecture-r1,lecture,workedExamples[2].exampleId,2,2,842983de8fb1d277a3fad5c8295c7a14317c458718a10c5a35b23e7f992a5c80
u03-s013-lecture-r1,lecture,workedExamples[2].prompt,10,24,eda83a3ee7896fce2f1c22f395fda420402ee98f5273da2b53242f69c220b9bc
u03-s013-lecture-r1,lecture,workedExamples[2].solutionSteps[0],9,27,25e27026c8a09863cad2f31f7d9003e9ed48564113f20966c43e0c4605845996
u03-s013-lecture-r1,lecture,workedExamples[2].solutionSteps[1],8,24,e152e89f39e930cf0cc0607b86ca3f5ceeecf88b8e50972fb16f101de4f9ceab
u03-s013-lecture-r1,lecture,workedExamples[2].answer,7,21,585353066acf77adb1678374b46370552883f7c7cc822a3a0724a4ec9356171f
u03-s013-lecture-r1,lecture,workedExamples[3].exampleId,2,2,4a5a97c6433c4c062457e9335709d57493e75527809d8a9586c141e591ac9f2c
u03-s013-lecture-r1,lecture,workedExamples[3].prompt,17,43,786cad7beec7ac0b3b9895780ad53e16a4854e909436ee710b73e592c7f6b31a
u03-s013-lecture-r1,lecture,workedExamples[3].solutionSteps[0],11,17,6010e8aeb1b47801bffe435e343361e8fd33d1b8c4df02207fcf7eb15de86320
u03-s013-lecture-r1,lecture,workedExamples[3].solutionSteps[1],5,15,73e92c012ba550a808742d653a3c071b33f0aa7c7122c055cae75c10ccbcbe85
u03-s013-lecture-r1,lecture,workedExamples[3].answer,4,12,f46da10ce28d0a564bea44a6732176b71cdf2af8daa985c981eaee26e0b65f77
u03-s013-lecture-r1,lecture,commonMistakes[0].mistake,10,30,8d8944bb4e03a2a40c4da62548a02165cf2b5692921676cfce76a0627f3f32e4
u03-s013-lecture-r1,lecture,commonMistakes[0].why,7,21,36a46b7161683edc814683a976b72731596123d86869fa2c2e1ddb1837808056
u03-s013-lecture-r1,lecture,commonMistakes[0].correction,9,27,09b8880476c0939e049cbe2a4a8f88d1b0f143fe79dc7335632b95436e05e1a1
u03-s013-lecture-r1,lecture,commonMistakes[1].mistake,7,21,10cac6d6754896c0259f8381fcaa97db0986bd85b819e350d3e827bf47267f20
u03-s013-lecture-r1,lecture,commonMistakes[1].why,8,24,0ce4dc8bf62f270b31e06b5eaee475cd557e7e5c5b5e990d1fde22a4917f37d2
u03-s013-lecture-r1,lecture,commonMistakes[1].correction,10,30,0393d258a4c9a7b5435ede030db18411163a0c41a191a8981930ff2bc86ef0e5
u03-s013-lecture-r1,lecture,commonMistakes[2].mistake,11,33,261f2f06cc7c1bcf9091f4b2d06247a5796e231c687fcbc573961868cc1bf59d
u03-s013-lecture-r1,lecture,commonMistakes[2].why,8,24,4b5a33134863ffb16f3bba906534b0479c50fe0aeaabe0fc52b9ea1da1b6fe90
u03-s013-lecture-r1,lecture,commonMistakes[2].correction,9,27,3645f32d55e217ee699c81f43e14a5c6604edd5eef8aed3c02184bbc48f01bb7
u03-s013-lecture-r1,lecture,commonMistakes[3].mistake,8,24,ff81291d70b6cc692ffb5ed77c78948b924045bb3cd0d51621f140101a383232
u03-s013-lecture-r1,lecture,commonMistakes[3].why,10,30,1d83cff20c6831bff06c229bb1063aef7ac1afd532d57da4f6d47de4845d2657
u03-s013-lecture-r1,lecture,commonMistakes[3].correction,9,27,dcbc1e460890e2449957afb7656b1ed713fcbe486e732c4b6230cf44ee135df0
u03-s013-lecture-r1,lecture,commonMistakes[4].mistake,13,31,9cb90ed38a337f77449d852f23a957f4408ba054e10e96b711438e0bdb7f0e55
u03-s013-lecture-r1,lecture,commonMistakes[4].why,11,25,0a98bed54cec4b954caff8e0521e0eb4933c548f8736f9a744fe9e5a1ac34070
u03-s013-lecture-r1,lecture,commonMistakes[4].correction,9,27,b7230cbc6bbfe67d09eecd6018645973bddd9cb8c20e9ecd82579b8bea4e261c
u03-s013-lecture-r1,lecture,commonMistakes[5].mistake,9,27,c2bb16069d5fb919a144ebfb4bca6a5a132ad06c7c64da943831bd56e6170dd3
u03-s013-lecture-r1,lecture,commonMistakes[5].why,6,18,3a6ad8e73451e72f6763e45d7b9efea5c332eef4ce107b9abae0a7f634128c5c
u03-s013-lecture-r1,lecture,commonMistakes[5].correction,13,33,6bcf21dd761cc7e901889336e356fdec1b74d3f4668ff67faac12c03ddd55189
u03-s013-lecture-r1,lecture,selfCheck[0],8,24,96671682b833754528a09eeee766da38eae170190eb749a119e338c33c61d013
u03-s013-lecture-r1,lecture,selfCheck[1],13,39,49b19d62226c10597ceed89b41f395a9cfd6933f8a5e82d6128910beaa389a0a
u03-s013-lecture-r1,lecture,selfCheck[2],10,30,052c8a135045bf787ff0710c479298d2a86be3e5e93bd9eb0db6dab32d1c68d0
u03-s013-lecture-r1,lecture,selfCheck[3],11,33,ca3d04f0ae550b9a615060b05f22d19e4ab4373d06a110dfa42ff2d4344d0e15
u03-s013-lecture-r1,lecture,selfCheck[4],10,30,e5502531cb06f54bb2844df609e208ecaf58b5fa8fe0454a56a7cad358719559
u03-s013-lecture-r1,lecture,summary[0],13,39,c9378e20ccd202a8cabd511e458375536799e6955156bd24ccbfe543dc4f0a04
u03-s013-lecture-r1,lecture,summary[1],8,24,c8d2915e518c955c1aa8039d4e4e1205af07af7452ab787d2a2498531433ffdb
u03-s013-lecture-r1,lecture,summary[2],11,33,3126025b019108488e6d0eee855c6d0ad6271264052bc7935f1c61059a7b45ce
u03-s013-lecture-r1,lecture,summary[3],12,36,c5388356964635490f8a6f03f05cad1322bcefe67727f3cb203465e849f930f3
u03-s013-lecture-r1,lecture,connections.previous,20,60,a3e3b9911ce1858ea580116d08f443258a577c9680159c2e9d63de429f4bf93f
u03-s013-lecture-r1,lecture,connections.next[0],18,54,3a2900180ae13db2daea2b06ef0807f27c09c1e81cd91729835ca1f6bb9a58b9
u03-s013-lecture-r1,lecture,connections.next[1],16,48,bc68a69b49217ffeef7598304d548b0f5ba9cdbe312f28f177c9c8758794b6da
u03-s013-lecture-r1,lecture,practiceLinks.mcQuestionIds[0],13,13,bb537bf5bc82463e4ca40d59162dc4ef299ab63f61c2f638a58dab3ca82a8d28
u03-s013-lecture-r1,lecture,practiceLinks.mcQuestionIds[1],13,13,f9de5db7d1e78b3080cc404e614eae818e5cd6997c07745fcceaa1c7388587b8
u03-s013-lecture-r1,lecture,practiceLinks.mcQuestionIds[2],13,13,2165c0ed58eed6a62c3bc01577f7ef5dea095225bedf7e829447f6378e4b2f70
u03-s013-lecture-r1,lecture,practiceLinks.mcQuestionIds[3],13,13,0f1678ee68ac50e93957d9e808d5fece0cce2f09b84d75714af29b9bdafcd0f6
u03-s013-lecture-r1,lecture,practiceLinks.mcQuestionIds[4],13,13,1ec1c1faa13f3f71910d672fb68b4e5d20d19bb7028109cef0df4541c5ec0a15
u03-s013-lecture-r1,lecture,practiceLinks.mcQuestionIds[5],13,13,fd4acf773edcd017ad6e64e54720dc721bc163db198b8a5f25e0d264ac8d8337
u03-s013-lecture-r1,lecture,practiceLinks.mcQuestionIds[6],13,13,76bc4d6feeeec4109f16d62b1ad9638664ad50121651dfe12a591dfca7e1c558
u03-s013-lecture-r1,lecture,practiceLinks.mcQuestionIds[7],13,13,d9b4db8617085e4556e9751879472ae2b06286e299a02d23b20a8035b6bf602d
u03-s013-lecture-r1,lecture,practiceLinks.mcQuestionIds[8],13,13,5b74b60a3762d171830e8aa0411f200f307b935ea7a63aa112e1985566653122
u03-s013-lecture-r1,lecture,practiceLinks.mcQuestionIds[9],13,13,0d2c003118b116ac07ad3533cfb1116fc8208a830e2d2af19c2bfc44bebe3e8b
u03-s013-lecture-r1,lecture,practiceLinks.mcQuestionIds[10],13,13,8ed30a6796a9daf895a3d801ba8a0d291d985e223a8cf6358012d2bbfa6ba683
u03-s013-lecture-r1,lecture,practiceLinks.mcQuestionIds[11],13,13,300f117c1daf6e3fac972ae3b98af2f2dc4ff02af712eb4abaa92f0275967d33
u03-s013-lecture-r1,lecture,practiceLinks.constructedResponseIds[0],14,14,7a3f36a66a4eb7202c3afa097024d62b7a86c53bed28fc28c2f7d039a2fe984f
u03-s013-lecture-r1,lecture,practiceLinks.constructedResponseIds[1],14,14,2f69b6550998f8ba32be527cc3638e85ca1368aaeb711a07eab7b1dab09eb547
u03-s013-lecture-r1,lecture,lectureReview.mathematicalCorrectness,4,4,d74ff0ee8da3b9806b18c877dbf29bbde50b5bd8e4dad7a3a725000feb82e8f1
u03-s013-lecture-r1,lecture,lectureReview.zeroFoundationReadability,4,4,d74ff0ee8da3b9806b18c877dbf29bbde50b5bd8e4dad7a3a725000feb82e8f1
u03-s013-lecture-r1,lecture,lectureReview.scopeCheck,21,21,fdf8268f0373301b2fcc6331f1d8999b8aabea69681e8bc972ab9a21216a7606
u03-s013-lecture-r1,lecture,lectureReview.reviewNote,81,241,b3ee414f26f6ec782288c28809abb18a38ce382e58eece2b9c578235e405b819
u03-s013-lecture-r1,lecture,lectureReview.reviewVersion,25,25,413c3743bf06637b23333702bf9263e0db21fd6b3c3879070d877faca58db442
u03-s013-lecture-r1,lecture,lectureReview.reviewedAt,10,10,14158d45727526145ef514139eeb669eb54d613dbcffe524f099dbb71c9d8b08
u03-s013-lecture-r1,lecture,contentSha256,64,64,98b15df0c84604b1e4e1435bb93b4c119525ca2afaa68e225644efdfcafd5abe
u03-s013-lecture-r1,lecture,contentAuthority,25,25,ed40f75ffe3d6ad4e71f6e7919d063410490de360edb425965eccd605ca9d79e
u03-s013-lecture-r1,lecture,legacyContentDisposition,40,40,bb8421a43fb9d90c642b60311f091a34addbe10678daf757010d688c8c2a21b3
u03-s013-v001,question,questionId,13,13,bb537bf5bc82463e4ca40d59162dc4ef299ab63f61c2f638a58dab3ca82a8d28
u03-s013-v001,question,unitId,3,3,97ce842ec69dee17c1842918e63b9d4042fa4b35007146dcfb80a09c5000888a
u03-s013-v001,question,topicId,29,29,16eba8e6421b4779da94d46faca02d25b8d4852d17812a4e18690b3125d5c87a
u03-s013-v001,question,skillId,30,30,e0866261f060c5a853dccab8412e388f208583a57267cff00685eb06fda5c38e
u03-s013-v001,question,difficulty,5,5,fbb7b5bf4ca348eeeebf8cc3660712859a5a1fbf18e83217a57ce203fb51d5c2
u03-s013-v001,question,type,2,2,6bc0f9c4ecb0acbebf1b9f6c816bdd66f4885f67c917d9e141cf893014fba936
u03-s013-v001,question,visualMode,9,9,9c7d54b0bf7a9369d8594201c7b11955514343809d09fbec33966c1fd9794015
u03-s013-v001,question,sourceScope,19,19,a4b669ddb8ef1883391c07a7b633f12eeaeecee7ec37c09eea4931aff6644346
u03-s013-v001,question,text,22,64,da5cbe3eeeef0ab144f94135ab0a11a9a84c398b6701a3488b5d2518e2889e9a
u03-s013-v001,question,choices[0],10,30,b58fd0ec5666f926c9a30fe935534100790c69950dd9ea6ca7eb85c2f0971f1e
u03-s013-v001,question,choices[1],10,28,926940fcec4498e5d419fc663dcbe7ca8b928935fb5ab66df36051329defa543
u03-s013-v001,question,choices[2],10,30,9a6da5b79265b5d6a75a9118450ebbb5a3a29db38d30d82bef07e183068425fd
u03-s013-v001,question,choices[3],11,31,b4ee8a7b48cf7745a66a7592e7da71a6926467c1a4590655b8706d6dae692001
u03-s013-v001,question,explanation,47,141,2e3da64e725652d7a7e3464af3f3e4d08efb3f8ba0c267c39796735a6918202f
u03-s013-v001,question,steps[0],9,27,8e0f4706e9ff7191d75bc4ec3ce29c78e7e6ae10b01e090605a400cb6bc0dbdf
u03-s013-v001,question,steps[1],6,18,54fc49c78eddcbd3dfd958319d49f853596b582149e4286840100551f0e9ded0
u03-s013-v001,question,steps[2],11,33,3012186688b575bdc26d5f492c0d4238178cb3f5edaab093e47b5ff31345fc72
u03-s013-v001,question,optionAnalysis[0].choice,10,30,b58fd0ec5666f926c9a30fe935534100790c69950dd9ea6ca7eb85c2f0971f1e
u03-s013-v001,question,optionAnalysis[0].reason,51,147,fe4448c2dd5dfc5c45b160d9a49008907e2600388918b153808fe9189be9bb5b
u03-s013-v001,question,optionAnalysis[1].choice,10,28,926940fcec4498e5d419fc663dcbe7ca8b928935fb5ab66df36051329defa543
u03-s013-v001,question,optionAnalysis[1].reason,11,33,1a66d8ff411f200199baaa1b4f79da8652d41c222a46e567a52d98288e3730af
u03-s013-v001,question,optionAnalysis[2].choice,10,30,9a6da5b79265b5d6a75a9118450ebbb5a3a29db38d30d82bef07e183068425fd
u03-s013-v001,question,optionAnalysis[2].reason,13,39,7d063ef2209a96cbc0b4ad3f2e1e43562ae047c0bf5767b68457b7a2c565e726
u03-s013-v001,question,optionAnalysis[3].choice,11,31,b4ee8a7b48cf7745a66a7592e7da71a6926467c1a4590655b8706d6dae692001
u03-s013-v001,question,optionAnalysis[3].reason,14,36,14597749ea5d6554ca40a86bd0cf46cfc04d41d87069e5f686313d926892cb44
u03-s013-v001,question,commonMistake,14,42,d7abc82ec7dc8f7e805ae9ace43119ac19911d8c69d500a4e894082593488d48
u03-s013-v001,question,concept,11,33,be87beeae409ea2f0dff3e099a757e7b31ae51c3c62794ae100afd12855061d1
u03-s013-v001,question,tags[0],2,6,32f6541b44ed479dbf6cc8c7dd98824e49e03974d72ad8b65c33383a9cbb349f
u03-s013-v001,question,tags[1],7,21,bdb072f64c78bf37487d384217b38bde25f5a6abf190ed0a703492d1bc3951cd
u03-s013-v001,question,tags[2],5,5,fbb7b5bf4ca348eeeebf8cc3660712859a5a1fbf18e83217a57ce203fb51d5c2
u03-s013-v001,question,estimatedTimeSec,2,2,f369cb89fc627e668987007d121ed1eacdc01db9e28f8bb26f358b7d8c4f08ac
u03-s013-v001,question,prerequisiteSkillIds[0],36,36,ab55f46b30f80baee275a7157304db8c22ba597d44a562fd57010de35f811ea2
u03-s013-v001,question,authoringIntent,12,36,0c41807c2958484d02a1bc02643cd18edb747cc2c7ef0487d5afeacd2cfd2c63
u03-s013-v001,question,reviewStatus,22,22,ec809598e2f7fcc69fad54c9cd045bba62b4a0dc7c0ff90d4efdc3788c9ad8fb
u03-s013-v001,question,contentSha256,64,64,0e70bf0159580e20418a6243d2707503d2fa4846b61fc310ee5ef6b2760f5f7a
u03-s013-v001,question,contentAuthority,25,25,ed40f75ffe3d6ad4e71f6e7919d063410490de360edb425965eccd605ca9d79e
u03-s013-v001,question,legacyContentDisposition,39,39,2efcc87c0c9673d2efe77735ae75582eb178c880b07035d8695f010e324b7c71
u03-s013-v002,question,questionId,13,13,f9de5db7d1e78b3080cc404e614eae818e5cd6997c07745fcceaa1c7388587b8
u03-s013-v002,question,unitId,3,3,97ce842ec69dee17c1842918e63b9d4042fa4b35007146dcfb80a09c5000888a
u03-s013-v002,question,topicId,29,29,16eba8e6421b4779da94d46faca02d25b8d4852d17812a4e18690b3125d5c87a
u03-s013-v002,question,skillId,30,30,e0866261f060c5a853dccab8412e388f208583a57267cff00685eb06fda5c38e
u03-s013-v002,question,difficulty,5,5,fbb7b5bf4ca348eeeebf8cc3660712859a5a1fbf18e83217a57ce203fb51d5c2
u03-s013-v002,question,type,2,2,6bc0f9c4ecb0acbebf1b9f6c816bdd66f4885f67c917d9e141cf893014fba936
u03-s013-v002,question,visualMode,9,9,9c7d54b0bf7a9369d8594201c7b11955514343809d09fbec33966c1fd9794015
u03-s013-v002,question,sourceScope,19,19,a4b669ddb8ef1883391c07a7b633f12eeaeecee7ec37c09eea4931aff6644346
u03-s013-v002,question,text,31,81,3e20a5b92774f50f6464af9a567e209959911618ea6b11b629fbd2e358238f7c
u03-s013-v002,question,choices[0],12,36,2b3605b981d5103603ea813177126ce6c90bb4925ffa8c6bccc2884d53f8e9d6
u03-s013-v002,question,choices[1],21,53,779979cd2df5606dfb68a168e911c801342fe111f10d25bcc2c92ceb04721fd1
u03-s013-v002,question,choices[2],10,26,ffd1a22232f6e214085bbf6c9a6fbd45d8df9b223e4c3164dfdd95ea567a289f
u03-s013-v002,question,choices[3],9,23,13f217af14557fe6bc2dddb1f8a942c60344ab87405a4645b78292b569f35ba2
u03-s013-v002,question,explanation,57,153,8541462e473b5216c3c86e82c0c1e1ad2a3ad1e5cf920e3da72122aef0783945
u03-s013-v002,question,steps[0],10,30,95bb328adb822f28c4a4253331ae62b5af42c2c53c39a496caaa37c61a2eb6aa
u03-s013-v002,question,steps[1],7,13,f75b67624bbfbbc91730923232b2d8d1daecb38497272a79db8bb0bb9a7860da
u03-s013-v002,question,steps[2],8,24,cd896c6501edbd45f533261e331c8c1da1a9a8a5984a9da9c52fdf168b8e39d1
u03-s013-v002,question,optionAnalysis[0].choice,12,36,2b3605b981d5103603ea813177126ce6c90bb4925ffa8c6bccc2884d53f8e9d6
u03-s013-v002,question,optionAnalysis[0].reason,11,33,1f608f39df76787d8e5bf7ff5efbfb8a365dd085a7f7ead0f75be8483d88e40e
u03-s013-v002,question,optionAnalysis[1].choice,21,53,779979cd2df5606dfb68a168e911c801342fe111f10d25bcc2c92ceb04721fd1
u03-s013-v002,question,optionAnalysis[1].reason,54,152,917316e439116d4849072874e28eeafd0e25008f412ec30b52850f90c76dd46d
u03-s013-v002,question,optionAnalysis[2].choice,10,26,ffd1a22232f6e214085bbf6c9a6fbd45d8df9b223e4c3164dfdd95ea567a289f
u03-s013-v002,question,optionAnalysis[2].reason,11,33,c3230dc17bee3ed113cab4d859fae94cc03a74aa5c14ead826652b42db8ec58b
u03-s013-v002,question,optionAnalysis[3].choice,9,23,13f217af14557fe6bc2dddb1f8a942c60344ab87405a4645b78292b569f35ba2
u03-s013-v002,question,optionAnalysis[3].reason,10,30,77864eaa07d86c60485e6c1066ed257e7be13a3e111261762e9d365177a2a99a
u03-s013-v002,question,commonMistake,12,36,cf86b37e16d1ae2c4d64e2fc29c583d78c5a60ecf07a39b759ab371cb0e7c384
u03-s013-v002,question,concept,14,42,c6d1c45f2504743827e27039ef568a6921ed1c01fd7e8fec30e1f6b269ddc48e
u03-s013-v002,question,tags[0],2,6,32f6541b44ed479dbf6cc8c7dd98824e49e03974d72ad8b65c33383a9cbb349f
u03-s013-v002,question,tags[1],7,21,bdb072f64c78bf37487d384217b38bde25f5a6abf190ed0a703492d1bc3951cd
u03-s013-v002,question,tags[2],5,5,fbb7b5bf4ca348eeeebf8cc3660712859a5a1fbf18e83217a57ce203fb51d5c2
u03-s013-v002,question,estimatedTimeSec,2,2,f369cb89fc627e668987007d121ed1eacdc01db9e28f8bb26f358b7d8c4f08ac
u03-s013-v002,question,prerequisiteSkillIds[0],36,36,ab55f46b30f80baee275a7157304db8c22ba597d44a562fd57010de35f811ea2
u03-s013-v002,question,authoringIntent,7,21,53c09b314b5a59eba33e032b2ee17a35728e42c8dcf546729ffcdf95ade901a9
u03-s013-v002,question,reviewStatus,22,22,ec809598e2f7fcc69fad54c9cd045bba62b4a0dc7c0ff90d4efdc3788c9ad8fb
u03-s013-v002,question,contentSha256,64,64,39fbb6a9af732a9b8428b58bc3c5f0088fae8f4b6fa272856d0b3f5afd9220c6
u03-s013-v002,question,contentAuthority,25,25,ed40f75ffe3d6ad4e71f6e7919d063410490de360edb425965eccd605ca9d79e
u03-s013-v002,question,legacyContentDisposition,39,39,2efcc87c0c9673d2efe77735ae75582eb178c880b07035d8695f010e324b7c71
u03-s013-v003,question,questionId,13,13,2165c0ed58eed6a62c3bc01577f7ef5dea095225bedf7e829447f6378e4b2f70
u03-s013-v003,question,unitId,3,3,97ce842ec69dee17c1842918e63b9d4042fa4b35007146dcfb80a09c5000888a
u03-s013-v003,question,topicId,29,29,16eba8e6421b4779da94d46faca02d25b8d4852d17812a4e18690b3125d5c87a
u03-s013-v003,question,skillId,30,30,e0866261f060c5a853dccab8412e388f208583a57267cff00685eb06fda5c38e
u03-s013-v003,question,difficulty,5,5,fbb7b5bf4ca348eeeebf8cc3660712859a5a1fbf18e83217a57ce203fb51d5c2
u03-s013-v003,question,type,2,2,6bc0f9c4ecb0acbebf1b9f6c816bdd66f4885f67c917d9e141cf893014fba936
u03-s013-v003,question,visualMode,9,9,9c7d54b0bf7a9369d8594201c7b11955514343809d09fbec33966c1fd9794015
u03-s013-v003,question,sourceScope,19,19,a4b669ddb8ef1883391c07a7b633f12eeaeecee7ec37c09eea4931aff6644346
u03-s013-v003,question,text,36,98,84114d738ea5a0bc955a5ea100b2fbd680ce61d64a8606aa1e01cea0d93cf897
u03-s013-v003,question,choices[0],8,18,81a0ddf4b5cc3c5b48f97cc596da1acc628e815fba6bf35ca9c253eff9a262b9
u03-s013-v003,question,choices[1],10,28,074a5e58679dbf09d88b4e1f7e39fc737389e4d16f68ebdef7420da7de8be4d8
u03-s013-v003,question,choices[2],20,52,d20bebde1d98ecc8b93c1758554a7ab93f0c7d9d88f8a5aa6a57d98f23b1d94b
u03-s013-v003,question,choices[3],6,16,85179e43eaf171214b10e823f2798155c0f620294bbd264f9c70523325a0f600
u03-s013-v003,question,explanation,54,154,90b0c5ab20f7941b7ba6ae08c33a8b26c48c743c120a968875e99afa08ba9c53
u03-s013-v003,question,steps[0],9,27,942c609ced29d029e4a157c7c0915114c34811b47fbe232ce5faebbde79f6b1a
u03-s013-v003,question,steps[1],5,15,30665bdc40bdf21469993c6f6ee42184d114cec12fbc79a54c7e997aed3dc929
u03-s013-v003,question,steps[2],9,27,e7c96525059c302ee2e994381c0fc4f69b3b990680c0282b51f2a14a14b65966
u03-s013-v003,question,optionAnalysis[0].choice,8,18,81a0ddf4b5cc3c5b48f97cc596da1acc628e815fba6bf35ca9c253eff9a262b9
u03-s013-v003,question,optionAnalysis[0].reason,11,27,edb4c6d8ef3f8d3d69f3527076f0331bce0d8d0ff9682c7585925e5074244ebe
u03-s013-v003,question,optionAnalysis[1].choice,10,28,074a5e58679dbf09d88b4e1f7e39fc737389e4d16f68ebdef7420da7de8be4d8
u03-s013-v003,question,optionAnalysis[1].reason,10,28,d47b07629eeef869d28d28863fd9ef3ee179f8b94478d208ecc2f52ffceb23d0
u03-s013-v003,question,optionAnalysis[2].choice,20,52,d20bebde1d98ecc8b93c1758554a7ab93f0c7d9d88f8a5aa6a57d98f23b1d94b
u03-s013-v003,question,optionAnalysis[2].reason,46,130,e61dbf3b0fe54a64b99c73281c01dd58835e15be36a0ee547d79b88c1d720fdb
u03-s013-v003,question,optionAnalysis[3].choice,6,16,85179e43eaf171214b10e823f2798155c0f620294bbd264f9c70523325a0f600
u03-s013-v003,question,optionAnalysis[3].reason,13,37,dcc8418d3fc58f235409df658211d56611e687d75d77447d7f222185b2f6d970
u03-s013-v003,question,commonMistake,14,42,2ab6b0fb8dc1aa2100c2056f3fcd3633267a60db3dfa6354341ca4da3aad8a13
u03-s013-v003,question,concept,14,42,beadfe2455016ccaaad930ecdc519c4b493458fbfce3f4c42d163512c033f2bf
u03-s013-v003,question,tags[0],2,6,32f6541b44ed479dbf6cc8c7dd98824e49e03974d72ad8b65c33383a9cbb349f
u03-s013-v003,question,tags[1],7,21,bdb072f64c78bf37487d384217b38bde25f5a6abf190ed0a703492d1bc3951cd
u03-s013-v003,question,tags[2],5,5,fbb7b5bf4ca348eeeebf8cc3660712859a5a1fbf18e83217a57ce203fb51d5c2
u03-s013-v003,question,estimatedTimeSec,2,2,f369cb89fc627e668987007d121ed1eacdc01db9e28f8bb26f358b7d8c4f08ac
u03-s013-v003,question,prerequisiteSkillIds[0],36,36,ab55f46b30f80baee275a7157304db8c22ba597d44a562fd57010de35f811ea2
u03-s013-v003,question,authoringIntent,11,33,e7181593204911420db1e37412b853e5b8a860a1284d27cdf831e2c1d9f62b53
u03-s013-v003,question,reviewStatus,22,22,ec809598e2f7fcc69fad54c9cd045bba62b4a0dc7c0ff90d4efdc3788c9ad8fb
u03-s013-v003,question,contentSha256,64,64,6ef4ffbba18b906a473b32212c27e91a170fd3ffe501aff3cf8db017b8446ce7
u03-s013-v003,question,contentAuthority,25,25,ed40f75ffe3d6ad4e71f6e7919d063410490de360edb425965eccd605ca9d79e
u03-s013-v003,question,legacyContentDisposition,39,39,2efcc87c0c9673d2efe77735ae75582eb178c880b07035d8695f010e324b7c71
u03-s013-v004,question,questionId,13,13,0f1678ee68ac50e93957d9e808d5fece0cce2f09b84d75714af29b9bdafcd0f6
u03-s013-v004,question,unitId,3,3,97ce842ec69dee17c1842918e63b9d4042fa4b35007146dcfb80a09c5000888a
u03-s013-v004,question,topicId,29,29,16eba8e6421b4779da94d46faca02d25b8d4852d17812a4e18690b3125d5c87a
u03-s013-v004,question,skillId,30,30,e0866261f060c5a853dccab8412e388f208583a57267cff00685eb06fda5c38e
u03-s013-v004,question,difficulty,8,8,fe6d3468cf5c74d8ec2a95b40f2e05338c37a4202f8fad692d2b64a9cf9b468a
u03-s013-v004,question,type,2,2,6bc0f9c4ecb0acbebf1b9f6c816bdd66f4885f67c917d9e141cf893014fba936
u03-s013-v004,question,visualMode,9,9,9c7d54b0bf7a9369d8594201c7b11955514343809d09fbec33966c1fd9794015
u03-s013-v004,question,sourceScope,19,19,a4b669ddb8ef1883391c07a7b633f12eeaeecee7ec37c09eea4931aff6644346
u03-s013-v004,question,text,27,73,fb41f0e7bd1c31547d32eb516597ee87b2dbb01e303f8108082288f35fdc8801
u03-s013-v004,question,choices[0],9,27,4f33f077f39375dec347dc62b060e96cb542158bb0510e0037fbad1eb8dd9698
u03-s013-v004,question,choices[1],12,34,eaccf0341c9e9e896a1564ccd76646074d268f1349be767e3ba7e19207994506
u03-s013-v004,question,choices[2],8,24,61515c67bfba63ac4def0f202b8b1bce144585e3584df7fb44be8d075f8275db
u03-s013-v004,question,choices[3],10,30,4caa893c17b19224d13ba404ea4b60adb66bc1ca82a0cda4674b034f4113b147
u03-s013-v004,question,explanation,42,122,a5291843c7078247b927eb14efb8ed8600df67dd6f3c9d0b6488f1e707f9bc46
u03-s013-v004,question,steps[0],7,21,aa83bdbba7b0f46107d596fd4ef582ea5a124445c12fdedaec88e9433b42ed2e
u03-s013-v004,question,steps[1],5,15,d8844c7e58e8b7ba00bfab5d571faf66932d694b767c5a896002d3757500515f
u03-s013-v004,question,steps[2],9,23,442ccd24324433aaa59c36360d8e39a7d7155ae8dc0769163c48396935e3d1db
u03-s013-v004,question,optionAnalysis[0].choice,9,27,4f33f077f39375dec347dc62b060e96cb542158bb0510e0037fbad1eb8dd9698
u03-s013-v004,question,optionAnalysis[0].reason,9,27,7052db705ff68e2c1870eab82555ebb37b521a0d668c5d7e7db415af2591ec6b
u03-s013-v004,question,optionAnalysis[1].choice,12,34,eaccf0341c9e9e896a1564ccd76646074d268f1349be767e3ba7e19207994506
u03-s013-v004,question,optionAnalysis[1].reason,14,42,61f8c1dfd3bee660df4695eba6883f9576dd10347df6cc695871bcd0c4f74288
u03-s013-v004,question,optionAnalysis[2].choice,8,24,61515c67bfba63ac4def0f202b8b1bce144585e3584df7fb44be8d075f8275db
u03-s013-v004,question,optionAnalysis[2].reason,10,30,56c12dde30e6bb567489b72e15354ec6cad44d3472584466acced98f7e4c1227
u03-s013-v004,question,optionAnalysis[3].choice,10,30,4caa893c17b19224d13ba404ea4b60adb66bc1ca82a0cda4674b034f4113b147
u03-s013-v004,question,optionAnalysis[3].reason,43,121,d5319398fd5f9ace56d47cc511cd5516d0350d2927719b4039761cdba5e57372
u03-s013-v004,question,commonMistake,12,36,a14c728630fd96f611987e0d5e59fd35e98e3ffa2a120d202573b6971bc289ab
u03-s013-v004,question,concept,13,39,a327158d1ae6e13bc26aae6a9a65af5359eb52dfee70ac71346ad5e1be2377e5
u03-s013-v004,question,tags[0],2,6,32f6541b44ed479dbf6cc8c7dd98824e49e03974d72ad8b65c33383a9cbb349f
u03-s013-v004,question,tags[1],7,21,bdb072f64c78bf37487d384217b38bde25f5a6abf190ed0a703492d1bc3951cd
u03-s013-v004,question,tags[2],8,8,fe6d3468cf5c74d8ec2a95b40f2e05338c37a4202f8fad692d2b64a9cf9b468a
u03-s013-v004,question,estimatedTimeSec,2,2,f369cb89fc627e668987007d121ed1eacdc01db9e28f8bb26f358b7d8c4f08ac
u03-s013-v004,question,prerequisiteSkillIds[0],36,36,ab55f46b30f80baee275a7157304db8c22ba597d44a562fd57010de35f811ea2
u03-s013-v004,question,authoringIntent,10,30,004d850bb637ced3b7f2f6a6b88edfecc9ae08638f33fb42be5006f39a3a8d9a
u03-s013-v004,question,reviewStatus,22,22,ec809598e2f7fcc69fad54c9cd045bba62b4a0dc7c0ff90d4efdc3788c9ad8fb
u03-s013-v004,question,contentSha256,64,64,a9c5ba025d17443d571216c569ba43bb7ea2b9f9f540f0c40b5a625f9cc3d023
u03-s013-v004,question,contentAuthority,25,25,ed40f75ffe3d6ad4e71f6e7919d063410490de360edb425965eccd605ca9d79e
u03-s013-v004,question,legacyContentDisposition,39,39,2efcc87c0c9673d2efe77735ae75582eb178c880b07035d8695f010e324b7c71
u03-s013-v005,question,questionId,13,13,1ec1c1faa13f3f71910d672fb68b4e5d20d19bb7028109cef0df4541c5ec0a15
u03-s013-v005,question,unitId,3,3,97ce842ec69dee17c1842918e63b9d4042fa4b35007146dcfb80a09c5000888a
u03-s013-v005,question,topicId,29,29,16eba8e6421b4779da94d46faca02d25b8d4852d17812a4e18690b3125d5c87a
u03-s013-v005,question,skillId,30,30,e0866261f060c5a853dccab8412e388f208583a57267cff00685eb06fda5c38e
u03-s013-v005,question,difficulty,8,8,fe6d3468cf5c74d8ec2a95b40f2e05338c37a4202f8fad692d2b64a9cf9b468a
u03-s013-v005,question,type,2,2,6bc0f9c4ecb0acbebf1b9f6c816bdd66f4885f67c917d9e141cf893014fba936
u03-s013-v005,question,visualMode,9,9,9c7d54b0bf7a9369d8594201c7b11955514343809d09fbec33966c1fd9794015
u03-s013-v005,question,sourceScope,19,19,a4b669ddb8ef1883391c07a7b633f12eeaeecee7ec37c09eea4931aff6644346
u03-s013-v005,question,text,30,80,406b1c318fcde2bbc2ec25f094358f00f682f54e32db8641b465c7b897af60fb
u03-s013-v005,question,choices[0],8,22,483c774d6d68217179be9f785092e1952115868a21814015e3a8ce5e35186349
u03-s013-v005,question,choices[1],19,55,c969ff71d2ae193182789c4f5406cc2659a5c15fafa8e47f006052e3367a3205
u03-s013-v005,question,choices[2],9,27,06b52e08585cac8986f5196d96f6fa801bde263490baf07d71d9a386cbad13ee
u03-s013-v005,question,choices[3],8,20,78d7fb363f914c4e526819877ac69dbd0299344d5febb3a93400861cc2f208cd
u03-s013-v005,question,explanation,51,147,16cb79660f343a9eb70e0a71c8978d2bfb544a2dab609a6e477bea95b74fad4f
u03-s013-v005,question,steps[0],6,18,17ce434e753048a683ed49939202bf8da6d34584b1c4ec3301a875b65b4209af
u03-s013-v005,question,steps[1],8,20,c04da0174b00ecb8523818dbf6aac187fa4f9d9576dd85e5d7125ae5e3ad054c
u03-s013-v005,question,steps[2],7,21,e06855adb9f0420e6db5d18d76194849834dbe5af2bfd1dab9f034a5a27a145f
u03-s013-v005,question,optionAnalysis[0].choice,8,22,483c774d6d68217179be9f785092e1952115868a21814015e3a8ce5e35186349
u03-s013-v005,question,optionAnalysis[0].reason,10,28,77e8b3f1c4e510d7d62e38b07d651ef6dabca455718f2e011df1b14ba7106492
u03-s013-v005,question,optionAnalysis[1].choice,19,55,c969ff71d2ae193182789c4f5406cc2659a5c15fafa8e47f006052e3367a3205
u03-s013-v005,question,optionAnalysis[1].reason,41,119,c5911788a4f8673a15a63a1b3f78b6fcf1c45ee18d8aba1eef40706c3e3fdc40
u03-s013-v005,question,optionAnalysis[2].choice,9,27,06b52e08585cac8986f5196d96f6fa801bde263490baf07d71d9a386cbad13ee
u03-s013-v005,question,optionAnalysis[2].reason,13,35,9b2fcd825bc3fe964c8a33ba3374b284a2678bccaa9723a14616fb1fa76a5d77
u03-s013-v005,question,optionAnalysis[3].choice,8,20,78d7fb363f914c4e526819877ac69dbd0299344d5febb3a93400861cc2f208cd
u03-s013-v005,question,optionAnalysis[3].reason,8,22,90d7e5cda18abf1df692f401656e65406abdcbb379eac620ec1ad2d90147ad8d
u03-s013-v005,question,commonMistake,11,31,10fcd8a6de74ef1e2e0adc46c705d94c7f1d5dda5743710c8d5bd246ed0cb71c
u03-s013-v005,question,concept,11,25,46dda36f6192a67eb53849bb04799ba6f242174c68e2d2670a27e8f4f95927de
u03-s013-v005,question,tags[0],2,6,32f6541b44ed479dbf6cc8c7dd98824e49e03974d72ad8b65c33383a9cbb349f
u03-s013-v005,question,tags[1],7,21,bdb072f64c78bf37487d384217b38bde25f5a6abf190ed0a703492d1bc3951cd
u03-s013-v005,question,tags[2],8,8,fe6d3468cf5c74d8ec2a95b40f2e05338c37a4202f8fad692d2b64a9cf9b468a
u03-s013-v005,question,estimatedTimeSec,2,2,f369cb89fc627e668987007d121ed1eacdc01db9e28f8bb26f358b7d8c4f08ac
u03-s013-v005,question,prerequisiteSkillIds[0],36,36,ab55f46b30f80baee275a7157304db8c22ba597d44a562fd57010de35f811ea2
u03-s013-v005,question,authoringIntent,12,36,519b28bad698cbfa237ea92626dd088402f2c578b63b40946a8bf9dc9d944e97
u03-s013-v005,question,reviewStatus,22,22,ec809598e2f7fcc69fad54c9cd045bba62b4a0dc7c0ff90d4efdc3788c9ad8fb
u03-s013-v005,question,contentSha256,64,64,ce6a26a9a7415a5919995a226890b98b06e59af63ade703f4483103f9ce8fbfe
u03-s013-v005,question,contentAuthority,25,25,ed40f75ffe3d6ad4e71f6e7919d063410490de360edb425965eccd605ca9d79e
u03-s013-v005,question,legacyContentDisposition,39,39,2efcc87c0c9673d2efe77735ae75582eb178c880b07035d8695f010e324b7c71
u03-s013-v006,question,questionId,13,13,fd4acf773edcd017ad6e64e54720dc721bc163db198b8a5f25e0d264ac8d8337
u03-s013-v006,question,unitId,3,3,97ce842ec69dee17c1842918e63b9d4042fa4b35007146dcfb80a09c5000888a
u03-s013-v006,question,topicId,29,29,16eba8e6421b4779da94d46faca02d25b8d4852d17812a4e18690b3125d5c87a
u03-s013-v006,question,skillId,30,30,e0866261f060c5a853dccab8412e388f208583a57267cff00685eb06fda5c38e
u03-s013-v006,question,difficulty,8,8,fe6d3468cf5c74d8ec2a95b40f2e05338c37a4202f8fad692d2b64a9cf9b468a
u03-s013-v006,question,type,2,2,6bc0f9c4ecb0acbebf1b9f6c816bdd66f4885f67c917d9e141cf893014fba936
u03-s013-v006,question,visualMode,9,9,9c7d54b0bf7a9369d8594201c7b11955514343809d09fbec33966c1fd9794015
u03-s013-v006,question,sourceScope,19,19,a4b669ddb8ef1883391c07a7b633f12eeaeecee7ec37c09eea4931aff6644346
u03-s013-v006,question,text,44,108,e8a3f2cf1eece1f4a620a3047ba5aa4b6b0d5eefcd468ec6f0ec436b73a43f3c
u03-s013-v006,question,choices[0],11,33,a9c7f9700680cb429510b65f24672f0974a3582bdfa95c6fdbc01a9498df3d73
u03-s013-v006,question,choices[1],13,35,4b92ea89c89d506b96ff327377bbd87d795c2a479eae21e7213c78752c423df2
u03-s013-v006,question,choices[2],2,6,74b8e9f6cf0536d58a376c9907477dd9d2e662fb5bea956357368ec68b727c65
u03-s013-v006,question,choices[3],10,26,d17e5304b80612c4ce9f894e226b47def568e688c693367754115698ec809584
u03-s013-v006,question,explanation,40,106,4ca48ccc69a9007e05543bd921459063cea44f6b9f93077be17c739af9e679d1
u03-s013-v006,question,steps[0],11,33,032cf695a9690f0cf01abfe3063740932c9a1cfee39ec3913f1e61b66ca4adea
u03-s013-v006,question,steps[1],12,22,a843e8a3aa22b3c4a75612e3ed4ffb2a82f57c47559eda85f7500720e4944400
u03-s013-v006,question,steps[2],4,12,1a1b23fad279fb3f631bf7e7842a58160d4524b008d1c9be8ec037949dade947
u03-s013-v006,question,optionAnalysis[0].choice,11,33,a9c7f9700680cb429510b65f24672f0974a3582bdfa95c6fdbc01a9498df3d73
u03-s013-v006,question,optionAnalysis[0].reason,11,33,5a2701028baa238b53dcabb437bf92df62cf975a424b0fb70b97b6d7c00b50e9
u03-s013-v006,question,optionAnalysis[1].choice,13,35,4b92ea89c89d506b96ff327377bbd87d795c2a479eae21e7213c78752c423df2
u03-s013-v006,question,optionAnalysis[1].reason,8,24,8825c889623e31f60beba8df1cc7b72c96d454175a1794e47ebd5e3a8a13dad9
u03-s013-v006,question,optionAnalysis[2].choice,2,6,74b8e9f6cf0536d58a376c9907477dd9d2e662fb5bea956357368ec68b727c65
u03-s013-v006,question,optionAnalysis[2].reason,40,104,3aa5058fac1e5f7bd06c31f19c5475c94ad1a9569ad291bf8766ffe755e081ac
u03-s013-v006,question,optionAnalysis[3].choice,10,26,d17e5304b80612c4ce9f894e226b47def568e688c693367754115698ec809584
u03-s013-v006,question,optionAnalysis[3].reason,13,33,d57d62cfe7090776cc05bba47b9281c0f9d9d4708415a6693f463f3d76fed2d4
u03-s013-v006,question,commonMistake,10,30,ebb3cbb82305da9774760f6964e3d9943350fc53bff32683c04b9131ce4a6e20
u03-s013-v006,question,concept,11,33,93dcd7a936da4a52707e5a5079e8528867c403aa1bb7da66abf702c39416fb99
u03-s013-v006,question,tags[0],2,6,32f6541b44ed479dbf6cc8c7dd98824e49e03974d72ad8b65c33383a9cbb349f
u03-s013-v006,question,tags[1],7,21,bdb072f64c78bf37487d384217b38bde25f5a6abf190ed0a703492d1bc3951cd
u03-s013-v006,question,tags[2],8,8,fe6d3468cf5c74d8ec2a95b40f2e05338c37a4202f8fad692d2b64a9cf9b468a
u03-s013-v006,question,estimatedTimeSec,2,2,f369cb89fc627e668987007d121ed1eacdc01db9e28f8bb26f358b7d8c4f08ac
u03-s013-v006,question,prerequisiteSkillIds[0],36,36,ab55f46b30f80baee275a7157304db8c22ba597d44a562fd57010de35f811ea2
u03-s013-v006,question,authoringIntent,12,36,96de46796751a9bd160643740dbbede61e5abf888dcb546f46ad043598268082
u03-s013-v006,question,reviewStatus,22,22,ec809598e2f7fcc69fad54c9cd045bba62b4a0dc7c0ff90d4efdc3788c9ad8fb
u03-s013-v006,question,contentSha256,64,64,362967c8a190220775b41d7f4ca78d83d946f3ea6e9e6a2b6ce909416973c526
u03-s013-v006,question,contentAuthority,25,25,ed40f75ffe3d6ad4e71f6e7919d063410490de360edb425965eccd605ca9d79e
u03-s013-v006,question,legacyContentDisposition,39,39,2efcc87c0c9673d2efe77735ae75582eb178c880b07035d8695f010e324b7c71
u03-s013-v007,question,questionId,13,13,76bc4d6feeeec4109f16d62b1ad9638664ad50121651dfe12a591dfca7e1c558
u03-s013-v007,question,unitId,3,3,97ce842ec69dee17c1842918e63b9d4042fa4b35007146dcfb80a09c5000888a
u03-s013-v007,question,topicId,29,29,16eba8e6421b4779da94d46faca02d25b8d4852d17812a4e18690b3125d5c87a
u03-s013-v007,question,skillId,30,30,e0866261f060c5a853dccab8412e388f208583a57267cff00685eb06fda5c38e
u03-s013-v007,question,difficulty,8,8,d21f85ea38166303ce58e06134b5cc4a5c900c409ab2a500ff7c9225109a09bb
u03-s013-v007,question,type,2,2,6bc0f9c4ecb0acbebf1b9f6c816bdd66f4885f67c917d9e141cf893014fba936
u03-s013-v007,question,visualMode,9,9,9c7d54b0bf7a9369d8594201c7b11955514343809d09fbec33966c1fd9794015
u03-s013-v007,question,sourceScope,19,19,a4b669ddb8ef1883391c07a7b633f12eeaeecee7ec37c09eea4931aff6644346
u03-s013-v007,question,text,29,79,9ddac47a73322e9733656aa2c894fc7fb431238bb04fca67d620fa25f08d31c3
u03-s013-v007,question,choices[0],12,32,c4369e389113e9f3927945ea0bbc57cfc40c1ab8c56841fe6fd19baa8e67dc4c
u03-s013-v007,question,choices[1],12,36,ee55e98664d63f96d23bfb72bff90c66cdf967f88f79ccab90ba401c79409a28
u03-s013-v007,question,choices[2],12,36,ca1acefa26fe209bf0b0f509ccead1dde4da7f2101127fe5c39d436718e7aa3c
u03-s013-v007,question,choices[3],16,42,76c036bd3d7f671fb897ad62cf74992db27727b992c5dccdfb884064c4562053
u03-s013-v007,question,explanation,43,123,151d157f1671f6e878c12396f8e8e699c2b8a77284f0717befd88e8fd2477dff
u03-s013-v007,question,steps[0],7,21,c353b3fc5411264350ee2f27ed1c1d45bb9ca72ea0c2dfbbd9772c37a95861f3
u03-s013-v007,question,steps[1],4,12,d4e73d880b156840a53fef6561b06c8c78d95931e09b1e116cc85682511b9bee
u03-s013-v007,question,steps[2],5,15,a1084746a89b01fa7b531794c76d79413bdb19c65efcde00bed4cb0e658bec59
u03-s013-v007,question,optionAnalysis[0].choice,12,32,c4369e389113e9f3927945ea0bbc57cfc40c1ab8c56841fe6fd19baa8e67dc4c
u03-s013-v007,question,optionAnalysis[0].reason,11,29,8b875addca8ccf78bb1c0f59f17c774ad844625fceee12b9882403268ddc0c95
u03-s013-v007,question,optionAnalysis[1].choice,12,36,ee55e98664d63f96d23bfb72bff90c66cdf967f88f79ccab90ba401c79409a28
u03-s013-v007,question,optionAnalysis[1].reason,8,24,59f74266a62cfddbad8247fc2115c0f912829d5711cddc90625335c050ad3d67
u03-s013-v007,question,optionAnalysis[2].choice,12,36,ca1acefa26fe209bf0b0f509ccead1dde4da7f2101127fe5c39d436718e7aa3c
u03-s013-v007,question,optionAnalysis[2].reason,9,27,53a98334568e8bbcbeff4074c3e4ee2a43782012ef27d5ee74579e73e4a25362
u03-s013-v007,question,optionAnalysis[3].choice,16,42,76c036bd3d7f671fb897ad62cf74992db27727b992c5dccdfb884064c4562053
u03-s013-v007,question,optionAnalysis[3].reason,38,108,c5e1740609bed86feefcbc21ad6243b8771e454fc4f9b4753c82789af7fdbe38
u03-s013-v007,question,commonMistake,14,42,632a6d1c30a921e376073ff8c2442ea4d246a8e0f51724a0627a716c3d4bcb1b
u03-s013-v007,question,concept,11,33,b5b74a6b771b088c9aa85ec17e70bcb59f545814c98d3e1d973b07d5826c5896
u03-s013-v007,question,tags[0],2,6,32f6541b44ed479dbf6cc8c7dd98824e49e03974d72ad8b65c33383a9cbb349f
u03-s013-v007,question,tags[1],7,21,bdb072f64c78bf37487d384217b38bde25f5a6abf190ed0a703492d1bc3951cd
u03-s013-v007,question,tags[2],8,8,d21f85ea38166303ce58e06134b5cc4a5c900c409ab2a500ff7c9225109a09bb
u03-s013-v007,question,estimatedTimeSec,2,2,f369cb89fc627e668987007d121ed1eacdc01db9e28f8bb26f358b7d8c4f08ac
u03-s013-v007,question,prerequisiteSkillIds[0],36,36,ab55f46b30f80baee275a7157304db8c22ba597d44a562fd57010de35f811ea2
u03-s013-v007,question,authoringIntent,10,30,f28d09abc6b44b04bceae0d0f8f47dea1022a97eef7a09839eed96991a08468b
u03-s013-v007,question,reviewStatus,22,22,ec809598e2f7fcc69fad54c9cd045bba62b4a0dc7c0ff90d4efdc3788c9ad8fb
u03-s013-v007,question,contentSha256,64,64,e560cd7ca11be9bd1a326abf8e58b4050d123d9203d2b2fc1fbaed227aceecd1
u03-s013-v007,question,contentAuthority,25,25,ed40f75ffe3d6ad4e71f6e7919d063410490de360edb425965eccd605ca9d79e
u03-s013-v007,question,legacyContentDisposition,39,39,2efcc87c0c9673d2efe77735ae75582eb178c880b07035d8695f010e324b7c71
u03-s013-v008,question,questionId,13,13,d9b4db8617085e4556e9751879472ae2b06286e299a02d23b20a8035b6bf602d
u03-s013-v008,question,unitId,3,3,97ce842ec69dee17c1842918e63b9d4042fa4b35007146dcfb80a09c5000888a
u03-s013-v008,question,topicId,29,29,16eba8e6421b4779da94d46faca02d25b8d4852d17812a4e18690b3125d5c87a
u03-s013-v008,question,skillId,30,30,e0866261f060c5a853dccab8412e388f208583a57267cff00685eb06fda5c38e
u03-s013-v008,question,difficulty,8,8,d21f85ea38166303ce58e06134b5cc4a5c900c409ab2a500ff7c9225109a09bb
u03-s013-v008,question,type,2,2,6bc0f9c4ecb0acbebf1b9f6c816bdd66f4885f67c917d9e141cf893014fba936
u03-s013-v008,question,visualMode,9,9,9c7d54b0bf7a9369d8594201c7b11955514343809d09fbec33966c1fd9794015
u03-s013-v008,question,sourceScope,19,19,a4b669ddb8ef1883391c07a7b633f12eeaeecee7ec37c09eea4931aff6644346
u03-s013-v008,question,text,27,69,c7b2b4d377b0d57169555a3377de403a1a28a7542b827242cf998d3b0b5feee8
u03-s013-v008,question,choices[0],9,27,81bf506c438743361e249463f55b8ae1c9ab8e2d6b75b0e65e62fb2b048556ef
u03-s013-v008,question,choices[1],12,34,b8c178d0cc065c746f874859648d6f0118d85c276965c2d47c13ed689791673e
u03-s013-v008,question,choices[2],7,17,4bb86a4be01821d22fc015119b5802bb36bc5628ba1a76da3ac4a1af06ff29bd
u03-s013-v008,question,choices[3],8,20,d7d1b94ff6834e6526ddfdb10a7fa24de8760e4e7d3cab30e72921b35f8d1ef9
u03-s013-v008,question,explanation,39,113,3691adfeb506a0e5e21898545d5adbde13931e70b7a4c613511a94e7f4b6516f
u03-s013-v008,question,steps[0],10,30,c0f131d2c3de394cb3f2d1e66f6dadf215a628a251b8d4f1731b612473759a5b
u03-s013-v008,question,steps[1],5,11,174c04721e7c44db54b7f5b2f7f49fef63b4bc696a9c7cff4a00a35ba7b76b66
u03-s013-v008,question,steps[2],4,12,db15356006af30683969430067ba158798c3f9580a4edead43eabc88739853fd
u03-s013-v008,question,optionAnalysis[0].choice,9,27,81bf506c438743361e249463f55b8ae1c9ab8e2d6b75b0e65e62fb2b048556ef
u03-s013-v008,question,optionAnalysis[0].reason,47,131,90a3234cebc20d2b24cc7092423558e134dba650ef226fc37b49c8f58b015470
u03-s013-v008,question,optionAnalysis[1].choice,12,34,b8c178d0cc065c746f874859648d6f0118d85c276965c2d47c13ed689791673e
u03-s013-v008,question,optionAnalysis[1].reason,7,21,a84d8f8d74dec3d02a4c88258b5602cfc0e69b614cd5ad49f6c9a74e939caf37
u03-s013-v008,question,optionAnalysis[2].choice,7,17,4bb86a4be01821d22fc015119b5802bb36bc5628ba1a76da3ac4a1af06ff29bd
u03-s013-v008,question,optionAnalysis[2].reason,10,28,ef7d309f81ff7212301b034b8c12935468ef25c6e92950e0595f32d74feb4402
u03-s013-v008,question,optionAnalysis[3].choice,8,20,d7d1b94ff6834e6526ddfdb10a7fa24de8760e4e7d3cab30e72921b35f8d1ef9
u03-s013-v008,question,optionAnalysis[3].reason,9,27,e25a974594f7f95dc61d57ba9bf5b7ce16221635fd9ffc8e5bdeba91fa3e0129
u03-s013-v008,question,commonMistake,7,21,1f577673aee3f45b83c0eb995ff517727c8caaea56ec8610e01e055ed39934bf
u03-s013-v008,question,concept,13,39,589a3195d32afe62da93cdc493dbb707295d567c09b62adc60fa2b7cd4339343
u03-s013-v008,question,tags[0],2,6,32f6541b44ed479dbf6cc8c7dd98824e49e03974d72ad8b65c33383a9cbb349f
u03-s013-v008,question,tags[1],7,21,bdb072f64c78bf37487d384217b38bde25f5a6abf190ed0a703492d1bc3951cd
u03-s013-v008,question,tags[2],8,8,d21f85ea38166303ce58e06134b5cc4a5c900c409ab2a500ff7c9225109a09bb
u03-s013-v008,question,estimatedTimeSec,2,2,f369cb89fc627e668987007d121ed1eacdc01db9e28f8bb26f358b7d8c4f08ac
u03-s013-v008,question,prerequisiteSkillIds[0],36,36,ab55f46b30f80baee275a7157304db8c22ba597d44a562fd57010de35f811ea2
u03-s013-v008,question,authoringIntent,12,36,6223224617f00ecfdcab46a9e9c98320e30d7cf792ef5e6484536d89932815b6
u03-s013-v008,question,reviewStatus,22,22,ec809598e2f7fcc69fad54c9cd045bba62b4a0dc7c0ff90d4efdc3788c9ad8fb
u03-s013-v008,question,contentSha256,64,64,4af23c966d0cb7339121d8733ee954ecb5f19b883f1b0c54b8fc133f133757a1
u03-s013-v008,question,contentAuthority,25,25,ed40f75ffe3d6ad4e71f6e7919d063410490de360edb425965eccd605ca9d79e
u03-s013-v008,question,legacyContentDisposition,39,39,2efcc87c0c9673d2efe77735ae75582eb178c880b07035d8695f010e324b7c71
u03-s013-v009,question,questionId,13,13,5b74b60a3762d171830e8aa0411f200f307b935ea7a63aa112e1985566653122
u03-s013-v009,question,unitId,3,3,97ce842ec69dee17c1842918e63b9d4042fa4b35007146dcfb80a09c5000888a
u03-s013-v009,question,topicId,29,29,16eba8e6421b4779da94d46faca02d25b8d4852d17812a4e18690b3125d5c87a
u03-s013-v009,question,skillId,30,30,e0866261f060c5a853dccab8412e388f208583a57267cff00685eb06fda5c38e
u03-s013-v009,question,difficulty,8,8,d21f85ea38166303ce58e06134b5cc4a5c900c409ab2a500ff7c9225109a09bb
u03-s013-v009,question,type,2,2,6bc0f9c4ecb0acbebf1b9f6c816bdd66f4885f67c917d9e141cf893014fba936
u03-s013-v009,question,visualMode,9,9,9c7d54b0bf7a9369d8594201c7b11955514343809d09fbec33966c1fd9794015
u03-s013-v009,question,sourceScope,19,19,a4b669ddb8ef1883391c07a7b633f12eeaeecee7ec37c09eea4931aff6644346
u03-s013-v009,question,text,40,96,f42f293d5492530f74946fa17b6399a910eec96358a25ed5d13ae968a8f7de03
u03-s013-v009,question,choices[0],10,30,2219241ec284db1adf5b45c57adebe93b021e661f2572aa5b1265a05c78b5420
u03-s013-v009,question,choices[1],6,16,cc55192a5617483a9cfc10c2b995f159ba54770c1784881a74e509c20bcb4a47
u03-s013-v009,question,choices[2],2,6,74b8e9f6cf0536d58a376c9907477dd9d2e662fb5bea956357368ec68b727c65
u03-s013-v009,question,choices[3],8,18,a2fd085ee4f0cbe81e422a604a47bbe9035982c43adef7417fec65eb74b22c96
u03-s013-v009,question,explanation,35,97,28a2d06b6141a7d819a2881dc7b83657a5c3878269d7279c4b5ee60c5fce30fa
u03-s013-v009,question,steps[0],6,18,e7f10448240ec0d653972b8acaff5e27e1f923dae3d6e15c4cded9bfba1359b2
u03-s013-v009,question,steps[1],6,18,e4fc777c495841b2fcc366135bc89c6740b9fe540d2c1b9e482512a2cffc78a8
u03-s013-v009,question,steps[2],10,22,86d84f3ddf7256e05b794f56589cb5ec46a2a7e6e092685409135e2f793eac4a
u03-s013-v009,question,optionAnalysis[0].choice,10,30,2219241ec284db1adf5b45c57adebe93b021e661f2572aa5b1265a05c78b5420
u03-s013-v009,question,optionAnalysis[0].reason,7,21,7e7c1b2baba5d19468f193e31309df6733882fa3b564e3ba5a40c196d640090d
u03-s013-v009,question,optionAnalysis[1].choice,6,16,cc55192a5617483a9cfc10c2b995f159ba54770c1784881a74e509c20bcb4a47
u03-s013-v009,question,optionAnalysis[1].reason,9,27,10518cd456d8b77f45944485e5341281f1a8835241a695fd0a1c0436898fb46f
u03-s013-v009,question,optionAnalysis[2].choice,2,6,74b8e9f6cf0536d58a376c9907477dd9d2e662fb5bea956357368ec68b727c65
u03-s013-v009,question,optionAnalysis[2].reason,42,108,33d7d8b99c445415c792299efd5a640ce1c291b462c4ecc0e18ab483799dc888
u03-s013-v009,question,optionAnalysis[3].choice,8,18,a2fd085ee4f0cbe81e422a604a47bbe9035982c43adef7417fec65eb74b22c96
u03-s013-v009,question,optionAnalysis[3].reason,11,27,db1a5d4823f76a0794b0a9bff999ac56f5418507cc8330c346a16c3119a51b3b
u03-s013-v009,question,commonMistake,12,36,ca2923bedacb09d129db36387db8c67ecb322fd24218cabf7835592bc77b60e3
u03-s013-v009,question,concept,9,27,9f0d0052f286218a939f90293c4c73e16ff69ad1f5fb49c6f48c6f518e8b366c
u03-s013-v009,question,tags[0],2,6,32f6541b44ed479dbf6cc8c7dd98824e49e03974d72ad8b65c33383a9cbb349f
u03-s013-v009,question,tags[1],7,21,bdb072f64c78bf37487d384217b38bde25f5a6abf190ed0a703492d1bc3951cd
u03-s013-v009,question,tags[2],8,8,d21f85ea38166303ce58e06134b5cc4a5c900c409ab2a500ff7c9225109a09bb
u03-s013-v009,question,estimatedTimeSec,2,2,f369cb89fc627e668987007d121ed1eacdc01db9e28f8bb26f358b7d8c4f08ac
u03-s013-v009,question,prerequisiteSkillIds[0],36,36,ab55f46b30f80baee275a7157304db8c22ba597d44a562fd57010de35f811ea2
u03-s013-v009,question,authoringIntent,10,30,310f4b58ace70b8145ead54979d82ce1ebaf04e7fda91d0bd7a94ca6087964e2
u03-s013-v009,question,reviewStatus,22,22,ec809598e2f7fcc69fad54c9cd045bba62b4a0dc7c0ff90d4efdc3788c9ad8fb
u03-s013-v009,question,contentSha256,64,64,6a03b3811e37e8d192b91c2f08bc4bd29d85dcfe21e475956d44545f661e47a3
u03-s013-v009,question,contentAuthority,25,25,ed40f75ffe3d6ad4e71f6e7919d063410490de360edb425965eccd605ca9d79e
u03-s013-v009,question,legacyContentDisposition,39,39,2efcc87c0c9673d2efe77735ae75582eb178c880b07035d8695f010e324b7c71
u03-s013-v010,question,questionId,13,13,0d2c003118b116ac07ad3533cfb1116fc8208a830e2d2af19c2bfc44bebe3e8b
u03-s013-v010,question,unitId,3,3,97ce842ec69dee17c1842918e63b9d4042fa4b35007146dcfb80a09c5000888a
u03-s013-v010,question,topicId,29,29,16eba8e6421b4779da94d46faca02d25b8d4852d17812a4e18690b3125d5c87a
u03-s013-v010,question,skillId,30,30,e0866261f060c5a853dccab8412e388f208583a57267cff00685eb06fda5c38e
u03-s013-v010,question,difficulty,8,8,578756ca4aa16d8872610a5aaa78460fd30fbe93379ff7284fe65d66ca606755
u03-s013-v010,question,type,2,2,6bc0f9c4ecb0acbebf1b9f6c816bdd66f4885f67c917d9e141cf893014fba936
u03-s013-v010,question,visualMode,9,9,9c7d54b0bf7a9369d8594201c7b11955514343809d09fbec33966c1fd9794015
u03-s013-v010,question,sourceScope,19,19,a4b669ddb8ef1883391c07a7b633f12eeaeecee7ec37c09eea4931aff6644346
u03-s013-v010,question,text,40,106,9e31ddf34c1c33f9902841517ec1f53fbc020a449986be03d512ad9505a2a356
u03-s013-v010,question,choices[0],12,28,c39333d6879953d5cd732e9b1bbf01cad8d18abae793b858115a93df0252be1f
u03-s013-v010,question,choices[1],7,17,f8667140d61cc467db2cb73858de6f03878864363e910b2517d02ea61ac06fb7
u03-s013-v010,question,choices[2],7,17,b7c55f8c49832af554e4e4bca40a0f731028ea50eb7ed793c3d0020d0830bd2a
u03-s013-v010,question,choices[3],11,33,7945f1c207b55715cd135bfd45e27e6c463d076349cd2303b7db11975f673cdf
u03-s013-v010,question,explanation,42,118,16d055d93aa40e62c39310980af8fabcffed749ffde72c0ae1a362825fc32131
u03-s013-v010,question,steps[0],9,27,221f627a7b14300f552ec57775284f0a4846bbcf1a21a0044e148c89d0336466
u03-s013-v010,question,steps[1],7,13,6ae6b453a2603b5e17ef86dd34e4401dffddb73e6f8b06a4c3573541b7c8ad2f
u03-s013-v010,question,steps[2],4,12,88fc6387e53005731be94562ee09772c70b0769d41285bccc4f904e6c54f6609
u03-s013-v010,question,optionAnalysis[0].choice,12,28,c39333d6879953d5cd732e9b1bbf01cad8d18abae793b858115a93df0252be1f
u03-s013-v010,question,optionAnalysis[0].reason,10,30,d71338da0485e802f4f28cb904152a68f30113e7a1c6fead58399cef353f7c6e
u03-s013-v010,question,optionAnalysis[1].choice,7,17,f8667140d61cc467db2cb73858de6f03878864363e910b2517d02ea61ac06fb7
u03-s013-v010,question,optionAnalysis[1].reason,8,20,bca2c96d047a92a9dadd88af43ce7b5448077d55076c226336ed014859f71936
u03-s013-v010,question,optionAnalysis[2].choice,7,17,b7c55f8c49832af554e4e4bca40a0f731028ea50eb7ed793c3d0020d0830bd2a
u03-s013-v010,question,optionAnalysis[2].reason,10,26,92ff447b5de0f9c0a29ac53b87b7a75c65dcdbf6cb2fc616ac46699ee83cec3d
u03-s013-v010,question,optionAnalysis[3].choice,11,33,7945f1c207b55715cd135bfd45e27e6c463d076349cd2303b7db11975f673cdf
u03-s013-v010,question,optionAnalysis[3].reason,47,131,2f279fb599743847c8f44d0a26711da6f17435d77d222d1ab0ba7d6893adce59
u03-s013-v010,question,commonMistake,12,36,17ac2b1ecbaadb91096d800740f27bf9a6e89ab4b5fc773776f6e0d50a812496
u03-s013-v010,question,concept,11,33,6515fbe65ac78d3b5cedfdfedc3cbf0606760eb64c9dc4d17c898b95ddd6c265
u03-s013-v010,question,tags[0],2,6,32f6541b44ed479dbf6cc8c7dd98824e49e03974d72ad8b65c33383a9cbb349f
u03-s013-v010,question,tags[1],7,21,bdb072f64c78bf37487d384217b38bde25f5a6abf190ed0a703492d1bc3951cd
u03-s013-v010,question,tags[2],8,8,578756ca4aa16d8872610a5aaa78460fd30fbe93379ff7284fe65d66ca606755
u03-s013-v010,question,estimatedTimeSec,2,2,f369cb89fc627e668987007d121ed1eacdc01db9e28f8bb26f358b7d8c4f08ac
u03-s013-v010,question,prerequisiteSkillIds[0],36,36,ab55f46b30f80baee275a7157304db8c22ba597d44a562fd57010de35f811ea2
u03-s013-v010,question,authoringIntent,12,36,6b02302a48259046b24c8e514fc9ee787f020730ea8cda6bd6835c717ccd347f
u03-s013-v010,question,literacyContextNecessity,30,90,0de1b330a6ef5eef35c5c96b890459c8954553a459949968d55e5007cc18dc53
u03-s013-v010,question,reviewStatus,22,22,ec809598e2f7fcc69fad54c9cd045bba62b4a0dc7c0ff90d4efdc3788c9ad8fb
u03-s013-v010,question,contentSha256,64,64,1c5d12de3209ce41d66b1bd1d0884768682638c4c44b7960146fea91a9b618b3
u03-s013-v010,question,contentAuthority,25,25,ed40f75ffe3d6ad4e71f6e7919d063410490de360edb425965eccd605ca9d79e
u03-s013-v010,question,legacyContentDisposition,39,39,2efcc87c0c9673d2efe77735ae75582eb178c880b07035d8695f010e324b7c71
u03-s013-v011,question,questionId,13,13,8ed30a6796a9daf895a3d801ba8a0d291d985e223a8cf6358012d2bbfa6ba683
u03-s013-v011,question,unitId,3,3,97ce842ec69dee17c1842918e63b9d4042fa4b35007146dcfb80a09c5000888a
u03-s013-v011,question,topicId,29,29,16eba8e6421b4779da94d46faca02d25b8d4852d17812a4e18690b3125d5c87a
u03-s013-v011,question,skillId,30,30,e0866261f060c5a853dccab8412e388f208583a57267cff00685eb06fda5c38e
u03-s013-v011,question,difficulty,8,8,578756ca4aa16d8872610a5aaa78460fd30fbe93379ff7284fe65d66ca606755
u03-s013-v011,question,type,2,2,6bc0f9c4ecb0acbebf1b9f6c816bdd66f4885f67c917d9e141cf893014fba936
u03-s013-v011,question,visualMode,9,9,9c7d54b0bf7a9369d8594201c7b11955514343809d09fbec33966c1fd9794015
u03-s013-v011,question,sourceScope,19,19,a4b669ddb8ef1883391c07a7b633f12eeaeecee7ec37c09eea4931aff6644346
u03-s013-v011,question,text,35,95,b9f0511395c418e734e99c803efc01d1a22abf591b61089cd24f1d819795cee6
u03-s013-v011,question,choices[0],2,6,74b8e9f6cf0536d58a376c9907477dd9d2e662fb5bea956357368ec68b727c65
u03-s013-v011,question,choices[1],10,30,7087723798de533899464a7176cf6d459c7668b08819aa1e4073434f2d0a8d42
u03-s013-v011,question,choices[2],7,19,5d9efc85446fa3b931f851f678628364d9967a70b8ed05ce885f606138aea0ad
u03-s013-v011,question,choices[3],8,20,7b3ec06a57ed17057eb7181f0eaccb6633a2374a4ed23886b7e87526acadeb94
u03-s013-v011,question,explanation,36,96,0448da53d41e6dd09d353bc3d2735131dc818f2f2880d1dbe721a4da130c6eaf
u03-s013-v011,question,steps[0],12,24,02382cccf4f8a75360c63fb4270d893388d2357f3121cc18f33b5f65c8e8c561
u03-s013-v011,question,steps[1],7,21,ad5af77dca31a375ff8c8af96bddc3fef134e11574ca12cba704403f442e25c5
u03-s013-v011,question,steps[2],4,12,1a1b23fad279fb3f631bf7e7842a58160d4524b008d1c9be8ec037949dade947
u03-s013-v011,question,optionAnalysis[0].choice,2,6,74b8e9f6cf0536d58a376c9907477dd9d2e662fb5bea956357368ec68b727c65
u03-s013-v011,question,optionAnalysis[0].reason,41,109,f88415fdaa07f2c579f397fd612cb5e56db4d8a5c9574cbdfcff8864467cec0e
u03-s013-v011,question,optionAnalysis[1].choice,10,30,7087723798de533899464a7176cf6d459c7668b08819aa1e4073434f2d0a8d42
u03-s013-v011,question,optionAnalysis[1].reason,8,24,9a9864ce9dbc15f26ac6dabf5c13ed86214a6e087e922a6a97aba415a58e5aaa
u03-s013-v011,question,optionAnalysis[2].choice,7,19,5d9efc85446fa3b931f851f678628364d9967a70b8ed05ce885f606138aea0ad
u03-s013-v011,question,optionAnalysis[2].reason,7,21,831be8e0163922056c621e0b5fc5e6a9adb83d4eeb89cd3439e581244cd47ea6
u03-s013-v011,question,optionAnalysis[3].choice,8,20,7b3ec06a57ed17057eb7181f0eaccb6633a2374a4ed23886b7e87526acadeb94
u03-s013-v011,question,optionAnalysis[3].reason,12,26,12dd5ade14e5de541ecb9f95c079bc1d0482aad154cb071c6997a0ad5dc6777c
u03-s013-v011,question,commonMistake,13,29,eff443749c9791f3c63d2c2efc67f37f891f9810e0a49c7d04e2fe63e15b8a4f
u03-s013-v011,question,concept,12,36,683d65d3a53d8a3c60a2993dbeea89d58bd2b471cea6a6afa5e170b0f1fe495e
u03-s013-v011,question,tags[0],2,6,32f6541b44ed479dbf6cc8c7dd98824e49e03974d72ad8b65c33383a9cbb349f
u03-s013-v011,question,tags[1],7,21,bdb072f64c78bf37487d384217b38bde25f5a6abf190ed0a703492d1bc3951cd
u03-s013-v011,question,tags[2],8,8,578756ca4aa16d8872610a5aaa78460fd30fbe93379ff7284fe65d66ca606755
u03-s013-v011,question,estimatedTimeSec,2,2,f369cb89fc627e668987007d121ed1eacdc01db9e28f8bb26f358b7d8c4f08ac
u03-s013-v011,question,prerequisiteSkillIds[0],36,36,ab55f46b30f80baee275a7157304db8c22ba597d44a562fd57010de35f811ea2
u03-s013-v011,question,authoringIntent,12,36,cb3e357b445b1a9ea072e86d9d4b17fa3131631bf1afd7a1f41c7317ab73724e
u03-s013-v011,question,literacyContextNecessity,29,81,54851f09336d61ba88838926627bf7131d6bde8b69735496fa45fd6fcdd5d4ec
u03-s013-v011,question,reviewStatus,22,22,ec809598e2f7fcc69fad54c9cd045bba62b4a0dc7c0ff90d4efdc3788c9ad8fb
u03-s013-v011,question,contentSha256,64,64,d1cc28d6d00699dbe62c13dfa906a98cb1bcf723dd4fe2f696d22237906c044c
u03-s013-v011,question,contentAuthority,25,25,ed40f75ffe3d6ad4e71f6e7919d063410490de360edb425965eccd605ca9d79e
u03-s013-v011,question,legacyContentDisposition,39,39,2efcc87c0c9673d2efe77735ae75582eb178c880b07035d8695f010e324b7c71
u03-s013-v012,question,questionId,13,13,300f117c1daf6e3fac972ae3b98af2f2dc4ff02af712eb4abaa92f0275967d33
u03-s013-v012,question,unitId,3,3,97ce842ec69dee17c1842918e63b9d4042fa4b35007146dcfb80a09c5000888a
u03-s013-v012,question,topicId,29,29,16eba8e6421b4779da94d46faca02d25b8d4852d17812a4e18690b3125d5c87a
u03-s013-v012,question,skillId,30,30,e0866261f060c5a853dccab8412e388f208583a57267cff00685eb06fda5c38e
u03-s013-v012,question,difficulty,8,8,578756ca4aa16d8872610a5aaa78460fd30fbe93379ff7284fe65d66ca606755
u03-s013-v012,question,type,2,2,6bc0f9c4ecb0acbebf1b9f6c816bdd66f4885f67c917d9e141cf893014fba936
u03-s013-v012,question,visualMode,9,9,9c7d54b0bf7a9369d8594201c7b11955514343809d09fbec33966c1fd9794015
u03-s013-v012,question,sourceScope,19,19,a4b669ddb8ef1883391c07a7b633f12eeaeecee7ec37c09eea4931aff6644346
u03-s013-v012,question,text,42,106,a098f741f891e23f42d0f68f7e37e98029a26f1b0b516f48c60e5043af939902
u03-s013-v012,question,choices[0],13,31,46cebd4283ad9114d979b62190f5e9b069185cbacac90d5dc088ce8d271ffb82
u03-s013-v012,question,choices[1],12,30,2e55f90727d6439f1e9cc502d8661a03250c45b2dab2b63bbdc93f52851ebccb
u03-s013-v012,question,choices[2],13,25,04f6792ba009e418b82afc36f6bdbce4828087c8d491b085a1111b4e2b5079fd
u03-s013-v012,question,choices[3],12,28,8885f9eadabb62cbb46507fe4f6e97780ecc6cdb870637a43db538115f55cf4a
u03-s013-v012,question,explanation,56,117,d233aa7b8c24b1b688787fa4095666e7a305817c2dfa91c193f95d1a443af235
u03-s013-v012,question,steps[0],11,17,698f3fc94cdafaa01978586ceb13a631f1f52812780114c327aa9d69826e35c9
u03-s013-v012,question,steps[1],14,19,0dd451a9412c3e82eb0741554a5975385925facf394960ce2ca2adcbb8483b5c
u03-s013-v012,question,steps[2],8,18,2911c83cce586e741a08b3630025b7fb528b551cb428e1b70a00aab587558354
u03-s013-v012,question,optionAnalysis[0].choice,13,31,46cebd4283ad9114d979b62190f5e9b069185cbacac90d5dc088ce8d271ffb82
u03-s013-v012,question,optionAnalysis[0].reason,19,51,d872e5fedf990dfca3a84a34be0a4d06a7675c02d8b36e9af96a7ebea4bf9431
u03-s013-v012,question,optionAnalysis[1].choice,12,30,2e55f90727d6439f1e9cc502d8661a03250c45b2dab2b63bbdc93f52851ebccb
u03-s013-v012,question,optionAnalysis[1].reason,50,119,a9b031bb7603a80566a2eedba4961c35e4f15d057615b6a9a7594f8c60b679e7
u03-s013-v012,question,optionAnalysis[2].choice,13,25,04f6792ba009e418b82afc36f6bdbce4828087c8d491b085a1111b4e2b5079fd
u03-s013-v012,question,optionAnalysis[2].reason,11,19,e2d043cd39bf1886923223b77eb69d93fb03f575fcceb9f0990cce97d0532c80
u03-s013-v012,question,optionAnalysis[3].choice,12,28,8885f9eadabb62cbb46507fe4f6e97780ecc6cdb870637a43db538115f55cf4a
u03-s013-v012,question,optionAnalysis[3].reason,10,22,b56bb62939050a6ff3647e9d7a81f38090bc46374a23885b347b1ef660beff80
u03-s013-v012,question,commonMistake,13,39,6f937b02b641b4de9a3d6143f7f95b62acf6204076c4bc9e67be27c48ff22f6c
u03-s013-v012,question,concept,14,42,4029719961a6aca675bda0b629e63925b96a62316100570ebe333ccb62e2a085
u03-s013-v012,question,tags[0],2,6,32f6541b44ed479dbf6cc8c7dd98824e49e03974d72ad8b65c33383a9cbb349f
u03-s013-v012,question,tags[1],7,21,bdb072f64c78bf37487d384217b38bde25f5a6abf190ed0a703492d1bc3951cd
u03-s013-v012,question,tags[2],8,8,578756ca4aa16d8872610a5aaa78460fd30fbe93379ff7284fe65d66ca606755
u03-s013-v012,question,estimatedTimeSec,2,2,f369cb89fc627e668987007d121ed1eacdc01db9e28f8bb26f358b7d8c4f08ac
u03-s013-v012,question,prerequisiteSkillIds[0],36,36,ab55f46b30f80baee275a7157304db8c22ba597d44a562fd57010de35f811ea2
u03-s013-v012,question,authoringIntent,13,39,6dee3b8a295479e4bb6cbe1f20a5c4ac840e1c464aafc7db582101809a722c56
u03-s013-v012,question,literacyContextNecessity,42,110,0ab946cc93418aa2a75743f912960d15950bc22761e069d98bdc1b1db40a173d
u03-s013-v012,question,reviewStatus,22,22,ec809598e2f7fcc69fad54c9cd045bba62b4a0dc7c0ff90d4efdc3788c9ad8fb
u03-s013-v012,question,contentSha256,64,64,c8ece0cf3a87bf2a7adc0e509898a50390d67b4e2656255624ca3d433c17fa6d
u03-s013-v012,question,contentAuthority,25,25,ed40f75ffe3d6ad4e71f6e7919d063410490de360edb425965eccd605ca9d79e
u03-s013-v012,question,legacyContentDisposition,39,39,2efcc87c0c9673d2efe77735ae75582eb178c880b07035d8695f010e324b7c71
u03-s013-cr001,constructed-response,questionId,14,14,7a3f36a66a4eb7202c3afa097024d62b7a86c53bed28fc28c2f7d039a2fe984f
u03-s013-cr001,constructed-response,unitId,3,3,97ce842ec69dee17c1842918e63b9d4042fa4b35007146dcfb80a09c5000888a
u03-s013-cr001,constructed-response,topicId,29,29,16eba8e6421b4779da94d46faca02d25b8d4852d17812a4e18690b3125d5c87a
u03-s013-cr001,constructed-response,skillId,30,30,e0866261f060c5a853dccab8412e388f208583a57267cff00685eb06fda5c38e
u03-s013-cr001,constructed-response,difficulty,8,8,fe6d3468cf5c74d8ec2a95b40f2e05338c37a4202f8fad692d2b64a9cf9b468a
u03-s013-cr001,constructed-response,type,20,20,e519496c259191db041ac61161dbfadb673dd94a10a123ed7423adcf7968ae7c
u03-s013-cr001,constructed-response,visualMode,9,9,9c7d54b0bf7a9369d8594201c7b11955514343809d09fbec33966c1fd9794015
u03-s013-cr001,constructed-response,prompt,63,177,6896b72d89463a03fde6c641a167625822ecbfb96e7a2c1ce464781bd3895428
u03-s013-cr001,constructed-response,requiredWork[0],11,33,8a9a09f428cdcd7853800f00eb7ded6a29e9910b3bb1d15e6b449e44382de0a8
u03-s013-cr001,constructed-response,requiredWork[1],11,33,4c111a70595ac685b512cc238c14efba50f96cc42d4864aa4232b83e68780895
u03-s013-cr001,constructed-response,requiredWork[2],15,45,6764f6ae6603f397c2f4b0df4523a266fc4bf025065f1f73f48c9c619e23bcf4
u03-s013-cr001,constructed-response,fullCreditSolution[0],19,49,8ba1cb36515ff3cdd0ba349cd1dc022f452405eabbd91f2835fa32330386e60c
u03-s013-cr001,constructed-response,fullCreditSolution[1],30,90,69374dff09fee54bf5b502e5932119e9263ad179ee1c06710e92b533274cef09
u03-s013-cr001,constructed-response,fullCreditSolution[2],36,100,c16178d1ff1252bb597e8d0b2302b904bd7fb727d4f22ae84e0ab503f5202a1a
u03-s013-cr001,constructed-response,alternativeSolutions[0],24,64,ec973cc0e5d4fa346f0ec8d8932c1a8d5924c31a82310874d7ea612b0c7d2872
u03-s013-cr001,constructed-response,rubric[0].criteria,21,63,aa1296aa72ae2242e35413dfab5910460468c088078e60a8c4989cd7f2a5b0a1
u03-s013-cr001,constructed-response,rubric[1].criteria,16,48,390eaded32b9aa56b15ae14344177d1c81cd83042fac2589911b020834276f91
u03-s013-cr001,constructed-response,rubric[2].criteria,13,31,0d55fd3bc9e4c4fc6e72026a87f845f2ae855021ac8a7bbbfa9519bb0ee98fff
u03-s013-cr001,constructed-response,rubric[3].criteria,14,42,bfd39320b3bc03c80122e14f960f024fc5e8221cbb669767c94be02bd22d0dd9
u03-s013-cr001,constructed-response,scoringNotes[0],14,42,cd605206f033bf9eb77fb66a20ada03efaf449b4f0635fc98dd861265ef39c50
u03-s013-cr001,constructed-response,scoringNotes[1],25,75,a2c565e5172ae5430bb229f94ce51035aa7b17f1f115f704476e4c19fc1098cf
u03-s013-cr001,constructed-response,commonErrors[0],8,20,eaba0cde2d98ce6ea67520fe9e239649b070186bf54d482dd2bdce90a0482128
u03-s013-cr001,constructed-response,commonErrors[1],15,45,b471c42a15684455ad7cbb18dbca2c962858ca51efdfec109f420bde2e441c14
u03-s013-cr001,constructed-response,independentReview.derivedResult,10,22,926aba87d02a61f35ae135078af5f5aa41c67b69c3e48498bd6c0cd79b4b1de5
u03-s013-cr001,constructed-response,independentReview.ambiguity,26,78,4b9998d99f5ff6b4c48867707da30b5a75387690128c1a0e4fdc7f35be5f3c7a
u03-s013-cr001,constructed-response,independentReview.decision,4,4,d74ff0ee8da3b9806b18c877dbf29bbde50b5bd8e4dad7a3a725000feb82e8f1
u03-s013-cr001,constructed-response,contentSha256,64,64,02381f14f9ff88bfd903ebf50ca4d60492bc08ea5aea7f8b934f6114deb691a9
u03-s013-cr001,constructed-response,contentAuthority,25,25,ed40f75ffe3d6ad4e71f6e7919d063410490de360edb425965eccd605ca9d79e
u03-s013-cr001,constructed-response,legacyContentDisposition,39,39,2efcc87c0c9673d2efe77735ae75582eb178c880b07035d8695f010e324b7c71
u03-s013-cr002,constructed-response,questionId,14,14,2f69b6550998f8ba32be527cc3638e85ca1368aaeb711a07eab7b1dab09eb547
u03-s013-cr002,constructed-response,unitId,3,3,97ce842ec69dee17c1842918e63b9d4042fa4b35007146dcfb80a09c5000888a
u03-s013-cr002,constructed-response,topicId,29,29,16eba8e6421b4779da94d46faca02d25b8d4852d17812a4e18690b3125d5c87a
u03-s013-cr002,constructed-response,skillId,30,30,e0866261f060c5a853dccab8412e388f208583a57267cff00685eb06fda5c38e
u03-s013-cr002,constructed-response,difficulty,8,8,d21f85ea38166303ce58e06134b5cc4a5c900c409ab2a500ff7c9225109a09bb
u03-s013-cr002,constructed-response,type,20,20,e519496c259191db041ac61161dbfadb673dd94a10a123ed7423adcf7968ae7c
u03-s013-cr002,constructed-response,visualMode,9,9,9c7d54b0bf7a9369d8594201c7b11955514343809d09fbec33966c1fd9794015
u03-s013-cr002,constructed-response,prompt,60,160,56bbc279f9a3f62d483279ff2a4e9d53989f64ae2af51dd8ddef76fd8ac8f791
u03-s013-cr002,constructed-response,requiredWork[0],7,15,a55f50e8dd56e1347ff9194b188d5d06244aad924b34a9be44b2dee2599709a0
u03-s013-cr002,constructed-response,requiredWork[1],12,36,6b79b240e97441b754652d4aaf325478af4a0b139de78e6d669a734b6abe43c8
u03-s013-cr002,constructed-response,requiredWork[2],14,42,afe01749ddf606077f2f54bfb2bc96ee2fba9137fdb44afcba5fb9b53ca83573
u03-s013-cr002,constructed-response,fullCreditSolution[0],16,30,2e9654706b94bcff99b748e321c181e560f4278aa49ee050c897ce1f55340070
u03-s013-cr002,constructed-response,fullCreditSolution[1],25,69,a6d7a884580da2b28f3e05bc0fcf69e80862d9a003ebba24809c89c68e351e05
u03-s013-cr002,constructed-response,fullCreditSolution[2],19,55,5e3c4add0f898e778c43781474f8f813529b58cb98fd3e98f318681db7417446
u03-s013-cr002,constructed-response,alternativeSolutions[0],15,33,a5f71dbc0fc3e6739aa2a9f0cf0344a9044368952a6ee75be86ffe9fdfbce89f
u03-s013-cr002,constructed-response,rubric[0].criteria,18,54,d48a5ebfa268b6fdaf74762bc4326cfd5a3be88923bdf369be4505b0dae55fed
u03-s013-cr002,constructed-response,rubric[1].criteria,18,54,9a69c3f0f578450bbda0aacd221fecde4126ec6356738cd0942cb0761052247c
u03-s013-cr002,constructed-response,rubric[2].criteria,10,26,be402dde081257b0fe35d6eeb49b500fddc4e251cf22e5f162a3ffa717339a6a
u03-s013-cr002,constructed-response,rubric[3].criteria,11,33,8769bad94aa4b1592253074ec500d19d82c8c4cdccae9b7306d1feb08f483fb5
u03-s013-cr002,constructed-response,scoringNotes[0],14,42,cd605206f033bf9eb77fb66a20ada03efaf449b4f0635fc98dd861265ef39c50
u03-s013-cr002,constructed-response,scoringNotes[1],25,75,a2c565e5172ae5430bb229f94ce51035aa7b17f1f115f704476e4c19fc1098cf
u03-s013-cr002,constructed-response,commonErrors[0],7,21,2138f986707892d4cb1d672fef8bde2430bb5136d97abd517d4994d2baa827f7
u03-s013-cr002,constructed-response,commonErrors[1],8,20,25ce3ecd360f89294092be369d0a9f7a4f7a5c316500fa75ff5981316b80656e
u03-s013-cr002,constructed-response,independentReview.derivedResult,12,32,d9a7af6c3bffa6b77f6cdc1cb8736bb9e8c90021db73a03df89c33c7a90e274f
u03-s013-cr002,constructed-response,independentReview.ambiguity,26,78,4b9998d99f5ff6b4c48867707da30b5a75387690128c1a0e4fdc7f35be5f3c7a
u03-s013-cr002,constructed-response,independentReview.decision,4,4,d74ff0ee8da3b9806b18c877dbf29bbde50b5bd8e4dad7a3a725000feb82e8f1
u03-s013-cr002,constructed-response,contentSha256,64,64,19f5495e43119d763cec73a007ae141e44342e2de9ac7d0eff20c7de974c10d1
u03-s013-cr002,constructed-response,contentAuthority,25,25,ed40f75ffe3d6ad4e71f6e7919d063410490de360edb425965eccd605ca9d79e
u03-s013-cr002,constructed-response,legacyContentDisposition,39,39,2efcc87c0c9673d2efe77735ae75582eb178c880b07035d8695f010e324b7c71
u03-s014-lecture-r1,lecture,lectureId,19,19,baea9fdfc142bdeb1daa442e1d16820f8851fcb1922e0c138f66abb6f2604f67
u03-s014-lecture-r1,lecture,unitId,3,3,97ce842ec69dee17c1842918e63b9d4042fa4b35007146dcfb80a09c5000888a
u03-s014-lecture-r1,lecture,topicId,29,29,16eba8e6421b4779da94d46faca02d25b8d4852d17812a4e18690b3125d5c87a
u03-s014-lecture-r1,lecture,skillId,31,31,7f8889f2ddb573029fc2d46a6c1780b97d99ae2e32420e8f3c82bbe376d8dc4d
u03-s014-lecture-r1,lecture,title,20,60,04756323e50ec2b466fff06b2c6c28941059bded96379ccae9900ee367d11812
u03-s014-lecture-r1,lecture,audience,10,30,e6b4416fbd9f36797de01256b31a4d6f6314e126fde8495e25792c814f64fc5f
u03-s014-lecture-r1,lecture,reviewStatus,22,22,ec809598e2f7fcc69fad54c9cd045bba62b4a0dc7c0ff90d4efdc3788c9ad8fb
u03-s014-lecture-r1,lecture,learningOutcomes[0],15,45,7c68f23fd98cdc922b7f7ff1b9b48465639a1d6526ee234d8024a822b9315188
u03-s014-lecture-r1,lecture,learningOutcomes[1],12,36,bfd9c61f6d16ae740d98ed49b15dfde000bb37e8dde8ea901ce7bd7a8e5dbe31
u03-s014-lecture-r1,lecture,learningOutcomes[2],16,48,b221eb853bac324f4dba7d14b763212df09f4172fb350b87c1a0c707edaf800b
u03-s014-lecture-r1,lecture,learningOutcomes[3],16,48,f9d33898a89a983277114e5df538a4c1ebc6788fe7fde2087c326744a79de705
u03-s014-lecture-r1,lecture,prerequisites[0].skillId,30,30,e0866261f060c5a853dccab8412e388f208583a57267cff00685eb06fda5c38e
u03-s014-lecture-r1,lecture,prerequisites[0].requiredLevel,24,72,50b992351a3e0984ce193e8bc081d1ce3f59f880aa40a8db23a05bb72865eac9
u03-s014-lecture-r1,lecture,glossary[0].term,3,9,cfbb8a1093c043e43f21d952ba0ccedd1a147f896b80f449ee5fd68c17175753
u03-s014-lecture-r1,lecture,glossary[0].definition,17,51,2d8c4bbf4f7812c28acc1f049839848b3f6f4c74900cc28fe5b7ad19ebbb5448
u03-s014-lecture-r1,lecture,glossary[1].term,3,9,9a01c2eaa956bf2dddace6987d4eec6401cfa8fab3e198bf563e63edfdafa703
u03-s014-lecture-r1,lecture,glossary[1].definition,15,45,0688dbddce489d11e003b7a9f5433dfce664010f9ddcd7ecaa5ceba0cec08012
u03-s014-lecture-r1,lecture,glossary[2].term,3,9,9bcd02a27726347811ebdfc55a0c9dd84c95884b6ffb979f4c382f2b8febdfd9
u03-s014-lecture-r1,lecture,glossary[2].definition,14,42,f5df274bcea187c305cde9d0cfbb60f0c391cc8c87fe20747200aa8489749760
u03-s014-lecture-r1,lecture,glossary[3].term,5,15,3a1e03565da3348de21b2b609bbfe6442c66fb552ed5c4f41c9e591480340a08
u03-s014-lecture-r1,lecture,glossary[3].definition,16,48,02b7d4fc3ff85a83f9149c6d4a1adfe845b59a5ef8cfc4a06fe66cbaefaf0258
u03-s014-lecture-r1,lecture,notation[0].symbol,9,9,7a40ca58fb9893248c918d7dfff2f5de3b12fedec4a027a3273212c4e8673a16
u03-s014-lecture-r1,lecture,notation[0].meaning,15,39,b5324078fc75138d91dc4f9b135f88515f15c1fa1255e90181cfb5dfefceba92
u03-s014-lecture-r1,lecture,notation[1].symbol,9,9,abe4559d9130a50b0fdaef0b3ccb347eefe771561aa7afe27d6e7aed4f97cfb1
u03-s014-lecture-r1,lecture,notation[1].meaning,8,24,47dbd13b062665543a8376a6ac9784c9d74ac18de4ed5111e0b40351818b35d8
u03-s014-lecture-r1,lecture,conceptNarrative[0],15,45,973aa74bb071327348a3590c96abb6a3f9c625a81225bb9a616195eb230e8630
u03-s014-lecture-r1,lecture,conceptNarrative[1],32,96,9169b42b981982785d50417d402b188ebd02d8bc0c4940f533254703fa6db073
u03-s014-lecture-r1,lecture,conceptNarrative[2],25,75,072b869f092f269e54a02f95e595224c490deba7869617b085d9a7766af4f6cd
u03-s014-lecture-r1,lecture,conceptNarrative[3],32,96,d269519faa1ce991b4dd9c4f70db01bcac2af707cc3a9626e44285f9ff11f966
u03-s014-lecture-r1,lecture,formalDefinitions[0].name,5,15,3e14a775d29228f911dfb0ab3afaea893fe9953bba662b6061d5f2398610ae63
u03-s014-lecture-r1,lecture,formalDefinitions[0].statement,16,43,e9c8296cc287ecbffea2849698bd5be43eedb33e09143ad875821788df1c15fc
u03-s014-lecture-r1,lecture,formalDefinitions[1].name,5,15,efaa2ead8a3c26be4bedee624cb3e759a8108ad506f3d0206095b1c1e40fe79c
u03-s014-lecture-r1,lecture,formalDefinitions[1].statement,10,12,11104408fe06e3791a48e8ea787d99e724226063185a0900ebacdcbd0b39e412
u03-s014-lecture-r1,lecture,formulas[0].formula,13,13,9572c6af097eb82270716506a301c29fcea0f24ada90c5a9bf187628bc351e52
u03-s014-lecture-r1,lecture,formulas[0].conditions[0],3,5,5b4b74b29c5909c7409636cfc56dde299f71a8f72a07704a38457ae37f386a94
u03-s014-lecture-r1,lecture,formulas[0].meaning,10,30,cbb0072e31f10ad27e370f4e2c477fbc2a26bd4ef3c749e91a2c2e60c1252359
u03-s014-lecture-r1,lecture,formulas[1].formula,22,22,0d1ed10eb5c97eaea4436ffc114ecbc5fbcf0f82b1a5b363797d296c1211c44a
u03-s014-lecture-r1,lecture,formulas[1].conditions[0],6,16,fd979bdb7e80fb0ca8b457c0b70c2ec47a0ffa719f96dec656d1a5c9e5f78a55
u03-s014-lecture-r1,lecture,formulas[1].meaning,5,15,810d924a7d7514c877dcbeb9ae00b4e4942ab2f8e618345190754fb34c4a74d9
u03-s014-lecture-r1,lecture,nonApplicableCases[0],19,57,b5d4b027bf74a6da0f4d92ee46404212aaeb8acccfa18977aa0282d181efd1b4
u03-s014-lecture-r1,lecture,nonApplicableCases[1],22,66,4249f62cc0fa97866f8796e41b0770e7aa95796bff39c2aa7a68406206585cf9
u03-s014-lecture-r1,lecture,nonApplicableCases[2],9,27,e59b40bcccc426853faefd8c4101ceb5dc2e58c6979d82651c262b40786653f7
u03-s014-lecture-r1,lecture,nonApplicableCases[3],17,51,8539ca8259649991950f440723f6c782146e58c3fc28ab3e8cf22b4560fce0e6
u03-s014-lecture-r1,lecture,method[0].instruction,14,42,3029dafd71347c210f70ee38fbf89203a933f34dbfa5ae29c1565acbb8add7a2
u03-s014-lecture-r1,lecture,method[0].check,11,33,66df513c5f48f66a988c00b072b98e037001f9a1fa57bf91832fca07064bdaef
u03-s014-lecture-r1,lecture,method[1].instruction,12,20,f6c85ea6a0a34fd7aa52f20e76b65064150e53386b4a5bf9b91947c934df6cdd
u03-s014-lecture-r1,lecture,method[1].check,11,31,1c78f669f3362d37b3e38351ce2d6d308c5fd1094a2d366bea9a7de958ee6f82
u03-s014-lecture-r1,lecture,method[2].instruction,15,27,c827c90c5c783ff6fdea2c6c071c34b003faf7883402a8bb56e2683abe85de4d
u03-s014-lecture-r1,lecture,method[2].check,10,30,975d9f4ecb2c1d0f2d984a2edf9f554213c8926fab9547a63033a5c8a5300594
u03-s014-lecture-r1,lecture,method[3].instruction,7,21,545d4e87dacdb2a953d287b2659c1de55fddac2a9e8d4ad96af77d057085e62b
u03-s014-lecture-r1,lecture,method[3].check,11,31,52777fbedd8126a6a772773c1a460d36c6d92a6bbb3191522a8e8a2746f943f6
u03-s014-lecture-r1,lecture,method[4].instruction,12,36,06fd8de99c9da36abac5229519481679e6dd11b94182812c00aeea06e75708ca
u03-s014-lecture-r1,lecture,method[4].check,10,30,bc7e7aeb820b920466dafc14df1abda17a5cfa242085c03549124148f4a8b1f8
u03-s014-lecture-r1,lecture,workedExamples[0].exampleId,2,2,dffe8596427fc50e8f64654a609af134d45552f18bbecef90b31135a9e7acaa0
u03-s014-lecture-r1,lecture,workedExamples[0].prompt,17,21,f8344eec2cd9c7f491c4ac5ee9167360632f95ef1b1fffe5743c8fd832f53b1a
u03-s014-lecture-r1,lecture,workedExamples[0].solutionSteps[0],6,18,bf5f56e1fdd6096923849326411dfdbabd2394effe4b428878614332b0ef598c
u03-s014-lecture-r1,lecture,workedExamples[0].solutionSteps[1],7,9,d38a02208b45ce2f202d2005e994b479570663e3d585673692ff4eef66744c57
u03-s014-lecture-r1,lecture,workedExamples[0].solutionSteps[2],5,7,df9fdc282c1f65f995bf66d9d5c5e12389239ee551e859f4fb6c8267bcca5ed1
u03-s014-lecture-r1,lecture,workedExamples[0].answer,6,14,7249cf1faa3081f818d7a86b943f0decfa248e645193b9dcef14e35c6bd03d1f
u03-s014-lecture-r1,lecture,workedExamples[1].exampleId,2,2,d76354d8457898445bb69e0dc0dc95fb74cc3cf334f8c1859162a16ad0041f8d
u03-s014-lecture-r1,lecture,workedExamples[1].prompt,17,21,95705fd01d3f07549d2d06e6e90388e20a2cc6fcb6685c1dcbe325625cea918c
u03-s014-lecture-r1,lecture,workedExamples[1].solutionSteps[0],6,18,e2322fce7ab4b6195bcb43e83b6b3aa9abbf21f7da7ebe2efb8d3393ae84e10b
u03-s014-lecture-r1,lecture,workedExamples[1].solutionSteps[1],8,18,395e9455a7110d05b3699ab4609ad16ffbbf09242ee8b52cef314e66b34a554b
u03-s014-lecture-r1,lecture,workedExamples[1].answer,9,21,ad090083e08241a4710e8b5aa72aada25ef1af8a8143329d18bbee0cdf8421e3
u03-s014-lecture-r1,lecture,workedExamples[2].exampleId,2,2,842983de8fb1d277a3fad5c8295c7a14317c458718a10c5a35b23e7f992a5c80
u03-s014-lecture-r1,lecture,workedExamples[2].prompt,16,28,686c94c8969a3af8a7d31b14d1d1e2d493e816b5d5c0abba98a10ee844dfd31c
u03-s014-lecture-r1,lecture,workedExamples[2].solutionSteps[0],8,10,461eaaf1c76f218302865cce5d6f0dc0238881f61fb934504eaa6f4cf595e4b6
u03-s014-lecture-r1,lecture,workedExamples[2].solutionSteps[1],4,6,4b73a5075f4fc19f10afa8dd5df0c5643c99b3a800af6b6158ba2e39fd62c446
u03-s014-lecture-r1,lecture,workedExamples[2].answer,5,13,dc2322686af2a2de1d790830e06dbe7c91a9d26bb19f859ff4f807c66511c317
u03-s014-lecture-r1,lecture,workedExamples[3].exampleId,2,2,4a5a97c6433c4c062457e9335709d57493e75527809d8a9586c141e591ac9f2c
u03-s014-lecture-r1,lecture,workedExamples[3].prompt,24,60,8fcd8abaee97429556cdeaa66fe839d02f988569c3f2e4a43273b5f382cceae0
u03-s014-lecture-r1,lecture,workedExamples[3].solutionSteps[0],15,37,7c7a6b14526e329c6951854251797298c6b7c58f16fab06cb865c63443891c76
u03-s014-lecture-r1,lecture,workedExamples[3].solutionSteps[1],12,30,550bd79c84e2ec8dd1f85f1d52a129986f6c00ad4aa89136322e22d194300eaf
u03-s014-lecture-r1,lecture,workedExamples[3].answer,7,11,1aec2d80d5156472ae4c4ad637a1f40c953af81baa13c29684c0ea2c20565c5e
u03-s014-lecture-r1,lecture,commonMistakes[0].mistake,9,27,12030b4016a9bfa261f93caacf1ad9779bee45990d848c4ed340470a8864e16f
u03-s014-lecture-r1,lecture,commonMistakes[0].why,13,39,33e2f49e5ad01b5831a81c274d1c324ecebf019c3a71c8d9b978fdd901bea386
u03-s014-lecture-r1,lecture,commonMistakes[0].correction,9,27,2a575b7e3d8a72f52cc3a0c7e8986528ad490a45944e1275bd6a50cbcbad5d06
u03-s014-lecture-r1,lecture,commonMistakes[1].mistake,9,27,d7cc8cd3bcd25f7846c25bd041ad9fbb56227cb506f9dee7f66ceda6faa84ddc
u03-s014-lecture-r1,lecture,commonMistakes[1].why,7,21,35f8a5e4dc2e2691e68eb7ad96e6a50695de9662f71a20ffb94e7d30bf533f09
u03-s014-lecture-r1,lecture,commonMistakes[1].correction,6,18,dc75d7a63c00edcaac8fa3b5837564007d59f6582e7cf4cb5431c96d89f3746b
u03-s014-lecture-r1,lecture,commonMistakes[2].mistake,11,33,afc180ebaa2764257cd533712b5759f75a72c7ac59d616ee3ccdb683a5e405aa
u03-s014-lecture-r1,lecture,commonMistakes[2].why,9,27,647cb0cae577a32442240157a61b0e2107369e1cff2f816ab6994ef162933c82
u03-s014-lecture-r1,lecture,commonMistakes[2].correction,6,16,8931a13c7fae9152ccdfb13904b4780c4c6ed5972a82503acd169abc34b9b3d8
u03-s014-lecture-r1,lecture,commonMistakes[3].mistake,12,36,c122ba35f1dcba464961083ab0df4b0a284d14a9d82495cf79f144e638958275
u03-s014-lecture-r1,lecture,commonMistakes[3].why,11,33,557cc5c015f4048bc15e630fea16ce4e8f16a809cdf20a63bc5781230bc614c2
u03-s014-lecture-r1,lecture,commonMistakes[3].correction,9,27,c01cab9f316fce391799f9409aaa831ee4582bc456941a00a801ff188e70a707
u03-s014-lecture-r1,lecture,commonMistakes[4].mistake,10,30,6dba946ccc7d57dccae63b893cb8093d8bc72f2558e01b9e6e10b1fa8877f78f
u03-s014-lecture-r1,lecture,commonMistakes[4].why,13,39,555a398133d4683363b313694164e4806c3f39a5e77f85942029e2ab3a7344bc
u03-s014-lecture-r1,lecture,commonMistakes[4].correction,6,18,febbad80d2ebb134eeb1290324e97c7475b9d814da01c677ef74e481ace033fb
u03-s014-lecture-r1,lecture,commonMistakes[5].mistake,11,33,b3fe6506798954f5b4834308d7bcf2311f91eae1aca6fb3f004fffcd24bcd176
u03-s014-lecture-r1,lecture,commonMistakes[5].why,8,24,d3cb9b7ada025cdd7107ff8e1c1f4b8a49b3d4d4acb7946d09de1148371a6e65
u03-s014-lecture-r1,lecture,commonMistakes[5].correction,12,36,7b241e7dd194c88711946bf37867a6d62daca155df16a22d58ef9d95c54ff54c
u03-s014-lecture-r1,lecture,selfCheck[0],12,36,3d2544475eae3bc18ba53972b5f74f76cd7ed1a8aaacd7c3be7982294f9a7bd8
u03-s014-lecture-r1,lecture,selfCheck[1],12,34,9e0bb710350909050f34b4e5ba211604ac0ae1a558c92162c2e43ad2fa5b2a23
u03-s014-lecture-r1,lecture,selfCheck[2],10,30,b5f3f9bf71de583b175dbd17743608179a07e291f225267aee005ab6df202988
u03-s014-lecture-r1,lecture,selfCheck[3],9,27,5814a8455c9bd6fb1c3dbe80e045c28316502fd91db459ec9276805f6b42aa4c
u03-s014-lecture-r1,lecture,selfCheck[4],13,39,dbb131642595e0240c12cbb4e6e179b0e92df5d89d5b568e81660128cc4958cd
u03-s014-lecture-r1,lecture,summary[0],15,40,2cd74ea18723b12d1112df30af42a9f424b695afa93370509fd4101938e20e41
u03-s014-lecture-r1,lecture,summary[1],11,33,c5adf3c08738c06d37e1bdeec563f3f2bf65c0574d75ee738a41fbee82f09a31
u03-s014-lecture-r1,lecture,summary[2],9,27,1a5bbe1ea8af01f3fbd2d4cadfc5df2b3a2b936eaececf24b68e35da4a8b3e10
u03-s014-lecture-r1,lecture,summary[3],11,33,2d2b1380c98cda260e4d1afead47d5dbda8212f638370abf2ece59c6ab8883ab
u03-s014-lecture-r1,lecture,connections.previous,25,75,f111de245720b44c00986488d9418b15447767269d7a2e723db9539b14ee8a11
u03-s014-lecture-r1,lecture,connections.next[0],22,66,a23224ff0cdadd06dbb52a297f49e06f69fcc27824aa3f720ea20e2652310073
u03-s014-lecture-r1,lecture,connections.next[1],21,63,ee102405c5e7f2837f5377dbca8227dbd6e9ce1d60997f0a79e6e2fa1ad27a8d
u03-s014-lecture-r1,lecture,practiceLinks.mcQuestionIds[0],13,13,d1d892aac6d2c190556b010fbd232576b596b943b18fe670a593d096db5964f0
u03-s014-lecture-r1,lecture,practiceLinks.mcQuestionIds[1],13,13,064930733dc8523f563f48626ac75d6912f2b901bd302c175d630538064a6f8f
u03-s014-lecture-r1,lecture,practiceLinks.mcQuestionIds[2],13,13,85e8f338bec03c7cfde8801ee8ef2103ab561a031bcb5bcae1e799ba9396e62b
u03-s014-lecture-r1,lecture,practiceLinks.mcQuestionIds[3],13,13,c98f1b18a4b5aba1f911fb308ed77d819affa515960dac810e4ccac21794bc12
u03-s014-lecture-r1,lecture,practiceLinks.mcQuestionIds[4],13,13,8c43a4e243dfff8259bcfbff0f69f54be1576ac1db320921008f2f9552e7b097
u03-s014-lecture-r1,lecture,practiceLinks.mcQuestionIds[5],13,13,7209844c803de6528f99a075f8fe26104f462d7aa2fdfce6539b4e19bb3d1756
u03-s014-lecture-r1,lecture,practiceLinks.mcQuestionIds[6],13,13,b358aec52e1881ccabb157bd9a070ccdb422967d49f82d126e32bbe3713faa60
u03-s014-lecture-r1,lecture,practiceLinks.mcQuestionIds[7],13,13,80664d8f60eb2b503423df7ef6039e95e3e29976c97b19fdf51f4e83b3c26ca1
u03-s014-lecture-r1,lecture,practiceLinks.mcQuestionIds[8],13,13,b60f37e23d08e0ff73394b376748d1a4f96c548481db777031a626548d0311b4
u03-s014-lecture-r1,lecture,practiceLinks.mcQuestionIds[9],13,13,2d5ce73ce543a7c1ca1030ebb2ace008521e95e4a4f9e2767f942d173afcae15
u03-s014-lecture-r1,lecture,practiceLinks.mcQuestionIds[10],13,13,af3bea38c864bb4210a2c3ff0e60ca892b5f6c66ad4d3a55c92bd8e8ddba2c42
u03-s014-lecture-r1,lecture,practiceLinks.mcQuestionIds[11],13,13,5201fe78f4cc733bb9aa289b3cbde840e63b1aa7176e9fcc4e06dde980db9198
u03-s014-lecture-r1,lecture,practiceLinks.constructedResponseIds[0],14,14,90acbd4c4f890b5baf970c3d952ab712ce6cd9c67837dc04df8c91b94d99e0c5
u03-s014-lecture-r1,lecture,practiceLinks.constructedResponseIds[1],14,14,f7b554f454b3508a706871f629db0d9601e900842562ff19530def7742c1670f
u03-s014-lecture-r1,lecture,lectureReview.mathematicalCorrectness,4,4,d74ff0ee8da3b9806b18c877dbf29bbde50b5bd8e4dad7a3a725000feb82e8f1
u03-s014-lecture-r1,lecture,lectureReview.zeroFoundationReadability,4,4,d74ff0ee8da3b9806b18c877dbf29bbde50b5bd8e4dad7a3a725000feb82e8f1
u03-s014-lecture-r1,lecture,lectureReview.scopeCheck,21,21,fdf8268f0373301b2fcc6331f1d8999b8aabea69681e8bc972ab9a21216a7606
u03-s014-lecture-r1,lecture,lectureReview.reviewNote,61,128,4084d8c293e3df13b17392705e15882d6a4d2452494a4a925900a10749a1fa64
u03-s014-lecture-r1,lecture,lectureReview.reviewVersion,25,25,413c3743bf06637b23333702bf9263e0db21fd6b3c3879070d877faca58db442
u03-s014-lecture-r1,lecture,lectureReview.reviewedAt,10,10,14158d45727526145ef514139eeb669eb54d613dbcffe524f099dbb71c9d8b08
u03-s014-lecture-r1,lecture,contentSha256,64,64,bb488861588349a9fade082c3cb6604f79be368dcd9664e949501989107fc569
u03-s014-lecture-r1,lecture,contentAuthority,25,25,ed40f75ffe3d6ad4e71f6e7919d063410490de360edb425965eccd605ca9d79e
u03-s014-lecture-r1,lecture,legacyContentDisposition,40,40,bb8421a43fb9d90c642b60311f091a34addbe10678daf757010d688c8c2a21b3
u03-s014-v001,question,questionId,13,13,d1d892aac6d2c190556b010fbd232576b596b943b18fe670a593d096db5964f0
u03-s014-v001,question,unitId,3,3,97ce842ec69dee17c1842918e63b9d4042fa4b35007146dcfb80a09c5000888a
u03-s014-v001,question,topicId,29,29,16eba8e6421b4779da94d46faca02d25b8d4852d17812a4e18690b3125d5c87a
u03-s014-v001,question,skillId,31,31,7f8889f2ddb573029fc2d46a6c1780b97d99ae2e32420e8f3c82bbe376d8dc4d
u03-s014-v001,question,difficulty,5,5,fbb7b5bf4ca348eeeebf8cc3660712859a5a1fbf18e83217a57ce203fb51d5c2
u03-s014-v001,question,type,2,2,6bc0f9c4ecb0acbebf1b9f6c816bdd66f4885f67c917d9e141cf893014fba936
u03-s014-v001,question,visualMode,9,9,9c7d54b0bf7a9369d8594201c7b11955514343809d09fbec33966c1fd9794015
u03-s014-v001,question,sourceScope,19,19,a4b669ddb8ef1883391c07a7b633f12eeaeecee7ec37c09eea4931aff6644346
u03-s014-v001,question,text,46,96,21a0f9354da95740b855d8b592b561514a0048f0d1bac0cba0517d3e688d60f1
u03-s014-v001,question,choices[0],2,2,6b51d431df5d7f141cbececcf79edf3dd861c3b4069f0b11661a3eefacbba918
u03-s014-v001,question,choices[1],1,1,2c624232cdd221771294dfbb310aca000a0df6ac8b66b696d90ef06fdefb64a3
u03-s014-v001,question,choices[2],2,2,4a44dc15364204a80fe80e9039455cc1608281820fe2b24f1e5233ade6af1dd5
u03-s014-v001,question,choices[3],2,2,8527a891e224136950ff32ca212b45bc93f69fbb801c3b1ebedac52775f99e61
u03-s014-v001,question,explanation,32,78,312b58342c26e8f8f760d724beb4052b37c9206a380aeb7dc7679fd4528ac2c9
u03-s014-v001,question,steps[0],6,18,a4cf180f29fb0d58a65d8e175babc334695280dfce3ca9ec7cc4d74f8027f8af
u03-s014-v001,question,steps[1],8,14,62ba2d9bd46e1f9a4298fe94e578c745a7c1ab3d4f5fdd75005362772fce6eaa
u03-s014-v001,question,steps[2],5,11,16df644f045ca1a1b16f963cd961dffc1a64a501a00c8bac3e6caa0cf1dc3629
u03-s014-v001,question,optionAnalysis[0].choice,2,2,6b51d431df5d7f141cbececcf79edf3dd861c3b4069f0b11661a3eefacbba918
u03-s014-v001,question,optionAnalysis[0].reason,39,69,49772e73661c0d3719262d684d1fd10da3ab87f3b892b050b72c6cad1cd6f19f
u03-s014-v001,question,optionAnalysis[1].choice,1,1,2c624232cdd221771294dfbb310aca000a0df6ac8b66b696d90ef06fdefb64a3
u03-s014-v001,question,optionAnalysis[1].reason,9,25,4fdd7b72824cab63811e8c0651e35f15849112104fcc03f95f98a431a781542f
u03-s014-v001,question,optionAnalysis[2].choice,2,2,4a44dc15364204a80fe80e9039455cc1608281820fe2b24f1e5233ade6af1dd5
u03-s014-v001,question,optionAnalysis[2].reason,17,27,47d2c99afebdcf689a2563438e4adc2779aa4f8f24dc4974ea95b20e0e5c2e93
u03-s014-v001,question,optionAnalysis[3].choice,2,2,8527a891e224136950ff32ca212b45bc93f69fbb801c3b1ebedac52775f99e61
u03-s014-v001,question,optionAnalysis[3].reason,10,24,a040909762547a0fca79ae283306757e5053dc417c391eb65a9a395a62d95e7d
u03-s014-v001,question,commonMistake,8,24,b4d294b4cf62363c779077b594f5a8a2664321b27bc038b4a3cceaf5904133b1
u03-s014-v001,question,concept,13,39,c8f688eeb7193bb28fd5776e96da35ce8fd6e89b2f683482b330f3ab765412a8
u03-s014-v001,question,tags[0],2,6,32f6541b44ed479dbf6cc8c7dd98824e49e03974d72ad8b65c33383a9cbb349f
u03-s014-v001,question,tags[1],6,18,5b36d8a943a9cdedba7b5989d72d09c1009f3649a54f600d5e31b4b499612c81
u03-s014-v001,question,tags[2],5,5,fbb7b5bf4ca348eeeebf8cc3660712859a5a1fbf18e83217a57ce203fb51d5c2
u03-s014-v001,question,estimatedTimeSec,2,2,f369cb89fc627e668987007d121ed1eacdc01db9e28f8bb26f358b7d8c4f08ac
u03-s014-v001,question,prerequisiteSkillIds[0],30,30,e0866261f060c5a853dccab8412e388f208583a57267cff00685eb06fda5c38e
u03-s014-v001,question,authoringIntent,11,33,dfa6a354e920092e3d75d8bd71adef2837d541fe07a7a0ed351e9e7ce2ec02ca
u03-s014-v001,question,reviewStatus,22,22,ec809598e2f7fcc69fad54c9cd045bba62b4a0dc7c0ff90d4efdc3788c9ad8fb
u03-s014-v001,question,contentSha256,64,64,0318c940cefdb2caae5790b4c21a06865ce98f42fe9e19a0da2bfcfef54f0dc2
u03-s014-v001,question,contentAuthority,25,25,ed40f75ffe3d6ad4e71f6e7919d063410490de360edb425965eccd605ca9d79e
u03-s014-v001,question,legacyContentDisposition,39,39,2efcc87c0c9673d2efe77735ae75582eb178c880b07035d8695f010e324b7c71
u03-s014-v002,question,questionId,13,13,064930733dc8523f563f48626ac75d6912f2b901bd302c175d630538064a6f8f
u03-s014-v002,question,unitId,3,3,97ce842ec69dee17c1842918e63b9d4042fa4b35007146dcfb80a09c5000888a
u03-s014-v002,question,topicId,29,29,16eba8e6421b4779da94d46faca02d25b8d4852d17812a4e18690b3125d5c87a
u03-s014-v002,question,skillId,31,31,7f8889f2ddb573029fc2d46a6c1780b97d99ae2e32420e8f3c82bbe376d8dc4d
u03-s014-v002,question,difficulty,5,5,fbb7b5bf4ca348eeeebf8cc3660712859a5a1fbf18e83217a57ce203fb51d5c2
u03-s014-v002,question,type,2,2,6bc0f9c4ecb0acbebf1b9f6c816bdd66f4885f67c917d9e141cf893014fba936
u03-s014-v002,question,visualMode,9,9,9c7d54b0bf7a9369d8594201c7b11955514343809d09fbec33966c1fd9794015
u03-s014-v002,question,sourceScope,19,19,a4b669ddb8ef1883391c07a7b633f12eeaeecee7ec37c09eea4931aff6644346
u03-s014-v002,question,text,37,71,c0770d38f857db2288b5f1674816f688bf4471c67010c1c2b92399727bc7b80a
u03-s014-v002,question,choices[0],2,2,39fa9ec190eee7b6f4dff1100d6343e10918d044c75eac8f9e9a2596173f80c9
u03-s014-v002,question,choices[1],3,3,ad57366865126e55649ecb23ae1d48887544976efea46a48eb5d85a6eeb4d306
u03-s014-v002,question,choices[2],3,3,9ae2bdd7beedc2e766c6b76585530e16925115707dc7a06ab5ee4aa2776b2c7b
u03-s014-v002,question,choices[3],3,3,983bd614bb5afece5ab3b6023f71147cd7b6bc2314f9d27af7422541c6558389
u03-s014-v002,question,explanation,33,79,93832fc63dc31092cc1147fc7248f50ce2ea645ebc103355f078a8b8123811ec
u03-s014-v002,question,steps[0],4,12,019ae0bb3ca07ca4c67963667d0993345fc46461cdc4d334f4eb986915ab7d5a
u03-s014-v002,question,steps[1],7,15,43feeb2a9be6b2f785d93485a244761ef35abb574761202e3c26bdd331603ea4
u03-s014-v002,question,steps[2],8,16,69df02380730fae1725e67ea631fa89d7999c628e2c1af2801521352e81b3101
u03-s014-v002,question,optionAnalysis[0].choice,2,2,39fa9ec190eee7b6f4dff1100d6343e10918d044c75eac8f9e9a2596173f80c9
u03-s014-v002,question,optionAnalysis[0].reason,8,15,f1f92b324480dc3a4e4af369ade50042cee88f83aee020a8e4f9f5b84aac90e6
u03-s014-v002,question,optionAnalysis[1].choice,3,3,ad57366865126e55649ecb23ae1d48887544976efea46a48eb5d85a6eeb4d306
u03-s014-v002,question,optionAnalysis[1].reason,40,70,a19b59cd4e88f04b70cb0064cbfc74d3489d9da2e75ef80409986a05b55d50c8
u03-s014-v002,question,optionAnalysis[2].choice,3,3,9ae2bdd7beedc2e766c6b76585530e16925115707dc7a06ab5ee4aa2776b2c7b
u03-s014-v002,question,optionAnalysis[2].reason,10,30,df0161837e2ed3b0476cacbf427d41edbb0a5cf5c369c8bc3fc531a4e5ab3e35
u03-s014-v002,question,optionAnalysis[3].choice,3,3,983bd614bb5afece5ab3b6023f71147cd7b6bc2314f9d27af7422541c6558389
u03-s014-v002,question,optionAnalysis[3].reason,12,30,7ad261f5b94427669f975d5bb4f89ff3693b27bfd002e7e45f7d01cb6cc4d62a
u03-s014-v002,question,commonMistake,11,33,76c4f4996fe0d224363bfe49abcb3d3506007c316d2aa7e5338f641b14244c7b
u03-s014-v002,question,concept,12,36,d3db068114688608af73bd50226b38e30413fb774af24c03d988dda9514ea4ce
u03-s014-v002,question,tags[0],2,6,32f6541b44ed479dbf6cc8c7dd98824e49e03974d72ad8b65c33383a9cbb349f
u03-s014-v002,question,tags[1],6,18,5b36d8a943a9cdedba7b5989d72d09c1009f3649a54f600d5e31b4b499612c81
u03-s014-v002,question,tags[2],5,5,fbb7b5bf4ca348eeeebf8cc3660712859a5a1fbf18e83217a57ce203fb51d5c2
u03-s014-v002,question,estimatedTimeSec,2,2,f369cb89fc627e668987007d121ed1eacdc01db9e28f8bb26f358b7d8c4f08ac
u03-s014-v002,question,prerequisiteSkillIds[0],30,30,e0866261f060c5a853dccab8412e388f208583a57267cff00685eb06fda5c38e
u03-s014-v002,question,authoringIntent,11,33,62c9203f487171ea4fbf61352628e8ca33dcb474cbc882e82cbaa9256ecaf94d
u03-s014-v002,question,reviewStatus,22,22,ec809598e2f7fcc69fad54c9cd045bba62b4a0dc7c0ff90d4efdc3788c9ad8fb
u03-s014-v002,question,contentSha256,64,64,e255972accaf18389301ce4b3c01146aa6d3a258db5ff46d42865a16028ecd70
u03-s014-v002,question,contentAuthority,25,25,ed40f75ffe3d6ad4e71f6e7919d063410490de360edb425965eccd605ca9d79e
u03-s014-v002,question,legacyContentDisposition,39,39,2efcc87c0c9673d2efe77735ae75582eb178c880b07035d8695f010e324b7c71
u03-s014-v003,question,questionId,13,13,85e8f338bec03c7cfde8801ee8ef2103ab561a031bcb5bcae1e799ba9396e62b
u03-s014-v003,question,unitId,3,3,97ce842ec69dee17c1842918e63b9d4042fa4b35007146dcfb80a09c5000888a
u03-s014-v003,question,topicId,29,29,16eba8e6421b4779da94d46faca02d25b8d4852d17812a4e18690b3125d5c87a
u03-s014-v003,question,skillId,31,31,7f8889f2ddb573029fc2d46a6c1780b97d99ae2e32420e8f3c82bbe376d8dc4d
u03-s014-v003,question,difficulty,5,5,fbb7b5bf4ca348eeeebf8cc3660712859a5a1fbf18e83217a57ce203fb51d5c2
u03-s014-v003,question,type,2,2,6bc0f9c4ecb0acbebf1b9f6c816bdd66f4885f67c917d9e141cf893014fba936
u03-s014-v003,question,visualMode,9,9,9c7d54b0bf7a9369d8594201c7b11955514343809d09fbec33966c1fd9794015
u03-s014-v003,question,sourceScope,19,19,a4b669ddb8ef1883391c07a7b633f12eeaeecee7ec37c09eea4931aff6644346
u03-s014-v003,question,text,40,84,1601f5daf8d6b2ea1cfa0d2f154dda541abc417b399b5603f83e50844aef5303
u03-s014-v003,question,choices[0],8,18,cd472ee89c9c653c569b5b28fdf2caa226bbf74949c601d67caec4c1ea568598
u03-s014-v003,question,choices[1],8,18,b7a137280bd6d702cc8de2ae69eb9f62638cf5f18bc2bc7273556d0babaea256
u03-s014-v003,question,choices[2],5,15,c1966a3a3ecabaf0f2cb476152e4f8917614dacfda813402ffdaa5c281ecb929
u03-s014-v003,question,choices[3],8,18,131e7c5b908f9b453db91de4f587c9bec92d61230422884dcd9e3b10f701483c
u03-s014-v003,question,explanation,34,84,fd8bfa56ac2b9f39c344022023a8e26a0ad62942cd95a495ecdc18007fbb61b6
u03-s014-v003,question,steps[0],9,17,daa48802ced454b017b0e4d406748945131614781c52461867eb7595a64aa7b0
u03-s014-v003,question,steps[1],3,7,926576f41dad1785bc62462d017f936127a64bff37d83f85b9ba21e860d54941
u03-s014-v003,question,steps[2],6,12,58f928fa5b9989576ac2cc887b93ab5a912aa14ea0f895a656cbbfe223d73244
u03-s014-v003,question,optionAnalysis[0].choice,8,18,cd472ee89c9c653c569b5b28fdf2caa226bbf74949c601d67caec4c1ea568598
u03-s014-v003,question,optionAnalysis[0].reason,9,23,34f6fbbe4e859706ed87ca5a461062f25c8cd359197dada0e234e0431b13c08a
u03-s014-v003,question,optionAnalysis[1].choice,8,18,b7a137280bd6d702cc8de2ae69eb9f62638cf5f18bc2bc7273556d0babaea256
u03-s014-v003,question,optionAnalysis[1].reason,9,23,34f6fbbe4e859706ed87ca5a461062f25c8cd359197dada0e234e0431b13c08a
u03-s014-v003,question,optionAnalysis[2].choice,5,15,c1966a3a3ecabaf0f2cb476152e4f8917614dacfda813402ffdaa5c281ecb929
u03-s014-v003,question,optionAnalysis[2].reason,42,76,e17c64f899e5a00545ad5bb2c96e5fc80d2d75857c31c011a4edfc05e1965fde
u03-s014-v003,question,optionAnalysis[3].choice,8,18,131e7c5b908f9b453db91de4f587c9bec92d61230422884dcd9e3b10f701483c
u03-s014-v003,question,optionAnalysis[3].reason,12,32,06763eba66f83825fbb8a760593bc8338ed69f7ba276d27bd68f13bf380b57e0
u03-s014-v003,question,commonMistake,7,21,6806fe5f4f31b9b2fe3ef3440e59c8c9b6742198d7f66a0d89a2ae0f94a5c574
u03-s014-v003,question,concept,8,22,03b42e32b33d478ef36ba85ce628f888b2877d23160fe2c75360412baab497fa
u03-s014-v003,question,tags[0],2,6,32f6541b44ed479dbf6cc8c7dd98824e49e03974d72ad8b65c33383a9cbb349f
u03-s014-v003,question,tags[1],6,18,5b36d8a943a9cdedba7b5989d72d09c1009f3649a54f600d5e31b4b499612c81
u03-s014-v003,question,tags[2],5,5,fbb7b5bf4ca348eeeebf8cc3660712859a5a1fbf18e83217a57ce203fb51d5c2
u03-s014-v003,question,estimatedTimeSec,2,2,f369cb89fc627e668987007d121ed1eacdc01db9e28f8bb26f358b7d8c4f08ac
u03-s014-v003,question,prerequisiteSkillIds[0],30,30,e0866261f060c5a853dccab8412e388f208583a57267cff00685eb06fda5c38e
u03-s014-v003,question,authoringIntent,12,36,f8fa2c092f3327d3f356f2afa5b001abd22c5be6692565c397264cd085cd814b
u03-s014-v003,question,reviewStatus,22,22,ec809598e2f7fcc69fad54c9cd045bba62b4a0dc7c0ff90d4efdc3788c9ad8fb
u03-s014-v003,question,contentSha256,64,64,1df35de6c18730a470ab28ab546e0403a01ea62678639b8a27acb47e9bb372f6
u03-s014-v003,question,contentAuthority,25,25,ed40f75ffe3d6ad4e71f6e7919d063410490de360edb425965eccd605ca9d79e
u03-s014-v003,question,legacyContentDisposition,39,39,2efcc87c0c9673d2efe77735ae75582eb178c880b07035d8695f010e324b7c71
u03-s014-v004,question,questionId,13,13,c98f1b18a4b5aba1f911fb308ed77d819affa515960dac810e4ccac21794bc12
u03-s014-v004,question,unitId,3,3,97ce842ec69dee17c1842918e63b9d4042fa4b35007146dcfb80a09c5000888a
u03-s014-v004,question,topicId,29,29,16eba8e6421b4779da94d46faca02d25b8d4852d17812a4e18690b3125d5c87a
u03-s014-v004,question,skillId,31,31,7f8889f2ddb573029fc2d46a6c1780b97d99ae2e32420e8f3c82bbe376d8dc4d
u03-s014-v004,question,difficulty,8,8,fe6d3468cf5c74d8ec2a95b40f2e05338c37a4202f8fad692d2b64a9cf9b468a
u03-s014-v004,question,type,2,2,6bc0f9c4ecb0acbebf1b9f6c816bdd66f4885f67c917d9e141cf893014fba936
u03-s014-v004,question,visualMode,9,9,9c7d54b0bf7a9369d8594201c7b11955514343809d09fbec33966c1fd9794015
u03-s014-v004,question,sourceScope,19,19,a4b669ddb8ef1883391c07a7b633f12eeaeecee7ec37c09eea4931aff6644346
u03-s014-v004,question,text,41,83,eec91f75bd8e5158d02a77f6bf25942afcfec2481ecdbe51a6f48a0e26ab0adb
u03-s014-v004,question,choices[0],3,7,da8c4961524444c57f92193fc234c1532d2c825efea097b3a4ac6a324d37bcc6
u03-s014-v004,question,choices[1],4,12,36ade3c9cc8b696b4ba7e072b2b2081cc7636a0dae3dd8507d6c23e261ca1b0e
u03-s014-v004,question,choices[2],4,12,6fff21edaf0e2852381fa750979778926000758227b88b52ae2da80617a90054
u03-s014-v004,question,choices[3],4,8,f68e98dded2cdd55db151726ebcf0a1c2e362802559c9e5a418562718ba81e92
u03-s014-v004,question,explanation,38,104,511fa9eabb23a2728951b2431c0b0746311c55d74b246d5d11f699a7577d2894
u03-s014-v004,question,steps[0],7,17,67ef4c8dd5ccd1d80f82259e10e7a11853a30a84ccf27f5fff49a5218e4b8d89
u03-s014-v004,question,steps[1],11,33,b6684246bea9a2c37856351445277a5b01c07288ad510ff55a375e312c0956b8
u03-s014-v004,question,steps[2],5,13,054acead63b01e0c4bf578476f4a6390a2672e9d159c0420f463cffc0b9c1255
u03-s014-v004,question,optionAnalysis[0].choice,3,7,da8c4961524444c57f92193fc234c1532d2c825efea097b3a4ac6a324d37bcc6
u03-s014-v004,question,optionAnalysis[0].reason,7,19,e195eb63c224a2fd7827a747dab80587b44fad76bb96a6ecf6dd132cd9371e7e
u03-s014-v004,question,optionAnalysis[1].choice,4,12,36ade3c9cc8b696b4ba7e072b2b2081cc7636a0dae3dd8507d6c23e261ca1b0e
u03-s014-v004,question,optionAnalysis[1].reason,9,19,2cf9e71bf3c8aab6cdb69d7e4d081e1bb0cd394858329ac4787c652f7487851d
u03-s014-v004,question,optionAnalysis[2].choice,4,12,6fff21edaf0e2852381fa750979778926000758227b88b52ae2da80617a90054
u03-s014-v004,question,optionAnalysis[2].reason,10,30,653436c933f99c1c5d0dbed16e7ff9b599f3add5d0818c1b14ae4f1c9bf1d5fc
u03-s014-v004,question,optionAnalysis[3].choice,4,8,f68e98dded2cdd55db151726ebcf0a1c2e362802559c9e5a418562718ba81e92
u03-s014-v004,question,optionAnalysis[3].reason,59,129,aa673c7b6b6a90d7910f2e9efef342bc1e6164ed634772f24a9829bf58ba66c7
u03-s014-v004,question,commonMistake,12,34,de24e63d8f911e3969a872858f2a0987c87353b4857799de7a4dd1909b204955
u03-s014-v004,question,concept,15,45,32767817074256297620dce72511ba9f6b7e33221e281a78cea550671adf70f0
u03-s014-v004,question,tags[0],2,6,32f6541b44ed479dbf6cc8c7dd98824e49e03974d72ad8b65c33383a9cbb349f
u03-s014-v004,question,tags[1],6,18,5b36d8a943a9cdedba7b5989d72d09c1009f3649a54f600d5e31b4b499612c81
u03-s014-v004,question,tags[2],8,8,fe6d3468cf5c74d8ec2a95b40f2e05338c37a4202f8fad692d2b64a9cf9b468a
u03-s014-v004,question,estimatedTimeSec,2,2,f369cb89fc627e668987007d121ed1eacdc01db9e28f8bb26f358b7d8c4f08ac
u03-s014-v004,question,prerequisiteSkillIds[0],30,30,e0866261f060c5a853dccab8412e388f208583a57267cff00685eb06fda5c38e
u03-s014-v004,question,authoringIntent,11,33,25105e945a1f7410859788a89e6f9e9cfbffd16fbad09ad749dadb1d82b139f6
u03-s014-v004,question,reviewStatus,22,22,ec809598e2f7fcc69fad54c9cd045bba62b4a0dc7c0ff90d4efdc3788c9ad8fb
u03-s014-v004,question,contentSha256,64,64,9474939e56594a6542ad7b892b6618d486f20c067b9d57e47f412c51ae13c84a
u03-s014-v004,question,contentAuthority,25,25,ed40f75ffe3d6ad4e71f6e7919d063410490de360edb425965eccd605ca9d79e
u03-s014-v004,question,legacyContentDisposition,39,39,2efcc87c0c9673d2efe77735ae75582eb178c880b07035d8695f010e324b7c71
u03-s014-v005,question,questionId,13,13,8c43a4e243dfff8259bcfbff0f69f54be1576ac1db320921008f2f9552e7b097
u03-s014-v005,question,unitId,3,3,97ce842ec69dee17c1842918e63b9d4042fa4b35007146dcfb80a09c5000888a
u03-s014-v005,question,topicId,29,29,16eba8e6421b4779da94d46faca02d25b8d4852d17812a4e18690b3125d5c87a
u03-s014-v005,question,skillId,31,31,7f8889f2ddb573029fc2d46a6c1780b97d99ae2e32420e8f3c82bbe376d8dc4d
u03-s014-v005,question,difficulty,8,8,fe6d3468cf5c74d8ec2a95b40f2e05338c37a4202f8fad692d2b64a9cf9b468a
u03-s014-v005,question,type,2,2,6bc0f9c4ecb0acbebf1b9f6c816bdd66f4885f67c917d9e141cf893014fba936
u03-s014-v005,question,visualMode,9,9,9c7d54b0bf7a9369d8594201c7b11955514343809d09fbec33966c1fd9794015
u03-s014-v005,question,sourceScope,19,19,a4b669ddb8ef1883391c07a7b633f12eeaeecee7ec37c09eea4931aff6644346
u03-s014-v005,question,text,52,120,3552a27080c6a2becbbe72d8b7bc38224ba4ffbc9726d27c19e30920d1a2b01a
u03-s014-v005,question,choices[0],4,4,b902cc4550838229a710bfec4c38cbc7eb11082367a409df9135e7f007a96bda
u03-s014-v005,question,choices[1],2,2,b7a56873cd771f2c446d369b649430b65a756ba278ff97ec81bb6f55b2e73569
u03-s014-v005,question,choices[2],2,2,b17ef6d19c7a5b1ee83b907c595526dcb1eb06db8227d650d5dda0a9f4ce8cd9
u03-s014-v005,question,choices[3],2,2,e29c9c180c6279b0b02abd6a1801c7c04082cf486ec027aa13515e4f3884bb6b
u03-s014-v005,question,explanation,32,72,0990b0074563b2cd6bd6c1ad6a709f8a42fce796921a592b600100eb3be9b42c
u03-s014-v005,question,steps[0],6,18,8d9fb21a21bdf73acaa815250bbb499f9611c77287a7dcfa28941616e6698769
u03-s014-v005,question,steps[1],9,15,f57929b881b0ee7a32ebeea05af24dc6af964e2526035e3f21bcc23b87012712
u03-s014-v005,question,steps[2],4,4,4caf188dbd03a9b4c999dd94c99ee588d6ae4e6daf5f235bde557881b2adcc24
u03-s014-v005,question,optionAnalysis[0].choice,4,4,b902cc4550838229a710bfec4c38cbc7eb11082367a409df9135e7f007a96bda
u03-s014-v005,question,optionAnalysis[0].reason,8,13,60bf74d83fc83a204c01d7814584172c91effc80809c485d52c3bae2f98272b7
u03-s014-v005,question,optionAnalysis[1].choice,2,2,b7a56873cd771f2c446d369b649430b65a756ba278ff97ec81bb6f55b2e73569
u03-s014-v005,question,optionAnalysis[1].reason,36,66,296db16ab0e7d2c42fd83671ccf49efb81a1cedf034f9deba810b72710cce291
u03-s014-v005,question,optionAnalysis[2].choice,2,2,b17ef6d19c7a5b1ee83b907c595526dcb1eb06db8227d650d5dda0a9f4ce8cd9
u03-s014-v005,question,optionAnalysis[2].reason,10,26,8844fb1025cf7e1e24ff075f674a874d00786cc3eafe78f920a5597db292387d
u03-s014-v005,question,optionAnalysis[3].choice,2,2,e29c9c180c6279b0b02abd6a1801c7c04082cf486ec027aa13515e4f3884bb6b
u03-s014-v005,question,optionAnalysis[3].reason,7,21,a1324f300d30e62d569503f34f94b43170980597457262bc8983b32e1d7cc3dd
u03-s014-v005,question,commonMistake,11,33,00e0ac5acc91148b2b29e45b1d41a4344d984c9a3939123d3d89c02f5fcb1f82
u03-s014-v005,question,concept,10,30,8d52e30ec32ef5a4e3cc7601c3d894cb09673f615e3d5c98db7b99cbcbe32d8e
u03-s014-v005,question,tags[0],2,6,32f6541b44ed479dbf6cc8c7dd98824e49e03974d72ad8b65c33383a9cbb349f
u03-s014-v005,question,tags[1],6,18,5b36d8a943a9cdedba7b5989d72d09c1009f3649a54f600d5e31b4b499612c81
u03-s014-v005,question,tags[2],8,8,fe6d3468cf5c74d8ec2a95b40f2e05338c37a4202f8fad692d2b64a9cf9b468a
u03-s014-v005,question,estimatedTimeSec,2,2,f369cb89fc627e668987007d121ed1eacdc01db9e28f8bb26f358b7d8c4f08ac
u03-s014-v005,question,prerequisiteSkillIds[0],30,30,e0866261f060c5a853dccab8412e388f208583a57267cff00685eb06fda5c38e
u03-s014-v005,question,authoringIntent,14,42,fa66e8eb791c63760ffc35617b07259e35abed4c883338f4f766b7297114076e
u03-s014-v005,question,reviewStatus,22,22,ec809598e2f7fcc69fad54c9cd045bba62b4a0dc7c0ff90d4efdc3788c9ad8fb
u03-s014-v005,question,contentSha256,64,64,017383e7cdeda9238407bd4e5576f8612c1619b9f86bb8e5ece9e950c8e4e87a
u03-s014-v005,question,contentAuthority,25,25,ed40f75ffe3d6ad4e71f6e7919d063410490de360edb425965eccd605ca9d79e
u03-s014-v005,question,legacyContentDisposition,39,39,2efcc87c0c9673d2efe77735ae75582eb178c880b07035d8695f010e324b7c71
u03-s014-v006,question,questionId,13,13,7209844c803de6528f99a075f8fe26104f462d7aa2fdfce6539b4e19bb3d1756
u03-s014-v006,question,unitId,3,3,97ce842ec69dee17c1842918e63b9d4042fa4b35007146dcfb80a09c5000888a
u03-s014-v006,question,topicId,29,29,16eba8e6421b4779da94d46faca02d25b8d4852d17812a4e18690b3125d5c87a
u03-s014-v006,question,skillId,31,31,7f8889f2ddb573029fc2d46a6c1780b97d99ae2e32420e8f3c82bbe376d8dc4d
u03-s014-v006,question,difficulty,8,8,fe6d3468cf5c74d8ec2a95b40f2e05338c37a4202f8fad692d2b64a9cf9b468a
u03-s014-v006,question,type,2,2,6bc0f9c4ecb0acbebf1b9f6c816bdd66f4885f67c917d9e141cf893014fba936
u03-s014-v006,question,visualMode,9,9,9c7d54b0bf7a9369d8594201c7b11955514343809d09fbec33966c1fd9794015
u03-s014-v006,question,sourceScope,19,19,a4b669ddb8ef1883391c07a7b633f12eeaeecee7ec37c09eea4931aff6644346
u03-s014-v006,question,text,34,72,d2ef6ecb6c5569eecf956cc7cb819409c8bb75df8389f8a6b834e882868b160d
u03-s014-v006,question,choices[0],7,19,f6fa0cf0b57f1a04d9a93753537c32094ba9d55c613720d1b4dbce7259b75d74
u03-s014-v006,question,choices[1],10,24,13ce7578fda95585fa8ccf9d02f5b75c8f2c5a4121ffb7de51d50a0d0a2321a5
u03-s014-v006,question,choices[2],14,28,601fd77c08d4dc55ff7885d88d2946e735cc178b05bdd0df18739ecfca14b361
u03-s014-v006,question,choices[3],8,22,180c3c4df2977bd7b866d9e695dbe5c0bf8494d38d29fd688c7b00202b42498b
u03-s014-v006,question,explanation,45,113,5213cdae12c91544c68c078b37f19b324a8957db52f6a5efd59a0faf92ecfa67
u03-s014-v006,question,steps[0],7,19,6a123c484dc608b0f4d5d357b85f04536f21e564a1cada672db1886db361e28d
u03-s014-v006,question,steps[1],8,20,37d7c9ec8b4b04abc45d05801192ad60492ab1284105a3759f43c4a3306aaa4f
u03-s014-v006,question,steps[2],5,13,f7af1c3684832b8ab05b1668bfd3feedf91ebbd7b57b10e64755e4707fa5d1b1
u03-s014-v006,question,optionAnalysis[0].choice,7,19,f6fa0cf0b57f1a04d9a93753537c32094ba9d55c613720d1b4dbce7259b75d74
u03-s014-v006,question,optionAnalysis[0].reason,10,30,57a7b41ae81c3657b3ceae0fcdeaa0ef4ddf746755179fdabf1d055a8ac6c4b5
u03-s014-v006,question,optionAnalysis[1].choice,10,24,13ce7578fda95585fa8ccf9d02f5b75c8f2c5a4121ffb7de51d50a0d0a2321a5
u03-s014-v006,question,optionAnalysis[1].reason,7,19,389196fa142d61132e354647ca0fe78180fdb2986a9f01ab83ad688baecd6cd6
u03-s014-v006,question,optionAnalysis[2].choice,14,28,601fd77c08d4dc55ff7885d88d2946e735cc178b05bdd0df18739ecfca14b361
u03-s014-v006,question,optionAnalysis[2].reason,43,113,d8ed255f586f379176b492cfcde4f41506175fda8d2b6f9210d69cac8550df3c
u03-s014-v006,question,optionAnalysis[3].choice,8,22,180c3c4df2977bd7b866d9e695dbe5c0bf8494d38d29fd688c7b00202b42498b
u03-s014-v006,question,optionAnalysis[3].reason,9,25,695bf78bdc2f00e1bd41f307894caf082f70b9227e954d7d5ec4d85b9e60aabf
u03-s014-v006,question,commonMistake,14,42,75938c48a2d216a49a1feb02ea5865be073c20a72c5496b50b85d41874cd5856
u03-s014-v006,question,concept,11,33,8e7c9ed1f6f8f5fd9220e0988ddf06973f7ca0d4a035c044cb61e24c97015edc
u03-s014-v006,question,tags[0],2,6,32f6541b44ed479dbf6cc8c7dd98824e49e03974d72ad8b65c33383a9cbb349f
u03-s014-v006,question,tags[1],6,18,5b36d8a943a9cdedba7b5989d72d09c1009f3649a54f600d5e31b4b499612c81
u03-s014-v006,question,tags[2],8,8,fe6d3468cf5c74d8ec2a95b40f2e05338c37a4202f8fad692d2b64a9cf9b468a
u03-s014-v006,question,estimatedTimeSec,2,2,f369cb89fc627e668987007d121ed1eacdc01db9e28f8bb26f358b7d8c4f08ac
u03-s014-v006,question,prerequisiteSkillIds[0],30,30,e0866261f060c5a853dccab8412e388f208583a57267cff00685eb06fda5c38e
u03-s014-v006,question,authoringIntent,14,42,6ed5276f9b067caca59a216b260eedddccbbb7212374d147801529ea0dfc6fb4
u03-s014-v006,question,reviewStatus,22,22,ec809598e2f7fcc69fad54c9cd045bba62b4a0dc7c0ff90d4efdc3788c9ad8fb
u03-s014-v006,question,contentSha256,64,64,1f53e55d0ad63b4c255c6f67092fbaf17edea232ef307505393e495a4bd2c668
u03-s014-v006,question,contentAuthority,25,25,ed40f75ffe3d6ad4e71f6e7919d063410490de360edb425965eccd605ca9d79e
u03-s014-v006,question,legacyContentDisposition,39,39,2efcc87c0c9673d2efe77735ae75582eb178c880b07035d8695f010e324b7c71
u03-s014-v007,question,questionId,13,13,b358aec52e1881ccabb157bd9a070ccdb422967d49f82d126e32bbe3713faa60
u03-s014-v007,question,unitId,3,3,97ce842ec69dee17c1842918e63b9d4042fa4b35007146dcfb80a09c5000888a
u03-s014-v007,question,topicId,29,29,16eba8e6421b4779da94d46faca02d25b8d4852d17812a4e18690b3125d5c87a
u03-s014-v007,question,skillId,31,31,7f8889f2ddb573029fc2d46a6c1780b97d99ae2e32420e8f3c82bbe376d8dc4d
u03-s014-v007,question,difficulty,8,8,d21f85ea38166303ce58e06134b5cc4a5c900c409ab2a500ff7c9225109a09bb
u03-s014-v007,question,type,2,2,6bc0f9c4ecb0acbebf1b9f6c816bdd66f4885f67c917d9e141cf893014fba936
u03-s014-v007,question,visualMode,9,9,9c7d54b0bf7a9369d8594201c7b11955514343809d09fbec33966c1fd9794015
u03-s014-v007,question,sourceScope,19,19,a4b669ddb8ef1883391c07a7b633f12eeaeecee7ec37c09eea4931aff6644346
u03-s014-v007,question,text,33,71,7374646e5d9d973a9f85c95dd54d3f33af380cc0a15d8e189d452ac6e49dbd08
u03-s014-v007,question,choices[0],2,2,f5ca38f748a1d6eaf726b8a42fb575c3c71f1864a8143301782de13da2d9202b
u03-s014-v007,question,choices[1],2,2,b7a56873cd771f2c446d369b649430b65a756ba278ff97ec81bb6f55b2e73569
u03-s014-v007,question,choices[2],2,2,1a6562590ef19d1045d06c4055742d38288e9e6dcd71ccde5cee80f1d5a774eb
u03-s014-v007,question,choices[3],2,2,624b60c58c9d8bfb6ff1886c2fd605d2adeb6ea4da576068201b6c6958ce93f4
u03-s014-v007,question,explanation,35,85,caba58917aa417f5a7279c946fa0d5c67859b595ea5c7c36909bbc183a6ad2da
u03-s014-v007,question,steps[0],8,24,ca4b3bb93b8a6185f8fdc5a1f4a28bf5f2833d2ddeac55a65fa72d0b83da6dff
u03-s014-v007,question,steps[1],9,15,752f9f70954b0f63283cbd2cee8bd9100617750d44f3b8208ade96db9fc55d37
u03-s014-v007,question,steps[2],5,11,1ed0155bb8a2d95fc8510dd74cba2f67ae92012bd0da0e195342a9688ac66f2e
u03-s014-v007,question,optionAnalysis[0].choice,2,2,f5ca38f748a1d6eaf726b8a42fb575c3c71f1864a8143301782de13da2d9202b
u03-s014-v007,question,optionAnalysis[0].reason,17,27,1e34089380581f2097ed10a9f5f3cece73c490318c3f7ec924bfbc6c320529ec
u03-s014-v007,question,optionAnalysis[1].choice,2,2,b7a56873cd771f2c446d369b649430b65a756ba278ff97ec81bb6f55b2e73569
u03-s014-v007,question,optionAnalysis[1].reason,17,27,32b555d110371e2bb802d76b60859e47a5900be98d161870518bb93fd179b3e8
u03-s014-v007,question,optionAnalysis[2].choice,2,2,1a6562590ef19d1045d06c4055742d38288e9e6dcd71ccde5cee80f1d5a774eb
u03-s014-v007,question,optionAnalysis[2].reason,17,27,73300c0748f4a76fa7012a5ded8cd630ada26ad2e3be74a6aad7c7a49bab5da4
u03-s014-v007,question,optionAnalysis[3].choice,2,2,624b60c58c9d8bfb6ff1886c2fd605d2adeb6ea4da576068201b6c6958ce93f4
u03-s014-v007,question,optionAnalysis[3].reason,36,66,1569dff4f0bb5cd7d850b9ffa46a077847a8ab2a77117ce4b4366f1302f29f83
u03-s014-v007,question,commonMistake,18,42,84320fc67cd2df07f0fb2fa930aa5d5c8b0d320965b55e6e5967d06e4a7a54e1
u03-s014-v007,question,concept,11,33,0427b86cef0d246a947b1b3299d9c2de88482efdff7685aeeaced109f8d615a4
u03-s014-v007,question,tags[0],2,6,32f6541b44ed479dbf6cc8c7dd98824e49e03974d72ad8b65c33383a9cbb349f
u03-s014-v007,question,tags[1],6,18,5b36d8a943a9cdedba7b5989d72d09c1009f3649a54f600d5e31b4b499612c81
u03-s014-v007,question,tags[2],8,8,d21f85ea38166303ce58e06134b5cc4a5c900c409ab2a500ff7c9225109a09bb
u03-s014-v007,question,estimatedTimeSec,2,2,f369cb89fc627e668987007d121ed1eacdc01db9e28f8bb26f358b7d8c4f08ac
u03-s014-v007,question,prerequisiteSkillIds[0],30,30,e0866261f060c5a853dccab8412e388f208583a57267cff00685eb06fda5c38e
u03-s014-v007,question,authoringIntent,18,54,6cbf886daa9de5e0e9d52945d8a9e9969df7b945e46f7d81bb6db43ba90f4243
u03-s014-v007,question,reviewStatus,22,22,ec809598e2f7fcc69fad54c9cd045bba62b4a0dc7c0ff90d4efdc3788c9ad8fb
u03-s014-v007,question,contentSha256,64,64,48055606c56632c27fc30b0a4423efb7d64431b1ce6e093d1e385b9a632a334c
u03-s014-v007,question,contentAuthority,25,25,ed40f75ffe3d6ad4e71f6e7919d063410490de360edb425965eccd605ca9d79e
u03-s014-v007,question,legacyContentDisposition,39,39,2efcc87c0c9673d2efe77735ae75582eb178c880b07035d8695f010e324b7c71
u03-s014-v008,question,questionId,13,13,80664d8f60eb2b503423df7ef6039e95e3e29976c97b19fdf51f4e83b3c26ca1
u03-s014-v008,question,unitId,3,3,97ce842ec69dee17c1842918e63b9d4042fa4b35007146dcfb80a09c5000888a
u03-s014-v008,question,topicId,29,29,16eba8e6421b4779da94d46faca02d25b8d4852d17812a4e18690b3125d5c87a
u03-s014-v008,question,skillId,31,31,7f8889f2ddb573029fc2d46a6c1780b97d99ae2e32420e8f3c82bbe376d8dc4d
u03-s014-v008,question,difficulty,8,8,d21f85ea38166303ce58e06134b5cc4a5c900c409ab2a500ff7c9225109a09bb
u03-s014-v008,question,type,2,2,6bc0f9c4ecb0acbebf1b9f6c816bdd66f4885f67c917d9e141cf893014fba936
u03-s014-v008,question,visualMode,9,9,9c7d54b0bf7a9369d8594201c7b11955514343809d09fbec33966c1fd9794015
u03-s014-v008,question,sourceScope,19,19,a4b669ddb8ef1883391c07a7b633f12eeaeecee7ec37c09eea4931aff6644346
u03-s014-v008,question,text,60,136,aa24e826ac0e2274a757b29eee50659a413723ac09c079f462faef8a0ea7936a
u03-s014-v008,question,choices[0],4,8,f68e98dded2cdd55db151726ebcf0a1c2e362802559c9e5a418562718ba81e92
u03-s014-v008,question,choices[1],3,7,da8c4961524444c57f92193fc234c1532d2c825efea097b3a4ac6a324d37bcc6
u03-s014-v008,question,choices[2],4,12,ab96c5e4c5d102a75a288eca3a2615ff188d45b455b5ff32dfdfe8fb903dbd96
u03-s014-v008,question,choices[3],10,30,e2a3b96ce07681a4f1545b74e8d588f12595671175d5cfa97326d832583b1b96
u03-s014-v008,question,explanation,40,108,8e8e26533e298b8a9899a19bf1311d2253146960f43205e7f29d3964868b0d4f
u03-s014-v008,question,steps[0],9,23,3fe973679598ba2bcc638e76a65b06e9d850e40404339111edaeaccc9ff68dff
u03-s014-v008,question,steps[1],10,30,63947c41bf30b4e5d653df49ce846003122b96f315f4904f337ad8b8d2bdffca
u03-s014-v008,question,steps[2],6,14,71cbefb5ef10b02724f2bef7f4cacffbb1591ac5a799390861c2b921e90fd1cb
u03-s014-v008,question,optionAnalysis[0].choice,4,8,f68e98dded2cdd55db151726ebcf0a1c2e362802559c9e5a418562718ba81e92
u03-s014-v008,question,optionAnalysis[0].reason,46,118,c54fe53396f2c1ace41877d2d2cd881c847c600762013f295a1b0bbe5c904a37
u03-s014-v008,question,optionAnalysis[1].choice,3,7,da8c4961524444c57f92193fc234c1532d2c825efea097b3a4ac6a324d37bcc6
u03-s014-v008,question,optionAnalysis[1].reason,8,22,d916028298e4252ae8b40c37e83c00aab9e3113b858e85935df5ee6540b97cfc
u03-s014-v008,question,optionAnalysis[2].choice,4,12,ab96c5e4c5d102a75a288eca3a2615ff188d45b455b5ff32dfdfe8fb903dbd96
u03-s014-v008,question,optionAnalysis[2].reason,8,20,1fd1b5befe7611aa42706528d8c68d240e182eb6559298b736cbba157b5e2ee3
u03-s014-v008,question,optionAnalysis[3].choice,10,30,e2a3b96ce07681a4f1545b74e8d588f12595671175d5cfa97326d832583b1b96
u03-s014-v008,question,optionAnalysis[3].reason,10,30,fa49da6e1e579266a05aeb7d14b712aa1080056f9c24e7363f8d63f8d08695fb
u03-s014-v008,question,commonMistake,13,39,2c58df8beb290725b9cda4093c033ce2d0d35793834f2f18168d504a3f5dbba4
u03-s014-v008,question,concept,9,27,554bf094a436dab61e1249facff99c6e19df780ad678d6a87b7a9c863566b8da
u03-s014-v008,question,tags[0],2,6,32f6541b44ed479dbf6cc8c7dd98824e49e03974d72ad8b65c33383a9cbb349f
u03-s014-v008,question,tags[1],6,18,5b36d8a943a9cdedba7b5989d72d09c1009f3649a54f600d5e31b4b499612c81
u03-s014-v008,question,tags[2],8,8,d21f85ea38166303ce58e06134b5cc4a5c900c409ab2a500ff7c9225109a09bb
u03-s014-v008,question,estimatedTimeSec,2,2,f369cb89fc627e668987007d121ed1eacdc01db9e28f8bb26f358b7d8c4f08ac
u03-s014-v008,question,prerequisiteSkillIds[0],30,30,e0866261f060c5a853dccab8412e388f208583a57267cff00685eb06fda5c38e
u03-s014-v008,question,authoringIntent,17,51,6b02ebe93b3b3bc6f66527893ca9568da84c9cec185ed33dc614280e12c4ab41
u03-s014-v008,question,reviewStatus,22,22,ec809598e2f7fcc69fad54c9cd045bba62b4a0dc7c0ff90d4efdc3788c9ad8fb
u03-s014-v008,question,contentSha256,64,64,d3f1b4dc82380ca40737c497f10692bd4c0d937a4ee7a16b499774d2e649e8ef
u03-s014-v008,question,contentAuthority,25,25,ed40f75ffe3d6ad4e71f6e7919d063410490de360edb425965eccd605ca9d79e
u03-s014-v008,question,legacyContentDisposition,39,39,2efcc87c0c9673d2efe77735ae75582eb178c880b07035d8695f010e324b7c71
u03-s014-v009,question,questionId,13,13,b60f37e23d08e0ff73394b376748d1a4f96c548481db777031a626548d0311b4
u03-s014-v009,question,unitId,3,3,97ce842ec69dee17c1842918e63b9d4042fa4b35007146dcfb80a09c5000888a
u03-s014-v009,question,topicId,29,29,16eba8e6421b4779da94d46faca02d25b8d4852d17812a4e18690b3125d5c87a
u03-s014-v009,question,skillId,31,31,7f8889f2ddb573029fc2d46a6c1780b97d99ae2e32420e8f3c82bbe376d8dc4d
u03-s014-v009,question,difficulty,8,8,d21f85ea38166303ce58e06134b5cc4a5c900c409ab2a500ff7c9225109a09bb
u03-s014-v009,question,type,2,2,6bc0f9c4ecb0acbebf1b9f6c816bdd66f4885f67c917d9e141cf893014fba936
u03-s014-v009,question,visualMode,9,9,9c7d54b0bf7a9369d8594201c7b11955514343809d09fbec33966c1fd9794015
u03-s014-v009,question,sourceScope,19,19,a4b669ddb8ef1883391c07a7b633f12eeaeecee7ec37c09eea4931aff6644346
u03-s014-v009,question,text,52,112,096819dee1fc8fad7ad6a063a5e9d67e3649030bfa18061bc38ced57a7d6e247
u03-s014-v009,question,choices[0],2,2,76a50887d8f1c2e9301755428990ad81479ee21c25b43215cf524541e0503269
u03-s014-v009,question,choices[1],2,2,811786ad1ae74adfdd20dd0372abaaebc6246e343aebd01da0bfc4c02bf0106c
u03-s014-v009,question,choices[2],2,2,39fa9ec190eee7b6f4dff1100d6343e10918d044c75eac8f9e9a2596173f80c9
u03-s014-v009,question,choices[3],2,2,69f59c273b6e669ac32a6dd5e1b2cb63333d8b004f9696447aee2d422ce63763
u03-s014-v009,question,explanation,33,72,92085ed18582cd7a86907205052c837320dfc624d248178692c84c7d66b94eed
u03-s014-v009,question,steps[0],7,15,539c175f2dd88e3473bb93083fd32ed8cda5c974e42db900d85f3b3f85dcb307
u03-s014-v009,question,steps[1],5,13,8b7b91d6357bfcf9825bf02ffca3ca539fc7202044c48777198204ee8792b82d
u03-s014-v009,question,steps[2],8,9,4b078e27240f9ffe9bbdc6de60f033bf45234c7282204f53a8d94661e9a5c883
u03-s014-v009,question,optionAnalysis[0].choice,2,2,76a50887d8f1c2e9301755428990ad81479ee21c25b43215cf524541e0503269
u03-s014-v009,question,optionAnalysis[0].reason,8,15,2bf2c4e80c8758f9d226e4b4619793dea1c4880f46ec0157a74196dfab1ce021
u03-s014-v009,question,optionAnalysis[1].choice,2,2,811786ad1ae74adfdd20dd0372abaaebc6246e343aebd01da0bfc4c02bf0106c
u03-s014-v009,question,optionAnalysis[1].reason,7,21,9f7f19b046fbbaf287d7cf18d5ea04b16c79885d60427e7f9239843170d949d7
u03-s014-v009,question,optionAnalysis[2].choice,2,2,39fa9ec190eee7b6f4dff1100d6343e10918d044c75eac8f9e9a2596173f80c9
u03-s014-v009,question,optionAnalysis[2].reason,39,69,f6e0ed8a5150f72b2fa1d4a1d1a977f141a1b1c482aa2b37584523adb1453c93
u03-s014-v009,question,optionAnalysis[3].choice,2,2,69f59c273b6e669ac32a6dd5e1b2cb63333d8b004f9696447aee2d422ce63763
u03-s014-v009,question,optionAnalysis[3].reason,7,21,a1324f300d30e62d569503f34f94b43170980597457262bc8983b32e1d7cc3dd
u03-s014-v009,question,commonMistake,9,27,d424442d95d3ae0ead169d530602cab3568df22f2d077bb812404233ce530eca
u03-s014-v009,question,concept,15,45,473b6be61c04060bbf2a3657aaac059d0ac664802e7156aa4e21891bebadf499
u03-s014-v009,question,tags[0],2,6,32f6541b44ed479dbf6cc8c7dd98824e49e03974d72ad8b65c33383a9cbb349f
u03-s014-v009,question,tags[1],6,18,5b36d8a943a9cdedba7b5989d72d09c1009f3649a54f600d5e31b4b499612c81
u03-s014-v009,question,tags[2],8,8,d21f85ea38166303ce58e06134b5cc4a5c900c409ab2a500ff7c9225109a09bb
u03-s014-v009,question,estimatedTimeSec,2,2,f369cb89fc627e668987007d121ed1eacdc01db9e28f8bb26f358b7d8c4f08ac
u03-s014-v009,question,prerequisiteSkillIds[0],30,30,e0866261f060c5a853dccab8412e388f208583a57267cff00685eb06fda5c38e
u03-s014-v009,question,authoringIntent,13,39,cc2de5a292aafed87fa67664d67907c64421ac5f7623f8d59948712b18401171
u03-s014-v009,question,reviewStatus,22,22,ec809598e2f7fcc69fad54c9cd045bba62b4a0dc7c0ff90d4efdc3788c9ad8fb
u03-s014-v009,question,contentSha256,64,64,8cf4499e4e2f903ddf67a17d7f61f6701014f7985f1b7086c91ea18272b4df29
u03-s014-v009,question,contentAuthority,25,25,ed40f75ffe3d6ad4e71f6e7919d063410490de360edb425965eccd605ca9d79e
u03-s014-v009,question,legacyContentDisposition,39,39,2efcc87c0c9673d2efe77735ae75582eb178c880b07035d8695f010e324b7c71
u03-s014-v010,question,questionId,13,13,2d5ce73ce543a7c1ca1030ebb2ace008521e95e4a4f9e2767f942d173afcae15
u03-s014-v010,question,unitId,3,3,97ce842ec69dee17c1842918e63b9d4042fa4b35007146dcfb80a09c5000888a
u03-s014-v010,question,topicId,29,29,16eba8e6421b4779da94d46faca02d25b8d4852d17812a4e18690b3125d5c87a
u03-s014-v010,question,skillId,31,31,7f8889f2ddb573029fc2d46a6c1780b97d99ae2e32420e8f3c82bbe376d8dc4d
u03-s014-v010,question,difficulty,8,8,578756ca4aa16d8872610a5aaa78460fd30fbe93379ff7284fe65d66ca606755
u03-s014-v010,question,type,2,2,6bc0f9c4ecb0acbebf1b9f6c816bdd66f4885f67c917d9e141cf893014fba936
u03-s014-v010,question,visualMode,3,3,acdb1373d1761939cb5daa3332223298529581464a90afae39927e7aef8edd46
u03-s014-v010,question,figureId,17,17,4d4e7c9ac58fc9ee401d36760b08583f265f2b387f4e88960ef1a9eb3c84d86e
u03-s014-v010,question,sourceScope,19,19,a4b669ddb8ef1883391c07a7b633f12eeaeecee7ec37c09eea4931aff6644346
u03-s014-v010,question,text,56,124,e790d8617befa743f9b9005c8c0abb721978c3ed6fab9748a52204f8cc48d3ca
u03-s014-v010,question,choices[0],2,2,4a44dc15364204a80fe80e9039455cc1608281820fe2b24f1e5233ade6af1dd5
u03-s014-v010,question,choices[1],2,2,b17ef6d19c7a5b1ee83b907c595526dcb1eb06db8227d650d5dda0a9f4ce8cd9
u03-s014-v010,question,choices[2],2,2,d59eced1ded07f84c145592f65bdf854358e009c5cd705f5215bf18697fed103
u03-s014-v010,question,choices[3],2,2,f5ca38f748a1d6eaf726b8a42fb575c3c71f1864a8143301782de13da2d9202b
u03-s014-v010,question,explanation,32,88,a7bf7c49cd728490bbe42d39680c78b1eddaa68d0743107ccafd168643c6e200
u03-s014-v010,question,steps[0],8,24,405f1cd91c62161ca1dcdac8abc6947c19b65a093488a22e32a074a40913c9c4
u03-s014-v010,question,steps[1],6,18,3afea3139e6103e03ec6746b5cfe97d71b19ae2169eb06d08725784466664d8d
u03-s014-v010,question,steps[2],5,11,a3a40b1ba6979e8160293d0171b060dfdd4c059b096d869efbdd380166aba687
u03-s014-v010,question,optionAnalysis[0].choice,2,2,4a44dc15364204a80fe80e9039455cc1608281820fe2b24f1e5233ade6af1dd5
u03-s014-v010,question,optionAnalysis[0].reason,9,25,61eab76a282cb3ed59edde200245e66cad203996de7b649b6484f13d02379172
u03-s014-v010,question,optionAnalysis[1].choice,2,2,b17ef6d19c7a5b1ee83b907c595526dcb1eb06db8227d650d5dda0a9f4ce8cd9
u03-s014-v010,question,optionAnalysis[1].reason,10,16,d08ba31f6ccebc390ac8a2e7007ff8576f485ebab7b2dacd84509ba71aa2d727
u03-s014-v010,question,optionAnalysis[2].choice,2,2,d59eced1ded07f84c145592f65bdf854358e009c5cd705f5215bf18697fed103
u03-s014-v010,question,optionAnalysis[2].reason,9,27,792bebddb355807041a53ab5b0241721151bb3ef6daf2819e563999e61a69073
u03-s014-v010,question,optionAnalysis[3].choice,2,2,f5ca38f748a1d6eaf726b8a42fb575c3c71f1864a8143301782de13da2d9202b
u03-s014-v010,question,optionAnalysis[3].reason,42,80,64adb0cc84586cec4d70ba7d711eca96b69b348808864120a0ac79432102e146
u03-s014-v010,question,commonMistake,11,33,9d412e1db9c2facdc7b6ce91392bc2f77ea68d9d2a16a9acbcba524ea7a5012a
u03-s014-v010,question,concept,14,42,18bbcd7e93151464d86d59ef6889d8fa477318a67eb4da77d4b807028eaf8070
u03-s014-v010,question,tags[0],2,6,32f6541b44ed479dbf6cc8c7dd98824e49e03974d72ad8b65c33383a9cbb349f
u03-s014-v010,question,tags[1],6,18,5b36d8a943a9cdedba7b5989d72d09c1009f3649a54f600d5e31b4b499612c81
u03-s014-v010,question,tags[2],8,8,578756ca4aa16d8872610a5aaa78460fd30fbe93379ff7284fe65d66ca606755
u03-s014-v010,question,estimatedTimeSec,2,2,f369cb89fc627e668987007d121ed1eacdc01db9e28f8bb26f358b7d8c4f08ac
u03-s014-v010,question,prerequisiteSkillIds[0],30,30,e0866261f060c5a853dccab8412e388f208583a57267cff00685eb06fda5c38e
u03-s014-v010,question,authoringIntent,14,42,a7fa48355d879f5d600d3176a62f21550aa98a4d5f42b9d0dcb64a4074a976b1
u03-s014-v010,question,literacyContextNecessity,30,90,7d3f0a2dd641e7f3bd792162a8d2f09fb668ce036de2cf6bf3fa7bf8f456d511
u03-s014-v010,question,reviewStatus,22,22,ec809598e2f7fcc69fad54c9cd045bba62b4a0dc7c0ff90d4efdc3788c9ad8fb
u03-s014-v010,question,contentSha256,64,64,910fcb3dd06b3a3c31007bf7f48c23ef3355acd5ec9914d15a1a3d000f2aa847
u03-s014-v010,question,contentAuthority,25,25,ed40f75ffe3d6ad4e71f6e7919d063410490de360edb425965eccd605ca9d79e
u03-s014-v010,question,legacyContentDisposition,39,39,2efcc87c0c9673d2efe77735ae75582eb178c880b07035d8695f010e324b7c71
u03-s014-v011,question,questionId,13,13,af3bea38c864bb4210a2c3ff0e60ca892b5f6c66ad4d3a55c92bd8e8ddba2c42
u03-s014-v011,question,unitId,3,3,97ce842ec69dee17c1842918e63b9d4042fa4b35007146dcfb80a09c5000888a
u03-s014-v011,question,topicId,29,29,16eba8e6421b4779da94d46faca02d25b8d4852d17812a4e18690b3125d5c87a
u03-s014-v011,question,skillId,31,31,7f8889f2ddb573029fc2d46a6c1780b97d99ae2e32420e8f3c82bbe376d8dc4d
u03-s014-v011,question,difficulty,8,8,578756ca4aa16d8872610a5aaa78460fd30fbe93379ff7284fe65d66ca606755
u03-s014-v011,question,type,2,2,6bc0f9c4ecb0acbebf1b9f6c816bdd66f4885f67c917d9e141cf893014fba936
u03-s014-v011,question,visualMode,9,9,9c7d54b0bf7a9369d8594201c7b11955514343809d09fbec33966c1fd9794015
u03-s014-v011,question,sourceScope,19,19,a4b669ddb8ef1883391c07a7b633f12eeaeecee7ec37c09eea4931aff6644346
u03-s014-v011,question,text,44,100,a20e2a327e018199ded809da83be1f9ada5c0f85771f7dbc5264a8124863ec56
u03-s014-v011,question,choices[0],1,1,e7f6c011776e8db7cd330b54174fd76f7d0216b612387a5ffcfb81e6f0919683
u03-s014-v011,question,choices[1],1,1,ef2d127de37b942baad06145e54b0c619a1f22327b2ebbcfbec78f5564afe39d
u03-s014-v011,question,choices[2],1,1,7902699be42c8a8e46fbbb4501726517e86b22c56a189f7625a6da49081b2451
u03-s014-v011,question,choices[3],3,3,9ae2bdd7beedc2e766c6b76585530e16925115707dc7a06ab5ee4aa2776b2c7b
u03-s014-v011,question,explanation,31,71,a3cc4659eab46bf9131a887ceb9cc8a2e4d0e1ca26b71adc6abcccc8ac170bec
u03-s014-v011,question,steps[0],8,16,efaf4f45c864c0400805c5bc8b3a7f39f54fd518314906236aa016c29f942b63
u03-s014-v011,question,steps[1],7,11,20b52de00a12c60ed11685c26c0230f03b3f35de7dc17ffddcf03a5c10eadc96
u03-s014-v011,question,steps[2],4,10,36079bd8784dafe5072d35a3ef615dcc28c545cea5989e4e9746e30a0eed726b
u03-s014-v011,question,optionAnalysis[0].choice,1,1,e7f6c011776e8db7cd330b54174fd76f7d0216b612387a5ffcfb81e6f0919683
u03-s014-v011,question,optionAnalysis[0].reason,24,48,2757d552e786cd58075f2e5dc947a666abb956d1adf994b11ef6abb90c9fb43e
u03-s014-v011,question,optionAnalysis[1].choice,1,1,ef2d127de37b942baad06145e54b0c619a1f22327b2ebbcfbec78f5564afe39d
u03-s014-v011,question,optionAnalysis[1].reason,9,17,0f807e3a112bb88dbace8a814c2523c3e1e3c683f4e487972bc296d610463abd
u03-s014-v011,question,optionAnalysis[2].choice,1,1,7902699be42c8a8e46fbbb4501726517e86b22c56a189f7625a6da49081b2451
u03-s014-v011,question,optionAnalysis[2].reason,10,18,8d7cdc24224a162dba4394f8350e67c513d63fc1b01aa6b32beb4267fb94b163
u03-s014-v011,question,optionAnalysis[3].choice,3,3,9ae2bdd7beedc2e766c6b76585530e16925115707dc7a06ab5ee4aa2776b2c7b
u03-s014-v011,question,optionAnalysis[3].reason,8,18,05b0dfc98790d95b16b6828592f2da312c71a8478f3d5f3facd47b173868121d
u03-s014-v011,question,commonMistake,8,24,92c44e4318cff2ed7c7a0c7f0a2b4ea4f86c4a9b0ed8836821551ddb0b8c3ab0
u03-s014-v011,question,concept,12,36,1fa6e036397b8723c85908e5fd6e3b9cc8afe11e9ba8ad636d52f0c7e3b78114
u03-s014-v011,question,tags[0],2,6,32f6541b44ed479dbf6cc8c7dd98824e49e03974d72ad8b65c33383a9cbb349f
u03-s014-v011,question,tags[1],6,18,5b36d8a943a9cdedba7b5989d72d09c1009f3649a54f600d5e31b4b499612c81
u03-s014-v011,question,tags[2],8,8,578756ca4aa16d8872610a5aaa78460fd30fbe93379ff7284fe65d66ca606755
u03-s014-v011,question,estimatedTimeSec,2,2,f369cb89fc627e668987007d121ed1eacdc01db9e28f8bb26f358b7d8c4f08ac
u03-s014-v011,question,prerequisiteSkillIds[0],30,30,e0866261f060c5a853dccab8412e388f208583a57267cff00685eb06fda5c38e
u03-s014-v011,question,authoringIntent,12,36,88b4d9c4a74a8a2009fbd3121507549b1ae41857b00e4c683133269afada7c7a
u03-s014-v011,question,literacyContextNecessity,30,74,ba596b52450d08d2437baa941665d8c71e0f736a4647772d2df5d39a41d8ef5a
u03-s014-v011,question,reviewStatus,22,22,ec809598e2f7fcc69fad54c9cd045bba62b4a0dc7c0ff90d4efdc3788c9ad8fb
u03-s014-v011,question,contentSha256,64,64,0a1d54671b89362467d2175f5b378f2c0be5c2b6bfc86fafa1cc0ed070b94e2f
u03-s014-v011,question,contentAuthority,25,25,ed40f75ffe3d6ad4e71f6e7919d063410490de360edb425965eccd605ca9d79e
u03-s014-v011,question,legacyContentDisposition,39,39,2efcc87c0c9673d2efe77735ae75582eb178c880b07035d8695f010e324b7c71
u03-s014-v012,question,questionId,13,13,5201fe78f4cc733bb9aa289b3cbde840e63b1aa7176e9fcc4e06dde980db9198
u03-s014-v012,question,unitId,3,3,97ce842ec69dee17c1842918e63b9d4042fa4b35007146dcfb80a09c5000888a
u03-s014-v012,question,topicId,29,29,16eba8e6421b4779da94d46faca02d25b8d4852d17812a4e18690b3125d5c87a
u03-s014-v012,question,skillId,31,31,7f8889f2ddb573029fc2d46a6c1780b97d99ae2e32420e8f3c82bbe376d8dc4d
u03-s014-v012,question,difficulty,8,8,578756ca4aa16d8872610a5aaa78460fd30fbe93379ff7284fe65d66ca606755
u03-s014-v012,question,type,2,2,6bc0f9c4ecb0acbebf1b9f6c816bdd66f4885f67c917d9e141cf893014fba936
u03-s014-v012,question,visualMode,9,9,9c7d54b0bf7a9369d8594201c7b11955514343809d09fbec33966c1fd9794015
u03-s014-v012,question,sourceScope,19,19,a4b669ddb8ef1883391c07a7b633f12eeaeecee7ec37c09eea4931aff6644346
u03-s014-v012,question,text,55,125,f209e98681000ca90884970db698ab7f3be3b3343d80cdfc08fc5f17cfbcb9a3
u03-s014-v012,question,choices[0],2,2,4a44dc15364204a80fe80e9039455cc1608281820fe2b24f1e5233ade6af1dd5
u03-s014-v012,question,choices[1],2,2,f5ca38f748a1d6eaf726b8a42fb575c3c71f1864a8143301782de13da2d9202b
u03-s014-v012,question,choices[2],2,2,e629fa6598d732768f7c726b4b621285f9c3b85303900aa912017db7617d8bdb
u03-s014-v012,question,choices[3],2,2,d59eced1ded07f84c145592f65bdf854358e009c5cd705f5215bf18697fed103
u03-s014-v012,question,explanation,34,84,0f98544d731cf8ce6df91669f5c74bb8c0f9cff0910dc490e30a98da0daa272e
u03-s014-v012,question,steps[0],7,21,5aced95d36599cafc035053678620d10b7494d38a395d13582dfb8a3f9a9ccf9
u03-s014-v012,question,steps[1],8,14,9b4600bf0048b44124eace42b0548a409f6876f9ba4c453aec59f0043e7c1d6a
u03-s014-v012,question,steps[2],6,14,9b4c0d7e787f1f38b48e47e3eb2058be4638d075f44c429966979ee01dcbd3aa
u03-s014-v012,question,optionAnalysis[0].choice,2,2,4a44dc15364204a80fe80e9039455cc1608281820fe2b24f1e5233ade6af1dd5
u03-s014-v012,question,optionAnalysis[0].reason,7,15,46758b51c4c7955ce3b5a4955314cc0c47d48060c216b97e99bb3efcb18e9dc8
u03-s014-v012,question,optionAnalysis[1].choice,2,2,f5ca38f748a1d6eaf726b8a42fb575c3c71f1864a8143301782de13da2d9202b
u03-s014-v012,question,optionAnalysis[1].reason,38,72,e1b84106f96111b39a0b9182bff91a5196e35ac6e9dfe928ebb1dc55c3b33027
u03-s014-v012,question,optionAnalysis[2].choice,2,2,e629fa6598d732768f7c726b4b621285f9c3b85303900aa912017db7617d8bdb
u03-s014-v012,question,optionAnalysis[2].reason,8,20,198d76cb84bfce503281b4f7e86d316a486824a492204efc37bf613289656e08
u03-s014-v012,question,optionAnalysis[3].choice,2,2,d59eced1ded07f84c145592f65bdf854358e009c5cd705f5215bf18697fed103
u03-s014-v012,question,optionAnalysis[3].reason,8,20,3351fd4af203d960347dd48096ac75baa01c2b5f6d67780360b90c37c0b097a8
u03-s014-v012,question,commonMistake,12,36,73223641aac7aaef43260fee2ad5ad68f300345ae8b583e5d11d291210f1750c
u03-s014-v012,question,concept,18,50,24b08aeb3a767846ae2c641ddc408ef294ae9e37b3c6f9442dd6806601a5f953
u03-s014-v012,question,tags[0],2,6,32f6541b44ed479dbf6cc8c7dd98824e49e03974d72ad8b65c33383a9cbb349f
u03-s014-v012,question,tags[1],6,18,5b36d8a943a9cdedba7b5989d72d09c1009f3649a54f600d5e31b4b499612c81
u03-s014-v012,question,tags[2],8,8,578756ca4aa16d8872610a5aaa78460fd30fbe93379ff7284fe65d66ca606755
u03-s014-v012,question,estimatedTimeSec,2,2,f369cb89fc627e668987007d121ed1eacdc01db9e28f8bb26f358b7d8c4f08ac
u03-s014-v012,question,prerequisiteSkillIds[0],30,30,e0866261f060c5a853dccab8412e388f208583a57267cff00685eb06fda5c38e
u03-s014-v012,question,authoringIntent,12,36,6924c639f7b9fe5bb348156c1da142d6b2aa6c86c558853ef4e3f0c60e4c7179
u03-s014-v012,question,literacyContextNecessity,33,99,3a2784a471b100fa1d04041c54fbe446c8afa9089ed95ab664df1b3e21dacc94
u03-s014-v012,question,reviewStatus,22,22,ec809598e2f7fcc69fad54c9cd045bba62b4a0dc7c0ff90d4efdc3788c9ad8fb
u03-s014-v012,question,contentSha256,64,64,92493ac4a3fb33a6768c274811a057c9c76c0e1fe6bc9892e3b49b83cfba7ec1
u03-s014-v012,question,contentAuthority,25,25,ed40f75ffe3d6ad4e71f6e7919d063410490de360edb425965eccd605ca9d79e
u03-s014-v012,question,legacyContentDisposition,39,39,2efcc87c0c9673d2efe77735ae75582eb178c880b07035d8695f010e324b7c71
u03-s014-cr001,constructed-response,questionId,14,14,90acbd4c4f890b5baf970c3d952ab712ce6cd9c67837dc04df8c91b94d99e0c5
u03-s014-cr001,constructed-response,unitId,3,3,97ce842ec69dee17c1842918e63b9d4042fa4b35007146dcfb80a09c5000888a
u03-s014-cr001,constructed-response,topicId,29,29,16eba8e6421b4779da94d46faca02d25b8d4852d17812a4e18690b3125d5c87a
u03-s014-cr001,constructed-response,skillId,31,31,7f8889f2ddb573029fc2d46a6c1780b97d99ae2e32420e8f3c82bbe376d8dc4d
u03-s014-cr001,constructed-response,difficulty,8,8,fe6d3468cf5c74d8ec2a95b40f2e05338c37a4202f8fad692d2b64a9cf9b468a
u03-s014-cr001,constructed-response,type,20,20,e519496c259191db041ac61161dbfadb673dd94a10a123ed7423adcf7968ae7c
u03-s014-cr001,constructed-response,visualMode,9,9,9c7d54b0bf7a9369d8594201c7b11955514343809d09fbec33966c1fd9794015
u03-s014-cr001,constructed-response,prompt,67,163,3c22791d016b0d35243d37b54622c07f43467ce0fe7acec054a5c38c7cba98ef
u03-s014-cr001,constructed-response,requiredWork[0],8,24,e48bc8b313b011f10da227f46d9af67ae29c2e848e849696a1b6a13cdaf17d25
u03-s014-cr001,constructed-response,requiredWork[1],9,27,24ec30c0c836e80b14e6b0a128d64713e51dc4053b611c9524723c10b3eed64c
u03-s014-cr001,constructed-response,requiredWork[2],9,27,0f249eb2b1f2095ef4113c3c1a0b739db344de4100ea2630470b6ae777b84f65
u03-s014-cr001,constructed-response,fullCreditSolution[0],16,20,aa94db9d8914c687f096b8aeecd71484df88387b3fd8c6ebbc133272d3f4d5b9
u03-s014-cr001,constructed-response,fullCreditSolution[1],27,37,ff69f7005e1b0661393f538532c3dbcb15cd03c6a2003a112a4f78dcfd8f6728
u03-s014-cr001,constructed-response,fullCreditSolution[2],30,72,745c2e4031a75ba82b0f5df2e58fffde9f4d879c65d1db51ecc07cb7d9e9d434
u03-s014-cr001,constructed-response,alternativeSolutions[0],22,38,92505033b97d5a18e221526a03f55c3f3a44bb6d99b7d1285a3eccaa8bb36233
u03-s014-cr001,constructed-response,rubric[0].criteria,13,39,ec21a671e9f7aa8474e235bd0e6ab40c3d21aa1321885bca7e710f31c7811ef9
u03-s014-cr001,constructed-response,rubric[1].criteria,23,69,5a446971c17c50691ded5abf98a3856832a8f33b77ac83c6dd83c20185f262e0
u03-s014-cr001,constructed-response,rubric[2].criteria,14,20,4be972f56cf2b9e6ddcd1539bfda74454d73692d721b295b58a12ca801f7e0f6
u03-s014-cr001,constructed-response,rubric[3].criteria,10,30,3b086245d0a4e03e4487b959a7b0d7daf58accc435c198ea4c2f9c6e53fceca7
u03-s014-cr001,constructed-response,scoringNotes[0],14,42,cd605206f033bf9eb77fb66a20ada03efaf449b4f0635fc98dd861265ef39c50
u03-s014-cr001,constructed-response,scoringNotes[1],25,75,a2c565e5172ae5430bb229f94ce51035aa7b17f1f115f704476e4c19fc1098cf
u03-s014-cr001,constructed-response,commonErrors[0],11,22,ea217715970f001bb36eedcd5776e6fda47095536e89291add11ef3d88db7e4e
u03-s014-cr001,constructed-response,commonErrors[1],15,41,61128f27d73fc7e43121445bc7a0f4be056075d214681cd304bcdff09e6f3c3e
u03-s014-cr001,constructed-response,independentReview.derivedResult,15,35,85d1bc90f9b8482c677e636521f1e217d87290903b7bc4414b5f2b0ec4bbb4d1
u03-s014-cr001,constructed-response,independentReview.ambiguity,26,78,4b9998d99f5ff6b4c48867707da30b5a75387690128c1a0e4fdc7f35be5f3c7a
u03-s014-cr001,constructed-response,independentReview.decision,4,4,d74ff0ee8da3b9806b18c877dbf29bbde50b5bd8e4dad7a3a725000feb82e8f1
u03-s014-cr001,constructed-response,contentSha256,64,64,9e6ce484bc0c670b7b196e86cc2f554515d827c71c0841fc4f42a94b1a4dcf77
u03-s014-cr001,constructed-response,contentAuthority,25,25,ed40f75ffe3d6ad4e71f6e7919d063410490de360edb425965eccd605ca9d79e
u03-s014-cr001,constructed-response,legacyContentDisposition,39,39,2efcc87c0c9673d2efe77735ae75582eb178c880b07035d8695f010e324b7c71
u03-s014-cr002,constructed-response,questionId,14,14,f7b554f454b3508a706871f629db0d9601e900842562ff19530def7742c1670f
u03-s014-cr002,constructed-response,unitId,3,3,97ce842ec69dee17c1842918e63b9d4042fa4b35007146dcfb80a09c5000888a
u03-s014-cr002,constructed-response,topicId,29,29,16eba8e6421b4779da94d46faca02d25b8d4852d17812a4e18690b3125d5c87a
u03-s014-cr002,constructed-response,skillId,31,31,7f8889f2ddb573029fc2d46a6c1780b97d99ae2e32420e8f3c82bbe376d8dc4d
u03-s014-cr002,constructed-response,difficulty,8,8,d21f85ea38166303ce58e06134b5cc4a5c900c409ab2a500ff7c9225109a09bb
u03-s014-cr002,constructed-response,type,20,20,e519496c259191db041ac61161dbfadb673dd94a10a123ed7423adcf7968ae7c
u03-s014-cr002,constructed-response,visualMode,9,9,9c7d54b0bf7a9369d8594201c7b11955514343809d09fbec33966c1fd9794015
u03-s014-cr002,constructed-response,prompt,79,197,5e293bf321b8393471a2033335899453401bca6cd1c0911ba965b2d1bbe763e2
u03-s014-cr002,constructed-response,requiredWork[0],6,18,c6e5acd0cf905525daeeb3326070c077f60440079294184cb8441f03c6234e7a
u03-s014-cr002,constructed-response,requiredWork[1],5,15,32f3f4a33738bd0eb8dd512a7da6466ddab0af236925d7e3f567c595ab9f182d
u03-s014-cr002,constructed-response,requiredWork[2],15,41,ada22ff552d72aa99e9b846781a20d61573b5d5ae62dafbd42a7d8f9f21ecbcb
u03-s014-cr002,constructed-response,fullCreditSolution[0],14,22,2e09c6a8e4393007b195225cd866e4e8c283c035bf37ae1e55326a2652f5fb55
u03-s014-cr002,constructed-response,fullCreditSolution[1],20,30,6583fc1f4d9f8643ea458b7da83b122c750f6e31a45920aeef61a8703f420b18
u03-s014-cr002,constructed-response,fullCreditSolution[2],23,49,bebc52ce6d18e628fc7c3b86c46ca6eb9bf86f0362b02c6688d5e8752873ceea
u03-s014-cr002,constructed-response,alternativeSolutions[0],26,68,f338cedadd39939450f481d9971eae90dc0e4dbecc4db4deb5747b3b6a07d625
u03-s014-cr002,constructed-response,rubric[0].criteria,17,47,6ca873d8517d90e99a715f501b6ec14f7f281eb76852d0e1d774cee3c6b4c604
u03-s014-cr002,constructed-response,rubric[1].criteria,17,51,3457d248d0741497e13921ca9713785fec52db8c247d3908789e6193f05cfe90
u03-s014-cr002,constructed-response,rubric[2].criteria,19,53,f6966397b5caf0273aabbc76e1a2da8af43a5d0451b5614a56e11e7dcc28afd9
u03-s014-cr002,constructed-response,rubric[3].criteria,10,30,ba758527c85506c292ac9d24253b2b14f911b46bd3b62affa198644c81afa71c
u03-s014-cr002,constructed-response,scoringNotes[0],14,42,cd605206f033bf9eb77fb66a20ada03efaf449b4f0635fc98dd861265ef39c50
u03-s014-cr002,constructed-response,scoringNotes[1],25,75,a2c565e5172ae5430bb229f94ce51035aa7b17f1f115f704476e4c19fc1098cf
u03-s014-cr002,constructed-response,commonErrors[0],9,27,16a7bb43a61dc2b0306a829e622e02869263f4bd7fd247e29f8aff3c85404f85
u03-s014-cr002,constructed-response,commonErrors[1],13,31,84a3e456e40a259899da8dee8e243eddd8b4791fff7cf86a4f88a6d2889c8441
u03-s014-cr002,constructed-response,independentReview.derivedResult,16,36,ab3285f4c3199451718e0a9e23c0ccbe17a2fcd61c198afe179442ae15cd45c6
u03-s014-cr002,constructed-response,independentReview.ambiguity,26,78,4b9998d99f5ff6b4c48867707da30b5a75387690128c1a0e4fdc7f35be5f3c7a
u03-s014-cr002,constructed-response,independentReview.decision,4,4,d74ff0ee8da3b9806b18c877dbf29bbde50b5bd8e4dad7a3a725000feb82e8f1
u03-s014-cr002,constructed-response,contentSha256,64,64,d301e3e760b4be57f93abe0f962fabf60839d6c8a96bd40dd5df8b32b35b80db
u03-s014-cr002,constructed-response,contentAuthority,25,25,ed40f75ffe3d6ad4e71f6e7919d063410490de360edb425965eccd605ca9d79e
u03-s014-cr002,constructed-response,legacyContentDisposition,39,39,2efcc87c0c9673d2efe77735ae75582eb178c880b07035d8695f010e324b7c71
u03-s015-lecture-r1,lecture,lectureId,19,19,c1b40b0aa341b3d986db6a81fe932f1863037866b7c1be8bc2ae8743371b96d9
u03-s015-lecture-r1,lecture,unitId,3,3,97ce842ec69dee17c1842918e63b9d4042fa4b35007146dcfb80a09c5000888a
u03-s015-lecture-r1,lecture,topicId,29,29,16eba8e6421b4779da94d46faca02d25b8d4852d17812a4e18690b3125d5c87a
u03-s015-lecture-r1,lecture,skillId,32,32,b2cf949425a74ed6ff6386f87bcbd51f39254d28d74f4fff57d447f0af22569a
u03-s015-lecture-r1,lecture,title,25,75,4ebcb924adb0ef6a9ee29a4d1e063ce9d30781e7722b44e8845b9afd0d3c7053
u03-s015-lecture-r1,lecture,audience,10,30,e6b4416fbd9f36797de01256b31a4d6f6314e126fde8495e25792c814f64fc5f
u03-s015-lecture-r1,lecture,reviewStatus,22,22,ec809598e2f7fcc69fad54c9cd045bba62b4a0dc7c0ff90d4efdc3788c9ad8fb
u03-s015-lecture-r1,lecture,learningOutcomes[0],22,66,2d489bed47432897aeb6af12222393dcd40055ea8a15adc90f610634bd92f2c1
u03-s015-lecture-r1,lecture,learningOutcomes[1],21,63,f505ca39f7d8890aad6bcbd8425377b147333a9d19aa3f76593911b268c75c06
u03-s015-lecture-r1,lecture,learningOutcomes[2],19,57,01ac839dc2f871c0cc4cbf213175526af49235cd31bffae2ec84e2e3e94d4def
u03-s015-lecture-r1,lecture,learningOutcomes[3],18,54,5d45a9734d6f40bd48464fe8f4b26ba5496c1812de138437ff251b97adc2370b
u03-s015-lecture-r1,lecture,prerequisites[0].skillId,31,31,7f8889f2ddb573029fc2d46a6c1780b97d99ae2e32420e8f3c82bbe376d8dc4d
u03-s015-lecture-r1,lecture,prerequisites[0].requiredLevel,23,69,ffe2e4745dba643e7b9cf4e1c3b1d3fd379b50021152c159452195343d790278
u03-s015-lecture-r1,lecture,glossary[0].term,4,12,5577fc89172aa4e637e6e4067b954cff8ba5ccd03593a8ab81f390ceba256ff7
u03-s015-lecture-r1,lecture,glossary[0].definition,20,60,250ae8bd2b01a55f5630d5076d1e76036f450e18359a7824eb921f7f6a215adc
u03-s015-lecture-r1,lecture,glossary[1].term,3,9,2dff8603c8999543e0a6db0171c2ca9763c2cccc41355c0806816a565d2340fe
u03-s015-lecture-r1,lecture,glossary[1].definition,12,36,227509bd3dc763c4fa29d7f5b3ecd6c911d38c60291dfb7322c6beafc49956b5
u03-s015-lecture-r1,lecture,glossary[2].term,3,9,676b149905d11733909cffb2665fc4a6919ca4762bb6162fbc00c93237b8bc27
u03-s015-lecture-r1,lecture,glossary[2].definition,17,51,361d18cab82b5406e97c87fb6992e7196475487ff3b9623a283ebd182fb946c6
u03-s015-lecture-r1,lecture,glossary[3].term,4,12,28f5f51249f0f601883a2b0f0a05508437e6328d99ad79844cf5c5665379a701
u03-s015-lecture-r1,lecture,glossary[3].definition,21,63,646f34df1689f814f85f6f1c16543df8bc9562d9ef8c494ce7fa56ded386225e
u03-s015-lecture-r1,lecture,notation[0].symbol,6,6,30d6f401dddf08ac655ba9752bb9e9fce685d908e9d58fc7b1d555e5d33713f9
u03-s015-lecture-r1,lecture,notation[0].meaning,21,55,71bcca30fa6958bd862a08f19df532a50a071405ea7cec5ed03e2ea3eefcc811
u03-s015-lecture-r1,lecture,notation[1].symbol,6,6,c83a6961a98f19f0aebf190559e5bb16f1d298d54dbe60afe70b9e6b65104daa
u03-s015-lecture-r1,lecture,notation[1].meaning,17,47,a530845b4f0f3086d1dfcfae228193e9c1aaad2700af43c6edb03c815927236e
u03-s015-lecture-r1,lecture,conceptNarrative[0],30,90,ed3c0cba6a10e4e41fab21248b33ce174baa266e8d2571ca5ed252e2eb74a824
u03-s015-lecture-r1,lecture,conceptNarrative[1],30,90,7850e17a9ac7af562732892e6c40504585e9b4387c556ce081613bacc9fe390d
u03-s015-lecture-r1,lecture,conceptNarrative[2],25,73,e88be9efc1fd89fef6f09bbc2051ab1fee5d66d5cbe12c42b847f23890a34533
u03-s015-lecture-r1,lecture,conceptNarrative[3],26,78,0922684ba47d1892bfc59bb5de24dec7c02b52143bd30bc33fa72ec00dc77dba
u03-s015-lecture-r1,lecture,formalDefinitions[0].name,6,18,44521e46e83f94de3cff775779e78cfe4b371baf2c434cd9387292df7d95fc3a
u03-s015-lecture-r1,lecture,formalDefinitions[0].statement,16,43,30ad525bb55bfa6ee6c33a28c96d66aed2120385ae104d0f021cebbe06b449ed
u03-s015-lecture-r1,lecture,formalDefinitions[1].name,6,18,320e94e3ac22442ab34244be0b519c2daab8ba97ae50709fcedb049fd790c516
u03-s015-lecture-r1,lecture,formalDefinitions[1].statement,19,52,a27898fba8d57a11c9024796e4edb40ca51efafc878a85f7a5e47845d15bd317
u03-s015-lecture-r1,lecture,formulas[0].formula,6,6,30d6f401dddf08ac655ba9752bb9e9fce685d908e9d58fc7b1d555e5d33713f9
u03-s015-lecture-r1,lecture,formulas[0].conditions[0],6,18,0714fde1d118a4af2fbfe5f1a72557490d01342f81435a0cd07cd9c23516a13d
u03-s015-lecture-r1,lecture,formulas[0].conditions[1],9,25,c26a199d279f715b911cdf3dbfeb12d37cb4a153d410ff83a6a58b9c8d8cd819
u03-s015-lecture-r1,lecture,formulas[0].meaning,5,15,939f160195f78b7fc07e0bd79c357b57df369a8b4ebee487bf30f5d53aed27e5
u03-s015-lecture-r1,lecture,formulas[1].formula,6,6,c83a6961a98f19f0aebf190559e5bb16f1d298d54dbe60afe70b9e6b65104daa
u03-s015-lecture-r1,lecture,formulas[1].conditions[0],14,42,1024e83dd52861bf8caeb4870390ea47d2f30dda9ac2b5c37e62c6608ae6a5d5
u03-s015-lecture-r1,lecture,formulas[1].meaning,5,15,58b2c860085dd5a0fa67601dead8a06ccd02de90a1b432f69362d9081499295f
u03-s015-lecture-r1,lecture,nonApplicableCases[0],21,63,9c7e45e9a537a8ecbc3ab7908fce167790917c557f343fa7cdcc3a9f9a35d79c
u03-s015-lecture-r1,lecture,nonApplicableCases[1],18,54,6809b5dd01524a35c83b9aa6559d4d6bb616bf9a4c1c9f9c753028512ee5c63c
u03-s015-lecture-r1,lecture,nonApplicableCases[2],15,45,181f5f5cb73a7e24c6b2844bf1caa6af2139a35885df91706d49013872bc493f
u03-s015-lecture-r1,lecture,nonApplicableCases[3],25,75,941c815c5f1f99c94409dcab32de6477b38909175aa87dd846b7f8dd424a337f
u03-s015-lecture-r1,lecture,method[0].instruction,14,42,e77583e0e075a53efb587ca5cc308cd6f48fb7293dcec10c95fc7dbd55847e43
u03-s015-lecture-r1,lecture,method[0].check,8,24,584db689fd25c9647fde3e00b4214abec28a288c6710be534b8583615bca0c37
u03-s015-lecture-r1,lecture,method[1].instruction,18,54,20ca6eb8fa06a50251362b8c6b77c9cadba4f735c9a487fea96de41383709ef9
u03-s015-lecture-r1,lecture,method[1].check,12,36,1a46ba3ea321bd061b414acc9b8e3fa803698b7be777f33536371eb4e43c4007
u03-s015-lecture-r1,lecture,method[2].instruction,15,45,a111d87e645bd362b0f1a5fea15568d6a28a6d1f806169443799eaabcc582411
u03-s015-lecture-r1,lecture,method[2].check,12,36,226697d766a014df119974ef11dbdb9b49d30328be628f339643bd8813ac1613
u03-s015-lecture-r1,lecture,method[3].instruction,12,36,b9a8d7ca45517cb0072ba8e777f091a8c2bbe8292889cb45e061c3d73e0d67fd
u03-s015-lecture-r1,lecture,method[3].check,11,33,12c4e2d494ad3fe84e7b3cb0887c652ea22c5102ba664c8b6a5fff5029a9fd3a
u03-s015-lecture-r1,lecture,method[4].instruction,9,27,c27b3505fb765a5202450ed11ed8c4990ea8da0f9a01d31f8674693b544d407b
u03-s015-lecture-r1,lecture,method[4].check,13,39,94bdc26d4ca08b11121c335f3223f13f81813529ad34635149ca631e176ce053
u03-s015-lecture-r1,lecture,workedExamples[0].exampleId,2,2,dffe8596427fc50e8f64654a609af134d45552f18bbecef90b31135a9e7acaa0
u03-s015-lecture-r1,lecture,workedExamples[0].prompt,29,71,253343f7e6fa84064d62f21d8e73aebf35d6aa758a671b9bba46011d63ded69e
u03-s015-lecture-r1,lecture,workedExamples[0].solutionSteps[0],12,14,c05a2f2e7760edfbec80ad64342baf56091ac288e2e9d01b32945a5281d9d723
u03-s015-lecture-r1,lecture,workedExamples[0].solutionSteps[1],8,10,c27fbfd950c5b742c8d71ba3ef2942e73ea931876d64f80f13484156ec46015f
u03-s015-lecture-r1,lecture,workedExamples[0].solutionSteps[2],5,7,c739d9ff20abe7a5ec74cbba232303e60cd2c3b6aba37cf406e6879279326f7d
u03-s015-lecture-r1,lecture,workedExamples[0].answer,4,8,2555075759dd1573d8b57d468fc7979b4d81bc01a6bd728110ec940a24f393a8
u03-s015-lecture-r1,lecture,workedExamples[1].exampleId,2,2,d76354d8457898445bb69e0dc0dc95fb74cc3cf334f8c1859162a16ad0041f8d
u03-s015-lecture-r1,lecture,workedExamples[1].prompt,28,72,7694ef5d3a46b5f175688aafdd3859cf85c245c458e891ff6495831a6a315845
u03-s015-lecture-r1,lecture,workedExamples[1].solutionSteps[0],10,12,cbd551cdfa65265f2b32042755c6da092243b5e438f1044195477cb1559db732
u03-s015-lecture-r1,lecture,workedExamples[1].solutionSteps[1],6,8,b8385274868e9be03440e6a2104d4bab08bd908f4e5f44c2c9d49f6c5acd2155
u03-s015-lecture-r1,lecture,workedExamples[1].solutionSteps[2],5,7,ca81bc679c1bf1eb8323c89ce8866e0468fdebea7655eb330968f330df3cffe5
u03-s015-lecture-r1,lecture,workedExamples[1].answer,5,11,82662b377e91041ee923b4ebfe0b2f8db76c8ab637d23281ae7fdef4f596d50b
u03-s015-lecture-r1,lecture,workedExamples[2].exampleId,2,2,842983de8fb1d277a3fad5c8295c7a14317c458718a10c5a35b23e7f992a5c80
u03-s015-lecture-r1,lecture,workedExamples[2].prompt,30,68,57e7914b97aa2385d1554f655787a0ad44dff96685dc770254893570798d8ee5
u03-s015-lecture-r1,lecture,workedExamples[2].solutionSteps[0],15,17,06260a9181c741eeab9b619a21ecf1347133d52ad1c9573c1dc2062481d922e7
u03-s015-lecture-r1,lecture,workedExamples[2].solutionSteps[1],10,12,cfdfbc8ae7047938d7a0b368b3bdc7ebed24700570cd5914be6b1f79aa57b1ec
u03-s015-lecture-r1,lecture,workedExamples[2].solutionSteps[2],5,7,9e606973be252f0a49197c7056c0bd84b0823e614d69835976d4fef664e0fd1d
u03-s015-lecture-r1,lecture,workedExamples[2].answer,4,8,e4f7e908f9214ec0bbd0ec5d1da74beb370d78235d755c9ddf4b3303dc045af0
u03-s015-lecture-r1,lecture,workedExamples[3].exampleId,2,2,4a5a97c6433c4c062457e9335709d57493e75527809d8a9586c141e591ac9f2c
u03-s015-lecture-r1,lecture,workedExamples[3].prompt,25,61,670d1ebc22c7a25ad238a95a10d53aac314f983963138b99db3d657402861eba
u03-s015-lecture-r1,lecture,workedExamples[3].solutionSteps[0],12,21,dcd3816a1622c4a5d7491433befe0073ede9eb753492cc69d50c4f8037c79152
u03-s015-lecture-r1,lecture,workedExamples[3].solutionSteps[1],7,13,7609f1b53159a0076c94e0ca55c1870005e465c66b35eb6e2bea691db8298443
u03-s015-lecture-r1,lecture,workedExamples[3].answer,5,11,63f2e935b187b36e4b9d9ed87bfe39b24eedbbce50fade8df5eacf6f37b4d540
u03-s015-lecture-r1,lecture,commonMistakes[0].mistake,10,30,44338843d1db66138898dc8190afdda1d291f7896af648826ba6f360980fddf6
u03-s015-lecture-r1,lecture,commonMistakes[0].why,9,27,d1d7a6d477a2fd066cc2091f80a1782cc8ac0c68263db47e9fab53dcb3db211a
u03-s015-lecture-r1,lecture,commonMistakes[0].correction,6,18,3b2d2f85db9e2e9bdf6ccdceb481d3b048aeebfab90dc7f86e702f43dd4699cf
u03-s015-lecture-r1,lecture,commonMistakes[1].mistake,9,27,09a321d0ea36ac5e2acbd58a4e71bf1d9b1e28104aa7008c3949bb2fa4a4069a
u03-s015-lecture-r1,lecture,commonMistakes[1].why,8,24,52e1d512da354157d8927e8e8d275c766d120dcdfc94fa64b19fa1ef61fe8d97
u03-s015-lecture-r1,lecture,commonMistakes[1].correction,5,11,d3a513301af1536e96c6d533f45842a1e438290a2a053be702c29bf7d060f68a
u03-s015-lecture-r1,lecture,commonMistakes[2].mistake,8,24,801941b0b37a5c610f16356b12f79566288fe1ebad084413c0b95fc5e2c10cb3
u03-s015-lecture-r1,lecture,commonMistakes[2].why,8,24,07a054b186454b5bcccf758f045303b32c12bae25c257b035f19958dd453e2a8
u03-s015-lecture-r1,lecture,commonMistakes[2].correction,9,27,7c95e2bf36566e7e52177fe44a93f186c907e6f5be5dcfcc5e71b8e9cac54adc
u03-s015-lecture-r1,lecture,commonMistakes[3].mistake,10,30,52556b74b18be057207c05a54c6c7e51ee382ce8125a657a38abb16ddceaa4dc
u03-s015-lecture-r1,lecture,commonMistakes[3].why,5,15,c8374fa7909cff349618e6d47fdbff99948166721df64d021ae39b9d55d808d6
u03-s015-lecture-r1,lecture,commonMistakes[3].correction,12,36,995f19dcbec40175ac633b2a1f3d9b04012c4fc08fb57536dc6b8cc97fcaf13f
u03-s015-lecture-r1,lecture,commonMistakes[4].mistake,9,27,5c56bfa649e9eb105d0dcee353fe36ba125a3ca18c24d2294e86a8d7e07a0cb5
u03-s015-lecture-r1,lecture,commonMistakes[4].why,10,30,53bb4acea7dadb179e1b815200cc358b02831a44944062749b321a581ac6b374
u03-s015-lecture-r1,lecture,commonMistakes[4].correction,12,36,8e7a07ef4f650c67ca88ac845115237d19c908c4e7b3cc7e02a68a03a761c79b
u03-s015-lecture-r1,lecture,commonMistakes[5].mistake,8,24,1c2495f323516203623ed3b8ce308bbaf963b8a6e3c47af88da59e04ba8f85f8
u03-s015-lecture-r1,lecture,commonMistakes[5].why,13,39,18b1b2c635703306fe38e5f06444db545d890e323ea87447301664ece56226e5
u03-s015-lecture-r1,lecture,commonMistakes[5].correction,11,33,4c65b4827e91a712f888cc60cdc085641dcb24a7d1907889df18684342db9025
u03-s015-lecture-r1,lecture,selfCheck[0],13,39,92be0bef7f1e8b73f527f52cf44d8bc4858f8289b7d463f6bdcdaefe9e4e1b17
u03-s015-lecture-r1,lecture,selfCheck[1],12,36,ece7bce92af75fa08d3334a58eb61ae8b003140e97978843fdc14f7705971fa9
u03-s015-lecture-r1,lecture,selfCheck[2],10,30,5bfb6e7cd398e165b11a20c6b8a0bf24bfb12837b5da3dc4d74b74fce5d85fc0
u03-s015-lecture-r1,lecture,selfCheck[3],13,39,910a8596f11b819cf22484c8c3efae8025acbe6d12814eba3b1841f2899f30bd
u03-s015-lecture-r1,lecture,selfCheck[4],11,33,89cb1fd9883985d405ea92db25192849819334f08653f1d5e9aa199bae7f5430
u03-s015-lecture-r1,lecture,summary[0],12,36,4d9dc636f8501cc5c10364796ff7624b075ca55eaa9372e132ee1eecfb3fdaeb
u03-s015-lecture-r1,lecture,summary[1],11,33,696af6897b2ee512048c542243df245046ad3ed060f72d374cd3d559e93aa30a
u03-s015-lecture-r1,lecture,summary[2],12,36,0c1344ab86898097bff69833fc0fcb8a41345c3b731c8cc231ec550ec1169d31
u03-s015-lecture-r1,lecture,summary[3],11,33,5a3531871c51188428273e29269888e668ec2c27dc63185f89ec5f4326fc5de0
u03-s015-lecture-r1,lecture,connections.previous,35,87,b63c7097c763bb5d38d51cd04ade12bf23c191996eb599c9eb8b3113f4aebd76
u03-s015-lecture-r1,lecture,connections.next[0],27,81,ac3bf9f55cd33a6fc88111fd0d23b169fb76a301016127d7660acf1585dba675
u03-s015-lecture-r1,lecture,connections.next[1],23,69,a08b14732a26b11d7577b174b45bbdf6d154b7c3e1206a84f610d084cd31d0ae
u03-s015-lecture-r1,lecture,practiceLinks.mcQuestionIds[0],13,13,675fb332ee2800d5a70c3ed3b6829ca94ba80e07affe042801a2c4141942226d
u03-s015-lecture-r1,lecture,practiceLinks.mcQuestionIds[1],13,13,42b6d8784ce165cd7df7759dbda23af6a5dc950b2a4f952d715533c9154fdbe6
u03-s015-lecture-r1,lecture,practiceLinks.mcQuestionIds[2],13,13,47553e73b27dbea9c1c55b37fe1e7f5f65281a94445f37b41734df1ed7ad73df
u03-s015-lecture-r1,lecture,practiceLinks.mcQuestionIds[3],13,13,7c0bc2fdf6bf05eca1ebccdd9384add932230046961d13464c7f553f306c3006
u03-s015-lecture-r1,lecture,practiceLinks.mcQuestionIds[4],13,13,26506e130b07d58ab2563a0847bdad33d906abc275716942af4e5a1a6b1db049
u03-s015-lecture-r1,lecture,practiceLinks.mcQuestionIds[5],13,13,bd4f6617a1ebc02eed9f822f35511fb27f503b3613bee2aadbbeffdfd0948cd2
u03-s015-lecture-r1,lecture,practiceLinks.mcQuestionIds[6],13,13,92fe4445f6f6b8438540131fe6e63aa10c054b3c74a9b1a9c47deb5bdcba6929
u03-s015-lecture-r1,lecture,practiceLinks.mcQuestionIds[7],13,13,4dc3421d39de9191cb8610235783f915d356fa0d8bcad9f0307b632f75aac6d6
u03-s015-lecture-r1,lecture,practiceLinks.mcQuestionIds[8],13,13,210b5e83059e047844bc53ac1f185f6ace1a987f1d986baa2379a3d6691ae49f
u03-s015-lecture-r1,lecture,practiceLinks.mcQuestionIds[9],13,13,247fc26a462084e85eeb86985c4b9307212e8a4e10fd5a778120148c67514c15
u03-s015-lecture-r1,lecture,practiceLinks.mcQuestionIds[10],13,13,d643ccfbd5dd16a3f67310e9e823f9b571e56643ddbc3d353b19aac350a02cf0
u03-s015-lecture-r1,lecture,practiceLinks.mcQuestionIds[11],13,13,03640b3d9e0bc32104eee739d761e56e5d3d19987f43f157122f21051ac6ecb8
u03-s015-lecture-r1,lecture,practiceLinks.constructedResponseIds[0],14,14,ce7b60060020f7edc6887e8089a9bc0a4e2fb8ba3b824b2828bcb31dc157824b
u03-s015-lecture-r1,lecture,practiceLinks.constructedResponseIds[1],14,14,dcade34e3a4bfc87364a65221575b6ce7003ea233bff8618e9ec7a6862de3057
u03-s015-lecture-r1,lecture,lectureReview.mathematicalCorrectness,4,4,d74ff0ee8da3b9806b18c877dbf29bbde50b5bd8e4dad7a3a725000feb82e8f1
u03-s015-lecture-r1,lecture,lectureReview.zeroFoundationReadability,4,4,d74ff0ee8da3b9806b18c877dbf29bbde50b5bd8e4dad7a3a725000feb82e8f1
u03-s015-lecture-r1,lecture,lectureReview.scopeCheck,21,21,fdf8268f0373301b2fcc6331f1d8999b8aabea69681e8bc972ab9a21216a7606
u03-s015-lecture-r1,lecture,lectureReview.reviewNote,84,152,40a3977f09a8323b0c2c865a4f1fff5eb8547c24f2fe643d216a3fdbf30d9cee
u03-s015-lecture-r1,lecture,lectureReview.reviewVersion,25,25,413c3743bf06637b23333702bf9263e0db21fd6b3c3879070d877faca58db442
u03-s015-lecture-r1,lecture,lectureReview.reviewedAt,10,10,14158d45727526145ef514139eeb669eb54d613dbcffe524f099dbb71c9d8b08
u03-s015-lecture-r1,lecture,contentSha256,64,64,16ea11d369f8387581936d406fe1f4c4294832ce5a2b0c18f01deb42ad625b83
u03-s015-lecture-r1,lecture,contentAuthority,25,25,ed40f75ffe3d6ad4e71f6e7919d063410490de360edb425965eccd605ca9d79e
u03-s015-lecture-r1,lecture,legacyContentDisposition,40,40,bb8421a43fb9d90c642b60311f091a34addbe10678daf757010d688c8c2a21b3
u03-s015-v001,question,questionId,13,13,675fb332ee2800d5a70c3ed3b6829ca94ba80e07affe042801a2c4141942226d
u03-s015-v001,question,unitId,3,3,97ce842ec69dee17c1842918e63b9d4042fa4b35007146dcfb80a09c5000888a
u03-s015-v001,question,topicId,29,29,16eba8e6421b4779da94d46faca02d25b8d4852d17812a4e18690b3125d5c87a
u03-s015-v001,question,skillId,32,32,b2cf949425a74ed6ff6386f87bcbd51f39254d28d74f4fff57d447f0af22569a
u03-s015-v001,question,difficulty,5,5,fbb7b5bf4ca348eeeebf8cc3660712859a5a1fbf18e83217a57ce203fb51d5c2
u03-s015-v001,question,type,2,2,6bc0f9c4ecb0acbebf1b9f6c816bdd66f4885f67c917d9e141cf893014fba936
u03-s015-v001,question,visualMode,9,9,9c7d54b0bf7a9369d8594201c7b11955514343809d09fbec33966c1fd9794015
u03-s015-v001,question,sourceScope,19,19,a4b669ddb8ef1883391c07a7b633f12eeaeecee7ec37c09eea4931aff6644346
u03-s015-v001,question,text,58,144,89ea8c3206ad12aa40fbc47cc8d1ddad174ba9655818ff5c24c0fe9a02708d86
u03-s015-v001,question,choices[0],2,2,4a44dc15364204a80fe80e9039455cc1608281820fe2b24f1e5233ade6af1dd5
u03-s015-v001,question,choices[1],1,1,7902699be42c8a8e46fbbb4501726517e86b22c56a189f7625a6da49081b2451
u03-s015-v001,question,choices[2],2,2,3fdba35f04dc8c462986c992bcf875546257113072a909c162f7e470e581e278
u03-s015-v001,question,choices[3],3,3,d6f0c71ef0c88e45e4b3a2118fcb83b0def392d759c901e9d755d0e879028727
u03-s015-v001,question,explanation,44,96,12b5818fbd172d6697d7b9ff849b02e5b5116c5ac53e991d39d55289bdef6bce
u03-s015-v001,question,steps[0],11,27,8452a7c97e88e8004c4a52eed219b0ffd95672ce45ec5a66df781c696c928557
u03-s015-v001,question,steps[1],12,14,5ff371850ac8b72faa329f53cf34ae276b7a780ef2b527859f89fa0ad9b01fc4
u03-s015-v001,question,steps[2],8,20,0374be16a67f4463bc2d1fa3d876e587fa4a695427fcdaf09fa14bfa999d6af8
u03-s015-v001,question,optionAnalysis[0].choice,2,2,4a44dc15364204a80fe80e9039455cc1608281820fe2b24f1e5233ade6af1dd5
u03-s015-v001,question,optionAnalysis[0].reason,46,90,106bbfbcd36779700b3e62b1cb07f072ab91666806bb6bc5cce4b298a0f4f3c2
u03-s015-v001,question,optionAnalysis[1].choice,1,1,7902699be42c8a8e46fbbb4501726517e86b22c56a189f7625a6da49081b2451
u03-s015-v001,question,optionAnalysis[1].reason,9,25,2a3db46faebdc8fe3ef871e4cafe9e2b2d603230bd58bdf47e5182115f00095f
u03-s015-v001,question,optionAnalysis[2].choice,2,2,3fdba35f04dc8c462986c992bcf875546257113072a909c162f7e470e581e278
u03-s015-v001,question,optionAnalysis[2].reason,14,36,df0a8d194c836769d5845a607846d94759b05dc8679ecb78e5b89c25d1033629
u03-s015-v001,question,optionAnalysis[3].choice,3,3,d6f0c71ef0c88e45e4b3a2118fcb83b0def392d759c901e9d755d0e879028727
u03-s015-v001,question,optionAnalysis[3].reason,11,23,c61f9ebd7e5ca0a2adc2fe9055b64d83db48fdf3bd023870ca2a1d7f682d9787
u03-s015-v001,question,commonMistake,7,19,7a29ff79e784f84b74b1af405c0feef845e6b6eda6ac051c2140dd882f63d31a
u03-s015-v001,question,concept,16,48,7448f96925d21104be743ade7a9232b53ececfa9a1c17ea9df6e82814874d8e9
u03-s015-v001,question,tags[0],2,6,32f6541b44ed479dbf6cc8c7dd98824e49e03974d72ad8b65c33383a9cbb349f
u03-s015-v001,question,tags[1],12,36,627abb0f9b10d7a3d59b978018dc35dd4353311695bb0c130adb25fc29e78f1f
u03-s015-v001,question,tags[2],5,5,fbb7b5bf4ca348eeeebf8cc3660712859a5a1fbf18e83217a57ce203fb51d5c2
u03-s015-v001,question,estimatedTimeSec,2,2,f369cb89fc627e668987007d121ed1eacdc01db9e28f8bb26f358b7d8c4f08ac
u03-s015-v001,question,prerequisiteSkillIds[0],31,31,7f8889f2ddb573029fc2d46a6c1780b97d99ae2e32420e8f3c82bbe376d8dc4d
u03-s015-v001,question,authoringIntent,15,45,7c5f03c8196b8db6032c13e20edba344442bf467636db0664315dfdc786190d0
u03-s015-v001,question,reviewStatus,22,22,ec809598e2f7fcc69fad54c9cd045bba62b4a0dc7c0ff90d4efdc3788c9ad8fb
u03-s015-v001,question,contentSha256,64,64,0b0483d3162517d241b7b65c1aaf8a365a8fb634eb0f80a8be064ce971c0d88e
u03-s015-v001,question,contentAuthority,25,25,ed40f75ffe3d6ad4e71f6e7919d063410490de360edb425965eccd605ca9d79e
u03-s015-v001,question,legacyContentDisposition,39,39,2efcc87c0c9673d2efe77735ae75582eb178c880b07035d8695f010e324b7c71
u03-s015-v002,question,questionId,13,13,42b6d8784ce165cd7df7759dbda23af6a5dc950b2a4f952d715533c9154fdbe6
u03-s015-v002,question,unitId,3,3,97ce842ec69dee17c1842918e63b9d4042fa4b35007146dcfb80a09c5000888a
u03-s015-v002,question,topicId,29,29,16eba8e6421b4779da94d46faca02d25b8d4852d17812a4e18690b3125d5c87a
u03-s015-v002,question,skillId,32,32,b2cf949425a74ed6ff6386f87bcbd51f39254d28d74f4fff57d447f0af22569a
u03-s015-v002,question,difficulty,5,5,fbb7b5bf4ca348eeeebf8cc3660712859a5a1fbf18e83217a57ce203fb51d5c2
u03-s015-v002,question,type,2,2,6bc0f9c4ecb0acbebf1b9f6c816bdd66f4885f67c917d9e141cf893014fba936
u03-s015-v002,question,visualMode,9,9,9c7d54b0bf7a9369d8594201c7b11955514343809d09fbec33966c1fd9794015
u03-s015-v002,question,sourceScope,19,19,a4b669ddb8ef1883391c07a7b633f12eeaeecee7ec37c09eea4931aff6644346
u03-s015-v002,question,text,48,104,8048af1dd92c83f1e029af8005039e5bee593b404a44aefe8ef4e395bef07969
u03-s015-v002,question,choices[0],1,1,7902699be42c8a8e46fbbb4501726517e86b22c56a189f7625a6da49081b2451
u03-s015-v002,question,choices[1],2,2,6b51d431df5d7f141cbececcf79edf3dd861c3b4069f0b11661a3eefacbba918
u03-s015-v002,question,choices[2],2,2,4a44dc15364204a80fe80e9039455cc1608281820fe2b24f1e5233ade6af1dd5
u03-s015-v002,question,choices[3],2,2,9f14025af0065b30e47e23ebb3b491d39ae8ed17d33739e5ff3827ffb3634953
u03-s015-v002,question,explanation,40,84,5b1db25223ed23949b935aa86a24a969df4700e9371ace1455e00631dce73e25
u03-s015-v002,question,steps[0],9,25,2b30b00a79c874eb5d4c342222b4e6165d938813bb00acd53113d0923bd931f6
u03-s015-v002,question,steps[1],12,14,089b55ea4e212e17a5eda58187439b59295af8d82349d0839f959dde82d1eecd
u03-s015-v002,question,steps[2],6,10,f6c4b71ad3f59cf7ba7e279e242db8b18183c700c5e7617337902a8f8c11dd02
u03-s015-v002,question,optionAnalysis[0].choice,1,1,7902699be42c8a8e46fbbb4501726517e86b22c56a189f7625a6da49081b2451
u03-s015-v002,question,optionAnalysis[0].reason,7,19,957474cef9395aa9707e65368358f9274ca30c0dbd150b4f64b27b5ffbe672f3
u03-s015-v002,question,optionAnalysis[1].choice,2,2,6b51d431df5d7f141cbececcf79edf3dd861c3b4069f0b11661a3eefacbba918
u03-s015-v002,question,optionAnalysis[1].reason,48,92,072f67c474b2c35bc72abe1269c930c420c60e37203a78cefef505294ed42cc3
u03-s015-v002,question,optionAnalysis[2].choice,2,2,4a44dc15364204a80fe80e9039455cc1608281820fe2b24f1e5233ade6af1dd5
u03-s015-v002,question,optionAnalysis[2].reason,12,23,9e3f60748c209e07690c45a0d1debbdada359e87dfe9a0eb3288b55882b73203
u03-s015-v002,question,optionAnalysis[3].choice,2,2,9f14025af0065b30e47e23ebb3b491d39ae8ed17d33739e5ff3827ffb3634953
u03-s015-v002,question,optionAnalysis[3].reason,8,22,bb3a375788c32149c0804633526ba5ce696ae2332f4fa8b0df02ad2744c63f03
u03-s015-v002,question,commonMistake,13,35,ade77aa9724373a4408b8e0e2304b3e8b0fcb7066df7107df089fd1322b5b72b
u03-s015-v002,question,concept,13,33,b46c38e259e264c5c31b1e2fc39a048a3049a358eedf0d85ad6726f973b518fa
u03-s015-v002,question,tags[0],2,6,32f6541b44ed479dbf6cc8c7dd98824e49e03974d72ad8b65c33383a9cbb349f
u03-s015-v002,question,tags[1],12,36,627abb0f9b10d7a3d59b978018dc35dd4353311695bb0c130adb25fc29e78f1f
u03-s015-v002,question,tags[2],5,5,fbb7b5bf4ca348eeeebf8cc3660712859a5a1fbf18e83217a57ce203fb51d5c2
u03-s015-v002,question,estimatedTimeSec,2,2,f369cb89fc627e668987007d121ed1eacdc01db9e28f8bb26f358b7d8c4f08ac
u03-s015-v002,question,prerequisiteSkillIds[0],31,31,7f8889f2ddb573029fc2d46a6c1780b97d99ae2e32420e8f3c82bbe376d8dc4d
u03-s015-v002,question,authoringIntent,12,36,4c7d3a5fbe6f1f7814abf000dec3286a978a388899940efadb91cfd0d23d487d
u03-s015-v002,question,reviewStatus,22,22,ec809598e2f7fcc69fad54c9cd045bba62b4a0dc7c0ff90d4efdc3788c9ad8fb
u03-s015-v002,question,contentSha256,64,64,f44789b1f89438d75f009e12e7de24e91ca64da97953ae73a7f4feccc4be19ea
u03-s015-v002,question,contentAuthority,25,25,ed40f75ffe3d6ad4e71f6e7919d063410490de360edb425965eccd605ca9d79e
u03-s015-v002,question,legacyContentDisposition,39,39,2efcc87c0c9673d2efe77735ae75582eb178c880b07035d8695f010e324b7c71
u03-s015-v003,question,questionId,13,13,47553e73b27dbea9c1c55b37fe1e7f5f65281a94445f37b41734df1ed7ad73df
u03-s015-v003,question,unitId,3,3,97ce842ec69dee17c1842918e63b9d4042fa4b35007146dcfb80a09c5000888a
u03-s015-v003,question,topicId,29,29,16eba8e6421b4779da94d46faca02d25b8d4852d17812a4e18690b3125d5c87a
u03-s015-v003,question,skillId,32,32,b2cf949425a74ed6ff6386f87bcbd51f39254d28d74f4fff57d447f0af22569a
u03-s015-v003,question,difficulty,5,5,fbb7b5bf4ca348eeeebf8cc3660712859a5a1fbf18e83217a57ce203fb51d5c2
u03-s015-v003,question,type,2,2,6bc0f9c4ecb0acbebf1b9f6c816bdd66f4885f67c917d9e141cf893014fba936
u03-s015-v003,question,visualMode,9,9,9c7d54b0bf7a9369d8594201c7b11955514343809d09fbec33966c1fd9794015
u03-s015-v003,question,sourceScope,19,19,a4b669ddb8ef1883391c07a7b633f12eeaeecee7ec37c09eea4931aff6644346
u03-s015-v003,question,text,45,103,997fdf4b1836c8564a2c6e6e6b072e20e81b7d1841af412f89f8128bf1045420
u03-s015-v003,question,choices[0],2,2,ff5a1ae012afa5d4c889c50ad427aaf545d31a4fac04ffc1c4d03d403ba4250a
u03-s015-v003,question,choices[1],2,2,48449a14a4ff7d79bb7a1b6f3d488eba397c36ef25634c111b49baf362511afc
u03-s015-v003,question,choices[2],3,3,ad57366865126e55649ecb23ae1d48887544976efea46a48eb5d85a6eeb4d306
u03-s015-v003,question,choices[3],3,3,38d66d9692ac590000a91b03a88da1c88d51fab2b78f63171f553ecc551a0c6f
u03-s015-v003,question,explanation,46,88,98bc2dc829c93fddf44fd70f271887faac40679ac1b084afb39a211437516aff
u03-s015-v003,question,steps[0],14,16,a3f705ddf4aa6273df29c8005bf232d3680462ff88b9cc17e5cf47e84cc9e537
u03-s015-v003,question,steps[1],11,25,61234391d2c7a8b2a5334dccecb9c0cb3bf2458035dc7996d37c16057692c061
u03-s015-v003,question,steps[2],7,11,07b0ef430709a31481d28a5b8d3e954dbeab2d50f6433774adcc299c7b5fc1fb
u03-s015-v003,question,optionAnalysis[0].choice,2,2,ff5a1ae012afa5d4c889c50ad427aaf545d31a4fac04ffc1c4d03d403ba4250a
u03-s015-v003,question,optionAnalysis[0].reason,10,17,11356c5d4ba78fb6f11af7c41f3b13aadbdae5fb7c53146ae2970329647b154c
u03-s015-v003,question,optionAnalysis[1].choice,2,2,48449a14a4ff7d79bb7a1b6f3d488eba397c36ef25634c111b49baf362511afc
u03-s015-v003,question,optionAnalysis[1].reason,7,21,3ff59c54cfb652ac673ce08742759adee236fbe9ef7b3ab3c211297fc165f3ab
u03-s015-v003,question,optionAnalysis[2].choice,3,3,ad57366865126e55649ecb23ae1d48887544976efea46a48eb5d85a6eeb4d306
u03-s015-v003,question,optionAnalysis[2].reason,52,98,6ce0bfb3594ed1f977a82a32026e44b6a1f09772a69163c3b45ebf3fbbe0aba6
u03-s015-v003,question,optionAnalysis[3].choice,3,3,38d66d9692ac590000a91b03a88da1c88d51fab2b78f63171f553ecc551a0c6f
u03-s015-v003,question,optionAnalysis[3].reason,12,36,edbeee587f9130ae79a9815658047144042ee05dd8791fea7a56d48dea416a11
u03-s015-v003,question,commonMistake,9,27,d0a206369935171587057df470d98d79f3c4a84941e14b50c481e0c510619b67
u03-s015-v003,question,concept,16,48,2fc58e5453d38e2df259ba97f92ad2f5bce4527474b6fa0de1d22748e52ee53f
u03-s015-v003,question,tags[0],2,6,32f6541b44ed479dbf6cc8c7dd98824e49e03974d72ad8b65c33383a9cbb349f
u03-s015-v003,question,tags[1],12,36,627abb0f9b10d7a3d59b978018dc35dd4353311695bb0c130adb25fc29e78f1f
u03-s015-v003,question,tags[2],5,5,fbb7b5bf4ca348eeeebf8cc3660712859a5a1fbf18e83217a57ce203fb51d5c2
u03-s015-v003,question,estimatedTimeSec,2,2,f369cb89fc627e668987007d121ed1eacdc01db9e28f8bb26f358b7d8c4f08ac
u03-s015-v003,question,prerequisiteSkillIds[0],31,31,7f8889f2ddb573029fc2d46a6c1780b97d99ae2e32420e8f3c82bbe376d8dc4d
u03-s015-v003,question,authoringIntent,10,30,f09328e44319598607f17d9567c8c14da7bb9867ee544686457e4da063c65110
u03-s015-v003,question,reviewStatus,22,22,ec809598e2f7fcc69fad54c9cd045bba62b4a0dc7c0ff90d4efdc3788c9ad8fb
u03-s015-v003,question,contentSha256,64,64,91d648291081014bc0d13a6924786c17af3bae9e4bb4d73c78947f81ea30eaa9
u03-s015-v003,question,contentAuthority,25,25,ed40f75ffe3d6ad4e71f6e7919d063410490de360edb425965eccd605ca9d79e
u03-s015-v003,question,legacyContentDisposition,39,39,2efcc87c0c9673d2efe77735ae75582eb178c880b07035d8695f010e324b7c71
u03-s015-v004,question,questionId,13,13,7c0bc2fdf6bf05eca1ebccdd9384add932230046961d13464c7f553f306c3006
u03-s015-v004,question,unitId,3,3,97ce842ec69dee17c1842918e63b9d4042fa4b35007146dcfb80a09c5000888a
u03-s015-v004,question,topicId,29,29,16eba8e6421b4779da94d46faca02d25b8d4852d17812a4e18690b3125d5c87a
u03-s015-v004,question,skillId,32,32,b2cf949425a74ed6ff6386f87bcbd51f39254d28d74f4fff57d447f0af22569a
u03-s015-v004,question,difficulty,8,8,fe6d3468cf5c74d8ec2a95b40f2e05338c37a4202f8fad692d2b64a9cf9b468a
u03-s015-v004,question,type,2,2,6bc0f9c4ecb0acbebf1b9f6c816bdd66f4885f67c917d9e141cf893014fba936
u03-s015-v004,question,visualMode,9,9,9c7d54b0bf7a9369d8594201c7b11955514343809d09fbec33966c1fd9794015
u03-s015-v004,question,sourceScope,19,19,a4b669ddb8ef1883391c07a7b633f12eeaeecee7ec37c09eea4931aff6644346
u03-s015-v004,question,text,43,103,89b137ea75b87d952e991f71b71a20e3be6623ee714db5915e325d6a86dae053
u03-s015-v004,question,choices[0],2,2,624b60c58c9d8bfb6ff1886c2fd605d2adeb6ea4da576068201b6c6958ce93f4
u03-s015-v004,question,choices[1],2,2,9f14025af0065b30e47e23ebb3b491d39ae8ed17d33739e5ff3827ffb3634953
u03-s015-v004,question,choices[2],2,2,811786ad1ae74adfdd20dd0372abaaebc6246e343aebd01da0bfc4c02bf0106c
u03-s015-v004,question,choices[3],2,2,d59eced1ded07f84c145592f65bdf854358e009c5cd705f5215bf18697fed103
u03-s015-v004,question,explanation,33,83,b6861418d8822c9ad8c59f590a40f23e7974b2c7ecec31c4b078b1318440a2e2
u03-s015-v004,question,steps[0],7,17,d28e58c534c78b03bac899eb8b9ace1d3eb095f55bd46d90d8c0abccbd88483d
u03-s015-v004,question,steps[1],9,23,59d8136c13b90f68a9537595a049b06915274f2a4948eb632973e82eb74cab69
u03-s015-v004,question,steps[2],4,8,1c36418fdff731cb83994d24fd4c8440a5255775013c71cef8888332cb7cc9db
u03-s015-v004,question,optionAnalysis[0].choice,2,2,624b60c58c9d8bfb6ff1886c2fd605d2adeb6ea4da576068201b6c6958ce93f4
u03-s015-v004,question,optionAnalysis[0].reason,7,13,f2ceae2cdf71d0d7f945b645c4570b78affbb53fcfa2bf6a38e66ac409cf63c0
u03-s015-v004,question,optionAnalysis[1].choice,2,2,9f14025af0065b30e47e23ebb3b491d39ae8ed17d33739e5ff3827ffb3634953
u03-s015-v004,question,optionAnalysis[1].reason,8,20,7f1a3005e0d0fda90d51ae93990f8a227470b2154bc806518363cf64a1234945
u03-s015-v004,question,optionAnalysis[2].choice,2,2,811786ad1ae74adfdd20dd0372abaaebc6246e343aebd01da0bfc4c02bf0106c
u03-s015-v004,question,optionAnalysis[2].reason,9,27,07357e5c82bf778672a1ec52b46c853340127dd00970652f1107cc66d9c5c41c
u03-s015-v004,question,optionAnalysis[3].choice,2,2,d59eced1ded07f84c145592f65bdf854358e009c5cd705f5215bf18697fed103
u03-s015-v004,question,optionAnalysis[3].reason,38,78,c599de4e1566bdf6189e77fa8dd8d1c9c729c79cf35f8684287fabe99722cc84
u03-s015-v004,question,commonMistake,9,27,f49fc8dc4899e45702cd9b7261c6e4ce95a089e3ee5a61f40d10d00e39da0a85
u03-s015-v004,question,concept,12,32,b6eebdcf3ea0b1c31cb075d91c019483b524d62e0589bd5c8a85c011d9d4d4fd
u03-s015-v004,question,tags[0],2,6,32f6541b44ed479dbf6cc8c7dd98824e49e03974d72ad8b65c33383a9cbb349f
u03-s015-v004,question,tags[1],12,36,627abb0f9b10d7a3d59b978018dc35dd4353311695bb0c130adb25fc29e78f1f
u03-s015-v004,question,tags[2],8,8,fe6d3468cf5c74d8ec2a95b40f2e05338c37a4202f8fad692d2b64a9cf9b468a
u03-s015-v004,question,estimatedTimeSec,2,2,f369cb89fc627e668987007d121ed1eacdc01db9e28f8bb26f358b7d8c4f08ac
u03-s015-v004,question,prerequisiteSkillIds[0],31,31,7f8889f2ddb573029fc2d46a6c1780b97d99ae2e32420e8f3c82bbe376d8dc4d
u03-s015-v004,question,authoringIntent,14,42,f60361ea8ab7c383f0399022c19ceefe2f4dea4196e89e1c12c1d1056aa7b736
u03-s015-v004,question,reviewStatus,22,22,ec809598e2f7fcc69fad54c9cd045bba62b4a0dc7c0ff90d4efdc3788c9ad8fb
u03-s015-v004,question,contentSha256,64,64,f3a798b54eaa28b22d3b1d7d50528b3654f7bcd79d3a7ad733c989425663c34b
u03-s015-v004,question,contentAuthority,25,25,ed40f75ffe3d6ad4e71f6e7919d063410490de360edb425965eccd605ca9d79e
u03-s015-v004,question,legacyContentDisposition,39,39,2efcc87c0c9673d2efe77735ae75582eb178c880b07035d8695f010e324b7c71
u03-s015-v005,question,questionId,13,13,26506e130b07d58ab2563a0847bdad33d906abc275716942af4e5a1a6b1db049
u03-s015-v005,question,unitId,3,3,97ce842ec69dee17c1842918e63b9d4042fa4b35007146dcfb80a09c5000888a
u03-s015-v005,question,topicId,29,29,16eba8e6421b4779da94d46faca02d25b8d4852d17812a4e18690b3125d5c87a
u03-s015-v005,question,skillId,32,32,b2cf949425a74ed6ff6386f87bcbd51f39254d28d74f4fff57d447f0af22569a
u03-s015-v005,question,difficulty,8,8,fe6d3468cf5c74d8ec2a95b40f2e05338c37a4202f8fad692d2b64a9cf9b468a
u03-s015-v005,question,type,2,2,6bc0f9c4ecb0acbebf1b9f6c816bdd66f4885f67c917d9e141cf893014fba936
u03-s015-v005,question,visualMode,9,9,9c7d54b0bf7a9369d8594201c7b11955514343809d09fbec33966c1fd9794015
u03-s015-v005,question,sourceScope,19,19,a4b669ddb8ef1883391c07a7b633f12eeaeecee7ec37c09eea4931aff6644346
u03-s015-v005,question,text,46,106,655891f7a49b86410d1d19788d3b1c2020910ed206898e8ea919aa5fec20d17a
u03-s015-v005,question,choices[0],2,2,4a44dc15364204a80fe80e9039455cc1608281820fe2b24f1e5233ade6af1dd5
u03-s015-v005,question,choices[1],2,2,f5ca38f748a1d6eaf726b8a42fb575c3c71f1864a8143301782de13da2d9202b
u03-s015-v005,question,choices[2],4,4,b902cc4550838229a710bfec4c38cbc7eb11082367a409df9135e7f007a96bda
u03-s015-v005,question,choices[3],2,2,71ee45a3c0db9a9865f7313dd3372cf60dca6479d46261f3542eb9346e4a04d6
u03-s015-v005,question,explanation,40,82,1621b88a341a84d1b3f7fe97f66890b72b73e87058411ae047c1a480aba0bbad
u03-s015-v005,question,steps[0],10,20,1947a77de6a87d85bb82a830c28a04fd6bf89d6b5093ea56073adf09f1b1e8f9
u03-s015-v005,question,steps[1],11,13,e6aaecc8693068e0c0db0f4a06e9c2b2fa7db353163ce3f8d81c04526d2659b1
u03-s015-v005,question,steps[2],6,14,b0c0a060a3395dd8bcf343ba75ffd07645bdf0733aab8777717415b40e50c7e3
u03-s015-v005,question,optionAnalysis[0].choice,2,2,4a44dc15364204a80fe80e9039455cc1608281820fe2b24f1e5233ade6af1dd5
u03-s015-v005,question,optionAnalysis[0].reason,9,25,8f94295e9f7b45bb54fb4c0e4b1d56c922f42eca5aefbaade388827d254a6e10
u03-s015-v005,question,optionAnalysis[1].choice,2,2,f5ca38f748a1d6eaf726b8a42fb575c3c71f1864a8143301782de13da2d9202b
u03-s015-v005,question,optionAnalysis[1].reason,46,94,8537f2a9662c353586e3623ecbf147d8ae377550d0fb968fd1d9e180d775316b
u03-s015-v005,question,optionAnalysis[2].choice,4,4,b902cc4550838229a710bfec4c38cbc7eb11082367a409df9135e7f007a96bda
u03-s015-v005,question,optionAnalysis[2].reason,6,18,ed44943680806931a70c9a8a142bb52191877061cc1cd8d5eb4a34b28c136961
u03-s015-v005,question,optionAnalysis[3].choice,2,2,71ee45a3c0db9a9865f7313dd3372cf60dca6479d46261f3542eb9346e4a04d6
u03-s015-v005,question,optionAnalysis[3].reason,7,12,fa2f2616117579edf2aaef684e6c7a65c98dbffdc7e65cee63e99bac80cd077b
u03-s015-v005,question,commonMistake,8,24,e719f9e43e7921e613ed8a90554fb9ffef9ce7a1089a1a933dfc72c7f62f56eb
u03-s015-v005,question,concept,13,35,d634f8ec1ced0f434596a56806811f8e7d60764e9ce5673d03872c9e7b511b13
u03-s015-v005,question,tags[0],2,6,32f6541b44ed479dbf6cc8c7dd98824e49e03974d72ad8b65c33383a9cbb349f
u03-s015-v005,question,tags[1],12,36,627abb0f9b10d7a3d59b978018dc35dd4353311695bb0c130adb25fc29e78f1f
u03-s015-v005,question,tags[2],8,8,fe6d3468cf5c74d8ec2a95b40f2e05338c37a4202f8fad692d2b64a9cf9b468a
u03-s015-v005,question,estimatedTimeSec,2,2,f369cb89fc627e668987007d121ed1eacdc01db9e28f8bb26f358b7d8c4f08ac
u03-s015-v005,question,prerequisiteSkillIds[0],31,31,7f8889f2ddb573029fc2d46a6c1780b97d99ae2e32420e8f3c82bbe376d8dc4d
u03-s015-v005,question,authoringIntent,13,39,aca82be6bc06e7142ce4c18711ec43756560cd7e20ad0cbaa69657c051edca46
u03-s015-v005,question,reviewStatus,22,22,ec809598e2f7fcc69fad54c9cd045bba62b4a0dc7c0ff90d4efdc3788c9ad8fb
u03-s015-v005,question,contentSha256,64,64,6b144482ca0e959b793ae1144b290b4ad772630873ccd1ddf5df8f8d899c1b36
u03-s015-v005,question,contentAuthority,25,25,ed40f75ffe3d6ad4e71f6e7919d063410490de360edb425965eccd605ca9d79e
u03-s015-v005,question,legacyContentDisposition,39,39,2efcc87c0c9673d2efe77735ae75582eb178c880b07035d8695f010e324b7c71
u03-s015-v006,question,questionId,13,13,bd4f6617a1ebc02eed9f822f35511fb27f503b3613bee2aadbbeffdfd0948cd2
u03-s015-v006,question,unitId,3,3,97ce842ec69dee17c1842918e63b9d4042fa4b35007146dcfb80a09c5000888a
u03-s015-v006,question,topicId,29,29,16eba8e6421b4779da94d46faca02d25b8d4852d17812a4e18690b3125d5c87a
u03-s015-v006,question,skillId,32,32,b2cf949425a74ed6ff6386f87bcbd51f39254d28d74f4fff57d447f0af22569a
u03-s015-v006,question,difficulty,8,8,fe6d3468cf5c74d8ec2a95b40f2e05338c37a4202f8fad692d2b64a9cf9b468a
u03-s015-v006,question,type,2,2,6bc0f9c4ecb0acbebf1b9f6c816bdd66f4885f67c917d9e141cf893014fba936
u03-s015-v006,question,visualMode,9,9,9c7d54b0bf7a9369d8594201c7b11955514343809d09fbec33966c1fd9794015
u03-s015-v006,question,sourceScope,19,19,a4b669ddb8ef1883391c07a7b633f12eeaeecee7ec37c09eea4931aff6644346
u03-s015-v006,question,text,49,115,b6000c75272618ff5a938937b4fee25ba5a2059fcaa0ca1813953c8734b212b4
u03-s015-v006,question,choices[0],2,2,e629fa6598d732768f7c726b4b621285f9c3b85303900aa912017db7617d8bdb
u03-s015-v006,question,choices[1],2,2,b7a56873cd771f2c446d369b649430b65a756ba278ff97ec81bb6f55b2e73569
u03-s015-v006,question,choices[2],2,2,f5ca38f748a1d6eaf726b8a42fb575c3c71f1864a8143301782de13da2d9202b
u03-s015-v006,question,choices[3],2,2,9f14025af0065b30e47e23ebb3b491d39ae8ed17d33739e5ff3827ffb3634953
u03-s015-v006,question,explanation,34,78,810bfdc140d81d35d3cf09e8bc38d0d6bc34440eea7c758b6c1538d9d60b90b0
u03-s015-v006,question,steps[0],7,15,e515d76ecd2c64ac61922fa2871860d4420d247c08563ac8fe251f76efdce905
u03-s015-v006,question,steps[1],8,14,6b7d2ab24a060af1103b2b218327a272bdffecf6bbdd066d06c4e10948762596
u03-s015-v006,question,steps[2],6,14,348a86a01bdf96fa1397b829ad0fb63e7ab513917ac4251798d6f4cabe2da150
u03-s015-v006,question,optionAnalysis[0].choice,2,2,e629fa6598d732768f7c726b4b621285f9c3b85303900aa912017db7617d8bdb
u03-s015-v006,question,optionAnalysis[0].reason,7,10,fe79c8c27514fd440defa237f3b22e98b9f86aae035db4ed5ba1e04065c73b5b
u03-s015-v006,question,optionAnalysis[1].choice,2,2,b7a56873cd771f2c446d369b649430b65a756ba278ff97ec81bb6f55b2e73569
u03-s015-v006,question,optionAnalysis[1].reason,9,16,445fc54399d06aeb27377482cd879ad07d90847c8fb55bcb903a72a1643e8dd7
u03-s015-v006,question,optionAnalysis[2].choice,2,2,f5ca38f748a1d6eaf726b8a42fb575c3c71f1864a8143301782de13da2d9202b
u03-s015-v006,question,optionAnalysis[2].reason,38,68,c5b9245e37266a60932fa49916c4e8818f1eb53f3c57b79340b6263b8fcf8097
u03-s015-v006,question,optionAnalysis[3].choice,2,2,9f14025af0065b30e47e23ebb3b491d39ae8ed17d33739e5ff3827ffb3634953
u03-s015-v006,question,optionAnalysis[3].reason,10,30,d78c04800e56aee839a27083146036792f108b79a8d416c4c93015813973efee
u03-s015-v006,question,commonMistake,8,24,be4ab4438632e0c3ed1b3263dea672e86431e5c7962172c33e7f380d2551d9c3
u03-s015-v006,question,concept,13,34,0085d76342ab19098c8cd130ab522811d62076cb0875853e572bf1abdcf9bbd8
u03-s015-v006,question,tags[0],2,6,32f6541b44ed479dbf6cc8c7dd98824e49e03974d72ad8b65c33383a9cbb349f
u03-s015-v006,question,tags[1],12,36,627abb0f9b10d7a3d59b978018dc35dd4353311695bb0c130adb25fc29e78f1f
u03-s015-v006,question,tags[2],8,8,fe6d3468cf5c74d8ec2a95b40f2e05338c37a4202f8fad692d2b64a9cf9b468a
u03-s015-v006,question,estimatedTimeSec,2,2,f369cb89fc627e668987007d121ed1eacdc01db9e28f8bb26f358b7d8c4f08ac
u03-s015-v006,question,prerequisiteSkillIds[0],31,31,7f8889f2ddb573029fc2d46a6c1780b97d99ae2e32420e8f3c82bbe376d8dc4d
u03-s015-v006,question,authoringIntent,16,48,18d46566b8cf72bc4e41928e2a08c524b7ff6eceb4f801e269e024b3b6b0b756
u03-s015-v006,question,reviewStatus,22,22,ec809598e2f7fcc69fad54c9cd045bba62b4a0dc7c0ff90d4efdc3788c9ad8fb
u03-s015-v006,question,contentSha256,64,64,5dc2d2eb8166db74ba410fbe1443f19f662864cad669ba2eebacd03471c31a05
u03-s015-v006,question,contentAuthority,25,25,ed40f75ffe3d6ad4e71f6e7919d063410490de360edb425965eccd605ca9d79e
u03-s015-v006,question,legacyContentDisposition,39,39,2efcc87c0c9673d2efe77735ae75582eb178c880b07035d8695f010e324b7c71
u03-s015-v007,question,questionId,13,13,92fe4445f6f6b8438540131fe6e63aa10c054b3c74a9b1a9c47deb5bdcba6929
u03-s015-v007,question,unitId,3,3,97ce842ec69dee17c1842918e63b9d4042fa4b35007146dcfb80a09c5000888a
u03-s015-v007,question,topicId,29,29,16eba8e6421b4779da94d46faca02d25b8d4852d17812a4e18690b3125d5c87a
u03-s015-v007,question,skillId,32,32,b2cf949425a74ed6ff6386f87bcbd51f39254d28d74f4fff57d447f0af22569a
u03-s015-v007,question,difficulty,8,8,d21f85ea38166303ce58e06134b5cc4a5c900c409ab2a500ff7c9225109a09bb
u03-s015-v007,question,type,2,2,6bc0f9c4ecb0acbebf1b9f6c816bdd66f4885f67c917d9e141cf893014fba936
u03-s015-v007,question,visualMode,9,9,9c7d54b0bf7a9369d8594201c7b11955514343809d09fbec33966c1fd9794015
u03-s015-v007,question,sourceScope,19,19,a4b669ddb8ef1883391c07a7b633f12eeaeecee7ec37c09eea4931aff6644346
u03-s015-v007,question,text,37,88,9d6c4f5799c3868300c55d55b74c9e386421407dd1ab6da423f9401f2bf46d38
u03-s015-v007,question,choices[0],1,1,4b227777d4dd1fc61c6f884f48641d02b4d121d3fd328cb08b5531fcacdabf8a
u03-s015-v007,question,choices[1],1,1,e7f6c011776e8db7cd330b54174fd76f7d0216b612387a5ffcfb81e6f0919683
u03-s015-v007,question,choices[2],2,2,6b51d431df5d7f141cbececcf79edf3dd861c3b4069f0b11661a3eefacbba918
u03-s015-v007,question,choices[3],1,1,2c624232cdd221771294dfbb310aca000a0df6ac8b66b696d90ef06fdefb64a3
u03-s015-v007,question,explanation,35,85,699fc551b853dbb2f622a32fec8e889b5f4f09708bffc99fc15171abcce7baae
u03-s015-v007,question,steps[0],6,18,4392c511a441dba321420822253398035b39a02b2a08ec761a8360ccba82a8fe
u03-s015-v007,question,steps[1],8,16,5198874d460d62f7d4047800e01472873042739671ab627e5a7ba8a84076c916
u03-s015-v007,question,steps[2],9,17,244ba81086b8c8f6b7ae1266a024f12334167dad6256bf929aefa8d5c449cc5d
u03-s015-v007,question,optionAnalysis[0].choice,1,1,4b227777d4dd1fc61c6f884f48641d02b4d121d3fd328cb08b5531fcacdabf8a
u03-s015-v007,question,optionAnalysis[0].reason,9,20,cac8f2139fb9394b21c386488a2c5a8ff11f28689dbe696d1aa98cec2ee2f12e
u03-s015-v007,question,optionAnalysis[1].choice,1,1,e7f6c011776e8db7cd330b54174fd76f7d0216b612387a5ffcfb81e6f0919683
u03-s015-v007,question,optionAnalysis[1].reason,7,19,ed294daea317faf34a167d20a5409efcfaee9ea3ca64b0bbe226abcd0c495880
u03-s015-v007,question,optionAnalysis[2].choice,2,2,6b51d431df5d7f141cbececcf79edf3dd861c3b4069f0b11661a3eefacbba918
u03-s015-v007,question,optionAnalysis[2].reason,9,27,b95fbe9563813f2632ee3a8746c4b1baba87bef249326ff2867aa9526a87901f
u03-s015-v007,question,optionAnalysis[3].choice,1,1,2c624232cdd221771294dfbb310aca000a0df6ac8b66b696d90ef06fdefb64a3
u03-s015-v007,question,optionAnalysis[3].reason,37,67,00d3c5ef933666d0f524c44037668a0c25e637bb8666bd14c78235dfa4aea79d
u03-s015-v007,question,commonMistake,11,33,44a7728fafcf4c3ce1839fffd2602d79f5b0209c32fe8486b02c601eba9d25af
u03-s015-v007,question,concept,8,24,e6bc6577ef5642b6642a900ce395115ffd63f6d097f0c962021ab385fc38979c
u03-s015-v007,question,tags[0],2,6,32f6541b44ed479dbf6cc8c7dd98824e49e03974d72ad8b65c33383a9cbb349f
u03-s015-v007,question,tags[1],12,36,627abb0f9b10d7a3d59b978018dc35dd4353311695bb0c130adb25fc29e78f1f
u03-s015-v007,question,tags[2],8,8,d21f85ea38166303ce58e06134b5cc4a5c900c409ab2a500ff7c9225109a09bb
u03-s015-v007,question,estimatedTimeSec,2,2,f369cb89fc627e668987007d121ed1eacdc01db9e28f8bb26f358b7d8c4f08ac
u03-s015-v007,question,prerequisiteSkillIds[0],31,31,7f8889f2ddb573029fc2d46a6c1780b97d99ae2e32420e8f3c82bbe376d8dc4d
u03-s015-v007,question,authoringIntent,11,33,01241da9b2cce8c62e016e3b9315e95702b7bdddbaf36bf7d4b6771a233a2f3b
u03-s015-v007,question,reviewStatus,22,22,ec809598e2f7fcc69fad54c9cd045bba62b4a0dc7c0ff90d4efdc3788c9ad8fb
u03-s015-v007,question,contentSha256,64,64,eed2270744f0fc5611d54445df5788348448edb1df64fa38e94039a3e842992f
u03-s015-v007,question,contentAuthority,25,25,ed40f75ffe3d6ad4e71f6e7919d063410490de360edb425965eccd605ca9d79e
u03-s015-v007,question,legacyContentDisposition,39,39,2efcc87c0c9673d2efe77735ae75582eb178c880b07035d8695f010e324b7c71
u03-s015-v008,question,questionId,13,13,4dc3421d39de9191cb8610235783f915d356fa0d8bcad9f0307b632f75aac6d6
u03-s015-v008,question,unitId,3,3,97ce842ec69dee17c1842918e63b9d4042fa4b35007146dcfb80a09c5000888a
u03-s015-v008,question,topicId,29,29,16eba8e6421b4779da94d46faca02d25b8d4852d17812a4e18690b3125d5c87a
u03-s015-v008,question,skillId,32,32,b2cf949425a74ed6ff6386f87bcbd51f39254d28d74f4fff57d447f0af22569a
u03-s015-v008,question,difficulty,8,8,d21f85ea38166303ce58e06134b5cc4a5c900c409ab2a500ff7c9225109a09bb
u03-s015-v008,question,type,2,2,6bc0f9c4ecb0acbebf1b9f6c816bdd66f4885f67c917d9e141cf893014fba936
u03-s015-v008,question,visualMode,9,9,9c7d54b0bf7a9369d8594201c7b11955514343809d09fbec33966c1fd9794015
u03-s015-v008,question,sourceScope,19,19,a4b669ddb8ef1883391c07a7b633f12eeaeecee7ec37c09eea4931aff6644346
u03-s015-v008,question,text,42,98,38d6d1a06737693ce865589ca62981118b858ec959ed71b18e599756e7af5523
u03-s015-v008,question,choices[0],2,2,e629fa6598d732768f7c726b4b621285f9c3b85303900aa912017db7617d8bdb
u03-s015-v008,question,choices[1],2,2,6b51d431df5d7f141cbececcf79edf3dd861c3b4069f0b11661a3eefacbba918
u03-s015-v008,question,choices[2],2,2,4ec9599fc203d176a301536c2e091a19bc852759b255bd6818810a42c5fed14a
u03-s015-v008,question,choices[3],4,4,9cda9ecc682b5dd720eef5a7d7fe49ceb4350d196135a2f7882b4345bfa664c2
u03-s015-v008,question,explanation,33,79,88afe66b6bdd04e0acf7f0fffb44dafd70ece01df443c8393e08bc381267030b
u03-s015-v008,question,steps[0],7,17,e80826f5e878f021333c97438217935781bec8a43819922d7a9689e578f15cfb
u03-s015-v008,question,steps[1],8,16,28d99db819040c607802a49dba3da656864f51e23296df177ff47b326677d5ac
u03-s015-v008,question,steps[2],5,11,9bca9905ed687081b39b24c22ca4c5b8b35495621fbadc4a466b4c686a9603e7
u03-s015-v008,question,optionAnalysis[0].choice,2,2,e629fa6598d732768f7c726b4b621285f9c3b85303900aa912017db7617d8bdb
u03-s015-v008,question,optionAnalysis[0].reason,35,65,755fe1cdf42cdc3b488e51fce018f9e1fc868f3e0e623c026caab9f43bdb7260
u03-s015-v008,question,optionAnalysis[1].choice,2,2,6b51d431df5d7f141cbececcf79edf3dd861c3b4069f0b11661a3eefacbba918
u03-s015-v008,question,optionAnalysis[1].reason,7,10,a25dab712852e855320ad92fadcdbd910bf7d04e9d58bf8d5e8242b7e2bc9ad0
u03-s015-v008,question,optionAnalysis[2].choice,2,2,4ec9599fc203d176a301536c2e091a19bc852759b255bd6818810a42c5fed14a
u03-s015-v008,question,optionAnalysis[2].reason,7,12,05fdaf833f58e634d9694769359446e7efd4e8a918129d43354cb2648ec9d35e
u03-s015-v008,question,optionAnalysis[3].choice,4,4,9cda9ecc682b5dd720eef5a7d7fe49ceb4350d196135a2f7882b4345bfa664c2
u03-s015-v008,question,optionAnalysis[3].reason,11,29,fcca59311749b654168b41f400ada38d0f603d75ba0ee7cf62a4cf9bbca957dd
u03-s015-v008,question,commonMistake,11,33,88179a48a77c9fbe5fafcd50b9dbd689aa2b4dc933e6331b96c6d19047311bd0
u03-s015-v008,question,concept,9,27,22c6b5189f1b42e5e9bfcf3d17d0240ef61e89296e216473abfcfbeee1a9e99d
u03-s015-v008,question,tags[0],2,6,32f6541b44ed479dbf6cc8c7dd98824e49e03974d72ad8b65c33383a9cbb349f
u03-s015-v008,question,tags[1],12,36,627abb0f9b10d7a3d59b978018dc35dd4353311695bb0c130adb25fc29e78f1f
u03-s015-v008,question,tags[2],8,8,d21f85ea38166303ce58e06134b5cc4a5c900c409ab2a500ff7c9225109a09bb
u03-s015-v008,question,estimatedTimeSec,2,2,f369cb89fc627e668987007d121ed1eacdc01db9e28f8bb26f358b7d8c4f08ac
u03-s015-v008,question,prerequisiteSkillIds[0],31,31,7f8889f2ddb573029fc2d46a6c1780b97d99ae2e32420e8f3c82bbe376d8dc4d
u03-s015-v008,question,authoringIntent,15,45,643f581b77d0f140674a90b967181d71ab05e5ce47a9a6cf28684db832060e04
u03-s015-v008,question,reviewStatus,22,22,ec809598e2f7fcc69fad54c9cd045bba62b4a0dc7c0ff90d4efdc3788c9ad8fb
u03-s015-v008,question,contentSha256,64,64,dfa54ae78336aa11a5ff40c1f20d0f245fa76e1b65e1ea84f1b8bdb2619d8463
u03-s015-v008,question,contentAuthority,25,25,ed40f75ffe3d6ad4e71f6e7919d063410490de360edb425965eccd605ca9d79e
u03-s015-v008,question,legacyContentDisposition,39,39,2efcc87c0c9673d2efe77735ae75582eb178c880b07035d8695f010e324b7c71
u03-s015-v009,question,questionId,13,13,210b5e83059e047844bc53ac1f185f6ace1a987f1d986baa2379a3d6691ae49f
u03-s015-v009,question,unitId,3,3,97ce842ec69dee17c1842918e63b9d4042fa4b35007146dcfb80a09c5000888a
u03-s015-v009,question,topicId,29,29,16eba8e6421b4779da94d46faca02d25b8d4852d17812a4e18690b3125d5c87a
u03-s015-v009,question,skillId,32,32,b2cf949425a74ed6ff6386f87bcbd51f39254d28d74f4fff57d447f0af22569a
u03-s015-v009,question,difficulty,8,8,d21f85ea38166303ce58e06134b5cc4a5c900c409ab2a500ff7c9225109a09bb
u03-s015-v009,question,type,2,2,6bc0f9c4ecb0acbebf1b9f6c816bdd66f4885f67c917d9e141cf893014fba936
u03-s015-v009,question,visualMode,9,9,9c7d54b0bf7a9369d8594201c7b11955514343809d09fbec33966c1fd9794015
u03-s015-v009,question,sourceScope,19,19,a4b669ddb8ef1883391c07a7b633f12eeaeecee7ec37c09eea4931aff6644346
u03-s015-v009,question,text,43,101,e6424768786084d63c0d2317a8787a821b676e12fdf9e645c20770bebd23382b
u03-s015-v009,question,choices[0],1,1,4e07408562bedb8b60ce05c1decfe3ad16b72230967de01f640b7e4729b49fce
u03-s015-v009,question,choices[1],1,1,e7f6c011776e8db7cd330b54174fd76f7d0216b612387a5ffcfb81e6f0919683
u03-s015-v009,question,choices[2],1,1,ef2d127de37b942baad06145e54b0c619a1f22327b2ebbcfbec78f5564afe39d
u03-s015-v009,question,choices[3],1,1,19581e27de7ced00ff1ce50b2047e7a567c76b1cbaebabe5ef03f7c3017bb5b7
u03-s015-v009,question,explanation,33,70,7199df0fe0e4e967ad6436be133ec082465bf2c0675dbe6543f88fa53e7dd038
u03-s015-v009,question,steps[0],6,12,ad6b6fc93802f0b833b06d630e19feed94459da1c0428e93ca1789679d48fd35
u03-s015-v009,question,steps[1],6,12,bc294e5d22a895a218b9c5a846ecd82ceb4d404d6a38d95d91a33242c51ea500
u03-s015-v009,question,steps[2],9,12,c2f65219a2d1503edcc5f72e5e799cd6756e7a2a3e563223349f09c173ce392d
u03-s015-v009,question,optionAnalysis[0].choice,1,1,4e07408562bedb8b60ce05c1decfe3ad16b72230967de01f640b7e4729b49fce
u03-s015-v009,question,optionAnalysis[0].reason,7,10,611058ac1559a0e7535631f7e9f7a66038b47e78c888eb71d5ceb40073344b72
u03-s015-v009,question,optionAnalysis[1].choice,1,1,e7f6c011776e8db7cd330b54174fd76f7d0216b612387a5ffcfb81e6f0919683
u03-s015-v009,question,optionAnalysis[1].reason,9,16,33ff1f2b0f4339f0656296e0ef2146a2973966f19887ba87fdf21a40af7a7378
u03-s015-v009,question,optionAnalysis[2].choice,1,1,ef2d127de37b942baad06145e54b0c619a1f22327b2ebbcfbec78f5564afe39d
u03-s015-v009,question,optionAnalysis[2].reason,37,67,4870e8ff71f2d58e81fe370af7bb8c33b652d30e9b5785a996fb132b55ffd0c9
u03-s015-v009,question,optionAnalysis[3].choice,1,1,19581e27de7ced00ff1ce50b2047e7a567c76b1cbaebabe5ef03f7c3017bb5b7
u03-s015-v009,question,optionAnalysis[3].reason,9,27,3bcd4cc47ec72bca54e5049203fd1e85fa90a2a7863f2de8bb3e9619bed15df2
u03-s015-v009,question,commonMistake,9,27,8f3cbd90c494340025eb06f71d5597ec1c3b65a2a6b62ee9985d753bafb44699
u03-s015-v009,question,concept,12,36,d2bd55b2b2d8000d0bf665a1529484e2d4d1478d28eb6bfb75a22b0e10d08348
u03-s015-v009,question,tags[0],2,6,32f6541b44ed479dbf6cc8c7dd98824e49e03974d72ad8b65c33383a9cbb349f
u03-s015-v009,question,tags[1],12,36,627abb0f9b10d7a3d59b978018dc35dd4353311695bb0c130adb25fc29e78f1f
u03-s015-v009,question,tags[2],8,8,d21f85ea38166303ce58e06134b5cc4a5c900c409ab2a500ff7c9225109a09bb
u03-s015-v009,question,estimatedTimeSec,2,2,f369cb89fc627e668987007d121ed1eacdc01db9e28f8bb26f358b7d8c4f08ac
u03-s015-v009,question,prerequisiteSkillIds[0],31,31,7f8889f2ddb573029fc2d46a6c1780b97d99ae2e32420e8f3c82bbe376d8dc4d
u03-s015-v009,question,authoringIntent,11,33,24f4f209c4ec29fcbfadce15a6185d36b16426f6c99bba81a8d149c689c33dc9
u03-s015-v009,question,reviewStatus,22,22,ec809598e2f7fcc69fad54c9cd045bba62b4a0dc7c0ff90d4efdc3788c9ad8fb
u03-s015-v009,question,contentSha256,64,64,5020ec8074c9d2b5c112ab5274293871790d33e960e46f181af5e9f81587be96
u03-s015-v009,question,contentAuthority,25,25,ed40f75ffe3d6ad4e71f6e7919d063410490de360edb425965eccd605ca9d79e
u03-s015-v009,question,legacyContentDisposition,39,39,2efcc87c0c9673d2efe77735ae75582eb178c880b07035d8695f010e324b7c71
u03-s015-v010,question,questionId,13,13,247fc26a462084e85eeb86985c4b9307212e8a4e10fd5a778120148c67514c15
u03-s015-v010,question,unitId,3,3,97ce842ec69dee17c1842918e63b9d4042fa4b35007146dcfb80a09c5000888a
u03-s015-v010,question,topicId,29,29,16eba8e6421b4779da94d46faca02d25b8d4852d17812a4e18690b3125d5c87a
u03-s015-v010,question,skillId,32,32,b2cf949425a74ed6ff6386f87bcbd51f39254d28d74f4fff57d447f0af22569a
u03-s015-v010,question,difficulty,8,8,578756ca4aa16d8872610a5aaa78460fd30fbe93379ff7284fe65d66ca606755
u03-s015-v010,question,type,2,2,6bc0f9c4ecb0acbebf1b9f6c816bdd66f4885f67c917d9e141cf893014fba936
u03-s015-v010,question,visualMode,9,9,9c7d54b0bf7a9369d8594201c7b11955514343809d09fbec33966c1fd9794015
u03-s015-v010,question,sourceScope,19,19,a4b669ddb8ef1883391c07a7b633f12eeaeecee7ec37c09eea4931aff6644346
u03-s015-v010,question,text,46,114,5fc5866169fd373ba48b6b7920d4a6e1588d56583619319d3564739b867bd7ec
u03-s015-v010,question,choices[0],1,1,ef2d127de37b942baad06145e54b0c619a1f22327b2ebbcfbec78f5564afe39d
u03-s015-v010,question,choices[1],1,1,7902699be42c8a8e46fbbb4501726517e86b22c56a189f7625a6da49081b2451
u03-s015-v010,question,choices[2],1,1,19581e27de7ced00ff1ce50b2047e7a567c76b1cbaebabe5ef03f7c3017bb5b7
u03-s015-v010,question,choices[3],1,1,e7f6c011776e8db7cd330b54174fd76f7d0216b612387a5ffcfb81e6f0919683
u03-s015-v010,question,explanation,34,79,3b5fe9a4aafc742e556cece8a1cef53d9e8cee81c87a43181e0542dd581ee65d
u03-s015-v010,question,steps[0],7,17,a9059bd6c211bbd9ffbb08c4b02003bb3089cfa963ab1b2427740dd9c8fb2ba8
u03-s015-v010,question,steps[1],7,17,df60e77db3a699489e976baf695c6ba16542b0ce63c1436f9f32cda7b811a6bf
u03-s015-v010,question,steps[2],8,11,998a8f58621d7bc776cb6642be640038dc85e1c0fda551e606a1f2bb13bdfaba
u03-s015-v010,question,optionAnalysis[0].choice,1,1,ef2d127de37b942baad06145e54b0c619a1f22327b2ebbcfbec78f5564afe39d
u03-s015-v010,question,optionAnalysis[0].reason,6,9,67cbcd43e065ea31c4c06db15203e06c118ef6cda850af4e867accaa5d93c61d
u03-s015-v010,question,optionAnalysis[1].choice,1,1,7902699be42c8a8e46fbbb4501726517e86b22c56a189f7625a6da49081b2451
u03-s015-v010,question,optionAnalysis[1].reason,12,27,6cd87b110acd2a11b6123fad3b8dc6dd345af4d1fa98f74b30088904ae0a5aec
u03-s015-v010,question,optionAnalysis[2].choice,1,1,19581e27de7ced00ff1ce50b2047e7a567c76b1cbaebabe5ef03f7c3017bb5b7
u03-s015-v010,question,optionAnalysis[2].reason,9,23,dcbb4c1ee88e259c07a3e7793033b5c72f9acae66d22819a3fb39a701dee819b
u03-s015-v010,question,optionAnalysis[3].choice,1,1,e7f6c011776e8db7cd330b54174fd76f7d0216b612387a5ffcfb81e6f0919683
u03-s015-v010,question,optionAnalysis[3].reason,34,64,c14d6f737e610b437ad3ea6d992cdcab88f667d49ffbf2227431170b350a25ab
u03-s015-v010,question,commonMistake,14,42,ff98b6e6d8c2835d1a3b7646197ce6e0939ceb53968c9d684acac3312cba7bfc
u03-s015-v010,question,concept,8,24,a6bf095ec93cb5743891d95d06430823eb5ccbb34b4ca7fe7ebc581dcb95de6c
u03-s015-v010,question,tags[0],2,6,32f6541b44ed479dbf6cc8c7dd98824e49e03974d72ad8b65c33383a9cbb349f
u03-s015-v010,question,tags[1],12,36,627abb0f9b10d7a3d59b978018dc35dd4353311695bb0c130adb25fc29e78f1f
u03-s015-v010,question,tags[2],8,8,578756ca4aa16d8872610a5aaa78460fd30fbe93379ff7284fe65d66ca606755
u03-s015-v010,question,estimatedTimeSec,2,2,f369cb89fc627e668987007d121ed1eacdc01db9e28f8bb26f358b7d8c4f08ac
u03-s015-v010,question,prerequisiteSkillIds[0],31,31,7f8889f2ddb573029fc2d46a6c1780b97d99ae2e32420e8f3c82bbe376d8dc4d
u03-s015-v010,question,authoringIntent,11,33,99d2b46b3ca787505e5559297cfb636c14f1839aac7cc26db03b4cdb92e9d21d
u03-s015-v010,question,literacyContextNecessity,32,78,7e4948ea1b17d88dddc92e3d28e16b182940c2359a653d024085884e526bddcd
u03-s015-v010,question,reviewStatus,22,22,ec809598e2f7fcc69fad54c9cd045bba62b4a0dc7c0ff90d4efdc3788c9ad8fb
u03-s015-v010,question,contentSha256,64,64,4c10c5339978d15f85c966e0142b9e732c410755f3eefb302d88351ca00784bf
u03-s015-v010,question,contentAuthority,25,25,ed40f75ffe3d6ad4e71f6e7919d063410490de360edb425965eccd605ca9d79e
u03-s015-v010,question,legacyContentDisposition,39,39,2efcc87c0c9673d2efe77735ae75582eb178c880b07035d8695f010e324b7c71
u03-s015-v011,question,questionId,13,13,d643ccfbd5dd16a3f67310e9e823f9b571e56643ddbc3d353b19aac350a02cf0
u03-s015-v011,question,unitId,3,3,97ce842ec69dee17c1842918e63b9d4042fa4b35007146dcfb80a09c5000888a
u03-s015-v011,question,topicId,29,29,16eba8e6421b4779da94d46faca02d25b8d4852d17812a4e18690b3125d5c87a
u03-s015-v011,question,skillId,32,32,b2cf949425a74ed6ff6386f87bcbd51f39254d28d74f4fff57d447f0af22569a
u03-s015-v011,question,difficulty,8,8,578756ca4aa16d8872610a5aaa78460fd30fbe93379ff7284fe65d66ca606755
u03-s015-v011,question,type,2,2,6bc0f9c4ecb0acbebf1b9f6c816bdd66f4885f67c917d9e141cf893014fba936
u03-s015-v011,question,visualMode,9,9,9c7d54b0bf7a9369d8594201c7b11955514343809d09fbec33966c1fd9794015
u03-s015-v011,question,sourceScope,19,19,a4b669ddb8ef1883391c07a7b633f12eeaeecee7ec37c09eea4931aff6644346
u03-s015-v011,question,text,55,135,e229622a651f2820df2a4408ab429eb7dd0d34cbc70d14628d0b7c5f90648763
u03-s015-v011,question,choices[0],2,2,811786ad1ae74adfdd20dd0372abaaebc6246e343aebd01da0bfc4c02bf0106c
u03-s015-v011,question,choices[1],2,2,624b60c58c9d8bfb6ff1886c2fd605d2adeb6ea4da576068201b6c6958ce93f4
u03-s015-v011,question,choices[2],2,2,d59eced1ded07f84c145592f65bdf854358e009c5cd705f5215bf18697fed103
u03-s015-v011,question,choices[3],3,3,2abaca4911e68fa9bfbf3482ee797fd5b9045b841fdff7253557c5fe15de6477
u03-s015-v011,question,explanation,38,82,c8d7327ddf7f771bef8c3b092cc1137c9cbb3e32aff81447ecd0c0a9624a0aa8
u03-s015-v011,question,steps[0],15,23,b7e3d36c1ebc4baca01e1ba534963b72e9e245efe943efad667fa69f1f4523f6
u03-s015-v011,question,steps[1],4,10,b2b25adfd009ed39117b3d156a0ec9d75c9d0841e77ba20b3d751665e1fe9dda
u03-s015-v011,question,steps[2],6,14,7dce4b3654df7f9b2e6b881d8f12656ba444556a34242e6c53c9d31b8fdb457d
u03-s015-v011,question,optionAnalysis[0].choice,2,2,811786ad1ae74adfdd20dd0372abaaebc6246e343aebd01da0bfc4c02bf0106c
u03-s015-v011,question,optionAnalysis[0].reason,36,66,211622d893ada6691e489366bba7b040826ac9e38765397c044f0b13a857f820
u03-s015-v011,question,optionAnalysis[1].choice,2,2,624b60c58c9d8bfb6ff1886c2fd605d2adeb6ea4da576068201b6c6958ce93f4
u03-s015-v011,question,optionAnalysis[1].reason,7,10,83dd4ec15f5006a84d31463c7fab6188d4f915fa0b96e5bcea5c4a34fc6bb434
u03-s015-v011,question,optionAnalysis[2].choice,2,2,d59eced1ded07f84c145592f65bdf854358e009c5cd705f5215bf18697fed103
u03-s015-v011,question,optionAnalysis[2].reason,8,13,c66fe774da5c36016cbba432560c57c2f836725d91503aec724bed7ea6e93c7b
u03-s015-v011,question,optionAnalysis[3].choice,3,3,2abaca4911e68fa9bfbf3482ee797fd5b9045b841fdff7253557c5fe15de6477
u03-s015-v011,question,optionAnalysis[3].reason,10,30,af69dce8806d36c23bc6e03c690648d506be32ea388342a4971807c9b7c96f94
u03-s015-v011,question,commonMistake,6,16,5ee6aaf3ea7d2be7e1f8fe49b9c9a8bb585b1fed2cd63d21c8a5a1884992daf7
u03-s015-v011,question,concept,9,25,c6fde0f997cd9f485132f35ae6cbf7cc62eeebd64805e9d5bf1d89ce26fe6997
u03-s015-v011,question,tags[0],2,6,32f6541b44ed479dbf6cc8c7dd98824e49e03974d72ad8b65c33383a9cbb349f
u03-s015-v011,question,tags[1],12,36,627abb0f9b10d7a3d59b978018dc35dd4353311695bb0c130adb25fc29e78f1f
u03-s015-v011,question,tags[2],8,8,578756ca4aa16d8872610a5aaa78460fd30fbe93379ff7284fe65d66ca606755
u03-s015-v011,question,estimatedTimeSec,2,2,f369cb89fc627e668987007d121ed1eacdc01db9e28f8bb26f358b7d8c4f08ac
u03-s015-v011,question,prerequisiteSkillIds[0],31,31,7f8889f2ddb573029fc2d46a6c1780b97d99ae2e32420e8f3c82bbe376d8dc4d
u03-s015-v011,question,authoringIntent,13,39,0949b2a41523b860337389b575b27b27d0d08f016616d796d222ad5dab4efe0c
u03-s015-v011,question,literacyContextNecessity,39,97,2ed8b0588a1acccc46a3a85b8686f4f382e9ec0ad85f53a1edde3ece55c6def3
u03-s015-v011,question,reviewStatus,22,22,ec809598e2f7fcc69fad54c9cd045bba62b4a0dc7c0ff90d4efdc3788c9ad8fb
u03-s015-v011,question,contentSha256,64,64,f5f7fe6444b821ef7237f4d23dd2e33c2be1e08e4fd4843a11a34e41bdd67386
u03-s015-v011,question,contentAuthority,25,25,ed40f75ffe3d6ad4e71f6e7919d063410490de360edb425965eccd605ca9d79e
u03-s015-v011,question,legacyContentDisposition,39,39,2efcc87c0c9673d2efe77735ae75582eb178c880b07035d8695f010e324b7c71
u03-s015-v012,question,questionId,13,13,03640b3d9e0bc32104eee739d761e56e5d3d19987f43f157122f21051ac6ecb8
u03-s015-v012,question,unitId,3,3,97ce842ec69dee17c1842918e63b9d4042fa4b35007146dcfb80a09c5000888a
u03-s015-v012,question,topicId,29,29,16eba8e6421b4779da94d46faca02d25b8d4852d17812a4e18690b3125d5c87a
u03-s015-v012,question,skillId,32,32,b2cf949425a74ed6ff6386f87bcbd51f39254d28d74f4fff57d447f0af22569a
u03-s015-v012,question,difficulty,8,8,578756ca4aa16d8872610a5aaa78460fd30fbe93379ff7284fe65d66ca606755
u03-s015-v012,question,type,2,2,6bc0f9c4ecb0acbebf1b9f6c816bdd66f4885f67c917d9e141cf893014fba936
u03-s015-v012,question,visualMode,9,9,9c7d54b0bf7a9369d8594201c7b11955514343809d09fbec33966c1fd9794015
u03-s015-v012,question,sourceScope,19,19,a4b669ddb8ef1883391c07a7b633f12eeaeecee7ec37c09eea4931aff6644346
u03-s015-v012,question,text,58,130,4b3f51a3528d3337fe4a81718e66fe3dcce90bd74ebc493d769aa2c54b0392dd
u03-s015-v012,question,choices[0],2,2,4ec9599fc203d176a301536c2e091a19bc852759b255bd6818810a42c5fed14a
u03-s015-v012,question,choices[1],2,2,9400f1b21cb527d7fa3d3eabba93557a18ebe7a2ca4e471cfe5e4c5b4ca7f767
u03-s015-v012,question,choices[2],2,2,f5ca38f748a1d6eaf726b8a42fb575c3c71f1864a8143301782de13da2d9202b
u03-s015-v012,question,choices[3],2,2,6f4b6612125fb3a0daecd2799dfd6c9c299424fd920f9b308110a2c1fbd8f443
u03-s015-v012,question,explanation,52,109,e1d6730ec662f20e6dc24ec7b7ca18eb725acc39c5f18e80b40d43c96427bd60
u03-s015-v012,question,steps[0],11,25,b66fab14d644f540f816940d51dd2d24ffcd115dc545f23864e752ac2951e868
u03-s015-v012,question,steps[1],16,34,ff86f4e6cd19ddae1922755abc96a8d58f7d35ab09bc91d8e1c924ce384223d6
u03-s015-v012,question,steps[2],12,15,cb6eae7ccd51070c6e2cace8d6adbe578d4903582e2a5bc4d2adff4373ca09bd
u03-s015-v012,question,optionAnalysis[0].choice,2,2,4ec9599fc203d176a301536c2e091a19bc852759b255bd6818810a42c5fed14a
u03-s015-v012,question,optionAnalysis[0].reason,10,20,a11141455ffb9377106c5644b2994751099044534dffd192802bd75cfa8e2936
u03-s015-v012,question,optionAnalysis[1].choice,2,2,9400f1b21cb527d7fa3d3eabba93557a18ebe7a2ca4e471cfe5e4c5b4ca7f767
u03-s015-v012,question,optionAnalysis[1].reason,61,93,38b414cddb02a1c59d25f3cddfe1df42a443fb3b4e7933ae658117d801f31ed6
u03-s015-v012,question,optionAnalysis[2].choice,2,2,f5ca38f748a1d6eaf726b8a42fb575c3c71f1864a8143301782de13da2d9202b
u03-s015-v012,question,optionAnalysis[2].reason,8,18,6ebf7b1960e394561a05148a135089b7f49984143545386d419b9139470c0992
u03-s015-v012,question,optionAnalysis[3].choice,2,2,6f4b6612125fb3a0daecd2799dfd6c9c299424fd920f9b308110a2c1fbd8f443
u03-s015-v012,question,optionAnalysis[3].reason,8,20,c36be31b1d38ff0b5b508098b3df5c2c6fa130c929629748202e7852bc3cfcb7
u03-s015-v012,question,commonMistake,24,72,ef126381c9effbcf7dab11ed41073f9a8f7b8d429d7505a99a8487cff6cc6c13
u03-s015-v012,question,concept,16,48,5227f25bcdd3e9ff14a3c9b498db1879826871bb434ca13657c1344e3dbcf7bf
u03-s015-v012,question,tags[0],2,6,32f6541b44ed479dbf6cc8c7dd98824e49e03974d72ad8b65c33383a9cbb349f
u03-s015-v012,question,tags[1],12,36,627abb0f9b10d7a3d59b978018dc35dd4353311695bb0c130adb25fc29e78f1f
u03-s015-v012,question,tags[2],8,8,578756ca4aa16d8872610a5aaa78460fd30fbe93379ff7284fe65d66ca606755
u03-s015-v012,question,estimatedTimeSec,2,2,f369cb89fc627e668987007d121ed1eacdc01db9e28f8bb26f358b7d8c4f08ac
u03-s015-v012,question,prerequisiteSkillIds[0],31,31,7f8889f2ddb573029fc2d46a6c1780b97d99ae2e32420e8f3c82bbe376d8dc4d
u03-s015-v012,question,authoringIntent,18,54,e840c2d51f1c4eb18150cb137de71375ef7acf3d316d38899dc388db61d8505d
u03-s015-v012,question,literacyContextNecessity,42,120,41384749e47b616ea3bcef46d95ef145153f457096de05fa7e1a215bc4da5ec3
u03-s015-v012,question,reviewStatus,22,22,ec809598e2f7fcc69fad54c9cd045bba62b4a0dc7c0ff90d4efdc3788c9ad8fb
u03-s015-v012,question,contentSha256,64,64,e0f6cce5559adf6387d10f45c6bae5833ca92a8ac2993f3bbf77d900ed4cf1e8
u03-s015-v012,question,contentAuthority,25,25,ed40f75ffe3d6ad4e71f6e7919d063410490de360edb425965eccd605ca9d79e
u03-s015-v012,question,legacyContentDisposition,39,39,2efcc87c0c9673d2efe77735ae75582eb178c880b07035d8695f010e324b7c71
u03-s015-cr001,constructed-response,questionId,14,14,ce7b60060020f7edc6887e8089a9bc0a4e2fb8ba3b824b2828bcb31dc157824b
u03-s015-cr001,constructed-response,unitId,3,3,97ce842ec69dee17c1842918e63b9d4042fa4b35007146dcfb80a09c5000888a
u03-s015-cr001,constructed-response,topicId,29,29,16eba8e6421b4779da94d46faca02d25b8d4852d17812a4e18690b3125d5c87a
u03-s015-cr001,constructed-response,skillId,32,32,b2cf949425a74ed6ff6386f87bcbd51f39254d28d74f4fff57d447f0af22569a
u03-s015-cr001,constructed-response,difficulty,8,8,fe6d3468cf5c74d8ec2a95b40f2e05338c37a4202f8fad692d2b64a9cf9b468a
u03-s015-cr001,constructed-response,type,20,20,e519496c259191db041ac61161dbfadb673dd94a10a123ed7423adcf7968ae7c
u03-s015-cr001,constructed-response,visualMode,9,9,9c7d54b0bf7a9369d8594201c7b11955514343809d09fbec33966c1fd9794015
u03-s015-cr001,constructed-response,prompt,70,174,62a55648ca932cb9cd19e062317b73c02a856f81328fbe3a825bd0a3af1ae32f
u03-s015-cr001,constructed-response,requiredWork[0],6,18,dfaf2713652d03a4d38559bf53d4aea16cd3d16d932fc4e51dad067655cfef76
u03-s015-cr001,constructed-response,requiredWork[1],15,45,fc0f53e5a863d90a1fcc060b64569038f142db3a8c306e892829cb476f06e3ec
u03-s015-cr001,constructed-response,requiredWork[2],9,27,d2befdc04cb7b3f997b62c08054a6427394b65eb9f75c56956b0d9aba03c7979
u03-s015-cr001,constructed-response,fullCreditSolution[0],17,35,b11337293b08125eaa326e7d6e0de68ff163e93a8c587990247b4d660f0c6f26
u03-s015-cr001,constructed-response,fullCreditSolution[1],12,14,b8e479205f0b0172ada25336d380248357038f4cbcd95b64ad94928b707dd76d
u03-s015-cr001,constructed-response,fullCreditSolution[2],29,40,3dfc5bf263f6efed0ddb48f994d123cd92cbb9d0f10726fc9224589e309356eb
u03-s015-cr001,constructed-response,alternativeSolutions[0],22,36,9affa86dca5e566aca54fb3065c7eee2cf184874ac697f97af796d30fbb78c97
u03-s015-cr001,constructed-response,rubric[0].criteria,19,53,cd8ce1e4593230cdf627401d44959042f86c1b249a94d5a05fdf197c49a2deb9
u03-s015-cr001,constructed-response,rubric[1].criteria,18,54,04a43045ea7ddd666c44c851e25806415978afb3eae59fe7554098cc3f941bdb
u03-s015-cr001,constructed-response,rubric[2].criteria,22,40,4fd88053ce9b15420c31bae9eb41cdebf1994b36482cf22c2718fb5b6bdc38d9
u03-s015-cr001,constructed-response,rubric[3].criteria,11,33,715224aafa38f42e29d3ba2a111c72ef5831eddae4a270e4c45bed61eec66368
u03-s015-cr001,constructed-response,scoringNotes[0],14,42,cd605206f033bf9eb77fb66a20ada03efaf449b4f0635fc98dd861265ef39c50
u03-s015-cr001,constructed-response,scoringNotes[1],25,75,a2c565e5172ae5430bb229f94ce51035aa7b17f1f115f704476e4c19fc1098cf
u03-s015-cr001,constructed-response,commonErrors[0],9,27,e49fb27266654791820a9065712e7767c9fc7a050558f9f7fc86db0559d08ed9
u03-s015-cr001,constructed-response,commonErrors[1],10,24,5f5f0b7196bb34d809980e7d5f7c38ee4fc47da53445293efdf3d76e90c57ecb
u03-s015-cr001,constructed-response,independentReview.derivedResult,4,8,34593cd66917592a89494b0337acfa292c72254923fb014c98b53a1d601f8a95
u03-s015-cr001,constructed-response,independentReview.ambiguity,26,78,4b9998d99f5ff6b4c48867707da30b5a75387690128c1a0e4fdc7f35be5f3c7a
u03-s015-cr001,constructed-response,independentReview.decision,4,4,d74ff0ee8da3b9806b18c877dbf29bbde50b5bd8e4dad7a3a725000feb82e8f1
u03-s015-cr001,constructed-response,contentSha256,64,64,1ca76dd676b23ad524ce2e109d925e8aa6495504f696b98209a211af8b8a6bfd
u03-s015-cr001,constructed-response,contentAuthority,25,25,ed40f75ffe3d6ad4e71f6e7919d063410490de360edb425965eccd605ca9d79e
u03-s015-cr001,constructed-response,legacyContentDisposition,39,39,2efcc87c0c9673d2efe77735ae75582eb178c880b07035d8695f010e324b7c71
u03-s015-cr002,constructed-response,questionId,14,14,dcade34e3a4bfc87364a65221575b6ce7003ea233bff8618e9ec7a6862de3057
u03-s015-cr002,constructed-response,unitId,3,3,97ce842ec69dee17c1842918e63b9d4042fa4b35007146dcfb80a09c5000888a
u03-s015-cr002,constructed-response,topicId,29,29,16eba8e6421b4779da94d46faca02d25b8d4852d17812a4e18690b3125d5c87a
u03-s015-cr002,constructed-response,skillId,32,32,b2cf949425a74ed6ff6386f87bcbd51f39254d28d74f4fff57d447f0af22569a
u03-s015-cr002,constructed-response,difficulty,8,8,d21f85ea38166303ce58e06134b5cc4a5c900c409ab2a500ff7c9225109a09bb
u03-s015-cr002,constructed-response,type,20,20,e519496c259191db041ac61161dbfadb673dd94a10a123ed7423adcf7968ae7c
u03-s015-cr002,constructed-response,visualMode,9,9,9c7d54b0bf7a9369d8594201c7b11955514343809d09fbec33966c1fd9794015
u03-s015-cr002,constructed-response,prompt,77,191,baef7635ed31000d99c749c49937fd8eac8636ea03f8f1ce2fb22f5f91907ae8
u03-s015-cr002,constructed-response,requiredWork[0],14,42,f4c0f3873c256037a7cfd6d81d5e174321da120c1bc883b708dc23ff0e3cf11b
u03-s015-cr002,constructed-response,requiredWork[1],9,27,4becede50360ee38cbc523289665cd8d0ef68cc7dd5151cb19c28fa63ec22738
u03-s015-cr002,constructed-response,requiredWork[2],11,33,a717d9674ef67f007aa42629696dec577d60c0dd49109b6cff3171e0ac7fc5ec
u03-s015-cr002,constructed-response,fullCreditSolution[0],21,29,686fc5bf7cfe8c99d5a3eb4a1ace6394ae1ba5e9ec305bfb96ea91c4e2ec474b
u03-s015-cr002,constructed-response,fullCreditSolution[1],15,19,b534fe6aaa772c378946867aa2017609ac392dceb4b67c8fdb2d306bb9f116aa
u03-s015-cr002,constructed-response,fullCreditSolution[2],24,52,a38c024b8752455686e375c1c9193fce2d8e9389d9c6fe4f3dbdd00093bbfedf
u03-s015-cr002,constructed-response,alternativeSolutions[0],20,56,c873e7783c0bc8ac5a4e0d8e5ac474267b4f1783c8e04ca790e88df39155fe0b
u03-s015-cr002,constructed-response,rubric[0].criteria,17,45,02609f7957ad169de785d72e1eadadc1a0039c92a1b23aef6cc62d15a287d86e
u03-s015-cr002,constructed-response,rubric[1].criteria,18,54,66020cd632ec4117587b6eb4e5fe941e2ef93d02303292393837f7df6a50ca64
u03-s015-cr002,constructed-response,rubric[2].criteria,16,22,9f35ea0ee582d36d1ca2d31ecf251fd03225f0bf3be5d8feb4ea06f3f6b5cf33
u03-s015-cr002,constructed-response,rubric[3].criteria,12,36,861e076d24769fb4351cd318da621835f3faec9dbf106f362e46f9ad1adef361
u03-s015-cr002,constructed-response,scoringNotes[0],14,42,cd605206f033bf9eb77fb66a20ada03efaf449b4f0635fc98dd861265ef39c50
u03-s015-cr002,constructed-response,scoringNotes[1],25,75,a2c565e5172ae5430bb229f94ce51035aa7b17f1f115f704476e4c19fc1098cf
u03-s015-cr002,constructed-response,commonErrors[0],15,45,7d76ab1cc8bf8228b7ae905c3d9bb165da869627704411a93c4a61db184a6565
u03-s015-cr002,constructed-response,commonErrors[1],9,19,5921d304d01b60e0653630af2b2b6a1067b3c11835846ec5ad8330889cd4595f
u03-s015-cr002,constructed-response,independentReview.derivedResult,6,12,077d7782ac9e219b52dc17b221facdb55126f6733b3dea531f307c4737e5c0e4
u03-s015-cr002,constructed-response,independentReview.ambiguity,26,78,4b9998d99f5ff6b4c48867707da30b5a75387690128c1a0e4fdc7f35be5f3c7a
u03-s015-cr002,constructed-response,independentReview.decision,4,4,d74ff0ee8da3b9806b18c877dbf29bbde50b5bd8e4dad7a3a725000feb82e8f1
u03-s015-cr002,constructed-response,contentSha256,64,64,0ef9ef576dc33fdbd78adbed0cf648eb70ba1c767cc1371ff7affe9ec1a70022
u03-s015-cr002,constructed-response,contentAuthority,25,25,ed40f75ffe3d6ad4e71f6e7919d063410490de360edb425965eccd605ca9d79e
u03-s015-cr002,constructed-response,legacyContentDisposition,39,39,2efcc87c0c9673d2efe77735ae75582eb178c880b07035d8695f010e324b7c71
u04-s001-lecture-r1,lecture,lectureId,19,19,33447f3315154551ec30c383478022c57fb6fd0b911df3b53504a3a6706cee54
u04-s001-lecture-r1,lecture,unitId,3,3,75af07890985d922be67b495cb8fb20dd1c4838309297f0c613eb1c8cb397976
u04-s001-lecture-r1,lecture,topicId,17,17,ae0a1fb9cf3d5911b74584a096c2ade6c4a8716476c888e042c94d23fb382bf8
u04-s001-lecture-r1,lecture,skillId,39,39,c826413f8caf486af2f2d6c85342f879a467a521bbaa42b5054e6ec64127b124
u04-s001-lecture-r1,lecture,lockedSkillTitle,10,30,3be3df91f628bd8078887725924f6e43bb7038d7bb9fba6156ebfde58c2e3e2e
u04-s001-lecture-r1,lecture,title,20,60,bf2ee8b6c3239b5bbc6586d3439b7beb58fc40af0a8af5f5ded6829f0c5f105d
u04-s001-lecture-r1,lecture,audience,16,48,7ffabb53d1c789f01e81b1adfaf6aa61127323337e30eb35eec65b9d2bb7aadd
u04-s001-lecture-r1,lecture,reviewStatus,22,22,ec809598e2f7fcc69fad54c9cd045bba62b4a0dc7c0ff90d4efdc3788c9ad8fb
u04-s001-lecture-r1,lecture,exactSkillIdentity.unitTitle,9,27,f819136e034b728f037975b5750a3abf07c01fe7216cdb95a74ebac9a98e3696
u04-s001-lecture-r1,lecture,exactSkillIdentity.skillTitle,10,30,3be3df91f628bd8078887725924f6e43bb7038d7bb9fba6156ebfde58c2e3e2e
u04-s001-lecture-r1,lecture,exactSkillIdentity.scope,30,86,065084e0bb14c2698fb301284651ce89b0b6e943771631a9b986b88ea5082637
u04-s001-lecture-r1,lecture,prerequisiteBridge,27,81,6eeae1cae2ac52e7b42200811d6246101f3245ae3eaec7b030e4c4e0445cf526
u04-s001-lecture-r1,lecture,learningGoals[0],17,51,8b3327149fc07b21450b3d742602403c7edd95f16be52795bff902f8cb9ebc75
u04-s001-lecture-r1,lecture,learningGoals[1],19,57,f9fb05b5d96596714c0718e209426001d7758493a06a4c0698fbceeb2c945f32
u04-s001-lecture-r1,lecture,learningGoals[2],24,66,59f18aa39edd66aeee77123fc208c5f6a4620171dee94e5484d80f2a0c206f32
u04-s001-lecture-r1,lecture,learningGoals[3],22,60,31080f8ae9516b310dc663b6adcf1242c56b6bbacdda4a0d25951124dc3fc93a
u04-s001-lecture-r1,lecture,vocabulary[0].term,3,9,e2233ebbe5349492d176a25d4604bcb947926faf7b4589c899bc48de13a8012e
u04-s001-lecture-r1,lecture,vocabulary[0].definition,17,43,32ad1597a5a9af781d9a34da0c1c4be3d4ebff0534bb730a81a8ee6cc9f8bf53
u04-s001-lecture-r1,lecture,vocabulary[1].term,2,6,6075ffa8916088960d1b907dd9d7a9fe22bcddd8080cea4e92724ed2e4d33a45
u04-s001-lecture-r1,lecture,vocabulary[1].definition,12,36,bc84dca6de160816f996a516fdd8eaeeb95e7a3f1930bf41304d48b239d5fcca
u04-s001-lecture-r1,lecture,vocabulary[2].term,2,6,d736c7e459521de9cfa48a5997482ce5d0216a140636ad5f1b98f025b21a8e5d
u04-s001-lecture-r1,lecture,vocabulary[2].definition,27,77,73af738e65bbd441914bb99ee151ab1a078c9a822e6bff9f7741d85e9dd93364
u04-s001-lecture-r1,lecture,vocabulary[3].term,3,9,671902a985cd4ba5c33be8c4758f774c763aa326b99e235e2a1fc86c4a0514c9
u04-s001-lecture-r1,lecture,vocabulary[3].definition,16,48,80cc44034e4ce95abfa53b3b4e1cc43d63b7e4921fc83e2c206303cba62fac1e
u04-s001-lecture-r1,lecture,vocabulary[4].term,2,6,51a509040fe4ec82abff73da2da89230d25eea3c2948777af1d042663cb60e75
u04-s001-lecture-r1,lecture,vocabulary[4].definition,23,57,216221ac68ad49d0f320b12489cfc984da5812868bfbb753b514ee1ef6f7c839
u04-s001-lecture-r1,lecture,notation[0].symbol,7,7,7ca0a4d386ed264e8a3114f08e70ba8f8d4a4b8d5a3f93a2ad7eb327aeb0004c
u04-s001-lecture-r1,lecture,notation[0].meaning,28,72,6d737738657518af217ce91d9b01b6f493fd0846a5a011763000e1179ed026ea
u04-s001-lecture-r1,lecture,notation[1].symbol,2,3,f3b5ff1969c6ec2b6cc58a15fc7a6d3dde8d8a8a6c6fdde6deb7548083fa063b
u04-s001-lecture-r1,lecture,notation[1].meaning,14,38,928396e041919a76fd10996145c4d0ad120920045e98e68033f802c889736f2e
u04-s001-lecture-r1,lecture,notation[2].symbol,2,2,769a4e6d0003189c7e96c5d9b7e810a0d11c3a12832527ec94b0f86d277f51ca
u04-s001-lecture-r1,lecture,notation[2].meaning,22,62,b7900dd3cc4b166b4da36ff4a572e3dd41fe79219366cf35db48bf9e72e06e52
u04-s001-lecture-r1,lecture,conceptDevelopment[0],38,114,90979298795f96850bd62d74a34bc5c09497805604509a199db38d8207d9e97d
u04-s001-lecture-r1,lecture,conceptDevelopment[1],58,142,0425fe8f6b560d063d27d66969dd73ce2d577cee3394d2dc93276455c503783a
u04-s001-lecture-r1,lecture,conceptDevelopment[2],76,196,650b1eac9eca8e4afe2424c95b77e3c174c87d7df94d81d6a41c1a334e5c5e83
u04-s001-lecture-r1,lecture,definitions[0].name,7,21,cc7fc03e72f2518e9635bf6561e7e78ecf39066f3eceba72b30c7daf807229ec
u04-s001-lecture-r1,lecture,definitions[0].statement,26,72,4617d36d7b283bad437a431c02776a92340702d7047cc3e6304c313d913190ec
u04-s001-lecture-r1,lecture,definitions[1].name,3,9,c34a5fd739c699b754f8e293a58e95e3fd18f35782cac81e34c0cd1be7203bbe
u04-s001-lecture-r1,lecture,definitions[1].statement,15,37,ad57d852fd2b429f046afcdf514143d79dd01007f63f275b37e9e99eac5037a7
u04-s001-lecture-r1,lecture,definitions[2].name,3,9,3fbd15525488b2cb2d51f1cf3dac9262f24abada1f8413622abd7f3b9d8d3d89
u04-s001-lecture-r1,lecture,definitions[2].statement,13,35,2eebfbc374cbb1e23e6f1f270e2b52f0a8f6477ed531e7a1abe79dc9b9f8dfda
u04-s001-lecture-r1,lecture,formulas[0].formula,7,7,7ca0a4d386ed264e8a3114f08e70ba8f8d4a4b8d5a3f93a2ad7eb327aeb0004c
u04-s001-lecture-r1,lecture,formulas[0].conditions[0],37,81,17750a1379b028ff0b082c79d334e129a55f71014cd295fc8d4a32b4ee080c77
u04-s001-lecture-r1,lecture,formulas[0].meaning,18,54,6d2092a4ab82f38150e8bad085c198d5c497be70224ee09af4aca9143b2032a8
u04-s001-lecture-r1,lecture,invalidUseCases[0],24,58,2e56d0c9d423c2dcf586fb2aceb2126f75d8b3bf8113b1224895d4d1877a5416
u04-s001-lecture-r1,lecture,invalidUseCases[1],28,65,ce6c6a95b095595900248d7f523a7a7a88a936a62fb3f815cf0f3544fb96fe85
u04-s001-lecture-r1,lecture,invalidUseCases[2],25,75,69b99e1135dc22f8e4aeb79cf440bf6948d667e85e5bc1a0137872c0f7646ebf
u04-s001-lecture-r1,lecture,invalidUseCases[3],20,54,1d0021b35a7cc7b39270c4d49b3d94cfc074208ce2266ba646ea76d45256289f
u04-s001-lecture-r1,lecture,stepByStepMethod[0].instruction,4,12,032a437a2bd6da516ea440766b5b25ad31109e148e9d8d64d6ab8669f73fa72e
u04-s001-lecture-r1,lecture,stepByStepMethod[0].check,9,27,6258cb118cbbe16544d6e4b4a11b9b7ec25a4ad29464cbe03966ae84bdf5ab74
u04-s001-lecture-r1,lecture,stepByStepMethod[1].instruction,7,21,99114306591343af4d492b0a233fd849e549869ffd571d09fa98f12a2c715591
u04-s001-lecture-r1,lecture,stepByStepMethod[1].check,7,21,407d97addbe4602b7ad36c75cb9aa506621a87cf04e982f9b3b88368c1c1d67c
u04-s001-lecture-r1,lecture,stepByStepMethod[2].instruction,6,18,2842a03b9a12f361048c7bb260ad601e667db0259b4bbbd8a0391ebcfcd0cde8
u04-s001-lecture-r1,lecture,stepByStepMethod[2].check,9,27,86070e29de9f2dfdbfc1660b06708b96ce4d45e80f38e9eff2c95c578cab0e8e
u04-s001-lecture-r1,lecture,stepByStepMethod[3].instruction,5,15,6bf5f2c27d6e423a5e19545a8b5276fcc22c0d05fdfeab584bb6a03b3f0cbe0a
u04-s001-lecture-r1,lecture,stepByStepMethod[3].check,19,57,9c9d0beefc213aff36769d48b0accaf4793a4b7cfce55f82572dcb5c6ceee6d0
u04-s001-lecture-r1,lecture,stepByStepMethod[4].instruction,9,27,4cd9f8e34b31ccaed34ae2a9dbfff9f2fa0a58063c7ce8dab7ec6c94219eb982
u04-s001-lecture-r1,lecture,stepByStepMethod[4].check,17,51,9589fa3c578cd4590d5ece9dbac7efcc99ae2f276425d8393135437839b3ca62
u04-s001-lecture-r1,lecture,workedExamples[0].exampleId,2,2,dffe8596427fc50e8f64654a609af134d45552f18bbecef90b31135a9e7acaa0
u04-s001-lecture-r1,lecture,workedExamples[0].prompt,11,17,add3c13cf0373e09ca1306510e8d6bfdfed79b2e3ce0284c3836d6ce9be4145b
u04-s001-lecture-r1,lecture,workedExamples[0].solutionSteps[0],4,12,a3184c1b27225e4ca284fa9bf600868b26abb1cc863f16257b527ae78f86af49
u04-s001-lecture-r1,lecture,workedExamples[0].solutionSteps[1],9,21,6902047461dcd4714a3e4b400ba130d4b63b14b6e02b9e793a3e07cb4fff823b
u04-s001-lecture-r1,lecture,workedExamples[0].solutionSteps[2],14,36,c032f13290a10e8babdc4e84bcf4d371c81baf0c3373f5c25e75410200dbc277
u04-s001-lecture-r1,lecture,workedExamples[0].answer,9,27,581701f9486676c432d004130520afd4a782c880dce949f1d6bab9db47a53f50
u04-s001-lecture-r1,lecture,workedExamples[1].exampleId,2,2,d76354d8457898445bb69e0dc0dc95fb74cc3cf334f8c1859162a16ad0041f8d
u04-s001-lecture-r1,lecture,workedExamples[1].prompt,10,16,7d6cbed2aa9e95b5fe2882293d328fa4649c8c16b4138bda23b5933eb694f54a
u04-s001-lecture-r1,lecture,workedExamples[1].solutionSteps[0],7,15,1822869cda04e61c77964d829f9cebd2f04846818af6b3de13596d420cb028fa
u04-s001-lecture-r1,lecture,workedExamples[1].solutionSteps[1],19,47,3e9f88d8367bdbaf868ceaed99898b7d267de09cf99bb7b996ae31ef3e185029
u04-s001-lecture-r1,lecture,workedExamples[1].answer,10,30,e1316491e2f410d3888e9fac510e2950ea5816feb870f1466a794889227cae25
u04-s001-lecture-r1,lecture,workedExamples[2].exampleId,2,2,842983de8fb1d277a3fad5c8295c7a14317c458718a10c5a35b23e7f992a5c80
u04-s001-lecture-r1,lecture,workedExamples[2].prompt,14,20,bba934bbe3cb4a5580ea5fe480b709e313a58cba96e417924786c67cdb06aa62
u04-s001-lecture-r1,lecture,workedExamples[2].solutionSteps[0],14,22,6db781b311c77e34d788e939c6c53e92c70b90325ebef98bc469ee3e9b3646d9
u04-s001-lecture-r1,lecture,workedExamples[2].solutionSteps[1],11,19,915b3aab30dcea2c2ed3449ae28e6b19d8660a139f88d5c642dbf760a0a786a2
u04-s001-lecture-r1,lecture,workedExamples[2].answer,13,39,c51ef007ea1e62a596365b7ecf48b7c670918891bea234c3cf2ff8f4a615b2a4
u04-s001-lecture-r1,lecture,workedExamples[3].exampleId,2,2,4a5a97c6433c4c062457e9335709d57493e75527809d8a9586c141e591ac9f2c
u04-s001-lecture-r1,lecture,workedExamples[3].prompt,13,19,e6fcd752b755279da764d4535f0d6997592378b11c5a4c82a8c87b92f5de8339
u04-s001-lecture-r1,lecture,workedExamples[3].solutionSteps[0],16,28,e573dcf18ac703a80f1a3da9306b686a437ac115f1fbbaf298c26848e7360b8f
u04-s001-lecture-r1,lecture,workedExamples[3].solutionSteps[1],14,28,b58d225c373644e3cbda80a3e51f1407ce532328bad7bd0af1f940861cbc7d15
u04-s001-lecture-r1,lecture,workedExamples[3].answer,15,45,e27bbd2961308b9d2dc700752ef287b974c1d0bc56269ffc1d54f689f15cb707
u04-s001-lecture-r1,lecture,commonMistakes[0].mistake,16,40,76fd979dd574bb91020d6dc2501618198a6a6d96cea7c4809ef0d22aa1c00560
u04-s001-lecture-r1,lecture,commonMistakes[0].correction,10,30,386b015ebda94f0cf5e7ef94bca3196e3e76be10ff074ea79df78f7bc38e4b5d
u04-s001-lecture-r1,lecture,commonMistakes[1].mistake,12,28,666ba6dfe32a070ff72eda94c276b5e97f9050b1ef755e0236b30f459bbf1c61
u04-s001-lecture-r1,lecture,commonMistakes[1].correction,19,39,4b513b3f814a5fb5b4a7b57c6eb8d21b4c8cad96703f12de40da75d418067246
u04-s001-lecture-r1,lecture,commonMistakes[2].mistake,4,12,1529bdce1649a03bf3a711d4ab9cf7a4880f38ce08cf968364a3b7dad10419c3
u04-s001-lecture-r1,lecture,commonMistakes[2].correction,12,36,e245f154ff5a34de090151167c0de5f3b0f2f47df6fee993d746d29ba69ebc45
u04-s001-lecture-r1,lecture,commonMistakes[3].mistake,12,36,fc4108279a8ecc42d4e91540ea82f1fbc3a8233fa109c600cf5e0dfe4f1e8c4d
u04-s001-lecture-r1,lecture,commonMistakes[3].correction,24,68,3f056a334cd2f511bd6cfdf3a16605a11cd2795dff57f4f6c90a29b43e36e113
u04-s001-lecture-r1,lecture,selfCheck[0].prompt,13,23,032ef436c8fd09a0dae137df12d8e238f6662066ce249bb1032fa241cb3643cd
u04-s001-lecture-r1,lecture,selfCheck[0].answer,11,33,04f486357f84f83c128fb2891b778605c9e95e11d30fe1eaf6ee68032d3c48b8
u04-s001-lecture-r1,lecture,selfCheck[1].prompt,14,24,6c6c17ede7c4c86e3fd39ed083632262849d13098240fb8632f07142a33afbdc
u04-s001-lecture-r1,lecture,selfCheck[1].answer,10,26,fc78471f4eb3b2b91e1c6a5e7aa61a32f84db6014c0baad46c3fb3c43cf0930a
u04-s001-lecture-r1,lecture,selfCheck[2].prompt,13,23,35280ae51207c4f1765181cf6e6de98ca3eb2b5db13a36c12694eff69decbe21
u04-s001-lecture-r1,lecture,selfCheck[2].answer,13,31,fcbbb2ee72fb935ba09e38adb16db92e4f9c42f0be45a9b5e1eedd2afbeb1e7f
u04-s001-lecture-r1,lecture,selfCheck[3].prompt,15,31,62de26b46d2d98b9a629a65c748798e3d8329e7883acb4750281fc1210b4b6d5
u04-s001-lecture-r1,lecture,selfCheck[3].answer,5,15,942582cf1f6605decce0944915083118cfb08eeb3c3645c41a17e6d2aa997757
u04-s001-lecture-r1,lecture,summary[0],28,84,29c771a8ef1ccd442351bffa98aab79855e250c9713f878ef71b30c6ddcc2b85
u04-s001-lecture-r1,lecture,summary[1],7,21,89302c792f36f0e0b303fa05abe4cdd6e95f8db35da61dda3be1217c60be2281
u04-s001-lecture-r1,lecture,summary[2],9,27,cd0c1d14733be01ce2300daa3dfc1d6cba30a2012d841514f3090f1b5d9e79e0
u04-s001-lecture-r1,lecture,summary[3],14,26,fdb28192a7228be395e407e77b57f8efe169dcbd5fbc7a1f31e4e1258da4485c
u04-s001-lecture-r1,lecture,connections.previous,27,81,6eeae1cae2ac52e7b42200811d6246101f3245ae3eaec7b030e4c4e0445cf526
u04-s001-lecture-r1,lecture,connections.next,23,69,ac66e5dd4eec04b3a2ab9157492a7c6e1a3148b48dd128c02f8be6c04ada294e
u04-s001-lecture-r1,lecture,accessibilityNote,46,128,697935d0e6f1c2136a007bf0c0ac86fca6bb6e84e11b4cfcbc099a82e31c7b85
u04-s001-lecture-r1,lecture,lectureReview.decision,4,4,d74ff0ee8da3b9806b18c877dbf29bbde50b5bd8e4dad7a3a725000feb82e8f1
u04-s001-lecture-r1,lecture,lectureReview.mathematicalCorrectness,4,4,d74ff0ee8da3b9806b18c877dbf29bbde50b5bd8e4dad7a3a725000feb82e8f1
u04-s001-lecture-r1,lecture,lectureReview.zeroFoundationReadability,4,4,d74ff0ee8da3b9806b18c877dbf29bbde50b5bd8e4dad7a3a725000feb82e8f1
u04-s001-lecture-r1,lecture,lectureReview.capBoundary,4,4,d74ff0ee8da3b9806b18c877dbf29bbde50b5bd8e4dad7a3a725000feb82e8f1
u04-s001-lecture-r1,lecture,lectureReview.skillSpecificEvidence,59,171,0e6f47f25aa0a63de6894d4ae2398e8df0ed1b6aecd4e4159b5f9f4726b4d591
u04-s001-lecture-r1,lecture,lectureReview.reviewNote,59,171,0e6f47f25aa0a63de6894d4ae2398e8df0ed1b6aecd4e4159b5f9f4726b4d591
u04-s001-lecture-r1,lecture,lectureReview.reviewedAt,10,10,14158d45727526145ef514139eeb669eb54d613dbcffe524f099dbb71c9d8b08
u04-s001-lecture-r1,lecture,contentAuthority,25,25,ed40f75ffe3d6ad4e71f6e7919d063410490de360edb425965eccd605ca9d79e
u04-s001-lecture-r1,lecture,replacementPolicy,67,67,6b2349a5ddaedbb65fc7e14a57f95615b20eff02ac1787763c0b925ce64737d2
u04-s001-lecture-r1,lecture,contentSha256,64,64,5885b17edb36d8169c593a91ad779bdd04d5763ed8a801f415f1567094c683d6
u04-s001-v001,question,questionId,13,13,6c4f9b07eef09f822f79ecabaa83b0a6fc77025aca07b7e29f7763d9380cc1f2
u04-s001-v001,question,unitId,3,3,75af07890985d922be67b495cb8fb20dd1c4838309297f0c613eb1c8cb397976
u04-s001-v001,question,topicId,17,17,ae0a1fb9cf3d5911b74584a096c2ade6c4a8716476c888e042c94d23fb382bf8
u04-s001-v001,question,skillId,39,39,c826413f8caf486af2f2d6c85342f879a467a521bbaa42b5054e6ec64127b124
u04-s001-v001,question,difficulty,5,5,fbb7b5bf4ca348eeeebf8cc3660712859a5a1fbf18e83217a57ce203fb51d5c2
u04-s001-v001,question,itemType,2,2,6bc0f9c4ecb0acbebf1b9f6c816bdd66f4885f67c917d9e141cf893014fba936
u04-s001-v001,question,prompt,14,42,fc7a719068ac27faf03c9919de3a56203781e5ca84e50b68b0fec0ffd38f2408
u04-s001-v001,question,givenConditions[0],13,39,b6c1d67c561ea7524c2cac6cce9aba6d8ef9a0df2e9c70914ae4b23ef961383e
u04-s001-v001,question,target,14,42,3b4bb4b6f3f9bb171bac615c63b888385fe1479ca224fe8c71af39020bbeb6a6
u04-s001-v001,question,choices[0],7,7,45fbd0f38c32803103692a6fcdb6e5abcd94e2107c80b7d35c2d1be9e1d12bf0
u04-s001-v001,question,choices[1],4,4,56a9566c5e792f5bff6eb853e60ec29502dc5d16745e789dadf010b1af0af7c1
u04-s001-v001,question,choices[2],6,7,d684220772b5579b1a8be22014d18f7b2bffbf2c32c5adbd691a46dc94d60b5f
u04-s001-v001,question,choices[3],4,4,ab9366696a92c580fdf43c2b8a5aa06d6438cbf75a3c7710d8719868a926e603
u04-s001-v001,question,independentSolution,32,78,9ca78aa97526f19da37ca420292eeb5b3524cbdeee36fff09c2f662b18c761fb
u04-s001-v001,question,explanation,31,93,0a16c4430ec9d45ba5403ba0850bafae78262e091144449f27cc34d775f6fbb9
u04-s001-v001,question,steps[0],5,15,e2aa1b8367cdb1cb526ecfb7a3d03e457eeea0b665df61becae57fe837e39562
u04-s001-v001,question,steps[1],11,27,7d304a2b3caea4548d49e2135f254a220dd20a023d1f6d519f4d77bbaf5f9214
u04-s001-v001,question,steps[2],14,38,49d7cc0ee4b0f5670f822aff18ff21d7b59a0789e3813a5385e4889b05427203
u04-s001-v001,question,optionAnalysis[0].choice,7,7,45fbd0f38c32803103692a6fcdb6e5abcd94e2107c80b7d35c2d1be9e1d12bf0
u04-s001-v001,question,optionAnalysis[0].reason,18,54,1a4cbaa1ab9131c2ea262b5648732392319e117eadf6c3b8fe8bfd299abcb02b
u04-s001-v001,question,optionAnalysis[1].choice,4,4,56a9566c5e792f5bff6eb853e60ec29502dc5d16745e789dadf010b1af0af7c1
u04-s001-v001,question,optionAnalysis[1].reason,11,33,8c91159eeaeec3c8c86ce845cb2a1cb3f5f3c22826c6d651c1d9906a069bcf39
u04-s001-v001,question,optionAnalysis[2].choice,6,7,d684220772b5579b1a8be22014d18f7b2bffbf2c32c5adbd691a46dc94d60b5f
u04-s001-v001,question,optionAnalysis[2].reason,14,29,232c7e446f9f7cdcd8d6875ad240750400a132b15b736b86cf30fec000fe154c
u04-s001-v001,question,optionAnalysis[3].choice,4,4,ab9366696a92c580fdf43c2b8a5aa06d6438cbf75a3c7710d8719868a926e603
u04-s001-v001,question,optionAnalysis[3].reason,10,24,6f79e2978c2cd2283d6b105a4b0cf941282c9d34f7acce039364bfd904ab19fa
u04-s001-v001,question,misconceptionTarget,12,36,fd297c211ba43aa8b90e4b8fbf68e39ff4b946493ef5f3e32a97a1753d0ddde4
u04-s001-v001,question,prerequisiteCheck,35,103,e35957f749008af76476ae4f1b0fc44c3d02c584348828c9603fd507def00664
u04-s001-v001,question,unitCheck,10,30,392765f4242e9d19a18f7cbed2c4df36055cc95b51f2e434816c90bc1abe7e40
u04-s001-v001,question,roundingCheck,20,60,debbeb3c76489065b61ec3659584a07a59350f1448ffc6514fb02a22bc0afd2b
u04-s001-v001,question,ambiguityAudit,43,129,05acd7e90616a12ea8cc1650b60b9aa7a12d8a5ec238d470ee2a10b936ad4158
u04-s001-v001,question,boundaryAudit,28,84,3dd5095921e968a5c431c304f9abcb4beeeb0ea19a8750c0e3345b291c45c59b
u04-s001-v001,question,difficultyReason,17,51,484d0941a86765623747be97fd02139251034187f72ff6eb097a974f5b777e6b
u04-s001-v001,question,contentAuthority,25,25,ed40f75ffe3d6ad4e71f6e7919d063410490de360edb425965eccd605ca9d79e
u04-s001-v001,question,replacementPolicy,67,67,6b2349a5ddaedbb65fc7e14a57f95615b20eff02ac1787763c0b925ce64737d2
u04-s001-v001,question,contentSha256,64,64,6ea7e937148e3e173debd4dc2d6b8873af545c2945f2eef2c4c1f5d5ae98bfcf
u04-s001-v002,question,questionId,13,13,15143e1f82b9931f1777a4c1e1ba5aa55662e89f533334b04594be4c6089690d
u04-s001-v002,question,unitId,3,3,75af07890985d922be67b495cb8fb20dd1c4838309297f0c613eb1c8cb397976
u04-s001-v002,question,topicId,17,17,ae0a1fb9cf3d5911b74584a096c2ade6c4a8716476c888e042c94d23fb382bf8
u04-s001-v002,question,skillId,39,39,c826413f8caf486af2f2d6c85342f879a467a521bbaa42b5054e6ec64127b124
u04-s001-v002,question,difficulty,5,5,fbb7b5bf4ca348eeeebf8cc3660712859a5a1fbf18e83217a57ce203fb51d5c2
u04-s001-v002,question,itemType,2,2,6bc0f9c4ecb0acbebf1b9f6c816bdd66f4885f67c917d9e141cf893014fba936
u04-s001-v002,question,prompt,20,42,2741f34091b147b13b73b27cfaf7e453ca03236db1f5444e9dbf65f09d4d36f3
u04-s001-v002,question,givenConditions[0],13,39,b6c1d67c561ea7524c2cac6cce9aba6d8ef9a0df2e9c70914ae4b23ef961383e
u04-s001-v002,question,target,7,21,b3fc254641e3082af5b82db7d364a42b662cb2173bd0c1c1f2e0cd19286ab8bc
u04-s001-v002,question,choices[0],3,5,28f8395ccc34d153f5e763088d2acd47c941d487a78e87d769f39fc825c7719b
u04-s001-v002,question,choices[1],3,5,b72c88a8491dd6767853084e3ed84fb7a865c91d32a52f0fcfa2721f2ef7829f
u04-s001-v002,question,choices[2],3,5,32efb7ce625a0c968c2bb3ba4c4c457f2bd5ed9256928c91426c8287a0aa4aef
u04-s001-v002,question,choices[3],3,5,f5d8fcf6acfbb948556b761eceb3042b98fad4bc565bcdf437fc8a0b98bf64d8
u04-s001-v002,question,independentSolution,21,51,2cbc42402898c4339b4cfedf63ed98d81abe92ecbc41301b3e40a97ce6acb3fa
u04-s001-v002,question,explanation,22,66,cdea4595b5796fa7936ae2345f86c019df5521b163776cfe11e04e569eb7d832
u04-s001-v002,question,steps[0],9,21,95a787250d69f96da832b5fe4c6a5c01cc75d4ec863c142cfceecaedeed585b1
u04-s001-v002,question,steps[1],10,30,cb97917ecba4acc0e41f608c7c456b079a1581df9439ef913b207cb41a2b9fc1
u04-s001-v002,question,optionAnalysis[0].choice,3,5,28f8395ccc34d153f5e763088d2acd47c941d487a78e87d769f39fc825c7719b
u04-s001-v002,question,optionAnalysis[0].reason,11,25,7332403364e1fd17f4b8407480eefd2581f357b7559f1d78f154f32c01f6ec69
u04-s001-v002,question,optionAnalysis[1].choice,3,5,b72c88a8491dd6767853084e3ed84fb7a865c91d32a52f0fcfa2721f2ef7829f
u04-s001-v002,question,optionAnalysis[1].reason,13,33,1d8928015b555dc9afcf1d4ed89f5a61e59d767aeb87121cd1534e83f0efd4c8
u04-s001-v002,question,optionAnalysis[2].choice,3,5,32efb7ce625a0c968c2bb3ba4c4c457f2bd5ed9256928c91426c8287a0aa4aef
u04-s001-v002,question,optionAnalysis[2].reason,11,27,a9a891156e923322ccaa2eae80f9bb4556826cc10bbbf983c072feb6f592623e
u04-s001-v002,question,optionAnalysis[3].choice,3,5,f5d8fcf6acfbb948556b761eceb3042b98fad4bc565bcdf437fc8a0b98bf64d8
u04-s001-v002,question,optionAnalysis[3].reason,13,33,63a1b033a18e1f7ab60ccebd67a9f0230bb4ef2720e585c8caeff0fa007190af
u04-s001-v002,question,misconceptionTarget,11,33,cf4ce69bdb0ec7844808314117cb5a0f55330fcd7bf2b1b226fadb15e2022d77
u04-s001-v002,question,prerequisiteCheck,35,103,e35957f749008af76476ae4f1b0fc44c3d02c584348828c9603fd507def00664
u04-s001-v002,question,unitCheck,10,30,392765f4242e9d19a18f7cbed2c4df36055cc95b51f2e434816c90bc1abe7e40
u04-s001-v002,question,roundingCheck,20,60,debbeb3c76489065b61ec3659584a07a59350f1448ffc6514fb02a22bc0afd2b
u04-s001-v002,question,ambiguityAudit,36,108,8488ff846c062063f86f2a6765375b2c0b328fefc19b09cb6853ece3eff5d987
u04-s001-v002,question,boundaryAudit,28,84,3dd5095921e968a5c431c304f9abcb4beeeb0ea19a8750c0e3345b291c45c59b
u04-s001-v002,question,difficultyReason,15,45,4670318cfbd5331642f600e3af644c2dd7adee81fdacd4903e167d92efdab301
u04-s001-v002,question,contentAuthority,25,25,ed40f75ffe3d6ad4e71f6e7919d063410490de360edb425965eccd605ca9d79e
u04-s001-v002,question,replacementPolicy,67,67,6b2349a5ddaedbb65fc7e14a57f95615b20eff02ac1787763c0b925ce64737d2
u04-s001-v002,question,contentSha256,64,64,48bb089310d72850d4094ec1adeb9c337ada464e24c5c4f6fe9a2422644b2c69
u04-s001-v003,question,questionId,13,13,3682535cab66a141dc93abac42f0806ac102f1613a03f3889d7f2c63aaafa4cd
u04-s001-v003,question,unitId,3,3,75af07890985d922be67b495cb8fb20dd1c4838309297f0c613eb1c8cb397976
u04-s001-v003,question,topicId,17,17,ae0a1fb9cf3d5911b74584a096c2ade6c4a8716476c888e042c94d23fb382bf8
u04-s001-v003,question,skillId,39,39,c826413f8caf486af2f2d6c85342f879a467a521bbaa42b5054e6ec64127b124
u04-s001-v003,question,difficulty,5,5,fbb7b5bf4ca348eeeebf8cc3660712859a5a1fbf18e83217a57ce203fb51d5c2
u04-s001-v003,question,itemType,2,2,6bc0f9c4ecb0acbebf1b9f6c816bdd66f4885f67c917d9e141cf893014fba936
u04-s001-v003,question,prompt,25,60,2baf075e5381c4c881a15b01bff879238d436a6d4e5897bc704a90842c717057
u04-s001-v003,question,givenConditions[0],13,39,b6c1d67c561ea7524c2cac6cce9aba6d8ef9a0df2e9c70914ae4b23ef961383e
u04-s001-v003,question,target,10,30,2c6ca0aa9807385b3f535cfb67931e671d06ff8367df1f80d49bb58c9b9e0e45
u04-s001-v003,question,choices[0],4,12,907ea4e698578d6b3a9fa44cf6a1090071bb43b8c475e234f96bed4b0d1d8bb7
u04-s001-v003,question,choices[1],7,21,3cb116030376f4bdebb029f2a78921b15f92345903e9427aa26c71d7c6c01ade
u04-s001-v003,question,choices[2],8,16,6994a568138d4dfc0666c0e65c6c5cbc71711ac2e4f847bd88ecb53bebe43378
u04-s001-v003,question,choices[3],6,14,13b85a22feaaddd0a894db6b03e96e69a5a291ff639068117934336aa694f255
u04-s001-v003,question,independentSolution,24,57,0caa720e97deac9c1929476dc4cb75dcac1fa4edd8aba055c14b300d98964283
u04-s001-v003,question,explanation,19,53,b06875c9c75af07f38cc42b9d19f309a252177325a9aa49d31cfc451d2eaf923
u04-s001-v003,question,steps[0],6,13,770d89fb0bef00178101feefa34e835230a28d678964ffa2933034514ba4680d
u04-s001-v003,question,steps[1],12,26,df6a99a36541407b904273afa74359d79f51b868658abcce484f390ca69feff2
u04-s001-v003,question,steps[2],5,15,ffb239861a744164b17d941a870b75335a674ea31e68eff54855952abf4a9fe2
u04-s001-v003,question,optionAnalysis[0].choice,4,12,907ea4e698578d6b3a9fa44cf6a1090071bb43b8c475e234f96bed4b0d1d8bb7
u04-s001-v003,question,optionAnalysis[0].reason,8,24,4899b4bd04f83cb62c34109df7b2dd12dc6c9318a845e08abec602b339c644c4
u04-s001-v003,question,optionAnalysis[1].choice,7,21,3cb116030376f4bdebb029f2a78921b15f92345903e9427aa26c71d7c6c01ade
u04-s001-v003,question,optionAnalysis[1].reason,14,34,cc3008bee509ed8e6fac0ddf25ac83adec0f9a0ffe6a64ab907ce4c3c4be447d
u04-s001-v003,question,optionAnalysis[2].choice,8,16,6994a568138d4dfc0666c0e65c6c5cbc71711ac2e4f847bd88ecb53bebe43378
u04-s001-v003,question,optionAnalysis[2].reason,12,36,df7178e4603a087f5fc9b568226508e31e5c0519a069afd813dc93a4a4ca954f
u04-s001-v003,question,optionAnalysis[3].choice,6,14,13b85a22feaaddd0a894db6b03e96e69a5a291ff639068117934336aa694f255
u04-s001-v003,question,optionAnalysis[3].reason,10,30,7928c0a97ac47d3b76ae5f9a02d94d87536ccb65bbdb25bc13a1a976353a45c0
u04-s001-v003,question,misconceptionTarget,13,39,3581cd7f82d4b78bb5085d3d0c5a5a1247585a5b01ebac54d77c5fe49160f6f1
u04-s001-v003,question,prerequisiteCheck,35,103,e35957f749008af76476ae4f1b0fc44c3d02c584348828c9603fd507def00664
u04-s001-v003,question,unitCheck,10,30,392765f4242e9d19a18f7cbed2c4df36055cc95b51f2e434816c90bc1abe7e40
u04-s001-v003,question,roundingCheck,20,60,debbeb3c76489065b61ec3659584a07a59350f1448ffc6514fb02a22bc0afd2b
u04-s001-v003,question,ambiguityAudit,39,117,00899dee883266ba33053eb4b917b8460ad7f99db62b57351f3925af53b8d3a1
u04-s001-v003,question,boundaryAudit,28,84,3dd5095921e968a5c431c304f9abcb4beeeb0ea19a8750c0e3345b291c45c59b
u04-s001-v003,question,difficultyReason,13,39,9d22b7798f7bbc1309a2369cb929f1eee6ac469533390f827358901b443acdea
u04-s001-v003,question,contentAuthority,25,25,ed40f75ffe3d6ad4e71f6e7919d063410490de360edb425965eccd605ca9d79e
u04-s001-v003,question,replacementPolicy,67,67,6b2349a5ddaedbb65fc7e14a57f95615b20eff02ac1787763c0b925ce64737d2
u04-s001-v003,question,contentSha256,64,64,414c0e080e896ad0751bd65d6e225821d71f36697212f6c7c7de69ff2c59424a
u04-s001-v004,question,questionId,13,13,470a330a0cb99d2e3123a21d429193652625a87ca52ac7bf3bdf6755e4d54998
u04-s001-v004,question,unitId,3,3,75af07890985d922be67b495cb8fb20dd1c4838309297f0c613eb1c8cb397976
u04-s001-v004,question,topicId,17,17,ae0a1fb9cf3d5911b74584a096c2ade6c4a8716476c888e042c94d23fb382bf8
u04-s001-v004,question,skillId,39,39,c826413f8caf486af2f2d6c85342f879a467a521bbaa42b5054e6ec64127b124
u04-s001-v004,question,difficulty,8,8,fe6d3468cf5c74d8ec2a95b40f2e05338c37a4202f8fad692d2b64a9cf9b468a
u04-s001-v004,question,itemType,2,2,6bc0f9c4ecb0acbebf1b9f6c816bdd66f4885f67c917d9e141cf893014fba936
u04-s001-v004,question,prompt,23,45,d17a4b51b6013edeb4945bd93ca7def0dd47def086b19359448e7c53f48bebd3
u04-s001-v004,question,givenConditions[0],13,39,b6c1d67c561ea7524c2cac6cce9aba6d8ef9a0df2e9c70914ae4b23ef961383e
u04-s001-v004,question,target,10,30,9444e8c32823179346ed12daf05fe9b089fc50838097357c3fe665d9e9bf8f96
u04-s001-v004,question,choices[0],8,24,0c263d72c9dd7a5b4c9ede8f314e8911b9ac58bfe00fdde8001f8ed891f488bf
u04-s001-v004,question,choices[1],5,15,d5cacc58063a03490ac0671fe3a79ba208a976a00d258e774ce405877cd800ed
u04-s001-v004,question,choices[2],8,24,8fd36c649e94708fe9ba65f7de9f3f63fcd84dc70df7f41e740f3796ef040a5e
u04-s001-v004,question,choices[3],8,24,f2bab8e3611a71f028794e59baca5c146fd0630350ca05b0bd6fbb752cb6e173
u04-s001-v004,question,independentSolution,35,63,48606c86ab840f32a1838dc4d1739ed02ce794081bd438ca35ade58c6ea79a03
u04-s001-v004,question,explanation,21,63,43b409c1fd267c59b55aec159389129930666fff6509ced685f6952ef5bd07e0
u04-s001-v004,question,steps[0],5,15,d62829c34b5d5c38e7ae97e9a69f6c3b355a3f2fab2625fdc22d1a963e49404e
u04-s001-v004,question,steps[1],7,15,6f2f9459d664f909dca757567f8b6741578006591c5229b303b575c638bacaeb
u04-s001-v004,question,steps[2],11,33,09a1716a5a1a230741a01b965ad6ced3adedd7193893908b3a5d3eb47469a9fb
u04-s001-v004,question,optionAnalysis[0].choice,8,24,0c263d72c9dd7a5b4c9ede8f314e8911b9ac58bfe00fdde8001f8ed891f488bf
u04-s001-v004,question,optionAnalysis[0].reason,10,24,269ac631deb70f009d11cdd403e99a42d764824ae0468bbbe1bead8fe8bf32bf
u04-s001-v004,question,optionAnalysis[1].choice,5,15,d5cacc58063a03490ac0671fe3a79ba208a976a00d258e774ce405877cd800ed
u04-s001-v004,question,optionAnalysis[1].reason,5,15,55ca7db39561d0d460c8a3f9c756ffa8ae4f1f8dee6583d90ac80db5d893f43f
u04-s001-v004,question,optionAnalysis[2].choice,8,24,8fd36c649e94708fe9ba65f7de9f3f63fcd84dc70df7f41e740f3796ef040a5e
u04-s001-v004,question,optionAnalysis[2].reason,9,27,b87d49239377e04a54cab58df30bd3b463be4f03912eebfc1a076b463606ee6f
u04-s001-v004,question,optionAnalysis[3].choice,8,24,f2bab8e3611a71f028794e59baca5c146fd0630350ca05b0bd6fbb752cb6e173
u04-s001-v004,question,optionAnalysis[3].reason,16,34,565086771ae1d3bd28fb036b783076366e2aa19c67e707530dd40d63324f4900
u04-s001-v004,question,misconceptionTarget,10,30,c7d210c7858e0f9baf02481d1f9c10f35c3ea5c069cfabedab8074a1e8cd071a
u04-s001-v004,question,prerequisiteCheck,35,103,e35957f749008af76476ae4f1b0fc44c3d02c584348828c9603fd507def00664
u04-s001-v004,question,unitCheck,10,30,392765f4242e9d19a18f7cbed2c4df36055cc95b51f2e434816c90bc1abe7e40
u04-s001-v004,question,roundingCheck,20,60,debbeb3c76489065b61ec3659584a07a59350f1448ffc6514fb02a22bc0afd2b
u04-s001-v004,question,ambiguityAudit,39,117,7335288a6d76d572a80aec2e3356dafe698f2d03c06d8268ba0549087bc5498d
u04-s001-v004,question,boundaryAudit,28,84,3dd5095921e968a5c431c304f9abcb4beeeb0ea19a8750c0e3345b291c45c59b
u04-s001-v004,question,difficultyReason,13,39,1f38c47f8ab8a9c7c0899edf1654a7891be6de5536a67457627d511b9ac42e7f
u04-s001-v004,question,contentAuthority,25,25,ed40f75ffe3d6ad4e71f6e7919d063410490de360edb425965eccd605ca9d79e
u04-s001-v004,question,replacementPolicy,67,67,6b2349a5ddaedbb65fc7e14a57f95615b20eff02ac1787763c0b925ce64737d2
u04-s001-v004,question,contentSha256,64,64,cbd1e8ecb6aaee876301aa5a72275d485fc5d25930b142fc37af56b0faecae60
u04-s001-v005,question,questionId,13,13,381ad048607f399d8b7c41dff1f9de9601576b9b46cb9d75d03ee10397c5bad1
u04-s001-v005,question,unitId,3,3,75af07890985d922be67b495cb8fb20dd1c4838309297f0c613eb1c8cb397976
u04-s001-v005,question,topicId,17,17,ae0a1fb9cf3d5911b74584a096c2ade6c4a8716476c888e042c94d23fb382bf8
u04-s001-v005,question,skillId,39,39,c826413f8caf486af2f2d6c85342f879a467a521bbaa42b5054e6ec64127b124
u04-s001-v005,question,difficulty,8,8,fe6d3468cf5c74d8ec2a95b40f2e05338c37a4202f8fad692d2b64a9cf9b468a
u04-s001-v005,question,itemType,2,2,6bc0f9c4ecb0acbebf1b9f6c816bdd66f4885f67c917d9e141cf893014fba936
u04-s001-v005,question,prompt,20,38,f629edcb07ae9de09a4e896c6e4e52a0e963e92f729c73e78bcbf904dcd78046
u04-s001-v005,question,givenConditions[0],13,39,b6c1d67c561ea7524c2cac6cce9aba6d8ef9a0df2e9c70914ae4b23ef961383e
u04-s001-v005,question,target,10,30,ad5754801f667c68eb499dcfd18cc9b67357cbd84be927f3c893f4119492b451
u04-s001-v005,question,choices[0],4,4,8356acede4b1429d4892101163b90fc65383643c20b058c81d3b24b105d0f69a
u04-s001-v005,question,choices[1],4,4,2ebec616043ab5a6a56d3de9aa43e74b6f7970a8314e9514cc93d1c3e88c2f48
u04-s001-v005,question,choices[2],6,6,95517debf0ba59e0a5e3ee43adb8dbefa53eb37d2d78adcf87bcb29524c690e8
u04-s001-v005,question,choices[3],3,3,47922abb641126ddab090ef63e116f4012db761bc6f3cd5130131bddc9d68306
u04-s001-v005,question,independentSolution,31,57,6cd90a0f4eb31c9948284f64132c910447ad05efc0ea8f8a448f68e722b8d498
u04-s001-v005,question,explanation,17,45,91544ce69251640dc7385b8370b7a32585eae108dc57d4f923bea5743f430061
u04-s001-v005,question,steps[0],7,17,afaa7feced5e0bc21077a7c07b3c712fa6a57ae42b41e8aff8df0e39c49d6147
u04-s001-v005,question,steps[1],7,17,9b97d1dce439e3f7793efaa641a0071bd267925616a46ce15c9666bd998e95ac
u04-s001-v005,question,steps[2],8,14,9e0889204fb648b2a05f96ffc6ff5936f158adf95a8a6307384829803302e020
u04-s001-v005,question,optionAnalysis[0].choice,4,4,8356acede4b1429d4892101163b90fc65383643c20b058c81d3b24b105d0f69a
u04-s001-v005,question,optionAnalysis[0].reason,19,41,107623c81d6c2a16bf592d2b855731c9612f8cc37dd5f5b9c126946109ea0178
u04-s001-v005,question,optionAnalysis[1].choice,4,4,2ebec616043ab5a6a56d3de9aa43e74b6f7970a8314e9514cc93d1c3e88c2f48
u04-s001-v005,question,optionAnalysis[1].reason,9,23,d469295fa78502cb6bd121df08cb2921b7a98e5c838b8bb524d421ffa1ddf992
u04-s001-v005,question,optionAnalysis[2].choice,6,6,95517debf0ba59e0a5e3ee43adb8dbefa53eb37d2d78adcf87bcb29524c690e8
u04-s001-v005,question,optionAnalysis[2].reason,10,24,4e62d440855185ff387d2cfad7d406be551072d93eb99c646156068fb038b243
u04-s001-v005,question,optionAnalysis[3].choice,3,3,47922abb641126ddab090ef63e116f4012db761bc6f3cd5130131bddc9d68306
u04-s001-v005,question,optionAnalysis[3].reason,10,26,214bf58bb4f85abe8c2fa46005d85d5ef19815c04b6045a442678018bbd67be0
u04-s001-v005,question,misconceptionTarget,12,36,e151d42f0ce78974b564c00752c005605b28b7f4f91c85f480c001d061f848ef
u04-s001-v005,question,prerequisiteCheck,35,103,e35957f749008af76476ae4f1b0fc44c3d02c584348828c9603fd507def00664
u04-s001-v005,question,unitCheck,10,30,392765f4242e9d19a18f7cbed2c4df36055cc95b51f2e434816c90bc1abe7e40
u04-s001-v005,question,roundingCheck,20,60,debbeb3c76489065b61ec3659584a07a59350f1448ffc6514fb02a22bc0afd2b
u04-s001-v005,question,ambiguityAudit,39,117,c5ca7576d4f8813b0b28131d6add023a12e8306d1641ee204ac20ebf6665219a
u04-s001-v005,question,boundaryAudit,28,84,3dd5095921e968a5c431c304f9abcb4beeeb0ea19a8750c0e3345b291c45c59b
u04-s001-v005,question,difficultyReason,16,48,2a0edb50641d50acde13d0cbd550396406cd314f9e8548a08c6401076935271b
u04-s001-v005,question,contentAuthority,25,25,ed40f75ffe3d6ad4e71f6e7919d063410490de360edb425965eccd605ca9d79e
u04-s001-v005,question,replacementPolicy,67,67,6b2349a5ddaedbb65fc7e14a57f95615b20eff02ac1787763c0b925ce64737d2
u04-s001-v005,question,contentSha256,64,64,0f16092d45e7df1dcd492d0b1f7e106829b5dee1d545bc703e559d5c339262a2
u04-s001-v006,question,questionId,13,13,c17959ca280007e8e44d6e2b204b8018184e38a51760341e0486a1b4d350fe8e
u04-s001-v006,question,unitId,3,3,75af07890985d922be67b495cb8fb20dd1c4838309297f0c613eb1c8cb397976
u04-s001-v006,question,topicId,17,17,ae0a1fb9cf3d5911b74584a096c2ade6c4a8716476c888e042c94d23fb382bf8
u04-s001-v006,question,skillId,39,39,c826413f8caf486af2f2d6c85342f879a467a521bbaa42b5054e6ec64127b124
u04-s001-v006,question,difficulty,8,8,fe6d3468cf5c74d8ec2a95b40f2e05338c37a4202f8fad692d2b64a9cf9b468a
u04-s001-v006,question,itemType,2,2,6bc0f9c4ecb0acbebf1b9f6c816bdd66f4885f67c917d9e141cf893014fba936
u04-s001-v006,question,prompt,24,72,11317615d700c7ccb86fa889a46449b8ec1e58fd52afc7e6251eb8f9d35ae314
u04-s001-v006,question,givenConditions[0],13,39,b6c1d67c561ea7524c2cac6cce9aba6d8ef9a0df2e9c70914ae4b23ef961383e
u04-s001-v006,question,target,14,42,12a816520ae8fcf118d277fcc219dee63762bff65905a80f453bf935d6a54c00
u04-s001-v006,question,choices[0],11,11,1494b223f0e5f13ab45ce77adf37ec939383339347eccbc7ec62159013910c21
u04-s001-v006,question,choices[1],8,8,5440e40a9eaec5f28452dd09753cd692fde9727fc5612292448f362319800234
u04-s001-v006,question,choices[2],8,8,cb798be4e26f438ab71ce0d13bab5b692ed675ef5e3142d01fa9cb8a9950e0cd
u04-s001-v006,question,choices[3],7,7,227df0b2df017af06f1dfdb4bd69f60ce0c92ad50bfb53c7e5e096501c6f0906
u04-s001-v006,question,independentSolution,35,75,4149795e77bb16f4f9e6134e110207c7ece78c6ce651942342895ea03612ab03
u04-s001-v006,question,explanation,23,69,8b2a96dc0aceb1a5b93d234845c703c90bbff73d61793b728e0de8d7c55e52c7
u04-s001-v006,question,steps[0],18,54,7442677abcaf6bbd1fdd367b3b2453c24d6c1fb2e0b49c636c8575e4ba9376c2
u04-s001-v006,question,steps[1],7,13,91234e979bcf659132bd32cbfda33cdfe3866fa361bb1a0d1f12eedb0157b8f0
u04-s001-v006,question,optionAnalysis[0].choice,11,11,1494b223f0e5f13ab45ce77adf37ec939383339347eccbc7ec62159013910c21
u04-s001-v006,question,optionAnalysis[0].reason,11,27,1be81a91de55455e09cba5e457b034297baf039d543e60436533a75ea6b93ee8
u04-s001-v006,question,optionAnalysis[1].choice,8,8,5440e40a9eaec5f28452dd09753cd692fde9727fc5612292448f362319800234
u04-s001-v006,question,optionAnalysis[1].reason,15,41,9432bb4f869ce1387e09414a7d9c713f266d80e6e51a93b0e0a2d3ee98c2a41c
u04-s001-v006,question,optionAnalysis[2].choice,8,8,cb798be4e26f438ab71ce0d13bab5b692ed675ef5e3142d01fa9cb8a9950e0cd
u04-s001-v006,question,optionAnalysis[2].reason,11,33,cd9e3d999c1aa6cfbc230a885ee6a014cf911940afb405ea6af638937974ae14
u04-s001-v006,question,optionAnalysis[3].choice,7,7,227df0b2df017af06f1dfdb4bd69f60ce0c92ad50bfb53c7e5e096501c6f0906
u04-s001-v006,question,optionAnalysis[3].reason,6,18,fa67cc9900b61455c058c0ae47985d616dc41e14c84f1bb12cc4e030fad12eed
u04-s001-v006,question,misconceptionTarget,10,30,ad80000ea975a2613e629d47c697366287861949806949a6413832a28bdd24b1
u04-s001-v006,question,prerequisiteCheck,35,103,e35957f749008af76476ae4f1b0fc44c3d02c584348828c9603fd507def00664
u04-s001-v006,question,unitCheck,10,30,392765f4242e9d19a18f7cbed2c4df36055cc95b51f2e434816c90bc1abe7e40
u04-s001-v006,question,roundingCheck,20,60,debbeb3c76489065b61ec3659584a07a59350f1448ffc6514fb02a22bc0afd2b
u04-s001-v006,question,ambiguityAudit,43,129,e77c5bfa01da16c9860f950304001551b99d467985ee60305cdbffb214621774
u04-s001-v006,question,boundaryAudit,28,84,3dd5095921e968a5c431c304f9abcb4beeeb0ea19a8750c0e3345b291c45c59b
u04-s001-v006,question,difficultyReason,13,39,0e99c1de8762dc73ea637b9b62e4cbec4c902ec7cde3be658bf032084b22369e
u04-s001-v006,question,contentAuthority,25,25,ed40f75ffe3d6ad4e71f6e7919d063410490de360edb425965eccd605ca9d79e
u04-s001-v006,question,replacementPolicy,67,67,6b2349a5ddaedbb65fc7e14a57f95615b20eff02ac1787763c0b925ce64737d2
u04-s001-v006,question,contentSha256,64,64,85ff00d00c3cf40f81223c1eeee433c2cb4c8ba677308ca0b3c14421268ea210
u04-s001-v007,question,questionId,13,13,af46a2bba2bc7e14f8d60bd7a6fb082cce6044b7a69be64917a7f71e825cd108
u04-s001-v007,question,unitId,3,3,75af07890985d922be67b495cb8fb20dd1c4838309297f0c613eb1c8cb397976
u04-s001-v007,question,topicId,17,17,ae0a1fb9cf3d5911b74584a096c2ade6c4a8716476c888e042c94d23fb382bf8
u04-s001-v007,question,skillId,39,39,c826413f8caf486af2f2d6c85342f879a467a521bbaa42b5054e6ec64127b124
u04-s001-v007,question,difficulty,8,8,d21f85ea38166303ce58e06134b5cc4a5c900c409ab2a500ff7c9225109a09bb
u04-s001-v007,question,itemType,2,2,6bc0f9c4ecb0acbebf1b9f6c816bdd66f4885f67c917d9e141cf893014fba936
u04-s001-v007,question,prompt,35,67,55ecef7e0407cded5c826e6ad4491cdcca345fe4c94c894594124a748467b761
u04-s001-v007,question,givenConditions[0],13,39,b6c1d67c561ea7524c2cac6cce9aba6d8ef9a0df2e9c70914ae4b23ef961383e
u04-s001-v007,question,target,11,33,17ca2c24cc2fa8e5ae6cf93fad205d51812616a068ea688d416d4619b671028f
u04-s001-v007,question,choices[0],1,1,5feceb66ffc86f38d952786c6d696c79c2dbc239dd4e91b46729d73a27fb57e9
u04-s001-v007,question,choices[1],1,1,4e07408562bedb8b60ce05c1decfe3ad16b72230967de01f640b7e4729b49fce
u04-s001-v007,question,choices[2],1,1,d4735e3a265e16eee03f59718b9b5d03019c07d8b6c51f90da3a666eec13ab35
u04-s001-v007,question,choices[3],2,2,cf3bae39dd692048a8bf961182e6a34dfd323eeb0748e162eaf055107f1cb873
u04-s001-v007,question,independentSolution,28,46,f92033571c6bdaeeec289d00c375ffa60261b5d9f24e3cb6bb6c9f9c4854ccea
u04-s001-v007,question,explanation,27,67,951ffcbdc160d831ae7ae42235f0a40fd98553bd7c35b28e1edd086b9ecb4ade
u04-s001-v007,question,steps[0],11,23,ca85ee44d774b2b44cd7931c7b977b315f5068f904c5f46555c0f5f9280fa57e
u04-s001-v007,question,steps[1],12,22,8c428d191b60f47729e9e02d3de025c6540e287d64f15431d8436329ff9ebe1f
u04-s001-v007,question,steps[2],7,13,1df512e508f157e2982e6662edcbb823ffa91ec745f9e0f0c5bfa7195c31f68d
u04-s001-v007,question,optionAnalysis[0].choice,1,1,5feceb66ffc86f38d952786c6d696c79c2dbc239dd4e91b46729d73a27fb57e9
u04-s001-v007,question,optionAnalysis[0].reason,15,25,b9dbade7d62c1e2c65aaef938c13518e4cb521ac3dc4cffff5f97c4ca03eee8b
u04-s001-v007,question,optionAnalysis[1].choice,1,1,4e07408562bedb8b60ce05c1decfe3ad16b72230967de01f640b7e4729b49fce
u04-s001-v007,question,optionAnalysis[1].reason,14,24,42d1496aa94c3190110e21f5aa725e5e2c37461725f2ae3da5a2b7000025ee01
u04-s001-v007,question,optionAnalysis[2].choice,1,1,d4735e3a265e16eee03f59718b9b5d03019c07d8b6c51f90da3a666eec13ab35
u04-s001-v007,question,optionAnalysis[2].reason,12,22,639cddbb613aa0dd5057a2d7ee51e33a35b3fd8a1fe5663b4c7c03e0f4f7e0f7
u04-s001-v007,question,optionAnalysis[3].choice,2,2,cf3bae39dd692048a8bf961182e6a34dfd323eeb0748e162eaf055107f1cb873
u04-s001-v007,question,optionAnalysis[3].reason,16,26,5ff57d3b73b2d3f377209de55d592267470405a86d3083d3a52ff3912ec034a6
u04-s001-v007,question,misconceptionTarget,8,24,9e12bc360a17c46805c519390947cbcdbae6e29a4e909c84bd2174c14ce4cab8
u04-s001-v007,question,prerequisiteCheck,35,103,e35957f749008af76476ae4f1b0fc44c3d02c584348828c9603fd507def00664
u04-s001-v007,question,unitCheck,10,30,392765f4242e9d19a18f7cbed2c4df36055cc95b51f2e434816c90bc1abe7e40
u04-s001-v007,question,roundingCheck,20,60,debbeb3c76489065b61ec3659584a07a59350f1448ffc6514fb02a22bc0afd2b
u04-s001-v007,question,ambiguityAudit,40,120,bac638f0fd4ec41a3acf57b71540431da19f8aae466ea4195e03b6c3b9047a6a
u04-s001-v007,question,boundaryAudit,28,84,3dd5095921e968a5c431c304f9abcb4beeeb0ea19a8750c0e3345b291c45c59b
u04-s001-v007,question,difficultyReason,11,33,b717382a94cf75c942ae5b6ee8067461fafa66688b74216b680c0a87d3039f6a
u04-s001-v007,question,contentAuthority,25,25,ed40f75ffe3d6ad4e71f6e7919d063410490de360edb425965eccd605ca9d79e
u04-s001-v007,question,replacementPolicy,67,67,6b2349a5ddaedbb65fc7e14a57f95615b20eff02ac1787763c0b925ce64737d2
u04-s001-v007,question,contentSha256,64,64,d06da34dbbffca100455178d1c503e7436e353459fba36e3d8f5599129a9b2e4
u04-s001-v008,question,questionId,13,13,0d921b56dd6bcaa8b25886e9d30ec9727edae6ed2b8295596316ff5a83ced7e2
u04-s001-v008,question,unitId,3,3,75af07890985d922be67b495cb8fb20dd1c4838309297f0c613eb1c8cb397976
u04-s001-v008,question,topicId,17,17,ae0a1fb9cf3d5911b74584a096c2ade6c4a8716476c888e042c94d23fb382bf8
u04-s001-v008,question,skillId,39,39,c826413f8caf486af2f2d6c85342f879a467a521bbaa42b5054e6ec64127b124
u04-s001-v008,question,difficulty,8,8,d21f85ea38166303ce58e06134b5cc4a5c900c409ab2a500ff7c9225109a09bb
u04-s001-v008,question,itemType,2,2,6bc0f9c4ecb0acbebf1b9f6c816bdd66f4885f67c917d9e141cf893014fba936
u04-s001-v008,question,prompt,33,71,cbd1cfdac685b30920d9b13210b29184e7faf183f27a1718a6d09d41179d1680
u04-s001-v008,question,givenConditions[0],13,39,b6c1d67c561ea7524c2cac6cce9aba6d8ef9a0df2e9c70914ae4b23ef961383e
u04-s001-v008,question,target,13,39,423cce748985ea804370976dba0838970a31e802c55dc08c993fdba7d380ad85
u04-s001-v008,question,choices[0],7,21,8e0d88fa15947f4488070e279d6b66ab7bafec4afef18daa49fa7bb86746f88c
u04-s001-v008,question,choices[1],7,21,5ee21dd90d5460c3c7e0046d4529c7bda48d3c92af806cb180f4e368b545a904
u04-s001-v008,question,choices[2],7,15,1ffa857cca082354cd656a9eaf64c5753cb22feeace0a55417f40dc6d23bd22c
u04-s001-v008,question,choices[3],12,24,e35e6e497ae9a18543bcace992db61eb7b31cb424c6d3d85648c4e926dea11ff
u04-s001-v008,question,independentSolution,19,43,fd312c97e4581413eb6709e9e64ddb5a74bea76c4df18c3b91e7b0997b331784
u04-s001-v008,question,explanation,19,57,3a94cf17b0f06606e7eec28e3a091225e15b2077185102605a389b7a02257ae0
u04-s001-v008,question,steps[0],5,15,31755352315122204acea325e18dd71b53ec4432597a8241f263a5a819fdf5ac
u04-s001-v008,question,steps[1],9,19,fff545640d34fd7715d4551d7c0f2e84da02b49d1d8e52ec9b10968415473b9a
u04-s001-v008,question,steps[2],6,18,f76b80438415578dba3c860ebadd06fb09602982e89ce3051eae69472158fcd0
u04-s001-v008,question,optionAnalysis[0].choice,7,21,8e0d88fa15947f4488070e279d6b66ab7bafec4afef18daa49fa7bb86746f88c
u04-s001-v008,question,optionAnalysis[0].reason,6,18,c6a6b57c11e6b3eb89e87e55f99881e4091a91d8fe0ce2e5933c33257749fd78
u04-s001-v008,question,optionAnalysis[1].choice,7,21,5ee21dd90d5460c3c7e0046d4529c7bda48d3c92af806cb180f4e368b545a904
u04-s001-v008,question,optionAnalysis[1].reason,8,18,d4a496d2b1e1995a06b7ba59b6bb51fc6cf550ab12509ba67851db75f766e289
u04-s001-v008,question,optionAnalysis[2].choice,7,15,1ffa857cca082354cd656a9eaf64c5753cb22feeace0a55417f40dc6d23bd22c
u04-s001-v008,question,optionAnalysis[2].reason,10,30,ff8cfcaa7658dadea1dd924ff16789d26fe82aca90f24bf5e313b8746b1a95a1
u04-s001-v008,question,optionAnalysis[3].choice,12,24,e35e6e497ae9a18543bcace992db61eb7b31cb424c6d3d85648c4e926dea11ff
u04-s001-v008,question,optionAnalysis[3].reason,10,30,ebdea3695d75a890d43c8adc9e17bc982ee18f44082677611937be004baa2664
u04-s001-v008,question,misconceptionTarget,14,42,8a52736ae2cd36415377ee26fbfefb54b5550d1acac8c2c800f442ac020ecabb
u04-s001-v008,question,prerequisiteCheck,35,103,e35957f749008af76476ae4f1b0fc44c3d02c584348828c9603fd507def00664
u04-s001-v008,question,unitCheck,10,30,392765f4242e9d19a18f7cbed2c4df36055cc95b51f2e434816c90bc1abe7e40
u04-s001-v008,question,roundingCheck,20,60,debbeb3c76489065b61ec3659584a07a59350f1448ffc6514fb02a22bc0afd2b
u04-s001-v008,question,ambiguityAudit,42,126,60493db091240c6bf4fd0eac1e4b761686fa703629cfc513a6994fff7df3b93c
u04-s001-v008,question,boundaryAudit,28,84,3dd5095921e968a5c431c304f9abcb4beeeb0ea19a8750c0e3345b291c45c59b
u04-s001-v008,question,difficultyReason,11,33,a2374ffa5a2923cb1fe556ff44045497dd1b321f3125d791fbd1e2727de01358
u04-s001-v008,question,contentAuthority,25,25,ed40f75ffe3d6ad4e71f6e7919d063410490de360edb425965eccd605ca9d79e
u04-s001-v008,question,replacementPolicy,67,67,6b2349a5ddaedbb65fc7e14a57f95615b20eff02ac1787763c0b925ce64737d2
u04-s001-v008,question,contentSha256,64,64,2178496356addf1bc07dad22d4cd4680674f74692b4b57f455e4aa26b22f0d45
u04-s001-v009,question,questionId,13,13,778f78da4c0b3830ed9e041e990cb0e94186d04125ed0980eeb6accfd34e450e
u04-s001-v009,question,unitId,3,3,75af07890985d922be67b495cb8fb20dd1c4838309297f0c613eb1c8cb397976
u04-s001-v009,question,topicId,17,17,ae0a1fb9cf3d5911b74584a096c2ade6c4a8716476c888e042c94d23fb382bf8
u04-s001-v009,question,skillId,39,39,c826413f8caf486af2f2d6c85342f879a467a521bbaa42b5054e6ec64127b124
u04-s001-v009,question,difficulty,8,8,d21f85ea38166303ce58e06134b5cc4a5c900c409ab2a500ff7c9225109a09bb
u04-s001-v009,question,itemType,2,2,6bc0f9c4ecb0acbebf1b9f6c816bdd66f4885f67c917d9e141cf893014fba936
u04-s001-v009,question,prompt,38,96,eb4e684ff873caaf76f0307f10f3c170d94a9e8436c86cb97881faf5c6a201f8
u04-s001-v009,question,givenConditions[0],13,39,b6c1d67c561ea7524c2cac6cce9aba6d8ef9a0df2e9c70914ae4b23ef961383e
u04-s001-v009,question,target,11,33,97fbbec11e13599f99911ff5dc4743c5bbc919e2df5e164a0225bad8a36ec76a
u04-s001-v009,question,choices[0],7,9,8d9bf9039c45d81342990a1f7d86da3c6e662e5dadbf7f1cd78cdffb04bf8a95
u04-s001-v009,question,choices[1],7,9,c4d51bb09a02390465232af128ee7a5cd2ae7975aaba9ca20ee89bc366cb43b7
u04-s001-v009,question,choices[2],8,10,230cee23599daff7af8efeb5ab11c7f773387080560823e62bc1e599c87ab33d
u04-s001-v009,question,choices[3],10,12,e8e0bf457550e6fcc36e6b6aefec1f4a104179f94d0c885f75e6596e642828b4
u04-s001-v009,question,independentSolution,36,64,d3814b358d46479acc025c7c1a5684abd61593c1cb7c9f3d64272330a426a891
u04-s001-v009,question,explanation,22,60,05f863089b4138c569100b22fc97e4396b9596d5aace070088b364672543cc53
u04-s001-v009,question,steps[0],11,23,b208eeb25b886362cd7e29f363d3f2f3758bb8f5d77980f5c8bf294a0ca613fd
u04-s001-v009,question,steps[1],11,23,816ec90866aa21728be4c5b5a66a8b2b5c1cf0e393aab0cc4cb5f27fd6693502
u04-s001-v009,question,steps[2],10,30,85db6e6ad1a792a253865ab6cb7c5443528177e905359d605c3b41983fd4aa62
u04-s001-v009,question,optionAnalysis[0].choice,7,9,8d9bf9039c45d81342990a1f7d86da3c6e662e5dadbf7f1cd78cdffb04bf8a95
u04-s001-v009,question,optionAnalysis[0].reason,17,37,b39d5e54223c0ecfc09e425cc85027105df128bd6d3e5d90b6a55031213a80c8
u04-s001-v009,question,optionAnalysis[1].choice,7,9,c4d51bb09a02390465232af128ee7a5cd2ae7975aaba9ca20ee89bc366cb43b7
u04-s001-v009,question,optionAnalysis[1].reason,16,38,4d1ec0a00398f23d1d710f913ec008369f6df4560a3a45e1492e167fb7e5e170
u04-s001-v009,question,optionAnalysis[2].choice,8,10,230cee23599daff7af8efeb5ab11c7f773387080560823e62bc1e599c87ab33d
u04-s001-v009,question,optionAnalysis[2].reason,8,20,98b37cbfdf7de67ca64a2eb2c4affa5bacf78e6250009387c40fda9c4c6eb1cc
u04-s001-v009,question,optionAnalysis[3].choice,10,12,e8e0bf457550e6fcc36e6b6aefec1f4a104179f94d0c885f75e6596e642828b4
u04-s001-v009,question,optionAnalysis[3].reason,9,27,44bfd9e28af2ac46eb28e94c27987e5b63d40e3cfd34c5d7b35944e012239ede
u04-s001-v009,question,misconceptionTarget,21,63,07a162db924b47eada945f4c1f4bfe06a54ac928214ad672f2aac68623b82735
u04-s001-v009,question,prerequisiteCheck,35,103,e35957f749008af76476ae4f1b0fc44c3d02c584348828c9603fd507def00664
u04-s001-v009,question,unitCheck,10,30,392765f4242e9d19a18f7cbed2c4df36055cc95b51f2e434816c90bc1abe7e40
u04-s001-v009,question,roundingCheck,20,60,debbeb3c76489065b61ec3659584a07a59350f1448ffc6514fb02a22bc0afd2b
u04-s001-v009,question,ambiguityAudit,40,120,05adbc82f3262da2f683d0cc851627ab8745fad516d81864e84135b56eed237c
u04-s001-v009,question,boundaryAudit,28,84,3dd5095921e968a5c431c304f9abcb4beeeb0ea19a8750c0e3345b291c45c59b
u04-s001-v009,question,difficultyReason,16,48,2e611d9e6de3eb774843dfb5c3ed964400b7b4ea454206d5c689bf60f2727a28
u04-s001-v009,question,contentAuthority,25,25,ed40f75ffe3d6ad4e71f6e7919d063410490de360edb425965eccd605ca9d79e
u04-s001-v009,question,replacementPolicy,67,67,6b2349a5ddaedbb65fc7e14a57f95615b20eff02ac1787763c0b925ce64737d2
u04-s001-v009,question,contentSha256,64,64,332eadb44182518bad79410632f7b9156ebb7a51def2633ae598f831bf489e42
u04-s001-v010,question,questionId,13,13,9ceec30ce9c44dca144f31515d300dea949fa971b8c2935964c306b15a6a3580
u04-s001-v010,question,unitId,3,3,75af07890985d922be67b495cb8fb20dd1c4838309297f0c613eb1c8cb397976
u04-s001-v010,question,topicId,17,17,ae0a1fb9cf3d5911b74584a096c2ade6c4a8716476c888e042c94d23fb382bf8
u04-s001-v010,question,skillId,39,39,c826413f8caf486af2f2d6c85342f879a467a521bbaa42b5054e6ec64127b124
u04-s001-v010,question,difficulty,8,8,578756ca4aa16d8872610a5aaa78460fd30fbe93379ff7284fe65d66ca606755
u04-s001-v010,question,itemType,2,2,6bc0f9c4ecb0acbebf1b9f6c816bdd66f4885f67c917d9e141cf893014fba936
u04-s001-v010,question,prompt,69,167,9607f941003ae1b9f7cf0578a2d994505087a54a0b71dc372b210ddf600934aa
u04-s001-v010,question,givenConditions[0],13,39,b6c1d67c561ea7524c2cac6cce9aba6d8ef9a0df2e9c70914ae4b23ef961383e
u04-s001-v010,question,target,14,42,7d39e8bda5d2f0f2dd880ff5c9acf1f321269ba974a4061a1619990327b9711a
u04-s001-v010,question,choices[0],8,8,13a5b13b67709b99db406ac2a51a7f1092c6efb2099c7b7387f1a6682bf75edd
u04-s001-v010,question,choices[1],13,13,d16cda43f1ccc2f9a1fbb1f8478466f421c74b2493bb89134adfe959935f9682
u04-s001-v010,question,choices[2],10,10,5d045aa77abc57d848ffce35561b58a7441115e6aefccb6f56ef722c9337ca8e
u04-s001-v010,question,choices[3],10,10,b371585b07725dacbe14b72bece1e9c45001290885a63563e053bd7c000d79c7
u04-s001-v010,question,independentSolution,33,71,452e7c3b3b90f17bad3545d22448ea9f78c8d4972bdbcaa0adce1648f188c4ec
u04-s001-v010,question,explanation,24,71,d6857a05261d078b61ff43ec7d2a0389a082208de75962b58ed71f68cea70cd1
u04-s001-v010,question,steps[0],7,21,0cf0965b8556080fe398a89655ae0e0f75a59293b3e2b7d5a5789a9fd0e6ff81
u04-s001-v010,question,steps[1],6,18,76fb0be14a1a945e9f2952efd7b8bd112855309a8580f58c3549f87f9bd8c99a
u04-s001-v010,question,steps[2],10,20,bb2d7b1f303de1ce322b2125c7f064df95e27f94267c8d9b3bc4bfb8a15adf35
u04-s001-v010,question,optionAnalysis[0].choice,8,8,13a5b13b67709b99db406ac2a51a7f1092c6efb2099c7b7387f1a6682bf75edd
u04-s001-v010,question,optionAnalysis[0].reason,10,30,16246caf025fe4d909e65cf832fcdd4e90c6a1f72cb093c64fb535f5b75f2e7f
u04-s001-v010,question,optionAnalysis[1].choice,13,13,d16cda43f1ccc2f9a1fbb1f8478466f421c74b2493bb89134adfe959935f9682
u04-s001-v010,question,optionAnalysis[1].reason,17,39,e3e2f10b03bec1a96d0065a880cae38fca32b4b83d114ada8174b69545a47a24
u04-s001-v010,question,optionAnalysis[2].choice,10,10,5d045aa77abc57d848ffce35561b58a7441115e6aefccb6f56ef722c9337ca8e
u04-s001-v010,question,optionAnalysis[2].reason,8,24,caabd52a9b9186ddf1d12bb524d3b250caef6e0b88691db673ccf145e7d0db4d
u04-s001-v010,question,optionAnalysis[3].choice,10,10,b371585b07725dacbe14b72bece1e9c45001290885a63563e053bd7c000d79c7
u04-s001-v010,question,optionAnalysis[3].reason,8,24,a29a77fba83bf5751bc302993ae42f478c0ff224ceb702f72da9f502f8aaeb03
u04-s001-v010,question,misconceptionTarget,10,30,d0795492fb8727c67762f211cc1082e16278a4b69c6be7b5ec18238ab61da5b4
u04-s001-v010,question,prerequisiteCheck,35,103,e35957f749008af76476ae4f1b0fc44c3d02c584348828c9603fd507def00664
u04-s001-v010,question,unitCheck,30,68,5c6f61db738d72840878790f1f8c7e2916af01eb34e650f20eccd92c3919dd28
u04-s001-v010,question,roundingCheck,20,60,debbeb3c76489065b61ec3659584a07a59350f1448ffc6514fb02a22bc0afd2b
u04-s001-v010,question,ambiguityAudit,43,129,3f07652e7a87123b1a1ae8246722307a1c777d31675593d7092f566883892278
u04-s001-v010,question,boundaryAudit,28,84,3dd5095921e968a5c431c304f9abcb4beeeb0ea19a8750c0e3345b291c45c59b
u04-s001-v010,question,difficultyReason,17,51,563a174d596244cd6fc609e18ae31d002309410d601ba2e77722ceb97fc66a93
u04-s001-v010,question,literacyContextNecessity,31,79,2bd01b312fe5cb948f561d5afcac450068de77020a2207cff9f19605e4158d33
u04-s001-v010,question,contentAuthority,25,25,ed40f75ffe3d6ad4e71f6e7919d063410490de360edb425965eccd605ca9d79e
u04-s001-v010,question,replacementPolicy,67,67,6b2349a5ddaedbb65fc7e14a57f95615b20eff02ac1787763c0b925ce64737d2
u04-s001-v010,question,contentSha256,64,64,f19b7fb211c98e8a45a1b9f4af15c809bac574b53e62e1c0b405e4276995856d
u04-s001-v011,question,questionId,13,13,c0b0c8c7ff65de8eb878d757e18bda621187bffcf57e72d2172ede6470e502d5
u04-s001-v011,question,unitId,3,3,75af07890985d922be67b495cb8fb20dd1c4838309297f0c613eb1c8cb397976
u04-s001-v011,question,topicId,17,17,ae0a1fb9cf3d5911b74584a096c2ade6c4a8716476c888e042c94d23fb382bf8
u04-s001-v011,question,skillId,39,39,c826413f8caf486af2f2d6c85342f879a467a521bbaa42b5054e6ec64127b124
u04-s001-v011,question,difficulty,8,8,578756ca4aa16d8872610a5aaa78460fd30fbe93379ff7284fe65d66ca606755
u04-s001-v011,question,itemType,2,2,6bc0f9c4ecb0acbebf1b9f6c816bdd66f4885f67c917d9e141cf893014fba936
u04-s001-v011,question,prompt,58,124,e6bd29e7d163c2dfd36f266b300f4eaf9b7870148ead8c88ed9c290e3d684997
u04-s001-v011,question,givenConditions[0],13,39,b6c1d67c561ea7524c2cac6cce9aba6d8ef9a0df2e9c70914ae4b23ef961383e
u04-s001-v011,question,target,12,36,da632b76a193104ef52bd05548418823ed70b915b81dc0c678b611251c4e0d3d
u04-s001-v011,question,choices[0],6,6,4702f44b44e45dea975dec994d2b8eb9e773ce3d73796be3ea533cb1d9e1d5ee
u04-s001-v011,question,choices[1],6,6,5333b2d7d93577ccff5da7d63a7e1084efaac4eab1ec65bda30e81e89dcd7f71
u04-s001-v011,question,choices[2],8,8,fd2cde0b146f2d9b16fa594068534ccb4854cdf22a1deafd4a545ea2ce8f9522
u04-s001-v011,question,choices[3],5,5,5c4ec188fb8f135b617a5a2de572ed3d79a578da2795dd5cc768124b3199687e
u04-s001-v011,question,independentSolution,28,46,e7222309fad5e1f2864330aea25e96568b495fd2fc6aa0016cc65ab954c6dcc0
u04-s001-v011,question,explanation,17,51,c726d4b20b9963bed20aaf89d4a34c693992eec0557d294af598d755d4acac19
u04-s001-v011,question,steps[0],7,21,7bcf21964d551f69911440091ad10cb2f5379236ceff478525b2ebe8f428168b
u04-s001-v011,question,steps[1],5,15,2f0019961d9c62773b21255dccd993986079156906d6db06e53f1e2e1a937a68
u04-s001-v011,question,steps[2],8,18,1e1ad9ba71418bbde603da50b29923b56ed11347b26b5d6900b7f03f3b0b59f8
u04-s001-v011,question,optionAnalysis[0].choice,6,6,4702f44b44e45dea975dec994d2b8eb9e773ce3d73796be3ea533cb1d9e1d5ee
u04-s001-v011,question,optionAnalysis[0].reason,11,23,10f67ea0107d9affce6d949de26ac8e8628da93bdef7b6af386d588bc2106270
u04-s001-v011,question,optionAnalysis[1].choice,6,6,5333b2d7d93577ccff5da7d63a7e1084efaac4eab1ec65bda30e81e89dcd7f71
u04-s001-v011,question,optionAnalysis[1].reason,10,30,1efdc34ee29dfd3f63944b8f3bd0d8708b991eec738e0935b92ed5446a995e6e
u04-s001-v011,question,optionAnalysis[2].choice,8,8,fd2cde0b146f2d9b16fa594068534ccb4854cdf22a1deafd4a545ea2ce8f9522
u04-s001-v011,question,optionAnalysis[2].reason,21,49,320b27b0b58a5ca83b71a421ed87e601f246af382ee65e9636c3c8b5cbc055ea
u04-s001-v011,question,optionAnalysis[3].choice,5,5,5c4ec188fb8f135b617a5a2de572ed3d79a578da2795dd5cc768124b3199687e
u04-s001-v011,question,optionAnalysis[3].reason,9,27,2c81e816e2602482d18ea76bfceb4069bff06f2adcaf87227b50dbecc0adbfe9
u04-s001-v011,question,misconceptionTarget,12,36,ab8cda373c9b747b2ccac7f142b6d125fd91a1a6fc4ee42ed2e1594003258623
u04-s001-v011,question,prerequisiteCheck,35,103,e35957f749008af76476ae4f1b0fc44c3d02c584348828c9603fd507def00664
u04-s001-v011,question,unitCheck,17,46,f38cb7ac0e46a9294ca9538229ddd4da19bf9316b905935e228ff50bbe06261c
u04-s001-v011,question,roundingCheck,20,60,debbeb3c76489065b61ec3659584a07a59350f1448ffc6514fb02a22bc0afd2b
u04-s001-v011,question,ambiguityAudit,41,123,63a7dc1a14d1c80cee9a870ffbb531b9f81288f68720bea1802bf86ec88db524
u04-s001-v011,question,boundaryAudit,28,84,3dd5095921e968a5c431c304f9abcb4beeeb0ea19a8750c0e3345b291c45c59b
u04-s001-v011,question,difficultyReason,18,54,8e8543ccd677c171818516dc8b49af1e98906855a3444b167ce1ea09b061ecef
u04-s001-v011,question,literacyContextNecessity,36,92,9a485054e6622084d9c55770016d22c46b846d3c783dbc042b30af8e5a162dc8
u04-s001-v011,question,contentAuthority,25,25,ed40f75ffe3d6ad4e71f6e7919d063410490de360edb425965eccd605ca9d79e
u04-s001-v011,question,replacementPolicy,67,67,6b2349a5ddaedbb65fc7e14a57f95615b20eff02ac1787763c0b925ce64737d2
u04-s001-v011,question,contentSha256,64,64,e72d5ca4c87f4fc7fe7d1c861bfcc640ad970e4f29fb09c5caf8257845c0e0a7
u04-s001-v012,question,questionId,13,13,88207e96d2b8bf264ffd215be50c6383532a5ace21da21714b1358ec951f1251
u04-s001-v012,question,unitId,3,3,75af07890985d922be67b495cb8fb20dd1c4838309297f0c613eb1c8cb397976
u04-s001-v012,question,topicId,17,17,ae0a1fb9cf3d5911b74584a096c2ade6c4a8716476c888e042c94d23fb382bf8
u04-s001-v012,question,skillId,39,39,c826413f8caf486af2f2d6c85342f879a467a521bbaa42b5054e6ec64127b124
u04-s001-v012,question,difficulty,8,8,578756ca4aa16d8872610a5aaa78460fd30fbe93379ff7284fe65d66ca606755
u04-s001-v012,question,itemType,2,2,6bc0f9c4ecb0acbebf1b9f6c816bdd66f4885f67c917d9e141cf893014fba936
u04-s001-v012,question,prompt,57,135,753fc2f70d78e9b0a4c110f6745459d2970098d12b26e791d1544c73f87aed2c
u04-s001-v012,question,givenConditions[0],13,39,b6c1d67c561ea7524c2cac6cce9aba6d8ef9a0df2e9c70914ae4b23ef961383e
u04-s001-v012,question,target,13,39,4f5bb5fee7829894c735ff0488392c513294ba0528cbe039f54a06572aeab661
u04-s001-v012,question,choices[0],6,6,40c985ba9445ca7ecb0d75aa5e674b7052c8102028e674126b96bcb2c4b47e94
u04-s001-v012,question,choices[1],4,12,ea7c0277ba0c38914cd1a91189a2158098fca40cf393c5a09616a138da464bfe
u04-s001-v012,question,choices[2],5,15,742a528a6aa0bb7ce6e89fbc6361bfd5d77674705b5d93d4478a565316505125
u04-s001-v012,question,choices[3],6,6,668d47dc18da5c5d4e33990bbd54ed9740ea794d855a7c220bfce0ca606d5fa6
u04-s001-v012,question,independentSolution,33,67,18b1f37a73f53db1423e5dc50008f4af7b9faf422b3f4e851e2b6d09ea5ed49d
u04-s001-v012,question,explanation,17,51,44c0212bed8416bac1b971d1900381b4f2f8e601b4cc58bfedf617fde327ff87
u04-s001-v012,question,steps[0],5,15,0f88776bf50977823d4aaf70bc5eb5fe3cf975409ff84dd54dd6dfea89f99033
u04-s001-v012,question,steps[1],10,22,f70321e6214bc019a58a1764ed83240575961807e81ca0035e58d311ab7f31e9
u04-s001-v012,question,steps[2],10,16,7979172aae00a78639d3df04782dfdde3249d88c972c34770105487dfd2f9cc1
u04-s001-v012,question,optionAnalysis[0].choice,6,6,40c985ba9445ca7ecb0d75aa5e674b7052c8102028e674126b96bcb2c4b47e94
u04-s001-v012,question,optionAnalysis[0].reason,12,36,89a5dce9cc4b4dbe44823c699a698301e5094a859725a3807ea4d48264805eb1
u04-s001-v012,question,optionAnalysis[1].choice,4,12,ea7c0277ba0c38914cd1a91189a2158098fca40cf393c5a09616a138da464bfe
u04-s001-v012,question,optionAnalysis[1].reason,10,24,0fc795ac3c9ccfab00dead4fcf90a85bf52525feec20e97fb2a35806dc5d8502
u04-s001-v012,question,optionAnalysis[2].choice,5,15,742a528a6aa0bb7ce6e89fbc6361bfd5d77674705b5d93d4478a565316505125
u04-s001-v012,question,optionAnalysis[2].reason,8,24,8cbf141a9c512edba097f15c38991b12c4ccb3134d209a79f5f08a22d5a170c5
u04-s001-v012,question,optionAnalysis[3].choice,6,6,668d47dc18da5c5d4e33990bbd54ed9740ea794d855a7c220bfce0ca606d5fa6
u04-s001-v012,question,optionAnalysis[3].reason,17,43,6cd21ad32ce73f105bd059113029fed5bbdda49e68cd01c9adaa640632a06d23
u04-s001-v012,question,misconceptionTarget,15,45,cc27ce674041b360eb8e3920c48327f183d9dc70719a1ceaba544f6e358f4cc9
u04-s001-v012,question,prerequisiteCheck,35,103,e35957f749008af76476ae4f1b0fc44c3d02c584348828c9603fd507def00664
u04-s001-v012,question,unitCheck,10,30,392765f4242e9d19a18f7cbed2c4df36055cc95b51f2e434816c90bc1abe7e40
u04-s001-v012,question,roundingCheck,20,60,debbeb3c76489065b61ec3659584a07a59350f1448ffc6514fb02a22bc0afd2b
u04-s001-v012,question,ambiguityAudit,42,126,c6ddd6b4dba40eb239a50c6ec241107af86fc09fc103bd7aae78becc3b0d1422
u04-s001-v012,question,boundaryAudit,28,84,3dd5095921e968a5c431c304f9abcb4beeeb0ea19a8750c0e3345b291c45c59b
u04-s001-v012,question,difficultyReason,22,60,94f427b1400221a477a4a1f0e95873608ac6af4309f4fac5dfe2dc1798377a67
u04-s001-v012,question,literacyContextNecessity,29,87,ab2deac0acc194f2d44b03197cfe18fa0410f5081016b3dc57ec7d2bad0db40a
u04-s001-v012,question,contentAuthority,25,25,ed40f75ffe3d6ad4e71f6e7919d063410490de360edb425965eccd605ca9d79e
u04-s001-v012,question,replacementPolicy,67,67,6b2349a5ddaedbb65fc7e14a57f95615b20eff02ac1787763c0b925ce64737d2
u04-s001-v012,question,contentSha256,64,64,fc6abd093e0582688c6c06cea3a572b7ded94f47b11dc4edd8a1c7b6d326e193
u04-s001-cr001,question,questionId,14,14,bd1a2af91de888d1b52bb8fe64e9fa4daaafee7f2146cfe3a430f674608bc141
u04-s001-cr001,question,unitId,3,3,75af07890985d922be67b495cb8fb20dd1c4838309297f0c613eb1c8cb397976
u04-s001-cr001,question,topicId,17,17,ae0a1fb9cf3d5911b74584a096c2ade6c4a8716476c888e042c94d23fb382bf8
u04-s001-cr001,question,skillId,39,39,c826413f8caf486af2f2d6c85342f879a467a521bbaa42b5054e6ec64127b124
u04-s001-cr001,question,difficulty,8,8,fe6d3468cf5c74d8ec2a95b40f2e05338c37a4202f8fad692d2b64a9cf9b468a
u04-s001-cr001,question,itemType,20,20,e519496c259191db041ac61161dbfadb673dd94a10a123ed7423adcf7968ae7c
u04-s001-cr001,question,prompt,87,162,1594d474402bd9d5feb9c3e48e278a11034da048fce36e1af2dc5061585c6887
u04-s001-cr001,question,requiredWork[0],9,27,c02ec9fccd808c27dcda3f0c35b871a3ebde28256406866119856d249ab6eea1
u04-s001-cr001,question,requiredWork[1],18,54,772f663173b5c84d34cb6d9caee8ab86dedac73b5acced69ae905fdf79f82b5e
u04-s001-cr001,question,standardSolution[0],17,45,7b4bb124440f586a6b534a41002d7888c2e0541427406424b738eab14221eef6
u04-s001-cr001,question,standardSolution[1],8,19,174ea271acc0c8e3cc0fb60c26cd2c71366abcd6636a7a79ab72ba770da05d7c
u04-s001-cr001,question,standardSolution[2],8,24,45cae1e8a04e7db6ab3d54fec9a9ee26c804d6dd86f4d75c61abbfb5fad48feb
u04-s001-cr001,question,standardSolution[3],9,23,2aae6ac02834a1a1c932d7a5c64bfec0b27af18ce6391bfb71bcfc5ebacdcc1e
u04-s001-cr001,question,standardSolution[4],14,28,3f2d8039ac6ebecc755521dab2ab3bfc0fc860a4f18e1580b4c1157683ccb764
u04-s001-cr001,question,standardSolution[5],17,41,4b7e0fea75efc47a9b626251817a7c1a718d4d6d2bfbac49b3c6906e68d2626f
u04-s001-cr001,question,alternativeMethods[0],30,68,d2fb95810dddc36bbffc21228d2ed603b9af3f8bc24fce9f120f8125778cbbb0
u04-s001-cr001,question,reasoningSteps[0],7,21,2c1069cd1a3278b175364da7e12f46e81349246d311cb1251703b9d0834b5e67
u04-s001-cr001,question,reasoningSteps[1],9,27,bc7323508cd829c696c39f69b1bb95b80a334c7bc9cfe1677ca3fa15346c82db
u04-s001-cr001,question,reasoningSteps[2],16,48,a984ff591491d85014864ead743b26ed8bd086ff684752738d6c6b876f588d23
u04-s001-cr001,question,rubric[0].criteria,22,66,9c2ff9738f977edab7fa421d3c7a598c823e3fa463b026082903337f6c584a89
u04-s001-cr001,question,rubric[1].criteria,23,69,7ca24ee486ea30309c12048e429ac6bcb5201b408c8cab9e2e01cc66c0669543
u04-s001-cr001,question,rubric[2].criteria,17,51,90a9d2adab36a46d949267ab76aebb6ea06d90806f31075259448be8dd87991d
u04-s001-cr001,question,rubric[3].criteria,23,67,db665c4a3f39ff793af865455f6d6d273203cafb0a89a6b10fd6c43aedbe94a8
u04-s001-cr001,question,partialCreditRules[0],24,66,88cb509dc2bc71b743c37c09c0f2bb441f50c066124f21d36ae3519123f19fdd
u04-s001-cr001,question,followThroughPolicy,38,114,25202582a19a526edcd9fc1ddf4ff0812c9398e1720a483497dfaad858a584dd
u04-s001-cr001,question,unitNotationRules,26,69,ebbf7102312469bd8f85767fc41dca9193717206926559673b10d990ad114c8b
u04-s001-cr001,question,answerOnlyPolicy,18,48,a8d66c00d20c4081f23f36d5f836ffc3053c86bbe352d180693e0f7264af4d53
u04-s001-cr001,question,independentReview.derivedResult,18,54,7f8cee7010a70c24cce36332f9bea5e57669feecdc23f7442b823e35576efab9
u04-s001-cr001,question,independentReview.ambiguityAudit,30,90,f58179ff4df724b27f6ff492f8712453f0e8d40d04466336ce910abcbe7a0d83
u04-s001-cr001,question,independentReview.boundaryAudit,15,45,b2c8abea0d2c9274887328d1cd782e9453a9369e9027289c569b915280d7801f
u04-s001-cr001,question,independentReview.decision,4,4,d74ff0ee8da3b9806b18c877dbf29bbde50b5bd8e4dad7a3a725000feb82e8f1
u04-s001-cr001,question,independentReview.reviewNote,27,69,5bcb0b319be271deb6f73f6c8242d8303ea461dd7e6e9ff4eef9fef6bc8a0339
u04-s001-cr001,question,independentReview.reviewedAt,10,10,14158d45727526145ef514139eeb669eb54d613dbcffe524f099dbb71c9d8b08
u04-s001-cr001,question,contentAuthority,25,25,ed40f75ffe3d6ad4e71f6e7919d063410490de360edb425965eccd605ca9d79e
u04-s001-cr001,question,replacementPolicy,67,67,6b2349a5ddaedbb65fc7e14a57f95615b20eff02ac1787763c0b925ce64737d2
u04-s001-cr001,question,contentSha256,64,64,39c60d6c00f55388054245bc61c37e1851e52593e80ea47e97bc29cf9abb244e
u04-s001-cr002,question,questionId,14,14,24a7f79a55d4ce052b4b6a841b37fafddd93179ee6b49375987221dc299ef98b
u04-s001-cr002,question,unitId,3,3,75af07890985d922be67b495cb8fb20dd1c4838309297f0c613eb1c8cb397976
u04-s001-cr002,question,topicId,17,17,ae0a1fb9cf3d5911b74584a096c2ade6c4a8716476c888e042c94d23fb382bf8
u04-s001-cr002,question,skillId,39,39,c826413f8caf486af2f2d6c85342f879a467a521bbaa42b5054e6ec64127b124
u04-s001-cr002,question,difficulty,8,8,d21f85ea38166303ce58e06134b5cc4a5c900c409ab2a500ff7c9225109a09bb
u04-s001-cr002,question,itemType,20,20,e519496c259191db041ac61161dbfadb673dd94a10a123ed7423adcf7968ae7c
u04-s001-cr002,question,prompt,57,123,a156c5d244b23154c4885385716a6c1229c7f74baf4a9084df9ab2930bce6946
u04-s001-cr002,question,requiredWork[0],17,39,0e159ea3eee64b25b9cc9961da0a4938c4ba67d46efb2d532a90ca7fd0fbfb17
u04-s001-cr002,question,requiredWork[1],11,33,b7e204d1aab9e31d19a7c04f3489522d118e61fdebd13b5599d89e6ee1e60a8b
u04-s001-cr002,question,standardSolution[0],18,34,ea92c8a6f16a257363e1ef556af65ceda1d5c3404f9aaf1173bdf029f8d00493
u04-s001-cr002,question,standardSolution[1],19,35,6c2cef6b8a47e41b8f4d85adac6895a1c07d04df158d5db21e29edc7dbc76289
u04-s001-cr002,question,standardSolution[2],14,26,255f93f5133210a8edd96edafcc6d192ac3cc21b4d570816aed8efccc7a6cd01
u04-s001-cr002,question,alternativeMethods[0],37,83,ab7424909bd8fa3414552715194a77543b21e4f47afc95e9425ab32566265244
u04-s001-cr002,question,reasoningSteps[0],17,47,34d5aae16e96f785b78981a8cec9c8fda05619c449e35b37750bf4937ac8880c
u04-s001-cr002,question,reasoningSteps[1],9,27,9b1c3a3cfcc42c7bff893590511247beb670a1c876380517b1d066ab75f6c56c
u04-s001-cr002,question,rubric[0].criteria,15,35,995af2a877df830635e98e26bbf59675ef58d3a611b3dcebc4d2a9cccf82f708
u04-s001-cr002,question,rubric[1].criteria,24,72,ad4f648f22756242a789a57c3778100457a472ade7fd97f87e2c099a1c7e9bd2
u04-s001-cr002,question,rubric[2].criteria,16,48,7df890b4ea3b78601b40884df022c1fa8e77582cec406b5d3e5034490876becc
u04-s001-cr002,question,rubric[3].criteria,17,45,c32b178aefaeb6f9cfa73700b48a03b86260bf21b5c063863feb3492c9ee69a8
u04-s001-cr002,question,partialCreditRules[0],21,63,0491ae93e2ac3c34658e55efd4db37307e89f637ed895039110d91078db95891
u04-s001-cr002,question,followThroughPolicy,29,59,ef5a5e3f53d23b4a02ea521f53e6822dac9778dac3d775b7cedd8403a836abfe
u04-s001-cr002,question,unitNotationRules,30,74,8f4b384e443bd12d39722ee57fc7aa2980f488bc7238727fadcd005d2eb77fea
u04-s001-cr002,question,answerOnlyPolicy,18,48,b4c726ba649568dbec93ff9eb35855f17c42c9107f8b2e8c424459caa7c311f3
u04-s001-cr002,question,independentReview.derivedResult,22,50,ba0e4e04e9d780263e2d7b0838381b6b9ff4be83f7b9bc1fa3741ba12184aa60
u04-s001-cr002,question,independentReview.ambiguityAudit,30,90,f58179ff4df724b27f6ff492f8712453f0e8d40d04466336ce910abcbe7a0d83
u04-s001-cr002,question,independentReview.boundaryAudit,15,45,b2c8abea0d2c9274887328d1cd782e9453a9369e9027289c569b915280d7801f
u04-s001-cr002,question,independentReview.decision,4,4,d74ff0ee8da3b9806b18c877dbf29bbde50b5bd8e4dad7a3a725000feb82e8f1
u04-s001-cr002,question,independentReview.reviewNote,30,64,897ef69819901710842be2c5898af8e2375d9bf609b8030acbfa74a4e9665007
u04-s001-cr002,question,independentReview.reviewedAt,10,10,14158d45727526145ef514139eeb669eb54d613dbcffe524f099dbb71c9d8b08
u04-s001-cr002,question,contentAuthority,25,25,ed40f75ffe3d6ad4e71f6e7919d063410490de360edb425965eccd605ca9d79e
u04-s001-cr002,question,replacementPolicy,67,67,6b2349a5ddaedbb65fc7e14a57f95615b20eff02ac1787763c0b925ce64737d2
u04-s001-cr002,question,contentSha256,64,64,8348dffa09c2a038a165c3270a2941c2c8fa38423af7a48f2c2fcaffcd88b9f5
