artifactType,artifactId,unitId,slot,skillId,status,originalSha256,stringFieldCount,unicodeCharacterCount
lecture,u01-s001-lecture-r1,u01,s001,integer-number-classification,REVIEWED_AND_PUBLISHED_R1,ceb2f79ef41b40ecbc82b65da12463bbe8be6feb52a835fef05b64d3f5558430,182,2807
question,u01-s001-v001,u01,s001,integer-number-classification,REVIEWED_AND_PUBLISHED_R1,e8d6adbe7634d4e0b2f53cdadcf6623f2e8b3fc3ec8b6ede0cc901f7361d80bb,35,532
question,u01-s001-v002,u01,s001,integer-number-classification,REVIEWED_AND_PUBLISHED_R1,c21b2c83f50872a08af96ab35cdeef0204391e6d51b3ceac825ce1c8d498608f,35,528
question,u01-s001-v003,u01,s001,integer-number-classification,REVIEWED_AND_PUBLISHED_R1,0a0093fbb4adff1b00188b42083ed884f00d98934e2064472a9ca082d6166b00,35,560
question,u01-s001-v004,u01,s001,integer-number-classification,REVIEWED_AND_PUBLISHED_R1,a8218829257bfb1c6deebc53e7f20aeabff1417292648a7ca2030a1d0a15852a,35,598
question,u01-s001-v005,u01,s001,integer-number-classification,REVIEWED_AND_PUBLISHED_R1,ea39c7c65bd0a09d2e9646d2132ffd804c44a3b0d488c17cf6ac79eba78f258c,35,542
question,u01-s001-v006,u01,s001,integer-number-classification,REVIEWED_AND_PUBLISHED_R1,8a0a5627544d064301d05f3ca29018d9642b01a884d3f225f0d167cd5acc2cac,35,635
question,u01-s001-v007,u01,s001,integer-number-classification,REVIEWED_AND_PUBLISHED_R1,066c53e0f8a6b67e67e51c5b87c499285b72f55b795b3f94e4edc126f0ba41b3,35,594
question,u01-s001-v008,u01,s001,integer-number-classification,REVIEWED_AND_PUBLISHED_R1,318dc0e6678069ccbc2a1149d748835d77d56da9d897a1394d2718571956147f,35,529
question,u01-s001-v009,u01,s001,integer-number-classification,REVIEWED_AND_PUBLISHED_R1,c893c8cd12ad5ec00efcb0adf47e5da2c62437ad41a5df80c3db7b6672b24e0d,35,566
question,u01-s001-v010,u01,s001,integer-number-classification,REVIEWED_AND_PUBLISHED_R1,c1d52005dfbf880e58cb89fd069c8e43c976828c1e2d471d352629e78d981b94,36,634
question,u01-s001-v011,u01,s001,integer-number-classification,REVIEWED_AND_PUBLISHED_R1,ecdb25b1d9be6ce9369ac72496e79c4e24f2a9a11e7eefc7dbbe69e6754c6044,36,615
question,u01-s001-v012,u01,s001,integer-number-classification,REVIEWED_AND_PUBLISHED_R1,338efbd44f62d0ce6f5dd2e08d0cd86d95c19ece7e0f9eb3208d67429650cb59,36,628
question,u01-s001-cr001,u01,s001,integer-number-classification,REVIEWED_AND_PUBLISHED_R1,2e66e902fec46d452c70f69ab68da084a18b088251b1ce689c5fc115fa529ec7,33,831
question,u01-s001-cr002,u01,s001,integer-number-classification,REVIEWED_AND_PUBLISHED_R1,e33f5b66ef38dc4cd7a5cb925561115b86dc81bf2b856592b0256d8253e2975b,31,824
lecture,u01-s002-lecture-r1,u01,s002,integer-positive-negative-meaning,MANUAL_AUDIT_COMPLETE_BATCH_001,e01c2715dfed58b025a5d4b6d835f431c5b2ddcb845d9e150694f2079831931a,138,2158
question,u01-s002-v001,u01,s002,integer-positive-negative-meaning,MANUAL_AUDIT_COMPLETE_BATCH_001,893f0c14e5dbbc103fc6ae5b9e18e00c585d5dec8e75284ea2dccbc77b8dfc70,36,532
question,u01-s002-v002,u01,s002,integer-positive-negative-meaning,MANUAL_AUDIT_COMPLETE_BATCH_001,c87f8c1e7cc96b82dac56b313ca4165412a6d7116c4716051f8d2f442bb95bf6,36,473
question,u01-s002-v003,u01,s002,integer-positive-negative-meaning,MANUAL_AUDIT_COMPLETE_BATCH_001,a2b0871b4d900e0b43aa404206513da4c773e1b1a14f7660490034b2df554af7,36,485
question,u01-s002-v004,u01,s002,integer-positive-negative-meaning,MANUAL_AUDIT_COMPLETE_BATCH_001,9a34c4178e3df5834afcac6d84edae31ca07c6de089288eb98c20a8af98e3d86,36,492
question,u01-s002-v005,u01,s002,integer-positive-negative-meaning,MANUAL_AUDIT_COMPLETE_BATCH_001,6b6035f2d52cd1d9f8523e2fc9f78627360ccc53373e4b9a77c1650126fa652f,36,568
question,u01-s002-v006,u01,s002,integer-positive-negative-meaning,MANUAL_AUDIT_COMPLETE_BATCH_001,3d0d548f9447dad39dd438620abe519ed6a1bc03c17276c13f1288154afcbef7,36,465
question,u01-s002-v007,u01,s002,integer-positive-negative-meaning,MANUAL_AUDIT_COMPLETE_BATCH_001,6475fef21810012c31d546b3ed2adfd8a376b21d2a5f53a9d2e234756dbb0de9,36,554
question,u01-s002-v008,u01,s002,integer-positive-negative-meaning,MANUAL_AUDIT_COMPLETE_BATCH_001,91c3e4e0e1d8f18d987213548dfff867cabfb7a2f5896e8e4381948a140c97a5,36,555
question,u01-s002-v009,u01,s002,integer-positive-negative-meaning,MANUAL_AUDIT_COMPLETE_BATCH_001,5339826ea6ec03ba443adc63eede0bf08d63f2c90565875a015f8750da55cd6d,36,463
question,u01-s002-v010,u01,s002,integer-positive-negative-meaning,MANUAL_AUDIT_COMPLETE_BATCH_001,d3c8b8f92b3a16426140f11e92e9bf4d4ca9503f697df516c5268c19d35d8c8c,37,686
question,u01-s002-v011,u01,s002,integer-positive-negative-meaning,MANUAL_AUDIT_COMPLETE_BATCH_001,d411c74b216a252f7e4ff1c9619d889683f7d38fd2ac59ac57bdfecbe333f8b6,37,633
question,u01-s002-v012,u01,s002,integer-positive-negative-meaning,MANUAL_AUDIT_COMPLETE_BATCH_001,0e972d192fbf9e5b3e48f79efc72ed79d5aee3e64220c2286d7fa9615ad2c633,37,622
question,u01-s002-cr001,u01,s002,integer-positive-negative-meaning,MANUAL_AUDIT_COMPLETE_BATCH_001,e964cc54559b279319c72dba7ad6a3917e25128426713e8a16854afdf74cbbe1,29,596
question,u01-s002-cr002,u01,s002,integer-positive-negative-meaning,MANUAL_AUDIT_COMPLETE_BATCH_001,5e006e041b4e86bbbfd40b484364d86599f0a892f88741c445d775ffe9a35d5d,29,577
lecture,u01-s003-lecture-r1,u01,s003,integer-number-line-position,MANUAL_AUDIT_COMPLETE_BATCH_001,877eff98ba99d6a973b7831fb5d7ec81a7ed44c0f17d366a9b7131458c56ffa0,136,1836
question,u01-s003-v001,u01,s003,integer-number-line-position,MANUAL_AUDIT_COMPLETE_BATCH_001,92254828711517a154d1571486e6368d07447609b296c92839d739261ad028c5,36,412
question,u01-s003-v002,u01,s003,integer-number-line-position,MANUAL_AUDIT_COMPLETE_BATCH_001,dfc94cff623c02e2c8963c837dad7b1e5b27210b3151dbe47172059a064343dc,36,451
question,u01-s003-v003,u01,s003,integer-number-line-position,MANUAL_AUDIT_COMPLETE_BATCH_001,8ea629db074d1cf03edb4d061d2efbf95f319f294459cb84ab5314703196ecdc,37,417
question,u01-s003-v004,u01,s003,integer-number-line-position,MANUAL_AUDIT_COMPLETE_BATCH_001,1824a536f94916536bee2bd1b7c3e78bd7e5051451fe0a7b94f60048bf7f8847,36,431
question,u01-s003-v005,u01,s003,integer-number-line-position,MANUAL_AUDIT_COMPLETE_BATCH_001,5e60d331864efeb2f04561a4228f786021239cfa6d4837112f6e7d91b1bbfbc8,36,439
question,u01-s003-v006,u01,s003,integer-number-line-position,MANUAL_AUDIT_COMPLETE_BATCH_001,3a03f2661f517666fa8d855caad4eb2766d911f71eeb5a7a18d1cb10ed6d119a,37,428
question,u01-s003-v007,u01,s003,integer-number-line-position,MANUAL_AUDIT_COMPLETE_BATCH_001,2904e585d10be6dfdcefabd40c7271fa8cf6ef8002b86b1144254fb064dc850a,36,492
question,u01-s003-v008,u01,s003,integer-number-line-position,MANUAL_AUDIT_COMPLETE_BATCH_001,014bf85751654e4cafa51585e4d1701d8a149488def696bcecc832300cc7e447,36,444
question,u01-s003-v009,u01,s003,integer-number-line-position,MANUAL_AUDIT_COMPLETE_BATCH_001,44b88c768333c20ee6be91dae4e6b47990a121a8b007ba7caf3a5b2ace31213a,36,468
question,u01-s003-v010,u01,s003,integer-number-line-position,MANUAL_AUDIT_COMPLETE_BATCH_001,d4ff86e9eebcd33245227f8abd7f16699ca11b3276b4e0267549213c050445ac,37,490
question,u01-s003-v011,u01,s003,integer-number-line-position,MANUAL_AUDIT_COMPLETE_BATCH_001,6c67ca13a495d741d518797c236cf8fcd7efb060f9bae6b7cdb522991e265d38,37,544
question,u01-s003-v012,u01,s003,integer-number-line-position,MANUAL_AUDIT_COMPLETE_BATCH_001,de792f791a254b25b375de0214ec532149feb56b052b6d57bf4dc2696e61ce6c,37,495
question,u01-s003-cr001,u01,s003,integer-number-line-position,MANUAL_AUDIT_COMPLETE_BATCH_001,f6f050c52acb6550d23a7bc09e52cd91819ea3534bab2d13d20e2a9dddb34c74,29,521
question,u01-s003-cr002,u01,s003,integer-number-line-position,MANUAL_AUDIT_COMPLETE_BATCH_001,de019f3f6e8168ccf8b9607483223d6285310403ae03611c4f2d0c2e0927293d,29,501
lecture,u01-s004-lecture-r1,u01,s004,integer-number-comparison,MANUAL_AUDIT_COMPLETE_BATCH_001,43eff495d600db2d390f5b7a357d41ab8a735d71128993a60da5c3d7b6411030,135,1823
question,u01-s004-v001,u01,s004,integer-number-comparison,MANUAL_AUDIT_COMPLETE_BATCH_001,6061a5663b274b9a46101b99731c5369fc2bda9fa4bfeb797371f7fdcf83b1dd,36,405
question,u01-s004-v002,u01,s004,integer-number-comparison,MANUAL_AUDIT_COMPLETE_BATCH_001,70cfb73cc19d68461617e8590d1730ca5cbec41c596f83935131ae061ff02951,36,421
question,u01-s004-v003,u01,s004,integer-number-comparison,MANUAL_AUDIT_COMPLETE_BATCH_001,4089ddd9061477766efb5462ee3086b23a3c7ee6c2620cf75e90d9993590f612,36,461
question,u01-s004-v004,u01,s004,integer-number-comparison,MANUAL_AUDIT_COMPLETE_BATCH_001,b79df568ab7412e25e1e06862aa54e00dd1487e10e07ea5fe8a57c2e45f09721,36,476
question,u01-s004-v005,u01,s004,integer-number-comparison,MANUAL_AUDIT_COMPLETE_BATCH_001,a8feea6137396cf6a1056aa63cd97d557cf1b8349882ee5e99a660d55e7d3267,37,423
question,u01-s004-v006,u01,s004,integer-number-comparison,MANUAL_AUDIT_COMPLETE_BATCH_001,88a98ea5c2a36d6a98247117da1bea6032c685d58540783afc950c641ffa6a3c,36,432
question,u01-s004-v007,u01,s004,integer-number-comparison,MANUAL_AUDIT_COMPLETE_BATCH_001,6666452e849525fb39a6ed116e67d65d0133cba14fbc2f6568b9736ded9e47c5,36,460
question,u01-s004-v008,u01,s004,integer-number-comparison,MANUAL_AUDIT_COMPLETE_BATCH_001,13db13bad2b9c7a1fccb1bba98bed2eeeec364a0dc596a2189eae34d6c6a26b4,36,479
question,u01-s004-v009,u01,s004,integer-number-comparison,MANUAL_AUDIT_COMPLETE_BATCH_001,b5483ba4678f8b92955516bb4fda5d9f44d3956d2e71d3888ac78926622f812d,36,483
question,u01-s004-v010,u01,s004,integer-number-comparison,MANUAL_AUDIT_COMPLETE_BATCH_001,1ee3142c1dab02038ae8502590c76d97b876e5d27f00769f409ad111974441f8,37,456
question,u01-s004-v011,u01,s004,integer-number-comparison,MANUAL_AUDIT_COMPLETE_BATCH_001,326ca8c58fa28b7daa679f9d1bd6e765f5f3f8a6f711be5fc1f2cdd23d365453,37,552
question,u01-s004-v012,u01,s004,integer-number-comparison,MANUAL_AUDIT_COMPLETE_BATCH_001,c3a1dc8be0cde882a3ebdcd500d7d7d6474e6d0d536903413979b67c4e7e4311,37,578
question,u01-s004-cr001,u01,s004,integer-number-comparison,MANUAL_AUDIT_COMPLETE_BATCH_001,93f6cebdeaba106044e7a146b56f4ebaedbff4252a416ef7fa611b236236917f,26,448
question,u01-s004-cr002,u01,s004,integer-number-comparison,MANUAL_AUDIT_COMPLETE_BATCH_001,c0c1829ef867e9051831b43d8dafff315831d855577e87937e2f0255ff444ee1,28,508
lecture,u01-s005-lecture-r1,u01,s005,integer-opposite-number,MANUAL_AUDIT_COMPLETE_BATCH_001,45819d67ac90059ed60f17c61556d7d92b33b0da818292de67a3b1a7d9425cf3,132,1812
question,u01-s005-v001,u01,s005,integer-opposite-number,MANUAL_AUDIT_COMPLETE_BATCH_001,6952162b5b7e411df380f0d606576cb037f3f26361d03ffefc921247738dc75a,36,370
question,u01-s005-v002,u01,s005,integer-opposite-number,MANUAL_AUDIT_COMPLETE_BATCH_001,f37c22054443e82f069d3a2773b33b6a79392f565dbd48e1c04ef54c58f0acac,36,375
question,u01-s005-v003,u01,s005,integer-opposite-number,MANUAL_AUDIT_COMPLETE_BATCH_001,77305597963ddf286549a4abee9af1f22a6a08e553f3e713a0789f1a6eb2f1eb,36,389
question,u01-s005-v004,u01,s005,integer-opposite-number,MANUAL_AUDIT_COMPLETE_BATCH_001,6306781d02e13aa0c6eb66b7993b6ff5b5e056e08c52345027a0a6c8212af4e7,36,387
question,u01-s005-v005,u01,s005,integer-opposite-number,MANUAL_AUDIT_COMPLETE_BATCH_001,607b180498f98fa8b2e253945556d7a3e7ce2dae9d1b81d2af6200459c58fc11,36,439
question,u01-s005-v006,u01,s005,integer-opposite-number,MANUAL_AUDIT_COMPLETE_BATCH_001,3d5de66f6b117981209f5c1795bb6dc25dfe2c4cbe56a1caa1ee3593f090881c,36,409
question,u01-s005-v007,u01,s005,integer-opposite-number,MANUAL_AUDIT_COMPLETE_BATCH_001,84f3c83501d18b25b1163ad91a6aa500cd93b9a8dc533121c9b8fec3a1f37d34,36,423
question,u01-s005-v008,u01,s005,integer-opposite-number,MANUAL_AUDIT_COMPLETE_BATCH_001,77ea0b82d5b0a26c6bb9769ec99e1d62d913cce9d77a658fe5e34bb5675752cc,36,424
question,u01-s005-v009,u01,s005,integer-opposite-number,MANUAL_AUDIT_COMPLETE_BATCH_001,ce4c98862b309157524638b7f8e9d56efb22ce10818e93c4711e078d462b6277,36,428
question,u01-s005-v010,u01,s005,integer-opposite-number,MANUAL_AUDIT_COMPLETE_BATCH_001,c3fd5913b266fc4e333949ab7a1a80d7b41ecae30b27b6464ff5e3476cce4e82,37,510
question,u01-s005-v011,u01,s005,integer-opposite-number,MANUAL_AUDIT_COMPLETE_BATCH_001,5cc76ea768487a7552e66c812170520345716ba1188452b10a7e6cceb4ebcfe0,37,460
question,u01-s005-v012,u01,s005,integer-opposite-number,MANUAL_AUDIT_COMPLETE_BATCH_001,a90930a4897c82367043b11e8c6693a2bee5b50e188a2984bd2037b3e56def74,37,477
question,u01-s005-cr001,u01,s005,integer-opposite-number,MANUAL_AUDIT_COMPLETE_BATCH_001,4abcf716fdaed3e049ed70257b82048a55f4c2dadf9275ef8f76a5a7bf005cb7,29,491
question,u01-s005-cr002,u01,s005,integer-opposite-number,MANUAL_AUDIT_COMPLETE_BATCH_001,11512566048c2cdd3ab511d6fbb476555077cd228180beb37b31fbc8445a60c1,28,508
lecture,u01-s006-lecture-r1,u01,s006,integer-absolute-value-basic,MANUAL_AUDIT_COMPLETE_BATCH_002,0c57d550611ae8adff4f4d3153eaaa2a49dc6671e1b44e69f993c30f1a162cf6,135,1791
question,u01-s006-v001,u01,s006,integer-absolute-value-basic,MANUAL_AUDIT_COMPLETE_BATCH_002,44679e0897b43441ddda8a5e16603210771f58dd69097a855b2396a10b5d0b1d,36,398
question,u01-s006-v002,u01,s006,integer-absolute-value-basic,MANUAL_AUDIT_COMPLETE_BATCH_002,63ba96668ab00a66f785a1a2370b5da653e0dbf573712254516843c0b2309523,36,385
question,u01-s006-v003,u01,s006,integer-absolute-value-basic,MANUAL_AUDIT_COMPLETE_BATCH_002,46cef2562bc7ad11e3b298a15f432459b023822bb28a7931a6bb8738f3b8b6bd,36,428
question,u01-s006-v004,u01,s006,integer-absolute-value-basic,MANUAL_AUDIT_COMPLETE_BATCH_002,6add393ebe3e218c6426713ca54a42ba28f6c91a47b80e3e7f54835e441dc080,36,426
question,u01-s006-v005,u01,s006,integer-absolute-value-basic,MANUAL_AUDIT_COMPLETE_BATCH_002,a4d48b16553d3408abd39053cd42b5c3da88813289fee9563a87b4055bd4df8f,36,443
question,u01-s006-v006,u01,s006,integer-absolute-value-basic,MANUAL_AUDIT_COMPLETE_BATCH_002,d9e1873c8b0c149c60c394ea40bc88823b722f0e6c1261f02f84b6953705998f,36,399
question,u01-s006-v007,u01,s006,integer-absolute-value-basic,MANUAL_AUDIT_COMPLETE_BATCH_002,509753a0a2826a024e11943475be4971d98c6b105cdb525c5a1dba4a5765e1b6,36,439
question,u01-s006-v008,u01,s006,integer-absolute-value-basic,MANUAL_AUDIT_COMPLETE_BATCH_002,06abed4466e130ef468c2d032acd8368c38cb52c6c03c51fa388c9180f3f5690,36,446
question,u01-s006-v009,u01,s006,integer-absolute-value-basic,MANUAL_AUDIT_COMPLETE_BATCH_002,f3554414a333437760cb0a313774f3045d50798134f14179e6ff046c62b2f2a1,36,403
question,u01-s006-v010,u01,s006,integer-absolute-value-basic,MANUAL_AUDIT_COMPLETE_BATCH_002,a33c28fdad08391e3feb94ff8ed2a387b3c49f24932a20993ed00796ddade954,37,508
question,u01-s006-v011,u01,s006,integer-absolute-value-basic,MANUAL_AUDIT_COMPLETE_BATCH_002,4587f631d3cc3eb480aa4854ce7db8382b74332d2013b9b5c75fcff1c232f7e9,37,480
question,u01-s006-v012,u01,s006,integer-absolute-value-basic,MANUAL_AUDIT_COMPLETE_BATCH_002,7fc4f9ea582bb6722e08a9c7e9748baac59a89d64e6adaa94dd0fa1417d97d28,37,474
question,u01-s006-cr001,u01,s006,integer-absolute-value-basic,MANUAL_AUDIT_COMPLETE_BATCH_002,4e2d0cadf32fd820d15e44326802f20f14b2bb977eaf1be839f1c4e28670938f,28,461
question,u01-s006-cr002,u01,s006,integer-absolute-value-basic,MANUAL_AUDIT_COMPLETE_BATCH_002,6938d11564ce2467b2f14a8772a2145c96874c5b52b2bc045fd96c2414f03de1,28,450
lecture,u01-s007-lecture-r1,u01,s007,integer-absolute-value-distance,MANUAL_AUDIT_COMPLETE_BATCH_002,349f0abdd03d44ad54fb168e4210deb35dbee986c26a8d4d1f78253571ab417e,135,1899
question,u01-s007-v001,u01,s007,integer-absolute-value-distance,MANUAL_AUDIT_COMPLETE_BATCH_002,a98d411ca75a300ff1e10a31ea7412eba21053aa14fe395863892826d8fe8d8e,36,374
question,u01-s007-v002,u01,s007,integer-absolute-value-distance,MANUAL_AUDIT_COMPLETE_BATCH_002,ac7364e8f99ceb29224f81b45f97fc91b3703ec1a7822f84849dc3d720e0499e,36,369
question,u01-s007-v003,u01,s007,integer-absolute-value-distance,MANUAL_AUDIT_COMPLETE_BATCH_002,89de5b6a1421f4a59fbfb7100a011380e637e96b09d124e42ec90eec106f95a2,36,485
question,u01-s007-v004,u01,s007,integer-absolute-value-distance,MANUAL_AUDIT_COMPLETE_BATCH_002,6ff1afb99a6080a9678389400c7aaef135f3d33842cbfb6aaf94022c2a582cf2,37,428
question,u01-s007-v005,u01,s007,integer-absolute-value-distance,MANUAL_AUDIT_COMPLETE_BATCH_002,e392cd151b280681c83fdbcd6ddd76c3763b4d40b4e825bb00d0fb15f57a01b9,36,424
question,u01-s007-v006,u01,s007,integer-absolute-value-distance,MANUAL_AUDIT_COMPLETE_BATCH_002,d483cafb125dd93cf7a744e41f291cbce170437e247b103b5baa304891f0eb6c,36,451
question,u01-s007-v007,u01,s007,integer-absolute-value-distance,MANUAL_AUDIT_COMPLETE_BATCH_002,ce3253120f1873886c6a605cc561a61b25c9b0faf89a8acef9ec42fc82f63011,36,475
question,u01-s007-v008,u01,s007,integer-absolute-value-distance,MANUAL_AUDIT_COMPLETE_BATCH_002,fcdb1bfcca91ecaaf0b09b584cb909deccb1a746409c85410b0c22bb910e58cb,36,437
question,u01-s007-v009,u01,s007,integer-absolute-value-distance,MANUAL_AUDIT_COMPLETE_BATCH_002,8ebcd828d18bfbb497375bbca87d674faaed40b951191d80bb5f715db708914a,36,443
question,u01-s007-v010,u01,s007,integer-absolute-value-distance,MANUAL_AUDIT_COMPLETE_BATCH_002,d41130f33abe96082c389d049fcdf99e1401d7cc7a2dce1fde807ffba4aaee41,38,477
question,u01-s007-v011,u01,s007,integer-absolute-value-distance,MANUAL_AUDIT_COMPLETE_BATCH_002,ca3a523044210799412b8ca5d1f183e8ac32092137e2a3eaf2f932fed1f627d4,37,501
question,u01-s007-v012,u01,s007,integer-absolute-value-distance,MANUAL_AUDIT_COMPLETE_BATCH_002,ae9ffcbbcb963b44c1406f6c6e762c474f5a80233dace5a6710acb5c78baa4b4,37,502
question,u01-s007-cr001,u01,s007,integer-absolute-value-distance,MANUAL_AUDIT_COMPLETE_BATCH_002,fa454263b55953e3399188d3ad6841aaecaef08dc4bfa52c987c9e4c1f231808,26,419
question,u01-s007-cr002,u01,s007,integer-absolute-value-distance,MANUAL_AUDIT_COMPLETE_BATCH_002,dd05359178bdc3b166400944f77eb9ce9779e647344130aba13abd1041bcc99c,28,493
lecture,u01-s008-lecture-r1,u01,s008,integer-addition,MANUAL_AUDIT_COMPLETE_BATCH_002,770fe12c30556cf90c592dce4d83481ac8c8b06f221d72f1496fb04956512f94,140,1739
question,u01-s008-v001,u01,s008,integer-addition,MANUAL_AUDIT_COMPLETE_BATCH_002,08d67821aa2597fda657e638b4afb4a7e63563caf072df4223d4aeb0d84a8a7a,36,384
question,u01-s008-v002,u01,s008,integer-addition,MANUAL_AUDIT_COMPLETE_BATCH_002,6ac080147b04bd7e0ecf59efb479afd5ad2896bad6c33d1c818f33600ead9b9f,36,396
question,u01-s008-v003,u01,s008,integer-addition,MANUAL_AUDIT_COMPLETE_BATCH_002,c59cb392e710e6aa71a6ee5d686d0f2341f037c5b4c7ab54f58b58346ef46eca,36,363
question,u01-s008-v004,u01,s008,integer-addition,MANUAL_AUDIT_COMPLETE_BATCH_002,a6c9438655cd9bb4827ad6faacaf60d80c72f506608f5848301e29cfb0770c3d,36,408
question,u01-s008-v005,u01,s008,integer-addition,MANUAL_AUDIT_COMPLETE_BATCH_002,108c53fe8054ee4e22b6c9fbb9759637c675f7e6963c1a96cc780fc7ef605ee9,36,421
question,u01-s008-v006,u01,s008,integer-addition,MANUAL_AUDIT_COMPLETE_BATCH_002,a43c6b1227d5d2efe3cec0c3b590b0639961dce6673ced41f7a3552a07845364,36,403
question,u01-s008-v007,u01,s008,integer-addition,MANUAL_AUDIT_COMPLETE_BATCH_002,e47549a3e3db326cafb2980b01340d45a7c0b774f31732e330593c20cfce2f52,36,413
question,u01-s008-v008,u01,s008,integer-addition,MANUAL_AUDIT_COMPLETE_BATCH_002,f9bbe6beb2374052c1fe55d5238a6bafb76436c9a4544ae27f850ab10b8cf023,36,414
question,u01-s008-v009,u01,s008,integer-addition,MANUAL_AUDIT_COMPLETE_BATCH_002,6740977518cd92ca103b469fb68b9b798d9d3eea7cb744b46b5b3ef312b452c7,36,388
question,u01-s008-v010,u01,s008,integer-addition,MANUAL_AUDIT_COMPLETE_BATCH_002,38aad76b0a41e1efbdbab232d7fbe611ce91ad51319d91e9b93f1d5b4dbc44bc,37,443
question,u01-s008-v011,u01,s008,integer-addition,MANUAL_AUDIT_COMPLETE_BATCH_002,26c4a9a4241cfb7cec277bc34073d285d4d53d1ef77dbd79e48cabaaac413c8c,37,513
question,u01-s008-v012,u01,s008,integer-addition,MANUAL_AUDIT_COMPLETE_BATCH_002,ab837d7fff9f26f159620ea92a7ad233ee4bdb1e2236b3f577d8c1bdca22b544,37,434
question,u01-s008-cr001,u01,s008,integer-addition,MANUAL_AUDIT_COMPLETE_BATCH_002,bc4a6c5a253e9694969858dff24c562b8cba038aa4f7cc56c9929c95d88341db,26,432
question,u01-s008-cr002,u01,s008,integer-addition,MANUAL_AUDIT_COMPLETE_BATCH_002,45af243d5383b00550618f38386d8d21138c440b277f46797ee79b4fca600f5d,27,462
lecture,u01-s009-lecture-r1,u01,s009,integer-subtraction,MANUAL_AUDIT_COMPLETE_BATCH_002,d12d22290e38ef044b52d38baf8147bf441cfa5fd350cce53fa1d8c1ea52c6fc,135,1649
question,u01-s009-v001,u01,s009,integer-subtraction,MANUAL_AUDIT_COMPLETE_BATCH_002,2c8842d03c5e2b8954032706e8ac902d58ba35f6bccf44b39746b206508cfbd2,36,359
question,u01-s009-v002,u01,s009,integer-subtraction,MANUAL_AUDIT_COMPLETE_BATCH_002,3c80b050984dfee71ac2d28277d38209b01416b57e0957513e6e26f0c9dfc645,36,346
question,u01-s009-v003,u01,s009,integer-subtraction,MANUAL_AUDIT_COMPLETE_BATCH_002,a72d6efbe94e172f9fe07942aeee5437b4eb2c3ca2a6f3cd89df708930cd3464,36,365
question,u01-s009-v004,u01,s009,integer-subtraction,MANUAL_AUDIT_COMPLETE_BATCH_002,41928c3b2f72bd34c28ac1fb45ca770d5fa410ecf0df7feb592c0f864a2de94e,36,356
question,u01-s009-v005,u01,s009,integer-subtraction,MANUAL_AUDIT_COMPLETE_BATCH_002,58e53e554c55529954123c03b969be3c7a668ce660b75822f47569d3825b45e8,36,457
question,u01-s009-v006,u01,s009,integer-subtraction,MANUAL_AUDIT_COMPLETE_BATCH_002,837dafe38cfd55f9a65f165156d58d37352ed4caccced43186fa606313d38a32,36,357
question,u01-s009-v007,u01,s009,integer-subtraction,MANUAL_AUDIT_COMPLETE_BATCH_002,3726e0d70057d72ebb126f787fede5a618ea363d1a0cf6c0b916a16317e48545,36,395
question,u01-s009-v008,u01,s009,integer-subtraction,MANUAL_AUDIT_COMPLETE_BATCH_002,d33a50aa8bc56986db8067805254fd5a0c3c175feb0a78248f56cd19c6b4d21a,36,379
question,u01-s009-v009,u01,s009,integer-subtraction,MANUAL_AUDIT_COMPLETE_BATCH_002,d8d735d80dca4487430f310b3f9fcbe688b8a2cffaa6edb39befbe335c00c512,36,419
question,u01-s009-v010,u01,s009,integer-subtraction,MANUAL_AUDIT_COMPLETE_BATCH_002,216285d644d0c72f6ebb13e51ef8072da2ddd4b4c0810755bfd792343511a32d,37,480
question,u01-s009-v011,u01,s009,integer-subtraction,MANUAL_AUDIT_COMPLETE_BATCH_002,0fe55169dcb59a9e446f2b62f1652d8e305585f6b57daba4aa3a259bc70c93a6,37,469
question,u01-s009-v012,u01,s009,integer-subtraction,MANUAL_AUDIT_COMPLETE_BATCH_002,d624e73941cb976099fba34866650f36bd7c081ec40d9db67d7dac90169d40dc,37,481
question,u01-s009-cr001,u01,s009,integer-subtraction,MANUAL_AUDIT_COMPLETE_BATCH_002,52e58c988bb4bf7b1497f7acecc3b417bd95886c78bec1cf5143ad0e25800096,27,419
question,u01-s009-cr002,u01,s009,integer-subtraction,MANUAL_AUDIT_COMPLETE_BATCH_002,406fd87c615f06e5ffc04ce2e22d4d65cba48032ac3acf0105f419fe42a5aeac,28,485
lecture,u01-s010-lecture-r1,u01,s010,integer-multiplication-division,MANUAL_AUDIT_COMPLETE_BATCH_003,5612f2d24653a88ac7edad665a6d00123fb45fdc3eebd784cbd8b4f8f1b3f13f,142,1695
question,u01-s010-v001,u01,s010,integer-multiplication-division,MANUAL_AUDIT_COMPLETE_BATCH_003,2517704c2171c9c57bb01c7a4ca27b6d10174a99e55e9258729d68eab7ddc209,36,380
question,u01-s010-v002,u01,s010,integer-multiplication-division,MANUAL_AUDIT_COMPLETE_BATCH_003,d1ecb859e5fe26939a1d527c9955c6966802ee462640db462509908a5f961136,36,377
question,u01-s010-v003,u01,s010,integer-multiplication-division,MANUAL_AUDIT_COMPLETE_BATCH_003,c28649c45e8a5d2fddc521036c2648725c76d18ec18f41e752464731604605e3,36,378
question,u01-s010-v004,u01,s010,integer-multiplication-division,MANUAL_AUDIT_COMPLETE_BATCH_003,e126f7994b771dd3dd86326431363352aa9c750b9d205efb01eaafcdae7f52f0,36,381
question,u01-s010-v005,u01,s010,integer-multiplication-division,MANUAL_AUDIT_COMPLETE_BATCH_003,7cb47faa548757552e6a48f4ddf528ea98da8580d24297936ac4136d3a4360e7,36,428
question,u01-s010-v006,u01,s010,integer-multiplication-division,MANUAL_AUDIT_COMPLETE_BATCH_003,11b5e0d809c071640883e24cb84850ff948d710188c2d29be5f437e6790d277f,36,384
question,u01-s010-v007,u01,s010,integer-multiplication-division,MANUAL_AUDIT_COMPLETE_BATCH_003,fcc753c0ebbb1330f89b9dcb378c67f60d8b0c6c1f6e10b1a31af8a88017d640,36,426
question,u01-s010-v008,u01,s010,integer-multiplication-division,MANUAL_AUDIT_COMPLETE_BATCH_003,030b18da0567c6ef82a47db242fbe1430935559efc60127e893e81f281dc1ea3,36,411
question,u01-s010-v009,u01,s010,integer-multiplication-division,MANUAL_AUDIT_COMPLETE_BATCH_003,270013b8434d6448e63cc199216a948a0d86dd8c80d658da942551670d871f94,36,434
question,u01-s010-v010,u01,s010,integer-multiplication-division,MANUAL_AUDIT_COMPLETE_BATCH_003,727a9ca906b7d05312b9f717b63f4c4a8096dde6f87fb10d425de80bca34bb0b,37,484
question,u01-s010-v011,u01,s010,integer-multiplication-division,MANUAL_AUDIT_COMPLETE_BATCH_003,3625773496dba402c1d121f59e71cfa7d315cd3889216f19ee9054a95192ea97,37,486
question,u01-s010-v012,u01,s010,integer-multiplication-division,MANUAL_AUDIT_COMPLETE_BATCH_003,b8479bce31aaa1f82f8b94458700fa01c087e7f4cac23588546e28ed96596ef8,37,510
question,u01-s010-cr001,u01,s010,integer-multiplication-division,MANUAL_AUDIT_COMPLETE_BATCH_003,b51946dacc40a9fb3f69078bcbd3879ecb3ad4925c21c0258cb015b2ffdd771f,27,465
question,u01-s010-cr002,u01,s010,integer-multiplication-division,MANUAL_AUDIT_COMPLETE_BATCH_003,02c006f43048c9153c5c1b7a22321112e6e0d83735333e5f63ba9cc837283346,28,532
lecture,u01-s011-lecture-r1,u01,s011,integer-mixed-operations,MANUAL_AUDIT_COMPLETE_BATCH_003,95273c94c56d2222edbfec8e5506fdec0f74cb54c2344d4338e826885eb9ad46,135,1713
question,u01-s011-v001,u01,s011,integer-mixed-operations,MANUAL_AUDIT_COMPLETE_BATCH_003,b0cb6ba19dc8554b59ac7c5d9d8c3fd30d8fb4dcf3d143341236893fa08f8d4d,36,403
question,u01-s011-v002,u01,s011,integer-mixed-operations,MANUAL_AUDIT_COMPLETE_BATCH_003,2e9f1df1f636b185c0daf33948b7c48b892466d4b8a789abdcb4d4631b4497ef,36,378
question,u01-s011-v003,u01,s011,integer-mixed-operations,MANUAL_AUDIT_COMPLETE_BATCH_003,aaa62127bf08bfdcd72179ff6c8c8ee4f06d669f6a43a0fcc104262599a39127,36,428
question,u01-s011-v004,u01,s011,integer-mixed-operations,MANUAL_AUDIT_COMPLETE_BATCH_003,b9227ea7c111eaf8b25bc63c2624c2636abdee97f6d910d06c64031e15da1b78,36,421
question,u01-s011-v005,u01,s011,integer-mixed-operations,MANUAL_AUDIT_COMPLETE_BATCH_003,61ac6292cfec170c225bd86c5b42d34ae9c04103afa22d47c1f2b48127ed3c90,36,394
question,u01-s011-v006,u01,s011,integer-mixed-operations,MANUAL_AUDIT_COMPLETE_BATCH_003,2c37f36947f8db08f7da25f58308d1f2eb2c9df31943b5b524becccf30f7f653,36,417
question,u01-s011-v007,u01,s011,integer-mixed-operations,MANUAL_AUDIT_COMPLETE_BATCH_003,8b6fc522a5ff2771043fa9eb447ced938b40c3810626e20183c820472aee4d72,36,410
question,u01-s011-v008,u01,s011,integer-mixed-operations,MANUAL_AUDIT_COMPLETE_BATCH_003,60e302e8a4e0f15a7e4e871e2ef5845a68fe5515fc8e39eab679661eb6b1cc4e,36,443
question,u01-s011-v009,u01,s011,integer-mixed-operations,MANUAL_AUDIT_COMPLETE_BATCH_003,b5efc44379241a3b037833f3be60e3f56fcf37613e7dffa64b4d94c2d54494fc,36,431
question,u01-s011-v010,u01,s011,integer-mixed-operations,MANUAL_AUDIT_COMPLETE_BATCH_003,239b8fe44acfdb9da714e5cab517d4903bb4f4028bf7dbd2116da71acc3c230f,37,509
question,u01-s011-v011,u01,s011,integer-mixed-operations,MANUAL_AUDIT_COMPLETE_BATCH_003,6ce909052c2beab8c47b93b5da320ccc6d5d8cf62a19abdd5234f54d04203a17,37,524
question,u01-s011-v012,u01,s011,integer-mixed-operations,MANUAL_AUDIT_COMPLETE_BATCH_003,47dfb1f59b374effaa4eaffe296cb78a5aac1d0045977eb1f84b49191905a267,37,490
question,u01-s011-cr001,u01,s011,integer-mixed-operations,MANUAL_AUDIT_COMPLETE_BATCH_003,495ff6731e6aa83cceb565790b8c9380e896f59414aad431f3e987b1a7469337,28,456
question,u01-s011-cr002,u01,s011,integer-mixed-operations,MANUAL_AUDIT_COMPLETE_BATCH_003,3eabb8729bff2e271c6ff6c41e914e3dd99198be9a4069319b959a6be46834c7,28,487
lecture,u01-s012-lecture-r1,u01,s012,integer-exponent-meaning,MANUAL_AUDIT_COMPLETE_BATCH_003,05413996dc59be1f2c9700d23e31ad13682fa1534ccf8ae8111a57665ca4d0d8,135,1754
question,u01-s012-v001,u01,s012,integer-exponent-meaning,MANUAL_AUDIT_COMPLETE_BATCH_003,fdc32a94231edc8a0fd5fa837e87abc5608738fbb4d21599e44b91f3a2d61db4,36,369
question,u01-s012-v002,u01,s012,integer-exponent-meaning,MANUAL_AUDIT_COMPLETE_BATCH_003,ec9064d8d765a67128b0a64a18d86eb5345607e1e3b0c5f2c954a4bb1486df36,36,392
question,u01-s012-v003,u01,s012,integer-exponent-meaning,MANUAL_AUDIT_COMPLETE_BATCH_003,1dc7277a398c0fd0f52653976af79e4d1076ecea985312e167db31d0da3145d6,36,397
question,u01-s012-v004,u01,s012,integer-exponent-meaning,MANUAL_AUDIT_COMPLETE_BATCH_003,90af689d43e3dd9a415b37057552845894790c92473ef411bf0accb5a44d8002,36,445
question,u01-s012-v005,u01,s012,integer-exponent-meaning,MANUAL_AUDIT_COMPLETE_BATCH_003,f2886cb80c290841a006482b65105dc0bcbca41d3fcd5c59ba280877e776330b,36,463
question,u01-s012-v006,u01,s012,integer-exponent-meaning,MANUAL_AUDIT_COMPLETE_BATCH_003,58a8daf2c01a5121ca2ca90ca37636da29f6fc779a61e0481b0d099b8b6c7086,36,453
question,u01-s012-v007,u01,s012,integer-exponent-meaning,MANUAL_AUDIT_COMPLETE_BATCH_003,d3ff7c92fbb80a8978d0ec9878370f487f453d978df0241313dab0e6248488d2,36,451
question,u01-s012-v008,u01,s012,integer-exponent-meaning,MANUAL_AUDIT_COMPLETE_BATCH_003,56bec39023deb2ab8da01c1dd25e130febe8cd2b17860d4c2e964984e0d9037b,36,367
question,u01-s012-v009,u01,s012,integer-exponent-meaning,MANUAL_AUDIT_COMPLETE_BATCH_003,dd73b37f0415073cf34aa8d98d7c2e2a67daefc11358381a1d094b8b89faa508,36,415
question,u01-s012-v010,u01,s012,integer-exponent-meaning,MANUAL_AUDIT_COMPLETE_BATCH_003,5d2f00fba1f543d1c8c456601fe4d003e98e169f0749f9b3bd7e614cc21ef60d,37,465
question,u01-s012-v011,u01,s012,integer-exponent-meaning,MANUAL_AUDIT_COMPLETE_BATCH_003,09293cce20d3fdcd0870bb93782939416b11af704043141a854b17a158cc9081,37,542
question,u01-s012-v012,u01,s012,integer-exponent-meaning,MANUAL_AUDIT_COMPLETE_BATCH_003,3d3d2dfaf398963e2ad60303f0d1e5ee695bf0361d3ca36042a7fe4c8a775ac8,37,478
question,u01-s012-cr001,u01,s012,integer-exponent-meaning,MANUAL_AUDIT_COMPLETE_BATCH_003,6864d0043e0bd16ed5785db667b698e3d5eaecc324521a54bf5571e5b77eed34,28,441
question,u01-s012-cr002,u01,s012,integer-exponent-meaning,MANUAL_AUDIT_COMPLETE_BATCH_003,e4dc35134436cbe62ac142dbe469ef327bb657a9fcae594a8a9470e2b05785ca,28,456
lecture,u01-s013-lecture-r1,u01,s013,integer-exponent-laws,MANUAL_AUDIT_COMPLETE_BATCH_003,4d1023dc3570e43fc56c2d19a809ba0e477ef812c45c2df0e99aa25b14508886,146,1777
question,u01-s013-v001,u01,s013,integer-exponent-laws,MANUAL_AUDIT_COMPLETE_BATCH_003,b0738fa6db4024d477f31cbc5e822f62b3c8e9191f80bad783d366b951ffce56,36,372
question,u01-s013-v002,u01,s013,integer-exponent-laws,MANUAL_AUDIT_COMPLETE_BATCH_003,08c33ee89a7e054366d77ae5573b3dd9c5c9b19542cc1739fd53c83633b785e6,36,370
question,u01-s013-v003,u01,s013,integer-exponent-laws,MANUAL_AUDIT_COMPLETE_BATCH_003,3646d7864dff47bd8b8f2089242ceed921102d18c223d182cc074f508ac37ecf,36,367
question,u01-s013-v004,u01,s013,integer-exponent-laws,MANUAL_AUDIT_COMPLETE_BATCH_003,89711b60eb9d1a0228fa58ece7f2674b53b7a27496314d4c3d09248444ffaa0e,36,422
question,u01-s013-v005,u01,s013,integer-exponent-laws,MANUAL_AUDIT_COMPLETE_BATCH_003,788c3f90e38410f2385b3cc88cd1bd58ac510e13e9069444c1a240c6a564d7c5,36,414
question,u01-s013-v006,u01,s013,integer-exponent-laws,MANUAL_AUDIT_COMPLETE_BATCH_003,4710926c32142df00860ffb7656c09b56487caaf94d2f381427c5e55ce8617fc,36,398
question,u01-s013-v007,u01,s013,integer-exponent-laws,MANUAL_AUDIT_COMPLETE_BATCH_003,1823359990d177a7ee99609a593880a1f4f49a08fe8133f4505065ebb70abc23,36,391
question,u01-s013-v008,u01,s013,integer-exponent-laws,MANUAL_AUDIT_COMPLETE_BATCH_003,d23dc600c908e9e1a8eccfd6259ddca8917c4b3640b5f1de6d33e681914b20e6,36,414
question,u01-s013-v009,u01,s013,integer-exponent-laws,MANUAL_AUDIT_COMPLETE_BATCH_003,843039bec2eb949ec8e07e6b9952dfacb71eeb387c4da26a6aee83fc29af2c08,36,458
question,u01-s013-v010,u01,s013,integer-exponent-laws,MANUAL_AUDIT_COMPLETE_BATCH_003,63c17dc1fb52ac918b0c40a9b326a833687299135a85856869ec190da47e002a,37,453
question,u01-s013-v011,u01,s013,integer-exponent-laws,MANUAL_AUDIT_COMPLETE_BATCH_003,1ee0262438e3209e581ad006b06017186b66fc42daa7a06f1d3b8f4d48b46292,37,450
question,u01-s013-v012,u01,s013,integer-exponent-laws,MANUAL_AUDIT_COMPLETE_BATCH_003,09df1e7fade1d56d38191f3ec86623610df418e2d0fadca6ab676bb94d1deeb0,37,452
question,u01-s013-cr001,u01,s013,integer-exponent-laws,MANUAL_AUDIT_COMPLETE_BATCH_003,182be02cc96757241e197fff4795d02fd8ea23cd5bac6188727733d3cf9d490f,27,388
question,u01-s013-cr002,u01,s013,integer-exponent-laws,MANUAL_AUDIT_COMPLETE_BATCH_003,fe0d876e19bba3ee1cd99b5888934fb5c67429bda36e785e1b31cced89ca557b,29,460
lecture,u01-s014-lecture-r1,u01,s014,integer-scientific-notation,MANUAL_AUDIT_COMPLETE_BATCH_004,debba7bad7250c9ec4c27ba58618d9703cdb6c4601ec0291a566d2995cc3ce66,140,2018
question,u01-s014-v001,u01,s014,integer-scientific-notation,MANUAL_AUDIT_COMPLETE_BATCH_004,cfbf18d836fc593b7634bdc71edcc0168c8b135ff60d3a8f3eabca5205ff19b3,36,469
question,u01-s014-v002,u01,s014,integer-scientific-notation,MANUAL_AUDIT_COMPLETE_BATCH_004,efecf8eafa712b29a60fb36e70ce05826898a4c9038e4511250de7d7b0e77a4a,36,450
question,u01-s014-v003,u01,s014,integer-scientific-notation,MANUAL_AUDIT_COMPLETE_BATCH_004,c0108db9f2a0c6bdb7b8cef1b6839cca80d9b7982a6689ae86c5a4d4440140de,36,442
question,u01-s014-v004,u01,s014,integer-scientific-notation,MANUAL_AUDIT_COMPLETE_BATCH_004,6e4b2d30acaac6a75f83650d114ae202044a3facc4f336b301f0cea80dc903d4,36,455
question,u01-s014-v005,u01,s014,integer-scientific-notation,MANUAL_AUDIT_COMPLETE_BATCH_004,29fc460d50b3413ddae49f84885293a889a0fc0c137bdc8ec047ee440f167de0,36,474
question,u01-s014-v006,u01,s014,integer-scientific-notation,MANUAL_AUDIT_COMPLETE_BATCH_004,ad0615f844af925fd3a4847cb4e5959ac3ac6c250b665282ba24128586b2599d,36,430
question,u01-s014-v007,u01,s014,integer-scientific-notation,MANUAL_AUDIT_COMPLETE_BATCH_004,2bf1b78a345b7803926759f883155c3f8a2cc3eb0da0838bc61cf7c86a66f5b0,36,425
question,u01-s014-v008,u01,s014,integer-scientific-notation,MANUAL_AUDIT_COMPLETE_BATCH_004,0c1949b4051574f5175cc9f2d6a90b631c3d7090572c961aea196d8970dadfbe,36,477
question,u01-s014-v009,u01,s014,integer-scientific-notation,MANUAL_AUDIT_COMPLETE_BATCH_004,af99622de062eafed8620342056676e73b53dacce8573a561f6f05c583c9c438,36,482
question,u01-s014-v010,u01,s014,integer-scientific-notation,MANUAL_AUDIT_COMPLETE_BATCH_004,f25227c2c7b11438061674c3092dcea1185ad9c25bf2275086602287dffbd847,37,541
question,u01-s014-v011,u01,s014,integer-scientific-notation,MANUAL_AUDIT_COMPLETE_BATCH_004,400e4e76fff7bccd18316ff2438024ba3073af0d2ec1191ccd5636bb912cd077,37,563
question,u01-s014-v012,u01,s014,integer-scientific-notation,MANUAL_AUDIT_COMPLETE_BATCH_004,8f9cb285e7b63428cc4cdfa45c8fbd2a993324d66e4f77318eb5c7dce981c3a8,37,530
question,u01-s014-cr001,u01,s014,integer-scientific-notation,MANUAL_AUDIT_COMPLETE_BATCH_004,88059581b1ea05bcc4194bcfd19744c1d68b06b2e1d04d05b0fbf86073a5cce0,26,491
question,u01-s014-cr002,u01,s014,integer-scientific-notation,MANUAL_AUDIT_COMPLETE_BATCH_004,04d2c1d2dd0333e84b28c01eb010ea2dae8bca529b83bae0d20c61b632c683e7,28,514
lecture,u01-s015-lecture-r1,u01,s015,integer-literacy-context,MANUAL_AUDIT_COMPLETE_BATCH_004,95c12e7c67e8b8a7bb0e5706bf7994a6d55cf9446e62654421ae533d0c6f8cf3,146,2179
question,u01-s015-v001,u01,s015,integer-literacy-context,MANUAL_AUDIT_COMPLETE_BATCH_004,1efc44ccd8531e34d11d084e127f28532090154c1f557069f952337cb4fe1ccd,40,510
question,u01-s015-v002,u01,s015,integer-literacy-context,MANUAL_AUDIT_COMPLETE_BATCH_004,9330bd8b555178d2a85b5d44db4d48d4cf213451a4b23b9ba8efa05d6fd4d2f3,40,541
question,u01-s015-v003,u01,s015,integer-literacy-context,MANUAL_AUDIT_COMPLETE_BATCH_004,76a9392e8f374f93f053b17ab5e464c7920f5017a4350cb821a3e28dbfff7093,40,547
question,u01-s015-v004,u01,s015,integer-literacy-context,MANUAL_AUDIT_COMPLETE_BATCH_004,782e637e4bcc278dbbbcfc5b4fba6743892daca0cf36bbba70a57283d23e7848,40,531
question,u01-s015-v005,u01,s015,integer-literacy-context,MANUAL_AUDIT_COMPLETE_BATCH_004,c62f635395104dc7d17c584094b02813e56af29b46c32c8ff373911ab9b215bc,40,580
question,u01-s015-v006,u01,s015,integer-literacy-context,MANUAL_AUDIT_COMPLETE_BATCH_004,5a84bc08bb1f0d122149fc0ca8c48b4d311b55ffbe071297b0e42bec0d56cb9b,40,633
question,u01-s015-v007,u01,s015,integer-literacy-context,MANUAL_AUDIT_COMPLETE_BATCH_004,f0d3700e6d295c5626c838a5dad0adf49e74ef9db566a4f5b1277252e10b0051,40,592
question,u01-s015-v008,u01,s015,integer-literacy-context,MANUAL_AUDIT_COMPLETE_BATCH_004,f719c18df5c8a83e3b41def5e099299f942868d113bda260ccd9157a23f7c48b,40,577
question,u01-s015-v009,u01,s015,integer-literacy-context,MANUAL_AUDIT_COMPLETE_BATCH_004,f7df83dce7e26cccadbdcc6835155586e1cf365511653cca868c8248746972a2,40,640
question,u01-s015-v010,u01,s015,integer-literacy-context,MANUAL_AUDIT_COMPLETE_BATCH_004,af7fafa954684957204ca4554be244a89cd974591c338e63332d3ceb3f451a86,40,586
question,u01-s015-v011,u01,s015,integer-literacy-context,MANUAL_AUDIT_COMPLETE_BATCH_004,c231c51a9f52d12928115ff3bb74a79c5ef9967f49c4f979887846a8a02f1782,40,654
question,u01-s015-v012,u01,s015,integer-literacy-context,MANUAL_AUDIT_COMPLETE_BATCH_004,9442bfcf6b83b73f4d8b5e094ac06f7883c089316e6b1434bb3128802bf55f79,40,668
question,u01-s015-cr001,u01,s015,integer-literacy-context,MANUAL_AUDIT_COMPLETE_BATCH_004,b0d8e389861dddc48d26ae0a6636dea3f800f0efb38e459b90349d4eb4702c18,28,509
question,u01-s015-cr002,u01,s015,integer-literacy-context,MANUAL_AUDIT_COMPLETE_BATCH_004,40a6ac7b70ee5da09aadde9755b8891c32e473bbd3d2ca8f134a492e830df630,28,558
lecture,u02-s001-lecture-r1,u02,s001,fraction-factor-multiple,MANUAL_AUDIT_COMPLETE_BATCH_004,ffb6df5bb7e899c7e0dcce3c2bc5ceee12e61cf680e58e4de48f50a456951c02,122,1654
question,u02-s001-v001,u02,s001,fraction-factor-multiple,MANUAL_AUDIT_COMPLETE_BATCH_004,47a03e0da24bb7841d7b4ea7b6c136ced6c29327f8976c45c2c0346aa4d59812,34,391
question,u02-s001-v002,u02,s001,fraction-factor-multiple,MANUAL_AUDIT_COMPLETE_BATCH_004,5ef45a509e9b680da68b4e7ca5a57c8f0534633f49e661e2d3cbcbb555ab7b8b,34,370
question,u02-s001-v003,u02,s001,fraction-factor-multiple,MANUAL_AUDIT_COMPLETE_BATCH_004,2ff4a9a0f50dd6560a1a8ff06bc8ebeaa1e2edf75970f56c2b7cd850741ec8d9,34,406
question,u02-s001-v004,u02,s001,fraction-factor-multiple,MANUAL_AUDIT_COMPLETE_BATCH_004,71bbf84a4d95c37f08a9466ae754d92466bb2d7ab6a5bc8238c84fb0e099ca44,34,399
question,u02-s001-v005,u02,s001,fraction-factor-multiple,MANUAL_AUDIT_COMPLETE_BATCH_004,e27bcd58fe090c90cff6f65c92b62f93e0a4c0ca3f44bb3fef3c2f5ae87dcd98,34,570
question,u02-s001-v006,u02,s001,fraction-factor-multiple,MANUAL_AUDIT_COMPLETE_BATCH_004,029cb96caff85d0d2bfb090a807675718c5d623eb1fa76ece08276ff54ee2a46,34,459
question,u02-s001-v007,u02,s001,fraction-factor-multiple,MANUAL_AUDIT_COMPLETE_BATCH_004,0dfeef880ca8c095a54e296f7f8e74dcdd88028c478fc2c958b4e5aef97d0f83,34,464
question,u02-s001-v008,u02,s001,fraction-factor-multiple,MANUAL_AUDIT_COMPLETE_BATCH_004,34eef764e1c6d1aee8408157c8ecef3312d8fd6c225231c16ae9a051f367c50b,34,421
question,u02-s001-v009,u02,s001,fraction-factor-multiple,MANUAL_AUDIT_COMPLETE_BATCH_004,a782cb9bc47f63221f2b66d69c6cdab717146896f934e6df5073175f10acfaf5,34,467
question,u02-s001-v010,u02,s001,fraction-factor-multiple,MANUAL_AUDIT_COMPLETE_BATCH_004,9a7199f2109125704526ff2ea270ce7f673380803d522d1a08f1251d8b8044a9,35,509
question,u02-s001-v011,u02,s001,fraction-factor-multiple,MANUAL_AUDIT_COMPLETE_BATCH_004,f1e4a772b24a40bcdbd2c3de4fdf2d68660d9393ac4268ec60b2c15988c0c765,35,470
question,u02-s001-v012,u02,s001,fraction-factor-multiple,MANUAL_AUDIT_COMPLETE_BATCH_004,75a2640d55c52ba8251daae5a6364210fc4213a2206001cad0a5d448ac11eb58,35,510
question,u02-s001-cr001,u02,s001,fraction-factor-multiple,MANUAL_AUDIT_COMPLETE_BATCH_004,1b8845df84178a5d46f699ae4771470e4e15eb68982e17ad5fafefc60081da83,29,511
question,u02-s001-cr002,u02,s001,fraction-factor-multiple,MANUAL_AUDIT_COMPLETE_BATCH_004,eb7f3ece37fe5fb024a35a518c9e10a5a8d8e3435495cd25dddd782df2159442,29,461
lecture,u02-s002-lecture-r1,u02,s002,fraction-prime-composite,MANUAL_AUDIT_COMPLETE_BATCH_004,c6fb5b1f854bf7f40031c37552776e30aaabe297f398a7aa75029ba158f1eed1,119,1516
question,u02-s002-v001,u02,s002,fraction-prime-composite,MANUAL_AUDIT_COMPLETE_BATCH_004,340c5bf59be64b1d74481f434b7cb2029ec1f9fdcdc4a77860d668ea33fdcf32,35,422
question,u02-s002-v002,u02,s002,fraction-prime-composite,MANUAL_AUDIT_COMPLETE_BATCH_004,9da4151f4696b4ceb2281fa2b420a8199e862bc6ef8e4363a23b42ea5c6012f2,35,413
question,u02-s002-v003,u02,s002,fraction-prime-composite,MANUAL_AUDIT_COMPLETE_BATCH_004,54b8d5060a81fa7a39f173ebea2739f4e696ce81bcb6377a7eb4bcc975056f82,35,491
question,u02-s002-v004,u02,s002,fraction-prime-composite,MANUAL_AUDIT_COMPLETE_BATCH_004,15eb842a121a81944c37bdef6779c9985147111a5ee92836b34d2c3a8d436adc,35,404
question,u02-s002-v005,u02,s002,fraction-prime-composite,MANUAL_AUDIT_COMPLETE_BATCH_004,9f45620f5e97f3dda910e5176c9a2e659c5cde624d2553a6dec645dd90466761,35,456
question,u02-s002-v006,u02,s002,fraction-prime-composite,MANUAL_AUDIT_COMPLETE_BATCH_004,a3f00848567d2182e1d9bcefc13f4df921e45c39e10e8aa0a631bc80c8e3c834,35,436
question,u02-s002-v007,u02,s002,fraction-prime-composite,MANUAL_AUDIT_COMPLETE_BATCH_004,b84ddfc230667ecac9993bbd0c0055c504ab719ebee5cd7a5cddbd0860f4dcfe,35,450
question,u02-s002-v008,u02,s002,fraction-prime-composite,MANUAL_AUDIT_COMPLETE_BATCH_004,3105d82b4fed3490bddb03775e5127b970cf5767f1ce88d7a363dd846cada22d,35,504
question,u02-s002-v009,u02,s002,fraction-prime-composite,MANUAL_AUDIT_COMPLETE_BATCH_004,61bf948e019467a4b0ac5022bcdb4d5a291b1ee153110565b49eb885a4e51a4c,35,476
question,u02-s002-v010,u02,s002,fraction-prime-composite,MANUAL_AUDIT_COMPLETE_BATCH_004,6f8c60927e980bcbb651255b4a5287f62da7a87d577cd4c5a344abc46858bdcd,36,644
question,u02-s002-v011,u02,s002,fraction-prime-composite,MANUAL_AUDIT_COMPLETE_BATCH_004,ff3e547c760c470634ed7dd798bff149d90b802541030f47656732fed58ac164,36,529
question,u02-s002-v012,u02,s002,fraction-prime-composite,MANUAL_AUDIT_COMPLETE_BATCH_004,3a4bfba28585587a076eb3e3795695981c8650a8b2f511a8d72aff7a0a2f3782,36,547
question,u02-s002-cr001,u02,s002,fraction-prime-composite,MANUAL_AUDIT_COMPLETE_BATCH_004,eda0c3ab2caade524169687dd2fcc19f6e25bd1d161bb965d7b306a4658c5b48,26,432
question,u02-s002-cr002,u02,s002,fraction-prime-composite,MANUAL_AUDIT_COMPLETE_BATCH_004,61b887ea651501681d7eeac2985abf3845228c340c1bcc1eee5eb7bb64ebf857,26,462
lecture,u02-s003-lecture-r1,u02,s003,fraction-prime-factorization,PENDING_MANUAL,afc5a3271979598923fcf33e4bdc52019f8191f899f7f6cc80490fb29c3e11af,121,1493
question,u02-s003-v001,u02,s003,fraction-prime-factorization,PENDING_MANUAL,bd1667df123baf0ec3c30d04c4c17316c79453194591271231496965a95bc4b7,35,477
question,u02-s003-v002,u02,s003,fraction-prime-factorization,PENDING_MANUAL,2996a7c39eb796fdfbe6fa54389c41ac246338fae37a341f2a0e081be8bf44b4,35,439
question,u02-s003-v003,u02,s003,fraction-prime-factorization,PENDING_MANUAL,ba300e2d2c9df90ecf0401d8da5c143f4f8132a187b7d6d9c1520fd0fa4ec4ac,35,503
question,u02-s003-v004,u02,s003,fraction-prime-factorization,PENDING_MANUAL,d0e1c5cadde57d6e29b5e71c7aaaa207694bb058b53972a8a01e98aafcbb7943,35,406
question,u02-s003-v005,u02,s003,fraction-prime-factorization,PENDING_MANUAL,e52238ed9e8dbf794b388307df3bc4a58d1dfbb178863ed463701670b409034e,35,462
question,u02-s003-v006,u02,s003,fraction-prime-factorization,PENDING_MANUAL,78cedf0665dc7a0b3196add39167ed4c622f42468e250e26cab99a121b712f8d,36,543
question,u02-s003-v007,u02,s003,fraction-prime-factorization,PENDING_MANUAL,070dfe607d0c4cdf9e98409f9cb15a727208e1d0de370e8e9a9248aa98fef6a8,35,446
question,u02-s003-v008,u02,s003,fraction-prime-factorization,PENDING_MANUAL,35ba401c0452a45232d2ff882bfc57551c47d4e789aadc0599e73dc2938e7f0f,35,425
question,u02-s003-v009,u02,s003,fraction-prime-factorization,PENDING_MANUAL,18fa56175880ed7dae11f916b867fa9e49488ebba229c054bfc98a8ddfdeb70a,35,506
question,u02-s003-v010,u02,s003,fraction-prime-factorization,PENDING_MANUAL,2e91f19e3a6e6efe4c228775d95232055428c30587b34e4f274ee9cd0530e39f,36,498
question,u02-s003-v011,u02,s003,fraction-prime-factorization,PENDING_MANUAL,468c169eef69e8712afe3bcd1649fd7c8eb236d09491c72e32cd5aef2d2cef4b,36,512
question,u02-s003-v012,u02,s003,fraction-prime-factorization,PENDING_MANUAL,24374f873373fc8998d2a977ae9928a2c60295ac3d492c96c3fc71b3b35fcdee,36,511
question,u02-s003-cr001,u02,s003,fraction-prime-factorization,PENDING_MANUAL,e2dfc0a0e1cce1b2b20a7f78a602a884dde7e6cddc7a57b9f0a33c06fd7e7aae,27,452
question,u02-s003-cr002,u02,s003,fraction-prime-factorization,PENDING_MANUAL,6f92837629e6a32914419d7f328a17f2a1d046ab68d0ef906dc8060d22cefd31,27,423
lecture,u02-s004-lecture-r1,u02,s004,fraction-gcd-basic,PENDING_MANUAL,e5f8436c55ed64b1565e1d06318807011f9e4e65947ff4b2e4365fa59475c977,120,1551
question,u02-s004-v001,u02,s004,fraction-gcd-basic,PENDING_MANUAL,37d76a6d5ddfc5a3bc305e05eb0b24a9d934ce57b32db32ed5950ef34d85713d,35,468
question,u02-s004-v002,u02,s004,fraction-gcd-basic,PENDING_MANUAL,0b3f0b26ffbcda22c6e4865be05ab092066ceb0dd3cbf375285f7908eeef0056,36,531
question,u02-s004-v003,u02,s004,fraction-gcd-basic,PENDING_MANUAL,fc8f32619a5e871f62ed3cae835d00f933b46b6147aaecf9ba8d8f7f10b46703,35,410
question,u02-s004-v004,u02,s004,fraction-gcd-basic,PENDING_MANUAL,ce451a265092e57e92410367dad8c4ec88eab72946e5e827fdbb6e3bfe2c0530,35,459
question,u02-s004-v005,u02,s004,fraction-gcd-basic,PENDING_MANUAL,2027c2f638e223c669af8f5349d55d15d9b9553fe12fc3d7f1fc27acd841f207,35,438
question,u02-s004-v006,u02,s004,fraction-gcd-basic,PENDING_MANUAL,8af3cbd77209b757e0d66e61fee2af77739c4fec64c14ef40372464caac71f11,35,471
question,u02-s004-v007,u02,s004,fraction-gcd-basic,PENDING_MANUAL,97060cb5f5e8e2f86c343336cb37fc2ce21fca7d65871d0236ff54c41d8f5c20,35,445
question,u02-s004-v008,u02,s004,fraction-gcd-basic,PENDING_MANUAL,a7e4549ce5267f1c0a8c278980bd8c0095ab8f669912372836fd13999f158a95,35,487
question,u02-s004-v009,u02,s004,fraction-gcd-basic,PENDING_MANUAL,a50089ace34cd57994d62a8f2b4479cacaa465e453c2dc6418690ae3d4d23e1e,35,427
question,u02-s004-v010,u02,s004,fraction-gcd-basic,PENDING_MANUAL,6a78c4ab20cc4fc4635151b48f952fc8b79f42bb47586f83b816560d097ba2ec,36,504
question,u02-s004-v011,u02,s004,fraction-gcd-basic,PENDING_MANUAL,63c37a028f5fdc706145e08e87fdea636636446f8c4d61d70e38b3b17342b6f8,36,497
question,u02-s004-v012,u02,s004,fraction-gcd-basic,PENDING_MANUAL,a81b8feb805daa07074180911ebe3190e9bfef1355f86214e5946489ba001293,36,532
question,u02-s004-cr001,u02,s004,fraction-gcd-basic,PENDING_MANUAL,d23a5218db30ad1e027d2dd867ff8695e6a930ff23723ca534ad873b4a3d1232,27,404
question,u02-s004-cr002,u02,s004,fraction-gcd-basic,PENDING_MANUAL,fb57eb8fb11594ac27276cf446372996de649a31c5b0b1961911cbdbd8519f1e,26,519
lecture,u02-s005-lecture-r1,u02,s005,fraction-lcm-basic,PENDING_MANUAL,5c9086525f68d65aa96f53d603786df8b899dbc3fb261ff9c89b1381a55128e9,118,1558
question,u02-s005-v001,u02,s005,fraction-lcm-basic,PENDING_MANUAL,deeb4514bf7862880621b56584c276a624bc7acf65113204aae3518c0096c9d6,35,418
question,u02-s005-v002,u02,s005,fraction-lcm-basic,PENDING_MANUAL,02588ff3404bd8a5d184223f6de8affdcb92489db4b8fc6331cd03544b38c974,36,545
question,u02-s005-v003,u02,s005,fraction-lcm-basic,PENDING_MANUAL,ba6196df156f087ec0df4ea4d15d14c6c4936318de539338676581a8cadb8d3b,35,394
question,u02-s005-v004,u02,s005,fraction-lcm-basic,PENDING_MANUAL,1c3aa5b0f351e08b1ad899138eb73395eb70f7003d185f411489f697b369d8c9,35,445
question,u02-s005-v005,u02,s005,fraction-lcm-basic,PENDING_MANUAL,2d9b55f570720f6a4d7261e169131ccf3f3d0d64adf99c613d6ca8d04664985e,35,465
question,u02-s005-v006,u02,s005,fraction-lcm-basic,PENDING_MANUAL,2e74f1d6678879af7024051912d9858ab29a15af4d764eeac28171492a5e882c,35,479
question,u02-s005-v007,u02,s005,fraction-lcm-basic,PENDING_MANUAL,26315680863061cc4f1eb5efdc37172249afc5aef93f415c31f3ae721f7cd113,35,433
question,u02-s005-v008,u02,s005,fraction-lcm-basic,PENDING_MANUAL,a4199911e27ada1c936356ddf306988c0b19a34a3509980d460950d4f00d5743,35,480
question,u02-s005-v009,u02,s005,fraction-lcm-basic,PENDING_MANUAL,58e59b89c42d5490c5145a588c0963001342ae55f401e0553a9813304678bae5,35,425
question,u02-s005-v010,u02,s005,fraction-lcm-basic,PENDING_MANUAL,41bedd3280d832619cc7f87203622b94505bb86acbd2423f97d4b15c5e799f87,36,489
question,u02-s005-v011,u02,s005,fraction-lcm-basic,PENDING_MANUAL,ae39f5701f36417532ffeea69997a9ad7c20330091c279d019d10b224e77a985,36,518
question,u02-s005-v012,u02,s005,fraction-lcm-basic,PENDING_MANUAL,3d145099caa386672621664d7f656be71b0a99b484dffbf760c375cb6d733038,36,508
question,u02-s005-cr001,u02,s005,fraction-lcm-basic,PENDING_MANUAL,32e945085d8647a49c655ba5ba2b97e98106ec6b21f4d98e6509466a559996e3,27,426
question,u02-s005-cr002,u02,s005,fraction-lcm-basic,PENDING_MANUAL,47e6675029ce08f17326393bcc9866823eadcc2dd1d2a26c551f7d5847f4f437,26,463
lecture,u02-s006-lecture-r1,u02,s006,fraction-gcd-application,PENDING_MANUAL,40f55bbb2fe33a55a32cdb8ad5bdae90bd754ceb66aba3016f310da69f6a7e77,117,1637
question,u02-s006-v001,u02,s006,fraction-gcd-application,PENDING_MANUAL,4f666f0e8ed4eefc77c4e32da62e17b8ef46cfa48e72c94db37f5bd0a5312182,35,458
question,u02-s006-v002,u02,s006,fraction-gcd-application,PENDING_MANUAL,94010d2f4408daf3314242403c60e0468223c26509166c451ea869b59fd220dc,35,463
question,u02-s006-v003,u02,s006,fraction-gcd-application,PENDING_MANUAL,2d9c65702373abe02befd373798ecf9bb717585a5506b9b20c934baa868ddaa6,35,471
question,u02-s006-v004,u02,s006,fraction-gcd-application,PENDING_MANUAL,3b52395af2be04c67bc34926384f9b5217878c4e0c2c2edf6ab6957306b562d0,35,469
question,u02-s006-v005,u02,s006,fraction-gcd-application,PENDING_MANUAL,f3decc15d07b0c29db06990e9a76ba4cabdad87fa5c80e90712be04b00538e8c,35,450
question,u02-s006-v006,u02,s006,fraction-gcd-application,PENDING_MANUAL,4a8e94cec475f2dbfaa65b681d215981240b96529adf156e7121a07eb5caca87,35,459
question,u02-s006-v007,u02,s006,fraction-gcd-application,PENDING_MANUAL,9a233441e23a2de9ba161423c47af1983645efaccc3a4f629397a7c8fde193df,35,518
question,u02-s006-v008,u02,s006,fraction-gcd-application,PENDING_MANUAL,e5925c89ea30dd2d77a8eafb8f53a361330dc9e3d776f07e5472cf8e80c15ba6,35,474
question,u02-s006-v009,u02,s006,fraction-gcd-application,PENDING_MANUAL,94f737b6be285a6cd7d349da1e4ebc0eeb5fb392dd4e433232fe3cf083eb8b3a,35,476
question,u02-s006-v010,u02,s006,fraction-gcd-application,PENDING_MANUAL,966cb3e2f326639d2124b7556188ac0b5cd5aa890820ff61572d6de24721263f,36,595
question,u02-s006-v011,u02,s006,fraction-gcd-application,PENDING_MANUAL,4ae67cb143b353d26d9b46f0a209cac3b8d0df7d177862edc353ae88c9f1a15f,36,542
question,u02-s006-v012,u02,s006,fraction-gcd-application,PENDING_MANUAL,1b679b886aa49f739d5272750895897688f50972ab52e8dc2c128242772e0018,36,516
question,u02-s006-cr001,u02,s006,fraction-gcd-application,PENDING_MANUAL,6f06aa09fc66371c4b3ad1ce20eb34ce9130cbdc09e3d3f2187d0306254f012d,27,481
question,u02-s006-cr002,u02,s006,fraction-gcd-application,PENDING_MANUAL,a3ae28439cf9955cffc64fc59737724c14d751dbd5f8a14463f3366d4cad0c88,27,445
lecture,u02-s007-lecture-r1,u02,s007,fraction-lcm-application,PENDING_MANUAL,520c22a3b90ea3a39f2262e11e4f91ad2023826560b85f225f1cb8988ee7db6a,120,1569
question,u02-s007-v001,u02,s007,fraction-lcm-application,PENDING_MANUAL,10729fabcb12a7e2ac54f94dd642d3ef208679dae8edf854a13f602c0a7780c6,35,472
question,u02-s007-v002,u02,s007,fraction-lcm-application,PENDING_MANUAL,2894192929e21b78fca7dfad5f90ab9d158c592fcb2fdba0c0baa97634c45018,35,484
question,u02-s007-v003,u02,s007,fraction-lcm-application,PENDING_MANUAL,e138954fd1df56329eaef549d8e9df2f72ec333d1b75a96d05f4c43e6f2b5540,35,440
question,u02-s007-v004,u02,s007,fraction-lcm-application,PENDING_MANUAL,141c9c2b8c073137b6c29e34880e12b8c9b639eb5e8d1196c24f57a765d843ec,35,522
question,u02-s007-v005,u02,s007,fraction-lcm-application,PENDING_MANUAL,e961d3f228136d654676ca31b727312689c4c4107e8592db6df08d5ffcba38c8,35,481
question,u02-s007-v006,u02,s007,fraction-lcm-application,PENDING_MANUAL,c5712f89f069de7225f3fa491d0f0241eca77f78bcd56532137795e69a46e7a4,35,512
question,u02-s007-v007,u02,s007,fraction-lcm-application,PENDING_MANUAL,52e5920898ca424fe2ac234e4810f872056491d64b345ce6f0fad6f794483848,35,528
question,u02-s007-v008,u02,s007,fraction-lcm-application,PENDING_MANUAL,b55f0f1111895a86a84b2dd1dc80cb8b408a1afafcc23fbf874541c65cd30262,35,504
question,u02-s007-v009,u02,s007,fraction-lcm-application,PENDING_MANUAL,8687c86da764088e12996fbde84857e9fd0ae651bf802be6129d4a4eb280f7ab,35,524
question,u02-s007-v010,u02,s007,fraction-lcm-application,PENDING_MANUAL,db93c812af3f5ad079c1e86cacf758e7c298190efe02335fd5d0dc0e09d6bd02,36,572
question,u02-s007-v011,u02,s007,fraction-lcm-application,PENDING_MANUAL,28a7a50300b2c693a91b8e02315849969203fc1967187e3aefb88b66b7477ec0,36,544
question,u02-s007-v012,u02,s007,fraction-lcm-application,PENDING_MANUAL,a56e64eb5e38152335eda3226b9aa5f4b0b6f71768535c147dbc158dd43e4820,36,550
question,u02-s007-cr001,u02,s007,fraction-lcm-application,PENDING_MANUAL,339b2a83dc5139b04a3a5db89fe8469dfb89a214d1d969d2a87770efef3e94a1,26,438
question,u02-s007-cr002,u02,s007,fraction-lcm-application,PENDING_MANUAL,98eacbc7959a7c7af67864f31fadc714a059aa51a414d6c73e3a5d545d9f7253,27,467
lecture,u02-s008-lecture-r1,u02,s008,fraction-compare,PENDING_MANUAL,865bece9ad5e6f4a5422bb55e3a3d0b2348ad5bf232eda47f28c0fe41fb1d8f5,120,1519
question,u02-s008-v001,u02,s008,fraction-compare,PENDING_MANUAL,e2c156144dd4b5458b99f6c3c543f25201ed6aab5add6dafbe67f25457c77418,35,448
question,u02-s008-v002,u02,s008,fraction-compare,PENDING_MANUAL,f3aa455e0058f29875712b053ffa651e80cb2a536dd510e70a082523f793d7e5,35,436
question,u02-s008-v003,u02,s008,fraction-compare,PENDING_MANUAL,74b12e276021e0e69cfa7cb8e0c60081610d690a95c20c4b60e016264fc209df,35,439
question,u02-s008-v004,u02,s008,fraction-compare,PENDING_MANUAL,f3e9db65bb5232cf93e2ab2fa14395dc1603fe055601285a6e39ea9f26cc403f,35,518
question,u02-s008-v005,u02,s008,fraction-compare,PENDING_MANUAL,b14177a62ee6cde98f9b6f30e097b6b86d2cc866bb8b1b2a9e217b4cce14de3c,36,604
question,u02-s008-v006,u02,s008,fraction-compare,PENDING_MANUAL,e9b157ef28276415cd68f238f6e929b6145451ca3d82b25d52fdd2361209939a,35,446
question,u02-s008-v007,u02,s008,fraction-compare,PENDING_MANUAL,3de009473bad47604fbe70e30da01dd0a3f146640a5cbc6d4d17ba8457de77ff,35,476
question,u02-s008-v008,u02,s008,fraction-compare,PENDING_MANUAL,f48bb48f2a8eea5b64fc920ab7a53726856757b842c7056f528e8d2a0829f6f8,36,578
question,u02-s008-v009,u02,s008,fraction-compare,PENDING_MANUAL,13bc6952edcc89cd2e75ffd5fecd84125eb1589abfda4a44d962b764e8d1aca0,35,469
question,u02-s008-v010,u02,s008,fraction-compare,PENDING_MANUAL,a4a6bb996ba87ebb25416d5f00a4c7a3b9223a2dd96b33c66f830aecebeb544f,36,528
question,u02-s008-v011,u02,s008,fraction-compare,PENDING_MANUAL,be89cb6b770e1c3ea7b965f6f8d912f32950b064a9ff768e574917d2d7a9867c,36,519
question,u02-s008-v012,u02,s008,fraction-compare,PENDING_MANUAL,941f80d4ec1e57f8786716e195656221ab60b469b1b87d5fbb5bf0461388b44d,36,575
question,u02-s008-cr001,u02,s008,fraction-compare,PENDING_MANUAL,e54adcdf30e3d58a1181cd0229bc767e7babaa997da71e8edf816ee5946a127c,26,485
question,u02-s008-cr002,u02,s008,fraction-compare,PENDING_MANUAL,83f55e0a3c144bd19fd40fe26c3949b65ba9edadea643c634e657e504956f68b,26,417
lecture,u02-s009-lecture-r1,u02,s009,fraction-add-subtract,PENDING_MANUAL,34f05035299a78eb275e511d39d01afdbb6ac730b72213c60ccb3fefb032bd43,123,1459
question,u02-s009-v001,u02,s009,fraction-add-subtract,PENDING_MANUAL,846f91647db21bb8d277fcf9fb0f7ae0f5206ff60dcdec30e4de798304533eeb,35,399
question,u02-s009-v002,u02,s009,fraction-add-subtract,PENDING_MANUAL,351e9d9cd65c96055130c026187a49e3d31e0d2a55876873bb2de2c9721e9e88,35,395
question,u02-s009-v003,u02,s009,fraction-add-subtract,PENDING_MANUAL,54e3345031ca8d12787cc9b199afcaf487e0bde05e34ffa1a30c0a00c8908102,35,408
question,u02-s009-v004,u02,s009,fraction-add-subtract,PENDING_MANUAL,724f91997ae8f315d3d3ed08d509de97701a2575a12475af388255b1bb0971c1,35,435
question,u02-s009-v005,u02,s009,fraction-add-subtract,PENDING_MANUAL,dadc495f8d50ff1dc546b9ef43f06de8bf35049313339b6df2b1f13b8dd6c3c7,35,421
question,u02-s009-v006,u02,s009,fraction-add-subtract,PENDING_MANUAL,d1b62e101b99841cec63579590c026a5e560bf8d5373acdd6a74b215a064b091,35,468
question,u02-s009-v007,u02,s009,fraction-add-subtract,PENDING_MANUAL,bf130850108470d2d271b037a5f6208562e7e37a073f84b4e1b5478fd2bdd3a0,35,457
question,u02-s009-v008,u02,s009,fraction-add-subtract,PENDING_MANUAL,60d9076fbf49c2729a92b6d6ebb27f07ca1d7131ac2ddb7f9274aee2f4788102,35,455
question,u02-s009-v009,u02,s009,fraction-add-subtract,PENDING_MANUAL,4bb1bc8b06dac70a66217eb2b30d96de0aa3f88da008380c9ac3e029aec9efff,35,468
question,u02-s009-v010,u02,s009,fraction-add-subtract,PENDING_MANUAL,a672c1f99b10134cb07511700d23f4cfc95a521e9b1d84c30a1be2d22e8b300f,36,497
question,u02-s009-v011,u02,s009,fraction-add-subtract,PENDING_MANUAL,d0af39cae0afd55ebe9d52f7e53de87246753beba3717cb3912470523ef0ab5b,36,509
question,u02-s009-v012,u02,s009,fraction-add-subtract,PENDING_MANUAL,942512194dec18ace806b72979730f2fb9f55dc9fb89a6854a1a01074ebc4160,36,512
question,u02-s009-cr001,u02,s009,fraction-add-subtract,PENDING_MANUAL,683ac455ee4e78de3b0d04e70138acbe79b1902754b65192374f20811a6cbf34,26,442
question,u02-s009-cr002,u02,s009,fraction-add-subtract,PENDING_MANUAL,168bc247efa6c5aafc9d3fc5289c3464907aba4617339aaaeec852b7e1c1b524,27,479
lecture,u02-s010-lecture-r1,u02,s010,fraction-multiply-divide,PENDING_MANUAL,4bd68591e91e25d0c047a7a65fbb8f964885eae12c5c8c3b3fc958aae549006d,123,1447
question,u02-s010-v001,u02,s010,fraction-multiply-divide,PENDING_MANUAL,d9a6347513515ed3f50363cf6f205e1f1fee31785dd85a812e1d096775786ed3,35,427
question,u02-s010-v002,u02,s010,fraction-multiply-divide,PENDING_MANUAL,fa0a6bb89edc1451355f8e30fa9b6a47426edd188bfe1f8e9536cd682b39e3b9,35,440
question,u02-s010-v003,u02,s010,fraction-multiply-divide,PENDING_MANUAL,cb7429a06ea19d47bc10282cfdb613d20d7300114f81676f38264c63f0d47b23,35,414
question,u02-s010-v004,u02,s010,fraction-multiply-divide,PENDING_MANUAL,93280d5bba25980d7cfb26b000698942ea9173554192c25d682e8b5e532486d4,35,441
question,u02-s010-v005,u02,s010,fraction-multiply-divide,PENDING_MANUAL,d25fe0f967cf55bf59c99b17de20056ec4a1910c4da5a3282f0d44fbfb07d489,35,418
question,u02-s010-v006,u02,s010,fraction-multiply-divide,PENDING_MANUAL,b6a10c85082ee8465a6ccf8ba8f9d4d8d1a3f927ac76c55052927bb4a861cd8a,35,457
question,u02-s010-v007,u02,s010,fraction-multiply-divide,PENDING_MANUAL,8b50ee31d9867d31f55bd447617bdf6d331f9c3d583971d399729102a4e840fc,35,409
question,u02-s010-v008,u02,s010,fraction-multiply-divide,PENDING_MANUAL,2174cde350924b270936df31a9e3b0d87ee7de1db6e3d3ff3c7619c3ec0df627,35,415
question,u02-s010-v009,u02,s010,fraction-multiply-divide,PENDING_MANUAL,e74112714487428448d6b8dbb5cc34e34be9865960f6af71292b3267d6bd4ed0,35,462
question,u02-s010-v010,u02,s010,fraction-multiply-divide,PENDING_MANUAL,09e44b93934ac0b610608d7dacde7111b6519cb3a72da70c6eefb5255f8d42d5,36,463
question,u02-s010-v011,u02,s010,fraction-multiply-divide,PENDING_MANUAL,07da5ef58c8d915bb70fd48d29050de688cf30cc910698e06a1e78b425b8d4ae,36,498
question,u02-s010-v012,u02,s010,fraction-multiply-divide,PENDING_MANUAL,537590defd5b2f916f0181f305aab40088951b7d9df1e5eea34b597657102260,36,499
question,u02-s010-cr001,u02,s010,fraction-multiply-divide,PENDING_MANUAL,7f1addb9ff7ecf732a72d8aa3e548205af6a683f7a250bc3ac481bf459a2f32e,27,430
question,u02-s010-cr002,u02,s010,fraction-multiply-divide,PENDING_MANUAL,4a189641e17d8b14fcf20343c452f58b2d0345fd5d7077afa9a0d295c0aa02ea,26,432
lecture,u02-s011-lecture-r1,u02,s011,fraction-mixed-number,PENDING_MANUAL,f54bea6802593f41e00e79a2963fcfac2bdc58eb12dbc7f7feb85ab306fe8fd8,121,1596
question,u02-s011-v001,u02,s011,fraction-mixed-number,PENDING_MANUAL,73c8cf571654d53b6ea9fdf5966596847b9e329b9c4974fcaa44e0013a35f286,35,426
question,u02-s011-v002,u02,s011,fraction-mixed-number,PENDING_MANUAL,cdff02490f052d653d26dde9efc9dc94905b75b44614a7901be7604f9867ac42,35,430
question,u02-s011-v003,u02,s011,fraction-mixed-number,PENDING_MANUAL,fa9872351a92903bf045f5f8a2b83d97790c41b618b0a374cb7dcfec0418aa6f,35,397
question,u02-s011-v004,u02,s011,fraction-mixed-number,PENDING_MANUAL,0bc2e49b2f4213277c452b06232a5f215df0ecf6412fbbacfa9c015cbf75adbc,36,653
question,u02-s011-v005,u02,s011,fraction-mixed-number,PENDING_MANUAL,62ffa4af3e93c906d467897cf60ea1b75380e3e2d5afa8a6c9c70871ad08175b,35,510
question,u02-s011-v006,u02,s011,fraction-mixed-number,PENDING_MANUAL,c8f6120de25c539d5919c2cefb889ad4bd6822cd6bc4839ba186fb6613ccc888,37,616
question,u02-s011-v007,u02,s011,fraction-mixed-number,PENDING_MANUAL,c34eeabd2c2bcd705efad6465270ddd4243f8d4b01dfad69b8df0a36ddadd8c8,35,433
question,u02-s011-v008,u02,s011,fraction-mixed-number,PENDING_MANUAL,ca06c0d37525f59f9cac2fff0b93552e4a2025e64c272b1f28ff5b3961fbe2b1,35,445
question,u02-s011-v009,u02,s011,fraction-mixed-number,PENDING_MANUAL,767f82cfdd485e41e2c20aed1227e91fdc277c6210117a971710adeccfbea2c4,35,482
question,u02-s011-v010,u02,s011,fraction-mixed-number,PENDING_MANUAL,dd53199084e2bc8db528a64623abdd318233da915a2c5158cd0544752fc38ae9,36,551
question,u02-s011-v011,u02,s011,fraction-mixed-number,PENDING_MANUAL,b397fd0f883b660b5756a7aed21ac9d9fbd3350875fa2a9f3345206b3221e1a0,36,450
question,u02-s011-v012,u02,s011,fraction-mixed-number,PENDING_MANUAL,84a6f2222da8a2c3d202e6dc388cc5bdf811dab8cd3db27c5526a0e0eb7f149a,36,519
question,u02-s011-cr001,u02,s011,fraction-mixed-number,PENDING_MANUAL,1c2e3455574afc1851114cb4fb04cb7a3cc33ec69809b3264568b6aa602ca751,26,472
question,u02-s011-cr002,u02,s011,fraction-mixed-number,PENDING_MANUAL,559995b9d1596915a1b68c60c3e5091d4a79765adcb9def9d8220a65985bd6a1,26,432
lecture,u02-s012-lecture-r1,u02,s012,fraction-complex-fraction-basic,REVIEWED_AND_PUBLISHED_R1,59addb0f36d11f80015aa2791ec48ce21509a9cc62a6ab56c61d259abc6d2151,120,1484
question,u02-s012-v001,u02,s012,fraction-complex-fraction-basic,REVIEWED_AND_PUBLISHED_R1,8dc5b0f8e3e4f97dd52a88201664f4d55a956b1236f98ef4d9d0533c8dba9b00,35,424
question,u02-s012-v002,u02,s012,fraction-complex-fraction-basic,REVIEWED_AND_PUBLISHED_R1,88b1c838e43572b1cc08e9621556a1c5ebc3a2c08aa50ff167a552b123cb26f1,35,431
question,u02-s012-v003,u02,s012,fraction-complex-fraction-basic,REVIEWED_AND_PUBLISHED_R1,fa2cef67d4b7815a8d1af131f91f1895ba69b3a524e9c83f5233e318a4538926,35,427
question,u02-s012-v004,u02,s012,fraction-complex-fraction-basic,REVIEWED_AND_PUBLISHED_R1,a0fa76b7f64cee213ee3d81cd46f1f1b56e5aff43149566e0ed841da0e48e0ad,35,419
question,u02-s012-v005,u02,s012,fraction-complex-fraction-basic,REVIEWED_AND_PUBLISHED_R1,87ff639e0f2db6e5408f82edf3ebe0dfdf61756fb9cca45ddb100af929d740ec,35,448
question,u02-s012-v006,u02,s012,fraction-complex-fraction-basic,REVIEWED_AND_PUBLISHED_R1,6b9f64cd8650110028792506cec43590421902e5d9fdd7c4c897f9f6080cf904,35,418
question,u02-s012-v007,u02,s012,fraction-complex-fraction-basic,REVIEWED_AND_PUBLISHED_R1,9288392b1ae76e3fa42cd1411c4006f40becf64a76806e3a3bedadf1d2918c8c,35,441
question,u02-s012-v008,u02,s012,fraction-complex-fraction-basic,REVIEWED_AND_PUBLISHED_R1,7fdcd5c5af3acfa2f16b600968fdb18a0d9ea0e8b7719f2384dccc8356ee7535,35,443
question,u02-s012-v009,u02,s012,fraction-complex-fraction-basic,REVIEWED_AND_PUBLISHED_R1,8c6e230999302b4afcf3b6addf5dba73c8c7b186d6cb2b882303fecb83af11b7,35,498
question,u02-s012-v010,u02,s012,fraction-complex-fraction-basic,REVIEWED_AND_PUBLISHED_R1,7f0b0c523e5a708f2dd3e1a2f30dca0bb34d91788b67df8393471716399e16b3,36,498
question,u02-s012-v011,u02,s012,fraction-complex-fraction-basic,REVIEWED_AND_PUBLISHED_R1,3761d2a189bad848779d21f6b928fdfa23d10f1aace75d169cfcb1008f04e7d5,37,637
question,u02-s012-v012,u02,s012,fraction-complex-fraction-basic,REVIEWED_AND_PUBLISHED_R1,210473f21e42ee54c14ebe3052838bf9e73361122e472bb757e34532c943384c,36,479
question,u02-s012-cr001,u02,s012,fraction-complex-fraction-basic,REVIEWED_AND_PUBLISHED_R1,3b0084c1de3be57c94b4d2952b3cdfb17265db647c8345aee60427c3962c7a27,27,459
question,u02-s012-cr002,u02,s012,fraction-complex-fraction-basic,REVIEWED_AND_PUBLISHED_R1,b2b6f89b54cd0ae850878561e04f20157dbb8e9b0139e9615f890d792c601e21,26,445
lecture,u02-s013-lecture-r1,u02,s013,fraction-percent-discount,PENDING_MANUAL,b0010df27a1ee18aa16813e559867f84a9f611ea58f5a668d1511d4eb197199d,127,1504
question,u02-s013-v001,u02,s013,fraction-percent-discount,PENDING_MANUAL,fb64324461905639538c752d6e3413261dcaa5cbc953922f29afc16803c63016,35,415
question,u02-s013-v002,u02,s013,fraction-percent-discount,PENDING_MANUAL,ef50fd12b2198690d9fceef2f63c9c6ba097a730a46c49d4d0a83f749b28f672,35,434
question,u02-s013-v003,u02,s013,fraction-percent-discount,PENDING_MANUAL,8999dfe3b0b46b9349971fca643d3a493094bee60ecb7390410fb27f93acf864,35,446
question,u02-s013-v004,u02,s013,fraction-percent-discount,PENDING_MANUAL,4b40aca6a41bb87c5ea25028aeb6436475867cafd36aabb54dcea269d4aa1e03,35,471
question,u02-s013-v005,u02,s013,fraction-percent-discount,PENDING_MANUAL,b2c637df97923a567903706f4bd1539958bd41e6dcb72688843efe7bbf5b8960,35,459
question,u02-s013-v006,u02,s013,fraction-percent-discount,PENDING_MANUAL,c95e2a2ec5f024d8d784285554288c2c00b7312a89888c3e4f6c67fe83ee60c3,35,465
question,u02-s013-v007,u02,s013,fraction-percent-discount,PENDING_MANUAL,e58ca70bd3bda9afdf0a6745b9974e7c8b55244ba5e676227c0973d9c8474f72,35,450
question,u02-s013-v008,u02,s013,fraction-percent-discount,PENDING_MANUAL,a5970bf2429480e8a4b00bb8088aefbc7572e73d73c153398b119fb1156f913b,35,506
question,u02-s013-v009,u02,s013,fraction-percent-discount,PENDING_MANUAL,9ff3e7097f194a0e3f7760b54855257893a94aeabafb8fbae9bbc77c628aae09,35,543
question,u02-s013-v010,u02,s013,fraction-percent-discount,PENDING_MANUAL,663baaaae25e487ff5b39d1eb89f90df117f4dba5cce2d6e60d173fa296ed2bf,36,512
question,u02-s013-v011,u02,s013,fraction-percent-discount,PENDING_MANUAL,ae104fabbfc5a28764c6b8b77587cd37642174231b22484b39d696a26270a6ba,36,484
question,u02-s013-v012,u02,s013,fraction-percent-discount,PENDING_MANUAL,c1d7b81785abfae6b1bd1002cab04bc0cbc135b0e6c187ba75c6a8815a2df9e8,36,523
question,u02-s013-cr001,u02,s013,fraction-percent-discount,PENDING_MANUAL,efe31ef27620e1c41207751d6b492c880c1768399dea0edc8fa8bc638dcfa55a,26,469
question,u02-s013-cr002,u02,s013,fraction-percent-discount,PENDING_MANUAL,56739a3b31facd7601bd6c75885dd12b196da2d8150afda07bf0d08705b1bd43,27,444
lecture,u02-s014-lecture-r1,u02,s014,fraction-base-quantity,PENDING_MANUAL,ca8b8906f7d96b7f269799012e8f62ed8a7c1b29e3b8e7658829b9fb7482aad7,123,1567
question,u02-s014-v001,u02,s014,fraction-base-quantity,PENDING_MANUAL,dd5f7baea8f5d605b9bf2856b5cbef109e9be5df1749c1f0fdc6404e803b6cc5,35,421
question,u02-s014-v002,u02,s014,fraction-base-quantity,PENDING_MANUAL,0ee1e022bd195772d2be42329ac7f0ca66dcbcb1fca3eb436229e7eeb09a35d5,35,457
question,u02-s014-v003,u02,s014,fraction-base-quantity,PENDING_MANUAL,05ff21116f0f4eeb348d8a48098a3e3643098237cd1daff54b4688a2bef1de19,35,432
question,u02-s014-v004,u02,s014,fraction-base-quantity,PENDING_MANUAL,c81a71de893d18a98fabbf0c6d2c4923a83ff338a99c61caf169453e2ffbdfc9,35,434
question,u02-s014-v005,u02,s014,fraction-base-quantity,PENDING_MANUAL,585ffc62a09ea49119dd4996bef0a3723ec48f53d6a8b6c59f4f216401dd5804,35,477
question,u02-s014-v006,u02,s014,fraction-base-quantity,PENDING_MANUAL,2d7ab8a5d7b702ec5e74d15449b45ca97df4ee6e43f2fce459e5886cdc72efde,35,476
question,u02-s014-v007,u02,s014,fraction-base-quantity,PENDING_MANUAL,4163ddfd48232c3dfc6bf8f0e277612331cc2f91f67ad3d455bb5826e9d7df83,35,447
question,u02-s014-v008,u02,s014,fraction-base-quantity,PENDING_MANUAL,03b5127bc00105eb8c650bb381921025b335b44abf0e7f047c049584f58cd510,35,546
question,u02-s014-v009,u02,s014,fraction-base-quantity,PENDING_MANUAL,265318b4d27ab30015bf4cd08b4730309d937981fb571f85f78d51796d72d044,35,529
question,u02-s014-v010,u02,s014,fraction-base-quantity,PENDING_MANUAL,c85841d23f175092fbfd142dbd3a3875dc04bc362396c34b74ff7d7e3ddac0f2,36,533
question,u02-s014-v011,u02,s014,fraction-base-quantity,PENDING_MANUAL,5ae80d7a7e914b5ee33ca1cef235d801f8cc15a1995273b3a2788bc140bb175f,36,520
question,u02-s014-v012,u02,s014,fraction-base-quantity,PENDING_MANUAL,edaa6ec353b869e46151443fc4e5c0b088517fe50d7b31b99bdc01f5e76a46d7,36,529
question,u02-s014-cr001,u02,s014,fraction-base-quantity,PENDING_MANUAL,3fe60517937b6a1485086bc2ee87914441a5205a1f5ba783a12c6fc63eb47c5b,28,460
question,u02-s014-cr002,u02,s014,fraction-base-quantity,PENDING_MANUAL,94798c77f2e1e74858c2586ab5c186732e202a9d1d2a6b3a07ac91216e129b1e,27,460
lecture,u02-s015-lecture-r1,u02,s015,fraction-literacy-context,PENDING_MANUAL,e793261227e37cad8bc7521052486713f4c57751f8c05edd1ad6e0578d82901d,125,1685
question,u02-s015-v001,u02,s015,fraction-literacy-context,PENDING_MANUAL,66c2149cf6bcbde3d00efcc3d456b8c545ef4ad11705ea8865e28f156dbe2607,36,454
question,u02-s015-v002,u02,s015,fraction-literacy-context,PENDING_MANUAL,e2aaf09e45e065729b3d07f020f793cd3212b4b4881b27b56ad824c2c35d3b4b,36,492
question,u02-s015-v003,u02,s015,fraction-literacy-context,PENDING_MANUAL,b06022ee76ceb27d912c531d21d6065ab70e5eed614902be9f40c02692e68055,36,523
question,u02-s015-v004,u02,s015,fraction-literacy-context,PENDING_MANUAL,5dfea77f8c2ed663e0ffb432ecceecf335fbb0787a646fedd95171771f1f1c23,36,534
question,u02-s015-v005,u02,s015,fraction-literacy-context,PENDING_MANUAL,3ee4a7bd1201ec2545a06ef958ff04c9ccb51b530a6ef993404c94511edc08e1,36,529
question,u02-s015-v006,u02,s015,fraction-literacy-context,PENDING_MANUAL,99d398072c417e265ba6ea0b3b6d8dbcb10cb019e18a156f513723f1c3db126e,36,541
question,u02-s015-v007,u02,s015,fraction-literacy-context,PENDING_MANUAL,fb95b70e064cb6f31640c5efd6d06f8c31c7e12f9ab287d4409f36139eb546af,36,528
question,u02-s015-v008,u02,s015,fraction-literacy-context,PENDING_MANUAL,ad4155f16895d4f8d2aa1cd951d18d1c19ad3601637409c70fdc0dea379f4f1a,36,567
question,u02-s015-v009,u02,s015,fraction-literacy-context,PENDING_MANUAL,52d6e83c470399d074e29681f6864992876e934ed410e7dabd2e9c30c07412c3,36,569
question,u02-s015-v010,u02,s015,fraction-literacy-context,PENDING_MANUAL,fb093100fb56926853373d0f15a5407300bec9abfb26bd3cca8d5a2d51c38963,36,581
question,u02-s015-v011,u02,s015,fraction-literacy-context,PENDING_MANUAL,bf2eba55000b150c1a38794a60d07613daf3b1ff6d070a8005700336c39ddbfa,36,549
question,u02-s015-v012,u02,s015,fraction-literacy-context,PENDING_MANUAL,3092a7e391fb7fc8e0a15bba725389b688703dfc97065164208ffe138aa998b3,36,636
question,u02-s015-cr001,u02,s015,fraction-literacy-context,PENDING_MANUAL,68d221012555a6ff2612b58f7ded7f3e6d050675709371650da38780cfc82c02,27,482
question,u02-s015-cr002,u02,s015,fraction-literacy-context,PENDING_MANUAL,f0a4db014b295d2ebba157b964daf08c9c540d6bff60ec984ffe5fb8c578f516,27,681
lecture,u03-s001-lecture-r1,u03,s001,linear-expression-substitution,PENDING_MANUAL,5c966be38d109c7bc7dd8a3748575591384c96a68d5b94035326cfc105411e8a,122,1735
question,u03-s001-v001,u03,s001,linear-expression-substitution,PENDING_MANUAL,21413353ea4402412edf19b975af6890b79191e957f182d8f65e7bcc4bd6f868,36,480
question,u03-s001-v002,u03,s001,linear-expression-substitution,PENDING_MANUAL,a4a62db9d8e8ab50c771ed4156d2aebe6bf79a26c80e1ee43a98ccaec0b1a147,36,484
question,u03-s001-v003,u03,s001,linear-expression-substitution,PENDING_MANUAL,2f6af4d42a1e870d7e9df590a111a1ccc699194622025cc54d78ecaf08ef8834,36,441
question,u03-s001-v004,u03,s001,linear-expression-substitution,PENDING_MANUAL,c984109ab7ab41c5719de0feeb0488f26cb36c912ac653b4be627c7b6ea69464,36,466
question,u03-s001-v005,u03,s001,linear-expression-substitution,PENDING_MANUAL,a9de863f80c37a11c6f0755432c3ba73b2caa8d52d479779529b98d7698993ad,36,489
question,u03-s001-v006,u03,s001,linear-expression-substitution,PENDING_MANUAL,c791871f3d7e8a8d7d9d9cca14c5663eed1c9b4f9469d70061aa96365b5eaa85,36,517
question,u03-s001-v007,u03,s001,linear-expression-substitution,PENDING_MANUAL,0cc4eede6ec1d62cd7cb576362a9a500b236286bca666f2ae6890ccdc44acdfb,36,524
question,u03-s001-v008,u03,s001,linear-expression-substitution,PENDING_MANUAL,77f1055d836fae9ef58f590ab9134683047f718667e0482c95712295f8ec71b0,36,483
question,u03-s001-v009,u03,s001,linear-expression-substitution,PENDING_MANUAL,08b5af4d1b4ad70d979decaca80eaccd0c59c86db914aa88880c048817554b20,36,505
question,u03-s001-v010,u03,s001,linear-expression-substitution,PENDING_MANUAL,f86098d1918bc0112d3045df9ef9feee52ea12739738ae528da71191615211cf,37,598
question,u03-s001-v011,u03,s001,linear-expression-substitution,PENDING_MANUAL,965d8a66cd6e2882cba1d1bbe02564c69f7a3f81a570c4bd787352ac1b345dcd,37,563
question,u03-s001-v012,u03,s001,linear-expression-substitution,PENDING_MANUAL,83b17a0ad8d8afa2a55c0173edaac27f1f16811a14af21318bb4b5ed197b3303,37,605
question,u03-s001-cr001,u03,s001,linear-expression-substitution,PENDING_MANUAL,357d1dc686d5824d970234359db8f3fa0d1ca42c665379c60242bcc92b31890d,28,510
question,u03-s001-cr002,u03,s001,linear-expression-substitution,PENDING_MANUAL,4ea0ab84d11f2aa472f338c95c605e26ce7a14ac290c475535b35b04e04640a7,28,569
lecture,u03-s002-lecture-r1,u03,s002,linear-expression-simplify,PENDING_MANUAL,247aa61f06b6f3f5d1344c417f15ddb9aaffa9f17dbd4fe8ed8bb0b6e49b9366,127,1748
question,u03-s002-v001,u03,s002,linear-expression-simplify,PENDING_MANUAL,5eeab02b519171e947930ec257a617ba2fe990f5d4d60990903e31c5217eaa18,37,490
question,u03-s002-v002,u03,s002,linear-expression-simplify,PENDING_MANUAL,1d15b348adf4efb269c4444c704fb733b0bf520e4ed1282e8f3c57b828341af4,37,484
question,u03-s002-v003,u03,s002,linear-expression-simplify,PENDING_MANUAL,7c7044a7df0276abf04cf0138842f1c11269c289e0587b89c5003f50d12bc7db,37,514
question,u03-s002-v004,u03,s002,linear-expression-simplify,PENDING_MANUAL,d5179e3d1c7dce3167ca468a4adbfa6d85a0adaf98800ea2e3cc937731385eb2,37,504
question,u03-s002-v005,u03,s002,linear-expression-simplify,PENDING_MANUAL,efd3c4f603e753b0c60f34b24f9d9f1e511b37b9e5fe930688d04984b61e0638,37,533
question,u03-s002-v006,u03,s002,linear-expression-simplify,PENDING_MANUAL,a5aa16ca620e5091e6d42fda1f05a01b0cb9f8260d8ace9883b59ed0a3827761,37,553
question,u03-s002-v007,u03,s002,linear-expression-simplify,PENDING_MANUAL,223f4ccab24e43ead237aa9e66cb65ab8dcc4579c8bc0996e47a8b3f3f668bae,37,575
question,u03-s002-v008,u03,s002,linear-expression-simplify,PENDING_MANUAL,a6a788ab246a40d8bfb21d61dd73b981eaf651bbda13be74d0a05c2dbf075d73,37,505
question,u03-s002-v009,u03,s002,linear-expression-simplify,PENDING_MANUAL,619accbca07ebe2dd99d4e1056bff7a1296da4bd5908e79ccdcb0e17650d828e,37,618
question,u03-s002-v010,u03,s002,linear-expression-simplify,PENDING_MANUAL,d3b76f16eb8ad78bcc60b3c25e049e200253e52c23a3e245a361e67c50b51367,38,574
question,u03-s002-v011,u03,s002,linear-expression-simplify,PENDING_MANUAL,017f2a5bfd1263520f3bb0dd69b5e7443f07701792e8acd62b14b265a9b9ca6c,38,620
question,u03-s002-v012,u03,s002,linear-expression-simplify,PENDING_MANUAL,b2caea15785c381d19ddd5326e22154bf5a1b4346c3f9ff36fbc639f9eba7cab,38,607
question,u03-s002-cr001,u03,s002,linear-expression-simplify,PENDING_MANUAL,9554d69e145a91e76ba66916caddcc2e8231cb26733249ccfee8c04bc6138ffb,29,534
question,u03-s002-cr002,u03,s002,linear-expression-simplify,PENDING_MANUAL,b1f0938b611074003e9f90055936cf788fb9bace0742219d2773826dcc4db68b,28,584
lecture,u03-s003-lecture-r1,u03,s003,linear-equation-balance-property,PENDING_MANUAL,97947037aa4a7b4a29e70f0f558f904a50fe3ba74edc32569813a62051f7548d,132,1657
question,u03-s003-v001,u03,s003,linear-equation-balance-property,PENDING_MANUAL,9a1bca3bd621c6af7dc3919e64546001ff7901be8084e6b7a5230d7bbed347f6,37,523
question,u03-s003-v002,u03,s003,linear-equation-balance-property,PENDING_MANUAL,0c8ebc6fff0085df97b3786bdb24253e9855713d02431b67e7b5a2e30091ab83,37,509
question,u03-s003-v003,u03,s003,linear-equation-balance-property,PENDING_MANUAL,62da6acc1d2b1ac09a27b0d058cdc701d8cf527aecaf4e9dbb0e3ce805c5292c,37,487
question,u03-s003-v004,u03,s003,linear-equation-balance-property,PENDING_MANUAL,2673123ca5e0f5b75e5c6bf20b8a59987c03153047335d9eab606f2907858612,38,590
question,u03-s003-v005,u03,s003,linear-equation-balance-property,PENDING_MANUAL,5ec120197377d353e48ddfb441a33a757625b7c2d666d047da8ce5bff499199d,37,569
question,u03-s003-v006,u03,s003,linear-equation-balance-property,PENDING_MANUAL,3d9a142931164aa08d844907baec1659bed2c8e95ee940556d5a9650234556a4,37,547
question,u03-s003-v007,u03,s003,linear-equation-balance-property,PENDING_MANUAL,0b2e5554c794dbd82788038f09d8d91174b00ea42e13fbfdc27304f4970ce33d,37,538
question,u03-s003-v008,u03,s003,linear-equation-balance-property,PENDING_MANUAL,5d7ec442c49a9722c719f44dc3103906d651b849627b74ad967342e95f2bd7ff,37,600
question,u03-s003-v009,u03,s003,linear-equation-balance-property,PENDING_MANUAL,93f39b773d6b050f9c2d67a43ecbded6b777b1064d912f1af48596742e914ac7,37,557
question,u03-s003-v010,u03,s003,linear-equation-balance-property,PENDING_MANUAL,4232e994981ce1ee5fb271b46d1e4d492814cb34fa6bc7bb13d6050231e39158,38,667
question,u03-s003-v011,u03,s003,linear-equation-balance-property,PENDING_MANUAL,bb9d28048376e8088536e9c0d3f3c4354aacea4e1c596ef06663b33238c85992,38,629
question,u03-s003-v012,u03,s003,linear-equation-balance-property,PENDING_MANUAL,a5fb75e677b91bbd4a0ee73afcea6777d735f5fe24811682d62f4e6298b3c544,38,658
question,u03-s003-cr001,u03,s003,linear-equation-balance-property,PENDING_MANUAL,3d8039d89d7d4412f1fc09567ab19e7a093f51461f9664a3e81a1e2beb20755f,29,489
question,u03-s003-cr002,u03,s003,linear-equation-balance-property,PENDING_MANUAL,a3b0aa540d7478970a913fb284cf2e2e8c5f5714bbb86c0840e113ced422ae00,29,544
lecture,u03-s004-lecture-r1,u03,s004,linear-equation-basic-solving,PENDING_MANUAL,3f8ed10a0a688ece2d85c2a84fa6f37927f020099f54ee133607413251d8f4d3,127,1628
question,u03-s004-v001,u03,s004,linear-equation-basic-solving,PENDING_MANUAL,9d7ac794af4d1989eef8f082c12c5d8920c7c3904a8ae4cf2cf3e6d2715877f1,37,483
question,u03-s004-v002,u03,s004,linear-equation-basic-solving,PENDING_MANUAL,7da89068e8aaa998bee23526f1096bb588aea2ee329d5f16e5d85f6a661a01fd,37,485
question,u03-s004-v003,u03,s004,linear-equation-basic-solving,PENDING_MANUAL,415ae40003243fcf33c9eb28ed4ed463d1d9ff73f2ea3d3cd2a817d4b6d9ea7c,37,467
question,u03-s004-v004,u03,s004,linear-equation-basic-solving,PENDING_MANUAL,ed9bbc0741f89eae95d11e183ce61ce75d5aef08764fcfa0c59f9107ecc09bfb,37,479
question,u03-s004-v005,u03,s004,linear-equation-basic-solving,PENDING_MANUAL,a445848d9a85a534aa6f597aee1b7169125f99faa05dc54b1d2f7f047c83e7a3,37,479
question,u03-s004-v006,u03,s004,linear-equation-basic-solving,PENDING_MANUAL,ee2a181542a81830d5c6fd9c73e7a0646596a930c8e4cec235bc8c0218ee9f18,37,488
question,u03-s004-v007,u03,s004,linear-equation-basic-solving,PENDING_MANUAL,4272e57d6e7e08af8271a13dd45c6dc31b07c13226b76315cfa54656c2f513df,37,516
question,u03-s004-v008,u03,s004,linear-equation-basic-solving,PENDING_MANUAL,47d93d43f7cf7e9d49a5b613550296053299c70de9e8661c865a3c9d8562e227,37,516
question,u03-s004-v009,u03,s004,linear-equation-basic-solving,PENDING_MANUAL,30de5527f2d28d7722e42a9cc5f68f31604fde9c3ce02b47111752f564345eb8,37,503
question,u03-s004-v010,u03,s004,linear-equation-basic-solving,PENDING_MANUAL,41d0e51d1cc43057871d82f7b43db300ec31fed13099acb87a89e9ee9e1fba18,38,602
question,u03-s004-v011,u03,s004,linear-equation-basic-solving,PENDING_MANUAL,121c7bfecd28a2efbc5d3fb4b8379eef51e8512435571ce5eaa0a3a3463caa4c,38,568
question,u03-s004-v012,u03,s004,linear-equation-basic-solving,PENDING_MANUAL,260a7bc823efe06bba6d4cb9a1d09e2d324e46cd3022f5b8d4fa4958797c0936,38,535
question,u03-s004-cr001,u03,s004,linear-equation-basic-solving,PENDING_MANUAL,804818d26f07929567b8cbfe7be813f0b7117f507a03de3fdaaccc263a433535,29,488
question,u03-s004-cr002,u03,s004,linear-equation-basic-solving,PENDING_MANUAL,dcfbfcc80a1452e3f83610a8ceef8e23acd75971a64186e89f74bc2ccadf1e5b,29,514
lecture,u03-s005-lecture-r1,u03,s005,linear-equation-parentheses,PENDING_MANUAL,ad4a4a2a071ba36c723280a995d592adcbbbeae1fda0afd6e48cd2bba4ebf21e,127,1687
question,u03-s005-v001,u03,s005,linear-equation-parentheses,PENDING_MANUAL,5edbaa27a1418ae592925e7c9ed22e998c308f2e9e1fb973c2a8c46a0f3fd34b,37,462
question,u03-s005-v002,u03,s005,linear-equation-parentheses,PENDING_MANUAL,7a36f92bc5d0957cb8c5beefe616c1ddce286c9de9cb9144c779e5b731ff7d24,37,446
question,u03-s005-v003,u03,s005,linear-equation-parentheses,PENDING_MANUAL,8be09b2ff67515936824beab57e5dae0a37e6c64945483c1466e364ad821e8bc,37,497
question,u03-s005-v004,u03,s005,linear-equation-parentheses,PENDING_MANUAL,f2dea0603fc5316beca8c4a7b17a073e4674d366ebc26463ebe867490c26e9f0,37,476
question,u03-s005-v005,u03,s005,linear-equation-parentheses,PENDING_MANUAL,a00f5ded06d227823724d16c52e2fc69079763ab2ea8b685ff4293bb6c6f3e74,37,499
question,u03-s005-v006,u03,s005,linear-equation-parentheses,PENDING_MANUAL,c934d47ba6daeb86146a3111a446c354761cfcb69b7b9fafe944035902ea041e,37,508
question,u03-s005-v007,u03,s005,linear-equation-parentheses,PENDING_MANUAL,57dab312054cad140f10c35765e77c764e280871843e1e2b146c193214ec6bb0,37,531
question,u03-s005-v008,u03,s005,linear-equation-parentheses,PENDING_MANUAL,c29546b7b1861c6512c8a28219cb4febcd9f6cc1870e9a04b023c12f974dae18,37,519
question,u03-s005-v009,u03,s005,linear-equation-parentheses,PENDING_MANUAL,a0a147bd010b619bc33c46091046df25d953dd6b62315aef5f7c7646a2938412,37,503
question,u03-s005-v010,u03,s005,linear-equation-parentheses,PENDING_MANUAL,e16e6e653b8a0d3007e57c140db7e528f471c97b509a9337f2e48802add134da,38,567
question,u03-s005-v011,u03,s005,linear-equation-parentheses,PENDING_MANUAL,79dd9644ff2487e9ae11a48f199c68c064882b6b517ae0b4a8dcfb96abc9fadb,38,574
question,u03-s005-v012,u03,s005,linear-equation-parentheses,PENDING_MANUAL,67e2f172a61e89d57cfe8b304561c57114ed32bb55fabf364bf2d7ea79175550,38,614
question,u03-s005-cr001,u03,s005,linear-equation-parentheses,PENDING_MANUAL,cc32253acaa55319e04a7aa7c4221f15544724cb317b081f9420cb055d718651,29,490
question,u03-s005-cr002,u03,s005,linear-equation-parentheses,PENDING_MANUAL,3cc95ee33e11d91fc533561096fd0ee4b33987b491f609d84ce116acf2edf1c5,29,549
lecture,u03-s006-lecture-r1,u03,s006,linear-equation-fractions,PENDING_MANUAL,90d8170e1e8c4c229a754d871702445836f43a7a8eda389ebdea1845dac35aeb,127,1719
question,u03-s006-v001,u03,s006,linear-equation-fractions,PENDING_MANUAL,ed5f98d7d4111a1f8a012df09360b73e7d6d9324c8c68a22db96148ad39199f3,37,463
question,u03-s006-v002,u03,s006,linear-equation-fractions,PENDING_MANUAL,896e7025093fc7665189a27cca2f4a9c9f73b2e9b8224f8195525cb3d0330196,37,440
question,u03-s006-v003,u03,s006,linear-equation-fractions,PENDING_MANUAL,a905b1e2dd46e598d5db31fc6dc940adf906f63b1461128911a68ccfa2abb47e,37,461
question,u03-s006-v004,u03,s006,linear-equation-fractions,PENDING_MANUAL,6b6cc8c81ee9a7a998113629f25794d4f7e373d9e34a821e82910339ca514f83,37,503
question,u03-s006-v005,u03,s006,linear-equation-fractions,PENDING_MANUAL,6e5c8fb7664c7b73fcaaa0b071a0ffd7272dbffb7c43d1f64d58310e8fdb914d,37,523
question,u03-s006-v006,u03,s006,linear-equation-fractions,PENDING_MANUAL,b38c491eb34b748e255f830ae89c58b2e316bda3c0ec1cb331348b50c1bb324c,37,504
question,u03-s006-v007,u03,s006,linear-equation-fractions,PENDING_MANUAL,c2b5ca9e5d0b258c5c12ec646d065110f5782a219fa0f3893bb131574ce0ba58,37,506
question,u03-s006-v008,u03,s006,linear-equation-fractions,PENDING_MANUAL,dc8ca3a7793d72be376e27db4f7ac93b4955abd8918712d7445fe87006def25b,37,532
question,u03-s006-v009,u03,s006,linear-equation-fractions,PENDING_MANUAL,320374690a30f338add915dc479c537022d4998d7e1b2348ab821567f564a47f,37,487
question,u03-s006-v010,u03,s006,linear-equation-fractions,PENDING_MANUAL,e82a5f1114a7fb86d2d1adec50862b399f6308d15b00f25d9b554bde1147f5f4,38,836
question,u03-s006-v011,u03,s006,linear-equation-fractions,PENDING_MANUAL,74ed8e4750bdd23a313d317abd3443c5c7ee896969239d7103808bb0991de004,38,586
question,u03-s006-v012,u03,s006,linear-equation-fractions,PENDING_MANUAL,839eedd09ce7b33b32dc32f35c05b2de60daf7c02d746658ad27249e54536873,38,576
question,u03-s006-cr001,u03,s006,linear-equation-fractions,PENDING_MANUAL,9023f01b0ebbaacc1d70029237f3b03c1c69ec856ad1ad3856cc4a9230cba495,30,540
question,u03-s006-cr002,u03,s006,linear-equation-fractions,PENDING_MANUAL,3769d2de65d17bcb4c7624f7a737c396e45b2b2fb0ac92443b809f2dda932231,29,519
lecture,u03-s007-lecture-r1,u03,s007,linear-equation-check-solution,PENDING_MANUAL,1032ccfb4b2bc1646ad825252dc7e22fab8b915d3c0b527fe12af426d0e4b17f,123,1637
question,u03-s007-v001,u03,s007,linear-equation-check-solution,PENDING_MANUAL,af38f4568d206df3812cfd00c5c9bee4fd2b4efd2beb440cc447a2ab402afbcc,37,538
question,u03-s007-v002,u03,s007,linear-equation-check-solution,PENDING_MANUAL,8d3dbc03f4f3d474e00959bda3993eab87262a3bdc19abe78f3d157c18557b10,37,554
question,u03-s007-v003,u03,s007,linear-equation-check-solution,PENDING_MANUAL,07cf3ec15d8cb00aea8d4b1456a763340b8a94713a3d6639cd40c35078ff6b4b,37,459
question,u03-s007-v004,u03,s007,linear-equation-check-solution,PENDING_MANUAL,16cd8afe0c4272ec25379fcbcd0e9da070177cb12c4123ac36d6b3f0f6c3e96f,37,547
question,u03-s007-v005,u03,s007,linear-equation-check-solution,PENDING_MANUAL,b783794c220c60f676127ebfa7a69b14234894c43989bd76c14555461719d41c,37,503
question,u03-s007-v006,u03,s007,linear-equation-check-solution,PENDING_MANUAL,b2f159af8895c8b2782decf6436fe9afa1f8cb502aeee02e8ffe9f8d38b9ad6f,37,458
question,u03-s007-v007,u03,s007,linear-equation-check-solution,PENDING_MANUAL,17e339b8d05bdad0e6725ec4487f13eabd44f710be70c711a917c973ef149236,37,555
question,u03-s007-v008,u03,s007,linear-equation-check-solution,PENDING_MANUAL,066bddf760a8067ee2d2d0cc4cc6eb0c564377d2c1a08a9f53dc11f67eab2b96,37,571
question,u03-s007-v009,u03,s007,linear-equation-check-solution,PENDING_MANUAL,163002e5a543501985ca3135da79ed009d939b2ed5c51921e20b5c094d6fb42c,37,531
question,u03-s007-v010,u03,s007,linear-equation-check-solution,PENDING_MANUAL,344b1f38ba65c4d1639a55b33d8549a8b7881fa4784fe5a40539d104460ebf87,38,679
question,u03-s007-v011,u03,s007,linear-equation-check-solution,PENDING_MANUAL,89546677a75d2e16599fd46a31982817e9e0fc301d544bf174aab549ffa8d3c4,38,654
question,u03-s007-v012,u03,s007,linear-equation-check-solution,PENDING_MANUAL,661879cd9e3f859be7d802481d641f1f457bce8f281ad07558f7ffabbc1f9e19,38,600
question,u03-s007-cr001,u03,s007,linear-equation-check-solution,PENDING_MANUAL,7af8730eb7d79847c4c2adab2ee5c65994a1588903b82f7d8f39a6bf811abc6c,29,575
question,u03-s007-cr002,u03,s007,linear-equation-check-solution,PENDING_MANUAL,c12cd3ddfded95ec5ccfe9a25d13bdd822ababf9ecc50490f4d80fc193a00c88,28,505
lecture,u03-s008-lecture-r1,u03,s008,linear-equation-age-problem,PENDING_MANUAL,f3fd8fb7cb7d90cd14b6eabf0976438db6d82d809367c20604fbe2b3a5ea2f8d,129,1679
question,u03-s008-v001,u03,s008,linear-equation-age-problem,PENDING_MANUAL,99863469b625318a1f16ec9b0f12761806c1be53be3994c39d54e5236c34c8ce,37,478
question,u03-s008-v002,u03,s008,linear-equation-age-problem,PENDING_MANUAL,4be4e173a4775e23ce0becda7b55376e6224080c2d0e256bbd193f449acfd574,37,478
question,u03-s008-v003,u03,s008,linear-equation-age-problem,PENDING_MANUAL,6f263c93dc9fabccbd7fc24cc38b6e002901bee9530c57b1ff53f2402d51fd74,37,524
question,u03-s008-v004,u03,s008,linear-equation-age-problem,PENDING_MANUAL,0cde338ca1ea8f215d293a7fc6ff5e3f9d4b7d3b1a19559fe35d8685fe1a800b,37,530
question,u03-s008-v005,u03,s008,linear-equation-age-problem,PENDING_MANUAL,ac5d1b9f1ecef1eb7554525232ef0d004401b1dce61d74b1c6c6b68a2fae6a02,37,494
question,u03-s008-v006,u03,s008,linear-equation-age-problem,PENDING_MANUAL,86590112daa0e83c4e02fc8007cd13da25f54512af6502a45f020dedaee55d7c,37,515
question,u03-s008-v007,u03,s008,linear-equation-age-problem,PENDING_MANUAL,a960ef1a6dad08929c97a9aac8f7f1f3749fd6bac4a567f5e4992b7c80b6e713,37,543
question,u03-s008-v008,u03,s008,linear-equation-age-problem,PENDING_MANUAL,dbb40f131deb91dbf1b73ad269add10ecdd9e9e72a9c894b2a48cc4f40f0b3c8,37,540
question,u03-s008-v009,u03,s008,linear-equation-age-problem,PENDING_MANUAL,546bf67d8cdd3627124299b7a3d97ea0cdb107ca903ab877b415908a80b51838,37,629
question,u03-s008-v010,u03,s008,linear-equation-age-problem,PENDING_MANUAL,26c3fd6f1903dbc96b9f997620528a5bfc70f10f75563f445a6871e24fdb7848,38,521
question,u03-s008-v011,u03,s008,linear-equation-age-problem,PENDING_MANUAL,18ef2b3f2c62071c19ce113e9943c103371716f52f69ff3c2cc2d2ddbbdab9c5,38,566
question,u03-s008-v012,u03,s008,linear-equation-age-problem,PENDING_MANUAL,aacd85e520f25be2b9ea02ef2335058210226e856537ae6fde8828baae4f6711,38,562
question,u03-s008-cr001,u03,s008,linear-equation-age-problem,PENDING_MANUAL,c470e40171e2a3f445ed0d085460e06f72532fcf093f3bbc98bd1dc8abb72682,30,560
question,u03-s008-cr002,u03,s008,linear-equation-age-problem,PENDING_MANUAL,4cf931cb896f49064427b71eb6994e3432eec1d935ee4ac49d1d76f5f3b25d71,29,552
lecture,u03-s009-lecture-r1,u03,s009,linear-equation-money-problem,PENDING_MANUAL,e1ff8947b6db19f239f82d42218e026ebb97002dbfdeb787b8a065116a3704a0,131,1619
question,u03-s009-v001,u03,s009,linear-equation-money-problem,PENDING_MANUAL,466d6847eb402a61765b16f05762feeb59cfee79c84e7bee153ce194a1c67a3c,37,500
question,u03-s009-v002,u03,s009,linear-equation-money-problem,PENDING_MANUAL,82d4683f7d541324e5cdd883ed72859270005336664971e5749d612443ed90cd,37,492
question,u03-s009-v003,u03,s009,linear-equation-money-problem,PENDING_MANUAL,6ffadf9b0edc1f51fb6c705ec5edebfee47b620f578442c2f374eac5f1bda6ef,37,507
question,u03-s009-v004,u03,s009,linear-equation-money-problem,PENDING_MANUAL,4e4957596003390a666c49eabe9c7c28a32238ac468633809b8dd81431b20ced,37,526
question,u03-s009-v005,u03,s009,linear-equation-money-problem,PENDING_MANUAL,80066b0b6f3ec0b51a9951734067d96d7684db9928dc0674d7c087f27255e218,37,558
question,u03-s009-v006,u03,s009,linear-equation-money-problem,PENDING_MANUAL,a1ea8dc0c72a30937fba0f7ad8e3ab58df6e07131e73115f10c95fb07e0ff234,37,547
question,u03-s009-v007,u03,s009,linear-equation-money-problem,PENDING_MANUAL,d653912a36cceea1fec6515c9e33b707cf7d85727fc12d3d9ec58970662ad187,37,530
question,u03-s009-v008,u03,s009,linear-equation-money-problem,PENDING_MANUAL,9df789040c3a4a7b96b400c2197a0c34a5a4ff7e3fa9ee20647fcfbb18f0cd91,37,511
question,u03-s009-v009,u03,s009,linear-equation-money-problem,PENDING_MANUAL,1f7d2765aca7625dd25328b4892b49206f5c78cb62f12c52efe2c5f7dc72faa0,37,523
question,u03-s009-v010,u03,s009,linear-equation-money-problem,PENDING_MANUAL,b8a927f605c1ad411cf86fca34331f2dad9f0530676f3ce69680fbd0b8018c89,38,537
question,u03-s009-v011,u03,s009,linear-equation-money-problem,PENDING_MANUAL,f18833919c0b8dc8529f17511a049b216b42bf8338ed9aecc8a2f141437e8c6e,38,523
question,u03-s009-v012,u03,s009,linear-equation-money-problem,PENDING_MANUAL,91e30bfc04b8244a4ca46f89f3de151e425f547054353aed0dbf28a0b91bb099,38,610
question,u03-s009-cr001,u03,s009,linear-equation-money-problem,PENDING_MANUAL,04ea782c44104b95f2eed42a9a8bcc0e00b997361fdb7f016e12c7041bb6fe08,29,508
question,u03-s009-cr002,u03,s009,linear-equation-money-problem,PENDING_MANUAL,c3b05601de70ea9e4f72608ff98db921f2453b096786a83c36d54bd338dc595e,29,557
lecture,u03-s010-lecture-r1,u03,s010,linear-equation-rate-problem,PENDING_MANUAL,6eda2cd392148882df1451e651f25e30e9d3ad6e28b655c1cbb90c60d80ed856,128,1643
question,u03-s010-v001,u03,s010,linear-equation-rate-problem,PENDING_MANUAL,03c16a94d6237213398de7ff616d4101e89ceb03ebb272338ebf721674a7548a,37,472
question,u03-s010-v002,u03,s010,linear-equation-rate-problem,PENDING_MANUAL,b4c86941526363ef3a3a10886a3a8414aa4b094bd6af76728f035ac887d9e069,37,502
question,u03-s010-v003,u03,s010,linear-equation-rate-problem,PENDING_MANUAL,c5bf4534ee5efd1afcabea457fa4f0f6be3e30510cc36cfd46f6eeabc7448f49,37,498
question,u03-s010-v004,u03,s010,linear-equation-rate-problem,PENDING_MANUAL,fd008da9c09d6033119440fa2900452f1b7fa198c3eeb2920ede66ff322a2961,37,506
question,u03-s010-v005,u03,s010,linear-equation-rate-problem,PENDING_MANUAL,1d65117f3a62c47f862aff6654d1ec8ff293775dda2595a3da4c29122b45ae5c,37,525
question,u03-s010-v006,u03,s010,linear-equation-rate-problem,PENDING_MANUAL,df3ddc7ac924801cb430f7c757ba1daff0097a1b73780c71276935dda4198116,37,562
question,u03-s010-v007,u03,s010,linear-equation-rate-problem,PENDING_MANUAL,addcf14aa380c40bbcbb86edb1314c5cad28bf318b22906c20e9e8f7bb6501de,37,499
question,u03-s010-v008,u03,s010,linear-equation-rate-problem,PENDING_MANUAL,b412b5d390d3f6feac2d15fdaf61bec179c513a3e7656e6beb27807941532a10,37,570
question,u03-s010-v009,u03,s010,linear-equation-rate-problem,PENDING_MANUAL,f37b54959c46f17567a347b960b1c013bb377bed1b3f106bb0bc545de7e1aa1a,38,566
question,u03-s010-v010,u03,s010,linear-equation-rate-problem,PENDING_MANUAL,5ba1f1a3913d54f4ca4140e3d5d3c8b1ae0bd284c732d7bbec2dd88763bc7193,38,573
question,u03-s010-v011,u03,s010,linear-equation-rate-problem,PENDING_MANUAL,ff649ffb03feae3a91053042bb95afd20ee906ff9e295804a49947311919bf4b,38,569
question,u03-s010-v012,u03,s010,linear-equation-rate-problem,PENDING_MANUAL,fbd502b8da5254d63b360b128049c978f74e5f3df6e7e06d31de75ba6c1bd2a0,38,591
question,u03-s010-cr001,u03,s010,linear-equation-rate-problem,PENDING_MANUAL,8b587c5a0e1431f52a4eb2ba9ee4f12f168ad49e2153118847bcf16e1ad8e22d,29,542
question,u03-s010-cr002,u03,s010,linear-equation-rate-problem,PENDING_MANUAL,43e9312c2db819214f401256aaff87b05bc34c424d43f2dc3e878b22092b80a2,30,562
lecture,u03-s011-lecture-r1,u03,s011,linear-equation-distribution-problem,PENDING_MANUAL,48292731c00374792160acd139af66790d37e322ae64fe927f78615885e859ba,128,1622
question,u03-s011-v001,u03,s011,linear-equation-distribution-problem,PENDING_MANUAL,e90ec21d22797d5bb55cd97b4903b292d5905563e2973aba4bddc9cf5625f010,37,466
question,u03-s011-v002,u03,s011,linear-equation-distribution-problem,PENDING_MANUAL,9ee5654449cd0270e128cf717735bd8794d06300f509572d5c75728c2568b6cd,37,491
question,u03-s011-v003,u03,s011,linear-equation-distribution-problem,PENDING_MANUAL,759695411dc67c245cdb0a5a60f89b381cd5bd86d73956048cc64b16ceeced87,37,467
question,u03-s011-v004,u03,s011,linear-equation-distribution-problem,PENDING_MANUAL,20b4d9ddcfaa55dc439361c7e669f1aa2a5e81dae11c7e66dc79ae1e195c74ac,37,553
question,u03-s011-v005,u03,s011,linear-equation-distribution-problem,PENDING_MANUAL,3ea8239c9f801b3df738afa82cb1d5845ae5c19ebbe2a4a408e772c25ecddeb5,37,480
question,u03-s011-v006,u03,s011,linear-equation-distribution-problem,PENDING_MANUAL,99c72472004e2621a208cdb32268616b20763436bd59ad018c3bc568a4f1dbe9,37,521
question,u03-s011-v007,u03,s011,linear-equation-distribution-problem,PENDING_MANUAL,a718ae87f26d3d2b8a76fff9b284f2023a7c24af54de0519b0403d085ef36299,37,522
question,u03-s011-v008,u03,s011,linear-equation-distribution-problem,PENDING_MANUAL,695d85c7868f1d4029c1ec77bf2d0e62d0f5330b651ecb02f523ad51928ce240,37,505
question,u03-s011-v009,u03,s011,linear-equation-distribution-problem,PENDING_MANUAL,a0780adf8d20cdf28573349d537997dc295d35ba6a8eb0db214af3a33bd29e8f,37,504
question,u03-s011-v010,u03,s011,linear-equation-distribution-problem,PENDING_MANUAL,fcd5b0b695140fa955b191652469d38f461a88831d7373a21abcda9a5667f821,38,573
question,u03-s011-v011,u03,s011,linear-equation-distribution-problem,PENDING_MANUAL,ac6879728e930331661c35c47c3d0d976692526d93479ef0f2568f1d5fe3ca60,38,572
question,u03-s011-v012,u03,s011,linear-equation-distribution-problem,PENDING_MANUAL,48f5a18893e80829d22c102eeb6abb8e754c574ac071310a3627ff5cb3eba8fa,38,546
question,u03-s011-cr001,u03,s011,linear-equation-distribution-problem,PENDING_MANUAL,3f360e6bd67df58379362510c49434ece3d9d471d08e204767aee4761693c588,28,523
question,u03-s011-cr002,u03,s011,linear-equation-distribution-problem,PENDING_MANUAL,4f535509c705ce227d84f6d622227dc1d6a7f702439b5d55d45876df035ee1af,29,531
lecture,u03-s012-lecture-r1,u03,s012,linear-equation-consecutive-integers,PENDING_MANUAL,b70097f036692ee37fff5b9af2631b541f88921fe39d885820039b332e045e8d,126,1623
question,u03-s012-v001,u03,s012,linear-equation-consecutive-integers,PENDING_MANUAL,b78f1af2f2510706ec690e1354b3ff4badada5f2689d56bee9c1d862db03fcd9,37,573
question,u03-s012-v002,u03,s012,linear-equation-consecutive-integers,PENDING_MANUAL,752145883840efcb45b6dc35a247c647a2beae2a25f077eedd32e36ed0c9e497,37,500
question,u03-s012-v003,u03,s012,linear-equation-consecutive-integers,PENDING_MANUAL,e95b28323b760f06568f04e13724d3a74aeeb46acf205e1d57ba9a8a558367c8,37,558
question,u03-s012-v004,u03,s012,linear-equation-consecutive-integers,PENDING_MANUAL,911fec53cf76308ad24ca6a6af7a4341c0fe04b0e0a113ea7ce63cc9cbc36e20,37,509
question,u03-s012-v005,u03,s012,linear-equation-consecutive-integers,PENDING_MANUAL,307820b88a91b758b1e863660df13a15771164c54e88cda840d79da002771e17,37,499
question,u03-s012-v006,u03,s012,linear-equation-consecutive-integers,PENDING_MANUAL,22325f1feb6a4bb597340dd523b2f210c0cf6efa60558c42faa3fb76e4634624,37,526
question,u03-s012-v007,u03,s012,linear-equation-consecutive-integers,PENDING_MANUAL,fb7e12a206be260569ad62ffd877b1275d9c8e4dec892627b5ef420fed87dde3,37,513
question,u03-s012-v008,u03,s012,linear-equation-consecutive-integers,PENDING_MANUAL,6fd6d2f88be08e452e23956829f2ab1ecbaaa1c24a524ee07e2c54c21ed4f514,37,623
question,u03-s012-v009,u03,s012,linear-equation-consecutive-integers,PENDING_MANUAL,76e11843f9f5be40e88e44cd0ba59e03228aeae7b326bd56b313555f10cab6c1,37,536
question,u03-s012-v010,u03,s012,linear-equation-consecutive-integers,PENDING_MANUAL,1a0748480e5d257dc835cad88129211df7fb52e4fa7680292fe69dc9633b6536,38,544
question,u03-s012-v011,u03,s012,linear-equation-consecutive-integers,PENDING_MANUAL,aee164815687594ffd900c7e3bacba65e1d37f06a4543256204e9c985a306d61,38,533
question,u03-s012-v012,u03,s012,linear-equation-consecutive-integers,PENDING_MANUAL,0696ced3dc2867774ed8aa9b0263d8c6b0e2e0133f99d0677196a356ac5f3be3,38,618
question,u03-s012-cr001,u03,s012,linear-equation-consecutive-integers,PENDING_MANUAL,49c579e626a3497223cb9dafed0aab8657b13bf22bb2b194ce62e82b68d8c177,29,552
question,u03-s012-cr002,u03,s012,linear-equation-consecutive-integers,PENDING_MANUAL,8e80da7e817d09c63009030ab60fdd3bd2538ececaf509df9e2052069585d8e1,30,544
lecture,u03-s013-lecture-r1,u03,s013,linear-equation-reasonableness,PENDING_MANUAL,250d7afa0f2ed0500a3afdc8f453483f5e5b77264fcf4c7c53abccf8cafdb604,123,1683
question,u03-s013-v001,u03,s013,linear-equation-reasonableness,PENDING_MANUAL,abcdf51e6b154c1194367ee8f4a86085d7568ffac89ebf5a3299d0c449a3fd9c,37,615
question,u03-s013-v002,u03,s013,linear-equation-reasonableness,PENDING_MANUAL,980a0ba78c1ac374fab698400eefbf74ffac1120f639a108c196d1763feb6d9b,37,648
question,u03-s013-v003,u03,s013,linear-equation-reasonableness,PENDING_MANUAL,6406071e80e37822d58968a1d35c474487c7e42d31b499cc6c2ab8d9b5002c99,37,632
question,u03-s013-v004,u03,s013,linear-equation-reasonableness,PENDING_MANUAL,ee16ad65f0a594ebb5ef4b9381631103f3ac0dfb523826f215a2acab0dbd020e,37,597
question,u03-s013-v005,u03,s013,linear-equation-reasonableness,PENDING_MANUAL,4b719eef60b8cc368b450e69ddb04cf73daf3ad225f869e8d95067f11f468963,37,614
question,u03-s013-v006,u03,s013,linear-equation-reasonableness,PENDING_MANUAL,884e9ca5b67375963290fbcc64085dff6868888fdd4903a0b1524fe51b9db974,37,606
question,u03-s013-v007,u03,s013,linear-equation-reasonableness,PENDING_MANUAL,28d0bab3699c5a4374c9dfb98bda6384f66db46ed917846eebecdf7cd9816972,37,611
question,u03-s013-v008,u03,s013,linear-equation-reasonableness,PENDING_MANUAL,36ac31ac5b8fd8c44af370330194cb94ce0682707fd72a302517a3e76fb76cf2,37,580
question,u03-s013-v009,u03,s013,linear-equation-reasonableness,PENDING_MANUAL,d54041da3064fc7006ac6b8fe173c93563f814c690ddddc556f1670dd5015e8d,37,567
question,u03-s013-v010,u03,s013,linear-equation-reasonableness,PENDING_MANUAL,9a73b585bbc03c9f058dca1ecbc4fa88117e9ffe01a3103adc6ae4101dc3f3f0,38,634
question,u03-s013-v011,u03,s013,linear-equation-reasonableness,PENDING_MANUAL,27ffc2280344496ce15f55f211fc2b7ef83c0314e04446086ff9470bf518410a,38,600
question,u03-s013-v012,u03,s013,linear-equation-reasonableness,PENDING_MANUAL,2588e56f9ee4be27ebf57a25e1b2d5fe54cfc671e17b1adbdb30b0e4f149c521,38,721
question,u03-s013-cr001,u03,s013,linear-equation-reasonableness,PENDING_MANUAL,59b7ba12c8b41259eafadc5954b3099faf8968a1cabaf87ff1e5bed15c933818,29,616
question,u03-s013-cr002,u03,s013,linear-equation-reasonableness,PENDING_MANUAL,f277d359d26eca0e8ccea538e63d5f8cc207b5490e0fd5f82555d3474188d8dd,29,562
lecture,u03-s014-lecture-r1,u03,s014,linear-equation-plan-comparison,PENDING_MANUAL,1f9f1fb930d41aac3888aba7e300503c3766a412752c5a623608b5de1c741f54,127,1702
question,u03-s014-v001,u03,s014,linear-equation-plan-comparison,PENDING_MANUAL,10dd1d4c1bfee90035b1672faccc48f8f47b9b18ce4c298bb8213c6f97fdd4d6,37,524
question,u03-s014-v002,u03,s014,linear-equation-plan-comparison,PENDING_MANUAL,b2eb14e62be4e65cdd7b249ac56ef82afc3f2e10a1c0b7630b25580cf74164c8,37,521
question,u03-s014-v003,u03,s014,linear-equation-plan-comparison,PENDING_MANUAL,b148359227c1ddab3e06a522e21143af5c65992bcf09f2c16f25f5d11456895e,37,555
question,u03-s014-v004,u03,s014,linear-equation-plan-comparison,PENDING_MANUAL,59def8907b6eac51e303bdd15c3802d71af971fcbfebdb44a782f8f6483f4218,37,567
question,u03-s014-v005,u03,s014,linear-equation-plan-comparison,PENDING_MANUAL,91d5f000b27ec866ce1b1c9b368972ac878959ed703709899f088597eea08309,37,531
question,u03-s014-v006,u03,s014,linear-equation-plan-comparison,PENDING_MANUAL,ebd5dc3842dcc73bcf68fd0165089404390be6bf6eab247b1dbd0caff4daf26b,37,597
question,u03-s014-v007,u03,s014,linear-equation-plan-comparison,PENDING_MANUAL,8404762057250cbf6129be4a98bc97972e39b2a0ffea8071ab6996bfa61358a4,37,552
question,u03-s014-v008,u03,s014,linear-equation-plan-comparison,PENDING_MANUAL,c222f07ca08b9ae582ad5a0a5f4a773614eeff3008c3c32c5828b254985a80bc,37,590
question,u03-s014-v009,u03,s014,linear-equation-plan-comparison,PENDING_MANUAL,c148b223a7e955ca2e1afa87749f4f24698bb997c2680e3e071325ff5c956a3d,37,531
question,u03-s014-v010,u03,s014,linear-equation-plan-comparison,PENDING_MANUAL,1999bf5ab7a5488a53e750cd1bf2528a468bed68c0f602376a1b2f56cc753f4e,39,585
question,u03-s014-v011,u03,s014,linear-equation-plan-comparison,PENDING_MANUAL,c8fb8d4d163bbc50895810245a249805b73bef8d0dc10ca30c78fe20472a263e,38,531
question,u03-s014-v012,u03,s014,linear-equation-plan-comparison,PENDING_MANUAL,f97d128cb7110a9973d110f887ae9cc33e35603769d827576d1b3627e8353ade,38,574
question,u03-s014-cr001,u03,s014,linear-equation-plan-comparison,PENDING_MANUAL,159346e362d3c067525f6bba5e1b6dc5633dcdcaa5c03a74291570e2ad4bdde6,29,600
question,u03-s014-cr002,u03,s014,linear-equation-plan-comparison,PENDING_MANUAL,90962a33863597172775e6103bca6583d19265e7ca42961e28ffc86e47e68f65,29,600
lecture,u03-s015-lecture-r1,u03,s015,linear-equation-literacy-context,PENDING_MANUAL,ea7de89fe0a45577d4cc3a132bdcf4f120c56a651efbd5cd82abdd6910564c01,130,1866
question,u03-s015-v001,u03,s015,linear-equation-literacy-context,PENDING_MANUAL,86d8ba321964b3d628023fa5fb3d625ca358fcd2483a7747492840e0bce03813,37,581
question,u03-s015-v002,u03,s015,linear-equation-literacy-context,PENDING_MANUAL,ee7b0f86de715e065662e713890fbf2522428c085814641042860c4776a0afc4,37,556
question,u03-s015-v003,u03,s015,linear-equation-literacy-context,PENDING_MANUAL,ed83640de2a4807b784eb007844c0d40f46566b1e43c60164048c62362a9aef7,37,573
question,u03-s015-v004,u03,s015,linear-equation-literacy-context,PENDING_MANUAL,d77149c8a36d9c5682a958d2e95e5a2e9fbb1acf683563712f08be5e678dcbd3,37,529
question,u03-s015-v005,u03,s015,linear-equation-literacy-context,PENDING_MANUAL,3992d8e2322f099aaba7dec157ddc299ad8db23fe8da054f789293ffdc89fbbc,37,555
question,u03-s015-v006,u03,s015,linear-equation-literacy-context,PENDING_MANUAL,2590f488e618f41d2725625891108b9d10fa277ab51c4157633c91304a9cdefd,37,541
question,u03-s015-v007,u03,s015,linear-equation-literacy-context,PENDING_MANUAL,31730cd27714f5a404adfe81e15b3f40339397ae4d7e10e96d9e2a01e5c8e6b3,37,517
question,u03-s015-v008,u03,s015,linear-equation-literacy-context,PENDING_MANUAL,9e093bd16c490f29a4a68753ac651183e7f73124c156b08dcd6459234dd12762,37,530
question,u03-s015-v009,u03,s015,linear-equation-literacy-context,PENDING_MANUAL,78711543222d7c8057404954ae208dc5a23f6bd9ab6d0b935ab800bd5fb52bea,37,519
question,u03-s015-v010,u03,s015,linear-equation-literacy-context,PENDING_MANUAL,8f41c0bd26b5ea6bed41d9e83cde089e3a342f1ef22ce58673d6f21bec121313,38,556
question,u03-s015-v011,u03,s015,linear-equation-literacy-context,PENDING_MANUAL,ddbed9ff89700d108fc1a358218a66791d23403364f45fe9aa14a4ddf59586a8,38,584
question,u03-s015-v012,u03,s015,linear-equation-literacy-context,PENDING_MANUAL,75012e7e2de836c14474f7bc00cb7db56f33381c7b5d7c85f9c178e8b74521db,38,672
question,u03-s015-cr001,u03,s015,linear-equation-literacy-context,PENDING_MANUAL,5179a997a10b8a12a5a6f5b889a12d78cd8ac8abb43f741786c3c3353be0d1b3,29,585
question,u03-s015-cr002,u03,s015,linear-equation-literacy-context,PENDING_MANUAL,1c3450b1a098ed2bc0edf54b7d1bc7713a778de5890ecab21b74d770acffaf09,29,596
lecture,u04-s001-lecture-r1,u04,s001,system-two-variable-equation-definition,PENDING_MANUAL,5c6d3e1398671d29652c42b20a58b0242fa5e3bf762922ca0dba4e8e40f01ad4,112,1844
question,u04-s001-v001,u04,s001,system-two-variable-equation-definition,PENDING_MANUAL,9507cdf40f48c20b5b4783bfaebe83f260a1abd9cc54eba15c6d0c35fa158f99,36,629
question,u04-s001-v002,u04,s001,system-two-variable-equation-definition,PENDING_MANUAL,a312013838acb19e0e805243f953f49c01031e26c36642f5d72a26fdb47176c8,35,564
question,u04-s001-v003,u04,s001,system-two-variable-equation-definition,PENDING_MANUAL,9a59b0cba9711d30dd89b8c295e060481453c1f57d51dbd10a30c59b19214fa3,36,601
question,u04-s001-v004,u04,s001,system-two-variable-equation-definition,PENDING_MANUAL,a75e43b40aaf20e35fff921b256b7a86a2c0912851dc9cf5db9e134254b961ac,36,616
question,u04-s001-v005,u04,s001,system-two-variable-equation-definition,PENDING_MANUAL,918421da43681f79c31793e75a185b73ce15cdecfe1d43171f17d9a3b8592df1,36,593
question,u04-s001-v006,u04,s001,system-two-variable-equation-definition,PENDING_MANUAL,2c8518be979a532eac5a6d5fa50231344ddd37b1c19d318b1aaa3cee31114d3e,35,642
question,u04-s001-v007,u04,s001,system-two-variable-equation-definition,PENDING_MANUAL,90dd5254f9062df5893efb2168446ace98383b2f2f13041d5f5f281db9e3e2e5,36,601
question,u04-s001-v008,u04,s001,system-two-variable-equation-definition,PENDING_MANUAL,de5bfa2164588ef47f5d93ebb1a05ab7fa8105729a48146663980ce98c591332,36,615
question,u04-s001-v009,u04,s001,system-two-variable-equation-definition,PENDING_MANUAL,ea6756e46300034850bc9e3ddc878e40016ba376ac60a46045ca5e9aca9ae2a3,36,674
question,u04-s001-v010,u04,s001,system-two-variable-equation-definition,PENDING_MANUAL,7568b32d13a65546de67e15d009e6876b3c66fac6b8ece92f6b9f949e30af7f9,37,753
question,u04-s001-v011,u04,s001,system-two-variable-equation-definition,PENDING_MANUAL,d25314e23551240f5ca76736278d980dce72924a409803712ef4ff5a036ea988,37,694
question,u04-s001-v012,u04,s001,system-two-variable-equation-definition,PENDING_MANUAL,dd1c71117557529610c7ee610e89cf244fcfbbde971c142f28b5e5ec190c2fa2,37,686
question,u04-s001-cr001,u04,s001,system-two-variable-equation-definition,PENDING_MANUAL,59893eedcdb1da83f2e9cedbf4a30b4053943b9848fd0f7e3aabf8ce12cff037,36,801
question,u04-s001-cr002,u04,s001,system-two-variable-equation-definition,PENDING_MANUAL,f9a4ea46974d5504c9b92467205e358bcf59744977db9ee13a78205c589773f5,32,737
lecture,u04-s002-lecture-r1,u04,s002,system-ordered-pair-solution-check,PENDING_MANUAL,b5e2b9aa1453d7cbf26502a885d0149a1fc36972d158716baabf9c78c5c80438,106,1675
question,u04-s002-v001,u04,s002,system-ordered-pair-solution-check,PENDING_MANUAL,582f044c3141e0ac5089971d3c18743ba841c432f6e24c5315540391c8680406,35,618
question,u04-s002-v002,u04,s002,system-ordered-pair-solution-check,PENDING_MANUAL,7045f913ef8b26f3dbf431521c5adf49238f0ff5cea30b2c19ec5a23562b6302,36,571
question,u04-s002-v003,u04,s002,system-ordered-pair-solution-check,PENDING_MANUAL,b40003dc22556278ba7f0b3769880a33f6cc1256ab1af4668efede9cc1a54ae4,36,580
question,u04-s002-v004,u04,s002,system-ordered-pair-solution-check,PENDING_MANUAL,98ca3aa56b2bbe650110b82ce927f8822f903ae624dcf15aff3d5e0a84edb904,36,584
question,u04-s002-v005,u04,s002,system-ordered-pair-solution-check,PENDING_MANUAL,f2fc29bcb10e60f986ca13dfa1422950ee0b59268efc02ef38c592f8af907ffe,35,626
question,u04-s002-v006,u04,s002,system-ordered-pair-solution-check,PENDING_MANUAL,03599d18dab47c0d3a49c68ac887ad132d4c6b591316db54eb08a0857c7feee0,36,600
question,u04-s002-v007,u04,s002,system-ordered-pair-solution-check,PENDING_MANUAL,e52d9236f68c9ae33ba658a8788a3b1fe0b54f3b59de304086afd1eef826a028,36,613
question,u04-s002-v008,u04,s002,system-ordered-pair-solution-check,PENDING_MANUAL,c23cc732adea2131d1bff2cacb708007ac6dce9f3ac93a52037356c5ae2daa80,36,631
question,u04-s002-v009,u04,s002,system-ordered-pair-solution-check,PENDING_MANUAL,815d1b7b1b10574d70d5136adf95096abadc023a4c8d833394916cbd03055450,36,627
question,u04-s002-v010,u04,s002,system-ordered-pair-solution-check,PENDING_MANUAL,e6856c857005ddd8455b3d6460b13f38019c3235e9220f3844c3a1ee0e7d3318,37,696
question,u04-s002-v011,u04,s002,system-ordered-pair-solution-check,PENDING_MANUAL,e00482bbd3ad58526584baff9d570c66ad3922a67febbd7552f73f37a56a694e,37,693
question,u04-s002-v012,u04,s002,system-ordered-pair-solution-check,PENDING_MANUAL,56ce2f1d182c49a81aa08a94a3da23c6b22ea4cc84cf29ac4eed885ae766a69a,37,644
question,u04-s002-cr001,u04,s002,system-ordered-pair-solution-check,PENDING_MANUAL,710c9b6cc8627f0a58028b0ada12349671a156fb978c4d7f47954d6750ba9864,32,702
question,u04-s002-cr002,u04,s002,system-ordered-pair-solution-check,PENDING_MANUAL,0a9a1ec52e1f3eaaddc50b38c16b5b27bae66513e180b2a696b3bac3a03f2855,34,718
lecture,u04-s003-lecture-r1,u04,s003,system-solution-meaning,PENDING_MANUAL,a0fe5b81376ea997d9741301d1ab490df26a961eeb42d32406d0b4532fa8a428,104,1609
question,u04-s003-v001,u04,s003,system-solution-meaning,PENDING_MANUAL,cfd1b9ea877d1d7e5d1ac1d9b918e51209a5beb0ccc8a6f08ba790f5adff7e43,35,601
question,u04-s003-v002,u04,s003,system-solution-meaning,PENDING_MANUAL,a8be72216a65c51a717f549dd87ab158024d6f50d30cb0b587401cc87455259f,36,584
question,u04-s003-v003,u04,s003,system-solution-meaning,PENDING_MANUAL,fb7aa4c029aa745d9eec9e9db243209e3711c6fe269d7a100b9532235494d0e6,36,618
question,u04-s003-v004,u04,s003,system-solution-meaning,PENDING_MANUAL,2ec8eeeca8202cd5f5731deea452f0f5c93a4801a3cd8d0e7fb5d0ca0752eacd,35,601
question,u04-s003-v005,u04,s003,system-solution-meaning,PENDING_MANUAL,8fb0af09ed1b287facc6556efb61789e0bcbc2a7cb216ad11566047f93fa638f,36,614
question,u04-s003-v006,u04,s003,system-solution-meaning,PENDING_MANUAL,076876da690f8c89fa95330deaa6d9e9b0e89f6c5ec70a881175675d17b85354,35,585
question,u04-s003-v007,u04,s003,system-solution-meaning,PENDING_MANUAL,68a15f91d6df7f1f53f7ea756e91bb61262b3c7077cb4c5ae1cb50dac90d9b32,36,671
question,u04-s003-v008,u04,s003,system-solution-meaning,PENDING_MANUAL,0c38f449107ec1001426f43010353e7b54695f50577b5805f5f92408fc78504a,35,579
question,u04-s003-v009,u04,s003,system-solution-meaning,PENDING_MANUAL,2c6b8d20157b0646830007364894675e4b5d7315eb4eaae0a21008a191a21433,36,602
question,u04-s003-v010,u04,s003,system-solution-meaning,PENDING_MANUAL,b627d6d023b9f4f7504da9af8b8477ac27ddfbdcbe3437142f9a2c0a6d9b7a99,37,682
question,u04-s003-v011,u04,s003,system-solution-meaning,PENDING_MANUAL,118589534103c36651849d07e0fbdd806e2bd255823e1b2ea05fe1adb9ca6de0,37,691
question,u04-s003-v012,u04,s003,system-solution-meaning,PENDING_MANUAL,954ddd055859cdaa74657adf74a3a78017c99e0c82c4270f6fed3a0358548459,37,633
question,u04-s003-cr001,u04,s003,system-solution-meaning,PENDING_MANUAL,2c18b2817d14b76c900b95ade4a3ea8a875c253c7fac5769dce57157f1a64313,33,647
question,u04-s003-cr002,u04,s003,system-solution-meaning,PENDING_MANUAL,a0468c86d69ab7f8538cbf98aa8586511f387e35abcf728409db7122ec24e5c1,33,638
lecture,u04-s004-lecture-r1,u04,s004,system-substitution-method,PENDING_MANUAL,7ef00c4cc98e13646a273fbebce693f41101383bdd04fdd15dd2fac72e64630d,104,1534
question,u04-s004-v001,u04,s004,system-substitution-method,PENDING_MANUAL,3d3edd8afb3971db3d94f4ab2b5907ecea60af2a7ae824e48466bfb5c4ca78e6,36,566
question,u04-s004-v002,u04,s004,system-substitution-method,PENDING_MANUAL,7d9c54b4d184d0faa020fdb4c2c4c7d2a09c477ae41e1afa6c3da7cccc49c064,35,527
question,u04-s004-v003,u04,s004,system-substitution-method,PENDING_MANUAL,29471ad7b0f7b6531f369228e584a64f0ed5f9688e0ef8a72cacb1f2e03420c8,35,535
question,u04-s004-v004,u04,s004,system-substitution-method,PENDING_MANUAL,b03030be6522e97a8c684806dbfbab0ca0f357c236f14f5f946abe3117aa1a6d,36,686
question,u04-s004-v005,u04,s004,system-substitution-method,PENDING_MANUAL,1e6587aa341c82cf01a4cecee6f66aa13cee040e3d9096f258d5725a58715c6a,36,574
question,u04-s004-v006,u04,s004,system-substitution-method,PENDING_MANUAL,22829e6c22befdbb2ed065dff0ffb4a556e94782943328ab2132aea680f6cb11,36,554
question,u04-s004-v007,u04,s004,system-substitution-method,PENDING_MANUAL,1699dad15772859cc6e0b262f41c45c414472cedc62af06b7c362b2918aa5be4,36,613
question,u04-s004-v008,u04,s004,system-substitution-method,PENDING_MANUAL,b520a47b9ff86818c617fffc4eab436fa1d14fef311257604f0c85fdd0bf4d22,36,645
question,u04-s004-v009,u04,s004,system-substitution-method,PENDING_MANUAL,1b7e6928734f579e7ee9353c1643e0272e3cf96852d1fe2e2f02523f5bcf828a,36,578
question,u04-s004-v010,u04,s004,system-substitution-method,PENDING_MANUAL,9e9362f4b2609821e440dbfa3cbbda0303af3e70854d803eac7d8b147ecc7570,37,623
question,u04-s004-v011,u04,s004,system-substitution-method,PENDING_MANUAL,d154e1f64183e5859f3733b9bb3e65a155feb79cfdc9d2a1550b5be6769d0c27,36,602
question,u04-s004-v012,u04,s004,system-substitution-method,PENDING_MANUAL,4c654e855c17e029260a8989b2d82973f2401aea5c907e60f890199d2377041d,37,655
question,u04-s004-cr001,u04,s004,system-substitution-method,PENDING_MANUAL,3fd42fe728042a383a582e4b140144936715b3561e62f10e5b713886f0b61e57,34,666
question,u04-s004-cr002,u04,s004,system-substitution-method,PENDING_MANUAL,32fcd40c816926b79eb1c08714e9c6cf5986b6c0be9703fe80bcf2ebe9d9749f,35,696
lecture,u04-s005-lecture-r1,u04,s005,system-elimination-method,PENDING_MANUAL,ae9305c954a94976f8bc9281270c884024cd89d10eaf992c52e6c6b010525031,106,1560
question,u04-s005-v001,u04,s005,system-elimination-method,PENDING_MANUAL,8dc0bf7a4c64882882c47d1a6699792b9ec9047016424a2fe3576351f34f2745,35,558
question,u04-s005-v002,u04,s005,system-elimination-method,PENDING_MANUAL,efd0eb9debb4648065ee4549fbccffd52bcf1b2756a449547d0b80ffdf8ac881,35,555
question,u04-s005-v003,u04,s005,system-elimination-method,PENDING_MANUAL,193ec3d58b197063ebc0d84a610032ec55ca3f7ae9abcc72f779ef9844b8887b,35,543
question,u04-s005-v004,u04,s005,system-elimination-method,PENDING_MANUAL,4a7e516221927a6ce22887ae5b5d3657ad795a9a0a9315bd0bcb57b06d5547cb,36,632
question,u04-s005-v005,u04,s005,system-elimination-method,PENDING_MANUAL,837457b42d0b001ac7151d185cc61da3e7dd92435e04b67910c7d29663f34a79,37,689
question,u04-s005-v006,u04,s005,system-elimination-method,PENDING_MANUAL,e9fa502a095f0950cdf604b857170e41b1a9f2070fa542eacec261b35204c1c3,36,553
question,u04-s005-v007,u04,s005,system-elimination-method,PENDING_MANUAL,194566bfba3c1bf3884d95fce68155f42c7a20a0e76aab50c965907cb47b6123,35,550
question,u04-s005-v008,u04,s005,system-elimination-method,PENDING_MANUAL,2f49db50a9574c9f8d27ac22d91c6da4bbaa967c09dce44e33712a9ca6b2b8e9,35,530
question,u04-s005-v009,u04,s005,system-elimination-method,PENDING_MANUAL,f09bbc56a1c90e40422aba2ebb4c7b2bfe094333e785823e1fc662a2eb476778,36,588
question,u04-s005-v010,u04,s005,system-elimination-method,PENDING_MANUAL,ae051b71590289fdb6bfcfff787a5c211bef92071382dcc3948789bcb91e04dd,36,681
question,u04-s005-v011,u04,s005,system-elimination-method,PENDING_MANUAL,e0783066c9e60685d214d3fe95037e1946f344b0261a9da5e60b893b5452682f,36,576
question,u04-s005-v012,u04,s005,system-elimination-method,PENDING_MANUAL,6ce43b13368bb1ed5debf266513f4ca79055068f102f7704372dd64f3227ec09,36,648
question,u04-s005-cr001,u04,s005,system-elimination-method,PENDING_MANUAL,66e807f9f8f7c8202648c64c52ced8b713c107fcecf8392c2aa23dfa2c22da0b,33,581
question,u04-s005-cr002,u04,s005,system-elimination-method,PENDING_MANUAL,f48e431b4a739c81d49bc4e81fcf1932e0f4f385df4d4aec5058ce97584384f3,34,658
lecture,u04-s006-lecture-r1,u04,s006,system-elimination-scaling,PENDING_MANUAL,16655fcd39ad11be4c821b4eb88c6489c5a5ed1f156c720b5707261c005a3f19,102,1601
question,u04-s006-v001,u04,s006,system-elimination-scaling,PENDING_MANUAL,1cb92240ff9f745c6e7c60914284f8d4fdba7a74768b5f005852938b34099e04,36,558
question,u04-s006-v002,u04,s006,system-elimination-scaling,PENDING_MANUAL,ff9eda2c1990a62537b74bb6b70d5ecc185c795fba9490a0f80a972b81ed267c,36,543
question,u04-s006-v003,u04,s006,system-elimination-scaling,PENDING_MANUAL,3543f747c4deebc84737656fe452719a0abdc4a21988c30548d07d1fc64a58ac,35,592
question,u04-s006-v004,u04,s006,system-elimination-scaling,PENDING_MANUAL,124a7464302278028b880950b3d656b2d90837b9db1a3ba6b2bb47250035ae1f,36,671
question,u04-s006-v005,u04,s006,system-elimination-scaling,PENDING_MANUAL,838d0e15a15c7cb0917fb01fcb66719f36abddd35f6c663978ebf6e8aaed3a28,36,563
question,u04-s006-v006,u04,s006,system-elimination-scaling,PENDING_MANUAL,aad07233edbdb5c1307904b8e8f2741f14dd9745a29d488d87d13da79a3f86f7,36,709
question,u04-s006-v007,u04,s006,system-elimination-scaling,PENDING_MANUAL,ac5c8009d4acde0925a360efabf7047245221156f291c7ddaef4dde6d53857b1,36,586
question,u04-s006-v008,u04,s006,system-elimination-scaling,PENDING_MANUAL,98ec91e51dca0cfe49e219397b2ab5e344038a4de35b3af0fe458534d9c21d2d,35,626
question,u04-s006-v009,u04,s006,system-elimination-scaling,PENDING_MANUAL,69a77bda17e65d73f4b274d3ccbc6994e0fc873bf59eed66614e0b57e482ca6d,36,545
question,u04-s006-v010,u04,s006,system-elimination-scaling,PENDING_MANUAL,49ebed9e20cb0b8e9444919a5c975ff9738dcd8e8b01e471b05325a82a165d65,37,724
question,u04-s006-v011,u04,s006,system-elimination-scaling,PENDING_MANUAL,74781b325f7f7ec33421be2f1c45fa6d0a39217726243e71a21c9391070bfa59,36,672
question,u04-s006-v012,u04,s006,system-elimination-scaling,PENDING_MANUAL,c500d1daa3c261c076773f1e627727db55b35ec03a34338d549e23b44f224850,37,733
question,u04-s006-cr001,u04,s006,system-elimination-scaling,PENDING_MANUAL,c4fa6a0fac61959be703633a6d3c25f109b2b3b0c805d45640e76c19ec83d7aa,35,647
question,u04-s006-cr002,u04,s006,system-elimination-scaling,PENDING_MANUAL,ccd42ca0b3f64e55694527cad2e402fb48a2d722ac638065c7acbbae4f72effe,34,650
lecture,u04-s007-lecture-r1,u04,s007,system-special-cases,PENDING_MANUAL,135bb438ec905dd59b6f906f5a37ec68fd249c9c189c35a7c85f4166b18976b4,108,1621
question,u04-s007-v001,u04,s007,system-special-cases,PENDING_MANUAL,bb74cdd9a33a486f920916daf1f0d2493a83ea804bb0f661a025cd7dd6b4c516,35,563
question,u04-s007-v002,u04,s007,system-special-cases,PENDING_MANUAL,aacc56daac24a7aefde1d8edb09f159ff35f5e538d7cd7eb1a25a1703eb97700,35,529
question,u04-s007-v003,u04,s007,system-special-cases,PENDING_MANUAL,50a66e93c864f6850aed1f9ecf675cd006d9af1a7e915bca26a115291719ccdf,35,597
question,u04-s007-v004,u04,s007,system-special-cases,PENDING_MANUAL,8d707f1bc3f5149d80553c348ab222180ec8d08d2ec8aceeb01d57379752cbae,35,547
question,u04-s007-v005,u04,s007,system-special-cases,PENDING_MANUAL,f2473a7b7dd6c011c01d9dcaff86dc43cce531577669d330a1188f5d7e5190db,35,599
question,u04-s007-v006,u04,s007,system-special-cases,PENDING_MANUAL,936da2b5dfa793828604d4a89339a16b023bc0e600170daeeb2787fee2889255,35,544
question,u04-s007-v007,u04,s007,system-special-cases,PENDING_MANUAL,9c2f8bd7a86f381b54ac7e270aaa2180f09d11c42762f05b294f6acbca569f91,36,593
question,u04-s007-v008,u04,s007,system-special-cases,PENDING_MANUAL,f5f230a151fb6f167b7b378ba218e28441d4cc75d35959f1f68baf661403c56f,36,575
question,u04-s007-v009,u04,s007,system-special-cases,PENDING_MANUAL,bd771c9bcdd5b8d8f29fe5fc295237ede9aeadefa6c9f6f8b4206392835c4c6d,35,600
question,u04-s007-v010,u04,s007,system-special-cases,PENDING_MANUAL,68ef3cd189eae79d3a6131c1f562d08ec34ccd2c13743de33f8d9ecbd8bad88c,36,635
question,u04-s007-v011,u04,s007,system-special-cases,PENDING_MANUAL,7c30a6152c7b7eda0f88268767a08d592999be0742f2fc0e48f373bca833d7ba,36,636
question,u04-s007-v012,u04,s007,system-special-cases,PENDING_MANUAL,dd5123b69e681424f703b0a3f6393f9bedc9086a4b40fa7e87b8a79d6f85162c,36,666
question,u04-s007-cr001,u04,s007,system-special-cases,PENDING_MANUAL,60933f30d71c668034b150efd94b872ca8a9ab533de28ac798b67e8a9acca776,32,669
question,u04-s007-cr002,u04,s007,system-special-cases,PENDING_MANUAL,ef5ed12f7baa2ea3d5e82db8cf4424e35b796e531779847da0d8e491ebe5ae94,34,774
lecture,u04-s008-lecture-r1,u04,s008,system-word-setup-basic,PENDING_MANUAL,83ff5f943824ecb2d2016875160a15f63b9637186d790f1f1e8ff4dcf3237f4a,111,1640
question,u04-s008-v001,u04,s008,system-word-setup-basic,PENDING_MANUAL,29ee3d995d93cacc09cfbcafb596b0c83e670cff65f591d62715e375f59960eb,35,567
question,u04-s008-v002,u04,s008,system-word-setup-basic,PENDING_MANUAL,2b23fb0e85a8817ea524d89db66f7e21010827bdb4b2631be9776b2da36b8f3a,35,564
question,u04-s008-v003,u04,s008,system-word-setup-basic,PENDING_MANUAL,f152d1aebc517835cb21f8d43b5bb2157a890e9e2f59c03fa24bd9cd18f35229,35,539
question,u04-s008-v004,u04,s008,system-word-setup-basic,PENDING_MANUAL,f2705727abf08dcc550219667723b96d2e198d41195a3546dca22df5cf8da150,36,616
question,u04-s008-v005,u04,s008,system-word-setup-basic,PENDING_MANUAL,f622eef8872ff8c7e4cb3bcab7edd6c11b883f1ba32542ef3e93e6306d3d025c,36,625
question,u04-s008-v006,u04,s008,system-word-setup-basic,PENDING_MANUAL,08106b1e60e61b41f18b7f30a27816b6af8fb6d3f5218b4ff54a1217a47ec0bb,36,576
question,u04-s008-v007,u04,s008,system-word-setup-basic,PENDING_MANUAL,36dcfa16b3ca8cd1c4847ebf0f997c2700ad204ce7dbfe0308eda2cb74117c62,35,597
question,u04-s008-v008,u04,s008,system-word-setup-basic,PENDING_MANUAL,1e649db89680efa7649db3242ecb86727bea32749179f999594419c534ad786b,36,653
question,u04-s008-v009,u04,s008,system-word-setup-basic,PENDING_MANUAL,335700b16218a68033f6aedf3f93a2d8d4fe73ea62812741efa826d88572d838,35,612
question,u04-s008-v010,u04,s008,system-word-setup-basic,PENDING_MANUAL,0ee84825a96dcc98737a25f3ea6bfefe939e33af10d58c17f80a70d4b66ad295,37,655
question,u04-s008-v011,u04,s008,system-word-setup-basic,PENDING_MANUAL,7afa370fcff336c3f462800fab0f7c645eab5699054b28e78e7ba4ccb59cf49c,37,732
question,u04-s008-v012,u04,s008,system-word-setup-basic,PENDING_MANUAL,a0ea876b82a1d88151129002c857481a069c772450519786936221f003e74718,36,711
question,u04-s008-cr001,u04,s008,system-word-setup-basic,PENDING_MANUAL,44573491644dc61bff5e2908efc9339845daf9d8df319decd5646265eda3cf0b,34,599
question,u04-s008-cr002,u04,s008,system-word-setup-basic,PENDING_MANUAL,b74904a5afc2cf8a146a89bde796590a18d44b538aa14270a1dcb17be331ebae,32,752
lecture,u04-s009-lecture-r1,u04,s009,system-chicken-rabbit-problem,PENDING_MANUAL,c80fdb2174939e44715a74d03249d1418c5e3b37a807d03bd4e2cb74bb41652a,107,1556
question,u04-s009-v001,u04,s009,system-chicken-rabbit-problem,PENDING_MANUAL,a0cc93ad24e303f105cabb2acb4962bdb0ab37e4a41d536c13c64242d6e9e05a,35,555
question,u04-s009-v002,u04,s009,system-chicken-rabbit-problem,PENDING_MANUAL,839789abb57747a5aa1299032b3ad40141bdf823c49a6d528018b7e4572dfd36,36,555
question,u04-s009-v003,u04,s009,system-chicken-rabbit-problem,PENDING_MANUAL,6fd7b9270b3a37014a34852b284b432a8b5cae7d277820ffae982f0a29d0979b,36,544
question,u04-s009-v004,u04,s009,system-chicken-rabbit-problem,PENDING_MANUAL,84b9f221c4e0558d29e14befa0f10e1b6b6f96048f11736983410ad3e5c971ea,36,541
question,u04-s009-v005,u04,s009,system-chicken-rabbit-problem,PENDING_MANUAL,ab0e9a2db0d597344e64ef33dbe2ff71672aae8091bd306b66f88cee4d8a1d1a,35,517
question,u04-s009-v006,u04,s009,system-chicken-rabbit-problem,PENDING_MANUAL,0c5e5c572051f4e8cc665f4ef68fe8502c40c2923c9c757f63f7711b6387e8d6,36,558
question,u04-s009-v007,u04,s009,system-chicken-rabbit-problem,PENDING_MANUAL,8ede43176d98c7754a7788793c1ea1277c5a9476e42043d0ad437591ff4d6eee,36,554
question,u04-s009-v008,u04,s009,system-chicken-rabbit-problem,PENDING_MANUAL,b8519787c1068575de9f6c888ae2332f5fa1bb8c88066dc90dee38c5f8178ccd,36,567
question,u04-s009-v009,u04,s009,system-chicken-rabbit-problem,PENDING_MANUAL,c34b86dd625b63972ca11f60bf5b14b8ace9d7da13c1b965711c955a44fd1daa,35,605
question,u04-s009-v010,u04,s009,system-chicken-rabbit-problem,PENDING_MANUAL,2c7956ed66ad035fb977e2c99d716e9aecf8144374708102d6a2ca3e654a02a1,36,660
question,u04-s009-v011,u04,s009,system-chicken-rabbit-problem,PENDING_MANUAL,f182dd42a3c9b5c8c4c1e4df88e5fb433351669ae2fb65ea3e2c325830e18d4f,37,617
question,u04-s009-v012,u04,s009,system-chicken-rabbit-problem,PENDING_MANUAL,87e5197e5160979938e8209751a43675e2fab7a2889e774bfad6886c71d3f70a,36,614
question,u04-s009-cr001,u04,s009,system-chicken-rabbit-problem,PENDING_MANUAL,e4aa2480fb6d1ffd3279060cbdcf0c0168580677bb8d8cc1c2957b7cfeb5c8a7,35,641
question,u04-s009-cr002,u04,s009,system-chicken-rabbit-problem,PENDING_MANUAL,1d14beba7bf0258b7d1d634be7402a966a657ea859b3451f241e34331ce1e5fc,34,644
lecture,u04-s010-lecture-r1,u04,s010,system-ticket-price-problem,PENDING_MANUAL,0da12a288c295ef43a23da84d013fa514eb3d9bf846eac100cc2451329b620f6,102,1569
question,u04-s010-v001,u04,s010,system-ticket-price-problem,PENDING_MANUAL,de8703c489cf7501b4f2aed879bd5cc0ff15d0fbafc6b282629292a19e94601c,35,540
question,u04-s010-v002,u04,s010,system-ticket-price-problem,PENDING_MANUAL,14a83037fcc1cbcbe67107e7823ad23851c7656a738a836c244d96c5d9155ad0,36,601
question,u04-s010-v003,u04,s010,system-ticket-price-problem,PENDING_MANUAL,740db3da47416d8d0b9e290e2649f56670902ae3e6e40cabab31bc0b39158a67,36,575
question,u04-s010-v004,u04,s010,system-ticket-price-problem,PENDING_MANUAL,dd47a644de0a12053114055289d245f2a76baea03251164bb7bab9dcd943b6fb,36,593
question,u04-s010-v005,u04,s010,system-ticket-price-problem,PENDING_MANUAL,ccbe5cb6c13604bc9045bb94de0ffe3addd2c7520850d778b5b0984a8fcce532,35,578
question,u04-s010-v006,u04,s010,system-ticket-price-problem,PENDING_MANUAL,3696712cb9b7750d613b5baee1832ee26d4e16e7e49b4321177322f0811d8fbc,36,603
question,u04-s010-v007,u04,s010,system-ticket-price-problem,PENDING_MANUAL,fc452e5e289ceb69474d756a2ac53c56137b07c7d04868c82394f79f7a2027dc,36,593
question,u04-s010-v008,u04,s010,system-ticket-price-problem,PENDING_MANUAL,66d2deb37aa652e1d50252e24685fc117f157479f76029f882feb90dc40ccec8,35,576
question,u04-s010-v009,u04,s010,system-ticket-price-problem,PENDING_MANUAL,f2a0f30943dc58ca4d52c374396034b6ab72d4ddb6e049f68659476980024857,36,664
question,u04-s010-v010,u04,s010,system-ticket-price-problem,PENDING_MANUAL,56185b8aca1f07d4811e44b10018d0b07d04af307e954baca46ad5c786c5dc56,36,603
question,u04-s010-v011,u04,s010,system-ticket-price-problem,PENDING_MANUAL,350a8e8bdc82237d1ce43ef96db5277bf038966298fd38f3d3754477231da530,37,650
question,u04-s010-v012,u04,s010,system-ticket-price-problem,PENDING_MANUAL,a528307d179d02d822c69676d56cb93dd8fc3950dde1862b36fa76253412a52a,37,637
question,u04-s010-cr001,u04,s010,system-ticket-price-problem,PENDING_MANUAL,0233e0ebee439c395ebdb26e4df6d35285334dc0d569a176060f2d7c697b8ccd,34,739
question,u04-s010-cr002,u04,s010,system-ticket-price-problem,PENDING_MANUAL,213d7021d85ce0f27225ab0f899a29ba1f8320f76ef592c8b44f47dee81e5f41,32,664
lecture,u04-s011-lecture-r1,u04,s011,system-quantity-price-problem,PENDING_MANUAL,3e7edf376cbf5d956f3bef7fbe629c43e99bc1da2c5459ed4d0bec56bb57e2eb,101,1503
question,u04-s011-v001,u04,s011,system-quantity-price-problem,PENDING_MANUAL,dc9c82b6da41aaa3a1fe81155d31b6671aab9b42507ce463be77fbf0a6b5140c,36,568
question,u04-s011-v002,u04,s011,system-quantity-price-problem,PENDING_MANUAL,1446e99765d5b1b756aa5dede55672b7e74e81fe8e121e6e9b94567c74cc12f9,35,542
question,u04-s011-v003,u04,s011,system-quantity-price-problem,PENDING_MANUAL,9165249b179ee3d8b4e3f6bcdb7fca9f2f760f3c98a44843cebb8e863c6fd3b2,35,522
question,u04-s011-v004,u04,s011,system-quantity-price-problem,PENDING_MANUAL,d8cd3b4f9302c6ad10a0f38fe37363f94cd3af47513c9e33e28e20e4c59e5d52,36,573
question,u04-s011-v005,u04,s011,system-quantity-price-problem,PENDING_MANUAL,058f8fdd139a110e433be883187fb5cd9fcb92c294ca636c9ab9a04998669168,35,583
question,u04-s011-v006,u04,s011,system-quantity-price-problem,PENDING_MANUAL,0d4262374a4164bacc792cb327979d1ed3dc56cbf22ad7f49fd71be438ac2f2d,35,543
question,u04-s011-v007,u04,s011,system-quantity-price-problem,PENDING_MANUAL,5a4b148710db86feb56e55ab86c0ff56dac9d16714c513095f65ce6e82491719,36,585
question,u04-s011-v008,u04,s011,system-quantity-price-problem,PENDING_MANUAL,7e58c927c07b29be74615c679fcae4b2709f07e62f082994046b4adf1233ad9d,36,607
question,u04-s011-v009,u04,s011,system-quantity-price-problem,PENDING_MANUAL,8698cd6debb2282b852a0971590d20d7cba225708909fc0c3f9c64631fcf6ab7,36,592
question,u04-s011-v010,u04,s011,system-quantity-price-problem,PENDING_MANUAL,528fa8e9e2ef596370045610474c4ef44029565222c13f06c6448eef876caec3,37,602
question,u04-s011-v011,u04,s011,system-quantity-price-problem,PENDING_MANUAL,429d0b537d7bf880977d4dbead8dc7edbc45f3ea2e4f5fc10ebbca3056a9a1d6,37,622
question,u04-s011-v012,u04,s011,system-quantity-price-problem,PENDING_MANUAL,fa2caf92eadc0aeb4b544c17f7aa2a53ce69c25c663f33bb7aeee5170570c31e,37,853
question,u04-s011-cr001,u04,s011,system-quantity-price-problem,PENDING_MANUAL,7b8ebe9544ece32436ecce35c33565415aa1d15f8da43a02009e6102fb225572,35,612
question,u04-s011-cr002,u04,s011,system-quantity-price-problem,PENDING_MANUAL,4cf83c228d53d598c234b4d19ad2a52dfe078e0ab93128b96439119ec279d98b,33,708
lecture,u04-s012-lecture-r1,u04,s012,system-rate-problem,PENDING_MANUAL,cd0df52777a8040b9690e24e07fea5476e42ae59b6df2832bed782525df4078d,108,1653
question,u04-s012-v001,u04,s012,system-rate-problem,PENDING_MANUAL,da46f45b356cfec865bf0fba6b0175b9160b6c9a74071c1d178e02c85d95b034,34,545
question,u04-s012-v002,u04,s012,system-rate-problem,PENDING_MANUAL,7f7d31889138d5c8e430402d39338c91dc67546bdbca9950f839e4e11fd5422d,35,522
question,u04-s012-v003,u04,s012,system-rate-problem,PENDING_MANUAL,404357ad8449451136aa8daa28b68a2798d75c99bcb08f1ab1bcc285783040a0,35,579
question,u04-s012-v004,u04,s012,system-rate-problem,PENDING_MANUAL,d4e0d9d6721a26e55903b53391a476d6a060f47ca8da1408ce3c9eaa47d1c130,35,558
question,u04-s012-v005,u04,s012,system-rate-problem,PENDING_MANUAL,76da0692518d5d1e5ef41a8254124388dd9e0ea683ed67d5a160e46b0759e62e,35,568
question,u04-s012-v006,u04,s012,system-rate-problem,PENDING_MANUAL,e73dc48ac23d86b3119c27cfdb51f2aca51f268bd391cdb4f397c4d405749d90,35,656
question,u04-s012-v007,u04,s012,system-rate-problem,PENDING_MANUAL,813b0eb4d4b41e481f5af5ca9f4a0811eeb35f558bd5984e2595b475b238035d,36,608
question,u04-s012-v008,u04,s012,system-rate-problem,PENDING_MANUAL,64b5a317c0da7e3d210c79d296cab2f9ddb4e23285023ecbea87f540027f078b,35,606
question,u04-s012-v009,u04,s012,system-rate-problem,PENDING_MANUAL,45a847a7c82f0665f59cd0e1e0d55118a1dedd08114e45c27c1d4c262244397e,35,612
question,u04-s012-v010,u04,s012,system-rate-problem,PENDING_MANUAL,ab6beabb9c25a4d50d172172d2e04c259cdc681920e3f00ef3a8b5681903e433,36,631
question,u04-s012-v011,u04,s012,system-rate-problem,PENDING_MANUAL,ced332f50dc09fc7702601fba90299c6e6e89f0b83261c4320ac1f1d18ac05ec,37,628
question,u04-s012-v012,u04,s012,system-rate-problem,PENDING_MANUAL,5f99526c18d8a6dcf8acc8aaf46f994399521d9414488cbef7f89e0c1ff22fe8,36,617
question,u04-s012-cr001,u04,s012,system-rate-problem,PENDING_MANUAL,d9d702dc1ca7abe07f90a6855d954415566f3d28a7c3fc38623cbf6ad5ee8d53,34,644
question,u04-s012-cr002,u04,s012,system-rate-problem,PENDING_MANUAL,98b224d445057548b1d7f9d1737a4c7d02caae1a4a3d2065e5a7d9fc30e7265e,34,670
lecture,u04-s013-lecture-r1,u04,s013,system-mixture-basic,PENDING_MANUAL,e30df14ec5479da8353c3dbfe0c9248c4570146072646b3c47afd968253c1521,105,1534
question,u04-s013-v001,u04,s013,system-mixture-basic,PENDING_MANUAL,1579ae2c4a8dffbfa783e1b4403ed29a10f070ad04fef3fdfec87938e67de59a,35,515
question,u04-s013-v002,u04,s013,system-mixture-basic,PENDING_MANUAL,6e63092621a434d79be880a665c0c061c65edf3e84ae1181aab4b229e04424e2,35,514
question,u04-s013-v003,u04,s013,system-mixture-basic,PENDING_MANUAL,8dc2942961aa68c9e32b95c6e049052198d21c51afb44829fab84307302874cd,35,538
question,u04-s013-v004,u04,s013,system-mixture-basic,PENDING_MANUAL,50f0fb3c2da68eb03a9cde2c89a051485e2481127a6423e00a341d6cd0510f6e,36,609
question,u04-s013-v005,u04,s013,system-mixture-basic,PENDING_MANUAL,fc285d6eb8855144e4ef1ce4e4a4ea78e3b9c4b691c787655b149ee9f84d137b,35,565
question,u04-s013-v006,u04,s013,system-mixture-basic,PENDING_MANUAL,e2cfaf17f9ba64f4723375fe1d0cef0d155bd76b6217303e14905596bbfb5713,36,580
question,u04-s013-v007,u04,s013,system-mixture-basic,PENDING_MANUAL,e1648259e617093a8bd332e70dd0d01b1029681335411370497d7ced6cae70aa,35,651
question,u04-s013-v008,u04,s013,system-mixture-basic,PENDING_MANUAL,9dac6870f63eef0d9a5e3bc56eee4193f9b4a888ed140a45cfa5e11bbd2e2b94,36,611
question,u04-s013-v009,u04,s013,system-mixture-basic,PENDING_MANUAL,800857c66ba90e82ff0c1a5a38d81e922907c6783670fc9eb331d2aefb3fa1e6,35,580
question,u04-s013-v010,u04,s013,system-mixture-basic,PENDING_MANUAL,f35ac023dfc76ead99ce03e11341f09daf6ed4d57acf00e49d3725394ac76752,36,614
question,u04-s013-v011,u04,s013,system-mixture-basic,PENDING_MANUAL,c55e575b6adc9d8365665969693da4f8cfeffd6325ab9a439ab6f370f3a78a59,37,614
question,u04-s013-v012,u04,s013,system-mixture-basic,PENDING_MANUAL,20f0b18423ac29f812114341fe8ba86da83b0d373fdbbdba705837c16dd47db0,37,633
question,u04-s013-cr001,u04,s013,system-mixture-basic,PENDING_MANUAL,c9b19f4ad974ec3f5720a5d46de89cfa303836cf3173ebef9d91fea82b774fc2,34,647
question,u04-s013-cr002,u04,s013,system-mixture-basic,PENDING_MANUAL,cf8888341dad715735396b1ff228ab91813daaa1a6b9a13345b368f093397351,34,715
lecture,u04-s014-lecture-r1,u04,s014,system-literacy-context,PENDING_MANUAL,5afc1c859770c34de37895ef7f943ca291474caa36c8b373ca56745623cf3602,109,1739
question,u04-s014-v001,u04,s014,system-literacy-context,PENDING_MANUAL,a5e3449052bfc71ae95ca1f1c6cf16858b25d04556a302c8a47e8507b74a7ae7,36,559
question,u04-s014-v002,u04,s014,system-literacy-context,PENDING_MANUAL,6381996ad72a4353a4684d66070a8642e1b5f0df1144ea2e4f9cbacc7d2727fa,35,491
question,u04-s014-v003,u04,s014,system-literacy-context,PENDING_MANUAL,d5f4066649b9f543a078ec9fd1fc0d74e5954b1cdd9830618139e2ad653e8a23,35,569
question,u04-s014-v004,u04,s014,system-literacy-context,PENDING_MANUAL,7aa7868ddb332f92744d26c4b7535ac8808f98c2cdca52cd9ae1977b61b6eae1,35,563
question,u04-s014-v005,u04,s014,system-literacy-context,PENDING_MANUAL,2b3008775ea1f8ab36c786cf083072d245ea20412ad38d941cacca5f15e222db,36,579
question,u04-s014-v006,u04,s014,system-literacy-context,PENDING_MANUAL,da5ed5fe2988ff65d9321eab71a971d4b2611bb22fd735bed17ae0e88c8d4b9b,36,598
question,u04-s014-v007,u04,s014,system-literacy-context,PENDING_MANUAL,7b196a203895f89e3c87aa1c700ff7628498f38bb620ede337253e6c66a51669,36,680
question,u04-s014-v008,u04,s014,system-literacy-context,PENDING_MANUAL,89a55d7ffcdb7ff24f5ed229120f983d2be46918a3554d7f051284a981b2756c,35,623
question,u04-s014-v009,u04,s014,system-literacy-context,PENDING_MANUAL,91b83fad3d0588a9f73f339035124be315dbe45da6d3efb6cf5d9a506d7d1f62,35,645
question,u04-s014-v010,u04,s014,system-literacy-context,PENDING_MANUAL,ad25d82d493a0ecc356672356a637bd4cf264913aafe0fff6c00207d9db8287f,37,613
question,u04-s014-v011,u04,s014,system-literacy-context,PENDING_MANUAL,b2200b92aecc7e6fe620ece12fc9a29ea7756ad5f842a53f7a763b1d4287b39a,36,643
question,u04-s014-v012,u04,s014,system-literacy-context,PENDING_MANUAL,bc7b81c6ced167bd4c57f561f4c604756afe21622e85d72b8172d3228c7e837f,37,628
question,u04-s014-cr001,u04,s014,system-literacy-context,PENDING_MANUAL,56d9dfc9e35cd33d295f6b968cdccd7e827b2fd4b3b864559b0ae81a7fa108f5,34,721
question,u04-s014-cr002,u04,s014,system-literacy-context,PENDING_MANUAL,0b6fd22903c9753ff6c0bed06628ce1cad41693f16da4737fadfa203938d3e62,34,732
lecture,u05-s001-lecture-r1,u05,s001,coordinate-point-reading,PENDING_MANUAL,d094ebfdc62b9436ea9fc85af4049565fb7b1489850689474a3c24e47f90873c,128,1980
question,u05-s001-v001,u05,s001,coordinate-point-reading,PENDING_MANUAL,df1e366e55dc392e83f4d9ae15259c7faa26fe4de19f5f3b1433d051f18d347e,38,774
question,u05-s001-v002,u05,s001,coordinate-point-reading,PENDING_MANUAL,3c8f84420d251fe1813df6dc00b37a3d6d22e0c3ba0c03194cb074376780d4bf,38,686
question,u05-s001-v003,u05,s001,coordinate-point-reading,PENDING_MANUAL,22bf4be758620043226332f486b5f63085989feca79b4feced6178efe39b352a,38,640
question,u05-s001-v004,u05,s001,coordinate-point-reading,PENDING_MANUAL,75581570fa8f1e94e8e738e540578d43b959253ae9b52670982bff7a86aeba9d,38,686
question,u05-s001-v005,u05,s001,coordinate-point-reading,PENDING_MANUAL,c3da1a4d3d915b0f492360c027dcdd48a6f946355ef08ea719ef1097efdcad55,38,647
question,u05-s001-v006,u05,s001,coordinate-point-reading,PENDING_MANUAL,750e76cd0596d53d53f522b35208a75d46ad53ce88279c6488ea8bbb975ffd17,38,764
question,u05-s001-v007,u05,s001,coordinate-point-reading,PENDING_MANUAL,901642a4ad6959b3be75d0ba7db0483ef12db8f84aebc762305837d4e52a4f53,38,697
question,u05-s001-v008,u05,s001,coordinate-point-reading,PENDING_MANUAL,5e28284d99b6db116cdc5d19060bdedb68f0519d9f81b4b452ff1af7986fef00,38,676
question,u05-s001-v009,u05,s001,coordinate-point-reading,PENDING_MANUAL,173363f8375f0af7ff15231cea4b92738dea02faf10ee6f00822736e1bbd25e5,38,691
question,u05-s001-v010,u05,s001,coordinate-point-reading,PENDING_MANUAL,bc6671e78d8a1ffa4a5afced3b9767133c4aba33366892efbb3460bdd5c262af,39,787
question,u05-s001-v011,u05,s001,coordinate-point-reading,PENDING_MANUAL,7f86eb7dce3f59166be6bba0bedf2f0b7263e57ef9fd90998db9a3b8461e7493,39,839
question,u05-s001-v012,u05,s001,coordinate-point-reading,PENDING_MANUAL,7227d48e5b8c6535e22f542356d26047ab6ad33e598675d693bc690323c1598b,39,858
question,u05-s001-cr001,u05,s001,coordinate-point-reading,PENDING_MANUAL,a7c9882128230ae9c8f6e1d540ff47b9353029076567064e159864f6836ee7be,34,944
question,u05-s001-cr002,u05,s001,coordinate-point-reading,PENDING_MANUAL,a019830690b946aed56932aeb90973acb5c9e9508a33638951d5448bea3ead55,35,950
lecture,u05-s002-lecture-r1,u05,s002,coordinate-quadrant,PENDING_MANUAL,fa6bf316365b51e027676d8fc589db4ca1916eb847e1b268aecba906d5722999,130,1857
question,u05-s002-v001,u05,s002,coordinate-quadrant,PENDING_MANUAL,924f9c04ab0fffe71ba8066262d38da5bbf36fe8eb92b30a8578d0db85bb8c83,38,631
question,u05-s002-v002,u05,s002,coordinate-quadrant,PENDING_MANUAL,d4f53326ab2e0a0fbaee251a9e3662d561c427b4d33ba66dfac6ece6ffc2bce5,38,626
question,u05-s002-v003,u05,s002,coordinate-quadrant,PENDING_MANUAL,894207c50cdf8751d79f145157c4d8998ceb8ca9c8c8e66992f1741d6772cf6f,38,637
question,u05-s002-v004,u05,s002,coordinate-quadrant,PENDING_MANUAL,9a82db76bdaaf7def3cec679c0e941d243376aa9f10e916008e01b6628877dd5,38,652
question,u05-s002-v005,u05,s002,coordinate-quadrant,PENDING_MANUAL,18b9492d53676f936f9f56fbe7f1e4cfca051fa7d35c3327e71266aab87e0411,38,636
question,u05-s002-v006,u05,s002,coordinate-quadrant,PENDING_MANUAL,1be62ccd37f7c9c6129dc7aa251ca520261de52d0ec9a6ee8358675b3b1404f3,38,677
question,u05-s002-v007,u05,s002,coordinate-quadrant,PENDING_MANUAL,a24b334e7fb32df2262d4e985415c93610260216b08d475c9d096245f998622a,38,692
question,u05-s002-v008,u05,s002,coordinate-quadrant,PENDING_MANUAL,69b7448f5f0a656707b2fbf6922d08a43fd275c3a9e1964adb77029f77f2b6e8,38,674
question,u05-s002-v009,u05,s002,coordinate-quadrant,PENDING_MANUAL,9dd70681cfe846e22e216a153caedddef2bed92762c81da94d854fcf0acbbc53,38,730
question,u05-s002-v010,u05,s002,coordinate-quadrant,PENDING_MANUAL,cec64cde1016d979668be85041e9271eb7be0dfa67bde741ccfde92a1624200d,39,727
question,u05-s002-v011,u05,s002,coordinate-quadrant,PENDING_MANUAL,a8c92e88bdb9a82be45c2a6d5fddb2ca08ad9182ce05930771bdf4ea9d54fe2d,39,805
question,u05-s002-v012,u05,s002,coordinate-quadrant,PENDING_MANUAL,2c92d7209e1cb3a0813071d60f4cc47ff18a1cbbf676987ee8c09fe3bd5c2fbc,39,780
question,u05-s002-cr001,u05,s002,coordinate-quadrant,PENDING_MANUAL,53455cae99062c12462a36a7243a66ad7d61ade306bbe4288b6dde242038b0c2,34,879
question,u05-s002-cr002,u05,s002,coordinate-quadrant,PENDING_MANUAL,919e3214598f248083c35b9af5399f7a5605f6aa96733a988e37e51c46d9e839,37,935
lecture,u05-s003-lecture-r1,u05,s003,coordinate-axis-points,PENDING_MANUAL,898d95f414ec2e78441deb0040e970ead59eb7dcbb5fab53d90294f1d4691293,134,1922
question,u05-s003-v001,u05,s003,coordinate-axis-points,PENDING_MANUAL,a5c4575079e397b07e03f86637c90129915cf55c56d01d2e7174c9068a74389a,38,655
question,u05-s003-v002,u05,s003,coordinate-axis-points,PENDING_MANUAL,6fa6db23e1c6127a1b92fa5d7c838f92cc0111b0197b0c4b69ba01185f058230,38,624
question,u05-s003-v003,u05,s003,coordinate-axis-points,PENDING_MANUAL,e7edfdad5abaaff1834b85e594aef6b8b49b337b93e318af0ebdac246556fbfd,38,596
question,u05-s003-v004,u05,s003,coordinate-axis-points,PENDING_MANUAL,29b54a4c7fee650ca203b0a5b398f0e9e180c4dde5d7f0669ae02da4989ab734,38,636
question,u05-s003-v005,u05,s003,coordinate-axis-points,PENDING_MANUAL,b58e778ae7deb7f3cef4392c409aab6f771d02519fe561550e40da7edc35837b,38,673
question,u05-s003-v006,u05,s003,coordinate-axis-points,PENDING_MANUAL,07039dd960bfdbe3c62c4837210475046f701ca221fcb6e3cfba8c0e6abac3e2,38,673
question,u05-s003-v007,u05,s003,coordinate-axis-points,PENDING_MANUAL,def214141796f1aa1d3f323a5e4532153a923351ae2ddbe0000886c60b8b3d5d,38,700
question,u05-s003-v008,u05,s003,coordinate-axis-points,PENDING_MANUAL,9c9d11ae8737c4fe3fe91dcf7165f6b168c903d84d32ff70393aa33dc45f6b6c,38,772
question,u05-s003-v009,u05,s003,coordinate-axis-points,PENDING_MANUAL,c0451cec8dae5906d62efb4541ddcb1f8b11bfee6902717fa742f67c49cafca3,38,743
question,u05-s003-v010,u05,s003,coordinate-axis-points,PENDING_MANUAL,37c407430308821abcafb9fd7180a216c5c595bcb52cd0ac343d23e73eb4befc,39,768
question,u05-s003-v011,u05,s003,coordinate-axis-points,PENDING_MANUAL,2b2cc6c75d04062c0059059ddf3f94a785e2446bcb3a8bba4487f8e5320ec559,39,820
question,u05-s003-v012,u05,s003,coordinate-axis-points,PENDING_MANUAL,14894520cb77f2c488706c1a8271b72060c6f452b83b923b7d857a04c51147b4,39,769
question,u05-s003-cr001,u05,s003,coordinate-axis-points,PENDING_MANUAL,7c7f3887b71eb724a0d9cf5ae1c473c1f7f785a9bc87277fc7b388d81e6c8cf4,34,864
question,u05-s003-cr002,u05,s003,coordinate-axis-points,PENDING_MANUAL,7f8fac78d23c57cf652db9f4602984f6a1851d4f400f566ff5abe752e3606f36,35,950
lecture,u05-s004-lecture-r1,u05,s004,coordinate-plot-description,PENDING_MANUAL,fb7cc0f95dc76f0c61443f603e8cd56337a27f3ec4766a93bec654468d9c94ae,126,1857
question,u05-s004-v001,u05,s004,coordinate-plot-description,PENDING_MANUAL,702560bd1b3071fb076ca681b6997832af2aea69f3cf4d38c27d146408b4091e,38,621
question,u05-s004-v002,u05,s004,coordinate-plot-description,PENDING_MANUAL,415aa4799ac19c20d972eefda51b6c0d3c685964bdb34801d2f2add4b798b519,38,627
question,u05-s004-v003,u05,s004,coordinate-plot-description,PENDING_MANUAL,0a326baa89743cabeda9f54d34bb6dcf8786a5b5253da32dc4683355cc6efca4,38,659
question,u05-s004-v004,u05,s004,coordinate-plot-description,PENDING_MANUAL,6bdfd4f6aa052a67ab119fd04af8a03ffa146f941b42673e1459b8aaf0b417a2,38,671
question,u05-s004-v005,u05,s004,coordinate-plot-description,PENDING_MANUAL,3910aa41843d82f9a35430cf32deeae82812cbc60ac7d246f138a1632cb45970,38,669
question,u05-s004-v006,u05,s004,coordinate-plot-description,PENDING_MANUAL,5b8a3ec71441d9048b9977b847dd111c0182b25d9f3e2bae5925a788c2596e13,38,768
question,u05-s004-v007,u05,s004,coordinate-plot-description,PENDING_MANUAL,fb7d350b0379b273a35c165b8c17d4c0825f2c7e35c2ca492cae550dd3f60847,38,598
question,u05-s004-v008,u05,s004,coordinate-plot-description,PENDING_MANUAL,f604cf481185d05d80e1d140647054f70e073f6234a071f90e0891dae47064b3,38,627
question,u05-s004-v009,u05,s004,coordinate-plot-description,PENDING_MANUAL,407b82e4e63ab7ecf94d4cb9bba9677d4bead5cd8716c2c3c414f254af449cc0,38,730
question,u05-s004-v010,u05,s004,coordinate-plot-description,PENDING_MANUAL,544c1b7f23c48f375e5e64d4c77b44dccba6a471edaffd175d4678af1d74b325,39,698
question,u05-s004-v011,u05,s004,coordinate-plot-description,PENDING_MANUAL,6694065b25d2a833bfed3bc0616456f4528575b7144e2ff2ea7ba6840eabb066,39,721
question,u05-s004-v012,u05,s004,coordinate-plot-description,PENDING_MANUAL,d612a34ad4d1cad828c2ba55e49335e1a0afa9fa8e121ba4f2eca9b625dc5dcf,39,834
question,u05-s004-cr001,u05,s004,coordinate-plot-description,PENDING_MANUAL,86f28a9bbc700cf7d745305370205a899d814c762091994127594af8ed7fd75f,36,873
question,u05-s004-cr002,u05,s004,coordinate-plot-description,PENDING_MANUAL,e60d96ef38b9a4a4d88186556d512f0eddd2724bf0eba62197321647b3222e66,36,876
lecture,u05-s005-lecture-r1,u05,s005,coordinate-translation,PENDING_MANUAL,7e726a693f12904590b45f038aa6b9b61b73d203a12f2f9bf6f6c5b2fe158242,126,1772
question,u05-s005-v001,u05,s005,coordinate-translation,PENDING_MANUAL,03e8c96f1c944af888a394de8925c7a001568ab285cfacf24c19ac317d588ead,38,596
question,u05-s005-v002,u05,s005,coordinate-translation,PENDING_MANUAL,38ac0c746bb4f6fb90aa63a3c2170d3e44670e2ec7debb99b49e9110f7b02c21,38,600
question,u05-s005-v003,u05,s005,coordinate-translation,PENDING_MANUAL,47359a3b2a3794862694a2602ced2807d03254cb78fa525bb1c5de85517a9adf,38,630
question,u05-s005-v004,u05,s005,coordinate-translation,PENDING_MANUAL,47cee51a46289f93ddbd12d9008fe6b20a43fd4e218eb26ee598d9544b390061,38,630
question,u05-s005-v005,u05,s005,coordinate-translation,PENDING_MANUAL,acee336dfb0d85444533ab9686c3be7ffba655910c2c90b3b241230809ce99cd,38,564
question,u05-s005-v006,u05,s005,coordinate-translation,PENDING_MANUAL,bbae48b8858d38feda017ef8b5c22bdb02c9779f87c245ebc2d47777b7983396,38,623
question,u05-s005-v007,u05,s005,coordinate-translation,PENDING_MANUAL,38d8d29b48661e3f4e43eaf9e1adef6cdff8e65a78a8fdc70d38f6eb0c9bd07e,38,685
question,u05-s005-v008,u05,s005,coordinate-translation,PENDING_MANUAL,1ce72c68c467d87acf7a101d9322fa207c5e519bc696ace60a366c452e3dcfb3,38,657
question,u05-s005-v009,u05,s005,coordinate-translation,PENDING_MANUAL,778ef4bd603d78b4d40eac93bb3df7740f823a77babf0b6b08a6d0b2553bcf86,38,676
question,u05-s005-v010,u05,s005,coordinate-translation,PENDING_MANUAL,495ea89711ad5d8e70c8c8226e67bdeb690a2aa38e3ae383277810ce4130d83e,39,673
question,u05-s005-v011,u05,s005,coordinate-translation,PENDING_MANUAL,09cc73c885c8d04a6c6e442c0f0fef15e7b3ddf86a3f7d081a1a8ca4d402a9f0,39,661
question,u05-s005-v012,u05,s005,coordinate-translation,PENDING_MANUAL,bd515c5ad1e22dae74d11b5f304e835ff4069d382885e1496eb16a4e4234a7c6,39,804
question,u05-s005-cr001,u05,s005,coordinate-translation,PENDING_MANUAL,10a381a445e543290b1ec2ad35385a12e36eaf01fd28c008ac0eefaa06e47005,34,806
question,u05-s005-cr002,u05,s005,coordinate-translation,PENDING_MANUAL,cff788681eb4b19d113d25c46460907bffac776aa54a6ac91515378c9f0b659b,36,840
lecture,u05-s006-lecture-r1,u05,s006,coordinate-horizontal-vertical-distance,PENDING_MANUAL,947c31a16da72b50f60452ea2edd828b759d7071eb57660ce76bfeb28cab0135,128,1875
question,u05-s006-v001,u05,s006,coordinate-horizontal-vertical-distance,PENDING_MANUAL,f0c83d3f388438eae525a0668637404a3018526695f84d1684c5939975e92ae3,38,601
question,u05-s006-v002,u05,s006,coordinate-horizontal-vertical-distance,PENDING_MANUAL,d2843078ea0fd875f744705b1ef35a9bb396a46ee9233f31f4dde59f6bbca9c4,38,565
question,u05-s006-v003,u05,s006,coordinate-horizontal-vertical-distance,PENDING_MANUAL,e88ebd83097e15410f00330994798dcd3f99aea5cd51a08870312b1180390f1c,38,720
question,u05-s006-v004,u05,s006,coordinate-horizontal-vertical-distance,PENDING_MANUAL,5f66686d05dfed1f7506dcd490288d9e510f80746f32e56fdad16ade6f691bdd,38,682
question,u05-s006-v005,u05,s006,coordinate-horizontal-vertical-distance,PENDING_MANUAL,851f19e3e427a494f8e598c78651f680508bfc8bb6bb985dfc0cc4bb712f1713,38,652
question,u05-s006-v006,u05,s006,coordinate-horizontal-vertical-distance,PENDING_MANUAL,c41d83d55dfcda7ce065fb95626bd8ce246482eb0e4e170e4e35df0400fd02f0,38,669
question,u05-s006-v007,u05,s006,coordinate-horizontal-vertical-distance,PENDING_MANUAL,37a8f594193704252ed600a4cefc30fc408a2058ecf50658b73022081b5be4f4,38,703
question,u05-s006-v008,u05,s006,coordinate-horizontal-vertical-distance,PENDING_MANUAL,65a9e47f55fe13324b6555ab388de5c545dd2804519425c8a7793cf4c2d90ade,38,708
question,u05-s006-v009,u05,s006,coordinate-horizontal-vertical-distance,PENDING_MANUAL,f6f43588da10d022f2367dcaac32a8162ff211c798aa91984bdb107896a83826,38,654
question,u05-s006-v010,u05,s006,coordinate-horizontal-vertical-distance,PENDING_MANUAL,d0e847dba9c0763e86eec47788e72ced393968ccfe15c109e9bdfa8ac7cbe6a3,39,694
question,u05-s006-v011,u05,s006,coordinate-horizontal-vertical-distance,PENDING_MANUAL,70300bc9a468dd117d0fb000b496f516fc27eb50bb2e5f1a5ed7212cd3a5c863,39,683
question,u05-s006-v012,u05,s006,coordinate-horizontal-vertical-distance,PENDING_MANUAL,8c409e4071c11a9cbdb7557c2edf9bebb9ebdb04fd75c27ce37f6c562b7d8582,39,759
question,u05-s006-cr001,u05,s006,coordinate-horizontal-vertical-distance,PENDING_MANUAL,77fd38a1837af450684ca461d2092928198715504d1d6ff35fb59f346f285ca3,34,842
question,u05-s006-cr002,u05,s006,coordinate-horizontal-vertical-distance,PENDING_MANUAL,28bbe5a041a077fe8524538bb76e19c88ccb46fcc01d29227281d9cf048f2886,35,868
lecture,u05-s007-lecture-r1,u05,s007,coordinate-rectangle-area,PENDING_MANUAL,2b728537cd44284a6af730e40329261c74da36314878fb2f1c25b01e08e5d9d0,126,1872
question,u05-s007-v001,u05,s007,coordinate-rectangle-area,PENDING_MANUAL,ec1439d7c5dea435fe5c9d72d2722a41649b88b4fa8f5f9e411b25eeef897734,38,585
question,u05-s007-v002,u05,s007,coordinate-rectangle-area,PENDING_MANUAL,15f15e1397e8fa4393b6d02f511b03eab92d370880e49ea89f4478613a92aa18,38,641
question,u05-s007-v003,u05,s007,coordinate-rectangle-area,PENDING_MANUAL,57bc519bf769d3c0a8872326940f1f7b546e864279e9d25524a291e8b18a4ea6,38,601
question,u05-s007-v004,u05,s007,coordinate-rectangle-area,PENDING_MANUAL,dadbc8f2785386fb68da80f4e1eb0f71b9b416cae1c837d6a13421012c43281f,38,615
question,u05-s007-v005,u05,s007,coordinate-rectangle-area,PENDING_MANUAL,3f89a284f17ee6df1ddfa72fa7a7cfa97294879cc3f6391f07c2fb8aa8e18bf6,38,573
question,u05-s007-v006,u05,s007,coordinate-rectangle-area,PENDING_MANUAL,0e76291963d997bfafd989b066c39c70c7bee15053c66de13cc69d5a263c99a6,38,680
question,u05-s007-v007,u05,s007,coordinate-rectangle-area,PENDING_MANUAL,e379e373a80fb405330aa2f0f27d5cb86819bde24ba656f19a507fd71a106c5f,38,730
question,u05-s007-v008,u05,s007,coordinate-rectangle-area,PENDING_MANUAL,fc1b759e25c452bf83d33a6d0378740721908d1fca820b23808b11926b935883,38,663
question,u05-s007-v009,u05,s007,coordinate-rectangle-area,PENDING_MANUAL,37340984ad7825a9127f09da79b3c80a5678847dd55dc8997cf033da61f61911,38,745
question,u05-s007-v010,u05,s007,coordinate-rectangle-area,PENDING_MANUAL,0241cd034c81487fe1f74c389b3b809dd6fcde5da70e1505d219713bcaa19929,39,743
question,u05-s007-v011,u05,s007,coordinate-rectangle-area,PENDING_MANUAL,61d53359804a93c30e64a97510002dccf0f931e53d38f8228abcd841f6a03078,39,692
question,u05-s007-v012,u05,s007,coordinate-rectangle-area,PENDING_MANUAL,c18b44589e6c1f1a155c0b1490fc46891ca0597e65851f552110da075c6455f2,39,788
question,u05-s007-cr001,u05,s007,coordinate-rectangle-area,PENDING_MANUAL,76da75e684fa7a9b9d5a98eef558fd67fb4e7a4e092012f43443141c26af4f2e,36,862
question,u05-s007-cr002,u05,s007,coordinate-rectangle-area,PENDING_MANUAL,9400135cc893e323f1ad3aa84b0a2b9247d47d77d8ccf4414fc4c8478b8fd392,38,837
lecture,u05-s008-lecture-r1,u05,s008,coordinate-linear-equation-graph,PENDING_MANUAL,79da675a5450dcfef9ea28c9afb437788195dde206347468b47a6b2586564c8a,125,1940
question,u05-s008-v001,u05,s008,coordinate-linear-equation-graph,PENDING_MANUAL,5150853fb7948812c822b9e7d866721d2be3530033f3191044f4088b4082b9a6,38,597
question,u05-s008-v002,u05,s008,coordinate-linear-equation-graph,PENDING_MANUAL,ceed4900e2d05face0eacdf75ff335ad0ab28eddf1f06405e3cfbbd1d2d86948,38,634
question,u05-s008-v003,u05,s008,coordinate-linear-equation-graph,PENDING_MANUAL,21fab310ea4c05a4a3f235673759a3a7206cdabeb87a856291fc7b5d0b99808c,38,620
question,u05-s008-v004,u05,s008,coordinate-linear-equation-graph,PENDING_MANUAL,3d0a60bef99b2ebd50ed792ee35921279f3ccba57fef8005033a35e8225356ac,38,709
question,u05-s008-v005,u05,s008,coordinate-linear-equation-graph,PENDING_MANUAL,3340c346f6a6aee65d4e010c2f65c8b1987c2c6dcc353f31135f750fb6eca4e7,38,648
question,u05-s008-v006,u05,s008,coordinate-linear-equation-graph,PENDING_MANUAL,7340c71d97e0904f5cfaacdef24601f00ed0f3fd5f3daa4472653a765d6c8e80,38,713
question,u05-s008-v007,u05,s008,coordinate-linear-equation-graph,PENDING_MANUAL,b7f8d863d3b9496b88dc0757b9a9e49186186a71f88eb995ae8b130641fcfa2f,38,691
question,u05-s008-v008,u05,s008,coordinate-linear-equation-graph,PENDING_MANUAL,066822d3ea1eb8d4423dc5772e2a20f985050f09ad1a27fd4a85f86b66b7d92a,38,643
question,u05-s008-v009,u05,s008,coordinate-linear-equation-graph,PENDING_MANUAL,9d7faea5d55eceb5fba1a0fe4bf08ca08f4c7d16bea8f8d4c1bdd07e3fcfd026,38,648
question,u05-s008-v010,u05,s008,coordinate-linear-equation-graph,PENDING_MANUAL,28989ff19956722175424c63da90089b57522a4458d1b812988a76fddb8ce67d,39,716
question,u05-s008-v011,u05,s008,coordinate-linear-equation-graph,PENDING_MANUAL,d2ebecabaac9d92469c8012e50dc5fbba3f57f06fc38febc2c160f9406028e83,39,732
question,u05-s008-v012,u05,s008,coordinate-linear-equation-graph,PENDING_MANUAL,0b892912288095c61c7754d6ba8da3a1cb28969af359702640ebbb24d9e4e461,39,786
question,u05-s008-cr001,u05,s008,coordinate-linear-equation-graph,PENDING_MANUAL,9ee0720caaf523121cace92b562c0b8b5efe80b493927690e566597a3eb681a8,37,897
question,u05-s008-cr002,u05,s008,coordinate-linear-equation-graph,PENDING_MANUAL,b18bb3dae8840823c278e74ceb710f698b5de0173257f8819123dcb6f25cbabe,35,901
lecture,u05-s009-lecture-r1,u05,s009,coordinate-point-on-line,PENDING_MANUAL,88b6c87e786b2e54110b7ebf2aa84a24eee9a9d6ece541a91565dad742af0a5b,124,1809
question,u05-s009-v001,u05,s009,coordinate-point-on-line,PENDING_MANUAL,dbaef9a00e853a35c3bceb6f76f495536052bd21761d56ad6c2f0705078158e1,38,638
question,u05-s009-v002,u05,s009,coordinate-point-on-line,PENDING_MANUAL,b6f7b5ce77244f4b74b3aee82b52a36834ff31d97710c2d5edf089652e676d63,38,614
question,u05-s009-v003,u05,s009,coordinate-point-on-line,PENDING_MANUAL,d20becb04251bf5d51debcfec2c5ab2454b93fdce046300f63a02ab42ab7219e,38,633
question,u05-s009-v004,u05,s009,coordinate-point-on-line,PENDING_MANUAL,7a26ec360fece48e82a0714a9bd242cbad019831347de17a90dd5e6b5b8bee88,38,563
question,u05-s009-v005,u05,s009,coordinate-point-on-line,PENDING_MANUAL,1b951b83ecd9167e6ff0c737c9f37560737f5a82fc6b250fa33e646623642158,38,581
question,u05-s009-v006,u05,s009,coordinate-point-on-line,PENDING_MANUAL,7e0d9e25d91268ed06b2e3ee95a9c4061d2bd7ee7596da6b32431c7a32862da0,38,590
question,u05-s009-v007,u05,s009,coordinate-point-on-line,PENDING_MANUAL,1cf6fbc8a3d95c272a7c649f912d6a9623820712bf8465e8e994a2c40167366b,38,600
question,u05-s009-v008,u05,s009,coordinate-point-on-line,PENDING_MANUAL,7963f5af9320b4f6408713f6e200900cc88a95bdbbbddd743a32e92e20dadfbf,38,662
question,u05-s009-v009,u05,s009,coordinate-point-on-line,PENDING_MANUAL,7ace9d8489351ec43af4aa7a3fd1135d0a054565cf0d91c22430462991119059,38,647
question,u05-s009-v010,u05,s009,coordinate-point-on-line,PENDING_MANUAL,cdd9ee07bccec653235113449caf16613286b856883dcc0ced12d084e1349b56,39,796
question,u05-s009-v011,u05,s009,coordinate-point-on-line,PENDING_MANUAL,5d88273479c597e0a567971eec2cce76fd3a996d0bae4955a2f0f85548ffdd52,39,774
question,u05-s009-v012,u05,s009,coordinate-point-on-line,PENDING_MANUAL,0f99d15b454abe67bee4a56e9ef0117749c7ade999e22415c99a999ed2efeff0,39,731
question,u05-s009-cr001,u05,s009,coordinate-point-on-line,PENDING_MANUAL,714eb68058b4c29061f22efa99ac7e1fefb65fdb4df1ae69bf5e0629495cbd96,37,746
question,u05-s009-cr002,u05,s009,coordinate-point-on-line,PENDING_MANUAL,78c64ac4d72c1372ae706a99171484e7da6503d863bfcc2f4b98503ec1469159,37,835
lecture,u05-s010-lecture-r1,u05,s010,coordinate-intercepts,PENDING_MANUAL,4edf48cd149ff06ac5dcd3c178c0b4099854f67d77eddfdf1dc90e5579016883,128,1919
question,u05-s010-v001,u05,s010,coordinate-intercepts,PENDING_MANUAL,9fcd4e0f79e947a3ca24be4a6fcbd28116368568998eb9c7ccb4e99ab9097fa7,38,553
question,u05-s010-v002,u05,s010,coordinate-intercepts,PENDING_MANUAL,2dcfc33320505c46ba767bad2bd57699cce254da73054e5787f92b9004b1051c,38,610
question,u05-s010-v003,u05,s010,coordinate-intercepts,PENDING_MANUAL,fb55a11a440a3e1964a282bac08340865007f58cdf84634b4714efa78dfbac2a,38,616
question,u05-s010-v004,u05,s010,coordinate-intercepts,PENDING_MANUAL,5b2e3a87162529dc13ce78306e5a79c91e349de8bcf7a75bd2a635e8f733b6c5,38,694
question,u05-s010-v005,u05,s010,coordinate-intercepts,PENDING_MANUAL,ebb3d917d3984cbd0574d6c27fe52c9bc36493889bc3797950ecd250c940ca89,38,559
question,u05-s010-v006,u05,s010,coordinate-intercepts,PENDING_MANUAL,3cdfba3734165dc3b88e0c3d5395d16e7fddfb8b1fae27cd45d50a1dafb31b70,38,585
question,u05-s010-v007,u05,s010,coordinate-intercepts,PENDING_MANUAL,e158729243128f9234019bec8ac60e2cf61cbe7f8d3b8a59c2d27821b13805aa,38,647
question,u05-s010-v008,u05,s010,coordinate-intercepts,PENDING_MANUAL,2367b4065dcf47dabc7bc195563cb0ddb6c9d1299b42aeb777d16a1a853d3e5f,38,736
question,u05-s010-v009,u05,s010,coordinate-intercepts,PENDING_MANUAL,bc512bc1b5ee6d1cb2d9fd0f313482be892aaf7fc1b9f42fa1d3f121793db328,38,675
question,u05-s010-v010,u05,s010,coordinate-intercepts,PENDING_MANUAL,cf291c7212d8917fd0f462ff701333f20f8d36e626c7c9d7701ec41109590100,39,698
question,u05-s010-v011,u05,s010,coordinate-intercepts,PENDING_MANUAL,f45726e23592cb1ef3bbb8fc494a57d89adbf03e8feb2721ac833b97ce0edc1b,39,640
question,u05-s010-v012,u05,s010,coordinate-intercepts,PENDING_MANUAL,680c5d85679ec0b56d8a7db8ac814f441b73d30a45299a0170f7d95c018a2e10,39,746
question,u05-s010-cr001,u05,s010,coordinate-intercepts,PENDING_MANUAL,63f1147a11dc40c9a73ba915c58d7c03081853b706a1287c21f35c8d0597aeeb,32,824
question,u05-s010-cr002,u05,s010,coordinate-intercepts,PENDING_MANUAL,19389bbaefbeabaffda0014251119099ade91e4cdd753b3cf726913d6313a8ce,35,929
lecture,u05-s011-lecture-r1,u05,s011,coordinate-line-intersection,PENDING_MANUAL,ec3b7bbb008880a4c5dfd1116f0633b15ff5675074ba1e4b2f588ba13afcc021,127,1789
question,u05-s011-v001,u05,s011,coordinate-line-intersection,PENDING_MANUAL,2a1447899735d694fc32f16cb45ddee2bb9f137cbe7af1d8b12557c240fcc77e,38,617
question,u05-s011-v002,u05,s011,coordinate-line-intersection,PENDING_MANUAL,f156fee281fb467c679528131b0d2147acb4a381615b7855584fcf8e575fc37b,38,610
question,u05-s011-v003,u05,s011,coordinate-line-intersection,PENDING_MANUAL,e958dc09029610970383be34ff15ff515709aa8c7c896cced422909abd5f8f25,38,612
question,u05-s011-v004,u05,s011,coordinate-line-intersection,PENDING_MANUAL,68b0cf619cfa344f88448b880b102b0aff2015b36655ece03fb94b43d64ab8df,38,611
question,u05-s011-v005,u05,s011,coordinate-line-intersection,PENDING_MANUAL,65ad16ce2f67423ce3c92fb0a6d62c79fabcbea04980c9d32d25cce4c5ef1f97,38,633
question,u05-s011-v006,u05,s011,coordinate-line-intersection,PENDING_MANUAL,aaca994f1a8e2b6308ee80811ad1e44ce4dc5c47129d3233cd82376562c2f036,38,652
question,u05-s011-v007,u05,s011,coordinate-line-intersection,PENDING_MANUAL,9dc27b49c383adbb8b5420f17db4d26f0b6dba88c6f9a0e6edbd6c3b02efe27d,38,625
question,u05-s011-v008,u05,s011,coordinate-line-intersection,PENDING_MANUAL,18bf31faa96270287be2cdd30350f7866b56d585f568a26b8d8e72c5e7349868,38,610
question,u05-s011-v009,u05,s011,coordinate-line-intersection,PENDING_MANUAL,0dd9a276d71882c0ad83faf48dc3b5855a5bc922d66b9a1dbfd38eb90152b472,38,671
question,u05-s011-v010,u05,s011,coordinate-line-intersection,PENDING_MANUAL,1c7193342e591cfb1a0f0c3fd6c342a40a4ba66bb5a9e3f6028a068ed7b27ddb,39,702
question,u05-s011-v011,u05,s011,coordinate-line-intersection,PENDING_MANUAL,b13c714b9da060830a0c342a9973d050f1aab8367e2c44d837ee28181b0c9796,39,669
question,u05-s011-v012,u05,s011,coordinate-line-intersection,PENDING_MANUAL,ea35674d6aa077a5fbb44ed398c9de92e28d4709cbe98aa93f58ea8a42d000cf,39,647
question,u05-s011-cr001,u05,s011,coordinate-line-intersection,PENDING_MANUAL,61765ce3d55c8508dd7db880f9c80a8883fa39c2d43bea1cc009ca95cf6c9d44,37,830
question,u05-s011-cr002,u05,s011,coordinate-line-intersection,PENDING_MANUAL,b4dd8081f9190e515bb232288ce793234ed5c08c1da588b840862dc8bd7e1efd,35,869
lecture,u05-s012-lecture-r1,u05,s012,coordinate-literacy-context,PENDING_MANUAL,72f62558fe304c1a34d02d14cfef24e98da9423152886a6c621fe0620a556561,124,1960
question,u05-s012-v001,u05,s012,coordinate-literacy-context,PENDING_MANUAL,de5128e4cdf3482a40acce8cb115d588d8ae50fe2d171c927a10c74778e9c6a1,39,651
question,u05-s012-v002,u05,s012,coordinate-literacy-context,PENDING_MANUAL,39b64289278defdf0ae439512363df935032c725535d7c3c43b579aca5b615f7,39,716
question,u05-s012-v003,u05,s012,coordinate-literacy-context,PENDING_MANUAL,55591d3e154bac58007b72c3036f3ee39a10095ded908cfd9fba4b8e8072d7b9,39,599
question,u05-s012-v004,u05,s012,coordinate-literacy-context,PENDING_MANUAL,def80ce0d73f2d7e35386c79de8fda627b7c0815e78d8d729df0c9b9a2632fd7,39,651
question,u05-s012-v005,u05,s012,coordinate-literacy-context,PENDING_MANUAL,5801c9629ef98b9d423b2847ac82e359fa9a7a2092b2dec3fe43e9d68d5cea4a,39,669
question,u05-s012-v006,u05,s012,coordinate-literacy-context,PENDING_MANUAL,efaf81e2d161d29ca40e3c7662ae20943e8ccd34ec50434e16d39203075272a5,39,635
question,u05-s012-v007,u05,s012,coordinate-literacy-context,PENDING_MANUAL,cf3779641deaa6074d0f2585aadebce259c6ee5d2f7ca5cb8bb8c23acb890c89,39,780
question,u05-s012-v008,u05,s012,coordinate-literacy-context,PENDING_MANUAL,5dbcc1f2adff6b83a41a8d1787a09cb5b52bf8db373e95651eaee3125e0b662f,39,794
question,u05-s012-v009,u05,s012,coordinate-literacy-context,PENDING_MANUAL,27f1af2cc9ba3e8c6a0e48370d60849d42191cd394e4e2d71a195dcf848f7039,39,690
question,u05-s012-v010,u05,s012,coordinate-literacy-context,PENDING_MANUAL,aefa7adabfc168e56d97ab938aff7033108e7907da152340e99f09b34c3efc07,39,688
question,u05-s012-v011,u05,s012,coordinate-literacy-context,PENDING_MANUAL,feb4e8cdac439629124235be3f06f4fc51b45950944c8547b9bfc50bbf37a014,39,668
question,u05-s012-v012,u05,s012,coordinate-literacy-context,PENDING_MANUAL,5c3ae1be3c83a822d65a50728fe89bcd53aea19a8b461641f324d100fdd88017,39,747
question,u05-s012-cr001,u05,s012,coordinate-literacy-context,PENDING_MANUAL,579279b199e911de40e2b4fd6332d4ed00762f2b7b942d7032ee4576f701205d,37,858
question,u05-s012-cr002,u05,s012,coordinate-literacy-context,PENDING_MANUAL,2fb199ce33126635e27f5412b82547e2f7d4b97902d5f2c96b26812d11e75007,35,1010
lecture,u06-s001-lecture-r1,u06,s001,ratio-simplify,PENDING_MANUAL,c6d34b0c0329131a9e5da7ac7a69738c9ee50ea5a0e73717d39d6b20240356d3,138,2182
question,u06-s001-v001,u06,s001,ratio-simplify,PENDING_MANUAL,2716efb750b9fc05c842eb70be178d5a62aabce7a5460d2ffa67ede5b9c960c1,40,640
question,u06-s001-v002,u06,s001,ratio-simplify,PENDING_MANUAL,ff8eee95f2d60373d4656d67dd3b1d0720a21715d9062253fa9e0af4f5735f22,41,693
question,u06-s001-v003,u06,s001,ratio-simplify,PENDING_MANUAL,f51f64376460db3233cc724f23bf55690be7898a75a191186a49aed30d109924,40,589
question,u06-s001-v004,u06,s001,ratio-simplify,PENDING_MANUAL,92f7077049a646148d1c8b5a0803c8ecb5d49e6dfbf3588ab6643b6b6a36f387,40,610
question,u06-s001-v005,u06,s001,ratio-simplify,PENDING_MANUAL,b0c1d62bf7a38ae9b2583a243535c0d6863e41a53d127490ed8177d62382aa30,40,585
question,u06-s001-v006,u06,s001,ratio-simplify,PENDING_MANUAL,1699a3acd68a6ebeefb722b33217f0b731649aef882536e9575b0aaad7304345,41,599
question,u06-s001-v007,u06,s001,ratio-simplify,PENDING_MANUAL,c40439edc92fab4c2783f88426bbd3ede2f9a7c311497143663459d39bc78402,40,614
question,u06-s001-v008,u06,s001,ratio-simplify,PENDING_MANUAL,e3ad449bdc7ba30011b8c1e38a5f57b25cd0f396452374cfb758bade36a0f19d,41,647
question,u06-s001-v009,u06,s001,ratio-simplify,PENDING_MANUAL,80c8dcb6e2011c73998017ee7585a6adf0adf96e2ebe878bea0457d3ae9a084a,41,579
question,u06-s001-v010,u06,s001,ratio-simplify,PENDING_MANUAL,fc3750d76aa672b99383182b7d825ba86421e7d6fce57e4c0c8d88f99ffd1f07,42,693
question,u06-s001-v011,u06,s001,ratio-simplify,PENDING_MANUAL,43bc11b8123b2c09dadd4bd1658b8f547b51865c6d507724d7b4bf313aeb450b,42,642
question,u06-s001-v012,u06,s001,ratio-simplify,PENDING_MANUAL,fa1801de7c63d7e036013284f31cb80f192213c36796f99f2f90cac3414d5a1d,42,675
question,u06-s001-cr001,u06,s001,ratio-simplify,PENDING_MANUAL,97eb493ecb6d230dea169b61c9b056ca001263ae979ec6ad1d9509038834c0d2,41,865
question,u06-s001-cr002,u06,s001,ratio-simplify,PENDING_MANUAL,71aeed3c485e980479c76199d40f992c3aeb61146e11643f7085d9f4ce87ffd1,41,910
lecture,u06-s002-lecture-r1,u06,s002,proportion-solve,PENDING_MANUAL,13339fc17a2dd2ed5457231b357ea633f1a0d6ed0fe694aebd9cc3780f07e866,136,2047
question,u06-s002-v001,u06,s002,proportion-solve,PENDING_MANUAL,67e79675748b5a01757d4e096b0bf05617f2d7997b29c7848417cbb29a7e9c13,42,554
question,u06-s002-v002,u06,s002,proportion-solve,PENDING_MANUAL,5f92ed29527cf89f6ca127f54d73c9192a901bd58c6d9090e938a85563acf3e9,42,554
question,u06-s002-v003,u06,s002,proportion-solve,PENDING_MANUAL,fc6ed046393f53cda499d1b23d2ad3df49039cfc0f24f4820743f100831bceb4,42,557
question,u06-s002-v004,u06,s002,proportion-solve,PENDING_MANUAL,15c2915cc80731a44e0ac1a092202becb78e2214ddce6a7e054183180421054f,42,597
question,u06-s002-v005,u06,s002,proportion-solve,PENDING_MANUAL,9fe326fbb683fc7a15ce81f582aadf744083e1872fce0e8cfc16035032ae1684,42,749
question,u06-s002-v006,u06,s002,proportion-solve,PENDING_MANUAL,b118f7691ce3e2f7f7996f74a931329795327a32617282c2a76d68029125020e,43,617
question,u06-s002-v007,u06,s002,proportion-solve,PENDING_MANUAL,20b3005d39152431e9615695897a6b9c3f828bea4d2927b4270f8352bb56c7b5,43,570
question,u06-s002-v008,u06,s002,proportion-solve,PENDING_MANUAL,1bef037c79e21997fd233788a3d56472e2e0269b5a4911b358c8ff3b3cd9bbe6,43,657
question,u06-s002-v009,u06,s002,proportion-solve,PENDING_MANUAL,577227836fdf4273bb97ce6ccde815b5553eaebbf79960e2fbd1cd4751841ce9,42,605
question,u06-s002-v010,u06,s002,proportion-solve,PENDING_MANUAL,f942a9c82216422993da875d3d4ce910b821bdc28839f6f5accd0dcbd08e8f0d,43,671
question,u06-s002-v011,u06,s002,proportion-solve,PENDING_MANUAL,6f2c8bf9bd83c1afdcc8ccfda9302e3ceddd7f80340655ba171ec29ef8fc5fe0,42,678
question,u06-s002-v012,u06,s002,proportion-solve,PENDING_MANUAL,2f85ae63aed2bca96eca11c8c5d990d93da826a5df53a803211628c6ad88eea7,43,703
question,u06-s002-cr001,u06,s002,proportion-solve,PENDING_MANUAL,6a473091760e6b286c62b9df57cfcacb869f42fc75b9215d44f1199f75b9eea1,41,884
question,u06-s002-cr002,u06,s002,proportion-solve,PENDING_MANUAL,2e709c0b94be849ff3de19752b86a92afa2215e89b405d94e75b05bc5ca81247,41,841
lecture,u06-s003-lecture-r1,u06,s003,ratio-part-total,PENDING_MANUAL,2178667f321b8d552592a981273af1f9abe656bfc3bfa1e062eb0ed9355ff664,136,2073
question,u06-s003-v001,u06,s003,ratio-part-total,PENDING_MANUAL,67edb3c3844faa0c90fa593330b2f5490a129029184810310b8653aad7648c48,42,583
question,u06-s003-v002,u06,s003,ratio-part-total,PENDING_MANUAL,54f38b1a068e4edf11e7a4f554b8816276ab78431e2d675d01ba7fcec359da81,42,556
question,u06-s003-v003,u06,s003,ratio-part-total,PENDING_MANUAL,1758867d3af27d33f73ff2f574f6b333f69b2f63f1ffe7004a60538cddc6e16e,42,611
question,u06-s003-v004,u06,s003,ratio-part-total,PENDING_MANUAL,90a58b84298447d256f85bacb4022992691251f9fd10c74c5e4a449f82b94a53,41,574
question,u06-s003-v005,u06,s003,ratio-part-total,PENDING_MANUAL,8f7ac27508ec7765d1180412b9e29124d66734f60e918b0e7a45409984dae4c8,41,562
question,u06-s003-v006,u06,s003,ratio-part-total,PENDING_MANUAL,291d32218cf026a78aeda96b7dbd44c78008bcbc8395ac1c62ea78c3ff78c949,41,559
question,u06-s003-v007,u06,s003,ratio-part-total,PENDING_MANUAL,ebc98a79d424a3feefea5e49efa375aa96a990edd125d442da4031b417f9f512,43,636
question,u06-s003-v008,u06,s003,ratio-part-total,PENDING_MANUAL,f964152de2468c49dda3823d151098c75efbe5ee1b2b018f76318f6e1ff704e3,43,632
question,u06-s003-v009,u06,s003,ratio-part-total,PENDING_MANUAL,542984160ac35a610b4d8f0c9891ab6b7a491f9ca63117c076936230b198b5b1,43,671
question,u06-s003-v010,u06,s003,ratio-part-total,PENDING_MANUAL,a241a61493286a8e7cb95c35bd23b78ede04e685a382e9458717073cbf58845e,44,655
question,u06-s003-v011,u06,s003,ratio-part-total,PENDING_MANUAL,5faa4355f66e90c14c1df84407fd688e321cf4858396e8a9a862cb4708dc5a21,44,726
question,u06-s003-v012,u06,s003,ratio-part-total,PENDING_MANUAL,64019680ca63fb7327976a768393be93a4c8421362f3082475a26603f6b3496e,43,721
question,u06-s003-cr001,u06,s003,ratio-part-total,PENDING_MANUAL,831727f4b5339cca3c23d9ee7ebd45d3952e1f6bcdbafb30528bc4c754f994ed,43,875
question,u06-s003-cr002,u06,s003,ratio-part-total,PENDING_MANUAL,af566254da5b30049d5c679ac658470d146c784820408774fdf9041bb2e0ac0f,43,971
lecture,u06-s004-lecture-r1,u06,s004,proportion-property,PENDING_MANUAL,d8c7195d2c92d61037207cdbb153567158575d3f16839417bece2e764a4b55ec,142,2240
question,u06-s004-v001,u06,s004,proportion-property,PENDING_MANUAL,e2a6f135b7196c1840cb939d63d4e765ea771f0d60835a271352188a25731262,41,549
question,u06-s004-v002,u06,s004,proportion-property,PENDING_MANUAL,13f1e1ec35052b5f7894377a7246df671182b5109236b0e1f939e737df878bd3,41,608
question,u06-s004-v003,u06,s004,proportion-property,PENDING_MANUAL,c2bff306e8508f3b95c871d48ebfdc3821fddf5ca8e3a03e9718dad6605e78f2,42,589
question,u06-s004-v004,u06,s004,proportion-property,PENDING_MANUAL,917184271c1021c46977ae65b727ef0bb2a50db6b5fde8f83bc01c6a87a9dbfe,41,685
question,u06-s004-v005,u06,s004,proportion-property,PENDING_MANUAL,eead2a5fcab309ba906624eac3e47c668a654df6b16bf3de1d77e021e31ff502,41,554
question,u06-s004-v006,u06,s004,proportion-property,PENDING_MANUAL,3c74bc23befb679ea1ce5b548430565baf64bdd14d05287c4f87ed27b2a7874d,42,591
question,u06-s004-v007,u06,s004,proportion-property,PENDING_MANUAL,baeb76f1488cc5d3effa2d4573cb69e44038849491fdc9ac90bf4e2be0eaac5f,42,706
question,u06-s004-v008,u06,s004,proportion-property,PENDING_MANUAL,c1644abd35f1f283cd9e8d3291a45605e7e3aad34bcf6370b762ef5cdb3d28fd,42,731
question,u06-s004-v009,u06,s004,proportion-property,PENDING_MANUAL,8b5c1cfcd17537d60d817d234464916b9253fb9cc126a1a9ff84caf3f32d353a,43,640
question,u06-s004-v010,u06,s004,proportion-property,PENDING_MANUAL,445d565c31d045a20c0765edeaf55bcaefdb18db6dd189d4a9c260325797acc6,43,630
question,u06-s004-v011,u06,s004,proportion-property,PENDING_MANUAL,280a0b936c09cd0974defb8236701ea0af6d98438af53c403787489e04698f9b,43,657
question,u06-s004-v012,u06,s004,proportion-property,PENDING_MANUAL,63d6d54f4bb81a7ad7b6bd8b3f4ebc5d56d5e060525a946d817ec9ec2037d18e,42,657
question,u06-s004-cr001,u06,s004,proportion-property,PENDING_MANUAL,4e815b418b275ec19465099a59fe95ae863259f39fb48c321ab458a17081e501,41,829
question,u06-s004-cr002,u06,s004,proportion-property,PENDING_MANUAL,2775a5d39970d6356fdc0868bacd8efd26e726e4d3d18721d49cc6d31d654f6d,41,805
lecture,u06-s005-lecture-r1,u06,s005,direct-variation,PENDING_MANUAL,353de17eafc354bc935bf54069c21d49f0b7aac5dba4728720931faa83b521bc,134,1980
question,u06-s005-v001,u06,s005,direct-variation,PENDING_MANUAL,927f795d8b6c475be34bb22e5650276822e9d4629d084e91967f13c6c61d5b6b,41,570
question,u06-s005-v002,u06,s005,direct-variation,PENDING_MANUAL,ed1226c55704b461cbb7779a782b532ce0a8c2f7ad1fa8cf0f7206bb94c0f27e,41,505
question,u06-s005-v003,u06,s005,direct-variation,PENDING_MANUAL,23b88ee3c82c55e0080e768281515738ccc977115779c9f9240873612dc1afd3,42,700
question,u06-s005-v004,u06,s005,direct-variation,PENDING_MANUAL,e0e1527dae04b43805bd644e504fdafae49a1cb8a0e00747dcf36979171ed19c,42,614
question,u06-s005-v005,u06,s005,direct-variation,PENDING_MANUAL,386e46a985603edbe2d23241070669f3c4fbe2fb9c33987504562523ea7df3d3,41,578
question,u06-s005-v006,u06,s005,direct-variation,PENDING_MANUAL,314ef42fc9e692fcf0e48af4a7f1130bb17b6c4ff43160959d48797fe98a76ff,41,589
question,u06-s005-v007,u06,s005,direct-variation,PENDING_MANUAL,55cbba4e4f9a5a24114eb9e5cd2459f51f833eec2f364ae0b7d7cdfa095b3d0c,41,639
question,u06-s005-v008,u06,s005,direct-variation,PENDING_MANUAL,33276e5de899d3c4610fe43da5d18600c2df22aa183b9e7266c53a17a9e8549f,41,589
question,u06-s005-v009,u06,s005,direct-variation,PENDING_MANUAL,5bfd1a57cded39d8f378bdd18077c4beb13f9800286470ddd54993ea507af11f,42,642
question,u06-s005-v010,u06,s005,direct-variation,PENDING_MANUAL,8cb4266b19b850784e71ad82dd3d208e8be3396e62ba45700b2b2d193a22b399,42,655
question,u06-s005-v011,u06,s005,direct-variation,PENDING_MANUAL,f225609f06fc3fc2e60fd07e20d18b0fe1215ee92bf3d13ecd5a0ae13cc401ad,43,636
question,u06-s005-v012,u06,s005,direct-variation,PENDING_MANUAL,902b4267ad0664e20569985e1df4cc1a9033250cc66f5d63445b886208fdb6d7,43,684
question,u06-s005-cr001,u06,s005,direct-variation,PENDING_MANUAL,4c02ee2d014985a25be138a4bbfa4b971ff645b094e3a7e8ecf02517944a898c,41,799
question,u06-s005-cr002,u06,s005,direct-variation,PENDING_MANUAL,b4e80b7175fedcd11088bc699fe3e7d17c1a39f0baf52a64561e2361a7ca868f,41,824
lecture,u06-s006-lecture-r1,u06,s006,inverse-variation,PENDING_MANUAL,5707a3423358d4bc55e99710518ba90e879abadb3ba991dd5d21f38a46380a4e,134,1909
question,u06-s006-v001,u06,s006,inverse-variation,PENDING_MANUAL,f9ba08c604e2c6d6e118e1f767ed19d8fa85394bf37df927931af97d0a169e4c,41,558
question,u06-s006-v002,u06,s006,inverse-variation,PENDING_MANUAL,aaa3411f8512ee11a02827ab2694258e5671c1fab26190c707aa3cc7bb466873,41,585
question,u06-s006-v003,u06,s006,inverse-variation,PENDING_MANUAL,8aad4ec4d3edf1b2e036fbace712b2cca5827d4befc4192056ad97140a8fe7e1,42,622
question,u06-s006-v004,u06,s006,inverse-variation,PENDING_MANUAL,8f1d4bfd0678b2d5bceb4bf0e37c551c91874b743b7172604c55f0b46a5bf9fa,42,570
question,u06-s006-v005,u06,s006,inverse-variation,PENDING_MANUAL,dfba6aa6180b26de9948a248e98d5e13ada332296785ac8d9ffef1b3ad864e09,42,592
question,u06-s006-v006,u06,s006,inverse-variation,PENDING_MANUAL,16955c3c6a5bb3eaa2931c2a4c1a62d75a74ab53f0d7694511db74b0e43b85be,42,551
question,u06-s006-v007,u06,s006,inverse-variation,PENDING_MANUAL,2652f8cf6cc1b5f11e499ce3b51d50aeab7bf4eb5d642c1acf6e4175a580bff1,41,604
question,u06-s006-v008,u06,s006,inverse-variation,PENDING_MANUAL,cc2ec7f36a05aa4bb103f645cf62afcb5b78656d49b30cdbdde49163a93908a5,41,560
question,u06-s006-v009,u06,s006,inverse-variation,PENDING_MANUAL,6fb4f37bfe22831bd701b51de47cff393e8fbd6b3159df27b946b6c6fb0deda2,41,540
question,u06-s006-v010,u06,s006,inverse-variation,PENDING_MANUAL,fd1d557575b4ed5ed08e0df6e0cc42a92635bdfc79c078152107d8c7428dda05,42,672
question,u06-s006-v011,u06,s006,inverse-variation,PENDING_MANUAL,8fdc86a93f9acf517bbd27a2ca80731742016d2deae31fcf0986cbaa2cf190c7,42,618
question,u06-s006-v012,u06,s006,inverse-variation,PENDING_MANUAL,589d594e6ceb7b7b65349e9612543b6b3664f0882960f79e050def9706431161,43,635
question,u06-s006-cr001,u06,s006,inverse-variation,PENDING_MANUAL,987967b842fdf9077cdf24ef4b6ac3573a2a4af8afe37a425bc255098fe1ce2d,41,725
question,u06-s006-cr002,u06,s006,inverse-variation,PENDING_MANUAL,099e1404081e2063773add4cbb6f3bdb3c32e0ce5ba97561eff068195d452a71,40,818
lecture,u06-s007-lecture-r1,u06,s007,inverse-variation-graph,PENDING_MANUAL,3261529bb668c7d43b98b595f190dc5301472a7a70944378c4e4cf4f896dc352,135,2135
question,u06-s007-v001,u06,s007,inverse-variation-graph,PENDING_MANUAL,c9326dbbf5f5dcd77fce45e72c00c7eca3f829325d45a39b5eb9a064b0b60919,43,707
question,u06-s007-v002,u06,s007,inverse-variation-graph,PENDING_MANUAL,420eafafec97b71ab35e8dae0e1a931c90e83f141eef03a99ef78346d84c454a,41,593
question,u06-s007-v003,u06,s007,inverse-variation-graph,PENDING_MANUAL,e105a55a9c9ded12a8611fabd454a23137f9a7a34aafe64b80a6102666e4319f,41,568
question,u06-s007-v004,u06,s007,inverse-variation-graph,PENDING_MANUAL,2c23f244b755799cd772399cd155b495c3180154e664e7a0b0db9cbcccba1991,43,680
question,u06-s007-v005,u06,s007,inverse-variation-graph,PENDING_MANUAL,c27a5316ef78c8743e3efa0b9089c879495e540fd16d85bdc706ac4213727d00,41,547
question,u06-s007-v006,u06,s007,inverse-variation-graph,PENDING_MANUAL,98331807ffe1004e2c7cc0ea7ed43d702c4557dc39088443025c9dd0abbbeb9a,41,565
question,u06-s007-v007,u06,s007,inverse-variation-graph,PENDING_MANUAL,f9f733df9d4df289beabfe84d3e79652823873fbfacab74195ad82c10d8ef867,44,757
question,u06-s007-v008,u06,s007,inverse-variation-graph,PENDING_MANUAL,b47d6518100dddd215e6b36193b69acf8a3dbc09eef99b2a6e936d3ad919d6d5,42,571
question,u06-s007-v009,u06,s007,inverse-variation-graph,PENDING_MANUAL,35e79c6c69acbd9a5c79d5422f6aeb1a679925a0e1abafd5bc13344d2f203b78,41,710
question,u06-s007-v010,u06,s007,inverse-variation-graph,PENDING_MANUAL,1d8cc359292a22e1d5d69c7951606a53e121d529b58f5bde3a0605c0a726493d,46,844
question,u06-s007-v011,u06,s007,inverse-variation-graph,PENDING_MANUAL,45d31b3f2c29c03e5cc437c8b23fe2373fabce56ba9c0cef8acc84f91923148c,42,653
question,u06-s007-v012,u06,s007,inverse-variation-graph,PENDING_MANUAL,bd801e1818afb249cb4da2ebe45bd2cd3d22af02134d026efe638447282164e5,43,718
question,u06-s007-cr001,u06,s007,inverse-variation-graph,PENDING_MANUAL,d474d5dc7c9a44b498db264e8165b0595b844e587925a7817aac6cc18ea343dd,43,963
question,u06-s007-cr002,u06,s007,inverse-variation-graph,PENDING_MANUAL,304bc1ad7d56a439fbc4b8dea8e79fcb79b644cfceb10467ff293e742d2e35ae,41,825
lecture,u06-s008-lecture-r1,u06,s008,scale-drawing,PENDING_MANUAL,b6be5a6aafb3597348c4d5444928e4882ec31375fde51ff92c6f6396f29d67f9,140,2168
question,u06-s008-v001,u06,s008,scale-drawing,PENDING_MANUAL,dba86a6be0cbb96aa782b6d15b32a09e7d61b252ff9ce6e8299726176bb93a93,41,670
question,u06-s008-v002,u06,s008,scale-drawing,PENDING_MANUAL,6c09b8f452ca2f12d215b87d2a44349e397282c199e13a0ba222d5facca75be5,41,601
question,u06-s008-v003,u06,s008,scale-drawing,PENDING_MANUAL,f72fdbfa5d5dd75bcf647d668b6ce2ca927d7a0e736e306145b1913f85318956,41,650
question,u06-s008-v004,u06,s008,scale-drawing,PENDING_MANUAL,a93c002de2318c07814cd5b9d9761f858cab3a5fa75d21896557d049a50457ce,42,597
question,u06-s008-v005,u06,s008,scale-drawing,PENDING_MANUAL,4d71d9d3f159f1a2e97dd547ada71312fab3f2e0c0a21bd2cf5db237a0a328b3,43,696
question,u06-s008-v006,u06,s008,scale-drawing,PENDING_MANUAL,d2de290ede2a13e4f03bdc6cb99fe8f40f92f127cad7bca2485c4f847d0faec3,42,673
question,u06-s008-v007,u06,s008,scale-drawing,PENDING_MANUAL,be4c3683afddea6f897787ff8101fa3d988f0f2e2ae23787ecd8fda5b20bf36d,41,755
question,u06-s008-v008,u06,s008,scale-drawing,PENDING_MANUAL,8eab4d24f2ef015ca377db544ddb2d7bc62007079c51d27a3593cb359b3c9a77,41,743
question,u06-s008-v009,u06,s008,scale-drawing,PENDING_MANUAL,c8815ecda2fded8f6438563cf74e67b026dc29011a138ec0de5588ef48b80c90,42,683
question,u06-s008-v010,u06,s008,scale-drawing,PENDING_MANUAL,7d05618041174ce1c7259a22a5d9ec3727b55e54722abcebdcb64c0fb847ef37,44,712
question,u06-s008-v011,u06,s008,scale-drawing,PENDING_MANUAL,1f6f00ef37030db08278072defc4228b00dd172b46389ce2d4ca2e3c2356056f,42,636
question,u06-s008-v012,u06,s008,scale-drawing,PENDING_MANUAL,3bb1d74bfe32f69bb30eccdca3f6840bd6bc67c6c35d0622108958854078482e,43,782
question,u06-s008-cr001,u06,s008,scale-drawing,PENDING_MANUAL,ac61bdd8ba99c34fe58d9d657a7a000d68e99f7438295092a95eed8049ce62a8,43,913
question,u06-s008-cr002,u06,s008,scale-drawing,PENDING_MANUAL,bf191401285a96a1197ddb268c17ce70fe9bd17871ce79e6026a4cfa86149848,41,932
lecture,u06-s009-lecture-r1,u06,s009,ratio-word-problem,PENDING_MANUAL,91f739624b03ef9592ff70bf7fb3e219d03a75d009445b1c266e4eac92de063c,138,2041
question,u06-s009-v001,u06,s009,ratio-word-problem,PENDING_MANUAL,8f931ebf7a120b38a5a28ca8963da5ce06f0bd376844150f1541c7ddce6abfd2,41,547
question,u06-s009-v002,u06,s009,ratio-word-problem,PENDING_MANUAL,483a1837fd5d3a6f01c309544b1a8af5adfb9323586dc9bb8e27db4d3019388e,41,561
question,u06-s009-v003,u06,s009,ratio-word-problem,PENDING_MANUAL,e4b68f88a9d2b2b5602765f6d189c8fa88cba06b37bcd18e0e913e88a2872c33,41,579
question,u06-s009-v004,u06,s009,ratio-word-problem,PENDING_MANUAL,54008456f7ef722479418d90a9509a66bf9b90df3c3346d267354d1a3c3727e2,41,586
question,u06-s009-v005,u06,s009,ratio-word-problem,PENDING_MANUAL,74fb996dc1830be19d18aedd2f4782f96d14edf6a1cb87525607c359af419018,41,695
question,u06-s009-v006,u06,s009,ratio-word-problem,PENDING_MANUAL,995994c409ff112826e2055c542c5934d7c0164f7c57228b9c502ce05665cd9d,41,607
question,u06-s009-v007,u06,s009,ratio-word-problem,PENDING_MANUAL,ad03d3fcbc2afc5a7164b89bd08059b87dd22437419c6a2830df63caf614dab9,41,568
question,u06-s009-v008,u06,s009,ratio-word-problem,PENDING_MANUAL,8d26990938d6868a472ca4a7b6334799b1bc5b2837023f28ef21bb8aeb64dedc,41,568
question,u06-s009-v009,u06,s009,ratio-word-problem,PENDING_MANUAL,a6dfea8050519e633d70c7d7386631771e06ca3e54e3c058e2a98adb9267e575,44,697
question,u06-s009-v010,u06,s009,ratio-word-problem,PENDING_MANUAL,47dea99823d4bbaf5e4aa5da0187e01ef7a8812a440b802e431bb6fa02f9ec89,42,653
question,u06-s009-v011,u06,s009,ratio-word-problem,PENDING_MANUAL,f92322508cea2b86e26c230606d561feaa819a721f0b7d130ae9e13418e1253d,43,616
question,u06-s009-v012,u06,s009,ratio-word-problem,PENDING_MANUAL,f8601ce6323365e7203f064c3c20ee50de89a3711fd0983c3e49ee347ad1b8ba,44,672
question,u06-s009-cr001,u06,s009,ratio-word-problem,PENDING_MANUAL,011359f74690782a6d8b561c3d51b5f0db62f39c24ce13ed459453b3979e6b94,43,818
question,u06-s009-cr002,u06,s009,ratio-word-problem,PENDING_MANUAL,94a6ed7ea36d21f1216f39cd82401eaefa6834c1b05f6fd3911bfe01f912b3c9,41,971
lecture,u06-s010-lecture-r1,u06,s010,continued-ratio-preview,PENDING_MANUAL,5b541ccff5efb04b437bba0656c9a628d0bdcdae276defdd552aa087e43ca228,135,2192
question,u06-s010-v001,u06,s010,continued-ratio-preview,PENDING_MANUAL,b1c5816ba4c49691e2dbd9053450ed769446e38e8234a639561b64fa76558dbc,42,616
question,u06-s010-v002,u06,s010,continued-ratio-preview,PENDING_MANUAL,31e1d12197022afb2bb39d5047fd76a3331aee4b520e622951b94c3bcf30af88,41,586
question,u06-s010-v003,u06,s010,continued-ratio-preview,PENDING_MANUAL,56f721070b599a53576b0e18ab6b4fae4af59ebaf720f21283f20fc9dc1a02a9,43,908
question,u06-s010-v004,u06,s010,continued-ratio-preview,PENDING_MANUAL,fa32f515911fe24a93d50944c296e1c56cc7bf49df81bc4dc90bc1615beeaf73,42,635
question,u06-s010-v005,u06,s010,continued-ratio-preview,PENDING_MANUAL,b8bc7108f470f0247ce5e33c0a7349d534b6b067cbcf000e41d8621db9f203b0,42,578
question,u06-s010-v006,u06,s010,continued-ratio-preview,PENDING_MANUAL,4733bb4bbe880d0803d2c4027f7f9dc3978a046c51e292a4f69d6c335837c06d,41,545
question,u06-s010-v007,u06,s010,continued-ratio-preview,PENDING_MANUAL,830f34c9e0c88a04780c404f9217e022b795b21498044493fcb14c87c38bef2d,42,666
question,u06-s010-v008,u06,s010,continued-ratio-preview,PENDING_MANUAL,e95156d6a3180c005bb33720cf116395381cbb4308aead537b5131d8b7c80665,44,662
question,u06-s010-v009,u06,s010,continued-ratio-preview,PENDING_MANUAL,5a7b0d65e9db3cbacf0e332dbd93d5113526daba09a9843ee83a0ae91273f6c3,43,619
question,u06-s010-v010,u06,s010,continued-ratio-preview,PENDING_MANUAL,eccb253f61f1ff383e09b8d78e2ee7965fbb2aa710c9a624f4b20a7ebf948cd3,43,676
question,u06-s010-v011,u06,s010,continued-ratio-preview,PENDING_MANUAL,19b4b03a843b3a239f4bd322164c0b9c953ca49cdae616c58a5d55a6e0fa9bd0,44,652
question,u06-s010-v012,u06,s010,continued-ratio-preview,PENDING_MANUAL,f94f4182d8f9f334af332b3f4fa0d00b90a6a14f0ca8885bed72ceaa833040a0,43,763
question,u06-s010-cr001,u06,s010,continued-ratio-preview,PENDING_MANUAL,5157bc316646d880cc2dc8193017673dc131ab40d24eee11fc1c2a809926fbd3,42,822
question,u06-s010-cr002,u06,s010,continued-ratio-preview,PENDING_MANUAL,a29a283ded2ceb70ee81fd5f99f63c3695ef5e310af37bf0e617f764e97a857f,43,971
lecture,u06-s011-lecture-r1,u06,s011,ratio-composite-problem,PENDING_MANUAL,84cd7bfcb4231dd2d29cc905be427fd1a304afc6fcd56ac3b184e228a8cea46e,137,2252
question,u06-s011-v001,u06,s011,ratio-composite-problem,PENDING_MANUAL,1060741bbe194a3a05d543d7035f3af920acec385cbd2e063a3b17c1fb60f619,41,633
question,u06-s011-v002,u06,s011,ratio-composite-problem,PENDING_MANUAL,45c1e0ec754f8aa51b9f8fa7115a9884192479bc991942fbda78f8f1e2ef0882,42,646
question,u06-s011-v003,u06,s011,ratio-composite-problem,PENDING_MANUAL,85af5a9ea13740ed5ce105a1cdd84bb28747002ded418ea61edb995c4377e6b8,41,670
question,u06-s011-v004,u06,s011,ratio-composite-problem,PENDING_MANUAL,1300589c315c84bbe7b3739a88840e44e9256ece6daea309e28aaaff95afb789,42,675
question,u06-s011-v005,u06,s011,ratio-composite-problem,PENDING_MANUAL,bedfd5e09a000f3fe3af474c77a7b146f3109e24865578c5be239e0772bbff73,42,745
question,u06-s011-v006,u06,s011,ratio-composite-problem,PENDING_MANUAL,5f35ef2e654aeb3c312eaeaf22e88af293f3e667062224fb48a3ace546018df6,41,751
question,u06-s011-v007,u06,s011,ratio-composite-problem,PENDING_MANUAL,75ade2a458e27205af67a78cb482107436f6e66cd12799bd1ad082cbe021ab31,43,617
question,u06-s011-v008,u06,s011,ratio-composite-problem,PENDING_MANUAL,3dc3dcdbecd0251fb70a8d9bdc3530bf2f451dea6167a1044b22f0a3cc4d0690,42,701
question,u06-s011-v009,u06,s011,ratio-composite-problem,PENDING_MANUAL,a08072d2148cbd38db969909c611c20cfaf4075b78451d956141ba3636d80fe3,41,709
question,u06-s011-v010,u06,s011,ratio-composite-problem,PENDING_MANUAL,e2bd205cee00309aa7d919dc7497ef2ce6106179acdfcdb55069eaad656a288d,43,750
question,u06-s011-v011,u06,s011,ratio-composite-problem,PENDING_MANUAL,912e6a029e9b5761999c3244101e3fe55523de65b9b7a44e9afb9942b9b86355,43,705
question,u06-s011-v012,u06,s011,ratio-composite-problem,PENDING_MANUAL,61fcf0ba4ad2696b5eceb8efdd34771b7a6741a2eb527b9633b84b57825a9cb3,43,723
question,u06-s011-cr001,u06,s011,ratio-composite-problem,PENDING_MANUAL,4b7ec9d97acda3429ea72df65f659f434c97a007eabd3b9cfc62a1e7102aecb8,40,884
question,u06-s011-cr002,u06,s011,ratio-composite-problem,PENDING_MANUAL,2acf540192e55b5beab5c0a3dee831a056f35b5bf9c15036fa1c407a8ad3e688,42,918
lecture,u06-s012-lecture-r1,u06,s012,ratio-literacy,PENDING_MANUAL,20752187f63af61a87c5fb2828fa7ce205f8b00c5e72ae99070609634069725d,139,2249
question,u06-s012-v001,u06,s012,ratio-literacy,PENDING_MANUAL,bf59251a68fdd0e98e2a7b3d4196e9a9748a45aa2444458dbab59826c94528c0,41,628
question,u06-s012-v002,u06,s012,ratio-literacy,PENDING_MANUAL,27b4f6b91eebf4ff72217e752e84fda5c9bd4432d630d49d7b75a5d7ed6d9faa,41,573
question,u06-s012-v003,u06,s012,ratio-literacy,PENDING_MANUAL,76f6b9c8d3d2f3f43680c3f17d16ff399943c9daf8ede3ebd1d16b8078720c7f,41,573
question,u06-s012-v004,u06,s012,ratio-literacy,PENDING_MANUAL,36376ce0fd8531ae31010f8ede4369249b489dbb9b1b4cfb7d7575ee02823f03,41,584
question,u06-s012-v005,u06,s012,ratio-literacy,PENDING_MANUAL,c8d58f13c7341a7a9cb39e074d707d4150a428f6aa0be2286eb9e7b6a164f9b1,41,585
question,u06-s012-v006,u06,s012,ratio-literacy,PENDING_MANUAL,532719aa5cd1286431d8292407aa9eae3e206faf10e6457a43016f614b600799,42,743
question,u06-s012-v007,u06,s012,ratio-literacy,PENDING_MANUAL,47b168b7c4cbcafae3b365becbb181efeeeaca4e5f263b7db9599dd67ce9a871,41,637
question,u06-s012-v008,u06,s012,ratio-literacy,PENDING_MANUAL,c5d8a245862d227e8819b5bd6ec508af66f609cd6b868581866354d0068ec55c,41,686
question,u06-s012-v009,u06,s012,ratio-literacy,PENDING_MANUAL,f1e4884f699c2298c34c56522e69259ff6825636585274b278feac3981e6e72b,41,625
question,u06-s012-v010,u06,s012,ratio-literacy,PENDING_MANUAL,f023c52967e040a70f001d1c10c5937e254ced8a99e254fec12b295a89b7144a,42,677
question,u06-s012-v011,u06,s012,ratio-literacy,PENDING_MANUAL,de8c16cff87cb1059c29c92b98ea5916700b15e0d2f4508c44b6b7f3b40f3281,42,620
question,u06-s012-v012,u06,s012,ratio-literacy,PENDING_MANUAL,293105c3fd1d4074d67dfe72ece0354c6d648176f886ddb2312cecf6a204319c,42,735
question,u06-s012-cr001,u06,s012,ratio-literacy,PENDING_MANUAL,14ea3c6049b774a4c2e3c9d68141190168903c943484569a4e4d0d8dad6fc1d4,40,887
question,u06-s012-cr002,u06,s012,ratio-literacy,PENDING_MANUAL,4101554017ab4e414951df7c7664758dd0f2b602a55532f828853e51077fdae7,40,829
lecture,u07-s001-lecture-r1,u07,s001,inequality-symbol,PENDING_MANUAL,76f7c833422e25fae9dd9fb6c26bfe4770dd137def09ab9ea91a46d566c4c8cd,129,1915
question,u07-s001-v001,u07,s001,inequality-symbol,PENDING_MANUAL,6d4edfd951998b1d87200dfbc0e7e4922995c5fcb52b638781114802310d5f89,41,613
question,u07-s001-v002,u07,s001,inequality-symbol,PENDING_MANUAL,88770a6b0defde25c193dfdaaa95930c0e184b804ad03f4f33cbb0b4cd0abc38,42,670
question,u07-s001-v003,u07,s001,inequality-symbol,PENDING_MANUAL,f168ce9e00d4de8573fcaae9f1d54bf21717f8f95f79a24bc15e511e7b529848,41,533
question,u07-s001-v004,u07,s001,inequality-symbol,PENDING_MANUAL,96dd7b9ded6f6fb6e959b500fc3f48a6b392c46c153b0131932ad26504d3849a,41,590
question,u07-s001-v005,u07,s001,inequality-symbol,PENDING_MANUAL,b285fe265ad24313418d7f2b3f4863f6924e3e91e76f5607eb37446fa0c6cdc2,42,631
question,u07-s001-v006,u07,s001,inequality-symbol,PENDING_MANUAL,0f2c5804039a9b1ebb7fe328f9dd4c542b48556113c5c82099678f323684b2d9,41,617
question,u07-s001-v007,u07,s001,inequality-symbol,PENDING_MANUAL,0f3073826b1d1666c83d725afec9fd81397749dc459bc60c0703d85b6d60f4af,41,595
question,u07-s001-v008,u07,s001,inequality-symbol,PENDING_MANUAL,a6080958cfc217ff9a48e5a75595809ee9edc9db0883752c464e5eca2790152e,42,611
question,u07-s001-v009,u07,s001,inequality-symbol,PENDING_MANUAL,32be46a0338875ff435a971ccd7f6053eb598159e9ea9660096a78d477de4569,41,682
question,u07-s001-v010,u07,s001,inequality-symbol,PENDING_MANUAL,b4c2a5e9e057f14c21c20c3e654c8f0e8da129de7d34a4731cda617a6b2d9403,42,696
question,u07-s001-v011,u07,s001,inequality-symbol,PENDING_MANUAL,424f1b0b5b7ef76ade98cfacda103e4f2fa9b4087b96a998b15b3f9054dea3bf,42,702
question,u07-s001-v012,u07,s001,inequality-symbol,PENDING_MANUAL,a9baff57bb96ab4727f19dee588f3ef21fa013ad75d1dba44302eeb0b60a4fe4,43,802
question,u07-s001-cr001,u07,s001,inequality-symbol,PENDING_MANUAL,8411f7af5369c663a18080c25a1c08b3aee494c0b83eb41ebb35a2269cbe7939,36,952
question,u07-s001-cr002,u07,s001,inequality-symbol,PENDING_MANUAL,cc33ec6956161b19bb2a3f76a567ed9a078ae8cbc2ffb75ebd7aacf6ead96401,36,857
lecture,u07-s002-lecture-r1,u07,s002,inequality-solve-basic,PENDING_MANUAL,7610ac98768338dba920f7891ade52c1173ee0d55cad773bcde1facb55081bcd,122,1693
question,u07-s002-v001,u07,s002,inequality-solve-basic,PENDING_MANUAL,07860abc7139afc607cc363e9aac7c0f472a8ff8a2b3fa125225674fb5376c3c,41,547
question,u07-s002-v002,u07,s002,inequality-solve-basic,PENDING_MANUAL,06107773700959cfe39e9e0bad02280bb32561a236264c758355289604aadd19,41,532
question,u07-s002-v003,u07,s002,inequality-solve-basic,PENDING_MANUAL,4b366fd494b2e12dd8bb184a855f6ce8f55bca0a6a463efdd7ddd345bea4d20c,41,539
question,u07-s002-v004,u07,s002,inequality-solve-basic,PENDING_MANUAL,616c8d3b1edf1701af15b9a4596da196a5063156d7ca1aac181d2b9fa840d02e,41,617
question,u07-s002-v005,u07,s002,inequality-solve-basic,PENDING_MANUAL,b0431ce97c8a27fcd3ae2e1bf04e5eb7e4345c9ce90516d4d7b390439bee0cd0,41,614
question,u07-s002-v006,u07,s002,inequality-solve-basic,PENDING_MANUAL,b15bfd59587e2ace20354744a997d336520b443c7267a597420773c3d01dd854,41,545
question,u07-s002-v007,u07,s002,inequality-solve-basic,PENDING_MANUAL,20d3038e06fedf73d841757e91eb246222c10583d850a7ab644baa2130f95ef8,41,622
question,u07-s002-v008,u07,s002,inequality-solve-basic,PENDING_MANUAL,4b139b1f4a37f4e7120889fb987a326e62a24d8488981ecbb4ed94210df6c048,41,579
question,u07-s002-v009,u07,s002,inequality-solve-basic,PENDING_MANUAL,16117dfa70f25ea99c97069cc5d8a5300bce1e738846e90d05d356b87c3bd460,41,719
question,u07-s002-v010,u07,s002,inequality-solve-basic,PENDING_MANUAL,3ac3b7b8e252dc532ce749f78a0b431ff6e71d5d67480fc0813c9786d2f63007,42,747
question,u07-s002-v011,u07,s002,inequality-solve-basic,PENDING_MANUAL,eed6fd57965da801f437a2707d03bb451a63e35f9b4f465f2970bf7265d45fc0,42,726
question,u07-s002-v012,u07,s002,inequality-solve-basic,PENDING_MANUAL,be046f3d2e2284fc6634ea78035aa023c77d2d2439fa4c70d84670d192fc4f2f,42,670
question,u07-s002-cr001,u07,s002,inequality-solve-basic,PENDING_MANUAL,0b092cf0e1d8c38d98472ea668f0da16b1553ccb10ebdcaceb51216b30adebc0,35,813
question,u07-s002-cr002,u07,s002,inequality-solve-basic,PENDING_MANUAL,2a9c64500d1930807f9e03d208a330f40cef948db402cd94b9939cc8835abd7c,38,957
lecture,u07-s003-lecture-r1,u07,s003,inequality-transposition,PENDING_MANUAL,fc3264e53500f0fc3b83fad1fa7b0223653b693fd55f0101d1e893e8ec668c74,124,1785
question,u07-s003-v001,u07,s003,inequality-transposition,PENDING_MANUAL,5a7856e7c45164e15722515562f6289e444ac0fe35bffca6e2605afe5c182237,41,555
question,u07-s003-v002,u07,s003,inequality-transposition,PENDING_MANUAL,62b0016ee6c3ece8aa876e721ce2c0176cb8f3c42d7d3a8affa9fef35b253242,41,599
question,u07-s003-v003,u07,s003,inequality-transposition,PENDING_MANUAL,471b95e6d9fed6df5a0c952f74dbfc59e2816d7a280f4595cdd607f80c36e544,41,587
question,u07-s003-v004,u07,s003,inequality-transposition,PENDING_MANUAL,8fdcc2295ad612c988431b8c0342c95bf98a782c475c8320b51040b8c3d93e54,41,601
question,u07-s003-v005,u07,s003,inequality-transposition,PENDING_MANUAL,72ed95f2c1f8c8fb1f3fe53aa1f8abe8e286f75c998718de1faeca416c8d6cb3,41,607
question,u07-s003-v006,u07,s003,inequality-transposition,PENDING_MANUAL,4862ef09923e8d1f470e22b3b5ee93c84b58158f720fd1c6edc95cc3806d4667,41,672
question,u07-s003-v007,u07,s003,inequality-transposition,PENDING_MANUAL,a17fc82ed9cb1aa214f7b1ee6b9c6786c066acb3679686033bb17deb0ac64974,41,572
question,u07-s003-v008,u07,s003,inequality-transposition,PENDING_MANUAL,6928d485b28c09f6ce7c47376d378f2ad1e8a9ad5fdcb42a4cb8368f6a402d1d,41,603
question,u07-s003-v009,u07,s003,inequality-transposition,PENDING_MANUAL,9dff192639265138028666f0e7c8809504a78bfb6441ebc0a05be024599ff033,41,577
question,u07-s003-v010,u07,s003,inequality-transposition,PENDING_MANUAL,b7c52b20f8cd76996419e511640c7827b0c1917a9c40222e4120a9cdacf29cb1,42,743
question,u07-s003-v011,u07,s003,inequality-transposition,PENDING_MANUAL,849e09d1bb7962c76e6b23c659ccb7b4bde80696b3cf1e08cdd6f6a76869a0f9,42,707
question,u07-s003-v012,u07,s003,inequality-transposition,PENDING_MANUAL,ec3b4c94026dab80bca2128183cf771c81c0176f15ff067a127ce6b2e4e9abab,42,719
question,u07-s003-cr001,u07,s003,inequality-transposition,PENDING_MANUAL,3b48172ee5d3d6cfbc5ac47c857778743e7cf0fdf0d60ef2be48ef63afe53262,36,954
question,u07-s003-cr002,u07,s003,inequality-transposition,PENDING_MANUAL,d740ef4c9b5dd3f4507569461ff33b01a875ace89cd9ba5ce6f64fbc96851ba8,38,904
lecture,u07-s004-lecture-r1,u07,s004,inequality-number-line,PENDING_MANUAL,52eee8c8b12295fb4b82616ba642e55638400ba25ce0850507b3ec2848f8f65f,125,1733
question,u07-s004-v001,u07,s004,inequality-number-line,PENDING_MANUAL,e9fbda2f4dd95d7454381fdf8be4d65963257e5192ae52d1d0fad7bd72f34dfb,42,627
question,u07-s004-v002,u07,s004,inequality-number-line,PENDING_MANUAL,e4b9242de36abc860afacc4cccc4fd4f3af57cc3881a2fd86eb4f87e9b963598,42,617
question,u07-s004-v003,u07,s004,inequality-number-line,PENDING_MANUAL,a1e4dea2341b8caeb321353d7eba5d1a90858c9b6195a2d8f9444acfabc38ad0,42,566
question,u07-s004-v004,u07,s004,inequality-number-line,PENDING_MANUAL,2d4638844c0821fb5e0458ceb7605830391d8c4098a05a332e09a58107e65978,42,635
question,u07-s004-v005,u07,s004,inequality-number-line,PENDING_MANUAL,403d0d0fbc637976e68bc3077bfc19c3733a237028426f0cef43b62b8bf1891a,42,643
question,u07-s004-v006,u07,s004,inequality-number-line,PENDING_MANUAL,81748da8956f9b2ab4569dfac82117be937113365928b7c02a1236d2c3f77761,42,630
question,u07-s004-v007,u07,s004,inequality-number-line,PENDING_MANUAL,6e2eca539c01ccae8649247d34eead05ec4675d81d0fd1efc06d3c14112408be,43,667
question,u07-s004-v008,u07,s004,inequality-number-line,PENDING_MANUAL,2ebfd7d2065671896e99df8d5f3e33779204545ade86353e19f64f2f811ea51c,43,614
question,u07-s004-v009,u07,s004,inequality-number-line,PENDING_MANUAL,47ed3678b83ec989ac22bb694e3bb1ec07d1eac7412dfde1854e54f962f48181,42,681
question,u07-s004-v010,u07,s004,inequality-number-line,PENDING_MANUAL,369164f0b797cff8524ccc3254354ca82ebfaf4e783a6f9fc26bdc47a53c537f,43,757
question,u07-s004-v011,u07,s004,inequality-number-line,PENDING_MANUAL,3161355e0d734c3396dd36770f84de55247597aa0b17bd91e827e54fd5c86461,43,750
question,u07-s004-v012,u07,s004,inequality-number-line,PENDING_MANUAL,918fa8a17297c9e619a7332bd710a83c063e1f937ef3989ed3d7e4217a142c81,43,678
question,u07-s004-cr001,u07,s004,inequality-number-line,PENDING_MANUAL,8fa24c44f5486349bbdf80026437ea42d1a8fa1b0b3e59559124077bc1b02e32,37,832
question,u07-s004-cr002,u07,s004,inequality-number-line,PENDING_MANUAL,8bd42783e8b1f55d72a9674ef6a2ff5c4cf6c5c6ac56f3c9a1cf727abd175254,36,854
lecture,u07-s005-lecture-r1,u07,s005,inequality-sign-flip,PENDING_MANUAL,367e27c6c18c78506965434db43e275d188f00d5f706e737e17aa814253bcf47,122,1800
question,u07-s005-v001,u07,s005,inequality-sign-flip,PENDING_MANUAL,4ef8794f005975de4cd0923191d5aa6634b7035c017ab94d25f557b0837f221d,41,566
question,u07-s005-v002,u07,s005,inequality-sign-flip,PENDING_MANUAL,de39e37561c599d21f9f27a3bc35810f5875e748c854ce80f2f7f639ccf558dc,41,552
question,u07-s005-v003,u07,s005,inequality-sign-flip,PENDING_MANUAL,17ffdf15b0aae85a8270ecafa93c3dd5ccb064587ad209b2e13252c3cf2debf3,41,545
question,u07-s005-v004,u07,s005,inequality-sign-flip,PENDING_MANUAL,4184b9c2fc5063890011a2a142ce5f08ab20c3f75edb3248c631bfa6b9bd3a93,41,586
question,u07-s005-v005,u07,s005,inequality-sign-flip,PENDING_MANUAL,d39fcdeb74cad20d8dc6a39e8b6d037afbb56b8ca75a542930d6feab52d51fa1,41,605
question,u07-s005-v006,u07,s005,inequality-sign-flip,PENDING_MANUAL,117499b1f9a8b7a445593d1b3ce5f87db8fc621ac7247b5d1f06e795e2317d82,41,590
question,u07-s005-v007,u07,s005,inequality-sign-flip,PENDING_MANUAL,09898a0aa809f7923a2e6bce9b2793f2e87b3fd5ac5a2127457764b388525ed1,41,608
question,u07-s005-v008,u07,s005,inequality-sign-flip,PENDING_MANUAL,3ef964d882d1cff5eb3ba9a2de29f6b650f18bdde20a00e374e6f33463582836,42,572
question,u07-s005-v009,u07,s005,inequality-sign-flip,PENDING_MANUAL,17385f786f29655b835dec1f8a1a8a68bb18818b0a0da4105a1c41c429b9ba9c,41,589
question,u07-s005-v010,u07,s005,inequality-sign-flip,PENDING_MANUAL,52bb532fe55c60d9507f591484b504514847c720d4d011959ae6cfa51b395b50,43,685
question,u07-s005-v011,u07,s005,inequality-sign-flip,PENDING_MANUAL,1648c00637b75b9a86d54c43ed0563ed076b2c422f44edbd5c72bf949e588627,42,670
question,u07-s005-v012,u07,s005,inequality-sign-flip,PENDING_MANUAL,0130d859f6408dcf33f2458bba4c5d62bc39786886a7e02ef6682a84b6afff2e,43,686
question,u07-s005-cr001,u07,s005,inequality-sign-flip,PENDING_MANUAL,9f3730ffc988f3ef29e904a5045dd601758063db88d46632a7c0d5c1a03553ec,36,848
question,u07-s005-cr002,u07,s005,inequality-sign-flip,PENDING_MANUAL,3b0bcbf8ba4e65714666b74a182aa332ad11fcae2a89ab5946893c09c4b22033,35,921
lecture,u07-s006-lecture-r1,u07,s006,inequality-integer-solutions,PENDING_MANUAL,20520d359e7f2cdc295809bf499e3c92b06eeb2098ff55001862e26edcb170ee,127,1847
question,u07-s006-v001,u07,s006,inequality-integer-solutions,PENDING_MANUAL,f451a9735135954cad86ca0989517f9587124747efe62a76d0e51f331868f623,41,518
question,u07-s006-v002,u07,s006,inequality-integer-solutions,PENDING_MANUAL,757ffd44d042f28a6088584032f7b3d6b1ebce42b4dc8afe627ed23f24e06956,42,664
question,u07-s006-v003,u07,s006,inequality-integer-solutions,PENDING_MANUAL,870c04eed25e25496fb1097366a0d2c414c5ee816d614fd597027a95406a2ad4,41,569
question,u07-s006-v004,u07,s006,inequality-integer-solutions,PENDING_MANUAL,f04e958b578edae484afba2d1d0a932c9ff5f33da9943c5dbacaba0f0fcf580a,41,546
question,u07-s006-v005,u07,s006,inequality-integer-solutions,PENDING_MANUAL,858742ea9a8b366b36acbf4b3f85cbdef89b947d1d9a1257599d002e933d45bb,41,635
question,u07-s006-v006,u07,s006,inequality-integer-solutions,PENDING_MANUAL,04c09d81638d84dd0aba7e1bb2999e0807bf7d615eacc6d65f28b9612701e72f,41,548
question,u07-s006-v007,u07,s006,inequality-integer-solutions,PENDING_MANUAL,925902b18a3a1c18b49c0b38fb9ae85cd83e175d0373a3a900b7d59da187a6dc,43,680
question,u07-s006-v008,u07,s006,inequality-integer-solutions,PENDING_MANUAL,aa30a821f775bd8f71d2b92151fc0d14c315377da346a2c57e8e6b4f4cf16b19,41,625
question,u07-s006-v009,u07,s006,inequality-integer-solutions,PENDING_MANUAL,4aa049ce4ad9de471eec508026022827951e7b616f495a7a1f1195850ca22ae8,41,576
question,u07-s006-v010,u07,s006,inequality-integer-solutions,PENDING_MANUAL,1e21b965f0045889c007640c2520269d1eb0e21f97c3c0a8503f88f00bacd228,43,606
question,u07-s006-v011,u07,s006,inequality-integer-solutions,PENDING_MANUAL,6e89f9f0ed05357e3a1506313c0fc4c6221ffd0760408f901080f6f2002a96d0,42,666
question,u07-s006-v012,u07,s006,inequality-integer-solutions,PENDING_MANUAL,30a92c0a0965327ffbc2b99f5ff37398fbc7cfd93244ff170736fc9b447c5674,42,639
question,u07-s006-cr001,u07,s006,inequality-integer-solutions,PENDING_MANUAL,52439217a30c74b4241e6672db58d798ae1f757563f5a586ba0a4cbc4d5d721a,37,813
question,u07-s006-cr002,u07,s006,inequality-integer-solutions,PENDING_MANUAL,909e7997c57ecc77f7337afa118228eda6ff6df4971d86f181e70141ffc1db2a,38,963
lecture,u07-s007-lecture-r1,u07,s007,inequality-and-word,PENDING_MANUAL,aaffa819962fdf7a05172f0c0d1d8dfb1740a8025c446c52c9d7ae1d3ce50ae9,125,1848
question,u07-s007-v001,u07,s007,inequality-and-word,PENDING_MANUAL,898d9feb43cc665b8e7dd4ccaf3a0ff30133b0627b377ff6636c6a67a7e2462d,42,551
question,u07-s007-v002,u07,s007,inequality-and-word,PENDING_MANUAL,f8ed43354190d640e68f4c3c8088d8bac4cfe1fc306544dce244bf4f898c991a,42,570
question,u07-s007-v003,u07,s007,inequality-and-word,PENDING_MANUAL,a7b610a5896b4616a7a870e65db79b428f40d3cf5324056a5d07da4e40eba1ac,41,511
question,u07-s007-v004,u07,s007,inequality-and-word,PENDING_MANUAL,3520771d6b91d8407e2f6ed899f36d565e89ac17ed2116af529b9676fc64468d,41,545
question,u07-s007-v005,u07,s007,inequality-and-word,PENDING_MANUAL,2627ed96b836cb62b6a8015a207ac587e9788efc88e0c168c09cae868f7f4325,41,569
question,u07-s007-v006,u07,s007,inequality-and-word,PENDING_MANUAL,4e155303b5c3df626a7a7d533ef853a5d0854fa2db217ac8376b351e7be37eca,41,523
question,u07-s007-v007,u07,s007,inequality-and-word,PENDING_MANUAL,b952c79136633bec1caa4ea27fe005526dc48032514fae342c1df5cf79993802,42,619
question,u07-s007-v008,u07,s007,inequality-and-word,PENDING_MANUAL,d55e917e653211d61e42bc323b0f5aeff192f65775eb634c99942d8c75de99b4,41,652
question,u07-s007-v009,u07,s007,inequality-and-word,PENDING_MANUAL,fc015322dfa28955844bd55a4fdb29ed17bd8bb4f2a0070d54a75affb2745313,42,594
question,u07-s007-v010,u07,s007,inequality-and-word,PENDING_MANUAL,940ee5852565829d7ede9a35b273958aa2590a35d665931ee45acaefeb08c99e,42,668
question,u07-s007-v011,u07,s007,inequality-and-word,PENDING_MANUAL,1440b726589e3ea2742a613b1c218836e402bd75c8ab30ca7e8093b8ff2e45ea,42,611
question,u07-s007-v012,u07,s007,inequality-and-word,PENDING_MANUAL,0aa02284f3234bf98001d595c5d9a823a9deaaf398d59ea8b914344e6fb02d5c,42,639
question,u07-s007-cr001,u07,s007,inequality-and-word,PENDING_MANUAL,b75f998dba83e75ee2c3466c83c29f508e83c2959e42880f421d82b487212d95,39,855
question,u07-s007-cr002,u07,s007,inequality-and-word,PENDING_MANUAL,2442ea01118948e7547afb568bc793b7fe8e88d4b696f76a2ce6264647931459,38,914
lecture,u07-s008-lecture-r1,u07,s008,inequality-range,PENDING_MANUAL,8137e8fbc72fdcdfd672827a47f7e622fe1d1541a13f527055f8d88f1decd727,137,1822
question,u07-s008-v001,u07,s008,inequality-range,PENDING_MANUAL,7525807f8c64e252f540b9ba4a090309acad97c52a77a07fb794cf206d16313d,41,554
question,u07-s008-v002,u07,s008,inequality-range,PENDING_MANUAL,619c1df618dccae1e89cafb36bba34cf67b1867e1fabb0989bd5b3bacb0c51f5,41,555
question,u07-s008-v003,u07,s008,inequality-range,PENDING_MANUAL,1a26392155913f5e02194f5ebc351b57ce9ba1d1412deb3beb067506cc206648,40,527
question,u07-s008-v004,u07,s008,inequality-range,PENDING_MANUAL,7bd16867cfd953f466f3cd0c4c25baeed456049bdab1e45e0cfd4a44e08bd05c,41,580
question,u07-s008-v005,u07,s008,inequality-range,PENDING_MANUAL,8977039dc170a64329fe9d7d4809d06a952074468e4380f7f784efb64996c267,40,512
question,u07-s008-v006,u07,s008,inequality-range,PENDING_MANUAL,cdac7dc62da2800ee8eee7ee526962718ab1794a1ba43cfa14a728cd2aac7219,41,621
question,u07-s008-v007,u07,s008,inequality-range,PENDING_MANUAL,2d1b3b61640096472cd13b04fd8eb656e6b42d3df6a482b20b5ffd594b86a426,41,636
question,u07-s008-v008,u07,s008,inequality-range,PENDING_MANUAL,350555fd66310c1b5187fd24655c0a06c96769cffdba707a7bf972d9669acb20,41,582
question,u07-s008-v009,u07,s008,inequality-range,PENDING_MANUAL,f7d2128b2569acec2d02cf8db51c9fcd34ec6f5a3b6ebf933a1086913b2965c7,41,690
question,u07-s008-v010,u07,s008,inequality-range,PENDING_MANUAL,9944384669824ce0d4c7099a779f612dfbd8d95e762f5650dd6fc40007da2492,42,608
question,u07-s008-v011,u07,s008,inequality-range,PENDING_MANUAL,9c3ee3be0390b91c9ef5d3795b418c88f9e966ea343ec6f5fc4bc7ad39983c73,42,752
question,u07-s008-v012,u07,s008,inequality-range,PENDING_MANUAL,a361ea9a38c50ea3e30eeecfead22f3dcaf613caad7e13dfd21887be69167fb0,42,699
question,u07-s008-cr001,u07,s008,inequality-range,PENDING_MANUAL,a47283bf66ae19f210bddd1c48e84c260b083afec69bf5405380a13086cc4b1f,36,776
question,u07-s008-cr002,u07,s008,inequality-range,PENDING_MANUAL,6d74436598eceeb73d0b7722523d1c08fff70ae9c2c716f7deaaf90882489cb0,35,927
lecture,u07-s009-lecture-r1,u07,s009,inequality-word-problem,PENDING_MANUAL,07ee3a90afe455425f1aecd5576cb8eea624fd395ded6da785e85ed3900184d0,130,2007
question,u07-s009-v001,u07,s009,inequality-word-problem,PENDING_MANUAL,79ef8330ada5c5720f183f42283b904c157c7de78ef2a511265a0b2e4208d138,41,610
question,u07-s009-v002,u07,s009,inequality-word-problem,PENDING_MANUAL,94753bfdf5b24c7ae56a63bc0a7462a6a9cdb14af98826c90e3ba0b5d1ee9ab2,41,565
question,u07-s009-v003,u07,s009,inequality-word-problem,PENDING_MANUAL,4d633edfde1e4c54a3e342d0922d42cfec63782fdab08b9189628996d03631ae,41,563
question,u07-s009-v004,u07,s009,inequality-word-problem,PENDING_MANUAL,01fec622cb9b5dd1d639fdffdf54a53ffa137e4458522ab50a9fabb1e09aa7aa,42,599
question,u07-s009-v005,u07,s009,inequality-word-problem,PENDING_MANUAL,bc693e04e04f3d1b648cefb246eae60ce8e58b1067ad3e1ef153e4614c4ee023,42,591
question,u07-s009-v006,u07,s009,inequality-word-problem,PENDING_MANUAL,4627bf38b40d6d542ceaf1ec30978055d23583b3953e5e31853a1c1a376aa01d,41,638
question,u07-s009-v007,u07,s009,inequality-word-problem,PENDING_MANUAL,67db14118e040b126b73da711cb8fba7439c1e65de746b0f79a10f99e3914cb4,42,610
question,u07-s009-v008,u07,s009,inequality-word-problem,PENDING_MANUAL,9775755bc859b19a75f4ecfad798fd57f57ba4f1f87e5dfb15447931a658a8a6,42,649
question,u07-s009-v009,u07,s009,inequality-word-problem,PENDING_MANUAL,829389aa63f9cd11cda74b3ccd1285dd692c744ad13c19e14b92c8c085764557,41,603
question,u07-s009-v010,u07,s009,inequality-word-problem,PENDING_MANUAL,9ee4ee73fdf74a22c296f67896c00b6b3f1ecadc8ad0d56f1bf974f5d73ed576,43,674
question,u07-s009-v011,u07,s009,inequality-word-problem,PENDING_MANUAL,25b4ba5747669d463565f9993f0547421fc35b412eb5c6f51d4c2ec352aa70bf,42,599
question,u07-s009-v012,u07,s009,inequality-word-problem,PENDING_MANUAL,49b583e913a440bf9cd5964830cd098f5a0f94480e39e5ad9f70b02ce92f6310,43,643
question,u07-s009-cr001,u07,s009,inequality-word-problem,PENDING_MANUAL,e0f73c687444e649e81364b5dfebfc607bc7a2a70a1dc0162bc485ca4fc115b4,38,831
question,u07-s009-cr002,u07,s009,inequality-word-problem,PENDING_MANUAL,402985ceb7efef95202d2be75924d447709b74fed23a3cb0daba47d21f6d3987,38,905
lecture,u07-s010-lecture-r1,u07,s010,inequality-reasonableness,PENDING_MANUAL,b7bad39b193e50df57b51f60859d9999016b4fb4c94edfab91762e1678212ec5,126,1922
question,u07-s010-v001,u07,s010,inequality-reasonableness,PENDING_MANUAL,76a432d9f1488c281be3f4637332afda3419d0fb5b7cf4d466bb91cd9f3489e3,41,585
question,u07-s010-v002,u07,s010,inequality-reasonableness,PENDING_MANUAL,4bee63db6cdea559449a39e0b19c8ba66725c205681aed1464b248f2bab83319,41,550
question,u07-s010-v003,u07,s010,inequality-reasonableness,PENDING_MANUAL,c1825aa5c392d54e94ad1b4d21e80fd6279b57df60f5d7d6e4783bf38ab3d148,40,562
question,u07-s010-v004,u07,s010,inequality-reasonableness,PENDING_MANUAL,247a7bb5ac192dfc9d43740a470c69ffa7bc0299d5a82055fe84ba992cb423e7,41,627
question,u07-s010-v005,u07,s010,inequality-reasonableness,PENDING_MANUAL,c3f286e6a11db12fd0945da4e36bc7655f91adeed27f86dc1dabae8d2d8f79b4,41,577
question,u07-s010-v006,u07,s010,inequality-reasonableness,PENDING_MANUAL,24a44033f41d3fae80c7e21fd7212b6ecb32411d71acdc7fcd7dbe2122e5b807,41,668
question,u07-s010-v007,u07,s010,inequality-reasonableness,PENDING_MANUAL,4e566d477d04797df753a025e6ee91bfa3767b37a2b5509355f4dd6e5eb0fcc0,41,645
question,u07-s010-v008,u07,s010,inequality-reasonableness,PENDING_MANUAL,a1c45231c8acc6dc5c94eabfcf6c4df368f6a5d4bd67cc07ddcf07e099e4e5b6,41,580
question,u07-s010-v009,u07,s010,inequality-reasonableness,PENDING_MANUAL,d47f906edf88a3ec57f126bbd59d8ac6f1bdc91beb7c0cb9b6cf466044a68527,41,652
question,u07-s010-v010,u07,s010,inequality-reasonableness,PENDING_MANUAL,9f1c3fe40293b2e629789caaa306511c08c6e81adcc552a732ed15fa85cedecc,43,760
question,u07-s010-v011,u07,s010,inequality-reasonableness,PENDING_MANUAL,fa8231a63de2ac3c65027435c1776d2205b5d4986bbdde97c8109a67cb8c6da7,42,711
question,u07-s010-v012,u07,s010,inequality-reasonableness,PENDING_MANUAL,fdad1643c418b3c81ecb9fba63f6c2c39edefe427e7d885faacbf02c9603edf6,42,646
question,u07-s010-cr001,u07,s010,inequality-reasonableness,PENDING_MANUAL,8ed59c6abac4254c19d232e383e9b926439e80b4361519515797c1ab322a4a98,38,896
question,u07-s010-cr002,u07,s010,inequality-reasonableness,PENDING_MANUAL,ac95a3bc56f82305eb71733811cdc74d6a9faa6a8d264035609199e3eb9b0469,36,863
lecture,u07-s011-lecture-r1,u07,s011,inequality-budget,PENDING_MANUAL,37f35428720fdd17d373f19cd8bdf4808631a4dff486cf6efc9e3b3e46ce510a,130,1938
question,u07-s011-v001,u07,s011,inequality-budget,PENDING_MANUAL,b63a2c717be55eaf74b4bcd54f2efd418f9a2a7aae61a284dd82a315a65fc974,41,550
question,u07-s011-v002,u07,s011,inequality-budget,PENDING_MANUAL,2e97438bf2b453cc253436d263f34d97f07a78f65538a789c2668cd26ea2593c,41,528
question,u07-s011-v003,u07,s011,inequality-budget,PENDING_MANUAL,19c3343e1d8a3f9460725c15d31de16d9d20041fb154ddd37804f2a13735a3aa,41,585
question,u07-s011-v004,u07,s011,inequality-budget,PENDING_MANUAL,29ffab1a647876d731b7751f93eae11c31a7440d4fd40c031c0049b6cfec478f,41,571
question,u07-s011-v005,u07,s011,inequality-budget,PENDING_MANUAL,ea1df6f185bf11037554361d6045efa4964fd4514d81a66246e0ae77d88b4378,42,645
question,u07-s011-v006,u07,s011,inequality-budget,PENDING_MANUAL,15faaaa9a963b9aa1986e8314f197e63aa607c7040d4a6cf4ae85e1e4d4a4299,41,602
question,u07-s011-v007,u07,s011,inequality-budget,PENDING_MANUAL,c599a81a573632a90e96bcec51e3831cd210f815d02104fe20552001daddea71,42,724
question,u07-s011-v008,u07,s011,inequality-budget,PENDING_MANUAL,bcb6259ed833c78f57835df1e563382bcc09fad5093dd1ab8ca1fbefb11f8e20,41,639
question,u07-s011-v009,u07,s011,inequality-budget,PENDING_MANUAL,a48c4fbff5e37b2e32ff5f6a273c43ca5027f4f6e49bf48d05ab5c9d8c340f4e,42,722
question,u07-s011-v010,u07,s011,inequality-budget,PENDING_MANUAL,0d55bef327ed44376d8f134dc0918118cd30ec8e3417a3f69910a0343f0259a2,42,616
question,u07-s011-v011,u07,s011,inequality-budget,PENDING_MANUAL,4684678377f9c0cd0a1a98378b0d382a1ab8ec775e21389c6765b6f10f18a12e,42,642
question,u07-s011-v012,u07,s011,inequality-budget,PENDING_MANUAL,d476b0db97744bb7409358c064c8186ba0dfbe40a89435390ff919c2b52af570,43,718
question,u07-s011-cr001,u07,s011,inequality-budget,PENDING_MANUAL,46113089acc0403063784703f175d12d9a993475c216357ef6ebe1c23ebd4354,38,966
question,u07-s011-cr002,u07,s011,inequality-budget,PENDING_MANUAL,6cec703eb4f5f02b96bb249900167833ec846f6f8596ad2ac412e20cdb6186d8,38,931
lecture,u07-s012-lecture-r1,u07,s012,inequality-literacy,PENDING_MANUAL,c3dc2d31b38616c50de31ed2c50010ca532f1d7e172999fea8d944ae307a2b23,134,2132
question,u07-s012-v001,u07,s012,inequality-literacy,PENDING_MANUAL,e97f671997a3076c909d4e9c7e6c267198d4a21c7bd15835596b327e33aedae3,42,623
question,u07-s012-v002,u07,s012,inequality-literacy,PENDING_MANUAL,e33cb428931ac2460fd3e79ee432ab03982ccb916b0c2e357fd6e1676b02070b,42,603
question,u07-s012-v003,u07,s012,inequality-literacy,PENDING_MANUAL,ee623001ce7ddaf2a5d6523e0bf1545d562e74017d50132b0ab84a33ccb356c4,42,718
question,u07-s012-v004,u07,s012,inequality-literacy,PENDING_MANUAL,69ebedb2f6312a57fba9e14257ecc96c68a442f813a124357e147ff3d0944dd1,42,544
question,u07-s012-v005,u07,s012,inequality-literacy,PENDING_MANUAL,8b3984a95a5f952db347f2fe0b276f1889fb7aa7be1e8b3598f11eb64b41a505,42,604
question,u07-s012-v006,u07,s012,inequality-literacy,PENDING_MANUAL,42e9f74b7c6620382416bb341da8a323dc43926fe58ac08a9cbfcde3ae5bb518,43,630
question,u07-s012-v007,u07,s012,inequality-literacy,PENDING_MANUAL,9a2be10e26c608bd53a3c6b553e7aaabf2f840a76f4f70a2a941e0662727a1d9,43,688
question,u07-s012-v008,u07,s012,inequality-literacy,PENDING_MANUAL,f655e6fd9577bd137d9e73e7be4798eb529983fb71228b73f09969e42de7ef71,43,642
question,u07-s012-v009,u07,s012,inequality-literacy,PENDING_MANUAL,81f0fefd109eb9a2cb6567d20a4aaeb4b77698fcd1dfacbcc36c47a2d315a18f,43,712
question,u07-s012-v010,u07,s012,inequality-literacy,PENDING_MANUAL,256b494b901ed75763288ea2b0840e95335b3eab10e8774a94a2bdcafa2df511,43,677
question,u07-s012-v011,u07,s012,inequality-literacy,PENDING_MANUAL,513d58dc7174b5994b750112446b9a64f6637d262c341d8f01b65383872b1059,42,629
question,u07-s012-v012,u07,s012,inequality-literacy,PENDING_MANUAL,a9cddace6b7c23e8498cbbf57d3e68d1cf74ff7f29ae1fab721d8ac1c0b447e3,43,734
question,u07-s012-cr001,u07,s012,inequality-literacy,PENDING_MANUAL,a4f58462230b1c2dc049d568cb656938404503393b4651651bc14463956f5a56,40,983
question,u07-s012-cr002,u07,s012,inequality-literacy,PENDING_MANUAL,a4a11fe5a4c9693e43c0c421bac6b3a671717e9decd3588fb98c39932bd1469d,39,905
lecture,u08-s001-lecture-r1,u08,s001,geometry-basic-elements,PENDING_MANUAL,92ffcd8eaf28485afbe35ee4264394deea4179eec015c04da68adb5aeb7603d4,121,2176
question,u08-s001-v001,u08,s001,geometry-basic-elements,PENDING_MANUAL,0d49a9964890039e6ab2afd9fa3d782d337bd2bc3ed28affdba4043944aa29c3,39,574
question,u08-s001-v002,u08,s001,geometry-basic-elements,PENDING_MANUAL,7392ef22391985154067a483b9d43ce37918413fb93b2b4c52338d117d5fd451,38,598
question,u08-s001-v003,u08,s001,geometry-basic-elements,PENDING_MANUAL,cdc556b4c2f3d1e46f90a2fd957b113c7e4e813670c39e3b5e5ddbdf6e2ecab6,38,574
question,u08-s001-v004,u08,s001,geometry-basic-elements,PENDING_MANUAL,50a594bfcdea7490098793e2958409483a228886d10553caaa3caa42df380935,40,664
question,u08-s001-v005,u08,s001,geometry-basic-elements,PENDING_MANUAL,92076b5ef9f24d9fb06373dea86393f5427ad364072820b4e98e13fdde4ac7c3,40,721
question,u08-s001-v006,u08,s001,geometry-basic-elements,PENDING_MANUAL,68ad174a422e6004b42e8bc7ade64a0194450cfe65dbe3c02c5a6403ddb31cf7,39,674
question,u08-s001-v007,u08,s001,geometry-basic-elements,PENDING_MANUAL,904d019e961cac05780c8e121c40f0c38c3724853f986c6921e5f513743f443e,40,685
question,u08-s001-v008,u08,s001,geometry-basic-elements,PENDING_MANUAL,72a0975622e6de4f126e1b7b2bd7d7d4eeb9e90b871b328ccdcf17da06876e3c,40,720
question,u08-s001-v009,u08,s001,geometry-basic-elements,PENDING_MANUAL,e5162d494eba14babb8ffe5a672af5427959f737b91dc8941f7d8aad38993ef9,40,781
question,u08-s001-v010,u08,s001,geometry-basic-elements,PENDING_MANUAL,926bb8b7843e54f5ccaaaf5e9b83cae6ccc91136f02b4bb70e3374431edec2c6,41,791
question,u08-s001-v011,u08,s001,geometry-basic-elements,PENDING_MANUAL,8f994492dc6dd1de389d3d9f2a7ada2423318060fcc567b8879f89563b651ebe,40,805
question,u08-s001-v012,u08,s001,geometry-basic-elements,PENDING_MANUAL,239d95b3a82dce07ff7c56bc95fbfda02cb8535b184ad78e9a8eff809d312f88,41,769
question,u08-s001-cr001,u08,s001,geometry-basic-elements,PENDING_MANUAL,9eb36b48abfca47b3db46e86b18c5608ef89ca54f619e5aee279f2aca6865f5c,40,975
question,u08-s001-cr002,u08,s001,geometry-basic-elements,PENDING_MANUAL,7beb84d236c6310b27fae209ad075c21e2f267f8be6caabe4d7ab40cd9c6a705,40,958
lecture,u08-s002-lecture-r1,u08,s002,angle-types-measure,PENDING_MANUAL,675909200c4df8c10e65eb6359059a1a04365ce438bf2b76598699f05951230f,134,2139
question,u08-s002-v001,u08,s002,angle-types-measure,PENDING_MANUAL,f1c4a27414f7878f0bc4a49fe49025bd759234a78b7c15605d598cfaecd844a2,38,561
question,u08-s002-v002,u08,s002,angle-types-measure,PENDING_MANUAL,842de1383e94362a8f3cf3727456d97e49428624bd385f6933b6cb5fe12e4f3a,38,501
question,u08-s002-v003,u08,s002,angle-types-measure,PENDING_MANUAL,3a60c847a75642c01b049392313c702d73db3c08238797f95d8beb1b7a6ed402,38,556
question,u08-s002-v004,u08,s002,angle-types-measure,PENDING_MANUAL,beb7d3e6868e4d0d9ced71ec7f4f87fa1e32691bd2d28aaed97c68d803264c3e,39,577
question,u08-s002-v005,u08,s002,angle-types-measure,PENDING_MANUAL,2a4f530e7790b49cc674e52ab97e026bd82d0bc4816ab7007261e6b6bc51a7d6,40,587
question,u08-s002-v006,u08,s002,angle-types-measure,PENDING_MANUAL,b56274c2bd754318e5e1b0a0dd454cd4697f660faec695730ce3710fe42e5b1b,40,604
question,u08-s002-v007,u08,s002,angle-types-measure,PENDING_MANUAL,6965c39528bc224b86d66dad4b764736e40c463ebefaa453ea2084547cfa0331,40,621
question,u08-s002-v008,u08,s002,angle-types-measure,PENDING_MANUAL,213264dcbfaeaf003d617bad713db11933fc9b734491849295e294ee1b19c8ca,40,639
question,u08-s002-v009,u08,s002,angle-types-measure,PENDING_MANUAL,f969de37fa076dae5dc94bd0ea4538734dd2e9f0b3c53d8c984e2d15c1e3e03f,39,629
question,u08-s002-v010,u08,s002,angle-types-measure,PENDING_MANUAL,6f6e4c5d8a29cb162dd99bf91bf381b4271d0631b2d46cb872d4ae4ef221e6f5,42,746
question,u08-s002-v011,u08,s002,angle-types-measure,PENDING_MANUAL,14b6563c06c5a532ea11db7fbd83c55db3e1afe8096b2cf15b2fb5f5dd330e0f,40,662
question,u08-s002-v012,u08,s002,angle-types-measure,PENDING_MANUAL,fe063cfe59ef36739e84b9fbbcb8dc36e6ba9896c8170478837ef7923b5111bd,41,777
question,u08-s002-cr001,u08,s002,angle-types-measure,PENDING_MANUAL,540290b392bf69aab60b2f20c818aebf45e33d231a3aed0d03e1f0cf97144806,40,856
question,u08-s002-cr002,u08,s002,angle-types-measure,PENDING_MANUAL,6e3c2e452369ae414b98798f0830b1c1d6d39dd13fec35340494684efa0754c6,40,917
lecture,u08-s003-lecture-r1,u08,s003,parallel-perpendicular-angles,PENDING_MANUAL,2200f2ba55f5fd4bff2461411f2e6cb7e909c30086ca922caf5c890ae8a5c7e7,124,1970
question,u08-s003-v001,u08,s003,parallel-perpendicular-angles,PENDING_MANUAL,9abf7bcb17f96802ac45cf768a6c0ffc911c16bdeafa51b30354619f845d5371,38,590
question,u08-s003-v002,u08,s003,parallel-perpendicular-angles,PENDING_MANUAL,53f9c80461d3e1145dbf32bf0d4b4418cd50370a2b5e05cb4d2b264752c6cdd8,38,563
question,u08-s003-v003,u08,s003,parallel-perpendicular-angles,PENDING_MANUAL,5993035d03c56e1156d1f1dee46d61ab85828262e044a6897ea2a258a712c48c,39,581
question,u08-s003-v004,u08,s003,parallel-perpendicular-angles,PENDING_MANUAL,7cabce2070f4b6405177a04838e2aa2e09c2393f91b7542413b4bf4819b2cc9c,41,628
question,u08-s003-v005,u08,s003,parallel-perpendicular-angles,PENDING_MANUAL,ed1c0c1c3470fdf2efb49cde3235f094a3fe433a519f467d10f9799280919742,40,618
question,u08-s003-v006,u08,s003,parallel-perpendicular-angles,PENDING_MANUAL,f9a5c4a782372f5a1c9330cceeb8d124b1acf140601f31a12548db2f84ceb31a,40,579
question,u08-s003-v007,u08,s003,parallel-perpendicular-angles,PENDING_MANUAL,4e078f0c16c1549932a6481007514f3c4d7ecbdabbbd700db7cb4444b25f53c8,40,733
question,u08-s003-v008,u08,s003,parallel-perpendicular-angles,PENDING_MANUAL,e7fb827f76524d896fd875c0bd981b868e02220acbde8707eff9f2a76ea260d2,39,710
question,u08-s003-v009,u08,s003,parallel-perpendicular-angles,PENDING_MANUAL,ef2e4b82f01bbeacd78ebdd9f80c5366b4589528ca9e65a38c77b049f3baa01f,41,600
question,u08-s003-v010,u08,s003,parallel-perpendicular-angles,PENDING_MANUAL,3a981ebf7d4e85dc997a47ae342fee98de52e597a669d83437dcf0ca227f8fe2,42,799
question,u08-s003-v011,u08,s003,parallel-perpendicular-angles,PENDING_MANUAL,3df6449cc2f1e80e5b5dac9d4937f21a84f54005ec765455b3d016471195dc9b,40,681
question,u08-s003-v012,u08,s003,parallel-perpendicular-angles,PENDING_MANUAL,8b5060837d85bbe6854036e05f3d259894c3fc76704bfcebc742c1a2280203a4,40,789
question,u08-s003-cr001,u08,s003,parallel-perpendicular-angles,PENDING_MANUAL,bd9fa4efd31fc9e312c9c3c0f95b2f94b463a6a650bf4cd327255a9574061a5a,39,823
question,u08-s003-cr002,u08,s003,parallel-perpendicular-angles,PENDING_MANUAL,85ba696e233d62dd1fe9ab03d0010925439a9818913502d8940531ef17cfbab2,40,841
lecture,u08-s004-lecture-r1,u08,s004,triangle-angle-sum,PENDING_MANUAL,4d54833ebe50c7e027270476deae4d4db138df8788e377fc64d5d26355d347d9,118,1931
question,u08-s004-v001,u08,s004,triangle-angle-sum,PENDING_MANUAL,844daae7da130799a796da0d7e0477e855c04bf572e5a9fcede4eac6f7684dc7,38,575
question,u08-s004-v002,u08,s004,triangle-angle-sum,PENDING_MANUAL,89862399b8d89ebcdacf877a7ca59826bd1133f7eefbb3ed1f0b187e735b9fd6,38,623
question,u08-s004-v003,u08,s004,triangle-angle-sum,PENDING_MANUAL,73d22399cc353a88178b5343604fa062c23e3b16d7e4cd1c84c39a89e328d3b9,38,567
question,u08-s004-v004,u08,s004,triangle-angle-sum,PENDING_MANUAL,07f762885577ad69f7171335e33155ec2acd536368adfc6b598a8575f93244b1,41,623
question,u08-s004-v005,u08,s004,triangle-angle-sum,PENDING_MANUAL,3348151e99bf3dc864447bcebe96fe28912de08ee5be8ee18c01406554fd498c,40,601
question,u08-s004-v006,u08,s004,triangle-angle-sum,PENDING_MANUAL,49009cc5aa535778ccac97f5d300c80abcf127220b303937098b827a57c22ac0,39,563
question,u08-s004-v007,u08,s004,triangle-angle-sum,PENDING_MANUAL,b12bc230aa8dc1218549b63717eb481c2d01d4cc114084550d3bca3095ffab4f,39,566
question,u08-s004-v008,u08,s004,triangle-angle-sum,PENDING_MANUAL,925a099e0c7dccd125dbc672329fc6f99839403716eb5511b27277d59fae605a,41,707
question,u08-s004-v009,u08,s004,triangle-angle-sum,PENDING_MANUAL,680d330a539fb476689b278f728bd6db936d41e8511cdda9e51135dc5b91b185,39,625
question,u08-s004-v010,u08,s004,triangle-angle-sum,PENDING_MANUAL,a77329a2735457a92fdfce03596d5a0d80f57107a5c1f8e9b971165c86100bef,40,633
question,u08-s004-v011,u08,s004,triangle-angle-sum,PENDING_MANUAL,db43f5e36200228901b33b2f7fb404684fea1e5322a3a35cf717f79cd30f9426,41,722
question,u08-s004-v012,u08,s004,triangle-angle-sum,PENDING_MANUAL,53ad4b30f326aff83f24a0e1b5cd19bf863c494d60fae479a5e36bb324c88f23,41,795
question,u08-s004-cr001,u08,s004,triangle-angle-sum,PENDING_MANUAL,0fe5992f0b94eb146cc4a279dad4fd804fab0740387d077f5eecdcd1418adf91,40,813
question,u08-s004-cr002,u08,s004,triangle-angle-sum,PENDING_MANUAL,fbafe0359bdfb0d233f75e3606f067beeb76418088539110e01e34732a6a5e5e,40,870
lecture,u08-s005-lecture-r1,u08,s005,triangle-basic-classification,PENDING_MANUAL,12babecea47875d736b5e147ab653f5da8b46aa8695311d293b039237d8c1e89,122,1935
question,u08-s005-v001,u08,s005,triangle-basic-classification,PENDING_MANUAL,06f8b5129f54257128344ea35943197b10bd9ee748e615f5c7bbc563f9430e9c,38,573
question,u08-s005-v002,u08,s005,triangle-basic-classification,PENDING_MANUAL,21f82372e8053a179b2e7bf8155c8508b0c42799e6553deeb8bea15d9ef34597,38,587
question,u08-s005-v003,u08,s005,triangle-basic-classification,PENDING_MANUAL,4ac4ff6004b02c920b568c51053921b88fa964e22cbdd93ed2f7d60cea98b2f4,38,539
question,u08-s005-v004,u08,s005,triangle-basic-classification,PENDING_MANUAL,7fe5a9dc839d5120efd25c73a079b11984e8466ca13c083c9a390f5008a0715a,38,584
question,u08-s005-v005,u08,s005,triangle-basic-classification,PENDING_MANUAL,17b6f92111c750ae88b3cebe13a4feb2d7a81256ee35de92b8c5dc8a5be04416,39,564
question,u08-s005-v006,u08,s005,triangle-basic-classification,PENDING_MANUAL,632fa3a02610d714475fbf5ec3040a488fa41623b6b2815888cc1127b762fcfa,39,605
question,u08-s005-v007,u08,s005,triangle-basic-classification,PENDING_MANUAL,b048133e4707be2ef56f89187f3b0051b8badbcf53318ab7927c7766f57e33d8,40,720
question,u08-s005-v008,u08,s005,triangle-basic-classification,PENDING_MANUAL,3c1b57ec88d5422a9b2ae30a2e88bd077f5923f00aa3ce52b3cf918d38628030,39,660
question,u08-s005-v009,u08,s005,triangle-basic-classification,PENDING_MANUAL,039ecbb41b33e22ae7384d04e82ceec5f0a706fd13163c535ef40ccfe28a8cc9,39,614
question,u08-s005-v010,u08,s005,triangle-basic-classification,PENDING_MANUAL,6805d64e30a9823ee5e78ed2d0affd19ff358908260942cba67f646d605927c0,40,658
question,u08-s005-v011,u08,s005,triangle-basic-classification,PENDING_MANUAL,173bbd8ec14cbeec97c53413a991dcbb6ab8a35f484bfada174d12ed567c1872,40,644
question,u08-s005-v012,u08,s005,triangle-basic-classification,PENDING_MANUAL,e786a25f8f06841c4f5eebeb8f37202221366aadd7ebecacd4c534e366e3b81b,39,679
question,u08-s005-cr001,u08,s005,triangle-basic-classification,PENDING_MANUAL,86f18ad5b4168efefbb202f7a065fc7ded71da5415e11de75b7529c564537a07,39,799
question,u08-s005-cr002,u08,s005,triangle-basic-classification,PENDING_MANUAL,d9a3be46941e732b7aa10a173dac3ad910b145291ba51d8554f44cfd601f1d34,40,890
lecture,u08-s006-lecture-r1,u08,s006,quadrilateral-basic,PENDING_MANUAL,8580bd9e0f79f05ba2a3d0fcc6e015ecddf986e09aca71a1be8a1b93a52a8447,126,2055
question,u08-s006-v001,u08,s006,quadrilateral-basic,PENDING_MANUAL,e2b4e4724a28b8a49730c0b7eccf769c44b5dd7015a22f18e24187e0304b3dc6,38,546
question,u08-s006-v002,u08,s006,quadrilateral-basic,PENDING_MANUAL,5a8908b0326ce1c54469ab4ccf1c2a5c5792f920dbe84a1ad649182e407a58a3,40,659
question,u08-s006-v003,u08,s006,quadrilateral-basic,PENDING_MANUAL,e4d35123d42f680fd29b487b58657c93c4238c375f6f22f02d2a512d61168274,40,572
question,u08-s006-v004,u08,s006,quadrilateral-basic,PENDING_MANUAL,31ea3a3aaeeeaec2dca1d15eba0464ffb89b6ea02b87d7beeeb1feb416ac0aa1,38,560
question,u08-s006-v005,u08,s006,quadrilateral-basic,PENDING_MANUAL,3758bb6b93d8c3f423d308e3a05cded79d25464cded52685a38989f73d60363e,39,584
question,u08-s006-v006,u08,s006,quadrilateral-basic,PENDING_MANUAL,dbaf7f322a749c62a1426d609dfe1bb071af6b84c30b74e863c9604cbaf30f05,39,545
question,u08-s006-v007,u08,s006,quadrilateral-basic,PENDING_MANUAL,24d5a436e9a712b88c2e385882014b6d0fee96812a2481aba20c315805e7fc9a,40,596
question,u08-s006-v008,u08,s006,quadrilateral-basic,PENDING_MANUAL,a54755935228200eeed76a957a6c6dbe85dff2239b3fc2959fda2551aeb27a67,38,625
question,u08-s006-v009,u08,s006,quadrilateral-basic,PENDING_MANUAL,54ba7f1faa1afdd708d0ef9e251b285de2edc06b6b210915b5f26f25011c71f9,38,616
question,u08-s006-v010,u08,s006,quadrilateral-basic,PENDING_MANUAL,698066d1994b5a47b98ad7471deedb3579e50a129e1fb436fe517f59ca83ba01,41,647
question,u08-s006-v011,u08,s006,quadrilateral-basic,PENDING_MANUAL,02fd0cc2c74aa50c12eb3dbfb6b3f9267eddfb8fbd613c2064dcbf98a9fb1765,41,626
question,u08-s006-v012,u08,s006,quadrilateral-basic,PENDING_MANUAL,690e81fb64d1589c5e4f994880ffeed80eb6d312eeece1f3ac32c3d428f71613,41,770
question,u08-s006-cr001,u08,s006,quadrilateral-basic,PENDING_MANUAL,d19eced349933a8bd6c86244379c9f61627aa8b8fafccb66da3015a58943ec54,40,854
question,u08-s006-cr002,u08,s006,quadrilateral-basic,PENDING_MANUAL,cb1f64738f78bf11cd39df97e217a6c54e7040e91e56bdff8d23e51731950c2a,40,942
lecture,u08-s007-lecture-r1,u08,s007,polygon-angle-basic,PENDING_MANUAL,63736cc8aad6f56fbbcfc24611a58257896c94fcb8d0221b4a77b9e7fda7251c,123,1978
question,u08-s007-v001,u08,s007,polygon-angle-basic,PENDING_MANUAL,cf22726b69cb57b17650a52a5d7228ad1eb28cd992052c8114ce0c2dc11a6fe5,39,532
question,u08-s007-v002,u08,s007,polygon-angle-basic,PENDING_MANUAL,08d0ce3e351ad315fc23aec76df4d66213efa381e1bcf196b0b38eeb0a9c46de,38,575
question,u08-s007-v003,u08,s007,polygon-angle-basic,PENDING_MANUAL,ba09294c70b4c7e8f1f4f5467debf84d463af9e9ce68bb06551fce83f82584ae,37,512
question,u08-s007-v004,u08,s007,polygon-angle-basic,PENDING_MANUAL,f86bbc5683aa67d4d58758e19b97b358a1288fb0332aae4959c284b1368b809f,38,628
question,u08-s007-v005,u08,s007,polygon-angle-basic,PENDING_MANUAL,11f1f8d13f2bad437461cbf53fad97af3716ca98806ca7447782ced47ce9d613,38,535
question,u08-s007-v006,u08,s007,polygon-angle-basic,PENDING_MANUAL,7dcac8e6e0bcb3ecf26d852571b5ff2ee4764c40ff8e189cfbc2311c0eaaa474,38,533
question,u08-s007-v007,u08,s007,polygon-angle-basic,PENDING_MANUAL,b5ce977604175cf8c48dd4faa0ce70111f9982271a4daadf3bf22cc5f8ef05c6,38,559
question,u08-s007-v008,u08,s007,polygon-angle-basic,PENDING_MANUAL,f8a794a8e9840ffd8b5952f31eb475d5b279ee6055a6886208c955751d9b7969,38,582
question,u08-s007-v009,u08,s007,polygon-angle-basic,PENDING_MANUAL,6b95f519e528ce10dd5acca48508d719df5d79bf91852ac88d3549305c6e35a5,39,624
question,u08-s007-v010,u08,s007,polygon-angle-basic,PENDING_MANUAL,e4d8eec9d9f83360389e50f26909b0dc69e93dddeeb37bfdffb5cf4d29bceb45,40,631
question,u08-s007-v011,u08,s007,polygon-angle-basic,PENDING_MANUAL,c624a9d7517396869166ddfa0cf50fad73df35a7b08a488f699e89463276b01a,40,654
question,u08-s007-v012,u08,s007,polygon-angle-basic,PENDING_MANUAL,39eee46e0bf72d2eef51ed3dc1bb10df6470c55727551e3931999ece4d5a09e6,41,774
question,u08-s007-cr001,u08,s007,polygon-angle-basic,PENDING_MANUAL,4ad74b39b2cb0eb5ea4936eff11887c3dbde91312196652db16c47ce5c10ef56,39,757
question,u08-s007-cr002,u08,s007,polygon-angle-basic,PENDING_MANUAL,30a2c92a853ef8fe227b805678069b6f9477b76f9d4bbe5bb7abadc2fac0ba86,39,816
lecture,u08-s008-lecture-r1,u08,s008,perpendicular-bisector-symmetry,PENDING_MANUAL,228538870f1554c2e691711c930eede3c2a3ea9261a9b3125efe36d0ce584b43,127,2189
question,u08-s008-v001,u08,s008,perpendicular-bisector-symmetry,PENDING_MANUAL,51ec17e090036153b01d4a42b2f7057a099f35656aa066b17befe590f8530305,38,615
question,u08-s008-v002,u08,s008,perpendicular-bisector-symmetry,PENDING_MANUAL,77263efc4f7c465e6d69f95424121300498d9c938b67255c0b27d5bc451d846c,39,590
question,u08-s008-v003,u08,s008,perpendicular-bisector-symmetry,PENDING_MANUAL,a3826bf5a0f77cc65c0a89b0e5cc87540dff37784ac3d78cc373d76c3bbae28e,39,636
question,u08-s008-v004,u08,s008,perpendicular-bisector-symmetry,PENDING_MANUAL,196d3cd66e7a70082a7934be62f3b43bfe2dedfda51a82c131ba42b83c2878a6,38,684
question,u08-s008-v005,u08,s008,perpendicular-bisector-symmetry,PENDING_MANUAL,577da9e7769798a4a8096be5355a447fb8ad0380d02a7cf8d4e770db1829d7e6,40,690
question,u08-s008-v006,u08,s008,perpendicular-bisector-symmetry,PENDING_MANUAL,8c02371dd1f64ff3e2bdfebb5bd55b98ecc65328c4a29e72be63303a8ce67524,38,605
question,u08-s008-v007,u08,s008,perpendicular-bisector-symmetry,PENDING_MANUAL,c0c1446a6bf2bba1eb2a0083d2695e5477e29777c30483f0362f39b00dc32396,40,692
question,u08-s008-v008,u08,s008,perpendicular-bisector-symmetry,PENDING_MANUAL,3f0c0d58bd0a8c65c3b7f630977fb79d345a91532ecd0ae74e2a5aee49e37391,39,620
question,u08-s008-v009,u08,s008,perpendicular-bisector-symmetry,PENDING_MANUAL,4e00b716588cd19f821de3199023179a93b4dfa7d637acfc74f5571f5602f7bf,39,752
question,u08-s008-v010,u08,s008,perpendicular-bisector-symmetry,PENDING_MANUAL,12d1684f2073efb39ccae596727caaadbfc57ce77eb31c64e1d29ad88eb99bc9,41,761
question,u08-s008-v011,u08,s008,perpendicular-bisector-symmetry,PENDING_MANUAL,fc6972fd7ba534210ca955984f42183f1841e4dc3365e5b90a753b2aefd9bfa0,40,722
question,u08-s008-v012,u08,s008,perpendicular-bisector-symmetry,PENDING_MANUAL,dee6580846b7f5dc31f17e6d866c092877bd930a038c17388e74b7a123707d38,41,711
question,u08-s008-cr001,u08,s008,perpendicular-bisector-symmetry,PENDING_MANUAL,ddfd170e81d6009aa5c00d2b67e13dbb46d151c1356c512d0226a9374bb60c40,39,834
question,u08-s008-cr002,u08,s008,perpendicular-bisector-symmetry,PENDING_MANUAL,3e9b9122f14c660fb12ab9b9ff3ab46a7478371b12e0c1394109a8fc5afabb19,41,1006
lecture,u08-s009-lecture-r1,u08,s009,perimeter-area-basic,PENDING_MANUAL,fb09d41e85e306c92e7013b325c9f69716f59cecbca93eaa56e94f8c8bac3bb8,131,1944
question,u08-s009-v001,u08,s009,perimeter-area-basic,PENDING_MANUAL,ffa37b19740b4e272af2adb5a4bf1715f8c46b89e3e35ab7383fdafb7624a58f,37,514
question,u08-s009-v002,u08,s009,perimeter-area-basic,PENDING_MANUAL,df5d2d8356a216c927b562a5423fc07e069860a60fe1fb130d0420a504b4a447,38,531
question,u08-s009-v003,u08,s009,perimeter-area-basic,PENDING_MANUAL,19af958a3a98f6621ba34fecc19ef8f4a2984cefdce27e8b155038da5bdeb018,39,575
question,u08-s009-v004,u08,s009,perimeter-area-basic,PENDING_MANUAL,5ecf93007a2e6744dc7a9c10bafe22d3cd92765df58985a03ac1858341eb0dce,39,530
question,u08-s009-v005,u08,s009,perimeter-area-basic,PENDING_MANUAL,d7a862e756da8601cc906d088524963295343227d551e9c45ca6d2e2f41eef43,41,593
question,u08-s009-v006,u08,s009,perimeter-area-basic,PENDING_MANUAL,d7b274c03c49604603144555e0084940b75fcb271bc1e1ec20831fee9fc4ee43,40,791
question,u08-s009-v007,u08,s009,perimeter-area-basic,PENDING_MANUAL,a83f431f5a43f75bfdb76eb2e62eada5db5e417bfb0598f76c6a176e7e33f535,41,637
question,u08-s009-v008,u08,s009,perimeter-area-basic,PENDING_MANUAL,75a95d124fd7eb0006888d2cccf1f3ddb4e4a2beb36bed412ec779e8483144c2,39,573
question,u08-s009-v009,u08,s009,perimeter-area-basic,PENDING_MANUAL,517cc7d942195a26ba270324d50f0fea2cc1385ac9e44fb87553f51f89353a86,40,684
question,u08-s009-v010,u08,s009,perimeter-area-basic,PENDING_MANUAL,207048497fcbcc2a5b424b956ec70a3a7a9b1004921c7c962021d1c0c090050b,41,663
question,u08-s009-v011,u08,s009,perimeter-area-basic,PENDING_MANUAL,aee3b433251e04b81bd54ba4177c60ad4de2d5f1f6c10c914227185707a076e4,40,671
question,u08-s009-v012,u08,s009,perimeter-area-basic,PENDING_MANUAL,0b771d11870bcce0d7d50434e9dad9fad22409b9f91e31e428eed1236326fe2a,41,711
question,u08-s009-cr001,u08,s009,perimeter-area-basic,PENDING_MANUAL,d0b5c7d07c0116c2473617b05fda4051555f86a3e7a466564435175508fa0b75,40,797
question,u08-s009-cr002,u08,s009,perimeter-area-basic,PENDING_MANUAL,a2ee8b953a2b3bb8ce0973a64307deb03bd8cae92bca3275bacab5b37ecc14e9,41,871
lecture,u08-s010-lecture-r1,u08,s010,composite-area-text,PENDING_MANUAL,f3f0f0bb4d4ae2a5763bf00c2a7a607ef2854cc35f931d40f7fcf7739c2a1d2e,121,1890
question,u08-s010-v001,u08,s010,composite-area-text,PENDING_MANUAL,380583559fc0c60c8950d5d9a7078f3698c271105fe1fdc3c69e11fb76dea5b6,40,605
question,u08-s010-v002,u08,s010,composite-area-text,PENDING_MANUAL,874cf707c4aa326dc8d7add85bce83a1e8f5a683954200c021fa8bd286ebea83,39,566
question,u08-s010-v003,u08,s010,composite-area-text,PENDING_MANUAL,94bb2d46e99bde0fbb90b1947eb4a108004f52cc3864364607e0a2c1579ceca0,41,608
question,u08-s010-v004,u08,s010,composite-area-text,PENDING_MANUAL,787fcf0858492db29c0e1e34e89a3021b19d0eefa9d046adc179eb1b565b76c6,40,634
question,u08-s010-v005,u08,s010,composite-area-text,PENDING_MANUAL,9cd643a6fa1bab689b17f1cc7be99f4ab11e6245fe0a830bc074a8d58663eadf,41,682
question,u08-s010-v006,u08,s010,composite-area-text,PENDING_MANUAL,f445fa2d24a547186825c85e85ae45cc93fff3529e72b4b2da6758bb7a10af45,39,621
question,u08-s010-v007,u08,s010,composite-area-text,PENDING_MANUAL,e6d0ac0d7fcc239b774461fb18a952910ab37f09d0d80ff4ea224eef33552ef4,40,608
question,u08-s010-v008,u08,s010,composite-area-text,PENDING_MANUAL,88cbbd596da09ee6ea4689120474e465f7fc7d8b327d20e83350436b531ff07c,42,787
question,u08-s010-v009,u08,s010,composite-area-text,PENDING_MANUAL,caa979851c601839128e51fb0a7cda3602d2e0b4c858afcc673cc024d91ff5f1,40,604
question,u08-s010-v010,u08,s010,composite-area-text,PENDING_MANUAL,96cb9e07116195ef187f8d274ed4204887e31442978a845644db888eaa847590,41,654
question,u08-s010-v011,u08,s010,composite-area-text,PENDING_MANUAL,6bf62e111eb85ccd9cda136beb697da83f53d4fe67c5a20f5a83ecb92a695a0e,43,720
question,u08-s010-v012,u08,s010,composite-area-text,PENDING_MANUAL,4d9877fb11119ae487ab973029c6121e1a24e950b0df4c69351a2e0756e69396,41,763
question,u08-s010-cr001,u08,s010,composite-area-text,PENDING_MANUAL,679b1be5c9eca8760a8a6632e964ce624d6e47ab996a2915da631a5e86a5dcac,40,801
question,u08-s010-cr002,u08,s010,composite-area-text,PENDING_MANUAL,bd54038b15ba02e9d2589cca885d087b47f22a74192fbad26948bf15e40f6def,41,883
lecture,u08-s011-lecture-r1,u08,s011,unit-conversion-geometry,PENDING_MANUAL,9edfaa244b3ef6c727593e9288e4c167153e517d59a1d12c73cfbb537b9163d8,128,2053
question,u08-s011-v001,u08,s011,unit-conversion-geometry,PENDING_MANUAL,23b53b2b09a15a3ad589b1163718f63760f12b22c6264cd505ff12a7b2922faf,37,548
question,u08-s011-v002,u08,s011,unit-conversion-geometry,PENDING_MANUAL,dbb349b29d9c93ffb9cd5fadddb3eb869422443bbaffb4944ca7e20e35ba1cb4,39,655
question,u08-s011-v003,u08,s011,unit-conversion-geometry,PENDING_MANUAL,e54d556ee999b8db171b85fd509a5a1773a29d0437d1a28dfc8e24578892a66a,40,708
question,u08-s011-v004,u08,s011,unit-conversion-geometry,PENDING_MANUAL,0d7fa9e5dff4e4e28fff115d49d50b4ee2ff1bcd9ba050bcae3021e902c4807a,37,593
question,u08-s011-v005,u08,s011,unit-conversion-geometry,PENDING_MANUAL,b764d6e508469ddbbfde85f3048d6cd75fe3cda0a3ab79df107346471c563519,39,763
question,u08-s011-v006,u08,s011,unit-conversion-geometry,PENDING_MANUAL,ca3d17c66495b9afe093a3b63574b6897212d2b8b48c8e67dec61e2db1e462a8,39,723
question,u08-s011-v007,u08,s011,unit-conversion-geometry,PENDING_MANUAL,8f137823afc085ad7c6db50084afc9870bb2c9d12321203b8b05269dabc0113a,39,656
question,u08-s011-v008,u08,s011,unit-conversion-geometry,PENDING_MANUAL,9ffd8b420384c7fbbaa1306c49100509c138ec76447e79baf5d8cbb483a0a209,38,585
question,u08-s011-v009,u08,s011,unit-conversion-geometry,PENDING_MANUAL,bb95eadf1e577614352f565b142a24378d0afe160fde9f88f1c46ff7c67d53d5,40,742
question,u08-s011-v010,u08,s011,unit-conversion-geometry,PENDING_MANUAL,c02c836da1a0e05a3e9ec020e7264a454ecab1e3b6843034828a932623b98c61,40,734
question,u08-s011-v011,u08,s011,unit-conversion-geometry,PENDING_MANUAL,fc1341b42b7abf10d065c2a1467f3e9a1f86da4610b591e8a89c2e61e2d9440c,38,644
question,u08-s011-v012,u08,s011,unit-conversion-geometry,PENDING_MANUAL,7e4bc6090392d0bdb593eb70e6419f57980d448da3acf22854bc1a51f9c35699,40,669
question,u08-s011-cr001,u08,s011,unit-conversion-geometry,PENDING_MANUAL,8bf125b5ca7376e8c449c7d6f0b25c20aafd30f150e0f1f0e2dbcfa4bb8a6dcb,39,836
question,u08-s011-cr002,u08,s011,unit-conversion-geometry,PENDING_MANUAL,c03c17fc5f4541a9067ed2bb396d56703677779f63ab3f15a7097336eaa52541,40,856
lecture,u08-s012-lecture-r1,u08,s012,solid-views-basic,PENDING_MANUAL,ac543387a77ab2cd9f3db8b4426af10f315608269f44d9628aaff6a03c897b98,126,1952
question,u08-s012-v001,u08,s012,solid-views-basic,PENDING_MANUAL,8c6572978b7c30f7093df9be0f331c1b951dd9e598f74443980f86a40b7407b6,38,533
question,u08-s012-v002,u08,s012,solid-views-basic,PENDING_MANUAL,d2aa5f5077e08a022b2b5a2195fd5f74a5a2983c54771302f4c2a4de7d1778b8,37,497
question,u08-s012-v003,u08,s012,solid-views-basic,PENDING_MANUAL,a722896a9953e53342dd217ce23a8bf737a1676b154a0a4853f62a2f25dd2e99,39,608
question,u08-s012-v004,u08,s012,solid-views-basic,PENDING_MANUAL,1c168e10949b4ab3217662cd6c1d1a5690e61ed61deb3348e186cac54982233e,40,590
question,u08-s012-v005,u08,s012,solid-views-basic,PENDING_MANUAL,603a4f2eb4741445c827e66aa72f530c6d1cb3422faf764be6cfa754edb31b3c,39,592
question,u08-s012-v006,u08,s012,solid-views-basic,PENDING_MANUAL,f7b3606d3839cb5d18861a9e0c149a8814c3137f74bff2a7f83f2cebd887d6f2,40,667
question,u08-s012-v007,u08,s012,solid-views-basic,PENDING_MANUAL,9876aba91dd70672ede6a642bc3f18b706762455cdc5fa976b08baa2f72e597d,39,554
question,u08-s012-v008,u08,s012,solid-views-basic,PENDING_MANUAL,df2f37e09bd8efe1530815e7b64d774ea31c33a3a8bde515283d841e8376a4ac,38,669
question,u08-s012-v009,u08,s012,solid-views-basic,PENDING_MANUAL,125825cffb9113822d98c1e4e4518f1d0e878ef47118db644b6f76673d0af416,38,663
question,u08-s012-v010,u08,s012,solid-views-basic,PENDING_MANUAL,8961df818f6e62bf3d0550c97bc8f37e8c1a9701609cf47dd26b1a93a829910b,41,687
question,u08-s012-v011,u08,s012,solid-views-basic,PENDING_MANUAL,1b74eb83f726582f35e529135f782db9969eacf14bfb45dfb973f8cf7941efc0,42,714
question,u08-s012-v012,u08,s012,solid-views-basic,PENDING_MANUAL,d3e6c13e51d2aa883ef1ef7091a91dfaf7617223ebaaf529368d3a915a0b658b,41,751
question,u08-s012-cr001,u08,s012,solid-views-basic,PENDING_MANUAL,f18af61c445dfab2fb7305ed3b2ac9a460d337c634e6cd5b8d4071a46b8583e7,39,802
question,u08-s012-cr002,u08,s012,solid-views-basic,PENDING_MANUAL,9fa6519d49ac59a8c67b2b5825b752a0f308c2d63f91e109ad95a9de7ccae401,41,891
lecture,u08-s013-lecture-r1,u08,s013,orthographic-description,PENDING_MANUAL,cf50f3db457debc267df5da6f15adbc47074e60125044c9caca54e55299c95b7,126,2295
question,u08-s013-v001,u08,s013,orthographic-description,PENDING_MANUAL,77477390d6288ee5acafe963744d02b1cf8510c7fbbc4479761b6b6ae4036f07,40,853
question,u08-s013-v002,u08,s013,orthographic-description,PENDING_MANUAL,5abc67543a7e33eb111f897b5749e866eb1ae678b285176dd04c6650261ae50d,39,821
question,u08-s013-v003,u08,s013,orthographic-description,PENDING_MANUAL,357999fcaa525c5b1853d54d6d8af2aa29607facb3c268cec5977a5090cb1a58,38,612
question,u08-s013-v004,u08,s013,orthographic-description,PENDING_MANUAL,cc34a27329bd218ef42a3034d3973f0024768772bc85940443171689bd295b7b,40,758
question,u08-s013-v005,u08,s013,orthographic-description,PENDING_MANUAL,441a00a98bcf0514bca6ef527ff643a74d0fe6918eb7bb7c2d5dd225edab3472,41,899
question,u08-s013-v006,u08,s013,orthographic-description,PENDING_MANUAL,a15b5a10bb2ec6d1b8e6093302ad83b6174eaa9d3fca6e253eccde0842806c4f,40,776
question,u08-s013-v007,u08,s013,orthographic-description,PENDING_MANUAL,077a481c8e7d486b4b4cb0cd54761ace3b70db74cf572a8929fca8c2ef09e7c6,41,885
question,u08-s013-v008,u08,s013,orthographic-description,PENDING_MANUAL,dc5eae9c3acc0809a4e995f814c9717c55693ae6a7f1bb7b5f9f41525f890db9,40,866
question,u08-s013-v009,u08,s013,orthographic-description,PENDING_MANUAL,c6926aa1d45e4378c1401b2c4ddc42ee952e3bccb257edb01959d893759f8d40,41,829
question,u08-s013-v010,u08,s013,orthographic-description,PENDING_MANUAL,91be76f2dca7eb275f906b7191d77f2be8624da30ff4a22efddfa481a1c0f428,41,888
question,u08-s013-v011,u08,s013,orthographic-description,PENDING_MANUAL,49e0e593ef261c61bc451bcd4d0525172809c9cc853f9565ef112580c2b70a45,41,1038
question,u08-s013-v012,u08,s013,orthographic-description,PENDING_MANUAL,55afefe9b7c2fc87c8acde9e8bda5cf8aeaccbba0c0e797b9c5fef865d4acccf,43,936
question,u08-s013-cr001,u08,s013,orthographic-description,PENDING_MANUAL,8b9087a044e8d090d21309ecaa7642bd52e75dbdc34473107dfe7db2039626fc,41,974
question,u08-s013-cr002,u08,s013,orthographic-description,PENDING_MANUAL,09b9681e155b133768adbebea82c3f8810916268bb5e1c10feffa5b73e36d1c2,40,913
lecture,u08-s014-lecture-r1,u08,s014,geometry-literacy-context,PENDING_MANUAL,223e018fa14eb9564e946a1194b8bfb28fe95fb11c49fb0a84386bcdd430cdc7,128,2207
question,u08-s014-v001,u08,s014,geometry-literacy-context,PENDING_MANUAL,b2f65f0eaea5116253270215929843e8d4d323e89b1db4d36002eec57633b604,40,703
question,u08-s014-v002,u08,s014,geometry-literacy-context,PENDING_MANUAL,1c47ab9244c97cec32bc38154bb4faa7538d740eb5f7a8f3d95bb8b617ea7dc9,40,755
question,u08-s014-v003,u08,s014,geometry-literacy-context,PENDING_MANUAL,e0c304a6e4d3d6e0d0176515ddd1d7b1d05fadeef91ed5de650cb8491355e7ec,40,683
question,u08-s014-v004,u08,s014,geometry-literacy-context,PENDING_MANUAL,1e423e9df74d8cdbc6abe636531db27c7cffe322d1a7701e2a3026ceaf9a6cef,41,844
question,u08-s014-v005,u08,s014,geometry-literacy-context,PENDING_MANUAL,dbb976daa77f72bb9306d556e4143401ee33ee42d0486df78a5e0c562e46ea26,39,656
question,u08-s014-v006,u08,s014,geometry-literacy-context,PENDING_MANUAL,549b5fd5b81797fd01bfc317dc1728a9c19b9c376d0b82f4ce6e56e7b55d2a9b,41,814
question,u08-s014-v007,u08,s014,geometry-literacy-context,PENDING_MANUAL,5a5e92a331a05e84b0b02353dd0842e9966a618e8634bd73d1b8fae0dcdd60da,40,844
question,u08-s014-v008,u08,s014,geometry-literacy-context,PENDING_MANUAL,7bb86af97ac592bdffc2d03a3817c133da517474de3ff0cb362e89cfad00ac50,41,766
question,u08-s014-v009,u08,s014,geometry-literacy-context,PENDING_MANUAL,81a1a5b1f50e33b9d21dc906243a4588b2598a71b7533c953e685569865a3ea2,40,836
question,u08-s014-v010,u08,s014,geometry-literacy-context,PENDING_MANUAL,d78c99acc33c928f837518b18fab4c135efd1b655ecc8502b21ddbbb19046c64,41,892
question,u08-s014-v011,u08,s014,geometry-literacy-context,PENDING_MANUAL,7386d28be617da43770719858868b68bbe98c6e8b8336b03daba16a04c7605ca,42,824
question,u08-s014-v012,u08,s014,geometry-literacy-context,PENDING_MANUAL,d5d9c50ca04065da6d46262b216619f95fb0d30ddb89443dddc819d176ba5970,43,853
question,u08-s014-cr001,u08,s014,geometry-literacy-context,PENDING_MANUAL,da2e27077ba917fcf7d91df9ed9a6c633a9167bffc0ca3b4439035e2353449b1,41,894
question,u08-s014-cr002,u08,s014,geometry-literacy-context,PENDING_MANUAL,48ca8dcac8cece4c19fa6f188ccf64c5dd96c679d312a8cbcd09c04da93b326a,40,1044
lecture,u09-s001-lecture-r1,u09,s001,data-table-reading,PENDING_MANUAL,01431120f712882655b7780a89c7050bd0ef9144b01a3f9412ce41c0cd50e55a,115,1727
question,u09-s001-v001,u09,s001,data-table-reading,PENDING_MANUAL,e732c42e7f05bfe31936516ea8dcbe196a0b6eb8ea8dbe4cb7e00311357ea2bf,35,483
question,u09-s001-v002,u09,s001,data-table-reading,PENDING_MANUAL,dcda80a8fe026cb56d8d462cfb90ab4b6be10e370f7a70398fc1e7a52760d8b0,36,525
question,u09-s001-v003,u09,s001,data-table-reading,PENDING_MANUAL,6ba56597301f81bc93204ba485e088854bbe7d6b19ccbc577027b2956ff786a6,36,516
question,u09-s001-v004,u09,s001,data-table-reading,PENDING_MANUAL,5498bbc1fcbfd501ae54ce7bbe7ed15798d2a248ea3352aad8e0a410028c3b48,36,540
question,u09-s001-v005,u09,s001,data-table-reading,PENDING_MANUAL,413f5083b94a5357a0f89611afd11048f2a136625ebbf4ba5a3cdf5ae49c2c2a,36,476
question,u09-s001-v006,u09,s001,data-table-reading,PENDING_MANUAL,be7a00b5a17b350a76324acd062b919bbe94e05647aecaf1032b3c45cb9a0b7a,36,629
question,u09-s001-v007,u09,s001,data-table-reading,PENDING_MANUAL,2fb4a95ab075b1153352e5b40d99000b9f48b800fc7a68138fcef8b2d41d4580,36,694
question,u09-s001-v008,u09,s001,data-table-reading,PENDING_MANUAL,a9ee899b3dfb64061e8a3bb04c2a5134792366ec9f151864088e18c0b7cc485c,36,600
question,u09-s001-v009,u09,s001,data-table-reading,PENDING_MANUAL,075c68a6cc0c4ee7185fa8da705ef806125b90d2504b736a1ad222e9ad1c3384,36,523
question,u09-s001-v010,u09,s001,data-table-reading,PENDING_MANUAL,704e2696d79345f54000552d3a9a4a082befc5c8eca4657b742ae25c7910391d,37,728
question,u09-s001-v011,u09,s001,data-table-reading,PENDING_MANUAL,f5c7b0861906500e4bfbc8a6acd5587f5aa4103d66df8332a6708e0d560e3557,37,545
question,u09-s001-v012,u09,s001,data-table-reading,PENDING_MANUAL,b2f7ffc5b2b4d3ae42e42fcb312de7f1d89acb6b3a9aedb5b78c2cc40d174d70,37,569
question,u09-s001-cr001,u09,s001,data-table-reading,PENDING_MANUAL,9cee3658aeff87783ee8f8394d162a073318b76f83a6dff59a7a63d37e899ec0,36,932
question,u09-s001-cr002,u09,s001,data-table-reading,PENDING_MANUAL,31509c8facbeec9cee810fbf0206c0418491a9776673be645be46a60c77ee138,37,962
lecture,u09-s002-lecture-r1,u09,s002,frequency-table,PENDING_MANUAL,f30e845651a82c040fb1dbb170a2d4a7a05efbea29dc8449e690d8ff67c077c2,114,1606
question,u09-s002-v001,u09,s002,frequency-table,PENDING_MANUAL,cb4a3643bbb3ddb5f894858a325065a6119fd1b65d193cfd4bb7503db11c260d,36,454
question,u09-s002-v002,u09,s002,frequency-table,PENDING_MANUAL,6a4847467c152744e5839f52919c334d9420aef6e90b8caca156a5f999bf5a02,37,496
question,u09-s002-v003,u09,s002,frequency-table,PENDING_MANUAL,4de9bd1931a976eb5af130caf6d1355346dd59e2ac5a24e4d7111b916e1a7f01,36,486
question,u09-s002-v004,u09,s002,frequency-table,PENDING_MANUAL,5efbe88f950dfa339f2d858e888b820660141e64c12358c29be2aa91418e6ee4,37,511
question,u09-s002-v005,u09,s002,frequency-table,PENDING_MANUAL,a765fe2fbdee6aae39fdba6b1c7c9b44e710a862b1fbe8c562584e065079620f,37,508
question,u09-s002-v006,u09,s002,frequency-table,PENDING_MANUAL,257fd776f3a72b9cac405c4a087405d8495d232f668b53d5f94a2f33145643c8,37,533
question,u09-s002-v007,u09,s002,frequency-table,PENDING_MANUAL,dfbac15aac158cfef81131420d6985e77db1d0deebe4cd9042af1b3557f80f6b,37,524
question,u09-s002-v008,u09,s002,frequency-table,PENDING_MANUAL,0d4ffffc6ada7ca5bb972fd31fcf2fa51259633c7943aaefc97eda4374ab4408,37,562
question,u09-s002-v009,u09,s002,frequency-table,PENDING_MANUAL,9de294354aad25e4e6fc61327c34da048c3aef178260c28f5bc68cd136d964ab,37,733
question,u09-s002-v010,u09,s002,frequency-table,PENDING_MANUAL,96af2aab5bcedc98b84e6bcd9692cded087023182cbe4131f2889fef83d9cd38,38,725
question,u09-s002-v011,u09,s002,frequency-table,PENDING_MANUAL,9372be12f4e3fe73f3ebad46f2dc8af36415b7237e5b1294a84981dfff3d6c4e,38,606
question,u09-s002-v012,u09,s002,frequency-table,PENDING_MANUAL,41a37907993434e92ef261a38b57c1a86fa731ec171799fffc53b7b52820084b,38,651
question,u09-s002-cr001,u09,s002,frequency-table,PENDING_MANUAL,e830bff21010ffb36cc3466dd7ea59b1962f19b41161f9468eb5b1daee790321,36,945
question,u09-s002-cr002,u09,s002,frequency-table,PENDING_MANUAL,570be32fefe2639b43803ff06fa2a3ec4fe1054c7c2e5e25ea29e514cfbb7b79,36,983
lecture,u09-s003-lecture-r1,u09,s003,bar-chart-text,PENDING_MANUAL,9db4f8e8676580d4c3b28564773c308b6dfa4015f4fb5b706eb48f4baa04a313,118,1634
question,u09-s003-v001,u09,s003,bar-chart-text,PENDING_MANUAL,078183d37ccdd49b0659f44458bb6475579141364f8c1a86b1ad953bbf09f752,39,526
question,u09-s003-v002,u09,s003,bar-chart-text,PENDING_MANUAL,f19fa49fa6722659ae6aadf6f2ce78e5543d54fc566a9e87b32acb4368318f16,37,471
question,u09-s003-v003,u09,s003,bar-chart-text,PENDING_MANUAL,cd9bd6341a9c7bc86b59f17f56e60911ca310a9535d75f38758c8f0642c8fe4e,37,437
question,u09-s003-v004,u09,s003,bar-chart-text,PENDING_MANUAL,9c220f2d6e3c4726f5bbeb77f6bf5f17f00ead5ea0d43ba910c8180ca1b57389,37,591
question,u09-s003-v005,u09,s003,bar-chart-text,PENDING_MANUAL,3c3aa17723ebd74c61439eb7a30a430b90cd9bd5a42a1c3d88d746a5a878dccd,39,625
question,u09-s003-v006,u09,s003,bar-chart-text,PENDING_MANUAL,30c66ba75a382b30db1c65231011bfcc925afef34a0b0fd3309aa74b359a31b1,37,543
question,u09-s003-v007,u09,s003,bar-chart-text,PENDING_MANUAL,915796e73eff52737b2e1c5dcd76138cb1beaf7e1c475062900ecd1b9186e091,37,500
question,u09-s003-v008,u09,s003,bar-chart-text,PENDING_MANUAL,c49c4469c6f563dc1e90ab0fb4abffb66a061ba5282f46f70a68d49948607674,37,620
question,u09-s003-v009,u09,s003,bar-chart-text,PENDING_MANUAL,0c41f9c30f655e69dd1592300245bafc7cbcf2d5992765357c7efd81cac56add,37,529
question,u09-s003-v010,u09,s003,bar-chart-text,PENDING_MANUAL,bbd9b7819d593fa5ee5588874d17c22e4437222b299fb84f60f69c3d6012d03f,38,617
question,u09-s003-v011,u09,s003,bar-chart-text,PENDING_MANUAL,656d07d5335641101ca5d20c7318dfba8bef5819544f6b29628d52f557298e93,38,764
question,u09-s003-v012,u09,s003,bar-chart-text,PENDING_MANUAL,9426be6114678fc07162d51ab531b8a4dd925b59d440261fc2e337a4bbdc3059,40,608
question,u09-s003-cr001,u09,s003,bar-chart-text,PENDING_MANUAL,7ff14f522b13253c3bc4b6e4e6f9aa11e7040f3351cb58a4e2923a3c4894e9e7,36,804
question,u09-s003-cr002,u09,s003,bar-chart-text,PENDING_MANUAL,18fe58cbea38f8f2d967e25df18f3620b3b3860f19784cde4fa76c2551e3f435,38,954
lecture,u09-s004-lecture-r1,u09,s004,line-chart-text,PENDING_MANUAL,b0d4797d735c3b53c12ea6a18e8615db4a44ca7e471e293561c9df50d27850d6,116,1615
question,u09-s004-v001,u09,s004,line-chart-text,PENDING_MANUAL,b54d10d82159264950d1f0679215df233756d6adaf53a6055bfc517d12122ac4,38,503
question,u09-s004-v002,u09,s004,line-chart-text,PENDING_MANUAL,4dea0c9003266afef047f629b58d68d4068e5d9d28bcace8877c68e03c160b79,36,556
question,u09-s004-v003,u09,s004,line-chart-text,PENDING_MANUAL,1bea20813a3a790d2f6e94885fb0cb8691b029d8bad7d0d8fe1b6ce0fa8c2a05,36,456
question,u09-s004-v004,u09,s004,line-chart-text,PENDING_MANUAL,ce6405f7b0f25c973a5bb0c3d16cdb6ebbdda8c764a066e532f5f2650167f0f7,37,574
question,u09-s004-v005,u09,s004,line-chart-text,PENDING_MANUAL,15bc56645125f25334436d87373c0ea1394012cc567cb7d17ac9052607762d0a,36,461
question,u09-s004-v006,u09,s004,line-chart-text,PENDING_MANUAL,29a2909ceb036258fa2171889203945b1da097a1be3e948d4ae1a0b728d497c6,37,496
question,u09-s004-v007,u09,s004,line-chart-text,PENDING_MANUAL,b483962a3ea39454ef821e8c336943736a0505923398489fc912796f7f0d3026,37,496
question,u09-s004-v008,u09,s004,line-chart-text,PENDING_MANUAL,92a386ab76bdd09b229d9b1c9cc21c38da3ba74fd1cc701c93b1d59fb39001ad,37,573
question,u09-s004-v009,u09,s004,line-chart-text,PENDING_MANUAL,dcb9191416fc77a6c51d550dc153f3ef90d3e8afea8e7605367d17e1d29047d2,37,504
question,u09-s004-v010,u09,s004,line-chart-text,PENDING_MANUAL,3692a4ebdd36c57916997c3e16922061b7bd9d69b9b080401b2558a08a644bec,40,618
question,u09-s004-v011,u09,s004,line-chart-text,PENDING_MANUAL,dfdd6c563d84f1ef5bc2f2218eb8e25ee307066a6bffc265c70ca59bb8dffd8f,38,692
question,u09-s004-v012,u09,s004,line-chart-text,PENDING_MANUAL,c3dc5d940da22100389e0dec15db35c7b95131be946090d46d8db328c817e4f1,38,710
question,u09-s004-cr001,u09,s004,line-chart-text,PENDING_MANUAL,0889c620e0185c8806a9acec5fc895c44a998b17e4ccfe6b507b7d5ddb449948,38,811
question,u09-s004-cr002,u09,s004,line-chart-text,PENDING_MANUAL,e9b24a6968e574475dacfaa9b2c4c404dd7a9e2c7352990a91f3d7c9c61728ee,36,903
lecture,u09-s005-lecture-r1,u09,s005,pie-chart-percent,PENDING_MANUAL,6002a3910887959d41dd2a12a7587d0a395aeab72f0aa35f31b1c077cee1c97b,115,1555
question,u09-s005-v001,u09,s005,pie-chart-percent,PENDING_MANUAL,5faa7f156a5c2d93192da3342a706bc546effeb95df50cd611a39af58cb43c31,36,458
question,u09-s005-v002,u09,s005,pie-chart-percent,PENDING_MANUAL,dc175c1c2fe8c993d59ab0f4ab21c84765e525a42ff30163f708d02ff081dd37,38,469
question,u09-s005-v003,u09,s005,pie-chart-percent,PENDING_MANUAL,fc9ef351ee3e322ccbcf3c9ec926dd5c1e19cc61282476451631dae2244aab5c,36,450
question,u09-s005-v004,u09,s005,pie-chart-percent,PENDING_MANUAL,19f0e87d32917f6c138c5b827792664badd8cd12112eccf2c2d2ca7c2c3aa91a,37,516
question,u09-s005-v005,u09,s005,pie-chart-percent,PENDING_MANUAL,26af80e41266af80c18186db7c47cc98d18a36d492fc63dc3caee86159ddd996,37,507
question,u09-s005-v006,u09,s005,pie-chart-percent,PENDING_MANUAL,24f2923dedc590e9c31ec396f1a6aecab96df18b03b488979aa004198ba9c86d,36,473
question,u09-s005-v007,u09,s005,pie-chart-percent,PENDING_MANUAL,3ced2a797468e198543d41084a8c54e6f0ef54d17081ed0cd86d19d0a4006eaa,36,509
question,u09-s005-v008,u09,s005,pie-chart-percent,PENDING_MANUAL,04a9ec5ab5f36597374ca5d2876e556c6cc94b634cf000bc00157440237a16f5,36,537
question,u09-s005-v009,u09,s005,pie-chart-percent,PENDING_MANUAL,8c8b6714acba607a13a2d5d966461b5b6ba1fc21f4b5aa16d865f328b3747583,37,523
question,u09-s005-v010,u09,s005,pie-chart-percent,PENDING_MANUAL,d9ae0f1b37b903156b94416892302f4b9a4ca19528f76190fb5620c893d152a3,38,668
question,u09-s005-v011,u09,s005,pie-chart-percent,PENDING_MANUAL,b3e12b3ccb014dbee6e5ee29cc453defb5562202e7ed93246e7f5cdad290b00c,38,668
question,u09-s005-v012,u09,s005,pie-chart-percent,PENDING_MANUAL,17311a07838a60dce2b7526528746046d98c2772671cc883a652458ef326fea6,38,725
question,u09-s005-cr001,u09,s005,pie-chart-percent,PENDING_MANUAL,952f82a8e9dea35c032e153c81c4104f1f06ded15f4413cb2533714699cab043,38,852
question,u09-s005-cr002,u09,s005,pie-chart-percent,PENDING_MANUAL,a6b29c1b4cfbf038cf665b9ddd0b8368e36293d83e626e3f9074b5ee2d23998e,37,946
lecture,u09-s006-lecture-r1,u09,s006,histogram-read,PENDING_MANUAL,15bf50770c189750887861a686fbc852adc8f7cb451822d71ed0017d8c197b71,114,1563
question,u09-s006-v001,u09,s006,histogram-read,PENDING_MANUAL,24cf83a39d01d9737feb3ea1921e52bff1bab79e8f75fbecba3ae490784484af,39,575
question,u09-s006-v002,u09,s006,histogram-read,PENDING_MANUAL,907d025fd852a106084a731ab71d1e23e26cc690fc9b782a0cb7c32aeef0bfc2,36,399
question,u09-s006-v003,u09,s006,histogram-read,PENDING_MANUAL,f7c99d280df5c7b86434115037a4d325fcbfba5fd8c9083ac80a015f735983b5,36,480
question,u09-s006-v004,u09,s006,histogram-read,PENDING_MANUAL,69876b4a96b331aa34916b27dbb715bea379b02bf7aa6fe4e7c05438dd862c88,36,518
question,u09-s006-v005,u09,s006,histogram-read,PENDING_MANUAL,10c45690a0ac9756e1ea0d2e1fa4f4ce7507ae61e8068516c4994833be0021c9,37,411
question,u09-s006-v006,u09,s006,histogram-read,PENDING_MANUAL,d467ff375f24844b64149867550b20d26e409495f29fc0cafbf8e7f5976dbceb,36,492
question,u09-s006-v007,u09,s006,histogram-read,PENDING_MANUAL,1b1705e44eb222416404fbd4dc5672d9778286e2f7cec3acf0923960997f02ff,37,615
question,u09-s006-v008,u09,s006,histogram-read,PENDING_MANUAL,0d458be407eb675183963d0f473a00cf3de55297cdd84636fde6836ac5b21444,36,549
question,u09-s006-v009,u09,s006,histogram-read,PENDING_MANUAL,20b7894c0c4795aecf3b279fe0cd1c0e7a296be84142954ffd9b29279b86f0cd,37,597
question,u09-s006-v010,u09,s006,histogram-read,PENDING_MANUAL,5619cc2fb9db22d1db2754ad711114f293f4c6c6884fef6979ed5b70a2037d9b,38,663
question,u09-s006-v011,u09,s006,histogram-read,PENDING_MANUAL,d689da448b2ce02d814c93569e0c898f6102494f676791d20a1ce54417f44a10,38,695
question,u09-s006-v012,u09,s006,histogram-read,PENDING_MANUAL,c577e53b55f91303d5ba403f7b383afe840ee78396399d896fa9da1b26c301cb,38,691
question,u09-s006-cr001,u09,s006,histogram-read,PENDING_MANUAL,f78dcb534dd2a886fe39cdd4e59f90e72bae96195d9e9d86afb0e028fa72fbee,38,866
question,u09-s006-cr002,u09,s006,histogram-read,PENDING_MANUAL,8421298e768decb139f0c5e1b12317b0ae1ed065d44a54316167bc995165139b,35,923
lecture,u09-s007-lecture-r1,u09,s007,cumulative-frequency,PENDING_MANUAL,9faac2b3b33c9347c161988e45dfc668911ddf86b2eaa14f386a698c8b7dffc1,111,1554
question,u09-s007-v001,u09,s007,cumulative-frequency,PENDING_MANUAL,c345f0ab5b143127598d941d0a2c899d847e13cc2228772eb935684e8f434323,35,411
question,u09-s007-v002,u09,s007,cumulative-frequency,PENDING_MANUAL,05985369c718d07f2bfd8962b1271112e09a6683d18950a752046026a81938dd,35,432
question,u09-s007-v003,u09,s007,cumulative-frequency,PENDING_MANUAL,abe141941401f3f03ba63e5875f66f1665976220b9865b6da2ccecd61841e033,35,426
question,u09-s007-v004,u09,s007,cumulative-frequency,PENDING_MANUAL,9fbe2a708428b66d4aad172f24057a8e9d564af69f8453404403405a414462ad,35,401
question,u09-s007-v005,u09,s007,cumulative-frequency,PENDING_MANUAL,617262cce407afe147e169c98cd77a9f2bf4cc61fb18b3305d5ce7816615d6a0,36,461
question,u09-s007-v006,u09,s007,cumulative-frequency,PENDING_MANUAL,ab09cb3086fbeb98309e5e40e34337fbc757f774727e96e23fef11378b95a210,36,505
question,u09-s007-v007,u09,s007,cumulative-frequency,PENDING_MANUAL,0f6ef7fc1551d5d02e5eac1a63bc192440cb356bb455176860e7f1c07dce3ad8,37,496
question,u09-s007-v008,u09,s007,cumulative-frequency,PENDING_MANUAL,f52d11f6489d1b7bfe2ab58fed2950c0a5dbbfe19e7017afa32860ceaeb6c677,36,493
question,u09-s007-v009,u09,s007,cumulative-frequency,PENDING_MANUAL,1c119e6708118dfbe9dc3d11b0d3892aa91f24a7abe1f0876f37b08cb3de222a,37,464
question,u09-s007-v010,u09,s007,cumulative-frequency,PENDING_MANUAL,fdd36b41c88a40851efd71d52458f99151272d32a8a4f16e74080b6562ea1904,37,554
question,u09-s007-v011,u09,s007,cumulative-frequency,PENDING_MANUAL,37ac3e6ee9279206fb69cba312bd3c09f2a7ab83b34c0ac4aaddc4ab008d6cda,38,634
question,u09-s007-v012,u09,s007,cumulative-frequency,PENDING_MANUAL,e8adc852a22f2fc15642e4255c7e5820ec1e6259ee600a8c29b815399c1165a4,38,712
question,u09-s007-cr001,u09,s007,cumulative-frequency,PENDING_MANUAL,e3b1441cdd0a8980b3b25e5cf8313b3010eff5373d603ba5808c5e329c68fafc,38,883
question,u09-s007-cr002,u09,s007,cumulative-frequency,PENDING_MANUAL,0caf9ca8568df642b5d4463c1c3651556ca17ed55d7f0a6f48c2b79a8950b6e9,37,915
lecture,u09-s008-lecture-r1,u09,s008,contingency-table,PENDING_MANUAL,e59a4c83b964039f577aff821035b78035ce5797fdcb30bc0cdd563b3023a34b,116,1582
question,u09-s008-v001,u09,s008,contingency-table,PENDING_MANUAL,5475a0c578101c4b0f6e3ea117d737446030eb683c685a697d8ab136f23a8507,37,485
question,u09-s008-v002,u09,s008,contingency-table,PENDING_MANUAL,1847047e52a78dab1cbe5802a033b04df3fc0eef7a1a058e61ece8cde04c5535,35,418
question,u09-s008-v003,u09,s008,contingency-table,PENDING_MANUAL,a981a06e7fe33f0ce1973b39e7a6e1a34759bc6fe4cbbb7991e534927a81d7bf,36,435
question,u09-s008-v004,u09,s008,contingency-table,PENDING_MANUAL,dcc4cd6a4caeeb8e93c094540d6d2cfbb2e72a72d03f4f6a9847e144d0e21bcf,36,440
question,u09-s008-v005,u09,s008,contingency-table,PENDING_MANUAL,b44aa8c06317fdec45c6c5fb5826310cc712feb0cc4a37071dad60538d4ba989,37,543
question,u09-s008-v006,u09,s008,contingency-table,PENDING_MANUAL,8fde97ff0e07385c9fa800f08a3d0b765adb39f7c6c571c78bd1a74cb9efe07d,37,510
question,u09-s008-v007,u09,s008,contingency-table,PENDING_MANUAL,9cd01da43740183d0d98a30d8c19e28ee8661f2324f5b7ff4f1da74ce889d441,37,585
question,u09-s008-v008,u09,s008,contingency-table,PENDING_MANUAL,67c6e2c05c4b9cc87c971ae0519420a8b503fec06775c73db8da7b16dc0219fd,36,449
question,u09-s008-v009,u09,s008,contingency-table,PENDING_MANUAL,d6c24d8671b2ecf3bd07e13eb9ec8568f1a53d1c4017e6632b48b03520942ab7,37,644
question,u09-s008-v010,u09,s008,contingency-table,PENDING_MANUAL,8e10cd6f2f6c1b30daad963edbd539def124cf24b9764fb57a58595a27b3ba8e,38,632
question,u09-s008-v011,u09,s008,contingency-table,PENDING_MANUAL,a7f5447c4534ccffe0b9363687115b34f7a38c84346cfb50991a751a5e3442ed,38,690
question,u09-s008-v012,u09,s008,contingency-table,PENDING_MANUAL,f3e17646e517174f53cd11deb465983a7be8277abc4261ec9debdb0859403dc2,38,608
question,u09-s008-cr001,u09,s008,contingency-table,PENDING_MANUAL,88f2474c43ed0910e42043a5e796b3f5efa1bdddaec6c344e0a792ea9af3da6d,37,897
question,u09-s008-cr002,u09,s008,contingency-table,PENDING_MANUAL,f48673748b878f7782fae43883590a12ab3d9f88e486cddea2ecb5a41c520e06,37,980
lecture,u09-s009-lecture-r1,u09,s009,mean-basic,PENDING_MANUAL,0cc7e6f299cca43fa41b6c8fbe17066793dd687591b13bfc31590a8a1f19dccf,128,1975
question,u09-s009-v001,u09,s009,mean-basic,PENDING_MANUAL,416e045f17488b3c5518e9ac3de3e845ee2aea9f6177edcbf109134853e3cb7d,36,402
question,u09-s009-v002,u09,s009,mean-basic,PENDING_MANUAL,b6da48afdbba7358391caaffe8580b3f1ae103ef1c155999ce32594bd8cd0fc4,36,392
question,u09-s009-v003,u09,s009,mean-basic,PENDING_MANUAL,0ebdb459bc977b9e96ded5153559f7e4c1d0588e30150df3b1ed932558e8971c,35,492
question,u09-s009-v004,u09,s009,mean-basic,PENDING_MANUAL,85319e4ad6098a8f389284f59736fd4c6a8a4f6885b84ac3a3630de5044f285d,37,443
question,u09-s009-v005,u09,s009,mean-basic,PENDING_MANUAL,fa45b0f5a9826261cab6dcbcffd1df60b25aaa0a5f5d6b4ccf0c25ec52022240,36,451
question,u09-s009-v006,u09,s009,mean-basic,PENDING_MANUAL,86df74238f3983e8acd90e6555d046c9082e21ecb618b1e052b2e8845ac15442,37,479
question,u09-s009-v007,u09,s009,mean-basic,PENDING_MANUAL,cdb37b4541644a1918c1198d4659b1a0ba64c7fd80f006bdf672ff92fca4e4e7,37,522
question,u09-s009-v008,u09,s009,mean-basic,PENDING_MANUAL,185cd5e383785256d973c6b32e08483de9592ebfdaad7eecad113673f5d7ed7c,37,470
question,u09-s009-v009,u09,s009,mean-basic,PENDING_MANUAL,e0e9e2f103365dfbf093ef32721de59e8796a882d420123cd070b0fead42658e,35,487
question,u09-s009-v010,u09,s009,mean-basic,PENDING_MANUAL,3ded08cd64e2aadbd7e2644ea717496ea36997efb97489d99918b3edec9519c4,38,701
question,u09-s009-v011,u09,s009,mean-basic,PENDING_MANUAL,46e39b44caa3a958e641521306402e5846deddb533658e8d017fc5a25e21eac0,38,729
question,u09-s009-v012,u09,s009,mean-basic,PENDING_MANUAL,0c16d30a881a67d84b848cf5967c0d7c4e521ef6c0dd441bd6dffdd5d34cc107,38,529
question,u09-s009-cr001,u09,s009,mean-basic,PENDING_MANUAL,f859957ff96dbc344d6eade88ac47e967151b396c90e03808f0650e0f8d94bd0,36,833
question,u09-s009-cr002,u09,s009,mean-basic,PENDING_MANUAL,930e6523182f1460efc2c62dddb1efd2acb462900be32ea68063a6d815e1e8d2,37,937
lecture,u09-s010-lecture-r1,u09,s010,median-basic,PENDING_MANUAL,26258eec2e49a4cc561dd514971528a9f8b62e8bdee97730532ce77e2a5a915d,126,1823
question,u09-s010-v001,u09,s010,median-basic,PENDING_MANUAL,66be12e2e0af6a6099221427a4e03daa26144cd856c977cb327d79d3e84d05f9,36,404
question,u09-s010-v002,u09,s010,median-basic,PENDING_MANUAL,7a119b061022f9a8528f00998281bbb6cadd193748d4d49f28b82c87b26dfb7f,37,407
question,u09-s010-v003,u09,s010,median-basic,PENDING_MANUAL,3e8f18e225a3ae36f5c31dfea3a43affb7d02b6b990ecfdac5224159db796b7b,36,432
question,u09-s010-v004,u09,s010,median-basic,PENDING_MANUAL,bc11ba194557f62323ff165717d495b05c807cd4fd783be6e5c39bc5de0b0f49,36,450
question,u09-s010-v005,u09,s010,median-basic,PENDING_MANUAL,6319fea9af20f8d792aed2f499174791f41e9ba187acc699e336bbcbc61c341a,37,470
question,u09-s010-v006,u09,s010,median-basic,PENDING_MANUAL,f31860d0799a5fc6f6be5a505183f5d34729977708cc95a6c9ae8b77feb82c2a,36,475
question,u09-s010-v007,u09,s010,median-basic,PENDING_MANUAL,fb2259c51ebe86fc3bcdcb4daadd8555ef0b51a3c0cdbcf248eb532e28f142e2,37,551
question,u09-s010-v008,u09,s010,median-basic,PENDING_MANUAL,96e24ae4a63e42fc0ff5fb518269315a2e738a104d6ec716c767c7025f47a566,37,477
question,u09-s010-v009,u09,s010,median-basic,PENDING_MANUAL,a5db3c782fddc06a3f3614f62f06590e0d1b26b6aec97d0f5afa677fc46b8bae,36,471
question,u09-s010-v010,u09,s010,median-basic,PENDING_MANUAL,938fa8fae74e1e324e3f9cf5a5b913fd5f08ba5554d5e4c6fb640b0b1f68c207,38,682
question,u09-s010-v011,u09,s010,median-basic,PENDING_MANUAL,9141002202c6245f739d821cbc5bc0e4a6a93fd9ee3c94de9f52a16314134a6e,38,689
question,u09-s010-v012,u09,s010,median-basic,PENDING_MANUAL,837e36a87f4e0713a6386e5556f319c77d2676418f7490332e7fc1d282777bbc,38,489
question,u09-s010-cr001,u09,s010,median-basic,PENDING_MANUAL,f720bf74b4ac4f06609beef8136e91b44ba9b9faa46fca0f0ab786773eb03a0c,39,807
question,u09-s010-cr002,u09,s010,median-basic,PENDING_MANUAL,b2256dfc0ad6883ce68d1b3edf45736f6134dc02e463e6230b28af50c6d32058,37,980
lecture,u09-s011-lecture-r1,u09,s011,mode-range-basic,PENDING_MANUAL,2ff8ce5e5ed9c16d347f56fde269589e3f32e7db34c066f1ca9e9ea7d8c4d248,124,1694
question,u09-s011-v001,u09,s011,mode-range-basic,PENDING_MANUAL,4a085aba07eeb938f1cff505c11d6a5223d4915f1429a688662baf1d9390010f,36,388
question,u09-s011-v002,u09,s011,mode-range-basic,PENDING_MANUAL,38da4166cbc01c4d2560481a9adb62f6c1f5c35bc735118aca6151be6e192f26,37,385
question,u09-s011-v003,u09,s011,mode-range-basic,PENDING_MANUAL,05f78d08eff7c269556e91793046aee4ef629f3bcb990f5ca8d90b4f1f5a607d,36,445
question,u09-s011-v004,u09,s011,mode-range-basic,PENDING_MANUAL,6a8067dfab5ede370398c6b1ce35b4476582d26fd0eb3195c766cd94d1d581f5,36,496
question,u09-s011-v005,u09,s011,mode-range-basic,PENDING_MANUAL,e43669a1dbb01aede15a1eb34a424dc70d9407c8ca141c8a451377f5cddb89d7,36,444
question,u09-s011-v006,u09,s011,mode-range-basic,PENDING_MANUAL,7455e8b4dc79006794a002c8d4e6b6ad07584d38b9134efaa38dbebf41b3401e,36,582
question,u09-s011-v007,u09,s011,mode-range-basic,PENDING_MANUAL,635f41d04d3c24622d5d177e4620e1efb91999e3d8f2fc6c7c161fc1dfe0f310,36,445
question,u09-s011-v008,u09,s011,mode-range-basic,PENDING_MANUAL,870bc883dd316869a60610813b2657199118ed09be99fbac27a9792a849f4a98,37,488
question,u09-s011-v009,u09,s011,mode-range-basic,PENDING_MANUAL,a38b5b7fdc33c8f1af76f120cfd46c3da1cb60f41cd0067539f7fe18847a185b,36,509
question,u09-s011-v010,u09,s011,mode-range-basic,PENDING_MANUAL,11fbfaee0f8ce6013f9b4b3e08214573729fb2a8b94498ffea412ca1407ba6eb,37,568
question,u09-s011-v011,u09,s011,mode-range-basic,PENDING_MANUAL,5d2f1a00002d70f1a5760586525415fe887713a9d086151526af2930451f262b,38,601
question,u09-s011-v012,u09,s011,mode-range-basic,PENDING_MANUAL,41f360151ae6558ba0301ef7bb35e35280a99bf24f030d10cc1f84c09d6ff05c,37,668
question,u09-s011-cr001,u09,s011,mode-range-basic,PENDING_MANUAL,4323fa2928432ea920c853226ccc41ec5066a33b6b658e3eba02041b19370168,36,755
question,u09-s011-cr002,u09,s011,mode-range-basic,PENDING_MANUAL,f2cc9632552e52d3849ecf77ab1c454aea911f9df3aebd2170d0f04dc27d68c3,36,837
lecture,u09-s012-lecture-r1,u09,s012,weighted-average-basic,PENDING_MANUAL,12f2ccc8b38e807398b4b2322bc9b351ba6f9a0aaf5262db9ca7ab715198f864,130,1924
question,u09-s012-v001,u09,s012,weighted-average-basic,PENDING_MANUAL,3cc452b9a7b9ef58edccb93aec7aadcb05a43cb0b972b7ef4e9a0e8df99de72d,37,447
question,u09-s012-v002,u09,s012,weighted-average-basic,PENDING_MANUAL,076a4a52594a4f1f7d1e3b767e0a09205d6fe9aaaac6643d97b3c102bd68d6fe,37,495
question,u09-s012-v003,u09,s012,weighted-average-basic,PENDING_MANUAL,247a9a45e7002756a73dff4ac347ee50fced82ab77f48f4e3d55a9073d9e5197,37,464
question,u09-s012-v004,u09,s012,weighted-average-basic,PENDING_MANUAL,71d90a48edc8a8ad015e797e8d10eca51d3a7051604267526d75b40fa997899f,37,478
question,u09-s012-v005,u09,s012,weighted-average-basic,PENDING_MANUAL,91eb65c5a1a51e6ab238c68921636d25f8a0f8b9821f40ff3538a261ac1a2d74,39,722
question,u09-s012-v006,u09,s012,weighted-average-basic,PENDING_MANUAL,4a21fe16242124e261b44f08df40bfdd771000de8931e082bfa0f99bc35e082d,37,508
question,u09-s012-v007,u09,s012,weighted-average-basic,PENDING_MANUAL,018b79eb1ef5ffe843d7b06d75472f66f1c7ca55206152f232a8b397b8449f11,37,512
question,u09-s012-v008,u09,s012,weighted-average-basic,PENDING_MANUAL,1a8f9c6047192db2f16b43c6f1b6ea394e533a65edbc4af7cf38ab0ed2f47e49,37,544
question,u09-s012-v009,u09,s012,weighted-average-basic,PENDING_MANUAL,e42bde67522f4b959242552307b31d4f32ef04178d4b5278cc0e3437a151b957,37,453
question,u09-s012-v010,u09,s012,weighted-average-basic,PENDING_MANUAL,cc10cb4cdf7282896584e3fb3ad4bd4f0d0fa52066b08801ac0c597fe1c5c144,37,599
question,u09-s012-v011,u09,s012,weighted-average-basic,PENDING_MANUAL,4bd7c0ced48031a17584b06c9a4b9946657607fa2788c6a97d6fde1191b72da3,38,564
question,u09-s012-v012,u09,s012,weighted-average-basic,PENDING_MANUAL,59f8b7f3b5bb47537c2427d268300371f8f6eba4a968e4ff03490e2adf37dc59,38,700
question,u09-s012-cr001,u09,s012,weighted-average-basic,PENDING_MANUAL,5bb7a6f685e82b2ec1d08a35d3c25cbde6ac22bdd6e2926fe092e9c35e57d1f5,39,801
question,u09-s012-cr002,u09,s012,weighted-average-basic,PENDING_MANUAL,ab7551692e328504f6fd4c158388b0e832f8a158fdf2d21b9a21cef62d5b8c56,37,866
lecture,u09-s013-lecture-r1,u09,s013,mean-from-table,PENDING_MANUAL,8d8de6f341bdf7fc3fd57ba57fe53377372974e13521fdab5712bdea6919ad7a,132,1950
question,u09-s013-v001,u09,s013,mean-from-table,PENDING_MANUAL,f8c8015eb608b7ec1ef6e580680aeb9d9fd002865184be04f7bde63167cb9a60,37,466
question,u09-s013-v002,u09,s013,mean-from-table,PENDING_MANUAL,8c119a3372f5590c6e0fbca899333d6234bc726176e57a81c10f3a2fe6929cce,37,438
question,u09-s013-v003,u09,s013,mean-from-table,PENDING_MANUAL,0a12ac8c3da67ae06a9849d10dedbc8f10e290e56ebf1ae5c2155e1a602af17d,35,402
question,u09-s013-v004,u09,s013,mean-from-table,PENDING_MANUAL,72141d74a9c567e4527fb0f43dd14172f333fe390fdb3793fcbc12ebd8e0decf,36,405
question,u09-s013-v005,u09,s013,mean-from-table,PENDING_MANUAL,070e71436a078cb925e3e0b721c3283e462e08465b7fca1f2dcd66f0c8d73688,37,512
question,u09-s013-v006,u09,s013,mean-from-table,PENDING_MANUAL,5388d2c7ef16f7a889cd099234ef73c3c2f0b880b75d048901333f8e7016d7e7,37,554
question,u09-s013-v007,u09,s013,mean-from-table,PENDING_MANUAL,227d43267c767bd11b55e3f3755058b50160ef214373ea83ae4dd0dc0117de33,37,448
question,u09-s013-v008,u09,s013,mean-from-table,PENDING_MANUAL,26e88ffa1b52a81da53fa0399037cb3a9cb054b0bb3e2ded3ffba4adee984e2c,37,461
question,u09-s013-v009,u09,s013,mean-from-table,PENDING_MANUAL,75d71e0800d8615f9cbb997a59739d8b5b0b0d006a00257958323cf21a3a8144,37,502
question,u09-s013-v010,u09,s013,mean-from-table,PENDING_MANUAL,b68418d4b7d736eb5b1b768f733501b892959a6feea69be37d3811dd5f29b1aa,38,575
question,u09-s013-v011,u09,s013,mean-from-table,PENDING_MANUAL,d993a0563a0a61de986cdf739f4f11a6bd0e00e6402cbd64ae146b2616cfa84e,37,514
question,u09-s013-v012,u09,s013,mean-from-table,PENDING_MANUAL,84edff9808d77bad0d89f8dcc76b4215fe6aaa9ec4fefd3a7f7580098d468e44,38,674
question,u09-s013-cr001,u09,s013,mean-from-table,PENDING_MANUAL,8d066fef498e4cd24a621c0a02702cf3f45d534014ae985c0ff1c533a13f817f,39,863
question,u09-s013-cr002,u09,s013,mean-from-table,PENDING_MANUAL,46f6b39375567bbaf4b45b6fe2f1d0ca4a4b4a9343ba1e7a321ef10bb4316501,37,888
lecture,u09-s014-lecture-r1,u09,s014,data-comparison-context,PENDING_MANUAL,a29a06dbfec766f6fdc0c1ff2b8aff76773de832058c640711d7487b4cf7e892,125,1943
question,u09-s014-v001,u09,s014,data-comparison-context,PENDING_MANUAL,8b545b1fa9d618c04b1f39939919702d96b0a17736cf8e61fa83e77d83a91a7c,35,416
question,u09-s014-v002,u09,s014,data-comparison-context,PENDING_MANUAL,83eb3c8f84a7cf241a0b9711a308bd59b4da0b07c1f1f585011e0ddf74d3651f,35,447
question,u09-s014-v003,u09,s014,data-comparison-context,PENDING_MANUAL,bc5e5c8217df2f545bee417d9d5f2bffa6373d1f8f77dd8db341196281c7962d,35,424
question,u09-s014-v004,u09,s014,data-comparison-context,PENDING_MANUAL,005d2d5722caa45cfd5638eb75f9c2fc8a9802ccd7f062d47cbd81e5e16d4bad,37,472
question,u09-s014-v005,u09,s014,data-comparison-context,PENDING_MANUAL,e42a413c4f2f0f7c58dd4aed16f8ed35de34d638e48d8f73fcc6b8b79d3bb606,36,576
question,u09-s014-v006,u09,s014,data-comparison-context,PENDING_MANUAL,4728b5f66fb9a1b190c5f674046f77fc47b91de398160a9b2f50cb1855e7e896,36,498
question,u09-s014-v007,u09,s014,data-comparison-context,PENDING_MANUAL,bc2e39dda026d6bb1d7275df3a97ed1b21476f1105065c2a50fef24e5dccf701,37,525
question,u09-s014-v008,u09,s014,data-comparison-context,PENDING_MANUAL,ab015b81152099d0d5f38c22cd9394494785eea7d90eea7722b46325eab68496,37,651
question,u09-s014-v009,u09,s014,data-comparison-context,PENDING_MANUAL,5974070500617b7fa02ed110ffcc9a72138d8847f94cf0427294dbe4bbe54096,36,544
question,u09-s014-v010,u09,s014,data-comparison-context,PENDING_MANUAL,bdeba96c6639d6db1af5674a8849bfa5a312b210705172f63b213cac556cc120,38,602
question,u09-s014-v011,u09,s014,data-comparison-context,PENDING_MANUAL,751b7cc832997832db9a011735cd816c498fac7ec6db2b9006441916161ec713,38,644
question,u09-s014-v012,u09,s014,data-comparison-context,PENDING_MANUAL,f2f19f7fe11188e376f9e1e6a2823f06da33dafc500b6b3be58842687d884973,39,699
question,u09-s014-cr001,u09,s014,data-comparison-context,PENDING_MANUAL,b52daf27a1153998e7400ef8f5b79245a39ed0834c88f25c5b363d98c8ad10e0,38,873
question,u09-s014-cr002,u09,s014,data-comparison-context,PENDING_MANUAL,460f095fc05f612310a007a4ddab46652ea659d4c786f20daad5f7e533ee8155,37,1055
lecture,u09-s015-lecture-r1,u09,s015,misleading-statistics-basic,PENDING_MANUAL,6ce9556f44ad7597a3f7c3a6a48929d90e710efc3a79a44b8c90bd675bbf184f,125,1940
question,u09-s015-v001,u09,s015,misleading-statistics-basic,PENDING_MANUAL,243645cfc3133fbb33fb8e9898bfcf99f54a3b21abb07cc1b1728613d6debfb0,37,545
question,u09-s015-v002,u09,s015,misleading-statistics-basic,PENDING_MANUAL,3be40b42b02a7ea5886062c5803853c5e94dafda790218aac014c005c8c281cf,35,574
question,u09-s015-v003,u09,s015,misleading-statistics-basic,PENDING_MANUAL,0f3b509f7ba46da678653c3d6bbbe00152a44c9d7af221e8cfe7f5553c7b5769,36,502
question,u09-s015-v004,u09,s015,misleading-statistics-basic,PENDING_MANUAL,db0a4fd7a37b332bfb949e380c325fb285272c7823ad70cbf8b9774cc4cc8eda,36,616
question,u09-s015-v005,u09,s015,misleading-statistics-basic,PENDING_MANUAL,0e864099592803279a452d6d7b168bfb3d5177d657bb58a5c0abc730792a836b,36,572
question,u09-s015-v006,u09,s015,misleading-statistics-basic,PENDING_MANUAL,96d489051d2921cad7311986c9e72bba5b59a7de12a7282624387c0db3f3000b,37,605
question,u09-s015-v007,u09,s015,misleading-statistics-basic,PENDING_MANUAL,b0e551534c0ed0cda457be36a8521d95966d3f90cb2ff95c168a2a94cc389a65,37,640
question,u09-s015-v008,u09,s015,misleading-statistics-basic,PENDING_MANUAL,3c0b77efed3a1d5e013325364420c80fd02339e409b847348df26e9f8000db8c,37,636
question,u09-s015-v009,u09,s015,misleading-statistics-basic,PENDING_MANUAL,a435816b4e02ee0923e595cdf283ee68448b9ccc82a46115b9a96fd2ef85fb93,36,523
question,u09-s015-v010,u09,s015,misleading-statistics-basic,PENDING_MANUAL,c3521b4936688afee828dfd7a6552f07a88e8419538c9a3e8459af7ec343ab0d,38,636
question,u09-s015-v011,u09,s015,misleading-statistics-basic,PENDING_MANUAL,eeec4f2571c7c9ee156efff9e4991545eb9f871d2cb21bb96620401442a1c965,38,606
question,u09-s015-v012,u09,s015,misleading-statistics-basic,PENDING_MANUAL,10fe4a8fe64561b8663ff2ce02f5245ea835d2007bb972683a07f0be3495871e,38,676
question,u09-s015-cr001,u09,s015,misleading-statistics-basic,PENDING_MANUAL,b3f0f6a843f0cffbd8330c46ceb90d8f5289692b2bb51f208854f3ac0ca92aaa,36,866
question,u09-s015-cr002,u09,s015,misleading-statistics-basic,PENDING_MANUAL,6ec8a22edda83202a44661f55ff5bba63655847778dc3cee10ebe97c1adc366c,39,950
lecture,u09-s016-lecture-r1,u09,s016,statistics-literacy-context,PENDING_MANUAL,bf53ee73d86a6ebfa3dfb18995b128542aa4a2b66e4c69a5f68e32fb7be2c558,132,2062
question,u09-s016-v001,u09,s016,statistics-literacy-context,PENDING_MANUAL,3c74ba2a56242fc4c6ea252c54a3057cba9258a63d83d04217d89afe56a338ff,36,528
question,u09-s016-v002,u09,s016,statistics-literacy-context,PENDING_MANUAL,2740dbe1d6082625507fb04f167a938083a4dd4bd84689bf198222e6c33726cd,35,507
question,u09-s016-v003,u09,s016,statistics-literacy-context,PENDING_MANUAL,79c798a0cfcb5f64dee9cf039990c005235e41bca4c0103e91f4883bd3562858,35,536
question,u09-s016-v004,u09,s016,statistics-literacy-context,PENDING_MANUAL,e0a540fef61891db2d9e82c6c9174808541fbfda071b32aa3f094e2fb7f6bcec,35,549
question,u09-s016-v005,u09,s016,statistics-literacy-context,PENDING_MANUAL,25d6d88f9e702f24e3b535e70fcfd9107e7f02afa152204dd884bee4388f636a,36,574
question,u09-s016-v006,u09,s016,statistics-literacy-context,PENDING_MANUAL,8acc8ac9104f3f914f3e6e0fcd3796d3409518a75fe6ffc6d58060f82dd41720,36,642
question,u09-s016-v007,u09,s016,statistics-literacy-context,PENDING_MANUAL,bb3119129b9c8e9bd31db42bbd15ea5f7cdc5cb44612edd8603f6902d121057a,36,653
question,u09-s016-v008,u09,s016,statistics-literacy-context,PENDING_MANUAL,d4d0d90401452254507971ac7288ca3d016ee8810bc4d274b2e8902ad8113076,36,567
question,u09-s016-v009,u09,s016,statistics-literacy-context,PENDING_MANUAL,98cc2bdac3310a484aa0582e822e8c0744f25eb0f465d891b8e29226e03a6c14,35,532
question,u09-s016-v010,u09,s016,statistics-literacy-context,PENDING_MANUAL,83d085abf9d227771812760d12f5c04ebd012128a9f12c309d1be267d4df0bef,38,705
question,u09-s016-v011,u09,s016,statistics-literacy-context,PENDING_MANUAL,8665ec6e5464f727252106c003fb4b555ebfa14ef546d25f9106b79230df10c0,38,639
question,u09-s016-v012,u09,s016,statistics-literacy-context,PENDING_MANUAL,52405480968985ca60575dfcce0a932eeb6f932afdf4b49fc7b822a81e0fdff6,37,614
question,u09-s016-cr001,u09,s016,statistics-literacy-context,PENDING_MANUAL,3279116636ef76ea57964ba1c35c2520523f9b9cc9068d06b140c2e187f186f2,37,921
question,u09-s016-cr002,u09,s016,statistics-literacy-context,PENDING_MANUAL,3d9336f75ec211c3c546806b0e8df7e71497efacb6ae6b10116a913f598022b2,37,1079
lecture,u10-s001-lecture-r1,u10,s001,polynomial-terms,PENDING_MANUAL,4400b57dce6f0982acf931cbfeea1ff108af70e5bf5e74a245c2b1dc3a6f7a35,107,1875
question,u10-s001-v001,u10,s001,polynomial-terms,PENDING_MANUAL,02fe10473fe37284f31dae854df19452f2b60bcc38b6664d688ff9bdd6e41767,39,596
question,u10-s001-v002,u10,s001,polynomial-terms,PENDING_MANUAL,8c9a721c635e0ef01ab1e22e92fe9923de134dc5b49de525fe1cca047bbd7aa0,40,594
question,u10-s001-v003,u10,s001,polynomial-terms,PENDING_MANUAL,bc1c40357fe9f881bfbc5185906528ef6b213875c094f4f6b603d1bf651dd4ff,39,591
question,u10-s001-v004,u10,s001,polynomial-terms,PENDING_MANUAL,678f30c5d415607db0a85d2b51da51230087c5e90d55f584cf98273de789d385,39,593
question,u10-s001-v005,u10,s001,polynomial-terms,PENDING_MANUAL,80048fc41a193646da709af63e980c1946bfb79a79f93f355f5c5b3ce1f49a11,39,591
question,u10-s001-v006,u10,s001,polynomial-terms,PENDING_MANUAL,170475a46bc3bb6b4ce67a6f0d53343e1c4f61b45b07c7b7d76df18b4b1b50a6,39,654
question,u10-s001-v007,u10,s001,polynomial-terms,PENDING_MANUAL,ba440562cc6a01421308631efad696ca2e67f9fb8a9ee2bd64c65ffe7fa46331,39,601
question,u10-s001-v008,u10,s001,polynomial-terms,PENDING_MANUAL,f73a55721aaebda482753e027bff5e0b43208560589c091c72a42ba14a034cf5,39,615
question,u10-s001-v009,u10,s001,polynomial-terms,PENDING_MANUAL,abbe2d303976347db9f1ad913e5febe125688e90d940102a6a474f3545f552df,40,697
question,u10-s001-v010,u10,s001,polynomial-terms,PENDING_MANUAL,4cac8bc7506db4bbd74438be482a19239c7af031a658b882b52d518d40c769c7,40,727
question,u10-s001-v011,u10,s001,polynomial-terms,PENDING_MANUAL,5ef78d3341858727c7b722812c4ff6c78697d341c0ddfa0884d087313469fd8b,40,631
question,u10-s001-v012,u10,s001,polynomial-terms,PENDING_MANUAL,37bbec2f4af4ba12b2243b59f71542d9ae8779779b2d2b5b61287b4e29ad49d7,40,748
question,u10-s001-cr001,u10,s001,polynomial-terms,PENDING_MANUAL,c0045e3fbf165e251656969c7c574841f3c4c0ea50056e5d808a3824979b35e0,31,652
question,u10-s001-cr002,u10,s001,polynomial-terms,PENDING_MANUAL,cb3d52a5654a331599aa3291f8e6c8ff488fc0fe741736de8a4195a60ffe54f2,32,760
lecture,u10-s002-lecture-r1,u10,s002,polynomial-evaluation,PENDING_MANUAL,514e7a7e9e01f35a1df3f914ac3451bd5965b66d84b7a9adda6554970526f71c,101,1748
question,u10-s002-v001,u10,s002,polynomial-evaluation,PENDING_MANUAL,f43cd2708892fb6b2adac54bd991823c5d2728d53e2647a86c6707929873aed7,39,590
question,u10-s002-v002,u10,s002,polynomial-evaluation,PENDING_MANUAL,9a01efa915b82c9a0399c8a811acdac0c9f6d86faf921e884f37dbe98029731c,39,578
question,u10-s002-v003,u10,s002,polynomial-evaluation,PENDING_MANUAL,ee00131b8a11026bec5d6db877abd344801e170941af490700a9ca0a05460ff7,39,584
question,u10-s002-v004,u10,s002,polynomial-evaluation,PENDING_MANUAL,1082fae137cdb8c3105d427f4db2580bb53011b8ddd96d0d0d7ee10b70189c2d,39,629
question,u10-s002-v005,u10,s002,polynomial-evaluation,PENDING_MANUAL,d507a50daa0ffad2ad552684598c5892812d2940a2cc6972b4cb97dae8461ac8,39,570
question,u10-s002-v006,u10,s002,polynomial-evaluation,PENDING_MANUAL,8cefbd5acc7c3b1534a162def8311f90cbe1d40ec2cf0b6d0786fb12e4f98461,39,612
question,u10-s002-v007,u10,s002,polynomial-evaluation,PENDING_MANUAL,1be9c1106bac64735e0c70e976d957a1cb30cb41bb1fc4301a2fd78c3802e95f,39,650
question,u10-s002-v008,u10,s002,polynomial-evaluation,PENDING_MANUAL,79814c86d31bc7580acb1efe44e620f692fc1a5f569b0ee2edd6578220c11b57,39,644
question,u10-s002-v009,u10,s002,polynomial-evaluation,PENDING_MANUAL,a98549b3e771ce3ff582a943728c717be7769fce68c364385857ed61c482cb36,39,606
question,u10-s002-v010,u10,s002,polynomial-evaluation,PENDING_MANUAL,73e1c4147117bcd0e2c442f81cde4fe6c81f2f34db76d1cbcf5eebf1d4d5cf4b,40,660
question,u10-s002-v011,u10,s002,polynomial-evaluation,PENDING_MANUAL,eee0f6028332575a345b5b1c1e2ab7d4a3749d9771b691a1ae8a76089fb4a0b5,40,686
question,u10-s002-v012,u10,s002,polynomial-evaluation,PENDING_MANUAL,c062baf0670a80d0e5c8b1a4aa5594deaa874d633b5b21063ae38cfbe094340b,40,697
question,u10-s002-cr001,u10,s002,polynomial-evaluation,PENDING_MANUAL,ef24f5b7aa2b3257c3b5a119f03b011424bf1fea383efacb86cf526e75cea292,31,594
question,u10-s002-cr002,u10,s002,polynomial-evaluation,PENDING_MANUAL,d62fdfeab11d4fbf23f4e7550a57428e19ea65a0886b8c8bc409530dbf8174e0,32,649
lecture,u10-s003-lecture-r1,u10,s003,like-terms-combine,PENDING_MANUAL,063485ed3c9ce65c404faaef3d08945028f483ce291cc2573bd1fd867022413e,101,1672
question,u10-s003-v001,u10,s003,like-terms-combine,PENDING_MANUAL,2212aa2123fae0371f9ba760e9a3d7666b64f05b68460387536186e267aea150,42,796
question,u10-s003-v002,u10,s003,like-terms-combine,PENDING_MANUAL,db7d5f3a367904c41848aaf31eaf095ac8b6734765bef3a909c86856a563feec,39,633
question,u10-s003-v003,u10,s003,like-terms-combine,PENDING_MANUAL,c8f06c2d8f21685979eb1dba94ba298cb349b11bb27a943b724b56df89d15fb0,42,691
question,u10-s003-v004,u10,s003,like-terms-combine,PENDING_MANUAL,134561ec76f169375c86fb5de2cb7b254db30a18809f59d29f00ec4553f5334a,40,649
question,u10-s003-v005,u10,s003,like-terms-combine,PENDING_MANUAL,591eb3615bfe8d5db6b18aa3116c231d182d6b972534bb1b6b23700e0194062e,39,616
question,u10-s003-v006,u10,s003,like-terms-combine,PENDING_MANUAL,61318063bf2ccbcc0b3f25a60bfb6a3d66b076d3e0001a18a586c944cbaa70ba,39,591
question,u10-s003-v007,u10,s003,like-terms-combine,PENDING_MANUAL,639a63d91a17cc692647793216b93a2d719e8233890a348d738c49e5de357307,39,614
question,u10-s003-v008,u10,s003,like-terms-combine,PENDING_MANUAL,755539a9f6c0d7deaa7dba876acf8e99c2907925f9f7d681978bf89f671df41c,39,652
question,u10-s003-v009,u10,s003,like-terms-combine,PENDING_MANUAL,f31b8ea6ad80abc4710d4a7e247e1fe0bcbbdedc96e62e1f5d8c10c0884c9764,39,656
question,u10-s003-v010,u10,s003,like-terms-combine,PENDING_MANUAL,e6c8d28ecab8aba3aa57371c20f57dd12b016a0d8ffee2ded73438f9ee65af2e,40,667
question,u10-s003-v011,u10,s003,like-terms-combine,PENDING_MANUAL,51771ae1299a8d663b3f686ec98a84a9da428d4c8da5594f41e13f04f702ad7d,40,678
question,u10-s003-v012,u10,s003,like-terms-combine,PENDING_MANUAL,d269d822389ba8106e406ffd045236c6632c0138422fc665222a752821c108c0,40,709
question,u10-s003-cr001,u10,s003,like-terms-combine,PENDING_MANUAL,660e1c828d7ec820c32bd2172b010857572ccb4749ca2b11a814f91dd5686df8,35,610
question,u10-s003-cr002,u10,s003,like-terms-combine,PENDING_MANUAL,3c43ee46a9905a809dd1671353b357311bd093f6695c35f6ca75195ade4e6287,31,622
lecture,u10-s004-lecture-r1,u10,s004,polynomial-degree-coefficient,PENDING_MANUAL,769d7c640f56f15966c1c758d5825c07ecafba5004490203a8dff8a94802ea48,103,1691
question,u10-s004-v001,u10,s004,polynomial-degree-coefficient,PENDING_MANUAL,4176f8c6ea6cd049f9c764e415bc0e042042260ac39eb4df8f5b07b6dfd45e49,39,579
question,u10-s004-v002,u10,s004,polynomial-degree-coefficient,PENDING_MANUAL,7c6a2150e5c63814fc56a50ffddde8f6faf04925955ac54f656cbd17445709a0,39,574
question,u10-s004-v003,u10,s004,polynomial-degree-coefficient,PENDING_MANUAL,c9f43b35a286e2aabd4b573ad4ecd9402b8d2ca9348e70e8b67b9aa80950fc07,39,574
question,u10-s004-v004,u10,s004,polynomial-degree-coefficient,PENDING_MANUAL,0b9fc003c643eba83381cc2a4184a390c65605f005dc272aac6162c677c6a21b,39,582
question,u10-s004-v005,u10,s004,polynomial-degree-coefficient,PENDING_MANUAL,9aee4f5415eadcff79e79450644a3972e89f8ade09b71eeb6994e9daff6934fa,39,592
question,u10-s004-v006,u10,s004,polynomial-degree-coefficient,PENDING_MANUAL,b04826d6a2d6de49139b874f556d1476f9d8914591837a3d6877f6e8f8275c23,40,638
question,u10-s004-v007,u10,s004,polynomial-degree-coefficient,PENDING_MANUAL,93199cd49526639238ebc4fb1f1d4542b0c4944e95cc79081aee1cbaa8f1b07c,40,662
question,u10-s004-v008,u10,s004,polynomial-degree-coefficient,PENDING_MANUAL,f0ccc1273ce56e0c347543ee4ccf6bcf0673c90db37a07b28ae915fc6766190e,39,679
question,u10-s004-v009,u10,s004,polynomial-degree-coefficient,PENDING_MANUAL,0bbe9ebdeb206b866f6cb883cc89a9e6cd5b99b54f96c69dfe64132b9f90b196,39,641
question,u10-s004-v010,u10,s004,polynomial-degree-coefficient,PENDING_MANUAL,b47ca0bdc32f4a3ccc9f5426adfc8cccee5b45a8862a5d8bbc6c5bdaebcfc673,40,646
question,u10-s004-v011,u10,s004,polynomial-degree-coefficient,PENDING_MANUAL,2311859cb074e5efc045c04b4b7a17acdf178c5e307dcfb75d25aa0d8004bca4,40,675
question,u10-s004-v012,u10,s004,polynomial-degree-coefficient,PENDING_MANUAL,e9316b5936defad95b7ae1aeb2a750a49d3d7b0a1e070941ad7eda60edc92676,40,675
question,u10-s004-cr001,u10,s004,polynomial-degree-coefficient,PENDING_MANUAL,4a75e60745d651bd7d2d5e1a117de24f0eecb6821d57c8fd1daf64b3c9e2fc4e,31,625
question,u10-s004-cr002,u10,s004,polynomial-degree-coefficient,PENDING_MANUAL,8b2639fb6365b661cb12272ffa72237b129d4233def1c319f737c93db88442eb,31,641
lecture,u10-s005-lecture-r1,u10,s005,polynomial-add-subtract,PENDING_MANUAL,f7c56ddecc403c5b78fd09011280314096bb632cabb21f6f4571d62f189f6a9e,101,1662
question,u10-s005-v001,u10,s005,polynomial-add-subtract,PENDING_MANUAL,c959fd4ec9ceee6e4661306809f257a15b5a62fe768bde61691fe9dd22c78335,39,623
question,u10-s005-v002,u10,s005,polynomial-add-subtract,PENDING_MANUAL,3b020559b710daabd3aec9f43179c97d20debefe2668f76cdc610df228ca925e,39,640
question,u10-s005-v003,u10,s005,polynomial-add-subtract,PENDING_MANUAL,d9a02f5b86211cbe72206b1b62bb44606fe05dc9d2b18c3679c6ecb4fb694028,39,639
question,u10-s005-v004,u10,s005,polynomial-add-subtract,PENDING_MANUAL,2e9f880cf5efbfcb0231187ceabc93e091e69fe1929305924131e46744d737b4,39,685
question,u10-s005-v005,u10,s005,polynomial-add-subtract,PENDING_MANUAL,5b96bb8e572b6f96e4591c8d131af741f72b686bdf7e247a9352059fef8abe3a,39,621
question,u10-s005-v006,u10,s005,polynomial-add-subtract,PENDING_MANUAL,fbf0aa20a23987462b1d6e91fe763761133e4950a24733885735a1017799aaac,39,696
question,u10-s005-v007,u10,s005,polynomial-add-subtract,PENDING_MANUAL,94e2324e44eadd09148dbd0e815e91f90b8b8add2ef37a3b3b2d0fb05aadf2ce,40,709
question,u10-s005-v008,u10,s005,polynomial-add-subtract,PENDING_MANUAL,bb66001ff3011da6c4434b8c9c476789dc319813f173094b9e5382455ecdf6a9,39,728
question,u10-s005-v009,u10,s005,polynomial-add-subtract,PENDING_MANUAL,7cb599a9c41595e4795f811c064e1614531967a1593d950588d8aa8cbb34452a,42,711
question,u10-s005-v010,u10,s005,polynomial-add-subtract,PENDING_MANUAL,49b90d5f7f8821460534149a6b059e21e9916bb94cb6de07cf7768aa767e0dda,40,751
question,u10-s005-v011,u10,s005,polynomial-add-subtract,PENDING_MANUAL,a5a32cee3a9b8c2ff10d5b523a32ab838b28da827e2e6a27e946bd72166993b2,40,762
question,u10-s005-v012,u10,s005,polynomial-add-subtract,PENDING_MANUAL,2cf577a4aa81bda2b1faa005f3db93f8bb92acd7f6feb0e650625b9c6b5d1655,40,764
question,u10-s005-cr001,u10,s005,polynomial-add-subtract,PENDING_MANUAL,c6452b47c43eaa7e87e97a9a86508f3c1775fc532db7459975950e5c8252b5dc,31,541
question,u10-s005-cr002,u10,s005,polynomial-add-subtract,PENDING_MANUAL,05410fae478da94df0e57fe6b1c4a1eeecb4d79227af0d6fd0a1d98f503f819b,31,636
lecture,u10-s006-lecture-r1,u10,s006,monomial-multiply,PENDING_MANUAL,44bdacd27161164f63c36cc9d71929539be99dc03158983c13b03094771cb71f,101,1604
question,u10-s006-v001,u10,s006,monomial-multiply,PENDING_MANUAL,133866365e245ad079b53ee4dbe5f0979e12c45f29e8d51987a162d7ce7fc222,40,598
question,u10-s006-v002,u10,s006,monomial-multiply,PENDING_MANUAL,2b98cec62135a1ec3ee8a3e17f3d2e291498b1fb738dae5367836eeecaf7bc34,40,586
question,u10-s006-v003,u10,s006,monomial-multiply,PENDING_MANUAL,bd2e063b6b6bf80eae4b7846a1d0f3fa24b90e5f8c4e9902eb8e88018e5a2ac1,41,611
question,u10-s006-v004,u10,s006,monomial-multiply,PENDING_MANUAL,15b8c247bf32994dd7bd0ab5b4840d0e6f1ac4b53fde21d837f33958ac83e7de,39,599
question,u10-s006-v005,u10,s006,monomial-multiply,PENDING_MANUAL,e5d50b781a47c7217a9125f1e640d07b9817e9659cb2a36cec7b7ec76723b26d,41,628
question,u10-s006-v006,u10,s006,monomial-multiply,PENDING_MANUAL,2dbd258c5e66ecc64f702b3dce9a2f117fce48ad37df6edc81aab7c17f96725f,40,614
question,u10-s006-v007,u10,s006,monomial-multiply,PENDING_MANUAL,e2d5253deb8021f36987580cd8b02e5b19b8e96b08907b9a5a8a27429e4a3c33,40,671
question,u10-s006-v008,u10,s006,monomial-multiply,PENDING_MANUAL,552b6de5d0b2b9a167f0952fc17470d014110b641665952ee36a93f84737f544,39,603
question,u10-s006-v009,u10,s006,monomial-multiply,PENDING_MANUAL,a731508d9db9fe22fb85e5c6679217918d73d883be47c4575c4da7e894d61695,39,580
question,u10-s006-v010,u10,s006,monomial-multiply,PENDING_MANUAL,63f365f14aac2565be4a36f4ea26575697f9abe8a4faf365d793107955b3ad52,40,661
question,u10-s006-v011,u10,s006,monomial-multiply,PENDING_MANUAL,5c9790c451035502f5b3af7c9f52d4592026d057a7137b9e11622665d7e5dd71,40,672
question,u10-s006-v012,u10,s006,monomial-multiply,PENDING_MANUAL,211d248634b86d96b9713a892ab39635d0d465f6c0515796be81782dc908d198,40,692
question,u10-s006-cr001,u10,s006,monomial-multiply,PENDING_MANUAL,e713c637cf01035b1958b8fb6f6d5fa1a1229e2e6ac97cafad8b056e8d8db859,33,581
question,u10-s006-cr002,u10,s006,monomial-multiply,PENDING_MANUAL,937ee646c87c0a08453faf19a406c4a00274520c5d09a1cb29acbbdba6771b5d,31,580
lecture,u10-s007-lecture-r1,u10,s007,monomial-polynomial-distribute,PENDING_MANUAL,21e956721fde79ed4fa7d77c32999c6521384bc67d9cf7ffcdacc9559321cb7f,99,1586
question,u10-s007-v001,u10,s007,monomial-polynomial-distribute,PENDING_MANUAL,c4f8043f87851c80c09b5bb04c7cf0c85934233236f62e0eecc21094d36d2dbc,39,612
question,u10-s007-v002,u10,s007,monomial-polynomial-distribute,PENDING_MANUAL,d616e474641ac49bf7260a44e7bb8386b32c4f1820f67c5580b14b3d207b546e,40,641
question,u10-s007-v003,u10,s007,monomial-polynomial-distribute,PENDING_MANUAL,8fc3705ff11317594d7c2517811555c93bb3df8da97dc3ea4ceaf14c5a5d425d,39,645
question,u10-s007-v004,u10,s007,monomial-polynomial-distribute,PENDING_MANUAL,e36bd15ed7893198e173d645da8aaf45c12a0afe5742df213c8cde7d53b0553c,39,639
question,u10-s007-v005,u10,s007,monomial-polynomial-distribute,PENDING_MANUAL,cd1cf4282055bce5ec472517c37a560f25768141235dd3d7f95b3a6aab6d02b5,39,694
question,u10-s007-v006,u10,s007,monomial-polynomial-distribute,PENDING_MANUAL,e22632900d7567b5a79b050e4f6829ea75452fb274a365dafac351de79126b85,40,611
question,u10-s007-v007,u10,s007,monomial-polynomial-distribute,PENDING_MANUAL,ce79c9d18cbd0d2e6290e27706dc4390875436cb34964ec356618c3278ab2f8e,40,680
question,u10-s007-v008,u10,s007,monomial-polynomial-distribute,PENDING_MANUAL,500423a13dea55ce8d0a4c03e37e4ef076002242febdba616b2a39468de5009b,39,673
question,u10-s007-v009,u10,s007,monomial-polynomial-distribute,PENDING_MANUAL,7080d082c658cca710ff0a1138e7d3b90ce07e864d7782ec5affe9dc380e1842,40,668
question,u10-s007-v010,u10,s007,monomial-polynomial-distribute,PENDING_MANUAL,2960e2e1594ef39213941110059a298cdb5f61b3507ffedc74758229ea6a98a4,40,680
question,u10-s007-v011,u10,s007,monomial-polynomial-distribute,PENDING_MANUAL,328001d2211acdcee379a8bdb744eaab1dd27a9c1a1927c63cd91f33df42d0b3,40,753
question,u10-s007-v012,u10,s007,monomial-polynomial-distribute,PENDING_MANUAL,b3916898e98e9276beb176943d8ab6ca66def83b013976bd23ba2a911092bed7,40,668
question,u10-s007-cr001,u10,s007,monomial-polynomial-distribute,PENDING_MANUAL,28883e77c09845ab4cf53bbda70bdb630254d564c971d4d1402849cfeca0b9ba,35,566
question,u10-s007-cr002,u10,s007,monomial-polynomial-distribute,PENDING_MANUAL,4ce1ea374c12dbb6d37ffe340e6a13b2fa3afbebac4240dd0dbe2c6b16c22554,34,647
lecture,u10-s008-lecture-r1,u10,s008,binomial-multiply-basic,PENDING_MANUAL,e83972142dab33380528fafebbdb5cbd6c150a72e56d4f300fa0e20a252e6cf5,99,1641
question,u10-s008-v001,u10,s008,binomial-multiply-basic,PENDING_MANUAL,a00f58650bb4eccdbb5fb930656beaf5401ffe4a24b457b04f6d7288b3563d67,39,639
question,u10-s008-v002,u10,s008,binomial-multiply-basic,PENDING_MANUAL,d39b38e75c1187db932396053e67409fe85181b0cbee7b18f31db42fed51957a,43,656
question,u10-s008-v003,u10,s008,binomial-multiply-basic,PENDING_MANUAL,c0780f9176d2b90710b3c08ba3dcbd3fa83a7e69ef0185e4834fb42ed582ffa6,39,654
question,u10-s008-v004,u10,s008,binomial-multiply-basic,PENDING_MANUAL,f1fc76aabe02db2198e5ac63bb456424eaedcd58f306fd474cbc43675eceeb14,39,699
question,u10-s008-v005,u10,s008,binomial-multiply-basic,PENDING_MANUAL,e29a580fa103fd7bfb03b357e988e103a96f2f59523e7c6bde17957c9394d8b9,39,679
question,u10-s008-v006,u10,s008,binomial-multiply-basic,PENDING_MANUAL,83085df156578b5c294af022ba9974d79af3464bf1d9f65314fdae9ce3c51ac1,40,651
question,u10-s008-v007,u10,s008,binomial-multiply-basic,PENDING_MANUAL,b22b6ec966ea59501783fff1086ff1a40d56a3e2443f3654bf34b8183cf2faf4,41,628
question,u10-s008-v008,u10,s008,binomial-multiply-basic,PENDING_MANUAL,c9586ecf104b8bcff87893a310f4262e8cbbd0073b56ff4b67147d37b3a98011,40,627
question,u10-s008-v009,u10,s008,binomial-multiply-basic,PENDING_MANUAL,f211f706f2615ad3d20ee438f569aa38a3c0aa09a2b4bbbf16bc43dbcb109077,40,652
question,u10-s008-v010,u10,s008,binomial-multiply-basic,PENDING_MANUAL,7b0adddf6f69c33d92ccd48502c7adf2f47e28747feb303da3d8c12ba5d0f27a,40,764
question,u10-s008-v011,u10,s008,binomial-multiply-basic,PENDING_MANUAL,e6a9645a5dc2c9c1e9942218ee80ac96f43c84de786a1101ba0e7984974b4e5a,40,750
question,u10-s008-v012,u10,s008,binomial-multiply-basic,PENDING_MANUAL,5ebb0a6d45d70aa6c8de9f74faaebceb373dfdc0e6ccd88814d98a7b13260cc1,40,650
question,u10-s008-cr001,u10,s008,binomial-multiply-basic,PENDING_MANUAL,1465d19eefff7bdcaa4ad790c9bed3addb28a0db7ec3677d1376d2c664691093,31,575
question,u10-s008-cr002,u10,s008,binomial-multiply-basic,PENDING_MANUAL,46a2104ed536f55fd60317b9120f6d38089f81737549b2fe0e3b9829ab64947c,33,631
lecture,u10-s009-lecture-r1,u10,s009,square-sum-formula,PENDING_MANUAL,7265a1013f65806bf35eef9dfc1155b9996b1c1b43d00e6794dd86ec3f5ef2a0,100,1752
question,u10-s009-v001,u10,s009,square-sum-formula,PENDING_MANUAL,927cc32df332eb20bc440dff2280e9567e2776640449f80245a11fb765169172,42,650
question,u10-s009-v002,u10,s009,square-sum-formula,PENDING_MANUAL,40d15ff172c17635b8f8225ad37e843b56c647815af7f49136dca7a254d95c58,39,644
question,u10-s009-v003,u10,s009,square-sum-formula,PENDING_MANUAL,b4340a38b9524425a2c0c4dd20ea9c8f2e68e0700c898c118d4404fb72b1574f,39,633
question,u10-s009-v004,u10,s009,square-sum-formula,PENDING_MANUAL,91bc509b8f2ae15a15f064bd3fe5f449ed946488e17d821e47813144fb769001,39,646
question,u10-s009-v005,u10,s009,square-sum-formula,PENDING_MANUAL,a221d7c076c6b8ebae049c26602be8e524e1fb931503245842662d48a295bed0,39,611
question,u10-s009-v006,u10,s009,square-sum-formula,PENDING_MANUAL,e87c8afbf4baa015deb0a87275eb2fe9404c79a921917025f3820f020c4cd6e3,39,634
question,u10-s009-v007,u10,s009,square-sum-formula,PENDING_MANUAL,f8b95e9c41cbd5e962c6b68575588a29d1e1cc40cd8d977910f20d1329ca9f7f,39,636
question,u10-s009-v008,u10,s009,square-sum-formula,PENDING_MANUAL,4d676cccd9353791f7a4377ccddaea51a61afa3370ebf31314716db57000793c,39,655
question,u10-s009-v009,u10,s009,square-sum-formula,PENDING_MANUAL,de1446b9f5c72434e704ff9d514a34c8134c709173345159565c63a611f5b9bb,39,627
question,u10-s009-v010,u10,s009,square-sum-formula,PENDING_MANUAL,d31b86d8b5452398766bd09df809119586dbaf1816dee803e76776dba5b68631,40,756
question,u10-s009-v011,u10,s009,square-sum-formula,PENDING_MANUAL,3e4179f3e4ea29be5b69692a173fe175f49e4747c2ae02a10e03b864f1a357a7,40,726
question,u10-s009-v012,u10,s009,square-sum-formula,PENDING_MANUAL,c817991abce374718454af9eb05efff0fa07448ae0f7314da5b15076ab60317b,42,694
question,u10-s009-cr001,u10,s009,square-sum-formula,PENDING_MANUAL,39a82203a485ebc4ba22139e4f2f96eabe20baccb631f59f68ec0f10a5b59aea,33,625
question,u10-s009-cr002,u10,s009,square-sum-formula,PENDING_MANUAL,374ff2d64762e94cb75acfbbe2cc5805287dc2c41a10e8396c6fc1c97dfb9b11,33,641
lecture,u10-s010-lecture-r1,u10,s010,square-difference-formula,PENDING_MANUAL,a7995d84de86b3fd4ed44fad4daa03b996ea7cc40bf6d1ad582e0b33bdcadfbe,98,1678
question,u10-s010-v001,u10,s010,square-difference-formula,PENDING_MANUAL,07706800b14a34873a8507823233f975c028890f63651c180eec641ee0aa35e4,42,808
question,u10-s010-v002,u10,s010,square-difference-formula,PENDING_MANUAL,c61d8bdd0344ca468a9ed6823a4f858e41f8cbe2660a62f455653eceef48fe77,39,640
question,u10-s010-v003,u10,s010,square-difference-formula,PENDING_MANUAL,99fe92862b515849bfdd4fa8b5f468bb1006cdfc9f2f6e86f85bfdff8f838409,39,665
question,u10-s010-v004,u10,s010,square-difference-formula,PENDING_MANUAL,260b46e5a079b866dfbfd91860e2f6c20baffa5b8b4a151642574739933a1349,39,673
question,u10-s010-v005,u10,s010,square-difference-formula,PENDING_MANUAL,e48f529d6e2d0b3a5a806f754e14f70d88773efacfe1895b6ab1165e3b0d9a33,39,595
question,u10-s010-v006,u10,s010,square-difference-formula,PENDING_MANUAL,6ed3f01b82cf52c62ddc74a50c18e3420319eae221020d66afcfee9690b98f7c,39,631
question,u10-s010-v007,u10,s010,square-difference-formula,PENDING_MANUAL,6b79dec2c5445854c1485837383cebd0c2687bd4b59088d8503a0e8717182bdc,40,641
question,u10-s010-v008,u10,s010,square-difference-formula,PENDING_MANUAL,93e06e5084c656a04ddfa8b08c09625ac092852fe46f9177af30e0a721ff9e20,39,610
question,u10-s010-v009,u10,s010,square-difference-formula,PENDING_MANUAL,cc707223d4f944737fec8d7de4c94442741d48cb274a1905890fc568ad9a89fa,39,610
question,u10-s010-v010,u10,s010,square-difference-formula,PENDING_MANUAL,871b0d68072ce309de2ba3c900bd5d0bff62ed8914ca7940d1498da55f3c2570,40,708
question,u10-s010-v011,u10,s010,square-difference-formula,PENDING_MANUAL,4425e32bb47f14120c394fe4708355b16c7e5f29ede0817090d607da7e777522,41,739
question,u10-s010-v012,u10,s010,square-difference-formula,PENDING_MANUAL,ab96e691b95b671ff19c6d8f3fca95bf5e72df308753fc2c258d2d758de80c36,42,757
question,u10-s010-cr001,u10,s010,square-difference-formula,PENDING_MANUAL,18aa2d360096f8ebd880950f0e41f824b18631c32d4c67e5c1695336bd41fa16,31,589
question,u10-s010-cr002,u10,s010,square-difference-formula,PENDING_MANUAL,83b5ac35ee8dbe6b8fb9e142a030803be43b7bae8ce567fb58126334d63b70ef,31,601
lecture,u10-s011-lecture-r1,u10,s011,difference-of-squares-expand,PENDING_MANUAL,9774edb092cccde412134e6070203e8bee75c5408fc18d2bfae04fa3d6cffa03,102,1788
question,u10-s011-v001,u10,s011,difference-of-squares-expand,PENDING_MANUAL,5586c702b772a1bf82b2e0244cb5617f4d03a9baaa5da6035144017efe22724c,42,722
question,u10-s011-v002,u10,s011,difference-of-squares-expand,PENDING_MANUAL,75ed5a436b04513630e8b498e63bdb9f28ecd231bc4fce78981e4b08f1c278a5,39,638
question,u10-s011-v003,u10,s011,difference-of-squares-expand,PENDING_MANUAL,7316c9116863d1dab40a848b2d846442d4110852cb5e6337fbff4ef03a515e2c,39,616
question,u10-s011-v004,u10,s011,difference-of-squares-expand,PENDING_MANUAL,65c1816473037055c70723e80c8c3bb8eb656bb794716a14381e76cf6609d2f5,39,633
question,u10-s011-v005,u10,s011,difference-of-squares-expand,PENDING_MANUAL,f4dfdfe4b60a91e4aa51bfc3a40aa22028b4e187026e8daad2aed9d37cfe6e7b,39,626
question,u10-s011-v006,u10,s011,difference-of-squares-expand,PENDING_MANUAL,727f29c6d30cf1d7e1edbfc92262309049228d78f84ab42dd394617d448ed3d3,39,600
question,u10-s011-v007,u10,s011,difference-of-squares-expand,PENDING_MANUAL,fbf9c862133f6d36418be22d65e68ad0748447ee5b72e586f8df835ddf68daea,39,667
question,u10-s011-v008,u10,s011,difference-of-squares-expand,PENDING_MANUAL,1021a05cda69128401162333383a5dec22bd5bdbfcc93ce53d3011202692fc85,40,638
question,u10-s011-v009,u10,s011,difference-of-squares-expand,PENDING_MANUAL,7cf5e2f640cec4f31766c52a3bb24e6cb44f68b2e7495df7404cac3c3f89bf29,39,680
question,u10-s011-v010,u10,s011,difference-of-squares-expand,PENDING_MANUAL,bf23b7d06f1fb937ca2f4661d985cb79bfcda5c869e4c2839359cc84dc30da65,40,707
question,u10-s011-v011,u10,s011,difference-of-squares-expand,PENDING_MANUAL,a54d594be6ebf622f600929dfd0241a785eb06b6ccc74238fffc0a7432251450,40,751
question,u10-s011-v012,u10,s011,difference-of-squares-expand,PENDING_MANUAL,6b8d96827c0d8c4ddf5a4c58756f28bf22d627f51b37e34ea3167e73240b757f,42,806
question,u10-s011-cr001,u10,s011,difference-of-squares-expand,PENDING_MANUAL,210d0ec6634a2f3925c2c514ccfb6d6a588e0cf439cdc144bd67c08ebfeafb9a,32,602
question,u10-s011-cr002,u10,s011,difference-of-squares-expand,PENDING_MANUAL,311aeff17d8fcfd88c5c1effeaa8468e4cebc616443e9b8f865e2ffcf10b8c78,32,642
lecture,u10-s012-lecture-r1,u10,s012,formula-mixed-recognition,PENDING_MANUAL,92438c872b36ca4eb2afda8f8df7884c38c4b2d13edb4034530028ed51c99905,106,1769
question,u10-s012-v001,u10,s012,formula-mixed-recognition,PENDING_MANUAL,5ecaeef48bf9f1c968fe32919f6ca173db52c917514a646ceb5ca234c7cbb9bd,39,640
question,u10-s012-v002,u10,s012,formula-mixed-recognition,PENDING_MANUAL,7f0d48e8d218f22040b626f01f9e2f5bae879beb7b81ee9ef0d85ad3d6c9895b,39,622
question,u10-s012-v003,u10,s012,formula-mixed-recognition,PENDING_MANUAL,c9bf3951dfece1d685c1a26157be14941e7042ec4c8662b6e2aaf971b172da53,39,755
question,u10-s012-v004,u10,s012,formula-mixed-recognition,PENDING_MANUAL,0c6c4babd691c22eebdd2b1a981a2830f744487930bfffbb044a86222c02b53c,39,666
question,u10-s012-v005,u10,s012,formula-mixed-recognition,PENDING_MANUAL,9c6b8dae84661d505d9a96cd9a5abe0e79f6d28ee8f533c8adb1452291d558b9,39,618
question,u10-s012-v006,u10,s012,formula-mixed-recognition,PENDING_MANUAL,c691ba0a613089620ca95a3aedaf811d8d0aa253fd28820d3d9cc1fbcdbb4b3f,39,670
question,u10-s012-v007,u10,s012,formula-mixed-recognition,PENDING_MANUAL,6528317e5a648ca167190759bf2605152e201e2587cb15f948a10bb59e013cf1,40,671
question,u10-s012-v008,u10,s012,formula-mixed-recognition,PENDING_MANUAL,3035bae1a52f3ca02ec8a554dad42872fb88e1fbe2ff9dd90875636dc0a69994,41,629
question,u10-s012-v009,u10,s012,formula-mixed-recognition,PENDING_MANUAL,4d36b127d5ca15460e84ea122b3da5b63b2d9b3d09dd9c57ade3db4acdaabe36,39,691
question,u10-s012-v010,u10,s012,formula-mixed-recognition,PENDING_MANUAL,f97d0b402a239c591d0b9ebc913b881c12285d373f03f06608e963e0762b18ea,40,742
question,u10-s012-v011,u10,s012,formula-mixed-recognition,PENDING_MANUAL,e69b74caedfa49cd59376764eef73e642b599147ab817fb31355180203843bf7,40,727
question,u10-s012-v012,u10,s012,formula-mixed-recognition,PENDING_MANUAL,b1a0297531ac1b64d153fd24574707e76b80417bcf0ddc123fa803f67dc64d9d,41,699
question,u10-s012-cr001,u10,s012,formula-mixed-recognition,PENDING_MANUAL,fdace9f73355751822c9a6faa2e6342be699a6fa005628a36e6be840afdaa9ea,34,626
question,u10-s012-cr002,u10,s012,formula-mixed-recognition,PENDING_MANUAL,432ee8f8180ff921369abbd5c490fe8382a9596adac62458d0b3adcffa0b0331,34,675
lecture,u10-s013-lecture-r1,u10,s013,polynomial-literacy-context,PENDING_MANUAL,372cf8acd761fa48e237d8880842d34b5de269d0568a9f7d8581ca5cb53b2319,110,1874
question,u10-s013-v001,u10,s013,polynomial-literacy-context,PENDING_MANUAL,37741acee9f3895d86269fbfaa19c006097893d2d0c8b58a67eb99d0b520d9b5,39,672
question,u10-s013-v002,u10,s013,polynomial-literacy-context,PENDING_MANUAL,a06e7fc7f64de6e776d9284e178522dcd5fc205a64061beab63caeb375829065,39,634
question,u10-s013-v003,u10,s013,polynomial-literacy-context,PENDING_MANUAL,d56e68234387c20902f74b7315dc2295c48cb7aa948d2d27a09b8bfcee4b5cb0,39,691
question,u10-s013-v004,u10,s013,polynomial-literacy-context,PENDING_MANUAL,ca67bd13b988348e98a880b3989a09d8371084a0a2db9fdf2179e78f493b0a87,39,626
question,u10-s013-v005,u10,s013,polynomial-literacy-context,PENDING_MANUAL,d62978cbb87c3b38339273421b09ed4baf8d97051f46396b646511ae35760998,39,712
question,u10-s013-v006,u10,s013,polynomial-literacy-context,PENDING_MANUAL,9d52c54455d187f497edf00b097bb150996558ec27cb39d57200d0e8e502c467,39,664
question,u10-s013-v007,u10,s013,polynomial-literacy-context,PENDING_MANUAL,8d64eb9d9cfa5ba85e01796468afb8ce6ce7146287c40630ea8d1489ad246ab2,39,765
question,u10-s013-v008,u10,s013,polynomial-literacy-context,PENDING_MANUAL,cfb7d66c979da2dacc46fc9a87e0d83dfc94b716a28a4553829f8ca75cf7c28e,39,647
question,u10-s013-v009,u10,s013,polynomial-literacy-context,PENDING_MANUAL,dff0a1d5a392466393b3484871abc7e81a89758ea269ef00dfadac999bb9edc3,39,769
question,u10-s013-v010,u10,s013,polynomial-literacy-context,PENDING_MANUAL,395e6aa1af049dffbc5913312d194abfe6b61d1a7ad7519d1d13b47a6aba4945,40,787
question,u10-s013-v011,u10,s013,polynomial-literacy-context,PENDING_MANUAL,c15145b5c05f6eb9faff3a573673a6e20a35dd783c86b54b55e61871824d4ffe,42,728
question,u10-s013-v012,u10,s013,polynomial-literacy-context,PENDING_MANUAL,b2ed0150924e82634a2746429eed0edb763a125effd6cb97c50e9b894fc8507a,44,827
question,u10-s013-cr001,u10,s013,polynomial-literacy-context,PENDING_MANUAL,694bf9f544767048a7f4d75fcca8c8c1fc8ef5b00a296948b0146021a6e3782c,36,785
question,u10-s013-cr002,u10,s013,polynomial-literacy-context,PENDING_MANUAL,c9a3552232405efac9e269de428cb19d1faa5c7745cdfe7064f5d376b3ff26e8,36,756
lecture,u11-s001-lecture-r1,u11,s001,square-root-meaning,PENDING_MANUAL,2949e7fad57946af7cd039bc715131bf6cf83622b85db03dff7d70580f86d4ca,138,1981
question,u11-s001-v001,u11,s001,square-root-meaning,PENDING_MANUAL,b036994a61b6379ed33b7d1f55a594a3461c0d4b6c0c2cd49bf85574edc1692c,40,856
question,u11-s001-v002,u11,s001,square-root-meaning,PENDING_MANUAL,0d8eb9b1a9d5ad8eff01a85db2b25de154dc31bd514c05cb101a26b00f9dce1a,40,724
question,u11-s001-v003,u11,s001,square-root-meaning,PENDING_MANUAL,459e21f397666ef9205715a035acfa3e5cdc8fd5727536731dda182cc8049a7b,40,809
question,u11-s001-v004,u11,s001,square-root-meaning,PENDING_MANUAL,b7a6cf6d3a1d7a4fb1c5c2e8151686cbcf196777ff010037aa242163848f7065,40,769
question,u11-s001-v005,u11,s001,square-root-meaning,PENDING_MANUAL,5087b4dec2816096bfb14266cb3ca04c7aa3710b50bcaed9898a3e74c7bcd95d,40,860
question,u11-s001-v006,u11,s001,square-root-meaning,PENDING_MANUAL,708ad00f3de176d9ba6d538f9284fd318f1a3b708020a0dbffa5a783c29851df,40,659
question,u11-s001-v007,u11,s001,square-root-meaning,PENDING_MANUAL,e76cd438e97189456d0163d5728719287ed73dbea13beef510366ddd85c51e31,40,854
question,u11-s001-v008,u11,s001,square-root-meaning,PENDING_MANUAL,2f80196163f5d1252e9ad8688428e71d8eb294e7ba90e4b4bbe54c1905a83352,40,801
question,u11-s001-v009,u11,s001,square-root-meaning,PENDING_MANUAL,4d64f2457d3781bacfc295adc4372cde63b38d92b7bcca0758fb72c0b154dce3,40,847
question,u11-s001-v010,u11,s001,square-root-meaning,PENDING_MANUAL,0ef6f418dbb6fcd9fca450c71ddee6bc7487d81e6f13b7bf3c22c85a4ac8a18d,43,916
question,u11-s001-v011,u11,s001,square-root-meaning,PENDING_MANUAL,c5b48af9a1dc9cc1e9d149605b4cd92441a2de02053e052a8fb9ea5cbda2b2db,41,812
question,u11-s001-v012,u11,s001,square-root-meaning,PENDING_MANUAL,d31f5291220a9ba2e1d19f8c38e1c60f858316a9881330e524efbb1174f94bc2,41,802
question,u11-s001-cr001,u11,s001,square-root-meaning,PENDING_MANUAL,89e38b053fd5f01135783e9597ba838714d721c770bb46c757cdffe63e7bcf3c,35,819
question,u11-s001-cr002,u11,s001,square-root-meaning,PENDING_MANUAL,3bd3b1274fc477de64bf284b3002a461f05a7704bb5dad9ee29d817c6f051435,38,912
lecture,u11-s002-lecture-r1,u11,s002,square-root-simplify,PENDING_MANUAL,2012686477417914cc0999833b9f595c41eab6af52b5bdb66e66e56a216383d5,135,1713
question,u11-s002-v001,u11,s002,square-root-simplify,PENDING_MANUAL,e9235811f70b1c449f964ef165e0d5f40dfd246353ea56a0136e7a969e2582d0,40,786
question,u11-s002-v002,u11,s002,square-root-simplify,PENDING_MANUAL,ce56ba2367aa612f3cbba0763b1b7324c8b15dc3962c917c5f2482ba33fb96e0,40,723
question,u11-s002-v003,u11,s002,square-root-simplify,PENDING_MANUAL,6f2798f47c4dd94787f2b65a01d41a1316101b7f03342331f945797912aecf3f,40,779
question,u11-s002-v004,u11,s002,square-root-simplify,PENDING_MANUAL,0bfdd72e249585da8775ce0bcfd5351d390aec3294fd3d6271327570c67c9ee9,40,765
question,u11-s002-v005,u11,s002,square-root-simplify,PENDING_MANUAL,7a2e57114b064488b4313112dce13e9bd24ac54b67016f41af0ee89e8ad9395c,40,764
question,u11-s002-v006,u11,s002,square-root-simplify,PENDING_MANUAL,f1b5032b4c69c26a324a5cdddc610248e0bbf8c5d269b8cad78ff0fa62a4ceed,40,709
question,u11-s002-v007,u11,s002,square-root-simplify,PENDING_MANUAL,0deb1d1c2d30eae32c7457db70d5b6f4180e3040a1bd9de701fafc81ebff551c,40,810
question,u11-s002-v008,u11,s002,square-root-simplify,PENDING_MANUAL,06857f3553500e727de7b531708869f428b58c64259db589844e02f203558162,40,737
question,u11-s002-v009,u11,s002,square-root-simplify,PENDING_MANUAL,864de7fa9ead75452212ed7c5e4f5ec456524a03dbe77e23773755d318f8ed72,40,835
question,u11-s002-v010,u11,s002,square-root-simplify,PENDING_MANUAL,3efa3493d379f359f2c044e0ab39284710be063d2067ef6bf9e0674a4dac1400,41,807
question,u11-s002-v011,u11,s002,square-root-simplify,PENDING_MANUAL,016163ade357cb1823c70408b77a9eef5a8a3ead0a955883d423fdefecfbf1fa,41,813
question,u11-s002-v012,u11,s002,square-root-simplify,PENDING_MANUAL,1ef2991d1d937e1eef32a9ec7f01a5d029f4d0f3fb308fccfff705a6ef42ba33,41,816
question,u11-s002-cr001,u11,s002,square-root-simplify,PENDING_MANUAL,7f6e6ea9821d5051517eeeda3fda6a1122c3d54075a264bba4b96462ad8f15a3,36,793
question,u11-s002-cr002,u11,s002,square-root-simplify,PENDING_MANUAL,9a6c8d74de2a8c4c8ea2af404765028d4e23d9ac1bda2153a80d22f66176e80b,36,737
lecture,u11-s003-lecture-r1,u11,s003,square-root-arithmetic,PENDING_MANUAL,f7b14724d683cdb5d506fa755a108a109c5791f0450e12a017025af66cd2decb,135,1647
question,u11-s003-v001,u11,s003,square-root-arithmetic,PENDING_MANUAL,5c5bf39ad0d0b78d61ec95d938aab57f734d595e5a2a54fb507342c2f4ebedda,40,685
question,u11-s003-v002,u11,s003,square-root-arithmetic,PENDING_MANUAL,59fa94b2e7347b8737f5a739d4273492e0e68e6fdbed17ab298214f0a0bf51a3,40,703
question,u11-s003-v003,u11,s003,square-root-arithmetic,PENDING_MANUAL,07c79dd2d3d829b103bfe1ed65bae22afe39195f0c3f996faed5be92d9852950,40,665
question,u11-s003-v004,u11,s003,square-root-arithmetic,PENDING_MANUAL,d10552229608aaf0cc64a6bbc6528a1357a583756122205903eef39f3d276482,40,668
question,u11-s003-v005,u11,s003,square-root-arithmetic,PENDING_MANUAL,e5556c344438c8095b70afbd44bfb0adf9e1221a577c211dee26ad1d3ab4c781,40,644
question,u11-s003-v006,u11,s003,square-root-arithmetic,PENDING_MANUAL,362deb4f3a23944bea37270e1a371643f4ef32eb4ef78f1efdfcd9f3acd54cf3,40,720
question,u11-s003-v007,u11,s003,square-root-arithmetic,PENDING_MANUAL,ef960e697b32676b994f94b01a7de6b4c126041339391cb18eac8af209ca42fe,40,728
question,u11-s003-v008,u11,s003,square-root-arithmetic,PENDING_MANUAL,ca680a2ab65cc206a313ac44e1bb472423d589b312b2c5443e50367f0018a590,40,756
question,u11-s003-v009,u11,s003,square-root-arithmetic,PENDING_MANUAL,a5ffa2a3dfc17809dfa7603c22b7fe0681ea19164e40a72cffd738f58d47a63e,40,787
question,u11-s003-v010,u11,s003,square-root-arithmetic,PENDING_MANUAL,a9806ff16c61a32125d0fc78d00e60b3cadbb3b49d41a3c4f8a0b14be354a836,41,798
question,u11-s003-v011,u11,s003,square-root-arithmetic,PENDING_MANUAL,0375fda154708b22ae1ab7192fdea3529bea9c52a3cf0d941d94a6f86e78f74f,41,845
question,u11-s003-v012,u11,s003,square-root-arithmetic,PENDING_MANUAL,a132b4f9cf626c7044b163ec50108137a012e06ca5a66576101551ed7874b5d2,41,764
question,u11-s003-cr001,u11,s003,square-root-arithmetic,PENDING_MANUAL,8285c2717aed0b9af6a8fb7bc7c836e88f8d2556708c6d6af06e9031f0d82e75,36,806
question,u11-s003-cr002,u11,s003,square-root-arithmetic,PENDING_MANUAL,41032054e3362044f3d117584dfbf481a38ada4e89010d8b85c5ef4f02aae754,36,745
lecture,u11-s004-lecture-r1,u11,s004,square-root-estimate,PENDING_MANUAL,a46c6c575d3ee6bdee8246136d7dfe851601a1153ae74b67bb68e285773a80f2,131,1792
question,u11-s004-v001,u11,s004,square-root-estimate,PENDING_MANUAL,472aeb5f3fa2b5f5668cafc975ced35fd7b6542eb73e1490ae9ba5956feccaff,40,754
question,u11-s004-v002,u11,s004,square-root-estimate,PENDING_MANUAL,50b8985666717c306ad192ba893bbef1ef4ad4580e649b19aecdf58faa3a17f0,40,864
question,u11-s004-v003,u11,s004,square-root-estimate,PENDING_MANUAL,1fc7053bb9478860fd16f03235f2ef59d9147e5bb4552e727efd44c98d6e461d,40,774
question,u11-s004-v004,u11,s004,square-root-estimate,PENDING_MANUAL,80492b0212c86d2d9920bd379218759985f5d40b56d73b7a281fb5db9ff55a8e,40,813
question,u11-s004-v005,u11,s004,square-root-estimate,PENDING_MANUAL,07dfa01af91ce11a5f374b136d0d1cdff0669aa20a6cb168c43d6ab6b5b3b2cc,40,778
question,u11-s004-v006,u11,s004,square-root-estimate,PENDING_MANUAL,64a033fbcf437597d173f63f257ecbc94e7d6577fe6a4f8fba6ecc1ed6049ea2,40,870
question,u11-s004-v007,u11,s004,square-root-estimate,PENDING_MANUAL,11f1aa04354e430d9c3a478b667060f92f83005eb5645a5bc3d1e4f636371609,40,1042
question,u11-s004-v008,u11,s004,square-root-estimate,PENDING_MANUAL,fb8cb5ed46bf7213ee18cd946e2a082925f2ca12c857eda2fef38ff5e25b5f8c,40,813
question,u11-s004-v009,u11,s004,square-root-estimate,PENDING_MANUAL,df40b2e5b356da903c244aa67bf0881d668ea6fb6f0589f245c4efc02d33da81,40,938
question,u11-s004-v010,u11,s004,square-root-estimate,PENDING_MANUAL,4dd0a044d7f8e14875d4aaf4ef1470f80a0ebaab67d0b262567beee51e57c3b8,43,983
question,u11-s004-v011,u11,s004,square-root-estimate,PENDING_MANUAL,e0cfb13d567aa7973a7db97975b266635703649692b13cc8f02d3fd14bc3d3d1,41,867
question,u11-s004-v012,u11,s004,square-root-estimate,PENDING_MANUAL,4e7b2a12e1c5d47b8abac2aba6c8133bb2767406d9f3193bc2d09128d163cbba,41,953
question,u11-s004-cr001,u11,s004,square-root-estimate,PENDING_MANUAL,06a379792230aaa7a951ce0f234d9662db803e41a762460f349d7d93827a6eee,36,926
question,u11-s004-cr002,u11,s004,square-root-estimate,PENDING_MANUAL,9b4dae90fb66c17ffe8b035d0a88a4df3f076fd0ecf27ec131edd84536571439,36,929
lecture,u11-s005-lecture-r1,u11,s005,sqrt-notation,PENDING_MANUAL,968c5d0a325fd0f17a6dbb88aa255331b43466c31138fe349c29671b5464af82,135,1634
question,u11-s005-v001,u11,s005,sqrt-notation,PENDING_MANUAL,35bd24f6159e3506a187159310a7dfa55094fe4a41e5c9e65bc1e42efa3ed192,40,754
question,u11-s005-v002,u11,s005,sqrt-notation,PENDING_MANUAL,169d30c02e277ae17e25a80be1426e43424a5bf6229a75cfac624267b6f6d6b1,40,708
question,u11-s005-v003,u11,s005,sqrt-notation,PENDING_MANUAL,5de3af80aee8893b6744a6ed5fcb4aaa8230d93f4d4d20395b22655ed14168a2,40,645
question,u11-s005-v004,u11,s005,sqrt-notation,PENDING_MANUAL,b5ad6cae2d14312a92a53a3dff463df2b4aadb33e4b2f373d03136778956c751,40,790
question,u11-s005-v005,u11,s005,sqrt-notation,PENDING_MANUAL,eabf4bfcf719694405426652ccfeef75e72c7eab2ef127eaa908226990faca87,40,762
question,u11-s005-v006,u11,s005,sqrt-notation,PENDING_MANUAL,ef7e9ab1d5cfd50b6d8723a7d155402e022cdd652cdd75792ab3fa7894cec188,40,713
question,u11-s005-v007,u11,s005,sqrt-notation,PENDING_MANUAL,84ee5028859c8d75e202089175ffc24dd7d4f4f614808711ab65092c7ffa26dc,40,695
question,u11-s005-v008,u11,s005,sqrt-notation,PENDING_MANUAL,fb0b28e69d4ada610ab16a23dc758b8603d8af270dda6711b0298948bb346faf,40,675
question,u11-s005-v009,u11,s005,sqrt-notation,PENDING_MANUAL,b86954bc5bd5795b944b488c98668bbe4c0d975d1af3476abf121b4379123fe6,40,775
question,u11-s005-v010,u11,s005,sqrt-notation,PENDING_MANUAL,dc1355609d263cf28a34ed897de3a44da021794ea08172f879033471ead98200,41,894
question,u11-s005-v011,u11,s005,sqrt-notation,PENDING_MANUAL,ad9aeb533bd1fa486e20c16762c64b3aa01d532fea2f3d120d302d2dc60c1ad3,41,817
question,u11-s005-v012,u11,s005,sqrt-notation,PENDING_MANUAL,1ca035394c6bd40feff31a50701b71029c66daeb516813525f7193bf00c92cf2,41,783
question,u11-s005-cr001,u11,s005,sqrt-notation,PENDING_MANUAL,1c908f6d69bb0e84a630f1486f4b571151d900dd65eecac7b6570e857ecc7b04,34,795
question,u11-s005-cr002,u11,s005,sqrt-notation,PENDING_MANUAL,a4b91e8b316498a6b613e751e842a1d89788c71818fad253ee19751a1cafbeb4,36,757
lecture,u11-s006-lecture-r1,u11,s006,sqrt-perfect-square,PENDING_MANUAL,47838fd0c240998f03cbee94c33be5f7e07e551ff3478a8b943b150890b31678,128,1574
question,u11-s006-v001,u11,s006,sqrt-perfect-square,PENDING_MANUAL,1755f4222af8428421b33becd0d3c898d0290658e2854eb6f1cc3535ef47cd6e,40,689
question,u11-s006-v002,u11,s006,sqrt-perfect-square,PENDING_MANUAL,d1a782d467326bf69ee9c44342ea67795692e1cac4dc6210052392ac68194c75,40,639
question,u11-s006-v003,u11,s006,sqrt-perfect-square,PENDING_MANUAL,18e561ce309f7e28a3185af4e289145edc13bbb892087130f67e223a653d89d7,40,610
question,u11-s006-v004,u11,s006,sqrt-perfect-square,PENDING_MANUAL,a5532437d43ab27c78d9a9f798d76c937f7e13540384dbcade53684fb9a86985,40,777
question,u11-s006-v005,u11,s006,sqrt-perfect-square,PENDING_MANUAL,b98395f747cf9a76a47210a4a475e5be08b3c92c53c4cb4edf1c4a401792165f,40,727
question,u11-s006-v006,u11,s006,sqrt-perfect-square,PENDING_MANUAL,710b1f60bc8848f51818ab98b55bf26bb5e7e755ec900065f587ec3aa3d1242d,40,655
question,u11-s006-v007,u11,s006,sqrt-perfect-square,PENDING_MANUAL,23ce085fa46e8a363fe970192b0e5f5ce7e94a4cb48c9316610a5d827e1f443f,40,855
question,u11-s006-v008,u11,s006,sqrt-perfect-square,PENDING_MANUAL,af45f0aed02ceb6d031b6f7244ac7b3ecdabbe7ac49c6c78ece9fd7ec510c6ff,40,770
question,u11-s006-v009,u11,s006,sqrt-perfect-square,PENDING_MANUAL,8088827794ea84cfefa6816f357c452eb8b5e64af54e2ec41fa76e9e5963bf6b,40,701
question,u11-s006-v010,u11,s006,sqrt-perfect-square,PENDING_MANUAL,b1afcbe95297636c26648ef6da9ff6aafcab62d340abd5b334a26e81b798fc2a,41,778
question,u11-s006-v011,u11,s006,sqrt-perfect-square,PENDING_MANUAL,0cbb3c78f2d221197541a60a03ed8b65fcd0e81884b7b8bbc9f905719e000749,41,703
question,u11-s006-v012,u11,s006,sqrt-perfect-square,PENDING_MANUAL,f6f37c727c8e4f56133e7581cba93a20fc4018ade3b6d340fffa291796e00908,41,723
question,u11-s006-cr001,u11,s006,sqrt-perfect-square,PENDING_MANUAL,9755dc9f443c7b4413cf6c6c88b30ef7cb8fddb34e00f0ae683d5ad8166cfdc7,36,1019
question,u11-s006-cr002,u11,s006,sqrt-perfect-square,PENDING_MANUAL,5c9af364887ea3cf447b7f21ecca5125a947be6da79ff961b9dc4932a8d10ffe,36,775
lecture,u11-s007-lecture-r1,u11,s007,sqrt-rationalize-simple,PENDING_MANUAL,c25b269af60a2ee03207b57dc96f39c66fe5e3b5f5e63d549cb73b9448943a4d,132,1572
question,u11-s007-v001,u11,s007,sqrt-rationalize-simple,PENDING_MANUAL,32ed87de237583f2dea1e51dd3a59024b6d6939203746c5b58fd253a6b5ca28e,40,707
question,u11-s007-v002,u11,s007,sqrt-rationalize-simple,PENDING_MANUAL,b297e8c2a95ee08dff78bb3485ed77b1758d646e03906834baf81d957fcf9f25,40,818
question,u11-s007-v003,u11,s007,sqrt-rationalize-simple,PENDING_MANUAL,0b35d3d09aca88004884cda6949a750bbd04bad1a6b1955f9aea157b8ff49aca,40,882
question,u11-s007-v004,u11,s007,sqrt-rationalize-simple,PENDING_MANUAL,bf68a6e1357a8764aa44179bb7a683aaa2073fcc8dba527b96c1a86eccb66053,40,720
question,u11-s007-v005,u11,s007,sqrt-rationalize-simple,PENDING_MANUAL,69291b3662a423121f854e1869fde47e554125d656e19868b159ea60cc74f4b6,40,726
question,u11-s007-v006,u11,s007,sqrt-rationalize-simple,PENDING_MANUAL,fcbe5f0736376aeb0b0207922ac33666c7d4820c776d383fd4c45f6730f763eb,40,669
question,u11-s007-v007,u11,s007,sqrt-rationalize-simple,PENDING_MANUAL,58f3c25ae88038bbb4a917dff86fd54800df8885fbdd713ab86184983c1e69b7,40,721
question,u11-s007-v008,u11,s007,sqrt-rationalize-simple,PENDING_MANUAL,280de61a3bcfac8acc1dfbf0905ac832c03397edb247ca48e717786c5347d154,40,748
question,u11-s007-v009,u11,s007,sqrt-rationalize-simple,PENDING_MANUAL,82ab3a57971a064280420358c55537e2d7a03df7a6650e33b3cb44b8b5188626,40,798
question,u11-s007-v010,u11,s007,sqrt-rationalize-simple,PENDING_MANUAL,646c4c8179c5eee9e97ece0257ad4510fcb18d2b1d795d68cb329a11857ad256,41,742
question,u11-s007-v011,u11,s007,sqrt-rationalize-simple,PENDING_MANUAL,d00608a0c3aec1c4ea29774ad1934fc49da477abcfd9eed04e8f45d991963832,41,784
question,u11-s007-v012,u11,s007,sqrt-rationalize-simple,PENDING_MANUAL,4760418a846c2661d8bb1c052c36e9fc6f84d4a1217b7658fd4273ad7b54e9c4,41,848
question,u11-s007-cr001,u11,s007,sqrt-rationalize-simple,PENDING_MANUAL,a2053314b71665915b6dc33af71d8f2d88368109d68d9577c16cf9bf839fa015,36,772
question,u11-s007-cr002,u11,s007,sqrt-rationalize-simple,PENDING_MANUAL,aa56a5e57ac8c45684501a17867d017658c94043754ad8df62517b64ea92e4a7,36,842
lecture,u11-s008-lecture-r1,u11,s008,sqrt-comparison,PENDING_MANUAL,04a8964a5ef00e35741fc8cf45a73ae0dbf32d3c60dbaa344ae6ec01ae2b2883,129,1555
question,u11-s008-v001,u11,s008,sqrt-comparison,PENDING_MANUAL,4c83cc6c5f5cee4f3cee9a9da7a7222c23a8b62eb90db0f0663855f178914396,40,677
question,u11-s008-v002,u11,s008,sqrt-comparison,PENDING_MANUAL,dc83745ef75833088731ff7f0dfe1f4a519d8571c909853a1f966b6bebdec117,40,799
question,u11-s008-v003,u11,s008,sqrt-comparison,PENDING_MANUAL,bbd6289c28edecc429e3bf1dfe0d47332c7bd29602238be2ce16d92733608fe8,40,646
question,u11-s008-v004,u11,s008,sqrt-comparison,PENDING_MANUAL,b3c2337f7b2f4352e0c7769c8ca70681ba6588b59f25a770ebe4e9bd92c9c114,40,742
question,u11-s008-v005,u11,s008,sqrt-comparison,PENDING_MANUAL,d5424c6aa3a82e28fd3d441c6b25d2c209c4bb58b36718847dbcc17e555ced9a,40,745
question,u11-s008-v006,u11,s008,sqrt-comparison,PENDING_MANUAL,7e122b101d1729ce3ca8283d8027dd27ffbd339952386958c0601e13379cd633,40,715
question,u11-s008-v007,u11,s008,sqrt-comparison,PENDING_MANUAL,5dba79648ef843f865b4c87514f6de0f8d3b99d8ad7d394681e2d6ecd3491bfe,40,815
question,u11-s008-v008,u11,s008,sqrt-comparison,PENDING_MANUAL,230fe9d1904523d1535e80acb46a1a1556844b4eda1a84d9ad03601b7517a1f7,40,734
question,u11-s008-v009,u11,s008,sqrt-comparison,PENDING_MANUAL,8314de7cd9d420f1e3edb51b7d789c92bf890535390e702e76b491265bca2adf,40,810
question,u11-s008-v010,u11,s008,sqrt-comparison,PENDING_MANUAL,869bd9cea88f158841cc225d3fc473ea52011c447df38e759996c948e5135758,41,756
question,u11-s008-v011,u11,s008,sqrt-comparison,PENDING_MANUAL,ad85e79f75b06c4ec3b5dd0be1f4179ef3013063c63e9e4fc58aef57199df69f,41,733
question,u11-s008-v012,u11,s008,sqrt-comparison,PENDING_MANUAL,92eca92aa13c68e5b72e786790c86dacf1d517630ddecb2c3ad5f119b7fad264,41,794
question,u11-s008-cr001,u11,s008,sqrt-comparison,PENDING_MANUAL,00bd8617995bdf40bc8840a2ec72b842250f74d9652dafffc2ccc09f6ad5c91a,36,763
question,u11-s008-cr002,u11,s008,sqrt-comparison,PENDING_MANUAL,b486fcfeb0ce4c3f2c559ef9cfd294f22328533aa3857feba4592814dd96bb4e,36,860
lecture,u11-s009-lecture-r1,u11,s009,pythagorean-theorem,PENDING_MANUAL,a389a9860792bbd3e78e2769a8cf2ca958648173f88cfad4fdf9679b4a8a0035,131,1673
question,u11-s009-v001,u11,s009,pythagorean-theorem,PENDING_MANUAL,6ec8059654d2916a117b1c96229fb8318dd84816c155a66505a2d3968549aa30,42,769
question,u11-s009-v002,u11,s009,pythagorean-theorem,PENDING_MANUAL,b9d1cf5351c7056024f3f72d7529e9a6533d0bc32b9615001b517d9964d75e00,40,845
question,u11-s009-v003,u11,s009,pythagorean-theorem,PENDING_MANUAL,65d682fe9358fc345aa7582ec6b36648be7f9fb908828bab195f2fa1d8a233c0,40,729
question,u11-s009-v004,u11,s009,pythagorean-theorem,PENDING_MANUAL,39a5e6e749d972532a41232e136ef810759a704338c45165acb3e9fc412fbc9b,40,689
question,u11-s009-v005,u11,s009,pythagorean-theorem,PENDING_MANUAL,b28d929a8dba4ee4565f143ab9aa5159e576f691543701618c21fc7f12c0aec1,40,682
question,u11-s009-v006,u11,s009,pythagorean-theorem,PENDING_MANUAL,19ea7f1819f00ecc42cec99901012708a5c7bbeb8af61508c7762bb8a7d27f66,40,693
question,u11-s009-v007,u11,s009,pythagorean-theorem,PENDING_MANUAL,441b92cb5463ffc097e1d427f2008300a7076375b866d067a81599d94873e5fd,40,694
question,u11-s009-v008,u11,s009,pythagorean-theorem,PENDING_MANUAL,d6d0d28e9c1633ef810a26fd89dcdd625cfbaae0fbfade7ac36c31ff63df3991,40,748
question,u11-s009-v009,u11,s009,pythagorean-theorem,PENDING_MANUAL,ca782bc58d73d4b51aa57fb3f00df0569a63e9344eb6012934b92a9319ae19cf,40,749
question,u11-s009-v010,u11,s009,pythagorean-theorem,PENDING_MANUAL,7830695c212f3185bf1277baae06b6ed7c3d4de706a4f40beaf9e994098f2910,41,767
question,u11-s009-v011,u11,s009,pythagorean-theorem,PENDING_MANUAL,21188b39517783c1633556523a1b695ade6d90e1739d0e3da2adb618c2ed4fdc,41,715
question,u11-s009-v012,u11,s009,pythagorean-theorem,PENDING_MANUAL,675bc0eb3ea12c2e7c97b9d7bb4004cea94757ea386b2d01b08e8e6099456fe9,43,860
question,u11-s009-cr001,u11,s009,pythagorean-theorem,PENDING_MANUAL,3345a4c9587928db7e98ed16be7559726a102ba3de31b3f1740188b369371b7b,38,864
question,u11-s009-cr002,u11,s009,pythagorean-theorem,PENDING_MANUAL,1e1e640580368cad32fae23f76fe1dcba5713092ce1a14291714a1f94deb9a53,36,770
lecture,u11-s010-lecture-r1,u11,s010,pythagorean-application,PENDING_MANUAL,a94215e99e0fd35b57297a2e999e0df7f5a2e6221f03a71d9be042d3c96e2892,129,1670
question,u11-s010-v001,u11,s010,pythagorean-application,PENDING_MANUAL,84329eee880b16cfec5d3cd59beaa371f90b3e222c70ddab20471fe1fc7ed86c,40,670
question,u11-s010-v002,u11,s010,pythagorean-application,PENDING_MANUAL,30fc84fa5898088f72a4a696ff648f748a074a3402eb15eb67d07f620133a832,40,697
question,u11-s010-v003,u11,s010,pythagorean-application,PENDING_MANUAL,66862a0bfe7cfe08d57108f9b8371137f3a789e45d04d25c702612a22a5ba6ac,42,768
question,u11-s010-v004,u11,s010,pythagorean-application,PENDING_MANUAL,bec33fd773df6c12588b3b11c625109f70d2306ce7c1e1c595475bd7099f553a,40,665
question,u11-s010-v005,u11,s010,pythagorean-application,PENDING_MANUAL,280b8ba9208fb444e7dd05d84700c9b28662e11e5b2a47e9ccbfd7988597d070,40,719
question,u11-s010-v006,u11,s010,pythagorean-application,PENDING_MANUAL,f99b12ee8223644123a63cf962cc4c3bea9337c4742a48fd09de457319350c1d,40,690
question,u11-s010-v007,u11,s010,pythagorean-application,PENDING_MANUAL,1fa629a612674102c95ca3f11241e546b5c4e67fabf0f28ed9cffbe195e837df,40,772
question,u11-s010-v008,u11,s010,pythagorean-application,PENDING_MANUAL,37d951fe9465e419006cfd316510e7046f3b3edea8c443fa22dfaeee7abd2844,40,725
question,u11-s010-v009,u11,s010,pythagorean-application,PENDING_MANUAL,d810468e7653265c271732e389fad7987c2d5270f247129d1e96edc3db59b3ef,40,772
question,u11-s010-v010,u11,s010,pythagorean-application,PENDING_MANUAL,49ffc427cdc16261d362d20a7631a58f23684f39b998d1478aaf304f1d965d28,41,805
question,u11-s010-v011,u11,s010,pythagorean-application,PENDING_MANUAL,769be31a2a3fc76fef0de28d7ee74aa4d8bd90fb11274fc89fcbc009b242640b,41,736
question,u11-s010-v012,u11,s010,pythagorean-application,PENDING_MANUAL,577e94d54d9f4ef41c8aac2e519256e5ae1dee7468fd0a160b95636df27e536c,41,839
question,u11-s010-cr001,u11,s010,pythagorean-application,PENDING_MANUAL,6c6c481c42d8795d8f70f415012643ed683745555fb5aed2850a92f138ed9036,38,855
question,u11-s010-cr002,u11,s010,pythagorean-application,PENDING_MANUAL,f3eafd5cba15999cc1b960b13289bd6715df3a6f6144ed2ff7aa61fe8ae96bd5,34,814
lecture,u11-s011-lecture-r1,u11,s011,coordinate-distance-pythagorean,PENDING_MANUAL,766fe5c49202042db0a65f087f0d3f3f76ed76939c52124261277d257bbd2587,131,1685
question,u11-s011-v001,u11,s011,coordinate-distance-pythagorean,PENDING_MANUAL,5debb380c7e730acf3bc8d25b577d26aa4d42372118a11e62cfb03a41c3ad742,42,755
question,u11-s011-v002,u11,s011,coordinate-distance-pythagorean,PENDING_MANUAL,2a66ebdf071d85d6f9ce5bdbd6212176c18fb57dcf458b1f326d2de7ae44b050,40,755
question,u11-s011-v003,u11,s011,coordinate-distance-pythagorean,PENDING_MANUAL,cc269d4bff192f9aa30915961b0a6b3043a43b9e2303bb48e52dbfc6984b5cdf,40,719
question,u11-s011-v004,u11,s011,coordinate-distance-pythagorean,PENDING_MANUAL,2ef3ffe1173d0685a78b9b60d6be396157f3efe2a20c0cf33e9f5e5ab26f66f3,40,699
question,u11-s011-v005,u11,s011,coordinate-distance-pythagorean,PENDING_MANUAL,829f993acddf72f40a711e30fbb4a6b509c41a19d1fcb5438d0b6c7fcb4aedff,40,695
question,u11-s011-v006,u11,s011,coordinate-distance-pythagorean,PENDING_MANUAL,b9921bd76bd00739ab399022ea117d636de5942ba86024ed5001ca00205e5baa,40,623
question,u11-s011-v007,u11,s011,coordinate-distance-pythagorean,PENDING_MANUAL,e0b4393959a587e5d566d7d140e8f28878d03c39f35b2782ae5c9dedf55769ee,40,759
question,u11-s011-v008,u11,s011,coordinate-distance-pythagorean,PENDING_MANUAL,072958217f0648db97c8072ee6c66320e9846d409136b82583afd5eae05eafb8,40,721
question,u11-s011-v009,u11,s011,coordinate-distance-pythagorean,PENDING_MANUAL,b5a81d8a81f1c884d2fd9e55223cda4ce86288b3a192d2dbe3d6441d625312e5,40,687
question,u11-s011-v010,u11,s011,coordinate-distance-pythagorean,PENDING_MANUAL,bdeab0b1f8fbc62b8651da98ce1ddf50c9bb12e0948e3bb0b7c7f1b3c8f94586,41,810
question,u11-s011-v011,u11,s011,coordinate-distance-pythagorean,PENDING_MANUAL,18047a008df9390acc112a1c33bb9e045f2ca3650cbde8641bc5721a9c6d1f65,41,800
question,u11-s011-v012,u11,s011,coordinate-distance-pythagorean,PENDING_MANUAL,5b015d84b29fec9da75a1480d7a10cbd22be68131fcd818ad059ab2ff46d6660,41,819
question,u11-s011-cr001,u11,s011,coordinate-distance-pythagorean,PENDING_MANUAL,fc35819d59b065e6bdedf8b70ca370402a50314ac10cb8e4709673c444d32b48,36,799
question,u11-s011-cr002,u11,s011,coordinate-distance-pythagorean,PENDING_MANUAL,4afbdf610420eb7ab3d3ad8874aff47422acea566646c0e02eaf220d31fc828a,36,816
lecture,u11-s012-lecture-r1,u11,s012,pythagorean-find-leg,PENDING_MANUAL,e028ac0e8917c35b45b6e02f7ae3b0df5d8d1aee9942cf4d665d3f66f957d8f1,126,1643
question,u11-s012-v001,u11,s012,pythagorean-find-leg,PENDING_MANUAL,ba5bcce84f36a0b898c87b67d55689b691ec8f5168848bdbf42fcb058119f54d,42,724
question,u11-s012-v002,u11,s012,pythagorean-find-leg,PENDING_MANUAL,07067619ff54c4b1ce5556bf98e9b80c64b9266aac9953b1147c89b4ce0d4f16,40,836
question,u11-s012-v003,u11,s012,pythagorean-find-leg,PENDING_MANUAL,20b5f7c3c700023aa7307cf76d37eee1891c5a1517afb5b8d8943bbc2f5656fc,40,850
question,u11-s012-v004,u11,s012,pythagorean-find-leg,PENDING_MANUAL,ac5ea5026ce8f40fcf69c1006a6deeb27887cd1f94593abf99905c883dc52f54,40,637
question,u11-s012-v005,u11,s012,pythagorean-find-leg,PENDING_MANUAL,c6b55bdf8f350353ba688ed837f455bffec3785840a9ff0c3dbcbbb2162434e0,40,627
question,u11-s012-v006,u11,s012,pythagorean-find-leg,PENDING_MANUAL,24b41ab98fcb25cf988138b514cbb95ea8902c79d8bc5510af32bdc553465d76,40,656
question,u11-s012-v007,u11,s012,pythagorean-find-leg,PENDING_MANUAL,1b285d610f6e8e7902e5334a33b9856123f37eba4b0fde30706f119cacbdbbf4,40,673
question,u11-s012-v008,u11,s012,pythagorean-find-leg,PENDING_MANUAL,909cf4b32438911eceef130386dc37c79ce0c83587dbfa7061f58c332507dc36,40,756
question,u11-s012-v009,u11,s012,pythagorean-find-leg,PENDING_MANUAL,90ddbaf7105c6cc71081da3e415e3f7abce330ef6d77a0d0fabaa8ccb178ede9,40,760
question,u11-s012-v010,u11,s012,pythagorean-find-leg,PENDING_MANUAL,a9a63a0655739c251ce53a23da26d78363d0f3479fbe90a77faf50dfdd014fe1,41,717
question,u11-s012-v011,u11,s012,pythagorean-find-leg,PENDING_MANUAL,a7bea379b6611157d11640eae64cae573d141e30725b77c5123e078820396b0b,41,720
question,u11-s012-v012,u11,s012,pythagorean-find-leg,PENDING_MANUAL,7b12a6cbcd07fb7bc67c9729a00485bcc148ee311d0160df1029b288ec216f5e,41,798
question,u11-s012-cr001,u11,s012,pythagorean-find-leg,PENDING_MANUAL,aebe4edf296fa4d7cf804a1257cbb4f4d5b1eeccb59f7589f165bdcb5fce3837,36,815
question,u11-s012-cr002,u11,s012,pythagorean-find-leg,PENDING_MANUAL,1164a319987c308a99d993c0e50b85a2d71a5a84a74e31923a63abd3c2e09246,36,806
lecture,u11-s013-lecture-r1,u11,s013,pythagorean-word,PENDING_MANUAL,3d3fa27aa6006a22600fb93ff34c287181d03f6e079ea6cd58088ca170d4e83b,124,1557
question,u11-s013-v001,u11,s013,pythagorean-word,PENDING_MANUAL,d1bf70ad496a399879e0e79f03035bf9cebce019da8262f06f5a6b558ac85f7c,40,689
question,u11-s013-v002,u11,s013,pythagorean-word,PENDING_MANUAL,5a4b9f4890ca91a7b6e0c7d69084c58e086edc1c714cfe9c8920dc7fafa7446a,40,693
question,u11-s013-v003,u11,s013,pythagorean-word,PENDING_MANUAL,0b4791aaa45eb4f2c6057494fbf0fb41bb6c80ee6378f4894a4e42548e47c194,40,861
question,u11-s013-v004,u11,s013,pythagorean-word,PENDING_MANUAL,9b44e016ae6314741df0d73eb50f908199112ac317889962d9535404defd065b,40,720
question,u11-s013-v005,u11,s013,pythagorean-word,PENDING_MANUAL,7a83e23e86c7c0f1e0192120275e2d48cfc82f90818390d095f5da1c7bbb96e6,40,747
question,u11-s013-v006,u11,s013,pythagorean-word,PENDING_MANUAL,40c9c050076757ded09fbec32f708a14ada401ae5accf2c3ea8171280ca37881,40,680
question,u11-s013-v007,u11,s013,pythagorean-word,PENDING_MANUAL,7caf7d7fe5aefa57c8a2c03c59f2ad367c79492430e663a36e67c46fb4202f5f,40,749
question,u11-s013-v008,u11,s013,pythagorean-word,PENDING_MANUAL,e73fd631d1111cd1c81c43f791c5313e204b94ea691bff532513d085297d1889,40,762
question,u11-s013-v009,u11,s013,pythagorean-word,PENDING_MANUAL,3ea50dd354a8a9051e8a128355178973ab976b4abf0f8906608904318bffca31,40,750
question,u11-s013-v010,u11,s013,pythagorean-word,PENDING_MANUAL,7949d42a4e7de65a113c72eede17e7388952153ef4c909ef45076d7e493d364f,41,705
question,u11-s013-v011,u11,s013,pythagorean-word,PENDING_MANUAL,43986d935c2474ce36f5e5dd14cf8b00d25c930948c7d4cbd4fbc774cec6a1a8,41,733
question,u11-s013-v012,u11,s013,pythagorean-word,PENDING_MANUAL,99ada95ba883c4a3ff05cacc4cae0b821d778210bca3ab8e1de4df3051c9c7de,41,744
question,u11-s013-cr001,u11,s013,pythagorean-word,PENDING_MANUAL,5405141204e8d556e0db968cc071874390330a19f6a914b7fc481e13cb010776,36,794
question,u11-s013-cr002,u11,s013,pythagorean-word,PENDING_MANUAL,d746d97a99802ea79575b30b0ccc78f77be012a1ae93500a42c393f4aae74eca,36,782
lecture,u11-s014-lecture-r1,u11,s014,right-triangle-identify,PENDING_MANUAL,1e8bbeb95aa4d1e5d464069d2ae92d87e7f5c30bf54ffdf7d9394ab59453da67,128,1622
question,u11-s014-v001,u11,s014,right-triangle-identify,PENDING_MANUAL,7869318e14f39a0503797d71bf255be711a7ddfc2de7f817ddb9966ce478e194,40,818
question,u11-s014-v002,u11,s014,right-triangle-identify,PENDING_MANUAL,2c8b762b808572ca1db7f4d6775ee355cdd1d14a1aeb0cac4d28bb80c75e4848,40,791
question,u11-s014-v003,u11,s014,right-triangle-identify,PENDING_MANUAL,f60dd74dbdad29b41e99194094226134b2dabd9083f33cba9d819d00d71245b2,40,703
question,u11-s014-v004,u11,s014,right-triangle-identify,PENDING_MANUAL,bb00135e0e7d49039b3b938c28adaefe71d81f52a209dc0b8385430558c45629,40,711
question,u11-s014-v005,u11,s014,right-triangle-identify,PENDING_MANUAL,dccdbcf2de1aeff8fff8023914f36dafd8efcd0463897b004784d8ba5c69133a,40,852
question,u11-s014-v006,u11,s014,right-triangle-identify,PENDING_MANUAL,b23c644ff409d837c7775ea80f12ad8ad1dc87803f8678c21e1944a81f8ddfbd,40,709
question,u11-s014-v007,u11,s014,right-triangle-identify,PENDING_MANUAL,6014ff561079aeb636768f94536138e382afed5678d3cb12b45ad95e1e0ceb0f,40,671
question,u11-s014-v008,u11,s014,right-triangle-identify,PENDING_MANUAL,550c2bdd0813afbac40aea3e5ceaa283b528e63f036339f810c3d2b452002ddf,40,741
question,u11-s014-v009,u11,s014,right-triangle-identify,PENDING_MANUAL,bc06026fa7d7d76bb777500294eb96fba4a9dee919672ad6d0b1eec6f3ae3f0d,40,757
question,u11-s014-v010,u11,s014,right-triangle-identify,PENDING_MANUAL,1e93f86f40ff307765c3bf72cf83f43a135a0aeea19f669fc4f96547d626c755,43,827
question,u11-s014-v011,u11,s014,right-triangle-identify,PENDING_MANUAL,d1cdbc52a45055f91dfe872876ce3d88f86661ff8ca941597f3701f34c19cb58,41,840
question,u11-s014-v012,u11,s014,right-triangle-identify,PENDING_MANUAL,249d55cd4057d2a167a4af3889c9b0de4ca4c711b755c3fcf5261f8e96c40c32,41,746
question,u11-s014-cr001,u11,s014,right-triangle-identify,PENDING_MANUAL,e1c37b99d1ddee18578a6d02779c15ce9436fbaf5bcc7ca761d218200785ec98,36,876
question,u11-s014-cr002,u11,s014,right-triangle-identify,PENDING_MANUAL,f67a6cd5799a639be24280c593bf583de81f0fde37345975783369b34ef53971,36,817
lecture,u11-s015-lecture-r1,u11,s015,pythagorean-converse-basic,PENDING_MANUAL,4e6b164554ea68aedc47f473e659319113a079319b21b4914d20965ea807af43,128,1701
question,u11-s015-v001,u11,s015,pythagorean-converse-basic,PENDING_MANUAL,540d8bc8893bb57ae04f8efaeba8ddd1f55ade5a58825072b6be7faf2dfce197,40,933
question,u11-s015-v002,u11,s015,pythagorean-converse-basic,PENDING_MANUAL,eaccab3ec2333b7b84a331d0b43399a5c5b4fd782ee2a3f5a34d98541d90dd04,40,825
question,u11-s015-v003,u11,s015,pythagorean-converse-basic,PENDING_MANUAL,538ad2620d08e23cf5cf89276d08d2d6bb0d79fc6f9110aa5c22cdf5541f8012,40,745
question,u11-s015-v004,u11,s015,pythagorean-converse-basic,PENDING_MANUAL,ef2a9cb19ce8abea90ae8e628bae017d5deed84832e1415f9957b64dd8d99b0e,40,822
question,u11-s015-v005,u11,s015,pythagorean-converse-basic,PENDING_MANUAL,641708aace2733c8d500695a1b27f97d2948f58b2705ca049079201aa84b22c1,40,758
question,u11-s015-v006,u11,s015,pythagorean-converse-basic,PENDING_MANUAL,3abc682187f746ca3baf3129a537b705ffa7b81447c4c64ac5a25d4aead1de61,40,794
question,u11-s015-v007,u11,s015,pythagorean-converse-basic,PENDING_MANUAL,e98fc909f1c0b92a43998716f6e822f842cb7776916a6964051a372e8f177cc8,40,929
question,u11-s015-v008,u11,s015,pythagorean-converse-basic,PENDING_MANUAL,9cd172d491e6ed4e60dd5b2cd368b8f7d7aa9b9a72a20a0b040f5efef959f5ea,40,940
question,u11-s015-v009,u11,s015,pythagorean-converse-basic,PENDING_MANUAL,8c77bba1e5469829eebc1e8ea1857f9219dc96ceb1498ad676ca32f729f1d2be,40,870
question,u11-s015-v010,u11,s015,pythagorean-converse-basic,PENDING_MANUAL,f9850e14f47f769eb96a3c5351a8c7a8ff7ba803c8ac0a2ac4229f51de2f545b,41,913
question,u11-s015-v011,u11,s015,pythagorean-converse-basic,PENDING_MANUAL,7603d10d3c2a53e0b23ae5784a8cc6793534dea23a5aeff83116d4b75c48efca,41,920
question,u11-s015-v012,u11,s015,pythagorean-converse-basic,PENDING_MANUAL,b48cbddd8a04f07f26113e39ddf78f3f95ebd8f6fccdbc46ddbe0d08e8466142,41,865
question,u11-s015-cr001,u11,s015,pythagorean-converse-basic,PENDING_MANUAL,323e4a72d24a34f7ff5e545dda623e6b66352b57c60322acc6dfb67ffb751704,36,929
question,u11-s015-cr002,u11,s015,pythagorean-converse-basic,PENDING_MANUAL,63c0b47295bbe3fab41bd26cf8e5d64bf149c843bb50cd3270dbee89a25139ab,36,994
lecture,u11-s016-lecture-r1,u11,s016,root-literacy,PENDING_MANUAL,fb4e11f80e6400eab011a03693c30431787cd1e1f785ba6aff8437ecb616f195,134,1787
question,u11-s016-v001,u11,s016,root-literacy,PENDING_MANUAL,9bca153fb74b9988d54d545225397172362ec8e17b567400d423e5d45f145a1b,40,650
question,u11-s016-v002,u11,s016,root-literacy,PENDING_MANUAL,d5de532a939b11ed7c1c9e143c100ff5632b6b70997be89a2b203a68a325ab42,40,618
question,u11-s016-v003,u11,s016,root-literacy,PENDING_MANUAL,e6dbb9645b49f82b1e68fb4162f6d7862cdeaa3ddc9377c2a3b07716b483d1a9,40,676
question,u11-s016-v004,u11,s016,root-literacy,PENDING_MANUAL,447a5b4c6379597ffa51aed9955cd4ef6eba66440a7f7601e0d3ceb054ef7ea9,40,654
question,u11-s016-v005,u11,s016,root-literacy,PENDING_MANUAL,05ae3906c6f473ff2249e231e3cacfa73519bcfbe91f9040064452aed57c651d,42,806
question,u11-s016-v006,u11,s016,root-literacy,PENDING_MANUAL,e0ff5f897c9bb678fa35ccc7585d680c594fe1bbdfcb81ba29e9e73ed91c0a19,40,720
question,u11-s016-v007,u11,s016,root-literacy,PENDING_MANUAL,3770efcf9aaa76c9e4f71cbf1acab10fda93f20e79dead85f1d74b51ee0eb3c2,40,684
question,u11-s016-v008,u11,s016,root-literacy,PENDING_MANUAL,0b2e5f1bc5943034600d28d1cdbb03623e740b2e78ddb5062f68c1d1a65a604e,40,698
question,u11-s016-v009,u11,s016,root-literacy,PENDING_MANUAL,134f1ac9582969a8ea2596e2ecc6be4b62233df4783980366835788198b4d436,40,739
question,u11-s016-v010,u11,s016,root-literacy,PENDING_MANUAL,77af522eee964ee3df3444186a167d61b5b7cbd103d1c85709b9a13ad737b055,41,875
question,u11-s016-v011,u11,s016,root-literacy,PENDING_MANUAL,0f7289b026b959c41db2cb7102a4de6bae68fbee46a5716ada56892772e6aad9,41,958
question,u11-s016-v012,u11,s016,root-literacy,PENDING_MANUAL,a86f3bb8ec134d12889c58c0b804937bd9fe1dc4db4211f13f7b7449a3e66088,41,835
question,u11-s016-cr001,u11,s016,root-literacy,PENDING_MANUAL,9bd4b76d691e8cd2b3514c0fb5041dc871cfb8a6bb958fc630f573123d2260ec,36,953
question,u11-s016-cr002,u11,s016,root-literacy,PENDING_MANUAL,2cb312b52e2745718b7600026b2576b47f082b87ef3ea305b1e0f39469dc8cd2,36,1002
lecture,u12-s001-lecture-r1,u12,s001,factoring-common,PENDING_MANUAL,5074ff399adae629d4e2c9e3cfee77a1472defabb3963bd551e6af290cd640ef,133,1952
question,u12-s001-v001,u12,s001,factoring-common,PENDING_MANUAL,392ac4ed112e569894b0e8e224f3f6e68f77fc30ac7ac39d0152d4f4569fe6b3,43,642
question,u12-s001-v002,u12,s001,factoring-common,PENDING_MANUAL,5c726c326e815794f16cf1332bf9643d6d79ab0183c8623f79ab666dd8a13e17,43,657
question,u12-s001-v003,u12,s001,factoring-common,PENDING_MANUAL,9a407909e428e21ff6e0e25a42f27a9189e6234d59b7d9686e90e0607d2ea364,43,671
question,u12-s001-v004,u12,s001,factoring-common,PENDING_MANUAL,2c6d7f75624d205e447a40f1c14f5589a250bf30ecb9f09da6afbda5b29a434f,43,680
question,u12-s001-v005,u12,s001,factoring-common,PENDING_MANUAL,865ceb234be1c808b3b235a0a38c6327c5071c845861ea37cc4416a0fa7e6af4,43,656
question,u12-s001-v006,u12,s001,factoring-common,PENDING_MANUAL,fd0684c8b8540ac93971b29e339d8ed8089ed5acdb4edb340d05af3c12fbe08a,43,672
question,u12-s001-v007,u12,s001,factoring-common,PENDING_MANUAL,dec31003bd87d0f69029c326f6eabdfa476a673f70a1a5da362bf2031669f4d9,43,684
question,u12-s001-v008,u12,s001,factoring-common,PENDING_MANUAL,1029ab71b654b2ee448862354d20afa8d3ce1bd1f5a77dff0fb5bf5ca86e7ba9,43,797
question,u12-s001-v009,u12,s001,factoring-common,PENDING_MANUAL,ba3825182104df5dd64e77c416c0f43b2caf01225c049f58b59694812dd82b95,43,679
question,u12-s001-v010,u12,s001,factoring-common,PENDING_MANUAL,c17493f7855f391c8abfce6fcbf9720e645ef1a10da7a679a36f56f0b3a93495,44,776
question,u12-s001-v011,u12,s001,factoring-common,PENDING_MANUAL,80260100bb0d4471dfe3e8bc8a5e9968ea3de0fca9d97590ca8f4ef4fd8e6de4,45,722
question,u12-s001-v012,u12,s001,factoring-common,PENDING_MANUAL,87959ee20c489c0789a65c46bd34d455fbffc91d8844a81e4b1a1ff7d858a910,44,742
question,u12-s001-cr001,u12,s001,factoring-common,PENDING_MANUAL,093c2e7a079eaedc4fc3442a543249d09c2854b93d611cc82104a8ce4e9d5884,38,829
question,u12-s001-cr002,u12,s001,factoring-common,PENDING_MANUAL,29b038227d77cec1018241fd1db13e07ad1d7b893f1bd5f6c0f9f5326bf693eb,38,843
lecture,u12-s002-lecture-r1,u12,s002,factoring-formula,PENDING_MANUAL,c4aa5ed7c7e7e1f52ec2af8d4f572967eb9814262f08fa4b78c75e623b07f888,137,1931
question,u12-s002-v001,u12,s002,factoring-formula,PENDING_MANUAL,9f6bf28daa7987118ec0a114a5edb557d2d38f583a4c38312c570f2e109711cf,43,567
question,u12-s002-v002,u12,s002,factoring-formula,PENDING_MANUAL,e7e97f6187b295764fa8c6241df72010f537cae28f987d2eb42443b2582be99c,43,570
question,u12-s002-v003,u12,s002,factoring-formula,PENDING_MANUAL,fd3e7b3b9e0b06b66560602208c3099b967ff0ececd702b49cd5844ad2e9b9f1,43,603
question,u12-s002-v004,u12,s002,factoring-formula,PENDING_MANUAL,37b2190f94aef11a1d56be0291cf8b3c1e789fbbdb0c269ba7db40545104affe,43,571
question,u12-s002-v005,u12,s002,factoring-formula,PENDING_MANUAL,1d187289df04dc68241f66775f46a074f6c9ee72b1b2dbd482418d656522f631,43,597
question,u12-s002-v006,u12,s002,factoring-formula,PENDING_MANUAL,4ac4090f13dba69d53cc428d5a0229ba66b587344a4b0db644c881dc8fc746c7,43,610
question,u12-s002-v007,u12,s002,factoring-formula,PENDING_MANUAL,62e7c5c44eb771b2a66ce103f5444cf2e8364fe387ea770002d321a966d222ba,43,620
question,u12-s002-v008,u12,s002,factoring-formula,PENDING_MANUAL,47f292caffd4ee7dbf9fa3174979c136d3a408386aba0a3b78c9a2a6369705fc,43,577
question,u12-s002-v009,u12,s002,factoring-formula,PENDING_MANUAL,1de828e17fc67273340019a8ac292204a4e1a8883814632d6789b67f0b6d5581,43,588
question,u12-s002-v010,u12,s002,factoring-formula,PENDING_MANUAL,9fff3da672374b79db9fd11c92da80467217505ce52477b6da5a47c917979e17,45,733
question,u12-s002-v011,u12,s002,factoring-formula,PENDING_MANUAL,872641c6f6fab54e15c3c0436e794eb9762f11bb88063c2bf8603a14012efee9,44,649
question,u12-s002-v012,u12,s002,factoring-formula,PENDING_MANUAL,c1455c388d7a583c975459b52f9213b2ed0243824f422d976fe87beef129306a,44,613
question,u12-s002-cr001,u12,s002,factoring-formula,PENDING_MANUAL,2e0dbc458cf0da7c556656ea510981bf3018cf2ba52519963b828a08c0dabf48,37,696
question,u12-s002-cr002,u12,s002,factoring-formula,PENDING_MANUAL,742167738b795cc6ddfc1754df874c77a3300898f01a419c6487dae132f70336,38,758
lecture,u12-s003-lecture-r1,u12,s003,factoring-cross,PENDING_MANUAL,f24d382dd2ee7d41357af75ad4af417ca81acc4555099b87f3bd14cbde04e3d5,125,1828
question,u12-s003-v001,u12,s003,factoring-cross,PENDING_MANUAL,5fd9eca9ae8a407f9c40390f74a5722aa2e90224fcd2cbca39d73433c2c03615,43,594
question,u12-s003-v002,u12,s003,factoring-cross,PENDING_MANUAL,a80f4a4338009ba07ce59465cf0d649a79228e1858a463a2d7d26bfa99ccf938,43,575
question,u12-s003-v003,u12,s003,factoring-cross,PENDING_MANUAL,016676e21ce921d55448649b768fcbc7e782c0baed21345aa979c29db251de18,43,611
question,u12-s003-v004,u12,s003,factoring-cross,PENDING_MANUAL,5cd99bba100635d752e7de2d07e3f9513e1c89a98e27b704fddb8586a5f17753,43,611
question,u12-s003-v005,u12,s003,factoring-cross,PENDING_MANUAL,4a8582dc621f02d7cf8cd8c26e13998b00ab3d0b9ac15c6389525aacc26bac00,43,638
question,u12-s003-v006,u12,s003,factoring-cross,PENDING_MANUAL,d981a5cb82b5fc5a740036db779a7280073a1baaff919be4fb743332505b8753,43,644
question,u12-s003-v007,u12,s003,factoring-cross,PENDING_MANUAL,08f83f8dedd415b5881777c7a11f569c17123850d2b3c8d245db98ba953a7586,43,511
question,u12-s003-v008,u12,s003,factoring-cross,PENDING_MANUAL,507841659c091fe7beea64c83b60a14cc428d06d19bec3bd905f6ec5ca2c2ba3,43,530
question,u12-s003-v009,u12,s003,factoring-cross,PENDING_MANUAL,11c95b6cc7c21bdcbdcbdfd85b32fcea96345f7ba7b95dd8dca82e46c043aca7,43,702
question,u12-s003-v010,u12,s003,factoring-cross,PENDING_MANUAL,09e5d02e091c52fd05d469c4c88b95142926bec54cfc502c968811bcf029e5df,44,671
question,u12-s003-v011,u12,s003,factoring-cross,PENDING_MANUAL,99d24e1cde6e9257447fba6c57a3ead44776e55e608a7555d1af9716345db925,44,685
question,u12-s003-v012,u12,s003,factoring-cross,PENDING_MANUAL,b8863b88289bc4780ba639dc40a243f69efe2a7e3eb7c56527aee07e60dfe2d9,44,702
question,u12-s003-cr001,u12,s003,factoring-cross,PENDING_MANUAL,bde17915c6ca4ee8dabfcf164c02ab1ca7a862e3502fd1541a51106cb488f4ca,38,685
question,u12-s003-cr002,u12,s003,factoring-cross,PENDING_MANUAL,4149e912b865b66762744d68c4089b32a26ead539a25f46a47226caee940733a,37,708
lecture,u12-s004-lecture-r1,u12,s004,factoring-by-grouping,PENDING_MANUAL,db30b512582f5172116ff704edbe21d8671e35a891456eafe54cd0ee4bd02638,126,1831
question,u12-s004-v001,u12,s004,factoring-by-grouping,PENDING_MANUAL,916ed188d5ea53b287efa6755f7d413cf4b610781a883996de30d5be338a6eb0,43,588
question,u12-s004-v002,u12,s004,factoring-by-grouping,PENDING_MANUAL,d69d105c655f67e652002d813631feb2858f675c66d97595d6035d73e1b0ef6d,43,605
question,u12-s004-v003,u12,s004,factoring-by-grouping,PENDING_MANUAL,2f81da23442ed1ca2e7d70ad098cccc59d4d1cba42dfc4a96ad1254a7f5e7863,43,606
question,u12-s004-v004,u12,s004,factoring-by-grouping,PENDING_MANUAL,77f866983783379aa1c4bf4cbbd1f21fd506eb912dbd9fc7a387d9a2afe648af,43,609
question,u12-s004-v005,u12,s004,factoring-by-grouping,PENDING_MANUAL,5e408fc23887782cacff7fa0316f1d28944f24ccdbb7df0f7eae7dfad82b398c,43,583
question,u12-s004-v006,u12,s004,factoring-by-grouping,PENDING_MANUAL,2b34ecbbf0bec398e5eed04ae8802d74c808ce00eca6dafcfe6143b734428d76,43,648
question,u12-s004-v007,u12,s004,factoring-by-grouping,PENDING_MANUAL,3e31ae171bcb0bc84610dbbe1f4c4241fce7e6077a296f1f26ca91ece9b2a946,43,734
question,u12-s004-v008,u12,s004,factoring-by-grouping,PENDING_MANUAL,4c58eaad1fb38b1133f977efb2641ae902fc64e3226c4a7878d0f7fd9593ee5f,43,638
question,u12-s004-v009,u12,s004,factoring-by-grouping,PENDING_MANUAL,41848f42b793be53142a709e5350aed11f0ee9c0f6a5dc2b5cf2cf46e65326c7,43,737
question,u12-s004-v010,u12,s004,factoring-by-grouping,PENDING_MANUAL,d5c966aaf649c7627ded100c1c8c2e275ce025f01b0ce3f8fa041d3849878f38,45,703
question,u12-s004-v011,u12,s004,factoring-by-grouping,PENDING_MANUAL,7f073f8f65600a9281d9e53182f1d07985bc1c34ac8c88ca1d54b79b208dea88,44,672
question,u12-s004-v012,u12,s004,factoring-by-grouping,PENDING_MANUAL,b30e9f999865ad541481abf6c191197cb11d4ddb0c4e32ebb2b40f8010731356,44,724
question,u12-s004-cr001,u12,s004,factoring-by-grouping,PENDING_MANUAL,f01ae20b93b49945eef795e0142b4becaf8eb50252a747bccfa873f6c7db83f0,37,711
question,u12-s004-cr002,u12,s004,factoring-by-grouping,PENDING_MANUAL,1b7a65516513cec4e70e77b8eb2df99ac27d84ac84bea78b71ed33c593fae778,37,759
lecture,u12-s005-lecture-r1,u12,s005,factoring-quadratic-trinomial,PENDING_MANUAL,08c3166cd6edff129baeb74808659afd8449c0b10aca5719ddec60e760b1ce4c,122,1748
question,u12-s005-v001,u12,s005,factoring-quadratic-trinomial,PENDING_MANUAL,b7550a90aa62b0c7091d7f0e23f08023dff9d06f800d9a0fd92ce3924a2898df,43,587
question,u12-s005-v002,u12,s005,factoring-quadratic-trinomial,PENDING_MANUAL,d885264bd4d926ca121970299e86411e3daf4f31bfb02edb154f5486802df772,43,572
question,u12-s005-v003,u12,s005,factoring-quadratic-trinomial,PENDING_MANUAL,980917f00b7b7fa14ac6d862f07dcdefc610637ff153a09e46fa8a56e2daf9fd,43,572
question,u12-s005-v004,u12,s005,factoring-quadratic-trinomial,PENDING_MANUAL,c30a73556a989a501943b21ac277413210840c336a633a1f7c9c2fca892aa5c2,43,623
question,u12-s005-v005,u12,s005,factoring-quadratic-trinomial,PENDING_MANUAL,aa278e9991a8faff610250c36c2d08c98f1600389c3b4cff7f53af7fad03d221,43,638
question,u12-s005-v006,u12,s005,factoring-quadratic-trinomial,PENDING_MANUAL,1bcb6755dc2c935370d47a1d1c08b5c865989b80e7475cbe4fbfc935bad4c2a5,43,678
question,u12-s005-v007,u12,s005,factoring-quadratic-trinomial,PENDING_MANUAL,6f42703a79409dd0cca5f2c1c76594d0d518882ee716563a0fc26dc4c72a9edf,43,634
question,u12-s005-v008,u12,s005,factoring-quadratic-trinomial,PENDING_MANUAL,88bccfb33d8ac630ad119394b3aaed37f4c26fde897b9bc992e733d57b5f8e09,43,643
question,u12-s005-v009,u12,s005,factoring-quadratic-trinomial,PENDING_MANUAL,90430370bab795c353bd1e9ead864dc066bc00f6bd0f2c6005a120f3c1382964,43,700
question,u12-s005-v010,u12,s005,factoring-quadratic-trinomial,PENDING_MANUAL,d11a0cbd1c489efd62c347b09463d06088e8de52b52b51ad638b9c1afed35273,44,667
question,u12-s005-v011,u12,s005,factoring-quadratic-trinomial,PENDING_MANUAL,8a327075d728985993d5dce26d50ab0929693fe39909cc1dc8b6657a530b7373,44,644
question,u12-s005-v012,u12,s005,factoring-quadratic-trinomial,PENDING_MANUAL,8b610ab965663ff8302d700a8f211ec2524fda847011a544d9e1a4ecd62cf2d2,44,722
question,u12-s005-cr001,u12,s005,factoring-quadratic-trinomial,PENDING_MANUAL,184b3123c4501d83e4759914b39ebac332fc6d0333f2e1e308693da79cc070b0,38,743
question,u12-s005-cr002,u12,s005,factoring-quadratic-trinomial,PENDING_MANUAL,110102483272135e7afa924768a8cd9ef1eb1f6b1b659638a613e31bdc5f999d,38,833
lecture,u12-s006-lecture-r1,u12,s006,factoring-common-mistake-sign,PENDING_MANUAL,c11658884f118484b5333b71d73db60df9cc93549d0d3146d68184229e4c6f26,127,1768
question,u12-s006-v001,u12,s006,factoring-common-mistake-sign,PENDING_MANUAL,7514da75312d9260114fecb98e1fe0f664d52c8d2ffd21e5cde831089f31de7f,43,528
question,u12-s006-v002,u12,s006,factoring-common-mistake-sign,PENDING_MANUAL,ab110b684fe10e7b5f4d62316d189e5697341726ccc374a80f1d28f7cd9e115f,43,538
question,u12-s006-v003,u12,s006,factoring-common-mistake-sign,PENDING_MANUAL,09a3c87dfd618922fd992a651426c21175f5bb46c01e4ec6e3b3556471902424,43,552
question,u12-s006-v004,u12,s006,factoring-common-mistake-sign,PENDING_MANUAL,6ac8bcb00c5140ba83c0f148cff24d7b49fcbe442d84365385cef90b48c619bb,43,658
question,u12-s006-v005,u12,s006,factoring-common-mistake-sign,PENDING_MANUAL,e624e46f7bc9c17e761fdf5a7345318ad235300865824ff4f62be9d8e4ac2204,43,631
question,u12-s006-v006,u12,s006,factoring-common-mistake-sign,PENDING_MANUAL,564f6710b335beec1fcc2fd102eb2e76f4407f1aee4b7dba099b0154585b1906,43,642
question,u12-s006-v007,u12,s006,factoring-common-mistake-sign,PENDING_MANUAL,7dbcfdd8d731da579648de1e293f8c9ce2fc3aa86396a06986fa656496039891,43,536
question,u12-s006-v008,u12,s006,factoring-common-mistake-sign,PENDING_MANUAL,e043ec217cc556469df3a2428fb8042f094dcdd14c6d5431264b64f4d4340a22,43,635
question,u12-s006-v009,u12,s006,factoring-common-mistake-sign,PENDING_MANUAL,0fe60d5bae621d3e8822d0a3fb419f934cec02532e34fbe0db02b440aa35bcfb,43,707
question,u12-s006-v010,u12,s006,factoring-common-mistake-sign,PENDING_MANUAL,25730e28e86405990f2545a1746563a313fefe54d7751d93ff3ff09eda448185,44,639
question,u12-s006-v011,u12,s006,factoring-common-mistake-sign,PENDING_MANUAL,cc87622d873ae53581022b5a544013c1013d3ca966b1c51caa24484c10997177,44,683
question,u12-s006-v012,u12,s006,factoring-common-mistake-sign,PENDING_MANUAL,0019f748e616c6fc696b0a9176a9e3d10ebcf78e25c9192c0e0f1c121169f36b,44,740
question,u12-s006-cr001,u12,s006,factoring-common-mistake-sign,PENDING_MANUAL,ac9ee15bdfdca5574cf89261dea70e46438429b0c8078526ac01b6213269e7e0,38,740
question,u12-s006-cr002,u12,s006,factoring-common-mistake-sign,PENDING_MANUAL,0bfe4c4a45adf01d9f58b1891eb46ddcc7711e9eb9c0d2a217a21bc4ff1534bc,37,745
lecture,u12-s007-lecture-r1,u12,s007,factoring-application,PENDING_MANUAL,29feafa8df1daeff5b3974c816a5e9d9fb0326d9de131cf6cb5a30fe2a9dc455,127,1835
question,u12-s007-v001,u12,s007,factoring-application,PENDING_MANUAL,12c8ee9d70dd9385c9a52ec17c6c54e6ede04f75448c1278e8c39040e589fdfc,43,521
question,u12-s007-v002,u12,s007,factoring-application,PENDING_MANUAL,af79a5f871589166312fbf2687a13ffc51fec5025b4bdc99e7591dff1e06d67d,43,545
question,u12-s007-v003,u12,s007,factoring-application,PENDING_MANUAL,0ae6f07a7cfcb545bff8ddb1cce1ef05ce716ed0cd32a8acefc2ba25641e9aeb,43,663
question,u12-s007-v004,u12,s007,factoring-application,PENDING_MANUAL,9dd4efe9d978053cfe946e1955418770bb697c9a06be3aa5b9cbfb70fcc80e1e,43,539
question,u12-s007-v005,u12,s007,factoring-application,PENDING_MANUAL,c9db4a77b7610eb1992f9e7aa91d773506705d31b239ec9e9effaf5371499dd5,43,556
question,u12-s007-v006,u12,s007,factoring-application,PENDING_MANUAL,3dcfbce025bf1990fa0e14a73367e3f22f536491900790a94c901ecadd777163,43,648
question,u12-s007-v007,u12,s007,factoring-application,PENDING_MANUAL,6a3007abbb3108452bcf32396c33c36199d0aba049aea31412d8a391c89e2645,43,618
question,u12-s007-v008,u12,s007,factoring-application,PENDING_MANUAL,849d8aa37a7135110322a18096603539c57dc58e4a827fae4b12f96d85712a50,43,670
question,u12-s007-v009,u12,s007,factoring-application,PENDING_MANUAL,6dfaa4c9e9b1b80c0038ed1eb4888695a6c9422820f7c57313ccaad4dd5bd44b,43,604
question,u12-s007-v010,u12,s007,factoring-application,PENDING_MANUAL,6dbb0e8b987a03768c3f0266c8a94e99b311c000ab6ba6509cc6d6ebdd2ecc97,44,573
question,u12-s007-v011,u12,s007,factoring-application,PENDING_MANUAL,f9f8358d2264fa292bdd23041eca5bcfe868c1b2909c2e0e12ba884a3e5e9ee6,44,657
question,u12-s007-v012,u12,s007,factoring-application,PENDING_MANUAL,17a45330244d2d8eeaf736fc00a3b854d67ea032171adf1faa771e1ea726f307,44,671
question,u12-s007-cr001,u12,s007,factoring-application,PENDING_MANUAL,9ad259a93c3c76278ef52aace613e2ad527d35053aebd8e72f85344de4b68221,35,678
question,u12-s007-cr002,u12,s007,factoring-application,PENDING_MANUAL,8674cf044c1b381db117b768d735ae43256acb90afe35d6f0cb3e0987fdbc620,36,777
lecture,u12-s008-lecture-r1,u12,s008,factoring-check-expand,PENDING_MANUAL,9d3ec27666d4d648e0a848e06db8f93e18a5d3e4fe81e00a0da732d6165504ec,123,1723
question,u12-s008-v001,u12,s008,factoring-check-expand,PENDING_MANUAL,1a432c4cf517b6f27766fae7d8b2a3db4578fe6e768f97454aa7a0e9e9d0b7f6,43,529
question,u12-s008-v002,u12,s008,factoring-check-expand,PENDING_MANUAL,e64d0095450779945118680a519f00f27dc4b6990d490652b4b25610af4dd3dd,43,522
question,u12-s008-v003,u12,s008,factoring-check-expand,PENDING_MANUAL,8ee73a44e28cd85c82dbb70f4ccc288226560105400dd262f1d56f8fc6cb16b4,43,556
question,u12-s008-v004,u12,s008,factoring-check-expand,PENDING_MANUAL,0d31767bebe0e7f8dfad41278104a0ed793afcaf5ffe81f34d58bbdef0792489,43,535
question,u12-s008-v005,u12,s008,factoring-check-expand,PENDING_MANUAL,4852436d5a384ea7640580f7a6515285582806c6616552f0efccce86a3d86310,43,563
question,u12-s008-v006,u12,s008,factoring-check-expand,PENDING_MANUAL,68a00eb571ee6130aaa86a07236e9bceb72e55bbcd6d3d9ebed93b64edb22a7e,43,618
question,u12-s008-v007,u12,s008,factoring-check-expand,PENDING_MANUAL,6331b714ce30036e40eaf8bc0e47cfa831db94b214f4d57049bb15bc0187d033,43,684
question,u12-s008-v008,u12,s008,factoring-check-expand,PENDING_MANUAL,38563c453d600cb875e9a5f21988bc8c83fc1a8a80b0f9a1695b3b155f93e7a5,43,573
question,u12-s008-v009,u12,s008,factoring-check-expand,PENDING_MANUAL,1df6fadb9f97f5c29ce9e974c70d78b53784046aa8accacc4a4a0403588e7d25,43,827
question,u12-s008-v010,u12,s008,factoring-check-expand,PENDING_MANUAL,22b591eee444c319a5dc5e863803c62239134d4e4177d5d5aa82fa0c181783c3,44,618
question,u12-s008-v011,u12,s008,factoring-check-expand,PENDING_MANUAL,44b0f999f77c2ca0b9bb05d137fda52f7549dfe4ddb37b9b05977b206f699f99,44,675
question,u12-s008-v012,u12,s008,factoring-check-expand,PENDING_MANUAL,b84968ba76ecccb9bd0b541d6a5f7ac06065eab53712ed085f82b9920bddd088,44,582
question,u12-s008-cr001,u12,s008,factoring-check-expand,PENDING_MANUAL,18d6c6d446a4195aca188522a0d420d606ccfa579aff7cb16bbaa928b83fa6a3,37,682
question,u12-s008-cr002,u12,s008,factoring-check-expand,PENDING_MANUAL,2f699b7bfb290b22bb54d911b657815e2bdf61d9b12415289deeb897ff45be31,37,768
lecture,u12-s009-lecture-r1,u12,s009,factoring-word-area,PENDING_MANUAL,cf9051dc5e416c5d8e769652ac2ba9bcb69e0e549c541e3c84a3df5d27c80a18,131,1828
question,u12-s009-v001,u12,s009,factoring-word-area,PENDING_MANUAL,ddb3ce3e0cc62e58fb8e20d95594106eedd8aaf9f472fb210b316fca7b6d510c,43,562
question,u12-s009-v002,u12,s009,factoring-word-area,PENDING_MANUAL,5bd6637f6c5f4e90b8223db812657b5bb832e88ffc603d0706135a7c778ddce6,43,589
question,u12-s009-v003,u12,s009,factoring-word-area,PENDING_MANUAL,504a69359677e1bfe53a2fd261ece4638ab12f2e53ba51e0e9031bc395bc88ba,43,607
question,u12-s009-v004,u12,s009,factoring-word-area,PENDING_MANUAL,3f854ce609a1975040adcdc2165b698e14c80c3d1e319e942aea2f84c17daefe,43,624
question,u12-s009-v005,u12,s009,factoring-word-area,PENDING_MANUAL,71af556f4974520b731669837a1eed56f3f1d897dd21a0e4141b032d0f9e90c9,43,563
question,u12-s009-v006,u12,s009,factoring-word-area,PENDING_MANUAL,4b5270a02490d3ebdc0d46bb2ce42046f57f88e734e7aaba53984bda0cab8b40,43,602
question,u12-s009-v007,u12,s009,factoring-word-area,PENDING_MANUAL,96059ba6e639bad532f913c49b99e50dd05a7088d51aa273e3d75e95db3a47f0,43,601
question,u12-s009-v008,u12,s009,factoring-word-area,PENDING_MANUAL,f70a44afa1c0b8d395017f15ad590f99683d5d104d2785d5db9197e896bf2ff1,43,577
question,u12-s009-v009,u12,s009,factoring-word-area,PENDING_MANUAL,10f9d3efb42498b1348d5c65c8711551048412a5d3835cd77073a8213d9c3ae2,43,578
question,u12-s009-v010,u12,s009,factoring-word-area,PENDING_MANUAL,62b94d72e1cabfe8aa014923ec52808f9b20751cf6c2a4a91c5bfb72daa694e0,45,637
question,u12-s009-v011,u12,s009,factoring-word-area,PENDING_MANUAL,717cbe505ad8cfdeccb54cca12461f980c4ecd4078f7ec7ccbc79d396b84de9f,44,668
question,u12-s009-v012,u12,s009,factoring-word-area,PENDING_MANUAL,6d2d6261fbfc93815c77574c80cba63d229f2ea2512f89788ac31b295683dad6,44,652
question,u12-s009-cr001,u12,s009,factoring-word-area,PENDING_MANUAL,3af1c1bf822fce65d56de5a23475ceb7b3afbdd636035d092189e41846e0ede0,37,737
question,u12-s009-cr002,u12,s009,factoring-word-area,PENDING_MANUAL,8f276058a7a9082d2412a626638462bdfd6edd876fe945f39a97fbe189bcb508,36,790
lecture,u12-s010-lecture-r1,u12,s010,factoring-literacy,PENDING_MANUAL,42c8b39ea01fad8925330a1d477cb37dcb07fa1a0053ffae4f0a02bf782f1168,130,1796
question,u12-s010-v001,u12,s010,factoring-literacy,PENDING_MANUAL,ac63e6fa6b1a0fe92e63bc8f0d86f046149a1fbdbccbcdba5f1aaae7904d7fe7,44,552
question,u12-s010-v002,u12,s010,factoring-literacy,PENDING_MANUAL,72e4726b317bc30c2e25d938e65fe4827f6067e290af1f103446c7d91e80782f,44,580
question,u12-s010-v003,u12,s010,factoring-literacy,PENDING_MANUAL,81fac38805617d48f868bcdaf58a4f62a262659ad097a6ec19b08973f4e44e47,44,585
question,u12-s010-v004,u12,s010,factoring-literacy,PENDING_MANUAL,edafea273e9292e141825197f688cab4596f9a4b266ca3480e031a60f150269b,44,640
question,u12-s010-v005,u12,s010,factoring-literacy,PENDING_MANUAL,e372f766f94a829f06462d1613d0fe937d994cf2ad2532881b240e5eb3e4c5ce,44,581
question,u12-s010-v006,u12,s010,factoring-literacy,PENDING_MANUAL,f05e5f42c9fd9473280d9b391076f2067eaabe4a85ef607df9d920833997e713,44,618
question,u12-s010-v007,u12,s010,factoring-literacy,PENDING_MANUAL,f517a4c73103ecbd4366c1cf2684fab44fe860cd6ea6aaba36b2e3362d594f66,44,668
question,u12-s010-v008,u12,s010,factoring-literacy,PENDING_MANUAL,647607b91db293d5e3a4ab0d940b55050cb99ac3f870c065a88ec90daae971e4,44,654
question,u12-s010-v009,u12,s010,factoring-literacy,PENDING_MANUAL,4807e1ec45288fb0d4db8c557ad19fa0e77c7ea63349b88139ac176ccb8e4979,44,667
question,u12-s010-v010,u12,s010,factoring-literacy,PENDING_MANUAL,80274acb19baef0c6f0a43ca3037625ea4b341b3a5f08c5c7f867f995bf5faf8,44,649
question,u12-s010-v011,u12,s010,factoring-literacy,PENDING_MANUAL,edbd1db55fdd6e85767c266910ab6b1f5eb7b2a775c1282f5d04fef4dd9cc6dd,44,672
question,u12-s010-v012,u12,s010,factoring-literacy,PENDING_MANUAL,d372185d9ed245052d31f2f61c89ea860651f39172430bb64b78ba7259389a56,44,674
question,u12-s010-cr001,u12,s010,factoring-literacy,PENDING_MANUAL,fbecb1ae0a4ac5fb75f9ed4323389f910a68d109068753f4908663c5712ec36b,35,743
question,u12-s010-cr002,u12,s010,factoring-literacy,PENDING_MANUAL,022dc289c20261a3a87066af296f32201f321691bdd0922801c6825435e00905,38,836
lecture,u13-s001-lecture-r1,u13,s001,quadratic-factor,PENDING_MANUAL,de02fcd6295885d0c31bfdae256af6dcc8d696ca2d2928456fa49a594a1942c7,128,2065
question,u13-s001-v001,u13,s001,quadratic-factor,PENDING_MANUAL,01e2bbaf697fedcac4610f46102d163789cc8fcb0a099635daa9561752264db3,36,586
question,u13-s001-v002,u13,s001,quadratic-factor,PENDING_MANUAL,8809faf11ed1cca58800d4ca8de4fda8177b94b2288ae2b218c2a439ce74b2fc,36,537
question,u13-s001-v003,u13,s001,quadratic-factor,PENDING_MANUAL,a852df8938e6573c185a9184538f3a5663dff218eb5ee8736c4ea3994c47bd54,36,580
question,u13-s001-v004,u13,s001,quadratic-factor,PENDING_MANUAL,4716a7025fa3ae408482e956c7bd5ecc77b86f2e1bddc8d356af144a1e04512e,36,546
question,u13-s001-v005,u13,s001,quadratic-factor,PENDING_MANUAL,4ad54a73c75d86c0c611e8bf8732acc39c8e66b74e440e2f4f7617ede183a0db,36,513
question,u13-s001-v006,u13,s001,quadratic-factor,PENDING_MANUAL,9c7f6221445548802b4ce83457e04bae420c8f860f600647159dd84fa1a49b4b,36,624
question,u13-s001-v007,u13,s001,quadratic-factor,PENDING_MANUAL,fe8dcff2522254c3d0951d01f75bcde6a0b055b3b30043bb38f60651863747f7,36,643
question,u13-s001-v008,u13,s001,quadratic-factor,PENDING_MANUAL,cb05e416e3beb0c20dc2ab8a77afe3e96dfdccd5c0df645a07572f5db6f36f01,36,634
question,u13-s001-v009,u13,s001,quadratic-factor,PENDING_MANUAL,eca79755e0c2e3fb4a64f4547ae468f13c1dcd700740527475c57e190601820a,36,560
question,u13-s001-v010,u13,s001,quadratic-factor,PENDING_MANUAL,79a113e5564a40eadc6d5a13efb1b32be4e47360f8d915991101e3bbeddd3563,37,692
question,u13-s001-v011,u13,s001,quadratic-factor,PENDING_MANUAL,ad49feb17cefdcd847ab6d29b8d204c794b4ab21ddff9ab9ce4300d27dd6dcfc,37,671
question,u13-s001-v012,u13,s001,quadratic-factor,PENDING_MANUAL,03f726efaf9f0df72b88e832f52f412c655d424a5daa9d5868a8281b817b52d3,37,672
question,u13-s001-cr001,u13,s001,quadratic-factor,PENDING_MANUAL,9ecc8d739b072571ca0e9695bc5891ee06b65c39a3ecc1b3437eec8685b02b3a,37,796
question,u13-s001-cr002,u13,s001,quadratic-factor,PENDING_MANUAL,102d1e85ee4fbe4b2c1d3ab0bdb97251c714e6917a093776eca6d8425b5c206c,38,712
lecture,u13-s002-lecture-r1,u13,s002,quadratic-completing-square,PENDING_MANUAL,27f6141db56c773c3c5eab35039c3cde70114c157e63b4f14ef83e54834581ad,131,2008
question,u13-s002-v001,u13,s002,quadratic-completing-square,PENDING_MANUAL,04ff0085cee91d8af9dbcd8a413006efbc828d53b2190ae173929df2a92b721b,37,528
question,u13-s002-v002,u13,s002,quadratic-completing-square,PENDING_MANUAL,2119e2db4e81079fd5bbe80c1507ff93782a80da2c0ee01acf8ec01f891039ac,37,549
question,u13-s002-v003,u13,s002,quadratic-completing-square,PENDING_MANUAL,c921117f016e40106999b764d352dfa88b15e843cb76c5e21dfd53d3ccde145e,37,642
question,u13-s002-v004,u13,s002,quadratic-completing-square,PENDING_MANUAL,05c21a8e796924b52cae746918937790ee670bf33827d9b3812a47b390af0aef,37,611
question,u13-s002-v005,u13,s002,quadratic-completing-square,PENDING_MANUAL,832121fa45444e402d04594f796738d5bcccf2e379415f4bc84bc58e2cbc706f,37,597
question,u13-s002-v006,u13,s002,quadratic-completing-square,PENDING_MANUAL,e6fbd6990f62e13ecc645b8a315edf6a054b1d50760335fdd45972d6042c24d8,37,668
question,u13-s002-v007,u13,s002,quadratic-completing-square,PENDING_MANUAL,aec705b1e68d110903a1aa31632d920fcb8274b8e23e042ff3e3138652e20a8e,37,605
question,u13-s002-v008,u13,s002,quadratic-completing-square,PENDING_MANUAL,3461221f72bb2c2da76d244a778014cef15976a7740507596761ce492b9bdd3d,37,565
question,u13-s002-v009,u13,s002,quadratic-completing-square,PENDING_MANUAL,77d45b8d7c794345652b20023842a1b77c36e7a7d3be3073478ecb41f3ef2532,37,659
question,u13-s002-v010,u13,s002,quadratic-completing-square,PENDING_MANUAL,9d018c6c9ab08e7c45bd3f34976b406c3d0b60c94bf053105ff5e72ff5543258,38,644
question,u13-s002-v011,u13,s002,quadratic-completing-square,PENDING_MANUAL,5101aaeb9d76a807cdb26e48bc30e345670cccf633bfe5b87a94026b2a4a2712,38,629
question,u13-s002-v012,u13,s002,quadratic-completing-square,PENDING_MANUAL,3e1f002eb9d2094d344593f8e9aea54a7871219f68f9caa2f5dcd679fc693da1,38,620
question,u13-s002-cr001,u13,s002,quadratic-completing-square,PENDING_MANUAL,39307f3005613b48494db748ebed10f7a82f3d2c3e3f26eff6473b10b73fc588,40,714
question,u13-s002-cr002,u13,s002,quadratic-completing-square,PENDING_MANUAL,906637f2ce57ac488396c26a120323a610760d0cda8d6d72f9322d9db646cb76,39,762
lecture,u13-s003-lecture-r1,u13,s003,quadratic-formula,PENDING_MANUAL,75c24c99625af10d630eb2b152cfeb780e12e309e7c864d80a375b783f05a9ff,128,1906
question,u13-s003-v001,u13,s003,quadratic-formula,PENDING_MANUAL,9a4ce65e2bee21740669e48ac2c1ddf91a26ee169c5786476a326f626315d909,37,692
question,u13-s003-v002,u13,s003,quadratic-formula,PENDING_MANUAL,e188a3d826667197a4192144784d40306dd13bdf76bc7225afa70ab76c3112d2,37,609
question,u13-s003-v003,u13,s003,quadratic-formula,PENDING_MANUAL,d30a1bb2445b7c84e1a375a502e2eb541467c13779c144d6c1c3f5e9f3f52d67,37,572
question,u13-s003-v004,u13,s003,quadratic-formula,PENDING_MANUAL,9fd3bcc61512ac6df2e8896a2bb8b75f652e8a92c85aa8c8193fdcbba67993db,39,658
question,u13-s003-v005,u13,s003,quadratic-formula,PENDING_MANUAL,7cb03c53e8cd319c225609cdb6964b830c9166d9cca82f7eb17031dd9ae10e74,37,594
question,u13-s003-v006,u13,s003,quadratic-formula,PENDING_MANUAL,c04a4c97f79f44cd797eb053299f9ee4aefa8483259bf9041c2cc84185cdb91a,37,609
question,u13-s003-v007,u13,s003,quadratic-formula,PENDING_MANUAL,c838e175ec15489409e2dc22e3c2593abdbf238be1a937a4ab1b5ae8ec90932a,37,665
question,u13-s003-v008,u13,s003,quadratic-formula,PENDING_MANUAL,b4b7ec0dd17f291fafc377fcbd4166ecbaa9805df9458319d5685af3612bd3b3,37,634
question,u13-s003-v009,u13,s003,quadratic-formula,PENDING_MANUAL,f54068f7055084bceabb3db8de5bcd93add86b0a9c4c0bded0bd7803c5b47989,37,648
question,u13-s003-v010,u13,s003,quadratic-formula,PENDING_MANUAL,af68e2c97055ef79d5d417f97bd966e2e32629153042ab44b2e77b5e406670b6,38,687
question,u13-s003-v011,u13,s003,quadratic-formula,PENDING_MANUAL,7577b8830723461dd28b5ebd0365df578e5b0868ec8032254a2fee11deed75e9,38,638
question,u13-s003-v012,u13,s003,quadratic-formula,PENDING_MANUAL,b8e7df000d4b98019270c17bdf26b7f00ded3b7ae8e9422c9ce15bdafc720efb,38,645
question,u13-s003-cr001,u13,s003,quadratic-formula,PENDING_MANUAL,998633b9ccf637847707e4dc30495ef91ce5c41e09d7bfd586dd2e263c860610,38,654
question,u13-s003-cr002,u13,s003,quadratic-formula,PENDING_MANUAL,c4c43ec80ce60150bda25a17236d688def31b16c08e628a85e5f63ee34908d90,39,751
lecture,u13-s004-lecture-r1,u13,s004,quadratic-discriminant,PENDING_MANUAL,5fea9f6a332a4005c44b228cf9bbd29c4ee399dbbe3347bf04cda41a31254c0b,126,1784
question,u13-s004-v001,u13,s004,quadratic-discriminant,PENDING_MANUAL,e69f6f1930976b3effc057e8f17b1ba4954e994faf64c835d25baedc965ca6ec,39,593
question,u13-s004-v002,u13,s004,quadratic-discriminant,PENDING_MANUAL,07e61d211a37db35a3bba5d77df8e48e780c1eeefcbac68228d022f1effb1fbd,37,514
question,u13-s004-v003,u13,s004,quadratic-discriminant,PENDING_MANUAL,287ecc6975141869c3e3a05cb4e21d1ec325116dc20d0897ccd8514470046489,37,578
question,u13-s004-v004,u13,s004,quadratic-discriminant,PENDING_MANUAL,f9527ba8cb6181f9c514ef9e15c63bb75da80ede97d0f532ed627d3a40170404,37,520
question,u13-s004-v005,u13,s004,quadratic-discriminant,PENDING_MANUAL,d59c395fb76dee964e951f14d3206783ba799661eec3aff14ce5f8f06bcd5257,37,592
question,u13-s004-v006,u13,s004,quadratic-discriminant,PENDING_MANUAL,a67dad34a24b31abea813bad437af285e3755b0c93292851fd7791c0791e94b8,37,543
question,u13-s004-v007,u13,s004,quadratic-discriminant,PENDING_MANUAL,f031c0eb1c2ec2cdd7dc48b2e0be8b7c6a60a096d358845c084fefd7f37fe975,37,584
question,u13-s004-v008,u13,s004,quadratic-discriminant,PENDING_MANUAL,cc36b8d21c4a98e112edc6a7d716e545c40c81535471a9fd9fca0780300c9a57,37,533
question,u13-s004-v009,u13,s004,quadratic-discriminant,PENDING_MANUAL,cf8a5f3a015fa1ba97158a1bdf2af280d0630b341eeec3880ea34ed392bcdf19,37,595
question,u13-s004-v010,u13,s004,quadratic-discriminant,PENDING_MANUAL,16df02fb7f6b1c4a5e1e0d13c4a9f8c22c9b865af8acff8da01622ffc39c97be,38,678
question,u13-s004-v011,u13,s004,quadratic-discriminant,PENDING_MANUAL,209fbfe1ef03d9409d59fca843f5501711c9ebb6e758fc0825469410556cc466,38,598
question,u13-s004-v012,u13,s004,quadratic-discriminant,PENDING_MANUAL,29db76db3e39170d6c45e2e2eb4f77b7bc7db97716b76cc85a4510be0b4cc1fc,38,670
question,u13-s004-cr001,u13,s004,quadratic-discriminant,PENDING_MANUAL,dc3ed3d322403d04abed37fc3b3f4a6a8720de70772a05ec23104b982524915b,37,649
question,u13-s004-cr002,u13,s004,quadratic-discriminant,PENDING_MANUAL,087b94a842be981ac8e4cc897d31a0fbb65e81896fbb9a39269250e8d119b036,38,696
lecture,u13-s005-lecture-r1,u13,s005,quadratic-square-root-method,PENDING_MANUAL,9f4bf46919ac32d001d0cb3021e414f8bcdbbd483074d6cffdbe7f99c34f576a,128,1848
question,u13-s005-v001,u13,s005,quadratic-square-root-method,PENDING_MANUAL,c77f59bf5013dd3985135f3c4687d2bfea948275fc3eaa0ccedff4940cb71391,37,523
question,u13-s005-v002,u13,s005,quadratic-square-root-method,PENDING_MANUAL,d883350905b575f7bb19902caf7d2b2a912fb00dcf9c7a25bc90554231962ec9,37,551
question,u13-s005-v003,u13,s005,quadratic-square-root-method,PENDING_MANUAL,05194d3c28af99f1439b3aac3db9e5d0d8ca7fb42d732cfc1d35fa649786abe5,37,593
question,u13-s005-v004,u13,s005,quadratic-square-root-method,PENDING_MANUAL,d0fdc569a58d4a536f1d2a3028eb4a58b2c06904647666fb4124f05289efa037,37,523
question,u13-s005-v005,u13,s005,quadratic-square-root-method,PENDING_MANUAL,5317564396868e483de2d3ae6bf99e5acb6fb3c69febac5ac44c964e7c4eac11,37,592
question,u13-s005-v006,u13,s005,quadratic-square-root-method,PENDING_MANUAL,b1bc393a741e48a4d187596af3e6322f371dcfb2ebb493310dc6e6e6f9bfda9b,37,509
question,u13-s005-v007,u13,s005,quadratic-square-root-method,PENDING_MANUAL,d754eb8b5eca3cdeef942c080effc8aa08747dd9ff387d03ad17bb5cba66c1bb,37,615
question,u13-s005-v008,u13,s005,quadratic-square-root-method,PENDING_MANUAL,0edf14790ec5f2cc5cf3066700763a8d3d10ca243f8027b8da8b3f6cf9e21e39,37,611
question,u13-s005-v009,u13,s005,quadratic-square-root-method,PENDING_MANUAL,84e842392099f1f26962f9116243a6da9dc7a4aa2adc55c2bba2a61560ba0d52,37,534
question,u13-s005-v010,u13,s005,quadratic-square-root-method,PENDING_MANUAL,2edbd5e74c6f177076858d1aa8ebf0f9deb78b61310e0c4070f874c55be16bcc,38,585
question,u13-s005-v011,u13,s005,quadratic-square-root-method,PENDING_MANUAL,80175f3093246ac4c264c0ed9b0b7f75956655a908c235f126a456446f0be6ac,38,612
question,u13-s005-v012,u13,s005,quadratic-square-root-method,PENDING_MANUAL,c379456fef6fc219d2e37ecfa9c546ea3f6c3afd42c6c85f55e1b0dcfd959370,38,698
question,u13-s005-cr001,u13,s005,quadratic-square-root-method,PENDING_MANUAL,53c4c4761da682ada9378fea985caa081112f7d85f4854190fd60e96ea61ad04,38,634
question,u13-s005-cr002,u13,s005,quadratic-square-root-method,PENDING_MANUAL,cd55417b0bd81312db436a9d9ecb9fd2ac98e84320fdf1ac072a3af08caa06bb,38,636
lecture,u13-s006-lecture-r1,u13,s006,quadratic-standard-form,PENDING_MANUAL,f1c354bbbfbd7ca74fa424f1550eed07936cf6b885b23607f955276fe786838e,127,1909
question,u13-s006-v001,u13,s006,quadratic-standard-form,PENDING_MANUAL,0b37383fe042dfc3abf3eaa6c53e6cd540c39e48ec97b99bece8fc605b7db4c0,37,614
question,u13-s006-v002,u13,s006,quadratic-standard-form,PENDING_MANUAL,747b8efec4821e9fe01e574de02435f3e871b9a846ac887f8717cf7d19e16bac,37,578
question,u13-s006-v003,u13,s006,quadratic-standard-form,PENDING_MANUAL,a09086f05ef34c67d0fc498733d7c55cf53d7b13c1503dbffe0d0dc51097b0e6,37,626
question,u13-s006-v004,u13,s006,quadratic-standard-form,PENDING_MANUAL,b8f7bb655e12dd9db61b424aaa58bbae0b1a48f2bd2e9ead8bb6140244149889,37,645
question,u13-s006-v005,u13,s006,quadratic-standard-form,PENDING_MANUAL,63f61f203851e4a83b4584999c6c5a32ac7cd1381cf776b49bd12bfcb5b952c7,37,622
question,u13-s006-v006,u13,s006,quadratic-standard-form,PENDING_MANUAL,1b3cbf360c27ee547b8782621419ef5fbc83b03302d3d34da283ae73ef8c9328,37,590
question,u13-s006-v007,u13,s006,quadratic-standard-form,PENDING_MANUAL,73d0daa74a4fe4f8dd856eb7c30a6640344eff615c38b55a6046802e25474426,37,548
question,u13-s006-v008,u13,s006,quadratic-standard-form,PENDING_MANUAL,8d4d20ed0bea9f15f3159f2fe467e09ddd7ce86f4fdec3be0fcfd27dc3453a48,37,644
question,u13-s006-v009,u13,s006,quadratic-standard-form,PENDING_MANUAL,8020fa49ebc398910a1c59eafe71f7a2a517a7c7989d676f5c3aa28e908cf603,37,638
question,u13-s006-v010,u13,s006,quadratic-standard-form,PENDING_MANUAL,4a100311ea5b1c7fb82d9396b26b32c1d552da36496c44f3f1496594c58ed4b2,38,666
question,u13-s006-v011,u13,s006,quadratic-standard-form,PENDING_MANUAL,c497ecd3be81958d063de959914bda03fcdbbe7a90c8c61f4adadae35ccc559b,38,711
question,u13-s006-v012,u13,s006,quadratic-standard-form,PENDING_MANUAL,c83e67e5fbaa9b1cf0da190d88b2322175ac3d7860aafb995263246ab9e9dbfd,38,715
question,u13-s006-cr001,u13,s006,quadratic-standard-form,PENDING_MANUAL,8e4caa6cfc82700ec333b89233279516c87a770c2da595e989e700fbfefaa977,38,727
question,u13-s006-cr002,u13,s006,quadratic-standard-form,PENDING_MANUAL,c3f69c8697769cf0c9c120a11e27ebe352900ea5433483f1aefc4c8f40b61bcc,36,714
lecture,u13-s007-lecture-r1,u13,s007,quadratic-solve-by-factoring,PENDING_MANUAL,af5b5521c07907fb57388ccc8cb3ab1b4b13079f87fa6b90c17120edeb9b9c05,133,1967
question,u13-s007-v001,u13,s007,quadratic-solve-by-factoring,PENDING_MANUAL,a1d40d3dde09fb885a742240fac30464622f62af992944975991936496a02527,37,609
question,u13-s007-v002,u13,s007,quadratic-solve-by-factoring,PENDING_MANUAL,c1e20d9e53041e15faa6e06ffe02c483340982375d2ab81ddcd728a97c0b7fa9,37,587
question,u13-s007-v003,u13,s007,quadratic-solve-by-factoring,PENDING_MANUAL,421b1c53a64b6e8d2788afd10ff919ab1dcc5b40ecf7ceafd5a8f72aa5b0bd75,37,628
question,u13-s007-v004,u13,s007,quadratic-solve-by-factoring,PENDING_MANUAL,b2fec25903e6bfb658146beba112acce7227e201318a09da01c250b7f9eaa1e0,37,550
question,u13-s007-v005,u13,s007,quadratic-solve-by-factoring,PENDING_MANUAL,59c72ca5d86b0fa5c10c8aba91ad55683852a11038efc5f6df134c31a8075002,37,623
question,u13-s007-v006,u13,s007,quadratic-solve-by-factoring,PENDING_MANUAL,e04de1cac81a2c998636c85fd8b7d088e9da36cc2b581303b0b54f4d36d086f0,37,563
question,u13-s007-v007,u13,s007,quadratic-solve-by-factoring,PENDING_MANUAL,5cdd155f3a498c246cc17b8c10e926c98263483b35df9efa05f81e73187b74ba,37,600
question,u13-s007-v008,u13,s007,quadratic-solve-by-factoring,PENDING_MANUAL,755001a965b9503ac417a4ffb89f8fcc0a8a8a2a0675a75fe90b36820c36ba3b,37,589
question,u13-s007-v009,u13,s007,quadratic-solve-by-factoring,PENDING_MANUAL,a41f94bf869d61420549054a7df20d624099e613e4c6e3922b3fec8524bc8f2f,37,593
question,u13-s007-v010,u13,s007,quadratic-solve-by-factoring,PENDING_MANUAL,130bd63166b0e5c083b4bc6a5924ea231d1161b39361e04c26476da5a421075d,38,631
question,u13-s007-v011,u13,s007,quadratic-solve-by-factoring,PENDING_MANUAL,4f8c28e75a9dcd9a9e6706ab4dcef197d7a77efb85a7624815b375e22e334e62,38,615
question,u13-s007-v012,u13,s007,quadratic-solve-by-factoring,PENDING_MANUAL,e1797a72ba7775093c794b3e1309fc20402160083e1b902dad51c2b47e95ab60,38,595
question,u13-s007-cr001,u13,s007,quadratic-solve-by-factoring,PENDING_MANUAL,ddef683dd3e99aa0ac9c526a9cf180036471ba4c6666d852fe07a1a391d6e180,37,651
question,u13-s007-cr002,u13,s007,quadratic-solve-by-factoring,PENDING_MANUAL,6d95dc45b71f98d9fbb65050f43d98b1a1f926050b1af350ab9a02424c43d802,37,662
lecture,u13-s008-lecture-r1,u13,s008,quadratic-complete-square-basic,PENDING_MANUAL,83b0e446211cf99bb89585b2525d4ad5d4bb03ff0ae9316e37efbce6bc52a17a,119,1705
question,u13-s008-v001,u13,s008,quadratic-complete-square-basic,PENDING_MANUAL,46f8462739adc07178745921a49ffcd38f7a4883851d5339bb10916d18afad80,37,464
question,u13-s008-v002,u13,s008,quadratic-complete-square-basic,PENDING_MANUAL,27c7c2e8f04f894ba5cccc68f56462e997ca88f1cbf01e0326aa9d78c775dc11,37,498
question,u13-s008-v003,u13,s008,quadratic-complete-square-basic,PENDING_MANUAL,6b232201a6fe3299bab09bdbca02d7910a21d216be08b8698e07155ae755a07c,37,596
question,u13-s008-v004,u13,s008,quadratic-complete-square-basic,PENDING_MANUAL,c94061a11e8ca916eab5ca9b87b8aee64f0518564272e12bd8d0a8ff8e374c24,37,556
question,u13-s008-v005,u13,s008,quadratic-complete-square-basic,PENDING_MANUAL,dbdca1fb395ef2f11454b311ae2fe1b12df6664eba50d682f5b7c0f7cbfd414a,37,589
question,u13-s008-v006,u13,s008,quadratic-complete-square-basic,PENDING_MANUAL,ed6038b71ecf80f17aecfed0f5d30205a1cbdd75afe58ca750871e4fe8ab0b55,37,602
question,u13-s008-v007,u13,s008,quadratic-complete-square-basic,PENDING_MANUAL,dc133a38ce4ad64bbca0dbe6d697627f98db2c545acba62044c47039c0a721f6,37,586
question,u13-s008-v008,u13,s008,quadratic-complete-square-basic,PENDING_MANUAL,34804310e2deec2323c25f7c72da2a7341da0a0abbc65f2bea4a5bc1b5f2d8ec,37,542
question,u13-s008-v009,u13,s008,quadratic-complete-square-basic,PENDING_MANUAL,783f5e558767d171d49ce4873b583dec3c6439de91d8cf7983c169d732b3b5eb,37,584
question,u13-s008-v010,u13,s008,quadratic-complete-square-basic,PENDING_MANUAL,a87605040103bbea2eec829cf6a6713e914dcd70d6450bfe8f15ff930ad7cdb2,38,580
question,u13-s008-v011,u13,s008,quadratic-complete-square-basic,PENDING_MANUAL,e64e67548352873fa2076e0c36d90f495a454a952d34b93aaf414183dce72ff9,38,597
question,u13-s008-v012,u13,s008,quadratic-complete-square-basic,PENDING_MANUAL,4ca7718e52b87ffbe7abf0b4f63cbc0faf49655701ac9e86c453f3aa710ac363,38,572
question,u13-s008-cr001,u13,s008,quadratic-complete-square-basic,PENDING_MANUAL,1be15970ca4280f2e6c82b779023303c18b4455824805fd5d64298982560e7c7,37,617
question,u13-s008-cr002,u13,s008,quadratic-complete-square-basic,PENDING_MANUAL,6701249a3409e85c5b49307048b481fa9529f2b6d3b0ba45c15bcd28d6530d67,36,716
lecture,u13-s009-lecture-r1,u13,s009,quadratic-roots-count,PENDING_MANUAL,5c7aa41b9ffcc159f3b5851a0295d110a060c670d720b78763d2282b3f1babc6,129,1905
question,u13-s009-v001,u13,s009,quadratic-roots-count,PENDING_MANUAL,df7242ef9be5904e5e2af48bdf6514bd3293960a2c4875424d484ff64705d3c3,37,510
question,u13-s009-v002,u13,s009,quadratic-roots-count,PENDING_MANUAL,74f39a7d8fc497596e6deed9a64af411eae34eaf77415a6fe4991b273af616e8,37,481
question,u13-s009-v003,u13,s009,quadratic-roots-count,PENDING_MANUAL,d77a50d96d2f757cca270adc3520e2fbb9c91f6c4d962f3a8832dfb96c4736d4,37,498
question,u13-s009-v004,u13,s009,quadratic-roots-count,PENDING_MANUAL,26a2b695d19e3190ba95b4cb1b0b7b80b8593e9c5689d88fbd149822a4b30b4e,37,527
question,u13-s009-v005,u13,s009,quadratic-roots-count,PENDING_MANUAL,448f824becd385b83f566da82c1ac640a8d3895e0e96d85042f2812a04d352ca,37,511
question,u13-s009-v006,u13,s009,quadratic-roots-count,PENDING_MANUAL,72d39e9593b6a85b94b5f36a900fbfb1cde5c6b9e02207f73eb483904bc890ed,37,490
question,u13-s009-v007,u13,s009,quadratic-roots-count,PENDING_MANUAL,6093f4201ab69dc058bc293a518bb87aaaeb21a8571af5a193f99c52b581b7ee,37,598
question,u13-s009-v008,u13,s009,quadratic-roots-count,PENDING_MANUAL,fce05d0bf2602e1fdac104eaf59f14baf9531521b8b9b7fb54e30c28b9a11789,37,589
question,u13-s009-v009,u13,s009,quadratic-roots-count,PENDING_MANUAL,ee9399fb3cc66ca244fbf3b539aa0f974e71e4493b570b4bccbe4780c74ce352,37,546
question,u13-s009-v010,u13,s009,quadratic-roots-count,PENDING_MANUAL,8c62fe684bf4ffb5d74b0b61ab4d794b9fa0279737e11b6884531c54f5f986c8,38,577
question,u13-s009-v011,u13,s009,quadratic-roots-count,PENDING_MANUAL,f7a69b88cffd6c41c651c62dca7234bae24639287b757ed9a7ea4c9f973ecb13,38,574
question,u13-s009-v012,u13,s009,quadratic-roots-count,PENDING_MANUAL,2a00126e4501208b1ef267c8cf7b7d55320b4c2ef879750db229f818fdc694d1,38,605
question,u13-s009-cr001,u13,s009,quadratic-roots-count,PENDING_MANUAL,deefe4a2fcf7af6124d3597db1c6db78edae1faeb58915d9a3919c05650fe1b2,34,648
question,u13-s009-cr002,u13,s009,quadratic-roots-count,PENDING_MANUAL,039cf4fba2485855d0369bfcbba7a089183c4412b012bc663016fade4a01aeaa,38,751
lecture,u13-s010-lecture-r1,u13,s010,quadratic-check-root,PENDING_MANUAL,1bb3dfa12534c37a0878a05651255a34c2ce975877cf7cf0604da4caec7eb631,120,1803
question,u13-s010-v001,u13,s010,quadratic-check-root,PENDING_MANUAL,f7ccf59c1848d89448b2e1f98a5d70ae67b64f4f8e79a7c1ca95f913c061c5cc,37,519
question,u13-s010-v002,u13,s010,quadratic-check-root,PENDING_MANUAL,3aa893321aede3e98d945809e47d61db4304fc4f02ee280076c56760cce8e128,37,501
question,u13-s010-v003,u13,s010,quadratic-check-root,PENDING_MANUAL,fbc583e091f8af160d4b8b6e6c384cb57b55807ca39c823fa062c32ad8799ab2,37,537
question,u13-s010-v004,u13,s010,quadratic-check-root,PENDING_MANUAL,07b83fb8327cee2291d2e75486abb5d05fb0fe4cd38f361043ab17fc9c6d15ac,37,560
question,u13-s010-v005,u13,s010,quadratic-check-root,PENDING_MANUAL,95f40d0f0799dd081474324639b7fb0d908ccc4032acf55f207364a66676aad6,37,532
question,u13-s010-v006,u13,s010,quadratic-check-root,PENDING_MANUAL,8cb20554107372e00bf59c538f097e91dde1f9a8bfd60790946456824d77aa9a,37,680
question,u13-s010-v007,u13,s010,quadratic-check-root,PENDING_MANUAL,a9ba7ef78f4301cd58eeb1deeb7fddc04b2e5e1e8b31d60adac7411296b34abf,37,503
question,u13-s010-v008,u13,s010,quadratic-check-root,PENDING_MANUAL,076e6ac4193b608963fb9d4d916deff846066eead6d6b40e72360c622c4c0710,37,510
question,u13-s010-v009,u13,s010,quadratic-check-root,PENDING_MANUAL,411afa45e9569b509b066b3ec2ab71690158c40fd2b76287eac63286750383c0,37,613
question,u13-s010-v010,u13,s010,quadratic-check-root,PENDING_MANUAL,866b7419c2989f95d1f12590c5ce785c6a664198514da369d50f382cd71c365d,38,672
question,u13-s010-v011,u13,s010,quadratic-check-root,PENDING_MANUAL,68f40e681fd1b64400c6113425e7af1906ac935f420f72ce5c94cf13162faf5b,38,638
question,u13-s010-v012,u13,s010,quadratic-check-root,PENDING_MANUAL,937212e35808de875510a04a82e5506b967eb531517ac6e907269fd5a55bec3e,38,676
question,u13-s010-cr001,u13,s010,quadratic-check-root,PENDING_MANUAL,8aca226074d9b7401a49d5897c8f1410b6fc510ed2c6f94c6fbb72e538cc2912,34,628
question,u13-s010-cr002,u13,s010,quadratic-check-root,PENDING_MANUAL,3bbfa0fc60fc99d0bb1866b4741d5aed3115988dd2251a07840997ea3a7d9fc2,35,717
lecture,u13-s011-lecture-r1,u13,s011,quadratic-formula-basic,PENDING_MANUAL,eee934c9aa25b7fa67ea5752e367e5b992067aa154af7e024d97b8c53105ec7a,134,1802
question,u13-s011-v001,u13,s011,quadratic-formula-basic,PENDING_MANUAL,ff61be8e45d2248ab37ae7708108a7410e40cee1ff96ddcee45549436c7eb89a,37,545
question,u13-s011-v002,u13,s011,quadratic-formula-basic,PENDING_MANUAL,adf33f8cb2627f32a23a6757212dbcc43c0afcfc389d8e43591c376ed63408ea,37,528
question,u13-s011-v003,u13,s011,quadratic-formula-basic,PENDING_MANUAL,61786aa241f1cfc1a032a4ac9a75523c0bc60d9bb32a567b3b855dfff7200920,37,565
question,u13-s011-v004,u13,s011,quadratic-formula-basic,PENDING_MANUAL,4383443d6a616c4571e5ffc014ddd826a6c2cdbb2ba04e30c7e3dbe73cd9d06d,37,571
question,u13-s011-v005,u13,s011,quadratic-formula-basic,PENDING_MANUAL,b1f374bd1f08d3ae5ab8f6a3970eea108339eaf8c5d3eba99c7b1d4654865ad8,37,552
question,u13-s011-v006,u13,s011,quadratic-formula-basic,PENDING_MANUAL,483fe482a9edd79c101345e42d3bdbc4fb195a139b2f67287f7ff926b8372e84,37,608
question,u13-s011-v007,u13,s011,quadratic-formula-basic,PENDING_MANUAL,263bb4704643dd424812204f1758bdccafbee1ab51137bb44c84077452ce22ea,37,593
question,u13-s011-v008,u13,s011,quadratic-formula-basic,PENDING_MANUAL,077c6db1594993c053099a1506b0e8e1e26e373a6e7b48a8178679a5e6bcf689,37,564
question,u13-s011-v009,u13,s011,quadratic-formula-basic,PENDING_MANUAL,f58328fec961e2d79ecf8c1b278ddc81d86de2e6cbd1bb556532756fb33dcbc0,37,626
question,u13-s011-v010,u13,s011,quadratic-formula-basic,PENDING_MANUAL,373b4d5217e237f85a26e2fa8e76ab97bf13c14858527772ef801b640b98f420,38,570
question,u13-s011-v011,u13,s011,quadratic-formula-basic,PENDING_MANUAL,a86774d93d93704345a7d678e43fb1700139c198232e0b0d32e2893d9d044af2,38,575
question,u13-s011-v012,u13,s011,quadratic-formula-basic,PENDING_MANUAL,e84afc59a54dd4be5ee4d9d49af55ea186328feddd1b11f26dce716aa595bfe7,38,555
question,u13-s011-cr001,u13,s011,quadratic-formula-basic,PENDING_MANUAL,52a49ed6219721413fc89bee69c36884240d1d4c16d77b381e44311f3cf0732c,38,585
question,u13-s011-cr002,u13,s011,quadratic-formula-basic,PENDING_MANUAL,ffa5db5bbe8b4e3f80d026a9b50982bc5674d3e35a987f8e04fdf2e752cdedb9,38,778
lecture,u13-s012-lecture-r1,u13,s012,quadratic-word-problem,PENDING_MANUAL,067d0df2f4653b25f153107c0c52269a7126389842b3c907de24a03d95e96602,130,1956
question,u13-s012-v001,u13,s012,quadratic-word-problem,PENDING_MANUAL,95fa77d35c48635b9b7a882cd57b53b1e8c3ab6d57b297702a7e0ac278381b98,37,512
question,u13-s012-v002,u13,s012,quadratic-word-problem,PENDING_MANUAL,e7c285ee08b0da843e6c3b675d98e28ae2eac6adf67a6471ab0d48b05cf858e3,37,524
question,u13-s012-v003,u13,s012,quadratic-word-problem,PENDING_MANUAL,dd4a0780696280d210e2718ee34f4d8e3022c77740311a9997f1f0097a4c0001,37,517
question,u13-s012-v004,u13,s012,quadratic-word-problem,PENDING_MANUAL,81d18a7ddcc024c61e982da3372b56233ae85ed0d808ed5d05a70323fe174572,38,563
question,u13-s012-v005,u13,s012,quadratic-word-problem,PENDING_MANUAL,773a05e53a57961e676d17357b83cef52f5b01b26dec7b0b80bd6e9d5fc8fad6,38,541
question,u13-s012-v006,u13,s012,quadratic-word-problem,PENDING_MANUAL,686c578df7e42d42c9c9a45f4ac88225abdc75b6bf24039d8e3032bcfdaa0fce,37,484
question,u13-s012-v007,u13,s012,quadratic-word-problem,PENDING_MANUAL,6cb45d4c5a199175453f3bbb9fc0a342b3296eb5e364414708a05e8f6a6db298,38,663
question,u13-s012-v008,u13,s012,quadratic-word-problem,PENDING_MANUAL,7fafa0375e512b8c84c7323aa8882c23441e15fca6b46f721eaf7ce3cc9f810b,37,542
question,u13-s012-v009,u13,s012,quadratic-word-problem,PENDING_MANUAL,41c51490e8909425fcfe7f8eb327a95b03b10ec6998ae9684f079da4277c9249,37,549
question,u13-s012-v010,u13,s012,quadratic-word-problem,PENDING_MANUAL,07638e6abf8edec385dbb1d7cf1f27db4d4ca6d3a5c561e18f6316a529b36ad3,38,642
question,u13-s012-v011,u13,s012,quadratic-word-problem,PENDING_MANUAL,9394d411a53c49ecef047ce049f62b44710ffa9dcf4b6c74e5e9072454195ab9,38,575
question,u13-s012-v012,u13,s012,quadratic-word-problem,PENDING_MANUAL,1d35de151e77df3b859942739b0d462438bd2ce841702e7f841a8fec8a6bce65,38,595
question,u13-s012-cr001,u13,s012,quadratic-word-problem,PENDING_MANUAL,7c5ef2262029b8d6b959bb0b15a47bf1c83898e936bde7f850dc07988975003a,37,670
question,u13-s012-cr002,u13,s012,quadratic-word-problem,PENDING_MANUAL,b95cc970d0b1757b1b1f0762782cf730e3230d3a58cbbcf50aa15c354ebc9f32,42,877
lecture,u13-s013-lecture-r1,u13,s013,quadratic-area-problem,PENDING_MANUAL,30a8a9914b2d35d5c721305445b607812183535e6419d18f9560dcf55a179868,138,1976
question,u13-s013-v001,u13,s013,quadratic-area-problem,PENDING_MANUAL,79ab3156b412cb04e1bbb2403a4bd567cc776ead706b60b279ec339124a4d105,38,597
question,u13-s013-v002,u13,s013,quadratic-area-problem,PENDING_MANUAL,0bd8507bcbd655439495d242f9ff83e49a475bc068dde39a60c216c65175a7ea,37,541
question,u13-s013-v003,u13,s013,quadratic-area-problem,PENDING_MANUAL,ee8edce8f8a3558d145b34a288ef8c1f2d56638abff2c1b454571d6df624e6c0,37,538
question,u13-s013-v004,u13,s013,quadratic-area-problem,PENDING_MANUAL,98101e6c49f08a0216f680f32ebc242d9fbff34273408913f3bc62e64a278c50,37,571
question,u13-s013-v005,u13,s013,quadratic-area-problem,PENDING_MANUAL,56d198910e21edbfe97bc4f7659be9eccb9a98cb1fd858654e19f0ae027730ec,37,569
question,u13-s013-v006,u13,s013,quadratic-area-problem,PENDING_MANUAL,e9a4ae4f99bba53028e5d8c877153699f7cea1e2dc47622bdc77853fc23f3cbd,37,651
question,u13-s013-v007,u13,s013,quadratic-area-problem,PENDING_MANUAL,f481f3114cb111e5345a268d2bd1e65b7f8019d17a47d36c1e907c5c2d17a7a7,38,651
question,u13-s013-v008,u13,s013,quadratic-area-problem,PENDING_MANUAL,994ce04cffd0d159419f9ad09f0a3cac9bf85b7b0656cd19ace7f4bf8d4d1a39,37,594
question,u13-s013-v009,u13,s013,quadratic-area-problem,PENDING_MANUAL,6b920e45ae7502c0473941507bfa12e3acd491f24b9f2e547267b35f2d770e0d,37,566
question,u13-s013-v010,u13,s013,quadratic-area-problem,PENDING_MANUAL,a59f49d28482c17b834d4facb5b34f0fc96998c2d760216391595951dd1bbc8d,38,617
question,u13-s013-v011,u13,s013,quadratic-area-problem,PENDING_MANUAL,b9c13baca366d58e5281f8962122c2d803f435882f304b38d31a7c0de69bd249,38,616
question,u13-s013-v012,u13,s013,quadratic-area-problem,PENDING_MANUAL,c3121749931bc4916cae4dcd09dd64598bc97807ec01b4f99ab52347c342aee6,39,661
question,u13-s013-cr001,u13,s013,quadratic-area-problem,PENDING_MANUAL,e19603b638b9906768e950507ebf5b14d8ef85778f79eb8e686a9edba016c28b,39,746
question,u13-s013-cr002,u13,s013,quadratic-area-problem,PENDING_MANUAL,b54064541d4ff957e002c7e5499dc334648be0dcfa5a0ca5093fa086129c7716,40,833
lecture,u13-s014-lecture-r1,u13,s014,quadratic-consecutive-product,PENDING_MANUAL,a27d40e93a2a744d888cff754cc0f2f20504ac2ec3830841f3bef71d1fc04873,134,1881
question,u13-s014-v001,u13,s014,quadratic-consecutive-product,PENDING_MANUAL,08b23eb25424b997bd00fa5940211782e5d4005ba50d127cc434f6f15981b5b9,37,533
question,u13-s014-v002,u13,s014,quadratic-consecutive-product,PENDING_MANUAL,aec70809d34d1980c154288a30d8f4a48b485e66e08dd8d8fdabfd9eb67ce8d5,37,499
question,u13-s014-v003,u13,s014,quadratic-consecutive-product,PENDING_MANUAL,6a01cef33648967b2d301035f3c4ad5724edda14e99984f67e22b742c63f4c6e,37,577
question,u13-s014-v004,u13,s014,quadratic-consecutive-product,PENDING_MANUAL,8f4669cc7a42d12919b9bae99fa5a75df7aae51be48b95fad4d40927e39beb1f,37,544
question,u13-s014-v005,u13,s014,quadratic-consecutive-product,PENDING_MANUAL,f94b7bcad9a5c408a60f5e9179b1e23f2030ae23e098b0291edee33b77171321,37,536
question,u13-s014-v006,u13,s014,quadratic-consecutive-product,PENDING_MANUAL,b6945e7b9a8a9bff7e82675dc341f3109de7f3a84a5b81ed29b31346cc535828,37,524
question,u13-s014-v007,u13,s014,quadratic-consecutive-product,PENDING_MANUAL,08291be6bf13f36eba52ce55cc50debbe30f04bb0dc93ffe91f5e1a70d5f73a8,37,607
question,u13-s014-v008,u13,s014,quadratic-consecutive-product,PENDING_MANUAL,cb4c6dce7119c5ac5b203adfaf31926ed29132917d9c1f15e7b8c045becbadbf,37,604
question,u13-s014-v009,u13,s014,quadratic-consecutive-product,PENDING_MANUAL,ca1d5d7fd718226a045eaf08c3faddbbd11fd0965de33860466de670d5ea59ab,37,533
question,u13-s014-v010,u13,s014,quadratic-consecutive-product,PENDING_MANUAL,8c766aaa9db42e67daf4bc8e287b9eb00de1bd3c055991e832c093b41238c155,38,579
question,u13-s014-v011,u13,s014,quadratic-consecutive-product,PENDING_MANUAL,2ae90fc3e57b038ff0a87d5423cf918547aa1d9bdd9a4d6b4971dbaf517a620d,38,643
question,u13-s014-v012,u13,s014,quadratic-consecutive-product,PENDING_MANUAL,be0ce6e810726f2b6ae01498d8e18f06ef05a40293e6ea4e8d14a855c620ec9c,38,699
question,u13-s014-cr001,u13,s014,quadratic-consecutive-product,PENDING_MANUAL,f2ced8990b92af1a751730f75f0051f96ec99f8c90d877f5f6958bdff9b485a8,37,700
question,u13-s014-cr002,u13,s014,quadratic-consecutive-product,PENDING_MANUAL,a15042e21481e5dbf0e5192bd81bf2cf97535dd81b8ee52d0347b3bcc80f42dd,37,711
lecture,u13-s015-lecture-r1,u13,s015,quadratic-literacy,PENDING_MANUAL,63a9bad17892db5594ff6904a5ec8f31136616e66552cf40f2ddc7af4652b344,133,2059
question,u13-s015-v001,u13,s015,quadratic-literacy,PENDING_MANUAL,f6ac325cc6aee80c97f6680676309997dcb82c28b4ed7f004db9afab4f18b64b,39,686
question,u13-s015-v002,u13,s015,quadratic-literacy,PENDING_MANUAL,53ff8e2451d5bc150da736a8517a021128bd5ce65d7539e034438537c2046bb7,38,625
question,u13-s015-v003,u13,s015,quadratic-literacy,PENDING_MANUAL,b85e10ae8f6bc5d13e475b967636437a6f3e3af6f80bd6218280c8e4011f682e,38,626
question,u13-s015-v004,u13,s015,quadratic-literacy,PENDING_MANUAL,402c484822a2d6b8e8b791e2ba3bca687834da0a82e450377b8a9a144e4feec2,39,589
question,u13-s015-v005,u13,s015,quadratic-literacy,PENDING_MANUAL,3da1f386ea75923a6bec1e18a079a470baea5f2490a65e4703e1fbe1afa55f5b,38,615
question,u13-s015-v006,u13,s015,quadratic-literacy,PENDING_MANUAL,130b516edebc4eab6c28cfc21f00fac349656d1fdf7ff6fc5057dcdd7c745c61,38,663
question,u13-s015-v007,u13,s015,quadratic-literacy,PENDING_MANUAL,c0757a6b398489aa5f10ff9ee6ca589c4d8bfa87f7fd0b6fee537aac34881920,38,574
question,u13-s015-v008,u13,s015,quadratic-literacy,PENDING_MANUAL,c8ed9ccc1f44224f613761909b34ec39566f899702ddc333a97888aa63663575,38,600
question,u13-s015-v009,u13,s015,quadratic-literacy,PENDING_MANUAL,abf0f75af93612fa86d59130c05ce97e41529fe677bc6013ce2c626923be46b1,38,562
question,u13-s015-v010,u13,s015,quadratic-literacy,PENDING_MANUAL,49ce4ae3aaa7ed4b02d4d58918da68259b05f39008c05619d557ef8c9b129021,38,601
question,u13-s015-v011,u13,s015,quadratic-literacy,PENDING_MANUAL,d0251e9ca182185c4f3a6c8f6c4110fbfc917e21e95a6bd2758fc2a675df342d,38,651
question,u13-s015-v012,u13,s015,quadratic-literacy,PENDING_MANUAL,60520d3d5634a7f7e9ad05fef6321e28a9858c06bcf90b41696d49c34d3a1e4f,38,663
question,u13-s015-cr001,u13,s015,quadratic-literacy,PENDING_MANUAL,66eef9f9003e2e33f4316b066638184f15c2b1973cb44bc77119ee7047bc0a09,38,713
question,u13-s015-cr002,u13,s015,quadratic-literacy,PENDING_MANUAL,600e352337dae9844c501c9ef1aef39b4766380686022ca369ab32f9578e0c60,40,806
lecture,u14-s001-lecture-r1,u14,s001,sequence-pattern,PENDING_MANUAL,a0ed3389ff92be3c8e5733bb843a4764eece69921e868f59718ff5cd7070b69f,140,1861
question,u14-s001-v001,u14,s001,sequence-pattern,PENDING_MANUAL,86c9f7dd15341ca8319ef118553634e7e0ad26c1ceb7799b05bb04753969d9ce,38,656
question,u14-s001-v002,u14,s001,sequence-pattern,PENDING_MANUAL,58dae4a512fe569af11e5bdbfca8170dd448976e52258ad6cfbbe615781d328e,39,665
question,u14-s001-v003,u14,s001,sequence-pattern,PENDING_MANUAL,fb8a87b01817050677d5d5a9236e1d5ffe68a102f7bcab39a8c9151ebf2ec0e9,38,627
question,u14-s001-v004,u14,s001,sequence-pattern,PENDING_MANUAL,d052106600404cac90b1af5cde9d48688f05aa286722f5a85a64086a2bc1a01c,38,670
question,u14-s001-v005,u14,s001,sequence-pattern,PENDING_MANUAL,51b418cfcd9072c4ac3fc2a1b11654ed9f516f38e783eb25d9ed006cdf073d18,38,642
question,u14-s001-v006,u14,s001,sequence-pattern,PENDING_MANUAL,0d6651ea4ed30d3d0f062a9826cbb8fd6852d3fb34777a213bbe7c331eacf5f0,40,649
question,u14-s001-v007,u14,s001,sequence-pattern,PENDING_MANUAL,c0fc6c97175e1df8cebb43f44020835d309d6ae526ae292570f450562f831ebe,39,693
question,u14-s001-v008,u14,s001,sequence-pattern,PENDING_MANUAL,12ec348058a5df71b1fd9731e95183dfef905c227a5366f0c810d821270f9a38,39,668
question,u14-s001-v009,u14,s001,sequence-pattern,PENDING_MANUAL,b0cf4a6d1b37d639123f53dc18465ed96f92233588f801d3fa545a7bd013f47b,38,647
question,u14-s001-v010,u14,s001,sequence-pattern,PENDING_MANUAL,99674d1cd4d1ebfd40c070b36922e26cea473a4aa721f350efedcd6c0a884370,42,859
question,u14-s001-v011,u14,s001,sequence-pattern,PENDING_MANUAL,7e815d325ba73a5e2be89e167b9ca41aa0843394f30e71cad4a5bd2574ec89a5,40,717
question,u14-s001-v012,u14,s001,sequence-pattern,PENDING_MANUAL,84303b2e317dad664885af46a1db9d6ec7dcf1a7a723f5be8c6e7028b8c81ae3,39,724
question,u14-s001-cr001,u14,s001,sequence-pattern,PENDING_MANUAL,71427706ac6660483f49d0d52cbd25a18f708850df2337ed366227ef7a63dfca,40,924
question,u14-s001-cr002,u14,s001,sequence-pattern,PENDING_MANUAL,5a7616c08c0805297a873015e2651114b635e55ac01a38ac8c4d0a128ddb5f81,37,753
lecture,u14-s002-lecture-r1,u14,s002,arithmetic-sequence-nth,PENDING_MANUAL,cf918e4806d97f436f8797cde6fe0f2e6d878de74d2af05f7fb2c8ad5dd389b7,141,1850
question,u14-s002-v001,u14,s002,arithmetic-sequence-nth,PENDING_MANUAL,8d6d8ba547152ecbac9516fa0fa110f426daf5347a5e23cb0aa63effcc752424,40,624
question,u14-s002-v002,u14,s002,arithmetic-sequence-nth,PENDING_MANUAL,dd510b153282ad0f477eaa34ab25c578b340a2f8ce6e03720631753893f4ad1c,39,608
question,u14-s002-v003,u14,s002,arithmetic-sequence-nth,PENDING_MANUAL,47a9e47f22c37591f3c22d9d573383b8905f7b329bd92c876fd11a2a7c4f0082,39,633
question,u14-s002-v004,u14,s002,arithmetic-sequence-nth,PENDING_MANUAL,408ca729ce0fc6caf5388abd965388a0c32f471b46d3a44079b8ee9bb36e2524,40,615
question,u14-s002-v005,u14,s002,arithmetic-sequence-nth,PENDING_MANUAL,736ee4e2630ac3c9cfb3ff84d2a3487e339bd5fcbbbbe601802006d2a3bae5bd,42,730
question,u14-s002-v006,u14,s002,arithmetic-sequence-nth,PENDING_MANUAL,bb96b488d261e0ddd0fd6e03b9fe655b7d5c5dd362384203145b372c3dd1bd53,39,634
question,u14-s002-v007,u14,s002,arithmetic-sequence-nth,PENDING_MANUAL,f008c5f84d1036a4b267ece6e107c3e52b308c417a7af533959989d345d5c938,40,689
question,u14-s002-v008,u14,s002,arithmetic-sequence-nth,PENDING_MANUAL,356ac13a2b50dc9d54f01a281db5ba59541c83f3a7cac4c59682cf7514e52bec,40,688
question,u14-s002-v009,u14,s002,arithmetic-sequence-nth,PENDING_MANUAL,717f97be7bc8184af694cd3ec841876cd44db3934c3d431aa92cf104ab1a9872,41,661
question,u14-s002-v010,u14,s002,arithmetic-sequence-nth,PENDING_MANUAL,5b0f554733daf58e01957aca94642b3faa368063d0aa42963144cfcbe930218d,41,715
question,u14-s002-v011,u14,s002,arithmetic-sequence-nth,PENDING_MANUAL,05450f1ca0069774e0fee85681b89761ec83d4ce5d3bae53a8e685e6fc74c6eb,41,702
question,u14-s002-v012,u14,s002,arithmetic-sequence-nth,PENDING_MANUAL,3764b51be23a8ee72f24785e2a6db5fc594e3d8dc1a8c9f799b2ca487cca98d7,41,778
question,u14-s002-cr001,u14,s002,arithmetic-sequence-nth,PENDING_MANUAL,9bee7ba6641f70308c89a94d7271db7f0d287ee5cd9d172a148847a178ac6a4e,39,854
question,u14-s002-cr002,u14,s002,arithmetic-sequence-nth,PENDING_MANUAL,01208722d4a26a7cdae04ed217668e5e6c1b231b2a35a1b650b10278a456f073,37,763
lecture,u14-s003-lecture-r1,u14,s003,arithmetic-sequence-common-diff,PENDING_MANUAL,ed9ac54f2318df24f1b52217e361553f3abf53f5b589b12820018fe80835f773,139,1721
question,u14-s003-v001,u14,s003,arithmetic-sequence-common-diff,PENDING_MANUAL,532d1d40af0f96b34a84c4984df9209962785d6afd8f1c2fc0fa54595ef8b294,39,622
question,u14-s003-v002,u14,s003,arithmetic-sequence-common-diff,PENDING_MANUAL,bf7f7797b40165db0444ef36838bef11f114f2953e645d1cb9fd56867701a3cf,39,610
question,u14-s003-v003,u14,s003,arithmetic-sequence-common-diff,PENDING_MANUAL,5b429c10d6fdbc955685faa2f821a020646987c35da262d64c568c6213efc962,40,628
question,u14-s003-v004,u14,s003,arithmetic-sequence-common-diff,PENDING_MANUAL,c393aa0047336c9253bbdeaacc780faaa2381eebf109c8d790483e7f7a12cba7,41,723
question,u14-s003-v005,u14,s003,arithmetic-sequence-common-diff,PENDING_MANUAL,7f4183ab6af416e97a1e1298bbddfe299ff1283f3fb87f41c7042691afdc2ff9,39,657
question,u14-s003-v006,u14,s003,arithmetic-sequence-common-diff,PENDING_MANUAL,9366b6051d92971c539d7c6dc176ed0166eeeabdf6c6bfdf4a153a283d5bb406,40,649
question,u14-s003-v007,u14,s003,arithmetic-sequence-common-diff,PENDING_MANUAL,3edf3367da0dfa1652aea294e9df0daa3acdbdcc15b61b861fc5895ae9855825,41,705
question,u14-s003-v008,u14,s003,arithmetic-sequence-common-diff,PENDING_MANUAL,54cfa0a9732edb8a8986acb5d1f5ffcf087f47b145da75658f307594388f6a50,40,671
question,u14-s003-v009,u14,s003,arithmetic-sequence-common-diff,PENDING_MANUAL,3271a7406ef199b25b7ebb80c03f77de5e37b437d5566eb0c5e89ca2f9989ad0,39,736
question,u14-s003-v010,u14,s003,arithmetic-sequence-common-diff,PENDING_MANUAL,702821a53c3ca1a7e5b7c34855b4db41ea5576d1d5ee6e8160614dc42160faf1,40,805
question,u14-s003-v011,u14,s003,arithmetic-sequence-common-diff,PENDING_MANUAL,eec95b1ee28d7bab5664e05c979643efd4012ab218560efe25da56244d7ae297,40,749
question,u14-s003-v012,u14,s003,arithmetic-sequence-common-diff,PENDING_MANUAL,a0912c9090eb2278667fb02f99ceb9f65bdf76883a65f8546fdd6c36f3b9640f,41,739
question,u14-s003-cr001,u14,s003,arithmetic-sequence-common-diff,PENDING_MANUAL,525c978233608256639bd2b403eb4cd0e19a98d24b7e19ce2f272743b4aaca45,39,871
question,u14-s003-cr002,u14,s003,arithmetic-sequence-common-diff,PENDING_MANUAL,cc7984b39915a04fd75a63589779b4123ce065a7a757765275b97085624d6e37,39,801
lecture,u14-s004-lecture-r1,u14,s004,geometric-basic,PENDING_MANUAL,8040fab5720a3c02ff070e8da2436d0c55e4ef0f669d458bcaa6e8c35117f949,138,1680
question,u14-s004-v001,u14,s004,geometric-basic,PENDING_MANUAL,29a791dcd43937b5e088a6e84e3670278432b1449402cca7e6dbb19e10bcc36c,39,578
question,u14-s004-v002,u14,s004,geometric-basic,PENDING_MANUAL,aa282dcdca75565deefa9b5c0cddfc00f2d65a1a95a155ab8bb221c90a690f00,39,595
question,u14-s004-v003,u14,s004,geometric-basic,PENDING_MANUAL,292780ab3cdd79e650f2ce726991f57777e60514bf79884eeeaf956dc666a735,39,633
question,u14-s004-v004,u14,s004,geometric-basic,PENDING_MANUAL,be7f82e6b7a2f757c986c8d76586ac5aabfece8e33b69a885dda2195320dcab3,39,732
question,u14-s004-v005,u14,s004,geometric-basic,PENDING_MANUAL,48d57502584fc198488df1c0b2217aaee400b0322da7abc3969a26ada8283314,39,617
question,u14-s004-v006,u14,s004,geometric-basic,PENDING_MANUAL,debc0983aba0abe15efb06f8a5bf814d8c27ddfda7be038182c026674e86edd1,40,639
question,u14-s004-v007,u14,s004,geometric-basic,PENDING_MANUAL,5e2a00feb73b55c1b35231ff497fb7050cbccf5c13b2d04c0c203f4136445f63,39,659
question,u14-s004-v008,u14,s004,geometric-basic,PENDING_MANUAL,0b5f998ffa0f91efafab063f5ea7dc1fe2650a85f4b2404cdca0f97a3d1f9b32,40,682
question,u14-s004-v009,u14,s004,geometric-basic,PENDING_MANUAL,c75d793359b25369dd48d5e3966f977d514445af8e113a1c7c0f70d14908d1b4,41,678
question,u14-s004-v010,u14,s004,geometric-basic,PENDING_MANUAL,05a52d6b7d678e754891587a8eba1e150c0b57fb0e959d2feeb8d3c9652176e4,42,730
question,u14-s004-v011,u14,s004,geometric-basic,PENDING_MANUAL,e6c049dcbed3f9114557497923860bb428ffa363fe17d2b02acf014a40082372,41,770
question,u14-s004-v012,u14,s004,geometric-basic,PENDING_MANUAL,34efc86bcc29195bedc8eff8bbecb8c865ec365c1afec81af2e1dc3e84ef9b97,42,691
question,u14-s004-cr001,u14,s004,geometric-basic,PENDING_MANUAL,4baf66c926958d98f5f1c2459dd6239519f3a067c123f317d30a4508d3aa1d13,39,809
question,u14-s004-cr002,u14,s004,geometric-basic,PENDING_MANUAL,6ed5dd908e2ffffc5355be7c0df99253e99bd04113df28d92f125b5aaa92f4b3,37,769
lecture,u14-s005-lecture-r1,u14,s005,sequence-nth-term,PENDING_MANUAL,8abe7e882e460c10b82f8ac4829810019504bf85544a2d2d6c9f7e8cbd206bb6,143,1832
question,u14-s005-v001,u14,s005,sequence-nth-term,PENDING_MANUAL,346fcd8f9b6f5e7160986493395d0e95c146e0d802a8a66ab97adb6a4adfc949,39,575
question,u14-s005-v002,u14,s005,sequence-nth-term,PENDING_MANUAL,62136578927c5267bd85334bf0a90d9b3ee1c9d634d1f563e63b9e58144b550c,39,656
question,u14-s005-v003,u14,s005,sequence-nth-term,PENDING_MANUAL,05beef5f9015996207e08f29b07c43749a45a3cb7415f2bb774a4008e1d59ef1,39,587
question,u14-s005-v004,u14,s005,sequence-nth-term,PENDING_MANUAL,7709ca16587db014160e87d86d86e3ebd686cfd79c9db31c5f566dbf0385d5a8,39,661
question,u14-s005-v005,u14,s005,sequence-nth-term,PENDING_MANUAL,6d1d0318828af40cdc310386afe638bb02128bd91c48c178dc276ecbd3dcdcd8,39,629
question,u14-s005-v006,u14,s005,sequence-nth-term,PENDING_MANUAL,23ce4dd83a782ade15805a4fb97fbc3a746ec72265af82ebe4d4f042e82d716b,39,614
question,u14-s005-v007,u14,s005,sequence-nth-term,PENDING_MANUAL,d87b6e4ad0c4b81cc26251baf9d58a1f14fd5e2fe8f5c62b0d9d0e8f994d82d2,39,647
question,u14-s005-v008,u14,s005,sequence-nth-term,PENDING_MANUAL,339d8bc1506d34f73fbb03adc9c134b296e8f37102ba223e0b1c16bb252f10e9,39,642
question,u14-s005-v009,u14,s005,sequence-nth-term,PENDING_MANUAL,f5b3cca86ab507efe2abc809adecacd83155b347bb2347892b8ffea24ee885d5,39,691
question,u14-s005-v010,u14,s005,sequence-nth-term,PENDING_MANUAL,0ca5d365535ad6aa6f1673c1e828e5278b8e6f6b786ca39d42cffc4579b1c078,40,679
question,u14-s005-v011,u14,s005,sequence-nth-term,PENDING_MANUAL,ff029492285c807446923566ad02d94ca817d040dfcd4c2e47ba926249785363,40,665
question,u14-s005-v012,u14,s005,sequence-nth-term,PENDING_MANUAL,2a4e45de2ec9ae6098eecb37c1aebb006b957bad440c920af0a1f777e23e2ac2,40,663
question,u14-s005-cr001,u14,s005,sequence-nth-term,PENDING_MANUAL,58b852c9687af546d7a4c3aff06876bdb4a09782109fcc2f89d8d06583984edd,37,762
question,u14-s005-cr002,u14,s005,sequence-nth-term,PENDING_MANUAL,f82f5acad60a501e31a20b8c694a165b3361a961525a9d6ffb1445a72cd8131e,39,803
lecture,u14-s006-lecture-r1,u14,s006,arithmetic-mean-term,PENDING_MANUAL,2dcdca51ff37542e82ab3a40114603c21f29a8008cd8d1cd65b389ced9392368,140,1789
question,u14-s006-v001,u14,s006,arithmetic-mean-term,PENDING_MANUAL,455450ee61bd6171f1a1d202538309b3a18ab03c9cc4c6cc91a923509df70ab4,39,561
question,u14-s006-v002,u14,s006,arithmetic-mean-term,PENDING_MANUAL,51d4cdea64e132c113344d54918b254cf98215c8c0f7fada51416873c6d2f926,39,620
question,u14-s006-v003,u14,s006,arithmetic-mean-term,PENDING_MANUAL,1ec6e235beaad14e4ee03d077031746989061cdb90eb31b6f2f7b02b5164ce6d,39,584
question,u14-s006-v004,u14,s006,arithmetic-mean-term,PENDING_MANUAL,a936ede050d768484d26162f984019022f3eb8043f11a12b20ecb15415924a17,39,595
question,u14-s006-v005,u14,s006,arithmetic-mean-term,PENDING_MANUAL,e950440a0016d52136875ca8c5717d7972c58358e498d844edcde390459c1240,40,643
question,u14-s006-v006,u14,s006,arithmetic-mean-term,PENDING_MANUAL,6fa18c7b1507f462b312bd693b4987fcc3c3e02a56c1d217721b1cc8c30ec0c2,39,639
question,u14-s006-v007,u14,s006,arithmetic-mean-term,PENDING_MANUAL,61125107653af80025e8a23aa493263b81d5809aaebea64e965273cc8d1472ca,41,647
question,u14-s006-v008,u14,s006,arithmetic-mean-term,PENDING_MANUAL,e0cba0b3e2cfbb757ecf775e1ba64079db0103b0da6a5110df0e44c0df61ee02,40,632
question,u14-s006-v009,u14,s006,arithmetic-mean-term,PENDING_MANUAL,159601d64fec85503f8f449249006ee2e86bff258de87663b6150ea4694feb11,40,643
question,u14-s006-v010,u14,s006,arithmetic-mean-term,PENDING_MANUAL,6579ed96a94f6e22537d6a85604f4774746d060b1b01e9e05f410c24d182d7eb,40,755
question,u14-s006-v011,u14,s006,arithmetic-mean-term,PENDING_MANUAL,4085d9fdde569abe8de7771192006e7d69eef100eaa1187450464c4108be3971,42,774
question,u14-s006-v012,u14,s006,arithmetic-mean-term,PENDING_MANUAL,0b53bc417a3d522705586392bbec560e0546d74d21837a29e167a3efcd4c2c32,42,751
question,u14-s006-cr001,u14,s006,arithmetic-mean-term,PENDING_MANUAL,209b698f24937694317008d43217027aa8915e7c62b44281433f10154256bb49,37,801
question,u14-s006-cr002,u14,s006,arithmetic-mean-term,PENDING_MANUAL,a65bcd584d9825217040d9d8fb9383bfcd748aac0c7f6366de047a69e71d5e75,39,799
lecture,u14-s007-lecture-r1,u14,s007,sequence-pattern-word,PENDING_MANUAL,c9824dd34031583f28e373a4c02e63b351dba82f3012af6bb9df44ec8d0ec0da,141,1865
question,u14-s007-v001,u14,s007,sequence-pattern-word,PENDING_MANUAL,720e0e612bfbbf545d57a2f123b0f1a4e641a842657c8404b8e4bc1e277658fc,39,593
question,u14-s007-v002,u14,s007,sequence-pattern-word,PENDING_MANUAL,1a7109dc33e26feeae7b7906632c248ca3b66ebda2fe21f4f589d7020f36f79d,39,600
question,u14-s007-v003,u14,s007,sequence-pattern-word,PENDING_MANUAL,cabc0485517d7af1843f20519d72b41721dd127912e7abb18b27430f022d4ce7,41,789
question,u14-s007-v004,u14,s007,sequence-pattern-word,PENDING_MANUAL,17f65c12abdf0bf8d946ee8cadb26f407cdd42c141e691aeb8f57e1735239e95,40,681
question,u14-s007-v005,u14,s007,sequence-pattern-word,PENDING_MANUAL,cfc30fb12508ca3d9488202b2bb26d886f73b0b9809bea4e161c69a0d7c867ee,39,664
question,u14-s007-v006,u14,s007,sequence-pattern-word,PENDING_MANUAL,4093327396a4bd982d055b190d5600b387c4b940c9da7033065dea62d59af6ce,40,669
question,u14-s007-v007,u14,s007,sequence-pattern-word,PENDING_MANUAL,f45ea86a7d6fd21d0165c83094d4edeab8581f691c13caf519eefc8664c8993a,40,641
question,u14-s007-v008,u14,s007,sequence-pattern-word,PENDING_MANUAL,02ab337f9b71c0e3bece345ea800f59e23d6a1e6ae352c21d60bf35c6657f53c,40,690
question,u14-s007-v009,u14,s007,sequence-pattern-word,PENDING_MANUAL,117c1fd3cf79662659035f9155ab2a9f296556e624953761104e69edb0f20f49,40,661
question,u14-s007-v010,u14,s007,sequence-pattern-word,PENDING_MANUAL,59dee9405487a1375177646cf8086b1d2259a675c3c0c7bde9abb70c04409f34,41,672
question,u14-s007-v011,u14,s007,sequence-pattern-word,PENDING_MANUAL,d96f9790043ea6871d7afa0577e8c98e6b48890f559228861af58e85590d5899,40,637
question,u14-s007-v012,u14,s007,sequence-pattern-word,PENDING_MANUAL,201a560e749671763aac9dd54d1adee9037439cb53ee7cf1b3272d4c9f55c4e8,40,675
question,u14-s007-cr001,u14,s007,sequence-pattern-word,PENDING_MANUAL,509029c0dc07151756a9ac605ff0c1c778d40d748681da01b8f3d52953ca0db8,39,896
question,u14-s007-cr002,u14,s007,sequence-pattern-word,PENDING_MANUAL,2184fc1e49de7b8f9f5fbd5596263cb26f6e82a628540f5ba010b156f74db808,37,868
lecture,u14-s008-lecture-r1,u14,s008,geometric-nth-basic,PENDING_MANUAL,668b721cf903c3895e12f4021f5bb44e6ab35e9e917786f91a504f595667b906,139,1746
question,u14-s008-v001,u14,s008,geometric-nth-basic,PENDING_MANUAL,ceb366e34178a608092b307c8db9c0eaf0fa16b4d5986c1659144778ebc51713,40,591
question,u14-s008-v002,u14,s008,geometric-nth-basic,PENDING_MANUAL,258ec88c4ba1bf1fb5798b025e3b7fafeb96e1e3b247895ee2e8212efc016641,40,584
question,u14-s008-v003,u14,s008,geometric-nth-basic,PENDING_MANUAL,4fb14d54c6eec7b30ef9b08559b20a0b201a9bffc53e21c07086f9292f200364,40,632
question,u14-s008-v004,u14,s008,geometric-nth-basic,PENDING_MANUAL,0cfedc508320d2ff304388574873eda40f20efac82700742d0cb1ebb4df171ec,40,619
question,u14-s008-v005,u14,s008,geometric-nth-basic,PENDING_MANUAL,5ebcb8759b66f58cad9d0e22eff8b612caa45d5f262bea7347f5f40a66b77102,41,634
question,u14-s008-v006,u14,s008,geometric-nth-basic,PENDING_MANUAL,36bb81cc13213500a4fbaf44e699668fe29e01f0a509453a5c1a87f0b00d622e,39,652
question,u14-s008-v007,u14,s008,geometric-nth-basic,PENDING_MANUAL,c0edf882c1818493cbbc4ed21e66ac701bab3550409269b9e4846add991c4b82,41,696
question,u14-s008-v008,u14,s008,geometric-nth-basic,PENDING_MANUAL,200895219f2fcdcf594265455a0666b5f3589ee574abb62c1a215539ab50eba6,41,636
question,u14-s008-v009,u14,s008,geometric-nth-basic,PENDING_MANUAL,8017a46d46766cb33db0957673aeee910e8ea98506e3830bc715be188b32b2bf,40,679
question,u14-s008-v010,u14,s008,geometric-nth-basic,PENDING_MANUAL,ae75f22daee00dd615bc72df4c52878d8744ee0ded294512a94ab7d6728eca4c,41,708
question,u14-s008-v011,u14,s008,geometric-nth-basic,PENDING_MANUAL,9cf91d4f9758247df729895bd3d073d32829a793a772733431ce808350882cd2,41,720
question,u14-s008-v012,u14,s008,geometric-nth-basic,PENDING_MANUAL,8dd78ee403e441231cd78e74ad5041753b4c5d6d9bea515a80a59c77806371cb,41,681
question,u14-s008-cr001,u14,s008,geometric-nth-basic,PENDING_MANUAL,60ff04cf98188b6aa48467d5ad68bc9afeed3aa85ea5655c5bfefec0eec4af9f,39,810
question,u14-s008-cr002,u14,s008,geometric-nth-basic,PENDING_MANUAL,3c4dfe631a86132cdc164ad6cc6e0cc0fb0128aac88922aa725202a2ea585c77,37,912
lecture,u14-s009-lecture-r1,u14,s009,arithmetic-series-sum,PENDING_MANUAL,f54456bef85afea5b16e9581633cd50752eca432f619b0609729468fa576a57c,140,1854
question,u14-s009-v001,u14,s009,arithmetic-series-sum,PENDING_MANUAL,812f3175b9cf1d783e0c570f257948338db1306f1ea2fbe9dc8e51f773205dcb,39,626
question,u14-s009-v002,u14,s009,arithmetic-series-sum,PENDING_MANUAL,e52f65d8e795524f563322714a3209a8838e09658b003f1dbfdb03d9be516653,41,652
question,u14-s009-v003,u14,s009,arithmetic-series-sum,PENDING_MANUAL,aaca2bd8c060e82833207886dfff920241b618b4f6f6b6adb0c78fb4b5149bc0,41,639
question,u14-s009-v004,u14,s009,arithmetic-series-sum,PENDING_MANUAL,ca13572e6061b6514963abff53bdfce69ccf3a394fe579082b69b0f6288c82fa,41,666
question,u14-s009-v005,u14,s009,arithmetic-series-sum,PENDING_MANUAL,577c46c81961138f6b13bc03d544a2652dcfecc1518d7270b40487f06474a919,41,634
question,u14-s009-v006,u14,s009,arithmetic-series-sum,PENDING_MANUAL,977e02e4604c3a8213517ac5c56e628082c97345ee4f85837716efaa1daec8cc,40,643
question,u14-s009-v007,u14,s009,arithmetic-series-sum,PENDING_MANUAL,e0db1696cd245da9e0557eb15dadfcf53d7849cab6c9ec187803b134ef03cb88,39,665
question,u14-s009-v008,u14,s009,arithmetic-series-sum,PENDING_MANUAL,b4790ba972ed2c9f50de7dd15e7ae3f6ba81dba9e9a3f069144aa37ab11befec,41,710
question,u14-s009-v009,u14,s009,arithmetic-series-sum,PENDING_MANUAL,7b1fee3bcc141e2755c55d82d405a4137e17b9b083ede7feaa619c78c34ef917,40,686
question,u14-s009-v010,u14,s009,arithmetic-series-sum,PENDING_MANUAL,045f344f5e6f6a502a8469edb1bf623de44e936c12cb05555b5aae8c797cb27b,42,696
question,u14-s009-v011,u14,s009,arithmetic-series-sum,PENDING_MANUAL,f94fa3b44025af898b118ddf7a73a6b7741e1aa6bf136cf820d3ef650f551380,42,719
question,u14-s009-v012,u14,s009,arithmetic-series-sum,PENDING_MANUAL,39ac357975345e92aba7a7ef4475141220987d6d00a6bbf1d8bdf57d3d34647f,42,669
question,u14-s009-cr001,u14,s009,arithmetic-series-sum,PENDING_MANUAL,d8f749a607703e416d311efd09be0526e8452d92880665b2f171f245c1e4148c,37,769
question,u14-s009-cr002,u14,s009,arithmetic-series-sum,PENDING_MANUAL,91c196f568f5b988363dc50c7d64a63577113ce389d93593703cd13a2c81f48d,37,841
lecture,u14-s010-lecture-r1,u14,s010,arithmetic-series-word,PENDING_MANUAL,97919a9f4d61636ea76a2eda7a79c9dac3d773132703754669823ac6f8ba0989,141,1774
question,u14-s010-v001,u14,s010,arithmetic-series-word,PENDING_MANUAL,7853c050da6b2da599673242e64d4acee4e8d3ca3bc44a91ba635362426e8a6a,39,616
question,u14-s010-v002,u14,s010,arithmetic-series-word,PENDING_MANUAL,06435ecd5539cbdad9fb46bf4f1f2e80fcdeab70fbeea4c8a8fee797c227bc8e,39,591
question,u14-s010-v003,u14,s010,arithmetic-series-word,PENDING_MANUAL,7b3216ad77439c1868542f874e5a210f8f2ffb1f3d777e8759c758f581110c8f,41,623
question,u14-s010-v004,u14,s010,arithmetic-series-word,PENDING_MANUAL,0082607565beb69dc962a2fa317ea082f71e02d85ec4f4935baee2c66651ab18,41,648
question,u14-s010-v005,u14,s010,arithmetic-series-word,PENDING_MANUAL,0c48d4742c3d0dc57a6125c59b02999906f6c4e04c42ee92d5287dbfcc89fc41,41,662
question,u14-s010-v006,u14,s010,arithmetic-series-word,PENDING_MANUAL,c091d9ed3babc92206cd6d245b976ce634a4c8d59ce1c33abd031136a90dbcae,40,656
question,u14-s010-v007,u14,s010,arithmetic-series-word,PENDING_MANUAL,f64bf9d346813c9cae27e49de2756c146b36f32a03c2895cf0bcb8c746cc17c2,41,674
question,u14-s010-v008,u14,s010,arithmetic-series-word,PENDING_MANUAL,08ca6b534f43a06ce0675c97f082a05e69798da8ccc9103c386407296b5d69e5,41,686
question,u14-s010-v009,u14,s010,arithmetic-series-word,PENDING_MANUAL,8aeb24823297c97d6213a761981559367a8194c2d8efbeda37a32527e26e31e8,41,731
question,u14-s010-v010,u14,s010,arithmetic-series-word,PENDING_MANUAL,9366d07df15394c16e68577bc64309fb79137871104f1759e4fc2c5939d2bc92,44,763
question,u14-s010-v011,u14,s010,arithmetic-series-word,PENDING_MANUAL,13fb95021f3bf898f342a7013fa0d6f8fce283cca7e6d349c8455f1f7fb9203e,42,704
question,u14-s010-v012,u14,s010,arithmetic-series-word,PENDING_MANUAL,becd0a85b58ad706bd7a6344e5b0692b007b982241b574889d38031c47b35c06,42,712
question,u14-s010-cr001,u14,s010,arithmetic-series-word,PENDING_MANUAL,af0e0b77e7f16826d6aac7d64e849d5a23f9ce4ab330e6a2afdd6fd7d23c7bb8,37,821
question,u14-s010-cr002,u14,s010,arithmetic-series-word,PENDING_MANUAL,11bc4c591d11d573b40a7fc693cc22dcaa99beb875a44ae513e7e4fbe55e6e2b,37,896
lecture,u14-s011-lecture-r1,u14,s011,series-sum-word,PENDING_MANUAL,1fdca155e5ba286b4facd6121ef67898e8520e0ae20f338b4fd7dfdc8835b6b9,137,1821
question,u14-s011-v001,u14,s011,series-sum-word,PENDING_MANUAL,333269618cc8ae3eadb3f2a427fa3303cfb229b6e6278044f93e5209a53fabd5,41,624
question,u14-s011-v002,u14,s011,series-sum-word,PENDING_MANUAL,6eaeb4296f4d809fc6fa556f792cd5b4135dc2f872bf730df96cf6ea41f330bc,40,644
question,u14-s011-v003,u14,s011,series-sum-word,PENDING_MANUAL,28688972fe2dc8d5ea9c6d6a42b3f0f5bb18ada72ed347b504f498825b06ac37,39,640
question,u14-s011-v004,u14,s011,series-sum-word,PENDING_MANUAL,0f4835f402bd81bf2c1119aa98b2d8389fa88f8fcca7ba8e2694484b36fd392b,41,665
question,u14-s011-v005,u14,s011,series-sum-word,PENDING_MANUAL,9d83d10f75917bcf703d84189045ff84e385606328f690d8259e1947ea14de23,41,780
question,u14-s011-v006,u14,s011,series-sum-word,PENDING_MANUAL,920b9db1b4ff1fad751f3a22f526755b237ce2d2baa4449cb2b5b7470068c31e,41,645
question,u14-s011-v007,u14,s011,series-sum-word,PENDING_MANUAL,642caa908fc0bfc0689824b78e6e4a4e42622c79997015669ecd0dd881617e99,39,634
question,u14-s011-v008,u14,s011,series-sum-word,PENDING_MANUAL,4ceb0606c96c4e2770f0a3a0c7a335d3187ceec66c645e32bd5db549b97cd447,41,689
question,u14-s011-v009,u14,s011,series-sum-word,PENDING_MANUAL,9ed51ace92de996f161b16a871b2a12ba665c5216e0999cd6ab9723df2066bac,39,643
question,u14-s011-v010,u14,s011,series-sum-word,PENDING_MANUAL,e55579dddd060f3d0dbc972308b7839e64dd2f6199906ebc310b9fc8da0734d5,41,713
question,u14-s011-v011,u14,s011,series-sum-word,PENDING_MANUAL,ed8bb499a362d741dddb55dbe915990857e96653b7355100862483983318331d,42,698
question,u14-s011-v012,u14,s011,series-sum-word,PENDING_MANUAL,34405caed2ef8f6ae51ed53206d96856a990b5e882e136ee1e75c2a078eab130,42,723
question,u14-s011-cr001,u14,s011,series-sum-word,PENDING_MANUAL,416b5aee2015108593c284ff6ba738e0f02d8a8d1b83dbce50569713bcca7c97,41,1089
question,u14-s011-cr002,u14,s011,series-sum-word,PENDING_MANUAL,84fda19e23e97bbd1822ce2795797352e98ecbadfd0787efbf18659652611682,39,896
lecture,u14-s012-lecture-r1,u14,s012,sequence-literacy,PENDING_MANUAL,7b0c83435a76f484c1b107b8a645684170b061eede616b06da09b78300c58741,143,1884
question,u14-s012-v001,u14,s012,sequence-literacy,PENDING_MANUAL,839f713de40eb0a5da1cd2743fdeed8c2dd75343f5fa36d93698f2fd07df9c73,40,646
question,u14-s012-v002,u14,s012,sequence-literacy,PENDING_MANUAL,bc555f59ffdd76ba80bfe9110e55252a72b2259be06206f8db6dd5c44f732008,39,609
question,u14-s012-v003,u14,s012,sequence-literacy,PENDING_MANUAL,b7a85469a29c93df29f7a16313eccc13d412ed2a97abe4c52e32e1bdd367ccef,42,727
question,u14-s012-v004,u14,s012,sequence-literacy,PENDING_MANUAL,cb4424afc86e4e8b8fce0af98bd9bca9fd8c304063533941ebf983b400f244f8,39,739
question,u14-s012-v005,u14,s012,sequence-literacy,PENDING_MANUAL,ef9006b5ca4e6d2787a6911829de6b29216a27f3c75f42fc611f7a533e1946d6,40,622
question,u14-s012-v006,u14,s012,sequence-literacy,PENDING_MANUAL,f27c8e517a244d69b72906961aa028e45a056bce2a4e91e80daec929fd477900,40,652
question,u14-s012-v007,u14,s012,sequence-literacy,PENDING_MANUAL,c98824fac48c644e9bbc4de5fe0f4f27bf93b08103c4ee453a57a35ada935ff3,40,616
question,u14-s012-v008,u14,s012,sequence-literacy,PENDING_MANUAL,066918f8dc6cca06092d8950c684f1576513efc3d6a63c46e1f9151a0cabfcc0,39,731
question,u14-s012-v009,u14,s012,sequence-literacy,PENDING_MANUAL,1d88a768defad1f4fa6ed3b96fd52ead2d6a7193fb31a1aaa82436f2273c9c71,41,718
question,u14-s012-v010,u14,s012,sequence-literacy,PENDING_MANUAL,572b1c1e8bcc8f044eb33ada033dc9d9ed585edceadcd6208ddde03123e0fb34,42,736
question,u14-s012-v011,u14,s012,sequence-literacy,PENDING_MANUAL,692aa9def851ec632ca6e6bb4e3477166b640a0b1197a7c96c646fc130901c72,40,704
question,u14-s012-v012,u14,s012,sequence-literacy,PENDING_MANUAL,15edd3d2f4490cee79e54118c49731793df81ecb0294d68710b27ef5a364225f,42,738
question,u14-s012-cr001,u14,s012,sequence-literacy,PENDING_MANUAL,31a65b7a644a447cf1c8d6de32fbc796beba070da837f8678d35f30333861992,37,870
question,u14-s012-cr002,u14,s012,sequence-literacy,PENDING_MANUAL,0855e8ca41b0ae8133f4981dfef230e2dc2219084ff95a51a979aa6b248c1a4b,39,887
lecture,u15-s001-lecture,u15,s001,function-definition,PENDING_MANUAL,8b83861d391cddb5b6c08b3025774a6f9bacd7cea465af392fb29160d776eb2e,85,1922
question,u15-s001-mc01,u15,s001,function-definition,PENDING_MANUAL,aa274ea805ad6799454e1a4d399efc070b2d44a5bca6950a74bcd483a5638dc9,39,1131
question,u15-s001-mc02,u15,s001,function-definition,PENDING_MANUAL,fcf73176fa5d9981c0558f6e56b9fa6ad8fe31b4f230dcfda6b0174384e79ee2,39,1113
question,u15-s001-mc03,u15,s001,function-definition,PENDING_MANUAL,d1bda77d879caf5685b9e391e8826deb258751758ad38f176e7bf6c2c0424f22,42,1116
question,u15-s001-mc04,u15,s001,function-definition,PENDING_MANUAL,9fd29673dcd1ca274845e02dbdea788495f5801aa0f7381752f4f56fd6879ce6,39,1146
question,u15-s001-mc05,u15,s001,function-definition,PENDING_MANUAL,5e70f9af871d6c7f575add028487e56f06b345f9dcb0e1dfc4d31f023bd16dfe,39,1153
question,u15-s001-mc06,u15,s001,function-definition,PENDING_MANUAL,e07912a12553d7d7f84daaccd7f58547c85517c402390dbecc7d8d648d31dab5,39,998
question,u15-s001-mc07,u15,s001,function-definition,PENDING_MANUAL,155dc519b880cabbeb86152ca6d1d0f17433d8e8dd01e0e5a63680ab3407192c,44,1194
question,u15-s001-mc08,u15,s001,function-definition,PENDING_MANUAL,c85cb72c971851823855bf64a78722d1133e768e4b9feba08234c2bac9a6acc5,42,1234
question,u15-s001-mc09,u15,s001,function-definition,PENDING_MANUAL,6e586249217488ec8a99cd841225a72cad7e17d843f92e1fcaa1576f9fe949f2,39,1151
question,u15-s001-mc10,u15,s001,function-definition,PENDING_MANUAL,16c11b5c17e6617fcae71d5be4e563d2df6b4e235a6f09a925b231b8987ebce9,39,1204
question,u15-s001-mc11,u15,s001,function-definition,PENDING_MANUAL,b0d11561948ced58e6b457ecef90cedf3fb640fc9c0a463bf661b60f552407b8,39,1078
question,u15-s001-mc12,u15,s001,function-definition,PENDING_MANUAL,b806ade22ccbb5f291843a75212ec37b1bd6ff528057c6f90fff40872090d472,39,1190
question,u15-s001-cr01,u15,s001,function-definition,PENDING_MANUAL,b66fff804b894da0ec130f6afbe6316f197d20abd6511be5251ac1e0ece0d7fd,33,1121
question,u15-s001-cr02,u15,s001,function-definition,PENDING_MANUAL,4353fcb493b60387bdc4fe0fe29ba4fbc5257a2480f1edd9efa235208b9726f0,33,1121
lecture,u15-s002-lecture,u15,s002,function-value,PENDING_MANUAL,050e9d2c4b5c65d55bb67c9c7829279fa3fce747df1f9dac8810f02a4e1757a2,86,1786
question,u15-s002-mc01,u15,s002,function-value,PENDING_MANUAL,efc9749760724319de9bc8e1da5a60d4edfc62618539f592b04b96c9c2e19382,39,927
question,u15-s002-mc02,u15,s002,function-value,PENDING_MANUAL,2e49de82be31bf5834975295aa3d22233e0355618ba3b1d02c8021555ab9d612,42,1181
question,u15-s002-mc03,u15,s002,function-value,PENDING_MANUAL,82ce0b8b745f994cb78f04e629c250c3f0e0e98bf724a702660da7670c260b1b,39,943
question,u15-s002-mc04,u15,s002,function-value,PENDING_MANUAL,ca4a276f4cbdee79227dcb34d8c72e09b52ebeafcea10ff027d34a368c1b109a,38,1160
question,u15-s002-mc05,u15,s002,function-value,PENDING_MANUAL,4ababb532518fb2f169e99e6282b2435b5ef8983d0d14588c3a953da4759756b,39,962
question,u15-s002-mc06,u15,s002,function-value,PENDING_MANUAL,731af36e959e7dc0673f2e9d7b0de8bb9345001aac357ebc5df03ae259c5fd33,42,1010
question,u15-s002-mc07,u15,s002,function-value,PENDING_MANUAL,ef3b0d5cc0202d15e9bad3a237ac3f81b3b00f0c7302ab033952335a28de87ad,42,1049
question,u15-s002-mc08,u15,s002,function-value,PENDING_MANUAL,ac049627a2e093a17c26908b1ddde987966629e0a5ade2e89c74d1c22be537ee,39,1025
question,u15-s002-mc09,u15,s002,function-value,PENDING_MANUAL,dd340ebd7697416e4ba72d63631bd05ec3d52f668b71c776c3e03417a0492c8f,42,1107
question,u15-s002-mc10,u15,s002,function-value,PENDING_MANUAL,fdb78c1153616e75b1ab53b2c3d890098d89448e5d5d2fb909dce3887a8dcbbc,39,1097
question,u15-s002-mc11,u15,s002,function-value,PENDING_MANUAL,cfa0fcf98d07dc839c528cb029c6f437bc1ad4d2be87a354885923323cd7467f,39,1006
question,u15-s002-mc12,u15,s002,function-value,PENDING_MANUAL,757acecc893c7b1329c906b2e6b88572453c410aa86d4d15ea6c2c14b8b37610,39,1074
question,u15-s002-cr01,u15,s002,function-value,PENDING_MANUAL,4d6389104376d1ed5baa4b51b066fac676743117ecda93e45efc3bdf7ebb0a97,33,1256
question,u15-s002-cr02,u15,s002,function-value,PENDING_MANUAL,4b8c9a20725d8090ff6bdc3c2dc7af45e4e8e40afadf7058b92ec58c22b3919f,33,1171
lecture,u15-s003-lecture,u15,s003,function-input-output,PENDING_MANUAL,651bd4a1d986c9c1143a476f8005aa35e58ff3828d91b4e330672529d1e9e040,86,1765
question,u15-s003-mc01,u15,s003,function-input-output,PENDING_MANUAL,4f4c4bc5c7e3a3eef6c42da7ba578c7041c8f64ea7268a48ab6a7741a6d15d16,39,962
question,u15-s003-mc02,u15,s003,function-input-output,PENDING_MANUAL,0d907ea09dac11e41a1b3807ea920d9fde0b1001ed7a19f84f1958801de53281,39,1067
question,u15-s003-mc03,u15,s003,function-input-output,PENDING_MANUAL,c7534cf354ab78869d35a9ea790fb1e9f83b36d56973a1797bb812f9c1a343c0,39,976
question,u15-s003-mc04,u15,s003,function-input-output,PENDING_MANUAL,9b8cd52977ddcc2ef345642903c8bb8d647a5054733b34e16c1b352f2400c720,39,1097
question,u15-s003-mc05,u15,s003,function-input-output,PENDING_MANUAL,cb9f895113c95598d399cd96a68b90ee6929ce41fe3341d32c735a19c7f7e8a0,39,1101
question,u15-s003-mc06,u15,s003,function-input-output,PENDING_MANUAL,29f4819de3bcae085ef2de8f8b3c4eb425b707dbb02888631dd0b7990d1f9e4c,39,1143
question,u15-s003-mc07,u15,s003,function-input-output,PENDING_MANUAL,27952a2da5fd50c316fdcef9b2847659466abceaf78bd3d717a0a77651018fb1,42,1191
question,u15-s003-mc08,u15,s003,function-input-output,PENDING_MANUAL,b71b6eba5b18cb2acf638a1b1e8eff6ba130d48ef94d9b620d90c091d77363d4,39,1148
question,u15-s003-mc09,u15,s003,function-input-output,PENDING_MANUAL,9e9a9eb92ebf15a24011f52798436be7b04ed24419b51bae0f1c69b953849e84,39,1150
question,u15-s003-mc10,u15,s003,function-input-output,PENDING_MANUAL,2e125d673b668f0d5c7d8fa5ca94314adf535a7d324855786f0b5fe0146ad3ee,39,1191
question,u15-s003-mc11,u15,s003,function-input-output,PENDING_MANUAL,451d3d4715d202d465cfb0ed64705908cce4acb33271706322a34d90bf5538bf,39,1212
question,u15-s003-mc12,u15,s003,function-input-output,PENDING_MANUAL,7e173a7b7b3c646d34083e85adb005a6ae966f8a53d57c56a63ba4db0128b756,39,1166
question,u15-s003-cr01,u15,s003,function-input-output,PENDING_MANUAL,443aeb55dc7d8f47ef017f3d007a6457d6ca0a9fcbef9b02b74e8b66b63e131a,33,1250
question,u15-s003-cr02,u15,s003,function-input-output,PENDING_MANUAL,37fe7b9f4f9e8fe6acc5aef50647256a76d21d2a8f1464fbb15758ac07d4606c,33,1222
lecture,u15-s004-lecture,u15,s004,function-notation,PENDING_MANUAL,454b2e0398d8c4d7852c9e9538ebd1983d427a52ac3ac5e7433cab1b947fbd0f,86,1830
question,u15-s004-mc01,u15,s004,function-notation,PENDING_MANUAL,e421896e8dad10e76f404e639e7a5bbbe1d28fe2e2efd51eb92b427b4a3298fe,39,1059
question,u15-s004-mc02,u15,s004,function-notation,PENDING_MANUAL,371a5f1dddcdddac1b4d6119c46099a27044a385c46629469629177787ad0fea,36,1186
question,u15-s004-mc03,u15,s004,function-notation,PENDING_MANUAL,8b94cf1ceaff6e1e00495664eb9760725402fe6039f2ab07f9446e043a15afef,39,951
question,u15-s004-mc04,u15,s004,function-notation,PENDING_MANUAL,143635ded0e6e59fff3a1fa8cc33f438370ffb2026a27940d28d20a6f024a295,39,1036
question,u15-s004-mc05,u15,s004,function-notation,PENDING_MANUAL,013316f744c4fa68cdbd8aca70361a6a3e3ec165a7b979f14c61e810f2ff09c7,42,986
question,u15-s004-mc06,u15,s004,function-notation,PENDING_MANUAL,54812ec3776f1275007340cc219591f4db8fea00293cba3c49bd2b71d0fd31e7,39,960
question,u15-s004-mc07,u15,s004,function-notation,PENDING_MANUAL,d57330a1cdf4b7714ab19fec179e7035a56ef703b92d93f8e66764a0aa0088a7,39,984
question,u15-s004-mc08,u15,s004,function-notation,PENDING_MANUAL,8f623a3a1bbbeaeb2f0a0e6a83d0ac62989c6e47274ab5af425d123ca7915082,39,939
question,u15-s004-mc09,u15,s004,function-notation,PENDING_MANUAL,d117a62ecbd366a198d1a1c875978561ef84e0dacae27b9be9daa320c21ceb66,42,1070
question,u15-s004-mc10,u15,s004,function-notation,PENDING_MANUAL,ee8f303ed9cda3eb80c6e4088bee4fcf00f632cf8ccf6ef19a71b2fdca6268ca,39,1135
question,u15-s004-mc11,u15,s004,function-notation,PENDING_MANUAL,4802b5dd8aa155090ce5f89491483212a31b31e5bfecbb6fd9ad76fc5adf1863,39,1061
question,u15-s004-mc12,u15,s004,function-notation,PENDING_MANUAL,8b5bdd4fb68a220290466731d42f00160771709e5e5f6b6a22e3f9085c188982,39,1143
question,u15-s004-cr01,u15,s004,function-notation,PENDING_MANUAL,e8b26104f9a046424e0201277c76cf587d06af68cfd762a381f1d396b0e85745,33,1206
question,u15-s004-cr02,u15,s004,function-notation,PENDING_MANUAL,41f81e7a68172e90e8c7b0c8a1f5f30b33354a61c6e15230e387c21c1aad3f10,33,1224
lecture,u15-s005-lecture,u15,s005,function-domain-range-basic,PENDING_MANUAL,382c7e6b04b53f295e2a3e58eec79aa85a3e8c65efa1922eef0bed8277babd4d,86,1746
question,u15-s005-mc01,u15,s005,function-domain-range-basic,PENDING_MANUAL,1f2230fa01d451efac1923aba8f2aaee8b13993f6b3e49d928b441370fc80078,39,986
question,u15-s005-mc02,u15,s005,function-domain-range-basic,PENDING_MANUAL,496fc9f3b1852636b6336051a09a8ade988a36010d66da0be4f7dd8be757aeb0,39,968
question,u15-s005-mc03,u15,s005,function-domain-range-basic,PENDING_MANUAL,6f657d50da4bf66e44c1903f67878f79f430f5d5a3e9860997b3c1bcbd7c37b2,39,985
question,u15-s005-mc04,u15,s005,function-domain-range-basic,PENDING_MANUAL,561160f014a31000de8006876cf32c0418e9b3fb3c0b9e6216d1e65999fd2b79,39,1056
question,u15-s005-mc05,u15,s005,function-domain-range-basic,PENDING_MANUAL,00642efab03bc44704a8a25b909742190362bc2e41cdcdccdbf79bc79404f065,39,1049
question,u15-s005-mc06,u15,s005,function-domain-range-basic,PENDING_MANUAL,19ac0a35c61d4a654c8c2bfb912f7063a84dc230d59f66989083be99cf8a5e68,39,1003
question,u15-s005-mc07,u15,s005,function-domain-range-basic,PENDING_MANUAL,269593b9ad6fea64b390a1db489c6981b16b663500d1a5978f2189152f5ebeb5,39,1126
question,u15-s005-mc08,u15,s005,function-domain-range-basic,PENDING_MANUAL,9d76def8928a04e52457c18189157535091ffa3cd53c43085d2654958b76577c,42,1080
question,u15-s005-mc09,u15,s005,function-domain-range-basic,PENDING_MANUAL,fc340e8eec909d8a6b6db74bfc4dbcdb4fbbb70a53f804d24d1c73d295136528,39,1066
question,u15-s005-mc10,u15,s005,function-domain-range-basic,PENDING_MANUAL,636877a7bcd2435f6188cc0b836237c695f28e93b61ef57e282a951937fc5ebe,39,1080
question,u15-s005-mc11,u15,s005,function-domain-range-basic,PENDING_MANUAL,c42a54abcb85ff0487093198b88ea73b7c4abc86bb01f33051a74dfd87446062,39,1315
question,u15-s005-mc12,u15,s005,function-domain-range-basic,PENDING_MANUAL,7f8bb7a03583f7bf975e0b97287856308f56ee06b00b76c619012cb0fa941f8b,39,1268
question,u15-s005-cr01,u15,s005,function-domain-range-basic,PENDING_MANUAL,7931c6f479d1abddaaf003abdc725b08f4ef580ad817b99dd3f9958753447feb,33,1392
question,u15-s005-cr02,u15,s005,function-domain-range-basic,PENDING_MANUAL,8aabf0c2c994a53ee32e3c8b8063913aa0e27d5bfa362d0a03cfff83a5808788,33,1133
lecture,u15-s006-lecture,u15,s006,function-table-graph,PENDING_MANUAL,3e7115e44b8ff8ec66dff9dc477c4acd4e5f0231d419afffcb3a523afa89993f,88,1860
question,u15-s006-mc01,u15,s006,function-table-graph,PENDING_MANUAL,f28e6fd710f73fa8a212d1a66338fe1daefefd52ab1322b2f647eea978e2daeb,41,1037
question,u15-s006-mc02,u15,s006,function-table-graph,PENDING_MANUAL,a1b08893f6de88735c5b886caff8a9ef1b5bc7e494281aa15311f11963a7ae1a,39,1001
question,u15-s006-mc03,u15,s006,function-table-graph,PENDING_MANUAL,9da244bb7c9329127f93a0dfbdd1aef58c1bdbee75cb3e5d40d986a628417d2d,39,1076
question,u15-s006-mc04,u15,s006,function-table-graph,PENDING_MANUAL,7ecd76e382d46d77a1e8d19354deb06b8ff5bc9893f3e969d2236a647c436eb2,39,987
question,u15-s006-mc05,u15,s006,function-table-graph,PENDING_MANUAL,47cd715f6c3c5d99353085d545670a3d013c47718608f005abbd32a5e4f06eeb,39,1129
question,u15-s006-mc06,u15,s006,function-table-graph,PENDING_MANUAL,174e853af376c01a4a8aadf075d487b307b52f51bd78216943df547187e9e73a,39,1007
question,u15-s006-mc07,u15,s006,function-table-graph,PENDING_MANUAL,55b9a2312973502c854e00e0e0780085e03b763047e7be826a41eb1020397d23,39,1141
question,u15-s006-mc08,u15,s006,function-table-graph,PENDING_MANUAL,097a691cb0515d9af85ec9ff1adb27fff66261f70edcdae40eb21d13e93d04bb,39,1010
question,u15-s006-mc09,u15,s006,function-table-graph,PENDING_MANUAL,f06558da671f220a9f1fa4533d96f00dd233c547bc2cb1f853dabc9151c9c10c,39,1190
question,u15-s006-mc10,u15,s006,function-table-graph,PENDING_MANUAL,c8127e8370d771695e24eff822aa90aee306cba1011559f2a9b833b8ee6cdaad,39,1078
question,u15-s006-mc11,u15,s006,function-table-graph,PENDING_MANUAL,3106e9d660dd3f689ea59bdb4c6f2269fd74f390b056a4c75972dcb3bbe61ac4,39,1033
question,u15-s006-mc12,u15,s006,function-table-graph,PENDING_MANUAL,3442929a6ecc9efc6c9d2cf3e959d14dc5a9b8a1d53ef5b90999be88f60e9748,41,1159
question,u15-s006-cr01,u15,s006,function-table-graph,PENDING_MANUAL,9c5557348f684fd71c3a34cc6f34b93d502ddd301fef5d2541f50d64012a1cf0,33,1110
question,u15-s006-cr02,u15,s006,function-table-graph,PENDING_MANUAL,3a7bb233cf4af3068299d004e1331c1c54bbf9d4661ea73999eb847f92ba81bf,33,1150
lecture,u15-s007-lecture,u15,s007,linear-function-graph,PENDING_MANUAL,a9a8b4d42433098fac0d529e3e8f9c4cf19f6f891977cebda358de0641a41d56,89,1872
question,u15-s007-mc01,u15,s007,linear-function-graph,PENDING_MANUAL,a0b80b79558f58af3fd6c5bc4e2ae0bbae0a97a27e92c2441eaa759af8942cbe,39,1043
question,u15-s007-mc02,u15,s007,linear-function-graph,PENDING_MANUAL,1b7239b5a952a49c302365ee93fc6c8cf972c0e219efcde2f52c33b61e1d0a50,39,982
question,u15-s007-mc03,u15,s007,linear-function-graph,PENDING_MANUAL,a3090ad9c1f55c5b5273af15083b6ab2c8e47163921c9c4df42c601f09708c65,39,1062
question,u15-s007-mc04,u15,s007,linear-function-graph,PENDING_MANUAL,e140205e2c60540e785376188ae203bc0a807e152854a076b721c72c8cc038b7,39,1026
question,u15-s007-mc05,u15,s007,linear-function-graph,PENDING_MANUAL,093369cd488252a5c1c016f95a17b18614da590693e0baebc2fb0f4cb02676ee,39,950
question,u15-s007-mc06,u15,s007,linear-function-graph,PENDING_MANUAL,1bb4ff760cbec6afd84fd472573b30126f453669432bf72cb30752851fd470eb,39,997
question,u15-s007-mc07,u15,s007,linear-function-graph,PENDING_MANUAL,f3bc842ba5dcb1dd403cf232029fa19ac53ac8e766b0390530de159893727a19,39,1040
question,u15-s007-mc08,u15,s007,linear-function-graph,PENDING_MANUAL,2db67f7b584864e6343d65053773e18572feec18a68a3c7c3d7c4f2bce55d583,39,957
question,u15-s007-mc09,u15,s007,linear-function-graph,PENDING_MANUAL,51e710ffcec3624855f27f520f81055acedd47cd8a56de2649ebe98c42dbad52,39,1034
question,u15-s007-mc10,u15,s007,linear-function-graph,PENDING_MANUAL,f8ebaee4023aaade0f788a656d740491186a107cff2a9d070d17d32a8f46e0c4,39,1057
question,u15-s007-mc11,u15,s007,linear-function-graph,PENDING_MANUAL,ad885282eb36bbddd2e854cbcc21909e39f3a081cdbaf94377cd8f480b704c62,39,1098
question,u15-s007-mc12,u15,s007,linear-function-graph,PENDING_MANUAL,b2e161187dc7c629b94874124f0bd7ba96577d708e0234e6ddb6ffcbded83676,39,1140
question,u15-s007-cr01,u15,s007,linear-function-graph,PENDING_MANUAL,80ba9c15854b3fe51aed5eaab39d90ac607f7da03bae9af982a13a38facdfb6c,33,1165
question,u15-s007-cr02,u15,s007,linear-function-graph,PENDING_MANUAL,b3099fb99b3f96e674799a8dc4f9a9cd0b6501aa8d6a78d9ad2a4c8fab6736f7,33,1147
lecture,u15-s008-lecture,u15,s008,linear-function-slope-intercept,PENDING_MANUAL,2571b7aa1637e9b39a0dd93952f512f28f7254df9a080b4fbef5d5c8c088b543,88,1799
question,u15-s008-mc01,u15,s008,linear-function-slope-intercept,PENDING_MANUAL,9efaaf8be16361aff794c2ac5a03ef9fc71d3c97a3012b20b262d65e2f1789ab,39,948
question,u15-s008-mc02,u15,s008,linear-function-slope-intercept,PENDING_MANUAL,a906652d532a37d42ccb8cdd9924b30d4f5c30a31df41a7ac8beeb6deefa22eb,39,968
question,u15-s008-mc03,u15,s008,linear-function-slope-intercept,PENDING_MANUAL,54c17016f2db6cd71cb19f9fec35556ceaa16c88b06020f37b3f6b07ffc8f5e6,39,969
question,u15-s008-mc04,u15,s008,linear-function-slope-intercept,PENDING_MANUAL,58e4ea6fb85b10a6a1e0c1afb57deb7c1929e6b389edf6b2cf80fcc996d0251e,39,998
question,u15-s008-mc05,u15,s008,linear-function-slope-intercept,PENDING_MANUAL,9aad28ec9c2fea6e0398aa8a543b222b05de1ec0e40da3d307ede2c73e78946f,39,995
question,u15-s008-mc06,u15,s008,linear-function-slope-intercept,PENDING_MANUAL,4186efe506a7c9cf490e091e0cf28ae806d71d3cec67252a109df167e9d9ff8a,39,986
question,u15-s008-mc07,u15,s008,linear-function-slope-intercept,PENDING_MANUAL,df7459f4940ceec135c1be757ef54c40d2e2762203ede095a0c94883b7edeab3,39,900
question,u15-s008-mc08,u15,s008,linear-function-slope-intercept,PENDING_MANUAL,a7e3fa2756502bcb79e7ac4b4c97cb13ed6cb462a3f15242c8601dadec0b36b4,39,1026
question,u15-s008-mc09,u15,s008,linear-function-slope-intercept,PENDING_MANUAL,0c9c81699250f95e192bca859ac87f4511cb4827b97c784066e84f7486c5ce38,39,1009
question,u15-s008-mc10,u15,s008,linear-function-slope-intercept,PENDING_MANUAL,995f79119bc0fc0b1ade1b2fa272271e814bc6e1743c81ea53273a41d11c1fd6,39,1093
question,u15-s008-mc11,u15,s008,linear-function-slope-intercept,PENDING_MANUAL,94000f4a04269575679aac95bda40a2c40636b9ee6694867793fabb7ae2566cf,39,1123
question,u15-s008-mc12,u15,s008,linear-function-slope-intercept,PENDING_MANUAL,1da901e724a96294921ea614608552187f9db1fac4cccce3a5add05e8522797a,39,1096
question,u15-s008-cr01,u15,s008,linear-function-slope-intercept,PENDING_MANUAL,52bfbd11866dcf3b579de1b699abd0e77670f3539d1f80635c970bdc0e40bace,33,1160
question,u15-s008-cr02,u15,s008,linear-function-slope-intercept,PENDING_MANUAL,2ef784f627847eb10e1b16bfc7a06f9a23339d5f239460d6cea5d49b7648189e,33,1057
lecture,u15-s009-lecture,u15,s009,linear-function-rate,PENDING_MANUAL,10a20d706c7f31d939466cb20627e39902a4d9e719b544afeac431123527968a,88,1820
question,u15-s009-mc01,u15,s009,linear-function-rate,PENDING_MANUAL,6d6eea34cb3f1e4ea9e16b844e30efaaff8c70c08e55e38cad0b2ba8dd24468f,39,916
question,u15-s009-mc02,u15,s009,linear-function-rate,PENDING_MANUAL,b6ad457be083a23c02bc9d1ed9fe71700864e4bf62cebff243c47570362c3d23,39,910
question,u15-s009-mc03,u15,s009,linear-function-rate,PENDING_MANUAL,1b34a700d332468076f8c79a64de5f3512dc385b0a2c07e30af5f3dec62e7f47,39,918
question,u15-s009-mc04,u15,s009,linear-function-rate,PENDING_MANUAL,fbd3478f957a656b71abb883c26be9f1b6eea9dc7262ceacfed858057e45b1f4,39,954
question,u15-s009-mc05,u15,s009,linear-function-rate,PENDING_MANUAL,f78616bc311ce3916d941a0ada86c6e8cb79d3c7f114b1fefb08f64fdd44aedd,39,1038
question,u15-s009-mc06,u15,s009,linear-function-rate,PENDING_MANUAL,0f5cfcd43eb6d4a02dbf7c3577044ad95a612b906233c1652d634f535d054767,39,1064
question,u15-s009-mc07,u15,s009,linear-function-rate,PENDING_MANUAL,cb14ef2e1052e51d89de3800d672f862324bd69967f2693af2ba4ec0944bfc1d,39,1002
question,u15-s009-mc08,u15,s009,linear-function-rate,PENDING_MANUAL,3493bc92c9ae48f30b6520b6764fde77ca2ac27e23d86bdca26d88dade67e4a8,39,996
question,u15-s009-mc09,u15,s009,linear-function-rate,PENDING_MANUAL,418126890d072b30348c81cde60718d8683dcf1f007d21c5b3442d82cf81389c,39,1001
question,u15-s009-mc10,u15,s009,linear-function-rate,PENDING_MANUAL,3ccfaa0b67c8c0dd8c377725ab2522a3eb30e3840fab9c0b18a32352d8d4bf23,39,1122
question,u15-s009-mc11,u15,s009,linear-function-rate,PENDING_MANUAL,b98ed6f98701154ba6256793d66319da2b0d390365f526000826b96f38d3c5f1,39,1082
question,u15-s009-mc12,u15,s009,linear-function-rate,PENDING_MANUAL,6db19ae66a8b71f0f4fe472b0f57a6eafa45310be8362ae24d20beadf38bfcfc,39,1287
question,u15-s009-cr01,u15,s009,linear-function-rate,PENDING_MANUAL,c8c3532595b48fac4109a68b2743bb96a7d5e74cf1d7c25cf851313b37a59b7b,33,1178
question,u15-s009-cr02,u15,s009,linear-function-rate,PENDING_MANUAL,b8951dec20c8d84a465ea5a3384f537ef0fb5643288ed074a7310df4af1886f6,33,1139
lecture,u15-s010-lecture,u15,s010,function-graph-read-point,PENDING_MANUAL,e526173b12f9ffb4e05372074430cd1173bf975b51c4fd5027366c5b65a09dec,88,1882
question,u15-s010-mc01,u15,s010,function-graph-read-point,PENDING_MANUAL,9645a52aa551a9c0ee772019ce33629bcb3b3cd9a563da91ddd743c28084a83f,41,989
question,u15-s010-mc02,u15,s010,function-graph-read-point,PENDING_MANUAL,fa4a2f8e825647648578e65aea159aca04d5553de36befb4b7c2bacecab6e404,39,974
question,u15-s010-mc03,u15,s010,function-graph-read-point,PENDING_MANUAL,358f25d0187f448788eddbd8cc02a43f426fc8a5594763b9fd54bd8471e2fd09,39,999
question,u15-s010-mc04,u15,s010,function-graph-read-point,PENDING_MANUAL,ada3f74417e9977573a1b5ad286b705f7e505050c6b4dada6b61dec794d368f2,39,1001
question,u15-s010-mc05,u15,s010,function-graph-read-point,PENDING_MANUAL,98e245db611eb5174792854f3c8534e1dedae134831bdb96bdace3a0970459a2,39,1047
question,u15-s010-mc06,u15,s010,function-graph-read-point,PENDING_MANUAL,3a85886bac248ea746b903342e287a393f62793fdbacda5cb0e16873c4dd89b2,39,1028
question,u15-s010-mc07,u15,s010,function-graph-read-point,PENDING_MANUAL,da2e4d17aae57ae70727182a96d630b4b7d738d7af5165f2c3e41fc1e6b3b8da,41,1112
question,u15-s010-mc08,u15,s010,function-graph-read-point,PENDING_MANUAL,b9630987807a026dba7d71a9710511c7719201dfbcd61c1bd0b96519e0f3b173,39,1015
question,u15-s010-mc09,u15,s010,function-graph-read-point,PENDING_MANUAL,eb60d46cb24a5bb59c7cf99fa012e6a497cb30b887e76ad145b45b7737f1ee6a,39,1017
question,u15-s010-mc10,u15,s010,function-graph-read-point,PENDING_MANUAL,2701dd9e562480e04681cb69916678a4a62411c21f8b74400b46be017037f0bb,39,1123
question,u15-s010-mc11,u15,s010,function-graph-read-point,PENDING_MANUAL,7c8201cae20d17eda4f88e2b6c01d53a0a436ddd8047ea8adebde135a18dce2d,39,1067
question,u15-s010-mc12,u15,s010,function-graph-read-point,PENDING_MANUAL,c354fb42e8bbb36f3c4fe1d00dba7097e99a488164b8ca28057f35a6993d2505,39,1143
question,u15-s010-cr01,u15,s010,function-graph-read-point,PENDING_MANUAL,232afe911cd8e0ec91804f21566e96ef36af994f2b87d262f517ad41e9ef58a1,35,1342
question,u15-s010-cr02,u15,s010,function-graph-read-point,PENDING_MANUAL,668d7bb41eb0c38fa9c53d51eb207dd7140b3987927cb3d6235f16a878f8236f,35,1241
lecture,u15-s011-lecture,u15,s011,piecewise-linear-basic,PENDING_MANUAL,b59901508111086b5011f6beeee604676e42e84ace61547d74f1656b9a833f84,88,1844
question,u15-s011-mc01,u15,s011,piecewise-linear-basic,PENDING_MANUAL,3c46fbeb8eaf6613de240423acd8e909ef73a8855cd724f3ade825ff9d92c738,39,908
question,u15-s011-mc02,u15,s011,piecewise-linear-basic,PENDING_MANUAL,39578a974cbe636b0ceeda3d7e857d7582927d4d74debb947244fe4c7a6cc7a5,39,920
question,u15-s011-mc03,u15,s011,piecewise-linear-basic,PENDING_MANUAL,960bf79aa3957afffcdd23e20a8d41ef6e59b6782253844ee506a7087b0e7100,39,1066
question,u15-s011-mc04,u15,s011,piecewise-linear-basic,PENDING_MANUAL,f91caffad7b20ea20e2ccf74a565d7bfbcae08fdc54bf57623aa1e8a6b41273d,39,952
question,u15-s011-mc05,u15,s011,piecewise-linear-basic,PENDING_MANUAL,dd0259f87745935d8fa35c415af24c3a4354ef7f0c34b76e4689c379526b2e87,39,1007
question,u15-s011-mc06,u15,s011,piecewise-linear-basic,PENDING_MANUAL,7b32a3f90476407c32d7d26199648b9a379b340a7477fd0fec2f284651393f9e,41,1195
question,u15-s011-mc07,u15,s011,piecewise-linear-basic,PENDING_MANUAL,5ffc76ff9dcf283bb491a80891e9debd323a9499f3001ff8477b984a30ce6bde,39,994
question,u15-s011-mc08,u15,s011,piecewise-linear-basic,PENDING_MANUAL,04ba6b565d56b8b3e9bfdc6e182234280a984fd729f15d4e1704e09d7211160a,39,1102
question,u15-s011-mc09,u15,s011,piecewise-linear-basic,PENDING_MANUAL,4a86009eb044b76c32f35ddc3d92b22d7341a08d0a9c1ad44a28c236f3cc75fc,41,1232
question,u15-s011-mc10,u15,s011,piecewise-linear-basic,PENDING_MANUAL,9462da7f7034f7460bb856bb16d909a634bd71990fe27d4b04b58e4bdc513274,39,1077
question,u15-s011-mc11,u15,s011,piecewise-linear-basic,PENDING_MANUAL,3f4dcd94cf2601586dcf89efeccb8ef98f47547d358da8f31b3e12dd6f5d0fe6,39,982
question,u15-s011-mc12,u15,s011,piecewise-linear-basic,PENDING_MANUAL,1c2fe13def713aad263798a9c1996c345a658e64f8a24ddbd09ec4d8bcb75489,39,1021
question,u15-s011-cr01,u15,s011,piecewise-linear-basic,PENDING_MANUAL,37643011d25ce265cc355b32ef30688e2eeece1f34ad5ec8e08d64d2b7ce095b,33,1160
question,u15-s011-cr02,u15,s011,piecewise-linear-basic,PENDING_MANUAL,0d662204574cde8e96f856a36564fd2bb2f964cc5bd34f7259b3bebe3fb115f2,33,1129
lecture,u15-s012-lecture,u15,s012,linear-function-application,PENDING_MANUAL,f2beb09ee4b9743456f04c5e88d0e77ed756c5676d8a7c4e08e4ac41d4edd877,86,1832
question,u15-s012-mc01,u15,s012,linear-function-application,PENDING_MANUAL,8a42238947757cb088a7553ed8f0a02c2f65eaeed433aa35fa75a125f3b5e2b4,39,1008
question,u15-s012-mc02,u15,s012,linear-function-application,PENDING_MANUAL,3c4f974838f1fb21392d1c05c024c6d0ac9b1956a065780c02c6cb87bea6668f,39,947
question,u15-s012-mc03,u15,s012,linear-function-application,PENDING_MANUAL,a3daacebdb890d1287691cd29f1f57c3a5ad7192a960c4d83c8481694daad094,39,1051
question,u15-s012-mc04,u15,s012,linear-function-application,PENDING_MANUAL,3f840f7ffa80df5c8ce27800072cb48836ae45542755e8146c25aef58c9ca439,39,996
question,u15-s012-mc05,u15,s012,linear-function-application,PENDING_MANUAL,d51edf414370ae24202e88f76f20874ccc544577693466bcf3a2abcc6b28312c,39,970
question,u15-s012-mc06,u15,s012,linear-function-application,PENDING_MANUAL,841611840f44b5473d2023289a2d776e10fa33a9be289f302157d4534d353142,39,1013
question,u15-s012-mc07,u15,s012,linear-function-application,PENDING_MANUAL,69527bb689848d5ea050058ec0130b377816bf8130ff758a05ae2526f14986d7,39,1065
question,u15-s012-mc08,u15,s012,linear-function-application,PENDING_MANUAL,a98937f739e4a60971574c77f404ad531cea3d23cd809ab4e8177f690d00f677,39,1036
question,u15-s012-mc09,u15,s012,linear-function-application,PENDING_MANUAL,e84986134219d4a45763e914f51a66a921f02a0eda7791c7b824b760f5d1dbe1,39,1024
question,u15-s012-mc10,u15,s012,linear-function-application,PENDING_MANUAL,205001216944b875599be25066246e1b1fd414864681bf3993a32d44e474df57,39,1138
question,u15-s012-mc11,u15,s012,linear-function-application,PENDING_MANUAL,e5ac800b95d585985ada22f3e262875d6126cfd86ed51cb5318de6d20adbd71a,39,1050
question,u15-s012-mc12,u15,s012,linear-function-application,PENDING_MANUAL,713e7fae0a499b776483530042f50b25c1ebfb86068bc3c0022f68d259fb27b9,39,1075
question,u15-s012-cr01,u15,s012,linear-function-application,PENDING_MANUAL,c3df062f9836e416bd9576ac713d9f0aabbe66298bc5cc9c300cda9b7d16e9e8,33,1242
question,u15-s012-cr02,u15,s012,linear-function-application,PENDING_MANUAL,ddb6e5a1e6136e962551f5a955088079b0c11bcc978d7c5e2a245ca68deb0833,33,1199
lecture,u15-s013-lecture,u15,s013,function-literacy,PENDING_MANUAL,923031cd9258cab0e854605e382999baca7362d6f349eeee4487ee33694fc3d6,86,1818
question,u15-s013-mc01,u15,s013,function-literacy,PENDING_MANUAL,4b2d4e395016077988d956e4672829b3d6535268fff9e48eb23035df1ab1d6c8,39,1023
question,u15-s013-mc02,u15,s013,function-literacy,PENDING_MANUAL,46cf565d12302dc53a6c758aca9f5a70f705afa016a9fceaae0ecf42fc88f782,39,1076
question,u15-s013-mc03,u15,s013,function-literacy,PENDING_MANUAL,cbd90f6daa457111ae9ee2ee67e3eb50e6bbc2b8bf4e8d621fc6208933d4f603,39,1007
question,u15-s013-mc04,u15,s013,function-literacy,PENDING_MANUAL,7c1504b1ef50f76553c47d6bbb473965757a3b2b179ab75cf1809c32b0787179,39,960
question,u15-s013-mc05,u15,s013,function-literacy,PENDING_MANUAL,116f483ef885a4c88575ad6aecad7654d650b133aaba1999b39b13b83402f55c,39,1133
question,u15-s013-mc06,u15,s013,function-literacy,PENDING_MANUAL,f7011c15f70f7d92c5e3adaa28e7df3c8b4dba571b37b76840ed9ec044dd40de,39,1140
question,u15-s013-mc07,u15,s013,function-literacy,PENDING_MANUAL,dfe10de005e1e4631f604fe6f710df7e5813b9e5001618454a7447f4145f4808,39,1015
question,u15-s013-mc08,u15,s013,function-literacy,PENDING_MANUAL,8cf1d70807fddd7f490d9231d154793d8617ac21f37c58fdf5dae50fc8cff56e,39,970
question,u15-s013-mc09,u15,s013,function-literacy,PENDING_MANUAL,a43e4fa614b9b3dadb7e529956e1b1b024a2e2a15909162105195d1e3303cda8,39,1005
question,u15-s013-mc10,u15,s013,function-literacy,PENDING_MANUAL,96e3f26fe4bb3d0306fb267a08196cdd5fc9a4dfccb245175dd30ff26a64e271,39,1129
question,u15-s013-mc11,u15,s013,function-literacy,PENDING_MANUAL,929a48edae4deb87bc6719855aaab5c3b33cccbf95cd149f55ede76dd30b33cb,39,1052
question,u15-s013-mc12,u15,s013,function-literacy,PENDING_MANUAL,b389b0bd379271898c26c59d6075db628dd48570aaeb2c9edf3bc075f4dd2ea0,39,1245
question,u15-s013-cr01,u15,s013,function-literacy,PENDING_MANUAL,b9e0dbcf065d85add0855d0ef8a5adce9e354add9d7a6894c7d7eadb80284628,33,1234
question,u15-s013-cr02,u15,s013,function-literacy,PENDING_MANUAL,d8c49e2530a9728cf8962f704645dc0a1f47af52b48fd4dde59e2251568a1ea2,33,1280
lecture,u16-s001-lecture-r1,u16,s001,triangle-congruence,PENDING_MANUAL,f4bc7e35d6e4a4983a4be2259b70553c51855aa1079d4a516539f95b2eb6505a,151,2828
question,u16-s001-v001,u16,s001,triangle-congruence,PENDING_MANUAL,a23556abb2457e3c493c69763e1f7e2838d8d292c177b0f16b8049a59746feb4,42,704
question,u16-s001-v002,u16,s001,triangle-congruence,PENDING_MANUAL,2d2764dcdf55ef9acb85d0ec35dcfc92826fba84ae85d54f36c7b742fd35c372,42,679
question,u16-s001-v003,u16,s001,triangle-congruence,PENDING_MANUAL,17ed3c406a325e8134bf36ae093163c067cc521fb37ea216b84ae0ecacd41a43,43,788
question,u16-s001-v004,u16,s001,triangle-congruence,PENDING_MANUAL,8b69d07684e671ce4fb55f9743fffb5b28cb1169123b2c74bc80893398a6f027,42,823
question,u16-s001-v005,u16,s001,triangle-congruence,PENDING_MANUAL,c0a9aeb7ae6136c6528d8b092c3b8c0c073404a01b1e7de50af69a03bca1ae15,42,753
question,u16-s001-v006,u16,s001,triangle-congruence,PENDING_MANUAL,5f222c11b22aa0ce6ea6e8ae879340db47b07ad97b65d1372df4aee988b7498d,42,765
question,u16-s001-v007,u16,s001,triangle-congruence,PENDING_MANUAL,280e990de3640313064328be2a9290a521589fcd289e4da4277a181e5db3ba54,43,734
question,u16-s001-v008,u16,s001,triangle-congruence,PENDING_MANUAL,786cffc343a545c45d7768790308ea57f79641679f7e82824e0719b51c0c6988,42,774
question,u16-s001-v009,u16,s001,triangle-congruence,PENDING_MANUAL,5483e7aeeb6ec460b5aa249b5800acd7ba64e62a0834f5133ab26bfb43a539a5,43,790
question,u16-s001-v010,u16,s001,triangle-congruence,PENDING_MANUAL,08045773094b1bff1512fe16879446129807bf3e5365054d3e7b5380eff5bfb9,45,869
question,u16-s001-v011,u16,s001,triangle-congruence,PENDING_MANUAL,1f3c76030e0cb22449c5bc61421b8ff647bc432bffb87f0dfd3f2df189436253,44,908
question,u16-s001-v012,u16,s001,triangle-congruence,PENDING_MANUAL,966abc21d2c2dc4ec63e4e584369461cf0637d333f0f5aa462c7b28001487414,44,842
question,u16-s001-cr001,u16,s001,triangle-congruence,PENDING_MANUAL,58d728142818150a49ad4fde3d69816f8cb8a4b338837824674c8a3b38a7383f,35,865
question,u16-s001-cr002,u16,s001,triangle-congruence,PENDING_MANUAL,37043687d1c7a26c696ec7e788722cc9247ec0cb0fe4e3f4c6edf08dccaf2d86,34,905
lecture,u16-s002-lecture-r1,u16,s002,triangle-congruence-proof,PENDING_MANUAL,a621ca0ecd2cd548c68ba7815533872d6ee44e6d6feef3dd12a0c1c858fe389d,144,2561
question,u16-s002-v001,u16,s002,triangle-congruence-proof,PENDING_MANUAL,2fd46bfbcd59154c792ae7090778299420060a2f3bd165df4faf530eacef025f,43,775
question,u16-s002-v002,u16,s002,triangle-congruence-proof,PENDING_MANUAL,6cb20085950ec295f6764987b2acc242ecc8845e1f0f3f48d6bbd53d9d8abe21,42,658
question,u16-s002-v003,u16,s002,triangle-congruence-proof,PENDING_MANUAL,a42520643de2443a5cb4ee554d3ecbda4f547b9be8f9a0410168cdfc7539b963,45,773
question,u16-s002-v004,u16,s002,triangle-congruence-proof,PENDING_MANUAL,99190505b184136d70d39ae448e6ff625e77181371e017612e6ce9f5ee44e161,43,883
question,u16-s002-v005,u16,s002,triangle-congruence-proof,PENDING_MANUAL,3bf1e9909f770514dcbd794ab3fdee1819d6d7fc3293b324afea5b043248f5fc,43,855
question,u16-s002-v006,u16,s002,triangle-congruence-proof,PENDING_MANUAL,39d1d28ea08ddf09099baf34b20d458c772e228db8dea18fb8ebc4083151ace3,42,735
question,u16-s002-v007,u16,s002,triangle-congruence-proof,PENDING_MANUAL,0f4cc37c16ceef043422abbd8ddcf781211ab12603f45b67932b6afed9c13611,42,894
question,u16-s002-v008,u16,s002,triangle-congruence-proof,PENDING_MANUAL,a7b8bff7581745779ff1292ffe88483e8961318f955bd54301d947cf0dd55db7,46,972
question,u16-s002-v009,u16,s002,triangle-congruence-proof,PENDING_MANUAL,f4c2ffc7163b16653155af862f1469f9704b847c3ebe92f25071f23e6c53f6c0,42,777
question,u16-s002-v010,u16,s002,triangle-congruence-proof,PENDING_MANUAL,0434b53de14e30b3ee27b718e2f7f44e8b43d24f072169f94e8d182be418138a,44,913
question,u16-s002-v011,u16,s002,triangle-congruence-proof,PENDING_MANUAL,adcefedb614f2d1a64d111f338260a7845e69939371046080f9843e245ef4834,47,938
question,u16-s002-v012,u16,s002,triangle-congruence-proof,PENDING_MANUAL,59e8dc0549a751b7a8ccf79770315e45794b80e51d0030a43835c9e0292aea16,43,784
question,u16-s002-cr001,u16,s002,triangle-congruence-proof,PENDING_MANUAL,c38729451c96f31d50a5ca5a8d32ece3e10ac95faf62295f2a5034be5e30369f,38,939
question,u16-s002-cr002,u16,s002,triangle-congruence-proof,PENDING_MANUAL,6a32191940041d7564e128565ce67b25d1d45286ad5b16b5c43ea33a03537a33,36,838
lecture,u16-s003-lecture-r1,u16,s003,isosceles-equilateral,PENDING_MANUAL,1932d8e1f724e913dc28893e99bf2dfbaef65853419ca7139d7d9feb9168d385,138,2362
question,u16-s003-v001,u16,s003,isosceles-equilateral,PENDING_MANUAL,291f07bcaba9041e55e1d332b98af480bbcd90e3aa8b2b621c2b5e1e9c500009,43,655
question,u16-s003-v002,u16,s003,isosceles-equilateral,PENDING_MANUAL,37506b2399fa71115d8cf88cc7dbc17cac625e17dfc9d829143503bfb4187390,42,674
question,u16-s003-v003,u16,s003,isosceles-equilateral,PENDING_MANUAL,d9de2752b8643aa1f06eb836b97e510d015bfd8e18a5c25d0464a6b5efe0608c,42,680
question,u16-s003-v004,u16,s003,isosceles-equilateral,PENDING_MANUAL,20a2be5f2ce2e299084b2fbe946f9373533ca74ffc274a83094d97f42110180f,42,579
question,u16-s003-v005,u16,s003,isosceles-equilateral,PENDING_MANUAL,1116c52718f256466af49a268f2ec9bd924196d5b0a97693afee4f910a70ddf6,42,701
question,u16-s003-v006,u16,s003,isosceles-equilateral,PENDING_MANUAL,a176c22532eaaaeffeedc9e04ddcf85c4aa7742e90fef50541d4a9a02f36912d,44,816
question,u16-s003-v007,u16,s003,isosceles-equilateral,PENDING_MANUAL,09fdcccf65ea3de33e193d40c45cc0ee59229c21460c39408eb0649d7a534de1,44,779
question,u16-s003-v008,u16,s003,isosceles-equilateral,PENDING_MANUAL,ac2abc981b312b2d2d54a68c3392831062a11c5b1d9aebe6389a1c2fa58c9d33,43,712
question,u16-s003-v009,u16,s003,isosceles-equilateral,PENDING_MANUAL,4c1cdb8255a7557081122a5f865cb0ddaece580cdc2148e7571b3b1081454624,44,786
question,u16-s003-v010,u16,s003,isosceles-equilateral,PENDING_MANUAL,374df8339299efe5899e485964a2b867dbf0b306493b34007f07d963d355429d,44,776
question,u16-s003-v011,u16,s003,isosceles-equilateral,PENDING_MANUAL,eaa225e7ba2975cab9ed067bc4cc731d491915fac3ef9f4f714e668e21e00406,46,854
question,u16-s003-v012,u16,s003,isosceles-equilateral,PENDING_MANUAL,841bb47c88a0d7ad52310bade170ca3610d87452135b056988b65d1ef739b678,44,784
question,u16-s003-cr001,u16,s003,isosceles-equilateral,PENDING_MANUAL,9ca00e83624f50a577572e71c58ca160cd63a7273177409a2f0f1c11a7fe7c5e,36,741
question,u16-s003-cr002,u16,s003,isosceles-equilateral,PENDING_MANUAL,f165f2870116bdb70f7b5f036310b29534ba725c82a9029b9bfd751fed9c8702,37,842
lecture,u16-s004-lecture-r1,u16,s004,triangle-sss-sas,PENDING_MANUAL,eaf8253cee0d2a0e174665d8446c9a59984ba4a4ff06781c150e9267883f348f,143,2531
question,u16-s004-v001,u16,s004,triangle-sss-sas,PENDING_MANUAL,bb1fb83c232d25d99e639c9a8a35f2e488679b16bb185a18b69cbc82a53f7172,42,573
question,u16-s004-v002,u16,s004,triangle-sss-sas,PENDING_MANUAL,88f6b97132ee25c3679e3852af2a53b25c5419b95ca8d10ca75a2e4c9437f29b,43,734
question,u16-s004-v003,u16,s004,triangle-sss-sas,PENDING_MANUAL,de4a60e30e59961c330bc8bf3f962bd47d1fe75c8126846ba9ed3e1004d492b0,42,615
question,u16-s004-v004,u16,s004,triangle-sss-sas,PENDING_MANUAL,ae09c91dabb689cc0917945eb3431185c263731e342c73e00a6e7082c57cdb7b,43,671
question,u16-s004-v005,u16,s004,triangle-sss-sas,PENDING_MANUAL,d3293675df708bcbe69021bcbdc5047a2739c02ba81195f4d6b6277a7a959c65,44,652
question,u16-s004-v006,u16,s004,triangle-sss-sas,PENDING_MANUAL,86a18256172a72ca91d9123e778051db6a5c7aea0b86732d530a07bce363d446,43,735
question,u16-s004-v007,u16,s004,triangle-sss-sas,PENDING_MANUAL,81aac2a66d9f333aa6419e2942ecf7f7df8a80f0fcf6cce02a40d4d58759f4e9,44,679
question,u16-s004-v008,u16,s004,triangle-sss-sas,PENDING_MANUAL,5a30ce4534bfedf4e2c8c6757c2d45367c10acd72b706b775e8c728e5e8eb25f,43,657
question,u16-s004-v009,u16,s004,triangle-sss-sas,PENDING_MANUAL,1479619345037cdeaab83ecf8c255e68f78cb293471c56f7b05926eeec60c52b,43,756
question,u16-s004-v010,u16,s004,triangle-sss-sas,PENDING_MANUAL,4aa256e5170d62a1d2c09e7cf69fcdc324dccea6c7d018789e6a3b6537eb569c,44,825
question,u16-s004-v011,u16,s004,triangle-sss-sas,PENDING_MANUAL,a9bfb1b451c676fd8538cc98b3e3dd66f15e1553a8e101ac7f218fe3ad7efd73,45,807
question,u16-s004-v012,u16,s004,triangle-sss-sas,PENDING_MANUAL,4210b40d5738d2d23fdf19190e854ae91d37b4cec89436e26e27129d9b9ef585,44,902
question,u16-s004-cr001,u16,s004,triangle-sss-sas,PENDING_MANUAL,e1b03b6d1ba81ea2a42e0af00761e4c0fc4d893fa18eab03a550ae1ea76982bf,37,865
question,u16-s004-cr002,u16,s004,triangle-sss-sas,PENDING_MANUAL,f224ab2ab0e982b282c13263ebb4ae2e97f8de2cdd030cfe85fb9c5ae5c1ac9d,34,862
lecture,u16-s005-lecture-r1,u16,s005,triangle-asa-aas,PENDING_MANUAL,557aa34526262a503fb0c32538791263b1fbc3777c6ed97c7fcb71d3d928691b,141,2522
question,u16-s005-v001,u16,s005,triangle-asa-aas,PENDING_MANUAL,bdb7930cb231155e76019b37d0a5ba40e022df38b600f11be712753ff2c72f52,43,578
question,u16-s005-v002,u16,s005,triangle-asa-aas,PENDING_MANUAL,a2df34c9b09a0c6e625c5cb4ff086fd382b7334100f0aa9572a8a88c6618597f,43,613
question,u16-s005-v003,u16,s005,triangle-asa-aas,PENDING_MANUAL,34d5a1cb46f6e91f281f90a15940e291474088d1d66d2ee8bd52771fd3b4ee67,42,609
question,u16-s005-v004,u16,s005,triangle-asa-aas,PENDING_MANUAL,eeea26829d7ffbe5dbf23c416358e3d86576baa7968ac612865dabe4e4790501,43,725
question,u16-s005-v005,u16,s005,triangle-asa-aas,PENDING_MANUAL,35ca2a30d8b6b1649367ed8c3845e2c82188028dadb3074cda2e2dd6a1511b7b,42,645
question,u16-s005-v006,u16,s005,triangle-asa-aas,PENDING_MANUAL,6c2ff492f011947397ccbd1212b499f51440ccd9751db9f8043606afbf07331b,43,678
question,u16-s005-v007,u16,s005,triangle-asa-aas,PENDING_MANUAL,56a43ba2fc78d045e69a296389811ffe8d57001d2336c7455e61683276281e41,43,750
question,u16-s005-v008,u16,s005,triangle-asa-aas,PENDING_MANUAL,82242296c5f1c0c87e9f9c02f5f61620a42cb342059bbc6d3e5fb3937a6ea79c,43,679
question,u16-s005-v009,u16,s005,triangle-asa-aas,PENDING_MANUAL,74e744c3d138cca7243bb6a82017342ce7d896a0526a8890bf83959d0936501e,43,825
question,u16-s005-v010,u16,s005,triangle-asa-aas,PENDING_MANUAL,9cee464fb75f86bbb414299e6f111a29a4d4306c11ef527e45c8719fccb72e30,44,762
question,u16-s005-v011,u16,s005,triangle-asa-aas,PENDING_MANUAL,c6196c2e0c6549c646c608989f228a6fe356fc9890faa6bdc8f2e288d42d2b70,44,974
question,u16-s005-v012,u16,s005,triangle-asa-aas,PENDING_MANUAL,2033df7b7b41ee22deac704541f483751fbc47cafbaf50f8a9a6741c23b593f4,46,941
question,u16-s005-cr001,u16,s005,triangle-asa-aas,PENDING_MANUAL,d9b6efb664650fbdcf3fd25b422f1752faf461ac2d4bee19dc55eb2194f13302,35,769
question,u16-s005-cr002,u16,s005,triangle-asa-aas,PENDING_MANUAL,1af6fa4c4c5492c7da6a9f0a1c68561e270df4c94bd42067f93820d3a0d82123,34,798
lecture,u16-s006-lecture-r1,u16,s006,isosceles-properties,PENDING_MANUAL,49cb5af8ee5881416e577a0fa671b79e7b059b9a67f2b5ea7f7f01480e4c7d87,148,2459
question,u16-s006-v001,u16,s006,isosceles-properties,PENDING_MANUAL,67c077ca1fea8d83b639ee6cbf849d4e02b62dd1f186e65daf114669374616e1,43,595
question,u16-s006-v002,u16,s006,isosceles-properties,PENDING_MANUAL,7730f8a78f1f10597aa933a7ac7f4979ad2ff0bdc127c045e7e8f6dfbf823cb8,42,571
question,u16-s006-v003,u16,s006,isosceles-properties,PENDING_MANUAL,8e9c0380623fd05fca2b9b622b6aa2ba2e703d5f3d8dc080831d2f1550687959,42,579
question,u16-s006-v004,u16,s006,isosceles-properties,PENDING_MANUAL,8963fa66b2ee12fe2a5a3bb2081210cbdc06623e13968e7b5f095d2e27eb9cf2,42,570
question,u16-s006-v005,u16,s006,isosceles-properties,PENDING_MANUAL,0b02a9d908cec28e809b1763fd686ada691707fcdad91530296ef3208c6f4d3c,44,695
question,u16-s006-v006,u16,s006,isosceles-properties,PENDING_MANUAL,0745d428ae666a23f27a1c290aab91fb929053ff86ac9ae12b3423794e11b958,43,669
question,u16-s006-v007,u16,s006,isosceles-properties,PENDING_MANUAL,42240eed3396ba086347b2d9039a1df295f1c46a6a9e62d46ed9defa6eb569ea,43,691
question,u16-s006-v008,u16,s006,isosceles-properties,PENDING_MANUAL,2465aae2b6242f894e5d32dc0a88e3f9046c06bf83d4f38f0c56219aa904e93d,43,802
question,u16-s006-v009,u16,s006,isosceles-properties,PENDING_MANUAL,62345590ff9f0d9af8c70f650e71e42a99985058a5858d787bd30c9542ad4db7,44,666
question,u16-s006-v010,u16,s006,isosceles-properties,PENDING_MANUAL,4f5974ebe79153a3158a203dec745a58c540fffa4e1942b3727461022e1a2c88,43,615
question,u16-s006-v011,u16,s006,isosceles-properties,PENDING_MANUAL,8a19043c9f0e8afdc306b55d5467dfa52bc93a0484a0d4c4848a16c5cce95693,46,821
question,u16-s006-v012,u16,s006,isosceles-properties,PENDING_MANUAL,c11ca13a4d9cce2a103dcf24a6e496896fd57c3a88e2b705e268b5d3ee64c6e0,44,754
question,u16-s006-cr001,u16,s006,isosceles-properties,PENDING_MANUAL,1090f92b1fee332f5eda92ec4713707d35901676564b0def3499896c3ab737c4,38,915
question,u16-s006-cr002,u16,s006,isosceles-properties,PENDING_MANUAL,bfeec9284a9ccd83b520c3b55ce2c07f1b351a41e03c9c19c09a8cdffde6a654,36,840
lecture,u16-s007-lecture-r1,u16,s007,equilateral-properties,PENDING_MANUAL,c170fc3134ad38cbbad017071697c8a2384fc61b241c4baf1a2b6927a4b8584b,146,2430
question,u16-s007-v001,u16,s007,equilateral-properties,PENDING_MANUAL,2d697ed018f386bb051343f149d39957c545dd79a54741c59ac4c7125ad4e2ed,43,554
question,u16-s007-v002,u16,s007,equilateral-properties,PENDING_MANUAL,57cebf757e769c295c0b00d9f29e0507d6dab2688e48f55586a2c858716288e9,43,679
question,u16-s007-v003,u16,s007,equilateral-properties,PENDING_MANUAL,a97e1c7f2563bb421524a4ba7e593cb1de3cf0b5271cb73ded4670bcec0c9284,42,597
question,u16-s007-v004,u16,s007,equilateral-properties,PENDING_MANUAL,5ea6b4f183381ac2a04bf0f8a6f1dab2a30c5eaa583ba5d65bbd83ca35c3e919,42,540
question,u16-s007-v005,u16,s007,equilateral-properties,PENDING_MANUAL,a4bfce590d6828c04dd85b8072eefbd4d008c898c46b9ba3f19b64ceec09f10e,44,692
question,u16-s007-v006,u16,s007,equilateral-properties,PENDING_MANUAL,45f57deefb1edbaf66b84ba5e429dccebbdbb72015a4a8570b4e1fc64f34d39d,43,641
question,u16-s007-v007,u16,s007,equilateral-properties,PENDING_MANUAL,cc2e4c6eb3471c40d33210c6b00cc91623576ecb47cd991746b03b48f51ebac4,43,696
question,u16-s007-v008,u16,s007,equilateral-properties,PENDING_MANUAL,6d2ecf63d65741b76781d3594a3dacbb06013a802e8b34b7b29fb22f49af0302,43,730
question,u16-s007-v009,u16,s007,equilateral-properties,PENDING_MANUAL,317af7b0ebe684450ace23323683af937686e9340f8e3949863605696393f50a,43,809
question,u16-s007-v010,u16,s007,equilateral-properties,PENDING_MANUAL,df49f3c5d7411eeb7298de6e4fc37cface2dfe6c622e15b678a27699006bfb4b,43,649
question,u16-s007-v011,u16,s007,equilateral-properties,PENDING_MANUAL,7d563f2ab83f3007d34c9741691cfeaf2b215ee62e783511ec8c685e13cebcfb,43,574
question,u16-s007-v012,u16,s007,equilateral-properties,PENDING_MANUAL,de65bc80b64cabb83cfe32ad1c6aa2961d2260d29483f5ea0a821ffa71809ed1,46,874
question,u16-s007-cr001,u16,s007,equilateral-properties,PENDING_MANUAL,c8c51f8bfe6c6e6749755b3ee0acdab026fbc497d2489763f9f289a37ceb57f4,34,661
question,u16-s007-cr002,u16,s007,equilateral-properties,PENDING_MANUAL,ca2232caf802b200eb3aebb95a85d5518166b86bb9b49ed88f0e4bcba415dcc0,37,902
lecture,u16-s008-lecture-r1,u16,s008,compass-construction,PENDING_MANUAL,0cba44f1e9f49557b9155f055d1fc115917006c0bd01c400a19393ed527f1f6a,141,2485
question,u16-s008-v001,u16,s008,compass-construction,PENDING_MANUAL,adef725f4b625419db9dea04878bb0c247d3300b4655fd691d407f8fa92da8ef,42,603
question,u16-s008-v002,u16,s008,compass-construction,PENDING_MANUAL,a05bce6b5a4d81d5367b091ceaf00c2440a0be234d308e5efa964a9e75a6ecfc,43,604
question,u16-s008-v003,u16,s008,compass-construction,PENDING_MANUAL,d0fc9674383bceae8cc0fda2b8d9445856a50fee55664fbe40607e73a92aa469,43,719
question,u16-s008-v004,u16,s008,compass-construction,PENDING_MANUAL,b3d886387dd6407baee766454c16161b9bbbfd8c85e63bfe094b47e18802a952,43,748
question,u16-s008-v005,u16,s008,compass-construction,PENDING_MANUAL,f37f9ac3effe1d4c98345457dbda1aa3d79ccbdb5f663b5446c0a3b0374c1374,42,658
question,u16-s008-v006,u16,s008,compass-construction,PENDING_MANUAL,6a826be37823405cc199b8395d6065b2a61f36636ffa93ec41c6fa241e07080f,43,799
question,u16-s008-v007,u16,s008,compass-construction,PENDING_MANUAL,d2da87a00b1565ba9bc6a60f5dceb9559a36c4f6df792183e40d80c0a88c0d81,43,772
question,u16-s008-v008,u16,s008,compass-construction,PENDING_MANUAL,1cfe7993f0dee4895f442e80b3bea09485364472b4275e2418d4cc753d2629e2,43,780
question,u16-s008-v009,u16,s008,compass-construction,PENDING_MANUAL,6b9d8cbbbfe38116ec2e1b851243c16bdc8bb44669c0761bffbc0cbbbea48643,43,759
question,u16-s008-v010,u16,s008,compass-construction,PENDING_MANUAL,e7cf2c21e3431c14066bf3a378c58ed0cd50bf0707e6d74021be1b72dc36df87,45,761
question,u16-s008-v011,u16,s008,compass-construction,PENDING_MANUAL,bdd4e69463554cae3691abebab66dd0e74f7e382dae86df7f18601ee65be6be0,44,753
question,u16-s008-v012,u16,s008,compass-construction,PENDING_MANUAL,09d44820d3256479ff5475c88c8d739563d2162f4f0cfe10fee84efd8a465846,43,716
question,u16-s008-cr001,u16,s008,compass-construction,PENDING_MANUAL,882741e49be8746034c43728572fea3d678a69f0e58498ea05d4f00e1ca9d5ab,38,970
question,u16-s008-cr002,u16,s008,compass-construction,PENDING_MANUAL,8e1af7af206e8b746919f857fa8dc73d727b99b5d63b02cf0c39544308d37e6f,34,776
lecture,u16-s009-lecture-r1,u16,s009,compass-copy-angle,PENDING_MANUAL,7be7313f079837ed9c05ba12a5c07091d141a7150cab86474a67d59221365955,139,2442
question,u16-s009-v001,u16,s009,compass-copy-angle,PENDING_MANUAL,33f1ff15f7f7cfa75f657389a3acd07430e10e60f49c1add69c2f943c2780385,42,591
question,u16-s009-v002,u16,s009,compass-copy-angle,PENDING_MANUAL,9b21dab2d187ca599beaf3d89543a97f8cabf81bb60615067e1268ec9697b871,42,591
question,u16-s009-v003,u16,s009,compass-copy-angle,PENDING_MANUAL,8fea94a260bb8ca8295b3c82c65b277757cb1c3c12b6ac299f46b2f1d7c6a8af,43,636
question,u16-s009-v004,u16,s009,compass-copy-angle,PENDING_MANUAL,b79f750662fa2c166195d6c83496acb6d46a5032fb9bd866c969242b17c11bd4,43,646
question,u16-s009-v005,u16,s009,compass-copy-angle,PENDING_MANUAL,23a156d20368cfc74a9d4ad9a93b0cb2716840a43b46a5ee73b30d7e502292f3,43,664
question,u16-s009-v006,u16,s009,compass-copy-angle,PENDING_MANUAL,835c5d5c6b590c0cd7c114c65b1ec6cc0ef42404d2138f99ea75acfcb2f956e3,45,620
question,u16-s009-v007,u16,s009,compass-copy-angle,PENDING_MANUAL,cacf3f524f2f9b4074ec428d0aebaec1e450a6365868c1b588ceb66cb3a325a0,44,763
question,u16-s009-v008,u16,s009,compass-copy-angle,PENDING_MANUAL,e7575dc5b37b06b31ed6329e08a11add2dc59f785ab721ab3dc1ba9bbbd4d780,43,703
question,u16-s009-v009,u16,s009,compass-copy-angle,PENDING_MANUAL,e7b6434e4727afddd046ccb8c8630799a06fcb4efd531e2aa4488fd7535e56ed,43,725
question,u16-s009-v010,u16,s009,compass-copy-angle,PENDING_MANUAL,05c9a2d13d9f1faa29d784e69b52350a62c5aeb9a1a6fe5170d468790dc7502c,44,720
question,u16-s009-v011,u16,s009,compass-copy-angle,PENDING_MANUAL,da6974876b9ad2075eef3c1e59e4fc2329cd4f80076a10e11f3800ed4638e5cf,45,832
question,u16-s009-v012,u16,s009,compass-copy-angle,PENDING_MANUAL,3b5c2439469ec2cff3b172c1a3268a1da0c2a18552d8716aa9d733c8dc2a4d3f,44,781
question,u16-s009-cr001,u16,s009,compass-copy-angle,PENDING_MANUAL,1cf7d6f1912da0b2b5d930740b84dff4ed2f2ca04e8de199638c4a7dffa2526f,40,902
question,u16-s009-cr002,u16,s009,compass-copy-angle,PENDING_MANUAL,33b0a5d8dea3f78ad5e61e52fa7f16d4749f757adcfd1a9bc6b613d6eb63b5b2,34,783
lecture,u16-s010-lecture-r1,u16,s010,compass-perpendicular,PENDING_MANUAL,3ad7e9edf596fe19adfc9c3c41c901fef54a7a31e329ee5f2229bbf011925f10,137,2470
question,u16-s010-v001,u16,s010,compass-perpendicular,PENDING_MANUAL,62d0d92bf0ac8db20f7899b2e720df5e6b623d084866e58012b978383f9a5a17,42,676
question,u16-s010-v002,u16,s010,compass-perpendicular,PENDING_MANUAL,f9f661c07b4179befb7d9cf19b40d83884ece970b0fbc0e5f09bfcb93f7e4c8d,42,613
question,u16-s010-v003,u16,s010,compass-perpendicular,PENDING_MANUAL,76249414eed3a3e3127512541e1edd1e8ee4a52e7841c9797a2443e89b616d1f,42,626
question,u16-s010-v004,u16,s010,compass-perpendicular,PENDING_MANUAL,09afd858e6d2a5b16371e3c6e162ac049cee3ab37613ff6e950e72b4a3b51af4,45,690
question,u16-s010-v005,u16,s010,compass-perpendicular,PENDING_MANUAL,7996d63609e01fb6e64d35c6240d3962a53c438ba8840b8b1e096fbcff87cf02,43,793
question,u16-s010-v006,u16,s010,compass-perpendicular,PENDING_MANUAL,640136e1dad5077afaf159f94c4fab2c130cd40950e9c44b53237961635fbaba,43,795
question,u16-s010-v007,u16,s010,compass-perpendicular,PENDING_MANUAL,482e32c27b22b7a0f2287924ea61109fdce1ce1cdb1eefd44ea0169a98cdb861,44,800
question,u16-s010-v008,u16,s010,compass-perpendicular,PENDING_MANUAL,d5ca9ae40c93a4b0eb7a97647593f39d4d69b43f05e746aaa7800472bf56111c,42,782
question,u16-s010-v009,u16,s010,compass-perpendicular,PENDING_MANUAL,dddfbd781b0ba13c81294c808212a2d1ed6638db86a0772366af4ee98558ed51,44,654
question,u16-s010-v010,u16,s010,compass-perpendicular,PENDING_MANUAL,183d3e579a1a3e3b9bd56ca9564b0dc848c96ef55c684c0a676c1911745e9df4,45,732
question,u16-s010-v011,u16,s010,compass-perpendicular,PENDING_MANUAL,c0aed96b346559f2ed372f9a5da9432ab1256e01db44b43a677db654a08784ce,44,753
question,u16-s010-v012,u16,s010,compass-perpendicular,PENDING_MANUAL,0c60979a0d06ed659f998635cfbe7a8f5c98078df7d84483f0d507fe5249f7dc,44,773
question,u16-s010-cr001,u16,s010,compass-perpendicular,PENDING_MANUAL,6970f0e81bd2204d3171a100afaafb8989d21e0caa425db1c35e480f3bb02680,38,839
question,u16-s010-cr002,u16,s010,compass-perpendicular,PENDING_MANUAL,0aa642ffaa7a991098d7f701e251e13f445ff09a138c44ec0d354d5bc6761c15,39,921
lecture,u16-s011-lecture-r1,u16,s011,construction-word-steps,PENDING_MANUAL,97dce4788b42cc6f1e36f18642f947a16c3cf5d97062779df6b5d79e643d8037,140,2548
question,u16-s011-v001,u16,s011,construction-word-steps,PENDING_MANUAL,c603725f740bc82d6f6ed4f000dbfaf0dad03e8a9807a378660cabcda57b0cb8,42,626
question,u16-s011-v002,u16,s011,construction-word-steps,PENDING_MANUAL,0e9dc817f6bcbf228ba0783dfa0903ee8d22070fae5bbd2609eab5dbc261d20d,43,651
question,u16-s011-v003,u16,s011,construction-word-steps,PENDING_MANUAL,e206712f2b373a640a417d1c7fa3ecb0a0429e9d751dc8465e4f07cd541fc675,42,611
question,u16-s011-v004,u16,s011,construction-word-steps,PENDING_MANUAL,8019f48fba61e61a29361662d6b5a82af2fa2490660ca7408502c793e69d9182,43,780
question,u16-s011-v005,u16,s011,construction-word-steps,PENDING_MANUAL,2b4e6d514f32ce79ee811ac44546062482c71c984df09f7a56e4b05703ee6bff,42,669
question,u16-s011-v006,u16,s011,construction-word-steps,PENDING_MANUAL,bcf3e9cdfe314fac666b43fea178c1cc8fe45021516e6a597fae6a5e9b227a7d,43,705
question,u16-s011-v007,u16,s011,construction-word-steps,PENDING_MANUAL,c429e8beb295991496dd850f3eb2fe4214f44ffd785153625f328d3d7b5d24e4,45,803
question,u16-s011-v008,u16,s011,construction-word-steps,PENDING_MANUAL,efa6cbd8d7d40d5e1ba1c55e38ba588a516534dd79d23a3702d4bd71deed060c,43,700
question,u16-s011-v009,u16,s011,construction-word-steps,PENDING_MANUAL,77a9997153129ef874c5034f9b309992cb729efe9f3a0af2a941aced8d2ee2ee,45,875
question,u16-s011-v010,u16,s011,construction-word-steps,PENDING_MANUAL,6079a1530370d050c0729ff02b55e27718cd589df3c2d986a3aa6b8407c18024,42,678
question,u16-s011-v011,u16,s011,construction-word-steps,PENDING_MANUAL,74bfaa74d926a7caedf7c51871fff1867cbc3aa998f7d78ad7b274124d942a9e,44,810
question,u16-s011-v012,u16,s011,construction-word-steps,PENDING_MANUAL,7097d7dbe06fca9dd1949a2fd8027c59a8948f9bb74ce8903de36548c542d787,45,769
question,u16-s011-cr001,u16,s011,construction-word-steps,PENDING_MANUAL,93422aa085fc9972846a7a2af4a1c18c2a8e825729e816d468547090d58c3f29,36,849
question,u16-s011-cr002,u16,s011,construction-word-steps,PENDING_MANUAL,3e1548ffe8fd89c9410a6ef67d0f449b2a254a79539e11521af8020ba356f256,37,855
lecture,u16-s012-lecture-r1,u16,s012,triangle-inequality,PENDING_MANUAL,73e3c68660310f5268df206a36d35902fa33ca7e296024c2be95f1127e7355c8,143,2434
question,u16-s012-v001,u16,s012,triangle-inequality,PENDING_MANUAL,f817fcfaef3e814b5c6363013dfef117c0dce60799afa199900100431dcb5351,42,539
question,u16-s012-v002,u16,s012,triangle-inequality,PENDING_MANUAL,d1091fceda0de8d3f6608dcfd422e1942f9683c912c0ef26f36205f6569bb07d,43,558
question,u16-s012-v003,u16,s012,triangle-inequality,PENDING_MANUAL,570b23175fad0fe55837489c427d41a9e73e9a51e4a268248352af6e087f5a91,43,592
question,u16-s012-v004,u16,s012,triangle-inequality,PENDING_MANUAL,64e1301cd8e43d269c398330310193c211323cd348cbc867a4ce4b425716735d,43,598
question,u16-s012-v005,u16,s012,triangle-inequality,PENDING_MANUAL,03135d63b4825821de875f9dfce3a12ddc7ea87639fc4e04ddbae73c239c1947,42,651
question,u16-s012-v006,u16,s012,triangle-inequality,PENDING_MANUAL,e8611cfe88c995b2bad3caf1bec455ac982bcbc034bc8a8e7ea969a1ea6bbac8,42,644
question,u16-s012-v007,u16,s012,triangle-inequality,PENDING_MANUAL,e5b4ff386b4a1905566646c40389badc5d9a7ab470cb938c69c4f430bd4f92da,42,568
question,u16-s012-v008,u16,s012,triangle-inequality,PENDING_MANUAL,85d0e258cb678b50ca056a37eca1688c96149fddc1169a4df27a815eb659f8fd,43,713
question,u16-s012-v009,u16,s012,triangle-inequality,PENDING_MANUAL,570fb7941fb3e2d96dfdb1edfadaf6e63cb2037255b8da9bded8d7af69e8687d,44,757
question,u16-s012-v010,u16,s012,triangle-inequality,PENDING_MANUAL,30992c70bfd073eabba27bd72f8166208e84c55f7cd7d1d40e22a7223ec742f7,44,775
question,u16-s012-v011,u16,s012,triangle-inequality,PENDING_MANUAL,43239cf107545bc37729b2947fcb5743456f819882ba8d6b6e8573d028aebbf1,43,661
question,u16-s012-v012,u16,s012,triangle-inequality,PENDING_MANUAL,a6d72cd44e028c2894877a811fe4f630d872ae02ad2e7f3ea5a2d80d7199a4c0,44,624
question,u16-s012-cr001,u16,s012,triangle-inequality,PENDING_MANUAL,1b3cfee7f1d39e74e44e0d8aefe289492f11ee982c55ff41de0a615a522ab05f,37,837
question,u16-s012-cr002,u16,s012,triangle-inequality,PENDING_MANUAL,751042e396c8c6b3c6bb4253cff406528e251400e8a4aa1444b47ed5a2ab378a,36,942
lecture,u16-s013-lecture-r1,u16,s013,angle-sum-exterior,PENDING_MANUAL,0629762d3db160fd9744e2d9a737f27d05dc05170e8eca1134ce1e5e0af7de96,140,2352
question,u16-s013-v001,u16,s013,angle-sum-exterior,PENDING_MANUAL,4d22cd74ba0c4d67fcb4f924cc9f1eadb87939516f20c5b4f87bd1d52c752be6,43,611
question,u16-s013-v002,u16,s013,angle-sum-exterior,PENDING_MANUAL,6636bbffcc477db835bd746d363d4d3ff204d56b0ae371de02dcb3e35594ff76,42,558
question,u16-s013-v003,u16,s013,angle-sum-exterior,PENDING_MANUAL,f8020144f21d3b5336856115178032eae2dc5df9f3a74aba699034a4107ffe45,44,687
question,u16-s013-v004,u16,s013,angle-sum-exterior,PENDING_MANUAL,2c821166572116e5656259f53cd34b85845e707ddfb30c910428dc4054558275,44,657
question,u16-s013-v005,u16,s013,angle-sum-exterior,PENDING_MANUAL,b97e17918add90eabd2873177eb38b1b87a2509baedc027a0c6d4d84bf6ed405,42,622
question,u16-s013-v006,u16,s013,angle-sum-exterior,PENDING_MANUAL,12ff3059424122cca43d01a232e2d98b7080203f6d22894b0c88daded1a28411,43,677
question,u16-s013-v007,u16,s013,angle-sum-exterior,PENDING_MANUAL,b2c5c293852361a3a4b16dffa226214fa55db0dc7cbfbd7c243ac5d164026ac7,42,656
question,u16-s013-v008,u16,s013,angle-sum-exterior,PENDING_MANUAL,01c088e1d2ade04f6aa5adb8418aa950476187ad6ce5409b1aa5fe06b522abc9,43,629
question,u16-s013-v009,u16,s013,angle-sum-exterior,PENDING_MANUAL,7f6e4ea7e9106c6ba8585c73a81fb88819c7ffd93a36b7ec58d44b4faccfc6b5,42,738
question,u16-s013-v010,u16,s013,angle-sum-exterior,PENDING_MANUAL,3166d27311374ca9b92b77c6f93728c62d3e7ed8bb65251680afa82d0cfd0762,44,683
question,u16-s013-v011,u16,s013,angle-sum-exterior,PENDING_MANUAL,90473a662527e25e651a8f20442638739dafda811169a45af9544d16f3b5a5ae,43,656
question,u16-s013-v012,u16,s013,angle-sum-exterior,PENDING_MANUAL,79f680ea199053311a0ff9dc1cfa370c2d723e731c39a2405ef24d0630c90b2a,46,946
question,u16-s013-cr001,u16,s013,angle-sum-exterior,PENDING_MANUAL,dbfa95d8d562a75e8df2f8b667255dfe44e7ecc05282a6df90957e15f1712a27,37,834
question,u16-s013-cr002,u16,s013,angle-sum-exterior,PENDING_MANUAL,8f19bcaeca670f8021406aba7f81217512706c29dc7b722d466cba867042ee6d,36,719
lecture,u16-s014-lecture-r1,u16,s014,triangle-side-angle-relation,PENDING_MANUAL,8d7d47ffa09e9b7167cd8a46a54b95ac2a1b55a8cee25944584c0062157f93b4,142,2243
question,u16-s014-v001,u16,s014,triangle-side-angle-relation,PENDING_MANUAL,236696594768af179fcc7e5d705cf38772351804e109cf8c8517a6647211908f,43,560
question,u16-s014-v002,u16,s014,triangle-side-angle-relation,PENDING_MANUAL,08ca117ffec047fae4811987b8e2cdd0c3f7841d6a50bd55b3ee303f44b9d0ff,42,560
question,u16-s014-v003,u16,s014,triangle-side-angle-relation,PENDING_MANUAL,74214dc367456edbc7ea0350f1500542a05f9bbe63b32c89f766ce5c76c8831d,42,549
question,u16-s014-v004,u16,s014,triangle-side-angle-relation,PENDING_MANUAL,007e784f6dfbdff82ed65f18761c7204670b30b0009bd60f934b2e3aae7322c9,42,700
question,u16-s014-v005,u16,s014,triangle-side-angle-relation,PENDING_MANUAL,4f9ac3810107a9897ce78b6791ef2dee3249a49a5276be073f437a6fa1eb60b5,42,600
question,u16-s014-v006,u16,s014,triangle-side-angle-relation,PENDING_MANUAL,7fc20526a77933c922bf754539c5e4b5b5f80dc2daf97f2dedecebaaab54be23,42,582
question,u16-s014-v007,u16,s014,triangle-side-angle-relation,PENDING_MANUAL,a2b1379dd81afd8eee1e1aadce821cfb88427915df00a5f9440c183b4eec5223,44,674
question,u16-s014-v008,u16,s014,triangle-side-angle-relation,PENDING_MANUAL,9cb35e6c4dded29571acf60bc56ccfd8e417a8482951b4027924bf3fb29331ce,42,637
question,u16-s014-v009,u16,s014,triangle-side-angle-relation,PENDING_MANUAL,0a70d535765d662a1f8d0b3262c46dcc84f4dae6922430f34e39772690c60af0,45,675
question,u16-s014-v010,u16,s014,triangle-side-angle-relation,PENDING_MANUAL,33c696d6619b8857a4668df11f8a99342ac68eafa2457284fb088635d6495432,45,686
question,u16-s014-v011,u16,s014,triangle-side-angle-relation,PENDING_MANUAL,93a8d1c73b810930008e18ece17f18b320366fff8101a8be02ce6d054ae921c5,43,676
question,u16-s014-v012,u16,s014,triangle-side-angle-relation,PENDING_MANUAL,bc68605b0aa44bfb00b8800a2ca845c0d304a78fd28d08f9ba791a94f366f80e,43,764
question,u16-s014-cr001,u16,s014,triangle-side-angle-relation,PENDING_MANUAL,d150a0b0a17435125a7fe0bec9742aed6be6e8a5aa6df25285696ab54d2d0987,35,737
question,u16-s014-cr002,u16,s014,triangle-side-angle-relation,PENDING_MANUAL,2122c9547b5193cf7c4ccc2a84050a8f9eca7363a8a938c1ac3d5f3f6a612a69,37,909
lecture,u16-s015-lecture-r1,u16,s015,exterior-angle-sum,PENDING_MANUAL,697d2ce545d7e5d936998ccbd06490df40e1a03a96c883267f00129d03fcca08,144,2335
question,u16-s015-v001,u16,s015,exterior-angle-sum,PENDING_MANUAL,119344635127bd16effdd0f6eee5433b50b98a250b3483f9146880f3268cf95c,43,614
question,u16-s015-v002,u16,s015,exterior-angle-sum,PENDING_MANUAL,47caef57768ddd68d4ef066ec8a35318a309b1e00ccfc3ba0de4c0c529f5f11e,42,495
question,u16-s015-v003,u16,s015,exterior-angle-sum,PENDING_MANUAL,30bb3fd8c4b82650149352894876a2c855a5683acb46650704f6316b8c21ac3b,42,519
question,u16-s015-v004,u16,s015,exterior-angle-sum,PENDING_MANUAL,72f3d7d612b0a9510caae0d51b2ef862159e7de05b30dbfe0fa0a9a2a47f396a,42,579
question,u16-s015-v005,u16,s015,exterior-angle-sum,PENDING_MANUAL,47a64eae3970a4574971a34435cbb928d07a375292bd1232d12fd316def67cd4,42,552
question,u16-s015-v006,u16,s015,exterior-angle-sum,PENDING_MANUAL,ba74f07e01f7e0a9190753b40d124dc658b812098549476d2f1e75c91c25564f,42,576
question,u16-s015-v007,u16,s015,exterior-angle-sum,PENDING_MANUAL,f4d30e5a8c7c76d2813d0daf7a2a470dcd0dd08ff7d0aa475d72e8f80cd63682,43,635
question,u16-s015-v008,u16,s015,exterior-angle-sum,PENDING_MANUAL,90c6d02336860740435e8d2ef39007e3520fe6eca8cb74cecbad604f6e82da19,43,653
question,u16-s015-v009,u16,s015,exterior-angle-sum,PENDING_MANUAL,b8a9ef6dc0b10f0882e2897238dab43dcdea368279b4b549adbaa8d504fc081e,43,759
question,u16-s015-v010,u16,s015,exterior-angle-sum,PENDING_MANUAL,51ba59eaabb16c110f53a852422179c02355888c477893e088ceaa313b1effd9,45,700
question,u16-s015-v011,u16,s015,exterior-angle-sum,PENDING_MANUAL,7fee9ef013b1623557f979930803a7b0be35fa96d8610a6c2882fd5ff13f2d9a,45,665
question,u16-s015-v012,u16,s015,exterior-angle-sum,PENDING_MANUAL,0ed4feee79d145db7b02dd14241e5ecfe7d9d9de605ef61a72ef31a5d25a8141,45,855
question,u16-s015-cr001,u16,s015,exterior-angle-sum,PENDING_MANUAL,decf92079a3b4121c07f7c0d3cb66b3a99937a2a581bf88881d79c0a48c02a69,37,839
question,u16-s015-cr002,u16,s015,exterior-angle-sum,PENDING_MANUAL,27230ce7a92643e2ab41e84b67074076b4a7bee83a1fb2bacaded6e7f15d5d36,34,729
lecture,u16-s016-lecture-r1,u16,s016,triangle-medians,PENDING_MANUAL,b979da510e7177e869f364f7e7f525ab36cf1897f802bb5dc61f802567162f72,147,2327
question,u16-s016-v001,u16,s016,triangle-medians,PENDING_MANUAL,ec5a61a8b6ed3975a7fd3f22c6f47782f67bbb747c62449671c425dffb6fc37d,43,604
question,u16-s016-v002,u16,s016,triangle-medians,PENDING_MANUAL,b3cde602eb01c09926ee37556b0e938e7353471d91f4ad906c8c1379dcb121c6,42,553
question,u16-s016-v003,u16,s016,triangle-medians,PENDING_MANUAL,73f0284017da9d94865239701a9f707a7246d3cce997938f5dfc5ae6a703ccba,42,511
question,u16-s016-v004,u16,s016,triangle-medians,PENDING_MANUAL,ee50106ef21e2cb0527b475659899958970a99bd0ff660915013442dbd726e77,43,623
question,u16-s016-v005,u16,s016,triangle-medians,PENDING_MANUAL,5c422b39cca3df311e31933930c49d3ba482eb96e9831d9970282a518c3e4c5f,42,608
question,u16-s016-v006,u16,s016,triangle-medians,PENDING_MANUAL,e92f47485c5139675da2418ed6bca273098969c1792336244aab02e410fef5c3,42,635
question,u16-s016-v007,u16,s016,triangle-medians,PENDING_MANUAL,bdc04b0ec73906f389b8d543376106a15e201e8debeb81ee0852aef1c019488f,42,633
question,u16-s016-v008,u16,s016,triangle-medians,PENDING_MANUAL,11ebec07f444ab4473bd87a9b07a7004fc06e367e36a45adec093fa2d2398361,43,592
question,u16-s016-v009,u16,s016,triangle-medians,PENDING_MANUAL,df7330a988fcdf47ba6e79c13f206ee09e0bd42bf73a713f34c9b23285216450,43,829
question,u16-s016-v010,u16,s016,triangle-medians,PENDING_MANUAL,4dc828d7b2d0bfff5bde12355ff8e5cd3c3c260085340d29994e4ace3166854d,45,672
question,u16-s016-v011,u16,s016,triangle-medians,PENDING_MANUAL,a7504c4ea6b37cea4cfd14537004ef5ea883a6a5190d3bfd44f38cbd097fc1f5,43,647
question,u16-s016-v012,u16,s016,triangle-medians,PENDING_MANUAL,0c93e08b588877d8c994e633ccf8220c9857cbde4a81a7c201b439451a837093,43,658
question,u16-s016-cr001,u16,s016,triangle-medians,PENDING_MANUAL,2d56410c91e6414975d1dcb13c7de7f4fb21741407e378413c68fb2dc7a587a9,35,717
question,u16-s016-cr002,u16,s016,triangle-medians,PENDING_MANUAL,d3f24cc555cada5ac9aa551cc5cdc15cd4d3e15182b95564bbe7a61376fd2bce,36,857
lecture,u16-s017-lecture-r1,u16,s017,triangle-altitude,PENDING_MANUAL,4499ebe15887caabb822eb651b77dd98f7b4e6193b16e17b21e31a878a7c81f5,146,2232
question,u16-s017-v001,u16,s017,triangle-altitude,PENDING_MANUAL,fbd54584eb845f837a4969c35a79744964dc293ee30281c8fd68a81fe08f67a0,43,593
question,u16-s017-v002,u16,s017,triangle-altitude,PENDING_MANUAL,29265e7704068e8a5bba619804e1e1139ffc6fe04f9869442b54cccdfe13dfbf,42,529
question,u16-s017-v003,u16,s017,triangle-altitude,PENDING_MANUAL,0817f05ec2cbc81b7c7ce0c2e3b97dc9e85e1da8db095fe9db71cece2d5d77c8,42,611
question,u16-s017-v004,u16,s017,triangle-altitude,PENDING_MANUAL,82be53c0c6032ffb50c8686db4f03d62cb5ab03272a0030d44e1eb900af0ef39,43,598
question,u16-s017-v005,u16,s017,triangle-altitude,PENDING_MANUAL,fe1e19f7fa1149b3afb881e9fd4756337d8af74e35befe991f9b1fa3593d231b,42,558
question,u16-s017-v006,u16,s017,triangle-altitude,PENDING_MANUAL,7e6ff5f74d6028ba227e8cfd308025d0e8c9d1a8a4704ca9f5a232a917e44dc1,42,631
question,u16-s017-v007,u16,s017,triangle-altitude,PENDING_MANUAL,4b6d3e9dabd03ad65fbf2ca0e9df81bef896e4fb81904ab334082b229ee5def9,43,689
question,u16-s017-v008,u16,s017,triangle-altitude,PENDING_MANUAL,24db2a082edd16f75d2603f2c119d823e0b2554914c8268f95dbfc6b4dd877ba,42,674
question,u16-s017-v009,u16,s017,triangle-altitude,PENDING_MANUAL,8d01cb05e333781d63002777af180a891a747b9a6cfffbe03098bf0afba5b8e7,43,596
question,u16-s017-v010,u16,s017,triangle-altitude,PENDING_MANUAL,55d00b07f72ef5e476ac879943ece57fcd822d25d32c20d474e6527e403ac588,44,686
question,u16-s017-v011,u16,s017,triangle-altitude,PENDING_MANUAL,12e7cc833306e2115ab60fed66f1a5991ade2c52754edbd99572d39183a561e2,44,681
question,u16-s017-v012,u16,s017,triangle-altitude,PENDING_MANUAL,fdf423bc2e0b3272bf76c13fc5d5338ae37f6c9cb2a706b2fe38da5457f04d15,44,757
question,u16-s017-cr001,u16,s017,triangle-altitude,PENDING_MANUAL,767799e2928818f1aca9c6406dc5cdb91be3e664787e7aa3ab7f7d57aa65e896,35,758
question,u16-s017-cr002,u16,s017,triangle-altitude,PENDING_MANUAL,d111624869d4ec735391589e773e7073225262fea7e18d998a04a50a0667dc82,37,831
lecture,u16-s018-lecture-r1,u16,s018,triangle-literacy,PENDING_MANUAL,23bdad7529e6a8190a53e97208ad2e1ab059ce2ac42290b142f4d5956a67111e,153,2678
question,u16-s018-v001,u16,s018,triangle-literacy,PENDING_MANUAL,2c0b197c8feb84291a142ff694cfc37d9de5b2e76d61d0deff6a61f1dcd1ffb1,43,679
question,u16-s018-v002,u16,s018,triangle-literacy,PENDING_MANUAL,3229083450dd51b8bf4bc3c8cf443c26372b6ce876c7411ffb69d6fca78a710c,42,565
question,u16-s018-v003,u16,s018,triangle-literacy,PENDING_MANUAL,1781b65094fbda7965a6410b202510f5b77428e8d56d17048fcfabc0a3a278cb,42,529
question,u16-s018-v004,u16,s018,triangle-literacy,PENDING_MANUAL,a61a3f3f2f94610d462c633e2099d9384404332b74daad48a73e1dd6e6651ea8,45,745
question,u16-s018-v005,u16,s018,triangle-literacy,PENDING_MANUAL,dc3af083a6909343087e14b20fafa60c2c869d6fbaa0bd9d5bada30d65b5350e,42,650
question,u16-s018-v006,u16,s018,triangle-literacy,PENDING_MANUAL,b0abd8ce906b099f149c54dcc5dac9331f94b23dc298ca5b14b6e8639bc5afa4,43,635
question,u16-s018-v007,u16,s018,triangle-literacy,PENDING_MANUAL,444c5e8837a29e27e192ca6d9f84326d13d139063a313e6aa029a477a18acb7f,44,720
question,u16-s018-v008,u16,s018,triangle-literacy,PENDING_MANUAL,28d22c8851c115bba43e58f73d4ee16306f741c60e4526f8f17fd43ab6cf0077,42,598
question,u16-s018-v009,u16,s018,triangle-literacy,PENDING_MANUAL,5b6c7169d61ba19628cbef0112f77cba43f2aba2f1ff03f5fcb2cd396a224e15,44,772
question,u16-s018-v010,u16,s018,triangle-literacy,PENDING_MANUAL,f3e91919a4509a4ecb71a882ed17edd91c65c30f0c93fa50cfb5d7b2ea0647e5,45,833
question,u16-s018-v011,u16,s018,triangle-literacy,PENDING_MANUAL,7260f6cf0b79b4126ff35bbaf0cbc4af6c38c0c75f84d7e6c8fb6ec21a735ee9,45,901
question,u16-s018-v012,u16,s018,triangle-literacy,PENDING_MANUAL,21008e1c998c14454f5aa48e3007e6501481ef92104c80969dbd42293cda0166,43,778
question,u16-s018-cr001,u16,s018,triangle-literacy,PENDING_MANUAL,6b92de32a06c19b3d183540044412620a447bf834cd9e29a87b93742ef237ea4,35,942
question,u16-s018-cr002,u16,s018,triangle-literacy,PENDING_MANUAL,376bf14bc196d8c5b7b53633f10761d5f82bf65b083698df5352c099691a8017,34,1037
lecture,u17-s001-lecture-r1,u17,s001,parallel-angle,PENDING_MANUAL,396cce1ec4e607b526e3f871c1633a48beac6980b4978fee49225fb29e680b7e,120,1764
question,u17-s001-v001,u17,s001,parallel-angle,PENDING_MANUAL,5f4208fd7f2f5b0622b904dc632db3760f54538602e3db38a33a65f05a3fc89a,42,844
question,u17-s001-v002,u17,s001,parallel-angle,PENDING_MANUAL,71bbed1295005186bd7016583d2689bd938423cdb0807157e073ee6340f0daf9,40,815
question,u17-s001-v003,u17,s001,parallel-angle,PENDING_MANUAL,e19b8922774df24d5e3a7763849c8f33d5b8e2fe9fcbf128cf6c5c07059506ff,42,887
question,u17-s001-v004,u17,s001,parallel-angle,PENDING_MANUAL,2de9bc32c2b32a23f745398decbd4c1e500fc1121616827e85c456bf45a5e5ac,40,822
question,u17-s001-v005,u17,s001,parallel-angle,PENDING_MANUAL,30dac4e0e077467dbc296b73de469a79d8798c1ac2a7a562ef141428e5788502,40,791
question,u17-s001-v006,u17,s001,parallel-angle,PENDING_MANUAL,02d712c01436693216e1afab2b3db6fcc92a4770152fbdf7d76ee2cad646621e,40,831
question,u17-s001-v007,u17,s001,parallel-angle,PENDING_MANUAL,3ee1307683634df4fe0180cb00b718d0cb440d56ebf6c2bdcd262cd4523c840e,40,877
question,u17-s001-v008,u17,s001,parallel-angle,PENDING_MANUAL,dcfe86a9f872bc415686637e66bfa82d43d48e72787ccdab55be9cf8fb03fe7b,40,915
question,u17-s001-v009,u17,s001,parallel-angle,PENDING_MANUAL,5682179070bf3497597696715bbfc8174ab3c24cf432c45b364b35e8e9fea06a,40,867
question,u17-s001-v010,u17,s001,parallel-angle,PENDING_MANUAL,1c52c877791b3c64a430b1e764fd44af9f3f251e88fd0f0d558abd9ae4ef0571,41,927
question,u17-s001-v011,u17,s001,parallel-angle,PENDING_MANUAL,66211e192f5ef69ecb300a51ed84f8d36ce0a0b13c7890e6371143a69f42f772,41,961
question,u17-s001-v012,u17,s001,parallel-angle,PENDING_MANUAL,17c7dcdda4228bf2e8f48f19fb7095cda74440f3f4bc742c612d475bff60c53f,41,918
question,u17-s001-cr001,u17,s001,parallel-angle,PENDING_MANUAL,bcea58e0a876544dad7f7060fc7d2bd3457cd505f71ec826259621898c96616e,38,1066
question,u17-s001-cr002,u17,s001,parallel-angle,PENDING_MANUAL,9c30ef643bdb0c5be273f2940bd96cf327030adfd672e233322afae67b54eda9,38,1023
lecture,u17-s002-lecture-r1,u17,s002,parallel-properties,PENDING_MANUAL,3c371e6ec68ae3532318747254343c1d32b585aefeea219666e1dea49233d45f,122,1745
question,u17-s002-v001,u17,s002,parallel-properties,PENDING_MANUAL,86a8e02163d219f3af75d7f7ec633cb31f090a7781e22a3afce126156b55c7ff,40,797
question,u17-s002-v002,u17,s002,parallel-properties,PENDING_MANUAL,af07727bcc2b9d73c38906993308f169450e07790b722b8697946c5ad729a504,40,846
question,u17-s002-v003,u17,s002,parallel-properties,PENDING_MANUAL,0dcf5c21a1f8a022cc834fe8f04ec71f78a64b268108313350de5642dbd216a3,40,881
question,u17-s002-v004,u17,s002,parallel-properties,PENDING_MANUAL,b39b3350140c0bfeef1f5eb202ab4488b466dcce068f61570f3d671ceb86112f,40,855
question,u17-s002-v005,u17,s002,parallel-properties,PENDING_MANUAL,39c12f5d6723954d59c4655cb81e142001aaf25d9f0eebb5b204778be74af43f,40,839
question,u17-s002-v006,u17,s002,parallel-properties,PENDING_MANUAL,ffecacadfb6c3c79d4c93a9613287b37568ebe5334c13031151f58a2cd844883,40,816
question,u17-s002-v007,u17,s002,parallel-properties,PENDING_MANUAL,e26b8ad2a8f2f5b51c663b93a2259d107658e2e02ded2c53d8a8147c9daadae9,40,929
question,u17-s002-v008,u17,s002,parallel-properties,PENDING_MANUAL,5ed9fc47c6408667342ac62d3aebad187e0669125eb0b0a870706e7d4eb188a6,40,872
question,u17-s002-v009,u17,s002,parallel-properties,PENDING_MANUAL,02dda8e78d67f6984133aa50fcd6e9cf9c5776bf28e170624b0c68699a7b68c3,40,1007
question,u17-s002-v010,u17,s002,parallel-properties,PENDING_MANUAL,cbd7425b6cbf72676b79d8f1af816c6b891bcad0098dba0ceac2e8fb8d7fac37,41,931
question,u17-s002-v011,u17,s002,parallel-properties,PENDING_MANUAL,4d5593a579f05b4fc9112f7383fefea309a380cba7e695bf3582b4fa095abd13,41,958
question,u17-s002-v012,u17,s002,parallel-properties,PENDING_MANUAL,7f88421b2194d2b2ee5f9461ba944a2b3ac095e208efe8e3d7118832c3f14b0d,41,970
question,u17-s002-cr001,u17,s002,parallel-properties,PENDING_MANUAL,9f14f8505b5e1c1757c400fce285e63272e9c8e8367a230c90b7d15ea6ab352d,34,838
question,u17-s002-cr002,u17,s002,parallel-properties,PENDING_MANUAL,7649a78cb63b5051b8a61a46fd7ccc7e2a37002367b4f27ecf0447e6828968d5,34,886
lecture,u17-s003-lecture-r1,u17,s003,parallel-proof-basic,PENDING_MANUAL,1bccde793104fbf1fe7ae497c0acd2d1ce932a848fd25f42e05c71619e780075,122,1774
question,u17-s003-v001,u17,s003,parallel-proof-basic,PENDING_MANUAL,7f635b290414e9e0592d073cf64c5453734df1afd131a30057e748be6b5a4384,40,976
question,u17-s003-v002,u17,s003,parallel-proof-basic,PENDING_MANUAL,8714b8bde1fe5d8fa6801cd39e291fcc6aad2ac86902b362f638364f0fc775ec,40,934
question,u17-s003-v003,u17,s003,parallel-proof-basic,PENDING_MANUAL,7e7937a7ee5f6b1e25094af9cceca7ebd43067ab8466c7864784a2417055a736,40,961
question,u17-s003-v004,u17,s003,parallel-proof-basic,PENDING_MANUAL,07a191950072646a5abd8935d6280976bcb95b1c3009b17401a2f71c951a6821,40,1036
question,u17-s003-v005,u17,s003,parallel-proof-basic,PENDING_MANUAL,3d9fe3a16125e33accdf042807f5679952a8b37cbcecf3bf757a6e2b2f9f4407,40,1121
question,u17-s003-v006,u17,s003,parallel-proof-basic,PENDING_MANUAL,4dd1ad3149bf2f1c1753518a250eec72966244ebcfe0a2fd6e40befe689de26b,40,1039
question,u17-s003-v007,u17,s003,parallel-proof-basic,PENDING_MANUAL,2f62c5d7413c363c53c2ca79560a918860a35e117147e83d0a9e84cd98331ce4,40,923
question,u17-s003-v008,u17,s003,parallel-proof-basic,PENDING_MANUAL,35859567eafa311fe679a15bf5bc226fb6d70d213044938dab03b05858213509,40,966
question,u17-s003-v009,u17,s003,parallel-proof-basic,PENDING_MANUAL,1ae0daae80b80c404968dd06a1c386d2b0cd0e22db484ee8082089eac0c493bb,40,1131
question,u17-s003-v010,u17,s003,parallel-proof-basic,PENDING_MANUAL,00aa726e7c44611c7b44185f2b24266f5bb78333e41ba8adad85444637550bee,41,1086
question,u17-s003-v011,u17,s003,parallel-proof-basic,PENDING_MANUAL,55d562a5b7f24e12ccfc7f8b27fbb0c1855d790a11c705154433afcf7ebbd8a9,41,1115
question,u17-s003-v012,u17,s003,parallel-proof-basic,PENDING_MANUAL,3f225322f0dd03451f9c192385eb3c4e3318ed257e649a76e70f47982e0730d6,41,1017
question,u17-s003-cr001,u17,s003,parallel-proof-basic,PENDING_MANUAL,a902a71d5afa869e80560b251d3006b376c029232198839651d09467b76d874e,38,946
question,u17-s003-cr002,u17,s003,parallel-proof-basic,PENDING_MANUAL,be9fb962551847b5cb342c3998e273dcb7caa3116a1e03a055abe1776546031d,36,980
lecture,u17-s004-lecture-r1,u17,s004,parallelogram-properties,PENDING_MANUAL,bdaeff7da73306e24611da3f400ccdbc4f8e0e9d103f7f6075594f07903eabe6,125,1787
question,u17-s004-v001,u17,s004,parallelogram-properties,PENDING_MANUAL,3a0db0929c9430f4cbf92c65d8bfdadf7e495ca0c15054b46cfe579ffc4ac41d,42,883
question,u17-s004-v002,u17,s004,parallelogram-properties,PENDING_MANUAL,d1a37bbe88d5dd3530c8bddc90efeac825eed09248daaad3115cd3b0862a7851,40,807
question,u17-s004-v003,u17,s004,parallelogram-properties,PENDING_MANUAL,a03221d0aceda06233036e8d588f084b2df465b36927d5f72760bfaa43acac21,40,833
question,u17-s004-v004,u17,s004,parallelogram-properties,PENDING_MANUAL,b657baea320bef2b1586373ada3adb06fc051cfb207a704208d4ec590881856f,40,854
question,u17-s004-v005,u17,s004,parallelogram-properties,PENDING_MANUAL,b43e23681733c926c390fb05ca65abd413b11ee9fa628d144b185125c838394a,40,862
question,u17-s004-v006,u17,s004,parallelogram-properties,PENDING_MANUAL,bcef2e0ac50c1d94f75735b5f6d2e63cec181e6250e1dc97d70df40dde074731,40,830
question,u17-s004-v007,u17,s004,parallelogram-properties,PENDING_MANUAL,137c782d0d95485769474707ab1fb55c3b7943ee57286a2007c5c70f8047115d,40,939
question,u17-s004-v008,u17,s004,parallelogram-properties,PENDING_MANUAL,c3705e1e1a9f771900da3c908e9d23c22e79ba6168f0e3621a51d2e6258960cf,40,972
question,u17-s004-v009,u17,s004,parallelogram-properties,PENDING_MANUAL,85a06b76f852be9a90569eb4d0dad178d441432034baea01b0043133cce51468,40,880
question,u17-s004-v010,u17,s004,parallelogram-properties,PENDING_MANUAL,1adbc75422c1733ee56958bb54e9b4290720f316b8491ddc8a341069c9db69c2,41,912
question,u17-s004-v011,u17,s004,parallelogram-properties,PENDING_MANUAL,0a6e620ced4fcdc6ee985b927630acf2cdb2ea2dd4621d952bb22fdca7704bfb,41,923
question,u17-s004-v012,u17,s004,parallelogram-properties,PENDING_MANUAL,c6d8e59cfada76838f22c2532cdda756778c5d19ff82a460334ae707bd9b6a18,41,947
question,u17-s004-cr001,u17,s004,parallelogram-properties,PENDING_MANUAL,a51f45b3ddb190fccdff002757d0ef274b5d19aa0392e98f2e65f9ef95ad029a,36,1011
question,u17-s004-cr002,u17,s004,parallelogram-properties,PENDING_MANUAL,e9cfa2289888d901e24649ef1463fcf71549e335dfde5e85a4bd111d168d7624,34,857
lecture,u17-s005-lecture-r1,u17,s005,parallel-alternate-interior,PENDING_MANUAL,9ee9c43bbdc9d1f865ae788e6552015ab3f8fd379a6152c8460b3ac0bc371c56,119,1660
question,u17-s005-v001,u17,s005,parallel-alternate-interior,PENDING_MANUAL,da85208526f49f358f7084816f007a9796ba3b3a369210b62a3ebe9aa05d0ae7,42,1013
question,u17-s005-v002,u17,s005,parallel-alternate-interior,PENDING_MANUAL,adf18bd176a111401412ca0aa1f0e5dd8dc606a592f37e5f75a1aff16da7d24b,40,780
question,u17-s005-v003,u17,s005,parallel-alternate-interior,PENDING_MANUAL,a5cc4e1ffd91e56c845c6356a8829baaf57ba31d4c4999af836ad8dc29da6ad5,40,819
question,u17-s005-v004,u17,s005,parallel-alternate-interior,PENDING_MANUAL,6e4a32c19b09f497ac9f70caf46cf55d363cf214c7251d5554392903641ee1f8,40,803
question,u17-s005-v005,u17,s005,parallel-alternate-interior,PENDING_MANUAL,71e49f6a1255b02bbfe07d98019f2f093c0ab6cfab521eec1e80e0fde45f6189,40,817
question,u17-s005-v006,u17,s005,parallel-alternate-interior,PENDING_MANUAL,f912f5494cb5d7bdbd4f22e1b5883bf1d23335692ab0b6e17e8b64727764430c,40,873
question,u17-s005-v007,u17,s005,parallel-alternate-interior,PENDING_MANUAL,009eefde18198f44d55ec47b5408796ca95d8b6a1ed60ee0b80a5af7f516d5c9,40,978
question,u17-s005-v008,u17,s005,parallel-alternate-interior,PENDING_MANUAL,72bc3da967cacf12262c68f6a8033dfee11e9294e9d1206f6b8a5fd254cd21d8,40,977
question,u17-s005-v009,u17,s005,parallel-alternate-interior,PENDING_MANUAL,a2714845c0d0127b6a037f7876f5a2a285c5a0009e66cd18348fe08d020cd6ba,40,920
question,u17-s005-v010,u17,s005,parallel-alternate-interior,PENDING_MANUAL,ca62a77c55f674bec5cb0581928d3807280a9eb0f7c7a8e8b6cf42ea77795015,41,927
question,u17-s005-v011,u17,s005,parallel-alternate-interior,PENDING_MANUAL,aeab1fb96e9e0f4f95ccc6360bc8094429b3135f2a438452f6129f2543b88ed3,41,897
question,u17-s005-v012,u17,s005,parallel-alternate-interior,PENDING_MANUAL,ff2c8ac95fa44f142b60909a7548a83b083da4f6e342991e3732778b9ca90e67,41,943
question,u17-s005-cr001,u17,s005,parallel-alternate-interior,PENDING_MANUAL,439cd11f425f973b5058710f7f22f88575df4fc7927b2924d0454568090025e8,36,927
question,u17-s005-cr002,u17,s005,parallel-alternate-interior,PENDING_MANUAL,557f9945dd1b321de088dfbb4ba53376dde13aa325f662b882e6b78166f4e584,34,773
lecture,u17-s006-lecture-r1,u17,s006,parallel-corresponding,PENDING_MANUAL,9dac306c3b11bdd52056a48a4e9e509989de3878bbd30f24e997c730ec5e3dde,119,1692
question,u17-s006-v001,u17,s006,parallel-corresponding,PENDING_MANUAL,3216d3bbf2aba40df8ce085bfe9e255f76e8b78235cd1ee5fda821b5acd7b3bb,42,976
question,u17-s006-v002,u17,s006,parallel-corresponding,PENDING_MANUAL,9150b0b1da749c7c5d8dc0ff2de649b7e0de09f8ee06c3054004d4c9c6da4045,40,763
question,u17-s006-v003,u17,s006,parallel-corresponding,PENDING_MANUAL,0f66b0a12eafc51e4a355b04376a2f681b5bd48fc373fb99aee3f0c1fcb9b9c1,40,822
question,u17-s006-v004,u17,s006,parallel-corresponding,PENDING_MANUAL,af0195e9de937829075c33e5868811a7b79026a173381ed8b8d1dcabadeb0094,40,776
question,u17-s006-v005,u17,s006,parallel-corresponding,PENDING_MANUAL,d9782f4ee84b0663d885cece80e84514b03d9d20087bcea70e0a7ee4e775bf16,40,811
question,u17-s006-v006,u17,s006,parallel-corresponding,PENDING_MANUAL,b088a1e858b5fc0aefcfafd620504082bc6c3c73da869bb66e0bfa2e11c578e8,40,900
question,u17-s006-v007,u17,s006,parallel-corresponding,PENDING_MANUAL,6899920f0d1ad256e3fada5db8b3c4e505187831498a6602c86b0d2f794e6f52,40,931
question,u17-s006-v008,u17,s006,parallel-corresponding,PENDING_MANUAL,2049269c5f3ecc7a12ad7c5bf4ecbf8cf401d4c2af476185783936c106bfb0ed,40,979
question,u17-s006-v009,u17,s006,parallel-corresponding,PENDING_MANUAL,3473749ccebcba9dc4eabed7e6fcd62bf475b7fa005934fbd4293df76d049be5,40,898
question,u17-s006-v010,u17,s006,parallel-corresponding,PENDING_MANUAL,c90954298445a112d60a85cf59862cf1fdaec16c49927a04028d0ed4619f857f,41,868
question,u17-s006-v011,u17,s006,parallel-corresponding,PENDING_MANUAL,28f5377676cba6d30acdc59b87d591a20d0c63c0fa884010a2af945498b1405d,41,899
question,u17-s006-v012,u17,s006,parallel-corresponding,PENDING_MANUAL,9c207a134d53f9275d9e6551370c4c323468a3d4f40885a7ca9671b868408a63,41,1071
question,u17-s006-cr001,u17,s006,parallel-corresponding,PENDING_MANUAL,2f19dce4027441579ff6d0b7c1fdebdc6386d994fb78e9571e4c169e7d6d5e9e,36,935
question,u17-s006-cr002,u17,s006,parallel-corresponding,PENDING_MANUAL,db68f689b1cf0415347cd2e29ec5465b288df1e4bd2369b709239f3deb44b2d7,34,826
lecture,u17-s007-lecture-r1,u17,s007,parallel-consecutive-interior,PENDING_MANUAL,bda360af6bd5d14cc30f4721b3c761b27dee11bf00349894bd74bf1cb7cdbb81,119,1670
question,u17-s007-v001,u17,s007,parallel-consecutive-interior,PENDING_MANUAL,db6dc9eff80602ddc16e52bb8d03626679384f8f64be0b97f85e976659c1ce7b,42,965
question,u17-s007-v002,u17,s007,parallel-consecutive-interior,PENDING_MANUAL,30f8770e4c07b4245f7a876dfc334c8301c696593972b8d1ee3e23de125fab6c,40,790
question,u17-s007-v003,u17,s007,parallel-consecutive-interior,PENDING_MANUAL,c065ee49b8ad4e49f2f2446009ddb562e6eb47e3dcbdde203698c66117eef52c,40,832
question,u17-s007-v004,u17,s007,parallel-consecutive-interior,PENDING_MANUAL,116ba391d87d383d51409de94628521d3ae4b72ffa20b15098969cd89b4de8bf,40,834
question,u17-s007-v005,u17,s007,parallel-consecutive-interior,PENDING_MANUAL,dfb42c7f2b4f5243a2311b35665d954d8b356533246b4a77d527018771ea49e3,40,928
question,u17-s007-v006,u17,s007,parallel-consecutive-interior,PENDING_MANUAL,2fffa4ba8f477eb5eae410441657e637ca076b5008f780589eb9a4c7913e9bb5,40,832
question,u17-s007-v007,u17,s007,parallel-consecutive-interior,PENDING_MANUAL,122d02678ba0aa2009226d9ebccf1e00e80f39e349e3e0f4973273d91c8f7b59,40,908
question,u17-s007-v008,u17,s007,parallel-consecutive-interior,PENDING_MANUAL,212f4153994d5af7786166672f586a1a48c4e0a339ad44e72e44585c16370124,40,944
question,u17-s007-v009,u17,s007,parallel-consecutive-interior,PENDING_MANUAL,7c6c9dfac3773a7d665cb011607532af4e2085f72e39362c805854b5e7a89f9a,40,845
question,u17-s007-v010,u17,s007,parallel-consecutive-interior,PENDING_MANUAL,8a202d27f9f88579c5008c355b89305a76830ae0d0a6a3da3769511914ec3cc2,41,917
question,u17-s007-v011,u17,s007,parallel-consecutive-interior,PENDING_MANUAL,25ceada7e7a3748b17a79eaeff5552ced2da6a72ca66158306cd4e9a48041171,41,891
question,u17-s007-v012,u17,s007,parallel-consecutive-interior,PENDING_MANUAL,b8a7f4b32634eb7fd414114b581e2eacca2615a3afe12a31dcfd985665cd1855,41,986
question,u17-s007-cr001,u17,s007,parallel-consecutive-interior,PENDING_MANUAL,59fdc3294d47cbd83aaf7e33d9841f8dc6a5c205f29808f96568955202fe3360,36,907
question,u17-s007-cr002,u17,s007,parallel-consecutive-interior,PENDING_MANUAL,e33cf00ad2f830cb66eb734be6cf6388c2c444a9b341c51ee41a8f3e739a0b6c,34,869
lecture,u17-s008-lecture-r1,u17,s008,parallelogram-opposite-sides,PENDING_MANUAL,e01dbafc782f844cae04716e930f3a4c4b6ec5e9cdd4248b6fcec9ca3dae70b6,122,1773
question,u17-s008-v001,u17,s008,parallelogram-opposite-sides,PENDING_MANUAL,b48df375b75a3846322ca5b2853c2e24812e3e2005c7f6757ba66fe37d281055,42,852
question,u17-s008-v002,u17,s008,parallelogram-opposite-sides,PENDING_MANUAL,1856ef710ddae1394db98d9e8e0d8a619239e1e182ade589f33af2c73d1f3936,40,789
question,u17-s008-v003,u17,s008,parallelogram-opposite-sides,PENDING_MANUAL,4df804290d14debac6be9a9c94065a068065ce4ed18a8ddb2551e0100094a4ed,40,782
question,u17-s008-v004,u17,s008,parallelogram-opposite-sides,PENDING_MANUAL,86c1e17cab3d25ab00c81b0bc8969ee86e070a450a2216363d320f8840c29c51,40,874
question,u17-s008-v005,u17,s008,parallelogram-opposite-sides,PENDING_MANUAL,710635e356846e525d1b8fcd90ba6f937f8a325c79758eb59e33cee8fc9246ef,40,784
question,u17-s008-v006,u17,s008,parallelogram-opposite-sides,PENDING_MANUAL,a0932ab4b04c965f2d61f35e04bb9b9f88c5edc02cd4e4d4c793b2c048e99a19,40,841
question,u17-s008-v007,u17,s008,parallelogram-opposite-sides,PENDING_MANUAL,d745ca4ac13f192db7b665b5394ef81e5d99421d18b591db8070e81056400394,40,906
question,u17-s008-v008,u17,s008,parallelogram-opposite-sides,PENDING_MANUAL,7a4df0429071f72a0313b050d1d89cd77a1fc6a1971aec5512deb85f68e5a4ec,40,892
question,u17-s008-v009,u17,s008,parallelogram-opposite-sides,PENDING_MANUAL,5d707739cda27176cd2f0f48275d8da2dc4fb82d1d7d6277cacef4c49d314d42,40,883
question,u17-s008-v010,u17,s008,parallelogram-opposite-sides,PENDING_MANUAL,36db668b6f9f753c61591680ce47c866dcd8e2139db7e3af4a374bbde5b3a33a,41,910
question,u17-s008-v011,u17,s008,parallelogram-opposite-sides,PENDING_MANUAL,7ffe0673f6d728c8bd7a6271a418016847ab4a1ecd7514d3a6d57eded0bec210,41,1061
question,u17-s008-v012,u17,s008,parallelogram-opposite-sides,PENDING_MANUAL,3af9ad5c76b4f6702e58334473e5b4458677e6e3fc73b1d68de0e371706c734c,41,1046
question,u17-s008-cr001,u17,s008,parallelogram-opposite-sides,PENDING_MANUAL,5b3d731c365f6fe9e9a0ef23a207d6bc91faea774b8a6c95f98feb2f23bbe4f7,36,930
question,u17-s008-cr002,u17,s008,parallelogram-opposite-sides,PENDING_MANUAL,bae85c7cb61fe553e0c206b5ac9af3329e21d18ab6d5cc6caf5d79451c51c123,34,929
lecture,u17-s009-lecture-r1,u17,s009,parallelogram-diagonal,PENDING_MANUAL,bc74c49cbe971b8e56f7980f51cc95a50e91a0a669d8a4c0cba43250f5b6cb8c,119,1770
question,u17-s009-v001,u17,s009,parallelogram-diagonal,PENDING_MANUAL,5d9881ac9de079399990454bd1dd15a59300133c4afba29a9ae08262b991fa17,42,910
question,u17-s009-v002,u17,s009,parallelogram-diagonal,PENDING_MANUAL,7cc011392f33709c9ad7f6746beb7d31df4671fe79a45610dd969167b5692ced,40,797
question,u17-s009-v003,u17,s009,parallelogram-diagonal,PENDING_MANUAL,dc8e800916276501647b9cd454184353a99d8daa78b7cb03db34fe4c81d73040,40,811
question,u17-s009-v004,u17,s009,parallelogram-diagonal,PENDING_MANUAL,6f87e278225fc5c6b0a343bd82920bd84499a15bfabe919ae5716fb75594bea4,40,819
question,u17-s009-v005,u17,s009,parallelogram-diagonal,PENDING_MANUAL,1772f5d4257c170f5c6f7defae31d8a73ced924003a099e4cfb3dcd304d2c4cc,40,832
question,u17-s009-v006,u17,s009,parallelogram-diagonal,PENDING_MANUAL,ea2a6b976e9dd774d7df0535e2cbbec67073a1a8b05ad614bd22274cf6e06a1f,40,903
question,u17-s009-v007,u17,s009,parallelogram-diagonal,PENDING_MANUAL,b800ba3014ea46c4f74e7048735ed449a82b91b62ea566c166a91483bc352da4,40,896
question,u17-s009-v008,u17,s009,parallelogram-diagonal,PENDING_MANUAL,8346e7bf682a17434ae75e7034169ea61808281e6435eaa0867bc1b243f18c63,40,853
question,u17-s009-v009,u17,s009,parallelogram-diagonal,PENDING_MANUAL,494385c9e8edcb09b1b4d66cca3f2c6d721b18eaf9c207a3c0e9d62e1cab8768,40,1077
question,u17-s009-v010,u17,s009,parallelogram-diagonal,PENDING_MANUAL,1a9020c664a3de4258575ab51d945365ca6c4e9110f7a7909f5a7b04de602874,41,897
question,u17-s009-v011,u17,s009,parallelogram-diagonal,PENDING_MANUAL,f6542219fa0021852fa5c4df42d881a4f3b0940adc457ce8baac7d529b3fa2ed,41,1021
question,u17-s009-v012,u17,s009,parallelogram-diagonal,PENDING_MANUAL,09f4dbcc4082630511f6d826abe1066f37e49f9a2044ae1bbcf477edb322a0fb,41,885
question,u17-s009-cr001,u17,s009,parallelogram-diagonal,PENDING_MANUAL,d584426e5b99538d8c2407b2fe6fc301ea1cd35deb33313dd46f875190354a7f,36,932
question,u17-s009-cr002,u17,s009,parallelogram-diagonal,PENDING_MANUAL,e9029351f347b8d109c3f84212ef1e1d3640cdc8746c6e41089e22111c5392f4,34,944
lecture,u17-s010-lecture-r1,u17,s010,parallel-lines-distance,PENDING_MANUAL,2b4017d2f2ce80fec4159d814b65dc3edf9937ce66c0470994e96ca2e57120ea,122,1690
question,u17-s010-v001,u17,s010,parallel-lines-distance,PENDING_MANUAL,15062f5c26e98a13c73202d04c5676bdd77c4b5d489752c64359edc084e2ba48,42,912
question,u17-s010-v002,u17,s010,parallel-lines-distance,PENDING_MANUAL,32613cb162a82226e825230c159b8b18651cad1556ecf5e423bc024f212ae93a,40,783
question,u17-s010-v003,u17,s010,parallel-lines-distance,PENDING_MANUAL,796fa5921f4c87f47fd883bec405206de04a4491a83dfc64988acb24b9198980,40,814
question,u17-s010-v004,u17,s010,parallel-lines-distance,PENDING_MANUAL,ed3084982927674fb8026677fd2819f4c4267dae81bdead25a33d8b109b4d388,40,875
question,u17-s010-v005,u17,s010,parallel-lines-distance,PENDING_MANUAL,e68b9e771a75dbbfe9207ae63b859f572b7f38fe7d4aa4168f2d0d2f0f6e0892,40,891
question,u17-s010-v006,u17,s010,parallel-lines-distance,PENDING_MANUAL,c5dfe13a734a142d0a4859a224c0cfd1baf224730d5bea53c6d37f3dbc8c3ca5,40,753
question,u17-s010-v007,u17,s010,parallel-lines-distance,PENDING_MANUAL,b616984b863a373407f82131acdc41157715822caeb18a7cb47ae7a3f9a0cb47,40,876
question,u17-s010-v008,u17,s010,parallel-lines-distance,PENDING_MANUAL,7334a16a4f69241223235f2d6ab64a1a630cf1e1727a90f478d4b45b47595f1c,40,932
question,u17-s010-v009,u17,s010,parallel-lines-distance,PENDING_MANUAL,1656ff1da42860c85523c35c30988b57f874c2891af5446ffc8dd8e549949a7d,40,789
question,u17-s010-v010,u17,s010,parallel-lines-distance,PENDING_MANUAL,eaa9ef677926dfdaf8207b3640f7ea4b8ac9803fbd7fa37953f1f1fd672c902e,41,937
question,u17-s010-v011,u17,s010,parallel-lines-distance,PENDING_MANUAL,756046f5665bb9fe4281dfb636e97fa7d8cb8b9486501dc9611228a826936a0f,41,966
question,u17-s010-v012,u17,s010,parallel-lines-distance,PENDING_MANUAL,f45dac4ecde81ac687bbd65bd38b16c3ac06132db4a5b700326f761bf9b56d8b,41,1068
question,u17-s010-cr001,u17,s010,parallel-lines-distance,PENDING_MANUAL,92d9667daad8c803f810eb56f17a5cb9ee6617d59de558fdf59f08237de66719,36,922
question,u17-s010-cr002,u17,s010,parallel-lines-distance,PENDING_MANUAL,3ccbc711b063f0b0f9cacfc6c0963770821efef8279c434e2c722f61fa4408ea,34,855
lecture,u17-s011-lecture-r1,u17,s011,special-quadrilateral,PENDING_MANUAL,1e2749efabcd93cfdf825fd86efa1cc9d0be88de4c8f0befba89e67a246151e3,122,1790
question,u17-s011-v001,u17,s011,special-quadrilateral,PENDING_MANUAL,f6e02d4ff9032df7fd339909213261223a273c9d701fa0cae391f3fe045d1140,42,858
question,u17-s011-v002,u17,s011,special-quadrilateral,PENDING_MANUAL,88822b056b0f7da5cc51d96f1d400e4ae1469ce5620d189dc20ad7b0d2cd7990,40,787
question,u17-s011-v003,u17,s011,special-quadrilateral,PENDING_MANUAL,22076ed1349f9c0a528dc083d89c12d232891b83c09362530a8ccb1f7dbf8bfe,40,819
question,u17-s011-v004,u17,s011,special-quadrilateral,PENDING_MANUAL,16b8015149889bb7ff8e08b023aa25a78ff0458d59e2ac13aa56de973674a1be,40,912
question,u17-s011-v005,u17,s011,special-quadrilateral,PENDING_MANUAL,9daa9ad8f7478068088c08045b338be4bd4f15e27b31d63839dab31ce029dd74,40,899
question,u17-s011-v006,u17,s011,special-quadrilateral,PENDING_MANUAL,a1f7c65aaf62af6828fc4f99fa9afb6c3034a1c3474aa683a3cd526934b12b77,40,844
question,u17-s011-v007,u17,s011,special-quadrilateral,PENDING_MANUAL,c6ff5b53dc11b537d0ecfcb7f5110a38b23a09156d3572b17a56a9cee19c1f37,40,924
question,u17-s011-v008,u17,s011,special-quadrilateral,PENDING_MANUAL,20b13ae05b377e22114d0af717c2cf7782c4d441d34405a94f0222061d9f96a5,40,929
question,u17-s011-v009,u17,s011,special-quadrilateral,PENDING_MANUAL,beb2bd6d6522439c29b9433a6f16bae668da8bf17257236428de8a8186dec934,40,955
question,u17-s011-v010,u17,s011,special-quadrilateral,PENDING_MANUAL,c3e30470fae1c5c25317ab66c7553fadec09bf96eef47120eb6dd2f87e4b50cc,41,893
question,u17-s011-v011,u17,s011,special-quadrilateral,PENDING_MANUAL,6339ecbcd1c792ef0d8743a26062ac62dcff191b6d6939d0054e40de575367bf,41,962
question,u17-s011-v012,u17,s011,special-quadrilateral,PENDING_MANUAL,ab1bca9fa8881d37fa15416cf383752d4bd6f3f5b2ab73c4b9bdd3af6258babc,41,1083
question,u17-s011-cr001,u17,s011,special-quadrilateral,PENDING_MANUAL,26d53dd4155e646b769f6871b6b8c716c9d81cac9a578880a084c3fdd6f349a2,36,914
question,u17-s011-cr002,u17,s011,special-quadrilateral,PENDING_MANUAL,c5890fca7d6e8d1b6ea4d084a421e6580a334fff4654d90c2b7ab693c18994d9,34,821
lecture,u17-s012-lecture-r1,u17,s012,quadrilateral-area,PENDING_MANUAL,12f25eb26f35224874570812729147c1070d0cc9dee8572bae40c2a68e970513,122,1739
question,u17-s012-v001,u17,s012,quadrilateral-area,PENDING_MANUAL,c5646f912fb70752663606b82d6c26b3633e0ee69bb741f310c8e39cce640c6d,42,925
question,u17-s012-v002,u17,s012,quadrilateral-area,PENDING_MANUAL,b25466e7091b035b71a6d4fb56d06c839856077bdf03130c2cc6ef1d33e51d60,40,952
question,u17-s012-v003,u17,s012,quadrilateral-area,PENDING_MANUAL,7c1eabb251acd6ac369b975a885c12087e5be9c2cfedf97ef4059d9f73e2fd7d,40,846
question,u17-s012-v004,u17,s012,quadrilateral-area,PENDING_MANUAL,473307f8280281035291e7532d6d7ef4262d5cb94da8499cc666c9346215b421,40,869
question,u17-s012-v005,u17,s012,quadrilateral-area,PENDING_MANUAL,2912520848567a75db54dadf44c1d25172904b8f07dcfa70760491e88fceff77,40,766
question,u17-s012-v006,u17,s012,quadrilateral-area,PENDING_MANUAL,64a825ce84fc650e8f3355c6519579db7a8f9d06d40c305ebcbc3c03abf9f5f5,40,891
question,u17-s012-v007,u17,s012,quadrilateral-area,PENDING_MANUAL,3b4d4fe6de978253e23d57cd27810387d42505b7c06a2542eb4c84a276d4619e,40,910
question,u17-s012-v008,u17,s012,quadrilateral-area,PENDING_MANUAL,74af6173be30540f36fd76fabbb581c62c6727329d21c6bdda2b4cd7aa4ed280,40,863
question,u17-s012-v009,u17,s012,quadrilateral-area,PENDING_MANUAL,0621ab8aba2d7b7d5b3552e86a3475d0e31a5012e46e84dea8ac63d9529ca881,40,958
question,u17-s012-v010,u17,s012,quadrilateral-area,PENDING_MANUAL,f62d1b7e01f1ece14d175a11b759b2f72023d2980ea827921512c6f1efa6dde0,41,1013
question,u17-s012-v011,u17,s012,quadrilateral-area,PENDING_MANUAL,95418adf5c06361e5eac31a2d6be3db20c27350c1aeed90260f3510c8bd1cd5c,41,1039
question,u17-s012-v012,u17,s012,quadrilateral-area,PENDING_MANUAL,938f249bf603fd2fb551c47667b8936c03a273421b8de7865a8f4c16d1aac401,41,924
question,u17-s012-cr001,u17,s012,quadrilateral-area,PENDING_MANUAL,fed45a5ca5ab4f3f9ef5c24fa4bc974ad9db0f84494c7b834bf2766ada7e9d35,36,917
question,u17-s012-cr002,u17,s012,quadrilateral-area,PENDING_MANUAL,b2ba7a3931c1435f0ce87ab72bbb90df093af36c8bc8a183d21edb3e22a17a2d,34,904
lecture,u17-s013-lecture-r1,u17,s013,rhombus-properties,PENDING_MANUAL,ec89e2ff7ac429d6bfe316b2a7003eb748af280ea2292b8db1237a4643117384,122,1671
question,u17-s013-v001,u17,s013,rhombus-properties,PENDING_MANUAL,714570e5a1539ad45d9cf4fb42f95c86a4252fe55ad60df952a67ad67ce3310f,42,865
question,u17-s013-v002,u17,s013,rhombus-properties,PENDING_MANUAL,1dce33ab61ea69fbca3a4e31dbea87e61b5d1eb2132590c1aa92118618033f76,40,764
question,u17-s013-v003,u17,s013,rhombus-properties,PENDING_MANUAL,5e7f8cbc87e163a7f953b208e040e12c4499fc7b92a2469d10dd0f967ffbc0aa,40,810
question,u17-s013-v004,u17,s013,rhombus-properties,PENDING_MANUAL,1b68ff1c7423e7957f1757d5763b455cd470c4c42272697a7769167a7ed2913d,40,831
question,u17-s013-v005,u17,s013,rhombus-properties,PENDING_MANUAL,12a062ca81d0b8e7c60848d9f7bfc9a7612d1e4918eeb2ee706893dec06bea9a,40,823
question,u17-s013-v006,u17,s013,rhombus-properties,PENDING_MANUAL,6fc8a01dd164a990827385f10a30599c78a4897b502c928c7c89dc6671007593,40,854
question,u17-s013-v007,u17,s013,rhombus-properties,PENDING_MANUAL,fda45597c82eebe320d00ac57c521746d0da6ab9fe215471ef207f2aa58852fe,40,866
question,u17-s013-v008,u17,s013,rhombus-properties,PENDING_MANUAL,59d725fa076d7675c88ee415f410b9944cf9a06139c91694f4c634be5e01577f,40,1074
question,u17-s013-v009,u17,s013,rhombus-properties,PENDING_MANUAL,c86430362d33b883d21e7ed5f74585ba2a181bd461ac5acc8246e583a48b5753,40,823
question,u17-s013-v010,u17,s013,rhombus-properties,PENDING_MANUAL,6f66251ec92a694d6afa90bf06be3ef6679c80c70cfd9a72294cbd281140fa40,41,932
question,u17-s013-v011,u17,s013,rhombus-properties,PENDING_MANUAL,1a58b869f590f7b589da2e459323f7b61d04234c485f430dba28445c73a18bb3,41,959
question,u17-s013-v012,u17,s013,rhombus-properties,PENDING_MANUAL,035346c8467bc90310ac8df5ca7de4607748f826046ff9c303bb7194a331f68f,41,977
question,u17-s013-cr001,u17,s013,rhombus-properties,PENDING_MANUAL,3ef5d8fa1273e6a492f9a1d01ed14e6f73bc60195388a2c10eb724c36022df3c,36,911
question,u17-s013-cr002,u17,s013,rhombus-properties,PENDING_MANUAL,84c7d71d7f6e61e26d9f1c6c7ff73bb42a1553bf6c509f2b54ebefebd8a401b1,32,824
lecture,u17-s014-lecture-r1,u17,s014,rectangle-square-properties,PENDING_MANUAL,e5f7f3655c05eb571f34ab63a61de581c0044ae9016fa40d5c3e407fb46926ff,122,1690
question,u17-s014-v001,u17,s014,rectangle-square-properties,PENDING_MANUAL,1f90816d63ce522d2ca82afdc0ef401767bcfc0e9811fdd8a484f9e03499a6bc,42,850
question,u17-s014-v002,u17,s014,rectangle-square-properties,PENDING_MANUAL,0532b658360ced06907ac4036c26a369b0a2d0a93948e60dcf49a39821327938,40,815
question,u17-s014-v003,u17,s014,rectangle-square-properties,PENDING_MANUAL,582ccc2eaece935269a9c3af1573362010b068dfc12092cb27dbac79bb8c664f,40,835
question,u17-s014-v004,u17,s014,rectangle-square-properties,PENDING_MANUAL,dbf5a78841bc37b2bf3eed52b8b25d0608c4650948b61c162bf75d48565323a3,40,788
question,u17-s014-v005,u17,s014,rectangle-square-properties,PENDING_MANUAL,9f94b6a2e12c2741f83b852ae128e2df44bf3ed97b2c0ce9ead37d716dd046ca,40,844
question,u17-s014-v006,u17,s014,rectangle-square-properties,PENDING_MANUAL,0f3dd2c5104f3c98989399d0fb5748f34528502bb842ba8adea76b1ef3515473,40,865
question,u17-s014-v007,u17,s014,rectangle-square-properties,PENDING_MANUAL,360103c7da655142fe8b14d75738f83fdf9329afc51d7be514dc5222e63c2c22,40,887
question,u17-s014-v008,u17,s014,rectangle-square-properties,PENDING_MANUAL,14e2c34ce4c01c0c14319774d7e7c0bc1b1cc48fd354660cf7a910ffca60971c,40,866
question,u17-s014-v009,u17,s014,rectangle-square-properties,PENDING_MANUAL,e0e98d8568b395da30c6e24b8aa8d76014465bc2a454181539fc753c143c5665,40,893
question,u17-s014-v010,u17,s014,rectangle-square-properties,PENDING_MANUAL,14220e3f0862c49c65991aa1a74d0913ee569b2bb8fb14accd640cd6263338f8,41,919
question,u17-s014-v011,u17,s014,rectangle-square-properties,PENDING_MANUAL,e6d465a06c8d2c055931ff582193c35c451ca5d7fdd0c79093f3d1e0827aac05,41,1061
question,u17-s014-v012,u17,s014,rectangle-square-properties,PENDING_MANUAL,e97087cf0695987382dee66585a3d1ce4bde2e56a8864fd2d6cf380bb9484766,41,973
question,u17-s014-cr001,u17,s014,rectangle-square-properties,PENDING_MANUAL,e8cf4bc262c369655c46ac2261f2c982a4f706a3d858ecb785cd6152407cacb3,36,903
question,u17-s014-cr002,u17,s014,rectangle-square-properties,PENDING_MANUAL,9a1e1db77667fbb08898073c5ab562c20c2a958db6045ba3e4638bc6d201c943,34,883
lecture,u17-s015-lecture-r1,u17,s015,trapezoid-area,PENDING_MANUAL,53aabbe3aee31ffd12ab9589d3f5d69ea0b57861217d5f793905bcd000eeabca,122,1685
question,u17-s015-v001,u17,s015,trapezoid-area,PENDING_MANUAL,566df05aa8a374b05935dc3600fda1fcae80e7b82ad80cd8769ec0c16d0a0c29,42,937
question,u17-s015-v002,u17,s015,trapezoid-area,PENDING_MANUAL,01308c42f5bd806e7d89c7aab4f25bf28ffe7b625d53991f1c29ed10e7e4a16c,40,839
question,u17-s015-v003,u17,s015,trapezoid-area,PENDING_MANUAL,b055ab06e5ceac560623b8b66e10f25499df180c5f694653e2fa0dff10f4a985,40,848
question,u17-s015-v004,u17,s015,trapezoid-area,PENDING_MANUAL,8277ee31276b002a572c228ee7d5b2e53230907c5ea4b74b9aa9f62fdbe1104f,40,812
question,u17-s015-v005,u17,s015,trapezoid-area,PENDING_MANUAL,44a7e7b0f73438a3500c279aee8cd9a776945a731b82a79b698480aa855ef8f9,40,886
question,u17-s015-v006,u17,s015,trapezoid-area,PENDING_MANUAL,6138cabb714c2439d19d0532d70a337e91e8da5e70eae919a8ada37f2bf415fd,40,888
question,u17-s015-v007,u17,s015,trapezoid-area,PENDING_MANUAL,965e0694193448a6660ebd84be55f035b7cc451a10304c308092da2335dc0280,40,851
question,u17-s015-v008,u17,s015,trapezoid-area,PENDING_MANUAL,e99c3b3f7774f159451d632458a9e8c76b9b9f92385d4804e2d19ba5215090f3,40,901
question,u17-s015-v009,u17,s015,trapezoid-area,PENDING_MANUAL,68edc0f5d175ab393b1aa59222d327b9a21caac9672543c65dbc7da87aa5d624,40,923
question,u17-s015-v010,u17,s015,trapezoid-area,PENDING_MANUAL,ccf391c025d5f7f38fa83e55365b5ddcff1dbcf52fa6731ca909d569d6f26135,41,1023
question,u17-s015-v011,u17,s015,trapezoid-area,PENDING_MANUAL,b8b2e1cd95a77e4947ed16947c238d7331f970f5fe22affe23c950753f68a1c8,41,927
question,u17-s015-v012,u17,s015,trapezoid-area,PENDING_MANUAL,a3ca63eb3da70e4d991cd3dfc66aa80f59c9aed478f55331fd1fde4ca0911052,41,965
question,u17-s015-cr001,u17,s015,trapezoid-area,PENDING_MANUAL,f9652514f17f85b9869f1834fcefa08e1b17ac286db8cde5cf1f4f0e9ffc04a4,36,910
question,u17-s015-cr002,u17,s015,trapezoid-area,PENDING_MANUAL,2e00c7e77d199d87f4477e7de8f2eead51b7a4dc56aa638256e9975f92083bf4,34,859
lecture,u17-s016-lecture-r1,u17,s016,quadrilateral-angle-sum,PENDING_MANUAL,7909d4428b1a1c90cb881b2c33af9c93715b57454c3c14961e7949174edd2925,122,1749
question,u17-s016-v001,u17,s016,quadrilateral-angle-sum,PENDING_MANUAL,aeed45ff22575148ca32e312bdffad7c4380ba4cf5b61f638de04a40f4dac1c6,42,926
question,u17-s016-v002,u17,s016,quadrilateral-angle-sum,PENDING_MANUAL,ca3b740c7f8abeb7934b1f20b6b01e43a28394e9f40bee25d19cbdb97986e2a6,43,788
question,u17-s016-v003,u17,s016,quadrilateral-angle-sum,PENDING_MANUAL,07796e8d0e9a56652ec1f190c63ace14c518d80b756b223e9d7b78049677325a,40,756
question,u17-s016-v004,u17,s016,quadrilateral-angle-sum,PENDING_MANUAL,79e12ab80518429ca72dd00e8ac68129d0f3e5de535c02ac487cea8be177b884,40,814
question,u17-s016-v005,u17,s016,quadrilateral-angle-sum,PENDING_MANUAL,95bcdbd8076df363ee7ba4ee6199cb5cfbd48bfeac542f70fe9f9c253bece9c3,40,851
question,u17-s016-v006,u17,s016,quadrilateral-angle-sum,PENDING_MANUAL,82e7998af8ba380f3a1fe01c83732124263227bdaf8d891f193de1d450d62856,40,1024
question,u17-s016-v007,u17,s016,quadrilateral-angle-sum,PENDING_MANUAL,aae300f1eb248dda6f70c57ccd1c613235a691937dbf60235b1899fe8ef185bd,40,1053
question,u17-s016-v008,u17,s016,quadrilateral-angle-sum,PENDING_MANUAL,df4239d6b1d9805cb2f23b03c2e77511398936298e7daa44da8ababbb3f75db7,40,880
question,u17-s016-v009,u17,s016,quadrilateral-angle-sum,PENDING_MANUAL,ae190c2d8394286ac660e4a2e56adfefa50590312d59ed6feb34afc4fa48cc7c,40,813
question,u17-s016-v010,u17,s016,quadrilateral-angle-sum,PENDING_MANUAL,d1b6eb914d7ed7537a2080408903f5f4f98eb17514f4434a64833a7dcf4ba42a,41,887
question,u17-s016-v011,u17,s016,quadrilateral-angle-sum,PENDING_MANUAL,368d38d894ad250f75b83c5097f82483d1d41ae265494c19c4c8619103264a41,41,934
question,u17-s016-v012,u17,s016,quadrilateral-angle-sum,PENDING_MANUAL,421d8a072734853d40f74f0703eef249b5de4ce4014e361a8c3446b492a526e3,41,918
question,u17-s016-cr001,u17,s016,quadrilateral-angle-sum,PENDING_MANUAL,a0799f6eae372c63412f0eec23e2e12fd21575644f19d8e17acbf402f7e13a84,36,1007
question,u17-s016-cr002,u17,s016,quadrilateral-angle-sum,PENDING_MANUAL,e24eb08172d2164162675513affbed75a72f8124ac0e4b733abb753d40c36464,34,912
lecture,u17-s017-lecture-r1,u17,s017,quadrilateral-literacy,PENDING_MANUAL,bdc9ce6a39dfcf6dd90631b146b7c8a42818967b4350b07bd38b546121f0cebe,124,1864
question,u17-s017-v001,u17,s017,quadrilateral-literacy,PENDING_MANUAL,3b3de816e65d2a767322f4866a224482aad0e9190d615245646f47cafa79e302,40,812
question,u17-s017-v002,u17,s017,quadrilateral-literacy,PENDING_MANUAL,ab8ede050f8fa40c87d5f77378925d7c1aa423bf84763c283dc11b1bb935badb,40,872
question,u17-s017-v003,u17,s017,quadrilateral-literacy,PENDING_MANUAL,e8b6863c80e5f4133df574fe209da4642936f4b0b569578643462add22892d23,40,855
question,u17-s017-v004,u17,s017,quadrilateral-literacy,PENDING_MANUAL,f27418718b44d8e8ef610dca8f5608fab283ec360e9414b3f657772bf3be5108,40,834
question,u17-s017-v005,u17,s017,quadrilateral-literacy,PENDING_MANUAL,3c13274ee21d997ecf9c7afb2d1e922c1f2761eb1d07b2f6332344fc14abd973,40,956
question,u17-s017-v006,u17,s017,quadrilateral-literacy,PENDING_MANUAL,6bd6c0dface5b264f1e7e05b4943a4d542785e72e0fcaea569dae33fa6e5b905,40,937
question,u17-s017-v007,u17,s017,quadrilateral-literacy,PENDING_MANUAL,168e9dbced09224ce5ed5357a200df0df24536fd2f2b8a3c71f4e011877f0c11,40,1088
question,u17-s017-v008,u17,s017,quadrilateral-literacy,PENDING_MANUAL,8dd9e24a540ca5317f34e188f7bdd61145f56fd6913960439b77ea38e2a16c53,40,867
question,u17-s017-v009,u17,s017,quadrilateral-literacy,PENDING_MANUAL,a108040e8ca1c59a275d68da4ba84d69351bb092ac470b2530c1a48f97658d4f,40,893
question,u17-s017-v010,u17,s017,quadrilateral-literacy,PENDING_MANUAL,b03bd63d88f523495b109335b33c0c805d00cca0625ba309389e0c4bbb5883f7,41,1086
question,u17-s017-v011,u17,s017,quadrilateral-literacy,PENDING_MANUAL,958e2f81f8ea6db64d90a65f3bb8a6488d6883ac34c058aeaf6f778e82b553c8,41,996
question,u17-s017-v012,u17,s017,quadrilateral-literacy,PENDING_MANUAL,3bbba01e5eb4c60d153540f2062f78f5825f1c4912affacac0159bd249479fc4,41,974
question,u17-s017-cr001,u17,s017,quadrilateral-literacy,PENDING_MANUAL,f74c98a988334411c47f1b122c4e90cf70d22eb22c9da77c2c58cc03e5173906,36,1015
question,u17-s017-cr002,u17,s017,quadrilateral-literacy,PENDING_MANUAL,bcd249a44c7c0c52593a789d510db3e5afbe8665d704d74bbcb08de1bd5a2a5e,36,974
lecture,u17-s018-lecture-r1,u17,s018,quadrilateral-proof-basic,PENDING_MANUAL,21ab2c14abe58f5073ba0c6a87b87cee05e7357a0a473eee4c0f32e58aab8623,125,1903
question,u17-s018-v001,u17,s018,quadrilateral-proof-basic,PENDING_MANUAL,3ccb23f7771193d9ff511c2922bfbe1b147101f067ceaa9b80d5eef30d022eb1,42,903
question,u17-s018-v002,u17,s018,quadrilateral-proof-basic,PENDING_MANUAL,a602471e6b6e0fa6a3d9665211cbfc42b8c81dfcbbf80103102b2a8114218297,40,822
question,u17-s018-v003,u17,s018,quadrilateral-proof-basic,PENDING_MANUAL,d9651218ba729545b4437775c4dc28f4dcaec783c2a25f2221af219575993b0c,40,801
question,u17-s018-v004,u17,s018,quadrilateral-proof-basic,PENDING_MANUAL,b7ca7ed25500047d38b049b53df019d4226acf62d6a0ac787f7f1909ce2a1439,40,822
question,u17-s018-v005,u17,s018,quadrilateral-proof-basic,PENDING_MANUAL,15e64247a06415d7ff3a0caa951de878a1e8abaff4625300b34461ea603267b8,40,890
question,u17-s018-v006,u17,s018,quadrilateral-proof-basic,PENDING_MANUAL,bbecee477895bfb7a4bdb72b995cfe7e6892d6ab41db25e8ca24681727bde1f1,40,967
question,u17-s018-v007,u17,s018,quadrilateral-proof-basic,PENDING_MANUAL,0e097b5ec2128226aebc360fea50ef498e293d3166fe6a4381c391f399a3f6f0,40,892
question,u17-s018-v008,u17,s018,quadrilateral-proof-basic,PENDING_MANUAL,6e3c318b40a3698e36e33bf0d90e22e654c56873bc8f81adf5183bfd02c0d283,40,1016
question,u17-s018-v009,u17,s018,quadrilateral-proof-basic,PENDING_MANUAL,164598fe74de01853d83dffdc404bd6226df1dacd95f48b265da6de5d0be3282,40,981
question,u17-s018-v010,u17,s018,quadrilateral-proof-basic,PENDING_MANUAL,e4cc0953b0856759e3c771c98b9d4f286ef661f524b05df02024c79c6030d140,41,1088
question,u17-s018-v011,u17,s018,quadrilateral-proof-basic,PENDING_MANUAL,22c269340d8f6e51077484361e504610e1bea9af7203cd3f9f9d8b6a935953a2,41,950
question,u17-s018-v012,u17,s018,quadrilateral-proof-basic,PENDING_MANUAL,283218c0637ef933accf973aa41903d46cffdfa4d114ca8cdbf4859f497ef83b,41,1123
question,u17-s018-cr001,u17,s018,quadrilateral-proof-basic,PENDING_MANUAL,c1f7611f8d9531fe3d3227e1cf4a44dd89b01200d06e22ecb8c6173dcc449910,36,971
question,u17-s018-cr002,u17,s018,quadrilateral-proof-basic,PENDING_MANUAL,634ae86b9c3c728e1dc7a93467afcae3964cd04af09779cd2dc31d0c098bff0f,36,984
lecture,u18-s001-lecture-r1,u18,s001,continued-ratio,PENDING_MANUAL,07f7e35a1a626a79eb400552e97be5ce4a176cf3bbf5844ccf4ec9778c3baceb,133,2215
question,u18-s001-v001,u18,s001,continued-ratio,PENDING_MANUAL,250e234ab5532a4d6d8c46fe6482b6fe151b3a8c630656ff166a362b0b6b2b00,38,661
question,u18-s001-v002,u18,s001,continued-ratio,PENDING_MANUAL,2a279ec8e04f87fe87f4bcee3912e065b6dcef1ed38e7c083998fd9af83baf6a,38,624
question,u18-s001-v003,u18,s001,continued-ratio,PENDING_MANUAL,e4c2a9a458b734a860660c6a590684c7f37884876a765b1667c5f8f422d8dca4,38,705
question,u18-s001-v004,u18,s001,continued-ratio,PENDING_MANUAL,3c253488e120718cc813a0199773b5105aced51e709032c22cb14b45af3fec79,38,661
question,u18-s001-v005,u18,s001,continued-ratio,PENDING_MANUAL,5e15fc6a07ed8c5e21f9ceed4f1bd9605e633ab0c220ca0acc98a549caf2f9b5,38,639
question,u18-s001-v006,u18,s001,continued-ratio,PENDING_MANUAL,fac7afae5bffc1a74d90ce04b5647005cb907539dfaf1ce3ad8e66b7f1be662e,38,683
question,u18-s001-v007,u18,s001,continued-ratio,PENDING_MANUAL,dcd96ce7681ae3e93ec1984c1900fe31f47f37db669699db00586f7ffdd88d48,38,609
question,u18-s001-v008,u18,s001,continued-ratio,PENDING_MANUAL,a773d4587b33a95ec646da1a72c94b3d156593e6bc9e2d186f3b6e0fd1cac5c1,38,653
question,u18-s001-v009,u18,s001,continued-ratio,PENDING_MANUAL,f361da704632d1c860888af8bb9c09a64a873e40b263448beb5ab33b33608d7c,38,664
question,u18-s001-v010,u18,s001,continued-ratio,PENDING_MANUAL,7801ecf14f1b05c136bb81809e49167be1ef686f3999607081ed9bdcda2bbaac,39,762
question,u18-s001-v011,u18,s001,continued-ratio,PENDING_MANUAL,6ad4eb34d95bbe0bdaa24688402a54a3934fdd6def5c3e6ba013c3f60043c481,39,773
question,u18-s001-v012,u18,s001,continued-ratio,PENDING_MANUAL,f75f9de3e739d48628992e061e4c1dc8056d9eaae35561946eb6510b8afeccc1,39,766
question,u18-s001-cr001,u18,s001,continued-ratio,PENDING_MANUAL,7a8370bb1651b2830f14ebc240ee2875fa5e9ff92679d857330f2906f725c4e0,33,926
question,u18-s001-cr002,u18,s001,continued-ratio,PENDING_MANUAL,09815e3aa87323033826937bd913b433bfc22a07dda151c468a3eddb388c4de8,33,866
lecture,u18-s002-lecture-r1,u18,s002,continued-ratio-application,PENDING_MANUAL,779c26c39dc29b1022ed93353b2dca76fa57ccff4bd739dbbe78ced1d06b5cd5,136,2186
question,u18-s002-v001,u18,s002,continued-ratio-application,PENDING_MANUAL,78886e5ae6fab1abbeb5e83d84141b42c0e823eada5295627b80eb26c504e9ca,38,611
question,u18-s002-v002,u18,s002,continued-ratio-application,PENDING_MANUAL,476a54e430d23469002094ed01b8ebbaa21a68743b488e0ac3cb8536429c10dd,38,618
question,u18-s002-v003,u18,s002,continued-ratio-application,PENDING_MANUAL,814a967d8890f502230587236687c0a8edee4572540fa363372ca0407dbe3ad9,38,602
question,u18-s002-v004,u18,s002,continued-ratio-application,PENDING_MANUAL,5c9a701dade532ce634db159db5db10afb1ca792c82a6ea4c8fa2ba73aa372aa,38,660
question,u18-s002-v005,u18,s002,continued-ratio-application,PENDING_MANUAL,559512679ddf42df1bfce0a54cef663cb687316a943ea6e3cf377a1da73c6cd5,38,663
question,u18-s002-v006,u18,s002,continued-ratio-application,PENDING_MANUAL,73ac850ffafb805bb9af4c7bc82436389b9e75ac4eb0c40721d29d9440a0b9fb,38,600
question,u18-s002-v007,u18,s002,continued-ratio-application,PENDING_MANUAL,e5bb512a521a21d2bfe27305bd241996f425d1e7a6e40e720ab80b0e55d564b5,38,612
question,u18-s002-v008,u18,s002,continued-ratio-application,PENDING_MANUAL,3f01ea0fad19d94f7800a37caf52310ad80ac15794e052d314dce4a692168c8c,38,629
question,u18-s002-v009,u18,s002,continued-ratio-application,PENDING_MANUAL,39ed247191072a8cf264fe711f1a3a8d060324b66b0585e660b3d68548c0d62e,38,698
question,u18-s002-v010,u18,s002,continued-ratio-application,PENDING_MANUAL,6f57784d0220eca6795def5f9d4cf2e9e40e1382ba6ba74ff0855f61ab064bb9,39,744
question,u18-s002-v011,u18,s002,continued-ratio-application,PENDING_MANUAL,d59564894f0bd77bc246486112fb115c4a4511fe4ed8a8e2eab95fd029bed799,39,718
question,u18-s002-v012,u18,s002,continued-ratio-application,PENDING_MANUAL,3ff5e31982ad62b4710a55cee857183bf4ceeb9ce17c3e9793180db7bc26ee3e,39,796
question,u18-s002-cr001,u18,s002,continued-ratio-application,PENDING_MANUAL,23674d78df4b230c0093c1d550f4f812aff07574de9bb5c8d107f8e5ffe274cb,33,877
question,u18-s002-cr002,u18,s002,continued-ratio-application,PENDING_MANUAL,131a8b8eb9538c0b817538ffd04bbe90c8713c552791a13464e8f86a3b6602d7,33,1106
lecture,u18-s003-lecture-r1,u18,s003,proportion-segment,PENDING_MANUAL,8b0ee474d5a362ea1f688555ac358b3784a7e215cff64062f8cc53c65ef84531,138,2288
question,u18-s003-v001,u18,s003,proportion-segment,PENDING_MANUAL,8b1c1032b54fc993f86fb2589dd8cd68ae2973eff3c7a56a1fc19ac11149f25c,38,689
question,u18-s003-v002,u18,s003,proportion-segment,PENDING_MANUAL,a945ddb04d01ad4d8b5b765c9a84c00d2590cd0d0ecbe9c914fcea247be86564,38,616
question,u18-s003-v003,u18,s003,proportion-segment,PENDING_MANUAL,9bd8fe7b57ad1564316b860da385ae57e6c2728d5d9a0beddc993bda27a8a7fb,38,764
question,u18-s003-v004,u18,s003,proportion-segment,PENDING_MANUAL,03b43aeb2f2b2ed845027f2b9c47dbee307ef4f80793ad84dec267f17fee91ca,38,671
question,u18-s003-v005,u18,s003,proportion-segment,PENDING_MANUAL,eb97e5a558c1d20b8c342d151c770d5caf68de66fc8df98d42af9712f133e704,38,643
question,u18-s003-v006,u18,s003,proportion-segment,PENDING_MANUAL,7f48bfd5b049604243c0bd5a02ead1735cdbc0f11323403a9cee77b602f56cc9,38,679
question,u18-s003-v007,u18,s003,proportion-segment,PENDING_MANUAL,33a5a5f69b79693339308c3c286f8c802ccec6767722ef68d109d1567b7671f4,38,706
question,u18-s003-v008,u18,s003,proportion-segment,PENDING_MANUAL,aca91653ab56fdc5e18e3b7ae8d871d77b6a915d5d15d0d1ffeb210e17211cab,38,741
question,u18-s003-v009,u18,s003,proportion-segment,PENDING_MANUAL,c66306074580099c7f39a61f89a97992682958cc332f0afb5784a39e94fa2ed9,38,713
question,u18-s003-v010,u18,s003,proportion-segment,PENDING_MANUAL,0e3e371c7499ac2013e3702235203ad7889cb7c99be75e5cd9bfbec41fe23c6e,41,899
question,u18-s003-v011,u18,s003,proportion-segment,PENDING_MANUAL,26c675f9b993991df29cb4d8321354f2feedba5796fe7d70fad65b4e6537aeb2,39,807
question,u18-s003-v012,u18,s003,proportion-segment,PENDING_MANUAL,b997a88d69c715a7031c0aac23e4e62f91a7eb29e5a0d816bd182e54e711117b,39,775
question,u18-s003-cr001,u18,s003,proportion-segment,PENDING_MANUAL,5ee4df9688843004e82fc9d6290c203d36de7c5e0691ac425fe1b5551bcba321,33,822
question,u18-s003-cr002,u18,s003,proportion-segment,PENDING_MANUAL,53ccf3a3a95ba7811ca2e05e26d4e9e93b56e519bae222bb56f196bde0143b72,35,969
lecture,u18-s004-lecture-r1,u18,s004,continued-ratio-word,PENDING_MANUAL,58d0d9039203877ff28edbae41a84c04314d7cbb2a00dbe88c7e3172ed1e75e2,132,2277
question,u18-s004-v001,u18,s004,continued-ratio-word,PENDING_MANUAL,7255969e365c02ad5240667a88ec2b6dba03600e579d2060a8b3395d8a5f0ba4,38,657
question,u18-s004-v002,u18,s004,continued-ratio-word,PENDING_MANUAL,2b197aa1d3c93d39de62b7d0d85b5e63fbe44c69bc12e40ab41cc88ef03e8463,38,653
question,u18-s004-v003,u18,s004,continued-ratio-word,PENDING_MANUAL,1e496a05e3e5c330278824abd984d78c5e81e077bf2b31eabe787fccd9eb38d9,38,642
question,u18-s004-v004,u18,s004,continued-ratio-word,PENDING_MANUAL,12be47baf6b5799c30d71356c3df88efc134de5af9f31fbd5eb76a0b492ec579,38,627
question,u18-s004-v005,u18,s004,continued-ratio-word,PENDING_MANUAL,11661489ee288bedba4f4c7670a41c74db8da92a2ef4bd536e52c7b121a3f457,38,683
question,u18-s004-v006,u18,s004,continued-ratio-word,PENDING_MANUAL,b792d3434ec05f63ea21d365e967451fed0389a7a65f477aab6fc216ee449712,38,666
question,u18-s004-v007,u18,s004,continued-ratio-word,PENDING_MANUAL,6896323c40ddb418fc9c5080969444ea44b75ff32f31805f9ed380f3daac784e,38,648
question,u18-s004-v008,u18,s004,continued-ratio-word,PENDING_MANUAL,aee1ae221b5ecb8cf1b0e4542a468fb5641c92a3f431ed14291025f62e7e798c,38,673
question,u18-s004-v009,u18,s004,continued-ratio-word,PENDING_MANUAL,5b5f9b5fc0522b9732240a0d4c7dbb3530ff9521d90981a91328271754ba719f,38,713
question,u18-s004-v010,u18,s004,continued-ratio-word,PENDING_MANUAL,0df81be633bdd66c1bf21f831410578dc6b2f0fa10e344ca2d13c72f8f081267,39,807
question,u18-s004-v011,u18,s004,continued-ratio-word,PENDING_MANUAL,4f9fa2b98e5629f1a42a4157399a7a49090bf1e33499df8fa85b765006ad9425,39,710
question,u18-s004-v012,u18,s004,continued-ratio-word,PENDING_MANUAL,68b906466cc70a964f354c44db0b36f960bc6500ffa7518bdb8e563936304a20,39,886
question,u18-s004-cr001,u18,s004,continued-ratio-word,PENDING_MANUAL,1945527c6bff177b5c5aa3f056466de9991ca23ca431bd82dee86401ce508f83,33,940
question,u18-s004-cr002,u18,s004,continued-ratio-word,PENDING_MANUAL,a026ff2aea761523785a1c18dad36c7ee5a4a8edba70c69c86847e211e2bbc85,33,845
lecture,u18-s005-lecture-r1,u18,s005,continued-ratio-properties,PENDING_MANUAL,ffee6703ecad2c2d9cff5406b1b017d272e6e40913781349493cca59b058d8b9,136,2210
question,u18-s005-v001,u18,s005,continued-ratio-properties,PENDING_MANUAL,89017f30fd969e4b9ef5b9e288364a57aaa1402cb16b0d1bdcc3384dc3282bbf,38,617
question,u18-s005-v002,u18,s005,continued-ratio-properties,PENDING_MANUAL,cef4be85700de7583d511e5875db553f63d07b7fb334b1197ddeddf17b3d3854,38,622
question,u18-s005-v003,u18,s005,continued-ratio-properties,PENDING_MANUAL,d392cfcb20e3dc77f26a9744e1f168a806b9fba9227708a3a9f580368731071d,38,606
question,u18-s005-v004,u18,s005,continued-ratio-properties,PENDING_MANUAL,2fa650afa286c9a9055a7042c8b50c3855d56275528fb54d0d22bc3dfda24cc7,38,633
question,u18-s005-v005,u18,s005,continued-ratio-properties,PENDING_MANUAL,f889c73fa1ff622e95a2737975aebac95edd751fc1fb5c5c8b6675f71ab3ff8e,38,621
question,u18-s005-v006,u18,s005,continued-ratio-properties,PENDING_MANUAL,317a2466c727ed55435b4dce8f8ef6e10c78815f6673f34d5b96a8f8d6ed3838,38,688
question,u18-s005-v007,u18,s005,continued-ratio-properties,PENDING_MANUAL,4b59e7bae216e4dd03b115c018bf13ab402008d083c42f0b4462fc18e36965ad,38,609
question,u18-s005-v008,u18,s005,continued-ratio-properties,PENDING_MANUAL,c722331fe7e65e37a6f7106c0e3a06771be3e5fd298bf85f1eeef6672e145fcd,38,761
question,u18-s005-v009,u18,s005,continued-ratio-properties,PENDING_MANUAL,a8eefce8d51fbd41112697ba998b05ff8c0fee28fe18b883fdbabc1a80d2a77b,38,795
question,u18-s005-v010,u18,s005,continued-ratio-properties,PENDING_MANUAL,d93127c24237c4ee2831ef73add677ba06e29c5c1c693f1236505bf65e6fe71c,39,683
question,u18-s005-v011,u18,s005,continued-ratio-properties,PENDING_MANUAL,1304f305f5a384554b420647bfb3708f57eb002829603e6744450d393c6066a3,39,710
question,u18-s005-v012,u18,s005,continued-ratio-properties,PENDING_MANUAL,9b8b5cbd2094f1967675529347d41fbabf6f88c02e229356af3d7dbab6c53f71,39,875
question,u18-s005-cr001,u18,s005,continued-ratio-properties,PENDING_MANUAL,1038519e73b40fe6615837b4617f0782c7a8fba946e595df179e6d68dd73a88f,33,892
question,u18-s005-cr002,u18,s005,continued-ratio-properties,PENDING_MANUAL,2d0c1770c37632a0f01e69c3d7f0e0329650ce4b192fe51fd4341ed5e1738286,33,836
lecture,u18-s006-lecture-r1,u18,s006,similar-triangles,PENDING_MANUAL,aee15f75b6fda7397058f67e47a05763ed835d32e5dcb955e5c1fa4e7777c9e0,134,2193
question,u18-s006-v001,u18,s006,similar-triangles,PENDING_MANUAL,ae08c5bf5983ed30b833750651a577c06ff6878dbc69215608528ffeb28fdbf6,38,602
question,u18-s006-v002,u18,s006,similar-triangles,PENDING_MANUAL,e15815006ba83d8faaa5973ae7304c9f040b643e323b5153334d337fe8cb902f,38,612
question,u18-s006-v003,u18,s006,similar-triangles,PENDING_MANUAL,8ebdd299c538d77e1b4c36e7b1a9d67789467c194e886e113ee8f3dba2ff37e4,38,620
question,u18-s006-v004,u18,s006,similar-triangles,PENDING_MANUAL,81802b50c4b6cbf1ecb530952d8f615b49660ab71a5b5089502dba08ca61e0ce,38,675
question,u18-s006-v005,u18,s006,similar-triangles,PENDING_MANUAL,9fd657a28e4dfa873e034fe0d911a5efe617d5f3f8cf2a1817de01432505ca00,38,686
question,u18-s006-v006,u18,s006,similar-triangles,PENDING_MANUAL,9152d46bc9f316efb0e7e76caeeeb1af1a00ffc1ab15234da1cf622859fdd39a,38,620
question,u18-s006-v007,u18,s006,similar-triangles,PENDING_MANUAL,d2ab51a57c960ee94c4b274c39de26aaabf7df1da2ccaec41970e1aeed5b8417,38,657
question,u18-s006-v008,u18,s006,similar-triangles,PENDING_MANUAL,256873fcd606a017c5d1ba5e0109a8357546745ce5214a1248805cd20a117254,38,652
question,u18-s006-v009,u18,s006,similar-triangles,PENDING_MANUAL,6037031c333a357cd7cec98c5c7f4a767c214776f7fff07850f44b680eaec242,38,714
question,u18-s006-v010,u18,s006,similar-triangles,PENDING_MANUAL,d6dc232c852b98069e3f4af5e269780ab2ba0ca802978405f1dfaa7dc16c531a,41,817
question,u18-s006-v011,u18,s006,similar-triangles,PENDING_MANUAL,0ecd57740064daa133dbc938912d6a9d767057b1c1a258df65e99735d996d8b2,39,845
question,u18-s006-v012,u18,s006,similar-triangles,PENDING_MANUAL,833c2ee311e0934c8d888e0877fe701b51d3124ac5aff030931dbb8348c242fb,39,719
question,u18-s006-cr001,u18,s006,similar-triangles,PENDING_MANUAL,aa8ea51d640fe28dde66ddf4addc1844d9909b9d744001cede884699e1e4d8bb,33,904
question,u18-s006-cr002,u18,s006,similar-triangles,PENDING_MANUAL,d601002ad0641f707050807aed527b2bec2e386f7563a7a52b6da8b815f07f67,33,868
lecture,u18-s007-lecture-r1,u18,s007,similarity-aa,PENDING_MANUAL,623b51518eb09f913121e925494183162ec3a045d09949815a3b80f852355678,136,2314
question,u18-s007-v001,u18,s007,similarity-aa,PENDING_MANUAL,346804dc5e004cdeebdfcd7ad49efef2a85e88ad6855aee5f80bf76b32ffcbea,38,596
question,u18-s007-v002,u18,s007,similarity-aa,PENDING_MANUAL,5614af17dff60e87024d9b77b18f2ec76172606327a74044f4f378bc29a7bb73,38,666
question,u18-s007-v003,u18,s007,similarity-aa,PENDING_MANUAL,8ab49da32c5dd1416456192b6e487f5b2045c3da5895728626d771f8bb646018,38,761
question,u18-s007-v004,u18,s007,similarity-aa,PENDING_MANUAL,f5b276d6de2f1b4cb895c4a455f3512f24b789f8e2d379bcf97f77c09a4ded07,38,835
question,u18-s007-v005,u18,s007,similarity-aa,PENDING_MANUAL,0516f237aa3abf1fe77732ee2613e415d1ade4125c4c38698068be258fd7524d,38,667
question,u18-s007-v006,u18,s007,similarity-aa,PENDING_MANUAL,f93244e3dbdeb30520414ac8b791f2ef6a284eed68806e4da902f6bfbe673244,38,652
question,u18-s007-v007,u18,s007,similarity-aa,PENDING_MANUAL,c64e4d5b978ff908556b4525003b91b0fb4dc14ce30dd621a2d2e013f1a77086,38,781
question,u18-s007-v008,u18,s007,similarity-aa,PENDING_MANUAL,4945b9f0ef38ba48184027d5372da89f716217521daaf1e2c39cb62957be11b5,38,857
question,u18-s007-v009,u18,s007,similarity-aa,PENDING_MANUAL,7f6376b8df48ae435e063ed3369c7055669eea0632ddfb166f03a92ffb696998,38,768
question,u18-s007-v010,u18,s007,similarity-aa,PENDING_MANUAL,83c27df030e451533d9df9722d7a877952e54c08b666ec9b94d5e64617eb6188,41,894
question,u18-s007-v011,u18,s007,similarity-aa,PENDING_MANUAL,2460f1b6349ba1c935774d6492199202fec2070c77bd1f467b069d6bffda6acb,39,861
question,u18-s007-v012,u18,s007,similarity-aa,PENDING_MANUAL,14a0de3edaa5d53dc7e4eacf30b2c360a7d79d0c12a2006e07b2e86427ec0749,39,866
question,u18-s007-cr001,u18,s007,similarity-aa,PENDING_MANUAL,3d96c5a0f956dac0f9e25b69e57c78551b08bd5670a9fb71edefb8d713597ec1,35,923
question,u18-s007-cr002,u18,s007,similarity-aa,PENDING_MANUAL,d03eb721998d5214cb76720014381bf23ab540b4c65ae676d18781960e3c83bc,33,903
lecture,u18-s008-lecture-r1,u18,s008,similarity-sas,PENDING_MANUAL,d602f0cd79a7a24b8a0e7900ce5765d07ea44bf3ccb160d0a728ae9798417e15,134,2253
question,u18-s008-v001,u18,s008,similarity-sas,PENDING_MANUAL,f607260031740f37ef288883a5303cd4ed2e568bc8cc3463c8203f82d28a4dff,38,629
question,u18-s008-v002,u18,s008,similarity-sas,PENDING_MANUAL,be48dd4e17770e4fbfd8973b23c21a42b9201027ed89b18962d150423e441cdd,38,743
question,u18-s008-v003,u18,s008,similarity-sas,PENDING_MANUAL,830ba8ca68d669b40023952fa0a36979652bee89ee8d2476ba8c862fc305b0ac,38,770
question,u18-s008-v004,u18,s008,similarity-sas,PENDING_MANUAL,910b6c6ca0e7aa1eb31dc17a4522a51e5d716dafe6374e5770dbd795719705f7,38,731
question,u18-s008-v005,u18,s008,similarity-sas,PENDING_MANUAL,fe37808ea7fac71b9b7271f53839e20d9a13d6af888d9ff7678362dcc31f7ab3,38,682
question,u18-s008-v006,u18,s008,similarity-sas,PENDING_MANUAL,d27054601bca498dc9138967b4458e5e6330cf08c45fca5d0aa5cd21b0337675,38,674
question,u18-s008-v007,u18,s008,similarity-sas,PENDING_MANUAL,e4230eb26804c11adc67611c1045ebcd53a7ca19b534ebb768d443806f323935,38,711
question,u18-s008-v008,u18,s008,similarity-sas,PENDING_MANUAL,e2fa40f83d245b7a5b18fe2305b1376f914d81aac9f8c4b30526db27c22f7750,38,700
question,u18-s008-v009,u18,s008,similarity-sas,PENDING_MANUAL,255e7df7cb9838db30ad9337ee7a656e48e39306c44e099de78243ba12e4b11d,38,934
question,u18-s008-v010,u18,s008,similarity-sas,PENDING_MANUAL,72be7df03cb219b0734cb3f902016f56a148480958870ed0ec930cd68d153936,39,850
question,u18-s008-v011,u18,s008,similarity-sas,PENDING_MANUAL,4a3c85fc200d153d58890d29aefc056539e9c4d308ed12684f536e8dd4fa0398,41,1014
question,u18-s008-v012,u18,s008,similarity-sas,PENDING_MANUAL,dae31d68426664a65e497edb6eb7f46142253db8cb50ce51aad1e0fac21d8085,39,784
question,u18-s008-cr001,u18,s008,similarity-sas,PENDING_MANUAL,d179b1d75dd1fd80ecefa07b189baed6faccb48f82b7cf2621d8da4cb826c791,33,855
question,u18-s008-cr002,u18,s008,similarity-sas,PENDING_MANUAL,846cdfd12f90ab0011c107e3af5269f552be65875d09e797f01c160b4eed7b85,33,874
lecture,u18-s009-lecture-r1,u18,s009,similarity-sss,PENDING_MANUAL,c583925899161e6f4fd8426430435c133b3f21a5a3eb4b3a38e3c32aefa06969,135,2251
question,u18-s009-v001,u18,s009,similarity-sss,PENDING_MANUAL,92e3b24dc04423544704c3e27fb7984ae57525223bac2811afb89ddfe7bd3c25,38,610
question,u18-s009-v002,u18,s009,similarity-sss,PENDING_MANUAL,4b1ee164dc52d8b91ec26820e3317d8f0d7a331e378ad5a05cebb483f3e6c6d8,38,600
question,u18-s009-v003,u18,s009,similarity-sss,PENDING_MANUAL,4c9a3beee7d7aa738c8a7f2d467ae1cb31b03ff58607068fb0f42271ed670fc2,38,759
question,u18-s009-v004,u18,s009,similarity-sss,PENDING_MANUAL,f3e4c05d4962609dfd1e8f64f8a8effb331ee35ce9257f574bf2809ac5ba71e5,38,636
question,u18-s009-v005,u18,s009,similarity-sss,PENDING_MANUAL,d86a40060775f609b7a0bbfeb31920808132b4c25473b82ece6c4fd100cb475d,38,630
question,u18-s009-v006,u18,s009,similarity-sss,PENDING_MANUAL,6028edf060d57cd9f596598acaf218934849c5360d1668029a1dca4391444f22,38,723
question,u18-s009-v007,u18,s009,similarity-sss,PENDING_MANUAL,061cf9cceeb439c22c35e44c63326ddc7e24ba7645426a695dce6a87d3428d72,38,654
question,u18-s009-v008,u18,s009,similarity-sss,PENDING_MANUAL,bb717dcf5cafe9b708e2a59de477cf3a6fc9b69063199bb54701413f91b99ed7,38,735
question,u18-s009-v009,u18,s009,similarity-sss,PENDING_MANUAL,a5503e740acace3022dfaecbbb13c95cf4667b2902dcde081b370ed22ae3fff0,38,717
question,u18-s009-v010,u18,s009,similarity-sss,PENDING_MANUAL,07ddd4e43edf38cc07b4484e6045c0bff3843e04958beef25ed099350d4839c5,41,821
question,u18-s009-v011,u18,s009,similarity-sss,PENDING_MANUAL,a22bc55737529ee13445d4c65a881bb737a662eea8f90910c97e7871566f8d97,39,924
question,u18-s009-v012,u18,s009,similarity-sss,PENDING_MANUAL,f725fec19220809cc665efdc986c6600abc086a941e88ef16e32cbbab59a0a78,39,795
question,u18-s009-cr001,u18,s009,similarity-sss,PENDING_MANUAL,19fa594c78e5140700be94011501dfdb36ca54b01fd762f5fd4e7b4d1baa8d85,33,877
question,u18-s009-cr002,u18,s009,similarity-sss,PENDING_MANUAL,f86e1fc83baea5a44384adf1c3fba25431dd9db5f0652d025f6623fa62a69b85,33,869
lecture,u18-s010-lecture-r1,u18,s010,similar-ratio-perimeter,PENDING_MANUAL,0722241cd21f7404b3520840c7b412e0a5ae35332e5b42c03be944f9a094aecc,133,1969
question,u18-s010-v001,u18,s010,similar-ratio-perimeter,PENDING_MANUAL,5a3011a0e751668052099f1e753f5269190b2a4e67e9daf3ad13be74c91df07e,38,559
question,u18-s010-v002,u18,s010,similar-ratio-perimeter,PENDING_MANUAL,f38ee5d45d46b0dd0bcc76d97a49a43a49fcfbf114c2de22ecb4d3ad428b893a,38,591
question,u18-s010-v003,u18,s010,similar-ratio-perimeter,PENDING_MANUAL,c474459aa74632a6148ed1f96b1c72dc18b57eb31773035942f3410f236979b2,38,603
question,u18-s010-v004,u18,s010,similar-ratio-perimeter,PENDING_MANUAL,c41714fd6dcd1efed6f94458ebb6170ffe227e92ea548b9f7a9996d93041c663,38,632
question,u18-s010-v005,u18,s010,similar-ratio-perimeter,PENDING_MANUAL,4550689db625e5a663cf4f0537a4f82cfc99eb31bf3e3bab54064d87d49f1c3d,38,680
question,u18-s010-v006,u18,s010,similar-ratio-perimeter,PENDING_MANUAL,4f7f050f929b1c3dbd1042fd82203709a8d1988eea100c2f73e5c961fe460ba2,38,628
question,u18-s010-v007,u18,s010,similar-ratio-perimeter,PENDING_MANUAL,fdb129a2f3b5368b3d5877d0b6a4c41217d8f1f2ac07e3da090d505338962bfa,38,648
question,u18-s010-v008,u18,s010,similar-ratio-perimeter,PENDING_MANUAL,9ee9f886fdc7a7925c6de540f3b628f2c2d85f2f4c41a32739f21a0a65410cae,38,654
question,u18-s010-v009,u18,s010,similar-ratio-perimeter,PENDING_MANUAL,312cc5af74d2868206489c32b983c7425a9600cd0551894a4126b334a60134d7,38,692
question,u18-s010-v010,u18,s010,similar-ratio-perimeter,PENDING_MANUAL,f46e98c71ab5d214f8a2036aac44cb8ec99f62a2d0a0782e8f664ebf7226fc08,39,765
question,u18-s010-v011,u18,s010,similar-ratio-perimeter,PENDING_MANUAL,b5762a5adc327a6240f406ec50d644c71537d14e77425d9bde0096dcdb90b8e2,39,777
question,u18-s010-v012,u18,s010,similar-ratio-perimeter,PENDING_MANUAL,e4d3a81cd8aea1b2bbb84bbf91d88f7c2b069f9a8e9c9f1b8f9cc544f6f316ae,39,800
question,u18-s010-cr001,u18,s010,similar-ratio-perimeter,PENDING_MANUAL,abae7d4a570869c56b26ba110b266d6290e5086b463d4514f4d17a05a3ba4659,33,772
question,u18-s010-cr002,u18,s010,similar-ratio-perimeter,PENDING_MANUAL,4fcb22cf9cd3f1bbff30071fae6c95929c3bf64775055311234cb6223423aadf,33,885
lecture,u18-s011-lecture-r1,u18,s011,similar-ratio-area,PENDING_MANUAL,b780b6d167d8968ec98fc51f9af99bf1ac0ad52be76abdde3d8698aef514f26a,131,1955
question,u18-s011-v001,u18,s011,similar-ratio-area,PENDING_MANUAL,39b585928fa88778fda8664e9c1a50581636dd924d637cd59a9ac0b8b136b6ac,38,568
question,u18-s011-v002,u18,s011,similar-ratio-area,PENDING_MANUAL,215200702bc0b1c5a4f5065ff044fc8016f00e56e1fe4946b9e516ecd9f74008,38,562
question,u18-s011-v003,u18,s011,similar-ratio-area,PENDING_MANUAL,0591e61e9e3c6a30e12e70bf80242ff3b29fecb5bf736fce4dfd8e6a34b97414,38,662
question,u18-s011-v004,u18,s011,similar-ratio-area,PENDING_MANUAL,58ec645d66a32e95d3d600ac9ce0bda6c6a9f2886044b8c0a20ae82748e44a94,38,609
question,u18-s011-v005,u18,s011,similar-ratio-area,PENDING_MANUAL,fa6ed2733695029ad1fd85346c91d5b3f59cbf3dfdf98fbedfdc9292d13f7007,38,638
question,u18-s011-v006,u18,s011,similar-ratio-area,PENDING_MANUAL,a623307bc14031d36dd8704892e13770deee30e69751101f26f1c7cdacfe02a6,38,593
question,u18-s011-v007,u18,s011,similar-ratio-area,PENDING_MANUAL,72367629c09015484376ab725020644cb344b5c19f5b1d5ec8abd7a6e51cbb4a,38,654
question,u18-s011-v008,u18,s011,similar-ratio-area,PENDING_MANUAL,ede52ec27b03fb5c962b385baaceed88d2a0e2be01ae16b2e40baa78caf0a603,38,689
question,u18-s011-v009,u18,s011,similar-ratio-area,PENDING_MANUAL,baaaf7c16b6e4f6726ace3b076305b6271b040a311280a4886109f41ba692540,38,594
question,u18-s011-v010,u18,s011,similar-ratio-area,PENDING_MANUAL,cf350818cc2562e5c35a7a99ca37a29833c6b21105482c0026ce7c3c73275094,39,753
question,u18-s011-v011,u18,s011,similar-ratio-area,PENDING_MANUAL,9cee546039c8a4b7d5ebb9b816173434e7bcef982ee2e39308148ba2aacb2e4c,39,694
question,u18-s011-v012,u18,s011,similar-ratio-area,PENDING_MANUAL,de334ff7c3883bb2efac5708819f53146dd02793aba2937b77be0c7e16391ee2,39,680
question,u18-s011-cr001,u18,s011,similar-ratio-area,PENDING_MANUAL,3a25c332ee4574f309d93901598162cae2f622f7ccb3fb01e6334913de7e7b19,33,846
question,u18-s011-cr002,u18,s011,similar-ratio-area,PENDING_MANUAL,62f8a390e6bf4d1c4e0b48b52d07bd0b601900aec8ae2002dcca10e89bf97ce2,33,793
lecture,u18-s012-lecture-r1,u18,s012,similar-height-measure,PENDING_MANUAL,7b93b2d5360fe0c5e1834924f4322fa76476776705c7d947e232e875747e8769,137,2300
question,u18-s012-v001,u18,s012,similar-height-measure,PENDING_MANUAL,0fe3a39d55ce7a4f778c8de8f9512d7e1861fd0718cbbe926f2b6812c275ad12,38,684
question,u18-s012-v002,u18,s012,similar-height-measure,PENDING_MANUAL,e1c517ec4c26f730494d98e214bbcf805dfdc62e7aa6e67432c4169fb02e57a2,38,645
question,u18-s012-v003,u18,s012,similar-height-measure,PENDING_MANUAL,d043b105930bc33294e9dbefe37a99b21e467ff365f4a7bc678cacb2b6029f1c,38,711
question,u18-s012-v004,u18,s012,similar-height-measure,PENDING_MANUAL,307c43111138e309a34b9e5303a2b8f86a737dde55ed89047b07d9883ed6dd33,38,657
question,u18-s012-v005,u18,s012,similar-height-measure,PENDING_MANUAL,b3e33217ad339af0bb378cf7bf1620bccb0f82bced17de3f918114b1f63dab84,38,652
question,u18-s012-v006,u18,s012,similar-height-measure,PENDING_MANUAL,40910f0261a50b952ba14a6fdbeef378e4b63a814beda2fd0907186e659a315c,38,596
question,u18-s012-v007,u18,s012,similar-height-measure,PENDING_MANUAL,f17b9174565dabb3d108af76a63b6691d2262a008c22dab52593e56fe1a519ff,38,738
question,u18-s012-v008,u18,s012,similar-height-measure,PENDING_MANUAL,863b703b9253966879287630abeb8fd9622ac7ba9759ac7b508454f79b8159c5,38,864
question,u18-s012-v009,u18,s012,similar-height-measure,PENDING_MANUAL,79736ee2b823c84d9e7897bf2eb87cdb281de14f2b30edc8029aace06de52d80,38,777
question,u18-s012-v010,u18,s012,similar-height-measure,PENDING_MANUAL,8ae3abe77af49048dc307db3e4a4164ad9f3f50495a14fdd1ab31ac079ee7ed1,41,767
question,u18-s012-v011,u18,s012,similar-height-measure,PENDING_MANUAL,178802d67f98d3bb706e38a776daedd872e3c4aee76a8526cdb7868b2dcb6e4e,39,815
question,u18-s012-v012,u18,s012,similar-height-measure,PENDING_MANUAL,1d2ef3bafdcabd0f2b02e1630d53c70b32679a033cfb84a522ea842590f9b984,39,936
question,u18-s012-cr001,u18,s012,similar-height-measure,PENDING_MANUAL,78594d1210295f40886fb0da050ab3b00dc43d3b9e5a3eba28f55c876302fbc9,35,920
question,u18-s012-cr002,u18,s012,similar-height-measure,PENDING_MANUAL,c1667d4904f0915018d9d329ca09ff786c10bf85cad28d1542ad58c8d9543ee2,33,935
lecture,u18-s013-lecture-r1,u18,s013,similar-shadow-problem,PENDING_MANUAL,3e2b0daed5e803cd46671f5c8e11cd9ad53a1014fcb93914a9bf3e6c9526f9b0,136,2215
question,u18-s013-v001,u18,s013,similar-shadow-problem,PENDING_MANUAL,42068f16a556fa73cccdfa9e6ee97b4585fd16343d6a77f56c27a8cb523fbaff,40,678
question,u18-s013-v002,u18,s013,similar-shadow-problem,PENDING_MANUAL,8af2e65ba4c660af21d65ec7159b201539c7d2e4b74359fd0514db2df00cd6a2,40,679
question,u18-s013-v003,u18,s013,similar-shadow-problem,PENDING_MANUAL,31e998e493393fe58ec7e72f521e6570c0de7fd773ae06aafa8accaad86d21b7,39,708
question,u18-s013-v004,u18,s013,similar-shadow-problem,PENDING_MANUAL,3a5092b5f6749c3e3f16cd0f6f02042201fdcaebe70ecd90068326c5c35e7b3b,41,779
question,u18-s013-v005,u18,s013,similar-shadow-problem,PENDING_MANUAL,48c42c42f9c5d9a51de644ea5c031f8baf97768833c6b2d548281f7d95e97759,39,803
question,u18-s013-v006,u18,s013,similar-shadow-problem,PENDING_MANUAL,95eb29de1f975b63688b5f0a48693bdbe0cf88e3e0590f0c35812cafb89b090b,40,816
question,u18-s013-v007,u18,s013,similar-shadow-problem,PENDING_MANUAL,44e2f4324162500c92de3195995659f9ba87854e877f4c6f1791375a94913d37,40,739
question,u18-s013-v008,u18,s013,similar-shadow-problem,PENDING_MANUAL,89018029d7da7cfe2b996a3f6c0ef352e4eebf95aaa3e0d1ee9d8deb1c5c2faf,40,834
question,u18-s013-v009,u18,s013,similar-shadow-problem,PENDING_MANUAL,dc47bb2632abe39e9e6c5234de4de7e7b0c809195bc4e4af5dc54a4195d85e3d,40,832
question,u18-s013-v010,u18,s013,similar-shadow-problem,PENDING_MANUAL,210790946037b6a7b5d89a4c98b3084ae28292155f350361e9381d708144627c,43,880
question,u18-s013-v011,u18,s013,similar-shadow-problem,PENDING_MANUAL,1944246a1649781a2ab846cdc51261e1db8e03858a1ed2f37abcb8bf98a6fee2,41,773
question,u18-s013-v012,u18,s013,similar-shadow-problem,PENDING_MANUAL,bdd56c350bc79923133333c5d081637fc375f464e2b290fe9228828a99616e3e,41,991
question,u18-s013-cr001,u18,s013,similar-shadow-problem,PENDING_MANUAL,05bd2f292eb0c6e22dfd90f9962a2d046d896441962022b6fc05abea223acf72,33,885
question,u18-s013-cr002,u18,s013,similar-shadow-problem,PENDING_MANUAL,1a2202ee9e09534ea9e550de7b936bd94ed31beeaea7c0eb7369af7d91cd7f90,33,891
lecture,u18-s014-lecture-r1,u18,s014,ratio-perimeter-application,PENDING_MANUAL,7b013d34270891ce10f04a12d6d82bbe5797a39ae087652a598d182f3fd581a2,136,2139
question,u18-s014-v001,u18,s014,ratio-perimeter-application,PENDING_MANUAL,a6d7ddfb7d1b2cc4e0b4403c46059f9363b54d6d0879a250c5fe9c0ae114f630,38,648
question,u18-s014-v002,u18,s014,ratio-perimeter-application,PENDING_MANUAL,c5e33319be1f0e8eab5365f0505b8e9a9ba071ee2b52e92afbe213a41e7994e9,39,708
question,u18-s014-v003,u18,s014,ratio-perimeter-application,PENDING_MANUAL,a865c3b36367644febdbca93a8bed905f9f3b3a9c09d1af91acdae2ff452120e,39,649
question,u18-s014-v004,u18,s014,ratio-perimeter-application,PENDING_MANUAL,b7d0f67ab6e6c7ffa142ffb761c21f60c48f7435123c103ff588d1543d3cbe45,40,706
question,u18-s014-v005,u18,s014,ratio-perimeter-application,PENDING_MANUAL,e22ae042801e1ca4cffea2caa448ecbabb11e286acd0e7231c0dae04a31ff4c0,38,679
question,u18-s014-v006,u18,s014,ratio-perimeter-application,PENDING_MANUAL,e9325d36e8b965e91da1305ee9e741d777a5cf79141f36fbb384f253499bc1e7,39,755
question,u18-s014-v007,u18,s014,ratio-perimeter-application,PENDING_MANUAL,0234ff0a36214230cd351f85abddb5a45d2528a8be0e93b31d3cdc0add3181a2,38,675
question,u18-s014-v008,u18,s014,ratio-perimeter-application,PENDING_MANUAL,df69528028826c002ac3b820a8065658a6b51e1f73032717b9b8e179c5a71d82,38,724
question,u18-s014-v009,u18,s014,ratio-perimeter-application,PENDING_MANUAL,30ecf6142f905ada088577ff3257f66275405569248e78fa4c7a648f4486c74f,40,767
question,u18-s014-v010,u18,s014,ratio-perimeter-application,PENDING_MANUAL,0d23f7138669a07e09b8b4cf361d337197d336b8456c7342cd6153810ffec2c0,41,793
question,u18-s014-v011,u18,s014,ratio-perimeter-application,PENDING_MANUAL,ab74e7e731e06934e8f8f9d52ecba2929c3ebe498f3ccdea7650a753969de0e0,41,791
question,u18-s014-v012,u18,s014,ratio-perimeter-application,PENDING_MANUAL,f6fef0b7c5f8cdbf47597b5b286f1d83513c10505ca95e660bc8f4832ce1a625,40,802
question,u18-s014-cr001,u18,s014,ratio-perimeter-application,PENDING_MANUAL,1385b397c23654d8e2eb6c45a0a7b336f9305cbf026cca463696ca2fe1d7eb41,33,893
question,u18-s014-cr002,u18,s014,ratio-perimeter-application,PENDING_MANUAL,79a0b699b2ce3d5e9b6aea2f14a912df59d60aa4004231ddd48af383f376cdcd,33,904
lecture,u18-s015-lecture-r1,u18,s015,ratio-area-application,PENDING_MANUAL,342440203401943f0e14ae476fdc6405ab3233dfbff315529cacc9c49fe4723d,134,2200
question,u18-s015-v001,u18,s015,ratio-area-application,PENDING_MANUAL,fa4eee6ae19ef2d88bd741fd8f1e9483851b35729b8f69c573a841987cb3179b,38,652
question,u18-s015-v002,u18,s015,ratio-area-application,PENDING_MANUAL,20e517c65d869493985989aab2350d5cf2451f1b1b6ee8fd74e9b07a917aba2d,38,663
question,u18-s015-v003,u18,s015,ratio-area-application,PENDING_MANUAL,afb0223cef6a0710630f9124e9d00edce2940bf16f6dded826e07f9dd8091665,38,598
question,u18-s015-v004,u18,s015,ratio-area-application,PENDING_MANUAL,c63c82d3f1d19db59382027d0307d5a58e6dee1bbebea7884b3e7cfae590a729,38,703
question,u18-s015-v005,u18,s015,ratio-area-application,PENDING_MANUAL,d31d30b92c3cdf54504ab3b2ada12c444be0f494f5a0789fc3a8eacda882a4dc,39,747
question,u18-s015-v006,u18,s015,ratio-area-application,PENDING_MANUAL,03cd2b6d47e10c53a0b964c9db833719a69969ef6c83e21a20cc25557c6df8db,38,665
question,u18-s015-v007,u18,s015,ratio-area-application,PENDING_MANUAL,f572cae5d99bdc43e572d5389b0af689e203b7498818d156e10e94685d95c1dc,38,704
question,u18-s015-v008,u18,s015,ratio-area-application,PENDING_MANUAL,ea14779acdc83dec4b8c946cf7e2cd904e5b68be1766aa137b0ab56d188a9708,39,695
question,u18-s015-v009,u18,s015,ratio-area-application,PENDING_MANUAL,873721a58fe2d5cdc05c2dbc7572ef60d109c1268cf46149fbadee3ddb2e8735,38,700
question,u18-s015-v010,u18,s015,ratio-area-application,PENDING_MANUAL,436264e82cf3d412f2785c03395c1fc2b3fcd40eebc0c33f05a04c6c2d3c1e0a,41,776
question,u18-s015-v011,u18,s015,ratio-area-application,PENDING_MANUAL,1776b5cded965b9a2d539fa9a7c7cb461710d9d7a8ccef4ec4e5a835876f35b6,41,709
question,u18-s015-v012,u18,s015,ratio-area-application,PENDING_MANUAL,3c3a2022836f42944bc631ce654bf0b4ed871ba8636a6544bf1e7418ef117bb9,41,775
question,u18-s015-cr001,u18,s015,ratio-area-application,PENDING_MANUAL,27aaf74fb6e69f7942f6f2acfca2529885fc464d8c8120d6994b2ee3ea05a67c,33,945
question,u18-s015-cr002,u18,s015,ratio-area-application,PENDING_MANUAL,421f4f1742cbbf9660e67ebb8f728e9e03ccc08486bd327dd7b2b801857879db,33,932
lecture,u18-s016-lecture-r1,u18,s016,similarity-literacy,PENDING_MANUAL,1335c74f09b09ad338678f102458c6ec915c2a3da4a4c267949edbeda0a25b37,136,2345
question,u18-s016-v001,u18,s016,similarity-literacy,PENDING_MANUAL,dfed4266b13d8e1b6e3b08595998ec287fe7248e585beb2133ad8d6006c3956f,38,586
question,u18-s016-v002,u18,s016,similarity-literacy,PENDING_MANUAL,e2998160b89f187fc5f538dba82b4307938c706af1221e023b6a2cd891ed46ac,38,606
question,u18-s016-v003,u18,s016,similarity-literacy,PENDING_MANUAL,aaf3d6d7d7daa0cc95a3f88bd5be34345f305bbb68e85b2a58f9003adcfcc5f5,38,787
question,u18-s016-v004,u18,s016,similarity-literacy,PENDING_MANUAL,9bc6dfda52de3754196cc182ada339b459ccd6e7fab42116903b4c7cb390f3f4,38,726
question,u18-s016-v005,u18,s016,similarity-literacy,PENDING_MANUAL,b2c424fb493e69076eefb46141a69cf7dd54daa433394256708db6caeff2bd16,38,719
question,u18-s016-v006,u18,s016,similarity-literacy,PENDING_MANUAL,d7f366669b832e29f9c3c29b408ef8b4146652e228cba4964042f180b5835295,38,748
question,u18-s016-v007,u18,s016,similarity-literacy,PENDING_MANUAL,b7e20e7311233dd49a29c0e1b3b3a63a06fd820b39e28dba42a05bdddcb45a30,38,685
question,u18-s016-v008,u18,s016,similarity-literacy,PENDING_MANUAL,02046915b0ea8b4895261c8289cf5975db2ec0a278c63842755e0ea930b633c3,39,831
question,u18-s016-v009,u18,s016,similarity-literacy,PENDING_MANUAL,353615ce42fd155785df22a6f76df042047c12afa1bcb35a48cdc71ae2ed9d9c,38,792
question,u18-s016-v010,u18,s016,similarity-literacy,PENDING_MANUAL,5a096be9b6e883305e9b452b5724347e82f3026647cf43e3fb2ff98398b9164a,43,915
question,u18-s016-v011,u18,s016,similarity-literacy,PENDING_MANUAL,75e34084682e3c8a3a165302272aaed9da7ab0e232f27ff43a94ca1ef38a614d,40,862
question,u18-s016-v012,u18,s016,similarity-literacy,PENDING_MANUAL,e716deb23a71282e5a929404cc017642495c7771b3722de1bd07d18b469f46bf,41,854
question,u18-s016-cr001,u18,s016,similarity-literacy,PENDING_MANUAL,2a74083cb4e8e8c2ee86400e2535d48704c34682100818e441b5e6f58a8602fe,33,919
question,u18-s016-cr002,u18,s016,similarity-literacy,PENDING_MANUAL,3a0ab4ad3702762f619c0c4755cc3f15de98fd6613dd8e09af54016dfc90b615,33,1030
lecture,u19-s001-lecture-r1,u19,s001,central-inscribed-angle,PENDING_MANUAL,be17ee5152a5e90a98836e341f2cf60c2e69a382eeaa529a1e49310d885a6194,122,1945
question,u19-s001-v001,u19,s001,central-inscribed-angle,PENDING_MANUAL,7e9af515d6640dc0e0f717b20d7604bc225d5d7a4042c276e263cf3af78ce8e5,42,910
question,u19-s001-v002,u19,s001,central-inscribed-angle,PENDING_MANUAL,968e6751f085244d0fb8f51a716cdd36d3eab088393fd89383ae97b3eda8b2e5,40,866
question,u19-s001-v003,u19,s001,central-inscribed-angle,PENDING_MANUAL,ac18122c0c943673d40acdae268c3c6a174e7a97330f57b411f762fa66ac2ed4,40,912
question,u19-s001-v004,u19,s001,central-inscribed-angle,PENDING_MANUAL,d64ba72738994ab463d777cab90fbd88ceedd74555f1ae84a2056e3f22adab54,41,1020
question,u19-s001-v005,u19,s001,central-inscribed-angle,PENDING_MANUAL,205e694992abe66099608c3381ea76cd70df3ea75313ca94c3c3b63850e2bf7d,40,929
question,u19-s001-v006,u19,s001,central-inscribed-angle,PENDING_MANUAL,1d3f42cd7c7ad9fd543c5b7bd9adad837a49770a49c9e07490d7ee6ce3c8ae51,40,1016
question,u19-s001-v007,u19,s001,central-inscribed-angle,PENDING_MANUAL,6165686fb50e011725b32ffc8164a99736b14dcfd2e020cf8c0104d4b1374fc7,43,1280
question,u19-s001-v008,u19,s001,central-inscribed-angle,PENDING_MANUAL,6a8565ddf4e83a6b23203327e32aa4deca719a7b44e899a4995b98ed5375e47f,40,1011
question,u19-s001-v009,u19,s001,central-inscribed-angle,PENDING_MANUAL,3bb497f32f6214ca2298c8efe5980a81547cacf44c1d4cba22f326ddec8d023a,41,1039
question,u19-s001-v010,u19,s001,central-inscribed-angle,PENDING_MANUAL,be44ed1635b9bc55237c03b01c52e8a50ed7364beb557c7fb583b75525fbd4b2,41,985
question,u19-s001-v011,u19,s001,central-inscribed-angle,PENDING_MANUAL,66251ad535e38290c94673d4282246977330dcad93ff5f6c752a9cc3c772b5fb,41,959
question,u19-s001-v012,u19,s001,central-inscribed-angle,PENDING_MANUAL,b9f534278879608c9f0416802f69d4d67edac157c4e3ce0e2cf2bd79dc965412,41,1033
question,u19-s001-cr001,u19,s001,central-inscribed-angle,PENDING_MANUAL,b18360e08543581831175bf7c0da697e835c4fa00a79d5e6ca373941c09bd47c,43,954
question,u19-s001-cr002,u19,s001,central-inscribed-angle,PENDING_MANUAL,52b8d5253f9dadb56cfc2e0fc7979c7fca0b68519d4a60f635349b0d4d69e15f,40,780
lecture,u19-s002-lecture-r1,u19,s002,arc-angle,PENDING_MANUAL,f9d0f31637efd1011e44492cecb022d600e5fbc3bfa575fa65889235a0544b7a,130,1924
question,u19-s002-v001,u19,s002,arc-angle,PENDING_MANUAL,a591b98b5772a08dee3a21572e5fc718934b1333584930339e827742c45ab7a9,42,844
question,u19-s002-v002,u19,s002,arc-angle,PENDING_MANUAL,4f7a92656fcb0554076d292e0905b480ed660f079d49009392532cba9cb40c59,40,803
question,u19-s002-v003,u19,s002,arc-angle,PENDING_MANUAL,ead93305c38715e91026585410177084ce00cfc43b25f61e81a070ef0ed0a973,40,799
question,u19-s002-v004,u19,s002,arc-angle,PENDING_MANUAL,219b2cff2c527805a770ef6378aa6bd8387c21b3da89eaa2dbcfdf320b7f39b4,40,798
question,u19-s002-v005,u19,s002,arc-angle,PENDING_MANUAL,9247d9063c31ac7ac8cf693de4916010e14781e4485498ad48601acbfa7db70a,40,854
question,u19-s002-v006,u19,s002,arc-angle,PENDING_MANUAL,b882e8f64d463ebb3f8d63050c3541f0b6a8bbac8843538a37dd356415dde857,40,864
question,u19-s002-v007,u19,s002,arc-angle,PENDING_MANUAL,736fa7921e8b640672007bec016b40a41c59be3685b74043c5077ffd939037e8,43,938
question,u19-s002-v008,u19,s002,arc-angle,PENDING_MANUAL,d1622f92158ca014ed4c4f6ecf169c47a6837570548c9b4f5d27ee91df2554b0,40,912
question,u19-s002-v009,u19,s002,arc-angle,PENDING_MANUAL,8e1e82bdb1f5e2cbdacd48cf1c3ac2ba5204366ba2d179673ff9187de553cb65,41,900
question,u19-s002-v010,u19,s002,arc-angle,PENDING_MANUAL,e9cb67ac27b916aab87ce4a01e059930af2d9e1304934bfc0d7c80cf520eb6c9,41,872
question,u19-s002-v011,u19,s002,arc-angle,PENDING_MANUAL,343d2f0b7923caada0fa1d502819c089f248b2004c099c5db08f8af39397ae3a,41,925
question,u19-s002-v012,u19,s002,arc-angle,PENDING_MANUAL,b5ea37b1e6c07589e738cea223909ee358fe605c794a91d54238bbb77c0bb3ab,41,877
question,u19-s002-cr001,u19,s002,arc-angle,PENDING_MANUAL,5a730c6d5affc6e4707c4cfc3358e106f25c988bdd844669665da2226d899bcb,39,819
question,u19-s002-cr002,u19,s002,arc-angle,PENDING_MANUAL,ae62e55578d9ec6849bf6b7dfd2391d86c142b8c65e6964ce22ea86135ce3bb9,40,756
lecture,u19-s003-lecture-r1,u19,s003,inscribed-quadrilateral,PENDING_MANUAL,ae68b8ce92d60e1ea8e5cc302ad0a00a49c35c757b83d384dfda5214f5f544d0,130,1962
question,u19-s003-v001,u19,s003,inscribed-quadrilateral,PENDING_MANUAL,966ccb41de8e34b880bbca7a06530b9d68b94af4619312c8b199689ea60cbbab,42,853
question,u19-s003-v002,u19,s003,inscribed-quadrilateral,PENDING_MANUAL,60d583a103e567a5466e3955c90d4cf11b9df13b8dbec6d43c5a37aaec8f14ed,40,897
question,u19-s003-v003,u19,s003,inscribed-quadrilateral,PENDING_MANUAL,eeb550cb24b87d80529eac8221e232362fb9bd8c2889e060def53b99bb5e9d53,40,818
question,u19-s003-v004,u19,s003,inscribed-quadrilateral,PENDING_MANUAL,8b02c2bfdbaf233649003d006af17f9ac6716369048c4055f920a9f30b03f767,41,922
question,u19-s003-v005,u19,s003,inscribed-quadrilateral,PENDING_MANUAL,83eba68d8565eacd94c359d82edb7ca72625b3820e7508a29442bfcea408ae38,40,911
question,u19-s003-v006,u19,s003,inscribed-quadrilateral,PENDING_MANUAL,f073a304f1a63ad5b8d9d1d88f815afd9a9b423cc5e75bcd6e4675f74a620b7a,41,848
question,u19-s003-v007,u19,s003,inscribed-quadrilateral,PENDING_MANUAL,814878cb4c977dd6d43705a3f9d2daa2ebc66876e0c43ffcfa8620ac9ac44430,43,1043
question,u19-s003-v008,u19,s003,inscribed-quadrilateral,PENDING_MANUAL,7a87adda9fc550d66ca77128c83434a4a3ad95e02f54e844a536d3764951f1af,41,1055
question,u19-s003-v009,u19,s003,inscribed-quadrilateral,PENDING_MANUAL,c42a84189b73ae493aba1891d0537780ece038e4e4a9f013e837380ad65ba40a,40,1046
question,u19-s003-v010,u19,s003,inscribed-quadrilateral,PENDING_MANUAL,a9de20086f579c9bb983eed51ad569da15e41e332d9663c5ab711886935c9ee1,41,903
question,u19-s003-v011,u19,s003,inscribed-quadrilateral,PENDING_MANUAL,a47764e6279055df38360b2e1781b5038190afabc4ecafc5a8231a522b410026,41,1032
question,u19-s003-v012,u19,s003,inscribed-quadrilateral,PENDING_MANUAL,e1ead6d1ec2621b7d401d3782b4f0f41a6eda23906424006ffef643e6d94f536,42,915
question,u19-s003-cr001,u19,s003,inscribed-quadrilateral,PENDING_MANUAL,df4ad5259e7f9e6fffe74186de0d00a7d38778f758c28bb4737a410e5393d482,42,798
question,u19-s003-cr002,u19,s003,inscribed-quadrilateral,PENDING_MANUAL,b7ab56fcc59e5cdda055636e900d1dff8cc31d4dc0c54a260830b2b1cfcb85b1,40,799
lecture,u19-s004-lecture-r1,u19,s004,arc-length,PENDING_MANUAL,15c88a07689c86f998d8a98f509e62060c188eeeff0fb3109320f3de24ea8552,130,1805
question,u19-s004-v001,u19,s004,arc-length,PENDING_MANUAL,28983bf79a49c6ac6ecb138a823a7c7ed605cfdcf06373257b92cd93ebd12839,42,812
question,u19-s004-v002,u19,s004,arc-length,PENDING_MANUAL,cbc454983467ea9c760a436fd71e376320e4cac1d52791a80e6a2a8cd2bbb224,40,768
question,u19-s004-v003,u19,s004,arc-length,PENDING_MANUAL,b52f49c4816da8cc270c2182db40c069f976d4b4599b475939daf246c17b3c13,40,771
question,u19-s004-v004,u19,s004,arc-length,PENDING_MANUAL,686ab64734d382cd43542a322dab8c0d4643b9c0f9c93cdd74ce69b4f257d8f8,40,827
question,u19-s004-v005,u19,s004,arc-length,PENDING_MANUAL,87b439dfef56cb101978e0cec36eecd1904776daebdaffedfccc643ac4eaf18b,40,837
question,u19-s004-v006,u19,s004,arc-length,PENDING_MANUAL,2cb2394a98be5eb2d19e10bbc17cf63c36585dafd573ea99ed864ee9ff010068,40,809
question,u19-s004-v007,u19,s004,arc-length,PENDING_MANUAL,5bf6b26ea15fddc413569c2a2a9e793bbcac46e2f266866981c763f45dc15f94,43,973
question,u19-s004-v008,u19,s004,arc-length,PENDING_MANUAL,6f092a1bd209b31852adf72ea5bdd135909aeb1a3fc1e171df5081ba31ad42b2,41,950
question,u19-s004-v009,u19,s004,arc-length,PENDING_MANUAL,a4ce7bbfab09c8b25414926d9ff2ae7a3f3e8d852cc6f07d8e1e90663f8913de,40,857
question,u19-s004-v010,u19,s004,arc-length,PENDING_MANUAL,357c04045f9acc65d7fa7d651b7339b4a7ba362a3b9a6afb33087232c43b9889,41,859
question,u19-s004-v011,u19,s004,arc-length,PENDING_MANUAL,c56368d9e80d85187066c03f0028ddd94aadd26891af0e9ea5fa15e1a3a7097f,41,849
question,u19-s004-v012,u19,s004,arc-length,PENDING_MANUAL,68b8b8e86c972aa949e92a6fae0a1a394b62fca1d488fbd88335cd235e526b42,42,896
question,u19-s004-cr001,u19,s004,arc-length,PENDING_MANUAL,992584f038339440fafe7979cf4a30d0d16f7d73e228f1948bfa5354348f7189,42,795
question,u19-s004-cr002,u19,s004,arc-length,PENDING_MANUAL,f78dc5c94519839203ba2b98f57ed56cea0d9ba5fb6ed43df8bd777d829815f3,36,719
lecture,u19-s005-lecture-r1,u19,s005,circle-chord,PENDING_MANUAL,a2c84216ec84d988792ec489b09d741fcccce67f227894b2439b5600e314a137,130,1822
question,u19-s005-v001,u19,s005,circle-chord,PENDING_MANUAL,53b5264d458e0e6e2a4fbfe16ed3057089f962b3b0727b7229ee08a66eee1246,41,800
question,u19-s005-v002,u19,s005,circle-chord,PENDING_MANUAL,58cbdb1630e91278e23c2bccb46e99b1709da5e8e5d34f3b5161fa728c3091ed,40,787
question,u19-s005-v003,u19,s005,circle-chord,PENDING_MANUAL,458c866c12d579315ac28b77cb45fa0eb49c3e0e25ebd50db32fd32addc8e3be,40,795
question,u19-s005-v004,u19,s005,circle-chord,PENDING_MANUAL,e46687cb62d20b32830efc28bbb9efde172574b4410da9ab4b111d444295afda,40,777
question,u19-s005-v005,u19,s005,circle-chord,PENDING_MANUAL,ea255669097f93b5cab67484b270b1dcbf79dc73d6efec3934ec9e9e9f0fdc56,40,796
question,u19-s005-v006,u19,s005,circle-chord,PENDING_MANUAL,273b1a35ad685fbbf118c04e124d66c343127014fbf855f07c3801ad27298380,40,838
question,u19-s005-v007,u19,s005,circle-chord,PENDING_MANUAL,aa226a9f5abaaaea8078e6ada09cd11582581a25e0efc146b5e6502c156bbc42,43,908
question,u19-s005-v008,u19,s005,circle-chord,PENDING_MANUAL,0174961e9a3710401a418ed081660a0dc0f3b98693064604324abb64502fcf37,40,895
question,u19-s005-v009,u19,s005,circle-chord,PENDING_MANUAL,88188810c5c0e69b467751d2d0a1d2407437231cc767a5a3fefc4c6ead671535,40,911
question,u19-s005-v010,u19,s005,circle-chord,PENDING_MANUAL,8a5bfa0212456c08fd4b725fe3f3f53a90739c3178689d916cc8c30e4cb28ee2,41,862
question,u19-s005-v011,u19,s005,circle-chord,PENDING_MANUAL,fd5e1c8e5e6b20dbd9f984dc77de554ac45c0233db4d0ede9f0c67a8c20ebd76,41,904
question,u19-s005-v012,u19,s005,circle-chord,PENDING_MANUAL,de945b53972cd36481bd91b3d8d92552ce4a10d36d1f371568d37c1a914b54eb,41,888
question,u19-s005-cr001,u19,s005,circle-chord,PENDING_MANUAL,8ea29a0469aeaaf4132b68b2002e3e2d2bcee4d94296dafa411dec4c35e4c37a,42,690
question,u19-s005-cr002,u19,s005,circle-chord,PENDING_MANUAL,df9f0f73078f43f936d543a3ab55cae13698660496dc7e8be83e5eebe6c2c052,40,723
lecture,u19-s006-lecture-r1,u19,s006,inscribed-angle-theorem,PENDING_MANUAL,4c2c50839ca9c06e8e9c73a074b9ffd22844705acce9729d8708845ba6c5505d,130,1960
question,u19-s006-v001,u19,s006,inscribed-angle-theorem,PENDING_MANUAL,3425e2f835ee4b033f2420947fc285345ba23ae4dcfb0dd8c21ef5ac43cf5ee8,42,853
question,u19-s006-v002,u19,s006,inscribed-angle-theorem,PENDING_MANUAL,2e48a2bed77884614d8fa87cbe43c0ee91c7e636b0c52ffda4ce7591ce7ea151,40,830
question,u19-s006-v003,u19,s006,inscribed-angle-theorem,PENDING_MANUAL,f1d252d574eb392fb137196c2b62e1c3c54614f7c62a1bfd72b692c018c44112,40,802
question,u19-s006-v004,u19,s006,inscribed-angle-theorem,PENDING_MANUAL,a1138cffadeb97807c499f277bebe438d7fd5f92e77d49baab4a05ddfb8aa599,40,814
question,u19-s006-v005,u19,s006,inscribed-angle-theorem,PENDING_MANUAL,48a7da9d291034db6bfafffeca67726401252572ff1d651612e9ab7a1a5240c9,40,934
question,u19-s006-v006,u19,s006,inscribed-angle-theorem,PENDING_MANUAL,d25babfa575c1e77f9a133802cd4351d0f3c2548248193cfe5fea9ba5f5389ae,40,886
question,u19-s006-v007,u19,s006,inscribed-angle-theorem,PENDING_MANUAL,cf4d153518a55b39aa7c3cdee08b781f365cb6d5824e82329e7bb7bdc2258acf,43,942
question,u19-s006-v008,u19,s006,inscribed-angle-theorem,PENDING_MANUAL,555f7a0912450d1aee273168eeebe61e0badd12c14f99d5202acb515c6680541,41,1166
question,u19-s006-v009,u19,s006,inscribed-angle-theorem,PENDING_MANUAL,e0c3c25e3f66c6bda31c385528fd2760f4d3e137ee2c9322c7a8acd46197d86b,41,973
question,u19-s006-v010,u19,s006,inscribed-angle-theorem,PENDING_MANUAL,b26c897be45eb46f19eedca4942b807da6c777e4ce0d0b5ab44dffb4714ab341,41,908
question,u19-s006-v011,u19,s006,inscribed-angle-theorem,PENDING_MANUAL,bea1110518f44d54b5b97825f6719af842fe4c1bcc57e4647c586c4a4a835b7e,42,1003
question,u19-s006-v012,u19,s006,inscribed-angle-theorem,PENDING_MANUAL,cf9e35e3c0aa91fdc435745b0a3dd9908b2bc345eac431de80c781a24a7a332a,41,919
question,u19-s006-cr001,u19,s006,inscribed-angle-theorem,PENDING_MANUAL,37b3b5c76a51137c5c13565392dd221b4430624650ad9285e1c210f73cd6d54f,42,759
question,u19-s006-cr002,u19,s006,inscribed-angle-theorem,PENDING_MANUAL,d610bae017660478170f444f4a448fabc61acdb0e3f80d91f78202d76df94d90,40,795
lecture,u19-s007-lecture-r1,u19,s007,central-angle-arc,PENDING_MANUAL,c70a40d1eacf7b1a1ce1adabd3738345f8c9f73ec52a6b6391e5fcc4d2f97889,129,1864
question,u19-s007-v001,u19,s007,central-angle-arc,PENDING_MANUAL,56f19087b5e61598beb0a5f84d3fc2d5b6e74b5b19e41058dced5aa854854417,42,926
question,u19-s007-v002,u19,s007,central-angle-arc,PENDING_MANUAL,e3200b2cc9e7346de9e4c5b981f25e547a49e3a3e2b9a467b4559a6b0291b4b2,40,785
question,u19-s007-v003,u19,s007,central-angle-arc,PENDING_MANUAL,27c41a28b30e171ec157890a7dcfb29400b4883af1bdf99dd96169ca45314b41,40,828
question,u19-s007-v004,u19,s007,central-angle-arc,PENDING_MANUAL,e47ad626a9e65e3de2014d5465066dbc96dc77b64ddf94a52b5e0e418d7f1912,40,865
question,u19-s007-v005,u19,s007,central-angle-arc,PENDING_MANUAL,92a0f384fa2033b6b2515b1d94473544a31443ce6c2ab4c33ec5ee0bf3a40023,40,804
question,u19-s007-v006,u19,s007,central-angle-arc,PENDING_MANUAL,998499c27dfdfdabf95159df36c2ffc8a842001dff0e32bd8edd64f38582efde,41,888
question,u19-s007-v007,u19,s007,central-angle-arc,PENDING_MANUAL,bfb7a86f17be8755089c111dad1ff246c6fb5e1bb8fe99df9fa40cbcb96de000,43,1075
question,u19-s007-v008,u19,s007,central-angle-arc,PENDING_MANUAL,d83fe863263b5a193db05178fa8e1dc08b911ff024a8790b4487979d59444c4e,41,942
question,u19-s007-v009,u19,s007,central-angle-arc,PENDING_MANUAL,f273da9572b2ddd6e845cfba3daff3268d13a0aed85a7e9a758d68c1ed71286c,41,920
question,u19-s007-v010,u19,s007,central-angle-arc,PENDING_MANUAL,b821154dc1ba4244be6a61f691dc53b3cc8a5d7e40f24b215506a40be7bfa8a1,40,778
question,u19-s007-v011,u19,s007,central-angle-arc,PENDING_MANUAL,80b3778e8250b5226f9b0a50b878d8ae49895fbe251ba450ba5ac673b8d26be4,41,831
question,u19-s007-v012,u19,s007,central-angle-arc,PENDING_MANUAL,d592ea0a72afca2a05d42a640fb69ab51575e556e7b7fe56b40827cd0942635d,42,872
question,u19-s007-cr001,u19,s007,central-angle-arc,PENDING_MANUAL,dc194681d5f7c5c794e8d58d7e7b8130c0867ae54c9ece00a64493f2a93f9c72,42,779
question,u19-s007-cr002,u19,s007,central-angle-arc,PENDING_MANUAL,2eda183ab222252cca98ee6564cb69526192aa27e6cc306a170bd63bcc24cde1,40,721
lecture,u19-s008-lecture-r1,u19,s008,arc-length-formula,PENDING_MANUAL,68b901e05ee41ce61d292c00539a052fe587c94a61a8c4e0725aaf7a68c60017,132,1941
question,u19-s008-v001,u19,s008,arc-length-formula,PENDING_MANUAL,8c9a6f229e2f2408a66366ef5b81156afc83d0d487f0b4557d08f18c389391ed,43,1083
question,u19-s008-v002,u19,s008,arc-length-formula,PENDING_MANUAL,802a216d7caa584bb6ef8de6c43357a46cbbce3d268202817dc2e612f5274472,40,780
question,u19-s008-v003,u19,s008,arc-length-formula,PENDING_MANUAL,4feaaa3afb4270d868805e2776c5f98f8170de8f9414485b34126f60dfb151ae,40,997
question,u19-s008-v004,u19,s008,arc-length-formula,PENDING_MANUAL,26f5e775de86baada8d14af2a33b05113ca1e3bbb3ab8e5d0886506e561bb03e,40,819
question,u19-s008-v005,u19,s008,arc-length-formula,PENDING_MANUAL,025d9dfd4adfbe68db4337fa18d45f9055c750e23b662e43c4072596f1f868ea,41,829
question,u19-s008-v006,u19,s008,arc-length-formula,PENDING_MANUAL,9dc3c2851c6b12dd6c575d15881ac079e2f17cd13dd42598752c9b8d89f55a21,41,894
question,u19-s008-v007,u19,s008,arc-length-formula,PENDING_MANUAL,9ccb03487339a77cac983e48ec600c2f868c0907999d58dee923bb6eb53a2d76,43,1027
question,u19-s008-v008,u19,s008,arc-length-formula,PENDING_MANUAL,9e4964588c55cbecf4399669857e7619c23417d67f7303e2f1093cfaf2cae212,40,818
question,u19-s008-v009,u19,s008,arc-length-formula,PENDING_MANUAL,b8b865bd10d382c99aa53c0f35ea6d76feafa2c52f467451386594393a9760ce,40,853
question,u19-s008-v010,u19,s008,arc-length-formula,PENDING_MANUAL,ee9ad9bfb3def8023292cb30e33bb6e6702f08543ab1cbb0cbb69ffee2ebc262,42,934
question,u19-s008-v011,u19,s008,arc-length-formula,PENDING_MANUAL,48719850823181998cda25fed3bc9831b83070a85053f8430364bc4ab3700a13,42,935
question,u19-s008-v012,u19,s008,arc-length-formula,PENDING_MANUAL,c5f19c13b2b2f34724acf37405e7e01823bbeb67c75fe5f877a2f4ee0f092e80,41,845
question,u19-s008-cr001,u19,s008,arc-length-formula,PENDING_MANUAL,2b145f9b96f66578449514ccfa1040a3b90b92f829b8acf5e8530ccdf6373804,42,731
question,u19-s008-cr002,u19,s008,arc-length-formula,PENDING_MANUAL,801b3f9e162bef7b2aaf00403bd4d26d2c0d53e05c9c7453c59f85c6332b124d,36,653
lecture,u19-s009-lecture-r1,u19,s009,circle-inscribed-basic,PENDING_MANUAL,ec60c47d5fabb42cb5db3cd4e116b670dd77ddaee11cbddb1b4cb5178c4393bb,131,1994
question,u19-s009-v001,u19,s009,circle-inscribed-basic,PENDING_MANUAL,7d55233b79abeb3c7cfe389613227fb316df60f777a5e03ad14f901dbe2687aa,42,890
question,u19-s009-v002,u19,s009,circle-inscribed-basic,PENDING_MANUAL,32ec515bf11384a7d0d28deb4ca6807a4d03cc23b7d798b5cc5f8da32b22886c,40,945
question,u19-s009-v003,u19,s009,circle-inscribed-basic,PENDING_MANUAL,5bd64eeaba5e1a94dff775d3487bfee14dd058073761cc52f78ab4279f862231,41,1019
question,u19-s009-v004,u19,s009,circle-inscribed-basic,PENDING_MANUAL,051f2c849ba29d79f06356db597912910f467904373ce618caf19af91d277f6e,41,835
question,u19-s009-v005,u19,s009,circle-inscribed-basic,PENDING_MANUAL,0cb15855c2d74e0a0403783d08bdef29d2da1721ee92eb2ff04d5ea42200e7b8,40,970
question,u19-s009-v006,u19,s009,circle-inscribed-basic,PENDING_MANUAL,8c0d83e62b81713b4be9a78fac96b08a25f8f98b7e7235a60774227b11782c29,40,850
question,u19-s009-v007,u19,s009,circle-inscribed-basic,PENDING_MANUAL,30321a8e53dcde5a3aff81c4028f00a4546fdacb88cbd6b387921f0a70f37928,42,961
question,u19-s009-v008,u19,s009,circle-inscribed-basic,PENDING_MANUAL,45f8b9677ebf310dcfa77ead23ad93806ff902c2589b240e1c56f8b55fc928dd,41,939
question,u19-s009-v009,u19,s009,circle-inscribed-basic,PENDING_MANUAL,911c70f435057cc5a893d7c1283d1a9183781c6b02d72d1eb1e7531f95ef5fb8,41,968
question,u19-s009-v010,u19,s009,circle-inscribed-basic,PENDING_MANUAL,162b121bb10f3ad2db39a6f71a6f56afc9db3582833625eb575c7373384c8976,41,948
question,u19-s009-v011,u19,s009,circle-inscribed-basic,PENDING_MANUAL,f0b004ec8059cd193404ced7d9e4fc9816eff5f85d1074ad1f090f0120b24e94,41,820
question,u19-s009-v012,u19,s009,circle-inscribed-basic,PENDING_MANUAL,e3eef35dff36c173e311a86de9a59c4258e134facb4781d228bb94f4339d3293,41,877
question,u19-s009-cr001,u19,s009,circle-inscribed-basic,PENDING_MANUAL,101218ce2e79aef4e7653e7ee91f491d1073c636b7f23dc04cb6ebc1cac13ac6,42,768
question,u19-s009-cr002,u19,s009,circle-inscribed-basic,PENDING_MANUAL,3672fdb9b112b6bc564f1a40db4035cadd5ed44a1d6e1cd36b3d02e1022e1698,43,848
lecture,u19-s010-lecture-r1,u19,s010,sector-area,PENDING_MANUAL,8a1a908187a3e4bbdf74df96f14fbfb2ccfd58e6e7e5d7ed7b9b1550288bc123,132,1884
question,u19-s010-v001,u19,s010,sector-area,PENDING_MANUAL,0af03555ea1c74e2946092e8e5f03bb824a1f3a33d874b3e8a93629afd6afcce,43,878
question,u19-s010-v002,u19,s010,sector-area,PENDING_MANUAL,a030198d5e7400bd4ba696babe1cdb66b958d8ff5ff4cc7ab669019c8671a372,40,766
question,u19-s010-v003,u19,s010,sector-area,PENDING_MANUAL,632edf55e99e74e74fe55a114c2401f71e4f4b2f0d68edc7627eb9b38bb8989e,41,808
question,u19-s010-v004,u19,s010,sector-area,PENDING_MANUAL,2ca6763a1566775d3e96f80029a1f487ffe4170b55472fc4296ea21ef895f48b,40,798
question,u19-s010-v005,u19,s010,sector-area,PENDING_MANUAL,92a8cc18376a025fc5c2830c0c3717f319f198aa79fb7309da013b2948104982,41,827
question,u19-s010-v006,u19,s010,sector-area,PENDING_MANUAL,a27b590d3e8a55b712d00883752b4431e4495059d6494b5bf6cd514289fa18f5,40,782
question,u19-s010-v007,u19,s010,sector-area,PENDING_MANUAL,e2c8dfc773b901f8e848d21c34ea3709fb115246a3bd98153ee4efa1e5b8da9b,42,931
question,u19-s010-v008,u19,s010,sector-area,PENDING_MANUAL,7aa97068d78eb6318556b210fd63c567d2f130f33258cc38f55d746738b6346c,41,870
question,u19-s010-v009,u19,s010,sector-area,PENDING_MANUAL,d4ca7df9da37bd858c752caeeed11e457c59e37fb3ce83da1bf819047bcee01d,41,911
question,u19-s010-v010,u19,s010,sector-area,PENDING_MANUAL,8a6b5b5e0d58fd06965925c3340ffaa11c88301dc8b2d3e1bc85f56a84db01c6,41,850
question,u19-s010-v011,u19,s010,sector-area,PENDING_MANUAL,83e862f70989ab9895334d471cdaf3d2694d56d4f95101bac37c790c21155a97,41,873
question,u19-s010-v012,u19,s010,sector-area,PENDING_MANUAL,1e6481c7b84e7c2cddb38d26e7bb1116d3c63568df90ca3aeb9230af22a6e33f,41,988
question,u19-s010-cr001,u19,s010,sector-area,PENDING_MANUAL,5ce510df3339a83e0ee09c6ce5f9dffd229b5239d3510c1f8e7276dd1e68b88e,39,862
question,u19-s010-cr002,u19,s010,sector-area,PENDING_MANUAL,57fab462b9327e2395bd0c158ba41507e76ea43dc953d67f8007fa75066b2af4,40,746
lecture,u19-s011-lecture-r1,u19,s011,circle-composite-area,PENDING_MANUAL,a43314253033465bcb5cf0f2aff802e604f9a2184acdc18598c89a147e4a252f,130,1905
question,u19-s011-v001,u19,s011,circle-composite-area,PENDING_MANUAL,886999501a5f241f1a93a80ca1b9f3b07070f0a6d455972bbc92460411127ddf,43,898
question,u19-s011-v002,u19,s011,circle-composite-area,PENDING_MANUAL,b3aeccba1dd043096e07b75ede20fe567c9fcd6b1692e25bbc0abf4cdeedf8a7,41,901
question,u19-s011-v003,u19,s011,circle-composite-area,PENDING_MANUAL,34bb9612693ddb81a08c8e597fbf874ec7047aaf59294260fd4cef40bbbe7c6e,41,881
question,u19-s011-v004,u19,s011,circle-composite-area,PENDING_MANUAL,095a83b21e51b34e95cc2015660842f6371645efa9d87d2ece41eaba054804e8,41,908
question,u19-s011-v005,u19,s011,circle-composite-area,PENDING_MANUAL,78a288ddfb6e23d371f2d5977e1fb8035ec84abdde2bfc0b5b14e45105c9416b,40,873
question,u19-s011-v006,u19,s011,circle-composite-area,PENDING_MANUAL,48c70d7bd95051d154e16c5ff542951939ea5b9c156478add22af9d0b49b8138,40,873
question,u19-s011-v007,u19,s011,circle-composite-area,PENDING_MANUAL,08a03a67d2aa6b09d59150cac01564e6a931a04ccbe0f91b64a215a8bedab9bc,43,960
question,u19-s011-v008,u19,s011,circle-composite-area,PENDING_MANUAL,a81aed3c389645a65431c4c7c901212f66650c8f82f04473652c842046cdc614,41,893
question,u19-s011-v009,u19,s011,circle-composite-area,PENDING_MANUAL,6fd0e1882a9cb0c1c2da4c4602df7f41ec666b8192e7cb03645a8cb856a6fba9,41,902
question,u19-s011-v010,u19,s011,circle-composite-area,PENDING_MANUAL,19d2a4c70eaf5cf2d86c7f145755b26341ce1ee3440524d95b2838e1062ffbf1,42,883
question,u19-s011-v011,u19,s011,circle-composite-area,PENDING_MANUAL,c82127bb33a735c80710e78e94ace1ffcbfc007d8ca70ddb5db45ddc78090387,41,901
question,u19-s011-v012,u19,s011,circle-composite-area,PENDING_MANUAL,208d57dccd2331953a2efc4d0659681640d0ba3de59561b51f5b13dfb55f937d,42,902
question,u19-s011-cr001,u19,s011,circle-composite-area,PENDING_MANUAL,ab8693d5b00201acc319076839240c18ede52d14167865fe716cac0c75785355,39,732
question,u19-s011-cr002,u19,s011,circle-composite-area,PENDING_MANUAL,9868270f09dde3ddbeaec7f131a7cc706d9da6b85d475f40ed5aeb0a1dc0a3a8,40,776
lecture,u19-s012-lecture-r1,u19,s012,sector-perimeter,PENDING_MANUAL,f30a4b5509af70eb491d037de34defee23a954ec65c7cdd8e6cae75f080adfaa,132,1846
question,u19-s012-v001,u19,s012,sector-perimeter,PENDING_MANUAL,ebe8fa705d892b7115d597061899461a418a201b01467763b2808b6520472a50,42,873
question,u19-s012-v002,u19,s012,sector-perimeter,PENDING_MANUAL,c68abb0063a015770ef566847e5f29082ed277ba0e126c714df3889a230a03af,40,764
question,u19-s012-v003,u19,s012,sector-perimeter,PENDING_MANUAL,a1cd54a943ca2fef1cc1ad77a1bd2a2e23b30723858f4ad50a62c486080d8a5d,40,833
question,u19-s012-v004,u19,s012,sector-perimeter,PENDING_MANUAL,adcb8e33ea95702c94a09e4f57e721767a6e6dbbd63703da192a4db4effbcd92,40,816
question,u19-s012-v005,u19,s012,sector-perimeter,PENDING_MANUAL,732a394d376fa78a34d2bcf1dd675dd6044a75bf4533da11e7ddf7616cb54b4e,41,827
question,u19-s012-v006,u19,s012,sector-perimeter,PENDING_MANUAL,602b50997e8fc58c92e4ad9ba07213f3771a21b4f7a351cbc88030c839275fa2,40,774
question,u19-s012-v007,u19,s012,sector-perimeter,PENDING_MANUAL,fbfd39801bcf70a92d5b7525f04e5916a578070f0ab89219836b23acacebdf96,43,912
question,u19-s012-v008,u19,s012,sector-perimeter,PENDING_MANUAL,595c055af41df7b1eca31151111c0eab5dc809b597aa1e19a4e41a2fe5473abf,41,987
question,u19-s012-v009,u19,s012,sector-perimeter,PENDING_MANUAL,2c92b05e755013730015493ea3aacc4a46300788c7bf1ede8c3ba23151c7adfa,40,947
question,u19-s012-v010,u19,s012,sector-perimeter,PENDING_MANUAL,33d2d1b51be25a3e83065e25a191d9a6724b8fe464a7e0008867f12131751e10,41,884
question,u19-s012-v011,u19,s012,sector-perimeter,PENDING_MANUAL,3db505b281527daa80162f57bff5cbd062fad35a400ed191691fab150682a538,42,866
question,u19-s012-v012,u19,s012,sector-perimeter,PENDING_MANUAL,b8fcc04832a2bd7b47ab338e4c15c214b6b014e66739213e9665d905935dae7e,41,927
question,u19-s012-cr001,u19,s012,sector-perimeter,PENDING_MANUAL,dcfc0099c5b1c145ed7ae313be30714915880cd3db53403c87cb632cce314eb9,39,696
question,u19-s012-cr002,u19,s012,sector-perimeter,PENDING_MANUAL,a7c58dd45eb8aa2d66265a0e179ef2de3b2a3aca9e908c36aee3d0ccea3b2295,39,633
lecture,u19-s013-lecture-r1,u19,s013,circle-area,PENDING_MANUAL,21a554a930f07123e27f54a3010ff8c30107608b654690fa6d198217e55528e2,130,1712
question,u19-s013-v001,u19,s013,circle-area,PENDING_MANUAL,999977cfa0e608bef5de73caecc9d24e3e362468f4220e4cb219a453ea946aa0,42,776
question,u19-s013-v002,u19,s013,circle-area,PENDING_MANUAL,30cc859147e4f9fb67b27561732f551f0f15facb70c3d519df469b70687ffc06,40,736
question,u19-s013-v003,u19,s013,circle-area,PENDING_MANUAL,b9d2036871acec14eaef32e169faa2a9456085f01f32cddd44cc8d6b7d937f94,40,769
question,u19-s013-v004,u19,s013,circle-area,PENDING_MANUAL,5e6307ccf856ccee0d430d513f0b808c2c44d13be51477644adafdd045caee9b,39,724
question,u19-s013-v005,u19,s013,circle-area,PENDING_MANUAL,7802ee048726af82b738d61735c173ab2aecec6b843e8dcf6d51935529e308b2,40,764
question,u19-s013-v006,u19,s013,circle-area,PENDING_MANUAL,f71cbbe70dee937d24fbd643ef2e95d7f0e14ee35ae26cd14974f27556059887,40,810
question,u19-s013-v007,u19,s013,circle-area,PENDING_MANUAL,401d3ae139d94ebda77a81da150687d82357c3897431177a87f03b297dcd5e5a,43,889
question,u19-s013-v008,u19,s013,circle-area,PENDING_MANUAL,6cfed70095290a75953bc8795ca332d18de4b3a86930b0fb0c94a1e269a5ad6e,41,845
question,u19-s013-v009,u19,s013,circle-area,PENDING_MANUAL,61bf5f86c6cb13fdbe4e566e604dca4784aeb053264debe279199697a15b03b9,40,808
question,u19-s013-v010,u19,s013,circle-area,PENDING_MANUAL,1cfb1edecd7b3f3d4a44929f81f4ea7127fb0ff92a87d01514a1ad1298e76d69,41,762
question,u19-s013-v011,u19,s013,circle-area,PENDING_MANUAL,8968e886581af77c061f0bbbf4404a0cefbc24467f4ff3d232f3a472c5a7b9cf,41,912
question,u19-s013-v012,u19,s013,circle-area,PENDING_MANUAL,13341e74167f2cdfe7bf952466f2aaad6789770fc9158bb4fe9a5c2e7128c8a6,41,859
question,u19-s013-cr001,u19,s013,circle-area,PENDING_MANUAL,0164b9843eca93e3ca05cd203dba6e3f907bb0a22aee7b107c0eaa86a421527f,42,721
question,u19-s013-cr002,u19,s013,circle-area,PENDING_MANUAL,8bae25564399c230206367153db33947930aa1e204f209acc03050096cba90de,40,771
lecture,u19-s014-lecture-r1,u19,s014,circle-composite-perimeter,PENDING_MANUAL,5c71b3af66724ce8ecb88c211ee3000bd98dd665945c21f0207564a06ac0a773,132,1923
question,u19-s014-v001,u19,s014,circle-composite-perimeter,PENDING_MANUAL,34e8468d8aa1c2dc39caee05656a6c574cf6e9f7fd29c39b93045930feb47520,42,850
question,u19-s014-v002,u19,s014,circle-composite-perimeter,PENDING_MANUAL,765392edce933e10814891b8d7840d2e76f64e9d1f14553489160bf28cd8b788,41,889
question,u19-s014-v003,u19,s014,circle-composite-perimeter,PENDING_MANUAL,caa78f17232db12362a0b41726dd8a9d6a721d40580e9a49bfc97132692bc22f,41,846
question,u19-s014-v004,u19,s014,circle-composite-perimeter,PENDING_MANUAL,69b8b1666d1301b0b29563c43f4bad41040db6ccda809d60dc1ccaf9cf3ff669,40,838
question,u19-s014-v005,u19,s014,circle-composite-perimeter,PENDING_MANUAL,8b7338a01ef77e6d682ee3d6af2a8a1e5edc2af710f9b63dec44b03847ac066b,40,841
question,u19-s014-v006,u19,s014,circle-composite-perimeter,PENDING_MANUAL,807f427c7fe2a475aee25c59fda5360909826bed04a2ad2fe63c2314bb4039eb,40,939
question,u19-s014-v007,u19,s014,circle-composite-perimeter,PENDING_MANUAL,ceac64d37b40a7797a540054e1d3fe01b2f43dc59f7ed0d0571cc0d176450b37,43,1164
question,u19-s014-v008,u19,s014,circle-composite-perimeter,PENDING_MANUAL,e70e85e1811e1a2e45b8b7666fafb7e64451866409230abd0e68852e245a5f67,41,994
question,u19-s014-v009,u19,s014,circle-composite-perimeter,PENDING_MANUAL,d6e6a4b07fd065c67ea39758132370dbdf7c13c7ff39cadea6786dd88dde93e3,40,884
question,u19-s014-v010,u19,s014,circle-composite-perimeter,PENDING_MANUAL,d84fc1483400a6477694fe574d19cade81153d7e62774c07dffc343e9a9efa0d,41,944
question,u19-s014-v011,u19,s014,circle-composite-perimeter,PENDING_MANUAL,37ef091218a07fd9acc2fd2461aeae8d59a7c93bb34b8dfbbb2467da5a8aa376,42,896
question,u19-s014-v012,u19,s014,circle-composite-perimeter,PENDING_MANUAL,6264e9b676e7a74ca235bc5e22b4bd4a5bc78e890aff51b05159ddd6eedbaa34,41,893
question,u19-s014-cr001,u19,s014,circle-composite-perimeter,PENDING_MANUAL,a0362403185247d71bdf70500bf82fd21d8706a5d001492d46e03e2db4a0761d,45,800
question,u19-s014-cr002,u19,s014,circle-composite-perimeter,PENDING_MANUAL,d7919207cbcf733daca82ab0a8f218124f581cd557936fe62bcf28ea1d50c4cf,40,727
lecture,u19-s015-lecture-r1,u19,s015,tangent-properties,PENDING_MANUAL,cc0b4763e607701e9b7ba9b4b23c77b388b9d73a05a1c791ded81948ec312d40,135,1857
question,u19-s015-v001,u19,s015,tangent-properties,PENDING_MANUAL,08133ab524a63988c23630ed4ecdfaf1de9fb7e980d65744d7d658108698b9b4,42,878
question,u19-s015-v002,u19,s015,tangent-properties,PENDING_MANUAL,4bb74b7489c7285beb5ab80b0d55726c78862a025e4366898cb479c018569f42,40,776
question,u19-s015-v003,u19,s015,tangent-properties,PENDING_MANUAL,4bfe9ea3e797eacd124936a93c777fd4840694ac63ff9dbb7011cb81b43ac643,40,784
question,u19-s015-v004,u19,s015,tangent-properties,PENDING_MANUAL,ee8e88118a90c3f7af9ffecbe63a54328e779aa431d8dc04d85a0cfa94677aa8,40,860
question,u19-s015-v005,u19,s015,tangent-properties,PENDING_MANUAL,bcbfed80d09217200360100e30225acd991af940a13b8bf0a87b41b060b87292,40,796
question,u19-s015-v006,u19,s015,tangent-properties,PENDING_MANUAL,2649ff0c9172d72e04a1d3eb0e6d19ffe1064b2509a8bdfabd0b10074c098abd,40,859
question,u19-s015-v007,u19,s015,tangent-properties,PENDING_MANUAL,0b8764cb403be8b47509a2a458c84d686125fb3658eaa2d8c5bcda96d59e6490,42,908
question,u19-s015-v008,u19,s015,tangent-properties,PENDING_MANUAL,4cc73f693ae28a775c7c19efe2a5f8c202a1e4b3f7c2e618ec1c0d0af660c81b,40,876
question,u19-s015-v009,u19,s015,tangent-properties,PENDING_MANUAL,2113c407e7c8ce5f8f8d64976b064ed86bca96e74896d21c07b6688964f27b4f,40,888
question,u19-s015-v010,u19,s015,tangent-properties,PENDING_MANUAL,894d7582527bf571c443d6c9df90288548768af362887232318cee37644c8bcd,41,911
question,u19-s015-v011,u19,s015,tangent-properties,PENDING_MANUAL,0377c8bd36631187688e5bfabc960f00784023c6b78a9a60a842b216df2d3dd0,41,827
question,u19-s015-v012,u19,s015,tangent-properties,PENDING_MANUAL,18f04934465b1c758d63373c3ee5dc8e5f388a63f68f65e38261dcdec2caefe7,41,853
question,u19-s015-cr001,u19,s015,tangent-properties,PENDING_MANUAL,e5c7abdd1b4d02e4236807b50d974b35e5038443d7ebbe08c9819413551649dc,45,801
question,u19-s015-cr002,u19,s015,tangent-properties,PENDING_MANUAL,d2d577a83b9a569dd7dc284c80598d453c750e90059978a2c440524b3afb8588,40,702
lecture,u19-s016-lecture-r1,u19,s016,tangent-radius,PENDING_MANUAL,893e005c938bdefeaaf6c20a498db7ebbc4b239b167362f1174f453290fe01ad,131,1857
question,u19-s016-v001,u19,s016,tangent-radius,PENDING_MANUAL,18d4f5da62ea58c0341df473f093cf16a555c546e5b912f20bea2486c50e4c99,42,786
question,u19-s016-v002,u19,s016,tangent-radius,PENDING_MANUAL,eebdd0e2900a8967bb96dd370738a28b6c156f3fd35c378ab828a7064acb5418,40,798
question,u19-s016-v003,u19,s016,tangent-radius,PENDING_MANUAL,2bfb2ed98717d2bf0c60906629b1691b4afadf40fbccc9079aca6fed17ab3be3,41,798
question,u19-s016-v004,u19,s016,tangent-radius,PENDING_MANUAL,0f03965ae95ede5aa73ffdf8089341c1267d81b7b04712045f10219b7f6101bc,41,794
question,u19-s016-v005,u19,s016,tangent-radius,PENDING_MANUAL,a117c716c4e5ef7e0ab16b2b9274285a6b9e5b7dcb8d9000206a99f8adca215f,40,800
question,u19-s016-v006,u19,s016,tangent-radius,PENDING_MANUAL,0951bc0e524eb1efc4dadc3ccef0f786a9c603d77bf28cde8d493e2f85187972,40,811
question,u19-s016-v007,u19,s016,tangent-radius,PENDING_MANUAL,550594d56f834f2c9d6d2108bb95b78ddf6fcead84bf1b508a6c7f27fed62428,43,953
question,u19-s016-v008,u19,s016,tangent-radius,PENDING_MANUAL,f27007e33b9ece2652d9eb79a60f194ba2aff30f817927ec7742ff2477988f9e,41,913
question,u19-s016-v009,u19,s016,tangent-radius,PENDING_MANUAL,26ae99d0e851f03c98fdde7d60883a9c71f31e9b2d2fb06ad2c25195310b43e8,40,909
question,u19-s016-v010,u19,s016,tangent-radius,PENDING_MANUAL,3466e9b28d1a62cbfe908f67379722c2dc29308da971a21a8e92c15e699c3198,42,920
question,u19-s016-v011,u19,s016,tangent-radius,PENDING_MANUAL,b4afaf39af1b6694dca016549bda7da8d93957cc207058664950fb71468237b9,41,862
question,u19-s016-v012,u19,s016,tangent-radius,PENDING_MANUAL,e9148720de28b7815db1e35e3c115f3e7b6dc0662ffb10574563ee847604f386,41,878
question,u19-s016-cr001,u19,s016,tangent-radius,PENDING_MANUAL,33f9ce7668b33222094c384309f9db8bd271e9af510b22d3c5b01d73ee5f8b45,39,799
question,u19-s016-cr002,u19,s016,tangent-radius,PENDING_MANUAL,2f39c2c3b30ee4a545f90d2789f46997c41e2c99f98564a0357507a9ed642960,40,669
lecture,u19-s017-lecture-r1,u19,s017,two-tangent-segments,PENDING_MANUAL,bfe27721bf8db2ed8b3cc6328bcb4568267b3ddeae9fb88d39d676e2886177af,128,1915
question,u19-s017-v001,u19,s017,two-tangent-segments,PENDING_MANUAL,ca2038842e9a9aa57077f78a124deafae7a645ca5ce6a758456bc3d3fd42b57f,42,861
question,u19-s017-v002,u19,s017,two-tangent-segments,PENDING_MANUAL,db65bae1a11f6d0f010bf0d99c222872519ffbcc44e5cc80c33ae14d6111d974,40,773
question,u19-s017-v003,u19,s017,two-tangent-segments,PENDING_MANUAL,2ec708c3316e7685d25f990ccba3b0c27414ec0c6a8c363702e0312d50a2eec4,40,804
question,u19-s017-v004,u19,s017,two-tangent-segments,PENDING_MANUAL,81a7f8f071e015e02ac3ee4d7f04dfd6314ee58709c086593189da59270e9dcb,40,870
question,u19-s017-v005,u19,s017,two-tangent-segments,PENDING_MANUAL,ef6732dd978ab94fddce50766862fe74e046e04d9c3c70eeea2849c0c6077ec8,40,793
question,u19-s017-v006,u19,s017,two-tangent-segments,PENDING_MANUAL,c5c519ec71f94467c7c49b2bf7beb5b5ce35d74333d254399603da4166f162f9,40,900
question,u19-s017-v007,u19,s017,two-tangent-segments,PENDING_MANUAL,ecc5bada33455ed3becdbdd54eff9e68cff9e0c23c3c8a6895a2ba0ea8caedae,43,1050
question,u19-s017-v008,u19,s017,two-tangent-segments,PENDING_MANUAL,a05aac86a81f66a2f6f53c0a93f22dafb05d731474f632008eb19e2c3ee27bf5,41,900
question,u19-s017-v009,u19,s017,two-tangent-segments,PENDING_MANUAL,8e0cfc788fd73e0e39d179b783d15d98438ca6216bc289675987a2a8721e1495,41,961
question,u19-s017-v010,u19,s017,two-tangent-segments,PENDING_MANUAL,9dc64c3d123a91602b97a5cd32d443eeafaf433d8dde5da54a02673c4fa68fe3,41,894
question,u19-s017-v011,u19,s017,two-tangent-segments,PENDING_MANUAL,b70434ebbc17ec59b1f1e33211aceb7de782d208aa776b2cbb1ba811d20c13a2,41,820
question,u19-s017-v012,u19,s017,two-tangent-segments,PENDING_MANUAL,c62fa0ffdd00594200ecfe861f5efafccf341a1ec425251f0f6b8bf7d1683915,42,930
question,u19-s017-cr001,u19,s017,two-tangent-segments,PENDING_MANUAL,0a5541249161cec258b5a6af6ae1cc08201a2af7f3b58ce7f6b642bb3e9953be,42,997
question,u19-s017-cr002,u19,s017,two-tangent-segments,PENDING_MANUAL,307b924901c50b3589bba5e658966f94a39a69c504c47a7b1740d557662056fc,40,877
lecture,u19-s018-lecture-r1,u19,s018,circle-literacy,PENDING_MANUAL,17979dd91a75796c1d305656b60425a8356204d504241655cff376f9389e2952,130,2007
question,u19-s018-v001,u19,s018,circle-literacy,PENDING_MANUAL,73abbd062193eca7f8f8166b0c0c8d055a8a57914347bc9aa8c4eafbae355c9c,42,863
question,u19-s018-v002,u19,s018,circle-literacy,PENDING_MANUAL,ef75a004b97aaad2d5e642a5779e9da5901115b9caaa474ce61ed3feccb8ab8e,41,993
question,u19-s018-v003,u19,s018,circle-literacy,PENDING_MANUAL,8e90522b0d1314e16994eea21c554c2f622d6e1dee0b8d6021ef5c18c01c9d19,40,875
question,u19-s018-v004,u19,s018,circle-literacy,PENDING_MANUAL,02136937e125be856b9c11143bf7e875e1bd7151caece7cfb5ecd46fe2597a10,40,854
question,u19-s018-v005,u19,s018,circle-literacy,PENDING_MANUAL,cf6c17568c5dea72bc36ec6200448c23421d8116698aebafa75739866d70ea88,41,900
question,u19-s018-v006,u19,s018,circle-literacy,PENDING_MANUAL,8b19bb618c9a16e3d41d3792b4905424c34dfe78177d7ee3823cbae341e894a6,40,826
question,u19-s018-v007,u19,s018,circle-literacy,PENDING_MANUAL,5811c7a1ee13efdaf4cba651c09278e35918c2d7ab518cc65bc34545fb158c89,43,1039
question,u19-s018-v008,u19,s018,circle-literacy,PENDING_MANUAL,082d0fb4884a4ef0d72501cfeb108e389ea4480603a557a42267c869ea265a1e,40,969
question,u19-s018-v009,u19,s018,circle-literacy,PENDING_MANUAL,53cefc149c47b7797a2e558b8d2ffd9448db74d65c8097320be95867ef35912f,40,890
question,u19-s018-v010,u19,s018,circle-literacy,PENDING_MANUAL,d8ba353f6c77538c9bce32bfabcb5af00703c20b3ae8e2812b63a330914cf530,41,879
question,u19-s018-v011,u19,s018,circle-literacy,PENDING_MANUAL,1c0702238f6046518552dfa2a14ffcb8c7377c51ce4e59042d8e84b55adc0715,42,888
question,u19-s018-v012,u19,s018,circle-literacy,PENDING_MANUAL,ec70f0ce46847746c33b2fa2ceadf1f16c5d49586dd597b432ead42435a5138f,42,906
question,u19-s018-cr001,u19,s018,circle-literacy,PENDING_MANUAL,4890927a5be18e9a366186311254cc5f46f61b8a4c5146b5167e5e5a6dd9ca4d,42,789
question,u19-s018-cr002,u19,s018,circle-literacy,PENDING_MANUAL,6556dd6df9e6c57a54eadc0776241c9628a8e64ddcb0a8d2f77d2a77fa8ca70a,40,892
lecture,u20-s001-lecture-r1,u20,s001,geometry-proof-basic,PENDING_MANUAL,1769b3055e98924204011656a7a61343f0bdbb899a5661785564ebdf4fbcfe90,103,1602
question,u20-s001-v001,u20,s001,geometry-proof-basic,PENDING_MANUAL,a76a79512b2a16eaa6e16c4d8fd76bf9bf54bc0db4f9c3c7925eee68c2349595,41,751
question,u20-s001-v002,u20,s001,geometry-proof-basic,PENDING_MANUAL,fcd151ec9bb4b38d1539c11953c3f5b0e4d605881597b4a18a9606aa0fd35a91,41,692
question,u20-s001-v003,u20,s001,geometry-proof-basic,PENDING_MANUAL,f78e3e5dd932eb3abc72b112e51a5e9e28f86989701595be71bbf2cee7d70ef8,42,802
question,u20-s001-v004,u20,s001,geometry-proof-basic,PENDING_MANUAL,6945764046a1a53ae746b0443e4fc782f8099669961ff302e07159e53193b3d1,42,781
question,u20-s001-v005,u20,s001,geometry-proof-basic,PENDING_MANUAL,cc13fb594a9f21594c468d0c998ec5112c5dde52c89a944b52aeb6a2e46180a7,42,876
question,u20-s001-v006,u20,s001,geometry-proof-basic,PENDING_MANUAL,cb367f6beeb27a219049cef85c882fb648bcd2357ee3f4e33dfaa63a0fcd51a1,42,800
question,u20-s001-v007,u20,s001,geometry-proof-basic,PENDING_MANUAL,a3b6063b25449d21f42e9fdf76af62adcef2d5d485086a5e624a2a001013742f,42,773
question,u20-s001-v008,u20,s001,geometry-proof-basic,PENDING_MANUAL,613bec3624e97bffb12a5cc3c7fa16147c85d75c31eb66bce30cc3715e12b9f0,42,724
question,u20-s001-v009,u20,s001,geometry-proof-basic,PENDING_MANUAL,31b2c4fb0292ed7c4402bb12f9c4cd83fbda1ebc76fabc8d5dbc9eb9bf8bd061,42,811
question,u20-s001-v010,u20,s001,geometry-proof-basic,PENDING_MANUAL,9e9c1dd2f69d1d6c6472e7a440eaabc9fbaf64930bc1673f2773f8854ed4cb41,43,990
question,u20-s001-v011,u20,s001,geometry-proof-basic,PENDING_MANUAL,e19bbcf922b93925cf4b4f59552c7819ad1104353d2894188657b1c1d8754930,45,1007
question,u20-s001-v012,u20,s001,geometry-proof-basic,PENDING_MANUAL,f0dd9569edb2dd11bb677489f187e390299ec00acc215bf523813962925067a0,45,989
question,u20-s001-cr001,u20,s001,geometry-proof-basic,PENDING_MANUAL,6718e59f1d128a350d65a3f329a3dc8c3dc2e95c7955301db98cd02969d71e3c,40,1105
question,u20-s001-cr002,u20,s001,geometry-proof-basic,PENDING_MANUAL,06aa0ae0b090007adf7402513bfa6f440d51fdf2f49a5fee25d524c8cb22158c,36,1087
lecture,u20-s002-lecture-r1,u20,s002,geometry-proof-steps,PENDING_MANUAL,85942a0fe807d28e197750d47579aed8cce88d47ee328ef716260f114a0de18c,101,1549
question,u20-s002-v001,u20,s002,geometry-proof-steps,PENDING_MANUAL,303318cbf298d38c32efa9be8de085c47c3d105059a84eb72f30089645cc2cba,42,714
question,u20-s002-v002,u20,s002,geometry-proof-steps,PENDING_MANUAL,63434001fc544457f05400199113cfc6a0d0d4ac95965d4d45dfb3aa071adeee,42,709
question,u20-s002-v003,u20,s002,geometry-proof-steps,PENDING_MANUAL,6c8fb8a8fdf38c727728bdd2de5f0f2c3581fd5188c006687f29c12af90bd189,42,742
question,u20-s002-v004,u20,s002,geometry-proof-steps,PENDING_MANUAL,de603fd6aa42bf5fe6f82204d6e5c6a4cd0365c4636e45aeee4d03ca49e76d32,42,777
question,u20-s002-v005,u20,s002,geometry-proof-steps,PENDING_MANUAL,ddbfd142137e2587ca77dae2f24f78ee4969aaa1b401f49490552cba666a52aa,42,888
question,u20-s002-v006,u20,s002,geometry-proof-steps,PENDING_MANUAL,30a9c52f7d2be301522d02f7d6d02c029a082f2994cad4a3182c0a4304a6705e,42,804
question,u20-s002-v007,u20,s002,geometry-proof-steps,PENDING_MANUAL,182abc4458e212cadfcaeff78ac8c2a00ed70528a1b2daaee267d5fa5293dd31,42,884
question,u20-s002-v008,u20,s002,geometry-proof-steps,PENDING_MANUAL,ad5e136a59d25a20ed9910401c2354986bade21dc3c10430b8001ca791bac789,43,811
question,u20-s002-v009,u20,s002,geometry-proof-steps,PENDING_MANUAL,6204cac88d2b4548908038a0456bc7dd37cd328a90606e9fd3fc14a422ecbf8c,42,860
question,u20-s002-v010,u20,s002,geometry-proof-steps,PENDING_MANUAL,d9bb500aa5174bf90061bbf4548ff628e438544db2bab66591ff46e627e0d91f,45,951
question,u20-s002-v011,u20,s002,geometry-proof-steps,PENDING_MANUAL,b1d58152dc8dc87f88a5c1273f9985d4275d2b044d186876a454f27c9e72377a,43,955
question,u20-s002-v012,u20,s002,geometry-proof-steps,PENDING_MANUAL,d1cd018d32e60eb8bb14c122ad65dcc3f8537792fdf012a7d5cd1621caa65440,43,921
question,u20-s002-cr001,u20,s002,geometry-proof-steps,PENDING_MANUAL,94e72cc9516f1215e14008f5bec95788e9a193300c51f01c5c98ea8180484da2,41,983
question,u20-s002-cr002,u20,s002,geometry-proof-steps,PENDING_MANUAL,8fb841fe80b06c9688118cd60ddd77bc17d09e78b301449ddb0126f6a33df6a7,35,1025
lecture,u20-s003-lecture-r1,u20,s003,geometry-proof-reason,PENDING_MANUAL,8085a047870d51e3c281e10def34cd7995a50e9e73b228469593557325abe226,102,1495
question,u20-s003-v001,u20,s003,geometry-proof-reason,PENDING_MANUAL,6da0331019f052a5515a74a3456ae5ce0d4a3c26a2f8baefa95b38f80f94428e,42,721
question,u20-s003-v002,u20,s003,geometry-proof-reason,PENDING_MANUAL,4f90b34d9ab7c27ef85ac42d38ae3ab32d6f6b0e85d1b3c61ece221a6559e477,42,731
question,u20-s003-v003,u20,s003,geometry-proof-reason,PENDING_MANUAL,c8fd518eb1b6a5e973d885c257008d416c97e35dc6a81646e4ec4d7da107db18,42,697
question,u20-s003-v004,u20,s003,geometry-proof-reason,PENDING_MANUAL,de7feeb23e5103a4375e39d1401fc76aa8bf8082786a3ae0655046f55b8ca5a7,42,732
question,u20-s003-v005,u20,s003,geometry-proof-reason,PENDING_MANUAL,243550aebf9977638074c1e90fe0fa1f8b9daef8498c2d5036fe6c31735ddb4d,42,788
question,u20-s003-v006,u20,s003,geometry-proof-reason,PENDING_MANUAL,2bcd58ec792fb883572917331a27d40e20945e83436d1d9fb15347ffc59cfde1,42,760
question,u20-s003-v007,u20,s003,geometry-proof-reason,PENDING_MANUAL,b068fd08d9f39ce81e90d91e1df86a9159bfd829209b86fab19909bd161c84a1,42,817
question,u20-s003-v008,u20,s003,geometry-proof-reason,PENDING_MANUAL,3e02556bad249d2301bbb1e08340a956257e2183224378020cf693bc24faf4bf,42,779
question,u20-s003-v009,u20,s003,geometry-proof-reason,PENDING_MANUAL,134673b65accd2b5ee826917cec8e78f167042bf877186f783f421d9870578b1,42,864
question,u20-s003-v010,u20,s003,geometry-proof-reason,PENDING_MANUAL,ea1850459027646bc8967e7e65d2d80d60910201e13be60a7678620f41d01d6a,43,836
question,u20-s003-v011,u20,s003,geometry-proof-reason,PENDING_MANUAL,d423854fb8ada4f1afe082ca2543f9c9cdba801601246df9086cf2d13f3dde8e,45,1081
question,u20-s003-v012,u20,s003,geometry-proof-reason,PENDING_MANUAL,f64cb9aac4c9b1408bdec82bd28de711ef42aa86fe569edee3e01243aecb4d40,43,894
question,u20-s003-cr001,u20,s003,geometry-proof-reason,PENDING_MANUAL,1f8d2d6dcf7053438574413dcc16faae04b4fdb473b01d64ed98623d2f894acf,35,904
question,u20-s003-cr002,u20,s003,geometry-proof-reason,PENDING_MANUAL,1ad7bc89ef8f4361e22cf107ba7addce681eada56b610a28e7528d338e13e5db,37,882
lecture,u20-s004-lecture-r1,u20,s004,proof-fill-reason,PENDING_MANUAL,7a51cde5300f8d5c12a6e9f7f9504111b23e1b8cf02da1782b329de7bdd2656d,98,1530
question,u20-s004-v001,u20,s004,proof-fill-reason,PENDING_MANUAL,e6b23d1eda4c1cbc4949c3c1903be37c2a72b54f13d7f5aa743d7af33e58cd19,42,733
question,u20-s004-v002,u20,s004,proof-fill-reason,PENDING_MANUAL,e703977b6278b34ebd6ec67c5c27f74f572b824e9768bc096ef7511290b21ecf,42,734
question,u20-s004-v003,u20,s004,proof-fill-reason,PENDING_MANUAL,64849c85406462d72c8ec976ab77fe8089859811fe2c13d493b262ab355845af,42,697
question,u20-s004-v004,u20,s004,proof-fill-reason,PENDING_MANUAL,f4ff00148fdd2dff28ff375d9ff03ab30833363812e1964dfce9b23aec22dbf5,42,702
question,u20-s004-v005,u20,s004,proof-fill-reason,PENDING_MANUAL,46e875e790391ea55c6e09729740d67297473c814c6cf778a6f3762c24434a66,42,724
question,u20-s004-v006,u20,s004,proof-fill-reason,PENDING_MANUAL,6c624629374f116641497124f3a1059fe3c636376f96e6f608d6d5eef57a6079,42,717
question,u20-s004-v007,u20,s004,proof-fill-reason,PENDING_MANUAL,f3c3bc3a6031c608a02555758568390633ff4e80c8feddbfab0d860979668c00,42,751
question,u20-s004-v008,u20,s004,proof-fill-reason,PENDING_MANUAL,294a14564ae02713611f28e1a036498f84be1a9f63bdbc6e0d40e17dfc802e65,42,715
question,u20-s004-v009,u20,s004,proof-fill-reason,PENDING_MANUAL,c0de4d723dd4fea03ed4ddd295578cfe271644c502bb83eea00530f458830aec,42,794
question,u20-s004-v010,u20,s004,proof-fill-reason,PENDING_MANUAL,44d6f4d3664c9179f4d2b8084ed7c0b7bfb7429b26032d42be9371e5d47e05cf,45,824
question,u20-s004-v011,u20,s004,proof-fill-reason,PENDING_MANUAL,0b421743a5849c8df6dc8a1255aed2886f2dee834b555ae2d2a82ed80e9d1b12,43,847
question,u20-s004-v012,u20,s004,proof-fill-reason,PENDING_MANUAL,d8582c1f6ce7ab2e753b02fc955691b7927751fafc637980e4ad4e12ffb87de9,43,895
question,u20-s004-cr001,u20,s004,proof-fill-reason,PENDING_MANUAL,544c5b742fb09c00670a68951dc6cc59b2ed86358340c761d9d32c8e6fbe6b0d,38,951
question,u20-s004-cr002,u20,s004,proof-fill-reason,PENDING_MANUAL,9a3e5f9521d72129d68d442c74f4c3afbe1b09868f02f01539d5e0f441c60629,38,1084
lecture,u20-s005-lecture-r1,u20,s005,proof-contrapositive-basic,PENDING_MANUAL,cbdee9dc8d14f9570ee6717f22d9c8c3d05a4f5550c6b1eab91c5c42fd06afa9,102,1534
question,u20-s005-v001,u20,s005,proof-contrapositive-basic,PENDING_MANUAL,23b5eacabca677d513a9b15571ac52e43d5d9c1156e3a27e314f91c863419667,42,773
question,u20-s005-v002,u20,s005,proof-contrapositive-basic,PENDING_MANUAL,597637f4bec4cb73ae087460fecf6d3c80049eb2a2662cf807df3a032aca8a29,42,892
question,u20-s005-v003,u20,s005,proof-contrapositive-basic,PENDING_MANUAL,0a8795be8f2e95e669ac80ca490ff499d456e0f30d4be7f146bd38e146c6f5f9,42,776
question,u20-s005-v004,u20,s005,proof-contrapositive-basic,PENDING_MANUAL,0050197950eb497f315cc57abd963291040cc370853b3561e5ee1434dcd78694,42,868
question,u20-s005-v005,u20,s005,proof-contrapositive-basic,PENDING_MANUAL,339991059ad0f1917dd654efafc0470f8551d5c7d682f6943807d97a5c3aac2f,42,763
question,u20-s005-v006,u20,s005,proof-contrapositive-basic,PENDING_MANUAL,b8ab17c2c8afcaec5f76b18eb6d41b1097d5d1eaa808b81d8e53aa067865fbe8,42,896
question,u20-s005-v007,u20,s005,proof-contrapositive-basic,PENDING_MANUAL,74eab612779aabbcf4dbf1fd863c7a6fcd75f109ed8e61721f3ee8d678db83a9,42,888
question,u20-s005-v008,u20,s005,proof-contrapositive-basic,PENDING_MANUAL,5dbf67e287ea68df8ccd281faab7dab7444ed2d3609eca3273efa30b4f461ad8,42,850
question,u20-s005-v009,u20,s005,proof-contrapositive-basic,PENDING_MANUAL,8646fbbac324a6358ced5db15757dbf728a30c0c592e927c68476558f5c47210,42,823
question,u20-s005-v010,u20,s005,proof-contrapositive-basic,PENDING_MANUAL,3809d7346c3e13241ace1d0c3c52f570413c9de93555e11be12d0377343d58c3,43,920
question,u20-s005-v011,u20,s005,proof-contrapositive-basic,PENDING_MANUAL,959165c809e9d23c5be2dab341a46d3c96995fc4b6b093e88191bf79be7171a3,43,1013
question,u20-s005-v012,u20,s005,proof-contrapositive-basic,PENDING_MANUAL,442d6018ed656bf7057ef00d3e774f5f82c414b9fdbecac2acf3f8fba614709c,43,952
question,u20-s005-cr001,u20,s005,proof-contrapositive-basic,PENDING_MANUAL,b784a11e485cac2be731b0bc057844a1d9b6e75842220a291b8344c19a4fa03f,36,897
question,u20-s005-cr002,u20,s005,proof-contrapositive-basic,PENDING_MANUAL,82ed5eca950d2170fb73205c40998c203add3cc8ac508c78e9b3cb90af562fa2,36,1056
lecture,u20-s006-lecture-r1,u20,s006,circumcenter,PENDING_MANUAL,1074d072c3a88bfd0f507cb30e1ceeac1581433c8ca1c0310dc13bc398b55997,100,1458
question,u20-s006-v001,u20,s006,circumcenter,PENDING_MANUAL,c6269b67df78489e45a77919d236522a065b31b27aa7af61be53cf34247d9fe3,42,694
question,u20-s006-v002,u20,s006,circumcenter,PENDING_MANUAL,0a8cceb5605c53864a0f1a0777543c915e2a9389811cc480a750e5207c5938fa,42,738
question,u20-s006-v003,u20,s006,circumcenter,PENDING_MANUAL,76303692d1030fea7062ec85024a82937243d329490255731c92e5158fe034ed,42,678
question,u20-s006-v004,u20,s006,circumcenter,PENDING_MANUAL,ba16a5871d08be2b94d594dad1ba1d34233fef39da1a91e43441bd02bf7a4f18,42,747
question,u20-s006-v005,u20,s006,circumcenter,PENDING_MANUAL,b37fd8055ff15b95771b49fb57718bd25c456267ac4465cc86f64cdb7367a676,42,680
question,u20-s006-v006,u20,s006,circumcenter,PENDING_MANUAL,d917e58de3f94dd4b059d014055273539a7fab388e473a4776c5ab29600d9229,42,817
question,u20-s006-v007,u20,s006,circumcenter,PENDING_MANUAL,86d507e7e2e0c3e5c6390fcf25908b92facff52a54c2668c25ddd245d092e295,42,973
question,u20-s006-v008,u20,s006,circumcenter,PENDING_MANUAL,9190affb4447049936158d9d774157c50638df85a38ada3c1a6b265134e5630e,42,826
question,u20-s006-v009,u20,s006,circumcenter,PENDING_MANUAL,fe27776fde1fab09c449360fc155b3d52e5856c50c84710485e2efb97fb04f6d,42,775
question,u20-s006-v010,u20,s006,circumcenter,PENDING_MANUAL,4cbae6775f1399545524decea057ae6773d8b5aa7c33102cfff03c5dbe8ed515,43,846
question,u20-s006-v011,u20,s006,circumcenter,PENDING_MANUAL,682ab180f626ff97b41705cbbd23667a756192dd391ebbd1d53a08f00f42acc2,43,835
question,u20-s006-v012,u20,s006,circumcenter,PENDING_MANUAL,7bdd87c2bca6c3c79bf2f40377378229b24417414072544528834b1613269a2a,45,926
question,u20-s006-cr001,u20,s006,circumcenter,PENDING_MANUAL,dc5bae36dea7d649d17d1d29612ce83179dace1b8db00e9b232e3218e3e3268f,40,1060
question,u20-s006-cr002,u20,s006,circumcenter,PENDING_MANUAL,2b22ae0c4fe96a21be987fdbf0b2248cb6650f884c6ddd8d693bf05e20bba81b,38,1065
lecture,u20-s007-lecture-r1,u20,s007,incenter,PENDING_MANUAL,cad20e58fec89597cdd950551d3e069878244b5557983871f890cb54809ed8de,99,1343
question,u20-s007-v001,u20,s007,incenter,PENDING_MANUAL,1c82884c528478157abcff8c0b788cd248e8214f7a368fb0ceaf45f3857b3145,42,669
question,u20-s007-v002,u20,s007,incenter,PENDING_MANUAL,aa1892d438633eb9e39945471d50a0466bfd136769cf25b49f0128bb92842ef3,42,799
question,u20-s007-v003,u20,s007,incenter,PENDING_MANUAL,06f1786c58b8a167de5b9f236f8db57e7ed208be5e8ffe198cf7e61ab8a2a554,42,718
question,u20-s007-v004,u20,s007,incenter,PENDING_MANUAL,b0952930f50987520f8ac32ae9cf480488a8e105387e246b427f1e7f9698a546,42,737
question,u20-s007-v005,u20,s007,incenter,PENDING_MANUAL,198b8a27a22634fcd69f42f2cb3f26a4ccd25e4f6f8e7cd163fba1f0cee642ff,42,795
question,u20-s007-v006,u20,s007,incenter,PENDING_MANUAL,377e2fac8b56e8ef39594fb151f76739c87b81bbe3c80fd05ad55bb8288794e2,42,684
question,u20-s007-v007,u20,s007,incenter,PENDING_MANUAL,0e266666d627c7f992e14ce7e90d360d76dc88dce6c9f6551577839cc0abc9eb,42,771
question,u20-s007-v008,u20,s007,incenter,PENDING_MANUAL,41e0fdf32fdd8b7dab4504b14e6a7d6f7a8f3b4765dcb76a5ad13b4c9d27196c,42,890
question,u20-s007-v009,u20,s007,incenter,PENDING_MANUAL,53cd0074c617bd121cbaf9f3dab29391f71cf45277593d946a2fbda8e3a69ad3,42,753
question,u20-s007-v010,u20,s007,incenter,PENDING_MANUAL,a5eaf851e8e816be6ce07a1be16f54480ab97fff28490222d6f4947c1e8c6d43,43,860
question,u20-s007-v011,u20,s007,incenter,PENDING_MANUAL,74dc72226876419b0955434203d85cfc6c57b3e2207c8d6ca176a70b62a9b281,45,837
question,u20-s007-v012,u20,s007,incenter,PENDING_MANUAL,2231d77d1b640297000376e0e6509283b8ef24e5cd5326d62f278c6717f708c8,43,861
question,u20-s007-cr001,u20,s007,incenter,PENDING_MANUAL,ddcb4c72a0f0372023aef00c65673a345f5feabd9c7809fff5fb85bb4e98f213,38,1056
question,u20-s007-cr002,u20,s007,incenter,PENDING_MANUAL,f71eeeb55e9fd0185aa3ae331f81d23f5c570388f5afa9d117e14503d0b7d359,40,1052
lecture,u20-s008-lecture-r1,u20,s008,centroid,PENDING_MANUAL,7b5e5b58c26e957adb65f928bdeaa1ba0a027659a7ad503bb823a0132d7523cf,99,1290
question,u20-s008-v001,u20,s008,centroid,PENDING_MANUAL,35c3e2432c7eb0e305b7b186720b2d79aab3857411feabaf09adb9aa4a4acfe4,42,666
question,u20-s008-v002,u20,s008,centroid,PENDING_MANUAL,dbbfc89bece79df3b22ac99963848b8ac233e9a7173d44f9e7fccaa1694ac051,42,659
question,u20-s008-v003,u20,s008,centroid,PENDING_MANUAL,7aac47c1a9b77c7c2a568de4d6f02c8f81e6f4cff19a06f242f82577448ab8cf,42,732
question,u20-s008-v004,u20,s008,centroid,PENDING_MANUAL,268d783aa63bc6adc063bfa90941362a7f5b6970236428a11798c7aebb3b6e92,42,763
question,u20-s008-v005,u20,s008,centroid,PENDING_MANUAL,e2ea096e40e4fcdbbdb88a3ce40ea29cfed25558ff4dca7d8381800050ea3b60,42,726
question,u20-s008-v006,u20,s008,centroid,PENDING_MANUAL,90f920bf2dcc798412ff6cbdf897b9bd351038cc4f1440b72c3d3263652191f3,43,694
question,u20-s008-v007,u20,s008,centroid,PENDING_MANUAL,dc8c67a560d6be3e9814efcb7b585ca0f20e5c7a0134b9c5728ddc018fe40655,42,828
question,u20-s008-v008,u20,s008,centroid,PENDING_MANUAL,723aede7fa197e9df7246f623244a72b6cfe9c7dfceb7374a16f02f7dc0bc388,42,754
question,u20-s008-v009,u20,s008,centroid,PENDING_MANUAL,97a409c4b0a65cd44771677b26d2ffbe9fe5c350309dee47c15e66053fcbdc10,42,817
question,u20-s008-v010,u20,s008,centroid,PENDING_MANUAL,e52d7da6774dd7f95949130cdbe3e2c290608d4b1bb80425bbd046d13bcf29b3,43,712
question,u20-s008-v011,u20,s008,centroid,PENDING_MANUAL,add7f9de64ac8859b192e29c5e5d4844b9cf7c8822125c43d76955b6e2e8c6fd,43,826
question,u20-s008-v012,u20,s008,centroid,PENDING_MANUAL,e825123a43bd90e841bc60343e2e2a8df641da677da8b4d7702394e5a03d3299,45,863
question,u20-s008-cr001,u20,s008,centroid,PENDING_MANUAL,a5e08f287b92baec0f41263a820c183c8d104a9e7ac321cc84572e9de28d7bcb,37,1008
question,u20-s008-cr002,u20,s008,centroid,PENDING_MANUAL,c0da1e55b7b1fc79ce1aa9e6699abaa72a4251386020cec61793e126b969b60b,36,996
lecture,u20-s009-lecture-r1,u20,s009,orthocenter-basic,PENDING_MANUAL,dfcf6240e3efc9476d73735d8e75af878c89081960d6a0e2e2e1c6dc948750de,102,1427
question,u20-s009-v001,u20,s009,orthocenter-basic,PENDING_MANUAL,c6cb7cdbb00c71c56454387b9f4e2e91d4b1d2968cd91a257e8a67c802f04d6b,42,711
question,u20-s009-v002,u20,s009,orthocenter-basic,PENDING_MANUAL,e221372097c247378222b3b537f27818acc2418ceffe92eae734dfa2dd07a660,42,707
question,u20-s009-v003,u20,s009,orthocenter-basic,PENDING_MANUAL,5bc8c3288120cfc363b398b66cef1cca9b874b3943837209f6674ed9f20c31ab,42,700
question,u20-s009-v004,u20,s009,orthocenter-basic,PENDING_MANUAL,188f4113e5739f6d792d8d4d77820da2808791d79695d565255a6e9b83437657,42,766
question,u20-s009-v005,u20,s009,orthocenter-basic,PENDING_MANUAL,d19dbf5b154a9101415aefa2685a1379923f2e7bcb3b8cb9e3b8bbc7e55be03d,42,688
question,u20-s009-v006,u20,s009,orthocenter-basic,PENDING_MANUAL,1712c7e182cc6aefeb7b2df16e265681bd9ca4ec4145e09c296db81b5126b07e,42,738
question,u20-s009-v007,u20,s009,orthocenter-basic,PENDING_MANUAL,1081d465bc96fdd1e14003839f57f36fa10178fd9381227078b0a8c3d922d8b3,42,746
question,u20-s009-v008,u20,s009,orthocenter-basic,PENDING_MANUAL,407119dd74d5a34eec22b350796ed1b666031635a499ea8adec7f12c9d91b746,42,784
question,u20-s009-v009,u20,s009,orthocenter-basic,PENDING_MANUAL,40b17ec65d03ebf899e53d8364e89cb41e3ef990f51bce56c6c3ef825b034df2,42,786
question,u20-s009-v010,u20,s009,orthocenter-basic,PENDING_MANUAL,3ae9f8d8cbfaea27b214f8c99984948adabc918681f48d186d31020cdc2dd5dd,45,935
question,u20-s009-v011,u20,s009,orthocenter-basic,PENDING_MANUAL,36e3fc34f67282bb74255f04200e2703de5cacfbe6ff443b6fc98e7d65907d91,43,832
question,u20-s009-v012,u20,s009,orthocenter-basic,PENDING_MANUAL,13d296fbdfb2edd35348d30f71dc58f858915a43622aae03fd9f963ec7fb6a85,45,904
question,u20-s009-cr001,u20,s009,orthocenter-basic,PENDING_MANUAL,615a6ea2582d7f4e47d2ee6601cc280fef1a02cb39621626dd5cf6a71af8bbfa,36,969
question,u20-s009-cr002,u20,s009,orthocenter-basic,PENDING_MANUAL,b4d60cd9eb3fe16058275690121bf285e650e0eb2e2d5fd7efe3d42d227c0a98,36,969
lecture,u20-s010-lecture-r1,u20,s010,circumcenter-property,PENDING_MANUAL,58cab660b26266e1cab941b944c32a208808920ff2a8fa24bfeb29876bb1fe57,105,1463
question,u20-s010-v001,u20,s010,circumcenter-property,PENDING_MANUAL,38636fd3f9848c47dfcaebe519107933f85c66a1ec2eec25ac3136cb16aa9b56,42,716
question,u20-s010-v002,u20,s010,circumcenter-property,PENDING_MANUAL,da2e72fcef7674bf05a51986f652958cb1a87da6acb9ce9ff239f9924c31e9ba,42,806
question,u20-s010-v003,u20,s010,circumcenter-property,PENDING_MANUAL,f591ab3f299ec6637e968d349c7cc048651bfe0f717114928a35721b667c9841,42,707
question,u20-s010-v004,u20,s010,circumcenter-property,PENDING_MANUAL,be6dc0deea76453542c0368f7d9d9525390a938ebdf4d0aabb9c1a1a02e33e3f,42,730
question,u20-s010-v005,u20,s010,circumcenter-property,PENDING_MANUAL,ffe31a215b924f87e1a9eb1ff926a51225d8f02d8f0dd808de2d83feeb87574d,42,764
question,u20-s010-v006,u20,s010,circumcenter-property,PENDING_MANUAL,1bec97684cf99a46e57b18086a4f98477c5d0e6661f1fc1c868d787afd01b144,42,922
question,u20-s010-v007,u20,s010,circumcenter-property,PENDING_MANUAL,8a7ce0a8a790e95c24470ac87186bfa87a2f0635c721804d7375f3065d57d007,42,878
question,u20-s010-v008,u20,s010,circumcenter-property,PENDING_MANUAL,0cae6f2200ceb2c4edf56be45333188b899d4d5722f5938697e51d50e4866347,42,847
question,u20-s010-v009,u20,s010,circumcenter-property,PENDING_MANUAL,aca48f27f2151e73f85a30baed71c0d4db1055297ab92b9db153d513507df955,42,827
question,u20-s010-v010,u20,s010,circumcenter-property,PENDING_MANUAL,fcc56055fbb43c7077d23dc2eb2f1013597208d64c97ccfc8a700e5f750a0691,43,808
question,u20-s010-v011,u20,s010,circumcenter-property,PENDING_MANUAL,5ecf697dc071c0732c48c21543892162acb392e7cbd9479cc15492e478125b2c,43,934
question,u20-s010-v012,u20,s010,circumcenter-property,PENDING_MANUAL,af3b6ad4f964e4d15a4569907313e0017b2f7338506707ac87c156252d67980d,43,894
question,u20-s010-cr001,u20,s010,circumcenter-property,PENDING_MANUAL,1ed98c7d9cf98c4ce9108e9df65028fe0f3b588e49b134d50a791e0310889d9e,34,812
question,u20-s010-cr002,u20,s010,circumcenter-property,PENDING_MANUAL,25ad61b27d17efbe5f94a854f4c2d8d9013fa28b80ea595b7fe8941fe8c6ee60,38,1131
lecture,u20-s011-lecture-r1,u20,s011,incenter-property,PENDING_MANUAL,57c0c82d80f2c6b7a2a26c9ce450bb7d1955fe46e59934a510fd08dc11e003db,105,1502
question,u20-s011-v001,u20,s011,incenter-property,PENDING_MANUAL,4ff39502269285976912eafd78f2f956e2bd34b39b612ae55ba6c29edb6f23b3,42,718
question,u20-s011-v002,u20,s011,incenter-property,PENDING_MANUAL,9e5e8c7e593df83cae727ec27aa31146e159aa9cd06fc998b77a03266b817ac7,42,727
question,u20-s011-v003,u20,s011,incenter-property,PENDING_MANUAL,5e523f38f91b9eaaf03f37c9d6b9f7f109a934b9af6ac20dff195fc3c698c64e,42,700
question,u20-s011-v004,u20,s011,incenter-property,PENDING_MANUAL,c4b2b65a55daa6892d265628a490dea7e7f19b78c13d5b859a4cabb1502c3b31,42,676
question,u20-s011-v005,u20,s011,incenter-property,PENDING_MANUAL,81772b2d370e587f4bc5ca5a3274390464dd44fbde0362afe65114cbdf4bf4ca,42,739
question,u20-s011-v006,u20,s011,incenter-property,PENDING_MANUAL,e7cae29d1509fa25ba4e2f38bfaa032fb40ca12d8ee2a73a2addb0cec0882e9d,42,744
question,u20-s011-v007,u20,s011,incenter-property,PENDING_MANUAL,ea47bb5702bb492dddc585d81576b091eafed0c7075862c08f5443b12019cb25,42,902
question,u20-s011-v008,u20,s011,incenter-property,PENDING_MANUAL,9be1fb09d290ff357c5880e1c712381eb87a179f601669f4664f1fafc4133995,42,678
question,u20-s011-v009,u20,s011,incenter-property,PENDING_MANUAL,868139d4dceeea10d36e06c3c7b13fd536e3d7f0dd4cd3f8cf06e6a78b5bd2fa,42,921
question,u20-s011-v010,u20,s011,incenter-property,PENDING_MANUAL,72d9cc300a5c3e8a8bf3fd780bc54849d4d99dd60a8a8cf245103e664d694188,43,857
question,u20-s011-v011,u20,s011,incenter-property,PENDING_MANUAL,80edf019acda34213caf3cd567640cf07cc6e4af1f1ba9089f8e1ed96f34955d,45,915
question,u20-s011-v012,u20,s011,incenter-property,PENDING_MANUAL,9effc59f4d6aa33ccdeb461238788165cf54b39f0dd05c848c32b640c69d1cab,43,777
question,u20-s011-cr001,u20,s011,incenter-property,PENDING_MANUAL,cbe08333ab75c01c7dc053264218f563a10e6531731a1fee0a19e9851b447e5c,38,1041
question,u20-s011-cr002,u20,s011,incenter-property,PENDING_MANUAL,89e3386ccf60df51b998ea7ab765e86b8b8de57df57b0971af7e71a43e6dbc4f,36,918
lecture,u20-s012-lecture-r1,u20,s012,centroid-property,PENDING_MANUAL,f5d5d51b25b2df8c4be1332ee5da4050a90cd308a28d13643fe072989ce3408b,103,1506
question,u20-s012-v001,u20,s012,centroid-property,PENDING_MANUAL,71ac1d5ebc73058d4128e96aab623616c10ba3fab3a249396dd09262216be045,42,789
question,u20-s012-v002,u20,s012,centroid-property,PENDING_MANUAL,875161352f78c589241c56f50f3944327dc9e4156bd830d24728e2934feaf412,42,695
question,u20-s012-v003,u20,s012,centroid-property,PENDING_MANUAL,e277b176fcecb69eb4c73fdf7c4cfe727533033bc094f7eb3471bcfb6e437a47,42,717
question,u20-s012-v004,u20,s012,centroid-property,PENDING_MANUAL,5848b24cfa4b4210db794ccb40bd748b961e6fb0a6b7b11acbd862c4e14259d7,42,709
question,u20-s012-v005,u20,s012,centroid-property,PENDING_MANUAL,bcb5bc203f555e10d893a39d8dfaf3a404ec76e0521979c17762ae38ad197df7,42,729
question,u20-s012-v006,u20,s012,centroid-property,PENDING_MANUAL,fecb2d1730d59718579d2221c6688c4bd3c0c30cd3a87ecdbc9ea7bc550fe63d,42,810
question,u20-s012-v007,u20,s012,centroid-property,PENDING_MANUAL,3b3fe444abe00b65299628865c4e8e6a11d17e2659d04d96a84f667856d43e1f,42,720
question,u20-s012-v008,u20,s012,centroid-property,PENDING_MANUAL,41f8446dc1e4c9883b3c1a04b37fe4b972fdf4627370d16260a55c735c2c707a,42,730
question,u20-s012-v009,u20,s012,centroid-property,PENDING_MANUAL,d994758fb753406410707fc7ac04392a4644bf626d6bab980f9f26220e28ca78,42,853
question,u20-s012-v010,u20,s012,centroid-property,PENDING_MANUAL,26775461f7d32a4c1bab6b1b23e1fe615f975857c80399929843472a631f8dbf,43,861
question,u20-s012-v011,u20,s012,centroid-property,PENDING_MANUAL,12d49b08cb6f0c1a13b6866d20de739c820d31a603de5c420e1f23a50d5a0a7d,43,796
question,u20-s012-v012,u20,s012,centroid-property,PENDING_MANUAL,8fed6acf95323af9e343a5c9603ff9ad50f75658f3961293d1651af989d097b1,43,938
question,u20-s012-cr001,u20,s012,centroid-property,PENDING_MANUAL,9f129fb22794bf97b7c8cf0f42bc310da807415ada675a890cfc283d2e47f84d,36,853
question,u20-s012-cr002,u20,s012,centroid-property,PENDING_MANUAL,17f9b72a843768393301783b554745a8ba84e65548e96a914b44dcbca30faf66,36,1055
lecture,u20-s013-lecture-r1,u20,s013,orthocenter-identify,PENDING_MANUAL,d648d3f3b48ce109486397ab430146688d4206873e66f46593881c243996c314,102,1547
question,u20-s013-v001,u20,s013,orthocenter-identify,PENDING_MANUAL,40a9e3f9377acf993fadda34265dcf91c65e131fb62c96dd44e93b64fde9f8b4,42,740
question,u20-s013-v002,u20,s013,orthocenter-identify,PENDING_MANUAL,05ed7768d743d394a60abb2026ad0fdb7a3d1e7c651b03143a82fb8ec61f3e23,42,733
question,u20-s013-v003,u20,s013,orthocenter-identify,PENDING_MANUAL,c3da2442032965cf0138563f068869ca76481f4dfea899add41f90fd538b134c,42,654
question,u20-s013-v004,u20,s013,orthocenter-identify,PENDING_MANUAL,bcde6cbf41de5b64105983fd661178a1568a94cefc436007e6059d289146110b,44,786
question,u20-s013-v005,u20,s013,orthocenter-identify,PENDING_MANUAL,b4d7b70b91eff1749fd571a99191a5d1a7a2778e85562f869d4ab42540cd3f77,42,805
question,u20-s013-v006,u20,s013,orthocenter-identify,PENDING_MANUAL,3fcc994533eb26eb0ac97c9c5a53fa73ae8372a41076a30f799c3b0493e86067,42,853
question,u20-s013-v007,u20,s013,orthocenter-identify,PENDING_MANUAL,6cd3db79e9a7867c5763616e19bf01a7fe2366c9e4302d345b4552ab01516206,42,886
question,u20-s013-v008,u20,s013,orthocenter-identify,PENDING_MANUAL,fc4bd6a32531f5641e9e48f1278fa91bb53d0b0e24565154b0a2c4f9d84eb72c,44,753
question,u20-s013-v009,u20,s013,orthocenter-identify,PENDING_MANUAL,abee82d1f514d1a3ef489304c6624082b93fb9a001218c53f6042881613592d9,42,765
question,u20-s013-v010,u20,s013,orthocenter-identify,PENDING_MANUAL,1d950d1a5fc2523f97d6a9a565befbd5554417e8424685eb09726e2a1cded12f,43,869
question,u20-s013-v011,u20,s013,orthocenter-identify,PENDING_MANUAL,69624378ceeadfe222a3b4976a86f9c270ad839c03e023c4048d762510975ab1,43,847
question,u20-s013-v012,u20,s013,orthocenter-identify,PENDING_MANUAL,bca18bbf08d0d57715fb86e627c5699ae7357e0a3e4bc84f460071511625c834,45,934
question,u20-s013-cr001,u20,s013,orthocenter-identify,PENDING_MANUAL,bad9ab3dafeaee5f99e2d69098a2b9aa7494c9c3c893126c4233a78f046ece07,38,1085
question,u20-s013-cr002,u20,s013,orthocenter-identify,PENDING_MANUAL,15567e043502fc0387b347ff5f6000355b280fb05d892cea2a10681ac6a640c8,38,1062
lecture,u20-s014-lecture-r1,u20,s014,triangle-center-word,PENDING_MANUAL,69623602dfd2fe5515aca5734fbe0af6458516587d1993e7a11e15433055c1f9,107,1530
question,u20-s014-v001,u20,s014,triangle-center-word,PENDING_MANUAL,a1f5538eee48a72fcfb1647135d849deb14be65a980a4b69e9505aa88b712f27,42,620
question,u20-s014-v002,u20,s014,triangle-center-word,PENDING_MANUAL,d813c4402aaf23f7a7b39e33e98d22cada38afa4f2fa6f5cd4fba71ca4e60358,42,663
question,u20-s014-v003,u20,s014,triangle-center-word,PENDING_MANUAL,c4ddbd17340173ea4324060e7bea3cf350da97bc5ee6f1bd9d07309181c5bb4c,43,664
question,u20-s014-v004,u20,s014,triangle-center-word,PENDING_MANUAL,b81d6ae0da10a378efc0bcd54ab144eac747ddec21dcafab8ccba81f85f61e3d,43,794
question,u20-s014-v005,u20,s014,triangle-center-word,PENDING_MANUAL,ccf76a23b02bb1e6113ed5ab8178cc88c7818dbf0105ee25288126c5ebbe7aa2,43,683
question,u20-s014-v006,u20,s014,triangle-center-word,PENDING_MANUAL,0400c6ded3ff84683d8c727c67c46387a1a146eef3bdc1299459810ee534a4e0,43,637
question,u20-s014-v007,u20,s014,triangle-center-word,PENDING_MANUAL,3cda4fe4b766f91b8e2f4686fdef95ac3cb4be0e77dcb7226e1fc53c5b0c882d,43,863
question,u20-s014-v008,u20,s014,triangle-center-word,PENDING_MANUAL,3140dcd5681455d982240237134f670a14e15ce75408211364c9a98a4dc3a849,43,801
question,u20-s014-v009,u20,s014,triangle-center-word,PENDING_MANUAL,cdb638f8ca4be305b66037550f5fadfd2e64cd11407a81a237474495d6a33dab,43,782
question,u20-s014-v010,u20,s014,triangle-center-word,PENDING_MANUAL,3cf1b801848fff1b68774e71116c0ba1d50418b941550224fd400b5536c94564,43,840
question,u20-s014-v011,u20,s014,triangle-center-word,PENDING_MANUAL,4f324dca3132939e91af2ac5760392f83c698ae641918fcbf83ade83a00c2d1a,43,854
question,u20-s014-v012,u20,s014,triangle-center-word,PENDING_MANUAL,1e71879369286edf15f5e254ef179ff3f54525e4cf863a63ba6f5095fae4087c,43,939
question,u20-s014-cr001,u20,s014,triangle-center-word,PENDING_MANUAL,4432d2ea9f0ccc1c313fdd0da6a8b68850e1c6606cf0bb18d4589436408841ff,36,908
question,u20-s014-cr002,u20,s014,triangle-center-word,PENDING_MANUAL,5ded65415d04cdfaa45433e8bddbc0a664206917584c7589b74995d053573991,42,1123
lecture,u20-s015-lecture-r1,u20,s015,proof-literacy,PENDING_MANUAL,5a505ab53e3cdce9b6ece8650ff27c2d63a9a4950c281adfdbd4610f42658499,112,1726
question,u20-s015-v001,u20,s015,proof-literacy,PENDING_MANUAL,db512bccb0047678c7a2feb1768c005d4135ba09d00469d713c07f738ea57d34,42,735
question,u20-s015-v002,u20,s015,proof-literacy,PENDING_MANUAL,853565215134b30bd73a6d31c0b3ae5e098d7b56bb9e6c7393c7a81787ce6700,42,722
question,u20-s015-v003,u20,s015,proof-literacy,PENDING_MANUAL,e6244af6160dca7475b74c2f55825257be4b93d42ded251ef810fbfc13230b11,42,803
question,u20-s015-v004,u20,s015,proof-literacy,PENDING_MANUAL,06c57c0a3063c826acd8699626f60595335efa7f208a13b3cc231c47f442e599,46,931
question,u20-s015-v005,u20,s015,proof-literacy,PENDING_MANUAL,d88aab5c9bff61ae354d57b096a368a0d0b68b155a94de655da4396bb62b5ba9,43,832
question,u20-s015-v006,u20,s015,proof-literacy,PENDING_MANUAL,82f3b96b42fb0a014797998bc2618138fb3b8ebd37833a4d36677db850366b0d,43,829
question,u20-s015-v007,u20,s015,proof-literacy,PENDING_MANUAL,1514fab04bab87a8225ff5968ed831c87d9e71a9df6a5c8ce7eded71d9fccdb8,42,799
question,u20-s015-v008,u20,s015,proof-literacy,PENDING_MANUAL,f0af1e1ad72c49ef99dc13cc5b036bb9659cb754534f5742b4e253b164f2ddc8,42,817
question,u20-s015-v009,u20,s015,proof-literacy,PENDING_MANUAL,646af5cddb294aaeed4701966d5ed0f4bebff3b8af065bb1167950b470d9f78b,43,879
question,u20-s015-v010,u20,s015,proof-literacy,PENDING_MANUAL,5861071ff8974cf711aa39f43acf822a081fb1371dbd97516baa7c4c618e4f36,43,897
question,u20-s015-v011,u20,s015,proof-literacy,PENDING_MANUAL,8befed7c534fa5b8c02e627c5d0ab65bbcb0a0aaa29edb77bddb87b051706732,43,885
question,u20-s015-v012,u20,s015,proof-literacy,PENDING_MANUAL,dbe21a3468e81d13ab237fb4ba27814a5a27c554d22d55adc3f81070a9c81521,45,977
question,u20-s015-cr001,u20,s015,proof-literacy,PENDING_MANUAL,08970f265c641236edecf778f1e2934bee446d529fc4c02dfd8b117dee55dd95,44,1005
question,u20-s015-cr002,u20,s015,proof-literacy,PENDING_MANUAL,3f3402a35bf80c0e27c15e56b7213ce7ce7e5783797d21d9b0ba42403707ff7f,38,1202
lecture,u21-s001-lecture-r1,u21,s001,quadratic-function-graph,PENDING_MANUAL,f105f361ce770232c9f8d64e72d00df81b1fe43e9024ab7c82da95e35e8cdbf5,147,2349
question,u21-s001-v001,u21,s001,quadratic-function-graph,PENDING_MANUAL,c9b0135f0bd52fbc03d75e60ec0453f4043c333b58ca9f4f4b11ced82855f758,44,738
question,u21-s001-v002,u21,s001,quadratic-function-graph,PENDING_MANUAL,a59abc6d688cc3a70c7f324e9b2671405c582b94a74a3d259371e4a41a04acbf,44,636
question,u21-s001-v003,u21,s001,quadratic-function-graph,PENDING_MANUAL,569ed064f193bb82deee6b408f5244e18b79ca662e2a6546799966564a89655a,46,739
question,u21-s001-v004,u21,s001,quadratic-function-graph,PENDING_MANUAL,77eeb2f7a0e736d7dd23211549ee8e082c816f750d4255d153931c3efd0a6870,44,704
question,u21-s001-v005,u21,s001,quadratic-function-graph,PENDING_MANUAL,b6d0e0b7d7ca50ecdc0d5a789863c5c7ebbabcb773cfafb73dc460c1ca2167f7,44,759
question,u21-s001-v006,u21,s001,quadratic-function-graph,PENDING_MANUAL,1e06ccd18498423cf51a4937783abf9ba0eace0946fa60419b29f67355c24dcd,44,816
question,u21-s001-v007,u21,s001,quadratic-function-graph,PENDING_MANUAL,94f05d3d15e5052ea5fc20394801662c466da7f6375d438cf1ecc541936f3705,44,740
question,u21-s001-v008,u21,s001,quadratic-function-graph,PENDING_MANUAL,0367c39ed320626ec08806ee16d15c3e1d3d931581d43a802050013e467b0a94,44,741
question,u21-s001-v009,u21,s001,quadratic-function-graph,PENDING_MANUAL,871ed742a112b5a8022cec7a5d351841a2fbbcbd2571db949befe1ea3ad48847,44,751
question,u21-s001-v010,u21,s001,quadratic-function-graph,PENDING_MANUAL,57a739b320a7fd71742060032b92b609393436ed3d91177415ee7849ea21bfd9,45,815
question,u21-s001-v011,u21,s001,quadratic-function-graph,PENDING_MANUAL,eee8f5d8a0b333d947917c6335ad6196aa1a1d7caff45e3638f541bea727851d,45,840
question,u21-s001-v012,u21,s001,quadratic-function-graph,PENDING_MANUAL,7efd767c3e8265a06f51844fe67b41c6222e8617df0935f9e731106b73bf7052,45,939
question,u21-s001-cr001,u21,s001,quadratic-function-graph,PENDING_MANUAL,278a49bd0e6dcb580b6d063cd600531439308ea272185eeb9c5ff46c194a1eb9,43,1033
question,u21-s001-cr002,u21,s001,quadratic-function-graph,PENDING_MANUAL,e7b74dd94a02f2593e97ee2a23ac8db1cc597f49594a99834cb80283819d41da,43,967
lecture,u21-s002-lecture-r1,u21,s002,quadratic-vertex,PENDING_MANUAL,819f612f43b2778819e9b063b027d88be4184e4ca82927a32f3944e17cf6443e,146,2218
question,u21-s002-v001,u21,s002,quadratic-vertex,PENDING_MANUAL,3ce308f978ad6f3c88bf7d00d82a24ddfd65073b10755369eebad3d01acb34c6,46,758
question,u21-s002-v002,u21,s002,quadratic-vertex,PENDING_MANUAL,1debba7cabfab22e2242b736ed54650a8956740b554db2a8d76949606cc137c4,43,654
question,u21-s002-v003,u21,s002,quadratic-vertex,PENDING_MANUAL,bd6beaec2151980987c1b0f36180f2e68ce9f941552010a958e36f4d252f75f6,43,791
question,u21-s002-v004,u21,s002,quadratic-vertex,PENDING_MANUAL,064b8c345c84a1abe3bebcbea414ec46190f175e32b9e9e8b1110568bf582ef5,44,739
question,u21-s002-v005,u21,s002,quadratic-vertex,PENDING_MANUAL,3961fa17ad105a91062928b67764e68ce2358a103727c1bf15a8bf388e569eab,44,708
question,u21-s002-v006,u21,s002,quadratic-vertex,PENDING_MANUAL,3b24d0c519d79140b4ed4c56e3972d334f3d78ef990278db5d5a99b1fbd6af55,43,744
question,u21-s002-v007,u21,s002,quadratic-vertex,PENDING_MANUAL,a806dab0105d949a3bc214533addbb2171336f39d62a35d9cd157b630754987e,44,823
question,u21-s002-v008,u21,s002,quadratic-vertex,PENDING_MANUAL,5862433b0cb353e544fd5f8fcd3d6b96f049000db0d55a49b0b9f0c6a7308bff,44,716
question,u21-s002-v009,u21,s002,quadratic-vertex,PENDING_MANUAL,d5c9136696f9235819b98c4eeb0d8a11c2c2bd3091b2ce9c309b7a67ea44844f,44,767
question,u21-s002-v010,u21,s002,quadratic-vertex,PENDING_MANUAL,eae8c8bbd8f7a3d0dbaca404ec69e67b98a4af3af6f6ac696a5dccae94c9f6a8,45,860
question,u21-s002-v011,u21,s002,quadratic-vertex,PENDING_MANUAL,f412caba6dc1b1d03f8c3a141a850315cf2c2fdb85d81b44a18aac80153b059f,45,881
question,u21-s002-v012,u21,s002,quadratic-vertex,PENDING_MANUAL,93b35bb082eed104216e19bccf7bc29cfa6ebdd31f8e2ed1bda5bfee8ef69927,45,892
question,u21-s002-cr001,u21,s002,quadratic-vertex,PENDING_MANUAL,c3d3b68b22889e88afa0da8a2be45e2fa76ac4efab4207c9aefcff6f3e311494,42,943
question,u21-s002-cr002,u21,s002,quadratic-vertex,PENDING_MANUAL,8f7e3dea58a3fcaf49de9471969e470ae88ba3654e57cd58b50caa9232468dff,43,929
lecture,u21-s003-lecture-r1,u21,s003,quadratic-standard-to-graph,PENDING_MANUAL,7c2b93ea21632eb1c9c6670900b53dffb80d34c910f0077634361c155372af61,146,2232
question,u21-s003-v001,u21,s003,quadratic-standard-to-graph,PENDING_MANUAL,38dc268de779a8b6407c3c7088fdb3608771462f3abf0bfa83aa4310b7f1a024,43,659
question,u21-s003-v002,u21,s003,quadratic-standard-to-graph,PENDING_MANUAL,269d9ea126a3dda19e15463d8b66332cce2e884a38eede300d12ddffd5a26a38,43,665
question,u21-s003-v003,u21,s003,quadratic-standard-to-graph,PENDING_MANUAL,01d5fe3edfe975c660f03c39fe5152998f4c5e7803c00b8628571d0df8b8b81a,44,730
question,u21-s003-v004,u21,s003,quadratic-standard-to-graph,PENDING_MANUAL,0d52fea661e92fb984dc75c7d2d6a64899b2aa54dd5a3da576c3dae4c1b356b4,44,664
question,u21-s003-v005,u21,s003,quadratic-standard-to-graph,PENDING_MANUAL,0c8cf9617d34d4984042fa6ae0d4ac0377f1ad98467dcbd866ac1b937243dbc2,44,712
question,u21-s003-v006,u21,s003,quadratic-standard-to-graph,PENDING_MANUAL,e1782d63998cd683bef3171f3a5d340cef0f702b917aaa02eb8365a70f5b1173,46,773
question,u21-s003-v007,u21,s003,quadratic-standard-to-graph,PENDING_MANUAL,0ac35adacefe9c747e1efaeb4a25f4f7f5df3a6bbb0ba1c5a112a8c292f314c4,44,653
question,u21-s003-v008,u21,s003,quadratic-standard-to-graph,PENDING_MANUAL,d2c7f318f50cda385f45cbeb101d75ff4114c427a27738e43e84983c5436d8fd,44,736
question,u21-s003-v009,u21,s003,quadratic-standard-to-graph,PENDING_MANUAL,974def7c64fe6d4930e3ebdf8d26da7b4b98c70814dd7a30200736f6717e1ba5,44,737
question,u21-s003-v010,u21,s003,quadratic-standard-to-graph,PENDING_MANUAL,922424d272118d4c46bfb5af3ace4a5cd49b64106840a0b90b2df1c16c040d5c,45,875
question,u21-s003-v011,u21,s003,quadratic-standard-to-graph,PENDING_MANUAL,9e58940ee8b498f76729d15937455530f43d62cf8a3042bf231b78c2a71dce9c,45,909
question,u21-s003-v012,u21,s003,quadratic-standard-to-graph,PENDING_MANUAL,accf208b3edea4d09bc4e7edcfbdc23c0ebc672050658faa430068905e39c135,45,823
question,u21-s003-cr001,u21,s003,quadratic-standard-to-graph,PENDING_MANUAL,b2663abcda46c42cf24258f2b13eb5945440464811f3ea58a4472887048fa392,41,1014
question,u21-s003-cr002,u21,s003,quadratic-standard-to-graph,PENDING_MANUAL,6f1a7e790976236120821e1d1ed15706b75f49e149df5a9f6a234efc88a0cc9e,42,935
lecture,u21-s004-lecture-r1,u21,s004,quadratic-graph-forms,PENDING_MANUAL,af7475f2c8e7e3456ecf4a736b10ab78fa21411c76bd274f7d721ff47da11a79,146,2281
question,u21-s004-v001,u21,s004,quadratic-graph-forms,PENDING_MANUAL,8ebaa8437faf14d8a1cb922580c06e664817171e98f4eb26e6ca8b83232ad2d6,43,753
question,u21-s004-v002,u21,s004,quadratic-graph-forms,PENDING_MANUAL,48a5d74fba2b9f761ca40a8324c7a69e8d31fd7d0cee30c2b91e3e590f9d402f,43,631
question,u21-s004-v003,u21,s004,quadratic-graph-forms,PENDING_MANUAL,8b9fb9f0468a8254a35df04c3716367d8392f899e170c1657bc0be397d53131c,43,695
question,u21-s004-v004,u21,s004,quadratic-graph-forms,PENDING_MANUAL,80278dfef989dd32d2331e3101a3f250be1ffb037166d42c0dfb1808ef448744,45,838
question,u21-s004-v005,u21,s004,quadratic-graph-forms,PENDING_MANUAL,4c8c5c14c447af5f1dbe59f6a9ea64c07b67b0719f46a780a30d597ba37d2baa,43,715
question,u21-s004-v006,u21,s004,quadratic-graph-forms,PENDING_MANUAL,6ab9cea38a82c6167f507487f0ba6c759b9160a3aa5134064fdcd65212a59210,44,733
question,u21-s004-v007,u21,s004,quadratic-graph-forms,PENDING_MANUAL,993f25d3311a9e7e140a3bd6d20abe5f2422d3bb23c033a0b70d7285c4cce0d6,44,796
question,u21-s004-v008,u21,s004,quadratic-graph-forms,PENDING_MANUAL,d6e2f2cc9f6a6526f4086c46d20de730ed61870ce192b48de9c9ac64baacbaaa,44,834
question,u21-s004-v009,u21,s004,quadratic-graph-forms,PENDING_MANUAL,b979813aca1509808729e10010103276a965e81325213f71d982d9711afac1c7,44,884
question,u21-s004-v010,u21,s004,quadratic-graph-forms,PENDING_MANUAL,7c9eafddc5a270ecc786c2703a6056d3dc2d78955a373aed08448136c23d764b,45,853
question,u21-s004-v011,u21,s004,quadratic-graph-forms,PENDING_MANUAL,ad687493f2a3041d3b44b8e71321036d879a2ef01d611b5c175bd1f52d2d27c6,46,789
question,u21-s004-v012,u21,s004,quadratic-graph-forms,PENDING_MANUAL,593c81e57e409baae7c1482a91bca9ddb0d087cae1d757b899c35c75fc935308,45,893
question,u21-s004-cr001,u21,s004,quadratic-graph-forms,PENDING_MANUAL,a477079b859bb584bb6428061b557a0b1251056eaa0235e1ee600330e40bf5ee,41,980
question,u21-s004-cr002,u21,s004,quadratic-graph-forms,PENDING_MANUAL,a4cd16c0997c94c71478544e95da7c1bc2a44a6770f80c5ac3fa8e75801b8a95,42,1123
lecture,u21-s005-lecture-r1,u21,s005,quadratic-opening,PENDING_MANUAL,5fa1b91e49b9e17f691808b2ceede2e0f89cc35cb263b672aeaad85f54fd9a74,141,2082
question,u21-s005-v001,u21,s005,quadratic-opening,PENDING_MANUAL,50675fcf753b2b67fa5019224393e6a6669a4b0f24868016f65daad79cbcd3b7,43,631
question,u21-s005-v002,u21,s005,quadratic-opening,PENDING_MANUAL,61e11fe76b28c8111c3edbbaebe220ff7668aab82660241cf2250d2ac918c8ed,43,648
question,u21-s005-v003,u21,s005,quadratic-opening,PENDING_MANUAL,48bd0f3c4a8cd57220fb4de601517eb1fbab30a1815a137a9edb3e02be6c1218,43,647
question,u21-s005-v004,u21,s005,quadratic-opening,PENDING_MANUAL,c5e5ca15f69befd32978579176e3c7b878fd2ec350742df7749b2b575abe2637,45,771
question,u21-s005-v005,u21,s005,quadratic-opening,PENDING_MANUAL,bd15bc72eec7a3ff4adc13c0ecd019ff625c4018c5645e8f2f5b10258015bcee,43,667
question,u21-s005-v006,u21,s005,quadratic-opening,PENDING_MANUAL,2abf4a42f69028e1a1864d6da8617791677806fc4753621a53ba89bf3fbcc7ef,43,739
question,u21-s005-v007,u21,s005,quadratic-opening,PENDING_MANUAL,2b8ea7484a9d493b98b9562a76f07950620605e40cbf9b472fe860101c600ef0,43,704
question,u21-s005-v008,u21,s005,quadratic-opening,PENDING_MANUAL,4be9755e119f4d2b12ebf28b6ae34b2bc0e99c734dc87e2d3b5fbdbd5fca17f7,44,708
question,u21-s005-v009,u21,s005,quadratic-opening,PENDING_MANUAL,c1bf0aea9c1b86a3bd258d4bbf120c5f60d4971af42974bc5ef7f850bbfe91cb,44,758
question,u21-s005-v010,u21,s005,quadratic-opening,PENDING_MANUAL,46bd9b448b6379ff63a4e5826a423a94618227087a5c28bab908582dd7593850,45,856
question,u21-s005-v011,u21,s005,quadratic-opening,PENDING_MANUAL,01d1e239b80ed7fe4d76d49415bc295939f4d1df2cb89eac31378dd56b058b3d,44,877
question,u21-s005-v012,u21,s005,quadratic-opening,PENDING_MANUAL,f02373a8b56f3141a9454f2510317563a76b4586b761e2920d9f975c70603c74,44,887
question,u21-s005-cr001,u21,s005,quadratic-opening,PENDING_MANUAL,59953084230dfedfc6fbefeeda42df75e24f701b5b1ee979914304ef0ed0bf78,41,850
question,u21-s005-cr002,u21,s005,quadratic-opening,PENDING_MANUAL,a9fdebb7d13779f4432bae51fddaa337d11ca46639add3453be8efa687b08a61,41,916
lecture,u21-s006-lecture-r1,u21,s006,quadratic-axis-symmetry,PENDING_MANUAL,d83dd4e9e982e206e0c13a51143c3d07449649375a8796f735b3aaeba275e8a9,150,2141
question,u21-s006-v001,u21,s006,quadratic-axis-symmetry,PENDING_MANUAL,f84bd43dc099799816b650a54e99fe3486a7eeeee563ab9ef39f7703f20276ca,43,651
question,u21-s006-v002,u21,s006,quadratic-axis-symmetry,PENDING_MANUAL,e0655f482e46f191f9fa03dcc98efbb939497602dfed0bc16d522c047201b0c3,43,639
question,u21-s006-v003,u21,s006,quadratic-axis-symmetry,PENDING_MANUAL,9c72ba1825bd6a4fd2f6a1fc0134216bb52641b5d0638d202e9a2e4a6076f031,44,632
question,u21-s006-v004,u21,s006,quadratic-axis-symmetry,PENDING_MANUAL,a6839becc42fe5302461e64a8f704c1e8cd69d425b8a0e58b59e173e3a3bf98c,43,635
question,u21-s006-v005,u21,s006,quadratic-axis-symmetry,PENDING_MANUAL,df5ae5f3a22f458ec623211ec8ee5caa6f19b51f94de2ecf4360b0e16b6cdcdb,43,640
question,u21-s006-v006,u21,s006,quadratic-axis-symmetry,PENDING_MANUAL,963a34d9e50c1bf16469abbfab8cc78bf95e24a06c5fb54e3406dbf7a330760b,43,675
question,u21-s006-v007,u21,s006,quadratic-axis-symmetry,PENDING_MANUAL,0745e0cf19a3671b93ea5aa506328b1930341a2414108d4d18f9ae92be0e7090,43,665
question,u21-s006-v008,u21,s006,quadratic-axis-symmetry,PENDING_MANUAL,33da9c8e539d9926770097b1edab22377d789e4b16e57adad0d5aecd091ede23,43,662
question,u21-s006-v009,u21,s006,quadratic-axis-symmetry,PENDING_MANUAL,803bd9e6a2dcf5fbe9cbeceabd4a8a54c5be9bb36219fc31e5212989f9be01d1,43,672
question,u21-s006-v010,u21,s006,quadratic-axis-symmetry,PENDING_MANUAL,3813efbd930bd6bdf8ac3829083c098be15440f7952eb4e5c828ac90938b8207,45,771
question,u21-s006-v011,u21,s006,quadratic-axis-symmetry,PENDING_MANUAL,ed69fdc1e06c1af5db3c1c45077de1b4ec43c39d112608f8f722627a6194213d,45,799
question,u21-s006-v012,u21,s006,quadratic-axis-symmetry,PENDING_MANUAL,9116591c0d1f3dcc5a54763fae74b0812177ee7eb1a7c62c25f966671ec91bb1,45,793
question,u21-s006-cr001,u21,s006,quadratic-axis-symmetry,PENDING_MANUAL,7a04080b99fc3695a89c294a4c1bde31edb4caded06881de85c1613aa5aa3a81,41,888
question,u21-s006-cr002,u21,s006,quadratic-axis-symmetry,PENDING_MANUAL,2ceeb9c1b88b9f56440219858b2d63acc75e59e13ae3003684c36d41cbbf1b4f,43,896
lecture,u21-s007-lecture-r1,u21,s007,quadratic-vertex-form-basic,PENDING_MANUAL,671354b8c2c0873ea80f47c248b833f8f855596708cce1b9e337ec7e4e22faf9,147,2181
question,u21-s007-v001,u21,s007,quadratic-vertex-form-basic,PENDING_MANUAL,d5411e85910044a04feab95feb04f49118018d58c756f7f488cc5449d50f54de,43,674
question,u21-s007-v002,u21,s007,quadratic-vertex-form-basic,PENDING_MANUAL,fef6eae268d4bdf7afa405950cc4723de7bae8ad4cb3e0de5a9e05e032da8237,43,657
question,u21-s007-v003,u21,s007,quadratic-vertex-form-basic,PENDING_MANUAL,7f4cf590cd287053ecd5e5d1ce6361ca1e3a60c04cc69045bf4bf4d89a6317dc,43,758
question,u21-s007-v004,u21,s007,quadratic-vertex-form-basic,PENDING_MANUAL,d249d9f6fc1f77164b8f42a8c0181bd07d137c8c2f0e15f95a5a337d68b8b32f,43,667
question,u21-s007-v005,u21,s007,quadratic-vertex-form-basic,PENDING_MANUAL,6d39db8384a71cfd0878a9ca1fec1d7e8aa70d8f9dc87b0c266ae560561ff851,43,734
question,u21-s007-v006,u21,s007,quadratic-vertex-form-basic,PENDING_MANUAL,b544ef06ff84dc8ce09a82d5618d04ceae01b18dd1952f01dbce95ad70d497df,43,692
question,u21-s007-v007,u21,s007,quadratic-vertex-form-basic,PENDING_MANUAL,20072dc775e85c814b30c3e4fe8a548eefa157ece08495428158541064fe4b8b,43,664
question,u21-s007-v008,u21,s007,quadratic-vertex-form-basic,PENDING_MANUAL,c7dc0be36c1b9a9aba696293f7ac6aa1dbc7e4e282499660aec0fa5214be7478,43,769
question,u21-s007-v009,u21,s007,quadratic-vertex-form-basic,PENDING_MANUAL,16c4731f1ed5a996bef3f0cf5fbfe6add9d9c77e2747e1b03d6afb434dfe46bb,43,643
question,u21-s007-v010,u21,s007,quadratic-vertex-form-basic,PENDING_MANUAL,1705c9de0a9019feebffab84919987eb205576c33f5f0763b6031d6a81c4ac1b,45,903
question,u21-s007-v011,u21,s007,quadratic-vertex-form-basic,PENDING_MANUAL,f0428a929cd46a12d28ee9653aaadc5264442a234e44cd3a9456e5d1a4715a95,45,872
question,u21-s007-v012,u21,s007,quadratic-vertex-form-basic,PENDING_MANUAL,49e0bdfd033472dc78a95de74de1e8801c534977b0850e6879add664cfc7a3ef,44,759
question,u21-s007-cr001,u21,s007,quadratic-vertex-form-basic,PENDING_MANUAL,76a9fc9642c90af8fba0295c8f7e2c6843bf9b32a472e292c47f78d3bebd508e,42,895
question,u21-s007-cr002,u21,s007,quadratic-vertex-form-basic,PENDING_MANUAL,f03d22860ce1908294a231d6370176d7366022f11eb9ccab1d72ba857619a5bf,45,1000
lecture,u21-s008-lecture-r1,u21,s008,quadratic-table-graph,PENDING_MANUAL,3c903abd0ec5d53f47de0efe9134824117965554817c71fd5027763a17ea1593,143,2105
question,u21-s008-v001,u21,s008,quadratic-table-graph,PENDING_MANUAL,bf170a9e01aad6ab0637e8dab47a016ab74cb7895bd27667121491fdd04094ce,43,727
question,u21-s008-v002,u21,s008,quadratic-table-graph,PENDING_MANUAL,2eeb5a4473455823ab9822b0f269957adf45a838cd5d30503906def317b92097,43,600
question,u21-s008-v003,u21,s008,quadratic-table-graph,PENDING_MANUAL,d3e6e9e746727fb39a611c3861a89c1d3b82bf366a0e17285a44a0c224db8eb0,43,656
question,u21-s008-v004,u21,s008,quadratic-table-graph,PENDING_MANUAL,0920391b3555651f1bc839cce1a48675d3e6a8ed3222369417b88beae7c5ea74,43,674
question,u21-s008-v005,u21,s008,quadratic-table-graph,PENDING_MANUAL,ba68d4da0f791c3b64ad2ff3653d94b9f707b72f6679872e0dd9235d00eae9ed,43,714
question,u21-s008-v006,u21,s008,quadratic-table-graph,PENDING_MANUAL,26808b792dd4d108cec26a73b547e280dce52e8da9a87f71a8067d5f4ab42646,43,792
question,u21-s008-v007,u21,s008,quadratic-table-graph,PENDING_MANUAL,1a3d5300fb18a4eaf512b803f9291a86cf0c3355c573fbd461ea8ad57d24126c,43,848
question,u21-s008-v008,u21,s008,quadratic-table-graph,PENDING_MANUAL,17786dd3d4746233150722ef717e79889ea2e98ce20f45b09ef363c80278aea1,43,787
question,u21-s008-v009,u21,s008,quadratic-table-graph,PENDING_MANUAL,1e1140db3bc0e8184e632c27c7eb5f0cf3f5c4e56d315fd61ca337aab4cb942a,43,820
question,u21-s008-v010,u21,s008,quadratic-table-graph,PENDING_MANUAL,a7d932aed931b732427e181257aadfa11a8dfbf47430f2e05a6517437b27c8e5,44,905
question,u21-s008-v011,u21,s008,quadratic-table-graph,PENDING_MANUAL,86afe2d52989e20b1aaba5a0533af885b76ec25996bb21a5a5a90de1c4f5e9d8,45,788
question,u21-s008-v012,u21,s008,quadratic-table-graph,PENDING_MANUAL,8249b2b2c7b1d8b345664a0ddb20bc3f5fc2ee4a0bb39f58edd38b4592e65bc6,44,924
question,u21-s008-cr001,u21,s008,quadratic-table-graph,PENDING_MANUAL,73a7c6352925f0244b2519bde650d9dedf5d53042599fb034938567b95eab3d1,42,922
question,u21-s008-cr002,u21,s008,quadratic-table-graph,PENDING_MANUAL,afa28755d5d714bfe21c70a815143b1aa1788eb058194ce0051aec2ef966f5a3,42,975
lecture,u21-s009-lecture-r1,u21,s009,quadratic-max-min,PENDING_MANUAL,06d635b11eafca61d11da4ef7c1f8437352803fd9dd810ecbc41bdbcc60d6ee5,148,2256
question,u21-s009-v001,u21,s009,quadratic-max-min,PENDING_MANUAL,c1f39b2cd0f18c7c699b87d9a1a2864c91ab27d716de2abb3477b1fc87ef76cb,43,612
question,u21-s009-v002,u21,s009,quadratic-max-min,PENDING_MANUAL,d3827b507be5ecad1d210dcf0dce2443c190242ec9e759755e31baa135643265,43,623
question,u21-s009-v003,u21,s009,quadratic-max-min,PENDING_MANUAL,818c513b3b0794774a5a1e7f13c2e248fd465517d987b3a156c65c4fe751f77c,43,692
question,u21-s009-v004,u21,s009,quadratic-max-min,PENDING_MANUAL,80570fbdb7bc8a5a3979f7527d81896c56b4ab215621bcaf27ed164fd2377f9e,43,740
question,u21-s009-v005,u21,s009,quadratic-max-min,PENDING_MANUAL,30e621a1e760d4f58c071ea801a9913a46b4eb7682e5c02b49e03c6732ef3cd8,44,685
question,u21-s009-v006,u21,s009,quadratic-max-min,PENDING_MANUAL,ce3096c7ff10846c255968d025795142958c8f2310cd2c8abd21a51de544954c,44,711
question,u21-s009-v007,u21,s009,quadratic-max-min,PENDING_MANUAL,df51fbf20bd229cbe1faeb8c3169c07115477667e318b042de165837f552c3f8,43,610
question,u21-s009-v008,u21,s009,quadratic-max-min,PENDING_MANUAL,6bddcef6cc48e39e461599bf5d3e6abdae432df12ea9bbbb491d296cd56a031e,43,617
question,u21-s009-v009,u21,s009,quadratic-max-min,PENDING_MANUAL,a17553f3fe001b573a011481759c6d70b4cdcf4fd530c5fa57986297aa670166,44,715
question,u21-s009-v010,u21,s009,quadratic-max-min,PENDING_MANUAL,68ffe85c3bf9fbbb7d298f0c06315ab3f83f4efa2de5e555b437f408428b6a45,45,878
question,u21-s009-v011,u21,s009,quadratic-max-min,PENDING_MANUAL,af88edc3de2063bd88539a5bcb309bfae700ae897cdb99725524cca619b16516,45,767
question,u21-s009-v012,u21,s009,quadratic-max-min,PENDING_MANUAL,5e78fbb99a603bf62f070830be1994da03d49bf9cda69aa9ef5177353f72a80a,45,819
question,u21-s009-cr001,u21,s009,quadratic-max-min,PENDING_MANUAL,3a77338a69de72805bb87b2bf61a175261a7494ce9bd797fb9e207619f8b7df6,42,1021
question,u21-s009-cr002,u21,s009,quadratic-max-min,PENDING_MANUAL,e2bd80ed9c99465d22ba09378cf48bf8c700e95f4d752088c5931ac7fadfe437,41,985
lecture,u21-s010-lecture-r1,u21,s010,quadratic-application-area,PENDING_MANUAL,8902cd07d87a2d8745bc7c3748aa1a3153ff1f33d48eb51d9fc223db8b3f6bea,150,2211
question,u21-s010-v001,u21,s010,quadratic-application-area,PENDING_MANUAL,ee3f4a7866901c3a521b8bb07795bf596c807378790e4a4cbd07c97015a37dfe,43,680
question,u21-s010-v002,u21,s010,quadratic-application-area,PENDING_MANUAL,beae01c4fd165b02a5f5d940f29265009e4d4e0ec5f618b7c00c391955bc44a1,43,675
question,u21-s010-v003,u21,s010,quadratic-application-area,PENDING_MANUAL,b95037156f2de6f40aedcf3bfd3e4154c64e4564d884fe3b8146b774535a7458,43,703
question,u21-s010-v004,u21,s010,quadratic-application-area,PENDING_MANUAL,5ea726020969354d3c2051c7ae71e94e8b386ca8feafd39bf669dc523b3968b5,43,690
question,u21-s010-v005,u21,s010,quadratic-application-area,PENDING_MANUAL,79114a80db12112b852cd114fcd7d0baf5eb9cef75838d9631c3941fa3f7d3d7,43,727
question,u21-s010-v006,u21,s010,quadratic-application-area,PENDING_MANUAL,06d79861da50da302c6cebc8d3eb6d3c58ef0900c9f8c022604b3af7cabd31a8,43,694
question,u21-s010-v007,u21,s010,quadratic-application-area,PENDING_MANUAL,466e5f29af32571b088a93a933f904676b3f3df65001c0ce2318fb9e18037741,44,742
question,u21-s010-v008,u21,s010,quadratic-application-area,PENDING_MANUAL,b89e8295d23c72056fa98d83e96f1da0a2029289b0915cb74a601114a69252cb,43,722
question,u21-s010-v009,u21,s010,quadratic-application-area,PENDING_MANUAL,c6da1f7de7294a25b0f28d965c0c4185ce3bcee9250270e36346159c6fe6a507,43,680
question,u21-s010-v010,u21,s010,quadratic-application-area,PENDING_MANUAL,cfeb5b23be7430bd1551561e211e8c0055655bf05b2fde8fd7ea7a3c62a93d4f,45,785
question,u21-s010-v011,u21,s010,quadratic-application-area,PENDING_MANUAL,638bce24d052c4773d40bba04ce7ec0854fac41b201accaf6cd1e5facfafc014,44,823
question,u21-s010-v012,u21,s010,quadratic-application-area,PENDING_MANUAL,5553d4308cdac821390eaa4e0eee3fefb11c22ebe98394b862ffbbedc8bcf32a,45,880
question,u21-s010-cr001,u21,s010,quadratic-application-area,PENDING_MANUAL,2f78f6148bd469f3dd3c6daee585fb291ca8da85aa8465b5b3604d8b12edfb40,46,954
question,u21-s010-cr002,u21,s010,quadratic-application-area,PENDING_MANUAL,5056477e8399d6fdd47434f0369148e88e3e0d99841ced530b43aef1bf0ac7e5,44,1030
lecture,u21-s011-lecture-r1,u21,s011,quadratic-function-literacy,PENDING_MANUAL,dcbfc79b74cf49de4c935ed245707b97923432b3581b390ba53e92db86675213,148,2271
question,u21-s011-v001,u21,s011,quadratic-function-literacy,PENDING_MANUAL,d8bdbb893e801e41cafe3d80fcd431831ac3e7926f5bdd4d7cc9716328d9ca75,43,775
question,u21-s011-v002,u21,s011,quadratic-function-literacy,PENDING_MANUAL,1d24aecfec2c5b96cc2b03535aa50cae75d094f3b6cb7bfd24cf6e5855a47dd7,44,732
question,u21-s011-v003,u21,s011,quadratic-function-literacy,PENDING_MANUAL,6071316d9e23321f9b61f01523e9624bd2093fd074cd0d0eb0404f0e62df208e,44,714
question,u21-s011-v004,u21,s011,quadratic-function-literacy,PENDING_MANUAL,44ced3251c8b7adf3c98e2d850d033aa8843438224d51aaa8efd160556a8f098,43,744
question,u21-s011-v005,u21,s011,quadratic-function-literacy,PENDING_MANUAL,2952d00aa55d8b24cd2e9c2f9ba7d8ea84123ac05d13349018ed2fa1bb2fc1d5,44,832
question,u21-s011-v006,u21,s011,quadratic-function-literacy,PENDING_MANUAL,bb24dd99de0f4246a4535d1153d4b98687600f666a7f70d1424dd220ca628e6f,43,924
question,u21-s011-v007,u21,s011,quadratic-function-literacy,PENDING_MANUAL,4e6df5844829be5ee9a5b70da165cb7195f061966adace81628fe5bae66ed709,43,810
question,u21-s011-v008,u21,s011,quadratic-function-literacy,PENDING_MANUAL,9bc9c9cbedf1a9683c7c3408435bed98fda9272e56f8ceb33b44d41ab44d0fca,43,798
question,u21-s011-v009,u21,s011,quadratic-function-literacy,PENDING_MANUAL,4c505e50f45f7f4e759f3e4d0a5cb44d94e76c07d5a0ebeb8b383dbf8deadf62,44,781
question,u21-s011-v010,u21,s011,quadratic-function-literacy,PENDING_MANUAL,b8e268da032879f2d5b1fefb4c2e1292167bcda834a61bd4bf192b8871ceb08c,44,850
question,u21-s011-v011,u21,s011,quadratic-function-literacy,PENDING_MANUAL,1970bb76da871d7b0b685150fe56b6eb96e794a30d6f27ea3659d268d20f0bce,45,972
question,u21-s011-v012,u21,s011,quadratic-function-literacy,PENDING_MANUAL,30ca16dff8dd233e5c3058e93232020a39952d982a27a2f19e50069ba9533f3b,45,953
question,u21-s011-cr001,u21,s011,quadratic-function-literacy,PENDING_MANUAL,2eadd93a15fffdd762d4f219d25690f7b87e02087c1e521ff83d5b9a96963a47,44,996
question,u21-s011-cr002,u21,s011,quadratic-function-literacy,PENDING_MANUAL,beee802baf2a8177938b4eb634084a85a98a1da06aca29cf9d1a6b5576cc3bd8,42,1123
lecture,u21-s012-lecture-r1,u21,s012,quadratic-shift,PENDING_MANUAL,825b663d05f4db422131c2c4f602f65e9e4ab0ba0f6f23bdb791b67bbfc75b6f,147,2234
question,u21-s012-v001,u21,s012,quadratic-shift,PENDING_MANUAL,3bae11ec6cfdd4628ee6d95e3c11290d20e4b9cef633165b3a8fa85db6fb7fb4,43,690
question,u21-s012-v002,u21,s012,quadratic-shift,PENDING_MANUAL,2698d5f84d02e86ebbe25162917c6e462972de0fdcb07cf551a2b1d503e9f67a,43,705
question,u21-s012-v003,u21,s012,quadratic-shift,PENDING_MANUAL,cb31cb0c63ff6689b748bea3cf32de4786463fefbe92236377eb6037354c0556,43,716
question,u21-s012-v004,u21,s012,quadratic-shift,PENDING_MANUAL,218b08e04ead1a46616787afcbc2ed153ca387cfc28e9ec5d5ee26735fcd6766,43,759
question,u21-s012-v005,u21,s012,quadratic-shift,PENDING_MANUAL,5a7a56adb8cd91a8ec5ac6a9beca9adb166a5241b325eb322f23ef1b216ae993,43,734
question,u21-s012-v006,u21,s012,quadratic-shift,PENDING_MANUAL,bea608aaaf80a6e4077d8a3ce2358bf5e73a01f0627062fe29b37799260938b6,43,713
question,u21-s012-v007,u21,s012,quadratic-shift,PENDING_MANUAL,2bdbab58d38e6312b5390aba2a96264692d327cd55f3a0e383d5f3a00dd5267c,43,780
question,u21-s012-v008,u21,s012,quadratic-shift,PENDING_MANUAL,990ed4e9ae91e71877385bfeac097fe2429dbafefe2b4ef3ea7dd1fd149b83df,43,826
question,u21-s012-v009,u21,s012,quadratic-shift,PENDING_MANUAL,7eda285c3d706a3eb51b9a40b438ed9b0eadcc1d6b4f1a39c950e8d3625276cc,43,748
question,u21-s012-v010,u21,s012,quadratic-shift,PENDING_MANUAL,2238e4911b8e214af9e7b2d669ebf0f82e6d610067a7612e3b2d22211784f333,45,875
question,u21-s012-v011,u21,s012,quadratic-shift,PENDING_MANUAL,c46bd8da4e3209e339099568c56a8d7c64816249befd2f04088e829ebca5ddc4,44,858
question,u21-s012-v012,u21,s012,quadratic-shift,PENDING_MANUAL,a1917835162fadf41bbe78ffe9569abb6b2a935d1477d141367b5597dbf8bf59,47,862
question,u21-s012-cr001,u21,s012,quadratic-shift,PENDING_MANUAL,540c0d389065f4ccad904431528fea86c40e10145a5c8618e24f66c9f1aff2e4,45,1005
question,u21-s012-cr002,u21,s012,quadratic-shift,PENDING_MANUAL,8325d69a41350fcbf3ac7662c2d56b739eb9fb182d022d9100e859efb61637c5,44,1161
lecture,u22-s001-lecture-r1,u22,s001,quartile-calculation,PENDING_MANUAL,550687d9a7efda064fa0d9ddc8d8f5d88e3eecb4195c78f8a79bbed6c5ee0f9a,123,2006
question,u22-s001-v001,u22,s001,quartile-calculation,PENDING_MANUAL,7a4bc2743612bb5edf3ea9ba7f06193f09ba845d17208506e630676472f80570,39,675
question,u22-s001-v002,u22,s001,quartile-calculation,PENDING_MANUAL,eaf162054116cab8db6402ae501c779c425c54d2019ce0a9fd6799cd89bceb28,39,681
question,u22-s001-v003,u22,s001,quartile-calculation,PENDING_MANUAL,c8f576dd5d98a9b302d67f895350f37755d33d77f0a9734116bcd85196797eea,39,725
question,u22-s001-v004,u22,s001,quartile-calculation,PENDING_MANUAL,92a0135d5dba62f60c50ec951946872ebbc65b3c564eeb29573cd0e083ed69c9,40,799
question,u22-s001-v005,u22,s001,quartile-calculation,PENDING_MANUAL,5f97ab0408ee972ff0437001f5dce43d1d831d06011d0bbe1d13e2f6ab7b76db,40,870
question,u22-s001-v006,u22,s001,quartile-calculation,PENDING_MANUAL,f9822884a9932a703e48264bea9ca18f393893216933fe6c8576fb47dd004544,38,710
question,u22-s001-v007,u22,s001,quartile-calculation,PENDING_MANUAL,1af863ead830f27b721c73c1cbb8f513f68f2ce71ca806af402b2aec14d0f787,39,749
question,u22-s001-v008,u22,s001,quartile-calculation,PENDING_MANUAL,4e33756a889422ad445e3ab6bd61d2e650f9baf9a6e7c81458035b83d9c14ce2,40,702
question,u22-s001-v009,u22,s001,quartile-calculation,PENDING_MANUAL,a18498f5a916abb05066ea4f4973175ddf1f88952a03e00e99509bb3154178f3,40,795
question,u22-s001-v010,u22,s001,quartile-calculation,PENDING_MANUAL,7e32e27e61853ee01d9d55d63d6cbe00ac1a4964d1e8eb0f5a55b318c5f9266f,40,861
question,u22-s001-v011,u22,s001,quartile-calculation,PENDING_MANUAL,e2ed6cb6b21004ca1a1a11c07828d999074b092196d1b22916c97ed5f81c2410,40,874
question,u22-s001-v012,u22,s001,quartile-calculation,PENDING_MANUAL,937a78645dd350cde109150334c16b82af666d9c0de10e6ced5f12bc2864b4fb,40,890
question,u22-s001-cr001,u22,s001,quartile-calculation,PENDING_MANUAL,4a80525b87412a9625d22a58bd1b2a9249366cc1deb7d4c2f552124f91b7ec27,39,1114
question,u22-s001-cr002,u22,s001,quartile-calculation,PENDING_MANUAL,71b6141b0a0c1e99828abf22c8b1fc0a7fbf754adb930c9551b803ad0d1f4e76,39,959
lecture,u22-s002-lecture-r1,u22,s002,box-plot,PENDING_MANUAL,cdf02c1cff2396f6aae22bb67ac0cf3f64dce6119f1722b3df6a8fbb90a3a369,126,1852
question,u22-s002-v001,u22,s002,box-plot,PENDING_MANUAL,bdd4c3b16719acf5f63ec463e21c42c9d911bdfd829a7fec60e170850ffcc4bc,38,621
question,u22-s002-v002,u22,s002,box-plot,PENDING_MANUAL,cb9e9b085313be8898a0ae6a8fb40444be5646a049b13aba220fa2565dd5cac4,38,694
question,u22-s002-v003,u22,s002,box-plot,PENDING_MANUAL,7e9aeaa7019866360f1bd9a98801c749551d37cd281cf66cc6bc57c0ef359cf3,37,560
question,u22-s002-v004,u22,s002,box-plot,PENDING_MANUAL,ba9bc7a36020b0043249a8299a11a3d32a46f3c01c40a92391eac0d918fa6105,38,689
question,u22-s002-v005,u22,s002,box-plot,PENDING_MANUAL,b17e97220192413548b62d62c38d6167427a80dd183d6c5f8e91181358e971e4,38,643
question,u22-s002-v006,u22,s002,box-plot,PENDING_MANUAL,63f7519fb621b28b486ec7f1b5673dd6ae755e7be371ea0f039121e745b79629,38,691
question,u22-s002-v007,u22,s002,box-plot,PENDING_MANUAL,5171b536747cb7131053471dc941021bafc75c8da7308039578038dd5878e62d,38,739
question,u22-s002-v008,u22,s002,box-plot,PENDING_MANUAL,4a110bc5c206558253dba69dda4cf1fd625848023f6cc622888bf7fd69b9fc45,38,647
question,u22-s002-v009,u22,s002,box-plot,PENDING_MANUAL,89a45ab7790ccbbb4cff9b2ec64f992963d5d6b85e161866fe4f4f91f00fbd56,38,645
question,u22-s002-v010,u22,s002,box-plot,PENDING_MANUAL,125407b8ac112696ed270a199d755789000ca48920765418f1fa0fa8f2942cec,40,815
question,u22-s002-v011,u22,s002,box-plot,PENDING_MANUAL,08602a25705c9b31361f079127333201e7d5e4db9bc968a1b956795f16be9ccc,40,765
question,u22-s002-v012,u22,s002,box-plot,PENDING_MANUAL,a9b81cfe1c49c25ed6eea656f1b0f0100a1a92b90dca9be22aa9f34e2d375c46,39,698
question,u22-s002-cr001,u22,s002,box-plot,PENDING_MANUAL,424aec6b3cf0d320543f30b9b40a99c283053d04df162ac17e97048e42d56892,41,993
question,u22-s002-cr002,u22,s002,box-plot,PENDING_MANUAL,9bfd8f887ede7b662c333c6387c4b573767c202f8fe820591a0c7ac16d89f277,39,901
lecture,u22-s003-lecture-r1,u22,s003,box-plot-interpret,PENDING_MANUAL,193823ce265deb30fd8d972a3055daa79a8c05953419e7e2c8fe5fe6ccada3b5,116,1769
question,u22-s003-v001,u22,s003,box-plot-interpret,PENDING_MANUAL,0b8987a9d619069d588dbffb4d0b84eea93e633ff29217139ea1d570cea5eb31,38,647
question,u22-s003-v002,u22,s003,box-plot-interpret,PENDING_MANUAL,6a5cebef515b9a45e68fdc82e486faa80a5f010826c234ced34d4c93a4981394,37,689
question,u22-s003-v003,u22,s003,box-plot-interpret,PENDING_MANUAL,b7052bb5a07272d4d730ea23fdf068e2a886eefcd120db406b05f1f461091d36,38,680
question,u22-s003-v004,u22,s003,box-plot-interpret,PENDING_MANUAL,454be399cf6cfdc5dba83f70f87a52b61b733c55bf933a17bdc8867c14d7228d,38,615
question,u22-s003-v005,u22,s003,box-plot-interpret,PENDING_MANUAL,f5b3fb0e1e4d00ad47e51db949d4b9e50153ff032963ebec597e1d129f2d9787,39,717
question,u22-s003-v006,u22,s003,box-plot-interpret,PENDING_MANUAL,2cb9ce6cc00e3e5bdcc4e14d6de0054cc10632e2ffc17304667fda3c830cd693,38,778
question,u22-s003-v007,u22,s003,box-plot-interpret,PENDING_MANUAL,bafa84f69a544aea1b6d649e67ea8698ffbbf0825b7a56335274137095c96dcd,38,701
question,u22-s003-v008,u22,s003,box-plot-interpret,PENDING_MANUAL,cd7e1e357dc6f85bccb81bf3bb7358ea9151186ddccaa22ad03cdd8edcbf8f32,38,707
question,u22-s003-v009,u22,s003,box-plot-interpret,PENDING_MANUAL,e2df85386a6673959f8431d2759ace2fee456f89042049a029f0ffc63cd05ef3,38,724
question,u22-s003-v010,u22,s003,box-plot-interpret,PENDING_MANUAL,fa5517db383976ac15b3816008e84011af6574289be24952c12ad2a4a564e3b4,39,828
question,u22-s003-v011,u22,s003,box-plot-interpret,PENDING_MANUAL,1dd4b6022fd3d0175c4e359d9ce9676e4901cd59eb378e60904ec592fcd8ef99,41,851
question,u22-s003-v012,u22,s003,box-plot-interpret,PENDING_MANUAL,6eb1dcb1355de5160591e9a95d036e2babc22fe49c885fefbaa930e40fdbbe56,40,789
question,u22-s003-cr001,u22,s003,box-plot-interpret,PENDING_MANUAL,9ae1c3c15f1a9cf39a8fef047396b01d4ec05d85288dd51420ffdd495c3db681,39,979
question,u22-s003-cr002,u22,s003,box-plot-interpret,PENDING_MANUAL,3a57476ad0b2cc22b7e7b0af1eb4f159cf13bb4d0118c66699ad75ec93e43412,37,904
lecture,u22-s004-lecture-r1,u22,s004,quartile-position,PENDING_MANUAL,661e874909bb03bec884a1f909033262e6efe1cb230a8e19fe18e226a25d2121,117,1779
question,u22-s004-v001,u22,s004,quartile-position,PENDING_MANUAL,ea828e399b1175e361208fb6c44c52eeb18dd73a69ab37b87b639c78aca7dd74,38,663
question,u22-s004-v002,u22,s004,quartile-position,PENDING_MANUAL,34a81640e724519b362ba48bb8db8d9f73a2a680826deacd8ddb34613c75268c,38,683
question,u22-s004-v003,u22,s004,quartile-position,PENDING_MANUAL,1f102128160a0c4f5b8f8e2f1de469a61211ebd8505bdae36d688a7905df8a90,38,758
question,u22-s004-v004,u22,s004,quartile-position,PENDING_MANUAL,ca632e5391825deb77286a6f9a97fd8ac4a515bb69cd3264c6c5c927c68d6c0c,39,680
question,u22-s004-v005,u22,s004,quartile-position,PENDING_MANUAL,53ce18de45c53537a0b1dcc404ee5a22a552cc82404dec2420ff4cd9597743bd,39,704
question,u22-s004-v006,u22,s004,quartile-position,PENDING_MANUAL,360270e2bdbd7a734cc4235fa058bb7867364ce14d9d157af5bd554fea767a7d,38,712
question,u22-s004-v007,u22,s004,quartile-position,PENDING_MANUAL,8d71b48092a92a5e3dd2d58fcc26455e3a90228271ecb791dc1b7d253d731440,39,749
question,u22-s004-v008,u22,s004,quartile-position,PENDING_MANUAL,d2852548f7dc09a098770eb4f786c28157d5979cd3fb5d2cb5a561227a3b699b,38,794
question,u22-s004-v009,u22,s004,quartile-position,PENDING_MANUAL,37f5ff7e26757199398c8005ab001ef960bee951f32928ac182423078511398a,39,782
question,u22-s004-v010,u22,s004,quartile-position,PENDING_MANUAL,150bef04435fa8a381ef2c7a00f654fbccab5b79ad9f4563c463197ebb32c161,39,912
question,u22-s004-v011,u22,s004,quartile-position,PENDING_MANUAL,5d64166b7a7e14ebabf7b046b096ede4cfd220c84378c9ff4840089684624f63,40,779
question,u22-s004-v012,u22,s004,quartile-position,PENDING_MANUAL,7e77b7505b9254464dd2d45d764d4085552d4ad90eed7ce9e0a6b9cd934a4416,40,823
question,u22-s004-cr001,u22,s004,quartile-position,PENDING_MANUAL,ec05be4137d35c0971041df8312d159960ed73ebe640fa2a475209adc8696920,39,887
question,u22-s004-cr002,u22,s004,quartile-position,PENDING_MANUAL,f925931764845d5571239d9c20dbb97e806b9cf8d4650a4a75741616259616f0,39,871
lecture,u22-s005-lecture-r1,u22,s005,box-plot-components,PENDING_MANUAL,649526fec9afdc659f6daa1150e1ae0774a192615d20dfe89c08d58beeb79826,123,1652
question,u22-s005-v001,u22,s005,box-plot-components,PENDING_MANUAL,58a91791f3486e99e415d446576d81de75a5edf2513ae560a97f00f735799118,37,745
question,u22-s005-v002,u22,s005,box-plot-components,PENDING_MANUAL,01b1043ba4e7f406c38efcc76c3ca3aa7e4bf017b60257030cecbbad96ccc1a2,37,567
question,u22-s005-v003,u22,s005,box-plot-components,PENDING_MANUAL,e49d59db8d96d37c9dfba87f1e541e7315fa120b82c05ebb6d816dca31979a41,37,642
question,u22-s005-v004,u22,s005,box-plot-components,PENDING_MANUAL,79421dd68c343cc783b65450d1ff3f6334b1a0f2b173b39c5afe4e81b8424ddb,37,662
question,u22-s005-v005,u22,s005,box-plot-components,PENDING_MANUAL,d9fefb223640d6d9c3b9fbc244ebd6d175afe151040c08a71a3bc30e58a9b6c6,38,599
question,u22-s005-v006,u22,s005,box-plot-components,PENDING_MANUAL,1b1a0f8c27469c45720c864a2f1ff20c76a523232a166811d9fcd20e572180e7,37,643
question,u22-s005-v007,u22,s005,box-plot-components,PENDING_MANUAL,6214914f19c35995f8a146655cc9aa6bed36e1c61a35070452d9118f86c2eede,39,597
question,u22-s005-v008,u22,s005,box-plot-components,PENDING_MANUAL,3af895c83256ff0ec5986827ad48cfc0b5f851438a7918bb72fae953e8c2b904,39,723
question,u22-s005-v009,u22,s005,box-plot-components,PENDING_MANUAL,9ef723db0304809113046c4fc77031cc87d551d54ae8f425f81276aaa8324df3,38,663
question,u22-s005-v010,u22,s005,box-plot-components,PENDING_MANUAL,d22a5b11a40c3f0a393dd3b8eadf1100966e6c1f6c40f20b4d3817e15a40988b,39,709
question,u22-s005-v011,u22,s005,box-plot-components,PENDING_MANUAL,7a5bb087c1e14abd5b8437e3deca1b06390f7e5b5d667a09485f366373208bde,39,747
question,u22-s005-v012,u22,s005,box-plot-components,PENDING_MANUAL,2c6dd18eec9d436e79b1c760ffd6831a90613ac55e255f73956ea868a9f9f82c,39,826
question,u22-s005-cr001,u22,s005,box-plot-components,PENDING_MANUAL,9d37bf9d41750cc9500be3e07f6fe438c50d41389d22c97d038f2ec666ff97d5,39,836
question,u22-s005-cr002,u22,s005,box-plot-components,PENDING_MANUAL,37879f178355e5ee03d701d6a4d5dc18007a4038cde9934c19ad926b70f0e193,39,843
lecture,u22-s006-lecture-r1,u22,s006,iqr-outlier-basic,PENDING_MANUAL,403f1434e53372cb8bcb6a73d59dd1e88b11ded814578c5fd28941e318feb3f3,125,1818
question,u22-s006-v001,u22,s006,iqr-outlier-basic,PENDING_MANUAL,b7fb67881a992c8d38230089b25c1e0161fb0e4f5cd3d11befdee8a04a135dab,37,534
question,u22-s006-v002,u22,s006,iqr-outlier-basic,PENDING_MANUAL,a851a03876a90ab09245ad2f82abe621afa7e3ad1294c67fb6df2f8fc198dc22,39,604
question,u22-s006-v003,u22,s006,iqr-outlier-basic,PENDING_MANUAL,5475a97cb97132ffae1d0944f9170cd16b77a4c05a0bb1ae34f956714516c6d1,39,763
question,u22-s006-v004,u22,s006,iqr-outlier-basic,PENDING_MANUAL,a69c14b26cc59f69bd71f325d4b7afea4683e373d07d016601499163c0a6ce5f,38,680
question,u22-s006-v005,u22,s006,iqr-outlier-basic,PENDING_MANUAL,8275614ea0ec2e3f3c06aee16b6b83f026baa6e5940cfe315013bf264da3e66e,38,718
question,u22-s006-v006,u22,s006,iqr-outlier-basic,PENDING_MANUAL,dd71d49312e33903c83ef54892cdb64147ba13ac4128b236df05768e799989f1,38,728
question,u22-s006-v007,u22,s006,iqr-outlier-basic,PENDING_MANUAL,438c21a4737f0e9d4f83d7d1f39916f641bafab45389cc3a59a89befee706336,39,732
question,u22-s006-v008,u22,s006,iqr-outlier-basic,PENDING_MANUAL,69d9283fc7d0fbb5423abf7fb5e755bac7427664df3293015d2b565270842d68,38,725
question,u22-s006-v009,u22,s006,iqr-outlier-basic,PENDING_MANUAL,c59589b1687f4b8b968440828aa6256a0e1eee4bc160a27a382c4e051566c8bd,39,729
question,u22-s006-v010,u22,s006,iqr-outlier-basic,PENDING_MANUAL,de73f37ef84e426d05d284ef754c9f01f55e4487fe5e1f760aa3e4051b09f3c5,40,730
question,u22-s006-v011,u22,s006,iqr-outlier-basic,PENDING_MANUAL,14e6ebc10e4db8946c26e6795f082bd04c0067d4f499357dac7bcf210440516b,40,832
question,u22-s006-v012,u22,s006,iqr-outlier-basic,PENDING_MANUAL,dbbdbd560546877e1f49838a9f76419a009cb33bf1d0d341e77c21e708477931,39,919
question,u22-s006-cr001,u22,s006,iqr-outlier-basic,PENDING_MANUAL,e0a849e48ac31a7808798272d8ea81671f894f20c77f8f9f4ea106f3405ec04a,39,892
question,u22-s006-cr002,u22,s006,iqr-outlier-basic,PENDING_MANUAL,5e72109166264041ef99af9d3ebbf8092bfab1d4aa1be8e82a758108e62627a2,39,923
lecture,u22-s007-lecture-r1,u22,s007,ogive-read,PENDING_MANUAL,a1b321871670fb1ae9f612ea7a2e82e78b77841b7052892e68b61ee0a5239832,120,1728
question,u22-s007-v001,u22,s007,ogive-read,PENDING_MANUAL,0d7cbbae06ee6fcb0d3dd476436c714689106e2e47411f981dab31703aefac7d,37,653
question,u22-s007-v002,u22,s007,ogive-read,PENDING_MANUAL,7201cf3b4c4f5bdaffc7110f1c0959df3e7fbf6c3f69840c1f6076003fe2b774,37,624
question,u22-s007-v003,u22,s007,ogive-read,PENDING_MANUAL,ad30f567edc5f894f3a3abea93f1e1b5be70334384a05da1a38471ca8d4d77ab,37,560
question,u22-s007-v004,u22,s007,ogive-read,PENDING_MANUAL,e07d88f0d0b2fea65b81f92a146762b934109462b4c2cccb1ed0bff660ce4bb1,38,718
question,u22-s007-v005,u22,s007,ogive-read,PENDING_MANUAL,234183ba5138fb4c541bb172c409ee15737dee9f93460ac8caa2075b955362ba,39,763
question,u22-s007-v006,u22,s007,ogive-read,PENDING_MANUAL,9d0dd8f3413a30de900561199c16a9eb2ecc189f3ee14501ec4f9c47f2c376d5,38,607
question,u22-s007-v007,u22,s007,ogive-read,PENDING_MANUAL,923b97e21d1e666d38892597bb324a05de8cea33e3b5b81d392f20d21c66ceac,37,676
question,u22-s007-v008,u22,s007,ogive-read,PENDING_MANUAL,f58cac094ad6472efb9a90552c6ad4b9122928e7202179d58a3da29494d2240b,38,729
question,u22-s007-v009,u22,s007,ogive-read,PENDING_MANUAL,fa8fd1644affad57e721ce0bb08ae864873fc8b9bc1ca1cd3505d0251983603e,38,831
question,u22-s007-v010,u22,s007,ogive-read,PENDING_MANUAL,77f185e9269761243eb29816b7332c553610c3bc065b68e6e100761172a45f6f,39,691
question,u22-s007-v011,u22,s007,ogive-read,PENDING_MANUAL,d9b96eac9c76bd00ffeac8ba69ead234ed9ef4f44a8e352cd56550f403524c7e,41,839
question,u22-s007-v012,u22,s007,ogive-read,PENDING_MANUAL,f8929259bcb90584555928ae5784b8826a608f5d55ba1f19a6b285a8e2d5507e,39,928
question,u22-s007-cr001,u22,s007,ogive-read,PENDING_MANUAL,dcab93eeb7d224d6a0f81b4344bfa98a0afc1a44cd46b15d7b09526510b4aed1,39,1089
question,u22-s007-cr002,u22,s007,ogive-read,PENDING_MANUAL,ab8e03e9075afc0d46f5e0ac6dbe9d3b2832686fa27925190d6b9de5452191c3,41,1178
lecture,u22-s008-lecture-r1,u22,s008,range-iqr-compare,PENDING_MANUAL,6deac00e93e011ad50d56a9b983978625e5a3566609f9283ae2106e6cae1acee,118,1647
question,u22-s008-v001,u22,s008,range-iqr-compare,PENDING_MANUAL,b0e998ec4f8aead0c7c38988087381840c661b65d8a01606ede46af2e4ded12c,37,555
question,u22-s008-v002,u22,s008,range-iqr-compare,PENDING_MANUAL,e89c6696c7abb14d48c03493fcf234e7ee74b3b823abb8d2fa8ea40b5e7dfb6a,37,526
question,u22-s008-v003,u22,s008,range-iqr-compare,PENDING_MANUAL,cc8c93bc0e7326936d444771674294d449521f1d3e3af24a009a649bbdd398d2,37,619
question,u22-s008-v004,u22,s008,range-iqr-compare,PENDING_MANUAL,d32f6200f0336c67973978ca4c7f0241bd3792d4973158f6aea65f2730da4aec,39,686
question,u22-s008-v005,u22,s008,range-iqr-compare,PENDING_MANUAL,f90aa819ce2fa6d776acca64de7e9fdb77ab0850bcb39647a6648b61eed23127,38,670
question,u22-s008-v006,u22,s008,range-iqr-compare,PENDING_MANUAL,4ec7e07657d0667eb453d4ba25760bfa514b22f6b9699bf1af6ca62198b1c089,37,687
question,u22-s008-v007,u22,s008,range-iqr-compare,PENDING_MANUAL,000d1e46399de0808bd4904dbf299ea93a4657685fd7316c1c2b8abaa0c4b9bd,37,608
question,u22-s008-v008,u22,s008,range-iqr-compare,PENDING_MANUAL,5f0b192e75c88a7692f3c73f356d946523c4026aa3c09fc6e9a3ead98807563a,39,734
question,u22-s008-v009,u22,s008,range-iqr-compare,PENDING_MANUAL,2205919d7a9d0c69cca0bd120d3b6af5cce3490233b19ecd219d4e77b81a715c,38,816
question,u22-s008-v010,u22,s008,range-iqr-compare,PENDING_MANUAL,36121489b1d43ddf950f5815dbc3c383cac5d2382dfc0363df392f40f8702f98,39,834
question,u22-s008-v011,u22,s008,range-iqr-compare,PENDING_MANUAL,a5849c1609eb6622fb44d9c822fb9f8e848e0654a71fa2502f6fe6289bc99c53,40,826
question,u22-s008-v012,u22,s008,range-iqr-compare,PENDING_MANUAL,6002492c6b5eb3522b58bd2fa09cbaa92f288515033256c8267712d67f994782,39,785
question,u22-s008-cr001,u22,s008,range-iqr-compare,PENDING_MANUAL,f7cc7af6fb525599119e475935c98251a253938958a4df99e427a7068a4f12b8,39,999
question,u22-s008-cr002,u22,s008,range-iqr-compare,PENDING_MANUAL,68d9e480231a25cc12ab375574064855296dfb469b6f7ef6e61edd809be67a8d,39,969
lecture,u22-s009-lecture-r1,u22,s009,box-plot-compare,PENDING_MANUAL,3dc1299deadf02222bafc52126e9d069de02962d603d98e45f4bd59ca145d025,123,1763
question,u22-s009-v001,u22,s009,box-plot-compare,PENDING_MANUAL,5253db6958a2eccf52fcef4ebe48836fb91357a60f6cc51b0a853a53af763d8b,38,623
question,u22-s009-v002,u22,s009,box-plot-compare,PENDING_MANUAL,975dd7633aaeb31911a4cbb95662411869e8b8afdad7f838b4a15e270e391688,37,579
question,u22-s009-v003,u22,s009,box-plot-compare,PENDING_MANUAL,3d33416a12a8421c6803d6ab49376a1002e1bff69a2c786cec86592c880fa733,37,555
question,u22-s009-v004,u22,s009,box-plot-compare,PENDING_MANUAL,650ccf83492244aef2ca2c08ba4bc93a88e0acd29fb57a83cdee7d5ab9627030,37,731
question,u22-s009-v005,u22,s009,box-plot-compare,PENDING_MANUAL,6e88bd0bb52ddb803107bbf181fc15fa24338ec9a63e6ccf6fd1c66f5168132e,37,658
question,u22-s009-v006,u22,s009,box-plot-compare,PENDING_MANUAL,ee3925e760336bcbc260a1d1ee37d1551ddf0d677d1d0ad73b31a3f7e09d7f52,38,727
question,u22-s009-v007,u22,s009,box-plot-compare,PENDING_MANUAL,0b615e898e5e6350e7dc6bf56c2bd9ecf25784be33974ca24b8c6c42389781ac,39,722
question,u22-s009-v008,u22,s009,box-plot-compare,PENDING_MANUAL,1485b0f00a3c1e39a80b1bed6b23ac560bf9ce412b9071603ed3e5b0ae8c2d8e,37,666
question,u22-s009-v009,u22,s009,box-plot-compare,PENDING_MANUAL,5c4003d0fa612c5205b8cf21c5b53c882dcdd513f40b2faa17d05f083ff8e1da,38,661
question,u22-s009-v010,u22,s009,box-plot-compare,PENDING_MANUAL,7547c3574ed046dbf645b951edb028d3133627d072a65c18ce4a39b7d049f0e0,42,804
question,u22-s009-v011,u22,s009,box-plot-compare,PENDING_MANUAL,e5485b09a8c3d95b192b4d7a5b4cd10b0a46c3f7a6c63cf00b461453c099788b,39,786
question,u22-s009-v012,u22,s009,box-plot-compare,PENDING_MANUAL,674dd97508886074b872fbc5e5e3bb44214e3672b6d3a4d267ac9f4df2c798f2,40,798
question,u22-s009-cr001,u22,s009,box-plot-compare,PENDING_MANUAL,a7ad8aa313530006a064b707301d5b143e69e38d2507db72a1cd341f8a54ccba,43,1068
question,u22-s009-cr002,u22,s009,box-plot-compare,PENDING_MANUAL,de08e63c69daeba523d5a5f16b73b86299d0da3a6e9f570d5cecd9bb2b244171,39,1079
lecture,u22-s010-lecture-r1,u22,s010,probability-basic,PENDING_MANUAL,65bf2e2b95ed5333c5f69b139c78d18e16fd0633877db4d868ab079af20a6196,122,1714
question,u22-s010-v001,u22,s010,probability-basic,PENDING_MANUAL,be928c559b1d57430c848df4068ea94d43fd1e0dfdda37d85c96fbe42f73a0d7,39,629
question,u22-s010-v002,u22,s010,probability-basic,PENDING_MANUAL,8e52633ac71e7fe330b9e3fcff766e8f85cf4de339fabce842fb1fbc8281931f,38,639
question,u22-s010-v003,u22,s010,probability-basic,PENDING_MANUAL,2fbf79fc23f44446a9ff922a5ee9d9018a42062cd3b6f9443107e899fe4d3f25,38,604
question,u22-s010-v004,u22,s010,probability-basic,PENDING_MANUAL,1a182bd4d020a3f601e4206b02a0253468704a629beca6fbf24563c00e48b9a8,39,748
question,u22-s010-v005,u22,s010,probability-basic,PENDING_MANUAL,6ad52ec291c76639948d540ab1279db22df6b0e18519ff4e4709e7d4abf34900,39,640
question,u22-s010-v006,u22,s010,probability-basic,PENDING_MANUAL,6b1269fb37b0b617fd645f722db0ab17772e2dd6d3f0852a6385ac369a427e66,38,644
question,u22-s010-v007,u22,s010,probability-basic,PENDING_MANUAL,0e83f8ace6023792e927d3e1c5bc2a29a0db4e7a4a16af156b482a74bf54e55c,39,772
question,u22-s010-v008,u22,s010,probability-basic,PENDING_MANUAL,9e4aa2645eb4393e081be9d2123266174564895fc53b5836937908edd63a59eb,38,642
question,u22-s010-v009,u22,s010,probability-basic,PENDING_MANUAL,c3ff1f3fbcc86b4c5ef04ffa3bf5ae4be738340c7727fa10a3d491a93e945ac9,39,655
question,u22-s010-v010,u22,s010,probability-basic,PENDING_MANUAL,825c9421287d1df70367114c0155ca7f0cf3f5178fab942a6d6482e130848c2b,40,663
question,u22-s010-v011,u22,s010,probability-basic,PENDING_MANUAL,31f009a33eeda1a93003419c659376e2d37baa2b6fd9cd640cc1aa481636e87f,39,705
question,u22-s010-v012,u22,s010,probability-basic,PENDING_MANUAL,443517a0062d5122136c9df19958da343c430861f52b6a9d569310d8ab6324a2,41,827
question,u22-s010-cr001,u22,s010,probability-basic,PENDING_MANUAL,66f75ee66e302be6e66fd3e6b532933da6e3ebf21ce2332c0f6049b50d1854de,39,894
question,u22-s010-cr002,u22,s010,probability-basic,PENDING_MANUAL,8d287897a3d13a75f92090e2b127d5705a4d582a2ee9249301feb1c494b88eff,39,804
lecture,u22-s011-lecture-r1,u22,s011,probability-complement,PENDING_MANUAL,9d796de1dd3ab85f763fa9e5292b8dca5c771b4c0a7e36fecd0a8e4f67f14426,116,1661
question,u22-s011-v001,u22,s011,probability-complement,PENDING_MANUAL,2533ec3766ac1fab1c52737b18704b2abb203aacc00aca2c15988dd97269ebf3,37,588
question,u22-s011-v002,u22,s011,probability-complement,PENDING_MANUAL,7528d294cb51a2fab2db5e579c7dbf5f50dd29b296eb185c43678a9cd040f5d6,38,587
question,u22-s011-v003,u22,s011,probability-complement,PENDING_MANUAL,96a0b9a19dad9dcb1238572b27c01ca46f7d446e42e0833e4dde51caa68e09c6,38,603
question,u22-s011-v004,u22,s011,probability-complement,PENDING_MANUAL,2396afb7ac31245f5777eb64c8f0ed5b17f7fd96742dd9a7407abc3b1ec5b27d,37,657
question,u22-s011-v005,u22,s011,probability-complement,PENDING_MANUAL,c3647ac0541aa2491734c1f5ccc92e7e824c48ad7b66eabf23bb4d1877f4531a,39,662
question,u22-s011-v006,u22,s011,probability-complement,PENDING_MANUAL,ab45ec97668111525fd60411907885e995e3748d435b587fd576613a16761e9a,38,614
question,u22-s011-v007,u22,s011,probability-complement,PENDING_MANUAL,37f77c7730836f4dd55062034bfe7482f1d03929ca53b1964294eafd46273cf5,39,652
question,u22-s011-v008,u22,s011,probability-complement,PENDING_MANUAL,8104ed0a8356e8d0eac48794446e6540ad59312613b5e6fda0a4f6ffab3bea51,39,747
question,u22-s011-v009,u22,s011,probability-complement,PENDING_MANUAL,969a7b5b34fb0b5c76269158d059e8772f0d455c7fe85a8d0039826e249ca6e3,38,616
question,u22-s011-v010,u22,s011,probability-complement,PENDING_MANUAL,240b5a195282fd54abcfa8e9ec0c8924e67a8de952a6b56017139e5a3f5b4f9e,39,718
question,u22-s011-v011,u22,s011,probability-complement,PENDING_MANUAL,5a94652ca5aa5b511505dba58bd0a0f2a41a058e722995ba895bb2085f992214,39,706
question,u22-s011-v012,u22,s011,probability-complement,PENDING_MANUAL,b5308810ac03cf6cad27dddfbac97c041cfb467b52118c4b79f566c8b07a57b6,39,729
question,u22-s011-cr001,u22,s011,probability-complement,PENDING_MANUAL,15f4abb37106744736641addff9849bc16048be119d7371ba6aad2db6ef23ac2,37,827
question,u22-s011-cr002,u22,s011,probability-complement,PENDING_MANUAL,f78893dd50f8041c52da3d1b1c1a691fa3a9e74e7cbd4dc8fef5b05b82d4d879,39,846
lecture,u22-s012-lecture-r1,u22,s012,probability-tree-basic,PENDING_MANUAL,6e1b548d227cbe0794612f0f6ccc9da7a31fa36b0467fb5903477c99b27270a6,125,1719
question,u22-s012-v001,u22,s012,probability-tree-basic,PENDING_MANUAL,677b82185399300be13bff0e603566fecc7713975dd874df73b803bed8ee323d,38,584
question,u22-s012-v002,u22,s012,probability-tree-basic,PENDING_MANUAL,789fbad25de67d7b9f8f8cf9395efae1d2d18b547d2a4b8d30286e2c2192a037,39,594
question,u22-s012-v003,u22,s012,probability-tree-basic,PENDING_MANUAL,a3adf82cb4e1d2afc666ec9acc1860f9291e399d1d91146b1d0a74338e217e3c,37,638
question,u22-s012-v004,u22,s012,probability-tree-basic,PENDING_MANUAL,596e12a1c906cf53fca39a9c13ee47c7bb6c0d14b069d160cfba595222960590,38,649
question,u22-s012-v005,u22,s012,probability-tree-basic,PENDING_MANUAL,606fcd2733e29e3f91cf15ed0a3cb4e85057b6ec20e1cb363b3c89c0d2164633,39,640
question,u22-s012-v006,u22,s012,probability-tree-basic,PENDING_MANUAL,dcb81ed79edc7fe785e7be29927cac893cee7d24540b206b588735f475321310,38,633
question,u22-s012-v007,u22,s012,probability-tree-basic,PENDING_MANUAL,3503372c0f839b5881f26ef833b738be0f787a2a4f301164ac592302cddbef4e,38,626
question,u22-s012-v008,u22,s012,probability-tree-basic,PENDING_MANUAL,4f840c5d5a49deae5bc1c09db56bfd812d9e8bb58655a308d9a686f9a7c7f204,38,637
question,u22-s012-v009,u22,s012,probability-tree-basic,PENDING_MANUAL,1adc1dd3f65556fea1fb4a9e92b1e01714dc0bc91084e4bfd76dbcbe05a1cbb4,38,633
question,u22-s012-v010,u22,s012,probability-tree-basic,PENDING_MANUAL,37093b3e6e22a1af329a2af45cca77f962f444c95659ee8701bf064df64bc46f,40,642
question,u22-s012-v011,u22,s012,probability-tree-basic,PENDING_MANUAL,5fc0bc49d57257a342260bf8b1ad77d88c996e876f7b9690fa348950f1f442c2,40,674
question,u22-s012-v012,u22,s012,probability-tree-basic,PENDING_MANUAL,e8990466842e8b1b94e1cb8aaf3c9d7b722178f3906b7e5e938910de6446c3ab,42,847
question,u22-s012-cr001,u22,s012,probability-tree-basic,PENDING_MANUAL,fd4e33fb0434dc32a5db3f024b8226330e5a5eb63f63de52839a55b518b93606,41,935
question,u22-s012-cr002,u22,s012,probability-tree-basic,PENDING_MANUAL,5f83464d7e3bf25d821f372c5be4c68162f960436f01fd3a37d640f15aa692da,41,961
lecture,u22-s013-lecture-r1,u22,s013,probability-sample-space,PENDING_MANUAL,a437b3ec412a056a4215e610db8c17813c937ff4ab0cc5a218d0546a950b02f1,119,1676
question,u22-s013-v001,u22,s013,probability-sample-space,PENDING_MANUAL,15a391c342f22ee3eef8ac5b3b62037afba898c97974cd84f3b5c9cc0b50653a,37,630
question,u22-s013-v002,u22,s013,probability-sample-space,PENDING_MANUAL,5beeac43c065e151c72b2e0ce07ab6e454d4ce13973acb572866af244db0237d,39,589
question,u22-s013-v003,u22,s013,probability-sample-space,PENDING_MANUAL,5f77bb29698acbba587e4c60bc25b15e30fb40a2a8ef8e489fa923e222c1529e,37,612
question,u22-s013-v004,u22,s013,probability-sample-space,PENDING_MANUAL,78cb66aa7b74395b783956437c9e336515eb7bc5c4097422e6c0a330a4db13d1,38,713
question,u22-s013-v005,u22,s013,probability-sample-space,PENDING_MANUAL,ccb2dfa4ee99783a467d33d427f3d59d3492f68832298dde32b6f91c0117cba3,39,635
question,u22-s013-v006,u22,s013,probability-sample-space,PENDING_MANUAL,f3af4e98cc306eafd4cf23c8761239122f8c00a0c85cb78028ab2a2b88602947,39,625
question,u22-s013-v007,u22,s013,probability-sample-space,PENDING_MANUAL,21aae26c6595591ebc33bc827a4a4654d5d6bfcbd9d9c6521cb44938ae1482a8,38,651
question,u22-s013-v008,u22,s013,probability-sample-space,PENDING_MANUAL,e0a660e92c317266fccdcc49eec24949be76fc9a1223c9ef4ee66b02112df709,38,783
question,u22-s013-v009,u22,s013,probability-sample-space,PENDING_MANUAL,7653f2b2da4b614e858f637b45243bc96fb3ef0db0dca2060127868830baea7d,38,727
question,u22-s013-v010,u22,s013,probability-sample-space,PENDING_MANUAL,adee7d88bd8a945c1cc68f47c23275b751ffbf2a8a78c88ecdfa4226c1c4a6ee,40,696
question,u22-s013-v011,u22,s013,probability-sample-space,PENDING_MANUAL,912a454954532bb34c46be147966baa91176d8469cee3ade91ac0af98f4bb60b,39,701
question,u22-s013-v012,u22,s013,probability-sample-space,PENDING_MANUAL,05713ff9b4ba19dcfc6c6201fd6f8e0bed46373b2a6232783bcfd617d9f0a063,40,710
question,u22-s013-cr001,u22,s013,probability-sample-space,PENDING_MANUAL,3f00aa9ec7062783c52e59ead6481503712a47ca6339c0d47fd8f2378894ba84,39,952
question,u22-s013-cr002,u22,s013,probability-sample-space,PENDING_MANUAL,c82500c1b8dcd6d7b8460244d85c0ce78ddbca54f992e2ae8b04c093e748b6c4,39,972
lecture,u22-s014-lecture-r1,u22,s014,probability-equally-likely,PENDING_MANUAL,260bfbdbb6829ec2ebb485f99d7803bb841d5770c0a3c8634bbf0a1816b2dd3b,120,1716
question,u22-s014-v001,u22,s014,probability-equally-likely,PENDING_MANUAL,643129d6432fc51d8e7b5ee6c16f0131116cdac8b3dd7bdeab86139e1c68bc9b,37,652
question,u22-s014-v002,u22,s014,probability-equally-likely,PENDING_MANUAL,44e9c2aa368ac9859531ecd975bdacc3598390b9e7b7f18e389a8e07d1ad4e23,37,686
question,u22-s014-v003,u22,s014,probability-equally-likely,PENDING_MANUAL,0fb7f29db95d0e532e88e795e2c74109098e426bb4f73dde0c435dbf519012cf,38,696
question,u22-s014-v004,u22,s014,probability-equally-likely,PENDING_MANUAL,47682188f3df1b83b5359116a4c90fb99f8f662668ee4e673a7853e822891c04,38,680
question,u22-s014-v005,u22,s014,probability-equally-likely,PENDING_MANUAL,e1b6dae684e1a7efcb9f2e189b0229f0cf959198033ea8e4ea00414d387abba7,38,778
question,u22-s014-v006,u22,s014,probability-equally-likely,PENDING_MANUAL,f65997acab6eec485c058d0fd6e952802578abf4ac129affbb1122b211875afe,37,748
question,u22-s014-v007,u22,s014,probability-equally-likely,PENDING_MANUAL,0f9c17671310b86e30784c413ebb21b8f3e38bd440e330801eb9563ba2869133,37,677
question,u22-s014-v008,u22,s014,probability-equally-likely,PENDING_MANUAL,a332c92b8a03672bdc0d03595d8e3f023a8d32beb3237e6c4b955b6c845302cd,37,674
question,u22-s014-v009,u22,s014,probability-equally-likely,PENDING_MANUAL,9538262e1e3a1da94bf8fa5cbcc91a43d45d6a71163c843cf612fd37b4c224a7,38,721
question,u22-s014-v010,u22,s014,probability-equally-likely,PENDING_MANUAL,92c2377af5c32f2ac630db9393adf02bc14d6b658aad0e40c3f75e91f9bc5af0,39,829
question,u22-s014-v011,u22,s014,probability-equally-likely,PENDING_MANUAL,2900ecec231863cb7764338160cd5cb71cfe778ff829abe819cc57b9434e10e7,39,790
question,u22-s014-v012,u22,s014,probability-equally-likely,PENDING_MANUAL,1d2102e4f38abe29ba084a3b7d806224ea64e023f2271050677a61c7fba13c3d,39,858
question,u22-s014-cr001,u22,s014,probability-equally-likely,PENDING_MANUAL,52cc254853671bf644f98e8eff6ec3e53b2cbdf21155e3f86a39a211add2710e,39,857
question,u22-s014-cr002,u22,s014,probability-equally-likely,PENDING_MANUAL,29eb8c3707f42b9ae4df21fae96446692628fb18d5f27f1ac7ee1b1749484128,37,903
lecture,u22-s015-lecture-r1,u22,s015,probability-two-stage,PENDING_MANUAL,9ca3cd5b8f0b7b8f3f09de54890e82627b4f00e33accebafdfda4154100e60fe,122,1751
question,u22-s015-v001,u22,s015,probability-two-stage,PENDING_MANUAL,5bfe286b467627641e8fbe75687bcc515b93f489a849c859b5fb5575956f67f2,39,630
question,u22-s015-v002,u22,s015,probability-two-stage,PENDING_MANUAL,bede8d99fec13ba2d2dde2ac76bdbe4780ad10462ba197593bee7ff388bb8bbf,39,643
question,u22-s015-v003,u22,s015,probability-two-stage,PENDING_MANUAL,3cc2001e9e81396f402bf32d44c32f12b65f454de704860b5481ba9be3a5707b,39,661
question,u22-s015-v004,u22,s015,probability-two-stage,PENDING_MANUAL,150aa4ace811b0721846cf96953baefd860142b67415882b7a18acc339cf4f2c,39,607
question,u22-s015-v005,u22,s015,probability-two-stage,PENDING_MANUAL,9109e12396b13530dd1df839f25a30adf88e9f628088aa636d58e87875315d27,38,632
question,u22-s015-v006,u22,s015,probability-two-stage,PENDING_MANUAL,7565889b8c4239868edf61457763949e871bc1f68f2d5fb05eaa6ee45ab7593f,38,687
question,u22-s015-v007,u22,s015,probability-two-stage,PENDING_MANUAL,448af5516aaf451a30e2dae285fab4dd52bdf9a5c56e338ceb5bf9076f99bf64,38,707
question,u22-s015-v008,u22,s015,probability-two-stage,PENDING_MANUAL,de75ec60df48a8cb74b75385398abce29d963ce65d75117a107a36d19851579e,38,716
question,u22-s015-v009,u22,s015,probability-two-stage,PENDING_MANUAL,fd634909b2219d902cdec5602e41352d8eb6d59a066c7d9d8c10e25430fdfe87,38,659
question,u22-s015-v010,u22,s015,probability-two-stage,PENDING_MANUAL,449b0803697bff8276b2dfcbf365dd1bc7f80c3e88c8d25b31d05fc09c8907c8,40,715
question,u22-s015-v011,u22,s015,probability-two-stage,PENDING_MANUAL,72d1465981fd4b44d27a3c42d463c9ae222cdff61fe4c7f6738ab07bb0e4308a,40,821
question,u22-s015-v012,u22,s015,probability-two-stage,PENDING_MANUAL,a3bc3647e2e3914ccf2d3cbee2a4b54ca807f0eb92eba00564096c86085d000b,38,706
question,u22-s015-cr001,u22,s015,probability-two-stage,PENDING_MANUAL,3e7b00a61ff30b21c18c6bcd024308b0081d5bb4e49c040a030c2b54eaa90961,41,993
question,u22-s015-cr002,u22,s015,probability-two-stage,PENDING_MANUAL,550aef7c9c190fe68711b121dfcdbec985a853b8e022c72f0a806a1d3fbcdc5c,41,949
lecture,u22-s016-lecture-r1,u22,s016,probability-word,PENDING_MANUAL,01d9830a665b9f92f45de02d27538a260ccc9bcb7b833a2b966bd990c6263935,118,1646
question,u22-s016-v001,u22,s016,probability-word,PENDING_MANUAL,643df54a866705363dc9d28e9957c81fb2cbaddd27ca9f4a478f498b5944bf8e,37,662
question,u22-s016-v002,u22,s016,probability-word,PENDING_MANUAL,eee1383c73b869cadd714bdfbfc948a102c86742f3d6033a35f82d9b63798a4a,38,591
question,u22-s016-v003,u22,s016,probability-word,PENDING_MANUAL,c1ea71e91b52203181299315de19c9dbdad03d63d5beecba640819f74290cd25,38,625
question,u22-s016-v004,u22,s016,probability-word,PENDING_MANUAL,da1d5b6886e5abcc43ae109439379fbd1b691f8ba894c21a83ddd95644f98796,39,649
question,u22-s016-v005,u22,s016,probability-word,PENDING_MANUAL,5c4dfc771bbf6f116fe885ba6640ffea7413467d00a74d72db96df55b7deb1bb,39,719
question,u22-s016-v006,u22,s016,probability-word,PENDING_MANUAL,06c42d54fa81e426cf3d8d14de4a1d1d4698612a1c6ccb4199b702e29ac3f350,38,787
question,u22-s016-v007,u22,s016,probability-word,PENDING_MANUAL,ee612f1e81050800785157c1df15355e235843584165cae68c964d5f5e5f8f3a,39,659
question,u22-s016-v008,u22,s016,probability-word,PENDING_MANUAL,860ad557662324bceee46fe8b8eabafbb4c82f65458f472ebb01623932e1b228,38,729
question,u22-s016-v009,u22,s016,probability-word,PENDING_MANUAL,88ca43a089f597e7c16d7a6315607656edad529bef38e53efa02914c5297483f,38,758
question,u22-s016-v010,u22,s016,probability-word,PENDING_MANUAL,95e97cfbd638c40d632d6145b50b0c7ab7837b4f5d286819b1a4de0cbad17672,39,781
question,u22-s016-v011,u22,s016,probability-word,PENDING_MANUAL,33d3847b57090193e90c49119cd869aa63355c6516ab6478da9809c2ff851a6b,39,803
question,u22-s016-v012,u22,s016,probability-word,PENDING_MANUAL,3f075bcb5e133be66f21a2c2fc5333a97bfbcc43f2e7e9d99048dbcd32f00049,39,838
question,u22-s016-cr001,u22,s016,probability-word,PENDING_MANUAL,56dde6a189ac616362aa92f7cf4b45bf36564b1228bf778f029e9409aec4e89a,37,869
question,u22-s016-cr002,u22,s016,probability-word,PENDING_MANUAL,347789af522df835b5c104876cac3cee03a1b6aad774121f05d87b47fe12dd94,39,989
lecture,u22-s017-lecture-r1,u22,s017,probability-literacy,PENDING_MANUAL,02b52717033893ef217196eb269355947fc023ccc0aa767351ab032f1b63dd51,119,1598
question,u22-s017-v001,u22,s017,probability-literacy,PENDING_MANUAL,6df1ad4b393f80cfe4154a57ade9249321172bb72a4be73e3fb2c311436a2e45,38,611
question,u22-s017-v002,u22,s017,probability-literacy,PENDING_MANUAL,f3744de9fde5808e03d803d44d5987f2b60b724a7c880ff2b4dc705a7bee70d0,37,638
question,u22-s017-v003,u22,s017,probability-literacy,PENDING_MANUAL,30f5f6738c8e473acf8bd5d819df5d97948257dc0816427fc7a4b074e448f4fb,37,614
question,u22-s017-v004,u22,s017,probability-literacy,PENDING_MANUAL,d345c0d7b78a69483eb354b09c893cf25ecbefe5ae6a43b421aa57106dad636a,38,653
question,u22-s017-v005,u22,s017,probability-literacy,PENDING_MANUAL,2e3ffb8f08f2dddfeeec6471d902f46db73c4510100b84cc77d1f0038c312ad0,38,679
question,u22-s017-v006,u22,s017,probability-literacy,PENDING_MANUAL,5cdc4b0f2b51afc1029bf4b9db748a2b0cc03e084c52760578ace1dc36096cf4,37,655
question,u22-s017-v007,u22,s017,probability-literacy,PENDING_MANUAL,00e1c33d9b3c7cabe66c1926356c03f4f36dafa0188af950077ccd4fd5bf28b2,38,662
question,u22-s017-v008,u22,s017,probability-literacy,PENDING_MANUAL,9936fb272b63c35e3bc8e35a97100eef168aa2ff58e517c881e279aee5c63f0c,38,667
question,u22-s017-v009,u22,s017,probability-literacy,PENDING_MANUAL,ff552e76e5193371abfb63b2470903efd4234fbb47f6afa5c7f7f8a53ed4dbf9,38,690
question,u22-s017-v010,u22,s017,probability-literacy,PENDING_MANUAL,aee2e823e515ac6f34befb62886764addeb55912a0abadf4a22abb744367be2a,39,768
question,u22-s017-v011,u22,s017,probability-literacy,PENDING_MANUAL,5a5d18e5282f0894b23c9af61b6ef710996d5a7f164237056feaad17247f61b2,40,728
question,u22-s017-v012,u22,s017,probability-literacy,PENDING_MANUAL,32a2f8e404fc3db39374b0d449d25d15376d68c70b0e811f498eac5203a49b8e,39,785
question,u22-s017-cr001,u22,s017,probability-literacy,PENDING_MANUAL,6e0225ca1f4e351c55ad3016726fddc00bb0faa81655f6c90dd3eca7983c41e5,39,1018
question,u22-s017-cr002,u22,s017,probability-literacy,PENDING_MANUAL,bd9fafd406ad60162b312477790c7e2e93994f76f8fc608fbcf11acf663ba66d,41,1163
lecture,u22-s018-lecture-r1,u22,s018,statistics-probability-literacy,PENDING_MANUAL,81ba911f4fe29e811df27076ea8b0bdc10f2321b26338734799f035ade02007b,122,1849
question,u22-s018-v001,u22,s018,statistics-probability-literacy,PENDING_MANUAL,003dbab6f9dedde5917ceceb958206f24f5c6d88ed94a24360a2d79cd3d69ece,37,690
question,u22-s018-v002,u22,s018,statistics-probability-literacy,PENDING_MANUAL,08750ddd93b568bbebcd685e349377db86132f85f276b28fff9949ef3c027096,38,631
question,u22-s018-v003,u22,s018,statistics-probability-literacy,PENDING_MANUAL,6941a7cb233eeda2c704966da9df0f6e54c4a632415ba4ff281676265badc81e,37,724
question,u22-s018-v004,u22,s018,statistics-probability-literacy,PENDING_MANUAL,a95cedf48e4a3e4073ec04fda5b5bf347a20d0793b3ebc73a5ccf7b5b9d6ba0a,37,718
question,u22-s018-v005,u22,s018,statistics-probability-literacy,PENDING_MANUAL,453fd81d7c3f61d67397577e2c5d09def20ef16351ec546a18feb5749949b1aa,38,789
question,u22-s018-v006,u22,s018,statistics-probability-literacy,PENDING_MANUAL,898d31d556ff0fcd6016171ad1146c80533eaebe50dd4556d06fd43b589d41ff,38,637
question,u22-s018-v007,u22,s018,statistics-probability-literacy,PENDING_MANUAL,87683d343046a25ca2c008743dbe45b8dc8cae866e6f55644f12851e48111693,38,746
question,u22-s018-v008,u22,s018,statistics-probability-literacy,PENDING_MANUAL,1966f612a8f3efc2ff692c89963cc4ecf5d300ef146d853f73c4656d7e5698fe,37,734
question,u22-s018-v009,u22,s018,statistics-probability-literacy,PENDING_MANUAL,96abaea23582a6fad56554af1b5753f35721d0eecf5ad10b248aa19df72d04ed,37,666
question,u22-s018-v010,u22,s018,statistics-probability-literacy,PENDING_MANUAL,84268d864d18241f76be98d1249b2e1647ac838c67ce39505bc10a25890f9da2,39,811
question,u22-s018-v011,u22,s018,statistics-probability-literacy,PENDING_MANUAL,c2c17ef2f2fefdb11aa1c443d37337dcd5db491e9fc60688adace039267799bd,39,789
question,u22-s018-v012,u22,s018,statistics-probability-literacy,PENDING_MANUAL,613e731e5142998fa0052c5212e5218b32280e8de4523ce315cdc34b0afff428,39,813
question,u22-s018-cr001,u22,s018,statistics-probability-literacy,PENDING_MANUAL,40f95ed0d521a3f9f55d9244b3c1f9a5713193d16cacbf1b057b7934fec22f3f,41,1232
question,u22-s018-cr002,u22,s018,statistics-probability-literacy,PENDING_MANUAL,6eee1f8d18cffc6d1230147319350831472fbbf2c7381c82315a6b4adba06a98,44,1414
lecture,u23-s001-lecture-r1,u23,s001,solid-nets,PENDING_MANUAL,6e5ed4a40c3c756e977bd53b430e2b5785c900c724dde93453fba17718ff556c,130,2172
question,u23-s001-v001,u23,s001,solid-nets,PENDING_MANUAL,0bf4e299d8c1b59456d13be4ccd212330427a20fddbca2eec9d8ce5dac4c90b8,44,707
question,u23-s001-v002,u23,s001,solid-nets,PENDING_MANUAL,9c7115f46b6596c4b19e283f10a583494a76db53e369fc7fc7f418be18aac2b1,44,772
question,u23-s001-v003,u23,s001,solid-nets,PENDING_MANUAL,87f81a1a3926b837c46b17beaa112ddc8b13bd8e9012adbf8a243bf2ddc95b58,45,744
question,u23-s001-v004,u23,s001,solid-nets,PENDING_MANUAL,1635c40da851e97f1c38e8a86366f2bd1aa9a4e768dc5c26946df00c836f2541,44,867
question,u23-s001-v005,u23,s001,solid-nets,PENDING_MANUAL,c892ca82c74e4455edc85804133f0fec5dd1c440c586264a2532ab5fc442398a,48,936
question,u23-s001-v006,u23,s001,solid-nets,PENDING_MANUAL,fe57404f58479d710dcc7ef2ca19c24c586321c9c1a9982df5ce77455d042b63,45,891
question,u23-s001-v007,u23,s001,solid-nets,PENDING_MANUAL,f8dd97114bf005d75d5ab768bef2c0a6125184132d7a872ccbc72872103fa30e,44,885
question,u23-s001-v008,u23,s001,solid-nets,PENDING_MANUAL,413da0bb13cf4b952ecf2987a4cddc7ab7ef4aeb103a70bd070b7731c1ebeaee,45,811
question,u23-s001-v009,u23,s001,solid-nets,PENDING_MANUAL,8346342de45461a72c371dc533d9811eef512cacaf49438e078e44aa085a7426,45,784
question,u23-s001-v010,u23,s001,solid-nets,PENDING_MANUAL,c31d5a12e79c401500f05cc0c53acc54db7ef8c9e88ff5413a4bb757b6ecf068,46,945
question,u23-s001-v011,u23,s001,solid-nets,PENDING_MANUAL,2dd3039cb64d3a934160b3fb687cc6d7402b54c6f699c7d31c998f9cc95898d7,46,895
question,u23-s001-v012,u23,s001,solid-nets,PENDING_MANUAL,b4199c981cbd25812752d266b476e353efcb25d6e388c9ec401d0fedc03ddf6a,46,892
question,u23-s001-cr001,u23,s001,solid-nets,PENDING_MANUAL,b0734ba4c636881cf6a4e4b8eb4b64a499f3c693ef73a7852c491cfb4da19766,35,900
question,u23-s001-cr002,u23,s001,solid-nets,PENDING_MANUAL,d5ae023d11096f1a6467b93db575c590fd9bbc57fff53e2f18bc754249a5fe99,35,884
lecture,u23-s002-lecture-r1,u23,s002,solid-views,PENDING_MANUAL,70dcf252a20f94e37a03759c259ca32610a2096fba67eb25bc902c5dd0fb3273,137,2176
question,u23-s002-v001,u23,s002,solid-views,PENDING_MANUAL,9d479d4aab2809717e485f802a106bd5787eef3625cc89718231ca420617be26,44,846
question,u23-s002-v002,u23,s002,solid-views,PENDING_MANUAL,3fc5466f5e9f05ccd65b5b0c40d0031e1d15bf8ff9dab78461cc439143366215,45,752
question,u23-s002-v003,u23,s002,solid-views,PENDING_MANUAL,7db9f654ce86d9406c271267bf9f88e69fcc15dd49b385d4f5a3932ca9b9cf01,44,773
question,u23-s002-v004,u23,s002,solid-views,PENDING_MANUAL,caab978f9d5c12a386e5547b72c30cf40279b40e9c47bdaba32536213bf9f57a,48,852
question,u23-s002-v005,u23,s002,solid-views,PENDING_MANUAL,b7acd437cf33b9ea11cdc9a65f1ee4fc0b9734b3b13c9e1edacfe681e05997d6,45,882
question,u23-s002-v006,u23,s002,solid-views,PENDING_MANUAL,e4db54d177d3be74f6c3541f34d6f313f37b83fe67845ed6ec27c94d14e28b3d,45,927
question,u23-s002-v007,u23,s002,solid-views,PENDING_MANUAL,afd622395305f74151b4f543d0b0d91602872b591e9f7b32dd0f05328c43d17c,46,839
question,u23-s002-v008,u23,s002,solid-views,PENDING_MANUAL,5ec04732f8bd3fe31707f4d8c50edc5c85fa4d1de934c91b037562f1fdb9cd8d,45,846
question,u23-s002-v009,u23,s002,solid-views,PENDING_MANUAL,327e59178dcad69fb0887d4b6f78b2e5a70185b608f9ac1461157170b16b9906,45,754
question,u23-s002-v010,u23,s002,solid-views,PENDING_MANUAL,ce69a668f4e3ab089e80a53db376bfea1f4efb48ced945d5d579213d58cd4b8b,46,876
question,u23-s002-v011,u23,s002,solid-views,PENDING_MANUAL,855da14c3cf9c4d2bb54516c5b22b7ee50e005e209e6fc76c0f1771819b6e4b2,46,927
question,u23-s002-v012,u23,s002,solid-views,PENDING_MANUAL,a11f72bbfef0fa9785099d60726d0119e267294961dfd45929d817db9ee88703,47,842
question,u23-s002-cr001,u23,s002,solid-views,PENDING_MANUAL,cd6bc341b7e4c7fe377e70660d323054db66595746386cce2ff7c1e80b0d81da,35,852
question,u23-s002-cr002,u23,s002,solid-views,PENDING_MANUAL,ca8b9339a99503ea5cb18c241c64f646a3604c34a9a8af3ae2548fef8fc27079,35,875
lecture,u23-s003-lecture-r1,u23,s003,solid-cross-section,PENDING_MANUAL,17ef1b78957106c96b5d52be0a05014350132862228b22bea09ee89dec9141ea,131,2106
question,u23-s003-v001,u23,s003,solid-cross-section,PENDING_MANUAL,db59b20b7a4b688ddb74764c95b8a07c76154e7f949dee28584e3ec3a894f577,44,788
question,u23-s003-v002,u23,s003,solid-cross-section,PENDING_MANUAL,0585a8ad726a0ee81ff31c43e0f16801ea9cacc28761abe7daa4d9e0566ae00d,45,759
question,u23-s003-v003,u23,s003,solid-cross-section,PENDING_MANUAL,e6fdff72b267445b1602a9deb3253569f93c4fb067eb67122bbd81139d676bf9,45,796
question,u23-s003-v004,u23,s003,solid-cross-section,PENDING_MANUAL,5833b06a18427594fdc3c2fdcaa97f2d6975d324f068568c89ad04c6ea4f3ae0,47,817
question,u23-s003-v005,u23,s003,solid-cross-section,PENDING_MANUAL,c1eb4364d529c45b2946c94d19eba40041e87d8ac230fca987e1fedbdc20102e,45,783
question,u23-s003-v006,u23,s003,solid-cross-section,PENDING_MANUAL,169e0aa258565d5d2b062fe53ed4f3530eb11b4270fd43244ca714924c453101,45,789
question,u23-s003-v007,u23,s003,solid-cross-section,PENDING_MANUAL,e70623886ccd45d9076c07e0475500f1fb9c25907eed2642f3de98fc9c3644af,45,836
question,u23-s003-v008,u23,s003,solid-cross-section,PENDING_MANUAL,c04200a315b9f4739b94898459eb9176d47475d88a3819d5aab861b7037e3a90,45,851
question,u23-s003-v009,u23,s003,solid-cross-section,PENDING_MANUAL,dead3a8c4c794b9b1625e0fe70d54f9cb17ba70a711909c68710def39dea6f12,47,830
question,u23-s003-v010,u23,s003,solid-cross-section,PENDING_MANUAL,99a305a41797de7aa192807719781528749cc1e5719893a7240a75fee1c1ee6a,46,833
question,u23-s003-v011,u23,s003,solid-cross-section,PENDING_MANUAL,c8769721e9caf471de0fb692bfdec9edad98000f0fcbe4047f18d5364aa61824,46,866
question,u23-s003-v012,u23,s003,solid-cross-section,PENDING_MANUAL,5d5130fd3ab1cc3b6caf1285bc67d00929eb69be646e37933b128a5e64c7585d,46,899
question,u23-s003-cr001,u23,s003,solid-cross-section,PENDING_MANUAL,3463c8d57de070c789fe92fc56e192d547cd9880a134312cd865a29eae0e1467,35,829
question,u23-s003-cr002,u23,s003,solid-cross-section,PENDING_MANUAL,2cbfd255840d3e580145707befe0b6e15337bf576e65cacf486f8abf21a2486d,35,824
lecture,u23-s004-lecture-r1,u23,s004,solid-prism-concept,PENDING_MANUAL,794d22af13128e3d375a2f2d25b5828466f70534c2a93556b83f375a64729398,136,1900
question,u23-s004-v001,u23,s004,solid-prism-concept,PENDING_MANUAL,6ee0f9680b1a5e88c8ce822ad3be8efbc09c2b036a09728222e8374ead80c1ea,43,675
question,u23-s004-v002,u23,s004,solid-prism-concept,PENDING_MANUAL,471a26cb4b4caf6cfdc4a02c3d57b6f88630a9fc1155928a880f4b67c6dbf397,44,710
question,u23-s004-v003,u23,s004,solid-prism-concept,PENDING_MANUAL,b0d3fc4c2ceaf6ba4910989fdba4338efb94a05cca98db399c2c82e45e7ccee2,44,710
question,u23-s004-v004,u23,s004,solid-prism-concept,PENDING_MANUAL,b22101d000e959b04d6dcf2f686437a7f8f85800693e9bdbf7488b4f753d3e40,47,795
question,u23-s004-v005,u23,s004,solid-prism-concept,PENDING_MANUAL,f557ac05cd56757513c30b2f52fa5034923d32c1626c43f2580f4db10891b255,44,715
question,u23-s004-v006,u23,s004,solid-prism-concept,PENDING_MANUAL,9677651600cb09ad337d49e4ce36d35484f4d31f44913f262d510e2d9d294dd1,43,763
question,u23-s004-v007,u23,s004,solid-prism-concept,PENDING_MANUAL,a04d4f76b6777474792116499eb9ab1a6fd380ee15363597eed414e5fdb8566f,45,747
question,u23-s004-v008,u23,s004,solid-prism-concept,PENDING_MANUAL,1a530fa0bb4f7f43a394be72a6efc9a130e733871d1ff4699cdfe46e394fe854,44,727
question,u23-s004-v009,u23,s004,solid-prism-concept,PENDING_MANUAL,be01245e9ad563db393e7cf141786c83b0f720bc3512ba0ccfee980ecbe7c097,45,868
question,u23-s004-v010,u23,s004,solid-prism-concept,PENDING_MANUAL,6d17f52b5ce60dac0c1734eccf744986c2e077d77d43b7b40305ffc27eb234f1,47,871
question,u23-s004-v011,u23,s004,solid-prism-concept,PENDING_MANUAL,6ab9ae60d1218a9d3d032eac72ce0ceff166af3ca915366f40f5663cf64dba4c,47,830
question,u23-s004-v012,u23,s004,solid-prism-concept,PENDING_MANUAL,087b77e971e4ec232c8a57b7c5a150ff2fa4577d3bbb84b6eecc90c80b03344b,46,772
question,u23-s004-cr001,u23,s004,solid-prism-concept,PENDING_MANUAL,781a3ea08dd9e0c5fe11413431d25bc997564037a37a6bcce8e657a16f813ede,36,811
question,u23-s004-cr002,u23,s004,solid-prism-concept,PENDING_MANUAL,f283866d9a12eaea38059d99a55cb60e4fddaeaf343e27bde2d164d06f42b331,35,833
lecture,u23-s005-lecture-r1,u23,s005,solid-pyramid-concept,PENDING_MANUAL,3b37d1c788a20a79af1393a51d910e20b4ab7e1430893e8b56654eb59e9a784a,135,1901
question,u23-s005-v001,u23,s005,solid-pyramid-concept,PENDING_MANUAL,058cb3ac0110c53dd0a0ae3c26bc9dfeb2ced93f061e754ce413b1a7f16cdaac,43,669
question,u23-s005-v002,u23,s005,solid-pyramid-concept,PENDING_MANUAL,054f9861e2ab681151e3916df4a15088c821fc509ff3123410153b1e3101260f,44,707
question,u23-s005-v003,u23,s005,solid-pyramid-concept,PENDING_MANUAL,acde50a9d817ab34f96126166ef7829e458b09ad4d84bb76a88330bee833b23c,44,730
question,u23-s005-v004,u23,s005,solid-pyramid-concept,PENDING_MANUAL,eb44367673675cc7def844c12ec2321674a5f2648494023875f365be8cb4d2c8,46,732
question,u23-s005-v005,u23,s005,solid-pyramid-concept,PENDING_MANUAL,7d68c4d15d3eb849e58d1dce5a6e78b61ff6e51bd0c39dfe97c74979e43cf44a,44,750
question,u23-s005-v006,u23,s005,solid-pyramid-concept,PENDING_MANUAL,db6c83e34cf245aec258cefde31c8740fc2c240606587dcf6e990de382347969,43,779
question,u23-s005-v007,u23,s005,solid-pyramid-concept,PENDING_MANUAL,7b6f370d586156754e4eabb5b6800903638a0d157d9949b92cd498565a6e3689,44,731
question,u23-s005-v008,u23,s005,solid-pyramid-concept,PENDING_MANUAL,47ad30f754f325dfcb7b8295d23d1c208e3e34b516095e86c9d53f175e1d44da,45,773
question,u23-s005-v009,u23,s005,solid-pyramid-concept,PENDING_MANUAL,6cf612402b788804f10ca2dd59169a45bedb4901d2ba6e9ba0bfbc05a51c733a,47,885
question,u23-s005-v010,u23,s005,solid-pyramid-concept,PENDING_MANUAL,8a004687d0e3463e69201cdee4025c15f4542d3b3149bd6cdd663526d8d5ab35,46,796
question,u23-s005-v011,u23,s005,solid-pyramid-concept,PENDING_MANUAL,d6230b807faeea2eea8c18904c28ddc6efe533bec24b5caa730395fb61cfd8a3,47,796
question,u23-s005-v012,u23,s005,solid-pyramid-concept,PENDING_MANUAL,b5b32551213c57efd0879708d65bf15dc0fdde7500f25a0e5a90b9a4a6f7d997,46,899
question,u23-s005-cr001,u23,s005,solid-pyramid-concept,PENDING_MANUAL,17c438dc44a2bcc6abf82a090fae96ddf07c8d4b1e01982f201deda3e86a34cd,36,798
question,u23-s005-cr002,u23,s005,solid-pyramid-concept,PENDING_MANUAL,547c0012cb7c22022829f07b9b6318a97f636aadf2b5e275f6d8932a6b406fb7,35,839
lecture,u23-s006-lecture-r1,u23,s006,solid-cylinder-concept,PENDING_MANUAL,4808b78bec4c0231db4d143eb81be2b1d77ef80bb56dfc8db21cd3aa891128a1,128,1828
question,u23-s006-v001,u23,s006,solid-cylinder-concept,PENDING_MANUAL,6ee640f9681b77fc34faf5ec9bc0f8e07c28d7253c98e408444a75574aac5f59,43,712
question,u23-s006-v002,u23,s006,solid-cylinder-concept,PENDING_MANUAL,85be81f0818d4f9d2ad1750a14cc0fe7736d6bd472f41da85fa2f23f216633a0,44,733
question,u23-s006-v003,u23,s006,solid-cylinder-concept,PENDING_MANUAL,001e910f63bbc9f50add0acb87769f4aa809ea72f1271912f64da43bb5eced9c,43,719
question,u23-s006-v004,u23,s006,solid-cylinder-concept,PENDING_MANUAL,5ac95c18ea2250b2c6c3e1d3637bd2444b1ee78b63db59f5fc63a7451b147414,47,759
question,u23-s006-v005,u23,s006,solid-cylinder-concept,PENDING_MANUAL,decf061fb6efa47426d098893a7f1c8637957edb043e2ed074d468b2bbaa8b5d,44,782
question,u23-s006-v006,u23,s006,solid-cylinder-concept,PENDING_MANUAL,1776ce18af772fd16185c94b616805f8f24cf21a1f6389237bdb81eb62886a3c,44,836
question,u23-s006-v007,u23,s006,solid-cylinder-concept,PENDING_MANUAL,7d588379288a4fac742de788dc2912c393adbcf9b5cbaa710b3f1215878393e0,45,783
question,u23-s006-v008,u23,s006,solid-cylinder-concept,PENDING_MANUAL,cfb12087e985a408eb5c094d6d3040efa62d151f05feca5bc260953eb52003c5,46,867
question,u23-s006-v009,u23,s006,solid-cylinder-concept,PENDING_MANUAL,27cd88cb4cac3f2aed4bee704ed7f1fbbc4f98dfcfbb0d582f47b0541aaf8330,46,900
question,u23-s006-v010,u23,s006,solid-cylinder-concept,PENDING_MANUAL,d3ab109956eb6b1f00c6492ef25436cbedc8cc67c08f67ea1940234799d1c813,46,848
question,u23-s006-v011,u23,s006,solid-cylinder-concept,PENDING_MANUAL,8e32977075d7e651c340a0f8a42c4f1d8d6ee9fe7e8cd0b6ba7041ac8d64b8d9,45,856
question,u23-s006-v012,u23,s006,solid-cylinder-concept,PENDING_MANUAL,f27e2c79b842c7865036727dc978884ba84ca55281c2b6da8489d42c61376260,46,850
question,u23-s006-cr001,u23,s006,solid-cylinder-concept,PENDING_MANUAL,34c93e1b0fb6a929e71d1c2df0fd43391b19b0db60412fca259e7c04b2ad8d72,35,769
question,u23-s006-cr002,u23,s006,solid-cylinder-concept,PENDING_MANUAL,9c21e975411809ed94a95b535d080d004daf837dbf48cd27d69bd15c5e0a7f50,34,753
lecture,u23-s007-lecture-r1,u23,s007,solid-cone-concept,PENDING_MANUAL,8c0621103d61a4e5ba55d48ff515ea734b94ab058f2738e79f2cbf9e71cac535,134,1810
question,u23-s007-v001,u23,s007,solid-cone-concept,PENDING_MANUAL,59723731c1452d1601e0f7f768e369abe294de725e0f1dd8d8de90a50815bba9,43,750
question,u23-s007-v002,u23,s007,solid-cone-concept,PENDING_MANUAL,14c39d853b773d01f3b10f327cff93e3a4c8a6f13fe123f886b45f48095add48,43,726
question,u23-s007-v003,u23,s007,solid-cone-concept,PENDING_MANUAL,9ba711b06a225970a34488f804b173149cca6865d4209317acf6b231ba5d4315,44,741
question,u23-s007-v004,u23,s007,solid-cone-concept,PENDING_MANUAL,45a4b27a6e1a3098c0edf89a7cdf4ecdd5c703a9c67c143fe4ca0eb8734312de,48,806
question,u23-s007-v005,u23,s007,solid-cone-concept,PENDING_MANUAL,1b3c37a3bed9d643da522ae0a70af93810a03d5ab481fe87ae1853bf4dcd1a2b,47,810
question,u23-s007-v006,u23,s007,solid-cone-concept,PENDING_MANUAL,aa837b28b30ce4b6d196cc4b0e4268cccda02dec2054707cf7ef43b91c8124a2,43,765
question,u23-s007-v007,u23,s007,solid-cone-concept,PENDING_MANUAL,356cb7458cc40f67923afc9b240a3d85981b42eb075694ce57d41124c82b20cc,45,753
question,u23-s007-v008,u23,s007,solid-cone-concept,PENDING_MANUAL,6293438cd6d98e1b2495da851ebcc63fc02c5c530c731801f1d842d737dc4a7d,45,765
question,u23-s007-v009,u23,s007,solid-cone-concept,PENDING_MANUAL,6dda050d48275b733d44cab52aa65fe9f66f6932465e4988dc99df8c04e7ddf9,46,770
question,u23-s007-v010,u23,s007,solid-cone-concept,PENDING_MANUAL,1a802ee22e5f326bae4651d2857666d946e3fd7fed19964c77f99e0ff10d8100,47,835
question,u23-s007-v011,u23,s007,solid-cone-concept,PENDING_MANUAL,91376af9791e8f2dd9dc21894de6586efdda3b4bab5358ad3eb3688fa41639b2,45,830
question,u23-s007-v012,u23,s007,solid-cone-concept,PENDING_MANUAL,91f8b53a25b586c440244eb18a7ba0c2a67945bfa88644df8b84e3dc89090e73,48,867
question,u23-s007-cr001,u23,s007,solid-cone-concept,PENDING_MANUAL,f1e1974b2e05918d7d26384ec77e43fb24898735ca5817e6372d2d8d0f1a1d0a,34,734
question,u23-s007-cr002,u23,s007,solid-cone-concept,PENDING_MANUAL,7dfee4c7e07bb43c834d362e6ab97ffd254479d3c2411de196930ed96df1b277,35,766
lecture,u23-s008-lecture-r1,u23,s008,cross-section-solid,PENDING_MANUAL,acbd0f70c03376fe1dfafadff4ecca93b6b22d679d298eed0de12e56cdf3bc39,134,2105
question,u23-s008-v001,u23,s008,cross-section-solid,PENDING_MANUAL,e41b93b149f85aacd2c272839da9f3450a0559a19fa7efc96d4b1c1ba6955ede,45,730
question,u23-s008-v002,u23,s008,cross-section-solid,PENDING_MANUAL,1191ff083ea7abfd1af824acc361c05fe82ee17f7d2c1810da42c6d61a5c2a44,45,724
question,u23-s008-v003,u23,s008,cross-section-solid,PENDING_MANUAL,56577d2717770607b1b92a2811381e6921404b89503bd96be432d2de745bb3f1,44,749
question,u23-s008-v004,u23,s008,cross-section-solid,PENDING_MANUAL,fdb7f622076735d940b18d73a36a155c0a129b73e814e65a3b2baa54eec0c7e7,45,780
question,u23-s008-v005,u23,s008,cross-section-solid,PENDING_MANUAL,9113ea9c2cba262dab474bfde7a5239123d4ee79bdcc84702c421779d0f4ce29,46,817
question,u23-s008-v006,u23,s008,cross-section-solid,PENDING_MANUAL,d6e93f4c14393ece309d8726a8d4faa7ba8a5df4b2e7996bdc40c965b51f7283,44,805
question,u23-s008-v007,u23,s008,cross-section-solid,PENDING_MANUAL,609bcdcb4f5a8a9e8b32d38823982a84c93c298e044849a62723d4d0a488cf0a,46,831
question,u23-s008-v008,u23,s008,cross-section-solid,PENDING_MANUAL,11995cd51e6a68e5f56b1b5ba4bc54557e61f0c96e5fc0aff32c4dbb59b000a3,45,789
question,u23-s008-v009,u23,s008,cross-section-solid,PENDING_MANUAL,190315f0a3e5cc3073a083208e81eaed7f1b2301bd852b8ff6803a774e35cd79,45,801
question,u23-s008-v010,u23,s008,cross-section-solid,PENDING_MANUAL,f7bbae988d7543777c5ea78763084d2248c63e54340373ae3c0ea4c7f374a2c7,46,874
question,u23-s008-v011,u23,s008,cross-section-solid,PENDING_MANUAL,369dc788fb0f77e10edc4a3828f0287a21883e19c70611e5b5ee56080d976942,46,915
question,u23-s008-v012,u23,s008,cross-section-solid,PENDING_MANUAL,92294743c4846317a1a13a1c89a51a762eddd8c9c5aaf1f58d052307fb397c8a,45,798
question,u23-s008-cr001,u23,s008,cross-section-solid,PENDING_MANUAL,59a4170bce660f99d7d5cd96e0359a23e3eb57946dd1c2992e78f9c4f65a11b9,35,802
question,u23-s008-cr002,u23,s008,cross-section-solid,PENDING_MANUAL,8b86af9ab557e67e0d17b4e16300f28768f575b4a31a3fb7eae3f500e5d50e82,35,827
lecture,u23-s009-lecture-r1,u23,s009,prism-surface-area,PENDING_MANUAL,1a1c9d89c5c0fd930df8b896f81e8b93e7dc79dc36079769cdbb9d0804502ffb,138,1894
question,u23-s009-v001,u23,s009,prism-surface-area,PENDING_MANUAL,c25d260ba88e9585658acf94ce8eb2d03c9718f53ed927b7100f5f1a06e8ff02,47,767
question,u23-s009-v002,u23,s009,prism-surface-area,PENDING_MANUAL,dc37c841d655891087209694bd1774e03a5c8311a0deabbb93ff4a0b030689b7,46,785
question,u23-s009-v003,u23,s009,prism-surface-area,PENDING_MANUAL,45fa741617c61b77dfaf48d8c43c79b148b525ae9cd20af73682a5e904a5a577,47,773
question,u23-s009-v004,u23,s009,prism-surface-area,PENDING_MANUAL,dcc2ce37560a1a2cc885a24a009e61a16dc4ac769ec5e563d883d6c03907cecd,48,850
question,u23-s009-v005,u23,s009,prism-surface-area,PENDING_MANUAL,7717361885a6d67ab7673ec8050ef25e5d019f59fdc3e8ea5cf838e489cc01bb,48,843
question,u23-s009-v006,u23,s009,prism-surface-area,PENDING_MANUAL,00837ea77431ab618b6bd2878ca230869d6d87a4ae6b6a3bf7616f3af47bd1f3,46,814
question,u23-s009-v007,u23,s009,prism-surface-area,PENDING_MANUAL,45f0140c7dafdd681482268fcc02cf6c09c3d211e90ccf266093721ffcae79eb,48,818
question,u23-s009-v008,u23,s009,prism-surface-area,PENDING_MANUAL,6958aa5342b57163cf2fe525a659cbf74471218a01d02fd7ea236c6e273060a1,46,814
question,u23-s009-v009,u23,s009,prism-surface-area,PENDING_MANUAL,d2f7a6db708c4cf3241858414dfa21d99f4647a79734b94f0cc7fb92c4778e80,47,772
question,u23-s009-v010,u23,s009,prism-surface-area,PENDING_MANUAL,c5788088c8c47f1e60a5e7a0e3b6d9fbc1ff386b47b2f017ec51bae5a8f44596,50,960
question,u23-s009-v011,u23,s009,prism-surface-area,PENDING_MANUAL,d76491a673f1c21427fde7eadc3042cb11a7f8720a5efb0ee6ed5d7873ffeaef,49,927
question,u23-s009-v012,u23,s009,prism-surface-area,PENDING_MANUAL,74320a99a77dba171acec4b77fd18b10151d34050baf30ba4a2adc59bf2c3001,50,980
question,u23-s009-cr001,u23,s009,prism-surface-area,PENDING_MANUAL,a027cc1223daa1fe12735bc942cdfbee438115c1c571f89934f0f923b7e6efd6,36,769
question,u23-s009-cr002,u23,s009,prism-surface-area,PENDING_MANUAL,c56438379793584552a607de35aea402381cdd49a569c4e5bb08500c685e9a39,35,752
lecture,u23-s010-lecture-r1,u23,s010,prism-volume,PENDING_MANUAL,4ba1e5dc6606a299d04721459da29783f036773f009d7e422aa851af079765c8,134,1795
question,u23-s010-v001,u23,s010,prism-volume,PENDING_MANUAL,c7f60a1cd6fde091d27457ac7d8b40cda90bc19b6ec65112b3854536a9eb0d99,44,745
question,u23-s010-v002,u23,s010,prism-volume,PENDING_MANUAL,aa0ea93df3118a9fa7a47f5e04e6f4bf5d244f2f501af44f4ac7fdebe90adf38,47,782
question,u23-s010-v003,u23,s010,prism-volume,PENDING_MANUAL,a48c2c418c8b264645b12c58698edb76ede508fe54eceb3dafb4deb2b54e0894,45,745
question,u23-s010-v004,u23,s010,prism-volume,PENDING_MANUAL,fe35168eea2503c850afe34529a236fa29ec951cfc7a6c0877792912780d8e9b,46,786
question,u23-s010-v005,u23,s010,prism-volume,PENDING_MANUAL,9203643817493e317c046c58df12a918e61933362d2d6d006394d3e3db3f128e,44,763
question,u23-s010-v006,u23,s010,prism-volume,PENDING_MANUAL,1d2dc8634a88920f94644f04d389740c20f826464236a1d681dad3dcd9b1d6dd,45,782
question,u23-s010-v007,u23,s010,prism-volume,PENDING_MANUAL,4e2a1f02d276b192996420c6b506c29cec51c28f40ca17c481cc993f6ae7bfbe,47,841
question,u23-s010-v008,u23,s010,prism-volume,PENDING_MANUAL,02af883f2422fdf4ebe62a23f37ca58f490d4192073cd407d1f3ff7647804579,46,766
question,u23-s010-v009,u23,s010,prism-volume,PENDING_MANUAL,8db116cc80c7101d06849d77be2a15479b6e6d52fce237989f1557178507c6ad,46,763
question,u23-s010-v010,u23,s010,prism-volume,PENDING_MANUAL,6eaa89ff89953c03bacf88b8610ea56bfd6c8b91570503306e6117fa8154d3b0,49,854
question,u23-s010-v011,u23,s010,prism-volume,PENDING_MANUAL,3c43113fff11cd9a570bd8a3bb0cf16dd11309ed992ce57793148fb26ceb7838,49,905
question,u23-s010-v012,u23,s010,prism-volume,PENDING_MANUAL,0c890d6596f3208ad889594d188fd2e8d98d91af9005c0198ee4ba9c2d7945ba,49,889
question,u23-s010-cr001,u23,s010,prism-volume,PENDING_MANUAL,658ef5c0e28ffdc1e0c881c8a173fd2377772fab476e3f656a499c93d5adb5b0,35,830
question,u23-s010-cr002,u23,s010,prism-volume,PENDING_MANUAL,31dc8dbfbeeaaf3f836dfa313f1010d6917f95ffb8da72a10f40440742cabb03,35,774
lecture,u23-s011-lecture-r1,u23,s011,pyramid-cone-volume,PENDING_MANUAL,9ace91d7f1ebd02d28a35d20ef60e6d0a3a99afc338cd65fc82f6fb851ad48ca,131,1688
question,u23-s011-v001,u23,s011,pyramid-cone-volume,PENDING_MANUAL,c6c4da78c98b5298757c1317c7392e89ef439323e30c68f10bc045b5a5fa8fec,45,746
question,u23-s011-v002,u23,s011,pyramid-cone-volume,PENDING_MANUAL,358270b7883be8973f8a5a394fe5cf41a608c6137bf0aafe2784b5c9a40ffba6,45,703
question,u23-s011-v003,u23,s011,pyramid-cone-volume,PENDING_MANUAL,c13c94c217de07ae2e7a6c317d9c6c2f1478a0e03383900fb470cf5728d03eda,44,828
question,u23-s011-v004,u23,s011,pyramid-cone-volume,PENDING_MANUAL,a48bd1eefb002ccf1b31f17256dcff369bc2b6a5d8f04c505610cec79e73c051,45,791
question,u23-s011-v005,u23,s011,pyramid-cone-volume,PENDING_MANUAL,297135b227e3875c9e168a1bb37ee598a81cfd0fb728070ecfdf1144227e3b1d,45,699
question,u23-s011-v006,u23,s011,pyramid-cone-volume,PENDING_MANUAL,365077f79122139bce1a538f1c897adec22c0fca33338ecb2d88c4ba3aa7b491,45,758
question,u23-s011-v007,u23,s011,pyramid-cone-volume,PENDING_MANUAL,62216585b5f32570ca01b4d7b3824e3fe0cbe4ed5bef574e84dd7bec4f9b8446,46,763
question,u23-s011-v008,u23,s011,pyramid-cone-volume,PENDING_MANUAL,173a9aae38fcf50f196e3eab7929fd92fe922fc4c7cf9266f4ebfe7f8c1efa02,45,827
question,u23-s011-v009,u23,s011,pyramid-cone-volume,PENDING_MANUAL,98e2b06e054b2e12e25f7d3ad959c45f7644ac9f5ac54d73b171ec8384edd22b,47,818
question,u23-s011-v010,u23,s011,pyramid-cone-volume,PENDING_MANUAL,6fb6c5885488c0aedf4b55c2f142c3cb76df3eac5c32b4f0547af8852bf28470,49,820
question,u23-s011-v011,u23,s011,pyramid-cone-volume,PENDING_MANUAL,5377d11f29dec89283db457357fdb5b376d7a47a657b037b5b9536057a99222c,49,899
question,u23-s011-v012,u23,s011,pyramid-cone-volume,PENDING_MANUAL,e972c9c93320b5ca42f2a6a971066b9795fd37547d02ae6f798e5c8bb301c92c,50,959
question,u23-s011-cr001,u23,s011,pyramid-cone-volume,PENDING_MANUAL,7f60ec7f34de4ef7a2baf4e1c0236d439f49dd4d3da57554d816b6f82ec34bad,36,817
question,u23-s011-cr002,u23,s011,pyramid-cone-volume,PENDING_MANUAL,1afa9a30ac63e1f7382ef5eabf34935a14f5dd094e847b09f416ac58fb5f51dd,36,777
lecture,u23-s012-lecture-r1,u23,s012,surface-area-net,PENDING_MANUAL,dc21a74e391cc817cbb62124497a9dc31b1fb4b62a05812b48dbfdeab9eea365,137,1963
question,u23-s012-v001,u23,s012,surface-area-net,PENDING_MANUAL,52801f50eec986162d9467b6ed8096d5a26246c5dcca12783ff7ab4e3124f60e,47,774
question,u23-s012-v002,u23,s012,surface-area-net,PENDING_MANUAL,779f5223de280a3ef7f4de4b01c5caf0854e0b32b34bfcc79bf04d76e49e44f3,44,797
question,u23-s012-v003,u23,s012,surface-area-net,PENDING_MANUAL,85316a2525ce6c84bea9df4f3c63d3d5c4e88e5d7148268e442e0233b84e8b4c,44,790
question,u23-s012-v004,u23,s012,surface-area-net,PENDING_MANUAL,1a54ef0e686afee68f2b38db06ec025967098d77a4c1cb5ffd5353e7e5c7cb6a,46,846
question,u23-s012-v005,u23,s012,surface-area-net,PENDING_MANUAL,b9f772377cbcbed1ad218f427de03919ffe1060c1cf0cce9748f36e75d80670a,45,774
question,u23-s012-v006,u23,s012,surface-area-net,PENDING_MANUAL,7ba85d535ed673583d76bb337324998a1a6340a024e3be907483f243f5a8aa6f,46,787
question,u23-s012-v007,u23,s012,surface-area-net,PENDING_MANUAL,35a84a8f8feebc6dbc61a4da01097b63d708094d611b37e3fdecffd7ac790180,46,789
question,u23-s012-v008,u23,s012,surface-area-net,PENDING_MANUAL,1b3a83b3c82ca2be45c96c411185adfbe807b660124c4d47caffc3147fad13ca,47,863
question,u23-s012-v009,u23,s012,surface-area-net,PENDING_MANUAL,19a505ecb6f26a1b6206fcddce048e52baf62a61b9ad28511adf26313e3c22fa,46,796
question,u23-s012-v010,u23,s012,surface-area-net,PENDING_MANUAL,3fc49ac16162d50efc79169de587a88af34304d8345e6f2ff415bd6e01f6af40,50,1003
question,u23-s012-v011,u23,s012,surface-area-net,PENDING_MANUAL,c1a9aebd1c9d0f85bb3b4614638e0bfd65ccb522c6242375a3696a474bbd2898,48,920
question,u23-s012-v012,u23,s012,surface-area-net,PENDING_MANUAL,ccd3a139f3541144f86516d06a8e92ef542a48b9f44fef232ea4455d57bc5bd2,51,974
question,u23-s012-cr001,u23,s012,surface-area-net,PENDING_MANUAL,0173062baf3e37b719c5d214104cf32dc65eb0a55907075c8e3558fd7f830d31,38,812
question,u23-s012-cr002,u23,s012,surface-area-net,PENDING_MANUAL,3f92564ad6104ad9ad67a437e3000be14d313f31c09c2f27fa0707b213dae518,36,810
lecture,u23-s013-lecture-r1,u23,s013,volume-unit-conversion,PENDING_MANUAL,0acfd456dfd0f6e44c98537b0dbbb0a8bae1d84b08b0f24a7a6092a71a66e03f,136,1985
question,u23-s013-v001,u23,s013,volume-unit-conversion,PENDING_MANUAL,d1a9cb019ea6a983eb97ae109dc18da56e5b1d6718e8d7f350bda385e7ec46d2,46,834
question,u23-s013-v002,u23,s013,volume-unit-conversion,PENDING_MANUAL,cf4f5e70af6b1846c8c206a6077ffd7b0e79556e8c0c0324ef441e6122a8dc9b,44,793
question,u23-s013-v003,u23,s013,volume-unit-conversion,PENDING_MANUAL,2a00fac98bb0b19c265bbb3283ffb93a26e29d58879259f2a8515447bc9de144,44,751
question,u23-s013-v004,u23,s013,volume-unit-conversion,PENDING_MANUAL,a38a18b0dc51af59548892402611f80ad52ba65da01e2ae53bcc5894a874b2f4,44,773
question,u23-s013-v005,u23,s013,volume-unit-conversion,PENDING_MANUAL,ca44b2f8df40bbb8aec8e5138fef518c09d549a7e4ffd10ab292f270df0a31bf,43,698
question,u23-s013-v006,u23,s013,volume-unit-conversion,PENDING_MANUAL,06f3e43cd2e8db058f9936499c79bf5c682f49d488eb92c66fb5269e8974ab43,46,809
question,u23-s013-v007,u23,s013,volume-unit-conversion,PENDING_MANUAL,fe434623699183767124392d4f02daa5c7d8485d4865411f2303d1661cee5463,43,772
question,u23-s013-v008,u23,s013,volume-unit-conversion,PENDING_MANUAL,569585d7a458ee8e74abcf13f9597389b5527f64524bf451033e10fcdc19b088,43,762
question,u23-s013-v009,u23,s013,volume-unit-conversion,PENDING_MANUAL,17ba52c1df8efa230a1ca030c274805ce6529239734e7de341b75821d53cf404,45,1128
question,u23-s013-v010,u23,s013,volume-unit-conversion,PENDING_MANUAL,4645a416f0e8370750d151079acc43eb778040d3c1ad5f43894c9c2174fd5627,46,833
question,u23-s013-v011,u23,s013,volume-unit-conversion,PENDING_MANUAL,d1e49f5f9918f32925b22f2b80f1edb82c969212dc3811ea54ad2b060fb8583a,47,811
question,u23-s013-v012,u23,s013,volume-unit-conversion,PENDING_MANUAL,e70103a0745a71f8f4bede789d77609a66986085a88cd6fb12e440fefd847b5a,47,891
question,u23-s013-cr001,u23,s013,volume-unit-conversion,PENDING_MANUAL,0399cb249988e238f85cc205b9dc5d20bcc547df8711f5d81ca3017699c68d34,35,805
question,u23-s013-cr002,u23,s013,volume-unit-conversion,PENDING_MANUAL,b6d2a92767327cbb0327519c90ad1b4860b3c0fd0600103d17693d0abec6f927,35,770
lecture,u23-s014-lecture-r1,u23,s014,composite-solid-volume,PENDING_MANUAL,dfbf0a0b3ebee140c706f74e35ffc567c4dc7e22936f081bc4209913b5831cde,129,1787
question,u23-s014-v001,u23,s014,composite-solid-volume,PENDING_MANUAL,865d2c174209d3bfb73b24232ce925995288d961ead9975dcbb3af05acfe0233,44,835
question,u23-s014-v002,u23,s014,composite-solid-volume,PENDING_MANUAL,017c64f4551aa2c3dda2b88c4fdf2152d1d33b0907588cbddf07c22cf8a6a58e,46,756
question,u23-s014-v003,u23,s014,composite-solid-volume,PENDING_MANUAL,8440add39c2b853e61e3d59bb5d8f305a411044f0518ce47ebea38580d0c889f,47,819
question,u23-s014-v004,u23,s014,composite-solid-volume,PENDING_MANUAL,4f5af9dc4b88d0e112c5a5ccb1be94e535f56fb1f28ae7663d14533e4bdd5f82,49,851
question,u23-s014-v005,u23,s014,composite-solid-volume,PENDING_MANUAL,e5bf6794c35ecb7566b9c34c1eef481a910223b4e26a530c1d7e6b8a4d6e3809,46,787
question,u23-s014-v006,u23,s014,composite-solid-volume,PENDING_MANUAL,9c45d54ef2ac3158f43093e5e42bdc5d4ee380c24d45645a7a8b64b84cd4afe0,46,882
question,u23-s014-v007,u23,s014,composite-solid-volume,PENDING_MANUAL,d110660f57b51f938d1c4281762afb5552e726fda25289e35f6e83650818a2ba,46,823
question,u23-s014-v008,u23,s014,composite-solid-volume,PENDING_MANUAL,52a2986f1919fd7703beb448f0315cd6a3b48c711ba14e908c047aff10fd17cf,48,987
question,u23-s014-v009,u23,s014,composite-solid-volume,PENDING_MANUAL,3474e23254d185ff239577b93808851833d442db68580695a3939351fcc9b099,47,799
question,u23-s014-v010,u23,s014,composite-solid-volume,PENDING_MANUAL,e7050b37c1a3080dbcbd0d8e7ac83ed30f87ab22fb38ee63c5b0510b1e0a3577,49,958
question,u23-s014-v011,u23,s014,composite-solid-volume,PENDING_MANUAL,04a2e4b23bedd051e61a69471c55c66f954e1a0540f720687a0266425c4c32d1,48,886
question,u23-s014-v012,u23,s014,composite-solid-volume,PENDING_MANUAL,8b2fb0418582a16a014f40bc030c0993e7f8fe144e085f853bbd3c89c9d658d1,48,992
question,u23-s014-cr001,u23,s014,composite-solid-volume,PENDING_MANUAL,7717c5e7e4314813375ca37b045648a819cb427f07aefd362e9c24312a1f6145,37,804
question,u23-s014-cr002,u23,s014,composite-solid-volume,PENDING_MANUAL,6c88fc6aa785f7fc9eeabe015bb2ea4cac77d8bddc9f11cf00b1dad6ae11fd6e,35,779
lecture,u23-s015-lecture-r1,u23,s015,composite-solid-surface,PENDING_MANUAL,4a5e7a3812d1547126f43e57b1dfe59f522f3c4e5482d5d57db4f484b8966bb4,130,1864
question,u23-s015-v001,u23,s015,composite-solid-surface,PENDING_MANUAL,fa2719160fe601779fa886f48ea5df0c239fa62f3d3e17ebce16e5a75e7315f6,46,889
question,u23-s015-v002,u23,s015,composite-solid-surface,PENDING_MANUAL,cf124b1d9371d614cfa90b42cc6adbb5702e8654d29d819419e6af8c3789b861,46,856
question,u23-s015-v003,u23,s015,composite-solid-surface,PENDING_MANUAL,52d2721ba966653fb9d49f69823526e67cc9b2aeeb01f2e7cdb656261563fda2,45,873
question,u23-s015-v004,u23,s015,composite-solid-surface,PENDING_MANUAL,6536878afb1972f65183ebc35740e1807ae8760a9ab5327dc2b26af6af133604,47,864
question,u23-s015-v005,u23,s015,composite-solid-surface,PENDING_MANUAL,3404693dc2fe72ba006b6a60f551f8be70686c4b8e917c37df83530fe2a426a9,47,817
question,u23-s015-v006,u23,s015,composite-solid-surface,PENDING_MANUAL,e9aa90b20355eb7a3a87d4664fb9030c92752fbe09287bb98cf921c1941be3c0,46,845
question,u23-s015-v007,u23,s015,composite-solid-surface,PENDING_MANUAL,50dcf918289627549bcd77a4490cbdc34bf0a4da7f80cf536aea2016f39fdb02,46,895
question,u23-s015-v008,u23,s015,composite-solid-surface,PENDING_MANUAL,fdcfa1754acf23f021aaa1722ce9b2b75ecc69dbd7cf9325accf561f7e48982b,45,880
question,u23-s015-v009,u23,s015,composite-solid-surface,PENDING_MANUAL,755695b5a92a3a9641af2c30046b640ed71c0b63f74c6f0394b645f30f03581d,46,871
question,u23-s015-v010,u23,s015,composite-solid-surface,PENDING_MANUAL,ec8d8e8a089d6c4189e678520fca14883b36a5d29010c82b55001c8f301091c5,48,1047
question,u23-s015-v011,u23,s015,composite-solid-surface,PENDING_MANUAL,648b6f39290211861ec435f1335ff3b573bd3d72c16680055d8850ab521dcb75,47,933
question,u23-s015-v012,u23,s015,composite-solid-surface,PENDING_MANUAL,effdb55c7243de7ef1feec5be56c2c4b90819c2d5e4484b294c3cbd87cca915e,49,940
question,u23-s015-cr001,u23,s015,composite-solid-surface,PENDING_MANUAL,b775642a9397e84a59c2fc92e46b7f68ee5e4f483da69171c0fa86d2c6c5a14f,35,786
question,u23-s015-cr002,u23,s015,composite-solid-surface,PENDING_MANUAL,c6a3461c27395082c9d1aa017b91fa5f748f6d9b888370fae702ced619198ea5,38,825
lecture,u23-s016-lecture-r1,u23,s016,solid-literacy,PENDING_MANUAL,f2608f81c057cd423e9bf7a5f67c9674ff4821e74b5c57bcc34178cfb52f3a83,128,1868
question,u23-s016-v001,u23,s016,solid-literacy,PENDING_MANUAL,a86d86cd1db02364d06caed714b898cf18d8ab981559a711745c6bdf004954eb,45,883
question,u23-s016-v002,u23,s016,solid-literacy,PENDING_MANUAL,90ced28e7eea2d0dceb6c2860f7390e86a6252785d452981ff9e5522d67ea752,45,761
question,u23-s016-v003,u23,s016,solid-literacy,PENDING_MANUAL,286158bddbfc93f5e8d8200ad645a3474d02c42ab73a29f74032fb8488e912c9,45,814
question,u23-s016-v004,u23,s016,solid-literacy,PENDING_MANUAL,8e08eca3525c33cbb1a71d82d9adc962ff5d1310daa87be6a804f302faa61cca,45,813
question,u23-s016-v005,u23,s016,solid-literacy,PENDING_MANUAL,5ae748f4e906bd466324696733cfd2c6a86f3dc16c2dca69182688a1ad823309,45,852
question,u23-s016-v006,u23,s016,solid-literacy,PENDING_MANUAL,0667c17d8ab57331aeb01ec4810457427840502f8e027eee237ca94ad0b07c76,46,742
question,u23-s016-v007,u23,s016,solid-literacy,PENDING_MANUAL,c08c987a2283cdcfc38329787f9b85e037bd13946f31ae0edcbc6a697848ed67,48,977
question,u23-s016-v008,u23,s016,solid-literacy,PENDING_MANUAL,5fcd1df820ab42edf00e457399eafed48a60d43d45d328c8bb424b92f116e73d,46,836
question,u23-s016-v009,u23,s016,solid-literacy,PENDING_MANUAL,d6c9ba580f04903e0aa57f9d5b39b771ed477427a6a42165077823f7ef76e8e6,47,875
question,u23-s016-v010,u23,s016,solid-literacy,PENDING_MANUAL,c945f8be044fcb9f54f75eb8899c872d84e8a2225ed369ae99a3b1828938d2e6,51,1040
question,u23-s016-v011,u23,s016,solid-literacy,PENDING_MANUAL,e0ca0d3e67865c3058a3d0fbcec1c84b7ccf5bc97dbdbf642980c81be5a329c8,47,888
question,u23-s016-v012,u23,s016,solid-literacy,PENDING_MANUAL,07f6b0c885ace3d89202a742825db91e186815dd611e7338da11e5784a5e835c,49,970
question,u23-s016-cr001,u23,s016,solid-literacy,PENDING_MANUAL,d4eb7d3f6952c1e615c5f6931163b7eb30ddba27566de897646df909ab1a4d4e,36,877
question,u23-s016-cr002,u23,s016,solid-literacy,PENDING_MANUAL,93837c8996446a83ed13987f16205f292b147db2091f57a4388a19499ffc84b4,35,803
lecture,u23-s017-lecture-r1,u23,s017,solid-sphere-basic,PENDING_MANUAL,f0d793290213d4f04ced1eb2c2a3b64f924c65263abe4858ac2da614053416a1,133,1706
question,u23-s017-v001,u23,s017,solid-sphere-basic,PENDING_MANUAL,91283422759e22619a261e29d5f88b857268665bdd0fa8ff21e01af46363accb,44,677
question,u23-s017-v002,u23,s017,solid-sphere-basic,PENDING_MANUAL,c8a58ca03a7a2fa4b5536d0f1d8389638bc781ea5378d072e1e271d6c1af0c8c,43,701
question,u23-s017-v003,u23,s017,solid-sphere-basic,PENDING_MANUAL,fd7a0c6764cfe328adba41bacef523d7e9315051fb436a911ea2cffd79c5b006,45,747
question,u23-s017-v004,u23,s017,solid-sphere-basic,PENDING_MANUAL,f347060eb12f613a71899443818be7c6e5b95f2419f4c111484c3c1925c71e50,45,763
question,u23-s017-v005,u23,s017,solid-sphere-basic,PENDING_MANUAL,1b172129bd3ee9c1819279f0d5088851b3da7eb3a3d17d150217ed5c35cd807b,44,812
question,u23-s017-v006,u23,s017,solid-sphere-basic,PENDING_MANUAL,1ff1f0a455bc53f38f2629324d6f382ec554e9ffb476b2ed722e17c11b2a7b05,43,744
question,u23-s017-v007,u23,s017,solid-sphere-basic,PENDING_MANUAL,1ece52e0e1e5f42657596dcf9424488666e27e0fd4a0e1fe9bbcac7832808591,45,724
question,u23-s017-v008,u23,s017,solid-sphere-basic,PENDING_MANUAL,0be5b756569a5193ecc59ff0154958c77be36e0d54e1a56f49c04f8e0c7bd083,46,793
question,u23-s017-v009,u23,s017,solid-sphere-basic,PENDING_MANUAL,1925d22e54b8d2744765117c2854693d4e03b2d9cbbf3a0f60f5ace38353f62a,45,779
question,u23-s017-v010,u23,s017,solid-sphere-basic,PENDING_MANUAL,8223d3423482c829c6609cc0018ebcd030782390bcd4bf274b934100f2330275,49,910
question,u23-s017-v011,u23,s017,solid-sphere-basic,PENDING_MANUAL,3e58fbc9e0783a27730879096eba69a24dca62e0a9a25f5bf073b282e413fd36,48,871
question,u23-s017-v012,u23,s017,solid-sphere-basic,PENDING_MANUAL,435cd70f7c0c23a04bdbe49bb129b7cf7f5e7fa347de7bed302c4dc5c4456f9a,47,852
question,u23-s017-cr001,u23,s017,solid-sphere-basic,PENDING_MANUAL,bd275f620adf3dd6cee36d49b8ead2f48ab085708f324850f54ed72b897a65b4,36,716
question,u23-s017-cr002,u23,s017,solid-sphere-basic,PENDING_MANUAL,4905929910926a4b36dd25857125e26806eff3319b8b6629be23963e3561e591,35,776
lecture,u23-s018-lecture-r1,u23,s018,solid-application-word,PENDING_MANUAL,ef1e45777e4d1ff5fba75d4d9b00420190e095d896c87cfbec1055a83e53e742,134,1839
question,u23-s018-v001,u23,s018,solid-application-word,PENDING_MANUAL,4677d1a2db6fde852d52aee3307e61bcf00c3e4d5ba2e70892b51cc3c49b7025,46,865
question,u23-s018-v002,u23,s018,solid-application-word,PENDING_MANUAL,9877bbf43666414c8fea9b8eb26733b25137cd51cb8e522a90c65e8e3ccd9cfb,44,786
question,u23-s018-v003,u23,s018,solid-application-word,PENDING_MANUAL,4fcdd6678dfcc19f4755084c4a9bcb668de02563507c5981d3273f13cbe79f5b,44,731
question,u23-s018-v004,u23,s018,solid-application-word,PENDING_MANUAL,e5795e7d3a88790da8e88f8b4df3598fa953c7aa7c033e599ac23a1343a38c79,47,851
question,u23-s018-v005,u23,s018,solid-application-word,PENDING_MANUAL,231acaf9935fe5420acf9d2b441de6acc6e12cbad4f96e7ebdefecee8ad26090,48,814
question,u23-s018-v006,u23,s018,solid-application-word,PENDING_MANUAL,9b802b3cadb709e432a596822b27dd93de232751cc98c7ba05fb24fbed45cb87,47,823
question,u23-s018-v007,u23,s018,solid-application-word,PENDING_MANUAL,bce3fc47dead461a71d098521e6c2c9d54782f3949e295e8c85780009aca4158,49,887
question,u23-s018-v008,u23,s018,solid-application-word,PENDING_MANUAL,7abd6b268c16d2a8c1d05f8e00a3d2508fe205a7dcc0a75f2f70546c918080b7,47,935
question,u23-s018-v009,u23,s018,solid-application-word,PENDING_MANUAL,115bc701f8765b5967bf97034d03818ab56a4b3fd1c3de26a01b95b6b298756a,44,824
question,u23-s018-v010,u23,s018,solid-application-word,PENDING_MANUAL,ce2d024717dedfaaf2ab10cf4623b43cebcf40d3fed154c4a205cd3d6bfcfa22,50,906
question,u23-s018-v011,u23,s018,solid-application-word,PENDING_MANUAL,8f68cba67c9956552362e1dca261def6a14d004281f5305023e18441b5dbe065,48,927
question,u23-s018-v012,u23,s018,solid-application-word,PENDING_MANUAL,8f89c868a61f9e2c3abc01970cfdcbd410b601db9520cfb9f5aee9a2ee558d93,50,962
question,u23-s018-cr001,u23,s018,solid-application-word,PENDING_MANUAL,0dc2f17a5bdf9a511890484a843a5c29d5e6799c9f5d0520bdc2708bb244bd99,35,818
question,u23-s018-cr002,u23,s018,solid-application-word,PENDING_MANUAL,4b47216f9b8cb488f7c108f8495a1fb4d7f9ad15d98fba0c75b3045580393dc5,36,896
lecture,u23-s019-lecture-r1,u23,s019,solid-packaging,PENDING_MANUAL,9a24755628275c95db81a856c71e1aeaabbf3c53ff4285f4f1775d92b5a06c07,135,2000
question,u23-s019-v001,u23,s019,solid-packaging,PENDING_MANUAL,868b2f762b8c61281106d98821a242d60b9897577cc65abcc69b7de487f4591f,47,895
question,u23-s019-v002,u23,s019,solid-packaging,PENDING_MANUAL,fb87296cff58ea89cca9a0b150fd39993b9e20d21fc9ba1848b95b58f5dbbe92,44,831
question,u23-s019-v003,u23,s019,solid-packaging,PENDING_MANUAL,7b55ca3dcde2bb74d7813d24b810fbc40493beaa87ee62cd49f802f88d41a0f7,46,798
question,u23-s019-v004,u23,s019,solid-packaging,PENDING_MANUAL,540e2c8dec45b1ffbc1a951345d1f146eeaa7f77f80de11f8507490a917346a3,46,767
question,u23-s019-v005,u23,s019,solid-packaging,PENDING_MANUAL,5cc8b45fd039555a4fbbb0e3c2da423f3474dd60a25dcfef1c6a67beeea34f8a,45,831
question,u23-s019-v006,u23,s019,solid-packaging,PENDING_MANUAL,0dca4aff0b25a97e712e2eaf78adbacbeee5b97f102223eb38adab8bda585836,45,866
question,u23-s019-v007,u23,s019,solid-packaging,PENDING_MANUAL,fd59eb2e56c7d0bddb9afa5ebf375cc0f6dbd8af9c2b08f68de7fc2fae68a11d,48,949
question,u23-s019-v008,u23,s019,solid-packaging,PENDING_MANUAL,1d9d8bbaeb1ae890bca7d5a86351e7b378907520209d780150e9e730390ba3da,47,903
question,u23-s019-v009,u23,s019,solid-packaging,PENDING_MANUAL,28ded2dc0552f39d81824f49e3d976cbae8cf2079eb3d8b90fdc4d29a4041c84,46,827
question,u23-s019-v010,u23,s019,solid-packaging,PENDING_MANUAL,c9803e68e88b78b5505be1b9357453402a7b547a72fdb60b20e16f2eb340855a,48,975
question,u23-s019-v011,u23,s019,solid-packaging,PENDING_MANUAL,81affbbd00a43413621d67905e386dae090031d9719e64081904007a824a9655,51,1009
question,u23-s019-v012,u23,s019,solid-packaging,PENDING_MANUAL,cb876745f73f1c2f79bc80ee18b868dc7cb207bcdd26d9c7f7cc631988434dd2,48,918
question,u23-s019-cr001,u23,s019,solid-packaging,PENDING_MANUAL,ba275ca8259865e7e780077864e2af12738c024492621d564568e9e2f3ed4a79,37,882
question,u23-s019-cr002,u23,s019,solid-packaging,PENDING_MANUAL,ab0f9fd5f5eeb420914730b6a1ba541000cd5a25729c64ff4976dd13d7889853,37,927
lecture,u23-s020-lecture-r1,u23,s020,solid-similarity-scale,PENDING_MANUAL,60d3028982ce3e1d9c289fa7c274e485ecc4e87158a6bb9a1142c8ebda58a544,137,1857
question,u23-s020-v001,u23,s020,solid-similarity-scale,PENDING_MANUAL,c20ee60713ec153e4b714fe2bb033252a994d391e24b57785e90642b427b7161,43,708
question,u23-s020-v002,u23,s020,solid-similarity-scale,PENDING_MANUAL,49e62f801dfbab6642950e2d809610cb368cf94de26c83ab83cb6e9e9efe7634,44,839
question,u23-s020-v003,u23,s020,solid-similarity-scale,PENDING_MANUAL,83c5ecf7060aa2e14cc232123e50284c852f344039e2e35578f1e2efe4871933,43,769
question,u23-s020-v004,u23,s020,solid-similarity-scale,PENDING_MANUAL,714d4d8f669756c4ebe70148b3a41a1d8faf94acb0641bf3ee49e172e69be9dc,44,739
question,u23-s020-v005,u23,s020,solid-similarity-scale,PENDING_MANUAL,5ab8dec26c63b9a733436d0f813ebde1e44436fae0400e26f8a68af83ec42aad,44,817
question,u23-s020-v006,u23,s020,solid-similarity-scale,PENDING_MANUAL,09e49b11d2d6ef647b182d6c4620ed1c5c591192e4329d71857a0d78e21681de,45,771
question,u23-s020-v007,u23,s020,solid-similarity-scale,PENDING_MANUAL,c255df32f8e558d91d9388c3ff82760741a1c86201cb0d495880f444a871ed1c,44,749
question,u23-s020-v008,u23,s020,solid-similarity-scale,PENDING_MANUAL,eeb332531e89852c5053a73abafbf9ee220efb4d9b679d3ff6eb79a6e11386e9,46,741
question,u23-s020-v009,u23,s020,solid-similarity-scale,PENDING_MANUAL,112e39bee0fd77d4709df97c63807ad2b31f776b23a4ca25e8ce11ff2c75a05f,45,839
question,u23-s020-v010,u23,s020,solid-similarity-scale,PENDING_MANUAL,134173efd61811f7cd4745ce138b2046a4575151d21df0f792621946f6f1579f,47,892
question,u23-s020-v011,u23,s020,solid-similarity-scale,PENDING_MANUAL,429ba7a9b2d0c997ff55a06261e27f6d6ca0cafa2ff8ce14d2533d13aa007875,46,880
question,u23-s020-v012,u23,s020,solid-similarity-scale,PENDING_MANUAL,f1fc0570d88ae527834d09b4ab3cb91e9c7406490cc200bab0cae7c4acc75069,46,875
question,u23-s020-cr001,u23,s020,solid-similarity-scale,PENDING_MANUAL,fb4cac040999a3547b8f5cd482d5b23cd6f71cb3605f27617e463963b4a2349d,35,744
question,u23-s020-cr002,u23,s020,solid-similarity-scale,PENDING_MANUAL,7460949e41324dd11153d73f92d7b4a927887ff02b3e5a0c90046c2bdaca056a,35,794
