artifactId,artifactType,fieldPath,unicodeCharacterCount,utf8ByteCount,utf8Sha256
u03-s009-lecture-r1,lecture,lectureId,19,19,b30c74879be45dd6fd5f154fe0bd68a53427ee184b6554c8575a7f1a9dc068c1
u03-s009-lecture-r1,lecture,unitId,3,3,97ce842ec69dee17c1842918e63b9d4042fa4b35007146dcfb80a09c5000888a
u03-s009-lecture-r1,lecture,topicId,24,24,326b17ae4f5196ef40b28e1a1c7a830421ca958af02230db5604747dc8ba7ef2
u03-s009-lecture-r1,lecture,skillId,29,29,cdec486420a4b304008be7adeaf6dab5e4d4e7b7eec78002b7e87740d889baba
u03-s009-lecture-r1,lecture,title,19,57,b6756e07ffc1f10f7f088c7b49e43092a7c3c4a010f683c27849bc833eac3840
u03-s009-lecture-r1,lecture,audience,10,30,e6b4416fbd9f36797de01256b31a4d6f6314e126fde8495e25792c814f64fc5f
u03-s009-lecture-r1,lecture,reviewStatus,22,22,ec809598e2f7fcc69fad54c9cd045bba62b4a0dc7c0ff90d4efdc3788c9ad8fb
u03-s009-lecture-r1,lecture,learningOutcomes[0],13,39,432ec92b771de5b3d931f4b1f0da4b101ea5d2751d172e86a5b9e44963953f54
u03-s009-lecture-r1,lecture,learningOutcomes[1],11,33,05b234954c6c76a3d0a93b40349cda9e2440c6c495cabbc0b00b4405a83c005f
u03-s009-lecture-r1,lecture,learningOutcomes[2],17,51,a2ff2fe45a7b09a61fdf442eb4aeea14ecd43ad8316b447bbd91df0b528d67b6
u03-s009-lecture-r1,lecture,learningOutcomes[3],17,51,7b95ced00cb4a00e271afd1ad2f21ecbe5c5bb1e5f0cc7e1d5c09caf2bfb095a
u03-s009-lecture-r1,lecture,prerequisites[0].skillId,27,27,5f2f8d666d252bef335cc616b1265322a5d4f10369bdc814bca52cc04bf18fdf
u03-s009-lecture-r1,lecture,prerequisites[0].requiredLevel,25,75,91052d8b307a373f8926ae5d5ee79ca8f3a955609e43f73b8033da039c917c8a
u03-s009-lecture-r1,lecture,glossary[0].term,2,6,0a39d67eb973d4883246d348152163d65ce342587ccf67beeb246de9d5c46b5c
u03-s009-lecture-r1,lecture,glossary[0].definition,10,30,338a26efa8c2059a801b5c1ec3a9cfcc794f014f17e6e1b44179dc70f1269c3b
u03-s009-lecture-r1,lecture,glossary[1].term,3,9,fc5074f5ea575f7c9b082aba4c154f2d461ab6b06d389b086108247e6723b134
u03-s009-lecture-r1,lecture,glossary[1].definition,17,51,5b5c159335f80cbc2604588814caf39f8fcd463f9afafecab6a26320e7f2b81b
u03-s009-lecture-r1,lecture,glossary[2].term,3,9,5dbe1ccd23142c50bd4275f5e75c62298320c1cba73cd7d382dbfdc734739972
u03-s009-lecture-r1,lecture,glossary[2].definition,15,45,f7a3233f9c1b22c2d86c7a95627a07b80a1677748155a055e4e864deb923bff4
u03-s009-lecture-r1,lecture,glossary[3].term,2,6,8cadb3b3e326bbd53a88c85d4ef57668dec44503734e007ea0bbb4b46fa7a6bd
u03-s009-lecture-r1,lecture,glossary[3].definition,13,39,85c9b96d5e4509124f5e6289eb75d2e5ff0530149266b1152e0e916293f2f7d9
u03-s009-lecture-r1,lecture,notation[0].symbol,4,4,c1e9706b25d6b91b1d10531330c087e1931089239c7103e1b46894f5fc5074d2
u03-s009-lecture-r1,lecture,notation[0].meaning,15,39,8123c1aca7dae678c7fa92f712e0b7c663a2ec07613b01800b4dcce035ea517a
u03-s009-lecture-r1,lecture,notation[1].symbol,3,3,f547dad0989f9450e6f4280e432db8cf03739c259bc9c88236e705a6d41d9c27
u03-s009-lecture-r1,lecture,notation[1].meaning,13,35,15da08a4035912a11c7a3173d300345c99976c7a1d2b6da55001fc87ee38a3a0
u03-s009-lecture-r1,lecture,conceptNarrative[0],25,75,aeca1ed2fa0e4129e15bcc520fe821c069fa679a60229afe72c188b4be44d1ae
u03-s009-lecture-r1,lecture,conceptNarrative[1],21,59,31ade8fe7db9421273d64d71f46c014b1b84dafc7d6f4b3aa1682a40fd5981ac
u03-s009-lecture-r1,lecture,conceptNarrative[2],21,63,3f8084ba6bee9de49309a6b178cf185b4ff9b01a3b794fc786b546c6348ee831
u03-s009-lecture-r1,lecture,conceptNarrative[3],26,78,a106d7ea882739486961ab82099cb34ca57d3dccf7e14db04a9334161e29b02b
u03-s009-lecture-r1,lecture,formalDefinitions[0].name,2,6,e55978cb7652449a94fa7582f0ff0e2bbfa4051aee1c332459465392d1562de9
u03-s009-lecture-r1,lecture,formalDefinitions[0].statement,13,34,a15112919cf7131ca5cc0bb70070c34849f9834740970db1d3d1a2c5784c13c1
u03-s009-lecture-r1,lecture,formalDefinitions[1].name,4,12,600900ee75e7ac4de07f54a4bcae3a23e965e67deb61518b527e6d142bbac438
u03-s009-lecture-r1,lecture,formalDefinitions[1].statement,9,23,a3f654b8065976bcc901ab941e55ed8f849647644acb8795574d185ff56f600a
u03-s009-lecture-r1,lecture,formalDefinitions[2].name,3,9,4aa7132586aed6305fff772d4be3fc2d3424fde66e18e9dbfc989a1ff382552d
u03-s009-lecture-r1,lecture,formalDefinitions[2].statement,10,27,34a46d4a2bb5f95cad20bef55d1a134b7ec328e1e464300f0fecbd0892a39ebd
u03-s009-lecture-r1,lecture,formulas[0].formula,6,6,15655689a37105483b6636d60776c0d27c26308973a418fa0c2d856c32151579
u03-s009-lecture-r1,lecture,formulas[0].conditions[0],10,26,4d883f31b12705fef45d136476d47bd6e9dea014cee963c744224cc7cdcb44b0
u03-s009-lecture-r1,lecture,formulas[0].meaning,9,27,9edaa01480c96d08853597911547088cd8b79f5b6f1f0261494ddb148f75ab95
u03-s009-lecture-r1,lecture,formulas[1].formula,6,6,97516e9768bc8d23c369ece381f67050567e9e031408139c9bfab2a711ab5e5e
u03-s009-lecture-r1,lecture,formulas[1].conditions[0],9,23,4f702726b476fc6c6985ae04c7b148118c5ace49d5aab7ef8ddbbd7dd70f3e2b
u03-s009-lecture-r1,lecture,formulas[1].meaning,6,18,9c941803275f019f606e8a20a1be08833a7bda2beb401b3fc47d8d0707f78a1c
u03-s009-lecture-r1,lecture,nonApplicableCases[0],11,33,cb31e1709b691a15a74929534f6a0da0ae69620e09ffcbda0bccbf4ba0a0d99f
u03-s009-lecture-r1,lecture,nonApplicableCases[1],18,54,ae08615f5a507b20d8b68297a1530fb57e27f236aa21a3c9be91da0f82f342c1
u03-s009-lecture-r1,lecture,nonApplicableCases[2],10,30,ac508e31b31632da1515474923969d3aabb63abcea72c4c303ecf9b0a1cc616b
u03-s009-lecture-r1,lecture,nonApplicableCases[3],12,36,a5c0f101d426a95a8a1109ec8db24ca82157f31221bee659b72aa217938d12fe
u03-s009-lecture-r1,lecture,method[0].instruction,15,45,077e2584ed4b8e02ab8914ed38a8431ac6eed540d9489627585e431212f5583b
u03-s009-lecture-r1,lecture,method[0].check,10,30,79c4ffd75f75aac3af36c5f24a73f82e13dad3d328cbe49f9a21825d9f47fdb8
u03-s009-lecture-r1,lecture,method[1].instruction,12,32,c39323989ecd78b29532bbb12c59d9f37fe9a4d74abbe702e256fec752982c81
u03-s009-lecture-r1,lecture,method[1].check,9,27,c79c7e00dd37e8cf789349b389c3e704ed12c86ae928ccb5acad8233cc94e60e
u03-s009-lecture-r1,lecture,method[2].instruction,10,30,6e312270ced287cee336b817a258412c2b27e57b805d337d9076d12bc05623dc
u03-s009-lecture-r1,lecture,method[2].check,14,42,7f1330baf2fa82e848c54652f8684f96464987a5de113cf39a1b9515f4703d47
u03-s009-lecture-r1,lecture,method[3].instruction,5,15,a90c032ac582355e9649c03aae4dac00787b3362d14d62fb99da37264465908c
u03-s009-lecture-r1,lecture,method[3].check,9,27,9c5909c3742aa7db9c010ccaba995f34e35f473197b460e0d26b06247f2bf9b1
u03-s009-lecture-r1,lecture,method[4].instruction,10,30,53396fb0be95454378c86aaed4f7c2d916ae3a864f6dd2850e5945017eab45d1
u03-s009-lecture-r1,lecture,method[4].check,12,36,0410cae3c0706a0103c323698d211b528b5515fe4c888e4fba6bcb0f403c18cf
u03-s009-lecture-r1,lecture,workedExamples[0].exampleId,2,2,dffe8596427fc50e8f64654a609af134d45552f18bbecef90b31135a9e7acaa0
u03-s009-lecture-r1,lecture,workedExamples[0].prompt,17,39,93006ae3955f311b447a3da033be036c2085ed10bb3dbc6e225cbc67d943783b
u03-s009-lecture-r1,lecture,workedExamples[0].solutionSteps[0],11,15,c1fc4d11eabfadd74f7b9eb60c8e831f354381fb8752aa3bb65bebda2740587c
u03-s009-lecture-r1,lecture,workedExamples[0].solutionSteps[1],7,9,67f6b33cf878ee6fd34766f002521009b1b0920fe75173a5ad9652e3634e24c2
u03-s009-lecture-r1,lecture,workedExamples[0].solutionSteps[2],5,7,a8a93e6b81613f16e56571a2e7060e08ec0b1248e905208865c4f521dcb6360e
u03-s009-lecture-r1,lecture,workedExamples[0].answer,6,14,836469c3d4b219a1a16015c5d46786e413bbe486e41a60f1ffd0523279639d59
u03-s009-lecture-r1,lecture,workedExamples[1].exampleId,2,2,d76354d8457898445bb69e0dc0dc95fb74cc3cf334f8c1859162a16ad0041f8d
u03-s009-lecture-r1,lecture,workedExamples[1].prompt,19,41,a341b7be567edb94c8da5856e4dcd9b53dfecfab6fa79a0ddb5d18ddd8bbdf4a
u03-s009-lecture-r1,lecture,workedExamples[1].solutionSteps[0],9,21,8ff85c71ed0964da66eacce1cbfa35e21eade790b7df3af534027725996f1751
u03-s009-lecture-r1,lecture,workedExamples[1].solutionSteps[1],7,9,70b782d547ce53bcbecef0f03eda05cf332be78a98e214b86ba3966f4671cba2
u03-s009-lecture-r1,lecture,workedExamples[1].solutionSteps[2],6,8,196d6e60b5ecf3977e6362db6113fbfcf8f3e0d5d06f2a443ddfeeadaefd8ff6
u03-s009-lecture-r1,lecture,workedExamples[1].answer,7,15,bda0d31fcf2d7bb78e131387e8da0c68387a10427b546ea6ff7b5b4526bdf38f
u03-s009-lecture-r1,lecture,workedExamples[2].exampleId,2,2,842983de8fb1d277a3fad5c8295c7a14317c458718a10c5a35b23e7f992a5c80
u03-s009-lecture-r1,lecture,workedExamples[2].prompt,11,27,2ee247b572d1355dda69e37628a9b39d59b216a8e5672c76dfdceb7676f16758
u03-s009-lecture-r1,lecture,workedExamples[2].solutionSteps[0],10,12,de5c5c5c7ec790de7002512e97156f9e6e443bd214a610031902e7a62f5869fd
u03-s009-lecture-r1,lecture,workedExamples[2].solutionSteps[1],7,9,1d34eaef7202f7f3d7a8d79bb0360252db60ccc453956fa6db13a1c3540563d3
u03-s009-lecture-r1,lecture,workedExamples[2].answer,8,16,82d77f67c7b5407c551e4ce3bebd361cc71c300e79ecd14efd5be55c9475552e
u03-s009-lecture-r1,lecture,workedExamples[3].exampleId,2,2,4a5a97c6433c4c062457e9335709d57493e75527809d8a9586c141e591ac9f2c
u03-s009-lecture-r1,lecture,workedExamples[3].prompt,23,53,9ac038719fc26617b260e79efbcc3bf665b3bc27a8e33cdd0fb350f011190c97
u03-s009-lecture-r1,lecture,workedExamples[3].solutionSteps[0],15,17,da34200c911239b776a85a669838caca9b78679d2e4d8987d65bd134d2852d44
u03-s009-lecture-r1,lecture,workedExamples[3].solutionSteps[1],7,9,7c7704290b4b39b24f6a05c5166c791beed1751c92c9db31b5311faf991f4ba9
u03-s009-lecture-r1,lecture,workedExamples[3].solutionSteps[2],4,6,1672191a12145f69194bc0325312287591b2821c1e15523b62c56e15dec09948
u03-s009-lecture-r1,lecture,workedExamples[3].answer,8,18,a3917690789a391cc48f5aaa735f53ac3b408a09787cb976bdf6fc5ff2089777
u03-s009-lecture-r1,lecture,commonMistakes[0].mistake,8,24,4d0b1ee5b91479f422bb9b2b461308e6860cf148d8427645eb3cd0e48c0854cf
u03-s009-lecture-r1,lecture,commonMistakes[0].why,8,24,09f220e0e401c8f485881ce8a647e76b8b6cd9c99175e925f1df18e67251a84f
u03-s009-lecture-r1,lecture,commonMistakes[0].correction,8,24,03d63f305f3087aeb0ba8c9b148583590795e40d0e25895992ea67e9a7cd3fbe
u03-s009-lecture-r1,lecture,commonMistakes[1].mistake,8,24,974493e56b22d6278e073c46d4c7b846f46589067109cdb32b77038b2dfe457e
u03-s009-lecture-r1,lecture,commonMistakes[1].why,5,15,564bbe6cd85d4df370009a668176fa0f28e98ca34c4326431a4289cc6fdfc424
u03-s009-lecture-r1,lecture,commonMistakes[1].correction,10,26,f8a483aff44d20a97be69e84ce39c8b5e61839e9ccf01f07b05c197cf1e1fb98
u03-s009-lecture-r1,lecture,commonMistakes[2].mistake,9,27,66cfb45ab5e66105dfe9e620229b47fb9d19d471074412db62d622607b8cf9bf
u03-s009-lecture-r1,lecture,commonMistakes[2].why,5,15,39d20115f4ded3ce3f3546936dd7b5e071119bf429519a6a53b363a0ae789119
u03-s009-lecture-r1,lecture,commonMistakes[2].correction,8,24,e3bedff2b3401278b623718b7461468125996b0bed9b92844c3821d1996b1752
u03-s009-lecture-r1,lecture,commonMistakes[3].mistake,8,24,f1bfedcc71b68d11abfe2a7ca9c44fd1ca4dc2212395973390879ebb097d8f9f
u03-s009-lecture-r1,lecture,commonMistakes[3].why,9,27,d6db27d152ffc18d4b63a878819c2eac57316d831d8706515004705e3ac88a8f
u03-s009-lecture-r1,lecture,commonMistakes[3].correction,10,27,5ce24bcc3f9886bb40a21e715187fd567cb4d0defaea421c976bfc534db603df
u03-s009-lecture-r1,lecture,commonMistakes[4].mistake,10,30,5699d728fe6874342214f05d820a6a8ad05c5ab4ee5d656be2599677a25bdfb1
u03-s009-lecture-r1,lecture,commonMistakes[4].why,7,21,692870715b82eb0fffdc3a5f93cbeef8883023193a1455848dd9c1cec1810660
u03-s009-lecture-r1,lecture,commonMistakes[4].correction,10,30,519ecb1024401c0cb79ee109f144c960229d4397412679422eec21dc1e11ab34
u03-s009-lecture-r1,lecture,commonMistakes[5].mistake,9,27,b41162e978cafafdb08661d884c0f0547e9be203067e6108e6edc00a8f19e9e7
u03-s009-lecture-r1,lecture,commonMistakes[5].why,6,18,2e9a0f264b9d4dafd3ee5395fa92c53ccff73e0cef2d05c81da10b18804534b1
u03-s009-lecture-r1,lecture,commonMistakes[5].correction,10,26,019d9bb6ec5c88331dd5bdca48be227ae0f2cd569145aba4510c6ffc9ea74f70
u03-s009-lecture-r1,lecture,selfCheck[0],10,30,fea2ba4e5005f14b89133db8610511fbb5f5309b108854de2b274c574bdb9170
u03-s009-lecture-r1,lecture,selfCheck[1],10,30,08b4a36c825236096cd61b2d97be4f256ee543848d6a32934e89cf46e0beb7de
u03-s009-lecture-r1,lecture,selfCheck[2],12,36,175337560aa1541c6d528c6f3d71e4da28d78cf9aed3eacbd808ab212da37439
u03-s009-lecture-r1,lecture,selfCheck[3],9,27,9c5909c3742aa7db9c010ccaba995f34e35f473197b460e0d26b06247f2bf9b1
u03-s009-lecture-r1,lecture,selfCheck[4],12,36,2fca2fe4d1668d7794e1dfc071b7b7ee57e843f95cecb905e60d95c26f279db6
u03-s009-lecture-r1,lecture,summary[0],13,39,369c3cd5aab6a1d7cd6c8731433f5595408398929415a1b896e99daf1ddb5a2a
u03-s009-lecture-r1,lecture,summary[1],11,33,2ca2bc6ff7da10958326359258f63bd74af430aa939024ef5cefb0e42229a602
u03-s009-lecture-r1,lecture,summary[2],10,30,09a6474219ab8bbecf42a4aa70d10d00bf79837eb941404fc8512c8d89a02c23
u03-s009-lecture-r1,lecture,summary[3],12,36,9ff30dea9d50cf24eb7f001f7a7c9d613a48b58307e981af3561a06cade20ec7
u03-s009-lecture-r1,lecture,connections.previous,18,54,059aa5b8be046ab0a1031919065a2a7ba3fd4bc35bfb8eba3d35f4cf88059157
u03-s009-lecture-r1,lecture,connections.next[0],18,52,15991c14181568b263608d302021883dafecbefd2d6bb5a51c68e210d810dc3e
u03-s009-lecture-r1,lecture,connections.next[1],15,45,f405da35fbe8b56b38205ed6bfa6096106c063a6724fcd19407f1b538131f3d8
u03-s009-lecture-r1,lecture,practiceLinks.mcQuestionIds[0],13,13,7030b554e3d7bc9b1cd8e77843b55b11a64b7442b4884a6c483066c411aad3c6
u03-s009-lecture-r1,lecture,practiceLinks.mcQuestionIds[1],13,13,70bdcc1ad18be6e0cea3a88f768aae6632e93c9d9996997c3984e2e4cc2b5293
u03-s009-lecture-r1,lecture,practiceLinks.mcQuestionIds[2],13,13,4aebbd8e23db1d7d607762b40a6b8a4df66310e49f432ccb04a2926379d97e63
u03-s009-lecture-r1,lecture,practiceLinks.mcQuestionIds[3],13,13,0a526390a810423e7e9608d1b584d30c50e138a256582d769ffa5bc125fa2aa0
u03-s009-lecture-r1,lecture,practiceLinks.mcQuestionIds[4],13,13,88e0a53afc751fd99fd1ef4f09d951f24ff6cc17c396aa87c0db23092370fcb6
u03-s009-lecture-r1,lecture,practiceLinks.mcQuestionIds[5],13,13,7f45536ab3ecc46e302e4735235713095b81388bab40821a6e0e5dc158891948
u03-s009-lecture-r1,lecture,practiceLinks.mcQuestionIds[6],13,13,58396274bef0de588016d23ee73360f7606d0346a7e84fb495e51e579eb251b8
u03-s009-lecture-r1,lecture,practiceLinks.mcQuestionIds[7],13,13,f7f5416a4048267cead90ee53fda04351bbe1ba9487e0cdbce79366d8af78379
u03-s009-lecture-r1,lecture,practiceLinks.mcQuestionIds[8],13,13,2e8844f5fdd7223d1aece7e8f1d412d8337c0c0b8be3eb466c08f716ab96009e
u03-s009-lecture-r1,lecture,practiceLinks.mcQuestionIds[9],13,13,a739e6781ca4605b2f880fea08649f79fbafb26186ed5c6d831915cd9838e1fb
u03-s009-lecture-r1,lecture,practiceLinks.mcQuestionIds[10],13,13,72e5e947ac7dae0ab8daf8cca7601b9b146b0268c3934e41a8084965b962c99a
u03-s009-lecture-r1,lecture,practiceLinks.mcQuestionIds[11],13,13,9fcd50f46cf9ef46198e94843dced4a35e88eae096f0aae16d9154d379b1f5ea
u03-s009-lecture-r1,lecture,practiceLinks.constructedResponseIds[0],14,14,8ce3d5330ef9017eebf8eb348adffadd26770339b11f7391dd9b75c3064c679e
u03-s009-lecture-r1,lecture,practiceLinks.constructedResponseIds[1],14,14,987b53b9e2e2f864e3f3f32499e1e68800972a465c73586de5d5852d9c72e100
u03-s009-lecture-r1,lecture,lectureReview.mathematicalCorrectness,4,4,d74ff0ee8da3b9806b18c877dbf29bbde50b5bd8e4dad7a3a725000feb82e8f1
u03-s009-lecture-r1,lecture,lectureReview.zeroFoundationReadability,4,4,d74ff0ee8da3b9806b18c877dbf29bbde50b5bd8e4dad7a3a725000feb82e8f1
u03-s009-lecture-r1,lecture,lectureReview.scopeCheck,21,21,fdf8268f0373301b2fcc6331f1d8999b8aabea69681e8bc972ab9a21216a7606
u03-s009-lecture-r1,lecture,lectureReview.reviewNote,76,135,c00b801ef183b3b36819c1d28118e1b06d9313838095a0ecbf6e7642316d2ccd
u03-s009-lecture-r1,lecture,lectureReview.reviewVersion,25,25,413c3743bf06637b23333702bf9263e0db21fd6b3c3879070d877faca58db442
u03-s009-lecture-r1,lecture,lectureReview.reviewedAt,10,10,14158d45727526145ef514139eeb669eb54d613dbcffe524f099dbb71c9d8b08
u03-s009-lecture-r1,lecture,contentSha256,64,64,7e0f8a6800228b63121b0353b5eb401b66dac63bb931fdbae45eb86d95bfd437
u03-s009-lecture-r1,lecture,contentAuthority,25,25,ed40f75ffe3d6ad4e71f6e7919d063410490de360edb425965eccd605ca9d79e
u03-s009-lecture-r1,lecture,legacyContentDisposition,40,40,bb8421a43fb9d90c642b60311f091a34addbe10678daf757010d688c8c2a21b3
u03-s009-v001,question,questionId,13,13,7030b554e3d7bc9b1cd8e77843b55b11a64b7442b4884a6c483066c411aad3c6
u03-s009-v001,question,unitId,3,3,97ce842ec69dee17c1842918e63b9d4042fa4b35007146dcfb80a09c5000888a
u03-s009-v001,question,topicId,24,24,326b17ae4f5196ef40b28e1a1c7a830421ca958af02230db5604747dc8ba7ef2
u03-s009-v001,question,skillId,29,29,cdec486420a4b304008be7adeaf6dab5e4d4e7b7eec78002b7e87740d889baba
u03-s009-v001,question,difficulty,5,5,fbb7b5bf4ca348eeeebf8cc3660712859a5a1fbf18e83217a57ce203fb51d5c2
u03-s009-v001,question,type,2,2,6bc0f9c4ecb0acbebf1b9f6c816bdd66f4885f67c917d9e141cf893014fba936
u03-s009-v001,question,visualMode,9,9,9c7d54b0bf7a9369d8594201c7b11955514343809d09fbec33966c1fd9794015
u03-s009-v001,question,sourceScope,19,19,a4b669ddb8ef1883391c07a7b633f12eeaeecee7ec37c09eea4931aff6644346
u03-s009-v001,question,text,35,81,1bdde30ac71e301e723f55d812e11648c3087011bcfe46611f28f4c790e0e259
u03-s009-v001,question,choices[0],2,2,624b60c58c9d8bfb6ff1886c2fd605d2adeb6ea4da576068201b6c6958ce93f4
u03-s009-v001,question,choices[1],2,2,f5ca38f748a1d6eaf726b8a42fb575c3c71f1864a8143301782de13da2d9202b
u03-s009-v001,question,choices[2],2,2,76a50887d8f1c2e9301755428990ad81479ee21c25b43215cf524541e0503269
u03-s009-v001,question,choices[3],2,2,69f59c273b6e669ac32a6dd5e1b2cb63333d8b004f9696447aee2d422ce63763
u03-s009-v001,question,explanation,34,70,bb804f95f95f8781c82458424103458ddaf201bdff3cd813a82b912adf24a113
u03-s009-v001,question,steps[0],10,12,b285f0a6146a3c96ca3f40a1dbd86c545462706273d30fe6a1f828f811fd8796
u03-s009-v001,question,steps[1],6,14,e20712248a82f09c968d7e6796b65c5aff392b255104d8ee2871762cb203ae9d
u03-s009-v001,question,steps[2],5,9,85099b65843d4128352aad309e7f4091582fa7388c3f131129eb3772d8d9f869
u03-s009-v001,question,optionAnalysis[0].choice,2,2,624b60c58c9d8bfb6ff1886c2fd605d2adeb6ea4da576068201b6c6958ce93f4
u03-s009-v001,question,optionAnalysis[0].reason,40,80,691a14185464160769b518426f1f05cde3c0fb3db80bfedb8e74b23a454ed29b
u03-s009-v001,question,optionAnalysis[1].choice,2,2,f5ca38f748a1d6eaf726b8a42fb575c3c71f1864a8143301782de13da2d9202b
u03-s009-v001,question,optionAnalysis[1].reason,8,24,b0c39cbc408a870ad9ce87ec26cde9b791b887c5a798ca0bdda2ed9178769693
u03-s009-v001,question,optionAnalysis[2].choice,2,2,76a50887d8f1c2e9301755428990ad81479ee21c25b43215cf524541e0503269
u03-s009-v001,question,optionAnalysis[2].reason,11,24,e2783874a3289f17347181f41ee0940e9d42a68db124f1742f71a884a1ac2661
u03-s009-v001,question,optionAnalysis[3].choice,2,2,69f59c273b6e669ac32a6dd5e1b2cb63333d8b004f9696447aee2d422ce63763
u03-s009-v001,question,optionAnalysis[3].reason,8,20,6e38351e69330de26c0304a548b0eacee871759b735f7f0e80d9eb0bf30dee9f
u03-s009-v001,question,commonMistake,12,36,8af1ebec1984f223664c4caf5daceed7fe8ab2d748eb232f70de0865ed9be568
u03-s009-v001,question,concept,10,30,b6cf89eb68d4c45d48bb7ee9fc5394348a144f733515dd8f992f4473c855d261
u03-s009-v001,question,tags[0],2,6,32f6541b44ed479dbf6cc8c7dd98824e49e03974d72ad8b65c33383a9cbb349f
u03-s009-v001,question,tags[1],4,12,946b349fa31198360d1e33f593fe06b726201773313408f4afa029c57ca643ac
u03-s009-v001,question,tags[2],5,5,fbb7b5bf4ca348eeeebf8cc3660712859a5a1fbf18e83217a57ce203fb51d5c2
u03-s009-v001,question,estimatedTimeSec,2,2,f369cb89fc627e668987007d121ed1eacdc01db9e28f8bb26f358b7d8c4f08ac
u03-s009-v001,question,prerequisiteSkillIds[0],27,27,5f2f8d666d252bef335cc616b1265322a5d4f10369bdc814bca52cc04bf18fdf
u03-s009-v001,question,authoringIntent,11,33,aab7f86ca7e8cc5baab50c93933e854f6036658cbc98e7cb50e1680a3d6187e1
u03-s009-v001,question,reviewStatus,22,22,ec809598e2f7fcc69fad54c9cd045bba62b4a0dc7c0ff90d4efdc3788c9ad8fb
u03-s009-v001,question,contentSha256,64,64,4e120bb8f531d6a5ca0c689147135e4798036718d9deb70069247d191d87b6f6
u03-s009-v001,question,contentAuthority,25,25,ed40f75ffe3d6ad4e71f6e7919d063410490de360edb425965eccd605ca9d79e
u03-s009-v001,question,legacyContentDisposition,39,39,2efcc87c0c9673d2efe77735ae75582eb178c880b07035d8695f010e324b7c71
u03-s009-v002,question,questionId,13,13,70bdcc1ad18be6e0cea3a88f768aae6632e93c9d9996997c3984e2e4cc2b5293
u03-s009-v002,question,unitId,3,3,97ce842ec69dee17c1842918e63b9d4042fa4b35007146dcfb80a09c5000888a
u03-s009-v002,question,topicId,24,24,326b17ae4f5196ef40b28e1a1c7a830421ca958af02230db5604747dc8ba7ef2
u03-s009-v002,question,skillId,29,29,cdec486420a4b304008be7adeaf6dab5e4d4e7b7eec78002b7e87740d889baba
u03-s009-v002,question,difficulty,5,5,fbb7b5bf4ca348eeeebf8cc3660712859a5a1fbf18e83217a57ce203fb51d5c2
u03-s009-v002,question,type,2,2,6bc0f9c4ecb0acbebf1b9f6c816bdd66f4885f67c917d9e141cf893014fba936
u03-s009-v002,question,visualMode,9,9,9c7d54b0bf7a9369d8594201c7b11955514343809d09fbec33966c1fd9794015
u03-s009-v002,question,sourceScope,19,19,a4b669ddb8ef1883391c07a7b633f12eeaeecee7ec37c09eea4931aff6644346
u03-s009-v002,question,text,34,82,91198402be75110112f59ca4566b5c11b214a568d2b8ee5f70edb011840989e9
u03-s009-v002,question,choices[0],2,2,6b51d431df5d7f141cbececcf79edf3dd861c3b4069f0b11661a3eefacbba918
u03-s009-v002,question,choices[1],2,2,e629fa6598d732768f7c726b4b621285f9c3b85303900aa912017db7617d8bdb
u03-s009-v002,question,choices[2],2,2,4ec9599fc203d176a301536c2e091a19bc852759b255bd6818810a42c5fed14a
u03-s009-v002,question,choices[3],2,2,f369cb89fc627e668987007d121ed1eacdc01db9e28f8bb26f358b7d8c4f08ac
u03-s009-v002,question,explanation,34,82,f46a9ab4e3911b07e8f61dd8f0063bc668bcb08175b129eac77784b214339539
u03-s009-v002,question,steps[0],8,20,4e16f3dff5ce6b439c3afc797a0db65e9387fdd6a252234ab431061b9071d11f
u03-s009-v002,question,steps[1],8,18,94b8dca751f0ff5946d33b1bf7b6c9b6b11a42c0d901c5931508e26d50537177
u03-s009-v002,question,steps[2],5,9,09225615f109453786138c375f5889997b4fe8157a1d0fa87e4911629d1a8df1
u03-s009-v002,question,optionAnalysis[0].choice,2,2,6b51d431df5d7f141cbececcf79edf3dd861c3b4069f0b11661a3eefacbba918
u03-s009-v002,question,optionAnalysis[0].reason,10,20,f4414a27cf460f0355879ad6af33794597719f1e95569741e898713e0378da9f
u03-s009-v002,question,optionAnalysis[1].choice,2,2,e629fa6598d732768f7c726b4b621285f9c3b85303900aa912017db7617d8bdb
u03-s009-v002,question,optionAnalysis[1].reason,31,57,4d13082b12c7b141263074ba956be889032cbd7ce294e780befacaa46bf68b1f
u03-s009-v002,question,optionAnalysis[2].choice,2,2,4ec9599fc203d176a301536c2e091a19bc852759b255bd6818810a42c5fed14a
u03-s009-v002,question,optionAnalysis[2].reason,7,14,5da63f4656da4d7b0bda38e3ef946af27400913dd6c480f645bd5057584080ec
u03-s009-v002,question,optionAnalysis[3].choice,2,2,f369cb89fc627e668987007d121ed1eacdc01db9e28f8bb26f358b7d8c4f08ac
u03-s009-v002,question,optionAnalysis[3].reason,9,23,819564ac78ef014b85ef13ec8c290154d61cc5dab930726a314b15f854e9dc25
u03-s009-v002,question,commonMistake,15,45,68fedbd358cc72ab39b7908fe4a595c3fc5515198accf5a9fd697ecf7ec365c3
u03-s009-v002,question,concept,11,33,b95e136bfe7b7a50de9d2300c28c456d149f9667b1ad49433a1bf867dc625e6c
u03-s009-v002,question,tags[0],2,6,32f6541b44ed479dbf6cc8c7dd98824e49e03974d72ad8b65c33383a9cbb349f
u03-s009-v002,question,tags[1],4,12,946b349fa31198360d1e33f593fe06b726201773313408f4afa029c57ca643ac
u03-s009-v002,question,tags[2],5,5,fbb7b5bf4ca348eeeebf8cc3660712859a5a1fbf18e83217a57ce203fb51d5c2
u03-s009-v002,question,estimatedTimeSec,2,2,f369cb89fc627e668987007d121ed1eacdc01db9e28f8bb26f358b7d8c4f08ac
u03-s009-v002,question,prerequisiteSkillIds[0],27,27,5f2f8d666d252bef335cc616b1265322a5d4f10369bdc814bca52cc04bf18fdf
u03-s009-v002,question,authoringIntent,10,30,500638b246ad94eb433e692924b01b2bf78de15c1541839434cfe6fc643eb5c4
u03-s009-v002,question,reviewStatus,22,22,ec809598e2f7fcc69fad54c9cd045bba62b4a0dc7c0ff90d4efdc3788c9ad8fb
u03-s009-v002,question,contentSha256,64,64,134049507476c3a6c59417e52c90e7d597145a463b48169e2eb509adffa059c8
u03-s009-v002,question,contentAuthority,25,25,ed40f75ffe3d6ad4e71f6e7919d063410490de360edb425965eccd605ca9d79e
u03-s009-v002,question,legacyContentDisposition,39,39,2efcc87c0c9673d2efe77735ae75582eb178c880b07035d8695f010e324b7c71
u03-s009-v003,question,questionId,13,13,4aebbd8e23db1d7d607762b40a6b8a4df66310e49f432ccb04a2926379d97e63
u03-s009-v003,question,unitId,3,3,97ce842ec69dee17c1842918e63b9d4042fa4b35007146dcfb80a09c5000888a
u03-s009-v003,question,topicId,24,24,326b17ae4f5196ef40b28e1a1c7a830421ca958af02230db5604747dc8ba7ef2
u03-s009-v003,question,skillId,29,29,cdec486420a4b304008be7adeaf6dab5e4d4e7b7eec78002b7e87740d889baba
u03-s009-v003,question,difficulty,5,5,fbb7b5bf4ca348eeeebf8cc3660712859a5a1fbf18e83217a57ce203fb51d5c2
u03-s009-v003,question,type,2,2,6bc0f9c4ecb0acbebf1b9f6c816bdd66f4885f67c917d9e141cf893014fba936
u03-s009-v003,question,visualMode,9,9,9c7d54b0bf7a9369d8594201c7b11955514343809d09fbec33966c1fd9794015
u03-s009-v003,question,sourceScope,19,19,a4b669ddb8ef1883391c07a7b633f12eeaeecee7ec37c09eea4931aff6644346
u03-s009-v003,question,text,33,75,73e33f388ad8c2c89dce7032b1502fa056c3e5be74aa8923fe34dbfab43353fc
u03-s009-v003,question,choices[0],3,3,ad57366865126e55649ecb23ae1d48887544976efea46a48eb5d85a6eeb4d306
u03-s009-v003,question,choices[1],3,3,2abaca4911e68fa9bfbf3482ee797fd5b9045b841fdff7253557c5fe15de6477
u03-s009-v003,question,choices[2],3,3,9bdb2af6799204a299c603994b8e400e4b1fd625efdb74066cc869fee42c9df3
u03-s009-v003,question,choices[3],3,3,dbae772db29058a88f9bd830e957c695347c41b6162a7eb9a9ea13def34be56b
u03-s009-v003,question,explanation,35,73,3c92c346ea9da42f7edc9e2970d2b6efee211b25e7ccecd3108be92cf81ee4f4
u03-s009-v003,question,steps[0],8,18,e25334bdd990f584881edaa877cfe3547ef4fd2060ad44945db0bb5a16df23bf
u03-s009-v003,question,steps[1],7,9,7059a7992db346e868700c3c499f09af5bd3bf80ce9505f01072d4bad88ff6c5
u03-s009-v003,question,steps[2],6,10,261ca135fdde863af18fdcbdefb7708d1b3753dc634c76c5ca8daf76ad720f34
u03-s009-v003,question,optionAnalysis[0].choice,3,3,ad57366865126e55649ecb23ae1d48887544976efea46a48eb5d85a6eeb4d306
u03-s009-v003,question,optionAnalysis[0].reason,9,19,8c6337bb374bb6ee91c41b821db507a644bdbd2ff422b6128173e3d556b14b99
u03-s009-v003,question,optionAnalysis[1].choice,3,3,2abaca4911e68fa9bfbf3482ee797fd5b9045b841fdff7253557c5fe15de6477
u03-s009-v003,question,optionAnalysis[1].reason,10,18,0b75958e39b316b2c453ba5443b3691d469ddd7376a70e7c5891f33820c41dbe
u03-s009-v003,question,optionAnalysis[2].choice,3,3,9bdb2af6799204a299c603994b8e400e4b1fd625efdb74066cc869fee42c9df3
u03-s009-v003,question,optionAnalysis[2].reason,40,76,70a9929b24d0a0b9e4fb2d144d50250954f88dc1399b9bad6ff051398c5ce1d1
u03-s009-v003,question,optionAnalysis[3].choice,3,3,dbae772db29058a88f9bd830e957c695347c41b6162a7eb9a9ea13def34be56b
u03-s009-v003,question,optionAnalysis[3].reason,9,27,6ce7874f86dcd18ea74c3fb7aaa1c72b3b86718ebba396938aa72f758dbd2adc
u03-s009-v003,question,commonMistake,9,27,992df401d311f91a847a9c3f456db4cfcfad2065f0d4ef5003cf6355d7c1524e
u03-s009-v003,question,concept,11,29,3321b976f1bfd7d84e35d9489afbd28c46cf3421f0cf2cbf3f30a607ef2129f3
u03-s009-v003,question,tags[0],2,6,32f6541b44ed479dbf6cc8c7dd98824e49e03974d72ad8b65c33383a9cbb349f
u03-s009-v003,question,tags[1],4,12,946b349fa31198360d1e33f593fe06b726201773313408f4afa029c57ca643ac
u03-s009-v003,question,tags[2],5,5,fbb7b5bf4ca348eeeebf8cc3660712859a5a1fbf18e83217a57ce203fb51d5c2
u03-s009-v003,question,estimatedTimeSec,2,2,f369cb89fc627e668987007d121ed1eacdc01db9e28f8bb26f358b7d8c4f08ac
u03-s009-v003,question,prerequisiteSkillIds[0],27,27,5f2f8d666d252bef335cc616b1265322a5d4f10369bdc814bca52cc04bf18fdf
u03-s009-v003,question,authoringIntent,12,36,4782a593cca39f9774177b61e50990d1d60799c4181ea52a028ea693150ed89b
u03-s009-v003,question,reviewStatus,22,22,ec809598e2f7fcc69fad54c9cd045bba62b4a0dc7c0ff90d4efdc3788c9ad8fb
u03-s009-v003,question,contentSha256,64,64,f70ebb75a0c89e27bea3bcf6c8be4cc7f767dd82f081e81096d5e174d8ea6ca1
u03-s009-v003,question,contentAuthority,25,25,ed40f75ffe3d6ad4e71f6e7919d063410490de360edb425965eccd605ca9d79e
u03-s009-v003,question,legacyContentDisposition,39,39,2efcc87c0c9673d2efe77735ae75582eb178c880b07035d8695f010e324b7c71
u03-s009-v004,question,questionId,13,13,0a526390a810423e7e9608d1b584d30c50e138a256582d769ffa5bc125fa2aa0
u03-s009-v004,question,unitId,3,3,97ce842ec69dee17c1842918e63b9d4042fa4b35007146dcfb80a09c5000888a
u03-s009-v004,question,topicId,24,24,326b17ae4f5196ef40b28e1a1c7a830421ca958af02230db5604747dc8ba7ef2
u03-s009-v004,question,skillId,29,29,cdec486420a4b304008be7adeaf6dab5e4d4e7b7eec78002b7e87740d889baba
u03-s009-v004,question,difficulty,8,8,fe6d3468cf5c74d8ec2a95b40f2e05338c37a4202f8fad692d2b64a9cf9b468a
u03-s009-v004,question,type,2,2,6bc0f9c4ecb0acbebf1b9f6c816bdd66f4885f67c917d9e141cf893014fba936
u03-s009-v004,question,visualMode,9,9,9c7d54b0bf7a9369d8594201c7b11955514343809d09fbec33966c1fd9794015
u03-s009-v004,question,sourceScope,19,19,a4b669ddb8ef1883391c07a7b633f12eeaeecee7ec37c09eea4931aff6644346
u03-s009-v004,question,text,24,62,61be48f15315e6d2599729007f50f9af651d66616c3c88ace06892317ef2b339
u03-s009-v004,question,choices[0],3,3,94f8607915dff25f013e45fc0642fb9830b0fb25ab0ab46d477eaf1061def379
u03-s009-v004,question,choices[1],3,3,f7b856c054de7ccced087ad4f9413380ec494e40abc818b840aaad990ca3c5bc
u03-s009-v004,question,choices[2],4,4,6f13d39f5c4665967f7df9f2f7311187fda905292da1a5a7cef66dd8cb6e9dd8
u03-s009-v004,question,choices[3],3,3,1a1cf797fabe7f95836fabeca626907c77b3e6c9aff7c2290b396a238c69362e
u03-s009-v004,question,explanation,41,83,0de081d899f1e932365194ccc3277cb02ada4925f629b92693c424cafd923408
u03-s009-v004,question,steps[0],10,24,f8b64b0d4990f0369d184234c4b3be10ff15212abacfb274ad5cd52f3f7e4f1e
u03-s009-v004,question,steps[1],9,11,c9ede437d8b4a21ce90d5d5a23950101815f26572f6a668b4c8e8b1c65cf2ba3
u03-s009-v004,question,steps[2],8,12,1ca351947b7e1dcb134746057f4dde6e13eb04e30128f62432236ebe96975f8d
u03-s009-v004,question,optionAnalysis[0].choice,3,3,94f8607915dff25f013e45fc0642fb9830b0fb25ab0ab46d477eaf1061def379
u03-s009-v004,question,optionAnalysis[0].reason,10,18,ede87fb19d999de2b45cc61cbecf9b02864a71645570666d75b062971f881cbf
u03-s009-v004,question,optionAnalysis[1].choice,3,3,f7b856c054de7ccced087ad4f9413380ec494e40abc818b840aaad990ca3c5bc
u03-s009-v004,question,optionAnalysis[1].reason,11,27,b9542382ebc8dcd8f59269e23e8f47086192d81342d97a1565976e8b618ff854
u03-s009-v004,question,optionAnalysis[2].choice,4,4,6f13d39f5c4665967f7df9f2f7311187fda905292da1a5a7cef66dd8cb6e9dd8
u03-s009-v004,question,optionAnalysis[2].reason,13,33,6f3b29c55e9ffb206f1de491e45112be878ce984622a22f1d34e1978d9e3a6b6
u03-s009-v004,question,optionAnalysis[3].choice,3,3,1a1cf797fabe7f95836fabeca626907c77b3e6c9aff7c2290b396a238c69362e
u03-s009-v004,question,optionAnalysis[3].reason,42,81,021e509a17007dad5b1ab89be4a7c593140a4ac3141bca42d33a036375bb0451
u03-s009-v004,question,commonMistake,10,30,98a6bef740968949e64b475dfc02427ef7d89ea5bace49e56cea0c6a4fceb61c
u03-s009-v004,question,concept,10,27,34a46d4a2bb5f95cad20bef55d1a134b7ec328e1e464300f0fecbd0892a39ebd
u03-s009-v004,question,tags[0],2,6,32f6541b44ed479dbf6cc8c7dd98824e49e03974d72ad8b65c33383a9cbb349f
u03-s009-v004,question,tags[1],4,12,946b349fa31198360d1e33f593fe06b726201773313408f4afa029c57ca643ac
u03-s009-v004,question,tags[2],8,8,fe6d3468cf5c74d8ec2a95b40f2e05338c37a4202f8fad692d2b64a9cf9b468a
u03-s009-v004,question,estimatedTimeSec,2,2,f369cb89fc627e668987007d121ed1eacdc01db9e28f8bb26f358b7d8c4f08ac
u03-s009-v004,question,prerequisiteSkillIds[0],27,27,5f2f8d666d252bef335cc616b1265322a5d4f10369bdc814bca52cc04bf18fdf
u03-s009-v004,question,authoringIntent,12,36,35310273869ff20a58a91c5717ba51aca00a515e2bb8b10a428f8c5ac573a912
u03-s009-v004,question,reviewStatus,22,22,ec809598e2f7fcc69fad54c9cd045bba62b4a0dc7c0ff90d4efdc3788c9ad8fb
u03-s009-v004,question,contentSha256,64,64,9e6c5bb837545d76abb1357a41d53c70f4ce22bb8169a6fcf53fee9fe404e6d2
u03-s009-v004,question,contentAuthority,25,25,ed40f75ffe3d6ad4e71f6e7919d063410490de360edb425965eccd605ca9d79e
u03-s009-v004,question,legacyContentDisposition,39,39,2efcc87c0c9673d2efe77735ae75582eb178c880b07035d8695f010e324b7c71
u03-s009-v005,question,questionId,13,13,88e0a53afc751fd99fd1ef4f09d951f24ff6cc17c396aa87c0db23092370fcb6
u03-s009-v005,question,unitId,3,3,97ce842ec69dee17c1842918e63b9d4042fa4b35007146dcfb80a09c5000888a
u03-s009-v005,question,topicId,24,24,326b17ae4f5196ef40b28e1a1c7a830421ca958af02230db5604747dc8ba7ef2
u03-s009-v005,question,skillId,29,29,cdec486420a4b304008be7adeaf6dab5e4d4e7b7eec78002b7e87740d889baba
u03-s009-v005,question,difficulty,8,8,fe6d3468cf5c74d8ec2a95b40f2e05338c37a4202f8fad692d2b64a9cf9b468a
u03-s009-v005,question,type,2,2,6bc0f9c4ecb0acbebf1b9f6c816bdd66f4885f67c917d9e141cf893014fba936
u03-s009-v005,question,visualMode,9,9,9c7d54b0bf7a9369d8594201c7b11955514343809d09fbec33966c1fd9794015
u03-s009-v005,question,sourceScope,19,19,a4b669ddb8ef1883391c07a7b633f12eeaeecee7ec37c09eea4931aff6644346
u03-s009-v005,question,text,57,135,5dcc1b72f1af5765e74e697db58e148bf186f0f3c9e2779ad9df74a9efe6f818
u03-s009-v005,question,choices[0],3,3,2abaca4911e68fa9bfbf3482ee797fd5b9045b841fdff7253557c5fe15de6477
u03-s009-v005,question,choices[1],3,3,80c3cd40fa35f9088b8741bd8be6153de05f661cfeeb4625ffbf5f4a6c3c02c4
u03-s009-v005,question,choices[2],3,3,5ec1a0c99d428601ce42b407ae9c675e0836a8ba591c8ca6e2a2cf5563d97ff0
u03-s009-v005,question,choices[3],3,3,27badc983df1780b60c2b3fa9d3a19a00e46aac798451f0febdca52920faaddf
u03-s009-v005,question,explanation,43,81,3c6a81c5b4501f2afc225e7710ef761ef83c41f3071490d1dc8bc5a5049f8cb4
u03-s009-v005,question,steps[0],9,19,7fcba1cf166c7a6dfa17520c1ea25fad0fdb2ac948e91480f9690da706988e3d
u03-s009-v005,question,steps[1],15,17,b029a8878c35b6369a9a498b0e8e62b0d3c6f0b5f470695661579fe7884d40c6
u03-s009-v005,question,steps[2],5,9,c73afb649b7b9f30d8fe614f39379f388eb92a260022b26192f4e30727057f93
u03-s009-v005,question,optionAnalysis[0].choice,3,3,2abaca4911e68fa9bfbf3482ee797fd5b9045b841fdff7253557c5fe15de6477
u03-s009-v005,question,optionAnalysis[0].reason,7,13,1bf0b88c0e1a2d4cfa1e18f7eb32d28ec16e8848e603f10fe0654c57e5954fe1
u03-s009-v005,question,optionAnalysis[1].choice,3,3,80c3cd40fa35f9088b8741bd8be6153de05f661cfeeb4625ffbf5f4a6c3c02c4
u03-s009-v005,question,optionAnalysis[1].reason,52,84,2a964dd550affd93e7daa256b17aa6b4a74f42ab0434000ade266b25c5487159
u03-s009-v005,question,optionAnalysis[2].choice,3,3,5ec1a0c99d428601ce42b407ae9c675e0836a8ba591c8ca6e2a2cf5563d97ff0
u03-s009-v005,question,optionAnalysis[2].reason,9,23,cce4e2f9e459d6f0342aaf282c387bb7dd5a536f5b9acfc44c3489fd81f5781d
u03-s009-v005,question,optionAnalysis[3].choice,3,3,27badc983df1780b60c2b3fa9d3a19a00e46aac798451f0febdca52920faaddf
u03-s009-v005,question,optionAnalysis[3].reason,8,24,f0e6b2c1f2ec39be3b9ea3d63a178b55d7fdb3de505ee039817bed3471d4d841
u03-s009-v005,question,commonMistake,8,20,d6e18fa6274309988238154841b3be5e9fe192351fb7460d5d9f783fccd84081
u03-s009-v005,question,concept,11,29,ee62c030420f9820d0f0a38b869c44c4831f955b4fb8c357e8951190b15faa93
u03-s009-v005,question,tags[0],2,6,32f6541b44ed479dbf6cc8c7dd98824e49e03974d72ad8b65c33383a9cbb349f
u03-s009-v005,question,tags[1],4,12,946b349fa31198360d1e33f593fe06b726201773313408f4afa029c57ca643ac
u03-s009-v005,question,tags[2],8,8,fe6d3468cf5c74d8ec2a95b40f2e05338c37a4202f8fad692d2b64a9cf9b468a
u03-s009-v005,question,estimatedTimeSec,2,2,f369cb89fc627e668987007d121ed1eacdc01db9e28f8bb26f358b7d8c4f08ac
u03-s009-v005,question,prerequisiteSkillIds[0],27,27,5f2f8d666d252bef335cc616b1265322a5d4f10369bdc814bca52cc04bf18fdf
u03-s009-v005,question,authoringIntent,10,30,e4cf2d445cc922b8061bb85f0a22cf8b39148038b2af23c5041c47a21b82131a
u03-s009-v005,question,reviewStatus,22,22,ec809598e2f7fcc69fad54c9cd045bba62b4a0dc7c0ff90d4efdc3788c9ad8fb
u03-s009-v005,question,contentSha256,64,64,451799a06225f462d13358568014a3e1d48dcaef55d17b1625533c0c8ec4c1d5
u03-s009-v005,question,contentAuthority,25,25,ed40f75ffe3d6ad4e71f6e7919d063410490de360edb425965eccd605ca9d79e
u03-s009-v005,question,legacyContentDisposition,39,39,2efcc87c0c9673d2efe77735ae75582eb178c880b07035d8695f010e324b7c71
u03-s009-v006,question,questionId,13,13,7f45536ab3ecc46e302e4735235713095b81388bab40821a6e0e5dc158891948
u03-s009-v006,question,unitId,3,3,97ce842ec69dee17c1842918e63b9d4042fa4b35007146dcfb80a09c5000888a
u03-s009-v006,question,topicId,24,24,326b17ae4f5196ef40b28e1a1c7a830421ca958af02230db5604747dc8ba7ef2
u03-s009-v006,question,skillId,29,29,cdec486420a4b304008be7adeaf6dab5e4d4e7b7eec78002b7e87740d889baba
u03-s009-v006,question,difficulty,8,8,fe6d3468cf5c74d8ec2a95b40f2e05338c37a4202f8fad692d2b64a9cf9b468a
u03-s009-v006,question,type,2,2,6bc0f9c4ecb0acbebf1b9f6c816bdd66f4885f67c917d9e141cf893014fba936
u03-s009-v006,question,visualMode,9,9,9c7d54b0bf7a9369d8594201c7b11955514343809d09fbec33966c1fd9794015
u03-s009-v006,question,sourceScope,19,19,a4b669ddb8ef1883391c07a7b633f12eeaeecee7ec37c09eea4931aff6644346
u03-s009-v006,question,text,47,97,359f717d00f6754ffaf45c1193ce526638ad0fc34884407e4638cf8f17a0d080
u03-s009-v006,question,choices[0],1,1,4b227777d4dd1fc61c6f884f48641d02b4d121d3fd328cb08b5531fcacdabf8a
u03-s009-v006,question,choices[1],1,1,2c624232cdd221771294dfbb310aca000a0df6ac8b66b696d90ef06fdefb64a3
u03-s009-v006,question,choices[2],1,1,e7f6c011776e8db7cd330b54174fd76f7d0216b612387a5ffcfb81e6f0919683
u03-s009-v006,question,choices[3],1,1,19581e27de7ced00ff1ce50b2047e7a567c76b1cbaebabe5ef03f7c3017bb5b7
u03-s009-v006,question,explanation,38,94,d79686db91344abf21008fd8a86509318f1295353371db78aac086ce41eda7c7
u03-s009-v006,question,steps[0],11,21,448436be082d2a83421f234c3b373460bd7f16251b22e01e51487a98609b86eb
u03-s009-v006,question,steps[1],6,18,df9d8dd7c8b533f9ecd4e2e6ce347efd5822fb470d67ea940285a85bd09b0f49
u03-s009-v006,question,steps[2],9,21,7a5c1b95c31b55e36d2da39f25221b4eaa29871156c879329e953f3aa069effb
u03-s009-v006,question,optionAnalysis[0].choice,1,1,4b227777d4dd1fc61c6f884f48641d02b4d121d3fd328cb08b5531fcacdabf8a
u03-s009-v006,question,optionAnalysis[0].reason,9,16,62ffbc9e1d12f7fc3a06308ae1310dc9172c4b2389576fd915bbaa0a68559549
u03-s009-v006,question,optionAnalysis[1].choice,1,1,2c624232cdd221771294dfbb310aca000a0df6ac8b66b696d90ef06fdefb64a3
u03-s009-v006,question,optionAnalysis[1].reason,8,20,6762bbf352cf402ae8e1888f020781bc651b76a609a2faca3c2b68a301fcff62
u03-s009-v006,question,optionAnalysis[2].choice,1,1,e7f6c011776e8db7cd330b54174fd76f7d0216b612387a5ffcfb81e6f0919683
u03-s009-v006,question,optionAnalysis[2].reason,56,92,a292d134011eefdb854759c3cd25872b12b9728650aba3c36036b79f3cb675e0
u03-s009-v006,question,optionAnalysis[3].choice,1,1,19581e27de7ced00ff1ce50b2047e7a567c76b1cbaebabe5ef03f7c3017bb5b7
u03-s009-v006,question,optionAnalysis[3].reason,11,29,5b85b80785ad1fb40b4f099030d9253892f1190e05f131a3b49f56456a37a4b1
u03-s009-v006,question,commonMistake,17,51,4eb200b9268d21082016cb13fb4f9edac6fc25f3f57a8ac3f6b30d8ae9ded650
u03-s009-v006,question,concept,14,42,590b2d3c38b49dae453210170c7bf495710e9de2d9ebd2ad59e22124828875b5
u03-s009-v006,question,tags[0],2,6,32f6541b44ed479dbf6cc8c7dd98824e49e03974d72ad8b65c33383a9cbb349f
u03-s009-v006,question,tags[1],4,12,946b349fa31198360d1e33f593fe06b726201773313408f4afa029c57ca643ac
u03-s009-v006,question,tags[2],8,8,fe6d3468cf5c74d8ec2a95b40f2e05338c37a4202f8fad692d2b64a9cf9b468a
u03-s009-v006,question,estimatedTimeSec,2,2,f369cb89fc627e668987007d121ed1eacdc01db9e28f8bb26f358b7d8c4f08ac
u03-s009-v006,question,prerequisiteSkillIds[0],27,27,5f2f8d666d252bef335cc616b1265322a5d4f10369bdc814bca52cc04bf18fdf
u03-s009-v006,question,authoringIntent,13,39,0e8eaef8df5fee71f569777e6ccc0c8d0955120ec4d6bca7762bba89ad46e789
u03-s009-v006,question,reviewStatus,22,22,ec809598e2f7fcc69fad54c9cd045bba62b4a0dc7c0ff90d4efdc3788c9ad8fb
u03-s009-v006,question,contentSha256,64,64,5112137770acd7375d566eab88959356b56708afdf9b1c94497b6e7b22deae33
u03-s009-v006,question,contentAuthority,25,25,ed40f75ffe3d6ad4e71f6e7919d063410490de360edb425965eccd605ca9d79e
u03-s009-v006,question,legacyContentDisposition,39,39,2efcc87c0c9673d2efe77735ae75582eb178c880b07035d8695f010e324b7c71
u03-s009-v007,question,questionId,13,13,58396274bef0de588016d23ee73360f7606d0346a7e84fb495e51e579eb251b8
u03-s009-v007,question,unitId,3,3,97ce842ec69dee17c1842918e63b9d4042fa4b35007146dcfb80a09c5000888a
u03-s009-v007,question,topicId,24,24,326b17ae4f5196ef40b28e1a1c7a830421ca958af02230db5604747dc8ba7ef2
u03-s009-v007,question,skillId,29,29,cdec486420a4b304008be7adeaf6dab5e4d4e7b7eec78002b7e87740d889baba
u03-s009-v007,question,difficulty,8,8,d21f85ea38166303ce58e06134b5cc4a5c900c409ab2a500ff7c9225109a09bb
u03-s009-v007,question,type,2,2,6bc0f9c4ecb0acbebf1b9f6c816bdd66f4885f67c917d9e141cf893014fba936
u03-s009-v007,question,visualMode,9,9,9c7d54b0bf7a9369d8594201c7b11955514343809d09fbec33966c1fd9794015
u03-s009-v007,question,sourceScope,19,19,a4b669ddb8ef1883391c07a7b633f12eeaeecee7ec37c09eea4931aff6644346
u03-s009-v007,question,text,47,107,af66a434f34f73d68af66ac558a10e3b58765194b0737c48bfd16d85f2c2da96
u03-s009-v007,question,choices[0],2,2,ff5a1ae012afa5d4c889c50ad427aaf545d31a4fac04ffc1c4d03d403ba4250a
u03-s009-v007,question,choices[1],2,2,b4944c6ff08dc6f43da2e9c824669b7d927dd1fa976fadc7b456881f51bf5ccc
u03-s009-v007,question,choices[2],3,3,28dae7c8bde2f3ca608f86d0e16a214dee74c74bee011cdfdd46bc04b655bc14
u03-s009-v007,question,choices[3],3,3,ad57366865126e55649ecb23ae1d48887544976efea46a48eb5d85a6eeb4d306
u03-s009-v007,question,explanation,37,89,d200eebe87605b5775b81e60d7f094cd5cdbdd2c19b2f523a158eef588f4a4d7
u03-s009-v007,question,steps[0],7,17,6fd7c092e8eb740f09b21df79110ca8336db0eca1bd987a22336323c07617968
u03-s009-v007,question,steps[1],9,21,1dafba5bf6a93ccd6b6267e1619ca92533bf45f9c06a3b5efb037055e71e5da3
u03-s009-v007,question,steps[2],7,15,a60a97bc194eb898745b1d9d9dbf7c99839430adc8a4cd1bd9c14a379425ffdc
u03-s009-v007,question,optionAnalysis[0].choice,2,2,ff5a1ae012afa5d4c889c50ad427aaf545d31a4fac04ffc1c4d03d403ba4250a
u03-s009-v007,question,optionAnalysis[0].reason,12,27,2a20b0b3b2f7036baa577caf444f2071f4ce84be4ab36b70f3625a67b42f4323
u03-s009-v007,question,optionAnalysis[1].choice,2,2,b4944c6ff08dc6f43da2e9c824669b7d927dd1fa976fadc7b456881f51bf5ccc
u03-s009-v007,question,optionAnalysis[1].reason,11,33,5f0a5cc4faf122c390de1756212f3f0542b6789278296ab08c09a29fb313815c
u03-s009-v007,question,optionAnalysis[2].choice,3,3,28dae7c8bde2f3ca608f86d0e16a214dee74c74bee011cdfdd46bc04b655bc14
u03-s009-v007,question,optionAnalysis[2].reason,10,24,df0224983578b2207dfea9d1652c08d7304b50b8da3cc64c96acc593233d7133
u03-s009-v007,question,optionAnalysis[3].choice,3,3,ad57366865126e55649ecb23ae1d48887544976efea46a48eb5d85a6eeb4d306
u03-s009-v007,question,optionAnalysis[3].reason,37,67,21300a7fe78d4dcdf2152c3b900aab4c11416b4dd080f46bb4839e5f8cbb6c18
u03-s009-v007,question,commonMistake,11,33,33cd5aa46c31b06daf45ab0a62efc7aa815ab57abaccf24796547745c6f46422
u03-s009-v007,question,concept,9,27,dd8e1df060c649eadab29b381af467fc08cf4ea911b9208535fa9426af2cae5d
u03-s009-v007,question,tags[0],2,6,32f6541b44ed479dbf6cc8c7dd98824e49e03974d72ad8b65c33383a9cbb349f
u03-s009-v007,question,tags[1],4,12,946b349fa31198360d1e33f593fe06b726201773313408f4afa029c57ca643ac
u03-s009-v007,question,tags[2],8,8,d21f85ea38166303ce58e06134b5cc4a5c900c409ab2a500ff7c9225109a09bb
u03-s009-v007,question,estimatedTimeSec,2,2,f369cb89fc627e668987007d121ed1eacdc01db9e28f8bb26f358b7d8c4f08ac
u03-s009-v007,question,prerequisiteSkillIds[0],27,27,5f2f8d666d252bef335cc616b1265322a5d4f10369bdc814bca52cc04bf18fdf
u03-s009-v007,question,authoringIntent,13,39,df892ca82aa2c03bd20ee6f17ca7dbc731b85f042cab08bed9f108978bf87aac
u03-s009-v007,question,reviewStatus,22,22,ec809598e2f7fcc69fad54c9cd045bba62b4a0dc7c0ff90d4efdc3788c9ad8fb
u03-s009-v007,question,contentSha256,64,64,939c9b46e6657f8ac5d1c504b194ee9daae798dbdd9f63be8ec4e364e8b51828
u03-s009-v007,question,contentAuthority,25,25,ed40f75ffe3d6ad4e71f6e7919d063410490de360edb425965eccd605ca9d79e
u03-s009-v007,question,legacyContentDisposition,39,39,2efcc87c0c9673d2efe77735ae75582eb178c880b07035d8695f010e324b7c71
u03-s009-v008,question,questionId,13,13,f7f5416a4048267cead90ee53fda04351bbe1ba9487e0cdbce79366d8af78379
u03-s009-v008,question,unitId,3,3,97ce842ec69dee17c1842918e63b9d4042fa4b35007146dcfb80a09c5000888a
u03-s009-v008,question,topicId,24,24,326b17ae4f5196ef40b28e1a1c7a830421ca958af02230db5604747dc8ba7ef2
u03-s009-v008,question,skillId,29,29,cdec486420a4b304008be7adeaf6dab5e4d4e7b7eec78002b7e87740d889baba
u03-s009-v008,question,difficulty,8,8,d21f85ea38166303ce58e06134b5cc4a5c900c409ab2a500ff7c9225109a09bb
u03-s009-v008,question,type,2,2,6bc0f9c4ecb0acbebf1b9f6c816bdd66f4885f67c917d9e141cf893014fba936
u03-s009-v008,question,visualMode,9,9,9c7d54b0bf7a9369d8594201c7b11955514343809d09fbec33966c1fd9794015
u03-s009-v008,question,sourceScope,19,19,a4b669ddb8ef1883391c07a7b633f12eeaeecee7ec37c09eea4931aff6644346
u03-s009-v008,question,text,37,81,6ca0abe2202e431b148b940a77918d479152b591a96a0f65f400aa0e8ce934c1
u03-s009-v008,question,choices[0],2,2,f369cb89fc627e668987007d121ed1eacdc01db9e28f8bb26f358b7d8c4f08ac
u03-s009-v008,question,choices[1],2,2,1a6562590ef19d1045d06c4055742d38288e9e6dcd71ccde5cee80f1d5a774eb
u03-s009-v008,question,choices[2],3,3,ad57366865126e55649ecb23ae1d48887544976efea46a48eb5d85a6eeb4d306
u03-s009-v008,question,choices[3],5,5,e4c81f1454bebe0b3696ffc8c75df0379cdb74f1c86868b4af1dfb4511177d2b
u03-s009-v008,question,explanation,32,72,36aef8b02dc1e5b6663b4d527cc50ad0e87a302903e9fd17e34a66aed4b2f5ee
u03-s009-v008,question,steps[0],7,15,e31eb0e3348763b72b0aeeeb6013f72c09f17e7354eaaa25b0bfa66013e78e3e
u03-s009-v008,question,steps[1],7,13,b8cf61ff7b468e1e1ef82e9781e7cc82717fcdef7b88e4b891f84cb57785840e
u03-s009-v008,question,steps[2],5,9,9e0942638a0e5af83d7946806445f091e6aba7076a6f13d8dc4ba109be044519
u03-s009-v008,question,optionAnalysis[0].choice,2,2,f369cb89fc627e668987007d121ed1eacdc01db9e28f8bb26f358b7d8c4f08ac
u03-s009-v008,question,optionAnalysis[0].reason,36,66,fd620253a82fc089e77d244db47d605ad2318526fa236d67ca002e761e0947ec
u03-s009-v008,question,optionAnalysis[1].choice,2,2,1a6562590ef19d1045d06c4055742d38288e9e6dcd71ccde5cee80f1d5a774eb
u03-s009-v008,question,optionAnalysis[1].reason,8,14,075a07691d8079fe65dbbee21fb82b03b9d027cf74c7a80f32d2db09ee86a4af
u03-s009-v008,question,optionAnalysis[2].choice,3,3,ad57366865126e55649ecb23ae1d48887544976efea46a48eb5d85a6eeb4d306
u03-s009-v008,question,optionAnalysis[2].reason,8,15,372f7c8936a5bb32347695ff6e54e7f3a730edf9df3337b43919f499a9ec5891
u03-s009-v008,question,optionAnalysis[3].choice,5,5,e4c81f1454bebe0b3696ffc8c75df0379cdb74f1c86868b4af1dfb4511177d2b
u03-s009-v008,question,optionAnalysis[3].reason,12,30,b4de70055651ecd2023c71e5289459176105a00b9c78d20d72307e56acaf15ea
u03-s009-v008,question,commonMistake,7,21,5ffcab0050e2df23f37d7fb69e10bf135f9946b7e6dc8aa147f466fa8012fd8e
u03-s009-v008,question,concept,14,37,668c9a21cc3f0604a471bf01a65480a6e8100c02898e871679af346bdc78ae26
u03-s009-v008,question,tags[0],2,6,32f6541b44ed479dbf6cc8c7dd98824e49e03974d72ad8b65c33383a9cbb349f
u03-s009-v008,question,tags[1],4,12,946b349fa31198360d1e33f593fe06b726201773313408f4afa029c57ca643ac
u03-s009-v008,question,tags[2],8,8,d21f85ea38166303ce58e06134b5cc4a5c900c409ab2a500ff7c9225109a09bb
u03-s009-v008,question,estimatedTimeSec,2,2,f369cb89fc627e668987007d121ed1eacdc01db9e28f8bb26f358b7d8c4f08ac
u03-s009-v008,question,prerequisiteSkillIds[0],27,27,5f2f8d666d252bef335cc616b1265322a5d4f10369bdc814bca52cc04bf18fdf
u03-s009-v008,question,authoringIntent,14,42,33698925beb18bacb7b21f40af93cdd5759c2e4c9022f88a7fb4d548332aee48
u03-s009-v008,question,reviewStatus,22,22,ec809598e2f7fcc69fad54c9cd045bba62b4a0dc7c0ff90d4efdc3788c9ad8fb
u03-s009-v008,question,contentSha256,64,64,bbedd4f4bade363a9f5d47bd563dfdeb02beb7836338a1482dbd78b10e9a3a54
u03-s009-v008,question,contentAuthority,25,25,ed40f75ffe3d6ad4e71f6e7919d063410490de360edb425965eccd605ca9d79e
u03-s009-v008,question,legacyContentDisposition,39,39,2efcc87c0c9673d2efe77735ae75582eb178c880b07035d8695f010e324b7c71
u03-s009-v009,question,questionId,13,13,2e8844f5fdd7223d1aece7e8f1d412d8337c0c0b8be3eb466c08f716ab96009e
u03-s009-v009,question,unitId,3,3,97ce842ec69dee17c1842918e63b9d4042fa4b35007146dcfb80a09c5000888a
u03-s009-v009,question,topicId,24,24,326b17ae4f5196ef40b28e1a1c7a830421ca958af02230db5604747dc8ba7ef2
u03-s009-v009,question,skillId,29,29,cdec486420a4b304008be7adeaf6dab5e4d4e7b7eec78002b7e87740d889baba
u03-s009-v009,question,difficulty,8,8,d21f85ea38166303ce58e06134b5cc4a5c900c409ab2a500ff7c9225109a09bb
u03-s009-v009,question,type,2,2,6bc0f9c4ecb0acbebf1b9f6c816bdd66f4885f67c917d9e141cf893014fba936
u03-s009-v009,question,visualMode,9,9,9c7d54b0bf7a9369d8594201c7b11955514343809d09fbec33966c1fd9794015
u03-s009-v009,question,sourceScope,19,19,a4b669ddb8ef1883391c07a7b633f12eeaeecee7ec37c09eea4931aff6644346
u03-s009-v009,question,text,43,99,2f2f052cda734616ad2e8263579a740b15f9e789e077e927c06f69e279438338
u03-s009-v009,question,choices[0],2,2,1a6562590ef19d1045d06c4055742d38288e9e6dcd71ccde5cee80f1d5a774eb
u03-s009-v009,question,choices[1],3,3,ad57366865126e55649ecb23ae1d48887544976efea46a48eb5d85a6eeb4d306
u03-s009-v009,question,choices[2],2,2,48449a14a4ff7d79bb7a1b6f3d488eba397c36ef25634c111b49baf362511afc
u03-s009-v009,question,choices[3],3,3,2747b7c718564ba5f066f0523b03e17f6a496b06851333d2d59ab6d863225848
u03-s009-v009,question,explanation,39,82,55fdf24d00748a6461e17f5d65a360d291275c91aa474e78f64d69a013f47a28
u03-s009-v009,question,steps[0],8,18,acb975537b6ab8975d21614cb946458b282eb75a9cc4975ccefdbc7f8f40573d
u03-s009-v009,question,steps[1],7,15,5dc13c9431532c83cffe4bff99d84ed938fb0de2fd09f9e8b7386ec63432907f
u03-s009-v009,question,steps[2],11,14,f9c402b2bf7facb68757545599f72e892d44dc5ecc8dc2bd04dc34adce292f29
u03-s009-v009,question,optionAnalysis[0].choice,2,2,1a6562590ef19d1045d06c4055742d38288e9e6dcd71ccde5cee80f1d5a774eb
u03-s009-v009,question,optionAnalysis[0].reason,7,12,b53052de4da27d9538676f54d1cf84f744367aa496c9fd7acca54d0421e0861d
u03-s009-v009,question,optionAnalysis[1].choice,3,3,ad57366865126e55649ecb23ae1d48887544976efea46a48eb5d85a6eeb4d306
u03-s009-v009,question,optionAnalysis[1].reason,10,17,d673b841e3e3ff7f7bedf1e8713dddfabf0ec9ad35b4dbad6b977cc290fac749
u03-s009-v009,question,optionAnalysis[2].choice,2,2,48449a14a4ff7d79bb7a1b6f3d488eba397c36ef25634c111b49baf362511afc
u03-s009-v009,question,optionAnalysis[2].reason,38,64,c6bc56c822b5462f62bd59b0b4340adb6986603ec2ae636b4f4206b3544a74ca
u03-s009-v009,question,optionAnalysis[3].choice,3,3,2747b7c718564ba5f066f0523b03e17f6a496b06851333d2d59ab6d863225848
u03-s009-v009,question,optionAnalysis[3].reason,10,24,61c0274e42f19674ff9d7cf18c37d1c1800d09bfae1551f517831b49b528b0c4
u03-s009-v009,question,commonMistake,9,27,07129a4185c95a130e8c9bc0de658acf1e7da25a1074c5c8677cc17e5561ea9f
u03-s009-v009,question,concept,10,30,8aec10b66f04b2986614bddb72387d38ef30349581bcc1ab470b5f5ec2a891c5
u03-s009-v009,question,tags[0],2,6,32f6541b44ed479dbf6cc8c7dd98824e49e03974d72ad8b65c33383a9cbb349f
u03-s009-v009,question,tags[1],4,12,946b349fa31198360d1e33f593fe06b726201773313408f4afa029c57ca643ac
u03-s009-v009,question,tags[2],8,8,d21f85ea38166303ce58e06134b5cc4a5c900c409ab2a500ff7c9225109a09bb
u03-s009-v009,question,estimatedTimeSec,2,2,f369cb89fc627e668987007d121ed1eacdc01db9e28f8bb26f358b7d8c4f08ac
u03-s009-v009,question,prerequisiteSkillIds[0],27,27,5f2f8d666d252bef335cc616b1265322a5d4f10369bdc814bca52cc04bf18fdf
u03-s009-v009,question,authoringIntent,11,33,c8c59314ed94bfadb0d01d1b357ff59ef454fd6a9e1854c5227211043c59c1ff
u03-s009-v009,question,reviewStatus,22,22,ec809598e2f7fcc69fad54c9cd045bba62b4a0dc7c0ff90d4efdc3788c9ad8fb
u03-s009-v009,question,contentSha256,64,64,1572a72816853c6e94629794243b007f4d95edf353cb5199a5c914f5d3713c89
u03-s009-v009,question,contentAuthority,25,25,ed40f75ffe3d6ad4e71f6e7919d063410490de360edb425965eccd605ca9d79e
u03-s009-v009,question,legacyContentDisposition,39,39,2efcc87c0c9673d2efe77735ae75582eb178c880b07035d8695f010e324b7c71
u03-s009-v010,question,questionId,13,13,a739e6781ca4605b2f880fea08649f79fbafb26186ed5c6d831915cd9838e1fb
u03-s009-v010,question,unitId,3,3,97ce842ec69dee17c1842918e63b9d4042fa4b35007146dcfb80a09c5000888a
u03-s009-v010,question,topicId,24,24,326b17ae4f5196ef40b28e1a1c7a830421ca958af02230db5604747dc8ba7ef2
u03-s009-v010,question,skillId,29,29,cdec486420a4b304008be7adeaf6dab5e4d4e7b7eec78002b7e87740d889baba
u03-s009-v010,question,difficulty,8,8,578756ca4aa16d8872610a5aaa78460fd30fbe93379ff7284fe65d66ca606755
u03-s009-v010,question,type,2,2,6bc0f9c4ecb0acbebf1b9f6c816bdd66f4885f67c917d9e141cf893014fba936
u03-s009-v010,question,visualMode,9,9,9c7d54b0bf7a9369d8594201c7b11955514343809d09fbec33966c1fd9794015
u03-s009-v010,question,sourceScope,19,19,a4b669ddb8ef1883391c07a7b633f12eeaeecee7ec37c09eea4931aff6644346
u03-s009-v010,question,text,39,91,5fcfa601c3c97117d24ccd4e02adb39ac5406b3b02a344f9064608eea954c12e
u03-s009-v010,question,choices[0],1,1,ef2d127de37b942baad06145e54b0c619a1f22327b2ebbcfbec78f5564afe39d
u03-s009-v010,question,choices[1],1,1,7902699be42c8a8e46fbbb4501726517e86b22c56a189f7625a6da49081b2451
u03-s009-v010,question,choices[2],1,1,2c624232cdd221771294dfbb310aca000a0df6ac8b66b696d90ef06fdefb64a3
u03-s009-v010,question,choices[3],1,1,e7f6c011776e8db7cd330b54174fd76f7d0216b612387a5ffcfb81e6f0919683
u03-s009-v010,question,explanation,33,76,4beec2ffde877b00ead322e6829091e0cd5500719f124ef2ff187862a1b8a60a
u03-s009-v010,question,steps[0],8,18,214e4f24b29c532a16d01e81925f1adfbc9dd8789e844d448012b93ea93c9b5b
u03-s009-v010,question,steps[1],8,9,0966b6f4145780a13fac8cc1e964bbfef8619b865bc1a6419a6a49df84c4d5d3
u03-s009-v010,question,steps[2],5,15,24b71ab63c701dad9b7cea0fa5f40b9b8b4795b0d49d38b4cdf526acc793553a
u03-s009-v010,question,optionAnalysis[0].choice,1,1,ef2d127de37b942baad06145e54b0c619a1f22327b2ebbcfbec78f5564afe39d
u03-s009-v010,question,optionAnalysis[0].reason,10,17,42ec4ddea285d8648adf2f2211f65859cce63dcb67c81c9405d47c09b5aea1cc
u03-s009-v010,question,optionAnalysis[1].choice,1,1,7902699be42c8a8e46fbbb4501726517e86b22c56a189f7625a6da49081b2451
u03-s009-v010,question,optionAnalysis[1].reason,12,23,35cb1153bdf3186a7f52a95e4d09ec587c636f400cab8ad18c10054eb6772daf
u03-s009-v010,question,optionAnalysis[2].choice,1,1,2c624232cdd221771294dfbb310aca000a0df6ac8b66b696d90ef06fdefb64a3
u03-s009-v010,question,optionAnalysis[2].reason,10,19,92660efb1886a95926499b23cb7d452caa3fb2a60a860492dc4e9b4395b1eb5e
u03-s009-v010,question,optionAnalysis[3].choice,1,1,e7f6c011776e8db7cd330b54174fd76f7d0216b612387a5ffcfb81e6f0919683
u03-s009-v010,question,optionAnalysis[3].reason,36,66,9850b63701efbb2490ccbaec6e895f5eff7d7f0e53c96d35df588e0730c7d8dd
u03-s009-v010,question,commonMistake,11,33,74982fd958ab8524e66c1c5794734838b3dc57cdbb93d5f8c0292faf24c7b84a
u03-s009-v010,question,concept,12,36,0777647b653a70430b8b7f2828a81ceeb67c80b3a2aac900d0dd8b8f38759439
u03-s009-v010,question,tags[0],2,6,32f6541b44ed479dbf6cc8c7dd98824e49e03974d72ad8b65c33383a9cbb349f
u03-s009-v010,question,tags[1],4,12,946b349fa31198360d1e33f593fe06b726201773313408f4afa029c57ca643ac
u03-s009-v010,question,tags[2],8,8,578756ca4aa16d8872610a5aaa78460fd30fbe93379ff7284fe65d66ca606755
u03-s009-v010,question,estimatedTimeSec,2,2,f369cb89fc627e668987007d121ed1eacdc01db9e28f8bb26f358b7d8c4f08ac
u03-s009-v010,question,prerequisiteSkillIds[0],27,27,5f2f8d666d252bef335cc616b1265322a5d4f10369bdc814bca52cc04bf18fdf
u03-s009-v010,question,authoringIntent,11,33,e00018d662d316af2cd9c66b36351e59189e81eb4891f82a8cd908857122fce6
u03-s009-v010,question,literacyContextNecessity,34,102,4743ca16f8ac0d42b16de8e7d6a9b1e0640d888bed78ed9703d0e1206a4af20a
u03-s009-v010,question,reviewStatus,22,22,ec809598e2f7fcc69fad54c9cd045bba62b4a0dc7c0ff90d4efdc3788c9ad8fb
u03-s009-v010,question,contentSha256,64,64,63a7ecd6e53ab790d9d9a8c14b3d9a116fb08ac2d338a83e5c44eedb59f31edc
u03-s009-v010,question,contentAuthority,25,25,ed40f75ffe3d6ad4e71f6e7919d063410490de360edb425965eccd605ca9d79e
u03-s009-v010,question,legacyContentDisposition,39,39,2efcc87c0c9673d2efe77735ae75582eb178c880b07035d8695f010e324b7c71
u03-s009-v011,question,questionId,13,13,72e5e947ac7dae0ab8daf8cca7601b9b146b0268c3934e41a8084965b962c99a
u03-s009-v011,question,unitId,3,3,97ce842ec69dee17c1842918e63b9d4042fa4b35007146dcfb80a09c5000888a
u03-s009-v011,question,topicId,24,24,326b17ae4f5196ef40b28e1a1c7a830421ca958af02230db5604747dc8ba7ef2
u03-s009-v011,question,skillId,29,29,cdec486420a4b304008be7adeaf6dab5e4d4e7b7eec78002b7e87740d889baba
u03-s009-v011,question,difficulty,8,8,578756ca4aa16d8872610a5aaa78460fd30fbe93379ff7284fe65d66ca606755
u03-s009-v011,question,type,2,2,6bc0f9c4ecb0acbebf1b9f6c816bdd66f4885f67c917d9e141cf893014fba936
u03-s009-v011,question,visualMode,9,9,9c7d54b0bf7a9369d8594201c7b11955514343809d09fbec33966c1fd9794015
u03-s009-v011,question,sourceScope,19,19,a4b669ddb8ef1883391c07a7b633f12eeaeecee7ec37c09eea4931aff6644346
u03-s009-v011,question,text,39,87,fe91352bf6b044289564ae3fd884c0484cfefd9c49db59f941038b61d0198a0c
u03-s009-v011,question,choices[0],1,1,2c624232cdd221771294dfbb310aca000a0df6ac8b66b696d90ef06fdefb64a3
u03-s009-v011,question,choices[1],1,1,e7f6c011776e8db7cd330b54174fd76f7d0216b612387a5ffcfb81e6f0919683
u03-s009-v011,question,choices[2],2,2,4a44dc15364204a80fe80e9039455cc1608281820fe2b24f1e5233ade6af1dd5
u03-s009-v011,question,choices[3],2,2,b17ef6d19c7a5b1ee83b907c595526dcb1eb06db8227d650d5dda0a9f4ce8cd9
u03-s009-v011,question,explanation,31,73,e34602a5deaba1318dce08928698a8fca8c1418e8fb157cb53e2c7cc69b20bfc
u03-s009-v011,question,steps[0],7,15,6ea6b7b543b1d7ae012466219aa8ddd3e3badfd9910da68cb6c2b16b830b25a7
u03-s009-v011,question,steps[1],6,12,5ab672bbfa9cf2b4e1a006b3040f74aaeaacc0f0a2f9b100552a00faef618e90
u03-s009-v011,question,steps[2],6,12,f6e95b77efb8f34d2ebd11186d7da431c35dd69090ad991425241c1aca719f2a
u03-s009-v011,question,optionAnalysis[0].choice,1,1,2c624232cdd221771294dfbb310aca000a0df6ac8b66b696d90ef06fdefb64a3
u03-s009-v011,question,optionAnalysis[0].reason,36,62,02fdd5772990190e30e1b14e9c7317dd3661af5809140eaf9a28325858b52890
u03-s009-v011,question,optionAnalysis[1].choice,1,1,e7f6c011776e8db7cd330b54174fd76f7d0216b612387a5ffcfb81e6f0919683
u03-s009-v011,question,optionAnalysis[1].reason,8,11,005fe046dc09585e6558c54dc87f3c1c5b2be73d754be229006724f08b6c3403
u03-s009-v011,question,optionAnalysis[2].choice,2,2,4a44dc15364204a80fe80e9039455cc1608281820fe2b24f1e5233ade6af1dd5
u03-s009-v011,question,optionAnalysis[2].reason,10,17,edbb34116c6a698b1c4316a5ed34310e4c2d781e9744a41b4fc9626dfe6da776
u03-s009-v011,question,optionAnalysis[3].choice,2,2,b17ef6d19c7a5b1ee83b907c595526dcb1eb06db8227d650d5dda0a9f4ce8cd9
u03-s009-v011,question,optionAnalysis[3].reason,8,24,aa262489c4fdbf49d79d522bf9d92621980062c49703257dc7fbd49d07e0be4a
u03-s009-v011,question,commonMistake,5,15,f29909a10e14880fd1f4bf8aca659a01faa2608818ca6562342bc7b6034c8b95
u03-s009-v011,question,concept,14,42,01d4e792f126cb05e2cf4d558b081e65f89bfd5b3f3c966470df5b24a6845cd4
u03-s009-v011,question,tags[0],2,6,32f6541b44ed479dbf6cc8c7dd98824e49e03974d72ad8b65c33383a9cbb349f
u03-s009-v011,question,tags[1],4,12,946b349fa31198360d1e33f593fe06b726201773313408f4afa029c57ca643ac
u03-s009-v011,question,tags[2],8,8,578756ca4aa16d8872610a5aaa78460fd30fbe93379ff7284fe65d66ca606755
u03-s009-v011,question,estimatedTimeSec,2,2,f369cb89fc627e668987007d121ed1eacdc01db9e28f8bb26f358b7d8c4f08ac
u03-s009-v011,question,prerequisiteSkillIds[0],27,27,5f2f8d666d252bef335cc616b1265322a5d4f10369bdc814bca52cc04bf18fdf
u03-s009-v011,question,authoringIntent,11,33,387df383d0dfb4228525e74c61ef5c9bdec9db8ef87613c4ae09e1aa2c2b8277
u03-s009-v011,question,literacyContextNecessity,30,76,495ced0aca556dafffd4c539a83b22b6e83b289c6f05066f84d257d76d9cfd76
u03-s009-v011,question,reviewStatus,22,22,ec809598e2f7fcc69fad54c9cd045bba62b4a0dc7c0ff90d4efdc3788c9ad8fb
u03-s009-v011,question,contentSha256,64,64,729ea41933e26f206bec99c42e79311eb48255a5b72f134441c164203b79c792
u03-s009-v011,question,contentAuthority,25,25,ed40f75ffe3d6ad4e71f6e7919d063410490de360edb425965eccd605ca9d79e
u03-s009-v011,question,legacyContentDisposition,39,39,2efcc87c0c9673d2efe77735ae75582eb178c880b07035d8695f010e324b7c71
u03-s009-v012,question,questionId,13,13,9fcd50f46cf9ef46198e94843dced4a35e88eae096f0aae16d9154d379b1f5ea
u03-s009-v012,question,unitId,3,3,97ce842ec69dee17c1842918e63b9d4042fa4b35007146dcfb80a09c5000888a
u03-s009-v012,question,topicId,24,24,326b17ae4f5196ef40b28e1a1c7a830421ca958af02230db5604747dc8ba7ef2
u03-s009-v012,question,skillId,29,29,cdec486420a4b304008be7adeaf6dab5e4d4e7b7eec78002b7e87740d889baba
u03-s009-v012,question,difficulty,8,8,578756ca4aa16d8872610a5aaa78460fd30fbe93379ff7284fe65d66ca606755
u03-s009-v012,question,type,2,2,6bc0f9c4ecb0acbebf1b9f6c816bdd66f4885f67c917d9e141cf893014fba936
u03-s009-v012,question,visualMode,9,9,9c7d54b0bf7a9369d8594201c7b11955514343809d09fbec33966c1fd9794015
u03-s009-v012,question,sourceScope,19,19,a4b669ddb8ef1883391c07a7b633f12eeaeecee7ec37c09eea4931aff6644346
u03-s009-v012,question,text,51,115,a8458642d0a1a7938edf09b01926712a85ecdc6d6b0bae90051e3d7fc89b4801
u03-s009-v012,question,choices[0],3,3,983bd614bb5afece5ab3b6023f71147cd7b6bc2314f9d27af7422541c6558389
u03-s009-v012,question,choices[1],3,3,83151157c10d85af7c84657c71c3e3603d955160f0526fce672481da83a2e090
u03-s009-v012,question,choices[2],3,3,284b7e6d788f363f910f7beb1910473e23ce9d6c871f1ce0f31f22a982d48ad4
u03-s009-v012,question,choices[3],3,3,bdc5d8a48c23897906b09a9a3680bd2e9c8b3121edbda36f949800f0959c8d55
u03-s009-v012,question,explanation,44,92,75dd61634e32686c4cb020f4f18d1ffe5a9762d1692b45455fe517515f8957ed
u03-s009-v012,question,steps[0],8,18,e9f8eac92aec9f2e1962d60b1d0833f103a67d2f7986430520c8028fabff9ca9
u03-s009-v012,question,steps[1],16,26,94ad13f07487d4ba321959eb47ff53a815bdbeae529f61e9cef1dbaa6295e3d5
u03-s009-v012,question,steps[2],6,12,2e59c3bd40854006ddc5e4c1090f6773435a059c350b6eefcc216d6a4d9bb91c
u03-s009-v012,question,optionAnalysis[0].choice,3,3,983bd614bb5afece5ab3b6023f71147cd7b6bc2314f9d27af7422541c6558389
u03-s009-v012,question,optionAnalysis[0].reason,10,14,01c8fb9a979f89ccc0bee585da467304689c15cb8606989d60cca556a7c6166f
u03-s009-v012,question,optionAnalysis[1].choice,3,3,83151157c10d85af7c84657c71c3e3603d955160f0526fce672481da83a2e090
u03-s009-v012,question,optionAnalysis[1].reason,50,85,9f8af2edcdec8bfbaaa6e68bf41601f77f86d20b465f6cc517d915dd56e9e6d2
u03-s009-v012,question,optionAnalysis[2].choice,3,3,284b7e6d788f363f910f7beb1910473e23ce9d6c871f1ce0f31f22a982d48ad4
u03-s009-v012,question,optionAnalysis[2].reason,14,28,34c641320bb6b7f2832987a8d0b9d8b9aea2313bf11426cd7e27c22747cc4cb1
u03-s009-v012,question,optionAnalysis[3].choice,3,3,bdc5d8a48c23897906b09a9a3680bd2e9c8b3121edbda36f949800f0959c8d55
u03-s009-v012,question,optionAnalysis[3].reason,11,27,7d6687d68e21375c5fabed71ecc431dd0c07b7f605c4fc7000220271f9e91a3b
u03-s009-v012,question,commonMistake,13,39,47e382e8fcd4ed9173f6b74df9047ec18369b563e2eb7caad9697dadfcecec4a
u03-s009-v012,question,concept,15,45,1a7d139d486704ad73a8f28a54618485566178656df61af154dc2067b636acf1
u03-s009-v012,question,tags[0],2,6,32f6541b44ed479dbf6cc8c7dd98824e49e03974d72ad8b65c33383a9cbb349f
u03-s009-v012,question,tags[1],4,12,946b349fa31198360d1e33f593fe06b726201773313408f4afa029c57ca643ac
u03-s009-v012,question,tags[2],8,8,578756ca4aa16d8872610a5aaa78460fd30fbe93379ff7284fe65d66ca606755
u03-s009-v012,question,estimatedTimeSec,2,2,f369cb89fc627e668987007d121ed1eacdc01db9e28f8bb26f358b7d8c4f08ac
u03-s009-v012,question,prerequisiteSkillIds[0],27,27,5f2f8d666d252bef335cc616b1265322a5d4f10369bdc814bca52cc04bf18fdf
u03-s009-v012,question,authoringIntent,12,36,12e1a2959127f703bb217a9d40a23eb0ee3650881bdefbafd1ee5c0979665653
u03-s009-v012,question,literacyContextNecessity,36,108,f479dd8d6a284234bd623c5c2a3d312cc964bc92381bb6ea623b25c118dc2711
u03-s009-v012,question,reviewStatus,22,22,ec809598e2f7fcc69fad54c9cd045bba62b4a0dc7c0ff90d4efdc3788c9ad8fb
u03-s009-v012,question,contentSha256,64,64,d7841cd379e0078cfab4c095ae3330d61ea8e79ccfe7fad48990b8bbf8306a6b
u03-s009-v012,question,contentAuthority,25,25,ed40f75ffe3d6ad4e71f6e7919d063410490de360edb425965eccd605ca9d79e
u03-s009-v012,question,legacyContentDisposition,39,39,2efcc87c0c9673d2efe77735ae75582eb178c880b07035d8695f010e324b7c71
u03-s009-cr001,constructed-response,questionId,14,14,8ce3d5330ef9017eebf8eb348adffadd26770339b11f7391dd9b75c3064c679e
u03-s009-cr001,constructed-response,unitId,3,3,97ce842ec69dee17c1842918e63b9d4042fa4b35007146dcfb80a09c5000888a
u03-s009-cr001,constructed-response,topicId,24,24,326b17ae4f5196ef40b28e1a1c7a830421ca958af02230db5604747dc8ba7ef2
u03-s009-cr001,constructed-response,skillId,29,29,cdec486420a4b304008be7adeaf6dab5e4d4e7b7eec78002b7e87740d889baba
u03-s009-cr001,constructed-response,difficulty,8,8,fe6d3468cf5c74d8ec2a95b40f2e05338c37a4202f8fad692d2b64a9cf9b468a
u03-s009-cr001,constructed-response,type,20,20,e519496c259191db041ac61161dbfadb673dd94a10a123ed7423adcf7968ae7c
u03-s009-cr001,constructed-response,visualMode,9,9,9c7d54b0bf7a9369d8594201c7b11955514343809d09fbec33966c1fd9794015
u03-s009-cr001,constructed-response,prompt,42,100,7773020d660edc923b74bcb6bc0c86ddae0ab9fd075b6c853df08d4e36fe76b9
u03-s009-cr001,constructed-response,requiredWork[0],9,27,5c11421938498a3586894f8ca392966e277337e3415a5e6435251f405ee02629
u03-s009-cr001,constructed-response,requiredWork[1],12,16,be1cf43715fefbe9aae8e6de9fee9630d1819c9b565b241cde07b1526fb59540
u03-s009-cr001,constructed-response,requiredWork[2],5,15,ddd48f8b90d25a8b5011e168c76d91b3c7130add65ef8fac9e7325be6644eefa
u03-s009-cr001,constructed-response,fullCreditSolution[0],11,13,fd98218f98cb3f19898db9b15d4bd58cf950da756859c2f5874a26bfe40e67d2
u03-s009-cr001,constructed-response,fullCreditSolution[1],8,10,6cea909a04c15b982bbe85c0a55a8418c231ab22a36954fe10bde95bbc237619
u03-s009-cr001,constructed-response,fullCreditSolution[2],21,28,f169ba21846d3642b90e6daec38fa9a1dff75100f34df06751d5a06b9b39afb1
u03-s009-cr001,constructed-response,alternativeSolutions[0],22,56,3f5032740e5f2ffc5e0324d5945cd38415287dce4296fdb0c5ac94ec78e109b0
u03-s009-cr001,constructed-response,rubric[0].criteria,16,42,594299591ad8b9224513e260172841f217a633e6dc16ff0d943b1a278647613f
u03-s009-cr001,constructed-response,rubric[1].criteria,14,42,21980ac77a37c6118b43a45c3a88c45974a376d98f6b75246fa60b4b685a3972
u03-s009-cr001,constructed-response,rubric[2].criteria,12,28,b932d374543a8acfdbed3eb3923c1e2060d2627e0aed073deba1f1e2eb03a462
u03-s009-cr001,constructed-response,rubric[3].criteria,9,25,68a2b8f39586cd7a1a98d65607805565c1ca88c47d08b4d6e751719b3e58195a
u03-s009-cr001,constructed-response,scoringNotes[0],14,42,cd605206f033bf9eb77fb66a20ada03efaf449b4f0635fc98dd861265ef39c50
u03-s009-cr001,constructed-response,scoringNotes[1],25,75,a2c565e5172ae5430bb229f94ce51035aa7b17f1f115f704476e4c19fc1098cf
u03-s009-cr001,constructed-response,commonErrors[0],11,27,53d6ffe100ad67e29d66dc8dbe07f11234b1862d2deacc85f1cf69210c9c5297
u03-s009-cr001,constructed-response,commonErrors[1],8,15,acc299cd14c9b00eb76f0efaee5e96da7d4387c895cd65100e92fc7376ffd827
u03-s009-cr001,constructed-response,independentReview.derivedResult,4,6,1a310a3b920f29d68e6f2c5dd063287cb130b824f8b1639e0591840e082aee27
u03-s009-cr001,constructed-response,independentReview.ambiguity,26,78,4b9998d99f5ff6b4c48867707da30b5a75387690128c1a0e4fdc7f35be5f3c7a
u03-s009-cr001,constructed-response,independentReview.decision,4,4,d74ff0ee8da3b9806b18c877dbf29bbde50b5bd8e4dad7a3a725000feb82e8f1
u03-s009-cr001,constructed-response,contentSha256,64,64,9a52e295bfbdee1790a4285185fe9853ccd9b74c7d370ff73ee4ee0982425983
u03-s009-cr001,constructed-response,contentAuthority,25,25,ed40f75ffe3d6ad4e71f6e7919d063410490de360edb425965eccd605ca9d79e
u03-s009-cr001,constructed-response,legacyContentDisposition,39,39,2efcc87c0c9673d2efe77735ae75582eb178c880b07035d8695f010e324b7c71
u03-s009-cr002,constructed-response,questionId,14,14,987b53b9e2e2f864e3f3f32499e1e68800972a465c73586de5d5852d9c72e100
u03-s009-cr002,constructed-response,unitId,3,3,97ce842ec69dee17c1842918e63b9d4042fa4b35007146dcfb80a09c5000888a
u03-s009-cr002,constructed-response,topicId,24,24,326b17ae4f5196ef40b28e1a1c7a830421ca958af02230db5604747dc8ba7ef2
u03-s009-cr002,constructed-response,skillId,29,29,cdec486420a4b304008be7adeaf6dab5e4d4e7b7eec78002b7e87740d889baba
u03-s009-cr002,constructed-response,difficulty,8,8,d21f85ea38166303ce58e06134b5cc4a5c900c409ab2a500ff7c9225109a09bb
u03-s009-cr002,constructed-response,type,20,20,e519496c259191db041ac61161dbfadb673dd94a10a123ed7423adcf7968ae7c
u03-s009-cr002,constructed-response,visualMode,9,9,9c7d54b0bf7a9369d8594201c7b11955514343809d09fbec33966c1fd9794015
u03-s009-cr002,constructed-response,prompt,63,147,634111a17db78cf75a7acc4989af34e805222fb838c20dae203a72508ee5e3e4
u03-s009-cr002,constructed-response,requiredWork[0],13,27,eeecdecd5af36b54aa222c5f099d49878681171f660781534293772b80ce456a
u03-s009-cr002,constructed-response,requiredWork[1],9,27,0bd7c01e87134884301cdc8658a31c8ba8e4928a762b722084d25ee889e520b9
u03-s009-cr002,constructed-response,requiredWork[2],8,24,c0d093fed24ebf5ed91de37574fba4e0ec77ff3b2502cdd899cd360a109aaf6f
u03-s009-cr002,constructed-response,fullCreditSolution[0],22,30,418b902ce91540f61a8ecfc4e64c35642e068cf0938a8546e4f8869197c8545d
u03-s009-cr002,constructed-response,fullCreditSolution[1],10,12,539ae906f82346bf1bf09ec11406b72581d65839125a712b4e096d0983b4c40f
u03-s009-cr002,constructed-response,fullCreditSolution[2],35,65,092e94ea2137e483fe2b146fb3baa36f597f880769dfed9c6c44c258d0411cf4
u03-s009-cr002,constructed-response,alternativeSolutions[0],14,36,f5ebe8a4f69f17e27d74660dfebdbfe39b64f3eb7febaec0ab119cf07e2003d3
u03-s009-cr002,constructed-response,rubric[0].criteria,16,44,9996a490d77f075533e74b85089d2e1958e5142651a1f35b0e64af5953e877d4
u03-s009-cr002,constructed-response,rubric[1].criteria,14,42,2f2e40b840558245c20e1e7fb1a44cf696c6ed5dfaf262f3598ebd1ea23690ea
u03-s009-cr002,constructed-response,rubric[2].criteria,17,23,3b84bd9ca268a1b69a63c39573daa73a5df9e1a230ae5f8adf29052cb29d033a
u03-s009-cr002,constructed-response,rubric[3].criteria,10,30,9510c0472b73f7d94b9d23733859a05742ca7a42034ed76fd1c96bf777e44bd6
u03-s009-cr002,constructed-response,scoringNotes[0],14,42,cd605206f033bf9eb77fb66a20ada03efaf449b4f0635fc98dd861265ef39c50
u03-s009-cr002,constructed-response,scoringNotes[1],25,75,a2c565e5172ae5430bb229f94ce51035aa7b17f1f115f704476e4c19fc1098cf
u03-s009-cr002,constructed-response,commonErrors[0],9,27,2b9e0588487edcbdfdb5d74e1c08df081eacf031f5a7aafc6d0c084554ee3c8d
u03-s009-cr002,constructed-response,commonErrors[1],10,30,4734a57f2820b826ff7ab8404c2e87a18c2de50afe4576f10150e01b036c5120
u03-s009-cr002,constructed-response,independentReview.derivedResult,3,5,138e6638a9087ad75b204bc88640ee61a133aa87c02f80b7dfb9bc78c661b323
u03-s009-cr002,constructed-response,independentReview.ambiguity,26,78,4b9998d99f5ff6b4c48867707da30b5a75387690128c1a0e4fdc7f35be5f3c7a
u03-s009-cr002,constructed-response,independentReview.decision,4,4,d74ff0ee8da3b9806b18c877dbf29bbde50b5bd8e4dad7a3a725000feb82e8f1
u03-s009-cr002,constructed-response,contentSha256,64,64,0c54d10a5a4f279e2c6272f300b3dfdf6b9470ff33402266e834a617c48176d8
u03-s009-cr002,constructed-response,contentAuthority,25,25,ed40f75ffe3d6ad4e71f6e7919d063410490de360edb425965eccd605ca9d79e
u03-s009-cr002,constructed-response,legacyContentDisposition,39,39,2efcc87c0c9673d2efe77735ae75582eb178c880b07035d8695f010e324b7c71
u03-s010-lecture-r1,lecture,lectureId,19,19,94da48e67dd4e12d5035a99523bd1b7ce371dffc5bd8d74438787ea2b33562f2
u03-s010-lecture-r1,lecture,unitId,3,3,97ce842ec69dee17c1842918e63b9d4042fa4b35007146dcfb80a09c5000888a
u03-s010-lecture-r1,lecture,topicId,24,24,326b17ae4f5196ef40b28e1a1c7a830421ca958af02230db5604747dc8ba7ef2
u03-s010-lecture-r1,lecture,skillId,28,28,e0422a732e9405ca568a9d5c6ccf2dd3f0a0ed06da6522983ab990ec5f600c45
u03-s010-lecture-r1,lecture,title,21,63,8fcf61c0e65421249c4f6b40ce98733d68877cf6c3d4d3401c0757953b289991
u03-s010-lecture-r1,lecture,audience,10,30,e6b4416fbd9f36797de01256b31a4d6f6314e126fde8495e25792c814f64fc5f
u03-s010-lecture-r1,lecture,reviewStatus,22,22,ec809598e2f7fcc69fad54c9cd045bba62b4a0dc7c0ff90d4efdc3788c9ad8fb
u03-s010-lecture-r1,lecture,learningOutcomes[0],12,35,4efdab02c9a562b68e884f627435d4dc48c177f9284582cf4cecfb50384e3bf3
u03-s010-lecture-r1,lecture,learningOutcomes[1],16,48,ba277b0a38b62a5b1a35caefbf2633083269ff18299f1870acfd4a29d64448a8
u03-s010-lecture-r1,lecture,learningOutcomes[2],13,39,c84f07b9dbb8347edaa7bd2ad351d02c169de61cb2248a5154009c2727011131
u03-s010-lecture-r1,lecture,learningOutcomes[3],17,49,48e705a9f53403bff593ace6a5a904a1b3abdea6735e785fb7c75450ef52c040
u03-s010-lecture-r1,lecture,prerequisites[0].skillId,29,29,cdec486420a4b304008be7adeaf6dab5e4d4e7b7eec78002b7e87740d889baba
u03-s010-lecture-r1,lecture,prerequisites[0].requiredLevel,25,75,d8124a2b38eee402233329588f3aea62c9ced016e4b6b068ff99ee4c04057baf
u03-s010-lecture-r1,lecture,glossary[0].term,2,6,1e1e4ec83bfcecf3778b4db4a9d9af5de256a78d2d8ee575ace71e8f337ea05b
u03-s010-lecture-r1,lecture,glossary[0].definition,14,42,b5eca6232d09cb623c62d5c89898824d31d2a7aecb94815b480dfdbb962c3990
u03-s010-lecture-r1,lecture,glossary[1].term,2,6,a918a345eb435745770fc676890f5da111832c2a393233772a81ccf82f5b0236
u03-s010-lecture-r1,lecture,glossary[1].definition,11,33,43a5b157538093ed64af4201c254314da570f4a9673e6f29174dc8bfcc16090f
u03-s010-lecture-r1,lecture,glossary[2].term,2,6,bf6267da6077b6bedde993a6ec599e9d5474eef12284b6823ef8dd0facc08f40
u03-s010-lecture-r1,lecture,glossary[2].definition,11,33,8965b8a504c1eda801b406a6e4b1c65eae5a0cd4623f0af32ec1f56082ab01bb
u03-s010-lecture-r1,lecture,glossary[3].term,4,12,b66525a7e4880fec8e92a26b9dd88d6398eae8475e7ff7db2e686dd4350ac8cb
u03-s010-lecture-r1,lecture,glossary[3].definition,16,48,91c2b0c81a1708e5869e9578540c0ccc2bb6b4dd48c4b481d995430460f90c02
u03-s010-lecture-r1,lecture,notation[0].symbol,4,4,eac4c4ef129d2de84949d8379208bcff397240f55b8234ed05c5934a945dbfc1
u03-s010-lecture-r1,lecture,notation[0].meaning,9,24,0d9624193e4cdf72a92f66544696211192eadac8956786a233171feb8a976c37
u03-s010-lecture-r1,lecture,notation[1].symbol,5,5,6076a66745845b4f1437359e6c1dd22a98c7adc174971b042bbf3d68b0bcf5d5
u03-s010-lecture-r1,lecture,notation[1].meaning,15,38,3f08ec29eabfffccc7ce63f80b5d5a46ef861f38046944becb712c66ccfd4d81
u03-s010-lecture-r1,lecture,conceptNarrative[0],25,75,a2773e5e49bdee1ff47d828767f499f21230dbfaf0d04bf3ac920a855fdfdef4
u03-s010-lecture-r1,lecture,conceptNarrative[1],31,93,b122665f376dbffc80872eb0a76339b07fd4b24ec3179d8c8f8699b0ec07743a
u03-s010-lecture-r1,lecture,conceptNarrative[2],20,60,2f73b2f954e1ac327811a34c1bf817483e96a4b4ef55be0d6717204a86f33d3c
u03-s010-lecture-r1,lecture,conceptNarrative[3],24,72,b59e710ccdf976cc6f65803660dfb5c5621241764ecbfbcac72349613cc31b86
u03-s010-lecture-r1,lecture,formalDefinitions[0].name,6,18,5dd0de42c7a890f97225f1bc6dad06b7848c0600a1101e513393f0dae921debe
u03-s010-lecture-r1,lecture,formalDefinitions[0].statement,5,7,a97fd880a9db05e34545945db18de15684cb557477dcca7f9bb32efcbcc091c1
u03-s010-lecture-r1,lecture,formalDefinitions[1].name,4,12,1176e6db44d27b5cf1f278dfe9e470376f3342387d0fdb2672e7a2d732114043
u03-s010-lecture-r1,lecture,formalDefinitions[1].statement,13,21,e0d77831b5081bd6a9da2c47fcd57534519a3eaa8b6189aeaed4e796881d1ab7
u03-s010-lecture-r1,lecture,formalDefinitions[2].name,4,12,f3660dcf6f4eb41075db2ead41af1860f9feaf1ce84988d80a7b9dec58e22e00
u03-s010-lecture-r1,lecture,formalDefinitions[2].statement,16,38,c2c824d603d9696365a1ed10d934e5a6ef4047efa5d29da28b9af29cb8e2b95b
u03-s010-lecture-r1,lecture,formulas[0].formula,7,7,57be9d1814e40f9271030f655256e2a0f45e62ab06d2ce6701641ff398e222cb
u03-s010-lecture-r1,lecture,formulas[0].conditions[0],9,27,8b0da8fbf8b455ff27d7364c5d4dce53b8a4c3d94bb325f73d24e023e5532856
u03-s010-lecture-r1,lecture,formulas[0].meaning,6,18,e5179a592366d70d30caaec5a9dd78ba29b797624e5695d93e5b366482c990fb
u03-s010-lecture-r1,lecture,formulas[1].formula,11,11,4ccc5b938a3a0fb8b78ae026996b726dc95304cddc37fa9340f84b93fa300faa
u03-s010-lecture-r1,lecture,formulas[1].conditions[0],13,39,35177874d3ffa34fd8c3720f6b3feb628e8f62c48e41effcd17d485f6b2b0df3
u03-s010-lecture-r1,lecture,formulas[1].meaning,6,18,3c95dde800de5f18b578e3ddf5c724b441189320715a8643940e4a9db419c473
u03-s010-lecture-r1,lecture,nonApplicableCases[0],18,54,d00a87940f6eb15cb887c9f29f0af500c4d2bae4cee5ac28e689d7632c3eb8f6
u03-s010-lecture-r1,lecture,nonApplicableCases[1],17,51,f89a6508e2dcfc036aaa88d47b5961611711702e6de2ff89b2d30338ea04b8b9
u03-s010-lecture-r1,lecture,nonApplicableCases[2],16,48,e337bf41de2c1f5a27292910534e7d37ae976214ce3a6159bb1485b32606fd82
u03-s010-lecture-r1,lecture,nonApplicableCases[3],13,39,bd115ae26210bc49c12255651f65de7812bbce4dc9c9b43e68172739bcafbf1e
u03-s010-lecture-r1,lecture,method[0].instruction,17,51,80ab142970cd8cf3c11f7bf66003555ff3959052fc0b4cdeb512127e2b02bbba
u03-s010-lecture-r1,lecture,method[0].check,9,27,e80cabf207be2191e081a968e463e0e348d54dbc283baf261e31be1d310ee824
u03-s010-lecture-r1,lecture,method[1].instruction,7,21,b7b168a8bd0725deb6d4f5b3c09292288675fd1900625caa4ded26861162c442
u03-s010-lecture-r1,lecture,method[1].check,9,27,e0467009aa2c7e1321a78f78a9d644f72c058cd67d95720815b1296926f0d591
u03-s010-lecture-r1,lecture,method[2].instruction,15,45,218e68a372abe9245dad8a7e8ed04a62cd59af5ba7db2918fda5363d448d0a35
u03-s010-lecture-r1,lecture,method[2].check,10,30,05fba744a728cf2f9169a08feed70869a3a7f213988ca42ba844c343ce1f09ef
u03-s010-lecture-r1,lecture,method[3].instruction,12,36,493ec8c477ccbe3a0d520b2c033504efc3b6eafeb1615e4a0ad180cd9b977b59
u03-s010-lecture-r1,lecture,method[3].check,11,25,f39908d890bab333b56e6c2821e4f68a4bf002fff1323136a367c594549e7a36
u03-s010-lecture-r1,lecture,method[4].instruction,12,36,abd497f0fe55c2cc1e8d7530141cecbac18cddc11cc598e605b1c554d19793a0
u03-s010-lecture-r1,lecture,method[4].check,11,33,90bcb5a49ee3580499e7c4e266f7bbde9b0bdd3cb4be6d2bff7a852602884cbb
u03-s010-lecture-r1,lecture,workedExamples[0].exampleId,2,2,dffe8596427fc50e8f64654a609af134d45552f18bbecef90b31135a9e7acaa0
u03-s010-lecture-r1,lecture,workedExamples[0].prompt,16,36,c0f9a4545ac27b2dbbd3b8070d5617f0ffc4eecc89234fc08d1de8fffb47ded2
u03-s010-lecture-r1,lecture,workedExamples[0].solutionSteps[0],9,12,c665488b4e8cce973a0d47180a34829fd655ac05d96ecdf0a2979bb8da756d85
u03-s010-lecture-r1,lecture,workedExamples[0].solutionSteps[1],4,6,0a1cb303f31c2427ec3a1b87e3e8b4637c909d4d13cd070861ac2e10878b550d
u03-s010-lecture-r1,lecture,workedExamples[0].answer,4,10,d0257b237ba8f22f67528c1d9dfafdaaa10a0f69bba3af82d24d7f407cb2deaf
u03-s010-lecture-r1,lecture,workedExamples[1].exampleId,2,2,d76354d8457898445bb69e0dc0dc95fb74cc3cf334f8c1859162a16ad0041f8d
u03-s010-lecture-r1,lecture,workedExamples[1].prompt,25,59,26750096c1227ace361695c3255a3def19c6c0e319f364579278635f49197340
u03-s010-lecture-r1,lecture,workedExamples[1].solutionSteps[0],5,11,4d82fda343538147d0a39a37b0696b02bea33a4701ed8e0ec3bdbdb73fc85cb9
u03-s010-lecture-r1,lecture,workedExamples[1].solutionSteps[1],8,10,346331e9edf363fe1c8fc8dcf4a21955b352ab4f4786a61e79b171171c5c4a6b
u03-s010-lecture-r1,lecture,workedExamples[1].answer,6,16,b71f930c2ca9fbb88d9abee61689bf9cea1f14293b7ee5f49d9ba0551ecfe924
u03-s010-lecture-r1,lecture,workedExamples[2].exampleId,2,2,842983de8fb1d277a3fad5c8295c7a14317c458718a10c5a35b23e7f992a5c80
u03-s010-lecture-r1,lecture,workedExamples[2].prompt,21,55,b4b1f0611e441244be002fbb69843faf74a90c0ccfcdc6d88324bc8dfacf371e
u03-s010-lecture-r1,lecture,workedExamples[2].solutionSteps[0],7,9,122f0c904bb790a253e0e4f9f77dafb925d761aeb17d055b760d98a0615bb2ed
u03-s010-lecture-r1,lecture,workedExamples[2].solutionSteps[1],4,6,0a1cb303f31c2427ec3a1b87e3e8b4637c909d4d13cd070861ac2e10878b550d
u03-s010-lecture-r1,lecture,workedExamples[2].answer,6,16,fa5531879a68ec52fb7951c93dd5b54bb6d802a6a1dde8fea1107138ad9346af
u03-s010-lecture-r1,lecture,workedExamples[3].exampleId,2,2,4a5a97c6433c4c062457e9335709d57493e75527809d8a9586c141e591ac9f2c
u03-s010-lecture-r1,lecture,workedExamples[3].prompt,21,49,7bf9a0f4f17ae36420de95193078cd910743100054dcca9a5ae17dadaea447ae
u03-s010-lecture-r1,lecture,workedExamples[3].solutionSteps[0],6,16,7f1b0787fe9589f74e9a979b096151a0e931491bb66847dfd1267bb8acb1b617
u03-s010-lecture-r1,lecture,workedExamples[3].solutionSteps[1],8,18,51da4d5bd42bef4f1e2f69316d8a2aa818cd5935d038cfec05a800dfb9e58b6c
u03-s010-lecture-r1,lecture,workedExamples[3].answer,7,15,211a886ac12a05f43609e9949bf6130aed85abbd6438defd1712cbf4cf0e84ee
u03-s010-lecture-r1,lecture,commonMistakes[0].mistake,9,27,07f32cdf5e71efc3cc50160013d2a7c1d0545a7e70ec096b68c5c7556378b66b
u03-s010-lecture-r1,lecture,commonMistakes[0].why,9,27,b3ccce4700fc8f0cccf5c7bc24a7646f862089f4fd29f1b239ddade8c30510ec
u03-s010-lecture-r1,lecture,commonMistakes[0].correction,8,24,efdac0a0d448bf8c7c3587be0838235d11a36519b1735030dd28baa240d471b1
u03-s010-lecture-r1,lecture,commonMistakes[1].mistake,9,27,f8347716cf61d6d7e3a09b947e1484f29fdd612c74a8bac384009c17baf0926f
u03-s010-lecture-r1,lecture,commonMistakes[1].why,8,24,d1e634b1018439ab583d25f847c38eee64a1c117344ef43729ecfc8db8533694
u03-s010-lecture-r1,lecture,commonMistakes[1].correction,8,24,d089be848c4bd85133f2e303a1da13f0c1b210dc9b1aab796870d734a9b2d0f4
u03-s010-lecture-r1,lecture,commonMistakes[2].mistake,10,30,a12c9b5df7c98412d9afac16924d06498dccbffe32e59d3a008551e009113ab2
u03-s010-lecture-r1,lecture,commonMistakes[2].why,6,18,b19c8515683d8c13b8720de8de981bdbfe318f29007d423002274ff8eb5431c8
u03-s010-lecture-r1,lecture,commonMistakes[2].correction,11,33,692aaa17d1f4a8cff918ee94b17810cc8e992c8c525de3ea8ff3ab425b688fec
u03-s010-lecture-r1,lecture,commonMistakes[3].mistake,11,31,052e3cd641c951faf24b81537ff39079cd24afe3a31b7dcf7d0f86587de7eca3
u03-s010-lecture-r1,lecture,commonMistakes[3].why,7,21,80949cfb24d04026a49e5fd3644ade1eeb768dd69e036a18b0db5a26a78cd831
u03-s010-lecture-r1,lecture,commonMistakes[3].correction,9,23,9419e24dd485309ead911946ded3954b960646360a852b2d45546530f4c303dd
u03-s010-lecture-r1,lecture,commonMistakes[4].mistake,12,36,68d0a54f26b8e5e0556ab6e5852d188d1d312c1331f523c52cac16573bcedd8b
u03-s010-lecture-r1,lecture,commonMistakes[4].why,9,27,ff47511d0574bd41a226f9812a4b01a9e7a9808561b03422c18114c5faccb420
u03-s010-lecture-r1,lecture,commonMistakes[4].correction,8,24,529d87b42822dbb0b6d63ddfadce5ffc15a873136f2535a25bda4e719967747b
u03-s010-lecture-r1,lecture,commonMistakes[5].mistake,10,30,5310fd338ef6be6fa30a02bd7697094992d535e958735eae5b8f2899de7b717b
u03-s010-lecture-r1,lecture,commonMistakes[5].why,10,30,111060a00a465436851baefd522857e9f10c696b21d37840c50ad767822e0f88
u03-s010-lecture-r1,lecture,commonMistakes[5].correction,7,21,80b154031591e49b69c5377d4a9620809c0b86092609a1af23e7686579af8145
u03-s010-lecture-r1,lecture,selfCheck[0],7,21,4f8fa8fb21c914ffbb1487cc12c88dd143a5b11ec809014144a20e2b7ff34c91
u03-s010-lecture-r1,lecture,selfCheck[1],12,28,94eb41ce588eff99178f6fd8df25b81d437af0bffdd88f6e84f5e64b7cc8d97c
u03-s010-lecture-r1,lecture,selfCheck[2],11,33,e7129f43fd7d35d1e9f8c1b3d4f91a2a1737a80e892dd1fbedc05ad96e70b44a
u03-s010-lecture-r1,lecture,selfCheck[3],12,36,299b02aa9e4a927806f86b736ca3afe5014cb6e7c1e6f9555a99d96c15c9fad8
u03-s010-lecture-r1,lecture,selfCheck[4],12,36,9d68fe7fd86073463753882d033cc8770c6127923d253fbc9fcfdd97b2beb8d8
u03-s010-lecture-r1,lecture,summary[0],9,24,0d9624193e4cdf72a92f66544696211192eadac8956786a233171feb8a976c37
u03-s010-lecture-r1,lecture,summary[1],14,42,646d75e1327740332696da6bad0708b65807cf4b2452ec143eb3dc338eeb3ace
u03-s010-lecture-r1,lecture,summary[2],8,24,89df35039d9a8d15aa6d451bb9f1c26580e22520da0d29bba322e809e237d522
u03-s010-lecture-r1,lecture,summary[3],12,36,9c9d0d6b2b0bb202ccf2673e6c0674b58ee0e9fecf85faf21f33950292e47a5f
u03-s010-lecture-r1,lecture,connections.previous,28,84,9c9b0422c4d22a269f9c2ae9f52d07004cbb1bed3c97cdd2d514f9b4359078ac
u03-s010-lecture-r1,lecture,connections.next[0],14,42,984d43d9eaa915650594919f8be1586ec272303ef905c8a05013c1c059f6d7de
u03-s010-lecture-r1,lecture,connections.next[1],20,60,2bce1fabda4dec9d0302c28931385b831312906ce6d7e5194ebd21601185e541
u03-s010-lecture-r1,lecture,practiceLinks.mcQuestionIds[0],13,13,4e3e5b7555ed12afe402adc7a7ae9eac05f4441f58d159526641cbdea759fa94
u03-s010-lecture-r1,lecture,practiceLinks.mcQuestionIds[1],13,13,5e9af357ba2714d70038b41f6f80da6cc29c3e7ebaee5a9ef00e83f6373cde5b
u03-s010-lecture-r1,lecture,practiceLinks.mcQuestionIds[2],13,13,ae5caf1534d8333dec59110417e85130e5d83844b7bc132131c33ce550f86f89
u03-s010-lecture-r1,lecture,practiceLinks.mcQuestionIds[3],13,13,9b65e30d7e6c71ad49a5490d2afd2a0ff850d7bd690fd9159f9d831a3b2d4dc8
u03-s010-lecture-r1,lecture,practiceLinks.mcQuestionIds[4],13,13,3dcb4d778794257beebd28a6cf2a1c44bbe3ae64a40a474c603d100550d44b6c
u03-s010-lecture-r1,lecture,practiceLinks.mcQuestionIds[5],13,13,6e4c089824cada9df486ed0dbabf23c454ce57f3ac29a90f04753b4068f41723
u03-s010-lecture-r1,lecture,practiceLinks.mcQuestionIds[6],13,13,1b3efd00f9831f56de72187742944803ab7c708db966cbcc45fa17feeb2049f1
u03-s010-lecture-r1,lecture,practiceLinks.mcQuestionIds[7],13,13,d5b511e099ad67aafd9c3b23cc0e123b2f4e92ba9771440cd6556dc73038ddda
u03-s010-lecture-r1,lecture,practiceLinks.mcQuestionIds[8],13,13,6a9db405ae146aaca13b6d8ab2ac8bc813795281da405b135538abaa31a4e351
u03-s010-lecture-r1,lecture,practiceLinks.mcQuestionIds[9],13,13,e659e7212fb3aeea07db1250f21f8ea54c1bfb01dca150ae6df10d60c830c435
u03-s010-lecture-r1,lecture,practiceLinks.mcQuestionIds[10],13,13,a9d564e45231d751fa32d7392dd58da01ff107b420a2975a0fdbcac8ed1c0995
u03-s010-lecture-r1,lecture,practiceLinks.mcQuestionIds[11],13,13,7eaac9d2bc2aa7c8f41c0923a3637e7a4fec2990d70f0cb002b5a6696066f059
u03-s010-lecture-r1,lecture,practiceLinks.constructedResponseIds[0],14,14,ac716aa64bfb4702381e65e79d1cac826eb21a4c16a3146c0ce1f332fb11d859
u03-s010-lecture-r1,lecture,practiceLinks.constructedResponseIds[1],14,14,3e70fcae17f9c138d597411636bedfdd7c86d57c2dda32c6292c0a81052cd8da
u03-s010-lecture-r1,lecture,lectureReview.mathematicalCorrectness,4,4,d74ff0ee8da3b9806b18c877dbf29bbde50b5bd8e4dad7a3a725000feb82e8f1
u03-s010-lecture-r1,lecture,lectureReview.zeroFoundationReadability,4,4,d74ff0ee8da3b9806b18c877dbf29bbde50b5bd8e4dad7a3a725000feb82e8f1
u03-s010-lecture-r1,lecture,lectureReview.scopeCheck,21,21,fdf8268f0373301b2fcc6331f1d8999b8aabea69681e8bc972ab9a21216a7606
u03-s010-lecture-r1,lecture,lectureReview.reviewNote,70,139,2fafd51046e19a33bf56d6f0faacc0b85815a085594a59c17c1d92d1b677c86f
u03-s010-lecture-r1,lecture,lectureReview.reviewVersion,25,25,413c3743bf06637b23333702bf9263e0db21fd6b3c3879070d877faca58db442
u03-s010-lecture-r1,lecture,lectureReview.reviewedAt,10,10,14158d45727526145ef514139eeb669eb54d613dbcffe524f099dbb71c9d8b08
u03-s010-lecture-r1,lecture,contentSha256,64,64,1cf82fa0c18aee755e2afd5ee74a0c7350df45a70e6e10ac9421263216b74394
u03-s010-lecture-r1,lecture,contentAuthority,25,25,ed40f75ffe3d6ad4e71f6e7919d063410490de360edb425965eccd605ca9d79e
u03-s010-lecture-r1,lecture,legacyContentDisposition,40,40,bb8421a43fb9d90c642b60311f091a34addbe10678daf757010d688c8c2a21b3
u03-s010-v001,question,questionId,13,13,4e3e5b7555ed12afe402adc7a7ae9eac05f4441f58d159526641cbdea759fa94
u03-s010-v001,question,unitId,3,3,97ce842ec69dee17c1842918e63b9d4042fa4b35007146dcfb80a09c5000888a
u03-s010-v001,question,topicId,24,24,326b17ae4f5196ef40b28e1a1c7a830421ca958af02230db5604747dc8ba7ef2
u03-s010-v001,question,skillId,28,28,e0422a732e9405ca568a9d5c6ccf2dd3f0a0ed06da6522983ab990ec5f600c45
u03-s010-v001,question,difficulty,5,5,fbb7b5bf4ca348eeeebf8cc3660712859a5a1fbf18e83217a57ce203fb51d5c2
u03-s010-v001,question,type,2,2,6bc0f9c4ecb0acbebf1b9f6c816bdd66f4885f67c917d9e141cf893014fba936
u03-s010-v001,question,visualMode,9,9,9c7d54b0bf7a9369d8594201c7b11955514343809d09fbec33966c1fd9794015
u03-s010-v001,question,sourceScope,19,19,a4b669ddb8ef1883391c07a7b633f12eeaeecee7ec37c09eea4931aff6644346
u03-s010-v001,question,text,29,69,aca7b863ae342431d1119e6ff119de99aab32804271b21f8438414a09b9a62b3
u03-s010-v001,question,choices[0],1,1,4e07408562bedb8b60ce05c1decfe3ad16b72230967de01f640b7e4729b49fce
u03-s010-v001,question,choices[1],1,1,d4735e3a265e16eee03f59718b9b5d03019c07d8b6c51f90da3a666eec13ab35
u03-s010-v001,question,choices[2],1,1,4b227777d4dd1fc61c6f884f48641d02b4d121d3fd328cb08b5531fcacdabf8a
u03-s010-v001,question,choices[3],3,3,2abaca4911e68fa9bfbf3482ee797fd5b9045b841fdff7253557c5fe15de6477
u03-s010-v001,question,explanation,30,64,8a000f496fe3e91c5a4de3f598142049e6d84cad1422e0e87491bc0e49569270
u03-s010-v001,question,steps[0],8,10,4eb41ef9512d7d16f258ba1905e910b738c6afc5197515e9fafd6892397c741f
u03-s010-v001,question,steps[1],5,11,7585c665a69e60d47fad4099fb37cbad275cd375ffeef050ee147847c6e131cf
u03-s010-v001,question,steps[2],5,9,5f0a402936f6576c320be1931ac7dfeb8037d86e5ded86250b60f7352c54a8f2
u03-s010-v001,question,optionAnalysis[0].choice,1,1,4e07408562bedb8b60ce05c1decfe3ad16b72230967de01f640b7e4729b49fce
u03-s010-v001,question,optionAnalysis[0].reason,34,77,d8bd633ea708be80e0c520745da729b9432de1ba77c9ca32dd72a48ffccf4299
u03-s010-v001,question,optionAnalysis[1].choice,1,1,d4735e3a265e16eee03f59718b9b5d03019c07d8b6c51f90da3a666eec13ab35
u03-s010-v001,question,optionAnalysis[1].reason,7,10,f95833688571e43a482d779ac95eadf500bae84b2d3859e0cd995d4bf2e2cd81
u03-s010-v001,question,optionAnalysis[2].choice,1,1,4b227777d4dd1fc61c6f884f48641d02b4d121d3fd328cb08b5531fcacdabf8a
u03-s010-v001,question,optionAnalysis[2].reason,9,14,1e03bb532ea25ada2cb13646e63c8fc0f54b650098b1b0e88d916d1e8853e312
u03-s010-v001,question,optionAnalysis[3].choice,3,3,2abaca4911e68fa9bfbf3482ee797fd5b9045b841fdff7253557c5fe15de6477
u03-s010-v001,question,optionAnalysis[3].reason,9,27,8f9b105e64fa3c94a534b9494de5f2e793b4c0e9908a4a54a24c02add9d610b7
u03-s010-v001,question,commonMistake,9,27,28f85801a637b78df468042a91fa04ba617886fa837808b5f459de6a1a500c93
u03-s010-v001,question,concept,9,24,8fdacea79d219ea508c01beb197a82748ce0c6a0014e0aba81325c1ca8e62bed
u03-s010-v001,question,tags[0],2,6,32f6541b44ed479dbf6cc8c7dd98824e49e03974d72ad8b65c33383a9cbb349f
u03-s010-v001,question,tags[1],4,12,d2d639bddbbe7e5334dddd1b3cc004b100f803f016454985dfeb5222c59ab5e4
u03-s010-v001,question,tags[2],5,5,fbb7b5bf4ca348eeeebf8cc3660712859a5a1fbf18e83217a57ce203fb51d5c2
u03-s010-v001,question,estimatedTimeSec,2,2,f369cb89fc627e668987007d121ed1eacdc01db9e28f8bb26f358b7d8c4f08ac
u03-s010-v001,question,prerequisiteSkillIds[0],29,29,cdec486420a4b304008be7adeaf6dab5e4d4e7b7eec78002b7e87740d889baba
u03-s010-v001,question,authoringIntent,11,33,ade033d20954bd680a38b6a4a348f2970d8ddf691485f524288dcc5d73af9f00
u03-s010-v001,question,reviewStatus,22,22,ec809598e2f7fcc69fad54c9cd045bba62b4a0dc7c0ff90d4efdc3788c9ad8fb
u03-s010-v001,question,contentSha256,64,64,c5ec76cf4fe2724d6957935b0a1e2c1dc9a8e98dbe2c3256400bd3f9fe076e47
u03-s010-v001,question,contentAuthority,25,25,ed40f75ffe3d6ad4e71f6e7919d063410490de360edb425965eccd605ca9d79e
u03-s010-v001,question,legacyContentDisposition,39,39,2efcc87c0c9673d2efe77735ae75582eb178c880b07035d8695f010e324b7c71
u03-s010-v002,question,questionId,13,13,5e9af357ba2714d70038b41f6f80da6cc29c3e7ebaee5a9ef00e83f6373cde5b
u03-s010-v002,question,unitId,3,3,97ce842ec69dee17c1842918e63b9d4042fa4b35007146dcfb80a09c5000888a
u03-s010-v002,question,topicId,24,24,326b17ae4f5196ef40b28e1a1c7a830421ca958af02230db5604747dc8ba7ef2
u03-s010-v002,question,skillId,28,28,e0422a732e9405ca568a9d5c6ccf2dd3f0a0ed06da6522983ab990ec5f600c45
u03-s010-v002,question,difficulty,5,5,fbb7b5bf4ca348eeeebf8cc3660712859a5a1fbf18e83217a57ce203fb51d5c2
u03-s010-v002,question,type,2,2,6bc0f9c4ecb0acbebf1b9f6c816bdd66f4885f67c917d9e141cf893014fba936
u03-s010-v002,question,visualMode,9,9,9c7d54b0bf7a9369d8594201c7b11955514343809d09fbec33966c1fd9794015
u03-s010-v002,question,sourceScope,19,19,a4b669ddb8ef1883391c07a7b633f12eeaeecee7ec37c09eea4931aff6644346
u03-s010-v002,question,text,32,74,81aee7337430faab2ae1f717b45caf7ddfd19ed06147c50521365aaa3be95eb9
u03-s010-v002,question,choices[0],4,4,a17d96c0774054d9ce702f1e5d17d886e8e95de0eca544dd5421d8f3ae821c09
u03-s010-v002,question,choices[1],2,2,39fa9ec190eee7b6f4dff1100d6343e10918d044c75eac8f9e9a2596173f80c9
u03-s010-v002,question,choices[2],2,2,f369cb89fc627e668987007d121ed1eacdc01db9e28f8bb26f358b7d8c4f08ac
u03-s010-v002,question,choices[3],3,3,de5872c6bb4494cebd250152ce148cd6231654e4469229f2f993984b3950b422
u03-s010-v002,question,explanation,36,76,dd9f36fac98b6f3557c251267e4ec1de6b72e582a5f82cf8189ef1ac7ba6f8f9
u03-s010-v002,question,steps[0],9,11,72f6dbd2f8a3930eda244092f18732343a2e36c83a96ad4329a7e58a2b4c2e71
u03-s010-v002,question,steps[1],5,9,3b51eaff55705cab97d4326a27f3d97b2ae30a3a29af9f90ea5acb5b26be7f74
u03-s010-v002,question,steps[2],9,21,82f130fdb2c3ab3867f5126d04a6b9f41c41e8adbd3023601d436528d768d885
u03-s010-v002,question,optionAnalysis[0].choice,4,4,a17d96c0774054d9ce702f1e5d17d886e8e95de0eca544dd5421d8f3ae821c09
u03-s010-v002,question,optionAnalysis[0].reason,7,12,541410425230a6215fc7c253e086016c2d16e2404436d23e70bcc95e24d8e957
u03-s010-v002,question,optionAnalysis[1].choice,2,2,39fa9ec190eee7b6f4dff1100d6343e10918d044c75eac8f9e9a2596173f80c9
u03-s010-v002,question,optionAnalysis[1].reason,40,77,ecf43e90835e3a9082289767ec58d75ebdd1929e068acd703aa6226d398a7c15
u03-s010-v002,question,optionAnalysis[2].choice,2,2,f369cb89fc627e668987007d121ed1eacdc01db9e28f8bb26f358b7d8c4f08ac
u03-s010-v002,question,optionAnalysis[2].reason,7,12,62422c0b14bdde4e6f39e43612a276539c323e35978328c192899052e94f1499
u03-s010-v002,question,optionAnalysis[3].choice,3,3,de5872c6bb4494cebd250152ce148cd6231654e4469229f2f993984b3950b422
u03-s010-v002,question,optionAnalysis[3].reason,9,15,4ac3cd678a50c294c690c0a8bb248582c87442de3b22f792f106ec6d2d04b29c
u03-s010-v002,question,commonMistake,12,32,26218d116f205169c9f4dd8109adee00075ebc173e5168d0c962e7733e354772
u03-s010-v002,question,concept,9,24,4810eff0abbf731ec314ca4ecf9dd91d6b6bbc9a8055c4edb9d96505e9230331
u03-s010-v002,question,tags[0],2,6,32f6541b44ed479dbf6cc8c7dd98824e49e03974d72ad8b65c33383a9cbb349f
u03-s010-v002,question,tags[1],4,12,d2d639bddbbe7e5334dddd1b3cc004b100f803f016454985dfeb5222c59ab5e4
u03-s010-v002,question,tags[2],5,5,fbb7b5bf4ca348eeeebf8cc3660712859a5a1fbf18e83217a57ce203fb51d5c2
u03-s010-v002,question,estimatedTimeSec,2,2,f369cb89fc627e668987007d121ed1eacdc01db9e28f8bb26f358b7d8c4f08ac
u03-s010-v002,question,prerequisiteSkillIds[0],29,29,cdec486420a4b304008be7adeaf6dab5e4d4e7b7eec78002b7e87740d889baba
u03-s010-v002,question,authoringIntent,10,30,613ad9c7b025af69906e13b2caf7a088c658fb30beb3cef06dd2af4d09a15537
u03-s010-v002,question,reviewStatus,22,22,ec809598e2f7fcc69fad54c9cd045bba62b4a0dc7c0ff90d4efdc3788c9ad8fb
u03-s010-v002,question,contentSha256,64,64,4a1bbb4897d978366c7fc236de6029a21b588e7683ed00aef33a279381aedd7d
u03-s010-v002,question,contentAuthority,25,25,ed40f75ffe3d6ad4e71f6e7919d063410490de360edb425965eccd605ca9d79e
u03-s010-v002,question,legacyContentDisposition,39,39,2efcc87c0c9673d2efe77735ae75582eb178c880b07035d8695f010e324b7c71
u03-s010-v003,question,questionId,13,13,ae5caf1534d8333dec59110417e85130e5d83844b7bc132131c33ce550f86f89
u03-s010-v003,question,unitId,3,3,97ce842ec69dee17c1842918e63b9d4042fa4b35007146dcfb80a09c5000888a
u03-s010-v003,question,topicId,24,24,326b17ae4f5196ef40b28e1a1c7a830421ca958af02230db5604747dc8ba7ef2
u03-s010-v003,question,skillId,28,28,e0422a732e9405ca568a9d5c6ccf2dd3f0a0ed06da6522983ab990ec5f600c45
u03-s010-v003,question,difficulty,5,5,fbb7b5bf4ca348eeeebf8cc3660712859a5a1fbf18e83217a57ce203fb51d5c2
u03-s010-v003,question,type,2,2,6bc0f9c4ecb0acbebf1b9f6c816bdd66f4885f67c917d9e141cf893014fba936
u03-s010-v003,question,visualMode,9,9,9c7d54b0bf7a9369d8594201c7b11955514343809d09fbec33966c1fd9794015
u03-s010-v003,question,sourceScope,19,19,a4b669ddb8ef1883391c07a7b633f12eeaeecee7ec37c09eea4931aff6644346
u03-s010-v003,question,text,49,119,685cb9a9dda9cc4bada50eac2495a8e2409c55dbfa27fd6551b23524b6865321
u03-s010-v003,question,choices[0],1,1,6b86b273ff34fce19d6b804eff5a3f5747ada4eaa22f1d49c01e52ddb7875b4b
u03-s010-v003,question,choices[1],1,1,4e07408562bedb8b60ce05c1decfe3ad16b72230967de01f640b7e4729b49fce
u03-s010-v003,question,choices[2],1,1,d4735e3a265e16eee03f59718b9b5d03019c07d8b6c51f90da3a666eec13ab35
u03-s010-v003,question,choices[3],1,1,e7f6c011776e8db7cd330b54174fd76f7d0216b612387a5ffcfb81e6f0919683
u03-s010-v003,question,explanation,32,76,b29d29c0997bfe95982a88770bbc6e3d6637977f6c94697d942bd1304915cfa5
u03-s010-v003,question,steps[0],8,20,a51d26bc3d32154cc92d6b9863157ec91781785ddd71130bbe8aa576ce8c96b4
u03-s010-v003,question,steps[1],7,9,bf2e6f68e5449545192d369323e847d1f610156b7748bab4dce2b730eab5992d
u03-s010-v003,question,steps[2],5,13,d587946766a4714158363ed0160dcead388fecba0e7914d71703668b6dd60a0d
u03-s010-v003,question,optionAnalysis[0].choice,1,1,6b86b273ff34fce19d6b804eff5a3f5747ada4eaa22f1d49c01e52ddb7875b4b
u03-s010-v003,question,optionAnalysis[0].reason,10,30,e57014c3b188b321f485921cc21bb375031ba1e183f82b3c370ca4dc07ca400b
u03-s010-v003,question,optionAnalysis[1].choice,1,1,4e07408562bedb8b60ce05c1decfe3ad16b72230967de01f640b7e4729b49fce
u03-s010-v003,question,optionAnalysis[1].reason,6,9,e948dd4e26d48cc8369dec29c2202ebf0c62e94b41661be387c74a8a0c7144d3
u03-s010-v003,question,optionAnalysis[2].choice,1,1,d4735e3a265e16eee03f59718b9b5d03019c07d8b6c51f90da3a666eec13ab35
u03-s010-v003,question,optionAnalysis[2].reason,40,84,51f07f407bad6c79460812ec61531f8bc7f8f27029650a2c1e7ad751de61a5d1
u03-s010-v003,question,optionAnalysis[3].choice,1,1,e7f6c011776e8db7cd330b54174fd76f7d0216b612387a5ffcfb81e6f0919683
u03-s010-v003,question,optionAnalysis[3].reason,7,21,0ac9e0f9884ba04f798764270acd85e9e56d348309db75e703334753aac4e64e
u03-s010-v003,question,commonMistake,9,27,f634a645fac81429c38459f29cd9f553842f756254b1cec6e3b66effaa1591e0
u03-s010-v003,question,concept,12,36,93b8633fa8fb3401dd35f359f49f7dea1e9d74daed45e8ba63a6e4bb481588bd
u03-s010-v003,question,tags[0],2,6,32f6541b44ed479dbf6cc8c7dd98824e49e03974d72ad8b65c33383a9cbb349f
u03-s010-v003,question,tags[1],4,12,d2d639bddbbe7e5334dddd1b3cc004b100f803f016454985dfeb5222c59ab5e4
u03-s010-v003,question,tags[2],5,5,fbb7b5bf4ca348eeeebf8cc3660712859a5a1fbf18e83217a57ce203fb51d5c2
u03-s010-v003,question,estimatedTimeSec,2,2,f369cb89fc627e668987007d121ed1eacdc01db9e28f8bb26f358b7d8c4f08ac
u03-s010-v003,question,prerequisiteSkillIds[0],29,29,cdec486420a4b304008be7adeaf6dab5e4d4e7b7eec78002b7e87740d889baba
u03-s010-v003,question,authoringIntent,10,30,89f43588d45236886d0e5941cf4b77f101f41d5ce739921f0c9ffe801cd9ae98
u03-s010-v003,question,reviewStatus,22,22,ec809598e2f7fcc69fad54c9cd045bba62b4a0dc7c0ff90d4efdc3788c9ad8fb
u03-s010-v003,question,contentSha256,64,64,5764da24e840663893bb52d8e314cc97edb1d65485d9b6f08aa7c3c20fc96487
u03-s010-v003,question,contentAuthority,25,25,ed40f75ffe3d6ad4e71f6e7919d063410490de360edb425965eccd605ca9d79e
u03-s010-v003,question,legacyContentDisposition,39,39,2efcc87c0c9673d2efe77735ae75582eb178c880b07035d8695f010e324b7c71
u03-s010-v004,question,questionId,13,13,9b65e30d7e6c71ad49a5490d2afd2a0ff850d7bd690fd9159f9d831a3b2d4dc8
u03-s010-v004,question,unitId,3,3,97ce842ec69dee17c1842918e63b9d4042fa4b35007146dcfb80a09c5000888a
u03-s010-v004,question,topicId,24,24,326b17ae4f5196ef40b28e1a1c7a830421ca958af02230db5604747dc8ba7ef2
u03-s010-v004,question,skillId,28,28,e0422a732e9405ca568a9d5c6ccf2dd3f0a0ed06da6522983ab990ec5f600c45
u03-s010-v004,question,difficulty,8,8,fe6d3468cf5c74d8ec2a95b40f2e05338c37a4202f8fad692d2b64a9cf9b468a
u03-s010-v004,question,type,2,2,6bc0f9c4ecb0acbebf1b9f6c816bdd66f4885f67c917d9e141cf893014fba936
u03-s010-v004,question,visualMode,9,9,9c7d54b0bf7a9369d8594201c7b11955514343809d09fbec33966c1fd9794015
u03-s010-v004,question,sourceScope,19,19,a4b669ddb8ef1883391c07a7b633f12eeaeecee7ec37c09eea4931aff6644346
u03-s010-v004,question,text,45,107,c7de3f63918860a8a6e41857280059c8ae138a3788a37c98127427715c66b63a
u03-s010-v004,question,choices[0],1,1,d4735e3a265e16eee03f59718b9b5d03019c07d8b6c51f90da3a666eec13ab35
u03-s010-v004,question,choices[1],1,1,ef2d127de37b942baad06145e54b0c619a1f22327b2ebbcfbec78f5564afe39d
u03-s010-v004,question,choices[2],1,1,e7f6c011776e8db7cd330b54174fd76f7d0216b612387a5ffcfb81e6f0919683
u03-s010-v004,question,choices[3],1,1,4e07408562bedb8b60ce05c1decfe3ad16b72230967de01f640b7e4729b49fce
u03-s010-v004,question,explanation,30,64,2bf79b33e06872e8dc7ac3947425cced2e8a053fa11e0f6d84e9b090c06c0326
u03-s010-v004,question,steps[0],6,12,d7feaa85584d7b1853f6cef1a18a48a30b78fb4a4dcbd4fb543184180f3c8f10
u03-s010-v004,question,steps[1],9,11,e3d504e1f971a097633e81385e42cc7eb6c21b590e1199d52edde6299c773fa7
u03-s010-v004,question,steps[2],3,7,7411ec5f80d1ab1e9c64d4caef94942ea24cc976b65459e48f3d540535145514
u03-s010-v004,question,optionAnalysis[0].choice,1,1,d4735e3a265e16eee03f59718b9b5d03019c07d8b6c51f90da3a666eec13ab35
u03-s010-v004,question,optionAnalysis[0].reason,8,11,5faf811aeb2ec13e615cb790c9d5e1b772b73fdc83f7834631b30f0a65e3358d
u03-s010-v004,question,optionAnalysis[1].choice,1,1,ef2d127de37b942baad06145e54b0c619a1f22327b2ebbcfbec78f5564afe39d
u03-s010-v004,question,optionAnalysis[1].reason,11,23,237f5c70f907369f6208bf3b4fa1577f31f0e30e5813069e991a515a7611b462
u03-s010-v004,question,optionAnalysis[2].choice,1,1,e7f6c011776e8db7cd330b54174fd76f7d0216b612387a5ffcfb81e6f0919683
u03-s010-v004,question,optionAnalysis[2].reason,11,33,01d787d904bc014acdc74b12642e77936e03266d3a1553a0c802b9262da8a3f6
u03-s010-v004,question,optionAnalysis[3].choice,1,1,4e07408562bedb8b60ce05c1decfe3ad16b72230967de01f640b7e4729b49fce
u03-s010-v004,question,optionAnalysis[3].reason,45,97,f19197d213b85a8789ee3c710c481baf908d1ca4d2dcf4cf7bdc625c94e5dff5
u03-s010-v004,question,commonMistake,10,30,cc4054d7d9d6812b5ab05d4f83471809e71673254782e8240a6b4894a1e398b6
u03-s010-v004,question,concept,9,27,5af57945da2c70990d094b3d903ea941442f5e2167b6967840d14fe8dac32cad
u03-s010-v004,question,tags[0],2,6,32f6541b44ed479dbf6cc8c7dd98824e49e03974d72ad8b65c33383a9cbb349f
u03-s010-v004,question,tags[1],4,12,d2d639bddbbe7e5334dddd1b3cc004b100f803f016454985dfeb5222c59ab5e4
u03-s010-v004,question,tags[2],8,8,fe6d3468cf5c74d8ec2a95b40f2e05338c37a4202f8fad692d2b64a9cf9b468a
u03-s010-v004,question,estimatedTimeSec,2,2,f369cb89fc627e668987007d121ed1eacdc01db9e28f8bb26f358b7d8c4f08ac
u03-s010-v004,question,prerequisiteSkillIds[0],29,29,cdec486420a4b304008be7adeaf6dab5e4d4e7b7eec78002b7e87740d889baba
u03-s010-v004,question,authoringIntent,10,30,cdb8c402d20e5606843cc6afb05def4f9f873e949b4f65592546f37a97771e9f
u03-s010-v004,question,reviewStatus,22,22,ec809598e2f7fcc69fad54c9cd045bba62b4a0dc7c0ff90d4efdc3788c9ad8fb
u03-s010-v004,question,contentSha256,64,64,b0402d01afae2185e3939175888d3138eca2da2c61a0318f009d107ee6e13bed
u03-s010-v004,question,contentAuthority,25,25,ed40f75ffe3d6ad4e71f6e7919d063410490de360edb425965eccd605ca9d79e
u03-s010-v004,question,legacyContentDisposition,39,39,2efcc87c0c9673d2efe77735ae75582eb178c880b07035d8695f010e324b7c71
u03-s010-v005,question,questionId,13,13,3dcb4d778794257beebd28a6cf2a1c44bbe3ae64a40a474c603d100550d44b6c
u03-s010-v005,question,unitId,3,3,97ce842ec69dee17c1842918e63b9d4042fa4b35007146dcfb80a09c5000888a
u03-s010-v005,question,topicId,24,24,326b17ae4f5196ef40b28e1a1c7a830421ca958af02230db5604747dc8ba7ef2
u03-s010-v005,question,skillId,28,28,e0422a732e9405ca568a9d5c6ccf2dd3f0a0ed06da6522983ab990ec5f600c45
u03-s010-v005,question,difficulty,8,8,fe6d3468cf5c74d8ec2a95b40f2e05338c37a4202f8fad692d2b64a9cf9b468a
u03-s010-v005,question,type,2,2,6bc0f9c4ecb0acbebf1b9f6c816bdd66f4885f67c917d9e141cf893014fba936
u03-s010-v005,question,visualMode,9,9,9c7d54b0bf7a9369d8594201c7b11955514343809d09fbec33966c1fd9794015
u03-s010-v005,question,sourceScope,19,19,a4b669ddb8ef1883391c07a7b633f12eeaeecee7ec37c09eea4931aff6644346
u03-s010-v005,question,text,48,106,6df19607864237e386bc0c1586413e9b4856462515071f661251b9a71292b95f
u03-s010-v005,question,choices[0],1,1,d4735e3a265e16eee03f59718b9b5d03019c07d8b6c51f90da3a666eec13ab35
u03-s010-v005,question,choices[1],1,1,4e07408562bedb8b60ce05c1decfe3ad16b72230967de01f640b7e4729b49fce
u03-s010-v005,question,choices[2],3,3,1b8b6b56bf9bf6b77e128ddc9222f3b6a2ef26a5bec8d95906fab50a31125e31
u03-s010-v005,question,choices[3],4,4,a2135083e9b3ae824967db9bba2007bd542102006de0f5bbe7f01f23c8ad75f5
u03-s010-v005,question,explanation,36,81,d374605e98796aea604b45fb9233e75fce3a1b68de0735728f8226e611215450
u03-s010-v005,question,steps[0],8,20,2f8a736f7d63d0b30741c22affa2d82047583d69cbd898658313943e2196b6c6
u03-s010-v005,question,steps[1],6,12,163ed2b38a7c989dcaa0794ee2476d82789bda99808dbfe02ccbd2271ec7fc30
u03-s010-v005,question,steps[2],10,15,7454506d4218a21ec0410ba61638575dac311a6b1695eb14292ecc86b2525cd3
u03-s010-v005,question,optionAnalysis[0].choice,1,1,d4735e3a265e16eee03f59718b9b5d03019c07d8b6c51f90da3a666eec13ab35
u03-s010-v005,question,optionAnalysis[0].reason,9,14,0522ee53155ed3f1fd5da7f8840460a4918a52a0ee04d8feb82a8ca810bd1348
u03-s010-v005,question,optionAnalysis[1].choice,1,1,4e07408562bedb8b60ce05c1decfe3ad16b72230967de01f640b7e4729b49fce
u03-s010-v005,question,optionAnalysis[1].reason,36,66,0aab7c2f670f8149308a88a85a61ba2fe8407ce6428b108de436015d8859ccbd
u03-s010-v005,question,optionAnalysis[2].choice,3,3,1b8b6b56bf9bf6b77e128ddc9222f3b6a2ef26a5bec8d95906fab50a31125e31
u03-s010-v005,question,optionAnalysis[2].reason,12,20,3d122dfaa1b8da4723400168120c4d83b3ec5117536b6bed46f93d7d1033e9b1
u03-s010-v005,question,optionAnalysis[3].choice,4,4,a2135083e9b3ae824967db9bba2007bd542102006de0f5bbe7f01f23c8ad75f5
u03-s010-v005,question,optionAnalysis[3].reason,8,15,9a4212a2aa32b26e953709c70eddec07b89d12e3334f486a23e19dbea6f9e8ba
u03-s010-v005,question,commonMistake,10,30,608cae07b1551162dfa7c376dc3bb204344c00b536396b706869a3fa9084c744
u03-s010-v005,question,concept,9,27,0cb39b286794e35d66a84e1c3b17bb577e6d16f8608f15527ebfe28ec7df174a
u03-s010-v005,question,tags[0],2,6,32f6541b44ed479dbf6cc8c7dd98824e49e03974d72ad8b65c33383a9cbb349f
u03-s010-v005,question,tags[1],4,12,d2d639bddbbe7e5334dddd1b3cc004b100f803f016454985dfeb5222c59ab5e4
u03-s010-v005,question,tags[2],8,8,fe6d3468cf5c74d8ec2a95b40f2e05338c37a4202f8fad692d2b64a9cf9b468a
u03-s010-v005,question,estimatedTimeSec,2,2,f369cb89fc627e668987007d121ed1eacdc01db9e28f8bb26f358b7d8c4f08ac
u03-s010-v005,question,prerequisiteSkillIds[0],29,29,cdec486420a4b304008be7adeaf6dab5e4d4e7b7eec78002b7e87740d889baba
u03-s010-v005,question,authoringIntent,14,42,9ea27e2e56ce45236fb5f11bb30f16888c34db7cdec82b929bb63f55cdd3c06a
u03-s010-v005,question,reviewStatus,22,22,ec809598e2f7fcc69fad54c9cd045bba62b4a0dc7c0ff90d4efdc3788c9ad8fb
u03-s010-v005,question,contentSha256,64,64,371e456c2a596e157e4d56db2cbddc82c3f5121a32270ce1f1b065f4a30ba38c
u03-s010-v005,question,contentAuthority,25,25,ed40f75ffe3d6ad4e71f6e7919d063410490de360edb425965eccd605ca9d79e
u03-s010-v005,question,legacyContentDisposition,39,39,2efcc87c0c9673d2efe77735ae75582eb178c880b07035d8695f010e324b7c71
u03-s010-v006,question,questionId,13,13,6e4c089824cada9df486ed0dbabf23c454ce57f3ac29a90f04753b4068f41723
u03-s010-v006,question,unitId,3,3,97ce842ec69dee17c1842918e63b9d4042fa4b35007146dcfb80a09c5000888a
u03-s010-v006,question,topicId,24,24,326b17ae4f5196ef40b28e1a1c7a830421ca958af02230db5604747dc8ba7ef2
u03-s010-v006,question,skillId,28,28,e0422a732e9405ca568a9d5c6ccf2dd3f0a0ed06da6522983ab990ec5f600c45
u03-s010-v006,question,difficulty,8,8,fe6d3468cf5c74d8ec2a95b40f2e05338c37a4202f8fad692d2b64a9cf9b468a
u03-s010-v006,question,type,2,2,6bc0f9c4ecb0acbebf1b9f6c816bdd66f4885f67c917d9e141cf893014fba936
u03-s010-v006,question,visualMode,9,9,9c7d54b0bf7a9369d8594201c7b11955514343809d09fbec33966c1fd9794015
u03-s010-v006,question,sourceScope,19,19,a4b669ddb8ef1883391c07a7b633f12eeaeecee7ec37c09eea4931aff6644346
u03-s010-v006,question,text,55,121,da359a37cdec7e1f62733258ce687c8371253626271fc6eb0137ea6834b15961
u03-s010-v006,question,choices[0],3,3,d939926f05444b0f4495fb9629ecbfa80d99a8ec1a20d06800ca5a3d5f4fd276
u03-s010-v006,question,choices[1],3,3,88a09c48f589386b2d18d8be987cffe6a938c9e22314f3542082f7f6243efdb5
u03-s010-v006,question,choices[2],1,1,6b86b273ff34fce19d6b804eff5a3f5747ada4eaa22f1d49c01e52ddb7875b4b
u03-s010-v006,question,choices[3],3,3,6d27ca189b30af4f85eab024881ab00a37ef4bab14248c18349e900f40510397
u03-s010-v006,question,explanation,40,104,d620dba353a717c48d709aa087c302d0c704d4d7d4abb3d501442a65de926915
u03-s010-v006,question,steps[0],13,31,4a58530c33c0257c2403bd7ed641f7e96c2690f82834d3b888305e95a11b2161
u03-s010-v006,question,steps[1],8,20,2c6ab911576a03911cc96a2b34657e59e9660647fc155f7956be85ec01ac54ce
u03-s010-v006,question,steps[2],7,19,2e760802ab8a0e43049eeeba4a9f44d1f05918e4c9799fab8ef5b6264b0f5407
u03-s010-v006,question,optionAnalysis[0].choice,3,3,d939926f05444b0f4495fb9629ecbfa80d99a8ec1a20d06800ca5a3d5f4fd276
u03-s010-v006,question,optionAnalysis[0].reason,8,24,1db4cc9a0e7ff87a59b3f24a3caf32e57e5375496806df340eb36a9c51433603
u03-s010-v006,question,optionAnalysis[1].choice,3,3,88a09c48f589386b2d18d8be987cffe6a938c9e22314f3542082f7f6243efdb5
u03-s010-v006,question,optionAnalysis[1].reason,8,14,ac35744ac0ea56ed1142c12b22fbad46150acf9f92d0690a06994e3335a767d0
u03-s010-v006,question,optionAnalysis[2].choice,1,1,6b86b273ff34fce19d6b804eff5a3f5747ada4eaa22f1d49c01e52ddb7875b4b
u03-s010-v006,question,optionAnalysis[2].reason,53,85,33832b4862b5034d22abc2982ca0f2ea4c3cb3daf8e9f9af2ff4682eb5b8d7b3
u03-s010-v006,question,optionAnalysis[3].choice,3,3,6d27ca189b30af4f85eab024881ab00a37ef4bab14248c18349e900f40510397
u03-s010-v006,question,optionAnalysis[3].reason,8,24,d91ff919b30bf1e3aac534c238b97f8e2c201f8a2ef969afa5216a3e92194406
u03-s010-v006,question,commonMistake,14,42,8751dfcafa496c51a34ff1eaf842eb7e5cd8578c34d66520d7258cf12f050f67
u03-s010-v006,question,concept,14,36,425b4df4474fee41fdb1da354b1644f1aca7f5f5973eca3ada0e6fc36a904138
u03-s010-v006,question,tags[0],2,6,32f6541b44ed479dbf6cc8c7dd98824e49e03974d72ad8b65c33383a9cbb349f
u03-s010-v006,question,tags[1],4,12,d2d639bddbbe7e5334dddd1b3cc004b100f803f016454985dfeb5222c59ab5e4
u03-s010-v006,question,tags[2],8,8,fe6d3468cf5c74d8ec2a95b40f2e05338c37a4202f8fad692d2b64a9cf9b468a
u03-s010-v006,question,estimatedTimeSec,2,2,f369cb89fc627e668987007d121ed1eacdc01db9e28f8bb26f358b7d8c4f08ac
u03-s010-v006,question,prerequisiteSkillIds[0],29,29,cdec486420a4b304008be7adeaf6dab5e4d4e7b7eec78002b7e87740d889baba
u03-s010-v006,question,authoringIntent,13,39,6c1f7abce87f10e9a718f756cc01b7f2a814da02a00023fab091e0dfb28bfe81
u03-s010-v006,question,reviewStatus,22,22,ec809598e2f7fcc69fad54c9cd045bba62b4a0dc7c0ff90d4efdc3788c9ad8fb
u03-s010-v006,question,contentSha256,64,64,108c2eb16b54ff861e8bf3f74595f510594099eb9d81bf1980e0b96f562fc517
u03-s010-v006,question,contentAuthority,25,25,ed40f75ffe3d6ad4e71f6e7919d063410490de360edb425965eccd605ca9d79e
u03-s010-v006,question,legacyContentDisposition,39,39,2efcc87c0c9673d2efe77735ae75582eb178c880b07035d8695f010e324b7c71
u03-s010-v007,question,questionId,13,13,1b3efd00f9831f56de72187742944803ab7c708db966cbcc45fa17feeb2049f1
u03-s010-v007,question,unitId,3,3,97ce842ec69dee17c1842918e63b9d4042fa4b35007146dcfb80a09c5000888a
u03-s010-v007,question,topicId,24,24,326b17ae4f5196ef40b28e1a1c7a830421ca958af02230db5604747dc8ba7ef2
u03-s010-v007,question,skillId,28,28,e0422a732e9405ca568a9d5c6ccf2dd3f0a0ed06da6522983ab990ec5f600c45
u03-s010-v007,question,difficulty,8,8,d21f85ea38166303ce58e06134b5cc4a5c900c409ab2a500ff7c9225109a09bb
u03-s010-v007,question,type,2,2,6bc0f9c4ecb0acbebf1b9f6c816bdd66f4885f67c917d9e141cf893014fba936
u03-s010-v007,question,visualMode,9,9,9c7d54b0bf7a9369d8594201c7b11955514343809d09fbec33966c1fd9794015
u03-s010-v007,question,sourceScope,19,19,a4b669ddb8ef1883391c07a7b633f12eeaeecee7ec37c09eea4931aff6644346
u03-s010-v007,question,text,39,91,06a96b87d65cb867b8f1b333ff131650fe6131b7e22792e3f31bc2ea641f05dc
u03-s010-v007,question,choices[0],3,3,b8736b999909049671d0ea075a42b308a5fbe2df1854899123fe09eb0ee9de61
u03-s010-v007,question,choices[1],1,1,4e07408562bedb8b60ce05c1decfe3ad16b72230967de01f640b7e4729b49fce
u03-s010-v007,question,choices[2],4,4,c02a87b566e653db888d05dc45e0291c9a6b5d3697ef63c95035ad226586623d
u03-s010-v007,question,choices[3],1,1,ef2d127de37b942baad06145e54b0c619a1f22327b2ebbcfbec78f5564afe39d
u03-s010-v007,question,explanation,29,67,f1fbeb0ef845fcd43c38c6159dd3b66e0a8f66d11e177b56cf1116b0ec370513
u03-s010-v007,question,steps[0],6,16,9e9f8048d2272e7f7a9a0a50210485763fdbbaf253c88f9b3df382982d3c967e
u03-s010-v007,question,steps[1],6,8,5d511c3ba03323124ccd84eb36ac480869e88393d494dc2a4b81e3c0f18f8160
u03-s010-v007,question,steps[2],5,9,8fa388451fa410ef5312b1c310689b285b971598c75feadde58a63a0ac36d49a
u03-s010-v007,question,optionAnalysis[0].choice,3,3,b8736b999909049671d0ea075a42b308a5fbe2df1854899123fe09eb0ee9de61
u03-s010-v007,question,optionAnalysis[0].reason,10,30,6fbdbff6d47397533b2bf921951b52702f86fc37d2312d2d6f917a71406d4763
u03-s010-v007,question,optionAnalysis[1].choice,1,1,4e07408562bedb8b60ce05c1decfe3ad16b72230967de01f640b7e4729b49fce
u03-s010-v007,question,optionAnalysis[1].reason,7,12,ea3b82d50a7338e5dd2ba84e5be7bdb3be5a597b6bf660ef48a17681db288332
u03-s010-v007,question,optionAnalysis[2].choice,4,4,c02a87b566e653db888d05dc45e0291c9a6b5d3697ef63c95035ad226586623d
u03-s010-v007,question,optionAnalysis[2].reason,9,23,d6d9be2131a787cc34ab8b114944d489ac750fa4e4018749b1c655f14e6ac6d2
u03-s010-v007,question,optionAnalysis[3].choice,1,1,ef2d127de37b942baad06145e54b0c619a1f22327b2ebbcfbec78f5564afe39d
u03-s010-v007,question,optionAnalysis[3].reason,35,78,7b9d6c274368d62257d6fb65136b84e0cb39573a9a89346455c955d43286f9e2
u03-s010-v007,question,commonMistake,10,30,550ad2b73573da028f870ed66278b4b1257719758b3c22d4a2a1839ac2057ef7
u03-s010-v007,question,concept,15,41,6e6436a543901c3d6566a4535c493d1b02d32b3bf37c565ff9ac89a10bdaa8ac
u03-s010-v007,question,tags[0],2,6,32f6541b44ed479dbf6cc8c7dd98824e49e03974d72ad8b65c33383a9cbb349f
u03-s010-v007,question,tags[1],4,12,d2d639bddbbe7e5334dddd1b3cc004b100f803f016454985dfeb5222c59ab5e4
u03-s010-v007,question,tags[2],8,8,d21f85ea38166303ce58e06134b5cc4a5c900c409ab2a500ff7c9225109a09bb
u03-s010-v007,question,estimatedTimeSec,2,2,f369cb89fc627e668987007d121ed1eacdc01db9e28f8bb26f358b7d8c4f08ac
u03-s010-v007,question,prerequisiteSkillIds[0],29,29,cdec486420a4b304008be7adeaf6dab5e4d4e7b7eec78002b7e87740d889baba
u03-s010-v007,question,authoringIntent,9,27,fbd64b388a437f559eff1d244f0bc4691fa0d0fbe75e4bdc13022363b899b5a2
u03-s010-v007,question,reviewStatus,22,22,ec809598e2f7fcc69fad54c9cd045bba62b4a0dc7c0ff90d4efdc3788c9ad8fb
u03-s010-v007,question,contentSha256,64,64,9326f376cad844e4893dd891ec16d34bf4814437bc435ecb5f38bb3289e55c06
u03-s010-v007,question,contentAuthority,25,25,ed40f75ffe3d6ad4e71f6e7919d063410490de360edb425965eccd605ca9d79e
u03-s010-v007,question,legacyContentDisposition,39,39,2efcc87c0c9673d2efe77735ae75582eb178c880b07035d8695f010e324b7c71
u03-s010-v008,question,questionId,13,13,d5b511e099ad67aafd9c3b23cc0e123b2f4e92ba9771440cd6556dc73038ddda
u03-s010-v008,question,unitId,3,3,97ce842ec69dee17c1842918e63b9d4042fa4b35007146dcfb80a09c5000888a
u03-s010-v008,question,topicId,24,24,326b17ae4f5196ef40b28e1a1c7a830421ca958af02230db5604747dc8ba7ef2
u03-s010-v008,question,skillId,28,28,e0422a732e9405ca568a9d5c6ccf2dd3f0a0ed06da6522983ab990ec5f600c45
u03-s010-v008,question,difficulty,8,8,d21f85ea38166303ce58e06134b5cc4a5c900c409ab2a500ff7c9225109a09bb
u03-s010-v008,question,type,2,2,6bc0f9c4ecb0acbebf1b9f6c816bdd66f4885f67c917d9e141cf893014fba936
u03-s010-v008,question,visualMode,9,9,9c7d54b0bf7a9369d8594201c7b11955514343809d09fbec33966c1fd9794015
u03-s010-v008,question,sourceScope,19,19,a4b669ddb8ef1883391c07a7b633f12eeaeecee7ec37c09eea4931aff6644346
u03-s010-v008,question,text,47,115,407aa3ca56b77fd61624b681ea8e05817c3a4ad762142f66124aaa9cf7c8ab06
u03-s010-v008,question,choices[0],3,3,2abaca4911e68fa9bfbf3482ee797fd5b9045b841fdff7253557c5fe15de6477
u03-s010-v008,question,choices[1],3,3,ad57366865126e55649ecb23ae1d48887544976efea46a48eb5d85a6eeb4d306
u03-s010-v008,question,choices[2],3,3,9ae2bdd7beedc2e766c6b76585530e16925115707dc7a06ab5ee4aa2776b2c7b
u03-s010-v008,question,choices[3],3,3,27badc983df1780b60c2b3fa9d3a19a00e46aac798451f0febdca52920faaddf
u03-s010-v008,question,explanation,43,83,d8aadc1dcc090733e00d16e1841c98e456ffd5f75110143667d68a56fc8a4f66
u03-s010-v008,question,steps[0],6,18,bf3a762d73c1b87948ee54b3999eae1b7d73caa69c0216413b90afc43fd8e24e
u03-s010-v008,question,steps[1],12,14,7ef009b4a45c69fe50fa58ca58e48e8ee082df46a775b367d26cf73f2a4b4cff
u03-s010-v008,question,steps[2],11,15,051b8b8622da7d6b86327de3b032a6c9a78e1f8eee9bfb58be7d514edda078d4
u03-s010-v008,question,optionAnalysis[0].choice,3,3,2abaca4911e68fa9bfbf3482ee797fd5b9045b841fdff7253557c5fe15de6477
u03-s010-v008,question,optionAnalysis[0].reason,53,99,49d52889d8b309a8d91143574e552baed44daf7c59b81dcb262d8a6d53285382
u03-s010-v008,question,optionAnalysis[1].choice,3,3,ad57366865126e55649ecb23ae1d48887544976efea46a48eb5d85a6eeb4d306
u03-s010-v008,question,optionAnalysis[1].reason,10,26,749eaf396102417df5e72197e91f63a02e29a8a14a7ef074872eb4cbfa7df699
u03-s010-v008,question,optionAnalysis[2].choice,3,3,9ae2bdd7beedc2e766c6b76585530e16925115707dc7a06ab5ee4aa2776b2c7b
u03-s010-v008,question,optionAnalysis[2].reason,11,31,d97ac9cc2fc7f3efeabd42ef091bb155a7f216e2e870639fe6332491f79cd2ff
u03-s010-v008,question,optionAnalysis[3].choice,3,3,27badc983df1780b60c2b3fa9d3a19a00e46aac798451f0febdca52920faaddf
u03-s010-v008,question,optionAnalysis[3].reason,10,30,84f080cd17ac3d4651d0daf0b6303771a2e3e27347bec768e8af13247c3c6515
u03-s010-v008,question,commonMistake,10,30,9713e6cced06a8bca412d47a890525cd894ec48e8ba29239a570199994839598
u03-s010-v008,question,concept,16,45,d7b6581397646538427139794839cac4f8147ef7aec57cca83a3c7f6299fc073
u03-s010-v008,question,tags[0],2,6,32f6541b44ed479dbf6cc8c7dd98824e49e03974d72ad8b65c33383a9cbb349f
u03-s010-v008,question,tags[1],4,12,d2d639bddbbe7e5334dddd1b3cc004b100f803f016454985dfeb5222c59ab5e4
u03-s010-v008,question,tags[2],8,8,d21f85ea38166303ce58e06134b5cc4a5c900c409ab2a500ff7c9225109a09bb
u03-s010-v008,question,estimatedTimeSec,2,2,f369cb89fc627e668987007d121ed1eacdc01db9e28f8bb26f358b7d8c4f08ac
u03-s010-v008,question,prerequisiteSkillIds[0],29,29,cdec486420a4b304008be7adeaf6dab5e4d4e7b7eec78002b7e87740d889baba
u03-s010-v008,question,authoringIntent,16,48,faf0b964ce889b1fe3468d3753eca830f88a23543a353182b226b1f3d33219ed
u03-s010-v008,question,reviewStatus,22,22,ec809598e2f7fcc69fad54c9cd045bba62b4a0dc7c0ff90d4efdc3788c9ad8fb
u03-s010-v008,question,contentSha256,64,64,ae518ace50b4579b831172e9d01f0987c04a9b5eaa2c60ad8d0fe13146fe97f6
u03-s010-v008,question,contentAuthority,25,25,ed40f75ffe3d6ad4e71f6e7919d063410490de360edb425965eccd605ca9d79e
u03-s010-v008,question,legacyContentDisposition,39,39,2efcc87c0c9673d2efe77735ae75582eb178c880b07035d8695f010e324b7c71
u03-s010-v009,question,questionId,13,13,6a9db405ae146aaca13b6d8ab2ac8bc813795281da405b135538abaa31a4e351
u03-s010-v009,question,unitId,3,3,97ce842ec69dee17c1842918e63b9d4042fa4b35007146dcfb80a09c5000888a
u03-s010-v009,question,topicId,24,24,326b17ae4f5196ef40b28e1a1c7a830421ca958af02230db5604747dc8ba7ef2
u03-s010-v009,question,skillId,28,28,e0422a732e9405ca568a9d5c6ccf2dd3f0a0ed06da6522983ab990ec5f600c45
u03-s010-v009,question,difficulty,8,8,d21f85ea38166303ce58e06134b5cc4a5c900c409ab2a500ff7c9225109a09bb
u03-s010-v009,question,type,2,2,6bc0f9c4ecb0acbebf1b9f6c816bdd66f4885f67c917d9e141cf893014fba936
u03-s010-v009,question,visualMode,3,3,acdb1373d1761939cb5daa3332223298529581464a90afae39927e7aef8edd46
u03-s010-v009,question,figureId,17,17,67a3e3df0c11db7e56473c1ea4eb112a18f40316fb485919db22ecec4aec5f98
u03-s010-v009,question,sourceScope,19,19,a4b669ddb8ef1883391c07a7b633f12eeaeecee7ec37c09eea4931aff6644346
u03-s010-v009,question,text,64,162,a674823b90cd8e1b7944c5503f30acca4ac62a419a803b2eb3d91ce8bd11a211
u03-s010-v009,question,choices[0],2,2,6b51d431df5d7f141cbececcf79edf3dd861c3b4069f0b11661a3eefacbba918
u03-s010-v009,question,choices[1],2,2,670671cd97404156226e507973f2ab8330d3022ca96e0c93bdbdb320c41adcaf
u03-s010-v009,question,choices[2],2,2,4ec9599fc203d176a301536c2e091a19bc852759b255bd6818810a42c5fed14a
u03-s010-v009,question,choices[3],2,2,811786ad1ae74adfdd20dd0372abaaebc6246e343aebd01da0bfc4c02bf0106c
u03-s010-v009,question,explanation,40,104,74cd731d66de22bd77669d78e8098083ae4458265881bcc0770d6b594ca06dac
u03-s010-v009,question,steps[0],11,29,b7840644bc548ace0cd4397fe3b03740af277159b8d2bfd32cfd2e923533868f
u03-s010-v009,question,steps[1],7,19,c9cfe9acc51df73dc6cc64dc2cb172957f716dd09f1b37f9930801c00a5f97d7
u03-s010-v009,question,steps[2],9,21,2b53e9e98e4d3bf7da1399fbf73dc2fe142712a55f32833cb972e16280d72285
u03-s010-v009,question,optionAnalysis[0].choice,2,2,6b51d431df5d7f141cbececcf79edf3dd861c3b4069f0b11661a3eefacbba918
u03-s010-v009,question,optionAnalysis[0].reason,11,25,2b6c3f3b7f1319e3b52a4e48a0ade6d24e5f42f25cba3f8ef6caeb0c8d084cbc
u03-s010-v009,question,optionAnalysis[1].choice,2,2,670671cd97404156226e507973f2ab8330d3022ca96e0c93bdbdb320c41adcaf
u03-s010-v009,question,optionAnalysis[1].reason,5,10,5d4d765493d977556c0f8dd84f77fc3795dfbb0b593c6a459e7490585d863b5b
u03-s010-v009,question,optionAnalysis[2].choice,2,2,4ec9599fc203d176a301536c2e091a19bc852759b255bd6818810a42c5fed14a
u03-s010-v009,question,optionAnalysis[2].reason,44,106,8ee4561197b879fd4a98b6ce4c677a858bff8df50bec4fb3bb32a21a9b0afa22
u03-s010-v009,question,optionAnalysis[3].choice,2,2,811786ad1ae74adfdd20dd0372abaaebc6246e343aebd01da0bfc4c02bf0106c
u03-s010-v009,question,optionAnalysis[3].reason,12,30,b61d060366d7777f3a23207fb090664ea443dbd51df121ad4edd4af09dd297c4
u03-s010-v009,question,commonMistake,10,30,16ed0feef2685a9f6261e402d510f236b1f597e049f3a24f768226e3d557f68b
u03-s010-v009,question,concept,11,33,c35ab8ea8fecc53b6873c1e5216d0f381e5fe731c22c11650a1688a42d123fc7
u03-s010-v009,question,tags[0],2,6,32f6541b44ed479dbf6cc8c7dd98824e49e03974d72ad8b65c33383a9cbb349f
u03-s010-v009,question,tags[1],4,12,d2d639bddbbe7e5334dddd1b3cc004b100f803f016454985dfeb5222c59ab5e4
u03-s010-v009,question,tags[2],8,8,d21f85ea38166303ce58e06134b5cc4a5c900c409ab2a500ff7c9225109a09bb
u03-s010-v009,question,estimatedTimeSec,2,2,f369cb89fc627e668987007d121ed1eacdc01db9e28f8bb26f358b7d8c4f08ac
u03-s010-v009,question,prerequisiteSkillIds[0],29,29,cdec486420a4b304008be7adeaf6dab5e4d4e7b7eec78002b7e87740d889baba
u03-s010-v009,question,authoringIntent,14,42,59de1eeede5a6a6da817dba9c3759860dea4d49c83a89e835179dc2ceaea07e6
u03-s010-v009,question,reviewStatus,22,22,ec809598e2f7fcc69fad54c9cd045bba62b4a0dc7c0ff90d4efdc3788c9ad8fb
u03-s010-v009,question,contentSha256,64,64,af9d33e99de88e3f8fef2a44f8d57d6f6b5cdc94f0c15c6e8c81d4139fa06ae0
u03-s010-v009,question,contentAuthority,25,25,ed40f75ffe3d6ad4e71f6e7919d063410490de360edb425965eccd605ca9d79e
u03-s010-v009,question,legacyContentDisposition,39,39,2efcc87c0c9673d2efe77735ae75582eb178c880b07035d8695f010e324b7c71
u03-s010-v010,question,questionId,13,13,e659e7212fb3aeea07db1250f21f8ea54c1bfb01dca150ae6df10d60c830c435
u03-s010-v010,question,unitId,3,3,97ce842ec69dee17c1842918e63b9d4042fa4b35007146dcfb80a09c5000888a
u03-s010-v010,question,topicId,24,24,326b17ae4f5196ef40b28e1a1c7a830421ca958af02230db5604747dc8ba7ef2
u03-s010-v010,question,skillId,28,28,e0422a732e9405ca568a9d5c6ccf2dd3f0a0ed06da6522983ab990ec5f600c45
u03-s010-v010,question,difficulty,8,8,578756ca4aa16d8872610a5aaa78460fd30fbe93379ff7284fe65d66ca606755
u03-s010-v010,question,type,2,2,6bc0f9c4ecb0acbebf1b9f6c816bdd66f4885f67c917d9e141cf893014fba936
u03-s010-v010,question,visualMode,9,9,9c7d54b0bf7a9369d8594201c7b11955514343809d09fbec33966c1fd9794015
u03-s010-v010,question,sourceScope,19,19,a4b669ddb8ef1883391c07a7b633f12eeaeecee7ec37c09eea4931aff6644346
u03-s010-v010,question,text,49,115,0a0711a0b487e3d5f5e1decc7dd0ef38f93715e60495dc229e51a2dba326fcbf
u03-s010-v010,question,choices[0],2,2,02d20bbd7e394ad5999a4cebabac9619732c343a4cac99470c03e23ba2bdc2bc
u03-s010-v010,question,choices[1],2,2,108c995b953c8a35561103e2014cf828eb654a99e310f87fab94c2f4b7d2a04f
u03-s010-v010,question,choices[2],2,2,f369cb89fc627e668987007d121ed1eacdc01db9e28f8bb26f358b7d8c4f08ac
u03-s010-v010,question,choices[3],2,2,39fa9ec190eee7b6f4dff1100d6343e10918d044c75eac8f9e9a2596173f80c9
u03-s010-v010,question,explanation,40,89,461742fb15964d1e7710c73eeebeef5864450e52c44ccdd9553db859afa09f78
u03-s010-v010,question,steps[0],8,22,3d1d83b8d91d32352a639c0bed92f1e315b3183b96e315a3d130e555cea2e9bc
u03-s010-v010,question,steps[1],9,21,6005569654490bedced7435773b33f7aa3a477ffd0b7e279a4ded5cf51e7c1e7
u03-s010-v010,question,steps[2],10,11,2db9822d749bceee121c036eed611f6513201ab0d1bdfbb86e93b77b0cf42b98
u03-s010-v010,question,optionAnalysis[0].choice,2,2,02d20bbd7e394ad5999a4cebabac9619732c343a4cac99470c03e23ba2bdc2bc
u03-s010-v010,question,optionAnalysis[0].reason,9,23,1b1fcf98bf706eeff9c7c5197fb32e8795858ad358a0c03f87b53c8832162665
u03-s010-v010,question,optionAnalysis[1].choice,2,2,108c995b953c8a35561103e2014cf828eb654a99e310f87fab94c2f4b7d2a04f
u03-s010-v010,question,optionAnalysis[1].reason,8,20,07f064e25eb9245c2970555bfda9e06e28dcc1eb708fa8662da5c4619369cfff
u03-s010-v010,question,optionAnalysis[2].choice,2,2,f369cb89fc627e668987007d121ed1eacdc01db9e28f8bb26f358b7d8c4f08ac
u03-s010-v010,question,optionAnalysis[2].reason,8,24,9d38c59361c09d495bd1825832fa8705f9071a5db55c3b090ae65bf028c641d2
u03-s010-v010,question,optionAnalysis[3].choice,2,2,39fa9ec190eee7b6f4dff1100d6343e10918d044c75eac8f9e9a2596173f80c9
u03-s010-v010,question,optionAnalysis[3].reason,47,99,6744436aa2602b673731f87b64181701cfddd1962620fe51719de9b7d0d2f90a
u03-s010-v010,question,commonMistake,14,36,a3e039a69a9e4ca0aa6615b3672be3443b54858d0e3fbdb2cc5a0ec18fe9d367
u03-s010-v010,question,concept,11,33,31339e2bae5523b672e6ec3bbe6026692cf0479f575b4bf362eae59318e094b4
u03-s010-v010,question,tags[0],2,6,32f6541b44ed479dbf6cc8c7dd98824e49e03974d72ad8b65c33383a9cbb349f
u03-s010-v010,question,tags[1],4,12,d2d639bddbbe7e5334dddd1b3cc004b100f803f016454985dfeb5222c59ab5e4
u03-s010-v010,question,tags[2],8,8,578756ca4aa16d8872610a5aaa78460fd30fbe93379ff7284fe65d66ca606755
u03-s010-v010,question,estimatedTimeSec,2,2,f369cb89fc627e668987007d121ed1eacdc01db9e28f8bb26f358b7d8c4f08ac
u03-s010-v010,question,prerequisiteSkillIds[0],29,29,cdec486420a4b304008be7adeaf6dab5e4d4e7b7eec78002b7e87740d889baba
u03-s010-v010,question,authoringIntent,12,36,19613c5a8a07d40460f4816b15f33cf0e0ab472707a73f4dc7e5d1ddced00ef0
u03-s010-v010,question,literacyContextNecessity,31,93,2439323f3f07fc0b4978163ec5a7ba6755cebab71409678e74dabb81cbaa9743
u03-s010-v010,question,reviewStatus,22,22,ec809598e2f7fcc69fad54c9cd045bba62b4a0dc7c0ff90d4efdc3788c9ad8fb
u03-s010-v010,question,contentSha256,64,64,eb76eb5266e6c095fa7a89868af6de9dcf1248b317121668c681b87a0c58dfe4
u03-s010-v010,question,contentAuthority,25,25,ed40f75ffe3d6ad4e71f6e7919d063410490de360edb425965eccd605ca9d79e
u03-s010-v010,question,legacyContentDisposition,39,39,2efcc87c0c9673d2efe77735ae75582eb178c880b07035d8695f010e324b7c71
u03-s010-v011,question,questionId,13,13,a9d564e45231d751fa32d7392dd58da01ff107b420a2975a0fdbcac8ed1c0995
u03-s010-v011,question,unitId,3,3,97ce842ec69dee17c1842918e63b9d4042fa4b35007146dcfb80a09c5000888a
u03-s010-v011,question,topicId,24,24,326b17ae4f5196ef40b28e1a1c7a830421ca958af02230db5604747dc8ba7ef2
u03-s010-v011,question,skillId,28,28,e0422a732e9405ca568a9d5c6ccf2dd3f0a0ed06da6522983ab990ec5f600c45
u03-s010-v011,question,difficulty,8,8,578756ca4aa16d8872610a5aaa78460fd30fbe93379ff7284fe65d66ca606755
u03-s010-v011,question,type,2,2,6bc0f9c4ecb0acbebf1b9f6c816bdd66f4885f67c917d9e141cf893014fba936
u03-s010-v011,question,visualMode,9,9,9c7d54b0bf7a9369d8594201c7b11955514343809d09fbec33966c1fd9794015
u03-s010-v011,question,sourceScope,19,19,a4b669ddb8ef1883391c07a7b633f12eeaeecee7ec37c09eea4931aff6644346
u03-s010-v011,question,text,58,128,1318a060e6135984f6edc37a00b54f852945a497be9b9c9f67c4fcb57d0b0b88
u03-s010-v011,question,choices[0],1,1,4e07408562bedb8b60ce05c1decfe3ad16b72230967de01f640b7e4729b49fce
u03-s010-v011,question,choices[1],1,1,d4735e3a265e16eee03f59718b9b5d03019c07d8b6c51f90da3a666eec13ab35
u03-s010-v011,question,choices[2],4,4,c9125a318011b09434d2d84b23f1160d1759ff335a31f897f733784ea3a2b04d
u03-s010-v011,question,choices[3],1,1,4b227777d4dd1fc61c6f884f48641d02b4d121d3fd328cb08b5531fcacdabf8a
u03-s010-v011,question,explanation,37,83,b4c3d1f64468aec9651d710be4d5e688d030ef003b0f31ecb70d0905c253e5fb
u03-s010-v011,question,steps[0],9,23,22806aba2ec279979d0c3355c4a1504a5a29b6741fff95a417ce0b19caf8dcd8
u03-s010-v011,question,steps[1],11,13,2fdbb23865df7a24e29ac7a3eb080f8272781f81154288ac704ef6f1dc901a8f
u03-s010-v011,question,steps[2],5,13,eabcb3051bfbd98348862341db103c091931d8f59c4e11b0c5117e59152d648b
u03-s010-v011,question,optionAnalysis[0].choice,1,1,4e07408562bedb8b60ce05c1decfe3ad16b72230967de01f640b7e4729b49fce
u03-s010-v011,question,optionAnalysis[0].reason,36,66,37b8ccdf145350fc8af763cd331bb0f2a0e3782f71830f791533944b16b74547
u03-s010-v011,question,optionAnalysis[1].choice,1,1,d4735e3a265e16eee03f59718b9b5d03019c07d8b6c51f90da3a666eec13ab35
u03-s010-v011,question,optionAnalysis[1].reason,7,10,aacb4626ab8453c9cb660a29019f32c899841d7a20a31a845c6e789f25e39047
u03-s010-v011,question,optionAnalysis[2].choice,4,4,c9125a318011b09434d2d84b23f1160d1759ff335a31f897f733784ea3a2b04d
u03-s010-v011,question,optionAnalysis[2].reason,12,20,7dfe409fcc80386cdde23c151358f9a997367403821b9387ca73e63f648fd203
u03-s010-v011,question,optionAnalysis[3].choice,1,1,4b227777d4dd1fc61c6f884f48641d02b4d121d3fd328cb08b5531fcacdabf8a
u03-s010-v011,question,optionAnalysis[3].reason,10,28,f8782c4dc144341f380c9791c32d4efaa136c1be73339a6614c95907e427a1cf
u03-s010-v011,question,commonMistake,13,39,79de181bc3fa829be2815903cde2fbd86c5abb14a8c32ade155ab297da9fc134
u03-s010-v011,question,concept,7,21,3f76d7e604c1838f96032f8e11129fe1e923151fb16ddd0283b425efffaa630c
u03-s010-v011,question,tags[0],2,6,32f6541b44ed479dbf6cc8c7dd98824e49e03974d72ad8b65c33383a9cbb349f
u03-s010-v011,question,tags[1],4,12,d2d639bddbbe7e5334dddd1b3cc004b100f803f016454985dfeb5222c59ab5e4
u03-s010-v011,question,tags[2],8,8,578756ca4aa16d8872610a5aaa78460fd30fbe93379ff7284fe65d66ca606755
u03-s010-v011,question,estimatedTimeSec,2,2,f369cb89fc627e668987007d121ed1eacdc01db9e28f8bb26f358b7d8c4f08ac
u03-s010-v011,question,prerequisiteSkillIds[0],29,29,cdec486420a4b304008be7adeaf6dab5e4d4e7b7eec78002b7e87740d889baba
u03-s010-v011,question,authoringIntent,12,36,ea927ef008b61f5266ab13cf33c5ec667c1914e0be06890631f89dcb93d5fac4
u03-s010-v011,question,literacyContextNecessity,37,99,3cef5c11314d0534ef14503a586c7f92d2a0b66f19eb154f9ba8817d6bb2e79b
u03-s010-v011,question,reviewStatus,22,22,ec809598e2f7fcc69fad54c9cd045bba62b4a0dc7c0ff90d4efdc3788c9ad8fb
u03-s010-v011,question,contentSha256,64,64,125bc188765e47e9bd8d4e26d9ccc074be8a559a5c2219625964112466de04c5
u03-s010-v011,question,contentAuthority,25,25,ed40f75ffe3d6ad4e71f6e7919d063410490de360edb425965eccd605ca9d79e
u03-s010-v011,question,legacyContentDisposition,39,39,2efcc87c0c9673d2efe77735ae75582eb178c880b07035d8695f010e324b7c71
u03-s010-v012,question,questionId,13,13,7eaac9d2bc2aa7c8f41c0923a3637e7a4fec2990d70f0cb002b5a6696066f059
u03-s010-v012,question,unitId,3,3,97ce842ec69dee17c1842918e63b9d4042fa4b35007146dcfb80a09c5000888a
u03-s010-v012,question,topicId,24,24,326b17ae4f5196ef40b28e1a1c7a830421ca958af02230db5604747dc8ba7ef2
u03-s010-v012,question,skillId,28,28,e0422a732e9405ca568a9d5c6ccf2dd3f0a0ed06da6522983ab990ec5f600c45
u03-s010-v012,question,difficulty,8,8,578756ca4aa16d8872610a5aaa78460fd30fbe93379ff7284fe65d66ca606755
u03-s010-v012,question,type,2,2,6bc0f9c4ecb0acbebf1b9f6c816bdd66f4885f67c917d9e141cf893014fba936
u03-s010-v012,question,visualMode,9,9,9c7d54b0bf7a9369d8594201c7b11955514343809d09fbec33966c1fd9794015
u03-s010-v012,question,sourceScope,19,19,a4b669ddb8ef1883391c07a7b633f12eeaeecee7ec37c09eea4931aff6644346
u03-s010-v012,question,text,52,122,5c5c4f37f958a5e521ca1202f624d90ed29cd3d72f6556efcb41d13f2e5fb0a6
u03-s010-v012,question,choices[0],2,2,1a6562590ef19d1045d06c4055742d38288e9e6dcd71ccde5cee80f1d5a774eb
u03-s010-v012,question,choices[1],2,2,39fa9ec190eee7b6f4dff1100d6343e10918d044c75eac8f9e9a2596173f80c9
u03-s010-v012,question,choices[2],3,3,ad57366865126e55649ecb23ae1d48887544976efea46a48eb5d85a6eeb4d306
u03-s010-v012,question,choices[3],3,3,9ae2bdd7beedc2e766c6b76585530e16925115707dc7a06ab5ee4aa2776b2c7b
u03-s010-v012,question,explanation,33,77,b03b8d53999f51e7b733a2769ba193a4f9bf979cfe6c921913b1336f8bc7955f
u03-s010-v012,question,steps[0],8,22,e437920cfd14532f5eded54d7d77c5093193000e2bff2a3cd8c646f2559396f4
u03-s010-v012,question,steps[1],7,9,a747c0ec9d443cd47a22fef2b5c70d2059426ec2dd038378e19d92e1cdd8f907
u03-s010-v012,question,steps[2],5,11,ff581fa985292142b6a41db2d999b68034df432a0ca245a7cb532037745a8b08
u03-s010-v012,question,optionAnalysis[0].choice,2,2,1a6562590ef19d1045d06c4055742d38288e9e6dcd71ccde5cee80f1d5a774eb
u03-s010-v012,question,optionAnalysis[0].reason,14,29,cca289f7931e4485005aae8cda31a3c9d45f32ac9f55c4cae89811fb5393f461
u03-s010-v012,question,optionAnalysis[1].choice,2,2,39fa9ec190eee7b6f4dff1100d6343e10918d044c75eac8f9e9a2596173f80c9
u03-s010-v012,question,optionAnalysis[1].reason,47,99,6eb45541c9f5122f6930922688dac090ace0d3d530ffdf1a86fea2c6b5f4fc1c
u03-s010-v012,question,optionAnalysis[2].choice,3,3,ad57366865126e55649ecb23ae1d48887544976efea46a48eb5d85a6eeb4d306
u03-s010-v012,question,optionAnalysis[2].reason,14,29,05f34997546ca1b6f96dc4d6bf3de4d51ca32a46fd60dd97f959710504bdfac1
u03-s010-v012,question,optionAnalysis[3].choice,3,3,9ae2bdd7beedc2e766c6b76585530e16925115707dc7a06ab5ee4aa2776b2c7b
u03-s010-v012,question,optionAnalysis[3].reason,7,21,7fab688f37083876cae8d4e4ccbf512c80e0e5406b2ce951133c3e9b915ad413
u03-s010-v012,question,commonMistake,16,48,9fca75e9ed76dfa37cbbb6ed7dae22ff24b0c1cd51115a6e399f9fec27116d03
u03-s010-v012,question,concept,13,39,999e87712cc5678d874fb167b2fd470ba9e262ea9ef728686dbe2148dca10a1f
u03-s010-v012,question,tags[0],2,6,32f6541b44ed479dbf6cc8c7dd98824e49e03974d72ad8b65c33383a9cbb349f
u03-s010-v012,question,tags[1],4,12,d2d639bddbbe7e5334dddd1b3cc004b100f803f016454985dfeb5222c59ab5e4
u03-s010-v012,question,tags[2],8,8,578756ca4aa16d8872610a5aaa78460fd30fbe93379ff7284fe65d66ca606755
u03-s010-v012,question,estimatedTimeSec,2,2,f369cb89fc627e668987007d121ed1eacdc01db9e28f8bb26f358b7d8c4f08ac
u03-s010-v012,question,prerequisiteSkillIds[0],29,29,cdec486420a4b304008be7adeaf6dab5e4d4e7b7eec78002b7e87740d889baba
u03-s010-v012,question,authoringIntent,18,54,1e40e169763deb7a70e0e071ee317bd256ebec16c6097638f7e32f94a3a63f6b
u03-s010-v012,question,literacyContextNecessity,36,108,4d4cf9ce97dd6155f30c860ce8ba7ce66db39b0187f2c1480094f8b6e96c8088
u03-s010-v012,question,reviewStatus,22,22,ec809598e2f7fcc69fad54c9cd045bba62b4a0dc7c0ff90d4efdc3788c9ad8fb
u03-s010-v012,question,contentSha256,64,64,a2b16e2dc58e4d9bf8ee217edfeda3ceebc544698d056726cc335e17a283f43c
u03-s010-v012,question,contentAuthority,25,25,ed40f75ffe3d6ad4e71f6e7919d063410490de360edb425965eccd605ca9d79e
u03-s010-v012,question,legacyContentDisposition,39,39,2efcc87c0c9673d2efe77735ae75582eb178c880b07035d8695f010e324b7c71
u03-s010-cr001,constructed-response,questionId,14,14,ac716aa64bfb4702381e65e79d1cac826eb21a4c16a3146c0ce1f332fb11d859
u03-s010-cr001,constructed-response,unitId,3,3,97ce842ec69dee17c1842918e63b9d4042fa4b35007146dcfb80a09c5000888a
u03-s010-cr001,constructed-response,topicId,24,24,326b17ae4f5196ef40b28e1a1c7a830421ca958af02230db5604747dc8ba7ef2
u03-s010-cr001,constructed-response,skillId,28,28,e0422a732e9405ca568a9d5c6ccf2dd3f0a0ed06da6522983ab990ec5f600c45
u03-s010-cr001,constructed-response,difficulty,8,8,fe6d3468cf5c74d8ec2a95b40f2e05338c37a4202f8fad692d2b64a9cf9b468a
u03-s010-cr001,constructed-response,type,20,20,e519496c259191db041ac61161dbfadb673dd94a10a123ed7423adcf7968ae7c
u03-s010-cr001,constructed-response,visualMode,9,9,9c7d54b0bf7a9369d8594201c7b11955514343809d09fbec33966c1fd9794015
u03-s010-cr001,constructed-response,prompt,56,140,69aab6cf89b3fafe40c5d24c1319e48462d8befc82dda020e146a085083fdb87
u03-s010-cr001,constructed-response,requiredWork[0],8,24,6b2fea71bbd69474dea83285ec240ae46b99ed153801ad422ecd138895730a85
u03-s010-cr001,constructed-response,requiredWork[1],12,36,2a9e9852c0842ab8c5a8065eb7b3d64d0db5fbd29960bdff71867cb15794f099
u03-s010-cr001,constructed-response,requiredWork[2],9,21,fe81d3cfc55f256eb88a6229a370cb8c250885bb6631c40e4f01b61cbd5b7468
u03-s010-cr001,constructed-response,fullCreditSolution[0],13,15,fea0959e5101891d0ec3f2360859b43b9ed406c462a5ae709eeb64c89012c007
u03-s010-cr001,constructed-response,fullCreditSolution[1],15,23,22f006561e7fd9981e123097b4b4aed9b59a8c5ccb318d66332174ad677c3b7c
u03-s010-cr001,constructed-response,fullCreditSolution[2],24,54,9229432d12e507edd9d2eef8f4b49123cb0a15b9df86924f62e525c05e7ea840
u03-s010-cr001,constructed-response,alternativeSolutions[0],16,26,2e1484922fcd7dda2067b1797a3e9434c45281d5340bc88f636a6858aca98869
u03-s010-cr001,constructed-response,rubric[0].criteria,18,54,df858f9463b94c511112e88f008b7381107a15aa487d4004034b3ce475e91f66
u03-s010-cr001,constructed-response,rubric[1].criteria,14,42,ebb2c0ddd315d7b2a3c9deabaa184e4ccb2c151ce0a6fa8e956e3614434413dc
u03-s010-cr001,constructed-response,rubric[2].criteria,11,17,e8eefe1a50fca08a37a48e39ab7c67cabd1f739193224eb74c7fa5eb7bffebd6
u03-s010-cr001,constructed-response,rubric[3].criteria,9,27,b70bc4c8bf2db9fb0ef7207878f20835628b4cbc8614cd278c988927dc71a925
u03-s010-cr001,constructed-response,scoringNotes[0],14,42,cd605206f033bf9eb77fb66a20ada03efaf449b4f0635fc98dd861265ef39c50
u03-s010-cr001,constructed-response,scoringNotes[1],25,75,a2c565e5172ae5430bb229f94ce51035aa7b17f1f115f704476e4c19fc1098cf
u03-s010-cr001,constructed-response,commonErrors[0],6,18,87b12bb88a2ed05d023737b4b250f1344ab91fce86945d490bc5e24c6d9907ef
u03-s010-cr001,constructed-response,commonErrors[1],13,39,6c3f7ce6a7f072f7557ccb8fdb54441514da7049d86c4cd77cfd68c563fcdb9d
u03-s010-cr001,constructed-response,independentReview.derivedResult,15,31,e8e53344df5d24775208e09e781f0b074a9eb41a0f1222e49dbbb554cff731e3
u03-s010-cr001,constructed-response,independentReview.ambiguity,26,78,4b9998d99f5ff6b4c48867707da30b5a75387690128c1a0e4fdc7f35be5f3c7a
u03-s010-cr001,constructed-response,independentReview.decision,4,4,d74ff0ee8da3b9806b18c877dbf29bbde50b5bd8e4dad7a3a725000feb82e8f1
u03-s010-cr001,constructed-response,contentSha256,64,64,9c5b1ab6f165ae188d19eb92504c61d75163043d899266ce4c3128f9238c85c4
u03-s010-cr001,constructed-response,contentAuthority,25,25,ed40f75ffe3d6ad4e71f6e7919d063410490de360edb425965eccd605ca9d79e
u03-s010-cr001,constructed-response,legacyContentDisposition,39,39,2efcc87c0c9673d2efe77735ae75582eb178c880b07035d8695f010e324b7c71
u03-s010-cr002,constructed-response,questionId,14,14,3e70fcae17f9c138d597411636bedfdd7c86d57c2dda32c6292c0a81052cd8da
u03-s010-cr002,constructed-response,unitId,3,3,97ce842ec69dee17c1842918e63b9d4042fa4b35007146dcfb80a09c5000888a
u03-s010-cr002,constructed-response,topicId,24,24,326b17ae4f5196ef40b28e1a1c7a830421ca958af02230db5604747dc8ba7ef2
u03-s010-cr002,constructed-response,skillId,28,28,e0422a732e9405ca568a9d5c6ccf2dd3f0a0ed06da6522983ab990ec5f600c45
u03-s010-cr002,constructed-response,difficulty,8,8,d21f85ea38166303ce58e06134b5cc4a5c900c409ab2a500ff7c9225109a09bb
u03-s010-cr002,constructed-response,type,20,20,e519496c259191db041ac61161dbfadb673dd94a10a123ed7423adcf7968ae7c
u03-s010-cr002,constructed-response,visualMode,9,9,9c7d54b0bf7a9369d8594201c7b11955514343809d09fbec33966c1fd9794015
u03-s010-cr002,constructed-response,prompt,55,133,4f6f4eba2f4201f398ae9137e300d566b6dee88dff3acdc017a386f8c30449ee
u03-s010-cr002,constructed-response,requiredWork[0],13,39,6c1f7abce87f10e9a718f756cc01b7f2a814da02a00023fab091e0dfb28bfe81
u03-s010-cr002,constructed-response,requiredWork[1],7,21,840010f192d07080ed54e8f4994cb65eac9e5cfc258af2461411a8d1ea7f8ffa
u03-s010-cr002,constructed-response,requiredWork[2],10,30,d0b98f8f693740990dff16b9ce76845e17ea929b5647efbc4505fb4354f64636
u03-s010-cr002,constructed-response,fullCreditSolution[0],15,37,213c59813bf2b6220a370e6ce5d1728c843dec519d07c392f547a9d8e7cbeb6a
u03-s010-cr002,constructed-response,fullCreditSolution[1],14,16,058758f86f6fad4f34cb544ff1d1fb97561439a2410ad2dd7fc36f605ce3047f
u03-s010-cr002,constructed-response,fullCreditSolution[2],25,31,42371efa96c54bde27da5de579269d76469c53384216a2deb80b1d6671edd704
u03-s010-cr002,constructed-response,fullCreditSolution[3],22,48,28171ab2b05d7eff93575fdf4ea41e8b92a54c91d122b60b8ad8378982183776
u03-s010-cr002,constructed-response,alternativeSolutions[0],15,37,756ac5e567546f677f407d00e543630b82eaa7fda48dd167e435787cb6fe29b8
u03-s010-cr002,constructed-response,rubric[0].criteria,14,42,aeabe38a09a6cdcbbb0f18796430bfb4c7e49e887fdda81a7e4d7834e0910246
u03-s010-cr002,constructed-response,rubric[1].criteria,11,33,74e3f1521b3ba8d9b25702c963931a6348e7f21d77caffd02f2d8d3e23b6f2a5
u03-s010-cr002,constructed-response,rubric[2].criteria,16,22,117688f1e8bfe3f9f1801ad8a3385630bfbcafc666a8f2556365e315d13e8ce9
u03-s010-cr002,constructed-response,rubric[3].criteria,9,27,2926f162093a23ad691b49c01d63a66bb57407196948d391154f13d73c650c87
u03-s010-cr002,constructed-response,scoringNotes[0],14,42,cd605206f033bf9eb77fb66a20ada03efaf449b4f0635fc98dd861265ef39c50
u03-s010-cr002,constructed-response,scoringNotes[1],25,75,a2c565e5172ae5430bb229f94ce51035aa7b17f1f115f704476e4c19fc1098cf
u03-s010-cr002,constructed-response,commonErrors[0],9,25,fa64b879c1cb02bdf87856c586e7f19062f8e0e5d811d1ec4f65b49a0d10da9a
u03-s010-cr002,constructed-response,commonErrors[1],13,39,e0108548d892b7b0881af10ea96191d1ea9612409d5bcc92eb732bffc51d4f57
u03-s010-cr002,constructed-response,independentReview.derivedResult,11,29,10fb48890ea1654b4d9b76246ccaa68adeef3d55d2cc21d72db0b9a7005b9da3
u03-s010-cr002,constructed-response,independentReview.ambiguity,26,78,4b9998d99f5ff6b4c48867707da30b5a75387690128c1a0e4fdc7f35be5f3c7a
u03-s010-cr002,constructed-response,independentReview.decision,4,4,d74ff0ee8da3b9806b18c877dbf29bbde50b5bd8e4dad7a3a725000feb82e8f1
u03-s010-cr002,constructed-response,contentSha256,64,64,4616c32a07d0be6d34171b73e73402ca8029f28db1531831c1d5aca9be00b5e7
u03-s010-cr002,constructed-response,contentAuthority,25,25,ed40f75ffe3d6ad4e71f6e7919d063410490de360edb425965eccd605ca9d79e
u03-s010-cr002,constructed-response,legacyContentDisposition,39,39,2efcc87c0c9673d2efe77735ae75582eb178c880b07035d8695f010e324b7c71
u03-s011-lecture-r1,lecture,lectureId,19,19,3a57483800c8c0e3c1fc137528415327c86c6282742b712cace08006146cac25
u03-s011-lecture-r1,lecture,unitId,3,3,97ce842ec69dee17c1842918e63b9d4042fa4b35007146dcfb80a09c5000888a
u03-s011-lecture-r1,lecture,topicId,24,24,326b17ae4f5196ef40b28e1a1c7a830421ca958af02230db5604747dc8ba7ef2
u03-s011-lecture-r1,lecture,skillId,36,36,7a897a995f942ac6267f8a7ce4278bfa1821dd752d590426155c54c8c4be230f
u03-s011-lecture-r1,lecture,title,19,57,14e5510b2acb5f9fa281c32dddfbb10029d8703e009aae7de66e4fcfef9a63d0
u03-s011-lecture-r1,lecture,audience,10,30,e6b4416fbd9f36797de01256b31a4d6f6314e126fde8495e25792c814f64fc5f
u03-s011-lecture-r1,lecture,reviewStatus,22,22,ec809598e2f7fcc69fad54c9cd045bba62b4a0dc7c0ff90d4efdc3788c9ad8fb
u03-s011-lecture-r1,lecture,learningOutcomes[0],17,51,e4d31fad2d15f68265e61db827c81da7dc79823ed43c0f69ece9f867bc1e0fb2
u03-s011-lecture-r1,lecture,learningOutcomes[1],13,39,8ac62a9e499ab217b9b1000413ab51b63bea29842780581ece1c214877828654
u03-s011-lecture-r1,lecture,learningOutcomes[2],16,48,c8cb49e941c0b439e4165b208cbec041f425c51be060d84a19b55433265ce8d6
u03-s011-lecture-r1,lecture,learningOutcomes[3],13,39,dcb493d28c51716d566eca0f15189db339b3bd3729ce26a5978cc573d47f2e2e
u03-s011-lecture-r1,lecture,prerequisites[0].skillId,28,28,e0422a732e9405ca568a9d5c6ccf2dd3f0a0ed06da6522983ab990ec5f600c45
u03-s011-lecture-r1,lecture,prerequisites[0].requiredLevel,23,68,f4fedd9cba323c43adebec6cb749d51ac7d5a4a480c9b031a4f7b2f2bae0a3b1
u03-s011-lecture-r1,lecture,glossary[0].term,2,6,bd1369d2c64d28600b4b1176af28632914c1cb3973d89845f792df00862c215a
u03-s011-lecture-r1,lecture,glossary[0].definition,11,33,99dd80b0f30dc63ab89b89f1399aa7031b8478426f554a1dfa365e502363ab32
u03-s011-lecture-r1,lecture,glossary[1].term,3,9,f4c8fed416829b1e588c723b4796bfd9b9680e484263fc74e6da9938cc559090
u03-s011-lecture-r1,lecture,glossary[1].definition,15,45,6d618faaaf43d87ee433d7bacc309a8f4df4af01a2ab94dc8b2b509d7a86ed35
u03-s011-lecture-r1,lecture,glossary[2].term,2,6,7250409d8d30d6587b0660f41ec2eee79f2c0844a6cd7b2e8636d1e284fbac6e
u03-s011-lecture-r1,lecture,glossary[2].definition,11,33,eb34598b3c2e8d65a2baf5f327300faa80f130d4d23a2ce1a56771ceb2720545
u03-s011-lecture-r1,lecture,glossary[3].term,3,9,bb49b79475eaa484cce4de3ecde76903e9d95049932e72210152205dbb83bab8
u03-s011-lecture-r1,lecture,glossary[3].definition,15,45,961f6fdab5a9a6ee76c5afef839ff3abc7c1eef511ea5a55e523c6769c64cc1c
u03-s011-lecture-r1,lecture,notation[0].symbol,6,6,ba868fb00f7b8100a205744a655b8fc1bd30d42536af9ca4702e47af7976001b
u03-s011-lecture-r1,lecture,notation[0].meaning,17,38,56a9e3f3081221cc5fcf66c1ce426cb41ead36643f513cfbc8df623b5fa456c9
u03-s011-lecture-r1,lecture,notation[1].symbol,3,3,e0f26c5c92757661153f941e9d0e65ece63b67e4e2e4640e69d7a71437f2aa31
u03-s011-lecture-r1,lecture,notation[1].meaning,22,64,63d1729ad93f53a3948fee613a4ce1367604db88e5d0f7aacc26ca0532a6ebae
u03-s011-lecture-r1,lecture,conceptNarrative[0],16,47,6319526d466a20adfc3ec298aee2bea3b5568dad4afff405ed3ff8abd331f639
u03-s011-lecture-r1,lecture,conceptNarrative[1],26,78,4f4d070f3591ddca33cf8814c0a21d44c92d3d808f23d0f738e42e248bbc2925
u03-s011-lecture-r1,lecture,conceptNarrative[2],23,69,28fcbe0e53067873640037c23680215098566d1a88edcf982fa0977aa15f44ab
u03-s011-lecture-r1,lecture,conceptNarrative[3],18,54,77b7bcf3de718b60a6c999ccc020be1cb14d151fa11c03739f59f88389e9f17f
u03-s011-lecture-r1,lecture,formalDefinitions[0].name,4,12,fd141ebf1466d6ebd2729b0a0a88a2b375a9ef6c1b3b98db68d3b40eb4bec1f5
u03-s011-lecture-r1,lecture,formalDefinitions[0].statement,10,22,82d8e3bd066a5b6c430b4ad30d36acb79db37a4bf59a5dc6e52f58c46a562500
u03-s011-lecture-r1,lecture,formalDefinitions[1].name,4,12,8b929082a96583b8e21f27ae132461710cf803e19045e9e6a28964e2dbe749b0
u03-s011-lecture-r1,lecture,formalDefinitions[1].statement,21,41,c7a89db13bed75bf1e9e5c81c60309025ad5c678503ecd0b8870cd98a8098d06
u03-s011-lecture-r1,lecture,formulas[0].formula,6,6,ba868fb00f7b8100a205744a655b8fc1bd30d42536af9ca4702e47af7976001b
u03-s011-lecture-r1,lecture,formulas[0].conditions[0],3,3,15828944df52904a735e1832ce614d33339446f2b0e34e4c3e64ca8441f8ea89
u03-s011-lecture-r1,lecture,formulas[0].conditions[1],10,28,c140c2e8ac7f77f879a14bc8aee8dace4dfbd3639e130d98f73c58faecfcccdd
u03-s011-lecture-r1,lecture,formulas[0].meaning,7,21,12f38d72132c63816b756e62572194c1c4ef669c0957b7455a5324de60c896d1
u03-s011-lecture-r1,lecture,formulas[1].formula,10,10,4e4ed8b93d6a553ec7663fd90a728d0294449ad56f838d2ad505fca58554b1d9
u03-s011-lecture-r1,lecture,formulas[1].conditions[0],13,27,bef379477f702edd1db6f35c6bb898e2a0acd047cc20c3856caac09a035d75c3
u03-s011-lecture-r1,lecture,formulas[1].meaning,6,18,d7289670168b8218bc7c5c1720927a160fb679758e84c79749656fe0a8133191
u03-s011-lecture-r1,lecture,nonApplicableCases[0],22,66,0729e1ce38464e6ce5d21333f484b45b74ab253ff0a40d1573da56ed1197a9e8
u03-s011-lecture-r1,lecture,nonApplicableCases[1],18,54,a3e1728d10ee0f3b482521e42f21576ee566189cde5c9101190c70d67e381d15
u03-s011-lecture-r1,lecture,nonApplicableCases[2],14,42,d51942d31e17725bcd57ded9275e231467c6d13571e1aacb359a4a80b0852ba0
u03-s011-lecture-r1,lecture,nonApplicableCases[3],10,30,4282748ea7f8b5233ceefe6f91224fb7fbeca124e7ddd48e7648d56d54299b88
u03-s011-lecture-r1,lecture,method[0].instruction,15,45,542ea7fd54430ecdfca67582455968995ddc49f6755761ae6ad42e65c538a70f
u03-s011-lecture-r1,lecture,method[0].check,8,24,cd7e407d3c58deeaeb8311c01f8374531249928fac1d0be6005c37c215b9e2f7
u03-s011-lecture-r1,lecture,method[1].instruction,10,30,a167147061aa3f7363658bb08c6a3a2d69752d27675ffc36bfb6d1b0ef9d60ec
u03-s011-lecture-r1,lecture,method[1].check,9,27,6c93f768a4d75db631c9b81a3036854ceec83f7cd97c2492be0cd6f069335899
u03-s011-lecture-r1,lecture,method[2].instruction,12,24,6093ef62f4d9005ef3b7a202a44ec353f225715cfd1a8659bb153d079783f0ed
u03-s011-lecture-r1,lecture,method[2].check,11,33,2c04e158edf3d2c9482c5d41ba25946323259c8e15d1160ce31daec4da00d0ad
u03-s011-lecture-r1,lecture,method[3].instruction,5,15,a90c032ac582355e9649c03aae4dac00787b3362d14d62fb99da37264465908c
u03-s011-lecture-r1,lecture,method[3].check,9,27,6196f6bd81169689dda5abf4d6f5e6224438639b8c2100686a2606e3b0ceef2d
u03-s011-lecture-r1,lecture,method[4].instruction,9,27,e05dd4c94783e35b99f57f62771ed63f837defe67e981025afd874949d80aedf
u03-s011-lecture-r1,lecture,method[4].check,8,24,d69a8c7783a3707d6d0fa67c3516808d30a56bbe092ddf4c368d4c54227a11c2
u03-s011-lecture-r1,lecture,workedExamples[0].exampleId,2,2,dffe8596427fc50e8f64654a609af134d45552f18bbecef90b31135a9e7acaa0
u03-s011-lecture-r1,lecture,workedExamples[0].prompt,14,36,6c2bca4a4eaddf267253a7cb66d4f06b8ba792ad670bf9473586bec8c394c5a6
u03-s011-lecture-r1,lecture,workedExamples[0].solutionSteps[0],6,8,1fd1021ddb9a7bdedc2a4c8063dd8f03761e0bc92fc90cdc8f88fae7d8d03140
u03-s011-lecture-r1,lecture,workedExamples[0].solutionSteps[1],5,7,abc24eee71d8a249fcdf1caa1718e88858142b685cd9a3c569545ddf06938cc1
u03-s011-lecture-r1,lecture,workedExamples[0].answer,4,8,1a2a2548698f617c79d6414a043e7be2bba5768af73e6c381c0a7fd10fbbb532
u03-s011-lecture-r1,lecture,workedExamples[1].exampleId,2,2,d76354d8457898445bb69e0dc0dc95fb74cc3cf334f8c1859162a16ad0041f8d
u03-s011-lecture-r1,lecture,workedExamples[1].prompt,13,33,889c33eb2c40fc931c26e48b5d2c9d0ebd7f92c3402a91a490072a2042d7d5e2
u03-s011-lecture-r1,lecture,workedExamples[1].solutionSteps[0],9,16,3f2167d59ab1c1f6375e12ddeb2782a861de1e1b59a7efe7037c2f1b86f093c5
u03-s011-lecture-r1,lecture,workedExamples[1].solutionSteps[1],5,11,895acd1dacb53aeccacf607caab9a0b6f312c43edb8071c6cd715f70cdf29f87
u03-s011-lecture-r1,lecture,workedExamples[1].answer,4,8,dbc1cf8faa83baaa83d8e0e6171cf025a67abe539f161dae9fca338e2ab15cc6
u03-s011-lecture-r1,lecture,workedExamples[2].exampleId,2,2,842983de8fb1d277a3fad5c8295c7a14317c458718a10c5a35b23e7f992a5c80
u03-s011-lecture-r1,lecture,workedExamples[2].prompt,22,58,b4efd6f08115e70dc86f96189a4b546fc6c2210717864f99eccfe52459331043
u03-s011-lecture-r1,lecture,workedExamples[2].solutionSteps[0],12,14,ede60dd69138654c895d4e78650703fec86d2e0a34c18119431741df9896a321
u03-s011-lecture-r1,lecture,workedExamples[2].solutionSteps[1],6,8,e8210a351a890573c3bef5f1455eb7bc9c974a56da791c0bf94fe7c2c344447e
u03-s011-lecture-r1,lecture,workedExamples[2].solutionSteps[2],4,6,380e0409953bfdc6981a42a64c4710ea710c5e37dee0f0227a858e9ceec310fd
u03-s011-lecture-r1,lecture,workedExamples[2].answer,3,7,0bb6cb828c4828cec2faa94695aaa5b47e9e30dd5a4dbec967000e6433faa7c0
u03-s011-lecture-r1,lecture,workedExamples[3].exampleId,2,2,4a5a97c6433c4c062457e9335709d57493e75527809d8a9586c141e591ac9f2c
u03-s011-lecture-r1,lecture,workedExamples[3].prompt,22,54,466de7cd2dda36ddbf41c3cea78be847df9fc1e3c27c2071fa25a823dca6bfdd
u03-s011-lecture-r1,lecture,workedExamples[3].solutionSteps[0],11,13,daf8fca5fd7256bc33298ef61948b7fe55dc197611ab58a0a0c4fce72a154124
u03-s011-lecture-r1,lecture,workedExamples[3].solutionSteps[1],5,7,c739d9ff20abe7a5ec74cbba232303e60cd2c3b6aba37cf406e6879279326f7d
u03-s011-lecture-r1,lecture,workedExamples[3].answer,8,20,b863ecd523efd286b6cc944d42c8d4ecabf08d2b5afffef80c4a0eee87bf924f
u03-s011-lecture-r1,lecture,commonMistakes[0].mistake,12,36,983223215cce247ebda3c8a53998e2009433cbe77d8da6b232a948258b82da92
u03-s011-lecture-r1,lecture,commonMistakes[0].why,9,27,8abff45e0ad5e792fe3bad1b6e16e5800d31b6788764c4643873bf117be5e4e5
u03-s011-lecture-r1,lecture,commonMistakes[0].correction,8,24,a3c8e77bcda8121a2fed6d770034ce76939013662e1e702922d1e3f53ef9ffaa
u03-s011-lecture-r1,lecture,commonMistakes[1].mistake,12,36,589a1c556d4a85bedd46f49fbf34bc7c23b44be948868ec7e38a29d4f58b76ec
u03-s011-lecture-r1,lecture,commonMistakes[1].why,6,18,94925b57a258f5978f01297dae4f40f69371c6cef5dfe73a79459584aee38e85
u03-s011-lecture-r1,lecture,commonMistakes[1].correction,9,23,768ed2f402bbfbab1f3c9d659e71d80389cd3043fcf0524920515b833489e1ea
u03-s011-lecture-r1,lecture,commonMistakes[2].mistake,14,42,cd574f28dd1fd797c067d8bc0df4902665e11a1d4a340bba1eca1163ecc92585
u03-s011-lecture-r1,lecture,commonMistakes[2].why,7,15,3ddf7b2445d57289a4ef5889dc230d3c6deb87ac500fb995c2f6fef194ee2d6d
u03-s011-lecture-r1,lecture,commonMistakes[2].correction,7,21,fa5b247851b8845b80fd9214630c675928fdd4f0671902e2553a6666f71b8d67
u03-s011-lecture-r1,lecture,commonMistakes[3].mistake,12,24,77ccda2a7d8915263c302d24187c0944e96a1813dac31bacdd7de9175a30235d
u03-s011-lecture-r1,lecture,commonMistakes[3].why,11,33,77c1f5621c9e48c19a3b1d8d7efc64b6d6ce8b50c79605285f7d8b50a684e196
u03-s011-lecture-r1,lecture,commonMistakes[3].correction,9,13,068fa6752340ca341cd09eee306bff6d5d432e56468486d89a6dc6e1792dcadb
u03-s011-lecture-r1,lecture,commonMistakes[4].mistake,10,30,da1c9ceab8a116762e4d80843cbb2c0fd3484024611e2dec46e24d374eb50d07
u03-s011-lecture-r1,lecture,commonMistakes[4].why,7,21,692870715b82eb0fffdc3a5f93cbeef8883023193a1455848dd9c1cec1810660
u03-s011-lecture-r1,lecture,commonMistakes[4].correction,10,30,47bbc5df7798ce8223e61624516031e1a31675d783f5468990300f5b10a4165e
u03-s011-lecture-r1,lecture,commonMistakes[5].mistake,8,24,9546ef24d2b4afffd2556151dd4ed981da87bb5ebc0ee128a050ed945ff3f013
u03-s011-lecture-r1,lecture,commonMistakes[5].why,10,30,63541efda639687e3097744aabe355b8e9559e0cac9b3320e8a236465e323583
u03-s011-lecture-r1,lecture,commonMistakes[5].correction,8,16,3bd08673aaad3ac50cdaa715e812f27f3c584e5444c91a71dec2605e938082a3
u03-s011-lecture-r1,lecture,selfCheck[0],9,27,6346e1f90921a6a88b25f2667c701e305fa652cd3e85afed67c13d86719b08d7
u03-s011-lecture-r1,lecture,selfCheck[1],9,27,d3af554384c0a59ceb3b93e62eeee76c3e0b8a365196fdf20ecb5071397786f3
u03-s011-lecture-r1,lecture,selfCheck[2],10,30,b80d441df03752845dac9a66b13637f57abc0f2fab00d85e09990906b3c04a5e
u03-s011-lecture-r1,lecture,selfCheck[3],11,33,1e00cd4ad0a27a2358ae0ff204428d151129309638875220d9a5b8ad7781047d
u03-s011-lecture-r1,lecture,selfCheck[4],11,33,fee574e33f2fe59fef0945608a54f22573fdc67179965c7590da916030a6218a
u03-s011-lecture-r1,lecture,summary[0],13,34,77baaf3bee38f08a2159944f8fca0d6f6e08e715c70c5d54e4656abc59388e1e
u03-s011-lecture-r1,lecture,summary[1],10,24,c55b322a6174862a39dd0543d42b14102e575279e7586fd37c675275280e52d0
u03-s011-lecture-r1,lecture,summary[2],12,36,6d51923a343c3123f95609aa86080ca1fdfc44dfc675a40f4b2d68c2be9f1fbe
u03-s011-lecture-r1,lecture,summary[3],11,33,cfb294a2043536abb88d9bfe13b08594bc932408cedb818a7ed0baf7bab6b224
u03-s011-lecture-r1,lecture,connections.previous,21,63,b89047d2d8c99c7c1a84acf83040515d28283fea550ff1b8fd238584666d58a6
u03-s011-lecture-r1,lecture,connections.next[0],25,75,5287fe262a4f7f91a1b90fb12ee2b78aa3370189db24210c708a3272aa3633ee
u03-s011-lecture-r1,lecture,connections.next[1],19,57,6039c81600a6057bf08deb9bd1f011aa8f2232356806aee4b9c7dfcbfb5b4351
u03-s011-lecture-r1,lecture,practiceLinks.mcQuestionIds[0],13,13,764e317b3edd29f9a275082908c7b6b370a410856d34bce8b810f2d7cc9cb676
u03-s011-lecture-r1,lecture,practiceLinks.mcQuestionIds[1],13,13,f9a5eb2d35170e50be5fe8f87d5cbd4212c4169b8a4e70a32c28f85d9d7dc8a9
u03-s011-lecture-r1,lecture,practiceLinks.mcQuestionIds[2],13,13,b8563db5906cebf2a770d8059a924a68151bf277517fe2fe29cc8665902a4f3d
u03-s011-lecture-r1,lecture,practiceLinks.mcQuestionIds[3],13,13,96bd88412ae9f45ce5a6df3b2fe89a863576fadbd8b9e331d2a98b1ea0fa52a3
u03-s011-lecture-r1,lecture,practiceLinks.mcQuestionIds[4],13,13,3016adf9110327285fb52fa053445e8dc1cd559f395ef791bb82de1d64341aa8
u03-s011-lecture-r1,lecture,practiceLinks.mcQuestionIds[5],13,13,d36c7c949b663c16241f1a7ee6cc6acfc01c817b7529e5d393ab6a526bf3343a
u03-s011-lecture-r1,lecture,practiceLinks.mcQuestionIds[6],13,13,5159daa3ae8ed72e001e5f21f9647e9b5a00ad6ca43bfb604be2655e5b25896a
u03-s011-lecture-r1,lecture,practiceLinks.mcQuestionIds[7],13,13,146352a87f664b6b8d8e5e62a224a7ca104c12b66478e3c0da8658eac7445aec
u03-s011-lecture-r1,lecture,practiceLinks.mcQuestionIds[8],13,13,96e63f69454d95b56a2cffe3e3f86af3e3ec09c4a9db3876c5cf9431f8c917ae
u03-s011-lecture-r1,lecture,practiceLinks.mcQuestionIds[9],13,13,de9265e92d8e614b00b61541f6abf455d8ceb429a17518a4c3fa0a2b56efd4d4
u03-s011-lecture-r1,lecture,practiceLinks.mcQuestionIds[10],13,13,cf21b93899806b66375678ecf7e12045d1061c64202ab9ce365bc6dccdd1e8c6
u03-s011-lecture-r1,lecture,practiceLinks.mcQuestionIds[11],13,13,b885d50347290580d4172d0530399bffb2a67324eeca0fa58625f7902d295fc6
u03-s011-lecture-r1,lecture,practiceLinks.constructedResponseIds[0],14,14,8c649453b27e0ca355b6ed09f6ee39d0befc25354d625d23c6586447b480769d
u03-s011-lecture-r1,lecture,practiceLinks.constructedResponseIds[1],14,14,02503ceff36a490007f45d6c14e173ce0e1e466f21e5af1d8b0692339e8770a8
u03-s011-lecture-r1,lecture,lectureReview.mathematicalCorrectness,4,4,d74ff0ee8da3b9806b18c877dbf29bbde50b5bd8e4dad7a3a725000feb82e8f1
u03-s011-lecture-r1,lecture,lectureReview.zeroFoundationReadability,4,4,d74ff0ee8da3b9806b18c877dbf29bbde50b5bd8e4dad7a3a725000feb82e8f1
u03-s011-lecture-r1,lecture,lectureReview.scopeCheck,21,21,fdf8268f0373301b2fcc6331f1d8999b8aabea69681e8bc972ab9a21216a7606
u03-s011-lecture-r1,lecture,lectureReview.reviewNote,64,126,d73c963e764148d87ec0db5d6846b6905d73e749582d9e5cebbfb8785a01bd00
u03-s011-lecture-r1,lecture,lectureReview.reviewVersion,25,25,413c3743bf06637b23333702bf9263e0db21fd6b3c3879070d877faca58db442
u03-s011-lecture-r1,lecture,lectureReview.reviewedAt,10,10,14158d45727526145ef514139eeb669eb54d613dbcffe524f099dbb71c9d8b08
u03-s011-lecture-r1,lecture,contentSha256,64,64,45a3c6d32f7be3fb7bd991df25ca83854eead860972e476e5f302439785e3068
u03-s011-lecture-r1,lecture,contentAuthority,25,25,ed40f75ffe3d6ad4e71f6e7919d063410490de360edb425965eccd605ca9d79e
u03-s011-lecture-r1,lecture,legacyContentDisposition,40,40,bb8421a43fb9d90c642b60311f091a34addbe10678daf757010d688c8c2a21b3
u03-s011-v001,question,questionId,13,13,764e317b3edd29f9a275082908c7b6b370a410856d34bce8b810f2d7cc9cb676
u03-s011-v001,question,unitId,3,3,97ce842ec69dee17c1842918e63b9d4042fa4b35007146dcfb80a09c5000888a
u03-s011-v001,question,topicId,24,24,326b17ae4f5196ef40b28e1a1c7a830421ca958af02230db5604747dc8ba7ef2
u03-s011-v001,question,skillId,36,36,7a897a995f942ac6267f8a7ce4278bfa1821dd752d590426155c54c8c4be230f
u03-s011-v001,question,difficulty,5,5,fbb7b5bf4ca348eeeebf8cc3660712859a5a1fbf18e83217a57ce203fb51d5c2
u03-s011-v001,question,type,2,2,6bc0f9c4ecb0acbebf1b9f6c816bdd66f4885f67c917d9e141cf893014fba936
u03-s011-v001,question,visualMode,9,9,9c7d54b0bf7a9369d8594201c7b11955514343809d09fbec33966c1fd9794015
u03-s011-v001,question,sourceScope,19,19,a4b669ddb8ef1883391c07a7b633f12eeaeecee7ec37c09eea4931aff6644346
u03-s011-v001,question,text,22,54,94db2ceb19ed889849cfdda01ad92f92d37b66c1888247590e089cca794afd5f
u03-s011-v001,question,choices[0],2,2,6b51d431df5d7f141cbececcf79edf3dd861c3b4069f0b11661a3eefacbba918
u03-s011-v001,question,choices[1],1,1,2c624232cdd221771294dfbb310aca000a0df6ac8b66b696d90ef06fdefb64a3
u03-s011-v001,question,choices[2],2,2,b17ef6d19c7a5b1ee83b907c595526dcb1eb06db8227d650d5dda0a9f4ce8cd9
u03-s011-v001,question,choices[3],3,3,eb3be230bbd2844b1f5d8f2e4fab9ffba8ab22cfeeb69c4c1361993ba4f377b9
u03-s011-v001,question,explanation,28,64,aeeeb6dcb7aa239a9b105b30e2a25782bf184328318561f6f32c495b2ef701c0
u03-s011-v001,question,steps[0],4,10,5cc45cf06807343df4a4896fbc8213dc6eb4ae42625c14b6ca2b543b2ac321b9
u03-s011-v001,question,steps[1],6,8,f67f0aad75a08ee7e66b3ec3c578cc856afee8b2f44b18a49571a206f3ae9b76
u03-s011-v001,question,steps[2],5,11,c757b03e5fc9495c47662d16bd0181c21b99b1c31d84a9126b08befcb600f922
u03-s011-v001,question,optionAnalysis[0].choice,2,2,6b51d431df5d7f141cbececcf79edf3dd861c3b4069f0b11661a3eefacbba918
u03-s011-v001,question,optionAnalysis[0].reason,29,65,36eec910302fbb869fb3bb62ac1d527ba1f0519cecc21655b491e7c5a5b738d5
u03-s011-v001,question,optionAnalysis[1].choice,1,1,2c624232cdd221771294dfbb310aca000a0df6ac8b66b696d90ef06fdefb64a3
u03-s011-v001,question,optionAnalysis[1].reason,5,8,65853aeb6d61cbdeed8c55f618062d252764c428c8da32e92057d99e28d52d02
u03-s011-v001,question,optionAnalysis[2].choice,2,2,b17ef6d19c7a5b1ee83b907c595526dcb1eb06db8227d650d5dda0a9f4ce8cd9
u03-s011-v001,question,optionAnalysis[2].reason,6,11,5fa15b595fafc407c0d7d70b7d20291af1e8c9e5907a0c164de63504cddde07b
u03-s011-v001,question,optionAnalysis[3].choice,3,3,eb3be230bbd2844b1f5d8f2e4fab9ffba8ab22cfeeb69c4c1361993ba4f377b9
u03-s011-v001,question,optionAnalysis[3].reason,8,18,035778790aa212d54c819e788a6dc692b7cca041a245d3b0abde3ca4c472f977
u03-s011-v001,question,commonMistake,12,36,9c337c27de457b589328c2ee7d8f2d7bccaac2d728bc9b503afb96b53ee1d6b7
u03-s011-v001,question,concept,10,27,2b1bfd0a7a08c0d5cac7b933f611922b358738452be8f23f5447e516180ee5f8
u03-s011-v001,question,tags[0],2,6,32f6541b44ed479dbf6cc8c7dd98824e49e03974d72ad8b65c33383a9cbb349f
u03-s011-v001,question,tags[1],4,12,b61bd82f8bedbd30bbbe61c245fc92087fe704a23486267020508c6775ab170b
u03-s011-v001,question,tags[2],5,5,fbb7b5bf4ca348eeeebf8cc3660712859a5a1fbf18e83217a57ce203fb51d5c2
u03-s011-v001,question,estimatedTimeSec,2,2,f369cb89fc627e668987007d121ed1eacdc01db9e28f8bb26f358b7d8c4f08ac
u03-s011-v001,question,prerequisiteSkillIds[0],28,28,e0422a732e9405ca568a9d5c6ccf2dd3f0a0ed06da6522983ab990ec5f600c45
u03-s011-v001,question,authoringIntent,13,39,d32ecc9e4678593229d64df2c0ebe2daea51464410660ce33476cad1484f049c
u03-s011-v001,question,reviewStatus,22,22,ec809598e2f7fcc69fad54c9cd045bba62b4a0dc7c0ff90d4efdc3788c9ad8fb
u03-s011-v001,question,contentSha256,64,64,ddb97f44d307ab22e39fe223bb1836fabdd9719ac5b072910d4dd8485775bbef
u03-s011-v001,question,contentAuthority,25,25,ed40f75ffe3d6ad4e71f6e7919d063410490de360edb425965eccd605ca9d79e
u03-s011-v001,question,legacyContentDisposition,39,39,2efcc87c0c9673d2efe77735ae75582eb178c880b07035d8695f010e324b7c71
u03-s011-v002,question,questionId,13,13,f9a5eb2d35170e50be5fe8f87d5cbd4212c4169b8a4e70a32c28f85d9d7dc8a9
u03-s011-v002,question,unitId,3,3,97ce842ec69dee17c1842918e63b9d4042fa4b35007146dcfb80a09c5000888a
u03-s011-v002,question,topicId,24,24,326b17ae4f5196ef40b28e1a1c7a830421ca958af02230db5604747dc8ba7ef2
u03-s011-v002,question,skillId,36,36,7a897a995f942ac6267f8a7ce4278bfa1821dd752d590426155c54c8c4be230f
u03-s011-v002,question,difficulty,5,5,fbb7b5bf4ca348eeeebf8cc3660712859a5a1fbf18e83217a57ce203fb51d5c2
u03-s011-v002,question,type,2,2,6bc0f9c4ecb0acbebf1b9f6c816bdd66f4885f67c917d9e141cf893014fba936
u03-s011-v002,question,visualMode,9,9,9c7d54b0bf7a9369d8594201c7b11955514343809d09fbec33966c1fd9794015
u03-s011-v002,question,sourceScope,19,19,a4b669ddb8ef1883391c07a7b633f12eeaeecee7ec37c09eea4931aff6644346
u03-s011-v002,question,text,36,84,f6fd059d99f861c8869615664dd1484ee05afef2a633bb2ac90b8e0151712351
u03-s011-v002,question,choices[0],2,2,7a61b53701befdae0eeeffaecc73f14e20b537bb0f8b91ad7c2936dc63562b25
u03-s011-v002,question,choices[1],2,2,31489056e0916d59fe3add79e63f095af3ffb81604691f21cad442a85c7be617
u03-s011-v002,question,choices[2],2,2,73475cb40a568e8da8a045ced110137e159f890ac4da883b6b17dc651b3a8049
u03-s011-v002,question,choices[3],2,2,8722616204217eddb39e7df969e0698aed8e599ba62ed2de1ce49b03ade0fede
u03-s011-v002,question,explanation,31,79,b979fcd7c07c9d060574c44cc4c871b5f49e19b4f611f3c1172d8786f1d41687
u03-s011-v002,question,steps[0],7,17,dba7b382d11c0fc3023bba701d33207b1286b118201c01633d677a7c42942352
u03-s011-v002,question,steps[1],6,16,eef9bb39583e03091245fa3e77e7ba2050bebfee30846b4527463334ac978de3
u03-s011-v002,question,steps[2],5,11,3d826b67d0861bceda47b168619d2ac3f7301edf88e5e3d64914ff6dac670067
u03-s011-v002,question,optionAnalysis[0].choice,2,2,7a61b53701befdae0eeeffaecc73f14e20b537bb0f8b91ad7c2936dc63562b25
u03-s011-v002,question,optionAnalysis[0].reason,10,24,951a42fb074b4885a34f0e13f052961161b77e47ed31ce58f222fa8ec2eff8b1
u03-s011-v002,question,optionAnalysis[1].choice,2,2,31489056e0916d59fe3add79e63f095af3ffb81604691f21cad442a85c7be617
u03-s011-v002,question,optionAnalysis[1].reason,27,50,ca75d93ac161b358d26d3503b8a94081392cedd2bc783d41542e678131e5af86
u03-s011-v002,question,optionAnalysis[2].choice,2,2,73475cb40a568e8da8a045ced110137e159f890ac4da883b6b17dc651b3a8049
u03-s011-v002,question,optionAnalysis[2].reason,7,21,a9d5f8127845f05b94b0d9a28dd16eaa8766a12c2dec08ad389769094a66d257
u03-s011-v002,question,optionAnalysis[3].choice,2,2,8722616204217eddb39e7df969e0698aed8e599ba62ed2de1ce49b03ade0fede
u03-s011-v002,question,optionAnalysis[3].reason,10,24,29ed2739ebd5dd9fa1ea1bf681038bc18674a417e6a8aee348c0729de26f5a6e
u03-s011-v002,question,commonMistake,10,30,cab827dcaec3de9ef9453ca3a8d5375e78eb468f43777ac0d45e1101cb750702
u03-s011-v002,question,concept,12,31,61fafd091933aa12c545699f90ccc9e8b74ce7bfc2d8ad83ed773124dc9a0aac
u03-s011-v002,question,tags[0],2,6,32f6541b44ed479dbf6cc8c7dd98824e49e03974d72ad8b65c33383a9cbb349f
u03-s011-v002,question,tags[1],4,12,b61bd82f8bedbd30bbbe61c245fc92087fe704a23486267020508c6775ab170b
u03-s011-v002,question,tags[2],5,5,fbb7b5bf4ca348eeeebf8cc3660712859a5a1fbf18e83217a57ce203fb51d5c2
u03-s011-v002,question,estimatedTimeSec,2,2,f369cb89fc627e668987007d121ed1eacdc01db9e28f8bb26f358b7d8c4f08ac
u03-s011-v002,question,prerequisiteSkillIds[0],28,28,e0422a732e9405ca568a9d5c6ccf2dd3f0a0ed06da6522983ab990ec5f600c45
u03-s011-v002,question,authoringIntent,12,36,f600aef327199d48dc6e57683f972ccef89af7b50d71207f68b50e8067b5af7c
u03-s011-v002,question,reviewStatus,22,22,ec809598e2f7fcc69fad54c9cd045bba62b4a0dc7c0ff90d4efdc3788c9ad8fb
u03-s011-v002,question,contentSha256,64,64,c2496d3464fe5fa6eb1678bf3c9bfbe38ccd06cb3c2895d457fe6372886fc463
u03-s011-v002,question,contentAuthority,25,25,ed40f75ffe3d6ad4e71f6e7919d063410490de360edb425965eccd605ca9d79e
u03-s011-v002,question,legacyContentDisposition,39,39,2efcc87c0c9673d2efe77735ae75582eb178c880b07035d8695f010e324b7c71
u03-s011-v003,question,questionId,13,13,b8563db5906cebf2a770d8059a924a68151bf277517fe2fe29cc8665902a4f3d
u03-s011-v003,question,unitId,3,3,97ce842ec69dee17c1842918e63b9d4042fa4b35007146dcfb80a09c5000888a
u03-s011-v003,question,topicId,24,24,326b17ae4f5196ef40b28e1a1c7a830421ca958af02230db5604747dc8ba7ef2
u03-s011-v003,question,skillId,36,36,7a897a995f942ac6267f8a7ce4278bfa1821dd752d590426155c54c8c4be230f
u03-s011-v003,question,difficulty,5,5,fbb7b5bf4ca348eeeebf8cc3660712859a5a1fbf18e83217a57ce203fb51d5c2
u03-s011-v003,question,type,2,2,6bc0f9c4ecb0acbebf1b9f6c816bdd66f4885f67c917d9e141cf893014fba936
u03-s011-v003,question,visualMode,9,9,9c7d54b0bf7a9369d8594201c7b11955514343809d09fbec33966c1fd9794015
u03-s011-v003,question,sourceScope,19,19,a4b669ddb8ef1883391c07a7b633f12eeaeecee7ec37c09eea4931aff6644346
u03-s011-v003,question,text,30,66,d426f76437b0c67e6fabf8f65ddef1e577cf62392e1dd976e189477c780f4a32
u03-s011-v003,question,choices[0],1,1,ef2d127de37b942baad06145e54b0c619a1f22327b2ebbcfbec78f5564afe39d
u03-s011-v003,question,choices[1],2,2,e629fa6598d732768f7c726b4b621285f9c3b85303900aa912017db7617d8bdb
u03-s011-v003,question,choices[2],1,1,e7f6c011776e8db7cd330b54174fd76f7d0216b612387a5ffcfb81e6f0919683
u03-s011-v003,question,choices[3],2,2,f369cb89fc627e668987007d121ed1eacdc01db9e28f8bb26f358b7d8c4f08ac
u03-s011-v003,question,explanation,30,70,1d7f28683e06f22733864c4a4fa152cf0d02d10466a1a546267bc02f01827f17
u03-s011-v003,question,steps[0],7,9,b4365c67c375ed3fccae51ddaf531b2e8fd4a85910ff8b0f9bb592dddf49aa2e
u03-s011-v003,question,steps[1],5,11,3559816c360ada2c2a16cb706f24457b6fa1df4c9cfa6a2b4625c710a8c3e72b
u03-s011-v003,question,steps[2],6,16,c873acd2dac7318bc55b608686e9f6c99d88400bec1c27b279ae5083f1dc9a31
u03-s011-v003,question,optionAnalysis[0].choice,1,1,ef2d127de37b942baad06145e54b0c619a1f22327b2ebbcfbec78f5564afe39d
u03-s011-v003,question,optionAnalysis[0].reason,6,9,62ddfcf516b9d6cb670265a4162630edbe8a974aefd60ebb606a2e09551e28fd
u03-s011-v003,question,optionAnalysis[1].choice,2,2,e629fa6598d732768f7c726b4b621285f9c3b85303900aa912017db7617d8bdb
u03-s011-v003,question,optionAnalysis[1].reason,9,27,44463bdd3a5a0df53392cb63ac029de9bd4f38a6332947ba5bafb7fe47ae0e5e
u03-s011-v003,question,optionAnalysis[2].choice,1,1,e7f6c011776e8db7cd330b54174fd76f7d0216b612387a5ffcfb81e6f0919683
u03-s011-v003,question,optionAnalysis[2].reason,22,46,d0784a6e4e926ea0b5cbef5830e1128c23e461c54c45f43d86f5c7b142ffedef
u03-s011-v003,question,optionAnalysis[3].choice,2,2,f369cb89fc627e668987007d121ed1eacdc01db9e28f8bb26f358b7d8c4f08ac
u03-s011-v003,question,optionAnalysis[3].reason,6,8,e769fabb1fe46433ea74884caec2746f9fe800396c547c84843d0a7c09b31ec1
u03-s011-v003,question,commonMistake,11,33,2cc716794a71a4da2908da24fcb4ba052d57e7a60a4adc98b134434a0d840905
u03-s011-v003,question,concept,10,27,1e82bb87754df66a4914e8f80067d18a80f5c9fa222f8a4f263105258560f1b0
u03-s011-v003,question,tags[0],2,6,32f6541b44ed479dbf6cc8c7dd98824e49e03974d72ad8b65c33383a9cbb349f
u03-s011-v003,question,tags[1],4,12,b61bd82f8bedbd30bbbe61c245fc92087fe704a23486267020508c6775ab170b
u03-s011-v003,question,tags[2],5,5,fbb7b5bf4ca348eeeebf8cc3660712859a5a1fbf18e83217a57ce203fb51d5c2
u03-s011-v003,question,estimatedTimeSec,2,2,f369cb89fc627e668987007d121ed1eacdc01db9e28f8bb26f358b7d8c4f08ac
u03-s011-v003,question,prerequisiteSkillIds[0],28,28,e0422a732e9405ca568a9d5c6ccf2dd3f0a0ed06da6522983ab990ec5f600c45
u03-s011-v003,question,authoringIntent,11,33,9acf52a86eec42ff4cc9f75f6c658a50e8b211b6ed4e476e6aae0e5ea796ec40
u03-s011-v003,question,reviewStatus,22,22,ec809598e2f7fcc69fad54c9cd045bba62b4a0dc7c0ff90d4efdc3788c9ad8fb
u03-s011-v003,question,contentSha256,64,64,14fb58b3c7fee532b4340ea0707334b35ef6387afdcd1f3d4bfe0f3e12782764
u03-s011-v003,question,contentAuthority,25,25,ed40f75ffe3d6ad4e71f6e7919d063410490de360edb425965eccd605ca9d79e
u03-s011-v003,question,legacyContentDisposition,39,39,2efcc87c0c9673d2efe77735ae75582eb178c880b07035d8695f010e324b7c71
u03-s011-v004,question,questionId,13,13,96bd88412ae9f45ce5a6df3b2fe89a863576fadbd8b9e331d2a98b1ea0fa52a3
u03-s011-v004,question,unitId,3,3,97ce842ec69dee17c1842918e63b9d4042fa4b35007146dcfb80a09c5000888a
u03-s011-v004,question,topicId,24,24,326b17ae4f5196ef40b28e1a1c7a830421ca958af02230db5604747dc8ba7ef2
u03-s011-v004,question,skillId,36,36,7a897a995f942ac6267f8a7ce4278bfa1821dd752d590426155c54c8c4be230f
u03-s011-v004,question,difficulty,8,8,fe6d3468cf5c74d8ec2a95b40f2e05338c37a4202f8fad692d2b64a9cf9b468a
u03-s011-v004,question,type,2,2,6bc0f9c4ecb0acbebf1b9f6c816bdd66f4885f67c917d9e141cf893014fba936
u03-s011-v004,question,visualMode,9,9,9c7d54b0bf7a9369d8594201c7b11955514343809d09fbec33966c1fd9794015
u03-s011-v004,question,sourceScope,19,19,a4b669ddb8ef1883391c07a7b633f12eeaeecee7ec37c09eea4931aff6644346
u03-s011-v004,question,text,40,100,734aa8f790c14dceab08a1201f8fc9a02d1cfc6d0f32d67a176a04633006a062
u03-s011-v004,question,choices[0],1,1,e7f6c011776e8db7cd330b54174fd76f7d0216b612387a5ffcfb81e6f0919683
u03-s011-v004,question,choices[1],1,1,2c624232cdd221771294dfbb310aca000a0df6ac8b66b696d90ef06fdefb64a3
u03-s011-v004,question,choices[2],1,1,19581e27de7ced00ff1ce50b2047e7a567c76b1cbaebabe5ef03f7c3017bb5b7
u03-s011-v004,question,choices[3],1,1,7902699be42c8a8e46fbbb4501726517e86b22c56a189f7625a6da49081b2451
u03-s011-v004,question,explanation,38,82,52711dced892f10dbda3099ad55fc342411d15b43a2461c96d53ad62005aeba7
u03-s011-v004,question,steps[0],10,24,7998d406b2ee16f6653f71dd923de5ac3c7b9332758b31410853295877aeb5eb
u03-s011-v004,question,steps[1],12,14,b7d05ad043925da8e41da155cd37b66562aa7d36bf9db13c51208a0259171b10
u03-s011-v004,question,steps[2],4,10,5688aff811bdb77b2e43d8edaaa23a3c6302434218915ed477a8037ae7d8ff3d
u03-s011-v004,question,optionAnalysis[0].choice,1,1,e7f6c011776e8db7cd330b54174fd76f7d0216b612387a5ffcfb81e6f0919683
u03-s011-v004,question,optionAnalysis[0].reason,11,26,8303f4a2eff010958a1406fa4498e223245ad3ef8c848f5da29284c13167650b
u03-s011-v004,question,optionAnalysis[1].choice,1,1,2c624232cdd221771294dfbb310aca000a0df6ac8b66b696d90ef06fdefb64a3
u03-s011-v004,question,optionAnalysis[1].reason,12,34,15c51c80cdf78bb331d0deced3abd1926e9ce97879b7689f6cbb0d0002fc71a5
u03-s011-v004,question,optionAnalysis[2].choice,1,1,19581e27de7ced00ff1ce50b2047e7a567c76b1cbaebabe5ef03f7c3017bb5b7
u03-s011-v004,question,optionAnalysis[2].reason,10,18,2e1819090975bdcea3fae176b820f434ab06a4c4ac5672bd718650ee90e941e8
u03-s011-v004,question,optionAnalysis[3].choice,1,1,7902699be42c8a8e46fbbb4501726517e86b22c56a189f7625a6da49081b2451
u03-s011-v004,question,optionAnalysis[3].reason,62,120,1facd5731ff401a75d28b1ae50cb712cea4f06602b501079247845a8711801ca
u03-s011-v004,question,commonMistake,12,36,042eaa699fb561bbf0e672f84c4bfd4ed9ce5c0c839bad9361f52823d2620716
u03-s011-v004,question,concept,11,31,fbd6fc1ef570bcafc31681a3897129ec896868c5c28495fc630149f5889ec627
u03-s011-v004,question,tags[0],2,6,32f6541b44ed479dbf6cc8c7dd98824e49e03974d72ad8b65c33383a9cbb349f
u03-s011-v004,question,tags[1],4,12,b61bd82f8bedbd30bbbe61c245fc92087fe704a23486267020508c6775ab170b
u03-s011-v004,question,tags[2],8,8,fe6d3468cf5c74d8ec2a95b40f2e05338c37a4202f8fad692d2b64a9cf9b468a
u03-s011-v004,question,estimatedTimeSec,2,2,f369cb89fc627e668987007d121ed1eacdc01db9e28f8bb26f358b7d8c4f08ac
u03-s011-v004,question,prerequisiteSkillIds[0],28,28,e0422a732e9405ca568a9d5c6ccf2dd3f0a0ed06da6522983ab990ec5f600c45
u03-s011-v004,question,authoringIntent,15,45,d022973e9cd574e9245351636b1bb0007eff05239b6a21bf174fd4a5bfe99cd2
u03-s011-v004,question,reviewStatus,22,22,ec809598e2f7fcc69fad54c9cd045bba62b4a0dc7c0ff90d4efdc3788c9ad8fb
u03-s011-v004,question,contentSha256,64,64,f59ef15d1b9704c893e537d80109a73e6b3f3310b63ee568a26ce6a25f1356c7
u03-s011-v004,question,contentAuthority,25,25,ed40f75ffe3d6ad4e71f6e7919d063410490de360edb425965eccd605ca9d79e
u03-s011-v004,question,legacyContentDisposition,39,39,2efcc87c0c9673d2efe77735ae75582eb178c880b07035d8695f010e324b7c71
u03-s011-v005,question,questionId,13,13,3016adf9110327285fb52fa053445e8dc1cd559f395ef791bb82de1d64341aa8
u03-s011-v005,question,unitId,3,3,97ce842ec69dee17c1842918e63b9d4042fa4b35007146dcfb80a09c5000888a
u03-s011-v005,question,topicId,24,24,326b17ae4f5196ef40b28e1a1c7a830421ca958af02230db5604747dc8ba7ef2
u03-s011-v005,question,skillId,36,36,7a897a995f942ac6267f8a7ce4278bfa1821dd752d590426155c54c8c4be230f
u03-s011-v005,question,difficulty,8,8,fe6d3468cf5c74d8ec2a95b40f2e05338c37a4202f8fad692d2b64a9cf9b468a
u03-s011-v005,question,type,2,2,6bc0f9c4ecb0acbebf1b9f6c816bdd66f4885f67c917d9e141cf893014fba936
u03-s011-v005,question,visualMode,9,9,9c7d54b0bf7a9369d8594201c7b11955514343809d09fbec33966c1fd9794015
u03-s011-v005,question,sourceScope,19,19,a4b669ddb8ef1883391c07a7b633f12eeaeecee7ec37c09eea4931aff6644346
u03-s011-v005,question,text,36,84,fdd822e8aaa1634626b870a94178f7ba9c646fdea87103ca39635037145790aa
u03-s011-v005,question,choices[0],1,1,ef2d127de37b942baad06145e54b0c619a1f22327b2ebbcfbec78f5564afe39d
u03-s011-v005,question,choices[1],1,1,19581e27de7ced00ff1ce50b2047e7a567c76b1cbaebabe5ef03f7c3017bb5b7
u03-s011-v005,question,choices[2],2,2,4a44dc15364204a80fe80e9039455cc1608281820fe2b24f1e5233ade6af1dd5
u03-s011-v005,question,choices[3],2,2,811786ad1ae74adfdd20dd0372abaaebc6246e343aebd01da0bfc4c02bf0106c
u03-s011-v005,question,explanation,28,72,17c9b7f4551165ba1eb51004e3f513d8155ac56f3a19c91a88c4376dfe4ba5c8
u03-s011-v005,question,steps[0],6,16,8f630c5affb7882e0d176084723f5fb6ccb64fe4f8201b4c00a9f527ea131378
u03-s011-v005,question,steps[1],6,12,c538f89ed55310bfaa4cebc3df1b556d54a5fba39c3f18c7d2ab635b6f3cd34c
u03-s011-v005,question,steps[2],4,10,fc52bca01632fba25242bf24c9429fe66cd72ecfeb365054b4eff19d8a3f094a
u03-s011-v005,question,optionAnalysis[0].choice,1,1,ef2d127de37b942baad06145e54b0c619a1f22327b2ebbcfbec78f5564afe39d
u03-s011-v005,question,optionAnalysis[0].reason,5,8,ad00f8aafb9f490c2c4fbfdd80d7b333ffbe70a53eb3a4f382c220ca624c9c77
u03-s011-v005,question,optionAnalysis[1].choice,1,1,19581e27de7ced00ff1ce50b2047e7a567c76b1cbaebabe5ef03f7c3017bb5b7
u03-s011-v005,question,optionAnalysis[1].reason,31,61,6c0a4c26a620c5f4d76de90f05239b8e0ea6c244e87e776a8c70a2ca7a13f9f4
u03-s011-v005,question,optionAnalysis[2].choice,2,2,4a44dc15364204a80fe80e9039455cc1608281820fe2b24f1e5233ade6af1dd5
u03-s011-v005,question,optionAnalysis[2].reason,6,18,1cb55544ea56c41e30ef902cf4e5e2619ba71059637ec897c9adff1ec152835f
u03-s011-v005,question,optionAnalysis[3].choice,2,2,811786ad1ae74adfdd20dd0372abaaebc6246e343aebd01da0bfc4c02bf0106c
u03-s011-v005,question,optionAnalysis[3].reason,8,20,91d2e05c3a64f547e6b4f972de95c183eb36c15bbbc86d24eeaf666816783bb2
u03-s011-v005,question,commonMistake,11,33,8b7c0a0660b3e78bb8ac471bafc496fff823b3631e386402812311be989cc363
u03-s011-v005,question,concept,10,30,f90bb4f9a2ebed80f3bcbfd75c08f550b08cddf97881376e71bf83dde5344aec
u03-s011-v005,question,tags[0],2,6,32f6541b44ed479dbf6cc8c7dd98824e49e03974d72ad8b65c33383a9cbb349f
u03-s011-v005,question,tags[1],4,12,b61bd82f8bedbd30bbbe61c245fc92087fe704a23486267020508c6775ab170b
u03-s011-v005,question,tags[2],8,8,fe6d3468cf5c74d8ec2a95b40f2e05338c37a4202f8fad692d2b64a9cf9b468a
u03-s011-v005,question,estimatedTimeSec,2,2,f369cb89fc627e668987007d121ed1eacdc01db9e28f8bb26f358b7d8c4f08ac
u03-s011-v005,question,prerequisiteSkillIds[0],28,28,e0422a732e9405ca568a9d5c6ccf2dd3f0a0ed06da6522983ab990ec5f600c45
u03-s011-v005,question,authoringIntent,9,27,07792cbede95c2aa14d6b6f78f0a1ad1b0e3d5961892385262ceed5d0fe8d60e
u03-s011-v005,question,reviewStatus,22,22,ec809598e2f7fcc69fad54c9cd045bba62b4a0dc7c0ff90d4efdc3788c9ad8fb
u03-s011-v005,question,contentSha256,64,64,7718d3c5cfeff291b45110d388b9f2c245ec9723c29eba4a8473a827f49f2c92
u03-s011-v005,question,contentAuthority,25,25,ed40f75ffe3d6ad4e71f6e7919d063410490de360edb425965eccd605ca9d79e
u03-s011-v005,question,legacyContentDisposition,39,39,2efcc87c0c9673d2efe77735ae75582eb178c880b07035d8695f010e324b7c71
u03-s011-v006,question,questionId,13,13,d36c7c949b663c16241f1a7ee6cc6acfc01c817b7529e5d393ab6a526bf3343a
u03-s011-v006,question,unitId,3,3,97ce842ec69dee17c1842918e63b9d4042fa4b35007146dcfb80a09c5000888a
u03-s011-v006,question,topicId,24,24,326b17ae4f5196ef40b28e1a1c7a830421ca958af02230db5604747dc8ba7ef2
u03-s011-v006,question,skillId,36,36,7a897a995f942ac6267f8a7ce4278bfa1821dd752d590426155c54c8c4be230f
u03-s011-v006,question,difficulty,8,8,fe6d3468cf5c74d8ec2a95b40f2e05338c37a4202f8fad692d2b64a9cf9b468a
u03-s011-v006,question,type,2,2,6bc0f9c4ecb0acbebf1b9f6c816bdd66f4885f67c917d9e141cf893014fba936
u03-s011-v006,question,visualMode,9,9,9c7d54b0bf7a9369d8594201c7b11955514343809d09fbec33966c1fd9794015
u03-s011-v006,question,sourceScope,19,19,a4b669ddb8ef1883391c07a7b633f12eeaeecee7ec37c09eea4931aff6644346
u03-s011-v006,question,text,38,92,3ffe1ebe8f00263b279d99458ec68fd27256c723e341c672c00f9061f962cd47
u03-s011-v006,question,choices[0],2,2,b17ef6d19c7a5b1ee83b907c595526dcb1eb06db8227d650d5dda0a9f4ce8cd9
u03-s011-v006,question,choices[1],5,5,5eb5025cf56be37353879f74c586fdd7a12e567334785a55439393fc2114d9e2
u03-s011-v006,question,choices[2],2,2,4523540f1504cd17100c4835e85b7eefd49911580f8efff0599a8f283be6b9e3
u03-s011-v006,question,choices[3],2,2,4ec9599fc203d176a301536c2e091a19bc852759b255bd6818810a42c5fed14a
u03-s011-v006,question,explanation,34,84,697d49bd4d503ec529571ecf68cc782d5623dd32ff9a784128e3e95f792149e6
u03-s011-v006,question,steps[0],7,19,ab44f15bfb25f39a8f0d190e5de13095878027932682fe0e5708cf86c4d1809a
u03-s011-v006,question,steps[1],8,16,d6428c52c261ad23d71d6ea5615b7c5d924c5cc3636757cf294afa874af8abb3
u03-s011-v006,question,steps[2],6,14,b4c6faf09ea2cc7b2bdec80a7b89ba48c9344ac5181cc1eebe54570d0c98c29b
u03-s011-v006,question,optionAnalysis[0].choice,2,2,b17ef6d19c7a5b1ee83b907c595526dcb1eb06db8227d650d5dda0a9f4ce8cd9
u03-s011-v006,question,optionAnalysis[0].reason,10,21,0d86953967291e254b40419d364c54bfbfe137d896a09a0c4307ee387d4991c1
u03-s011-v006,question,optionAnalysis[1].choice,5,5,5eb5025cf56be37353879f74c586fdd7a12e567334785a55439393fc2114d9e2
u03-s011-v006,question,optionAnalysis[1].reason,9,17,740f2533e5d837cf0f3a7c738edf1eb11c98e914ab7636c7e1f65c7b04df08b7
u03-s011-v006,question,optionAnalysis[2].choice,2,2,4523540f1504cd17100c4835e85b7eefd49911580f8efff0599a8f283be6b9e3
u03-s011-v006,question,optionAnalysis[2].reason,34,64,15cab29421bc63bf4e2a25e27df163980dbcf2cabf5561584c6fd8e69ae4001b
u03-s011-v006,question,optionAnalysis[3].choice,2,2,4ec9599fc203d176a301536c2e091a19bc852759b255bd6818810a42c5fed14a
u03-s011-v006,question,optionAnalysis[3].reason,8,24,0e33ddb220e8fec4e9ab5132e40a0754b1051137e46fcc4b152fff4605295772
u03-s011-v006,question,commonMistake,13,39,aabbf91389d402cf441955ce8d4bc68ab3e6cec401819d931d4b2719d8f63adf
u03-s011-v006,question,concept,14,37,a7413438a6678f2c839932ea05ac51290a5658148b8498696ebb1bf5d1f91c6f
u03-s011-v006,question,tags[0],2,6,32f6541b44ed479dbf6cc8c7dd98824e49e03974d72ad8b65c33383a9cbb349f
u03-s011-v006,question,tags[1],4,12,b61bd82f8bedbd30bbbe61c245fc92087fe704a23486267020508c6775ab170b
u03-s011-v006,question,tags[2],8,8,fe6d3468cf5c74d8ec2a95b40f2e05338c37a4202f8fad692d2b64a9cf9b468a
u03-s011-v006,question,estimatedTimeSec,2,2,f369cb89fc627e668987007d121ed1eacdc01db9e28f8bb26f358b7d8c4f08ac
u03-s011-v006,question,prerequisiteSkillIds[0],28,28,e0422a732e9405ca568a9d5c6ccf2dd3f0a0ed06da6522983ab990ec5f600c45
u03-s011-v006,question,authoringIntent,10,30,df683b8e950210b4dd9b65f4b4213f4d0c4f01e5223cef1f8356e4c529c4d80b
u03-s011-v006,question,reviewStatus,22,22,ec809598e2f7fcc69fad54c9cd045bba62b4a0dc7c0ff90d4efdc3788c9ad8fb
u03-s011-v006,question,contentSha256,64,64,db7d3387f36fd19f7e1a9bc88872b48fb3db613387c3f1ec77e1850d956cdb6e
u03-s011-v006,question,contentAuthority,25,25,ed40f75ffe3d6ad4e71f6e7919d063410490de360edb425965eccd605ca9d79e
u03-s011-v006,question,legacyContentDisposition,39,39,2efcc87c0c9673d2efe77735ae75582eb178c880b07035d8695f010e324b7c71
u03-s011-v007,question,questionId,13,13,5159daa3ae8ed72e001e5f21f9647e9b5a00ad6ca43bfb604be2655e5b25896a
u03-s011-v007,question,unitId,3,3,97ce842ec69dee17c1842918e63b9d4042fa4b35007146dcfb80a09c5000888a
u03-s011-v007,question,topicId,24,24,326b17ae4f5196ef40b28e1a1c7a830421ca958af02230db5604747dc8ba7ef2
u03-s011-v007,question,skillId,36,36,7a897a995f942ac6267f8a7ce4278bfa1821dd752d590426155c54c8c4be230f
u03-s011-v007,question,difficulty,8,8,d21f85ea38166303ce58e06134b5cc4a5c900c409ab2a500ff7c9225109a09bb
u03-s011-v007,question,type,2,2,6bc0f9c4ecb0acbebf1b9f6c816bdd66f4885f67c917d9e141cf893014fba936
u03-s011-v007,question,visualMode,9,9,9c7d54b0bf7a9369d8594201c7b11955514343809d09fbec33966c1fd9794015
u03-s011-v007,question,sourceScope,19,19,a4b669ddb8ef1883391c07a7b633f12eeaeecee7ec37c09eea4931aff6644346
u03-s011-v007,question,text,39,95,ea041ea4d932051c0f007cf1c49c0233f0ae75ffacde359c580d151b4afbc190
u03-s011-v007,question,choices[0],2,2,eb1e33e8a81b697b75855af6bfcdbcbf7cbbde9f94962ceaec1ed8af21f5a50f
u03-s011-v007,question,choices[1],2,2,e29c9c180c6279b0b02abd6a1801c7c04082cf486ec027aa13515e4f3884bb6b
u03-s011-v007,question,choices[2],3,3,36ebe205bcdfc499a25e6923f4450fa8d48196ceb4fa0ce077d9d8ec4a36926d
u03-s011-v007,question,choices[3],2,2,86e50149658661312a9e0b35558d84f6c6d3da797f552a9657fe0558ca40cdef
u03-s011-v007,question,explanation,35,77,cddfb2f1a90e9e31eb199ec4634b5c1e3664129e41a17e2480dd1af4cfd02827
u03-s011-v007,question,steps[0],9,23,ae67e5ef417e2c42ac9718752f3d32b31b2b6841d623c0389202681e8ee8ddbe
u03-s011-v007,question,steps[1],9,11,aa5a1af698ddf799c47ba1c46d6f6b8c57bb19c7476c88c5f2582ca88eb99236
u03-s011-v007,question,steps[2],4,8,7152de69ca354ee9a9f1e113bd8f078906d2c4a5475f49d996a2529cc0cedf5c
u03-s011-v007,question,optionAnalysis[0].choice,2,2,eb1e33e8a81b697b75855af6bfcdbcbf7cbbde9f94962ceaec1ed8af21f5a50f
u03-s011-v007,question,optionAnalysis[0].reason,10,21,d85b9fc0a80d30711dd7d3bd0245097a4d1498ba654f0792e581aac0df16ad22
u03-s011-v007,question,optionAnalysis[1].choice,2,2,e29c9c180c6279b0b02abd6a1801c7c04082cf486ec027aa13515e4f3884bb6b
u03-s011-v007,question,optionAnalysis[1].reason,11,31,b3dea707d1667d1f5ee4dd45eaa5681ad2650a3ae0632df49aac5f35453cc54d
u03-s011-v007,question,optionAnalysis[2].choice,3,3,36ebe205bcdfc499a25e6923f4450fa8d48196ceb4fa0ce077d9d8ec4a36926d
u03-s011-v007,question,optionAnalysis[2].reason,9,21,260df227d78c6d1bb35b482fc07f8a8e56a0dcc18b88c444a76203702a9a7543
u03-s011-v007,question,optionAnalysis[3].choice,2,2,86e50149658661312a9e0b35558d84f6c6d3da797f552a9657fe0558ca40cdef
u03-s011-v007,question,optionAnalysis[3].reason,34,64,734a750104a4682598ff5a0dd835c78082bb8aebcd753d923cea8bee01399838
u03-s011-v007,question,commonMistake,13,35,4d97cc6a82ff12fc18af6870b3f1de3b091f6828034ec5fd0b227c95cfa6e44f
u03-s011-v007,question,concept,10,30,7b65df03255901827f9f7dc09ed81363ca34367523f2d263f592a7785ce2709e
u03-s011-v007,question,tags[0],2,6,32f6541b44ed479dbf6cc8c7dd98824e49e03974d72ad8b65c33383a9cbb349f
u03-s011-v007,question,tags[1],4,12,b61bd82f8bedbd30bbbe61c245fc92087fe704a23486267020508c6775ab170b
u03-s011-v007,question,tags[2],8,8,d21f85ea38166303ce58e06134b5cc4a5c900c409ab2a500ff7c9225109a09bb
u03-s011-v007,question,estimatedTimeSec,2,2,f369cb89fc627e668987007d121ed1eacdc01db9e28f8bb26f358b7d8c4f08ac
u03-s011-v007,question,prerequisiteSkillIds[0],28,28,e0422a732e9405ca568a9d5c6ccf2dd3f0a0ed06da6522983ab990ec5f600c45
u03-s011-v007,question,authoringIntent,13,39,d757af00cba9032c6f4f74110042e20b4932acfe844ba1f78149396e8ff9e2a7
u03-s011-v007,question,reviewStatus,22,22,ec809598e2f7fcc69fad54c9cd045bba62b4a0dc7c0ff90d4efdc3788c9ad8fb
u03-s011-v007,question,contentSha256,64,64,5f0b0a263082a63bd1c0f1c32dd8385dd08fb39d03ed878884b5d2326cda4c26
u03-s011-v007,question,contentAuthority,25,25,ed40f75ffe3d6ad4e71f6e7919d063410490de360edb425965eccd605ca9d79e
u03-s011-v007,question,legacyContentDisposition,39,39,2efcc87c0c9673d2efe77735ae75582eb178c880b07035d8695f010e324b7c71
u03-s011-v008,question,questionId,13,13,146352a87f664b6b8d8e5e62a224a7ca104c12b66478e3c0da8658eac7445aec
u03-s011-v008,question,unitId,3,3,97ce842ec69dee17c1842918e63b9d4042fa4b35007146dcfb80a09c5000888a
u03-s011-v008,question,topicId,24,24,326b17ae4f5196ef40b28e1a1c7a830421ca958af02230db5604747dc8ba7ef2
u03-s011-v008,question,skillId,36,36,7a897a995f942ac6267f8a7ce4278bfa1821dd752d590426155c54c8c4be230f
u03-s011-v008,question,difficulty,8,8,d21f85ea38166303ce58e06134b5cc4a5c900c409ab2a500ff7c9225109a09bb
u03-s011-v008,question,type,2,2,6bc0f9c4ecb0acbebf1b9f6c816bdd66f4885f67c917d9e141cf893014fba936
u03-s011-v008,question,visualMode,9,9,9c7d54b0bf7a9369d8594201c7b11955514343809d09fbec33966c1fd9794015
u03-s011-v008,question,sourceScope,19,19,a4b669ddb8ef1883391c07a7b633f12eeaeecee7ec37c09eea4931aff6644346
u03-s011-v008,question,text,30,60,248633b0f213b0dda944036efd179f51a52da37abd5f4d73c442bae25a17dcca
u03-s011-v008,question,choices[0],1,1,2c624232cdd221771294dfbb310aca000a0df6ac8b66b696d90ef06fdefb64a3
u03-s011-v008,question,choices[1],1,1,e7f6c011776e8db7cd330b54174fd76f7d0216b612387a5ffcfb81e6f0919683
u03-s011-v008,question,choices[2],2,2,4a44dc15364204a80fe80e9039455cc1608281820fe2b24f1e5233ade6af1dd5
u03-s011-v008,question,choices[3],6,6,82f17fe086067552dba3dc56b1933b0732ee7305c8a3709826f70b72ed9ce0c9
u03-s011-v008,question,explanation,35,71,fa36daaa49c3fe4763b9fa270155d878310db9fbc30f3689f5284464fb4d2f07
u03-s011-v008,question,steps[0],6,12,9ca320fa8844e349e4a6258e5b426e27a019c91e7543bdb328c28076f6014985
u03-s011-v008,question,steps[1],10,12,e41e63817902efe99559fe158eca4c7fe54bf874db7def9f0e678898e18cc42a
u03-s011-v008,question,steps[2],7,13,9ed7bcaf15f7e1eeae1320b2d9367f24263d7be47636930709dca8dd0c7c2d81
u03-s011-v008,question,optionAnalysis[0].choice,1,1,2c624232cdd221771294dfbb310aca000a0df6ac8b66b696d90ef06fdefb64a3
u03-s011-v008,question,optionAnalysis[0].reason,27,55,c3ec2278aff761d22847b506c1b1bb2c1c164fb32bde207c754c76411759877d
u03-s011-v008,question,optionAnalysis[1].choice,1,1,e7f6c011776e8db7cd330b54174fd76f7d0216b612387a5ffcfb81e6f0919683
u03-s011-v008,question,optionAnalysis[1].reason,9,12,e11b4af7eec54111233cc8df76f2d5a51ae8c84bec050ae79b48a614c54c7e6d
u03-s011-v008,question,optionAnalysis[2].choice,2,2,4a44dc15364204a80fe80e9039455cc1608281820fe2b24f1e5233ade6af1dd5
u03-s011-v008,question,optionAnalysis[2].reason,10,15,6adcc22402f74f1e86983f06d0f0dfbb19faad6015e0cf1176d930950d79ccff
u03-s011-v008,question,optionAnalysis[3].choice,6,6,82f17fe086067552dba3dc56b1933b0732ee7305c8a3709826f70b72ed9ce0c9
u03-s011-v008,question,optionAnalysis[3].reason,6,18,a1922127a68d7c1da7dc70f92a4a6d72c70a51b9468e937b766136e9c4d7910f
u03-s011-v008,question,commonMistake,15,45,9dbaafb399846e4360eed86f3f491a7dc65379a20aeb33952d248c9bac700b90
u03-s011-v008,question,concept,11,30,da620921aa635da0317738c9c3244ae232881cdbf7b24b091c8daa264682b68e
u03-s011-v008,question,tags[0],2,6,32f6541b44ed479dbf6cc8c7dd98824e49e03974d72ad8b65c33383a9cbb349f
u03-s011-v008,question,tags[1],4,12,b61bd82f8bedbd30bbbe61c245fc92087fe704a23486267020508c6775ab170b
u03-s011-v008,question,tags[2],8,8,d21f85ea38166303ce58e06134b5cc4a5c900c409ab2a500ff7c9225109a09bb
u03-s011-v008,question,estimatedTimeSec,2,2,f369cb89fc627e668987007d121ed1eacdc01db9e28f8bb26f358b7d8c4f08ac
u03-s011-v008,question,prerequisiteSkillIds[0],28,28,e0422a732e9405ca568a9d5c6ccf2dd3f0a0ed06da6522983ab990ec5f600c45
u03-s011-v008,question,authoringIntent,11,33,14c94d8bc6400baf5185d6e027d30822421211d9c48e711629c61fe659d270f5
u03-s011-v008,question,reviewStatus,22,22,ec809598e2f7fcc69fad54c9cd045bba62b4a0dc7c0ff90d4efdc3788c9ad8fb
u03-s011-v008,question,contentSha256,64,64,3178edd86b1f06f514d44d968596804c5234f9a92709d7a503c158882a24b093
u03-s011-v008,question,contentAuthority,25,25,ed40f75ffe3d6ad4e71f6e7919d063410490de360edb425965eccd605ca9d79e
u03-s011-v008,question,legacyContentDisposition,39,39,2efcc87c0c9673d2efe77735ae75582eb178c880b07035d8695f010e324b7c71
u03-s011-v009,question,questionId,13,13,96e63f69454d95b56a2cffe3e3f86af3e3ec09c4a9db3876c5cf9431f8c917ae
u03-s011-v009,question,unitId,3,3,97ce842ec69dee17c1842918e63b9d4042fa4b35007146dcfb80a09c5000888a
u03-s011-v009,question,topicId,24,24,326b17ae4f5196ef40b28e1a1c7a830421ca958af02230db5604747dc8ba7ef2
u03-s011-v009,question,skillId,36,36,7a897a995f942ac6267f8a7ce4278bfa1821dd752d590426155c54c8c4be230f
u03-s011-v009,question,difficulty,8,8,d21f85ea38166303ce58e06134b5cc4a5c900c409ab2a500ff7c9225109a09bb
u03-s011-v009,question,type,2,2,6bc0f9c4ecb0acbebf1b9f6c816bdd66f4885f67c917d9e141cf893014fba936
u03-s011-v009,question,visualMode,9,9,9c7d54b0bf7a9369d8594201c7b11955514343809d09fbec33966c1fd9794015
u03-s011-v009,question,sourceScope,19,19,a4b669ddb8ef1883391c07a7b633f12eeaeecee7ec37c09eea4931aff6644346
u03-s011-v009,question,text,35,81,333b727906d0824913a5d6a391ace92228619ee30f2932ed972bcdcba2238a0f
u03-s011-v009,question,choices[0],2,2,785f3ec7eb32f30b90cd0fcf3657d388b5ff4297f2f9716ff66e9b69c05ddd09
u03-s011-v009,question,choices[1],2,2,5f9c4ab08cac7457e9111a30e4664920607ea2c115a1433d7be98e97e64244ca
u03-s011-v009,question,choices[2],2,2,c2356069e9d1e79ca924378153cfbbfb4d4416b1f99d41a2940bfdb66c5319db
u03-s011-v009,question,choices[3],2,2,59e19706d51d39f66711c2653cd7eb1291c94d9b55eb14bda74ce4dc636d015a
u03-s011-v009,question,explanation,33,79,4d9b818e4ba46f5801b8084574904bc0056b23e8f22920ded4b5fbc1fc0e30ec
u03-s011-v009,question,steps[0],7,17,35c89262439bd37edd962ae3a7a0c7c13d7e9d56373048ff902cb1631bb86f60
u03-s011-v009,question,steps[1],5,9,093cedae583599bf446edff46f7416e3fd499f01e3199b1687b349cfc80ccefe
u03-s011-v009,question,steps[2],8,18,91e2e02aec9b9847672c4f9b5920fa52ea5028b75a867f98ef8e07cd6fbbdbc0
u03-s011-v009,question,optionAnalysis[0].choice,2,2,785f3ec7eb32f30b90cd0fcf3657d388b5ff4297f2f9716ff66e9b69c05ddd09
u03-s011-v009,question,optionAnalysis[0].reason,7,12,935d5c853d32cf211ef2fc84110068f2a2bc21cfe381291da5f26bd9617b0a31
u03-s011-v009,question,optionAnalysis[1].choice,2,2,5f9c4ab08cac7457e9111a30e4664920607ea2c115a1433d7be98e97e64244ca
u03-s011-v009,question,optionAnalysis[1].reason,6,18,40e7a1e599afc4a7c891f02338708523eaa9d91dd223d4572b8f2d13b85c956c
u03-s011-v009,question,optionAnalysis[2].choice,2,2,c2356069e9d1e79ca924378153cfbbfb4d4416b1f99d41a2940bfdb66c5319db
u03-s011-v009,question,optionAnalysis[2].reason,36,71,fc881e4f7eb23b2530fc4c5e8e2e939139c2ca740afb2ad0b3941f7a0f768b44
u03-s011-v009,question,optionAnalysis[3].choice,2,2,59e19706d51d39f66711c2653cd7eb1291c94d9b55eb14bda74ce4dc636d015a
u03-s011-v009,question,optionAnalysis[3].reason,8,24,9127e440821c23f7258842a8e05e710634624b47994c1ffcc26a92eb3da05755
u03-s011-v009,question,commonMistake,12,36,cad9a2228244e399d31a2c4fbd3ed588f75d47123362d31a3a3d2c04cfbba3fb
u03-s011-v009,question,concept,11,33,a902dcea03edfcb665a3eb31d166409f9204fd34e8800db759d1911608f54ec8
u03-s011-v009,question,tags[0],2,6,32f6541b44ed479dbf6cc8c7dd98824e49e03974d72ad8b65c33383a9cbb349f
u03-s011-v009,question,tags[1],4,12,b61bd82f8bedbd30bbbe61c245fc92087fe704a23486267020508c6775ab170b
u03-s011-v009,question,tags[2],8,8,d21f85ea38166303ce58e06134b5cc4a5c900c409ab2a500ff7c9225109a09bb
u03-s011-v009,question,estimatedTimeSec,2,2,f369cb89fc627e668987007d121ed1eacdc01db9e28f8bb26f358b7d8c4f08ac
u03-s011-v009,question,prerequisiteSkillIds[0],28,28,e0422a732e9405ca568a9d5c6ccf2dd3f0a0ed06da6522983ab990ec5f600c45
u03-s011-v009,question,authoringIntent,12,36,1135d034621e94e362840b6a4b6bf42562d55a39cdecc7b2ac3f07725fad5927
u03-s011-v009,question,reviewStatus,22,22,ec809598e2f7fcc69fad54c9cd045bba62b4a0dc7c0ff90d4efdc3788c9ad8fb
u03-s011-v009,question,contentSha256,64,64,9d48bd399a2ccdb0f1ca54f0d43622d5c75e1299e6cc5cb88ca4731655b4f89a
u03-s011-v009,question,contentAuthority,25,25,ed40f75ffe3d6ad4e71f6e7919d063410490de360edb425965eccd605ca9d79e
u03-s011-v009,question,legacyContentDisposition,39,39,2efcc87c0c9673d2efe77735ae75582eb178c880b07035d8695f010e324b7c71
u03-s011-v010,question,questionId,13,13,de9265e92d8e614b00b61541f6abf455d8ceb429a17518a4c3fa0a2b56efd4d4
u03-s011-v010,question,unitId,3,3,97ce842ec69dee17c1842918e63b9d4042fa4b35007146dcfb80a09c5000888a
u03-s011-v010,question,topicId,24,24,326b17ae4f5196ef40b28e1a1c7a830421ca958af02230db5604747dc8ba7ef2
u03-s011-v010,question,skillId,36,36,7a897a995f942ac6267f8a7ce4278bfa1821dd752d590426155c54c8c4be230f
u03-s011-v010,question,difficulty,8,8,578756ca4aa16d8872610a5aaa78460fd30fbe93379ff7284fe65d66ca606755
u03-s011-v010,question,type,2,2,6bc0f9c4ecb0acbebf1b9f6c816bdd66f4885f67c917d9e141cf893014fba936
u03-s011-v010,question,visualMode,9,9,9c7d54b0bf7a9369d8594201c7b11955514343809d09fbec33966c1fd9794015
u03-s011-v010,question,sourceScope,19,19,a4b669ddb8ef1883391c07a7b633f12eeaeecee7ec37c09eea4931aff6644346
u03-s011-v010,question,text,51,125,912a05d6c3ba1adc322404eeb801380f5a095bf1971c6be68ca749f5026cc99b
u03-s011-v010,question,choices[0],2,2,b17ef6d19c7a5b1ee83b907c595526dcb1eb06db8227d650d5dda0a9f4ce8cd9
u03-s011-v010,question,choices[1],2,2,4ec9599fc203d176a301536c2e091a19bc852759b255bd6818810a42c5fed14a
u03-s011-v010,question,choices[2],3,3,620c9c332101a5bae955c66ae72268fbcd3972766179522c8deede6a249addb7
u03-s011-v010,question,choices[3],2,2,4523540f1504cd17100c4835e85b7eefd49911580f8efff0599a8f283be6b9e3
u03-s011-v010,question,explanation,35,75,2954eeed9da1608515c3940bc489bdb212e77d9c521c9a95f7961950b2780d4d
u03-s011-v010,question,steps[0],9,21,3a009d154a5f2a69a12333af3816cd407e57b9400d49c42d8956796dab8186b9
u03-s011-v010,question,steps[1],9,11,ffa688c228eaabf87cab7f7803634dfa7dd9de6bf4d86a573de3cc39b2d017b1
u03-s011-v010,question,steps[2],4,8,dae47eed8b653c6f5e8614ac2c572e89bec53422575dbc64bbe0ca2eba7c719a
u03-s011-v010,question,optionAnalysis[0].choice,2,2,b17ef6d19c7a5b1ee83b907c595526dcb1eb06db8227d650d5dda0a9f4ce8cd9
u03-s011-v010,question,optionAnalysis[0].reason,14,33,62505eaa9eb9f4897c0af6ba5c51c5055d07dd02b1808f75cfaed8a9e43c1fdb
u03-s011-v010,question,optionAnalysis[1].choice,2,2,4ec9599fc203d176a301536c2e091a19bc852759b255bd6818810a42c5fed14a
u03-s011-v010,question,optionAnalysis[1].reason,9,25,308c66266616029f26763cd674d9bd04f719272d1065ed3a2b4b27c03e1202a0
u03-s011-v010,question,optionAnalysis[2].choice,3,3,620c9c332101a5bae955c66ae72268fbcd3972766179522c8deede6a249addb7
u03-s011-v010,question,optionAnalysis[2].reason,8,18,9c77c2e8f71ed3efafbd5b257433ad1302b1a040352531e05fc39bf111912e32
u03-s011-v010,question,optionAnalysis[3].choice,2,2,4523540f1504cd17100c4835e85b7eefd49911580f8efff0599a8f283be6b9e3
u03-s011-v010,question,optionAnalysis[3].reason,34,64,b486d5109c7edfb9384e5d41577fee4226e0dfea9df3933c10bc1ceb0e2ebdba
u03-s011-v010,question,commonMistake,15,41,b349727ffa8f73a5e983cdbc9df60b822639a526dc500356377cc3069cc2f990
u03-s011-v010,question,concept,12,36,9f62aff7a1213d3b2811353a27d334762e62d06aabd300d7e3fef561a3ccac1d
u03-s011-v010,question,tags[0],2,6,32f6541b44ed479dbf6cc8c7dd98824e49e03974d72ad8b65c33383a9cbb349f
u03-s011-v010,question,tags[1],4,12,b61bd82f8bedbd30bbbe61c245fc92087fe704a23486267020508c6775ab170b
u03-s011-v010,question,tags[2],8,8,578756ca4aa16d8872610a5aaa78460fd30fbe93379ff7284fe65d66ca606755
u03-s011-v010,question,estimatedTimeSec,2,2,f369cb89fc627e668987007d121ed1eacdc01db9e28f8bb26f358b7d8c4f08ac
u03-s011-v010,question,prerequisiteSkillIds[0],28,28,e0422a732e9405ca568a9d5c6ccf2dd3f0a0ed06da6522983ab990ec5f600c45
u03-s011-v010,question,authoringIntent,13,39,9dba19b8878effcdb9d0ca5472c5bd52aa4343b5bc0fe8bcc1eb303d42844f12
u03-s011-v010,question,literacyContextNecessity,34,82,c2bbdc0b8230b4bb7e49e588b684ab10e191fc79a298753db7094da8b203ae9a
u03-s011-v010,question,reviewStatus,22,22,ec809598e2f7fcc69fad54c9cd045bba62b4a0dc7c0ff90d4efdc3788c9ad8fb
u03-s011-v010,question,contentSha256,64,64,87829aba8095ccaa8dca28cfd328c7187f13dcad5a0982731559556b7ca97f1d
u03-s011-v010,question,contentAuthority,25,25,ed40f75ffe3d6ad4e71f6e7919d063410490de360edb425965eccd605ca9d79e
u03-s011-v010,question,legacyContentDisposition,39,39,2efcc87c0c9673d2efe77735ae75582eb178c880b07035d8695f010e324b7c71
u03-s011-v011,question,questionId,13,13,cf21b93899806b66375678ecf7e12045d1061c64202ab9ce365bc6dccdd1e8c6
u03-s011-v011,question,unitId,3,3,97ce842ec69dee17c1842918e63b9d4042fa4b35007146dcfb80a09c5000888a
u03-s011-v011,question,topicId,24,24,326b17ae4f5196ef40b28e1a1c7a830421ca958af02230db5604747dc8ba7ef2
u03-s011-v011,question,skillId,36,36,7a897a995f942ac6267f8a7ce4278bfa1821dd752d590426155c54c8c4be230f
u03-s011-v011,question,difficulty,8,8,578756ca4aa16d8872610a5aaa78460fd30fbe93379ff7284fe65d66ca606755
u03-s011-v011,question,type,2,2,6bc0f9c4ecb0acbebf1b9f6c816bdd66f4885f67c917d9e141cf893014fba936
u03-s011-v011,question,visualMode,9,9,9c7d54b0bf7a9369d8594201c7b11955514343809d09fbec33966c1fd9794015
u03-s011-v011,question,sourceScope,19,19,a4b669ddb8ef1883391c07a7b633f12eeaeecee7ec37c09eea4931aff6644346
u03-s011-v011,question,text,51,121,b8be88510be5cfb0a898bcbd69d5f12103baf7b3306cd637850cc98e02aadfd1
u03-s011-v011,question,choices[0],2,2,d59eced1ded07f84c145592f65bdf854358e009c5cd705f5215bf18697fed103
u03-s011-v011,question,choices[1],2,2,aea92132c4cbeb263e6ac2bf6c183b5d81737f179f21efdc5863739672f0f470
u03-s011-v011,question,choices[2],2,2,73475cb40a568e8da8a045ced110137e159f890ac4da883b6b17dc651b3a8049
u03-s011-v011,question,choices[3],2,2,71ee45a3c0db9a9865f7313dd3372cf60dca6479d46261f3542eb9346e4a04d6
u03-s011-v011,question,explanation,34,80,531c7edd7ca6ad94ed97f7c0ed359d42ffdfdea3c5967e3471b69e7f34e5b1f8
u03-s011-v011,question,steps[0],7,17,a158c9b3153d8c909af21722c061968a665b018779fb4d96c80916803b2d3c90
u03-s011-v011,question,steps[1],7,15,33d5e29b8aa1ffcf765ecdabf528d97a83f5d0aa49e08b9822e98c1dc0d3684e
u03-s011-v011,question,steps[2],7,13,fa858f081b6be52e8d3648841894dbd45c42801334a075e6951f13ab76ba2350
u03-s011-v011,question,optionAnalysis[0].choice,2,2,d59eced1ded07f84c145592f65bdf854358e009c5cd705f5215bf18697fed103
u03-s011-v011,question,optionAnalysis[0].reason,37,67,70b0cc9b7c90eec03b6c2a79e5d6391e468db9eeb8f1a2fc09a044c7b8b4f2c1
u03-s011-v011,question,optionAnalysis[1].choice,2,2,aea92132c4cbeb263e6ac2bf6c183b5d81737f179f21efdc5863739672f0f470
u03-s011-v011,question,optionAnalysis[1].reason,12,30,b1e42056aa49a4824cc721ed834f8b716188902d8e09e7d92e8894a41f553e33
u03-s011-v011,question,optionAnalysis[2].choice,2,2,73475cb40a568e8da8a045ced110137e159f890ac4da883b6b17dc651b3a8049
u03-s011-v011,question,optionAnalysis[2].reason,9,16,e464f7a98ca29f07e718977d35d937131dd78a8d03ef23a479d849766aa89e95
u03-s011-v011,question,optionAnalysis[3].choice,2,2,71ee45a3c0db9a9865f7313dd3372cf60dca6479d46261f3542eb9346e4a04d6
u03-s011-v011,question,optionAnalysis[3].reason,7,15,15ca701d2cb16f901e8614c195e225413847a720beb78edf76bfe2d2dddc2be3
u03-s011-v011,question,commonMistake,15,37,5a51b7d9c30b7c3a8dc28bb3808c994c320dc971b839f264e14fc3435cae5556
u03-s011-v011,question,concept,11,33,2fda9bed6f385259c606c8a27697d757984643975df419574f056aa5260af134
u03-s011-v011,question,tags[0],2,6,32f6541b44ed479dbf6cc8c7dd98824e49e03974d72ad8b65c33383a9cbb349f
u03-s011-v011,question,tags[1],4,12,b61bd82f8bedbd30bbbe61c245fc92087fe704a23486267020508c6775ab170b
u03-s011-v011,question,tags[2],8,8,578756ca4aa16d8872610a5aaa78460fd30fbe93379ff7284fe65d66ca606755
u03-s011-v011,question,estimatedTimeSec,2,2,f369cb89fc627e668987007d121ed1eacdc01db9e28f8bb26f358b7d8c4f08ac
u03-s011-v011,question,prerequisiteSkillIds[0],28,28,e0422a732e9405ca568a9d5c6ccf2dd3f0a0ed06da6522983ab990ec5f600c45
u03-s011-v011,question,authoringIntent,14,42,ac1955d4dd7bc7d292d52d73dd1fcbec342c9c360c3463317847aaabe32f0e58
u03-s011-v011,question,literacyContextNecessity,37,95,16c75d37c3a4adf0b07fdae1a5280462f538a943a9c2b9b0e3a862768da07213
u03-s011-v011,question,reviewStatus,22,22,ec809598e2f7fcc69fad54c9cd045bba62b4a0dc7c0ff90d4efdc3788c9ad8fb
u03-s011-v011,question,contentSha256,64,64,fb9cd36c94daaf945f72664868e3ae17e2d194ca91f550a7d5b02d4b1cb73382
u03-s011-v011,question,contentAuthority,25,25,ed40f75ffe3d6ad4e71f6e7919d063410490de360edb425965eccd605ca9d79e
u03-s011-v011,question,legacyContentDisposition,39,39,2efcc87c0c9673d2efe77735ae75582eb178c880b07035d8695f010e324b7c71
u03-s011-v012,question,questionId,13,13,b885d50347290580d4172d0530399bffb2a67324eeca0fa58625f7902d295fc6
u03-s011-v012,question,unitId,3,3,97ce842ec69dee17c1842918e63b9d4042fa4b35007146dcfb80a09c5000888a
u03-s011-v012,question,topicId,24,24,326b17ae4f5196ef40b28e1a1c7a830421ca958af02230db5604747dc8ba7ef2
u03-s011-v012,question,skillId,36,36,7a897a995f942ac6267f8a7ce4278bfa1821dd752d590426155c54c8c4be230f
u03-s011-v012,question,difficulty,8,8,578756ca4aa16d8872610a5aaa78460fd30fbe93379ff7284fe65d66ca606755
u03-s011-v012,question,type,2,2,6bc0f9c4ecb0acbebf1b9f6c816bdd66f4885f67c917d9e141cf893014fba936
u03-s011-v012,question,visualMode,9,9,9c7d54b0bf7a9369d8594201c7b11955514343809d09fbec33966c1fd9794015
u03-s011-v012,question,sourceScope,19,19,a4b669ddb8ef1883391c07a7b633f12eeaeecee7ec37c09eea4931aff6644346
u03-s011-v012,question,text,38,84,bb7afa50ba5010e66026c17024c8999f5119fc8faeff98910433a455909b4f83
u03-s011-v012,question,choices[0],2,2,f5ca38f748a1d6eaf726b8a42fb575c3c71f1864a8143301782de13da2d9202b
u03-s011-v012,question,choices[1],2,2,6f4b6612125fb3a0daecd2799dfd6c9c299424fd920f9b308110a2c1fbd8f443
u03-s011-v012,question,choices[2],2,2,785f3ec7eb32f30b90cd0fcf3657d388b5ff4297f2f9716ff66e9b69c05ddd09
u03-s011-v012,question,choices[3],2,2,c2356069e9d1e79ca924378153cfbbfb4d4416b1f99d41a2940bfdb66c5319db
u03-s011-v012,question,explanation,35,77,b86f46b967aa993aefe1c2c13b2c9da302f9d83c0662aa484ac79360dfdb5062
u03-s011-v012,question,steps[0],9,21,ea2f5426b2f7d294a91a456cea862f685b19d63d4f9181cc1a4595a89bbdb094
u03-s011-v012,question,steps[1],8,10,8a764c9e756ecd5e7c4e25e3c6b2aeef014cd361ebf6cbcabb68c2fb4ee27b18
u03-s011-v012,question,steps[2],5,11,044b70e576588bb868e8dd2c867a41d7608d0771e5013f7759936889427364f0
u03-s011-v012,question,optionAnalysis[0].choice,2,2,f5ca38f748a1d6eaf726b8a42fb575c3c71f1864a8143301782de13da2d9202b
u03-s011-v012,question,optionAnalysis[0].reason,9,16,2b790f8d1c85421a34b2b7dab7743b817b7f6e15a2dc50d0d3288cf64304dfc3
u03-s011-v012,question,optionAnalysis[1].choice,2,2,6f4b6612125fb3a0daecd2799dfd6c9c299424fd920f9b308110a2c1fbd8f443
u03-s011-v012,question,optionAnalysis[1].reason,39,75,6a8b3245c8792dab5b6c82255830f5ae717385359fbc5d32d89f35c024a895b1
u03-s011-v012,question,optionAnalysis[2].choice,2,2,785f3ec7eb32f30b90cd0fcf3657d388b5ff4297f2f9716ff66e9b69c05ddd09
u03-s011-v012,question,optionAnalysis[2].reason,7,19,a1fb99b2300cd8c9ecadc3b3a8575b4143a56f379909fc5a1820212da4c17913
u03-s011-v012,question,optionAnalysis[3].choice,2,2,c2356069e9d1e79ca924378153cfbbfb4d4416b1f99d41a2940bfdb66c5319db
u03-s011-v012,question,optionAnalysis[3].reason,7,17,2ea5debe1b443470959b6f1243a9049a37c0520f18f54120106ab52e00345891
u03-s011-v012,question,commonMistake,11,33,19726649662a7dd10747b7f2b947a7346182439af0c2712ff1b85ac7973bacd8
u03-s011-v012,question,concept,10,26,d2efa06d7624643c3a73dc45cec915c666c805bf731f688b616dea50225b4cf3
u03-s011-v012,question,tags[0],2,6,32f6541b44ed479dbf6cc8c7dd98824e49e03974d72ad8b65c33383a9cbb349f
u03-s011-v012,question,tags[1],4,12,b61bd82f8bedbd30bbbe61c245fc92087fe704a23486267020508c6775ab170b
u03-s011-v012,question,tags[2],8,8,578756ca4aa16d8872610a5aaa78460fd30fbe93379ff7284fe65d66ca606755
u03-s011-v012,question,estimatedTimeSec,2,2,f369cb89fc627e668987007d121ed1eacdc01db9e28f8bb26f358b7d8c4f08ac
u03-s011-v012,question,prerequisiteSkillIds[0],28,28,e0422a732e9405ca568a9d5c6ccf2dd3f0a0ed06da6522983ab990ec5f600c45
u03-s011-v012,question,authoringIntent,11,33,316766e1dcc27992df03ef65d94dc26da580fb7aa0fa5968f043d9180fa3c9b2
u03-s011-v012,question,literacyContextNecessity,33,79,cc64702fda42c828ec2baf194538c8fa7a312ad5ea6c3542ed9da6a45b1da37a
u03-s011-v012,question,reviewStatus,22,22,ec809598e2f7fcc69fad54c9cd045bba62b4a0dc7c0ff90d4efdc3788c9ad8fb
u03-s011-v012,question,contentSha256,64,64,9c2801a50c24533b5c05879a10ec0aad1e93bc24f623e111b87e67af5f77faa2
u03-s011-v012,question,contentAuthority,25,25,ed40f75ffe3d6ad4e71f6e7919d063410490de360edb425965eccd605ca9d79e
u03-s011-v012,question,legacyContentDisposition,39,39,2efcc87c0c9673d2efe77735ae75582eb178c880b07035d8695f010e324b7c71
u03-s011-cr001,constructed-response,questionId,14,14,8c649453b27e0ca355b6ed09f6ee39d0befc25354d625d23c6586447b480769d
u03-s011-cr001,constructed-response,unitId,3,3,97ce842ec69dee17c1842918e63b9d4042fa4b35007146dcfb80a09c5000888a
u03-s011-cr001,constructed-response,topicId,24,24,326b17ae4f5196ef40b28e1a1c7a830421ca958af02230db5604747dc8ba7ef2
u03-s011-cr001,constructed-response,skillId,36,36,7a897a995f942ac6267f8a7ce4278bfa1821dd752d590426155c54c8c4be230f
u03-s011-cr001,constructed-response,difficulty,8,8,fe6d3468cf5c74d8ec2a95b40f2e05338c37a4202f8fad692d2b64a9cf9b468a
u03-s011-cr001,constructed-response,type,20,20,e519496c259191db041ac61161dbfadb673dd94a10a123ed7423adcf7968ae7c
u03-s011-cr001,constructed-response,visualMode,9,9,9c7d54b0bf7a9369d8594201c7b11955514343809d09fbec33966c1fd9794015
u03-s011-cr001,constructed-response,prompt,44,110,349881b6425b2f904d297599e897b157db89ade45c872a0ca10b58cc6a33ffab
u03-s011-cr001,constructed-response,requiredWork[0],15,40,914d684ea365b7b9b5566ed67ad58152cac13d59578ef368bcea1a9216786a06
u03-s011-cr001,constructed-response,requiredWork[1],12,34,c4192f64b4caff10d6b18f2d54eed359c90d4129df698bb017470d0e94697e27
u03-s011-cr001,constructed-response,fullCreditSolution[0],9,11,5aebb8eaf83956b168270d5a7307b31208f3397a121d73748a83408de82a6918
u03-s011-cr001,constructed-response,fullCreditSolution[1],12,16,94968420948983a831510984f3b732dd67e4f182ac7a01d914ab897a8a2e0912
u03-s011-cr001,constructed-response,fullCreditSolution[2],18,29,d2fc031ef1c33183c142ca91951a40ff812bb49f2c6625ef088582588f1da8c8
u03-s011-cr001,constructed-response,alternativeSolutions[0],17,31,dd84c4f4a0a355ceade7dbda99510dd812407686fc65d05ba69e8632d946eb13
u03-s011-cr001,constructed-response,rubric[0].criteria,15,41,c6c849df296141f250ead16cd5cb280dd1f4881fe6a909459ac797c7d2cda432
u03-s011-cr001,constructed-response,rubric[1].criteria,15,45,b65c457c476304dc5de3a7aa525db338bf6a72decd00f269d324e09dba056d1e
u03-s011-cr001,constructed-response,rubric[2].criteria,17,29,271e1b2eacc1d8ab737a5a12cbd92975162403bc494f8bb5939dd2822253174f
u03-s011-cr001,constructed-response,rubric[3].criteria,10,30,1426efa6d3655d2996c1c1cdf15329aaa0cf8875a099190838cd9624c8598c9b
u03-s011-cr001,constructed-response,scoringNotes[0],14,42,cd605206f033bf9eb77fb66a20ada03efaf449b4f0635fc98dd861265ef39c50
u03-s011-cr001,constructed-response,scoringNotes[1],25,75,a2c565e5172ae5430bb229f94ce51035aa7b17f1f115f704476e4c19fc1098cf
u03-s011-cr001,constructed-response,commonErrors[0],11,25,27a571897e868e397b160a3dfb290c846ea04733191a9d7b48d898b66e75ca43
u03-s011-cr001,constructed-response,commonErrors[1],14,33,8ebae0b27043d52dc7efd71248b77170c0e132422b8e96f019299382e4f867fa
u03-s011-cr001,constructed-response,independentReview.derivedResult,3,5,abb9330eb6f93849c97f313b920062709e33002bae2f1ec5587a0e94c167c2d0
u03-s011-cr001,constructed-response,independentReview.ambiguity,26,78,4b9998d99f5ff6b4c48867707da30b5a75387690128c1a0e4fdc7f35be5f3c7a
u03-s011-cr001,constructed-response,independentReview.decision,4,4,d74ff0ee8da3b9806b18c877dbf29bbde50b5bd8e4dad7a3a725000feb82e8f1
u03-s011-cr001,constructed-response,contentSha256,64,64,131405decab4621c8922a023c7e7782324a69244a2bbb7287bf21f7615a3b69d
u03-s011-cr001,constructed-response,contentAuthority,25,25,ed40f75ffe3d6ad4e71f6e7919d063410490de360edb425965eccd605ca9d79e
u03-s011-cr001,constructed-response,legacyContentDisposition,39,39,2efcc87c0c9673d2efe77735ae75582eb178c880b07035d8695f010e324b7c71
u03-s011-cr002,constructed-response,questionId,14,14,02503ceff36a490007f45d6c14e173ce0e1e466f21e5af1d8b0692339e8770a8
u03-s011-cr002,constructed-response,unitId,3,3,97ce842ec69dee17c1842918e63b9d4042fa4b35007146dcfb80a09c5000888a
u03-s011-cr002,constructed-response,topicId,24,24,326b17ae4f5196ef40b28e1a1c7a830421ca958af02230db5604747dc8ba7ef2
u03-s011-cr002,constructed-response,skillId,36,36,7a897a995f942ac6267f8a7ce4278bfa1821dd752d590426155c54c8c4be230f
u03-s011-cr002,constructed-response,difficulty,8,8,d21f85ea38166303ce58e06134b5cc4a5c900c409ab2a500ff7c9225109a09bb
u03-s011-cr002,constructed-response,type,20,20,e519496c259191db041ac61161dbfadb673dd94a10a123ed7423adcf7968ae7c
u03-s011-cr002,constructed-response,visualMode,9,9,9c7d54b0bf7a9369d8594201c7b11955514343809d09fbec33966c1fd9794015
u03-s011-cr002,constructed-response,prompt,43,109,9146027d93336dc1b2916b41a022cb4a4d618ac28ba25cb86237d192e07960e3
u03-s011-cr002,constructed-response,requiredWork[0],8,22,b2b328a64862a6540b933e473cb807e6c7c4b91215b4c87a043af3f87d79b194
u03-s011-cr002,constructed-response,requiredWork[1],10,24,3801e9e1860960f1f76fc3f318db202646d1a8a5e08fe04d5ddbdf439e7070ad
u03-s011-cr002,constructed-response,requiredWork[2],11,33,bcbf26ed7def7c7281328f7c19fed68bc75c8a3466ddb6eadf9ffe010b072a87
u03-s011-cr002,constructed-response,fullCreditSolution[0],12,14,7bc02c4e363314ebe297ec2af4ea971da02b3a6f73dd9d859c1d3d5c42c65974
u03-s011-cr002,constructed-response,fullCreditSolution[1],16,20,6247a303c5d6cbb34090a69ac4897b6814e1ded9f0bce4b12ae7088f199388b4
u03-s011-cr002,constructed-response,fullCreditSolution[2],20,42,ae571695d707d4829d092f0992f6a3416e019a1a90b3e357efcc31f42a71d966
u03-s011-cr002,constructed-response,alternativeSolutions[0],26,68,0d630fe5a511d336c6151485f65f7a4130de88e83941953ba60a4290fdf3f7b7
u03-s011-cr002,constructed-response,rubric[0].criteria,15,37,13fecd7fc4ac72bb74f2a8e8a7ff30068df8c01cdf8ead4acae128a750bb28be
u03-s011-cr002,constructed-response,rubric[1].criteria,14,42,503414c7d2f32e68949373601f74abeaae8366afc985b024a777ed67cb34767a
u03-s011-cr002,constructed-response,rubric[2].criteria,12,30,0e7de0a0318d16090c13e6ed4a46e81aef3a9302f7e66040d28a17330f1e45d5
u03-s011-cr002,constructed-response,rubric[3].criteria,10,30,96513b3d0cca6002bb0a37db73d78254e47fc40eded26f48f39723f37d9602a7
u03-s011-cr002,constructed-response,scoringNotes[0],14,42,cd605206f033bf9eb77fb66a20ada03efaf449b4f0635fc98dd861265ef39c50
u03-s011-cr002,constructed-response,scoringNotes[1],25,75,a2c565e5172ae5430bb229f94ce51035aa7b17f1f115f704476e4c19fc1098cf
u03-s011-cr002,constructed-response,commonErrors[0],10,26,6ee69feeea9144786ac41531287d7000a8df41d75b4c780f06911ebcb8a3d081
u03-s011-cr002,constructed-response,commonErrors[1],11,33,9913728d1308e106f41a6bf030f028e739ff427c43c9cee72e121c3280d61c86
u03-s011-cr002,constructed-response,independentReview.derivedResult,2,4,9150ffa18f6656cb96418b72f95be89307a82101fe144410e1c03199afe427cb
u03-s011-cr002,constructed-response,independentReview.ambiguity,26,78,4b9998d99f5ff6b4c48867707da30b5a75387690128c1a0e4fdc7f35be5f3c7a
u03-s011-cr002,constructed-response,independentReview.decision,4,4,d74ff0ee8da3b9806b18c877dbf29bbde50b5bd8e4dad7a3a725000feb82e8f1
u03-s011-cr002,constructed-response,contentSha256,64,64,9ec0ffa3c9726d59bba3f12c04d30a57297707b8e96c8b907a61592714c6b1a5
u03-s011-cr002,constructed-response,contentAuthority,25,25,ed40f75ffe3d6ad4e71f6e7919d063410490de360edb425965eccd605ca9d79e
u03-s011-cr002,constructed-response,legacyContentDisposition,39,39,2efcc87c0c9673d2efe77735ae75582eb178c880b07035d8695f010e324b7c71
u03-s012-lecture-r1,lecture,lectureId,19,19,fa36d46e30c113b0fd2e39528a2b4d3cd36640a04644a5830109288f7e8bf1c0
u03-s012-lecture-r1,lecture,unitId,3,3,97ce842ec69dee17c1842918e63b9d4042fa4b35007146dcfb80a09c5000888a
u03-s012-lecture-r1,lecture,topicId,24,24,326b17ae4f5196ef40b28e1a1c7a830421ca958af02230db5604747dc8ba7ef2
u03-s012-lecture-r1,lecture,skillId,36,36,ab55f46b30f80baee275a7157304db8c22ba597d44a562fd57010de35f811ea2
u03-s012-lecture-r1,lecture,title,17,51,cd5777f1d586659242b4e27e426b0c0493cc851a838cd1352313215771a5eea0
u03-s012-lecture-r1,lecture,audience,10,30,e6b4416fbd9f36797de01256b31a4d6f6314e126fde8495e25792c814f64fc5f
u03-s012-lecture-r1,lecture,reviewStatus,22,22,ec809598e2f7fcc69fad54c9cd045bba62b4a0dc7c0ff90d4efdc3788c9ad8fb
u03-s012-lecture-r1,lecture,learningOutcomes[0],14,42,26890a80d6d7655cfd16851170f85bba8a10143c1254a6eec9f6f652e16d6fe2
u03-s012-lecture-r1,lecture,learningOutcomes[1],15,45,f9d1648c96348a90617fd2f0f7c1006070268905c41cf3b064cd83d27cd97705
u03-s012-lecture-r1,lecture,learningOutcomes[2],12,36,7f7c6f740841a5e38bff45f7627214103d9299571ae55c4fc2ad5c74c92f07a8
u03-s012-lecture-r1,lecture,learningOutcomes[3],14,42,746267e696bfb66a91809d26bcbdb19a977c5fcb777ce9209b3c0e4ac230e515
u03-s012-lecture-r1,lecture,prerequisites[0].skillId,36,36,7a897a995f942ac6267f8a7ce4278bfa1821dd752d590426155c54c8c4be230f
u03-s012-lecture-r1,lecture,prerequisites[0].requiredLevel,19,57,791858809e682b3576f1ecf17f56485be7d01c4d3fe1a77265123ede797b1a87
u03-s012-lecture-r1,lecture,glossary[0].term,4,12,9514d6e7743567c41582440ab748df676732d520a44381214580740b205d9b00
u03-s012-lecture-r1,lecture,glossary[0].definition,9,25,7c7252027bd15316489dc2b52bf717f39136c443233e742fece9e7aa275f8baf
u03-s012-lecture-r1,lecture,glossary[1].term,4,12,055ae14611a2bbf4cbfac46be36c5432abbf4b7597d85db8db495114719f36ae
u03-s012-lecture-r1,lecture,glossary[1].definition,12,34,500d840165be8ffe50f799408f6ef51229bd08e1ab5b625263573d6b38c7479d
u03-s012-lecture-r1,lecture,glossary[2].term,4,12,3da16907d516d30024576648b814550974cace1d1fb029c8b479f83d28962a6e
u03-s012-lecture-r1,lecture,glossary[2].definition,12,34,1a0e06476f18065f0a1895129923864f25da0da701a7c0204cf0064c5e165d06
u03-s012-lecture-r1,lecture,glossary[3].term,3,9,09d389c5a009230ac01b4dabc7c9a309418655e8e59162a4ad9a3d3061486592
u03-s012-lecture-r1,lecture,glossary[3].definition,14,42,64b403d35a3a7bff09efcf8c60b329cda71438b8bc73e31b5b25cf28d217ed66
u03-s012-lecture-r1,lecture,notation[0].symbol,9,9,7d14b8755c118ca1dd1b55bcbc68a27335929cc5c775ba571da7cca4239814ec
u03-s012-lecture-r1,lecture,notation[0].meaning,12,36,014a4c9ba18e3e4c46839447bd2a473159333ebda92527cfb9c5e2a6d1141fbd
u03-s012-lecture-r1,lecture,notation[1].symbol,9,9,f01832e6dcb042ab92f44e1a83469e0fbc352d30b5d8fd5e6d7f90fb7ace807e
u03-s012-lecture-r1,lecture,notation[1].meaning,16,46,86dd8ab93fcd993bcca321081b041287f9d8698a7f89e294e15297f42787b26a
u03-s012-lecture-r1,lecture,conceptNarrative[0],23,67,9b56cc1d13576c8a8984140345fcba8cc868ba82202adcdd752484219b2d2979
u03-s012-lecture-r1,lecture,conceptNarrative[1],26,74,fe6a2d944000989b363f5162cd2a07ebb8bd1dd44dfa0ff08c5a6aff790d8e1d
u03-s012-lecture-r1,lecture,conceptNarrative[2],24,72,0621d691a1b95a30958097c5033ac248cc66bb6e03593b94ce9ea432d0045414
u03-s012-lecture-r1,lecture,conceptNarrative[3],17,47,55728fa4521db2140bb1044f39712b388c23b6b3f01f428a1d0d17b9540fa89c
u03-s012-lecture-r1,lecture,formalDefinitions[0].name,6,18,7dbf33142a4b9da11983a62d67945128f842c5a4cef0976adc4ca30075edb8d3
u03-s012-lecture-r1,lecture,formalDefinitions[0].statement,22,50,b0f29945d511fd6232a97f0b6157a9b18886ec4cbf1f06ee411982bac6c482d0
u03-s012-lecture-r1,lecture,formalDefinitions[1].name,8,24,2ed380e66c6c3f87af564e17abe313a8f32a49ca3fa5978ed74a99bdbf6ebc44
u03-s012-lecture-r1,lecture,formalDefinitions[1].statement,19,41,0bb5af8ae57bfbc32dcc33dd5930117b70d642f8501a5c978afb4784a6d84002
u03-s012-lecture-r1,lecture,formulas[0].formula,15,15,94aacb844bb7abaffc0112071f4faf6a019c789b9a7ccef039fa44eae8a32516
u03-s012-lecture-r1,lecture,formulas[0].conditions[0],10,28,0e9b3016aaa70f6d2958637fbf3f97b56da74541c7ce3f5292689969d544c064
u03-s012-lecture-r1,lecture,formulas[0].meaning,7,21,10e8ba5f77a2af27fb6a82d8789cf03384fca1d5c7bfc85a9dab00d9192289a2
u03-s012-lecture-r1,lecture,formulas[1].formula,4,4,b1c457950920030479fa65d3486b65831f21d1ad6169794847784422569ce077
u03-s012-lecture-r1,lecture,formulas[1].conditions[0],13,37,d0cf4f54b34d8d934827776fadff4b753b815b2dde736885969002ce2f7d43aa
u03-s012-lecture-r1,lecture,formulas[1].meaning,7,21,657570781716559bb5dfd8ff88178b001d3576ff3402903622bd3bb497784c57
u03-s012-lecture-r1,lecture,nonApplicableCases[0],12,34,5211606933300c4a7592997568b7a0d0be1e27950545ac8ce8f61456b9a2057c
u03-s012-lecture-r1,lecture,nonApplicableCases[1],29,87,3e4063be41430ff3acf0debf97c641fb2b30ae88c4a4aa9d35cd5c221d1aa497
u03-s012-lecture-r1,lecture,nonApplicableCases[2],14,42,43e7ce323fa5e8dad23e1fb620d907b0dac4db07210b0baf85f6dfd1d81e1568
u03-s012-lecture-r1,lecture,nonApplicableCases[3],12,36,1ca8014e8c83d36e0470815c564bd35a385a515e66b47924221df771808c186d
u03-s012-lecture-r1,lecture,method[0].instruction,13,39,0587ffc990e5ba1c87838933bcdb650c686620f224bf1c94bf519ff101af81ab
u03-s012-lecture-r1,lecture,method[0].check,9,23,a429ba7b95af56214bbe032a0e20f8cffea53d1ced94f66aae06f8eeb56dde98
u03-s012-lecture-r1,lecture,method[1].instruction,11,31,449aaa69f8ce8e9b78cdaf49e544a3c69493cbf9c52d13319992ab1215718d04
u03-s012-lecture-r1,lecture,method[1].check,10,30,ecdd61ffa1392762463097aba975a5889dfaa76c6c6cd179de9935fd7f3fc53f
u03-s012-lecture-r1,lecture,method[2].instruction,6,18,1b93ec0ee8698a039609c32e023b97ab22afde7e85462d7a9899a8dddd9c499c
u03-s012-lecture-r1,lecture,method[2].check,9,27,374141be3a33de105e264aaf6c0c43727b45e7bf316f4dceb06806f615c9fb43
u03-s012-lecture-r1,lecture,method[3].instruction,10,30,e0a037095f1b7f2a980a7ab88f2e5c4852f3d04c7cc9b9fad33feb54918791f9
u03-s012-lecture-r1,lecture,method[3].check,12,36,f6f05cff81809e88c86e94092d383fd2433bd331165458afc36aafe32b6c9086
u03-s012-lecture-r1,lecture,method[4].instruction,12,36,183e68cfd9657ee7e0f3a3f0b37b5bfb2b46a277a0febfedf082802084b3dd1f
u03-s012-lecture-r1,lecture,method[4].check,9,27,efa5a24663278c36f98e7d6747d1dc239fe944483302d5fcd9460d666f8ae060
u03-s012-lecture-r1,lecture,workedExamples[0].exampleId,2,2,dffe8596427fc50e8f64654a609af134d45552f18bbecef90b31135a9e7acaa0
u03-s012-lecture-r1,lecture,workedExamples[0].prompt,11,29,2f611332a6afc7d73cc3dd0ae025db8db249e008f2571928dcebccc89079eb2b
u03-s012-lecture-r1,lecture,workedExamples[0].solutionSteps[0],6,16,520e21184bb11da676e63f97592acdef98b717b7c82714bb75eb9654f8c84781
u03-s012-lecture-r1,lecture,workedExamples[0].solutionSteps[1],11,15,b9e95ccb9833b0323a84529869644eeda2cb04e963f5383e2459e8907d347028
u03-s012-lecture-r1,lecture,workedExamples[0].answer,9,15,286838e5bd3e11b8e75926ebf66047138101ece61b53cf15567f512d928678e9
u03-s012-lecture-r1,lecture,workedExamples[1].exampleId,2,2,d76354d8457898445bb69e0dc0dc95fb74cc3cf334f8c1859162a16ad0041f8d
u03-s012-lecture-r1,lecture,workedExamples[1].prompt,11,29,9241a517340ba075f38fbeece62e03652ccad415a35ab73c4390451a8f1b1195
u03-s012-lecture-r1,lecture,workedExamples[1].solutionSteps[0],12,28,2bed4ff713754962eac3b937ff734a68801a2a49d36d538fe4a056179b7b335d
u03-s012-lecture-r1,lecture,workedExamples[1].solutionSteps[1],13,17,3e6297f6c7772b7c299b09cce16b9d16f9d2c4edb92df34429eba4587672704e
u03-s012-lecture-r1,lecture,workedExamples[1].answer,6,10,d9a836beeb6dbb18b12ac4709302b4ff41a9d782d4df8a75125cd5ebced3d246
u03-s012-lecture-r1,lecture,workedExamples[2].exampleId,2,2,842983de8fb1d277a3fad5c8295c7a14317c458718a10c5a35b23e7f992a5c80
u03-s012-lecture-r1,lecture,workedExamples[2].prompt,11,31,2d1c9b9e980be5bad4bc53d4469e1ad2305385803fc17a088a1f704b7475ceba
u03-s012-lecture-r1,lecture,workedExamples[2].solutionSteps[0],6,16,d62359d8ec712cc16a24e9cea35947045dd901170adc064cd89e10bed6ddeb1d
u03-s012-lecture-r1,lecture,workedExamples[2].solutionSteps[1],8,24,7a594923714bd918e9dee48109c08f72eb6cb5fb3bbc2aec231fce5e4b9bf1d0
u03-s012-lecture-r1,lecture,workedExamples[2].answer,10,20,47706d10c9afc28db60a03423bbf44014fcb025de5d65b3ca60dd91ec4443841
u03-s012-lecture-r1,lecture,workedExamples[3].exampleId,2,2,4a5a97c6433c4c062457e9335709d57493e75527809d8a9586c141e591ac9f2c
u03-s012-lecture-r1,lecture,workedExamples[3].prompt,13,33,6aa56d7d57361b082ae04b30a5baf3dc22e150e0a411e381c8d425b09bee0bae
u03-s012-lecture-r1,lecture,workedExamples[3].solutionSteps[0],13,25,3a64f2d3b01172cba68f25d62ff96f6b1a953c11bbdc700e426797f7056dc439
u03-s012-lecture-r1,lecture,workedExamples[3].solutionSteps[1],6,8,85c9c5507347adfcd4afd8bfc0b13273010c7545575e7b00229c36a55aa7a2ce
u03-s012-lecture-r1,lecture,workedExamples[3].answer,11,17,95553c5df2640aad751ee47faca1bc38b58cf4ca802a316b23c006fa1a06865d
u03-s012-lecture-r1,lecture,commonMistakes[0].mistake,9,25,34616c31a385ad1a65dcc41c48bde600f9ce556a81dd014c7ad397198e3158f8
u03-s012-lecture-r1,lecture,commonMistakes[0].why,6,18,9014dcc9ce55b936ab67f6bf8061134166e53fc9a36e85cd196d3e51189200d8
u03-s012-lecture-r1,lecture,commonMistakes[0].correction,7,17,92b7ad52889ae796f75a0e5f935d9108a561f2fde29cc19c242d2820d0a60015
u03-s012-lecture-r1,lecture,commonMistakes[1].mistake,8,22,99d265cd05d97e84d5db7b64f4649ca2cce229fe2b2d2ed536125cee9039e973
u03-s012-lecture-r1,lecture,commonMistakes[1].why,8,24,1824d6b917a220a9f43c3275c92126ee128aef08bceadc2603bdd83a9bece68c
u03-s012-lecture-r1,lecture,commonMistakes[1].correction,6,16,84951a36b2c44dc10b01354b85b4e5e71a67f688f2cd2cedc40e3bedc7c0fb68
u03-s012-lecture-r1,lecture,commonMistakes[2].mistake,11,33,da8a759528f29109a5786d51bfcf438343a8fe06ec44c3e62103041712d89301
u03-s012-lecture-r1,lecture,commonMistakes[2].why,7,21,fea4b36556b5919ba76d1d8ced47da3dfd0b9dcc9ccd79f9d9630b8db0da32ad
u03-s012-lecture-r1,lecture,commonMistakes[2].correction,11,33,878b5c278162c0c6631be64df412d8a8e88b3afd285dd394e72367236fb9c143
u03-s012-lecture-r1,lecture,commonMistakes[3].mistake,12,34,ca426d9bbad4c85ff139f3f2a593afeaa33fdd815a84dc3fcc2792fa88423bbe
u03-s012-lecture-r1,lecture,commonMistakes[3].why,12,34,0e5bdae6118899d86e0f2da718a98b2e9ad306c120d361686468a1b741ff0cf3
u03-s012-lecture-r1,lecture,commonMistakes[3].correction,7,21,5a6ee3643cd9f01e8ef60345305e48418671dadf9cf0e1f679c0bd997288a885
u03-s012-lecture-r1,lecture,commonMistakes[4].mistake,12,36,fc870e4f288ed76d782f4fb817bd9a00a2b7e0e0ca12f90d8a56cec3c624318f
u03-s012-lecture-r1,lecture,commonMistakes[4].why,7,21,53f34486a9c982847f89708a46b74eb8621327a3568128df471aaaec571beca4
u03-s012-lecture-r1,lecture,commonMistakes[4].correction,13,39,3d741c8c3b7d34844276f046e9a2f4275538d1fbd3c1b65aae56e696c0d61f21
u03-s012-lecture-r1,lecture,commonMistakes[5].mistake,10,30,2b081f0eeb80e872608733cf24f92a83c3d85fc5ee74427b3eb9555ee36e3cd9
u03-s012-lecture-r1,lecture,commonMistakes[5].why,8,24,eb789ce8c102a285fd9f20f0752eaad2dbc1ce91f229501e37f16ffe923d8b95
u03-s012-lecture-r1,lecture,commonMistakes[5].correction,8,24,85b6abbc13ec13fdc07e40069abe6d2f7e359089ad5ded4134414dab2aee4e12
u03-s012-lecture-r1,lecture,selfCheck[0],8,24,c4ca6257295551f27bef1406287d4cc15c376b51e6137de1789127847c018bf3
u03-s012-lecture-r1,lecture,selfCheck[1],10,28,a3186c355ac6c8c60cfe411c62261cc1b68f7b89c7b6f13aaa1c15ea5ba9d3a5
u03-s012-lecture-r1,lecture,selfCheck[2],13,39,3f5e470d43af77304b4b91b09d03d8fa7487b593623b49f512dc5b5c8c2d97be
u03-s012-lecture-r1,lecture,selfCheck[3],12,36,eff60e3531335b20d3316df9da5b55e098d56de52def6ea236bcc1273f0af8f7
u03-s012-lecture-r1,lecture,selfCheck[4],14,42,fcab3553851d3e138e99be13646f81f45a0dabcd92419007eccd3950ba6a4f99
u03-s012-lecture-r1,lecture,summary[0],8,22,8d25fc7c2f122643dc8a7c4f6da57c1cfa61e34158a8e4b550c15832de76e36b
u03-s012-lecture-r1,lecture,summary[1],11,31,28ef2af6ed9971449058abd19b9698c6134aaa380d3f2429d5479246759e7695
u03-s012-lecture-r1,lecture,summary[2],12,36,d2031d616bc0bf7fb1079a8203daccdcdcd8bea8243048e4ed00f1f3dd887c3e
u03-s012-lecture-r1,lecture,summary[3],12,36,25a89f835b8adf2e9e0ad65eae9e7e21a6011ee2e8d1c6c49f411cd026243e46
u03-s012-lecture-r1,lecture,connections.previous,18,54,04fa7a4df4ef6736338261efaa324ce8badd730882bc5fba25652b52400c3799
u03-s012-lecture-r1,lecture,connections.next[0],15,45,1aa5f86f7e4081a04fe42d32f2fc11ffe82ab9e6b7a6ef50854ac3450183a65d
u03-s012-lecture-r1,lecture,connections.next[1],15,45,00226173f9314fce88ec101352fc7d3509030ad8cba02f20f2227eeae78f3c05
u03-s012-lecture-r1,lecture,practiceLinks.mcQuestionIds[0],13,13,d2ce45771cf1e4561a789d4ce4f3c8c711e086056bec298e6a7fea2c17b5e0f9
u03-s012-lecture-r1,lecture,practiceLinks.mcQuestionIds[1],13,13,b71474c8817fa5357dc11266c2ca52b038c3a880148113241bf3f5e27dd6dfad
u03-s012-lecture-r1,lecture,practiceLinks.mcQuestionIds[2],13,13,85bffbec611f38fcfc4ead303ebead2fcf4153923f5172704a618bf8dd825303
u03-s012-lecture-r1,lecture,practiceLinks.mcQuestionIds[3],13,13,23027c4dd78c7e49e6bb8d277533e32be7935af06c38f46487d447aa993bc233
u03-s012-lecture-r1,lecture,practiceLinks.mcQuestionIds[4],13,13,fd9c7f0bc3ae27c45c7f30c4d2c23f9e524e9220073831c06ba15709ac6603dc
u03-s012-lecture-r1,lecture,practiceLinks.mcQuestionIds[5],13,13,5236bdc5162e57e80ab59b27750f1307a754986d6f1e259d4be6f8f729bdf8f0
u03-s012-lecture-r1,lecture,practiceLinks.mcQuestionIds[6],13,13,3b5a07e931e013dbb0dc67f066b427c06bb7c72e4e16e9472c7c3e2efe7b5832
u03-s012-lecture-r1,lecture,practiceLinks.mcQuestionIds[7],13,13,258ae03f84d5a737f230cb9bf33e78e467906785fbcbe5f7f2eff0bd92acdeb4
u03-s012-lecture-r1,lecture,practiceLinks.mcQuestionIds[8],13,13,ea261366f1780ecc678b8a5b0d0e10218ce697ea2d30e018b7cb4f49efc86f5b
u03-s012-lecture-r1,lecture,practiceLinks.mcQuestionIds[9],13,13,34d7eadb3cf245bf3386bb9bf2eda5fd8d59e452682b63b716d8511c871ff301
u03-s012-lecture-r1,lecture,practiceLinks.mcQuestionIds[10],13,13,9b8f35c6a730d01769efe03f2fdf9e503ae8fcf4a9aecad3ac4a1ec41ed20416
u03-s012-lecture-r1,lecture,practiceLinks.mcQuestionIds[11],13,13,56adf762775a2a1ac1f7800b9eceab67c41343cb31b9e58af1020ab37009dbd9
u03-s012-lecture-r1,lecture,practiceLinks.constructedResponseIds[0],14,14,85e2b034066ff12ed32bf289472d4df2fbc655628054a9b002a081699ddf1099
u03-s012-lecture-r1,lecture,practiceLinks.constructedResponseIds[1],14,14,e3d9035f0cc3d97b1d8139f6a21d8d423ba1be4a6eff8a1df4eac1ec664f05eb
u03-s012-lecture-r1,lecture,lectureReview.mathematicalCorrectness,4,4,d74ff0ee8da3b9806b18c877dbf29bbde50b5bd8e4dad7a3a725000feb82e8f1
u03-s012-lecture-r1,lecture,lectureReview.zeroFoundationReadability,4,4,d74ff0ee8da3b9806b18c877dbf29bbde50b5bd8e4dad7a3a725000feb82e8f1
u03-s012-lecture-r1,lecture,lectureReview.scopeCheck,21,21,fdf8268f0373301b2fcc6331f1d8999b8aabea69681e8bc972ab9a21216a7606
u03-s012-lecture-r1,lecture,lectureReview.reviewNote,53,121,7f19e0274ac1e3cf299c533a271733f14f19e4dff46bc9544466831190232c0a
u03-s012-lecture-r1,lecture,lectureReview.reviewVersion,25,25,413c3743bf06637b23333702bf9263e0db21fd6b3c3879070d877faca58db442
u03-s012-lecture-r1,lecture,lectureReview.reviewedAt,10,10,14158d45727526145ef514139eeb669eb54d613dbcffe524f099dbb71c9d8b08
u03-s012-lecture-r1,lecture,contentSha256,64,64,f341c1de08877645421ba84659a9f690c4044263f405c5a78909d2a506b6446f
u03-s012-lecture-r1,lecture,contentAuthority,25,25,ed40f75ffe3d6ad4e71f6e7919d063410490de360edb425965eccd605ca9d79e
u03-s012-lecture-r1,lecture,legacyContentDisposition,40,40,bb8421a43fb9d90c642b60311f091a34addbe10678daf757010d688c8c2a21b3
u03-s012-v001,question,questionId,13,13,d2ce45771cf1e4561a789d4ce4f3c8c711e086056bec298e6a7fea2c17b5e0f9
u03-s012-v001,question,unitId,3,3,97ce842ec69dee17c1842918e63b9d4042fa4b35007146dcfb80a09c5000888a
u03-s012-v001,question,topicId,24,24,326b17ae4f5196ef40b28e1a1c7a830421ca958af02230db5604747dc8ba7ef2
u03-s012-v001,question,skillId,36,36,ab55f46b30f80baee275a7157304db8c22ba597d44a562fd57010de35f811ea2
u03-s012-v001,question,difficulty,5,5,fbb7b5bf4ca348eeeebf8cc3660712859a5a1fbf18e83217a57ce203fb51d5c2
u03-s012-v001,question,type,2,2,6bc0f9c4ecb0acbebf1b9f6c816bdd66f4885f67c917d9e141cf893014fba936
u03-s012-v001,question,visualMode,9,9,9c7d54b0bf7a9369d8594201c7b11955514343809d09fbec33966c1fd9794015
u03-s012-v001,question,sourceScope,19,19,a4b669ddb8ef1883391c07a7b633f12eeaeecee7ec37c09eea4931aff6644346
u03-s012-v001,question,text,20,54,dcd74048691e3a8f8ff11ca7e4a655c0368ca78a38c8caddfb87d3279d14c6a3
u03-s012-v001,question,choices[0],8,12,9177eee8534c9b66bd1f2f3d2048559f48ba1823a49db3f73b376fcc080f2007
u03-s012-v001,question,choices[1],8,12,cdbd2235f51f118c89e949a8a488c37452781ba8dde2b27233779b9c20e1d535
u03-s012-v001,question,choices[2],8,12,bfb60deea71f292681d736dc023f69da05397ea6a938aacdf62e32b60acfc8ea
u03-s012-v001,question,choices[3],7,11,1c3d2e84f8b63b690690e3edd96b6fbd8364ce660ecb9bd942c5b77016ab94a8
u03-s012-v001,question,explanation,49,95,757028e5cca7743964e217b13823de7486e92697007d06f5596ab4084fbfaed2
u03-s012-v001,question,steps[0],12,22,e80a297e3aa0b0042ca5f4125ff1995bac988276d9e447ba2f282a2c75d2ccfa
u03-s012-v001,question,steps[1],8,10,7e39e55d6e5de34d0a559337af308dd0af79c3530dec63a61904a3a939a6b960
u03-s012-v001,question,steps[2],10,18,a0b8f4a77e91702b54a0c9a3dac551383f6161d470f5e283e8a6f284312728ba
u03-s012-v001,question,optionAnalysis[0].choice,8,12,9177eee8534c9b66bd1f2f3d2048559f48ba1823a49db3f73b376fcc080f2007
u03-s012-v001,question,optionAnalysis[0].reason,47,83,70cc16575dece6479e4973ccc7968f7137f55d8fd14db17c63b8d0c40cb71299
u03-s012-v001,question,optionAnalysis[1].choice,8,12,cdbd2235f51f118c89e949a8a488c37452781ba8dde2b27233779b9c20e1d535
u03-s012-v001,question,optionAnalysis[1].reason,8,20,2dc7175c22ec7ded029ae30ead416715ea72ff4178378cf02daec5f72625d127
u03-s012-v001,question,optionAnalysis[2].choice,8,12,bfb60deea71f292681d736dc023f69da05397ea6a938aacdf62e32b60acfc8ea
u03-s012-v001,question,optionAnalysis[2].reason,6,14,7ba18ab081d084d8757eaf91ed7c129607afc2430a86aec7c7c63d2867452443
u03-s012-v001,question,optionAnalysis[3].choice,7,11,1c3d2e84f8b63b690690e3edd96b6fbd8364ce660ecb9bd942c5b77016ab94a8
u03-s012-v001,question,optionAnalysis[3].reason,7,21,a6f362dcddd8c70426b666d3cef846cb69a3167d5597f8ddda7c865c7f37b5fb
u03-s012-v001,question,commonMistake,9,25,1f4b6a9e0baced1678597f744e8faf6cca8089672a93c586d87b281e239daab1
u03-s012-v001,question,concept,10,28,d35b8ee1f3be78769988d3f252d77184bf3a7f5ddfa59fc92d7141f40387b77c
u03-s012-v001,question,tags[0],2,6,32f6541b44ed479dbf6cc8c7dd98824e49e03974d72ad8b65c33383a9cbb349f
u03-s012-v001,question,tags[1],6,18,7f3a6b2a55fcdb3e46301fcbfaca47b0ee147a8f187a64216826166cdea03f1c
u03-s012-v001,question,tags[2],5,5,fbb7b5bf4ca348eeeebf8cc3660712859a5a1fbf18e83217a57ce203fb51d5c2
u03-s012-v001,question,estimatedTimeSec,2,2,f369cb89fc627e668987007d121ed1eacdc01db9e28f8bb26f358b7d8c4f08ac
u03-s012-v001,question,prerequisiteSkillIds[0],36,36,7a897a995f942ac6267f8a7ce4278bfa1821dd752d590426155c54c8c4be230f
u03-s012-v001,question,authoringIntent,13,39,9ce71c77a1cd960ed15fcefd38d046452d63ee404e3cbe614e880672ccb89fa9
u03-s012-v001,question,reviewStatus,22,22,ec809598e2f7fcc69fad54c9cd045bba62b4a0dc7c0ff90d4efdc3788c9ad8fb
u03-s012-v001,question,contentSha256,64,64,f375647391f4c1d69590512e92383dc319465b454e44811ede491582c610e6d2
u03-s012-v001,question,contentAuthority,25,25,ed40f75ffe3d6ad4e71f6e7919d063410490de360edb425965eccd605ca9d79e
u03-s012-v001,question,legacyContentDisposition,39,39,2efcc87c0c9673d2efe77735ae75582eb178c880b07035d8695f010e324b7c71
u03-s012-v002,question,questionId,13,13,b71474c8817fa5357dc11266c2ca52b038c3a880148113241bf3f5e27dd6dfad
u03-s012-v002,question,unitId,3,3,97ce842ec69dee17c1842918e63b9d4042fa4b35007146dcfb80a09c5000888a
u03-s012-v002,question,topicId,24,24,326b17ae4f5196ef40b28e1a1c7a830421ca958af02230db5604747dc8ba7ef2
u03-s012-v002,question,skillId,36,36,ab55f46b30f80baee275a7157304db8c22ba597d44a562fd57010de35f811ea2
u03-s012-v002,question,difficulty,5,5,fbb7b5bf4ca348eeeebf8cc3660712859a5a1fbf18e83217a57ce203fb51d5c2
u03-s012-v002,question,type,2,2,6bc0f9c4ecb0acbebf1b9f6c816bdd66f4885f67c917d9e141cf893014fba936
u03-s012-v002,question,visualMode,9,9,9c7d54b0bf7a9369d8594201c7b11955514343809d09fbec33966c1fd9794015
u03-s012-v002,question,sourceScope,19,19,a4b669ddb8ef1883391c07a7b633f12eeaeecee7ec37c09eea4931aff6644346
u03-s012-v002,question,text,20,54,c5f6e1476b7ee91e3ac9b5a3de68c10719f7860c6c6709b04113fa2095dc9b52
u03-s012-v002,question,choices[0],2,2,9400f1b21cb527d7fa3d3eabba93557a18ebe7a2ca4e471cfe5e4c5b4ca7f767
u03-s012-v002,question,choices[1],2,2,f5ca38f748a1d6eaf726b8a42fb575c3c71f1864a8143301782de13da2d9202b
u03-s012-v002,question,choices[2],2,2,6f4b6612125fb3a0daecd2799dfd6c9c299424fd920f9b308110a2c1fbd8f443
u03-s012-v002,question,choices[3],2,2,d59eced1ded07f84c145592f65bdf854358e009c5cd705f5215bf18697fed103
u03-s012-v002,question,explanation,30,54,58e55c48770340868755b88263cd3ba5c81c59ad149af1165d6cb76b4c1fec02
u03-s012-v002,question,steps[0],8,10,7169881f3e5084ee18ac02287949c0667d4230674babc368dc2530f735015e2f
u03-s012-v002,question,steps[1],5,5,224f4b210fd1b5a9fed673846041b677dbb462b8047feca8049a2e1e254bcde1
u03-s012-v002,question,steps[2],4,4,9ae6588f997e74d71a2c663dbc98c205e63917513cb3057014804aaa37fda15b
u03-s012-v002,question,optionAnalysis[0].choice,2,2,9400f1b21cb527d7fa3d3eabba93557a18ebe7a2ca4e471cfe5e4c5b4ca7f767
u03-s012-v002,question,optionAnalysis[0].reason,9,11,c557f8bdfbf70e097629ca8125217cb747265cdf75f5e0d3554bb87bbe850fe2
u03-s012-v002,question,optionAnalysis[1].choice,2,2,f5ca38f748a1d6eaf726b8a42fb575c3c71f1864a8143301782de13da2d9202b
u03-s012-v002,question,optionAnalysis[1].reason,40,74,e11037cc9a8cc1fa5dd6332a1fa75dae6620404f162777098076f9603048f220
u03-s012-v002,question,optionAnalysis[2].choice,2,2,6f4b6612125fb3a0daecd2799dfd6c9c299424fd920f9b308110a2c1fbd8f443
u03-s012-v002,question,optionAnalysis[2].reason,12,28,e1894ba477d38b157e5f089122a2e9c005f66d3133b22781dedf1c3a27579346
u03-s012-v002,question,optionAnalysis[3].choice,2,2,d59eced1ded07f84c145592f65bdf854358e009c5cd705f5215bf18697fed103
u03-s012-v002,question,optionAnalysis[3].reason,12,32,f35c8ee8aaec91d7a3edc84a0728fe02f09bf35c6f06da2948df48b8613d67ac
u03-s012-v002,question,commonMistake,14,40,e2bd91b8a2f81e50bfc900fe1dee528f9259604e1342c95ac901c1cd164873e3
u03-s012-v002,question,concept,8,18,bf39cc4155915d2783433698a59e086f57649dedab9e7d436e5749d718df7176
u03-s012-v002,question,tags[0],2,6,32f6541b44ed479dbf6cc8c7dd98824e49e03974d72ad8b65c33383a9cbb349f
u03-s012-v002,question,tags[1],6,18,7f3a6b2a55fcdb3e46301fcbfaca47b0ee147a8f187a64216826166cdea03f1c
u03-s012-v002,question,tags[2],5,5,fbb7b5bf4ca348eeeebf8cc3660712859a5a1fbf18e83217a57ce203fb51d5c2
u03-s012-v002,question,estimatedTimeSec,2,2,f369cb89fc627e668987007d121ed1eacdc01db9e28f8bb26f358b7d8c4f08ac
u03-s012-v002,question,prerequisiteSkillIds[0],36,36,7a897a995f942ac6267f8a7ce4278bfa1821dd752d590426155c54c8c4be230f
u03-s012-v002,question,authoringIntent,10,30,c13c6a90229c07334cb7120f791b10107d90a9974c85c2ae3b2b5ef5de62f000
u03-s012-v002,question,reviewStatus,22,22,ec809598e2f7fcc69fad54c9cd045bba62b4a0dc7c0ff90d4efdc3788c9ad8fb
u03-s012-v002,question,contentSha256,64,64,6e83af615f8544537d38298766e933f881ce0bbb1c591a0bbf367630151954d6
u03-s012-v002,question,contentAuthority,25,25,ed40f75ffe3d6ad4e71f6e7919d063410490de360edb425965eccd605ca9d79e
u03-s012-v002,question,legacyContentDisposition,39,39,2efcc87c0c9673d2efe77735ae75582eb178c880b07035d8695f010e324b7c71
u03-s012-v003,question,questionId,13,13,85bffbec611f38fcfc4ead303ebead2fcf4153923f5172704a618bf8dd825303
u03-s012-v003,question,unitId,3,3,97ce842ec69dee17c1842918e63b9d4042fa4b35007146dcfb80a09c5000888a
u03-s012-v003,question,topicId,24,24,326b17ae4f5196ef40b28e1a1c7a830421ca958af02230db5604747dc8ba7ef2
u03-s012-v003,question,skillId,36,36,ab55f46b30f80baee275a7157304db8c22ba597d44a562fd57010de35f811ea2
u03-s012-v003,question,difficulty,5,5,fbb7b5bf4ca348eeeebf8cc3660712859a5a1fbf18e83217a57ce203fb51d5c2
u03-s012-v003,question,type,2,2,6bc0f9c4ecb0acbebf1b9f6c816bdd66f4885f67c917d9e141cf893014fba936
u03-s012-v003,question,visualMode,9,9,9c7d54b0bf7a9369d8594201c7b11955514343809d09fbec33966c1fd9794015
u03-s012-v003,question,sourceScope,19,19,a4b669ddb8ef1883391c07a7b633f12eeaeecee7ec37c09eea4931aff6644346
u03-s012-v003,question,text,20,54,6237fb8e798575cfd697c31fce89ccf28ecfeb53170c2dc0de13799559a2d009
u03-s012-v003,question,choices[0],8,12,11dba12932cb1b2f718c53043a559296e3cc9981bc4b998972943236ec7d55a5
u03-s012-v003,question,choices[1],8,12,e0292bc28df5ba653b833f114e3308ec822c85df94ce838faffbfa61142fd562
u03-s012-v003,question,choices[2],8,12,af513b273e557c33f38c33b8b5f9e7bc2db56224368223f53bf8340eea4ab2a9
u03-s012-v003,question,choices[3],8,12,ec10d5540808156f8e6aa9a91e32602d985c94b9331adbebd2bb34a28b9ae4b3
u03-s012-v003,question,explanation,42,86,355b55a4ccb0b6b6e8e3ec3f5557b82712751a3f016a61705b5848b36a090037
u03-s012-v003,question,steps[0],5,13,347b4204db6777212e1868b558f65084d9066e07dbc8883c61ad5e12ec5a743c
u03-s012-v003,question,steps[1],8,10,d0612c35d1eb717eca9d001038085ae8d7f0a19ffc3c20f0f84940d85c7a4e16
u03-s012-v003,question,steps[2],10,18,2edcd194677b587259b80deca0fb8d2546a8e31999e3a59dc29867a8dd25d776
u03-s012-v003,question,optionAnalysis[0].choice,8,12,11dba12932cb1b2f718c53043a559296e3cc9981bc4b998972943236ec7d55a5
u03-s012-v003,question,optionAnalysis[0].reason,5,11,fffe9f682c970f6708a67a75ff91b59cfa95847bdc59fd5a0d731790ef36da6a
u03-s012-v003,question,optionAnalysis[1].choice,8,12,e0292bc28df5ba653b833f114e3308ec822c85df94ce838faffbfa61142fd562
u03-s012-v003,question,optionAnalysis[1].reason,7,21,d74675b2207d6685a060c0f8270219182c177c28cdba819b53990f830ea9cee9
u03-s012-v003,question,optionAnalysis[2].choice,8,12,af513b273e557c33f38c33b8b5f9e7bc2db56224368223f53bf8340eea4ab2a9
u03-s012-v003,question,optionAnalysis[2].reason,43,91,77e7a0c1170894a0a24dc6f4aa6b5eca331769ba5c274e6cf9ecead736343bc9
u03-s012-v003,question,optionAnalysis[3].choice,8,12,ec10d5540808156f8e6aa9a91e32602d985c94b9331adbebd2bb34a28b9ae4b3
u03-s012-v003,question,optionAnalysis[3].reason,5,11,20674db83dc4501757a602553bdc74e719cd353f6a793e10e9366fc2dbf255d8
u03-s012-v003,question,commonMistake,17,37,6d2232314bd46b4c2a10c4369e14a232ed14dd6ba6ea99f585cbc102b0c4dae9
u03-s012-v003,question,concept,10,28,14b99f4bfcb39387688965a43974a65d362e5366399cfbbed173a10eb2b48d28
u03-s012-v003,question,tags[0],2,6,32f6541b44ed479dbf6cc8c7dd98824e49e03974d72ad8b65c33383a9cbb349f
u03-s012-v003,question,tags[1],6,18,7f3a6b2a55fcdb3e46301fcbfaca47b0ee147a8f187a64216826166cdea03f1c
u03-s012-v003,question,tags[2],5,5,fbb7b5bf4ca348eeeebf8cc3660712859a5a1fbf18e83217a57ce203fb51d5c2
u03-s012-v003,question,estimatedTimeSec,2,2,f369cb89fc627e668987007d121ed1eacdc01db9e28f8bb26f358b7d8c4f08ac
u03-s012-v003,question,prerequisiteSkillIds[0],36,36,7a897a995f942ac6267f8a7ce4278bfa1821dd752d590426155c54c8c4be230f
u03-s012-v003,question,authoringIntent,10,28,116cf80401454bd18f8eb784833b2b6d7c3b5482816f460b231fa99583d01528
u03-s012-v003,question,reviewStatus,22,22,ec809598e2f7fcc69fad54c9cd045bba62b4a0dc7c0ff90d4efdc3788c9ad8fb
u03-s012-v003,question,contentSha256,64,64,e8facd59bbafd8674cfeb6d331b4918fd85bcf9c7ecc3308fb735fb2f1cd3e59
u03-s012-v003,question,contentAuthority,25,25,ed40f75ffe3d6ad4e71f6e7919d063410490de360edb425965eccd605ca9d79e
u03-s012-v003,question,legacyContentDisposition,39,39,2efcc87c0c9673d2efe77735ae75582eb178c880b07035d8695f010e324b7c71
u03-s012-v004,question,questionId,13,13,23027c4dd78c7e49e6bb8d277533e32be7935af06c38f46487d447aa993bc233
u03-s012-v004,question,unitId,3,3,97ce842ec69dee17c1842918e63b9d4042fa4b35007146dcfb80a09c5000888a
u03-s012-v004,question,topicId,24,24,326b17ae4f5196ef40b28e1a1c7a830421ca958af02230db5604747dc8ba7ef2
u03-s012-v004,question,skillId,36,36,ab55f46b30f80baee275a7157304db8c22ba597d44a562fd57010de35f811ea2
u03-s012-v004,question,difficulty,8,8,fe6d3468cf5c74d8ec2a95b40f2e05338c37a4202f8fad692d2b64a9cf9b468a
u03-s012-v004,question,type,2,2,6bc0f9c4ecb0acbebf1b9f6c816bdd66f4885f67c917d9e141cf893014fba936
u03-s012-v004,question,visualMode,9,9,9c7d54b0bf7a9369d8594201c7b11955514343809d09fbec33966c1fd9794015
u03-s012-v004,question,sourceScope,19,19,a4b669ddb8ef1883391c07a7b633f12eeaeecee7ec37c09eea4931aff6644346
u03-s012-v004,question,text,19,51,1e476c473239d6ef2c5b257d742ec35db4c8dc526b3f61b23878b12887283be7
u03-s012-v004,question,choices[0],2,2,4a44dc15364204a80fe80e9039455cc1608281820fe2b24f1e5233ade6af1dd5
u03-s012-v004,question,choices[1],2,2,3fdba35f04dc8c462986c992bcf875546257113072a909c162f7e470e581e278
u03-s012-v004,question,choices[2],2,2,e629fa6598d732768f7c726b4b621285f9c3b85303900aa912017db7617d8bdb
u03-s012-v004,question,choices[3],2,2,6b51d431df5d7f141cbececcf79edf3dd861c3b4069f0b11661a3eefacbba918
u03-s012-v004,question,explanation,35,75,4acfd19c443930d48b576eeaff8b0889f860be7503e45c842da05bd90b3b6d85
u03-s012-v004,question,steps[0],8,16,bf95605f0ed27bc6a69a313e38cb52a51c27fb42aeb744cde55ea2acf947b6af
u03-s012-v004,question,steps[1],10,16,371bc52c1d465eba015338513c7618a2b2b3e0ce7debd7dc45c124cf6ae3d683
u03-s012-v004,question,steps[2],4,8,b4adcc0ac603f211747ff738489662fdeb319c3b8dce04dec8c137f747c756a0
u03-s012-v004,question,optionAnalysis[0].choice,2,2,4a44dc15364204a80fe80e9039455cc1608281820fe2b24f1e5233ade6af1dd5
u03-s012-v004,question,optionAnalysis[0].reason,9,15,2f14e3ca50985d0e747a37dfc80d65385e1d4705ddd156b4f0a98f3ac4ef32cd
u03-s012-v004,question,optionAnalysis[1].choice,2,2,3fdba35f04dc8c462986c992bcf875546257113072a909c162f7e470e581e278
u03-s012-v004,question,optionAnalysis[1].reason,8,20,de9752fb0b800330cbe52cff3c995fcf3ead35148148b0dccbf013428e2dae5d
u03-s012-v004,question,optionAnalysis[2].choice,2,2,e629fa6598d732768f7c726b4b621285f9c3b85303900aa912017db7617d8bdb
u03-s012-v004,question,optionAnalysis[2].reason,7,17,b577e78abe153a2f67f2cdaaeabd32ed9db57bf956e192e309b4df3e3b6b873b
u03-s012-v004,question,optionAnalysis[3].choice,2,2,6b51d431df5d7f141cbececcf79edf3dd861c3b4069f0b11661a3eefacbba918
u03-s012-v004,question,optionAnalysis[3].reason,38,78,4d9fb7b54dbe5011310bd649db6da4e6c14c4e06b65a80c7acb375d616da9662
u03-s012-v004,question,commonMistake,8,24,b91dd35a9672d5e1c0be6543ddef53b99b4bd21e03b56948e5982f43bca3bf36
u03-s012-v004,question,concept,15,41,08a2cd3f158460d7f3d80d4beba3a47e76b0a502a9fe7fc47434af41f102e03f
u03-s012-v004,question,tags[0],2,6,32f6541b44ed479dbf6cc8c7dd98824e49e03974d72ad8b65c33383a9cbb349f
u03-s012-v004,question,tags[1],6,18,7f3a6b2a55fcdb3e46301fcbfaca47b0ee147a8f187a64216826166cdea03f1c
u03-s012-v004,question,tags[2],8,8,fe6d3468cf5c74d8ec2a95b40f2e05338c37a4202f8fad692d2b64a9cf9b468a
u03-s012-v004,question,estimatedTimeSec,2,2,f369cb89fc627e668987007d121ed1eacdc01db9e28f8bb26f358b7d8c4f08ac
u03-s012-v004,question,prerequisiteSkillIds[0],36,36,7a897a995f942ac6267f8a7ce4278bfa1821dd752d590426155c54c8c4be230f
u03-s012-v004,question,authoringIntent,14,42,cb45a792cbd146162a052376290af79a7940f46a8cf2e46225b402f834c57455
u03-s012-v004,question,reviewStatus,22,22,ec809598e2f7fcc69fad54c9cd045bba62b4a0dc7c0ff90d4efdc3788c9ad8fb
u03-s012-v004,question,contentSha256,64,64,3a6aded4aba798930cbf674a9062f2cc86aae4ba9dabaf030fc06c3b254946df
u03-s012-v004,question,contentAuthority,25,25,ed40f75ffe3d6ad4e71f6e7919d063410490de360edb425965eccd605ca9d79e
u03-s012-v004,question,legacyContentDisposition,39,39,2efcc87c0c9673d2efe77735ae75582eb178c880b07035d8695f010e324b7c71
u03-s012-v005,question,questionId,13,13,fd9c7f0bc3ae27c45c7f30c4d2c23f9e524e9220073831c06ba15709ac6603dc
u03-s012-v005,question,unitId,3,3,97ce842ec69dee17c1842918e63b9d4042fa4b35007146dcfb80a09c5000888a
u03-s012-v005,question,topicId,24,24,326b17ae4f5196ef40b28e1a1c7a830421ca958af02230db5604747dc8ba7ef2
u03-s012-v005,question,skillId,36,36,ab55f46b30f80baee275a7157304db8c22ba597d44a562fd57010de35f811ea2
u03-s012-v005,question,difficulty,8,8,fe6d3468cf5c74d8ec2a95b40f2e05338c37a4202f8fad692d2b64a9cf9b468a
u03-s012-v005,question,type,2,2,6bc0f9c4ecb0acbebf1b9f6c816bdd66f4885f67c917d9e141cf893014fba936
u03-s012-v005,question,visualMode,9,9,9c7d54b0bf7a9369d8594201c7b11955514343809d09fbec33966c1fd9794015
u03-s012-v005,question,sourceScope,19,19,a4b669ddb8ef1883391c07a7b633f12eeaeecee7ec37c09eea4931aff6644346
u03-s012-v005,question,text,20,54,72fffb9e44c51b9917306509037a29748e6975c686fbfc381f167347894a578a
u03-s012-v005,question,choices[0],2,2,9f14025af0065b30e47e23ebb3b491d39ae8ed17d33739e5ff3827ffb3634953
u03-s012-v005,question,choices[1],2,2,76a50887d8f1c2e9301755428990ad81479ee21c25b43215cf524541e0503269
u03-s012-v005,question,choices[2],2,2,7a61b53701befdae0eeeffaecc73f14e20b537bb0f8b91ad7c2936dc63562b25
u03-s012-v005,question,choices[3],2,2,aea92132c4cbeb263e6ac2bf6c183b5d81737f179f21efdc5863739672f0f470
u03-s012-v005,question,explanation,30,66,bc1012f579c477c3ba03349d104d15b3c891112b94955965074478bf622151b8
u03-s012-v005,question,steps[0],5,13,c6ec6f1814c3a52d1186cebad85b3d55ea5ceee1ee288ef3df343eb46c20e85d
u03-s012-v005,question,steps[1],8,10,e3d229c4df5df5246f2040dc414f7b051a3db2b8e488f34cd505c8cc50197866
u03-s012-v005,question,steps[2],4,8,c00f01baecfd3cbcf2d3643e93531bf2b2759870e09f8dc8aa3654ce1ecf0ce7
u03-s012-v005,question,optionAnalysis[0].choice,2,2,9f14025af0065b30e47e23ebb3b491d39ae8ed17d33739e5ff3827ffb3634953
u03-s012-v005,question,optionAnalysis[0].reason,7,17,5c6c1203f8a92dc2ff4ad336413cb1a0b90e7604eb4f68f601087dbae2bc01c5
u03-s012-v005,question,optionAnalysis[1].choice,2,2,76a50887d8f1c2e9301755428990ad81479ee21c25b43215cf524541e0503269
u03-s012-v005,question,optionAnalysis[1].reason,44,90,4206542dab627eac239df2ddfbf16c513cff0e6c3947e112218ab4f4cc617bff
u03-s012-v005,question,optionAnalysis[2].choice,2,2,7a61b53701befdae0eeeffaecc73f14e20b537bb0f8b91ad7c2936dc63562b25
u03-s012-v005,question,optionAnalysis[2].reason,7,17,398d21ed99346df07c89f3d347f778b2f384d832ced5f88fd58503e6b9d80969
u03-s012-v005,question,optionAnalysis[3].choice,2,2,aea92132c4cbeb263e6ac2bf6c183b5d81737f179f21efdc5863739672f0f470
u03-s012-v005,question,optionAnalysis[3].reason,7,17,08fad7e1160cf837165514c00196089cb4e42bc9b511483bb67b80dcfd388afc
u03-s012-v005,question,commonMistake,11,25,38ab30041b392210ac070c454ccaee272b1937b6ca73095b3308033c05fda043
u03-s012-v005,question,concept,12,36,40fb7d8b02107d44534de751c04d74ae31d960dc1c928732001cab27c9de9f3c
u03-s012-v005,question,tags[0],2,6,32f6541b44ed479dbf6cc8c7dd98824e49e03974d72ad8b65c33383a9cbb349f
u03-s012-v005,question,tags[1],6,18,7f3a6b2a55fcdb3e46301fcbfaca47b0ee147a8f187a64216826166cdea03f1c
u03-s012-v005,question,tags[2],8,8,fe6d3468cf5c74d8ec2a95b40f2e05338c37a4202f8fad692d2b64a9cf9b468a
u03-s012-v005,question,estimatedTimeSec,2,2,f369cb89fc627e668987007d121ed1eacdc01db9e28f8bb26f358b7d8c4f08ac
u03-s012-v005,question,prerequisiteSkillIds[0],36,36,7a897a995f942ac6267f8a7ce4278bfa1821dd752d590426155c54c8c4be230f
u03-s012-v005,question,authoringIntent,10,28,1af1df2054c3cbf6a8baaec185af9dd85a6a0f00df44e556428079225edf491a
u03-s012-v005,question,reviewStatus,22,22,ec809598e2f7fcc69fad54c9cd045bba62b4a0dc7c0ff90d4efdc3788c9ad8fb
u03-s012-v005,question,contentSha256,64,64,76769cd389f219fbcf4325fa489e3b93c544ad5edae6064fcfdce9ba7dacdbfc
u03-s012-v005,question,contentAuthority,25,25,ed40f75ffe3d6ad4e71f6e7919d063410490de360edb425965eccd605ca9d79e
u03-s012-v005,question,legacyContentDisposition,39,39,2efcc87c0c9673d2efe77735ae75582eb178c880b07035d8695f010e324b7c71
u03-s012-v006,question,questionId,13,13,5236bdc5162e57e80ab59b27750f1307a754986d6f1e259d4be6f8f729bdf8f0
u03-s012-v006,question,unitId,3,3,97ce842ec69dee17c1842918e63b9d4042fa4b35007146dcfb80a09c5000888a
u03-s012-v006,question,topicId,24,24,326b17ae4f5196ef40b28e1a1c7a830421ca958af02230db5604747dc8ba7ef2
u03-s012-v006,question,skillId,36,36,ab55f46b30f80baee275a7157304db8c22ba597d44a562fd57010de35f811ea2
u03-s012-v006,question,difficulty,8,8,fe6d3468cf5c74d8ec2a95b40f2e05338c37a4202f8fad692d2b64a9cf9b468a
u03-s012-v006,question,type,2,2,6bc0f9c4ecb0acbebf1b9f6c816bdd66f4885f67c917d9e141cf893014fba936
u03-s012-v006,question,visualMode,9,9,9c7d54b0bf7a9369d8594201c7b11955514343809d09fbec33966c1fd9794015
u03-s012-v006,question,sourceScope,19,19,a4b669ddb8ef1883391c07a7b633f12eeaeecee7ec37c09eea4931aff6644346
u03-s012-v006,question,text,32,86,9af4993b42cd54aeb770672c9b367b4ebf89d88c18bdabcbaae33ff8abd8c235
u03-s012-v006,question,choices[0],1,1,2c624232cdd221771294dfbb310aca000a0df6ac8b66b696d90ef06fdefb64a3
u03-s012-v006,question,choices[1],2,2,6b51d431df5d7f141cbececcf79edf3dd861c3b4069f0b11661a3eefacbba918
u03-s012-v006,question,choices[2],2,2,4a44dc15364204a80fe80e9039455cc1608281820fe2b24f1e5233ade6af1dd5
u03-s012-v006,question,choices[3],2,2,8527a891e224136950ff32ca212b45bc93f69fbb801c3b1ebedac52775f99e61
u03-s012-v006,question,explanation,38,80,990e66ba296865167966c77d7d144996432c3eaffee1cfb42d707e9a5bc2ab80
u03-s012-v006,question,steps[0],10,24,5c7bdc1885a27332f24aca63ebdbbf5900e148183780b888638ac7f17968d77e
u03-s012-v006,question,steps[1],9,11,91a1662cfeb2435751a681fc7f0c5f88307f7ded1257ce37f866be463e9fa041
u03-s012-v006,question,steps[2],6,10,f7ac718f403296f705880b08a6c8788e3462142b0c3e35fb9d4ea856d3724b9d
u03-s012-v006,question,optionAnalysis[0].choice,1,1,2c624232cdd221771294dfbb310aca000a0df6ac8b66b696d90ef06fdefb64a3
u03-s012-v006,question,optionAnalysis[0].reason,11,29,450fe469eda4c7bdbef955b63c4362fd51141ad6c8f38676797b13336fc37a03
u03-s012-v006,question,optionAnalysis[1].choice,2,2,6b51d431df5d7f141cbececcf79edf3dd861c3b4069f0b11661a3eefacbba918
u03-s012-v006,question,optionAnalysis[1].reason,7,17,306aad4d6ab9d3d1f51693440c9c623d5aa2e4b40bb2375864728854da9007b7
u03-s012-v006,question,optionAnalysis[2].choice,2,2,4a44dc15364204a80fe80e9039455cc1608281820fe2b24f1e5233ade6af1dd5
u03-s012-v006,question,optionAnalysis[2].reason,42,86,0777e884fb8a77f16f5b111c48c4d8afcc09aadf9ead361efd93c0172b9be3cc
u03-s012-v006,question,optionAnalysis[3].choice,2,2,8527a891e224136950ff32ca212b45bc93f69fbb801c3b1ebedac52775f99e61
u03-s012-v006,question,optionAnalysis[3].reason,8,20,26844faf84f98e410c054b54aef981d94d748db1e91fbc471690b8b328122206
u03-s012-v006,question,commonMistake,9,25,b392f9c7f4e710cc57d882ac47af78c65f1bc36cb25069928470aadaf35bfc4f
u03-s012-v006,question,concept,9,25,4e2ff5deed52cbafdfc740d66a4c36084261d5c222959808d68cdf481e62f5df
u03-s012-v006,question,tags[0],2,6,32f6541b44ed479dbf6cc8c7dd98824e49e03974d72ad8b65c33383a9cbb349f
u03-s012-v006,question,tags[1],6,18,7f3a6b2a55fcdb3e46301fcbfaca47b0ee147a8f187a64216826166cdea03f1c
u03-s012-v006,question,tags[2],8,8,fe6d3468cf5c74d8ec2a95b40f2e05338c37a4202f8fad692d2b64a9cf9b468a
u03-s012-v006,question,estimatedTimeSec,2,2,f369cb89fc627e668987007d121ed1eacdc01db9e28f8bb26f358b7d8c4f08ac
u03-s012-v006,question,prerequisiteSkillIds[0],36,36,7a897a995f942ac6267f8a7ce4278bfa1821dd752d590426155c54c8c4be230f
u03-s012-v006,question,authoringIntent,13,39,4a82f0bd20e9209f979935a6b6496983ee535a5fcd9334f8adcc563a67023791
u03-s012-v006,question,reviewStatus,22,22,ec809598e2f7fcc69fad54c9cd045bba62b4a0dc7c0ff90d4efdc3788c9ad8fb
u03-s012-v006,question,contentSha256,64,64,2a1184b622d681e23566c6720c391f9ed655c3f0330f6931a256e3e253782dbe
u03-s012-v006,question,contentAuthority,25,25,ed40f75ffe3d6ad4e71f6e7919d063410490de360edb425965eccd605ca9d79e
u03-s012-v006,question,legacyContentDisposition,39,39,2efcc87c0c9673d2efe77735ae75582eb178c880b07035d8695f010e324b7c71
u03-s012-v007,question,questionId,13,13,3b5a07e931e013dbb0dc67f066b427c06bb7c72e4e16e9472c7c3e2efe7b5832
u03-s012-v007,question,unitId,3,3,97ce842ec69dee17c1842918e63b9d4042fa4b35007146dcfb80a09c5000888a
u03-s012-v007,question,topicId,24,24,326b17ae4f5196ef40b28e1a1c7a830421ca958af02230db5604747dc8ba7ef2
u03-s012-v007,question,skillId,36,36,ab55f46b30f80baee275a7157304db8c22ba597d44a562fd57010de35f811ea2
u03-s012-v007,question,difficulty,8,8,d21f85ea38166303ce58e06134b5cc4a5c900c409ab2a500ff7c9225109a09bb
u03-s012-v007,question,type,2,2,6bc0f9c4ecb0acbebf1b9f6c816bdd66f4885f67c917d9e141cf893014fba936
u03-s012-v007,question,visualMode,9,9,9c7d54b0bf7a9369d8594201c7b11955514343809d09fbec33966c1fd9794015
u03-s012-v007,question,sourceScope,19,19,a4b669ddb8ef1883391c07a7b633f12eeaeecee7ec37c09eea4931aff6644346
u03-s012-v007,question,text,28,78,6bb3c693cc6071e2c61c8e8798b858fb215a431ae9c3e77e4cb074f7b257f3f6
u03-s012-v007,question,choices[0],2,2,535fa30d7e25dd8a49f1536779734ec8286108d115da5045d77f3b4185d8f790
u03-s012-v007,question,choices[1],2,2,b7a56873cd771f2c446d369b649430b65a756ba278ff97ec81bb6f55b2e73569
u03-s012-v007,question,choices[2],2,2,5f9c4ab08cac7457e9111a30e4664920607ea2c115a1433d7be98e97e64244ca
u03-s012-v007,question,choices[3],2,2,c2356069e9d1e79ca924378153cfbbfb4d4416b1f99d41a2940bfdb66c5319db
u03-s012-v007,question,explanation,33,77,9326f8be8b70052cfad390b21a5e66a8bc12df6df9203f96aa82ec62dda12844
u03-s012-v007,question,steps[0],8,24,964a178217ede1db49477b101f73ab1929e4f085d16c7bfb650e660ed1a2085d
u03-s012-v007,question,steps[1],8,10,b569594b1e884bfdc72a5d05d91861b8bffeb457db9b5add255dbfdd58c38ca4
u03-s012-v007,question,steps[2],4,8,798a763fde1ea450e03467ec774a52a72967b18f30b1d7f57d3be5c7b78e708d
u03-s012-v007,question,optionAnalysis[0].choice,2,2,535fa30d7e25dd8a49f1536779734ec8286108d115da5045d77f3b4185d8f790
u03-s012-v007,question,optionAnalysis[0].reason,9,11,88291c1ca67fa96a0d6baece6da5c8508416450d719ade98825181465c966c66
u03-s012-v007,question,optionAnalysis[1].choice,2,2,b7a56873cd771f2c446d369b649430b65a756ba278ff97ec81bb6f55b2e73569
u03-s012-v007,question,optionAnalysis[1].reason,7,17,3014b267a0c1d1a906b2cc267abb038a90505cc6bb5afde8b26cba89bf2f6b96
u03-s012-v007,question,optionAnalysis[2].choice,2,2,5f9c4ab08cac7457e9111a30e4664920607ea2c115a1433d7be98e97e64244ca
u03-s012-v007,question,optionAnalysis[2].reason,7,17,d3b19c4f3c6d5d5c820e942cfb541d69a43fd6ce7bb7bf4a399c7ee359432edb
u03-s012-v007,question,optionAnalysis[3].choice,2,2,c2356069e9d1e79ca924378153cfbbfb4d4416b1f99d41a2940bfdb66c5319db
u03-s012-v007,question,optionAnalysis[3].reason,42,82,0671ff37b7e88f00a444ff8afaeb14493ee7f863c78b9023f9cf666a2463f9d1
u03-s012-v007,question,commonMistake,10,30,3f4c30188d0e331884e431aa539dde81deb81bd0de9fafbff851e14e3f1d16aa
u03-s012-v007,question,concept,8,18,351db59555cf733947c334cdb93db0208cedbeae95a0f824157b42dc264e7a7f
u03-s012-v007,question,tags[0],2,6,32f6541b44ed479dbf6cc8c7dd98824e49e03974d72ad8b65c33383a9cbb349f
u03-s012-v007,question,tags[1],6,18,7f3a6b2a55fcdb3e46301fcbfaca47b0ee147a8f187a64216826166cdea03f1c
u03-s012-v007,question,tags[2],8,8,d21f85ea38166303ce58e06134b5cc4a5c900c409ab2a500ff7c9225109a09bb
u03-s012-v007,question,estimatedTimeSec,2,2,f369cb89fc627e668987007d121ed1eacdc01db9e28f8bb26f358b7d8c4f08ac
u03-s012-v007,question,prerequisiteSkillIds[0],36,36,7a897a995f942ac6267f8a7ce4278bfa1821dd752d590426155c54c8c4be230f
u03-s012-v007,question,authoringIntent,15,45,76c1789bbda027e95e04aeedcc506f8e98ca4f778b0117be4ede60776c619907
u03-s012-v007,question,reviewStatus,22,22,ec809598e2f7fcc69fad54c9cd045bba62b4a0dc7c0ff90d4efdc3788c9ad8fb
u03-s012-v007,question,contentSha256,64,64,737bd6c7228468481cc1cf62899d3183f3940ef632b2ebde5c2bf9c66647d33b
u03-s012-v007,question,contentAuthority,25,25,ed40f75ffe3d6ad4e71f6e7919d063410490de360edb425965eccd605ca9d79e
u03-s012-v007,question,legacyContentDisposition,39,39,2efcc87c0c9673d2efe77735ae75582eb178c880b07035d8695f010e324b7c71
u03-s012-v008,question,questionId,13,13,258ae03f84d5a737f230cb9bf33e78e467906785fbcbe5f7f2eff0bd92acdeb4
u03-s012-v008,question,unitId,3,3,97ce842ec69dee17c1842918e63b9d4042fa4b35007146dcfb80a09c5000888a
u03-s012-v008,question,topicId,24,24,326b17ae4f5196ef40b28e1a1c7a830421ca958af02230db5604747dc8ba7ef2
u03-s012-v008,question,skillId,36,36,ab55f46b30f80baee275a7157304db8c22ba597d44a562fd57010de35f811ea2
u03-s012-v008,question,difficulty,8,8,d21f85ea38166303ce58e06134b5cc4a5c900c409ab2a500ff7c9225109a09bb
u03-s012-v008,question,type,2,2,6bc0f9c4ecb0acbebf1b9f6c816bdd66f4885f67c917d9e141cf893014fba936
u03-s012-v008,question,visualMode,9,9,9c7d54b0bf7a9369d8594201c7b11955514343809d09fbec33966c1fd9794015
u03-s012-v008,question,sourceScope,19,19,a4b669ddb8ef1883391c07a7b633f12eeaeecee7ec37c09eea4931aff6644346
u03-s012-v008,question,text,21,61,d7b0cbbc0037c12907470002dcc417baa31ee0d8a37eb8b0165e09a5785d6f37
u03-s012-v008,question,choices[0],14,32,cc98c0974f734d5adac1d8498444df84bedc4c4c186f3187076ce35e74f41828
u03-s012-v008,question,choices[1],13,21,27d493345bf211eb7ebd12570e82747b0e0b876c7f88d6466d124b6ea6f05fc2
u03-s012-v008,question,choices[2],12,20,3de1caf3690ee7f1bf3df61861875934e9cadbf020699448ed414adb20a67d09
u03-s012-v008,question,choices[3],14,22,7aeb786018d9a6ca0195e7424c6392e2f6bfec51336b10fd5f64ef7b9588832c
u03-s012-v008,question,explanation,54,132,ba0e7d2038b2bd44d62de0577a7c6be03560ad82fe6cb20e2365dc21d47015ec
u03-s012-v008,question,steps[0],9,23,b9595fb2f142ef0867f0c184b9d97da3480bf5f474b56c94b05c33354655d6b9
u03-s012-v008,question,steps[1],10,22,96ac1b4dbea58bd715bbdb625fcbf4bb0c7184db353bf2fd43530d13b783f143
u03-s012-v008,question,steps[2],10,22,2744cef01995b905a3e654e23e51b030767b37e8348f006f2c67d70348ef9629
u03-s012-v008,question,optionAnalysis[0].choice,14,32,cc98c0974f734d5adac1d8498444df84bedc4c4c186f3187076ce35e74f41828
u03-s012-v008,question,optionAnalysis[0].reason,42,112,668f29aac758e2bbb50003e0f2fbcf46b3afc21848fd5d12488b84b853b281ce
u03-s012-v008,question,optionAnalysis[1].choice,13,21,27d493345bf211eb7ebd12570e82747b0e0b876c7f88d6466d124b6ea6f05fc2
u03-s012-v008,question,optionAnalysis[1].reason,7,19,423c6fc2dfc5fe498f3d74b2961aab822432a5445c36e4f3f250cc3d1da66385
u03-s012-v008,question,optionAnalysis[2].choice,12,20,3de1caf3690ee7f1bf3df61861875934e9cadbf020699448ed414adb20a67d09
u03-s012-v008,question,optionAnalysis[2].reason,6,14,0437e5e10daefb0529ad63ae312941cac46c32617910c7580b111a82185ed30b
u03-s012-v008,question,optionAnalysis[3].choice,14,22,7aeb786018d9a6ca0195e7424c6392e2f6bfec51336b10fd5f64ef7b9588832c
u03-s012-v008,question,optionAnalysis[3].reason,6,14,41a4e56595a8bfab4af6a64df9b145a945181a666110d49b7fac9c209ec20125
u03-s012-v008,question,commonMistake,9,27,f62f4c81eb61a090ea14d7b48589c8da7fe15fd34d23554f8079c3b32c78c926
u03-s012-v008,question,concept,12,36,710ca2e407ea11d4a08672e46b69a28ad433b60525e87916af745bf9d548f704
u03-s012-v008,question,tags[0],2,6,32f6541b44ed479dbf6cc8c7dd98824e49e03974d72ad8b65c33383a9cbb349f
u03-s012-v008,question,tags[1],6,18,7f3a6b2a55fcdb3e46301fcbfaca47b0ee147a8f187a64216826166cdea03f1c
u03-s012-v008,question,tags[2],8,8,d21f85ea38166303ce58e06134b5cc4a5c900c409ab2a500ff7c9225109a09bb
u03-s012-v008,question,estimatedTimeSec,2,2,f369cb89fc627e668987007d121ed1eacdc01db9e28f8bb26f358b7d8c4f08ac
u03-s012-v008,question,prerequisiteSkillIds[0],36,36,7a897a995f942ac6267f8a7ce4278bfa1821dd752d590426155c54c8c4be230f
u03-s012-v008,question,authoringIntent,13,39,574e2fa53dea0238d016810222a5a6de3a45c6500d86f6ca4dd2ba6aaa624998
u03-s012-v008,question,reviewStatus,22,22,ec809598e2f7fcc69fad54c9cd045bba62b4a0dc7c0ff90d4efdc3788c9ad8fb
u03-s012-v008,question,contentSha256,64,64,e67ea6cc50c3585c552f3a75f1cfbe8662bf9003a4d9f0238acd5d64624b50df
u03-s012-v008,question,contentAuthority,25,25,ed40f75ffe3d6ad4e71f6e7919d063410490de360edb425965eccd605ca9d79e
u03-s012-v008,question,legacyContentDisposition,39,39,2efcc87c0c9673d2efe77735ae75582eb178c880b07035d8695f010e324b7c71
u03-s012-v009,question,questionId,13,13,ea261366f1780ecc678b8a5b0d0e10218ce697ea2d30e018b7cb4f49efc86f5b
u03-s012-v009,question,unitId,3,3,97ce842ec69dee17c1842918e63b9d4042fa4b35007146dcfb80a09c5000888a
u03-s012-v009,question,topicId,24,24,326b17ae4f5196ef40b28e1a1c7a830421ca958af02230db5604747dc8ba7ef2
u03-s012-v009,question,skillId,36,36,ab55f46b30f80baee275a7157304db8c22ba597d44a562fd57010de35f811ea2
u03-s012-v009,question,difficulty,8,8,d21f85ea38166303ce58e06134b5cc4a5c900c409ab2a500ff7c9225109a09bb
u03-s012-v009,question,type,2,2,6bc0f9c4ecb0acbebf1b9f6c816bdd66f4885f67c917d9e141cf893014fba936
u03-s012-v009,question,visualMode,9,9,9c7d54b0bf7a9369d8594201c7b11955514343809d09fbec33966c1fd9794015
u03-s012-v009,question,sourceScope,19,19,a4b669ddb8ef1883391c07a7b633f12eeaeecee7ec37c09eea4931aff6644346
u03-s012-v009,question,text,25,67,02845fbdc6f73bcf068278e3baef7381e8e5e29e020c363bd331a1ff1b08c8b8
u03-s012-v009,question,choices[0],3,3,ad57366865126e55649ecb23ae1d48887544976efea46a48eb5d85a6eeb4d306
u03-s012-v009,question,choices[1],3,3,16dc368a89b428b2485484313ba67a3912ca03f2b2b42429174a4f8b3dc84e44
u03-s012-v009,question,choices[2],3,3,37834f2f25762f23e1f74a531cbe445db73d6765ebe60878a7dfbecd7d4af6e1
u03-s012-v009,question,choices[3],3,3,454f63ac30c8322997ef025edff6abd23e0dbe7b8a3d5126a894e4a168c1b59b
u03-s012-v009,question,explanation,38,91,85294be2cf14c4b880d4c163ebbaeea2f37d3c276d7b609fa203b348a63c043a
u03-s012-v009,question,steps[0],9,27,18751fe7dab25c8a765f607a4c67735196e7b317dcee81dbd2004e92c49879b2
u03-s012-v009,question,steps[1],6,18,a9520dceb268d0f705cb1c79717cd58898c19b30aab8630ab8484158cf8808fb
u03-s012-v009,question,steps[2],9,10,043f113f84c5ca479a1d5cb4f2526dad99a196ab67f9d65e588c8e230dde6bdb
u03-s012-v009,question,optionAnalysis[0].choice,3,3,ad57366865126e55649ecb23ae1d48887544976efea46a48eb5d85a6eeb4d306
u03-s012-v009,question,optionAnalysis[0].reason,9,21,7fdb82af0586e0f9bfd57c4ae62cec079c6ab4d81ff3ae5c436ebda3cef25f47
u03-s012-v009,question,optionAnalysis[1].choice,3,3,16dc368a89b428b2485484313ba67a3912ca03f2b2b42429174a4f8b3dc84e44
u03-s012-v009,question,optionAnalysis[1].reason,9,21,8f8edc4f05f031682b346c3df73f77c2c35a78d3536a03ef74d20e311bd1326c
u03-s012-v009,question,optionAnalysis[2].choice,3,3,37834f2f25762f23e1f74a531cbe445db73d6765ebe60878a7dfbecd7d4af6e1
u03-s012-v009,question,optionAnalysis[2].reason,45,95,56c1b0091b4bf82a4dcf87e857eef8121cd6e64a2718633c39ffd03902e60d0d
u03-s012-v009,question,optionAnalysis[3].choice,3,3,454f63ac30c8322997ef025edff6abd23e0dbe7b8a3d5126a894e4a168c1b59b
u03-s012-v009,question,optionAnalysis[3].reason,9,21,b9f51a43c3556a7062acdec86cb8c237628f5abc17525799cafedd1637cb28e1
u03-s012-v009,question,commonMistake,11,22,a3f860e1d94e761cf149860e46d531d8bf2fa5eccb3b34a6094861d84c22a550
u03-s012-v009,question,concept,10,30,dd57cc3187a16576334b7cf53e10d10631f021dff8155f4b4e94c0c94d77ae99
u03-s012-v009,question,tags[0],2,6,32f6541b44ed479dbf6cc8c7dd98824e49e03974d72ad8b65c33383a9cbb349f
u03-s012-v009,question,tags[1],6,18,7f3a6b2a55fcdb3e46301fcbfaca47b0ee147a8f187a64216826166cdea03f1c
u03-s012-v009,question,tags[2],8,8,d21f85ea38166303ce58e06134b5cc4a5c900c409ab2a500ff7c9225109a09bb
u03-s012-v009,question,estimatedTimeSec,2,2,f369cb89fc627e668987007d121ed1eacdc01db9e28f8bb26f358b7d8c4f08ac
u03-s012-v009,question,prerequisiteSkillIds[0],36,36,7a897a995f942ac6267f8a7ce4278bfa1821dd752d590426155c54c8c4be230f
u03-s012-v009,question,authoringIntent,14,42,5b72c03e1c12da451c785a99ec99f856705ae8bb6dc72d354201588307d12678
u03-s012-v009,question,reviewStatus,22,22,ec809598e2f7fcc69fad54c9cd045bba62b4a0dc7c0ff90d4efdc3788c9ad8fb
u03-s012-v009,question,contentSha256,64,64,d663ea95342dabcc42a6cce82f7fb96a4fe9203948e513a72a5cf87d0a980f13
u03-s012-v009,question,contentAuthority,25,25,ed40f75ffe3d6ad4e71f6e7919d063410490de360edb425965eccd605ca9d79e
u03-s012-v009,question,legacyContentDisposition,39,39,2efcc87c0c9673d2efe77735ae75582eb178c880b07035d8695f010e324b7c71
u03-s012-v010,question,questionId,13,13,34d7eadb3cf245bf3386bb9bf2eda5fd8d59e452682b63b716d8511c871ff301
u03-s012-v010,question,unitId,3,3,97ce842ec69dee17c1842918e63b9d4042fa4b35007146dcfb80a09c5000888a
u03-s012-v010,question,topicId,24,24,326b17ae4f5196ef40b28e1a1c7a830421ca958af02230db5604747dc8ba7ef2
u03-s012-v010,question,skillId,36,36,ab55f46b30f80baee275a7157304db8c22ba597d44a562fd57010de35f811ea2
u03-s012-v010,question,difficulty,8,8,578756ca4aa16d8872610a5aaa78460fd30fbe93379ff7284fe65d66ca606755
u03-s012-v010,question,type,2,2,6bc0f9c4ecb0acbebf1b9f6c816bdd66f4885f67c917d9e141cf893014fba936
u03-s012-v010,question,visualMode,9,9,9c7d54b0bf7a9369d8594201c7b11955514343809d09fbec33966c1fd9794015
u03-s012-v010,question,sourceScope,19,19,a4b669ddb8ef1883391c07a7b633f12eeaeecee7ec37c09eea4931aff6644346
u03-s012-v010,question,text,25,69,6340629cbede167644d79ab7a027733674b5340b27e050069d354c55d59fd502
u03-s012-v010,question,choices[0],2,2,b17ef6d19c7a5b1ee83b907c595526dcb1eb06db8227d650d5dda0a9f4ce8cd9
u03-s012-v010,question,choices[1],2,2,4ec9599fc203d176a301536c2e091a19bc852759b255bd6818810a42c5fed14a
u03-s012-v010,question,choices[2],2,2,f5ca38f748a1d6eaf726b8a42fb575c3c71f1864a8143301782de13da2d9202b
u03-s012-v010,question,choices[3],2,2,4523540f1504cd17100c4835e85b7eefd49911580f8efff0599a8f283be6b9e3
u03-s012-v010,question,explanation,34,72,c6a7baa0081d86e2abf3a43a39badbca2533c14df4a803e3a27d66fb20849bd7
u03-s012-v010,question,steps[0],9,19,9c8be8eb6e3f79077ecf73fbe602442d4a3f43eeb3e209b8408ef9d0b5a94a3b
u03-s012-v010,question,steps[1],8,10,abb5af9a64a3d4ada28c061c2f4ac6577c9529d83e3de6db7a880e6a0796bbb7
u03-s012-v010,question,steps[2],4,8,dae47eed8b653c6f5e8614ac2c572e89bec53422575dbc64bbe0ca2eba7c719a
u03-s012-v010,question,optionAnalysis[0].choice,2,2,b17ef6d19c7a5b1ee83b907c595526dcb1eb06db8227d650d5dda0a9f4ce8cd9
u03-s012-v010,question,optionAnalysis[0].reason,9,15,caa23e1cf25a7603f87236f7e48cf4672fbdde02d0013c2a7f7812f5549a9031
u03-s012-v010,question,optionAnalysis[1].choice,2,2,4ec9599fc203d176a301536c2e091a19bc852759b255bd6818810a42c5fed14a
u03-s012-v010,question,optionAnalysis[1].reason,7,17,9db8d8273d1b34765b2805db497a6d0f9876e6e58a1f675056854016bf3d096c
u03-s012-v010,question,optionAnalysis[2].choice,2,2,f5ca38f748a1d6eaf726b8a42fb575c3c71f1864a8143301782de13da2d9202b
u03-s012-v010,question,optionAnalysis[2].reason,8,20,2d88bff2b0edd4a5ee78598474e5217ead7ab8025010f8aa1ee3c1b38f9b3806
u03-s012-v010,question,optionAnalysis[3].choice,2,2,4523540f1504cd17100c4835e85b7eefd49911580f8efff0599a8f283be6b9e3
u03-s012-v010,question,optionAnalysis[3].reason,35,69,23ebe1ed41685aff0fbff87f60f2e1ea3132849704e22204b8caaf1f7370cb92
u03-s012-v010,question,commonMistake,14,42,068871bf3aab2f92a3372f1a72570dbfd25bc59a25a69775b4a589cc17b8bc7d
u03-s012-v010,question,concept,13,37,f17b4497be88af487e43318f3f4fa09dad0c63a80a64d5218767975aa2b60aba
u03-s012-v010,question,tags[0],2,6,32f6541b44ed479dbf6cc8c7dd98824e49e03974d72ad8b65c33383a9cbb349f
u03-s012-v010,question,tags[1],6,18,7f3a6b2a55fcdb3e46301fcbfaca47b0ee147a8f187a64216826166cdea03f1c
u03-s012-v010,question,tags[2],8,8,578756ca4aa16d8872610a5aaa78460fd30fbe93379ff7284fe65d66ca606755
u03-s012-v010,question,estimatedTimeSec,2,2,f369cb89fc627e668987007d121ed1eacdc01db9e28f8bb26f358b7d8c4f08ac
u03-s012-v010,question,prerequisiteSkillIds[0],36,36,7a897a995f942ac6267f8a7ce4278bfa1821dd752d590426155c54c8c4be230f
u03-s012-v010,question,authoringIntent,13,39,bf8f38270b97efda62ce77244070ea8a9d615ae16b7ee307e72e28fdbe26c368
u03-s012-v010,question,literacyContextNecessity,31,91,c761b5c1cbe0f67d50a5ff3017077b2f5b213ce9078dd567fb73dda463c07e13
u03-s012-v010,question,reviewStatus,22,22,ec809598e2f7fcc69fad54c9cd045bba62b4a0dc7c0ff90d4efdc3788c9ad8fb
u03-s012-v010,question,contentSha256,64,64,5b06f5bfabf45bf4f88572244f55336b3e68745119a40c559e617841da21c4ed
u03-s012-v010,question,contentAuthority,25,25,ed40f75ffe3d6ad4e71f6e7919d063410490de360edb425965eccd605ca9d79e
u03-s012-v010,question,legacyContentDisposition,39,39,2efcc87c0c9673d2efe77735ae75582eb178c880b07035d8695f010e324b7c71
u03-s012-v011,question,questionId,13,13,9b8f35c6a730d01769efe03f2fdf9e503ae8fcf4a9aecad3ac4a1ec41ed20416
u03-s012-v011,question,unitId,3,3,97ce842ec69dee17c1842918e63b9d4042fa4b35007146dcfb80a09c5000888a
u03-s012-v011,question,topicId,24,24,326b17ae4f5196ef40b28e1a1c7a830421ca958af02230db5604747dc8ba7ef2
u03-s012-v011,question,skillId,36,36,ab55f46b30f80baee275a7157304db8c22ba597d44a562fd57010de35f811ea2
u03-s012-v011,question,difficulty,8,8,578756ca4aa16d8872610a5aaa78460fd30fbe93379ff7284fe65d66ca606755
u03-s012-v011,question,type,2,2,6bc0f9c4ecb0acbebf1b9f6c816bdd66f4885f67c917d9e141cf893014fba936
u03-s012-v011,question,visualMode,9,9,9c7d54b0bf7a9369d8594201c7b11955514343809d09fbec33966c1fd9794015
u03-s012-v011,question,sourceScope,19,19,a4b669ddb8ef1883391c07a7b633f12eeaeecee7ec37c09eea4931aff6644346
u03-s012-v011,question,text,27,75,da1bc1dcb65ea8e929e8004df2f5c5ae2214afcc9476b6fffb8ac596b897e327
u03-s012-v011,question,choices[0],2,2,c6f3ac57944a531490cd39902d0f777715fd005efac9a30622d5f5205e7f6894
u03-s012-v011,question,choices[1],2,2,eb1e33e8a81b697b75855af6bfcdbcbf7cbbde9f94962ceaec1ed8af21f5a50f
u03-s012-v011,question,choices[2],2,2,e29c9c180c6279b0b02abd6a1801c7c04082cf486ec027aa13515e4f3884bb6b
u03-s012-v011,question,choices[3],2,2,9f14025af0065b30e47e23ebb3b491d39ae8ed17d33739e5ff3827ffb3634953
u03-s012-v011,question,explanation,31,74,408325480bebdb81752a0441c2247996f6ed7025f7ebf8dc7d8848bbd7f049a2
u03-s012-v011,question,steps[0],5,13,f01a162d481a0f6b3e5c3c0fd11fe32b179dc21688d72eeb5a64dc9cced234f4
u03-s012-v011,question,steps[1],6,18,c87902807ee1b90a2733889ce03056685d098e051a07d5f3cffa41b88511a0ef
u03-s012-v011,question,steps[2],7,8,ca640ca05355426cf317f59515eda7f1f6df34fe745c2d21eea2d932b9f8a623
u03-s012-v011,question,optionAnalysis[0].choice,2,2,c6f3ac57944a531490cd39902d0f777715fd005efac9a30622d5f5205e7f6894
u03-s012-v011,question,optionAnalysis[0].reason,45,99,4407e21f750bc156d0926c2dd947cf925979a2fd9ead1ee6c817090a2a407d97
u03-s012-v011,question,optionAnalysis[1].choice,2,2,eb1e33e8a81b697b75855af6bfcdbcbf7cbbde9f94962ceaec1ed8af21f5a50f
u03-s012-v011,question,optionAnalysis[1].reason,8,20,1750417eb44e2f47a4f782ef703d43c499b1b8ba6b39419eb8894cc86123d4c7
u03-s012-v011,question,optionAnalysis[2].choice,2,2,e29c9c180c6279b0b02abd6a1801c7c04082cf486ec027aa13515e4f3884bb6b
u03-s012-v011,question,optionAnalysis[2].reason,7,17,e8263936c422052d7b09172f43deb33871af937ed6315cd5ee17daa0821dea36
u03-s012-v011,question,optionAnalysis[3].choice,2,2,9f14025af0065b30e47e23ebb3b491d39ae8ed17d33739e5ff3827ffb3634953
u03-s012-v011,question,optionAnalysis[3].reason,8,20,c663df26e4d37dc82ceae68e0ca820fe0f44b7c1beea37d922d54730f5eabad2
u03-s012-v011,question,commonMistake,8,22,963e61544c3b947d8c9a22edc7f21cefd5514795ce63cd95a40df7f5eb5723c7
u03-s012-v011,question,concept,8,22,bc6f1fefba1b234e357ce7b3ba6f6f82b8bfef38a40f7c4156539d942bc7417f
u03-s012-v011,question,tags[0],2,6,32f6541b44ed479dbf6cc8c7dd98824e49e03974d72ad8b65c33383a9cbb349f
u03-s012-v011,question,tags[1],6,18,7f3a6b2a55fcdb3e46301fcbfaca47b0ee147a8f187a64216826166cdea03f1c
u03-s012-v011,question,tags[2],8,8,578756ca4aa16d8872610a5aaa78460fd30fbe93379ff7284fe65d66ca606755
u03-s012-v011,question,estimatedTimeSec,2,2,f369cb89fc627e668987007d121ed1eacdc01db9e28f8bb26f358b7d8c4f08ac
u03-s012-v011,question,prerequisiteSkillIds[0],36,36,7a897a995f942ac6267f8a7ce4278bfa1821dd752d590426155c54c8c4be230f
u03-s012-v011,question,authoringIntent,11,33,29c4d761294f76c93dfde38c290712f92c26b5118ff467b078b88dbe808935fc
u03-s012-v011,question,literacyContextNecessity,28,82,eda8684504b77faf48be82ab2823a7d674545d2ffd1c3cb625ac299cbddff959
u03-s012-v011,question,reviewStatus,22,22,ec809598e2f7fcc69fad54c9cd045bba62b4a0dc7c0ff90d4efdc3788c9ad8fb
u03-s012-v011,question,contentSha256,64,64,39e20a79258dc7ed0d7f2272544e3f544a2187994de55dc7038515d9d30dc29d
u03-s012-v011,question,contentAuthority,25,25,ed40f75ffe3d6ad4e71f6e7919d063410490de360edb425965eccd605ca9d79e
u03-s012-v011,question,legacyContentDisposition,39,39,2efcc87c0c9673d2efe77735ae75582eb178c880b07035d8695f010e324b7c71
u03-s012-v012,question,questionId,13,13,56adf762775a2a1ac1f7800b9eceab67c41343cb31b9e58af1020ab37009dbd9
u03-s012-v012,question,unitId,3,3,97ce842ec69dee17c1842918e63b9d4042fa4b35007146dcfb80a09c5000888a
u03-s012-v012,question,topicId,24,24,326b17ae4f5196ef40b28e1a1c7a830421ca958af02230db5604747dc8ba7ef2
u03-s012-v012,question,skillId,36,36,ab55f46b30f80baee275a7157304db8c22ba597d44a562fd57010de35f811ea2
u03-s012-v012,question,difficulty,8,8,578756ca4aa16d8872610a5aaa78460fd30fbe93379ff7284fe65d66ca606755
u03-s012-v012,question,type,2,2,6bc0f9c4ecb0acbebf1b9f6c816bdd66f4885f67c917d9e141cf893014fba936
u03-s012-v012,question,visualMode,9,9,9c7d54b0bf7a9369d8594201c7b11955514343809d09fbec33966c1fd9794015
u03-s012-v012,question,sourceScope,19,19,a4b669ddb8ef1883391c07a7b633f12eeaeecee7ec37c09eea4931aff6644346
u03-s012-v012,question,text,30,86,773f0a1e4e79ced288305d5723ba430d04aaf8363dfbc250d265a758e21b78fb
u03-s012-v012,question,choices[0],8,12,c393ddfb0a9e4528af801a9887e343d369b5a8fd7d76e9a11083a41901de017b
u03-s012-v012,question,choices[1],8,18,7799176f944068c9f67ceadc635bfa85b709e06f049477150b1f78746816762c
u03-s012-v012,question,choices[2],8,12,07edb7c0aa42bf101cd2c1c1309874c6b60d70d105d044e089805fa6b56099d2
u03-s012-v012,question,choices[3],8,12,25f1ffed10e58121bc5069836b265f9cb69452ada971658c30e014007cfb29b7
u03-s012-v012,question,explanation,47,97,42d35fd0035ebf5961fbaffc363ba93b8dbb9e201f6427383b08ecf89820fee6
u03-s012-v012,question,steps[0],12,22,0b99f30b010bd66f873ee45e64ef9dbd8f23d7f0c7504983026c5f4b07d3faee
u03-s012-v012,question,steps[1],6,6,efbc7a50275419f1ab650f3fc53f932605670202c91b91fa0715a7c6b41b3e34
u03-s012-v012,question,steps[2],10,18,4492da20ae22a9203e7b976c64ac4a42b073c4c0bb9a886bbef95568a13db34c
u03-s012-v012,question,optionAnalysis[0].choice,8,12,c393ddfb0a9e4528af801a9887e343d369b5a8fd7d76e9a11083a41901de017b
u03-s012-v012,question,optionAnalysis[0].reason,6,12,7bd710c9b67138a103e7b047016c7b0d77ae79333195896aca99ef00b198077f
u03-s012-v012,question,optionAnalysis[1].choice,8,18,7799176f944068c9f67ceadc635bfa85b709e06f049477150b1f78746816762c
u03-s012-v012,question,optionAnalysis[1].reason,44,96,23fa8b7dcda9f19ba6e335ec4667550a35c26a31bb9fe8e6fb0aa7f76775d195
u03-s012-v012,question,optionAnalysis[2].choice,8,12,07edb7c0aa42bf101cd2c1c1309874c6b60d70d105d044e089805fa6b56099d2
u03-s012-v012,question,optionAnalysis[2].reason,5,11,1efb6106aec1a321896787b0aa90908d7f6f71dd340deb4c733a15265bb9d5a9
u03-s012-v012,question,optionAnalysis[3].choice,8,12,25f1ffed10e58121bc5069836b265f9cb69452ada971658c30e014007cfb29b7
u03-s012-v012,question,optionAnalysis[3].reason,7,21,a6f362dcddd8c70426b666d3cef846cb69a3167d5597f8ddda7c865c7f37b5fb
u03-s012-v012,question,commonMistake,11,31,bb171e319f91cf67422642cc5e56a14138d18fb1acadecbc2ad27df1ed973436
u03-s012-v012,question,concept,12,34,847c4e93c7c918bb432e8b1db56b746e3258d9eef79f4240127ccfa139056a23
u03-s012-v012,question,tags[0],2,6,32f6541b44ed479dbf6cc8c7dd98824e49e03974d72ad8b65c33383a9cbb349f
u03-s012-v012,question,tags[1],6,18,7f3a6b2a55fcdb3e46301fcbfaca47b0ee147a8f187a64216826166cdea03f1c
u03-s012-v012,question,tags[2],8,8,578756ca4aa16d8872610a5aaa78460fd30fbe93379ff7284fe65d66ca606755
u03-s012-v012,question,estimatedTimeSec,2,2,f369cb89fc627e668987007d121ed1eacdc01db9e28f8bb26f358b7d8c4f08ac
u03-s012-v012,question,prerequisiteSkillIds[0],36,36,7a897a995f942ac6267f8a7ce4278bfa1821dd752d590426155c54c8c4be230f
u03-s012-v012,question,authoringIntent,12,36,9430ea91dc3032279f28547cb0b891adad0c95cd2b7ab31072b4388b8062322d
u03-s012-v012,question,literacyContextNecessity,34,102,bdf5e662cee2f0a4d29cd33478bf17f12f624b9b290193031c02ba22bac080d2
u03-s012-v012,question,reviewStatus,22,22,ec809598e2f7fcc69fad54c9cd045bba62b4a0dc7c0ff90d4efdc3788c9ad8fb
u03-s012-v012,question,contentSha256,64,64,e8f823a82105de164ef299783f1ab6c2f017efb3cbf4692078292153ff76a2b5
u03-s012-v012,question,contentAuthority,25,25,ed40f75ffe3d6ad4e71f6e7919d063410490de360edb425965eccd605ca9d79e
u03-s012-v012,question,legacyContentDisposition,39,39,2efcc87c0c9673d2efe77735ae75582eb178c880b07035d8695f010e324b7c71
u03-s012-cr001,constructed-response,questionId,14,14,85e2b034066ff12ed32bf289472d4df2fbc655628054a9b002a081699ddf1099
u03-s012-cr001,constructed-response,unitId,3,3,97ce842ec69dee17c1842918e63b9d4042fa4b35007146dcfb80a09c5000888a
u03-s012-cr001,constructed-response,topicId,24,24,326b17ae4f5196ef40b28e1a1c7a830421ca958af02230db5604747dc8ba7ef2
u03-s012-cr001,constructed-response,skillId,36,36,ab55f46b30f80baee275a7157304db8c22ba597d44a562fd57010de35f811ea2
u03-s012-cr001,constructed-response,difficulty,8,8,fe6d3468cf5c74d8ec2a95b40f2e05338c37a4202f8fad692d2b64a9cf9b468a
u03-s012-cr001,constructed-response,type,20,20,e519496c259191db041ac61161dbfadb673dd94a10a123ed7423adcf7968ae7c
u03-s012-cr001,constructed-response,visualMode,9,9,9c7d54b0bf7a9369d8594201c7b11955514343809d09fbec33966c1fd9794015
u03-s012-cr001,constructed-response,prompt,20,52,52d731a554f4df7274d46cf45daad3d33426f328f0b5f3a293676fbadde66c4d
u03-s012-cr001,constructed-response,requiredWork[0],8,22,1fa27f842ee1e3c220836dc371e21f4f1a769c9b48bde7c85b73d103cb490dd0
u03-s012-cr001,constructed-response,requiredWork[1],10,30,732ea97d57fb090ac50e3ca5885829a8a9ec02399a0e77378c652580b226b45e
u03-s012-cr001,constructed-response,requiredWork[2],10,30,e24fc78ba8b62d50a5b617cc277ae8109dc7afe772589abea923bdd228847829
u03-s012-cr001,constructed-response,fullCreditSolution[0],29,59,c3d806bf7a36641e58f1fee3f324feb9d593a11b8ff1a849942870537d65e837
u03-s012-cr001,constructed-response,fullCreditSolution[1],14,22,51ebcaf2d424faf3657c5bc147860ff675a7fd92b657ab75f86f32c27503bfd3
u03-s012-cr001,constructed-response,fullCreditSolution[2],24,46,8c123750544e0b87258ca80cca20e0ad8e1db9af735378e95c4c53954196f937
u03-s012-cr001,constructed-response,alternativeSolutions[0],37,51,9384a591d3e804c8b149bf9115a1d8ed02ea8b0f51d7525f6161702f954b5802
u03-s012-cr001,constructed-response,rubric[0].criteria,14,42,90428bf7d4ed1ebd34fb6698bae45f87d77881b28522ce0673082b8222d08c6e
u03-s012-cr001,constructed-response,rubric[1].criteria,15,45,3fcba8e2e54048b2bb272e069795f5266a1ee790c8664beac974b037c3de186c
u03-s012-cr001,constructed-response,rubric[2].criteria,16,44,441e2d4e246f901e4a21d0ef21e732767efd7b5c56621933bf4b512a4564bf37
u03-s012-cr001,constructed-response,rubric[3].criteria,10,30,74f0c43e0afc7b1403e614c352cf3886cabd55ffdadfda6460c66c21ad20d5fd
u03-s012-cr001,constructed-response,scoringNotes[0],14,42,cd605206f033bf9eb77fb66a20ada03efaf449b4f0635fc98dd861265ef39c50
u03-s012-cr001,constructed-response,scoringNotes[1],25,75,a2c565e5172ae5430bb229f94ce51035aa7b17f1f115f704476e4c19fc1098cf
u03-s012-cr001,constructed-response,commonErrors[0],11,31,1e90e0c5aadffd600c5c4ac0c6c61a478a9e0c074e73940211a9de6ddd4dd303
u03-s012-cr001,constructed-response,commonErrors[1],9,23,6791eaed05c356f090ca1a5640220b52c7ed9851348388bb1f4560548c316303
u03-s012-cr001,constructed-response,independentReview.derivedResult,14,22,59f36d65926c72f0cc85ee78123c5b45d1a47df1b4a7753b63e447498a32f895
u03-s012-cr001,constructed-response,independentReview.ambiguity,26,78,4b9998d99f5ff6b4c48867707da30b5a75387690128c1a0e4fdc7f35be5f3c7a
u03-s012-cr001,constructed-response,independentReview.decision,4,4,d74ff0ee8da3b9806b18c877dbf29bbde50b5bd8e4dad7a3a725000feb82e8f1
u03-s012-cr001,constructed-response,contentSha256,64,64,a99f9a72ee894750d7e32fe6efe3c2d30b5bc46f9de87efd42b235e824003915
u03-s012-cr001,constructed-response,contentAuthority,25,25,ed40f75ffe3d6ad4e71f6e7919d063410490de360edb425965eccd605ca9d79e
u03-s012-cr001,constructed-response,legacyContentDisposition,39,39,2efcc87c0c9673d2efe77735ae75582eb178c880b07035d8695f010e324b7c71
u03-s012-cr002,constructed-response,questionId,14,14,e3d9035f0cc3d97b1d8139f6a21d8d423ba1be4a6eff8a1df4eac1ec664f05eb
u03-s012-cr002,constructed-response,unitId,3,3,97ce842ec69dee17c1842918e63b9d4042fa4b35007146dcfb80a09c5000888a
u03-s012-cr002,constructed-response,topicId,24,24,326b17ae4f5196ef40b28e1a1c7a830421ca958af02230db5604747dc8ba7ef2
u03-s012-cr002,constructed-response,skillId,36,36,ab55f46b30f80baee275a7157304db8c22ba597d44a562fd57010de35f811ea2
u03-s012-cr002,constructed-response,difficulty,8,8,d21f85ea38166303ce58e06134b5cc4a5c900c409ab2a500ff7c9225109a09bb
u03-s012-cr002,constructed-response,type,20,20,e519496c259191db041ac61161dbfadb673dd94a10a123ed7423adcf7968ae7c
u03-s012-cr002,constructed-response,visualMode,9,9,9c7d54b0bf7a9369d8594201c7b11955514343809d09fbec33966c1fd9794015
u03-s012-cr002,constructed-response,prompt,36,92,0552cb4704ae2a48d246d667f2c2d3bd51da9be2e4a0bcd56af6703b7f9e6820
u03-s012-cr002,constructed-response,requiredWork[0],10,28,a20f5272d4220bee271371fb5590bd0ddf2769aa4c90f016b55a66d36a864ad7
u03-s012-cr002,constructed-response,requiredWork[1],9,25,a9d1d37b450458ff3952f3d9dcb65c7b799c91bd4ac2a28db991fb584cc3e036
u03-s012-cr002,constructed-response,requiredWork[2],9,27,c5d499dac8fc8703fb47536d41f0e86250ac848b5a82c1d1c3ce47da4e63eaa2
u03-s012-cr002,constructed-response,fullCreditSolution[0],13,25,23e3c22f4997d1b5d98dd67e27b2eb817514b5b2ab9972e87adbf9322202760d
u03-s012-cr002,constructed-response,fullCreditSolution[1],12,14,6dec545ab1d3f84a2bf0ba7b4547a6cf3ef06b3563cf4b858ab2b52317e8b3d6
u03-s012-cr002,constructed-response,fullCreditSolution[2],15,19,10fb598634398208ccd10aef9c30b140f96f8f1353267625244d2e602b599e1c
u03-s012-cr002,constructed-response,fullCreditSolution[3],35,75,b6f4889c136fb9e4cac64163b261fcd78148837d7be093941a66957b1a17b6b0
u03-s012-cr002,constructed-response,alternativeSolutions[0],14,34,a8126f4123f469c1b5e46f8dd086b71e181d33f9ca58e97f4c6dd8eac90ee522
u03-s012-cr002,constructed-response,rubric[0].criteria,14,42,333d677306c4ea114858175c9964dfba7dc8230aa93b915e82c24cef4fd97000
u03-s012-cr002,constructed-response,rubric[1].criteria,14,42,fcaec73d03b7cff5c192ef7b684a85e9d53e910941998a9f19764992087c4b39
u03-s012-cr002,constructed-response,rubric[2].criteria,15,31,b1f5dc26d75e0950ce2919512f6e098f4a27945d984b3ab52fa38e231f9d6856
u03-s012-cr002,constructed-response,rubric[3].criteria,9,27,ea346dbff28198c0a171048742558be8999c5e41a7d3de7b607e10e1f40608af
u03-s012-cr002,constructed-response,scoringNotes[0],14,42,cd605206f033bf9eb77fb66a20ada03efaf449b4f0635fc98dd861265ef39c50
u03-s012-cr002,constructed-response,scoringNotes[1],25,75,a2c565e5172ae5430bb229f94ce51035aa7b17f1f115f704476e4c19fc1098cf
u03-s012-cr002,constructed-response,commonErrors[0],10,28,48326d466a689ba2e0a452c198db8bf2e25e7c19371c8338579d1421ebb20053
u03-s012-cr002,constructed-response,commonErrors[1],10,24,7d927894776b79ec02a03175c2ad8fc98182cfde4dfcaa42bbe6d870f55b297d
u03-s012-cr002,constructed-response,independentReview.derivedResult,8,12,f24daa60817d4e2b050cc03d0a99d040895c8fcafd671a4b982bc1b86ea7f2db
u03-s012-cr002,constructed-response,independentReview.ambiguity,26,78,4b9998d99f5ff6b4c48867707da30b5a75387690128c1a0e4fdc7f35be5f3c7a
u03-s012-cr002,constructed-response,independentReview.decision,4,4,d74ff0ee8da3b9806b18c877dbf29bbde50b5bd8e4dad7a3a725000feb82e8f1
u03-s012-cr002,constructed-response,contentSha256,64,64,4afc2d5b7adc41ccc6de231de11412462ab6b4c28508009b3e546121f68a2888
u03-s012-cr002,constructed-response,contentAuthority,25,25,ed40f75ffe3d6ad4e71f6e7919d063410490de360edb425965eccd605ca9d79e
u03-s012-cr002,constructed-response,legacyContentDisposition,39,39,2efcc87c0c9673d2efe77735ae75582eb178c880b07035d8695f010e324b7c71
