artifactId,artifactType,fieldPath,unicodeCharacterCount,utf8ByteCount,utf8Sha256
u01-s006-lecture-r1,lecture,lectureId,19,19,b482b67eab61b2724556a80fdc7ffddfe5cd6a1cda8df2570d4211ccbd9558c7
u01-s006-lecture-r1,lecture,unitId,3,3,2055254ee30aaae13b777732834c89d7f799015d3af13b62fe05aeef8c3e0eaa
u01-s006-lecture-r1,lecture,topicId,18,18,e7d9d88eb7596ecb66c83bcfd7a554baef7612744a495523f5f8fae90be63bc7
u01-s006-lecture-r1,lecture,skillId,28,28,7104f6abd905fb0b122ab9faab9158fb5f98eed14f49afaa9f701d4c69cd5ad5
u01-s006-lecture-r1,lecture,title,17,45,8640176b19a0bd46a87e9cc3eebe74cf3c9f3af972ce11175315410eec2937bb
u01-s006-lecture-r1,lecture,audience,10,30,e6b4416fbd9f36797de01256b31a4d6f6314e126fde8495e25792c814f64fc5f
u01-s006-lecture-r1,lecture,reviewStatus,22,22,ec809598e2f7fcc69fad54c9cd045bba62b4a0dc7c0ff90d4efdc3788c9ad8fb
u01-s006-lecture-r1,lecture,learningOutcomes[0],16,42,169940d0a9e4a82e0b035b28e711cec87bd27e3197f2ee3af8ae67db26383a6f
u01-s006-lecture-r1,lecture,learningOutcomes[1],17,45,429da4848c5a7996cd0845d550c1871443b069116c02c145b0d0afb7ff0d882a
u01-s006-lecture-r1,lecture,learningOutcomes[2],10,30,976c9272c42999ddcf2cccdc8551991ecb48bce9e000d3fe7bffefa7cc35a2f4
u01-s006-lecture-r1,lecture,learningOutcomes[3],15,31,c0fea53205549441be347c16bc2c4e3f4e0b05cce4ddd61c4950d8bbb3f1696f
u01-s006-lecture-r1,lecture,learningOutcomes[4],13,39,8e4feccab436ba9a3b98621b1ff4a0229bab9de2e4f1e0136edea2237d533080
u01-s006-lecture-r1,lecture,prerequisites[0].skillId,23,23,6e10216c8a6fe57deb82baf512d134cc5c24e07eada0d6aa7ca16ffbabdd75b0
u01-s006-lecture-r1,lecture,prerequisites[0].requiredLevel,23,69,57af4dc824fd67d415aa418ec56e620e59997966532d7afa8124bf3581d7d05e
u01-s006-lecture-r1,lecture,glossary[0].term,3,9,6825f71d3b40fb83d4665213d8d37124f0fd74c67306d6a833e9b4f3772386ea
u01-s006-lecture-r1,lecture,glossary[0].definition,15,39,4f5576de73a7447b48ca28003b8d4f3718fa954656517b7ba42c20f138f51282
u01-s006-lecture-r1,lecture,glossary[1].term,2,6,1e1e4ec83bfcecf3778b4db4a9d9af5de256a78d2d8ee575ace71e8f337ea05b
u01-s006-lecture-r1,lecture,glossary[1].definition,13,39,03543ea83856aa9a9f877849d8f60a09cfd864a120cf6025272f75d4c72e2175
u01-s006-lecture-r1,lecture,glossary[2].term,5,15,d849fb3f7ae3aa9ecc9f120a39ebcffec9769807588250bb221286dd423c61d9
u01-s006-lecture-r1,lecture,glossary[2].definition,20,50,e369a7c557f33b7809f400dbae6b2944267320814a4f34dfaabec75fe821f953
u01-s006-lecture-r1,lecture,glossary[3].term,3,9,bb1d090524051d1c7a53e57dd400de1a904fda4cc47ae0f5b1593573cdb03833
u01-s006-lecture-r1,lecture,glossary[3].definition,12,36,b14ec0515b055495d24c7f9f25014d4385648d152159c678268f571db446695d
u01-s006-lecture-r1,lecture,notation[0].symbol,3,3,5f0034faf44dd7e0373d9d2381e94e7c558176ab1a6e33567e974b18c9d9bd80
u01-s006-lecture-r1,lecture,notation[0].meaning,10,20,5b86166d5698f9485baaf31da332776ce0be98e1a46d53570dd79fba40527666
u01-s006-lecture-r1,lecture,notation[1].symbol,5,7,5fa6b03fb38ba13b99fce2ba3623d3145aca8c36fbdefa3a2e5c7f6f1a8f9229
u01-s006-lecture-r1,lecture,notation[1].meaning,14,38,3aed83110c184539d0e1c24a383820d04f0e9699b2034db0269cfd9da4905f7e
u01-s006-lecture-r1,lecture,notation[2].symbol,5,5,0985efb531eee503435efda5f6707cbd4fb787c08fd536b15cf244d539c5a947
u01-s006-lecture-r1,lecture,notation[2].meaning,27,59,c2cec3aa5bf458562292134a00d6074fc7373347e1aec8163be23805ab16356e
u01-s006-lecture-r1,lecture,conceptNarrative[0],29,73,13906cbbcce0b2cc48c7b3158045f60d8ba7f942dda3a4063b0d394960a15360
u01-s006-lecture-r1,lecture,conceptNarrative[1],32,88,423379d7121a672716efb49a58f7b2b2a3161879abd08e377cd14dd560ae8da4
u01-s006-lecture-r1,lecture,conceptNarrative[2],38,68,5d3e3a676e2fa69cff6ade658bc1ffa400148aa55770a2a9fa299315476dbe57
u01-s006-lecture-r1,lecture,conceptNarrative[3],41,89,4a4857a5907ee64cf732706fb11fd1b5f189217c2cb55435da629f93ee1a8699
u01-s006-lecture-r1,lecture,formalDefinitions[0].name,3,9,6825f71d3b40fb83d4665213d8d37124f0fd74c67306d6a833e9b4f3772386ea
u01-s006-lecture-r1,lecture,formalDefinitions[0].statement,20,40,630a25d5da8404bda5bc59c0a8c74806b15c1de14047c7208b9848d569d6e491
u01-s006-lecture-r1,lecture,formalDefinitions[1].name,3,9,36495a79a694d3f43b980cf3492359a276a18cb131fcf519ddb6a180a4390e7a
u01-s006-lecture-r1,lecture,formalDefinitions[1].statement,12,24,20a1141f50bf1d69a4270a091ec1f6b389225ad579911496c468827e8cdbe417
u01-s006-lecture-r1,lecture,formalDefinitions[2].name,4,12,a3a03535ceee74d39a950eefe9759e2597ef59ce5e5d5c88d8c69f797ee4a9a9
u01-s006-lecture-r1,lecture,formalDefinitions[2].statement,25,35,f99428340ef65e963d3f3252da42313965893b07001f316c06cf1f5373631ca2
u01-s006-lecture-r1,lecture,formulas[0].formula,10,16,8a62a0ae454c44fde804498f64e3431bf59108b49987ab416d472cab26f0658b
u01-s006-lecture-r1,lecture,formulas[0].conditions[0],6,14,59fafd4a3dcc5a44f87dffca6b8fbca902b9ef47aed6f395f5e7eb0bc728147e
u01-s006-lecture-r1,lecture,formulas[0].meaning,17,51,6a1655f01a5249f929b74f0a679d9c60e32d1eb53c79191518e12895eb522539
u01-s006-lecture-r1,lecture,formulas[1].formula,11,15,0eea43a5f116e75cef3a82eab8712c11a34dee70f1d46886cf95f5be0a80ad30
u01-s006-lecture-r1,lecture,formulas[1].conditions[0],5,11,26efe0ff791a01fc1f8feb633b57c25e08514effdb27c122fa51894cf0ffb880
u01-s006-lecture-r1,lecture,formulas[1].meaning,10,30,cb01608e0518f6bf529f653948d2a80cd9cabdd6e2050b9947c1c5742fb9a47b
u01-s006-lecture-r1,lecture,nonApplicableCases[0],21,47,11e730bc2eb2b6ae1d121abfc02f8c5fd7893d9e131c0f2854a874db1f6be862
u01-s006-lecture-r1,lecture,nonApplicableCases[1],23,49,53552d246d7ae017e4b208797d6014cfad21e3d99c77194a89935da54f947d01
u01-s006-lecture-r1,lecture,nonApplicableCases[2],20,32,e9aa4e463f1849bf59089a0eef7cc43274bc67fec35c1fffc45abf270cb71e9e
u01-s006-lecture-r1,lecture,nonApplicableCases[3],20,60,68392965ccd3f585acee67d9abc4080537f5e733b1b4cb1f2695f65f7a627af3
u01-s006-lecture-r1,lecture,method[0].instruction,14,42,eaea03b63ca7abc94d453712b28f6c6c91ddfbe01fc3eaec8d12e373eca4e2d3
u01-s006-lecture-r1,lecture,method[0].check,9,27,1899ad3bd11877eb571f304cde7d85fac9598acf0d3e8fa3ee2b61e186ed206d
u01-s006-lecture-r1,lecture,method[1].instruction,13,33,f57aaa36109900156b4e42671a74c09c043deebb6caa2d8a9f81875d2016e9cc
u01-s006-lecture-r1,lecture,method[1].check,9,23,5edb07e76ea2e41420ed5c461bc50eba7c6b31c8e385bf171f5fab7b06bacf11
u01-s006-lecture-r1,lecture,method[2].instruction,14,36,8537514fe7633971e0035bae619fc998defb3fbd274f00b6737b5339ac1bf4da
u01-s006-lecture-r1,lecture,method[2].check,9,27,ce4b611c3134f9217a982a9e62b7c91e322a6c98a9b8ecff6c535abcd62aa5cf
u01-s006-lecture-r1,lecture,method[3].instruction,11,33,46bac65c976b6aab8e0094fa38dd2cfb148abc4ebb88b90137a6003dec191df9
u01-s006-lecture-r1,lecture,method[3].check,12,36,c93688f05caac4f1511c5525e906af453786033efb613e22a81e59a29f86ffa9
u01-s006-lecture-r1,lecture,method[4].instruction,13,39,5e5684536281f32e1843b75e465ccad963ab71b4b7dce1b83ad8582b4dbb856a
u01-s006-lecture-r1,lecture,method[4].check,9,27,32d9ab6d569b6dad590deef6fff4583df3853ef062fc11a4017a0bbf8b92fc8c
u01-s006-lecture-r1,lecture,workedExamples[0].exampleId,2,2,dffe8596427fc50e8f64654a609af134d45552f18bbecef90b31135a9e7acaa0
u01-s006-lecture-r1,lecture,workedExamples[0].prompt,9,15,38a382bade593cb1ea931dbc8e58aa6287f62b3ff3684eec7ab4b9d1514f5d66
u01-s006-lecture-r1,lecture,workedExamples[0].solutionSteps[0],17,29,2345184da771c7ad90508e1bc11e5f222d6b781857009bedaee2c4e15fe54fb8
u01-s006-lecture-r1,lecture,workedExamples[0].solutionSteps[1],6,18,d2b5c47375da9d3031e4027dcac3839ace9eda0b91bf972173b262458c6ad00b
u01-s006-lecture-r1,lecture,workedExamples[0].solutionSteps[2],9,21,f123a3844cc803201d905fbd363f9fb2c7a22b8a723a79e6cea53bd49e6ebcc4
u01-s006-lecture-r1,lecture,workedExamples[0].answer,3,5,4668a29085f75936f79523cc33a72394005125d50d6882b6fe130c44ee78e17e
u01-s006-lecture-r1,lecture,workedExamples[1].exampleId,2,2,d76354d8457898445bb69e0dc0dc95fb74cc3cf334f8c1859162a16ad0041f8d
u01-s006-lecture-r1,lecture,workedExamples[1].prompt,9,15,1ba9478e46318bc2ba47905957a8447769b8fc13bfaf56b491837fd0790ec927
u01-s006-lecture-r1,lecture,workedExamples[1].solutionSteps[0],10,16,c9a4d77560e3ddd9f9163a9f57a2ab314bce797681019662d0e140a40e2f592b
u01-s006-lecture-r1,lecture,workedExamples[1].solutionSteps[1],7,21,cd261186ab42929c318a693fb5a6ab7d1234be9d9e41cbc6b9ef0060c91f0669
u01-s006-lecture-r1,lecture,workedExamples[1].solutionSteps[2],7,15,9618c5e9e17bf367e06e597de69a012652885473b69d11c677c2e8bd9015df85
u01-s006-lecture-r1,lecture,workedExamples[1].answer,3,5,c11126f7fb25d0e615980fd3d7f646500a20bb199b5505bffc891c8dabae497a
u01-s006-lecture-r1,lecture,workedExamples[2].exampleId,2,2,842983de8fb1d277a3fad5c8295c7a14317c458718a10c5a35b23e7f992a5c80
u01-s006-lecture-r1,lecture,workedExamples[2].prompt,8,12,b93b6131b918a5c3a412f946ad1e6a8f032db43ceb7d9086cdcfb3bf470ef635
u01-s006-lecture-r1,lecture,workedExamples[2].solutionSteps[0],13,25,68f031ca1f480f4cd8d868f1fb3ba6f1bfd11fbbe14286bf1184fe45d9128f41
u01-s006-lecture-r1,lecture,workedExamples[2].solutionSteps[1],15,35,e4c96b3ff5356c6c7243ceece5a33ffdf73b3983d152ba69f5a3670449e48477
u01-s006-lecture-r1,lecture,workedExamples[2].solutionSteps[2],6,18,7790a2f957be80442809f5ba24a29cce67c918504788d89b499fff08bbf187b5
u01-s006-lecture-r1,lecture,workedExamples[2].answer,11,15,14343b1849145dfb2c611a5a73b876b8fb3ef90219bea50b8688d8b63fd5c286
u01-s006-lecture-r1,lecture,workedExamples[3].exampleId,2,2,4a5a97c6433c4c062457e9335709d57493e75527809d8a9586c141e591ac9f2c
u01-s006-lecture-r1,lecture,workedExamples[3].prompt,14,22,8bbbd57237ffb77750746e3f56af25637947c16b6adc599fd1177629e6817443
u01-s006-lecture-r1,lecture,workedExamples[3].solutionSteps[0],7,9,cbf2c48775bfaf63d478e486d12ee19840a989ea4a694067b3db1b9cdedac2df
u01-s006-lecture-r1,lecture,workedExamples[3].solutionSteps[1],6,8,794d98538498f63ce29be2954f47ec5a7c127a5e07cf80a1b6dfd8a1b137b4c8
u01-s006-lecture-r1,lecture,workedExamples[3].solutionSteps[2],4,6,23c03e3cde9d4000e503b4d5fc451e3f34a1cd32b248d89ed4ddc8122d4c3f48
u01-s006-lecture-r1,lecture,workedExamples[3].answer,9,11,a7e7d304a464ad594b9e114698d23ef52577ba3670bfba195aac3ab46c1f0fd8
u01-s006-lecture-r1,lecture,commonMistakes[0].mistake,11,17,515ab55ca481cd41019cb98e9b06dd462c53ec823ba36ba345c7b838eae420bb
u01-s006-lecture-r1,lecture,commonMistakes[0].why,8,24,80930b0dc4669f9f71a6f18bdc71838f9e22b59c5f2939e3332be138705f7b7b
u01-s006-lecture-r1,lecture,commonMistakes[0].correction,11,23,a25f5da870c9fac05b36b2cdbe6fc727c6d9172db6d3d27697e0c9ddfed0d5d7
u01-s006-lecture-r1,lecture,commonMistakes[1].mistake,13,29,4bcda016706ff1753c30aa9a6f41e90b48ebf0461f48d7db4543f911a19b7791
u01-s006-lecture-r1,lecture,commonMistakes[1].why,14,42,e9fedeb70d7bec7277ff15f5f68724b0cd1437d740fcf5f45059c8a6a6cc0a17
u01-s006-lecture-r1,lecture,commonMistakes[1].correction,12,22,920016ba479d579b961a73920bcb9dc13b51c69d951ecff2ff4b6fd1788c70f2
u01-s006-lecture-r1,lecture,commonMistakes[2].mistake,15,23,a2746d64d5336c48ad0bac8ab5a51973134f329a50930f3973a04962d891301a
u01-s006-lecture-r1,lecture,commonMistakes[2].why,10,30,887cda562736e08d05ed71b043093c885a17e40085b47d023e7156d5bc0b5a97
u01-s006-lecture-r1,lecture,commonMistakes[2].correction,8,14,fe40faa9119cefeb208803aa6e27562b7b4b7663cb18a1d72434383c005410f2
u01-s006-lecture-r1,lecture,commonMistakes[3].mistake,17,26,9cad0544998816f16e50d3f46ceb6495f482d782eb4c5f8bf1a625b5b50b8f65
u01-s006-lecture-r1,lecture,commonMistakes[3].why,8,24,77e2f15cbe59d0f7ed3ac8bcf6164feeefed94741daee85ab3f1445f7c01d302
u01-s006-lecture-r1,lecture,commonMistakes[3].correction,8,24,8d2a65f533dc9c0fd15e71b7dc6ed4b0dd2bf98e519ee9fdb1579e9296d11fa4
u01-s006-lecture-r1,lecture,commonMistakes[4].mistake,13,21,524b0db02b0935bbe9da35428f37244827b333dacc65e676cdef79f2c4a3b420
u01-s006-lecture-r1,lecture,commonMistakes[4].why,10,30,9f0ddff09802c5447609c6ba000ceac544954592e660a3febbc4880c40866d57
u01-s006-lecture-r1,lecture,commonMistakes[4].correction,13,29,375d3a94fb713d08ec788e22bdf20f1f4322c2d1eb2152b9b443794ced0d8864
u01-s006-lecture-r1,lecture,commonMistakes[5].mistake,11,21,125205f9ad8043e86e2dc2231ac9ab4d4b0fa46fe8f6da17b132456a2806ec94
u01-s006-lecture-r1,lecture,commonMistakes[5].why,11,33,0a18a8be4cf20d5982c25bcae50fd42a8101d97398cb1dc7b689ffe2fde98f99
u01-s006-lecture-r1,lecture,commonMistakes[5].correction,13,39,bf122dc7864272ee683b191d38a7f651fb6362e131617ae171e56d26a71d683b
u01-s006-lecture-r1,lecture,selfCheck[0],10,30,c3979debbd5fcb1760ab6b97616551131a738f8bf95337481f3ca5e39ff4028d
u01-s006-lecture-r1,lecture,selfCheck[1],7,21,ed64666da9738dddad5f4fb884ec5f30e5d3830373deb28dc29dc81ae483e710
u01-s006-lecture-r1,lecture,selfCheck[2],11,33,930b9ef20540f15c7116e51d41a935ce66864000058515a19656181bf291f2d3
u01-s006-lecture-r1,lecture,selfCheck[3],15,37,04173dbd0ed3f78ba5b2afe0d369fc0594bc9d1a03db2665568e5e3cc7aa8904
u01-s006-lecture-r1,lecture,selfCheck[4],10,30,453c368d5af45136780ecd463bf20362e10a8f9e30c1f42f5e1e23ce522ae03a
u01-s006-lecture-r1,lecture,summary[0],16,28,783fbe46cf34a91250f09d9df6c1995a30ed1be438d7b78d92100e68c9a5a7c2
u01-s006-lecture-r1,lecture,summary[1],11,29,2715990bcffdc8b12a91c7e6b7f8f2a39c15900da76965f1787b83d6f3591de4
u01-s006-lecture-r1,lecture,summary[2],13,39,058c9cf353a3213fdd240625a065116e655215b971592fe86764ee17a6e1fab8
u01-s006-lecture-r1,lecture,summary[3],17,26,a18d5f7becf585eeabc06b27975e3e79d8bd26092ede46b98d463d6c81e86978
u01-s006-lecture-r1,lecture,connections.previous,21,63,941a43380a3609478d524e978db44781a70b8bd52155636864733507dda7e37a
u01-s006-lecture-r1,lecture,connections.next[0],22,60,f3e50a72cef859c0052d7f37308f2717fc315f135865f03d5925ab94c05da7b7
u01-s006-lecture-r1,lecture,connections.next[1],17,51,683ce146fd951555a0b6155d87333da72033f7eaeae528b03cfc3499afb32736
u01-s006-lecture-r1,lecture,connections.next[2],21,63,68064364890238b0fc0a7031d8fd5065e5b1fe029568de6b6baa016c95fd602b
u01-s006-lecture-r1,lecture,practiceLinks.mcQuestionIds[0],13,13,c110f71c97d572f160008e903d98d4e4ec13a639894eeced194e7c7acb80ca57
u01-s006-lecture-r1,lecture,practiceLinks.mcQuestionIds[1],13,13,9894ed8b38d90e2ebbf8bd211b55206335457dbea15f2c98f80b619a3506b062
u01-s006-lecture-r1,lecture,practiceLinks.mcQuestionIds[2],13,13,65f87489ae7252cb8db0ad10e66a0033dd7aba259a7abd06a43914255def982d
u01-s006-lecture-r1,lecture,practiceLinks.mcQuestionIds[3],13,13,a54c416a8fc79031c9849cc1a59474b645fec19368ca9d1a520128bca0b3e022
u01-s006-lecture-r1,lecture,practiceLinks.mcQuestionIds[4],13,13,b7d5ddbd5f83a3cfefc96d210a4fedded5a5caa07128b3a31ef89aac27d2444a
u01-s006-lecture-r1,lecture,practiceLinks.mcQuestionIds[5],13,13,0b2ea427d0b308cf31d56302dd7b474f6fa50cdcbce733e73496dd8983fa02cd
u01-s006-lecture-r1,lecture,practiceLinks.mcQuestionIds[6],13,13,b061e267a732b2f07320aa7c370f7395082e7ef82649c64871e44978145a33d4
u01-s006-lecture-r1,lecture,practiceLinks.mcQuestionIds[7],13,13,c6312bf991b4b1094d3a492083d2ee8a5c5712e5175fae1cc94453aea1e8feb9
u01-s006-lecture-r1,lecture,practiceLinks.mcQuestionIds[8],13,13,c2e3ebbf66e374e1bc293592ea5b673f1fde28a3c85046756cf721036bdb9721
u01-s006-lecture-r1,lecture,practiceLinks.mcQuestionIds[9],13,13,1195661bf7e0dc9ff7ce42dedb83b33db5fb4864a51a72e007177200c7e08647
u01-s006-lecture-r1,lecture,practiceLinks.mcQuestionIds[10],13,13,edb4e188616228d71d696ea4ce9723e6987b50de0fb0651dd2e536c347524edb
u01-s006-lecture-r1,lecture,practiceLinks.mcQuestionIds[11],13,13,d3a04a7182e3cc8a72a121ff78b8cfb0c89ca911e4319fe756e398fb8fb4af56
u01-s006-lecture-r1,lecture,practiceLinks.constructedResponseIds[0],14,14,a02b7bfd1bf8b3a0167f04ab4b880e9d2f7a4bcea412d11d48b4beaf40fec844
u01-s006-lecture-r1,lecture,practiceLinks.constructedResponseIds[1],14,14,93bf58661bf53292627825f90374e9ed782051c667de0c8adbf07818ecf09e18
u01-s006-lecture-r1,lecture,lectureReview.mathematicalCorrectness,4,4,d74ff0ee8da3b9806b18c877dbf29bbde50b5bd8e4dad7a3a725000feb82e8f1
u01-s006-lecture-r1,lecture,lectureReview.zeroFoundationReadability,4,4,d74ff0ee8da3b9806b18c877dbf29bbde50b5bd8e4dad7a3a725000feb82e8f1
u01-s006-lecture-r1,lecture,lectureReview.scopeCheck,21,21,fdf8268f0373301b2fcc6331f1d8999b8aabea69681e8bc972ab9a21216a7606
u01-s006-lecture-r1,lecture,lectureReview.reviewNote,42,102,3e57c972e921d441d7a470bba1ea915060d7c38743256ea0f2dd77cfe4825910
u01-s006-lecture-r1,lecture,lectureReview.reviewVersion,25,25,7ccbed064d3016b5353f553d3edb33b6627126acb00be43b039a8cbab00d7d69
u01-s006-lecture-r1,lecture,lectureReview.reviewedAt,10,10,14158d45727526145ef514139eeb669eb54d613dbcffe524f099dbb71c9d8b08
u01-s006-lecture-r1,lecture,contentSha256,64,64,379ec6c44222f4f7fc8c159b13be5d67fbf984351671fcaa4f824ab1d8cace32
u01-s006-lecture-r1,lecture,contentAuthority,25,25,ed40f75ffe3d6ad4e71f6e7919d063410490de360edb425965eccd605ca9d79e
u01-s006-v001,question,questionId,13,13,c110f71c97d572f160008e903d98d4e4ec13a639894eeced194e7c7acb80ca57
u01-s006-v001,question,unitId,3,3,2055254ee30aaae13b777732834c89d7f799015d3af13b62fe05aeef8c3e0eaa
u01-s006-v001,question,topicId,18,18,e7d9d88eb7596ecb66c83bcfd7a554baef7612744a495523f5f8fae90be63bc7
u01-s006-v001,question,skillId,28,28,7104f6abd905fb0b122ab9faab9158fb5f98eed14f49afaa9f701d4c69cd5ad5
u01-s006-v001,question,difficulty,5,5,fbb7b5bf4ca348eeeebf8cc3660712859a5a1fbf18e83217a57ce203fb51d5c2
u01-s006-v001,question,type,2,2,6bc0f9c4ecb0acbebf1b9f6c816bdd66f4885f67c917d9e141cf893014fba936
u01-s006-v001,question,visualMode,9,9,9c7d54b0bf7a9369d8594201c7b11955514343809d09fbec33966c1fd9794015
u01-s006-v001,question,sourceScope,19,19,a4b669ddb8ef1883391c07a7b633f12eeaeecee7ec37c09eea4931aff6644346
u01-s006-v001,question,text,11,23,b4ad7d36bcf409f8bc12720c3e099a910e89f5f1c7b3f957032f668df688aa5b
u01-s006-v001,question,choices[0],1,1,2c624232cdd221771294dfbb310aca000a0df6ac8b66b696d90ef06fdefb64a3
u01-s006-v001,question,choices[1],2,2,e91592205d3881e3ea35d66973bb4898d7282126ab5afcb355c95d2fc17f3822
u01-s006-v001,question,choices[2],1,1,5feceb66ffc86f38d952786c6d696c79c2dbc239dd4e91b46729d73a27fb57e9
u01-s006-v001,question,choices[3],2,2,b17ef6d19c7a5b1ee83b907c595526dcb1eb06db8227d650d5dda0a9f4ce8cd9
u01-s006-v001,question,explanation,27,59,d0d805c2d087f36ba4ba409e725a3bd511800f0669550cd270d00adc640c97dd
u01-s006-v001,question,steps[0],12,28,56d6a3f5ecbf2b5dbb5ad5ae1b4ad2b52bda9e0808976efd21960a5079797978
u01-s006-v001,question,steps[1],8,22,231935e82068fde314d4f4d5c76bbb0605d0553b965caf5410d8cbf69e96eb18
u01-s006-v001,question,steps[2],5,13,f27c1e7ac358f2760e8742b912cb96bacbcf09f099f2e152419a0114cf46be3e
u01-s006-v001,question,optionAnalysis[0].choice,1,1,2c624232cdd221771294dfbb310aca000a0df6ac8b66b696d90ef06fdefb64a3
u01-s006-v001,question,optionAnalysis[0].reason,7,9,8da8c488544ccfcc3e524ac6fcd47aa94fa852e6990c70ed1ef89146628e0474
u01-s006-v001,question,optionAnalysis[1].choice,2,2,e91592205d3881e3ea35d66973bb4898d7282126ab5afcb355c95d2fc17f3822
u01-s006-v001,question,optionAnalysis[1].reason,11,29,fad6563f76e644462a1f065ac56658cb5c3d53b6f11d03e5f56723c22048e68a
u01-s006-v001,question,optionAnalysis[2].choice,1,1,5feceb66ffc86f38d952786c6d696c79c2dbc239dd4e91b46729d73a27fb57e9
u01-s006-v001,question,optionAnalysis[2].reason,7,17,3b4a2cf11c6162beef02d5cc65e032d09cc4d4ad4b262768885e4358e67fb434
u01-s006-v001,question,optionAnalysis[3].choice,2,2,b17ef6d19c7a5b1ee83b907c595526dcb1eb06db8227d650d5dda0a9f4ce8cd9
u01-s006-v001,question,optionAnalysis[3].reason,11,23,fa320144351fb3776833c9544cf184e1fa758726380ea35f4a19a806ed91108a
u01-s006-v001,question,commonMistake,16,40,32ab722be97b9d087cef6dc6ec2c043a4a7ac0a678ed46301ebc0b0502a937f6
u01-s006-v001,question,concept,13,39,43cc832c671acc8a5367dfbe120f780d99ccc5f50b33ea465b31dd4637f1d303
u01-s006-v001,question,tags[0],3,9,fd41540cbdbecb9b5fa7116d27c68e378548ab62ab7c7ca4494730a81ea87667
u01-s006-v001,question,tags[1],7,21,9521a5a0575e84e422316a3e74d0a58ceac45ce87d37b6f2c85d9b526c5c0412
u01-s006-v001,question,tags[2],5,5,fbb7b5bf4ca348eeeebf8cc3660712859a5a1fbf18e83217a57ce203fb51d5c2
u01-s006-v001,question,estimatedTimeSec,2,2,39fa9ec190eee7b6f4dff1100d6343e10918d044c75eac8f9e9a2596173f80c9
u01-s006-v001,question,prerequisiteSkillIds[0],23,23,6e10216c8a6fe57deb82baf512d134cc5c24e07eada0d6aa7ca16ffbabdd75b0
u01-s006-v001,question,authoringIntent,10,30,26ff0e522df9c26c9a9b3599ae4d369086231d5bb5ed833f891b42c15f208d43
u01-s006-v001,question,reviewStatus,22,22,ec809598e2f7fcc69fad54c9cd045bba62b4a0dc7c0ff90d4efdc3788c9ad8fb
u01-s006-v001,question,contentSha256,64,64,65490ee3c51ff9839e69a4dcccb70ed546130681d9a0d9ef06a80865a9921a55
u01-s006-v001,question,contentAuthority,25,25,ed40f75ffe3d6ad4e71f6e7919d063410490de360edb425965eccd605ca9d79e
u01-s006-v002,question,questionId,13,13,9894ed8b38d90e2ebbf8bd211b55206335457dbea15f2c98f80b619a3506b062
u01-s006-v002,question,unitId,3,3,2055254ee30aaae13b777732834c89d7f799015d3af13b62fe05aeef8c3e0eaa
u01-s006-v002,question,topicId,18,18,e7d9d88eb7596ecb66c83bcfd7a554baef7612744a495523f5f8fae90be63bc7
u01-s006-v002,question,skillId,28,28,7104f6abd905fb0b122ab9faab9158fb5f98eed14f49afaa9f701d4c69cd5ad5
u01-s006-v002,question,difficulty,5,5,fbb7b5bf4ca348eeeebf8cc3660712859a5a1fbf18e83217a57ce203fb51d5c2
u01-s006-v002,question,type,2,2,6bc0f9c4ecb0acbebf1b9f6c816bdd66f4885f67c917d9e141cf893014fba936
u01-s006-v002,question,visualMode,9,9,9c7d54b0bf7a9369d8594201c7b11955514343809d09fbec33966c1fd9794015
u01-s006-v002,question,sourceScope,19,19,a4b669ddb8ef1883391c07a7b633f12eeaeecee7ec37c09eea4931aff6644346
u01-s006-v002,question,text,10,22,ccdc497e49e97e01f45d28bf2d5199eb9ab2b44069caa4f47c34f9225e1a8848
u01-s006-v002,question,choices[0],3,9,4e51b67dd32c7e2d8ec22b938de1db7b5b2fb6288bc87ffbef36431d3d75c86a
u01-s006-v002,question,choices[1],1,1,5feceb66ffc86f38d952786c6d696c79c2dbc239dd4e91b46729d73a27fb57e9
u01-s006-v002,question,choices[2],2,2,1bad6b8cf97131fceab8543e81f7757195fbb1d36b376ee994ad1cf17699c464
u01-s006-v002,question,choices[3],1,1,6b86b273ff34fce19d6b804eff5a3f5747ada4eaa22f1d49c01e52ddb7875b4b
u01-s006-v002,question,explanation,22,40,80fa24f574725c866eb387a18f4e88ba4c832913bf9dcd5198ec08b8f2e3e896
u01-s006-v002,question,steps[0],10,28,ec429549033f267b68bafad3fbc4745539c1aae16f619ec9301c7791b178454f
u01-s006-v002,question,steps[1],6,14,2f88248826742b5537eb7370a770fc729ae2dd319e224b7f592ed0e48912337d
u01-s006-v002,question,steps[2],5,13,b800f59b6a959e23e4c6d41d555775ba7455f66127abec05a796e05eb43d916f
u01-s006-v002,question,optionAnalysis[0].choice,3,9,4e51b67dd32c7e2d8ec22b938de1db7b5b2fb6288bc87ffbef36431d3d75c86a
u01-s006-v002,question,optionAnalysis[0].reason,6,16,d0d6eaa9be5c89c10a3763eefb0a89f4a9c5883f5c750aae7601469da6643f90
u01-s006-v002,question,optionAnalysis[1].choice,1,1,5feceb66ffc86f38d952786c6d696c79c2dbc239dd4e91b46729d73a27fb57e9
u01-s006-v002,question,optionAnalysis[1].reason,11,25,2ff9abe3efb83c428605cd24786cfc3c9d723654e26d0d3e729dfda8b29e05ca
u01-s006-v002,question,optionAnalysis[2].choice,2,2,1bad6b8cf97131fceab8543e81f7757195fbb1d36b376ee994ad1cf17699c464
u01-s006-v002,question,optionAnalysis[2].reason,11,19,0e6a53c501feacc5d95b80bd2cb17f673519c4faf2c711d11b3440f5760f48a8
u01-s006-v002,question,optionAnalysis[3].choice,1,1,6b86b273ff34fce19d6b804eff5a3f5747ada4eaa22f1d49c01e52ddb7875b4b
u01-s006-v002,question,optionAnalysis[3].reason,10,18,9cbbd069746d841d51bf75241053ac3bc78533e4ceb03bde8162e2f100816fd8
u01-s006-v002,question,commonMistake,13,39,463f97e5400990fc40840722ad793b708674e935392547fcfd6e520481eed40a
u01-s006-v002,question,concept,8,20,2dde7d7e30cbafe96db18f07ce33dbd208c2079afe15d3c89ab8751a2c4b2081
u01-s006-v002,question,tags[0],3,9,fd41540cbdbecb9b5fa7116d27c68e378548ab62ab7c7ca4494730a81ea87667
u01-s006-v002,question,tags[1],7,21,9521a5a0575e84e422316a3e74d0a58ceac45ce87d37b6f2c85d9b526c5c0412
u01-s006-v002,question,tags[2],5,5,fbb7b5bf4ca348eeeebf8cc3660712859a5a1fbf18e83217a57ce203fb51d5c2
u01-s006-v002,question,estimatedTimeSec,2,2,39fa9ec190eee7b6f4dff1100d6343e10918d044c75eac8f9e9a2596173f80c9
u01-s006-v002,question,prerequisiteSkillIds[0],23,23,6e10216c8a6fe57deb82baf512d134cc5c24e07eada0d6aa7ca16ffbabdd75b0
u01-s006-v002,question,authoringIntent,11,33,92aa6bb99ff90754001b94d4e2c4b23a8febe31db0a343256c526e2ab9324079
u01-s006-v002,question,reviewStatus,22,22,ec809598e2f7fcc69fad54c9cd045bba62b4a0dc7c0ff90d4efdc3788c9ad8fb
u01-s006-v002,question,contentSha256,64,64,cc5ea2775dc13a1ef3e3a4dc53d39b432bd6e6e6dc89af19ad2a36e9c9692b8a
u01-s006-v002,question,contentAuthority,25,25,ed40f75ffe3d6ad4e71f6e7919d063410490de360edb425965eccd605ca9d79e
u01-s006-v003,question,questionId,13,13,65f87489ae7252cb8db0ad10e66a0033dd7aba259a7abd06a43914255def982d
u01-s006-v003,question,unitId,3,3,2055254ee30aaae13b777732834c89d7f799015d3af13b62fe05aeef8c3e0eaa
u01-s006-v003,question,topicId,18,18,e7d9d88eb7596ecb66c83bcfd7a554baef7612744a495523f5f8fae90be63bc7
u01-s006-v003,question,skillId,28,28,7104f6abd905fb0b122ab9faab9158fb5f98eed14f49afaa9f701d4c69cd5ad5
u01-s006-v003,question,difficulty,5,5,fbb7b5bf4ca348eeeebf8cc3660712859a5a1fbf18e83217a57ce203fb51d5c2
u01-s006-v003,question,type,2,2,6bc0f9c4ecb0acbebf1b9f6c816bdd66f4885f67c917d9e141cf893014fba936
u01-s006-v003,question,visualMode,9,9,9c7d54b0bf7a9369d8594201c7b11955514343809d09fbec33966c1fd9794015
u01-s006-v003,question,sourceScope,19,19,a4b669ddb8ef1883391c07a7b633f12eeaeecee7ec37c09eea4931aff6644346
u01-s006-v003,question,text,10,30,9fead2c222c0633a0a5a9ff710006c06ef249d6ccef81d01fc03f9b32699e33c
u01-s006-v003,question,choices[0],7,7,87b0c8fd6fe9f8a9addbb49b2cf05b8d5a751df19e083916c256d073a8d770d6
u01-s006-v003,question,choices[1],6,6,bf25a5416ca59ab05284cd68dfeeee410b2bdc39af436b89e419c24e62752ea3
u01-s006-v003,question,choices[2],6,6,e9b0f809c56b7fb2bd6a056aa229648daec5156bf0b2f44fd9b3afbc15d18b7b
u01-s006-v003,question,choices[3],5,5,9119ea0280dc3f3dbf0c59edf867d830c5b9b2379649b6a9f66e4f4ba165e246
u01-s006-v003,question,explanation,24,42,f8f25508d81e517e8681083653a3adb2c1b3b100097b4f61bcde161a3f9d6b12
u01-s006-v003,question,steps[0],12,36,db93f726f8c5f0d8cb6e3a5c753e8d7d921f316fb84472f859ad6dac5011d9ad
u01-s006-v003,question,steps[1],7,21,93f0f2cc0183813aa2e0efa10eed6209f6135d093d110c77d58f87c4285ae8d4
u01-s006-v003,question,steps[2],6,18,8acebaf4c5d68e6df3ba0a13ae4d5e59b87761829ac4d10e6a90c1268d6aba32
u01-s006-v003,question,optionAnalysis[0].choice,7,7,87b0c8fd6fe9f8a9addbb49b2cf05b8d5a751df19e083916c256d073a8d770d6
u01-s006-v003,question,optionAnalysis[0].reason,7,21,2cde5bebdeafb9cbb238ae4f481c4c2ce34357846f1e46f8f5d35895417e1ad8
u01-s006-v003,question,optionAnalysis[1].choice,6,6,bf25a5416ca59ab05284cd68dfeeee410b2bdc39af436b89e419c24e62752ea3
u01-s006-v003,question,optionAnalysis[1].reason,10,26,28ad4b1156f7e539bc2f508799b0641f1aa09a2ff1274f041c8adfc55ac58c09
u01-s006-v003,question,optionAnalysis[2].choice,6,6,e9b0f809c56b7fb2bd6a056aa229648daec5156bf0b2f44fd9b3afbc15d18b7b
u01-s006-v003,question,optionAnalysis[2].reason,11,21,053342014acee4e8b5b630a7bb6385aa0441a0977a6061beaaa88106f97468de
u01-s006-v003,question,optionAnalysis[3].choice,5,5,9119ea0280dc3f3dbf0c59edf867d830c5b9b2379649b6a9f66e4f4ba165e246
u01-s006-v003,question,optionAnalysis[3].reason,8,18,531f3c49a4b36678122ca5b3acc250bfb3466e5d0bb714c6f4a51bb6481d3894
u01-s006-v003,question,commonMistake,16,48,63f01889e4d6e0e5cd3e7bdfe0b8a59d8347558eca4f1fd1fdcd249ef73d663b
u01-s006-v003,question,concept,8,24,d2d8c93f4ee1d6909a92245912183faec4d27ecca780543fecddbde7de8c394b
u01-s006-v003,question,tags[0],3,9,fd41540cbdbecb9b5fa7116d27c68e378548ab62ab7c7ca4494730a81ea87667
u01-s006-v003,question,tags[1],7,21,9521a5a0575e84e422316a3e74d0a58ceac45ce87d37b6f2c85d9b526c5c0412
u01-s006-v003,question,tags[2],5,5,fbb7b5bf4ca348eeeebf8cc3660712859a5a1fbf18e83217a57ce203fb51d5c2
u01-s006-v003,question,estimatedTimeSec,2,2,39fa9ec190eee7b6f4dff1100d6343e10918d044c75eac8f9e9a2596173f80c9
u01-s006-v003,question,prerequisiteSkillIds[0],23,23,6e10216c8a6fe57deb82baf512d134cc5c24e07eada0d6aa7ca16ffbabdd75b0
u01-s006-v003,question,authoringIntent,13,39,eda1025e7f919a236f6128119052865ab651404493414c18cc190ecc117417d0
u01-s006-v003,question,reviewStatus,22,22,ec809598e2f7fcc69fad54c9cd045bba62b4a0dc7c0ff90d4efdc3788c9ad8fb
u01-s006-v003,question,contentSha256,64,64,9278b3539b7f4dc115b2571d410fbcf05c2e4939803e61ef6ed771050c3830e9
u01-s006-v003,question,contentAuthority,25,25,ed40f75ffe3d6ad4e71f6e7919d063410490de360edb425965eccd605ca9d79e
u01-s006-v004,question,questionId,13,13,a54c416a8fc79031c9849cc1a59474b645fec19368ca9d1a520128bca0b3e022
u01-s006-v004,question,unitId,3,3,2055254ee30aaae13b777732834c89d7f799015d3af13b62fe05aeef8c3e0eaa
u01-s006-v004,question,topicId,18,18,e7d9d88eb7596ecb66c83bcfd7a554baef7612744a495523f5f8fae90be63bc7
u01-s006-v004,question,skillId,28,28,7104f6abd905fb0b122ab9faab9158fb5f98eed14f49afaa9f701d4c69cd5ad5
u01-s006-v004,question,difficulty,8,8,fe6d3468cf5c74d8ec2a95b40f2e05338c37a4202f8fad692d2b64a9cf9b468a
u01-s006-v004,question,type,2,2,6bc0f9c4ecb0acbebf1b9f6c816bdd66f4885f67c917d9e141cf893014fba936
u01-s006-v004,question,visualMode,9,9,9c7d54b0bf7a9369d8594201c7b11955514343809d09fbec33966c1fd9794015
u01-s006-v004,question,sourceScope,19,19,a4b669ddb8ef1883391c07a7b633f12eeaeecee7ec37c09eea4931aff6644346
u01-s006-v004,question,text,19,39,cd51dacb996d630d86e6cf4b37bd785043ac69ac18efe04720ecbb86923a6d5c
u01-s006-v004,question,choices[0],4,8,f796bcdac79c17b4c2ff861fe0cc781f775a5fbeb42c107ee825e6bd28ae53b9
u01-s006-v004,question,choices[1],5,9,229390befc3f866f4c26d31288092059e5b97fbd5b8bab3fa78879de9201a927
u01-s006-v004,question,choices[2],5,7,02eeb680cb022e463776cdf33df5e141acc571928c16c8542c062bfad28c3b78
u01-s006-v004,question,choices[3],6,8,2a8ec1872d187738854b5b1df186177cef3819550b0d99d04e289360138d73d4
u01-s006-v004,question,explanation,27,57,62c1c3a18d31071523c4a9c20a779c8417dae5f4c93dd69bbdf11870fbeba8a7
u01-s006-v004,question,steps[0],12,26,d63c28a135e331e915399f21890a0d3f832334d950240894f25d11fd264db5a8
u01-s006-v004,question,steps[1],7,17,f919a147fc263bead5a679d42b41530d0b7532e0d100694aca85523e6eb2082f
u01-s006-v004,question,steps[2],8,18,0ff1d06883b61777f9e52d417a80c8d1537b0118c29d1711d3135bcc7fdaf0d5
u01-s006-v004,question,optionAnalysis[0].choice,4,8,f796bcdac79c17b4c2ff861fe0cc781f775a5fbeb42c107ee825e6bd28ae53b9
u01-s006-v004,question,optionAnalysis[0].reason,6,18,7fad6640d434379f18713ffca54fc754f47588d92853f5d92a47b66f8ff91d6c
u01-s006-v004,question,optionAnalysis[1].choice,5,9,229390befc3f866f4c26d31288092059e5b97fbd5b8bab3fa78879de9201a927
u01-s006-v004,question,optionAnalysis[1].reason,6,18,1ca4cd566f64c651d1698ad986dba7fefdf1f2d6c42d0f1a7035f37057c9cc72
u01-s006-v004,question,optionAnalysis[2].choice,5,7,02eeb680cb022e463776cdf33df5e141acc571928c16c8542c062bfad28c3b78
u01-s006-v004,question,optionAnalysis[2].reason,7,17,a88c46941693900a7f434fd8660adeb427a4bb391e7a29f385a7648f430fb965
u01-s006-v004,question,optionAnalysis[3].choice,6,8,2a8ec1872d187738854b5b1df186177cef3819550b0d99d04e289360138d73d4
u01-s006-v004,question,optionAnalysis[3].reason,5,8,da01da856a671a96be88c9a9c1a30c8cd3446f0a23036cfc51137f9a837881a3
u01-s006-v004,question,commonMistake,7,19,90d611ea8c53a41bcbbe9ed9b0fddf02ba7e99870ef19ab1ccc09f266988e86f
u01-s006-v004,question,concept,16,40,c738aff8e3dcf6ab37b3910618ce7a3f2e1ca656f52bbb44e4558cb877588676
u01-s006-v004,question,tags[0],3,9,fd41540cbdbecb9b5fa7116d27c68e378548ab62ab7c7ca4494730a81ea87667
u01-s006-v004,question,tags[1],7,21,9521a5a0575e84e422316a3e74d0a58ceac45ce87d37b6f2c85d9b526c5c0412
u01-s006-v004,question,tags[2],8,8,fe6d3468cf5c74d8ec2a95b40f2e05338c37a4202f8fad692d2b64a9cf9b468a
u01-s006-v004,question,estimatedTimeSec,2,2,39fa9ec190eee7b6f4dff1100d6343e10918d044c75eac8f9e9a2596173f80c9
u01-s006-v004,question,prerequisiteSkillIds[0],23,23,6e10216c8a6fe57deb82baf512d134cc5c24e07eada0d6aa7ca16ffbabdd75b0
u01-s006-v004,question,authoringIntent,12,36,1de3fccd3f61194948997f65139f3b32fef01dfbc4aa4a3b1b893e5f4a89595c
u01-s006-v004,question,reviewStatus,22,22,ec809598e2f7fcc69fad54c9cd045bba62b4a0dc7c0ff90d4efdc3788c9ad8fb
u01-s006-v004,question,contentSha256,64,64,a32521ea0a15ecde0e04d5a7cc003ebb3be3dd9612bde38358beb1850faecead
u01-s006-v004,question,contentAuthority,25,25,ed40f75ffe3d6ad4e71f6e7919d063410490de360edb425965eccd605ca9d79e
u01-s006-v005,question,questionId,13,13,b7d5ddbd5f83a3cfefc96d210a4fedded5a5caa07128b3a31ef89aac27d2444a
u01-s006-v005,question,unitId,3,3,2055254ee30aaae13b777732834c89d7f799015d3af13b62fe05aeef8c3e0eaa
u01-s006-v005,question,topicId,18,18,e7d9d88eb7596ecb66c83bcfd7a554baef7612744a495523f5f8fae90be63bc7
u01-s006-v005,question,skillId,28,28,7104f6abd905fb0b122ab9faab9158fb5f98eed14f49afaa9f701d4c69cd5ad5
u01-s006-v005,question,difficulty,8,8,fe6d3468cf5c74d8ec2a95b40f2e05338c37a4202f8fad692d2b64a9cf9b468a
u01-s006-v005,question,type,2,2,6bc0f9c4ecb0acbebf1b9f6c816bdd66f4885f67c917d9e141cf893014fba936
u01-s006-v005,question,visualMode,9,9,9c7d54b0bf7a9369d8594201c7b11955514343809d09fbec33966c1fd9794015
u01-s006-v005,question,sourceScope,19,19,a4b669ddb8ef1883391c07a7b633f12eeaeecee7ec37c09eea4931aff6644346
u01-s006-v005,question,text,21,43,d9ce5d5ecbee192e5829c44c22fb53d19869d3da68aaee8cb0b75672c8833483
u01-s006-v005,question,choices[0],8,8,7391fd43ed89cb9bea5625738c98c1412b643a89aad9e047da619053432239a3
u01-s006-v005,question,choices[1],8,8,f4084a838ddd4fef298f8ebbe11b3500b875411c6c83bd6c2a9c341edd330255
u01-s006-v005,question,choices[2],8,8,53ef1577693366001a8b2ca903a54cf98104c3397787a08362d4c22bb391d7d6
u01-s006-v005,question,choices[3],4,12,6b311162e3d3926c9f37f5484d0bdd36b5289cb39e2d0d46cf31719eff8df4d7
u01-s006-v005,question,explanation,20,30,a9b48790b4553a84830086cd98e3015271ee0af06e0be6826b07303943a7fa24
u01-s006-v005,question,steps[0],8,24,fbe91b72f0d419594e309d8fecd60a1efb71babc62a67556ee3af8b36e113d18
u01-s006-v005,question,steps[1],6,14,5dd9a6c4e47e12f5084aaf615ced5f7b912e64fa166e9a60ddce5f75aa2d6348
u01-s006-v005,question,steps[2],6,12,67ad4c2ba55b7d6b431eb8c892539f7dea13d11220560e88cbd0e087e84418dc
u01-s006-v005,question,optionAnalysis[0].choice,8,8,7391fd43ed89cb9bea5625738c98c1412b643a89aad9e047da619053432239a3
u01-s006-v005,question,optionAnalysis[0].reason,10,24,ad9e1c35ff382b41bbb2061ce84cda92d98400bda5c6ec3edb749dc5e8749bae
u01-s006-v005,question,optionAnalysis[1].choice,8,8,f4084a838ddd4fef298f8ebbe11b3500b875411c6c83bd6c2a9c341edd330255
u01-s006-v005,question,optionAnalysis[1].reason,5,15,3ae76a26fe54c0738ba503b6aa9503ee9253e720a5ad399de8adf8cc55dac233
u01-s006-v005,question,optionAnalysis[2].choice,8,8,53ef1577693366001a8b2ca903a54cf98104c3397787a08362d4c22bb391d7d6
u01-s006-v005,question,optionAnalysis[2].reason,6,14,4f5762869a4b7a9b513097c69a9fb7d7f651273db851e3adb6a45a85ee201c0d
u01-s006-v005,question,optionAnalysis[3].choice,4,12,6b311162e3d3926c9f37f5484d0bdd36b5289cb39e2d0d46cf31719eff8df4d7
u01-s006-v005,question,optionAnalysis[3].reason,6,18,ab35c0ee8809f44ddc3f48a8fedb020bbf01407038bae78dc3f4b0ddeac4cefb
u01-s006-v005,question,commonMistake,21,51,63ed5c505e1f683afe698212436568d585fb444ba84ee5d1aaadc4c9637dd674
u01-s006-v005,question,concept,15,43,202d672ca9076506f4f45db1013012b7b84cb8101646b3592102b653497c2aa7
u01-s006-v005,question,tags[0],3,9,fd41540cbdbecb9b5fa7116d27c68e378548ab62ab7c7ca4494730a81ea87667
u01-s006-v005,question,tags[1],7,21,9521a5a0575e84e422316a3e74d0a58ceac45ce87d37b6f2c85d9b526c5c0412
u01-s006-v005,question,tags[2],8,8,fe6d3468cf5c74d8ec2a95b40f2e05338c37a4202f8fad692d2b64a9cf9b468a
u01-s006-v005,question,estimatedTimeSec,2,2,39fa9ec190eee7b6f4dff1100d6343e10918d044c75eac8f9e9a2596173f80c9
u01-s006-v005,question,prerequisiteSkillIds[0],23,23,6e10216c8a6fe57deb82baf512d134cc5c24e07eada0d6aa7ca16ffbabdd75b0
u01-s006-v005,question,authoringIntent,9,27,8d5406baca7cf5ced345cd627e4db54514c2edbafda9c2f3e03850a1bea09f07
u01-s006-v005,question,reviewStatus,22,22,ec809598e2f7fcc69fad54c9cd045bba62b4a0dc7c0ff90d4efdc3788c9ad8fb
u01-s006-v005,question,contentSha256,64,64,497438fabcb88001b8889aab0fd2d0c4cfdf5b72ebc3bba4d87f63162adfdccc
u01-s006-v005,question,contentAuthority,25,25,ed40f75ffe3d6ad4e71f6e7919d063410490de360edb425965eccd605ca9d79e
u01-s006-v006,question,questionId,13,13,0b2ea427d0b308cf31d56302dd7b474f6fa50cdcbce733e73496dd8983fa02cd
u01-s006-v006,question,unitId,3,3,2055254ee30aaae13b777732834c89d7f799015d3af13b62fe05aeef8c3e0eaa
u01-s006-v006,question,topicId,18,18,e7d9d88eb7596ecb66c83bcfd7a554baef7612744a495523f5f8fae90be63bc7
u01-s006-v006,question,skillId,28,28,7104f6abd905fb0b122ab9faab9158fb5f98eed14f49afaa9f701d4c69cd5ad5
u01-s006-v006,question,difficulty,8,8,fe6d3468cf5c74d8ec2a95b40f2e05338c37a4202f8fad692d2b64a9cf9b468a
u01-s006-v006,question,type,2,2,6bc0f9c4ecb0acbebf1b9f6c816bdd66f4885f67c917d9e141cf893014fba936
u01-s006-v006,question,visualMode,9,9,9c7d54b0bf7a9369d8594201c7b11955514343809d09fbec33966c1fd9794015
u01-s006-v006,question,sourceScope,19,19,a4b669ddb8ef1883391c07a7b633f12eeaeecee7ec37c09eea4931aff6644346
u01-s006-v006,question,text,12,24,de305066241a9e9307f7a42e15eab56ef220f8a982853a52872b4c98b5d30f44
u01-s006-v006,question,choices[0],1,1,4b227777d4dd1fc61c6f884f48641d02b4d121d3fd328cb08b5531fcacdabf8a
u01-s006-v006,question,choices[1],2,2,e5e0093f285a4fb94c3fcc2ad7fd04edd10d429ccda87a9aa5e4718efadf182e
u01-s006-v006,question,choices[2],1,1,5feceb66ffc86f38d952786c6d696c79c2dbc239dd4e91b46729d73a27fb57e9
u01-s006-v006,question,choices[3],2,2,e91592205d3881e3ea35d66973bb4898d7282126ab5afcb355c95d2fc17f3822
u01-s006-v006,question,explanation,25,55,12b5e898eb7b11ed958984aadcfe2a7c6e7fe55ddda5d1f8b86450e2dcac330c
u01-s006-v006,question,steps[0],8,22,f5a865d7c2b0771c8466dd249acb7f0c17efeff7908b68c2ac7c5b74a7ca24ae
u01-s006-v006,question,steps[1],8,24,5447855a30469693fc7aae44eca2aa2312eb2a2ee694dbca21900ebfa526a418
u01-s006-v006,question,steps[2],5,11,6f3ee94d1c18987af83086212edb44ee32f1fa8e3c528f025f2dba8c9d7a5a95
u01-s006-v006,question,optionAnalysis[0].choice,1,1,4b227777d4dd1fc61c6f884f48641d02b4d121d3fd328cb08b5531fcacdabf8a
u01-s006-v006,question,optionAnalysis[0].reason,7,21,306e0e63de186aa05299b93e4be78280d5cba651f1b910b305d01a5490543646
u01-s006-v006,question,optionAnalysis[1].choice,2,2,e5e0093f285a4fb94c3fcc2ad7fd04edd10d429ccda87a9aa5e4718efadf182e
u01-s006-v006,question,optionAnalysis[1].reason,14,16,c57825f8f4b08b317504aa730f6f1e9390327ae91cb000ae1b1a06bbeb6c0b21
u01-s006-v006,question,optionAnalysis[2].choice,1,1,5feceb66ffc86f38d952786c6d696c79c2dbc239dd4e91b46729d73a27fb57e9
u01-s006-v006,question,optionAnalysis[2].reason,8,24,55955c735d258be295b5adcc408528e0a9f4880d317f529ef487720b89c2a5f3
u01-s006-v006,question,optionAnalysis[3].choice,2,2,e91592205d3881e3ea35d66973bb4898d7282126ab5afcb355c95d2fc17f3822
u01-s006-v006,question,optionAnalysis[3].reason,5,13,16d3d1afbd8292d81b792c01a3609e56ad9296c185d5ed25f51f707d3445879a
u01-s006-v006,question,commonMistake,15,45,16f255f4970be2299460d5f91327c6b858b984715b9328fb77e88dbb7bf62b8f
u01-s006-v006,question,concept,14,42,3bcdeded549062b290e1be852079878aa6895bb9dd394fdc01878958a320243c
u01-s006-v006,question,tags[0],3,9,fd41540cbdbecb9b5fa7116d27c68e378548ab62ab7c7ca4494730a81ea87667
u01-s006-v006,question,tags[1],7,21,9521a5a0575e84e422316a3e74d0a58ceac45ce87d37b6f2c85d9b526c5c0412
u01-s006-v006,question,tags[2],8,8,fe6d3468cf5c74d8ec2a95b40f2e05338c37a4202f8fad692d2b64a9cf9b468a
u01-s006-v006,question,estimatedTimeSec,2,2,39fa9ec190eee7b6f4dff1100d6343e10918d044c75eac8f9e9a2596173f80c9
u01-s006-v006,question,prerequisiteSkillIds[0],23,23,6e10216c8a6fe57deb82baf512d134cc5c24e07eada0d6aa7ca16ffbabdd75b0
u01-s006-v006,question,authoringIntent,12,36,5e6fa16364ccde8ace34091ce4bc36381c5ae1a1c45356de2b74abb9d3a532ff
u01-s006-v006,question,reviewStatus,22,22,ec809598e2f7fcc69fad54c9cd045bba62b4a0dc7c0ff90d4efdc3788c9ad8fb
u01-s006-v006,question,contentSha256,64,64,2d49ccd67ee0aa81de0c5745f3ffb246a0b188d6644ed4d19aeeab034a112c26
u01-s006-v006,question,contentAuthority,25,25,ed40f75ffe3d6ad4e71f6e7919d063410490de360edb425965eccd605ca9d79e
u01-s006-v007,question,questionId,13,13,b061e267a732b2f07320aa7c370f7395082e7ef82649c64871e44978145a33d4
u01-s006-v007,question,unitId,3,3,2055254ee30aaae13b777732834c89d7f799015d3af13b62fe05aeef8c3e0eaa
u01-s006-v007,question,topicId,18,18,e7d9d88eb7596ecb66c83bcfd7a554baef7612744a495523f5f8fae90be63bc7
u01-s006-v007,question,skillId,28,28,7104f6abd905fb0b122ab9faab9158fb5f98eed14f49afaa9f701d4c69cd5ad5
u01-s006-v007,question,difficulty,8,8,d21f85ea38166303ce58e06134b5cc4a5c900c409ab2a500ff7c9225109a09bb
u01-s006-v007,question,type,2,2,6bc0f9c4ecb0acbebf1b9f6c816bdd66f4885f67c917d9e141cf893014fba936
u01-s006-v007,question,visualMode,9,9,9c7d54b0bf7a9369d8594201c7b11955514343809d09fbec33966c1fd9794015
u01-s006-v007,question,sourceScope,19,19,a4b669ddb8ef1883391c07a7b633f12eeaeecee7ec37c09eea4931aff6644346
u01-s006-v007,question,text,24,44,b8fc12407d16fb39c638fa84c6295615362828add950b9ae8e6605825c053e42
u01-s006-v007,question,choices[0],6,8,9fe4c8605e72952fd74993a8b814c17e3adb4b4ac8c147b949e87ac178154005
u01-s006-v007,question,choices[1],1,1,5feceb66ffc86f38d952786c6d696c79c2dbc239dd4e91b46729d73a27fb57e9
u01-s006-v007,question,choices[2],2,2,615bdd17c2556f82f384392ea8557f8cc88b03501c759e23093ab0b2a9b5cd48
u01-s006-v007,question,choices[3],1,1,4e07408562bedb8b60ce05c1decfe3ad16b72230967de01f640b7e4729b49fce
u01-s006-v007,question,explanation,35,60,934e3b300d7ea9f76bc2d3eced10a979f46d51001c0d90e6092d76a073827ac9
u01-s006-v007,question,steps[0],12,26,b01220fcace529b0c600ac7b0bbb871c4a5b218584a54b1f7069acbccd37cbd3
u01-s006-v007,question,steps[1],6,12,39faeb379e684b583e2de057f0c9d2b93661156402ee6abaebc2ff6fa8253120
u01-s006-v007,question,steps[2],5,11,9e19b190965a355fd5ee2d2b32142476bcf2a4ba27d7398bbec51441fb192b05
u01-s006-v007,question,optionAnalysis[0].choice,6,8,9fe4c8605e72952fd74993a8b814c17e3adb4b4ac8c147b949e87ac178154005
u01-s006-v007,question,optionAnalysis[0].reason,8,24,6f6860d87d195df85b1f9b934551d62bb13c7405f6efda25abeae2ef5b4a627a
u01-s006-v007,question,optionAnalysis[1].choice,1,1,5feceb66ffc86f38d952786c6d696c79c2dbc239dd4e91b46729d73a27fb57e9
u01-s006-v007,question,optionAnalysis[1].reason,7,19,6a022266e15cc5d00dffcb95a91529f7473f024f938efea8a183bb13e3d2c3c1
u01-s006-v007,question,optionAnalysis[2].choice,2,2,615bdd17c2556f82f384392ea8557f8cc88b03501c759e23093ab0b2a9b5cd48
u01-s006-v007,question,optionAnalysis[2].reason,13,32,7252348b3821a68e56e298e88c42ab78d5f7c044d1ea3ae9f7b684e9e92b5a9c
u01-s006-v007,question,optionAnalysis[3].choice,1,1,4e07408562bedb8b60ce05c1decfe3ad16b72230967de01f640b7e4729b49fce
u01-s006-v007,question,optionAnalysis[3].reason,7,15,d2262efdfbca6931730005a5fabe7b077a8d053a6cd3cef8a5f0c5f182fdcaee
u01-s006-v007,question,commonMistake,16,38,eddf7bb9a960608de456b0a9c3f4f5bad52af85aff923c8b10c4213d6d4a9788
u01-s006-v007,question,concept,19,57,1c9ebc6419582a7342f500c9947c56f8f2274575382d372d101b2d2bf2792eac
u01-s006-v007,question,tags[0],3,9,fd41540cbdbecb9b5fa7116d27c68e378548ab62ab7c7ca4494730a81ea87667
u01-s006-v007,question,tags[1],7,21,9521a5a0575e84e422316a3e74d0a58ceac45ce87d37b6f2c85d9b526c5c0412
u01-s006-v007,question,tags[2],8,8,d21f85ea38166303ce58e06134b5cc4a5c900c409ab2a500ff7c9225109a09bb
u01-s006-v007,question,estimatedTimeSec,2,2,39fa9ec190eee7b6f4dff1100d6343e10918d044c75eac8f9e9a2596173f80c9
u01-s006-v007,question,prerequisiteSkillIds[0],23,23,6e10216c8a6fe57deb82baf512d134cc5c24e07eada0d6aa7ca16ffbabdd75b0
u01-s006-v007,question,authoringIntent,13,39,3291d3111d454b00b174916b714b226ca1861197f4135533b5ca6f1ff99376a9
u01-s006-v007,question,reviewStatus,22,22,ec809598e2f7fcc69fad54c9cd045bba62b4a0dc7c0ff90d4efdc3788c9ad8fb
u01-s006-v007,question,contentSha256,64,64,be5bca7cb83e3d0cc676c07a85ce14380ecdb142c15638eb3a8582d394107e7c
u01-s006-v007,question,contentAuthority,25,25,ed40f75ffe3d6ad4e71f6e7919d063410490de360edb425965eccd605ca9d79e
u01-s006-v008,question,questionId,13,13,c6312bf991b4b1094d3a492083d2ee8a5c5712e5175fae1cc94453aea1e8feb9
u01-s006-v008,question,unitId,3,3,2055254ee30aaae13b777732834c89d7f799015d3af13b62fe05aeef8c3e0eaa
u01-s006-v008,question,topicId,18,18,e7d9d88eb7596ecb66c83bcfd7a554baef7612744a495523f5f8fae90be63bc7
u01-s006-v008,question,skillId,28,28,7104f6abd905fb0b122ab9faab9158fb5f98eed14f49afaa9f701d4c69cd5ad5
u01-s006-v008,question,difficulty,8,8,d21f85ea38166303ce58e06134b5cc4a5c900c409ab2a500ff7c9225109a09bb
u01-s006-v008,question,type,2,2,6bc0f9c4ecb0acbebf1b9f6c816bdd66f4885f67c917d9e141cf893014fba936
u01-s006-v008,question,visualMode,9,9,9c7d54b0bf7a9369d8594201c7b11955514343809d09fbec33966c1fd9794015
u01-s006-v008,question,sourceScope,19,19,a4b669ddb8ef1883391c07a7b633f12eeaeecee7ec37c09eea4931aff6644346
u01-s006-v008,question,text,22,48,a5d9f30dd05d5b74a39268b8fe4afea2637127c7e3cb6d80367f9729877757e8
u01-s006-v008,question,choices[0],3,5,1a91dcd01fa9c8bc99fb5d6a879fff5300cf0ac35c32d1d0cf49a0799243fec3
u01-s006-v008,question,choices[1],3,5,4be80fb227db37c2a641ae6ff71e61e585a83dfb99b9fcbe307f1070a4a3b519
u01-s006-v008,question,choices[2],3,5,180cd8f025ba3848a6c8423f1d3c82272c7729c0100691d59a1008a9b872b6ad
u01-s006-v008,question,choices[3],3,5,5f1bd80083c6c8627be7b510d341bf909531cc088126ece3a95756cdeafce9c6
u01-s006-v008,question,explanation,30,62,0d61365887313a63222cda793b4f1e887cc54ae265161bae24879eeb0c94b812
u01-s006-v008,question,steps[0],11,27,62cec4ebba0c8492b1129467f106bd6b05b38e7bb4aa2c0aff11f7e724081a51
u01-s006-v008,question,steps[1],10,30,e9bf0644d7e2dac6dba28d8ea24672c64d3e72eab26a97541f76bb8650eb726a
u01-s006-v008,question,steps[2],13,25,081043ed9f0593c03f1bf0151e2cfe1806339390f5feab2fc1f6593b97297b14
u01-s006-v008,question,optionAnalysis[0].choice,3,5,1a91dcd01fa9c8bc99fb5d6a879fff5300cf0ac35c32d1d0cf49a0799243fec3
u01-s006-v008,question,optionAnalysis[0].reason,4,10,b2c845c88fa2afa1bf341ba9aeb3cb42400f4d55c697aeaa55a70646ecd1d483
u01-s006-v008,question,optionAnalysis[1].choice,3,5,4be80fb227db37c2a641ae6ff71e61e585a83dfb99b9fcbe307f1070a4a3b519
u01-s006-v008,question,optionAnalysis[1].reason,7,19,1f1cd957ea88df15b668793e77a3606cf993504e525fec583e2e7a0af95cf899
u01-s006-v008,question,optionAnalysis[2].choice,3,5,180cd8f025ba3848a6c8423f1d3c82272c7729c0100691d59a1008a9b872b6ad
u01-s006-v008,question,optionAnalysis[2].reason,7,21,ccc6ff43376a19b52a197c951d5652c70999bfcc1c5abf916bc0fc034afc1291
u01-s006-v008,question,optionAnalysis[3].choice,3,5,5f1bd80083c6c8627be7b510d341bf909531cc088126ece3a95756cdeafce9c6
u01-s006-v008,question,optionAnalysis[3].reason,14,22,35e3dd7e9765df6c5257fdaf3db0b7d721506f54bc2b6098e27b344e96b25832
u01-s006-v008,question,commonMistake,18,44,ed239fba45ef4f87308ddf4536c296f2eceabae6c432ae5f2e527c5b031f30c7
u01-s006-v008,question,concept,17,33,8b299cc09c6a2b1d1b6aac6770799515593c226be8d38ea0005fa124a6119c9a
u01-s006-v008,question,tags[0],3,9,fd41540cbdbecb9b5fa7116d27c68e378548ab62ab7c7ca4494730a81ea87667
u01-s006-v008,question,tags[1],7,21,9521a5a0575e84e422316a3e74d0a58ceac45ce87d37b6f2c85d9b526c5c0412
u01-s006-v008,question,tags[2],8,8,d21f85ea38166303ce58e06134b5cc4a5c900c409ab2a500ff7c9225109a09bb
u01-s006-v008,question,estimatedTimeSec,2,2,39fa9ec190eee7b6f4dff1100d6343e10918d044c75eac8f9e9a2596173f80c9
u01-s006-v008,question,prerequisiteSkillIds[0],23,23,6e10216c8a6fe57deb82baf512d134cc5c24e07eada0d6aa7ca16ffbabdd75b0
u01-s006-v008,question,authoringIntent,15,45,5b33d5193725d496d7c36404700865c09b9f2e103d089d5408b2b28abde888d8
u01-s006-v008,question,reviewStatus,22,22,ec809598e2f7fcc69fad54c9cd045bba62b4a0dc7c0ff90d4efdc3788c9ad8fb
u01-s006-v008,question,contentSha256,64,64,e17972be3cba92b69fc7575fe8e90f6daf6d9e65ab89c92d9af97cd78f0973de
u01-s006-v008,question,contentAuthority,25,25,ed40f75ffe3d6ad4e71f6e7919d063410490de360edb425965eccd605ca9d79e
u01-s006-v009,question,questionId,13,13,c2e3ebbf66e374e1bc293592ea5b673f1fde28a3c85046756cf721036bdb9721
u01-s006-v009,question,unitId,3,3,2055254ee30aaae13b777732834c89d7f799015d3af13b62fe05aeef8c3e0eaa
u01-s006-v009,question,topicId,18,18,e7d9d88eb7596ecb66c83bcfd7a554baef7612744a495523f5f8fae90be63bc7
u01-s006-v009,question,skillId,28,28,7104f6abd905fb0b122ab9faab9158fb5f98eed14f49afaa9f701d4c69cd5ad5
u01-s006-v009,question,difficulty,8,8,d21f85ea38166303ce58e06134b5cc4a5c900c409ab2a500ff7c9225109a09bb
u01-s006-v009,question,type,2,2,6bc0f9c4ecb0acbebf1b9f6c816bdd66f4885f67c917d9e141cf893014fba936
u01-s006-v009,question,visualMode,9,9,9c7d54b0bf7a9369d8594201c7b11955514343809d09fbec33966c1fd9794015
u01-s006-v009,question,sourceScope,19,19,a4b669ddb8ef1883391c07a7b633f12eeaeecee7ec37c09eea4931aff6644346
u01-s006-v009,question,text,15,27,02a95813425e012eb45b0ca8d26752d42ff352a99b799731bdeeee88fe52b0d1
u01-s006-v009,question,choices[0],1,1,ef2d127de37b942baad06145e54b0c619a1f22327b2ebbcfbec78f5564afe39d
u01-s006-v009,question,choices[1],2,2,37aa1ccf80e481832b2db282d4d4f895ee1e31219b7d0f6aee8dc8968828341b
u01-s006-v009,question,choices[2],1,1,19581e27de7ced00ff1ce50b2047e7a567c76b1cbaebabe5ef03f7c3017bb5b7
u01-s006-v009,question,choices[3],2,2,d5c534fde62beb89c745a59952c8efed8b7523cbd047e682782e4367de9ea3bf
u01-s006-v009,question,explanation,22,32,2ca65042b2dd3b82146d0b145df0f027abcf7ef4dd6cedd612dce43c9ace2e80
u01-s006-v009,question,steps[0],8,24,fbe91b72f0d419594e309d8fecd60a1efb71babc62a67556ee3af8b36e113d18
u01-s006-v009,question,steps[1],6,14,206d4a320cbc5d899c74646c2bf42b8d3ae4a67dbd6875eb8e96ed1f6c49971e
u01-s006-v009,question,steps[2],5,13,96d1febd4c7a039859eecc0fcc5da452982bb415d12848f272c08ac3119a47df
u01-s006-v009,question,optionAnalysis[0].choice,1,1,ef2d127de37b942baad06145e54b0c619a1f22327b2ebbcfbec78f5564afe39d
u01-s006-v009,question,optionAnalysis[0].reason,6,8,38839ba0236a7988ee3ea4947aa7a920281be30138bdf6925739a8661c7dea44
u01-s006-v009,question,optionAnalysis[1].choice,2,2,37aa1ccf80e481832b2db282d4d4f895ee1e31219b7d0f6aee8dc8968828341b
u01-s006-v009,question,optionAnalysis[1].reason,8,24,a178d3e61339139a4baf36e7b5132c6836f78cf4bc92435c6158e0503f91a32d
u01-s006-v009,question,optionAnalysis[2].choice,1,1,19581e27de7ced00ff1ce50b2047e7a567c76b1cbaebabe5ef03f7c3017bb5b7
u01-s006-v009,question,optionAnalysis[2].reason,6,18,ede2ce42d3885b89c806d4a3ef8a0befb9f2c7fe37c3be3ed003ea3385144be4
u01-s006-v009,question,optionAnalysis[3].choice,2,2,d5c534fde62beb89c745a59952c8efed8b7523cbd047e682782e4367de9ea3bf
u01-s006-v009,question,optionAnalysis[3].reason,7,21,a80438501a2f4b9655e7ab2e6163e933e3653281907819ee4b109bf8369862c0
u01-s006-v009,question,commonMistake,23,31,673e9252f6e486045f41324246ab57bcaf51218f07d4b94ff27bdf368e5f5e53
u01-s006-v009,question,concept,21,63,148a59fee82f9c1e78e94fe600655ddbe431e4e40ecc9920d35a9b0e39dcdba8
u01-s006-v009,question,tags[0],3,9,fd41540cbdbecb9b5fa7116d27c68e378548ab62ab7c7ca4494730a81ea87667
u01-s006-v009,question,tags[1],7,21,9521a5a0575e84e422316a3e74d0a58ceac45ce87d37b6f2c85d9b526c5c0412
u01-s006-v009,question,tags[2],8,8,d21f85ea38166303ce58e06134b5cc4a5c900c409ab2a500ff7c9225109a09bb
u01-s006-v009,question,estimatedTimeSec,2,2,39fa9ec190eee7b6f4dff1100d6343e10918d044c75eac8f9e9a2596173f80c9
u01-s006-v009,question,prerequisiteSkillIds[0],23,23,6e10216c8a6fe57deb82baf512d134cc5c24e07eada0d6aa7ca16ffbabdd75b0
u01-s006-v009,question,authoringIntent,10,30,5e1e71ffc062f0f3fadd8e3e554823b93d5c3abbc11924319023563d98e3b8f2
u01-s006-v009,question,reviewStatus,22,22,ec809598e2f7fcc69fad54c9cd045bba62b4a0dc7c0ff90d4efdc3788c9ad8fb
u01-s006-v009,question,contentSha256,64,64,2150984afc29d2f1f952a652cff758346b4a696ee960a487e883452e9fe1482a
u01-s006-v009,question,contentAuthority,25,25,ed40f75ffe3d6ad4e71f6e7919d063410490de360edb425965eccd605ca9d79e
u01-s006-v010,question,questionId,13,13,1195661bf7e0dc9ff7ce42dedb83b33db5fb4864a51a72e007177200c7e08647
u01-s006-v010,question,unitId,3,3,2055254ee30aaae13b777732834c89d7f799015d3af13b62fe05aeef8c3e0eaa
u01-s006-v010,question,topicId,18,18,e7d9d88eb7596ecb66c83bcfd7a554baef7612744a495523f5f8fae90be63bc7
u01-s006-v010,question,skillId,28,28,7104f6abd905fb0b122ab9faab9158fb5f98eed14f49afaa9f701d4c69cd5ad5
u01-s006-v010,question,difficulty,8,8,578756ca4aa16d8872610a5aaa78460fd30fbe93379ff7284fe65d66ca606755
u01-s006-v010,question,type,2,2,6bc0f9c4ecb0acbebf1b9f6c816bdd66f4885f67c917d9e141cf893014fba936
u01-s006-v010,question,visualMode,9,9,9c7d54b0bf7a9369d8594201c7b11955514343809d09fbec33966c1fd9794015
u01-s006-v010,question,sourceScope,19,19,a4b669ddb8ef1883391c07a7b633f12eeaeecee7ec37c09eea4931aff6644346
u01-s006-v010,question,text,44,110,37a97bea9acb94aa24c35af5f5c6788fd6ffaa086c35c9098fb4d7e54fc61981
u01-s006-v010,question,choices[0],4,5,b55ff0fed7062ba3049fcdf44043ecc16ab231baa118632184c607db46ef6c5c
u01-s006-v010,question,choices[1],3,4,5208555e1d502c5a559f3bbe5162ad4d470840f6ecf109f59cc824d36b58fc3b
u01-s006-v010,question,choices[2],5,6,0d06495bbcab611437d61be16d2c78adca8857a40ba4b471e7ea966eebd68b95
u01-s006-v010,question,choices[3],5,6,d62d325bb3561812b5f8df10c1443f326350047b9fc92fb87317bfb932f0059e
u01-s006-v010,question,explanation,30,63,ca0eeb211034294ab8cc9421466e6ebcc3820663a49fe74eebafc2f887866a4a
u01-s006-v010,question,steps[0],10,22,bab7b4914b6296537cd8305a48b319ec38c86c51bf949a543af74f304c9c69e3
u01-s006-v010,question,steps[1],7,19,2b5080c7df1f3d175e0529461d16a47093425ee24bfa0bc3ebe69337735d7095
u01-s006-v010,question,steps[2],6,15,aa59e21e2e37f454dc5cd88ae58384ae4cdcba711eacf71252f961a1fa6d3d59
u01-s006-v010,question,optionAnalysis[0].choice,4,5,b55ff0fed7062ba3049fcdf44043ecc16ab231baa118632184c607db46ef6c5c
u01-s006-v010,question,optionAnalysis[0].reason,16,44,317800ae1eddcc59418a205436c04334f92cdf158afd0535bfe05977872592a4
u01-s006-v010,question,optionAnalysis[1].choice,3,4,5208555e1d502c5a559f3bbe5162ad4d470840f6ecf109f59cc824d36b58fc3b
u01-s006-v010,question,optionAnalysis[1].reason,14,17,b91779d23bec373cdc5c1dccd7f50222556c0b515f9a0efea59117d27889fb1b
u01-s006-v010,question,optionAnalysis[2].choice,5,6,0d06495bbcab611437d61be16d2c78adca8857a40ba4b471e7ea966eebd68b95
u01-s006-v010,question,optionAnalysis[2].reason,6,18,1f6b5f30a86556eff0544db44d7585cee7e5a6246c0ae41dc48d5bcf3164b9e6
u01-s006-v010,question,optionAnalysis[3].choice,5,6,d62d325bb3561812b5f8df10c1443f326350047b9fc92fb87317bfb932f0059e
u01-s006-v010,question,optionAnalysis[3].reason,7,21,c2be4eeb25df5d26540c16b288eed7088f165ed6188615541eac5cc8678582b7
u01-s006-v010,question,commonMistake,23,58,6fee28b3af78b6fc1a19982b248e7e1aebce353f49f62209b101323ecaa0ceba
u01-s006-v010,question,concept,16,48,7e199a7fff4cafc76efc19f5a9726b02b1033a5bb4b574aab068df1c54522168
u01-s006-v010,question,tags[0],3,9,fd41540cbdbecb9b5fa7116d27c68e378548ab62ab7c7ca4494730a81ea87667
u01-s006-v010,question,tags[1],7,21,9521a5a0575e84e422316a3e74d0a58ceac45ce87d37b6f2c85d9b526c5c0412
u01-s006-v010,question,tags[2],8,8,578756ca4aa16d8872610a5aaa78460fd30fbe93379ff7284fe65d66ca606755
u01-s006-v010,question,estimatedTimeSec,2,2,48449a14a4ff7d79bb7a1b6f3d488eba397c36ef25634c111b49baf362511afc
u01-s006-v010,question,prerequisiteSkillIds[0],23,23,6e10216c8a6fe57deb82baf512d134cc5c24e07eada0d6aa7ca16ffbabdd75b0
u01-s006-v010,question,authoringIntent,12,36,fcdce09985e8fca95865824330995dcc037fa253e0235daf93c35ef8f0389591
u01-s006-v010,question,literacyContextNecessity,29,87,83a7cf5b8be4405b27082cd44183df1096e950b3cfc7e8460495a73e35355c45
u01-s006-v010,question,reviewStatus,22,22,ec809598e2f7fcc69fad54c9cd045bba62b4a0dc7c0ff90d4efdc3788c9ad8fb
u01-s006-v010,question,contentSha256,64,64,09b0b7694b427bd371c16161317f94881d28a4cd44ddb897d164ea99a2408747
u01-s006-v010,question,contentAuthority,25,25,ed40f75ffe3d6ad4e71f6e7919d063410490de360edb425965eccd605ca9d79e
u01-s006-v011,question,questionId,13,13,edb4e188616228d71d696ea4ce9723e6987b50de0fb0651dd2e536c347524edb
u01-s006-v011,question,unitId,3,3,2055254ee30aaae13b777732834c89d7f799015d3af13b62fe05aeef8c3e0eaa
u01-s006-v011,question,topicId,18,18,e7d9d88eb7596ecb66c83bcfd7a554baef7612744a495523f5f8fae90be63bc7
u01-s006-v011,question,skillId,28,28,7104f6abd905fb0b122ab9faab9158fb5f98eed14f49afaa9f701d4c69cd5ad5
u01-s006-v011,question,difficulty,8,8,578756ca4aa16d8872610a5aaa78460fd30fbe93379ff7284fe65d66ca606755
u01-s006-v011,question,type,2,2,6bc0f9c4ecb0acbebf1b9f6c816bdd66f4885f67c917d9e141cf893014fba936
u01-s006-v011,question,visualMode,9,9,9c7d54b0bf7a9369d8594201c7b11955514343809d09fbec33966c1fd9794015
u01-s006-v011,question,sourceScope,19,19,a4b669ddb8ef1883391c07a7b633f12eeaeecee7ec37c09eea4931aff6644346
u01-s006-v011,question,text,34,88,57291b47d12b1c9575776fba9b37755a482b52c2ed09ceaca4e9d0a29d11ed66
u01-s006-v011,question,choices[0],2,2,4523540f1504cd17100c4835e85b7eefd49911580f8efff0599a8f283be6b9e3
u01-s006-v011,question,choices[1],2,2,a770d3270c9dcdedf12ed9fd70444f7c8a95c26cae3cae9bd867499090a2f14b
u01-s006-v011,question,choices[2],1,1,7902699be42c8a8e46fbbb4501726517e86b22c56a189f7625a6da49081b2451
u01-s006-v011,question,choices[3],3,3,d3471dcc109cd382f5e09a64253c2219958b5f8f07371fba48ac81fed97bb18a
u01-s006-v011,question,explanation,34,60,517c870616f14637d40ff378460d9ca1d8b26ff9e90920b767109161a734fcd6
u01-s006-v011,question,steps[0],10,30,83035e66bb68a59399753eb01ca76c38a0c516cdc7ee5c1134ce4b4470c9e82c
u01-s006-v011,question,steps[1],7,15,f8d350e67bfa2ab5175cd8c38837536b96c28f4c56e791bc4af7a4cf87ae284f
u01-s006-v011,question,steps[2],5,13,eb96c29d0b82367e808f466eb1b1d0c8632e5572538e6109d837733ba61e69b1
u01-s006-v011,question,optionAnalysis[0].choice,2,2,4523540f1504cd17100c4835e85b7eefd49911580f8efff0599a8f283be6b9e3
u01-s006-v011,question,optionAnalysis[0].reason,15,41,1b37f195cb83c10bf9c8f02804760313d202380964519e7b9a5e158c1328779d
u01-s006-v011,question,optionAnalysis[1].choice,2,2,a770d3270c9dcdedf12ed9fd70444f7c8a95c26cae3cae9bd867499090a2f14b
u01-s006-v011,question,optionAnalysis[1].reason,7,21,61cf45d214512b0b43fb98537b3a8d3a10517483d5729943e787c2d0931654ae
u01-s006-v011,question,optionAnalysis[2].choice,1,1,7902699be42c8a8e46fbbb4501726517e86b22c56a189f7625a6da49081b2451
u01-s006-v011,question,optionAnalysis[2].reason,8,16,eaea8d4becbca8ed3c5149864761aa9555e780bb69d4fb298c54be7a71df1a0b
u01-s006-v011,question,optionAnalysis[3].choice,3,3,d3471dcc109cd382f5e09a64253c2219958b5f8f07371fba48ac81fed97bb18a
u01-s006-v011,question,optionAnalysis[3].reason,5,15,32db5f565113cf4f6e464469ab64ccf69b726dd762c4729569f280e9c98c6ce6
u01-s006-v011,question,commonMistake,23,65,1a0aec3a0dc08b6848ac589e6d8c47a4d0cf5a97eb01a037cbc338008a7cca7a
u01-s006-v011,question,concept,19,57,4a0683e7cfcfbbcbf37cfb36cf6342f3aceaf25fa81f996e9149449f4756c0ab
u01-s006-v011,question,tags[0],3,9,fd41540cbdbecb9b5fa7116d27c68e378548ab62ab7c7ca4494730a81ea87667
u01-s006-v011,question,tags[1],7,21,9521a5a0575e84e422316a3e74d0a58ceac45ce87d37b6f2c85d9b526c5c0412
u01-s006-v011,question,tags[2],8,8,578756ca4aa16d8872610a5aaa78460fd30fbe93379ff7284fe65d66ca606755
u01-s006-v011,question,estimatedTimeSec,2,2,69f59c273b6e669ac32a6dd5e1b2cb63333d8b004f9696447aee2d422ce63763
u01-s006-v011,question,prerequisiteSkillIds[0],23,23,6e10216c8a6fe57deb82baf512d134cc5c24e07eada0d6aa7ca16ffbabdd75b0
u01-s006-v011,question,authoringIntent,19,57,be55ee9e083475c5e07e3675047a1b5e81a3460665bd95d9526dd7c6cd64c24d
u01-s006-v011,question,literacyContextNecessity,24,72,6ca41f1283ef988b49bbc799cb980db6d9d3a9a0c48fc31d7f91e03ef4178f9a
u01-s006-v011,question,reviewStatus,22,22,ec809598e2f7fcc69fad54c9cd045bba62b4a0dc7c0ff90d4efdc3788c9ad8fb
u01-s006-v011,question,contentSha256,64,64,114d4d8fe0e878362905e833a0fc8b02d462dacc6577db6a5ea1a71e2b41c7ed
u01-s006-v011,question,contentAuthority,25,25,ed40f75ffe3d6ad4e71f6e7919d063410490de360edb425965eccd605ca9d79e
u01-s006-v012,question,questionId,13,13,d3a04a7182e3cc8a72a121ff78b8cfb0c89ca911e4319fe756e398fb8fb4af56
u01-s006-v012,question,unitId,3,3,2055254ee30aaae13b777732834c89d7f799015d3af13b62fe05aeef8c3e0eaa
u01-s006-v012,question,topicId,18,18,e7d9d88eb7596ecb66c83bcfd7a554baef7612744a495523f5f8fae90be63bc7
u01-s006-v012,question,skillId,28,28,7104f6abd905fb0b122ab9faab9158fb5f98eed14f49afaa9f701d4c69cd5ad5
u01-s006-v012,question,difficulty,8,8,578756ca4aa16d8872610a5aaa78460fd30fbe93379ff7284fe65d66ca606755
u01-s006-v012,question,type,2,2,6bc0f9c4ecb0acbebf1b9f6c816bdd66f4885f67c917d9e141cf893014fba936
u01-s006-v012,question,visualMode,9,9,9c7d54b0bf7a9369d8594201c7b11955514343809d09fbec33966c1fd9794015
u01-s006-v012,question,sourceScope,19,19,a4b669ddb8ef1883391c07a7b633f12eeaeecee7ec37c09eea4931aff6644346
u01-s006-v012,question,text,44,114,e11db511adbf7b1d950c3e884fb054ac173e6cdf888d1044e39efcc951da3251
u01-s006-v012,question,choices[0],3,9,9f3c49eb8b235c03fc8f9cb2db46499a276379841aac864b328c0c99ba9bd994
u01-s006-v012,question,choices[1],3,9,80e7c4cb359c1938675838a499313913ad1d16c3721677b9a7ca2199c29ad590
u01-s006-v012,question,choices[2],3,9,445abeb58801de51b8114f5c71e4303fe40bb36f2ceb2da9fbb1b2495b259984
u01-s006-v012,question,choices[3],3,9,358f56ccc4a77f5f360e3e6292b4959cf67af012db741fbaa5033db8c91abb0f
u01-s006-v012,question,explanation,25,61,44078ae479097c8f3335cb6598707e4b885b95905db7a6040c3f8115c82afc1c
u01-s006-v012,question,steps[0],7,21,401893fd21825217474103f2794d472bc3ad028cee35f5a4093977a3715042ec
u01-s006-v012,question,steps[1],7,17,3d591700facd03370296f36f7c417a15ef392e1e394182edbb344c3323176b04
u01-s006-v012,question,steps[2],6,18,b9dd09fe0f772723c7d06a5c96d63946a93b16b1893db3b0705ca6d8cb447a8c
u01-s006-v012,question,optionAnalysis[0].choice,3,9,9f3c49eb8b235c03fc8f9cb2db46499a276379841aac864b328c0c99ba9bd994
u01-s006-v012,question,optionAnalysis[0].reason,6,14,3f8284903a8276df4adfae869ebf6803161fd47fbdda875a2ee5b433b9ecb273
u01-s006-v012,question,optionAnalysis[1].choice,3,9,80e7c4cb359c1938675838a499313913ad1d16c3721677b9a7ca2199c29ad590
u01-s006-v012,question,optionAnalysis[1].reason,10,28,f8f9450609238d257677bd90a4d4c152f37d6fa9beb100cb2f49c2043d98dc1d
u01-s006-v012,question,optionAnalysis[2].choice,3,9,445abeb58801de51b8114f5c71e4303fe40bb36f2ceb2da9fbb1b2495b259984
u01-s006-v012,question,optionAnalysis[2].reason,5,13,86c875d7b1a8f4448d520567c8914b459d2c3edb29701899e1c5038f92f972a2
u01-s006-v012,question,optionAnalysis[3].choice,3,9,358f56ccc4a77f5f360e3e6292b4959cf67af012db741fbaa5033db8c91abb0f
u01-s006-v012,question,optionAnalysis[3].reason,10,18,6b36e87805d70fa5d9760b5aa08ddfb7bb8b9542c99259b624913a7233eabb61
u01-s006-v012,question,commonMistake,19,47,05dd8c494d930b7d8be59ac80a0378fe046b8226a63a6904ad0a3103cc8403a5
u01-s006-v012,question,concept,20,60,b11cee4610a84f5fe91b159b19d5ac092cba14adae760758ede50b8eb322d0b9
u01-s006-v012,question,tags[0],3,9,fd41540cbdbecb9b5fa7116d27c68e378548ab62ab7c7ca4494730a81ea87667
u01-s006-v012,question,tags[1],7,21,9521a5a0575e84e422316a3e74d0a58ceac45ce87d37b6f2c85d9b526c5c0412
u01-s006-v012,question,tags[2],8,8,578756ca4aa16d8872610a5aaa78460fd30fbe93379ff7284fe65d66ca606755
u01-s006-v012,question,estimatedTimeSec,2,2,69f59c273b6e669ac32a6dd5e1b2cb63333d8b004f9696447aee2d422ce63763
u01-s006-v012,question,prerequisiteSkillIds[0],23,23,6e10216c8a6fe57deb82baf512d134cc5c24e07eada0d6aa7ca16ffbabdd75b0
u01-s006-v012,question,authoringIntent,13,39,6fee80a3fa0aefd5ef7e88c3cb9be0552670ce18ee44e56968f7f27c1dd96d9f
u01-s006-v012,question,literacyContextNecessity,24,72,948e2180cf7d930c4bf806d313dfd3191b5041364816c39038a43315dceb51cf
u01-s006-v012,question,reviewStatus,22,22,ec809598e2f7fcc69fad54c9cd045bba62b4a0dc7c0ff90d4efdc3788c9ad8fb
u01-s006-v012,question,contentSha256,64,64,0f491aaccb9be6cfbb6294c35e9c8b62d5fb23f136f2609425331f08380b7682
u01-s006-v012,question,contentAuthority,25,25,ed40f75ffe3d6ad4e71f6e7919d063410490de360edb425965eccd605ca9d79e
u01-s006-cr001,question,questionId,14,14,a02b7bfd1bf8b3a0167f04ab4b880e9d2f7a4bcea412d11d48b4beaf40fec844
u01-s006-cr001,question,unitId,3,3,2055254ee30aaae13b777732834c89d7f799015d3af13b62fe05aeef8c3e0eaa
u01-s006-cr001,question,topicId,18,18,e7d9d88eb7596ecb66c83bcfd7a554baef7612744a495523f5f8fae90be63bc7
u01-s006-cr001,question,skillId,28,28,7104f6abd905fb0b122ab9faab9158fb5f98eed14f49afaa9f701d4c69cd5ad5
u01-s006-cr001,question,difficulty,8,8,fe6d3468cf5c74d8ec2a95b40f2e05338c37a4202f8fad692d2b64a9cf9b468a
u01-s006-cr001,question,type,20,20,e519496c259191db041ac61161dbfadb673dd94a10a123ed7423adcf7968ae7c
u01-s006-cr001,question,visualMode,9,9,9c7d54b0bf7a9369d8594201c7b11955514343809d09fbec33966c1fd9794015
u01-s006-cr001,question,prompt,47,107,51c3b4968f8ad3b773ab615d2400e75b94d0702b55e9b8c35212cb3a075f5f1f
u01-s006-cr001,question,requiredWork[0],8,24,313f66c499f165e4e3c1b8d5d769db11820cf613b9131c627364e3e832f48212
u01-s006-cr001,question,requiredWork[1],15,45,945a1736433f29c510e09e189c0de170c485ac4a44e11957d91a1e5f40d38641
u01-s006-cr001,question,fullCreditSolution[0],9,11,45c70485759950cefd9e8c4de2dc4ce66ae4961c9021cebd0b36848e8207366a
u01-s006-cr001,question,fullCreditSolution[1],6,8,a11e4937f469af2c98f26fe71b14e82423d2074f6a2a540f010d60e38d44596d
u01-s006-cr001,question,fullCreditSolution[2],8,10,1e09ebb1e571c9ab100f3f3ddb9b3959ddc2b22fbd17ba40fbb33048049c1077
u01-s006-cr001,question,fullCreditSolution[3],9,11,9709e25c5464ac78c1d3192cab8cc0f97baf0c31e20a835d32334ceb82f92749
u01-s006-cr001,question,alternativeSolutions[0],23,69,c294fd1e12e170ea2f40bff1ae3b4f9b9001a87a2ae887eb9e92794f30d4ba23
u01-s006-cr001,question,rubric[0].criteria,16,48,03bfe257a3d64c150372f16af95b6692a456ea0d9eaee768ebd3752cc2dc5e70
u01-s006-cr001,question,rubric[1].criteria,20,60,92579770d55e2aed13123d0019f3c425d0028956ecd0235d8531774b57ab415d
u01-s006-cr001,question,rubric[2].criteria,15,45,42009f5ad365cd73ebdbcdd9fa8f9d1b824060a4bad4251176f169e33448b1ce
u01-s006-cr001,question,rubric[3].criteria,18,54,203d15ec46339a746357e2b0c87288f7acb6eda75f3e92e923612b07b014d35f
u01-s006-cr001,question,scoringNotes[0],31,75,91d66959d566b83f8eb549c4767c8948a9eae1d89dc0b045124bc8a5142faf74
u01-s006-cr001,question,commonErrors[0],11,17,210723c44fcc2f19ffc0b0f2d55cf64df3257c30d2d2ceeecc3f20dc69784d4e
u01-s006-cr001,question,commonErrors[1],8,14,a1a866002ac6f74aac8866bcb82eaa7199088710cbc6598786bc7b6fcc5583fc
u01-s006-cr001,question,commonErrors[2],9,15,c295653124969f666bad408b161109ed6318a1109426a827bd7942764b5ad0c1
u01-s006-cr001,question,independentReview.derivedResult,11,19,71033d9cd6fa2812e24b7cbd9902f198bb6dfdd37e1d6d296150e72e7161bc3d
u01-s006-cr001,question,independentReview.ambiguity,4,4,140bedbf9c3f6d56a9846d2ba7088798683f4da0c248231336e6a05679e4fdfe
u01-s006-cr001,question,independentReview.decision,4,4,d74ff0ee8da3b9806b18c877dbf29bbde50b5bd8e4dad7a3a725000feb82e8f1
u01-s006-cr001,question,contentSha256,64,64,34ba0dc5555663ff35c1099e69aa706bd359d76d01d683bdd35ca78c5880feb3
u01-s006-cr001,question,contentAuthority,25,25,ed40f75ffe3d6ad4e71f6e7919d063410490de360edb425965eccd605ca9d79e
u01-s006-cr002,question,questionId,14,14,93bf58661bf53292627825f90374e9ed782051c667de0c8adbf07818ecf09e18
u01-s006-cr002,question,unitId,3,3,2055254ee30aaae13b777732834c89d7f799015d3af13b62fe05aeef8c3e0eaa
u01-s006-cr002,question,topicId,18,18,e7d9d88eb7596ecb66c83bcfd7a554baef7612744a495523f5f8fae90be63bc7
u01-s006-cr002,question,skillId,28,28,7104f6abd905fb0b122ab9faab9158fb5f98eed14f49afaa9f701d4c69cd5ad5
u01-s006-cr002,question,difficulty,8,8,d21f85ea38166303ce58e06134b5cc4a5c900c409ab2a500ff7c9225109a09bb
u01-s006-cr002,question,type,20,20,e519496c259191db041ac61161dbfadb673dd94a10a123ed7423adcf7968ae7c
u01-s006-cr002,question,visualMode,9,9,9c7d54b0bf7a9369d8594201c7b11955514343809d09fbec33966c1fd9794015
u01-s006-cr002,question,prompt,40,104,152bf68688a5d2f70eb9dc697e126775c5792bf97b7b1328bc9cb7255febb483
u01-s006-cr002,question,requiredWork[0],7,18,39346a6cb49b09d83a84f1be60777d963b8b1289714e89bc38f1e97167ce6ec0
u01-s006-cr002,question,requiredWork[1],5,15,4d231c004fc01395afcf7385f803b008841faa1c5982c45888923c3a621956fd
u01-s006-cr002,question,requiredWork[2],8,24,e54c4ab7ce097ceafced889fb41c39f56c62358fe1f17554d76f1dffebdd0720
u01-s006-cr002,question,fullCreditSolution[0],19,33,da0c99c58a8594c9b7e2be290b28705f7a1b16f76d7421542cd117ef964e2e3f
u01-s006-cr002,question,fullCreditSolution[1],35,61,59c62e5bfd4a6615c6392b5e68d6d91219d9e44b0ce3421c5389222f7ddbc925
u01-s006-cr002,question,fullCreditSolution[2],5,13,e9c84936208e0597e03d588c2e9c5555cae927a6219e12a3c5b3c5d3f53fcd78
u01-s006-cr002,question,alternativeSolutions[0],21,63,9561ebb92a0efb91fe56d9a342b757ab8e8959ab76f51862bc93dea1b8f6ad1b
u01-s006-cr002,question,rubric[0].criteria,18,52,fbdb772b7b7120cf8d0b283a4b720fef4b60732fd43530a0137c6f5a8fe80a53
u01-s006-cr002,question,rubric[1].criteria,18,54,c6080373c89b059e9f34be0e4255407c0f231e99f911aaba04b37f58860a0b42
u01-s006-cr002,question,rubric[2].criteria,20,58,398db302e5b20857732962dd13782380df42b081b89ee68a8b5c9ab61b245629
u01-s006-cr002,question,rubric[3].criteria,16,48,0a384113c053af8bfec5fe143a279d48c6dbd6679889b9c1a6ee510b7b36ce66
u01-s006-cr002,question,scoringNotes[0],8,18,0c8ae1f6982dc41e6293997df9b4f415ef63ffda107fd9643bf1dd4d85f386a4
u01-s006-cr002,question,commonErrors[0],4,10,592fd7b284964663640f64c2cd922ffcf17c41a061b72be4de5bef18de36838d
u01-s006-cr002,question,commonErrors[1],6,15,a30d4a5a0e538f9b04c4fec4ab6eff9ab7639047a98f573f32bdfb8e902a94a5
u01-s006-cr002,question,commonErrors[2],7,21,c6bb535f4ec0fcbbd44596a806d436973134998d74914e7fad72dbb02b4cc1d6
u01-s006-cr002,question,independentReview.derivedResult,16,36,afd854e81a21da1722cf88d8e7588a81fe916316b01cd2fac963cbea3fb37cf2
u01-s006-cr002,question,independentReview.ambiguity,4,4,140bedbf9c3f6d56a9846d2ba7088798683f4da0c248231336e6a05679e4fdfe
u01-s006-cr002,question,independentReview.decision,4,4,d74ff0ee8da3b9806b18c877dbf29bbde50b5bd8e4dad7a3a725000feb82e8f1
u01-s006-cr002,question,contentSha256,64,64,808751259a6b575d8abbe915e19e0244ba1657f1977d483b016df4f30fb5f7be
u01-s006-cr002,question,contentAuthority,25,25,ed40f75ffe3d6ad4e71f6e7919d063410490de360edb425965eccd605ca9d79e
u01-s007-lecture-r1,lecture,lectureId,19,19,53c0e18f98930a4b9e36b8050df147900d0ad7859cbc53aab850e04618392e5d
u01-s007-lecture-r1,lecture,unitId,3,3,2055254ee30aaae13b777732834c89d7f799015d3af13b62fe05aeef8c3e0eaa
u01-s007-lecture-r1,lecture,topicId,18,18,e7d9d88eb7596ecb66c83bcfd7a554baef7612744a495523f5f8fae90be63bc7
u01-s007-lecture-r1,lecture,skillId,31,31,db7284405f3c22c3229e76b63fc8c313cfa45ed949df0066be5752881946a45d
u01-s007-lecture-r1,lecture,title,21,49,a82bfa473714b63a344b36f0a1f648ff076f3ef6b260fc7aab5fec2a6e8f219a
u01-s007-lecture-r1,lecture,audience,10,30,e6b4416fbd9f36797de01256b31a4d6f6314e126fde8495e25792c814f64fc5f
u01-s007-lecture-r1,lecture,reviewStatus,22,22,ec809598e2f7fcc69fad54c9cd045bba62b4a0dc7c0ff90d4efdc3788c9ad8fb
u01-s007-lecture-r1,lecture,learningOutcomes[0],14,42,07f28baf8e66cc0a08b640987d22737e5487242402034c98daac25965d7a4a2f
u01-s007-lecture-r1,lecture,learningOutcomes[1],21,49,c90abdf3a1a4b6ff9ada63bcb66114a068e79075cb353f1fd8fe35fcd90d2233
u01-s007-lecture-r1,lecture,learningOutcomes[2],16,48,b720cc7ea93f58e74b840865f504880214445e3e2378ed66c207fb4ee5b114e7
u01-s007-lecture-r1,lecture,learningOutcomes[3],16,42,141d345863725624be5b4f4e8154351639beef517bd8bea8d7b5c0130051286c
u01-s007-lecture-r1,lecture,learningOutcomes[4],18,54,5e854aa4c293f7d4311677bdbb0668e91e445cb96e9b403d574da7cd81e5f79e
u01-s007-lecture-r1,lecture,prerequisites[0].skillId,28,28,7104f6abd905fb0b122ab9faab9158fb5f98eed14f49afaa9f701d4c69cd5ad5
u01-s007-lecture-r1,lecture,prerequisites[0].requiredLevel,24,66,c3f08e367e7ce081a5bd41d0feb6aaae547fb5aadff99f93d0807e92757ddd2e
u01-s007-lecture-r1,lecture,glossary[0].term,4,12,01b1796fe0ddb02bede2ecf346225c946204b195e728d6bb30cc88763255f1e5
u01-s007-lecture-r1,lecture,glossary[0].definition,15,45,9926c0932a6917d433a6baf9b0e4c2470036ea90f4499858dc63e4b25f0ea300
u01-s007-lecture-r1,lecture,glossary[1].term,3,9,5cfa3c8a303151a0d211b6f1382d50ab32d44fe0aba563c3e1e192819b7469e2
u01-s007-lecture-r1,lecture,glossary[1].definition,17,51,c0fb58103de8e105de97841441e5c5fba31e9fc022045dd037afcc8f483e6a41
u01-s007-lecture-r1,lecture,glossary[2].term,3,9,b9f2aff61eba74ee85fd41eb2e320711d4ad348ae9d5d3f19d872f9890fcad24
u01-s007-lecture-r1,lecture,glossary[2].definition,18,54,8935d47784f40a199b60a73159ca1cf214894d0852366a8d9c2fd40646498448
u01-s007-lecture-r1,lecture,glossary[3].term,4,12,a3f3e2352eff0faf1bd1b31399b903cc78883f3c076598fcf329806133e7f450
u01-s007-lecture-r1,lecture,glossary[3].definition,15,45,64dfbfee840084a4e0cdeb2e0974fb028c80fa656bfe6787a5f18e010945ca5d
u01-s007-lecture-r1,lecture,notation[0].symbol,5,5,a8e17fe8608d63fa21510dd61482e5bdf8ea8de662755db733e0a0feb34abb73
u01-s007-lecture-r1,lecture,notation[0].meaning,13,27,7b21cae1324da3d524a521e4c1f5116963773cfef6ba9204a8608fbf2e68ef09
u01-s007-lecture-r1,lecture,notation[1].symbol,7,7,2c565d23e5deb6be04f90d30acd9dd84fc556f9643a71e66d80200fbf22710c8
u01-s007-lecture-r1,lecture,notation[1].meaning,13,25,e9c14bb5c30713b4dc7a68b1b08e41513f1862b6e70930340675402da57f2093
u01-s007-lecture-r1,lecture,notation[2].symbol,3,5,22a4b75b37313f7a90dd5823a0dbc24ed27cc16581655e9617f05353bf5e593c
u01-s007-lecture-r1,lecture,notation[2].meaning,10,24,3a695111a76fb54eb91948bdf24a00a0c4399ca30466e61d5d21d71e844c4962
u01-s007-lecture-r1,lecture,conceptNarrative[0],36,88,ed067be3ad94ff35a26835e76ca0d0ea0e17689364194e2cf1c702ea2235331c
u01-s007-lecture-r1,lecture,conceptNarrative[1],33,73,fa3780268d47d4c7bc5cddf4f59be9469ccf5458127d77663b6ebdd8ea192d98
u01-s007-lecture-r1,lecture,conceptNarrative[2],29,61,8b652ec0611ba586d73ef009862f4ab4954ebaec758bc904e7ecad669d3c7bb6
u01-s007-lecture-r1,lecture,conceptNarrative[3],43,93,ddd9e93c937dd09cdf79ce926b0a1de4362f6bc17cfbc5c22e443c4428378408
u01-s007-lecture-r1,lecture,formalDefinitions[0].name,6,18,1564ec6d470ecb9813525502525e6e6793200047d9ea4bcc6cebc8b9ee4f0715
u01-s007-lecture-r1,lecture,formalDefinitions[0].statement,21,43,d58828cdca308d3bf7f5737c86d690124b9d1e6e26cdf51d15d9731ae0651d68
u01-s007-lecture-r1,lecture,formalDefinitions[1].name,5,15,2972bf9ce1be733206a7d46a6d806ac4701a46c03ae60df8156e55317e9fe427
u01-s007-lecture-r1,lecture,formalDefinitions[1].statement,12,14,29855f9030f10eb1553ed6c3ac87b7fac14a9823c20d99d37e7d9579404ff461
u01-s007-lecture-r1,lecture,formalDefinitions[2].name,6,18,5236946d1c8f5715c083ac86b2aecfd4cedc5ad5512a098eaecaa27f537d7725
u01-s007-lecture-r1,lecture,formalDefinitions[2].statement,32,46,5a5de37e3f0373964e288359211fd5cf6de128930ace40b0fe7dcff9345f3eb3
u01-s007-lecture-r1,lecture,formulas[0].formula,8,14,c53085ed5a6c492d61c8923f72561d55b9b6f680efdce97c9b54cdaba4519ab5
u01-s007-lecture-r1,lecture,formulas[0].conditions[0],10,24,23672f0d361c0a8196221cdf69727e888aa49e2a0fdb9677f06f0bc7d7e59a20
u01-s007-lecture-r1,lecture,formulas[0].meaning,13,39,5c0af92ca60d6e9eda09b8186c543ba7593cd1d8a8a3af0c9bd86086ffb1f923
u01-s007-lecture-r1,lecture,formulas[1].formula,5,6,23b0fcadcdb9cb7b605dd49298f3ea722945e66de6749e3e71f5983567f4b4a6
u01-s007-lecture-r1,lecture,formulas[1].conditions[0],13,17,71bcc12e170c375fb587381ff0dd00c5c0c3253d0b9ea7239b72f114022a02f9
u01-s007-lecture-r1,lecture,formulas[1].meaning,13,39,01b8e2bad8d612e2a880c65cba8a2b7b4381e9e4a37021325f9eb17639c41ae7
u01-s007-lecture-r1,lecture,nonApplicableCases[0],36,98,e476f9829d0fcf64f42fd6bdde764c311ce1df48a7c46ad60038ce90a09ca391
u01-s007-lecture-r1,lecture,nonApplicableCases[1],25,69,d4e0718f331dadb25e71e4f12d17e00c987c74292a3b368c15b4efd7bb1b6e6c
u01-s007-lecture-r1,lecture,nonApplicableCases[2],35,73,fd46f536c38fc67e856c67f664587caea6920f19d8ba34a875475290fbff8a82
u01-s007-lecture-r1,lecture,nonApplicableCases[3],27,81,844766c7a67c4f37336f8538d161bfbcfca747461d83efd74f52b060138e2d0b
u01-s007-lecture-r1,lecture,method[0].instruction,12,36,5201628b827f045241eee46d90beb0905c53a70a5dde3087cd56ace58c3eb414
u01-s007-lecture-r1,lecture,method[0].check,14,42,cf4bc3f396f8e7fe84e6a7d061f13fd67a5dc3a91fe11dec33ebba15953c838e
u01-s007-lecture-r1,lecture,method[1].instruction,13,39,ebf20953c8c0d3e8a82358f5f927933c41f78194ee38f0e2bb8cc524384bee26
u01-s007-lecture-r1,lecture,method[1].check,8,24,068c9da827cffb091a6d052bfbe10c70f8ca780e146530c10bd76208140c4915
u01-s007-lecture-r1,lecture,method[2].instruction,10,30,3e64b904eaacdb93891980ffc784dd8ac111c7d2e325ec3de2e9044f330fdeef
u01-s007-lecture-r1,lecture,method[2].check,7,21,50f5b45bf94b95e4ebe1a39285ab87145d9a6660373b341a94babcdb6922288d
u01-s007-lecture-r1,lecture,method[3].instruction,15,45,9fede5940604a54b2de4589a1e97d8d19c9f1c528833d55b5e6d5c84993378e6
u01-s007-lecture-r1,lecture,method[3].check,14,42,8113b8dba166d2c6f6de9cd0981269a7a5066f72fcba417b68ab1337253d62ce
u01-s007-lecture-r1,lecture,method[4].instruction,12,36,6a7e006b2a26dbd473626afb5f0562a58b767ad274be5d0e8714f1bfca0d7fab
u01-s007-lecture-r1,lecture,method[4].check,11,33,233b2e8ee29d98b46548ab7c959596779a1ca263bac264db49e9b3a78a51e5e8
u01-s007-lecture-r1,lecture,workedExamples[0].exampleId,2,2,dffe8596427fc50e8f64654a609af134d45552f18bbecef90b31135a9e7acaa0
u01-s007-lecture-r1,lecture,workedExamples[0].prompt,13,25,c885362214ab3ea328e53ae248e369ecba2629720a1bbf867c786893dc661055
u01-s007-lecture-r1,lecture,workedExamples[0].solutionSteps[0],9,13,29b0f8e805d34b017cff82b882e0704b7aac5e4dc43966de0cf149a77197d31c
u01-s007-lecture-r1,lecture,workedExamples[0].solutionSteps[1],7,9,8da8c488544ccfcc3e524ac6fcd47aa94fa852e6990c70ed1ef89146628e0474
u01-s007-lecture-r1,lecture,workedExamples[0].solutionSteps[2],6,14,1d87688763bdf9e5a0ce193ef0f9f4c47dc62dbede447e2b0da6cd24410acf6e
u01-s007-lecture-r1,lecture,workedExamples[0].answer,2,4,73664e8df719c3bf7b64f4505eba925282b0f262b53d09b4a1228b06388d33a2
u01-s007-lecture-r1,lecture,workedExamples[1].exampleId,2,2,d76354d8457898445bb69e0dc0dc95fb74cc3cf334f8c1859162a16ad0041f8d
u01-s007-lecture-r1,lecture,workedExamples[1].prompt,20,44,8edce65ed76883cac03b9eebb3ec659569b2139d651e866ed6185fe39a46274d
u01-s007-lecture-r1,lecture,workedExamples[1].solutionSteps[0],11,33,41da6e532ad3cf508dbfd2fde6c63676603be9c2f693776948c0ece8ac33a65d
u01-s007-lecture-r1,lecture,workedExamples[1].solutionSteps[1],14,16,e9c171cd6a9da042b4c796c9dbba11bdf680932e7a4313ebc9e39958cdefddad
u01-s007-lecture-r1,lecture,workedExamples[1].solutionSteps[2],8,15,61dd5e23eb7d6b255ef33bb941998a48ce5f5cc51f709f774355900b6cd4b2e3
u01-s007-lecture-r1,lecture,workedExamples[1].answer,5,8,b17808629a6d8d0572dbef1a7f1e88dd1c48ac85408ddb9b64784210bbfe7819
u01-s007-lecture-r1,lecture,workedExamples[2].exampleId,2,2,842983de8fb1d277a3fad5c8295c7a14317c458718a10c5a35b23e7f992a5c80
u01-s007-lecture-r1,lecture,workedExamples[2].prompt,21,47,dcfdd65862cd3fd243d8f70684143ba85be3f559992e624e50c56df3bca7fe24
u01-s007-lecture-r1,lecture,workedExamples[2].solutionSteps[0],14,24,2d022a5c6fffb620acb5c6bffbb14f4c602732408cbf5701cde230e4330dcc7c
u01-s007-lecture-r1,lecture,workedExamples[2].solutionSteps[1],9,15,b076cacafb2e86a15f2f7a1318ef1615eb8ed6b62d8c95e6b60fbe7b5d3445aa
u01-s007-lecture-r1,lecture,workedExamples[2].solutionSteps[2],10,16,8b4eaff4b2f470ab10724fd9686d8a85832e4e51a67aa9e66d15266e2cb857ff
u01-s007-lecture-r1,lecture,workedExamples[2].answer,7,11,e3e6bcc4c015aac571e708cae81b59244f1855594db4ec9cdc6daa72cfd52e1a
u01-s007-lecture-r1,lecture,workedExamples[3].exampleId,2,2,4a5a97c6433c4c062457e9335709d57493e75527809d8a9586c141e591ac9f2c
u01-s007-lecture-r1,lecture,workedExamples[3].prompt,21,49,52f723b1366e53ac798936d962128a55dfd70293bb7b4663a36b7f1ff37ceb84
u01-s007-lecture-r1,lecture,workedExamples[3].solutionSteps[0],24,46,343d24a399edd514b9af5178d27aa3131b586d78f53c98e9371a1c8e650a74b1
u01-s007-lecture-r1,lecture,workedExamples[3].solutionSteps[1],10,16,c69d7993aa9d3047e05479526bd2c2f0d681ab4d8f3812823964cddd7a978f32
u01-s007-lecture-r1,lecture,workedExamples[3].solutionSteps[2],15,45,8818bc5e51cd7426c4206a86df9c67ed2b524a56b45c0766da88d83c85b29d0b
u01-s007-lecture-r1,lecture,workedExamples[3].answer,12,26,97b293fb72bfa810540f871e21c6f175fc9b3674fae6cd26d34774c6360732e2
u01-s007-lecture-r1,lecture,commonMistakes[0].mistake,17,33,7b084bbff9be2fa0b7886a067708c1c37d1b46a24e00483566b829b8c72b501e
u01-s007-lecture-r1,lecture,commonMistakes[0].why,7,21,90e36ed6c8c0171ad90eca0f5ba1649a7530a4fa1797dd4760c73e2f5249192c
u01-s007-lecture-r1,lecture,commonMistakes[0].correction,14,20,2430bf9077b8e9049958d8517a3a078c41b4d141772f6fda72c62e4e3a8555e8
u01-s007-lecture-r1,lecture,commonMistakes[1].mistake,15,31,f0aa0c06c393f68e848d58c15d1d95ee62d8ecb736c9ba268fd4941bb152b872
u01-s007-lecture-r1,lecture,commonMistakes[1].why,7,21,c9c5264c9714a9f025f3838884e06f7aeca3c47a7da9f4ed58f97c47820d19fd
u01-s007-lecture-r1,lecture,commonMistakes[1].correction,8,20,88fb728642eb474670f7abae5f5c9184069ef5295048013a5fce31cfacd8ce6a
u01-s007-lecture-r1,lecture,commonMistakes[2].mistake,8,24,5d627c6da1a7c5354f834bd571b360f7e0e78561a6ea698b73de584afc9d67d0
u01-s007-lecture-r1,lecture,commonMistakes[2].why,16,24,1e675670b06307fd3a65b26f0b7bbe609217df49a8b6de5ecb8285c12b960540
u01-s007-lecture-r1,lecture,commonMistakes[2].correction,9,27,e5645941c5a63f165720e296b4b033fa704f13a9eaa135026aaa3c5420088ef1
u01-s007-lecture-r1,lecture,commonMistakes[3].mistake,12,36,f80f04687788ff8058b38669ff79dbcf374b09c1082553bfb245031e2b07a055
u01-s007-lecture-r1,lecture,commonMistakes[3].why,7,21,7b21d64ed91b88c0a0687b419170abafe2728dde95b064698bd814d8d3c45362
u01-s007-lecture-r1,lecture,commonMistakes[3].correction,12,36,b2d770913c0b428834d15c09f70bbf1de4c29728fc11f7ec410251df197518cd
u01-s007-lecture-r1,lecture,commonMistakes[4].mistake,17,25,302455b7c7fcba33d11d0e9c877074cf042c2507414834324f7c26fac5cff234
u01-s007-lecture-r1,lecture,commonMistakes[4].why,5,15,aa26accd7c8c2be59e6eb8d12d1fbe0c364fcbdfa7df78c5672d49282be6f906
u01-s007-lecture-r1,lecture,commonMistakes[4].correction,11,23,5fc12c0819b5ed5871dfb9222379f16b7376c421c246df6bd20f1c730e76c4c0
u01-s007-lecture-r1,lecture,commonMistakes[5].mistake,9,27,d957803da908f975b1e225ef6ff26c4b6e2bea8294ebcf34f7e98b252a22497a
u01-s007-lecture-r1,lecture,commonMistakes[5].why,6,18,3d6927c3eb1be955a0a658f8941e9754d785915bcd7f1ad260de36b898176c68
u01-s007-lecture-r1,lecture,commonMistakes[5].correction,8,24,289bc308d029556c4f3658b190e32839380cc72ac40b382f072af31e1d2e9ee8
u01-s007-lecture-r1,lecture,selfCheck[0],8,24,b9078d74b58715d36d57138871b1e3af3c09a22fa5ba46ae705b27bcd8ee0802
u01-s007-lecture-r1,lecture,selfCheck[1],9,27,82c7ec4621a9df2dcbb105f79ea7e6dfb40dbc7ac7441a86acc5409cdf864e55
u01-s007-lecture-r1,lecture,selfCheck[2],10,30,94ff1d2af0eed1623b53d3b0e9839768124a333661476e1648ad78459c588465
u01-s007-lecture-r1,lecture,selfCheck[3],8,24,7e9b8261935d59c084d035d4f0a2782d44d73662c35ed91ec2b1d6ec8264835a
u01-s007-lecture-r1,lecture,selfCheck[4],14,42,48d329bf439e1e83fdcf4ef1691a38d3a2556869c651f23debbbb352df83fecb
u01-s007-lecture-r1,lecture,summary[0],12,24,e3807b1175aef8d4609273881af41ef8448c6abd593f5b8d0ec26fbcf0e993eb
u01-s007-lecture-r1,lecture,summary[1],16,48,1937c58479c3c106b7aeadb73998a393ef12b862a01d94a4dddb5cdef465d16f
u01-s007-lecture-r1,lecture,summary[2],13,39,bd6408981784bbaa36c34937c08522c1630f1aba83644d4caaeae5ca6112c320
u01-s007-lecture-r1,lecture,summary[3],19,31,c0edd3db3c29c3d3d000597fd03723caaab53d032d4ff48a1867fbda1ce7f1f3
u01-s007-lecture-r1,lecture,connections.previous,13,39,9c206a18c9444bfff6ee5a5453f1c8dc1163f3a66b19e422578dad3acad06222
u01-s007-lecture-r1,lecture,connections.next[0],14,42,fcf97e3b5551235f067e21cb997d0ccd086db245a4c17e6709e40d16e7e380ff
u01-s007-lecture-r1,lecture,connections.next[1],17,51,4fa7c0546ca4aeddf2ab5a7aa2a58dbf66e70816e038aa9e63fcd3f2bddf1cf8
u01-s007-lecture-r1,lecture,connections.next[2],16,48,ddaaaee05073717e63985db7a636f7a290ac2538cc7c0cb09f07edaaa4496c8a
u01-s007-lecture-r1,lecture,practiceLinks.mcQuestionIds[0],13,13,61ed5616546a0339505c5460a7ca3b46e50029d850d6b361c3988b69f61471d6
u01-s007-lecture-r1,lecture,practiceLinks.mcQuestionIds[1],13,13,45321974b97fa769748d24f4d729283e361b8506fe8b7fa2b7e4255a33058f2e
u01-s007-lecture-r1,lecture,practiceLinks.mcQuestionIds[2],13,13,83fe3bb4c373303f5e34fcc19a4506ee2f3fa9464612637d5dd6b5831c23c52c
u01-s007-lecture-r1,lecture,practiceLinks.mcQuestionIds[3],13,13,100202d8b63be4525e0f89d33eadccb06ef7ae0fd4d31f36ecd246ddfbbcfe96
u01-s007-lecture-r1,lecture,practiceLinks.mcQuestionIds[4],13,13,531adfe1b7487e8a5f232cd0ce90ccca77882dd753bcfc07ff1e8cfb067bb86e
u01-s007-lecture-r1,lecture,practiceLinks.mcQuestionIds[5],13,13,f43cddbf43a0edb3975d7731a76817d51ee08f410fffd6fc0ad0ae4b7aef1f69
u01-s007-lecture-r1,lecture,practiceLinks.mcQuestionIds[6],13,13,22258ec641fc59def69352c11de254cbc84ead1cefb27d6ea9d69c2288c855df
u01-s007-lecture-r1,lecture,practiceLinks.mcQuestionIds[7],13,13,7c85b319c3d5e92b4fcf25d19ef5fe364e8dd0ee260bb7d5900d4421c30cbce2
u01-s007-lecture-r1,lecture,practiceLinks.mcQuestionIds[8],13,13,0ad252e52a75902c21cf98b6d2b81d9f4ba86ebc89df7722c8d0fd3ab52c1a72
u01-s007-lecture-r1,lecture,practiceLinks.mcQuestionIds[9],13,13,f369673ce16a3c109fdd6c9afa655270f1072d3b851f36260ad5dba5972bcfda
u01-s007-lecture-r1,lecture,practiceLinks.mcQuestionIds[10],13,13,d09086f04723f7de1573ccc0d97583b687bed61c442444ac8899599da5a00c79
u01-s007-lecture-r1,lecture,practiceLinks.mcQuestionIds[11],13,13,630702994df9e3b85590cafeb2758aeb6fe40b1d51cad79bdcaa9da218e9b86b
u01-s007-lecture-r1,lecture,practiceLinks.constructedResponseIds[0],14,14,35ca476ff84ae11e7b01a35b1c16d491a631b59a4bd69e10cc259f6d91ddc5ec
u01-s007-lecture-r1,lecture,practiceLinks.constructedResponseIds[1],14,14,975dcd486f1df137aeae0ce1fa571063f46be418d8ae5d00b02c8c9e6fef7961
u01-s007-lecture-r1,lecture,lectureReview.mathematicalCorrectness,4,4,d74ff0ee8da3b9806b18c877dbf29bbde50b5bd8e4dad7a3a725000feb82e8f1
u01-s007-lecture-r1,lecture,lectureReview.zeroFoundationReadability,4,4,d74ff0ee8da3b9806b18c877dbf29bbde50b5bd8e4dad7a3a725000feb82e8f1
u01-s007-lecture-r1,lecture,lectureReview.scopeCheck,21,21,fdf8268f0373301b2fcc6331f1d8999b8aabea69681e8bc972ab9a21216a7606
u01-s007-lecture-r1,lecture,lectureReview.reviewNote,44,120,a8a7fd028aa41f8306cc43831b47765b71e8b54994acfcd5783caf62e35b674c
u01-s007-lecture-r1,lecture,lectureReview.reviewVersion,25,25,7ccbed064d3016b5353f553d3edb33b6627126acb00be43b039a8cbab00d7d69
u01-s007-lecture-r1,lecture,lectureReview.reviewedAt,10,10,14158d45727526145ef514139eeb669eb54d613dbcffe524f099dbb71c9d8b08
u01-s007-lecture-r1,lecture,contentSha256,64,64,4e33e580cd6b74f53f1640c63c45ed8b648d8477195f7e13b2d1c1f9bb645149
u01-s007-lecture-r1,lecture,contentAuthority,25,25,ed40f75ffe3d6ad4e71f6e7919d063410490de360edb425965eccd605ca9d79e
u01-s007-v001,question,questionId,13,13,61ed5616546a0339505c5460a7ca3b46e50029d850d6b361c3988b69f61471d6
u01-s007-v001,question,unitId,3,3,2055254ee30aaae13b777732834c89d7f799015d3af13b62fe05aeef8c3e0eaa
u01-s007-v001,question,topicId,18,18,e7d9d88eb7596ecb66c83bcfd7a554baef7612744a495523f5f8fae90be63bc7
u01-s007-v001,question,skillId,31,31,db7284405f3c22c3229e76b63fc8c313cfa45ed949df0066be5752881946a45d
u01-s007-v001,question,difficulty,5,5,fbb7b5bf4ca348eeeebf8cc3660712859a5a1fbf18e83217a57ce203fb51d5c2
u01-s007-v001,question,type,2,2,6bc0f9c4ecb0acbebf1b9f6c816bdd66f4885f67c917d9e141cf893014fba936
u01-s007-v001,question,visualMode,9,9,9c7d54b0bf7a9369d8594201c7b11955514343809d09fbec33966c1fd9794015
u01-s007-v001,question,sourceScope,19,19,a4b669ddb8ef1883391c07a7b633f12eeaeecee7ec37c09eea4931aff6644346
u01-s007-v001,question,text,18,40,c04563bafa658aabb8bce3c7a6adbfe915087b84635cd27dd854221b58c3eb0e
u01-s007-v001,question,choices[0],1,1,4e07408562bedb8b60ce05c1decfe3ad16b72230967de01f640b7e4729b49fce
u01-s007-v001,question,choices[1],2,2,615bdd17c2556f82f384392ea8557f8cc88b03501c759e23093ab0b2a9b5cd48
u01-s007-v001,question,choices[2],1,1,5feceb66ffc86f38d952786c6d696c79c2dbc239dd4e91b46729d73a27fb57e9
u01-s007-v001,question,choices[3],1,1,e7f6c011776e8db7cd330b54174fd76f7d0216b612387a5ffcfb81e6f0919683
u01-s007-v001,question,explanation,13,21,967deeaf4e78bc827ef7534dfc81f03f9136805a36f69df755791e3a2f0dee40
u01-s007-v001,question,steps[0],7,17,f486edd76396ee2142c98207f70099b61ae9e81f4c3e3abc3e37448e74064849
u01-s007-v001,question,steps[1],5,15,0c69d24c86118892a1083b2b35379b053ea483c4b40d16a587ae863318413087
u01-s007-v001,question,steps[2],3,7,620cb2bd554524fd34ea133eca9f88bec86b0add03777eb5090fd9ee2226b246
u01-s007-v001,question,optionAnalysis[0].choice,1,1,4e07408562bedb8b60ce05c1decfe3ad16b72230967de01f640b7e4729b49fce
u01-s007-v001,question,optionAnalysis[0].reason,7,9,46cd31e14186e85a879c24c7d8b149a8e08e1b07d518df25c891c87c3d2411ea
u01-s007-v001,question,optionAnalysis[1].choice,2,2,615bdd17c2556f82f384392ea8557f8cc88b03501c759e23093ab0b2a9b5cd48
u01-s007-v001,question,optionAnalysis[1].reason,6,18,626404e2f5f161e9c430f4b4cacf44003c8b8362bdd9488cb1bc4baa11a78cf2
u01-s007-v001,question,optionAnalysis[2].choice,1,1,5feceb66ffc86f38d952786c6d696c79c2dbc239dd4e91b46729d73a27fb57e9
u01-s007-v001,question,optionAnalysis[2].reason,6,18,7e57f352c78e6d72ee8459141b1f2e4c4cd979ca69f7064f102b3d590e904ff6
u01-s007-v001,question,optionAnalysis[3].choice,1,1,e7f6c011776e8db7cd330b54174fd76f7d0216b612387a5ffcfb81e6f0919683
u01-s007-v001,question,optionAnalysis[3].reason,9,21,f1ed258a34a93dcf6a9196f8e7bb20d353545bf0d2415d32e8ad3a4aeca38d81
u01-s007-v001,question,commonMistake,15,37,030549016efd2540440194f138b749f91f23460d14a20e7ebb2e8872cb2e889a
u01-s007-v001,question,concept,11,33,369c755ed169e58a497b85d0fa74eeb52f9c7dbd3182a780ad410bb1c963c4a8
u01-s007-v001,question,tags[0],3,9,fd41540cbdbecb9b5fa7116d27c68e378548ab62ab7c7ca4494730a81ea87667
u01-s007-v001,question,tags[1],6,18,fc7a96b650c1e386b4df98a3a1be94759361954f1e773fb52efbdc8db430a18a
u01-s007-v001,question,tags[2],5,5,fbb7b5bf4ca348eeeebf8cc3660712859a5a1fbf18e83217a57ce203fb51d5c2
u01-s007-v001,question,estimatedTimeSec,2,2,39fa9ec190eee7b6f4dff1100d6343e10918d044c75eac8f9e9a2596173f80c9
u01-s007-v001,question,prerequisiteSkillIds[0],28,28,7104f6abd905fb0b122ab9faab9158fb5f98eed14f49afaa9f701d4c69cd5ad5
u01-s007-v001,question,authoringIntent,9,27,737005a58f5a26c6c9fa7e9721aef65c56cea5a3953cba01176cdf5dae49410a
u01-s007-v001,question,reviewStatus,22,22,ec809598e2f7fcc69fad54c9cd045bba62b4a0dc7c0ff90d4efdc3788c9ad8fb
u01-s007-v001,question,contentSha256,64,64,745da01033ad683c5768e1ccb01050c4fa617b2634953e10a2c6df960a0c520a
u01-s007-v001,question,contentAuthority,25,25,ed40f75ffe3d6ad4e71f6e7919d063410490de360edb425965eccd605ca9d79e
u01-s007-v002,question,questionId,13,13,45321974b97fa769748d24f4d729283e361b8506fe8b7fa2b7e4255a33058f2e
u01-s007-v002,question,unitId,3,3,2055254ee30aaae13b777732834c89d7f799015d3af13b62fe05aeef8c3e0eaa
u01-s007-v002,question,topicId,18,18,e7d9d88eb7596ecb66c83bcfd7a554baef7612744a495523f5f8fae90be63bc7
u01-s007-v002,question,skillId,31,31,db7284405f3c22c3229e76b63fc8c313cfa45ed949df0066be5752881946a45d
u01-s007-v002,question,difficulty,5,5,fbb7b5bf4ca348eeeebf8cc3660712859a5a1fbf18e83217a57ce203fb51d5c2
u01-s007-v002,question,type,2,2,6bc0f9c4ecb0acbebf1b9f6c816bdd66f4885f67c917d9e141cf893014fba936
u01-s007-v002,question,visualMode,9,9,9c7d54b0bf7a9369d8594201c7b11955514343809d09fbec33966c1fd9794015
u01-s007-v002,question,sourceScope,19,19,a4b669ddb8ef1883391c07a7b633f12eeaeecee7ec37c09eea4931aff6644346
u01-s007-v002,question,text,17,39,3ad32f64a94f0b054e2ebca7abf173464d1b0076a3cd0393ba4dcd333e1bbe30
u01-s007-v002,question,choices[0],1,1,19581e27de7ced00ff1ce50b2047e7a567c76b1cbaebabe5ef03f7c3017bb5b7
u01-s007-v002,question,choices[1],1,1,ef2d127de37b942baad06145e54b0c619a1f22327b2ebbcfbec78f5564afe39d
u01-s007-v002,question,choices[2],2,2,37aa1ccf80e481832b2db282d4d4f895ee1e31219b7d0f6aee8dc8968828341b
u01-s007-v002,question,choices[3],1,1,4e07408562bedb8b60ce05c1decfe3ad16b72230967de01f640b7e4729b49fce
u01-s007-v002,question,explanation,8,10,6e863f3663763503bb83b0552ccadae6976396a66b076a19f8b0286cf35e6062
u01-s007-v002,question,steps[0],11,33,d72dab1a37ee48d9d74ec36d4323467052d90b102f2639860d0ae09d64ff4234
u01-s007-v002,question,steps[1],6,8,38839ba0236a7988ee3ea4947aa7a920281be30138bdf6925739a8661c7dea44
u01-s007-v002,question,steps[2],4,10,ac6e6454d59a69ffac99866eb00ef264ce7355a403739e9598aa5d4f197f5835
u01-s007-v002,question,optionAnalysis[0].choice,1,1,19581e27de7ced00ff1ce50b2047e7a567c76b1cbaebabe5ef03f7c3017bb5b7
u01-s007-v002,question,optionAnalysis[0].reason,7,21,0f8669ecb29677c801f72c772972e98526693c7b5f0d5786ca2bbef49adcd75f
u01-s007-v002,question,optionAnalysis[1].choice,1,1,ef2d127de37b942baad06145e54b0c619a1f22327b2ebbcfbec78f5564afe39d
u01-s007-v002,question,optionAnalysis[1].reason,8,10,6e863f3663763503bb83b0552ccadae6976396a66b076a19f8b0286cf35e6062
u01-s007-v002,question,optionAnalysis[2].choice,2,2,37aa1ccf80e481832b2db282d4d4f895ee1e31219b7d0f6aee8dc8968828341b
u01-s007-v002,question,optionAnalysis[2].reason,6,18,626404e2f5f161e9c430f4b4cacf44003c8b8362bdd9488cb1bc4baa11a78cf2
u01-s007-v002,question,optionAnalysis[3].choice,1,1,4e07408562bedb8b60ce05c1decfe3ad16b72230967de01f640b7e4729b49fce
u01-s007-v002,question,optionAnalysis[3].reason,4,12,bf8612be1d2c5fa8c117ac9ad735ec0a6c602f863275fe9b58c259c4b5f43339
u01-s007-v002,question,commonMistake,9,21,2a11ab962024830347c0a8d2724c9916c361b51c221ffb1455c8ff381157047a
u01-s007-v002,question,concept,15,45,c866baf6df577723261c3d3f4fed62d8c6702a5c59ac43fb3b3ca2d57dba26de
u01-s007-v002,question,tags[0],3,9,fd41540cbdbecb9b5fa7116d27c68e378548ab62ab7c7ca4494730a81ea87667
u01-s007-v002,question,tags[1],6,18,fc7a96b650c1e386b4df98a3a1be94759361954f1e773fb52efbdc8db430a18a
u01-s007-v002,question,tags[2],5,5,fbb7b5bf4ca348eeeebf8cc3660712859a5a1fbf18e83217a57ce203fb51d5c2
u01-s007-v002,question,estimatedTimeSec,2,2,39fa9ec190eee7b6f4dff1100d6343e10918d044c75eac8f9e9a2596173f80c9
u01-s007-v002,question,prerequisiteSkillIds[0],28,28,7104f6abd905fb0b122ab9faab9158fb5f98eed14f49afaa9f701d4c69cd5ad5
u01-s007-v002,question,authoringIntent,9,27,5f2df05ed110991d6e08351cdfcf1b59fe2e43cffee181206bcc9aadb48569a6
u01-s007-v002,question,reviewStatus,22,22,ec809598e2f7fcc69fad54c9cd045bba62b4a0dc7c0ff90d4efdc3788c9ad8fb
u01-s007-v002,question,contentSha256,64,64,67e915066fc53986247f522cab777d1ba70e5118a14faa9b7bd3ffd63c7bf320
u01-s007-v002,question,contentAuthority,25,25,ed40f75ffe3d6ad4e71f6e7919d063410490de360edb425965eccd605ca9d79e
u01-s007-v003,question,questionId,13,13,83fe3bb4c373303f5e34fcc19a4506ee2f3fa9464612637d5dd6b5831c23c52c
u01-s007-v003,question,unitId,3,3,2055254ee30aaae13b777732834c89d7f799015d3af13b62fe05aeef8c3e0eaa
u01-s007-v003,question,topicId,18,18,e7d9d88eb7596ecb66c83bcfd7a554baef7612744a495523f5f8fae90be63bc7
u01-s007-v003,question,skillId,31,31,db7284405f3c22c3229e76b63fc8c313cfa45ed949df0066be5752881946a45d
u01-s007-v003,question,difficulty,5,5,fbb7b5bf4ca348eeeebf8cc3660712859a5a1fbf18e83217a57ce203fb51d5c2
u01-s007-v003,question,type,2,2,6bc0f9c4ecb0acbebf1b9f6c816bdd66f4885f67c917d9e141cf893014fba936
u01-s007-v003,question,visualMode,9,9,9c7d54b0bf7a9369d8594201c7b11955514343809d09fbec33966c1fd9794015
u01-s007-v003,question,sourceScope,19,19,a4b669ddb8ef1883391c07a7b633f12eeaeecee7ec37c09eea4931aff6644346
u01-s007-v003,question,text,24,60,7cd23a98c1f81e351cc77a3c006ec1ad486f2277ecf3d6a29fe07fa2337ab9eb
u01-s007-v003,question,choices[0],8,8,5acbf1c443cc2eda4e7cc613e566c63221e2870cc8c71398c56cc0a0cc0ec74c
u01-s007-v003,question,choices[1],10,10,ed74109e361256e026b9213dcd21e5fe99029f605bee4ea79cdf0944617326ff
u01-s007-v003,question,choices[2],9,9,5a25101db9c4d25344095299c59212f3a55b262edc191dd5c240b6a7293d5a6d
u01-s007-v003,question,choices[3],8,8,6448c9aa2f5bff39e17bc2499938a0255b5713a2f60d0b1e6d1d2aa75f64fc77
u01-s007-v003,question,explanation,22,34,bdc67a3a994a35b0b9fcb15e118da5828f221b935f395096b87184a390d6d13c
u01-s007-v003,question,steps[0],10,30,225df6c2b128c8768fea537111cda18907a29ddea2addb2d1b738da284ec1c88
u01-s007-v003,question,steps[1],9,11,e96acaa24ce1c29980d017298d0f45e547f231591a19da6a2bd0d4b388cafaaa
u01-s007-v003,question,steps[2],8,20,8ef3a676d28b89eeb7c5e4ee22bda54ce1858b9c713928b677dd52f9c30fb52b
u01-s007-v003,question,optionAnalysis[0].choice,8,8,5acbf1c443cc2eda4e7cc613e566c63221e2870cc8c71398c56cc0a0cc0ec74c
u01-s007-v003,question,optionAnalysis[0].reason,10,28,ad7f95d258c18ac2a7a0a585f2bd59e0d9f044fd8fed5a77527c157bacb133ce
u01-s007-v003,question,optionAnalysis[1].choice,10,10,ed74109e361256e026b9213dcd21e5fe99029f605bee4ea79cdf0944617326ff
u01-s007-v003,question,optionAnalysis[1].reason,12,36,7f3b29c0593b44d37b4b2e2ccec274823eb3fd31363fe1b0cd38ce7bd8afbe96
u01-s007-v003,question,optionAnalysis[2].choice,9,9,5a25101db9c4d25344095299c59212f3a55b262edc191dd5c240b6a7293d5a6d
u01-s007-v003,question,optionAnalysis[2].reason,10,12,88c52e3bec6c44c23be1fd5552da136e4fb84191fcef004ff84f97faf0cd7537
u01-s007-v003,question,optionAnalysis[3].choice,8,8,6448c9aa2f5bff39e17bc2499938a0255b5713a2f60d0b1e6d1d2aa75f64fc77
u01-s007-v003,question,optionAnalysis[3].reason,11,33,b1ed1f7efa686f00f472296093f8fc602f7d3e6427a338e09d8425054be167c1
u01-s007-v003,question,commonMistake,15,33,33cfdf9f7bd357e00f1edead8a4b059e3e14d4021376cb248ecaed175e17ac01
u01-s007-v003,question,concept,20,58,ba8b3c3540618e6aa66827f6d1b111297c4443e6ab31ac99e6914e25bc1ed471
u01-s007-v003,question,tags[0],3,9,fd41540cbdbecb9b5fa7116d27c68e378548ab62ab7c7ca4494730a81ea87667
u01-s007-v003,question,tags[1],6,18,fc7a96b650c1e386b4df98a3a1be94759361954f1e773fb52efbdc8db430a18a
u01-s007-v003,question,tags[2],5,5,fbb7b5bf4ca348eeeebf8cc3660712859a5a1fbf18e83217a57ce203fb51d5c2
u01-s007-v003,question,estimatedTimeSec,2,2,39fa9ec190eee7b6f4dff1100d6343e10918d044c75eac8f9e9a2596173f80c9
u01-s007-v003,question,prerequisiteSkillIds[0],28,28,7104f6abd905fb0b122ab9faab9158fb5f98eed14f49afaa9f701d4c69cd5ad5
u01-s007-v003,question,authoringIntent,9,27,fc6ddc38bb29fb2ed5c417c164469f8333588487130a20a85ce37bd132739f98
u01-s007-v003,question,reviewStatus,22,22,ec809598e2f7fcc69fad54c9cd045bba62b4a0dc7c0ff90d4efdc3788c9ad8fb
u01-s007-v003,question,contentSha256,64,64,f8ad9f720bcb4a56808cacd4015e963f0c88977415e84f6feaad99311bc8f7a9
u01-s007-v003,question,contentAuthority,25,25,ed40f75ffe3d6ad4e71f6e7919d063410490de360edb425965eccd605ca9d79e
u01-s007-v004,question,questionId,13,13,100202d8b63be4525e0f89d33eadccb06ef7ae0fd4d31f36ecd246ddfbbcfe96
u01-s007-v004,question,unitId,3,3,2055254ee30aaae13b777732834c89d7f799015d3af13b62fe05aeef8c3e0eaa
u01-s007-v004,question,topicId,18,18,e7d9d88eb7596ecb66c83bcfd7a554baef7612744a495523f5f8fae90be63bc7
u01-s007-v004,question,skillId,31,31,db7284405f3c22c3229e76b63fc8c313cfa45ed949df0066be5752881946a45d
u01-s007-v004,question,difficulty,8,8,fe6d3468cf5c74d8ec2a95b40f2e05338c37a4202f8fad692d2b64a9cf9b468a
u01-s007-v004,question,type,2,2,6bc0f9c4ecb0acbebf1b9f6c816bdd66f4885f67c917d9e141cf893014fba936
u01-s007-v004,question,visualMode,3,3,acdb1373d1761939cb5daa3332223298529581464a90afae39927e7aef8edd46
u01-s007-v004,question,figureId,17,17,3d5ad127ad1c971c79609b49dbc334bd45f712a013083e39841c2f4a01ec7647
u01-s007-v004,question,sourceScope,19,19,a4b669ddb8ef1883391c07a7b633f12eeaeecee7ec37c09eea4931aff6644346
u01-s007-v004,question,text,24,50,5b1b34d127eed42d9bbbbce2e924de30b519724caae7d6ca95c8213044063fc0
u01-s007-v004,question,choices[0],1,1,6b86b273ff34fce19d6b804eff5a3f5747ada4eaa22f1d49c01e52ddb7875b4b
u01-s007-v004,question,choices[1],2,2,d5c534fde62beb89c745a59952c8efed8b7523cbd047e682782e4367de9ea3bf
u01-s007-v004,question,choices[2],2,2,4a44dc15364204a80fe80e9039455cc1608281820fe2b24f1e5233ade6af1dd5
u01-s007-v004,question,choices[3],1,1,19581e27de7ced00ff1ce50b2047e7a567c76b1cbaebabe5ef03f7c3017bb5b7
u01-s007-v004,question,explanation,18,20,2c88d6cbcc8f86dc95b415bf11f67409d7bbac267a432b7a20a155ece91c87f9
u01-s007-v004,question,steps[0],11,17,b038d27554e1353add1bc65b6bf27fec0a34fff157c8b09d5bbeb9057f7f98e0
u01-s007-v004,question,steps[1],11,17,423f7f13a43e0c7d91d1dbb8bfe500d8f68d6413843c2d17e07cc805eccbcb20
u01-s007-v004,question,steps[2],4,10,e0ab0e1518ab40318a2f37faaf6f7f010ded38cdca749d4136988e55875b971a
u01-s007-v004,question,optionAnalysis[0].choice,1,1,6b86b273ff34fce19d6b804eff5a3f5747ada4eaa22f1d49c01e52ddb7875b4b
u01-s007-v004,question,optionAnalysis[0].reason,8,20,9047ca387e83189bcbcd04ed9c290787d73d12159ec1859c6519f2c467b99f9a
u01-s007-v004,question,optionAnalysis[1].choice,2,2,d5c534fde62beb89c745a59952c8efed8b7523cbd047e682782e4367de9ea3bf
u01-s007-v004,question,optionAnalysis[1].reason,6,18,626404e2f5f161e9c430f4b4cacf44003c8b8362bdd9488cb1bc4baa11a78cf2
u01-s007-v004,question,optionAnalysis[2].choice,2,2,4a44dc15364204a80fe80e9039455cc1608281820fe2b24f1e5233ade6af1dd5
u01-s007-v004,question,optionAnalysis[2].reason,6,18,f43a4acde36c61cf06cf9a6804a67d13aea1a59f192e3de7d3821e21ed4e0d3a
u01-s007-v004,question,optionAnalysis[3].choice,1,1,19581e27de7ced00ff1ce50b2047e7a567c76b1cbaebabe5ef03f7c3017bb5b7
u01-s007-v004,question,optionAnalysis[3].reason,11,13,f1bbdd2ee05a9086823872f62fda2603f59a1e5033cef80515f94a6fe9924970
u01-s007-v004,question,commonMistake,16,44,2757882df0108c096204d666509fe664251135045593e52abc07ad75553763ca
u01-s007-v004,question,concept,15,43,2d8c95bb0c95f98f7666ea658b59e26dfdcaabaebb0b962bcdad32998f9f3cb8
u01-s007-v004,question,tags[0],3,9,fd41540cbdbecb9b5fa7116d27c68e378548ab62ab7c7ca4494730a81ea87667
u01-s007-v004,question,tags[1],6,18,fc7a96b650c1e386b4df98a3a1be94759361954f1e773fb52efbdc8db430a18a
u01-s007-v004,question,tags[2],8,8,fe6d3468cf5c74d8ec2a95b40f2e05338c37a4202f8fad692d2b64a9cf9b468a
u01-s007-v004,question,estimatedTimeSec,2,2,39fa9ec190eee7b6f4dff1100d6343e10918d044c75eac8f9e9a2596173f80c9
u01-s007-v004,question,prerequisiteSkillIds[0],28,28,7104f6abd905fb0b122ab9faab9158fb5f98eed14f49afaa9f701d4c69cd5ad5
u01-s007-v004,question,authoringIntent,14,42,2e4c8f9d65fdc97859a651688fa1d49f4a8f7e5c2abae5ab15410a8df638934b
u01-s007-v004,question,reviewStatus,22,22,ec809598e2f7fcc69fad54c9cd045bba62b4a0dc7c0ff90d4efdc3788c9ad8fb
u01-s007-v004,question,contentSha256,64,64,7b209916ec54e4f85ff7a67540d6b8287a1855488302f76ce12f5c4de96b46ee
u01-s007-v004,question,contentAuthority,25,25,ed40f75ffe3d6ad4e71f6e7919d063410490de360edb425965eccd605ca9d79e
u01-s007-v005,question,questionId,13,13,531adfe1b7487e8a5f232cd0ce90ccca77882dd753bcfc07ff1e8cfb067bb86e
u01-s007-v005,question,unitId,3,3,2055254ee30aaae13b777732834c89d7f799015d3af13b62fe05aeef8c3e0eaa
u01-s007-v005,question,topicId,18,18,e7d9d88eb7596ecb66c83bcfd7a554baef7612744a495523f5f8fae90be63bc7
u01-s007-v005,question,skillId,31,31,db7284405f3c22c3229e76b63fc8c313cfa45ed949df0066be5752881946a45d
u01-s007-v005,question,difficulty,8,8,fe6d3468cf5c74d8ec2a95b40f2e05338c37a4202f8fad692d2b64a9cf9b468a
u01-s007-v005,question,type,2,2,6bc0f9c4ecb0acbebf1b9f6c816bdd66f4885f67c917d9e141cf893014fba936
u01-s007-v005,question,visualMode,9,9,9c7d54b0bf7a9369d8594201c7b11955514343809d09fbec33966c1fd9794015
u01-s007-v005,question,sourceScope,19,19,a4b669ddb8ef1883391c07a7b633f12eeaeecee7ec37c09eea4931aff6644346
u01-s007-v005,question,text,19,45,fa391690cf3167f7c0fe3f082fd4400528a485a6c0a2efc6f38cc633d6d59d72
u01-s007-v005,question,choices[0],6,8,01dd79a3aa8cf4cfd345edb8306aa0cf976c56c39eefe92736f3a7a4af67b642
u01-s007-v005,question,choices[1],6,8,4cba1e031239136a29e81f1e93ab177ea8223cc0a4a5fbbec4b6e832c9da8811
u01-s007-v005,question,choices[2],6,8,28f141779ec08262338bfc4d9bd975bf27071b16c263a90e7dcab27be6be0547
u01-s007-v005,question,choices[3],4,8,93b123ace4359b7b1cb393a168c447f75c63128cd603dde8a8dd13563ef63897
u01-s007-v005,question,explanation,17,39,ea5abfacd2a89a1efe0e291727a59ff371c53dffe4b88d637f7c3d58810c72f8
u01-s007-v005,question,steps[0],6,16,afccff4c8b01c117bdca8e5f84a54f08447397dd8943d243f999c9ebbbb91e8f
u01-s007-v005,question,steps[1],7,9,ff56abe3536d087ca7b53683be432e9173d1031d328b25ab10db12063e5d0b7a
u01-s007-v005,question,steps[2],6,8,0afde459e3610f591dcceb6a62fef66c317ae29786f11376ca1683452b6fc4a0
u01-s007-v005,question,optionAnalysis[0].choice,6,8,01dd79a3aa8cf4cfd345edb8306aa0cf976c56c39eefe92736f3a7a4af67b642
u01-s007-v005,question,optionAnalysis[0].reason,9,12,1084a8e9980ba18b2311fbd2fc409324af57f9ff8b2ccb9b289556a355484fb1
u01-s007-v005,question,optionAnalysis[1].choice,6,8,4cba1e031239136a29e81f1e93ab177ea8223cc0a4a5fbbec4b6e832c9da8811
u01-s007-v005,question,optionAnalysis[1].reason,8,22,da722a15c8a85253b55b8cddc97fc9bea6e3bf5c93175dadb3573d61a95adf43
u01-s007-v005,question,optionAnalysis[2].choice,6,8,28f141779ec08262338bfc4d9bd975bf27071b16c263a90e7dcab27be6be0547
u01-s007-v005,question,optionAnalysis[2].reason,6,18,b052572c0e32b12f827b46f62cd011984315e2ad755078ca7f9ebed966a58981
u01-s007-v005,question,optionAnalysis[3].choice,4,8,93b123ace4359b7b1cb393a168c447f75c63128cd603dde8a8dd13563ef63897
u01-s007-v005,question,optionAnalysis[3].reason,7,21,7525f60b0b65d0158c160c4405812b6c8da70198c63c741f605cddf492cf0536
u01-s007-v005,question,commonMistake,8,22,0856e1e225f9c03259c8ba367a6edb981ad9919c27373aeb766c007e76764038
u01-s007-v005,question,concept,15,45,5690e7860bd1caab78d1c72e07d049b053b806d02a8e170c6ce223c62af22e01
u01-s007-v005,question,tags[0],3,9,fd41540cbdbecb9b5fa7116d27c68e378548ab62ab7c7ca4494730a81ea87667
u01-s007-v005,question,tags[1],6,18,fc7a96b650c1e386b4df98a3a1be94759361954f1e773fb52efbdc8db430a18a
u01-s007-v005,question,tags[2],8,8,fe6d3468cf5c74d8ec2a95b40f2e05338c37a4202f8fad692d2b64a9cf9b468a
u01-s007-v005,question,estimatedTimeSec,2,2,39fa9ec190eee7b6f4dff1100d6343e10918d044c75eac8f9e9a2596173f80c9
u01-s007-v005,question,prerequisiteSkillIds[0],28,28,7104f6abd905fb0b122ab9faab9158fb5f98eed14f49afaa9f701d4c69cd5ad5
u01-s007-v005,question,authoringIntent,11,33,020b3fdca3fa8f0274200b95aef2913900c4c5220816730282b8912270d0504b
u01-s007-v005,question,reviewStatus,22,22,ec809598e2f7fcc69fad54c9cd045bba62b4a0dc7c0ff90d4efdc3788c9ad8fb
u01-s007-v005,question,contentSha256,64,64,cb38f5d2454e75524e82b64f4d8ac5ef16cfe3713ed37a9609fd3b841b635527
u01-s007-v005,question,contentAuthority,25,25,ed40f75ffe3d6ad4e71f6e7919d063410490de360edb425965eccd605ca9d79e
u01-s007-v006,question,questionId,13,13,f43cddbf43a0edb3975d7731a76817d51ee08f410fffd6fc0ad0ae4b7aef1f69
u01-s007-v006,question,unitId,3,3,2055254ee30aaae13b777732834c89d7f799015d3af13b62fe05aeef8c3e0eaa
u01-s007-v006,question,topicId,18,18,e7d9d88eb7596ecb66c83bcfd7a554baef7612744a495523f5f8fae90be63bc7
u01-s007-v006,question,skillId,31,31,db7284405f3c22c3229e76b63fc8c313cfa45ed949df0066be5752881946a45d
u01-s007-v006,question,difficulty,8,8,fe6d3468cf5c74d8ec2a95b40f2e05338c37a4202f8fad692d2b64a9cf9b468a
u01-s007-v006,question,type,2,2,6bc0f9c4ecb0acbebf1b9f6c816bdd66f4885f67c917d9e141cf893014fba936
u01-s007-v006,question,visualMode,9,9,9c7d54b0bf7a9369d8594201c7b11955514343809d09fbec33966c1fd9794015
u01-s007-v006,question,sourceScope,19,19,a4b669ddb8ef1883391c07a7b633f12eeaeecee7ec37c09eea4931aff6644346
u01-s007-v006,question,text,35,85,3c3cb4d6138c4bfae2d5b7fbab03bfd60551179907937feab2e58936f3b0651a
u01-s007-v006,question,choices[0],4,5,c82dc780393bf373d72ca2476d4517c25447067284c8813e231eb0a09a81d4fd
u01-s007-v006,question,choices[1],3,4,70545ab2ba7a7e073087b1ff2515cb7f256cea9831e54433a6a00de445983584
u01-s007-v006,question,choices[2],4,5,4029d20bac048ff5543dfe022755072caa0540347a7e067b9ed59b2361e979ee
u01-s007-v006,question,choices[3],5,6,20c9dfeec82f568452ca6eaf29de47c9be5316c1a34e87c3d84a494a607fea1c
u01-s007-v006,question,explanation,27,48,05c88f04d6204d808b559554584717dcbfae19cc15800aeae77c1d9c9872436c
u01-s007-v006,question,steps[0],7,19,299d4fe8d487d2d1b9dedd6f8c897b3cefe4ea6ae3c5a39f079417d0c2406edf
u01-s007-v006,question,steps[1],5,15,0c69d24c86118892a1083b2b35379b053ea483c4b40d16a587ae863318413087
u01-s007-v006,question,steps[2],6,13,b9bcca1e665af90c6d7b6f8153184a74b54f10c9b42b15f9574914ed8cdc687b
u01-s007-v006,question,optionAnalysis[0].choice,4,5,c82dc780393bf373d72ca2476d4517c25447067284c8813e231eb0a09a81d4fd
u01-s007-v006,question,optionAnalysis[0].reason,12,36,d0082f1675635a465b58aa600dbe29da10b18e6cc02b6885d4416ac8157f851d
u01-s007-v006,question,optionAnalysis[1].choice,3,4,70545ab2ba7a7e073087b1ff2515cb7f256cea9831e54433a6a00de445983584
u01-s007-v006,question,optionAnalysis[1].reason,11,14,324e4ac15fd695e377fb2c2d53a00c741b4f974dac4e2022de7cce59add13ca6
u01-s007-v006,question,optionAnalysis[2].choice,4,5,4029d20bac048ff5543dfe022755072caa0540347a7e067b9ed59b2361e979ee
u01-s007-v006,question,optionAnalysis[2].reason,7,21,61aee05a0a2fe13143cb3cd3e3d462cba7842ecf1e54b154f6f08074db22d834
u01-s007-v006,question,optionAnalysis[3].choice,5,6,20c9dfeec82f568452ca6eaf29de47c9be5316c1a34e87c3d84a494a607fea1c
u01-s007-v006,question,optionAnalysis[3].reason,8,24,1206e09f62d223a818f6da7bdbf38af09c22fb061571dd6274ef79cd8cfb6ab7
u01-s007-v006,question,commonMistake,15,41,31a7dc5b8a6f7349288ca359bf9da5d496e322e38dee06d001aa608d3fb59481
u01-s007-v006,question,concept,14,42,0ce762fbe215010a190581ab9ff3c3d8ee4bed622aaff9c38e7510e49e1e66c0
u01-s007-v006,question,tags[0],3,9,fd41540cbdbecb9b5fa7116d27c68e378548ab62ab7c7ca4494730a81ea87667
u01-s007-v006,question,tags[1],6,18,fc7a96b650c1e386b4df98a3a1be94759361954f1e773fb52efbdc8db430a18a
u01-s007-v006,question,tags[2],8,8,fe6d3468cf5c74d8ec2a95b40f2e05338c37a4202f8fad692d2b64a9cf9b468a
u01-s007-v006,question,estimatedTimeSec,2,2,39fa9ec190eee7b6f4dff1100d6343e10918d044c75eac8f9e9a2596173f80c9
u01-s007-v006,question,prerequisiteSkillIds[0],28,28,7104f6abd905fb0b122ab9faab9158fb5f98eed14f49afaa9f701d4c69cd5ad5
u01-s007-v006,question,authoringIntent,11,33,7b8e4e2dfa09ed65fc598d8d7cb562a6f6eac7f8678f17108a0564908476e6fb
u01-s007-v006,question,reviewStatus,22,22,ec809598e2f7fcc69fad54c9cd045bba62b4a0dc7c0ff90d4efdc3788c9ad8fb
u01-s007-v006,question,contentSha256,64,64,eaf4912faeeaaf969801fbe8972bb3a567baf30c1462d0924a215dc3ecae96eb
u01-s007-v006,question,contentAuthority,25,25,ed40f75ffe3d6ad4e71f6e7919d063410490de360edb425965eccd605ca9d79e
u01-s007-v007,question,questionId,13,13,22258ec641fc59def69352c11de254cbc84ead1cefb27d6ea9d69c2288c855df
u01-s007-v007,question,unitId,3,3,2055254ee30aaae13b777732834c89d7f799015d3af13b62fe05aeef8c3e0eaa
u01-s007-v007,question,topicId,18,18,e7d9d88eb7596ecb66c83bcfd7a554baef7612744a495523f5f8fae90be63bc7
u01-s007-v007,question,skillId,31,31,db7284405f3c22c3229e76b63fc8c313cfa45ed949df0066be5752881946a45d
u01-s007-v007,question,difficulty,8,8,d21f85ea38166303ce58e06134b5cc4a5c900c409ab2a500ff7c9225109a09bb
u01-s007-v007,question,type,2,2,6bc0f9c4ecb0acbebf1b9f6c816bdd66f4885f67c917d9e141cf893014fba936
u01-s007-v007,question,visualMode,9,9,9c7d54b0bf7a9369d8594201c7b11955514343809d09fbec33966c1fd9794015
u01-s007-v007,question,sourceScope,19,19,a4b669ddb8ef1883391c07a7b633f12eeaeecee7ec37c09eea4931aff6644346
u01-s007-v007,question,text,12,20,cf3045841733352d2ef1a19ba1a50e7e2f69e78059d1a45e55343b58de23bc2d
u01-s007-v007,question,choices[0],3,3,1f206b11c23e28cc250ded7fc0098d3823a8467a54340f1ac4e535cb8544493f
u01-s007-v007,question,choices[1],4,4,d0fb403a8dedc454c3a3fc4800981dc7158b3d719f5fec258f5d1d2ab4e56c95
u01-s007-v007,question,choices[2],10,12,1e6cc3d99fc54773ed22dfa55180e8c60ac08aa9631ab5cd85c4f5e4982d6620
u01-s007-v007,question,choices[3],10,12,9343f1eb524b275c4d01fed1d45ccc1141e4337d2cecb901b874800be5f45c2e
u01-s007-v007,question,explanation,53,79,3d594ce63811c139ee8f9b7e7d0af35266128db65fb88d6ae81c9b081571c3c4
u01-s007-v007,question,steps[0],7,17,a399739bf24cbeeebe85b2c57238d7f39970d82091ae9b2365150d8f1e468c1c
u01-s007-v007,question,steps[1],6,14,34ce1746d21ed69f5ffc0902e9baf2674c38904c1f07db6f73451ed0c7f59936
u01-s007-v007,question,steps[2],7,15,342cfc82317002ab1fa91797b473783645e7ebf0bdb39784fe548ce2bb61638a
u01-s007-v007,question,optionAnalysis[0].choice,3,3,1f206b11c23e28cc250ded7fc0098d3823a8467a54340f1ac4e535cb8544493f
u01-s007-v007,question,optionAnalysis[0].reason,6,18,7fad6640d434379f18713ffca54fc754f47588d92853f5d92a47b66f8ff91d6c
u01-s007-v007,question,optionAnalysis[1].choice,4,4,d0fb403a8dedc454c3a3fc4800981dc7158b3d719f5fec258f5d1d2ab4e56c95
u01-s007-v007,question,optionAnalysis[1].reason,6,18,1ca4cd566f64c651d1698ad986dba7fefdf1f2d6c42d0f1a7035f37057c9cc72
u01-s007-v007,question,optionAnalysis[2].choice,10,12,1e6cc3d99fc54773ed22dfa55180e8c60ac08aa9631ab5cd85c4f5e4982d6620
u01-s007-v007,question,optionAnalysis[2].reason,12,15,dc410bf9b16b0d5ad06d5c703329787776d3f09017bbc1c025978e2a4578cef0
u01-s007-v007,question,optionAnalysis[3].choice,10,12,9343f1eb524b275c4d01fed1d45ccc1141e4337d2cecb901b874800be5f45c2e
u01-s007-v007,question,optionAnalysis[3].reason,7,21,08ad78e7f8b522e6f97d5311c8b13f803f402c4fad7a63f8869a556e24816287
u01-s007-v007,question,commonMistake,9,23,994d6d9e72399dc581ddf9834fa5d9dc34c01c6d415117ec645daff546bfb1d2
u01-s007-v007,question,concept,24,36,f130c5f33c8572d300102b3f64b2a664d63831c5a9c27dcf2e3322ca2fd4e0ee
u01-s007-v007,question,tags[0],3,9,fd41540cbdbecb9b5fa7116d27c68e378548ab62ab7c7ca4494730a81ea87667
u01-s007-v007,question,tags[1],6,18,fc7a96b650c1e386b4df98a3a1be94759361954f1e773fb52efbdc8db430a18a
u01-s007-v007,question,tags[2],8,8,d21f85ea38166303ce58e06134b5cc4a5c900c409ab2a500ff7c9225109a09bb
u01-s007-v007,question,estimatedTimeSec,2,2,39fa9ec190eee7b6f4dff1100d6343e10918d044c75eac8f9e9a2596173f80c9
u01-s007-v007,question,prerequisiteSkillIds[0],28,28,7104f6abd905fb0b122ab9faab9158fb5f98eed14f49afaa9f701d4c69cd5ad5
u01-s007-v007,question,authoringIntent,11,33,4c64ea3c55fd185b21312628d35ef96b4f97a3de15b19bee445af9cb2a3f4b5e
u01-s007-v007,question,reviewStatus,22,22,ec809598e2f7fcc69fad54c9cd045bba62b4a0dc7c0ff90d4efdc3788c9ad8fb
u01-s007-v007,question,contentSha256,64,64,50db948c738ada1952aec255f74ddd9ae90e0536589a6fb638122609ec538423
u01-s007-v007,question,contentAuthority,25,25,ed40f75ffe3d6ad4e71f6e7919d063410490de360edb425965eccd605ca9d79e
u01-s007-v008,question,questionId,13,13,7c85b319c3d5e92b4fcf25d19ef5fe364e8dd0ee260bb7d5900d4421c30cbce2
u01-s007-v008,question,unitId,3,3,2055254ee30aaae13b777732834c89d7f799015d3af13b62fe05aeef8c3e0eaa
u01-s007-v008,question,topicId,18,18,e7d9d88eb7596ecb66c83bcfd7a554baef7612744a495523f5f8fae90be63bc7
u01-s007-v008,question,skillId,31,31,db7284405f3c22c3229e76b63fc8c313cfa45ed949df0066be5752881946a45d
u01-s007-v008,question,difficulty,8,8,d21f85ea38166303ce58e06134b5cc4a5c900c409ab2a500ff7c9225109a09bb
u01-s007-v008,question,type,2,2,6bc0f9c4ecb0acbebf1b9f6c816bdd66f4885f67c917d9e141cf893014fba936
u01-s007-v008,question,visualMode,9,9,9c7d54b0bf7a9369d8594201c7b11955514343809d09fbec33966c1fd9794015
u01-s007-v008,question,sourceScope,19,19,a4b669ddb8ef1883391c07a7b633f12eeaeecee7ec37c09eea4931aff6644346
u01-s007-v008,question,text,27,59,0317ff1cf8cae3d72cd65177181132dc06d072b73157523e293143b2b0aece64
u01-s007-v008,question,choices[0],3,5,d0c702716b93a49e54e0c0cc09456e06c376b4683d96c4064f2fc15bfcd9f017
u01-s007-v008,question,choices[1],3,5,7ea1ac2b731ce68688020eadd85cc37414eb4dcacac5dea1093f9f3df57fe11f
u01-s007-v008,question,choices[2],4,12,1246e1fa0497cea80d3e4260ff55627c191bbdc84d0fd47d8689603f9672254f
u01-s007-v008,question,choices[3],3,5,6152489d64fd63982676fccf4ba991eafbef38981375014bbdb1e5aa7f0a844c
u01-s007-v008,question,explanation,26,44,5584e5e8d43b6d4ab2b9581bf049f93a5491e02d61106987597af43584e86c95
u01-s007-v008,question,steps[0],8,24,9a52c40d3b08d9f9e49530e92dab748e36bcc3c9f25e4f95cf29c9a692ef40cb
u01-s007-v008,question,steps[1],9,15,8d17882c8cd34a4f264ed4a36ab276e8e1e213adb3694406db0bd62c092687f0
u01-s007-v008,question,steps[2],5,13,2f541f1582ea965c6ac038dabaffa2816e4d38dc4b25bcd11c72ba689ab0bd17
u01-s007-v008,question,optionAnalysis[0].choice,3,5,d0c702716b93a49e54e0c0cc09456e06c376b4683d96c4064f2fc15bfcd9f017
u01-s007-v008,question,optionAnalysis[0].reason,4,10,b6c8abee205d075a4c0dda2ee71c286f9bf2b8cf2acf55a61097567e7af7972c
u01-s007-v008,question,optionAnalysis[1].choice,3,5,7ea1ac2b731ce68688020eadd85cc37414eb4dcacac5dea1093f9f3df57fe11f
u01-s007-v008,question,optionAnalysis[1].reason,5,11,c11431b3c0b9db60f556fadd11d0628f4da55c3b4228e2c35d55ef83b52d9ba3
u01-s007-v008,question,optionAnalysis[2].choice,4,12,1246e1fa0497cea80d3e4260ff55627c191bbdc84d0fd47d8689603f9672254f
u01-s007-v008,question,optionAnalysis[2].reason,4,12,cb1b651bee74ddb3a8d825ed1a9d8f354c524eb99fb76c5bfef8c87dac2611c2
u01-s007-v008,question,optionAnalysis[3].choice,3,5,6152489d64fd63982676fccf4ba991eafbef38981375014bbdb1e5aa7f0a844c
u01-s007-v008,question,optionAnalysis[3].reason,17,23,c6986d8b13c8eb976eaea69a8ded913c901c7f957bd4ad79900bf8225c5838f8
u01-s007-v008,question,commonMistake,17,47,151e94ebf66534dc5a8aadbd1190f437a2e416f328d17b5ec485c420f73055b8
u01-s007-v008,question,concept,15,45,fbf79dbf5b2aef8f430b5a96e17c5ead6a80539cebbb98cca0e0cf70f55e1bda
u01-s007-v008,question,tags[0],3,9,fd41540cbdbecb9b5fa7116d27c68e378548ab62ab7c7ca4494730a81ea87667
u01-s007-v008,question,tags[1],6,18,fc7a96b650c1e386b4df98a3a1be94759361954f1e773fb52efbdc8db430a18a
u01-s007-v008,question,tags[2],8,8,d21f85ea38166303ce58e06134b5cc4a5c900c409ab2a500ff7c9225109a09bb
u01-s007-v008,question,estimatedTimeSec,2,2,39fa9ec190eee7b6f4dff1100d6343e10918d044c75eac8f9e9a2596173f80c9
u01-s007-v008,question,prerequisiteSkillIds[0],28,28,7104f6abd905fb0b122ab9faab9158fb5f98eed14f49afaa9f701d4c69cd5ad5
u01-s007-v008,question,authoringIntent,13,39,691da88e035a2304af625961747956985791948c1aa9059658108045efa83b78
u01-s007-v008,question,reviewStatus,22,22,ec809598e2f7fcc69fad54c9cd045bba62b4a0dc7c0ff90d4efdc3788c9ad8fb
u01-s007-v008,question,contentSha256,64,64,d25ccf995b71af5e64a6f8c8ee4285517a1fa8c1418f3b71aa114586dd9f349f
u01-s007-v008,question,contentAuthority,25,25,ed40f75ffe3d6ad4e71f6e7919d063410490de360edb425965eccd605ca9d79e
u01-s007-v009,question,questionId,13,13,0ad252e52a75902c21cf98b6d2b81d9f4ba86ebc89df7722c8d0fd3ab52c1a72
u01-s007-v009,question,unitId,3,3,2055254ee30aaae13b777732834c89d7f799015d3af13b62fe05aeef8c3e0eaa
u01-s007-v009,question,topicId,18,18,e7d9d88eb7596ecb66c83bcfd7a554baef7612744a495523f5f8fae90be63bc7
u01-s007-v009,question,skillId,31,31,db7284405f3c22c3229e76b63fc8c313cfa45ed949df0066be5752881946a45d
u01-s007-v009,question,difficulty,8,8,d21f85ea38166303ce58e06134b5cc4a5c900c409ab2a500ff7c9225109a09bb
u01-s007-v009,question,type,2,2,6bc0f9c4ecb0acbebf1b9f6c816bdd66f4885f67c917d9e141cf893014fba936
u01-s007-v009,question,visualMode,9,9,9c7d54b0bf7a9369d8594201c7b11955514343809d09fbec33966c1fd9794015
u01-s007-v009,question,sourceScope,19,19,a4b669ddb8ef1883391c07a7b633f12eeaeecee7ec37c09eea4931aff6644346
u01-s007-v009,question,text,42,88,a60503205f1e7a25e179c2d77085ef9f6d6c148e168b9566976b8a7767ed5fdb
u01-s007-v009,question,choices[0],2,2,4fc82b26aecb47d2868c4efbe3581732a3e7cbcc6c2efb32062c08170a05eeb8
u01-s007-v009,question,choices[1],1,1,4b227777d4dd1fc61c6f884f48641d02b4d121d3fd328cb08b5531fcacdabf8a
u01-s007-v009,question,choices[2],1,1,4e07408562bedb8b60ce05c1decfe3ad16b72230967de01f640b7e4729b49fce
u01-s007-v009,question,choices[3],1,1,7902699be42c8a8e46fbbb4501726517e86b22c56a189f7625a6da49081b2451
u01-s007-v009,question,explanation,33,45,4c0bf88b3f7e176e072ab3fbdea9cf933387f426fd780837d0e4de705e3c3160
u01-s007-v009,question,steps[0],6,16,407d44acd0efa9ea53b4cdc9b366d496acb2a2f05628bf23975e9a600219e17b
u01-s007-v009,question,steps[1],6,16,013ca26add24a137e6a793cbde6780775b6eef310a27364a5a00955792ad7230
u01-s007-v009,question,steps[2],5,11,53ede01b628711884943cc5f0fdaba04f151478f451fc8d7708b976e72074475
u01-s007-v009,question,optionAnalysis[0].choice,2,2,4fc82b26aecb47d2868c4efbe3581732a3e7cbcc6c2efb32062c08170a05eeb8
u01-s007-v009,question,optionAnalysis[0].reason,7,9,00a5ce5dcf702e5d33a367d035a56983c7f0e2b554751ca89869a62f52785811
u01-s007-v009,question,optionAnalysis[1].choice,1,1,4b227777d4dd1fc61c6f884f48641d02b4d121d3fd328cb08b5531fcacdabf8a
u01-s007-v009,question,optionAnalysis[1].reason,9,25,eb6eb70a710d96069ad2fa4c9ef2a6b0489724e37ef6f62c569cd048dd8b8a04
u01-s007-v009,question,optionAnalysis[2].choice,1,1,4e07408562bedb8b60ce05c1decfe3ad16b72230967de01f640b7e4729b49fce
u01-s007-v009,question,optionAnalysis[2].reason,6,18,3faf5ee07ee495203a6ff34710b4da24291900d3791d55198e54ef7f3c493ca2
u01-s007-v009,question,optionAnalysis[3].choice,1,1,7902699be42c8a8e46fbbb4501726517e86b22c56a189f7625a6da49081b2451
u01-s007-v009,question,optionAnalysis[3].reason,6,18,354b995c986bff7585161514181e1dac2ecc01c3c72a1a057017d54ddfd86f8a
u01-s007-v009,question,commonMistake,23,63,6bec4e534a168788ec0e2ba0a64411e3b10d9d2d76745be924c16607b98fda75
u01-s007-v009,question,concept,18,54,7100b395bd3611e364d66dda41ef02a8120f5701675260f4ad71b00269fd6417
u01-s007-v009,question,tags[0],3,9,fd41540cbdbecb9b5fa7116d27c68e378548ab62ab7c7ca4494730a81ea87667
u01-s007-v009,question,tags[1],6,18,fc7a96b650c1e386b4df98a3a1be94759361954f1e773fb52efbdc8db430a18a
u01-s007-v009,question,tags[2],8,8,d21f85ea38166303ce58e06134b5cc4a5c900c409ab2a500ff7c9225109a09bb
u01-s007-v009,question,estimatedTimeSec,2,2,39fa9ec190eee7b6f4dff1100d6343e10918d044c75eac8f9e9a2596173f80c9
u01-s007-v009,question,prerequisiteSkillIds[0],28,28,7104f6abd905fb0b122ab9faab9158fb5f98eed14f49afaa9f701d4c69cd5ad5
u01-s007-v009,question,authoringIntent,11,33,fb934be16683f7b13133ab4c842f235daca54ac5025f0cb76cd88daa1a6fa201
u01-s007-v009,question,reviewStatus,22,22,ec809598e2f7fcc69fad54c9cd045bba62b4a0dc7c0ff90d4efdc3788c9ad8fb
u01-s007-v009,question,contentSha256,64,64,4c5439010a4bc0d618148e8b23bd6e3b2b5e6a379cfea3a0927473a959407a03
u01-s007-v009,question,contentAuthority,25,25,ed40f75ffe3d6ad4e71f6e7919d063410490de360edb425965eccd605ca9d79e
u01-s007-v010,question,questionId,13,13,f369673ce16a3c109fdd6c9afa655270f1072d3b851f36260ad5dba5972bcfda
u01-s007-v010,question,unitId,3,3,2055254ee30aaae13b777732834c89d7f799015d3af13b62fe05aeef8c3e0eaa
u01-s007-v010,question,topicId,18,18,e7d9d88eb7596ecb66c83bcfd7a554baef7612744a495523f5f8fae90be63bc7
u01-s007-v010,question,skillId,31,31,db7284405f3c22c3229e76b63fc8c313cfa45ed949df0066be5752881946a45d
u01-s007-v010,question,difficulty,8,8,578756ca4aa16d8872610a5aaa78460fd30fbe93379ff7284fe65d66ca606755
u01-s007-v010,question,type,2,2,6bc0f9c4ecb0acbebf1b9f6c816bdd66f4885f67c917d9e141cf893014fba936
u01-s007-v010,question,visualMode,3,3,acdb1373d1761939cb5daa3332223298529581464a90afae39927e7aef8edd46
u01-s007-v010,question,figureId,17,17,23d9d56dd03ffcd2cb6a6aa41da83968b5576c99bb2c0837cd9f04efa9d07758
u01-s007-v010,question,sourceScope,19,19,a4b669ddb8ef1883391c07a7b633f12eeaeecee7ec37c09eea4931aff6644346
u01-s007-v010,question,text,37,95,befb59618de6ba43a6711e74eba7b064b4df055d230573f3c2fcead87aaf2fa5
u01-s007-v010,question,choices[0],4,5,7abdbf2c79cd015bb63c27d62f84e462b2fd4ea3b55606b78daf87dadea55c9a
u01-s007-v010,question,choices[1],3,4,f0eb77cf06f08d69d8a5ad6319062df0b18b7dd076aa8f90e4898a519dce2309
u01-s007-v010,question,choices[2],3,4,6567b85d37143fd88c3e9ad1e8debc66bd936c0c2123df9a7ccf31381cc2ad2b
u01-s007-v010,question,choices[3],3,4,70545ab2ba7a7e073087b1ff2515cb7f256cea9831e54433a6a00de445983584
u01-s007-v010,question,explanation,16,23,b8be5e1f07675630afc1f21a260146e0c9a8951a516422c0d186dd0aa35a1551
u01-s007-v010,question,steps[0],9,21,f134634ecafd20557599f68429dd19567feb2b25bd7ec908f69c5da9dc5cb842
u01-s007-v010,question,steps[1],8,14,ab3a77ee404a1406a91644eaef42a39c3f1874e1abf74eaa870ee874778a5ddc
u01-s007-v010,question,steps[2],7,21,ffbe87d7db666b753ff35277584a05dc393978e9d34a1fc080c047b4ded6a345
u01-s007-v010,question,optionAnalysis[0].choice,4,5,7abdbf2c79cd015bb63c27d62f84e462b2fd4ea3b55606b78daf87dadea55c9a
u01-s007-v010,question,optionAnalysis[0].reason,6,18,aa548da4a0acf512aefe7512b4361ca40f633d82c887679348d71fb95f581618
u01-s007-v010,question,optionAnalysis[1].choice,3,4,f0eb77cf06f08d69d8a5ad6319062df0b18b7dd076aa8f90e4898a519dce2309
u01-s007-v010,question,optionAnalysis[1].reason,13,16,fc47c7baa3086442d2b354c54d5c76c0a2b58f2a531c5d02e5f3475d3960a62f
u01-s007-v010,question,optionAnalysis[2].choice,3,4,6567b85d37143fd88c3e9ad1e8debc66bd936c0c2123df9a7ccf31381cc2ad2b
u01-s007-v010,question,optionAnalysis[2].reason,7,21,39528548e30dcb51c0c119ff527ac9ca7b3fb1319a1b6edbfe4cc6261e9f0bc4
u01-s007-v010,question,optionAnalysis[3].choice,3,4,70545ab2ba7a7e073087b1ff2515cb7f256cea9831e54433a6a00de445983584
u01-s007-v010,question,optionAnalysis[3].reason,8,24,18deded2672e3e9bbc4fd543797ef136b7c4bf21f1ae1d8e61a15fcdceec6413
u01-s007-v010,question,commonMistake,21,55,f8dddd822a04e6cab19b848e36a818763edf3ddd891c9df7303684afa3852f9f
u01-s007-v010,question,concept,14,40,2185bd2a6300acc057aea516df62f6ada62d1a95ea86c1386cf831e951011c3c
u01-s007-v010,question,tags[0],3,9,fd41540cbdbecb9b5fa7116d27c68e378548ab62ab7c7ca4494730a81ea87667
u01-s007-v010,question,tags[1],6,18,fc7a96b650c1e386b4df98a3a1be94759361954f1e773fb52efbdc8db430a18a
u01-s007-v010,question,tags[2],8,8,578756ca4aa16d8872610a5aaa78460fd30fbe93379ff7284fe65d66ca606755
u01-s007-v010,question,estimatedTimeSec,2,2,69f59c273b6e669ac32a6dd5e1b2cb63333d8b004f9696447aee2d422ce63763
u01-s007-v010,question,prerequisiteSkillIds[0],28,28,7104f6abd905fb0b122ab9faab9158fb5f98eed14f49afaa9f701d4c69cd5ad5
u01-s007-v010,question,authoringIntent,10,30,3d3c57d117709e346aab60ee62389f82dc8133bba76d179fea1f6f26ed585c5c
u01-s007-v010,question,literacyContextNecessity,23,69,d02ab473b295aab7c464c70634c99677d154f27b28498d132b7a7fc5def75b2a
u01-s007-v010,question,reviewStatus,22,22,ec809598e2f7fcc69fad54c9cd045bba62b4a0dc7c0ff90d4efdc3788c9ad8fb
u01-s007-v010,question,contentSha256,64,64,73ea5901cc4e76175a1fc8bd14c1e8a7ff516c55ce2f13b1c175ba155f89209f
u01-s007-v010,question,contentAuthority,25,25,ed40f75ffe3d6ad4e71f6e7919d063410490de360edb425965eccd605ca9d79e
u01-s007-v011,question,questionId,13,13,d09086f04723f7de1573ccc0d97583b687bed61c442444ac8899599da5a00c79
u01-s007-v011,question,unitId,3,3,2055254ee30aaae13b777732834c89d7f799015d3af13b62fe05aeef8c3e0eaa
u01-s007-v011,question,topicId,18,18,e7d9d88eb7596ecb66c83bcfd7a554baef7612744a495523f5f8fae90be63bc7
u01-s007-v011,question,skillId,31,31,db7284405f3c22c3229e76b63fc8c313cfa45ed949df0066be5752881946a45d
u01-s007-v011,question,difficulty,8,8,578756ca4aa16d8872610a5aaa78460fd30fbe93379ff7284fe65d66ca606755
u01-s007-v011,question,type,2,2,6bc0f9c4ecb0acbebf1b9f6c816bdd66f4885f67c917d9e141cf893014fba936
u01-s007-v011,question,visualMode,9,9,9c7d54b0bf7a9369d8594201c7b11955514343809d09fbec33966c1fd9794015
u01-s007-v011,question,sourceScope,19,19,a4b669ddb8ef1883391c07a7b633f12eeaeecee7ec37c09eea4931aff6644346
u01-s007-v011,question,text,49,121,a676008fcaf76545da53824156d3ce9a962fc865a45a33e76d3ffb8388f29e7c
u01-s007-v011,question,choices[0],6,10,095011cbacb4754b053086a63771d31e6b6e105fda9cca843523993465700df0
u01-s007-v011,question,choices[1],5,9,5a842f647ebac39829834db2fc10e521ac50e2796afb2bc19a9ca4c6ff59a282
u01-s007-v011,question,choices[2],5,9,e8e2ccd8e1663686cc71de07334d8539515799275df7ed24de65621fbad9c968
u01-s007-v011,question,choices[3],6,10,6a58e14e79fcd43dfd06549006ab8722278e6be7d8a4103073ab6432671ef6f7
u01-s007-v011,question,explanation,24,30,76718883fc3b48c7a709641ce10f352a0d5219d20468b0caf09ffcbfa73fa1b9
u01-s007-v011,question,steps[0],9,27,f039211037f8dce3fe774ba292039eca08b55711e7fd1c91aa7399f9124ce892
u01-s007-v011,question,steps[1],8,18,3ffb234e64e839ef32f2bb84e63531c95ac34b8bf118d2e125bc1e17a2ae9cfa
u01-s007-v011,question,steps[2],7,17,9b58f169e1447875e61a6b7448ab637adb6ca7ea608171b9e30654ae5f051500
u01-s007-v011,question,optionAnalysis[0].choice,6,10,095011cbacb4754b053086a63771d31e6b6e105fda9cca843523993465700df0
u01-s007-v011,question,optionAnalysis[0].reason,10,30,ecf3307e3c3c63393a337128eebbd389c97df4f436023cf823edf2cf5a338ba9
u01-s007-v011,question,optionAnalysis[1].choice,5,9,5a842f647ebac39829834db2fc10e521ac50e2796afb2bc19a9ca4c6ff59a282
u01-s007-v011,question,optionAnalysis[1].reason,7,21,7fec87dc6b1ee430736b0a4c74f2265016d1e682bdc60486d1e047594025999f
u01-s007-v011,question,optionAnalysis[2].choice,5,9,e8e2ccd8e1663686cc71de07334d8539515799275df7ed24de65621fbad9c968
u01-s007-v011,question,optionAnalysis[2].reason,14,20,9350bd518691906a45073fbe68b76d597f991162739f1e5584800ded03abaac2
u01-s007-v011,question,optionAnalysis[3].choice,6,10,6a58e14e79fcd43dfd06549006ab8722278e6be7d8a4103073ab6432671ef6f7
u01-s007-v011,question,optionAnalysis[3].reason,6,18,626404e2f5f161e9c430f4b4cacf44003c8b8362bdd9488cb1bc4baa11a78cf2
u01-s007-v011,question,commonMistake,18,42,8c040bbbf06af007921d05559e2b02c12858470c5aa956695a142e793ad6724b
u01-s007-v011,question,concept,12,36,da4db860c74f96f7d00192a0f2ec1a53af90fae73d8726e9665ad3ea9b1e3586
u01-s007-v011,question,tags[0],3,9,fd41540cbdbecb9b5fa7116d27c68e378548ab62ab7c7ca4494730a81ea87667
u01-s007-v011,question,tags[1],6,18,fc7a96b650c1e386b4df98a3a1be94759361954f1e773fb52efbdc8db430a18a
u01-s007-v011,question,tags[2],8,8,578756ca4aa16d8872610a5aaa78460fd30fbe93379ff7284fe65d66ca606755
u01-s007-v011,question,estimatedTimeSec,2,2,69f59c273b6e669ac32a6dd5e1b2cb63333d8b004f9696447aee2d422ce63763
u01-s007-v011,question,prerequisiteSkillIds[0],28,28,7104f6abd905fb0b122ab9faab9158fb5f98eed14f49afaa9f701d4c69cd5ad5
u01-s007-v011,question,authoringIntent,13,39,67f149944774ffe5c47707ba8666772ec028974608f3bf92e9bd12f0237aebd4
u01-s007-v011,question,literacyContextNecessity,19,57,94d15b4822b0aba25cbb7a1d15fbf6150100681910f755f84bfae4b15482e254
u01-s007-v011,question,reviewStatus,22,22,ec809598e2f7fcc69fad54c9cd045bba62b4a0dc7c0ff90d4efdc3788c9ad8fb
u01-s007-v011,question,contentSha256,64,64,63bb53174e6638da5ee6c62125a1f29957d02dc0b7c2281b0fd94cdf14dcd40b
u01-s007-v011,question,contentAuthority,25,25,ed40f75ffe3d6ad4e71f6e7919d063410490de360edb425965eccd605ca9d79e
u01-s007-v012,question,questionId,13,13,630702994df9e3b85590cafeb2758aeb6fe40b1d51cad79bdcaa9da218e9b86b
u01-s007-v012,question,unitId,3,3,2055254ee30aaae13b777732834c89d7f799015d3af13b62fe05aeef8c3e0eaa
u01-s007-v012,question,topicId,18,18,e7d9d88eb7596ecb66c83bcfd7a554baef7612744a495523f5f8fae90be63bc7
u01-s007-v012,question,skillId,31,31,db7284405f3c22c3229e76b63fc8c313cfa45ed949df0066be5752881946a45d
u01-s007-v012,question,difficulty,8,8,578756ca4aa16d8872610a5aaa78460fd30fbe93379ff7284fe65d66ca606755
u01-s007-v012,question,type,2,2,6bc0f9c4ecb0acbebf1b9f6c816bdd66f4885f67c917d9e141cf893014fba936
u01-s007-v012,question,visualMode,9,9,9c7d54b0bf7a9369d8594201c7b11955514343809d09fbec33966c1fd9794015
u01-s007-v012,question,sourceScope,19,19,a4b669ddb8ef1883391c07a7b633f12eeaeecee7ec37c09eea4931aff6644346
u01-s007-v012,question,text,41,101,25630bcf0af067a3f8ff0ce21bfffca171e45f335cf12b9f0c41c570c740918f
u01-s007-v012,question,choices[0],6,8,e9150f7461322f1ccbb9c1d7d4e310cb49bb98238f2c9178e2245cf318454fdc
u01-s007-v012,question,choices[1],5,7,85e7ef4e72fcd213bc02db34f6d0754d67c7a52eb85ca6922b980da1adcba1ea
u01-s007-v012,question,choices[2],5,7,7b11e0bacafbbcf2e15ed5f8f715a438572831b659919f52b1ec259bdd077996
u01-s007-v012,question,choices[3],5,7,a0ec730a8024ea2936ca138553a3b77db3c0a82a516b2c38e1ee4c241315c85c
u01-s007-v012,question,explanation,19,23,2c288a25cc54ab7aaded63727816d3eff2adb5f88bffc9751370e051ad587d74
u01-s007-v012,question,steps[0],13,25,c394d1cef669782f363ba1b953e94e4237616e458270b9a19b5ea551a1dca190
u01-s007-v012,question,steps[1],6,12,0dd85fefe77adff028d3ee6af12d01e4f07446f6916dfdcf679f09bcfe5ad642
u01-s007-v012,question,steps[2],9,27,1d57eb08e577c87bbfa50689a12d3a36aee334114f5bfe6dd796fd5fcde10c8b
u01-s007-v012,question,optionAnalysis[0].choice,6,8,e9150f7461322f1ccbb9c1d7d4e310cb49bb98238f2c9178e2245cf318454fdc
u01-s007-v012,question,optionAnalysis[0].reason,6,18,626404e2f5f161e9c430f4b4cacf44003c8b8362bdd9488cb1bc4baa11a78cf2
u01-s007-v012,question,optionAnalysis[1].choice,5,7,85e7ef4e72fcd213bc02db34f6d0754d67c7a52eb85ca6922b980da1adcba1ea
u01-s007-v012,question,optionAnalysis[1].reason,7,21,36f851b2a7df07581a1e7889f271e71ba4edab9f3c531fbc4daabef651af9238
u01-s007-v012,question,optionAnalysis[2].choice,5,7,7b11e0bacafbbcf2e15ed5f8f715a438572831b659919f52b1ec259bdd077996
u01-s007-v012,question,optionAnalysis[2].reason,9,27,53745dbd8af54b54fde2c16399069374a223faf4b9b651bd4654f34e3e37c4d7
u01-s007-v012,question,optionAnalysis[3].choice,5,7,a0ec730a8024ea2936ca138553a3b77db3c0a82a516b2c38e1ee4c241315c85c
u01-s007-v012,question,optionAnalysis[3].reason,15,19,e51bf484a7d057ade42c64b242a8fc0b60e468653ae997e3e785e7f2a5734ab9
u01-s007-v012,question,commonMistake,27,51,7f26e1321148f4b61a044db1f77773468d96211538e90230de715060a1ed1bf1
u01-s007-v012,question,concept,14,40,3971f19108375b6791aaf42a7b9ef107368ce845cdf1fc10cab05df50c609f7b
u01-s007-v012,question,tags[0],3,9,fd41540cbdbecb9b5fa7116d27c68e378548ab62ab7c7ca4494730a81ea87667
u01-s007-v012,question,tags[1],6,18,fc7a96b650c1e386b4df98a3a1be94759361954f1e773fb52efbdc8db430a18a
u01-s007-v012,question,tags[2],8,8,578756ca4aa16d8872610a5aaa78460fd30fbe93379ff7284fe65d66ca606755
u01-s007-v012,question,estimatedTimeSec,2,2,69f59c273b6e669ac32a6dd5e1b2cb63333d8b004f9696447aee2d422ce63763
u01-s007-v012,question,prerequisiteSkillIds[0],28,28,7104f6abd905fb0b122ab9faab9158fb5f98eed14f49afaa9f701d4c69cd5ad5
u01-s007-v012,question,authoringIntent,12,36,b5efadf457be7e2ba5b77625688f92b5068478daf68f259c16dcef11032ae9e6
u01-s007-v012,question,literacyContextNecessity,21,63,809c9a3dbbea56bd424939f47a6c3e9e91d806b4e155bb68667a762b7a99d812
u01-s007-v012,question,reviewStatus,22,22,ec809598e2f7fcc69fad54c9cd045bba62b4a0dc7c0ff90d4efdc3788c9ad8fb
u01-s007-v012,question,contentSha256,64,64,89535d19e02f1c9c1a4c977b0a326acce874671fb289f806980fe7c7f419fe36
u01-s007-v012,question,contentAuthority,25,25,ed40f75ffe3d6ad4e71f6e7919d063410490de360edb425965eccd605ca9d79e
u01-s007-cr001,question,questionId,14,14,35ca476ff84ae11e7b01a35b1c16d491a631b59a4bd69e10cc259f6d91ddc5ec
u01-s007-cr001,question,unitId,3,3,2055254ee30aaae13b777732834c89d7f799015d3af13b62fe05aeef8c3e0eaa
u01-s007-cr001,question,topicId,18,18,e7d9d88eb7596ecb66c83bcfd7a554baef7612744a495523f5f8fae90be63bc7
u01-s007-cr001,question,skillId,31,31,db7284405f3c22c3229e76b63fc8c313cfa45ed949df0066be5752881946a45d
u01-s007-cr001,question,difficulty,8,8,fe6d3468cf5c74d8ec2a95b40f2e05338c37a4202f8fad692d2b64a9cf9b468a
u01-s007-cr001,question,type,20,20,e519496c259191db041ac61161dbfadb673dd94a10a123ed7423adcf7968ae7c
u01-s007-cr001,question,visualMode,9,9,9c7d54b0bf7a9369d8594201c7b11955514343809d09fbec33966c1fd9794015
u01-s007-cr001,question,prompt,41,87,5ea896b4f405700517cb2be374a5a773025ea9b8b77c58ecf8e74f9ef2eb6f54
u01-s007-cr001,question,requiredWork[0],9,23,e16caa43f96ce876ad48e943fe199a759f8af8260ebd44b062894b03da8917a9
u01-s007-cr001,question,requiredWork[1],13,31,747392a41b3ef69c27714bace847e208de33492cf6b9e5d19ad735022c5d2ed1
u01-s007-cr001,question,fullCreditSolution[0],15,17,5c13c76c8ade519fe7ef73775ecd24c17eaf2fb411999825ddd535cef0a01059
u01-s007-cr001,question,fullCreditSolution[1],22,40,47da3fe5c99e6bdb7fc2c81b618d937e87b4dd78572f8a46996de49ca4e0cef5
u01-s007-cr001,question,alternativeSolutions[0],13,39,46ee07009ff31a46392761d5c2bef2ee128663740a384cc72ea86afa8738a50a
u01-s007-cr001,question,rubric[0].criteria,18,38,e1099c7be1c06e47b6f533c37482af578f818076cd92a1ed3cdc788d2e9ca01b
u01-s007-cr001,question,rubric[1].criteria,23,69,a1a06a5b4b043945d3d8ba89efe89ea1b678461ac8a9129f9e2ee99b1ea02050
u01-s007-cr001,question,rubric[2].criteria,13,39,c09236ecb40334befe2686e94f11eedd025370642508d43b41500e23e6627571
u01-s007-cr001,question,rubric[3].criteria,13,39,cd81eda50ac464e8d4af03ffa24322852c72bf9fac82fc1bca75f9fe9c0dda61
u01-s007-cr001,question,scoringNotes[0],11,33,f01f945193e7ca0c5820e584accbb15a26bcbe8da9d6224f14d529f345454828
u01-s007-cr001,question,commonErrors[0],5,9,b6fce0f53ded954454b1f5c4ce9b2b24b8954afe552ca27de45ce074ada41345
u01-s007-cr001,question,commonErrors[1],4,10,5f038caf3ec2e0330e05d5f4216d5ba49f86b49606eac5457e3c3213dc3195e2
u01-s007-cr001,question,commonErrors[2],6,16,cc175a67549748ebb02d0c638ea760c81648088f0702fdb5427ce903b124bf4e
u01-s007-cr001,question,independentReview.derivedResult,13,23,a1749ebd2c22823b8494b7f164956c2ee97e21ea0d6e9e87fe0464a4c44fd693
u01-s007-cr001,question,independentReview.ambiguity,4,4,140bedbf9c3f6d56a9846d2ba7088798683f4da0c248231336e6a05679e4fdfe
u01-s007-cr001,question,independentReview.decision,4,4,d74ff0ee8da3b9806b18c877dbf29bbde50b5bd8e4dad7a3a725000feb82e8f1
u01-s007-cr001,question,contentSha256,64,64,39c8b9d264dc980d53462679b3968f249e7ebf6c357268bdecf1280bbd762d8b
u01-s007-cr001,question,contentAuthority,25,25,ed40f75ffe3d6ad4e71f6e7919d063410490de360edb425965eccd605ca9d79e
u01-s007-cr002,question,questionId,14,14,975dcd486f1df137aeae0ce1fa571063f46be418d8ae5d00b02c8c9e6fef7961
u01-s007-cr002,question,unitId,3,3,2055254ee30aaae13b777732834c89d7f799015d3af13b62fe05aeef8c3e0eaa
u01-s007-cr002,question,topicId,18,18,e7d9d88eb7596ecb66c83bcfd7a554baef7612744a495523f5f8fae90be63bc7
u01-s007-cr002,question,skillId,31,31,db7284405f3c22c3229e76b63fc8c313cfa45ed949df0066be5752881946a45d
u01-s007-cr002,question,difficulty,8,8,d21f85ea38166303ce58e06134b5cc4a5c900c409ab2a500ff7c9225109a09bb
u01-s007-cr002,question,type,20,20,e519496c259191db041ac61161dbfadb673dd94a10a123ed7423adcf7968ae7c
u01-s007-cr002,question,visualMode,9,9,9c7d54b0bf7a9369d8594201c7b11955514343809d09fbec33966c1fd9794015
u01-s007-cr002,question,prompt,48,126,e644a8d9bcf947ad44f7ec188526e606d1084bd2a7a09e25e9018fd7dea95875
u01-s007-cr002,question,requiredWork[0],7,21,1e79c6dcc3f7c5665ca7771e4e269512ae302f4cf834a8f55eee56ec5b93ac85
u01-s007-cr002,question,requiredWork[1],8,24,42321033613a2e9bbb07afc458d9fac80595951ac9ffde46ed002d95ed07010c
u01-s007-cr002,question,requiredWork[2],13,39,6822bb768cf06f6795f20723525368509ace567a302fd10f586a43cd5c80bc6c
u01-s007-cr002,question,fullCreditSolution[0],31,59,4ecc0f5ff00da4808a1a9ab570cdef3a56ea5e4de44475bab3b1b0fa20929697
u01-s007-cr002,question,fullCreditSolution[1],15,33,186181b81d9adad3833357c885df0f4af5c2d8f5c217b6eabf87ec68eb731d7c
u01-s007-cr002,question,fullCreditSolution[2],29,87,a2ecf7774397593a3527e4b51afabc6a2095e9140920bb9bd541714a0a7fad39
u01-s007-cr002,question,alternativeSolutions[0],11,33,1cf1676a0c778a103513b680f7ae51489a4ec8e9418a4900064c9df2ec4b79f8
u01-s007-cr002,question,rubric[0].criteria,19,51,0975beb5863d730ee2e2cf992020953bce993c0283540ebffc65190d64932951
u01-s007-cr002,question,rubric[1].criteria,23,69,91f3b29922c295e7556b01abf2ca12fc80712a81f994335f4b7fde747ffaf563
u01-s007-cr002,question,rubric[2].criteria,16,48,bc1d66147f4798d9335ddfa15009ab78c775d3b56d2016514b6e95ce90801fee
u01-s007-cr002,question,rubric[3].criteria,27,59,5213f91a5045d4c660b24efc240ce56475191bb6498ee5385d99998e5e6df1e2
u01-s007-cr002,question,scoringNotes[0],13,39,d2c122a7e64c3820684cee00cde3210b57f27b6325e21d5f3e2c7240c1135f06
u01-s007-cr002,question,commonErrors[0],4,10,b7c58cbad08554671ae1e45e403d5c64a00ca60a13f726e584ba0dbbd1785eda
u01-s007-cr002,question,commonErrors[1],10,20,5162b6fd82526738ef7541d9d6049d607a8456f96e191209b9b02b7b66208acf
u01-s007-cr002,question,commonErrors[2],7,21,a2cb2be5b9729cd973eff748b96f1ec1d1a2e12cec778134b40006e0b8a76e54
u01-s007-cr002,question,independentReview.derivedResult,12,30,728133e831a9d47f7986957387a9e920b7a4f93bb38f7f83c70f70d341cb3cb5
u01-s007-cr002,question,independentReview.ambiguity,4,4,140bedbf9c3f6d56a9846d2ba7088798683f4da0c248231336e6a05679e4fdfe
u01-s007-cr002,question,independentReview.decision,4,4,d74ff0ee8da3b9806b18c877dbf29bbde50b5bd8e4dad7a3a725000feb82e8f1
u01-s007-cr002,question,contentSha256,64,64,e1ccb2fbf5371a1f2cdebc3c121a9019f3492bea46124b56088f15aa0daf50ea
u01-s007-cr002,question,contentAuthority,25,25,ed40f75ffe3d6ad4e71f6e7919d063410490de360edb425965eccd605ca9d79e
u01-s008-lecture-r1,lecture,lectureId,19,19,b4de0337264a4fa008e757bc4749e0d223210d1e8264c21465bc4e98669987ed
u01-s008-lecture-r1,lecture,unitId,3,3,2055254ee30aaae13b777732834c89d7f799015d3af13b62fe05aeef8c3e0eaa
u01-s008-lecture-r1,lecture,topicId,22,22,3c671d5dc19382bd451c9b89831e7ad7186214a0e19ae625c41a0741a4e4fa19
u01-s008-lecture-r1,lecture,skillId,16,16,b5a62499a005c9708069c66938b7ca4f422523ec784f44b5656d4fa1fbfc2e78
u01-s008-lecture-r1,lecture,title,18,54,9f80931e24382096e75f65ee2c201b0f9d1cf243903722388ebf0ecad1a8e45b
u01-s008-lecture-r1,lecture,audience,10,30,e6b4416fbd9f36797de01256b31a4d6f6314e126fde8495e25792c814f64fc5f
u01-s008-lecture-r1,lecture,reviewStatus,22,22,ec809598e2f7fcc69fad54c9cd045bba62b4a0dc7c0ff90d4efdc3788c9ad8fb
u01-s008-lecture-r1,lecture,learningOutcomes[0],10,30,28a7f740596135aaa3d3b0f36c501b512fda8ec84d4f76e3dc799f84e61a1913
u01-s008-lecture-r1,lecture,learningOutcomes[1],10,30,8fbb54c7546e1ae66927b3acc04368976b09b2ff65c54005d01d9b109fc91aa5
u01-s008-lecture-r1,lecture,learningOutcomes[2],12,32,d527b0b03528812da35fb156a2befff10e771530b334f55b30c9b1791b927d63
u01-s008-lecture-r1,lecture,learningOutcomes[3],17,51,dfd08cf0353b042dd5a3aee88ace788b65690fa7d884a78526e50e053eda7aff
u01-s008-lecture-r1,lecture,learningOutcomes[4],17,51,67671e0e37d865535a543a4e28ce372610a1df719842cf337b5b84bb80d80798
u01-s008-lecture-r1,lecture,prerequisites[0].skillId,31,31,db7284405f3c22c3229e76b63fc8c313cfa45ed949df0066be5752881946a45d
u01-s008-lecture-r1,lecture,prerequisites[0].requiredLevel,28,84,2ab139806c432d321fdeac75684cb7beee65984ff3e1e2672e3da736f1b5c393
u01-s008-lecture-r1,lecture,glossary[0].term,4,12,a14f2914748bec64077d21d1b1ff3b077dd5361539a09f6b0c5d72167f2c7c6f
u01-s008-lecture-r1,lecture,glossary[0].definition,13,39,ecbe016df772f94b0b58a5e68aa071cb5234c18c91aca169b2f2d12cfad0bb1c
u01-s008-lecture-r1,lecture,glossary[1].term,4,12,b3d58864617327d3856f4fe503e0ea03e3829752444be6140f29603ef88d2b19
u01-s008-lecture-r1,lecture,glossary[1].definition,13,39,ed261895dfbe0b96809c0ec6bf7b1254022f347ab914cd2821e6139aa85927bd
u01-s008-lecture-r1,lecture,glossary[2].term,3,9,b95a2fccc475af68a8956d3b557fa1c567474592c0073382974f8ee4c840727b
u01-s008-lecture-r1,lecture,glossary[2].definition,11,33,6ed4209935db823be8d68876059a69f2c9eda4bce862bc3c4b9d1e69261272e4
u01-s008-lecture-r1,lecture,glossary[3].term,3,9,e84cb493fb3b498dbccba9c5000c82d9feeb201e3a8dd8d4910b02e1a1bdf01e
u01-s008-lecture-r1,lecture,glossary[3].definition,21,63,4deb12929971f724cb0962cdeb4b61c7f603fc91fea6134427c9c8c7987ad5f9
u01-s008-lecture-r1,lecture,glossary[4].term,2,6,366e452701f80aaff5abafd3596b2e0b585ae2e81dacc19f99ab249c5641ffec
u01-s008-lecture-r1,lecture,glossary[4].definition,15,41,bacf1072b68b5ee08163a80640d0e16cce65cead88ca48ec688dfdd76acf2db4
u01-s008-lecture-r1,lecture,notation[0].symbol,3,3,300273daf0bb57c239f83585d71ced54ce6b3b5fb81615abbeeb3f9cf5fae92f
u01-s008-lecture-r1,lecture,notation[0].meaning,13,29,590e7fd6ba7c9a1de62b4f87bf3de12fffbeaf57d779c20274ee4afff9cfa5ab
u01-s008-lecture-r1,lecture,notation[1].symbol,7,7,8d567c5f6e9ee41c65ba3a8ccc2eb2ce640bb80bd20dd81648bc486c14b52a8b
u01-s008-lecture-r1,lecture,notation[1].meaning,6,18,2254ef1bdf709b796e6463ffad19d335509a7ed2574da523b1c846bd20e405a2
u01-s008-lecture-r1,lecture,notation[2].symbol,15,15,d6edb9054cf77b17e159e3a75abadbb080e6eaed95d7226445541184416f8822
u01-s008-lecture-r1,lecture,notation[2].meaning,6,18,8f10c34007c539d5605e9d26790f3d663bcd00edfc63f5c0b1309cee6526852e
u01-s008-lecture-r1,lecture,conceptNarrative[0],26,78,1a51ee27ed166e955be776db342ac42c7924292442b615a3586d05efb1827659
u01-s008-lecture-r1,lecture,conceptNarrative[1],40,120,707e817817f194f437a27232eef8cf2948221665b3056a452c3bb79c0beda187
u01-s008-lecture-r1,lecture,conceptNarrative[2],26,78,53a4463f75e26d06e4d5dd6958e937d63363c4a63732377d1c1b403b6a1655ec
u01-s008-lecture-r1,lecture,conceptNarrative[3],33,99,07b23e3d498458c49192bf5f8cce37cdc383359b572cfa454bdaec9211b24d03
u01-s008-lecture-r1,lecture,formalDefinitions[0].name,4,12,9c345fe65abfa91a12b53ec07240bf31e3de2695e1a0165742a61809fb8edd3b
u01-s008-lecture-r1,lecture,formalDefinitions[0].statement,18,54,d0ecb182f15f0d453e305b0d0aba56a328e2b20b7e6a570770de8348a7560f8d
u01-s008-lecture-r1,lecture,formalDefinitions[1].name,4,12,b3a6e227f602cb655e4307efeca20cc6aaf9ece3fb5ae10f524b6d0d4be69ed8
u01-s008-lecture-r1,lecture,formalDefinitions[1].statement,26,78,01158765c56f55dbe3d599c20214e77136469b2fc643566ba5c260864ca47a89
u01-s008-lecture-r1,lecture,formalDefinitions[2].name,5,15,ee4c9fcf84dbed7040758ae5a95c406186b022ba18abe67e24de6b0c0bae6fbd
u01-s008-lecture-r1,lecture,formalDefinitions[2].statement,6,8,d3b49a8714161ce6fcfb1e71433467fb337c99028981857d01b72eed2f4a250e
u01-s008-lecture-r1,lecture,formulas[0].formula,16,16,e9e7a35c1ec9c4066c35a3782548e57fb3354baa6df5c2640f4768a847fa8098
u01-s008-lecture-r1,lecture,formulas[0].conditions[0],5,9,e419d6bc3054192ed34c9393f400262df7058a6defd2c02f7e4265922a3c41a8
u01-s008-lecture-r1,lecture,formulas[0].meaning,6,18,df35c7fcc570bf8e34ce4c018cd96f4442f5851904d4adc9479ea9f919d4a294
u01-s008-lecture-r1,lecture,formulas[1].formula,16,16,e1c8905301446c0da49a787e6162fa126d536e2516c1dc7a0988bca130e20bd9
u01-s008-lecture-r1,lecture,formulas[1].conditions[0],5,9,e419d6bc3054192ed34c9393f400262df7058a6defd2c02f7e4265922a3c41a8
u01-s008-lecture-r1,lecture,formulas[1].meaning,6,18,e59ce32e616cfb29e65fb77ce5ae8b13aa56b7e1a8fe84b8aaa92091de1eb1f6
u01-s008-lecture-r1,lecture,formulas[2].formula,8,8,04292fad5bfec193a024d85925a35f3a971306d0107a98f6359c92fd5e08da1f
u01-s008-lecture-r1,lecture,formulas[2].conditions[0],5,15,282d95858d3474ca10b056fb1da6f83906fbf4b3c43e5d058d7508ec03cea32a
u01-s008-lecture-r1,lecture,formulas[2].meaning,5,15,bc1b85509a230b61757741149050a54a9a990369d8ef1fc05f3f5f2ef106d5f0
u01-s008-lecture-r1,lecture,nonApplicableCases[0],15,45,65ebe33778d342f623888d28c02364860b69a2bed942e191013dcda929f34d4b
u01-s008-lecture-r1,lecture,nonApplicableCases[1],23,69,34197f19f25d3328f4dd49638e5c7e024ce9d8f7d36d1561041ac214baab0f90
u01-s008-lecture-r1,lecture,nonApplicableCases[2],27,81,c868d8bcaa8bf8ae178cb7734b5bfe952a71b88fc715144f0ceb1d4602551a21
u01-s008-lecture-r1,lecture,nonApplicableCases[3],21,63,4ff1ea14923711de20f514410f7c0f2153787ad835658d84fb35ab6b9c5f27fd
u01-s008-lecture-r1,lecture,method[0].instruction,11,33,7cee675abdffbb933eb9f51e974c03e990b67e6ed091ed6b1b17fa91ee11e80a
u01-s008-lecture-r1,lecture,method[0].check,8,24,7a613cf13e495ef31234b39ff686805fd6ce31bc8ecb7354bd948f25581e8c90
u01-s008-lecture-r1,lecture,method[1].instruction,17,51,94cb708dab821c3bb16b019c0fb914bb04b99258ee7508554dbe1796db1a729a
u01-s008-lecture-r1,lecture,method[1].check,9,27,27bd307101b097d5fe857a980dbaf8661f0b4fde06c735640696acd07d95ff5a
u01-s008-lecture-r1,lecture,method[2].instruction,7,21,9500dd85ab1ea8c4e75074092a03afa53580113bdb0ac26677bce1a253477a17
u01-s008-lecture-r1,lecture,method[2].check,13,39,9f88c6bfba1769240273b4587892445cacaf25af1fbef5a8d23061e72077e6a5
u01-s008-lecture-r1,lecture,method[3].instruction,13,39,e6ce4c13967e55dde1abe74ebdeda1452b05731602cc51fdefa6d3b9d8754867
u01-s008-lecture-r1,lecture,method[3].check,18,40,4ce6b88e1a843803fb4378460f1d6a48f3a1e51a63018f2af9ea1304ce91ea77
u01-s008-lecture-r1,lecture,method[4].instruction,11,33,9cc4a5fcc7e712688b0a11b0c342195b1e2692590508cb3e6e08370337017afd
u01-s008-lecture-r1,lecture,method[4].check,8,24,d44c8a4cd496f9ec9d75db1769102af708f7a931adf832e24d62095ae07b1ea3
u01-s008-lecture-r1,lecture,workedExamples[0].exampleId,2,2,dffe8596427fc50e8f64654a609af134d45552f18bbecef90b31135a9e7acaa0
u01-s008-lecture-r1,lecture,workedExamples[0].prompt,13,19,65e98b2bcda439dc2856bb65d523ff972e0448e45099fad4c081aca40a8c2a48
u01-s008-lecture-r1,lecture,workedExamples[0].solutionSteps[0],5,15,57e2d4c3ce32b2b6ac08c03981a078157b7b8b4a37dbe1d71cc055f196c2dcc5
u01-s008-lecture-r1,lecture,workedExamples[0].solutionSteps[1],7,9,b9d0864d8a972e000c85f724b3ea1d103dcea36516da6875c2fba6b0efdf331c
u01-s008-lecture-r1,lecture,workedExamples[0].solutionSteps[2],5,15,3fbd292077e636045cd1d902745c7f33571af1b63515c00ea9b7d5ab3f9d9ee2
u01-s008-lecture-r1,lecture,workedExamples[0].answer,4,6,cc8cf8b702b62fece95cd0fd05f88f7d5a8fa23724594a0bf982b2ca529dfbce
u01-s008-lecture-r1,lecture,workedExamples[1].exampleId,2,2,d76354d8457898445bb69e0dc0dc95fb74cc3cf334f8c1859162a16ad0041f8d
u01-s008-lecture-r1,lecture,workedExamples[1].prompt,11,17,bea886c9227ecec8ada48c06cbdce0197f5dc5cc1cc062adaf247b61348533d1
u01-s008-lecture-r1,lecture,workedExamples[1].solutionSteps[0],5,15,ae4c2b5e1b2c808a83a82ab4e28a2303578cd96e02b8809c6f35ea4c53b9cd46
u01-s008-lecture-r1,lecture,workedExamples[1].solutionSteps[1],7,9,142947aaa5136157e52a53c1ae01128d6fad16091d8805eb34d44742449b67d7
u01-s008-lecture-r1,lecture,workedExamples[1].solutionSteps[2],13,33,571c063e371f37a274725172d1e65fc0467da4553a1039fb51baae2a3a009f34
u01-s008-lecture-r1,lecture,workedExamples[1].answer,2,4,3e01ad38324899fed0bf7b08972c9e17ae1889c56db12dc1b761b7ba24c3c2b3
u01-s008-lecture-r1,lecture,workedExamples[2].exampleId,2,2,842983de8fb1d277a3fad5c8295c7a14317c458718a10c5a35b23e7f992a5c80
u01-s008-lecture-r1,lecture,workedExamples[2].prompt,9,15,f3fefd91861804f3e5e339459b6fd1558531ba6d8566541690ab712a540bb7e7
u01-s008-lecture-r1,lecture,workedExamples[2].solutionSteps[0],5,15,ae4c2b5e1b2c808a83a82ab4e28a2303578cd96e02b8809c6f35ea4c53b9cd46
u01-s008-lecture-r1,lecture,workedExamples[2].solutionSteps[1],7,9,1023c993183f28451e404016950c6129223736372531a30ce509ffcbfef2d105
u01-s008-lecture-r1,lecture,workedExamples[2].solutionSteps[2],16,40,3208b5c81148e13c0c4822076aa4e11b4a540b613e769e6eb146f93d1d4ae8c0
u01-s008-lecture-r1,lecture,workedExamples[2].answer,3,5,b632a19a369b81e570e336931f721983e924ecb9e2957859e53226a2d8f47804
u01-s008-lecture-r1,lecture,workedExamples[3].exampleId,2,2,4a5a97c6433c4c062457e9335709d57493e75527809d8a9586c141e591ac9f2c
u01-s008-lecture-r1,lecture,workedExamples[3].prompt,20,26,cf3448be052e948a11358f61d31f3948fabddf337d0d4fe4a9c30a22e46e69cb
u01-s008-lecture-r1,lecture,workedExamples[3].solutionSteps[0],16,26,d4881253c93aaa4165ef94d115af31db78d42d0c8e476462493f66cc3d8e3dbd
u01-s008-lecture-r1,lecture,workedExamples[3].solutionSteps[1],11,17,578db04964dac276b6f667980f249d60ccd8405e763d887ed62269311c124474
u01-s008-lecture-r1,lecture,workedExamples[3].solutionSteps[2],15,45,f30646b43a72726c0616f6720d2bbb736c14baabe373baf46ce123d0dd027838
u01-s008-lecture-r1,lecture,workedExamples[3].answer,2,4,3e01ad38324899fed0bf7b08972c9e17ae1889c56db12dc1b761b7ba24c3c2b3
u01-s008-lecture-r1,lecture,commonMistakes[0].mistake,13,39,4500aaa8fc4b08d780d4c93a8c0150a6e37309737c329be0395f76dfc1dfcbdd
u01-s008-lecture-r1,lecture,commonMistakes[0].why,7,21,f74d4e6ea8a0cbe4727e18ecb0e536dbbe8f2aeefd532bf0f46dbb5ec50b063e
u01-s008-lecture-r1,lecture,commonMistakes[0].correction,8,24,64d1b10778503b4813742a5c226b30cd93562fb530bb6f4f04074887fed8e55d
u01-s008-lecture-r1,lecture,commonMistakes[1].mistake,13,39,cbea67f8fa59866fe47904bee0e0c4cbd876a6a1f11142fbe72d6284d1e8c0e6
u01-s008-lecture-r1,lecture,commonMistakes[1].why,7,21,18a3b830d1ec9098ca578340086f0e9c95a84ef64c29fd11206b4c102fa6fbf8
u01-s008-lecture-r1,lecture,commonMistakes[1].correction,11,33,acadbb5b34a7fe118063aa92d4ac058a62279e1aeb748fc2411f6715aa8f1e01
u01-s008-lecture-r1,lecture,commonMistakes[2].mistake,15,23,279e77068aa4f6693796dcf18bbc0c9a92f94baf5d4da557b162514a87f30bee
u01-s008-lecture-r1,lecture,commonMistakes[2].why,8,24,b88d02a95c89cb26128f3ea0d8c42fb5f181b3f39c4363a816c69520247ce971
u01-s008-lecture-r1,lecture,commonMistakes[2].correction,9,21,e28d95551d6f882255b1f90d4e863acd3a78a85b47d0d308c3119b58bac98d72
u01-s008-lecture-r1,lecture,commonMistakes[3].mistake,11,33,7e880cbfee01b632ea66e90beed1346975f6d1c9a9a0c6e55f792abdbda72258
u01-s008-lecture-r1,lecture,commonMistakes[3].why,9,27,86f1db8810bf23038ad75f289359a2dcfd575856e3b91ddd1be5bbd6239a48eb
u01-s008-lecture-r1,lecture,commonMistakes[3].correction,14,42,c1a063bc8f561cd0bb3362236c2f9cedb2297bc391f59c03636a896d7c661a45
u01-s008-lecture-r1,lecture,commonMistakes[4].mistake,11,29,343eb2b570c07ee2efcb6da99d5cb6141ae182f0d983aab5a09a6615c51aa4de
u01-s008-lecture-r1,lecture,commonMistakes[4].why,7,21,1841903da2143f34689d378164887835d40d6964cfcdd96a878e373bf5d4fb3b
u01-s008-lecture-r1,lecture,commonMistakes[4].correction,9,11,18a183f42b598480e11754173af9cb3b84c12bb69c7d946fc91cefc427fe6ebc
u01-s008-lecture-r1,lecture,commonMistakes[5].mistake,14,42,84ef8728da2ec299cbd13cd8cd58b404e78b5dfd5c278fb98e85825e4215332e
u01-s008-lecture-r1,lecture,commonMistakes[5].why,11,33,e119107aa49bdceb5e8afc60361ce084096a9cc985802197fd8be3ad4935bca3
u01-s008-lecture-r1,lecture,commonMistakes[5].correction,12,36,62b685806c73bd09b1bfd4e7f8b4be907040e05eae2e026cf1859db43b808286
u01-s008-lecture-r1,lecture,selfCheck[0],9,27,de3e8e13fc47bb1a1b94f50717a30dd6b9688c832cf40f3dde6c0f9f43eb6d5c
u01-s008-lecture-r1,lecture,selfCheck[1],10,30,e2c0d3c4bd6b387051e610dc7c0404ff360e7509563b7e24df575f329d9484fb
u01-s008-lecture-r1,lecture,selfCheck[2],9,27,d41f965bb6be3ca3348db0dac42c0cbc2356bf78f486388371255a940d06b884
u01-s008-lecture-r1,lecture,selfCheck[3],6,18,d460c34fa074d04cd630ca36836e07b00dc4654931cd2edafecf569971fde52e
u01-s008-lecture-r1,lecture,selfCheck[4],12,36,7437526efef335798067baeaa5b66857baf8c804477f886811e507cb501eadb6
u01-s008-lecture-r1,lecture,summary[0],14,42,ba6a22fbdf899f5e5200866c83b2386b1f05d47245dbb89821ab3c9034c54235
u01-s008-lecture-r1,lecture,summary[1],17,51,7f4a29ccafeae37ca14f51e4004b87771be482a58fd5af2aca63b5856b4e3dd9
u01-s008-lecture-r1,lecture,summary[2],9,23,8559016904b50b6c64a81b59979d084244b1faabc1774af3466db20f7883e093
u01-s008-lecture-r1,lecture,summary[3],13,39,8076fd36b4d5ceb7c629c984bf4215cd52b362e0e70571b35835c57a6638b015
u01-s008-lecture-r1,lecture,connections.previous,12,36,ba0c4d18e3ff902f1c7779706949325d95ad0baf48b4cd93dad17389c8915798
u01-s008-lecture-r1,lecture,connections.next[0],14,42,67d1cfff4ee6ad013e3facfdb55f73d726b739da3ce882a9e9858721853f9972
u01-s008-lecture-r1,lecture,connections.next[1],13,39,d70ec5b6c637a0d679c9129861319a3765d6ae8f8e37d5c72180d0dba1dc9e95
u01-s008-lecture-r1,lecture,connections.next[2],13,39,fcd16c02f0d5544cdcd5c0ee2f731c3287cdcc7379e8584c3b9b7464f6da9a4c
u01-s008-lecture-r1,lecture,practiceLinks.mcQuestionIds[0],13,13,bc9a6fc03ca34f864d972f9614fc648e02d4543f729bf216d17cfceb95a532f1
u01-s008-lecture-r1,lecture,practiceLinks.mcQuestionIds[1],13,13,b1d8e43a964abe74da5874c9e2bdf12233f5ed03e1ce736fec0483ac8d7ed968
u01-s008-lecture-r1,lecture,practiceLinks.mcQuestionIds[2],13,13,1a72f6c49a8c9e672791e940c7c6a08dccf3ddcd27c0402304162dbabd7a0f1d
u01-s008-lecture-r1,lecture,practiceLinks.mcQuestionIds[3],13,13,1151f35e3ed6a4ab64eb29ae9dfb750f6d628644fdd3362743e288f795c1bd1b
u01-s008-lecture-r1,lecture,practiceLinks.mcQuestionIds[4],13,13,dc74d62e8a79299decb91f5c6be8800ec2fafa14f66e4368f4718207caa498ab
u01-s008-lecture-r1,lecture,practiceLinks.mcQuestionIds[5],13,13,51196ae7fcadcdcc35ffee88ebdb50d7ce807564c9c8468167167aa296fe3078
u01-s008-lecture-r1,lecture,practiceLinks.mcQuestionIds[6],13,13,f0826d6b43ac648d0883b99fc0d428b4c6d6d66b8598b2d8d29eb66cba1f91bf
u01-s008-lecture-r1,lecture,practiceLinks.mcQuestionIds[7],13,13,f9971f83bb8efbd90e043486ac601d90b636034a89f3da94de886ab0b939b436
u01-s008-lecture-r1,lecture,practiceLinks.mcQuestionIds[8],13,13,52ca2954dac143592bd5c4b4fdae2a880a13688ac592368f659196d97cb359ae
u01-s008-lecture-r1,lecture,practiceLinks.mcQuestionIds[9],13,13,9a7e04c093580eba73608f5b0c901c1238731b992867e10397c69b882778d1cf
u01-s008-lecture-r1,lecture,practiceLinks.mcQuestionIds[10],13,13,e65c65ce680f977597bdbc5c6e7d8910b9f80fbb37ab4a6fb8b865e3724974ad
u01-s008-lecture-r1,lecture,practiceLinks.mcQuestionIds[11],13,13,4cf642ace0be7ea21647135155d94291bee8046a53ed814404fe0ee07f6dd90e
u01-s008-lecture-r1,lecture,practiceLinks.constructedResponseIds[0],14,14,62d0b337520b68d655c436ac13fb9ea870f1efb9ead6c03786cf84ea55251160
u01-s008-lecture-r1,lecture,practiceLinks.constructedResponseIds[1],14,14,856d3eadc691c4ebf3590b2467f02ec030ee1c685c776a3b8b49922fe1189c24
u01-s008-lecture-r1,lecture,lectureReview.mathematicalCorrectness,4,4,d74ff0ee8da3b9806b18c877dbf29bbde50b5bd8e4dad7a3a725000feb82e8f1
u01-s008-lecture-r1,lecture,lectureReview.zeroFoundationReadability,4,4,d74ff0ee8da3b9806b18c877dbf29bbde50b5bd8e4dad7a3a725000feb82e8f1
u01-s008-lecture-r1,lecture,lectureReview.scopeCheck,21,21,fdf8268f0373301b2fcc6331f1d8999b8aabea69681e8bc972ab9a21216a7606
u01-s008-lecture-r1,lecture,lectureReview.reviewNote,43,129,2a0b2f727473b47895302bb3fbc3d1fd12d04e87a09da88af4c0e8314dfc5474
u01-s008-lecture-r1,lecture,lectureReview.reviewVersion,25,25,7ccbed064d3016b5353f553d3edb33b6627126acb00be43b039a8cbab00d7d69
u01-s008-lecture-r1,lecture,lectureReview.reviewedAt,10,10,14158d45727526145ef514139eeb669eb54d613dbcffe524f099dbb71c9d8b08
u01-s008-lecture-r1,lecture,contentSha256,64,64,85ec17ad34bcb7d75843a2702deb4c5c703d2b5b2c172f38f63e191c9b6796fc
u01-s008-lecture-r1,lecture,contentAuthority,25,25,ed40f75ffe3d6ad4e71f6e7919d063410490de360edb425965eccd605ca9d79e
u01-s008-v001,question,questionId,13,13,bc9a6fc03ca34f864d972f9614fc648e02d4543f729bf216d17cfceb95a532f1
u01-s008-v001,question,unitId,3,3,2055254ee30aaae13b777732834c89d7f799015d3af13b62fe05aeef8c3e0eaa
u01-s008-v001,question,topicId,22,22,3c671d5dc19382bd451c9b89831e7ad7186214a0e19ae625c41a0741a4e4fa19
u01-s008-v001,question,skillId,16,16,b5a62499a005c9708069c66938b7ca4f422523ec784f44b5656d4fa1fbfc2e78
u01-s008-v001,question,difficulty,5,5,fbb7b5bf4ca348eeeebf8cc3660712859a5a1fbf18e83217a57ce203fb51d5c2
u01-s008-v001,question,type,2,2,6bc0f9c4ecb0acbebf1b9f6c816bdd66f4885f67c917d9e141cf893014fba936
u01-s008-v001,question,visualMode,9,9,9c7d54b0bf7a9369d8594201c7b11955514343809d09fbec33966c1fd9794015
u01-s008-v001,question,sourceScope,19,19,a4b669ddb8ef1883391c07a7b633f12eeaeecee7ec37c09eea4931aff6644346
u01-s008-v001,question,text,13,25,541d242dbe4fce6c2485d763118288f493285892dc03455f5354f768dff419ec
u01-s008-v001,question,choices[0],1,1,4e07408562bedb8b60ce05c1decfe3ad16b72230967de01f640b7e4729b49fce
u01-s008-v001,question,choices[1],3,3,59100e1b869f778eb1d0975e653f881efd13fa8ccb0678cd1856156b3de6207e
u01-s008-v001,question,choices[2],2,2,3fdba35f04dc8c462986c992bcf875546257113072a909c162f7e470e581e278
u01-s008-v001,question,choices[3],2,2,615bdd17c2556f82f384392ea8557f8cc88b03501c759e23093ab0b2a9b5cd48
u01-s008-v001,question,explanation,27,67,dd6cbfda8c8f35c784a8f5d7f397e5f7cae9edfd264cd4a81a0b68fabe2a89f8
u01-s008-v001,question,steps[0],5,15,1b9ec47e6cc1a41d1e3474aa00ca811e91a7956c71adeec51e378b5c91101786
u01-s008-v001,question,steps[1],7,21,df031f1b9e17bc9418ddfdc43c6dd94ac00397c1394bcc1326e11e1fc04b2d48
u01-s008-v001,question,steps[2],6,16,8959750915fda72401cda2fb3ee076209cafe8d7e49880852335a184921b5f64
u01-s008-v001,question,optionAnalysis[0].choice,1,1,4e07408562bedb8b60ce05c1decfe3ad16b72230967de01f640b7e4729b49fce
u01-s008-v001,question,optionAnalysis[0].reason,8,14,41c087d497128df257d2ccc18436f74b640c6d80a8eb2a86c829e0f735b5c1e7
u01-s008-v001,question,optionAnalysis[1].choice,3,3,59100e1b869f778eb1d0975e653f881efd13fa8ccb0678cd1856156b3de6207e
u01-s008-v001,question,optionAnalysis[1].reason,10,30,70037a40c401add6e4cdff545e04292ca0c1d975fd3cafe87af4533535ad7bbf
u01-s008-v001,question,optionAnalysis[2].choice,2,2,3fdba35f04dc8c462986c992bcf875546257113072a909c162f7e470e581e278
u01-s008-v001,question,optionAnalysis[2].reason,7,21,61aee05a0a2fe13143cb3cd3e3d462cba7842ecf1e54b154f6f08074db22d834
u01-s008-v001,question,optionAnalysis[3].choice,2,2,615bdd17c2556f82f384392ea8557f8cc88b03501c759e23093ab0b2a9b5cd48
u01-s008-v001,question,optionAnalysis[3].reason,5,15,27d574a82fba440c0dadda43f202e40314bfe04f10a38bdb7b1b53b487fdffc0
u01-s008-v001,question,commonMistake,14,38,85d8460afa6fcd345969792a6d9e5a3f97526a5d6e849300bd7f47e9b716b380
u01-s008-v001,question,concept,12,36,852010a0b3eb621f6f98fc30957d01564f5ecf1ef9df589275b5d45085f24474
u01-s008-v001,question,tags[0],3,9,fd41540cbdbecb9b5fa7116d27c68e378548ab62ab7c7ca4494730a81ea87667
u01-s008-v001,question,tags[1],4,12,f53c0def416fb241dd1c867969aa037ca0688b6177b8b36b6c078743a7b288d2
u01-s008-v001,question,tags[2],5,5,fbb7b5bf4ca348eeeebf8cc3660712859a5a1fbf18e83217a57ce203fb51d5c2
u01-s008-v001,question,estimatedTimeSec,2,2,39fa9ec190eee7b6f4dff1100d6343e10918d044c75eac8f9e9a2596173f80c9
u01-s008-v001,question,prerequisiteSkillIds[0],31,31,db7284405f3c22c3229e76b63fc8c313cfa45ed949df0066be5752881946a45d
u01-s008-v001,question,authoringIntent,9,27,ce3ce7bcf33e885404c23f0aca2fa6b00f9bf3bef8ad30927084c6db7c381d11
u01-s008-v001,question,reviewStatus,22,22,ec809598e2f7fcc69fad54c9cd045bba62b4a0dc7c0ff90d4efdc3788c9ad8fb
u01-s008-v001,question,contentSha256,64,64,3e5eac37ab5b53117089e1aed9b732c51f4a61a2c017f44023cf8b57d76bd2d9
u01-s008-v001,question,contentAuthority,25,25,ed40f75ffe3d6ad4e71f6e7919d063410490de360edb425965eccd605ca9d79e
u01-s008-v002,question,questionId,13,13,b1d8e43a964abe74da5874c9e2bdf12233f5ed03e1ce736fec0483ac8d7ed968
u01-s008-v002,question,unitId,3,3,2055254ee30aaae13b777732834c89d7f799015d3af13b62fe05aeef8c3e0eaa
u01-s008-v002,question,topicId,22,22,3c671d5dc19382bd451c9b89831e7ad7186214a0e19ae625c41a0741a4e4fa19
u01-s008-v002,question,skillId,16,16,b5a62499a005c9708069c66938b7ca4f422523ec784f44b5656d4fa1fbfc2e78
u01-s008-v002,question,difficulty,5,5,fbb7b5bf4ca348eeeebf8cc3660712859a5a1fbf18e83217a57ce203fb51d5c2
u01-s008-v002,question,type,2,2,6bc0f9c4ecb0acbebf1b9f6c816bdd66f4885f67c917d9e141cf893014fba936
u01-s008-v002,question,visualMode,9,9,9c7d54b0bf7a9369d8594201c7b11955514343809d09fbec33966c1fd9794015
u01-s008-v002,question,sourceScope,19,19,a4b669ddb8ef1883391c07a7b633f12eeaeecee7ec37c09eea4931aff6644346
u01-s008-v002,question,text,16,28,99bfbe4ad0acbf73186937d98bbbb518f05cb8eb9c7c8720f18fb98001b6027a
u01-s008-v002,question,choices[0],2,2,615bdd17c2556f82f384392ea8557f8cc88b03501c759e23093ab0b2a9b5cd48
u01-s008-v002,question,choices[1],3,3,2e42a91d2375f9a3afce88f766b097488c5ab1f5926798f59892394b77abdd5c
u01-s008-v002,question,choices[2],2,2,4fc82b26aecb47d2868c4efbe3581732a3e7cbcc6c2efb32062c08170a05eeb8
u01-s008-v002,question,choices[3],1,1,4e07408562bedb8b60ce05c1decfe3ad16b72230967de01f640b7e4729b49fce
u01-s008-v002,question,explanation,28,66,dd70da4b4aa34d14668f309e4961094d73e2c7152f4268f2c5a0205c5e645c76
u01-s008-v002,question,steps[0],8,24,35944575837c78588f7613b630cb3434446d06923bfa67fa4cfcd3092212163d
u01-s008-v002,question,steps[1],7,9,00a5ce5dcf702e5d33a367d035a56983c7f0e2b554751ca89869a62f52785811
u01-s008-v002,question,steps[2],6,12,4aca81a67c4edd7e0493dba37231a410b5164713c444178571e6f87a3b837b34
u01-s008-v002,question,optionAnalysis[0].choice,2,2,615bdd17c2556f82f384392ea8557f8cc88b03501c759e23093ab0b2a9b5cd48
u01-s008-v002,question,optionAnalysis[0].reason,7,21,f43858fc64d6a5fa84ebfba23003f278e382f9d06361eed204788f6251dd227d
u01-s008-v002,question,optionAnalysis[1].choice,3,3,2e42a91d2375f9a3afce88f766b097488c5ab1f5926798f59892394b77abdd5c
u01-s008-v002,question,optionAnalysis[1].reason,11,13,c9a40790304cda24e30f45a8ca5cee596f13de03901a539f855f2fd4cf640587
u01-s008-v002,question,optionAnalysis[2].choice,2,2,4fc82b26aecb47d2868c4efbe3581732a3e7cbcc6c2efb32062c08170a05eeb8
u01-s008-v002,question,optionAnalysis[2].reason,4,12,936191a3d227ee45243a48c69a203b989b14577d4d516370f214979a7aa02e39
u01-s008-v002,question,optionAnalysis[3].choice,1,1,4e07408562bedb8b60ce05c1decfe3ad16b72230967de01f640b7e4729b49fce
u01-s008-v002,question,optionAnalysis[3].reason,8,24,42ef24671200eec3383bbc38ee93179b3f4a27c7eae9a270a63d3834ac0fc7e2
u01-s008-v002,question,commonMistake,12,36,a64d4c540013af0fd387c676912d0324ad1785a9d727486768a888c473259932
u01-s008-v002,question,concept,18,54,5d003f6a7c42000bb4de4df838313bea9da110e79747162d8a9a3d966cce0782
u01-s008-v002,question,tags[0],3,9,fd41540cbdbecb9b5fa7116d27c68e378548ab62ab7c7ca4494730a81ea87667
u01-s008-v002,question,tags[1],4,12,f53c0def416fb241dd1c867969aa037ca0688b6177b8b36b6c078743a7b288d2
u01-s008-v002,question,tags[2],5,5,fbb7b5bf4ca348eeeebf8cc3660712859a5a1fbf18e83217a57ce203fb51d5c2
u01-s008-v002,question,estimatedTimeSec,2,2,39fa9ec190eee7b6f4dff1100d6343e10918d044c75eac8f9e9a2596173f80c9
u01-s008-v002,question,prerequisiteSkillIds[0],31,31,db7284405f3c22c3229e76b63fc8c313cfa45ed949df0066be5752881946a45d
u01-s008-v002,question,authoringIntent,10,30,7e8b770698623cdbc8a536cacd330480c217a61edc9120481975b3516e1c8b48
u01-s008-v002,question,reviewStatus,22,22,ec809598e2f7fcc69fad54c9cd045bba62b4a0dc7c0ff90d4efdc3788c9ad8fb
u01-s008-v002,question,contentSha256,64,64,73f0753f88a0be8ed29fc951617bb0dda1911aed0edb1718eaa899a3d531542c
u01-s008-v002,question,contentAuthority,25,25,ed40f75ffe3d6ad4e71f6e7919d063410490de360edb425965eccd605ca9d79e
u01-s008-v003,question,questionId,13,13,1a72f6c49a8c9e672791e940c7c6a08dccf3ddcd27c0402304162dbabd7a0f1d
u01-s008-v003,question,unitId,3,3,2055254ee30aaae13b777732834c89d7f799015d3af13b62fe05aeef8c3e0eaa
u01-s008-v003,question,topicId,22,22,3c671d5dc19382bd451c9b89831e7ad7186214a0e19ae625c41a0741a4e4fa19
u01-s008-v003,question,skillId,16,16,b5a62499a005c9708069c66938b7ca4f422523ec784f44b5656d4fa1fbfc2e78
u01-s008-v003,question,difficulty,5,5,fbb7b5bf4ca348eeeebf8cc3660712859a5a1fbf18e83217a57ce203fb51d5c2
u01-s008-v003,question,type,2,2,6bc0f9c4ecb0acbebf1b9f6c816bdd66f4885f67c917d9e141cf893014fba936
u01-s008-v003,question,visualMode,9,9,9c7d54b0bf7a9369d8594201c7b11955514343809d09fbec33966c1fd9794015
u01-s008-v003,question,sourceScope,19,19,a4b669ddb8ef1883391c07a7b633f12eeaeecee7ec37c09eea4931aff6644346
u01-s008-v003,question,text,13,25,5c5117acef1266560589e161512367a2c6234a27b729aa8d30025ad9727e5a43
u01-s008-v003,question,choices[0],2,2,4ec9599fc203d176a301536c2e091a19bc852759b255bd6818810a42c5fed14a
u01-s008-v003,question,choices[1],3,3,a30584d2420bfa43f4ae498d288fffab0f7ec60bdc05274198575aa0e2cd0e68
u01-s008-v003,question,choices[2],1,1,5feceb66ffc86f38d952786c6d696c79c2dbc239dd4e91b46729d73a27fb57e9
u01-s008-v003,question,choices[3],1,1,19581e27de7ced00ff1ce50b2047e7a567c76b1cbaebabe5ef03f7c3017bb5b7
u01-s008-v003,question,explanation,15,37,87d7081eb571b888e3c26f56a35fc84538f8a5cea2b1d5f650af7b00da005d48
u01-s008-v003,question,steps[0],6,18,03cdd01925e2b69bae0f39aa1082f37bcce26a8ab4f5ed9f39fc000502f86f67
u01-s008-v003,question,steps[1],9,27,de5a3f190a9ba167969062e2dbd5e01c66b8ea02f463c700a4d4b503d9d581b3
u01-s008-v003,question,steps[2],7,19,269b7ef8e425cfa42e52fb548f50d8e2dca23afa9c7ded9c17360a53c2b36472
u01-s008-v003,question,optionAnalysis[0].choice,2,2,4ec9599fc203d176a301536c2e091a19bc852759b255bd6818810a42c5fed14a
u01-s008-v003,question,optionAnalysis[0].reason,7,21,61aee05a0a2fe13143cb3cd3e3d462cba7842ecf1e54b154f6f08074db22d834
u01-s008-v003,question,optionAnalysis[1].choice,3,3,a30584d2420bfa43f4ae498d288fffab0f7ec60bdc05274198575aa0e2cd0e68
u01-s008-v003,question,optionAnalysis[1].reason,5,15,32db5f565113cf4f6e464469ab64ccf69b726dd762c4729569f280e9c98c6ce6
u01-s008-v003,question,optionAnalysis[2].choice,1,1,5feceb66ffc86f38d952786c6d696c79c2dbc239dd4e91b46729d73a27fb57e9
u01-s008-v003,question,optionAnalysis[2].reason,6,8,2a0f65b6f87d7decbf8b84aa30e69af9192a96b516b7eea2f6c4c20cc6d0e514
u01-s008-v003,question,optionAnalysis[3].choice,1,1,19581e27de7ced00ff1ce50b2047e7a567c76b1cbaebabe5ef03f7c3017bb5b7
u01-s008-v003,question,optionAnalysis[3].reason,7,21,a707fc66b23c680053e5a6260cda192219f929e1d294e9d2486df494bbef576a
u01-s008-v003,question,commonMistake,12,32,4091533e915afdaa1259171fc90efd58cd6fd01a7d0f514f2783b6ce122138e2
u01-s008-v003,question,concept,9,11,18a183f42b598480e11754173af9cb3b84c12bb69c7d946fc91cefc427fe6ebc
u01-s008-v003,question,tags[0],3,9,fd41540cbdbecb9b5fa7116d27c68e378548ab62ab7c7ca4494730a81ea87667
u01-s008-v003,question,tags[1],4,12,f53c0def416fb241dd1c867969aa037ca0688b6177b8b36b6c078743a7b288d2
u01-s008-v003,question,tags[2],5,5,fbb7b5bf4ca348eeeebf8cc3660712859a5a1fbf18e83217a57ce203fb51d5c2
u01-s008-v003,question,estimatedTimeSec,2,2,39fa9ec190eee7b6f4dff1100d6343e10918d044c75eac8f9e9a2596173f80c9
u01-s008-v003,question,prerequisiteSkillIds[0],31,31,db7284405f3c22c3229e76b63fc8c313cfa45ed949df0066be5752881946a45d
u01-s008-v003,question,authoringIntent,8,24,4274ebbc4c8dc5b01b1e3577f0e2b256265bc54568997ce35e0c5d938b69017b
u01-s008-v003,question,reviewStatus,22,22,ec809598e2f7fcc69fad54c9cd045bba62b4a0dc7c0ff90d4efdc3788c9ad8fb
u01-s008-v003,question,contentSha256,64,64,51db9b1fc2d787652edf4ad446a4b297bdb4076ae53cc79e1ad3aa4ff89f9902
u01-s008-v003,question,contentAuthority,25,25,ed40f75ffe3d6ad4e71f6e7919d063410490de360edb425965eccd605ca9d79e
u01-s008-v004,question,questionId,13,13,1151f35e3ed6a4ab64eb29ae9dfb750f6d628644fdd3362743e288f795c1bd1b
u01-s008-v004,question,unitId,3,3,2055254ee30aaae13b777732834c89d7f799015d3af13b62fe05aeef8c3e0eaa
u01-s008-v004,question,topicId,22,22,3c671d5dc19382bd451c9b89831e7ad7186214a0e19ae625c41a0741a4e4fa19
u01-s008-v004,question,skillId,16,16,b5a62499a005c9708069c66938b7ca4f422523ec784f44b5656d4fa1fbfc2e78
u01-s008-v004,question,difficulty,8,8,fe6d3468cf5c74d8ec2a95b40f2e05338c37a4202f8fad692d2b64a9cf9b468a
u01-s008-v004,question,type,2,2,6bc0f9c4ecb0acbebf1b9f6c816bdd66f4885f67c917d9e141cf893014fba936
u01-s008-v004,question,visualMode,9,9,9c7d54b0bf7a9369d8594201c7b11955514343809d09fbec33966c1fd9794015
u01-s008-v004,question,sourceScope,19,19,a4b669ddb8ef1883391c07a7b633f12eeaeecee7ec37c09eea4931aff6644346
u01-s008-v004,question,text,14,26,c1f3bf54ea01be32ba71bf7a7619cece3f931103b1a2eb2efc6181f0637196b4
u01-s008-v004,question,choices[0],2,2,4523540f1504cd17100c4835e85b7eefd49911580f8efff0599a8f283be6b9e3
u01-s008-v004,question,choices[1],1,1,7902699be42c8a8e46fbbb4501726517e86b22c56a189f7625a6da49081b2451
u01-s008-v004,question,choices[2],3,3,d3471dcc109cd382f5e09a64253c2219958b5f8f07371fba48ac81fed97bb18a
u01-s008-v004,question,choices[3],2,2,a770d3270c9dcdedf12ed9fd70444f7c8a95c26cae3cae9bd867499090a2f14b
u01-s008-v004,question,explanation,27,65,8310dc9e44c91cd67df3b92f17543e30a043009b180117fb5de62e340511f3b3
u01-s008-v004,question,steps[0],3,9,faf856eb1fe2b7692f1cbc3b6e9ef48d9b32c31eaab59dcefc9d8779226e276a
u01-s008-v004,question,steps[1],7,9,496419b6eb3675c5979f7bc869c81a270e7f86e12f23ef0b00af32c8a5fc6e85
u01-s008-v004,question,steps[2],8,18,0c194e7cc89f43eed055bbc31a9b4fb203e237373b92fb580a2333b67be051ee
u01-s008-v004,question,optionAnalysis[0].choice,2,2,4523540f1504cd17100c4835e85b7eefd49911580f8efff0599a8f283be6b9e3
u01-s008-v004,question,optionAnalysis[0].reason,10,30,e328ad6e79a2522c76299be8ee36408e388b7ea7f723871815f750cb717d9866
u01-s008-v004,question,optionAnalysis[1].choice,1,1,7902699be42c8a8e46fbbb4501726517e86b22c56a189f7625a6da49081b2451
u01-s008-v004,question,optionAnalysis[1].reason,8,24,2d135fad7656dfa4a4340d78eb8df56836382ef299a66db46abf82c86364b31e
u01-s008-v004,question,optionAnalysis[2].choice,3,3,d3471dcc109cd382f5e09a64253c2219958b5f8f07371fba48ac81fed97bb18a
u01-s008-v004,question,optionAnalysis[2].reason,6,18,6bab4d92c897e8c50340b672ee2d14f67cf6f2d5b91319e9119e04ec15c1a956
u01-s008-v004,question,optionAnalysis[3].choice,2,2,a770d3270c9dcdedf12ed9fd70444f7c8a95c26cae3cae9bd867499090a2f14b
u01-s008-v004,question,optionAnalysis[3].reason,14,26,b2494bcff0e0ab32d16db6a7a2d000284741c5aa28292382bc393e532733a94c
u01-s008-v004,question,commonMistake,16,46,280f5ed37da87703600d0626ec54d8ff44e48862d774325352faa55ebba50293
u01-s008-v004,question,concept,14,42,28e6974e28e52a89a7e53db8fc7d2f438361188df0a33647b94eb0b1044591a5
u01-s008-v004,question,tags[0],3,9,fd41540cbdbecb9b5fa7116d27c68e378548ab62ab7c7ca4494730a81ea87667
u01-s008-v004,question,tags[1],4,12,f53c0def416fb241dd1c867969aa037ca0688b6177b8b36b6c078743a7b288d2
u01-s008-v004,question,tags[2],8,8,fe6d3468cf5c74d8ec2a95b40f2e05338c37a4202f8fad692d2b64a9cf9b468a
u01-s008-v004,question,estimatedTimeSec,2,2,39fa9ec190eee7b6f4dff1100d6343e10918d044c75eac8f9e9a2596173f80c9
u01-s008-v004,question,prerequisiteSkillIds[0],31,31,db7284405f3c22c3229e76b63fc8c313cfa45ed949df0066be5752881946a45d
u01-s008-v004,question,authoringIntent,14,42,aac3158f9c856c3ad96f8db1bada02db0382ed44469f29cca8b19944afd8ad54
u01-s008-v004,question,reviewStatus,22,22,ec809598e2f7fcc69fad54c9cd045bba62b4a0dc7c0ff90d4efdc3788c9ad8fb
u01-s008-v004,question,contentSha256,64,64,ea1d611e0dcc49a9b6ff1cbb7acd5ef8c5aedbb9201ce0dce9b6a4a4e1bad1bf
u01-s008-v004,question,contentAuthority,25,25,ed40f75ffe3d6ad4e71f6e7919d063410490de360edb425965eccd605ca9d79e
u01-s008-v005,question,questionId,13,13,dc74d62e8a79299decb91f5c6be8800ec2fafa14f66e4368f4718207caa498ab
u01-s008-v005,question,unitId,3,3,2055254ee30aaae13b777732834c89d7f799015d3af13b62fe05aeef8c3e0eaa
u01-s008-v005,question,topicId,22,22,3c671d5dc19382bd451c9b89831e7ad7186214a0e19ae625c41a0741a4e4fa19
u01-s008-v005,question,skillId,16,16,b5a62499a005c9708069c66938b7ca4f422523ec784f44b5656d4fa1fbfc2e78
u01-s008-v005,question,difficulty,8,8,fe6d3468cf5c74d8ec2a95b40f2e05338c37a4202f8fad692d2b64a9cf9b468a
u01-s008-v005,question,type,2,2,6bc0f9c4ecb0acbebf1b9f6c816bdd66f4885f67c917d9e141cf893014fba936
u01-s008-v005,question,visualMode,9,9,9c7d54b0bf7a9369d8594201c7b11955514343809d09fbec33966c1fd9794015
u01-s008-v005,question,sourceScope,19,19,a4b669ddb8ef1883391c07a7b633f12eeaeecee7ec37c09eea4931aff6644346
u01-s008-v005,question,text,19,31,348736a6b863c944d3723a521697d77aecec023051a3c5d3b59f44fc0dab20a2
u01-s008-v005,question,choices[0],1,1,5feceb66ffc86f38d952786c6d696c79c2dbc239dd4e91b46729d73a27fb57e9
u01-s008-v005,question,choices[1],2,2,b17ef6d19c7a5b1ee83b907c595526dcb1eb06db8227d650d5dda0a9f4ce8cd9
u01-s008-v005,question,choices[2],3,3,7aac161b293aca6702b713af2f6e1b3ed505c3e21fb47aca074046b71d0b843c
u01-s008-v005,question,choices[3],2,2,59e19706d51d39f66711c2653cd7eb1291c94d9b55eb14bda74ce4dc636d015a
u01-s008-v005,question,explanation,42,80,fabfe66c884397aaf43d3d9a9a5fbcc5fd3944178eb840da212ea436c713109d
u01-s008-v005,question,steps[0],9,21,9f09cb14eef4cb3267d84ade192f84aefea3f3149af6282d5746faec2d6bb98f
u01-s008-v005,question,steps[1],11,13,7ede985f8a40a86c3b14873121bfb5d3fc380d578ddaba533dfe6b40a137bdeb
u01-s008-v005,question,steps[2],3,9,1fd91b1324f8787c50fab64db2cdd19a9fd7ebadd24f7298de6dead0780e4796
u01-s008-v005,question,optionAnalysis[0].choice,1,1,5feceb66ffc86f38d952786c6d696c79c2dbc239dd4e91b46729d73a27fb57e9
u01-s008-v005,question,optionAnalysis[0].reason,9,11,e038353cc1b0914699313427b8c8041948f2173cfda586c6eac4304060573a72
u01-s008-v005,question,optionAnalysis[1].choice,2,2,b17ef6d19c7a5b1ee83b907c595526dcb1eb06db8227d650d5dda0a9f4ce8cd9
u01-s008-v005,question,optionAnalysis[1].reason,5,15,b32a29ad90817503236f318e63bda8feb2616fb21cf106d167dfe7f2c13be8fa
u01-s008-v005,question,optionAnalysis[2].choice,3,3,7aac161b293aca6702b713af2f6e1b3ed505c3e21fb47aca074046b71d0b843c
u01-s008-v005,question,optionAnalysis[2].reason,10,30,750cad7a2a3de03e1d1372d1357a5328737dbe37fa40134abd437afb443486e2
u01-s008-v005,question,optionAnalysis[3].choice,2,2,59e19706d51d39f66711c2653cd7eb1291c94d9b55eb14bda74ce4dc636d015a
u01-s008-v005,question,optionAnalysis[3].reason,4,12,936191a3d227ee45243a48c69a203b989b14577d4d516370f214979a7aa02e39
u01-s008-v005,question,commonMistake,17,35,6d62d32d6353227988f9bc03d97ce51a9975c196eab79f51736d42256a586a5a
u01-s008-v005,question,concept,13,39,2e786a8b7d80550367c8a2e3d8409a37c604b9b9a68bfa1a467b62f19d60e1d9
u01-s008-v005,question,tags[0],3,9,fd41540cbdbecb9b5fa7116d27c68e378548ab62ab7c7ca4494730a81ea87667
u01-s008-v005,question,tags[1],4,12,f53c0def416fb241dd1c867969aa037ca0688b6177b8b36b6c078743a7b288d2
u01-s008-v005,question,tags[2],8,8,fe6d3468cf5c74d8ec2a95b40f2e05338c37a4202f8fad692d2b64a9cf9b468a
u01-s008-v005,question,estimatedTimeSec,2,2,39fa9ec190eee7b6f4dff1100d6343e10918d044c75eac8f9e9a2596173f80c9
u01-s008-v005,question,prerequisiteSkillIds[0],31,31,db7284405f3c22c3229e76b63fc8c313cfa45ed949df0066be5752881946a45d
u01-s008-v005,question,authoringIntent,12,36,334352315c79915c63a48b8b689171e62d3fac97772447347e0c8c70b6deef4f
u01-s008-v005,question,reviewStatus,22,22,ec809598e2f7fcc69fad54c9cd045bba62b4a0dc7c0ff90d4efdc3788c9ad8fb
u01-s008-v005,question,contentSha256,64,64,db771ad45ccc4921fdb7eceaf9deb5a660c00f1b894c062fef5c4d14862020cf
u01-s008-v005,question,contentAuthority,25,25,ed40f75ffe3d6ad4e71f6e7919d063410490de360edb425965eccd605ca9d79e
u01-s008-v006,question,questionId,13,13,51196ae7fcadcdcc35ffee88ebdb50d7ce807564c9c8468167167aa296fe3078
u01-s008-v006,question,unitId,3,3,2055254ee30aaae13b777732834c89d7f799015d3af13b62fe05aeef8c3e0eaa
u01-s008-v006,question,topicId,22,22,3c671d5dc19382bd451c9b89831e7ad7186214a0e19ae625c41a0741a4e4fa19
u01-s008-v006,question,skillId,16,16,b5a62499a005c9708069c66938b7ca4f422523ec784f44b5656d4fa1fbfc2e78
u01-s008-v006,question,difficulty,8,8,fe6d3468cf5c74d8ec2a95b40f2e05338c37a4202f8fad692d2b64a9cf9b468a
u01-s008-v006,question,type,2,2,6bc0f9c4ecb0acbebf1b9f6c816bdd66f4885f67c917d9e141cf893014fba936
u01-s008-v006,question,visualMode,9,9,9c7d54b0bf7a9369d8594201c7b11955514343809d09fbec33966c1fd9794015
u01-s008-v006,question,sourceScope,19,19,a4b669ddb8ef1883391c07a7b633f12eeaeecee7ec37c09eea4931aff6644346
u01-s008-v006,question,text,18,34,4bea49ae451ad5da38d787e233f7173f272d22d4d162d4a72d7388ef4a2f0f76
u01-s008-v006,question,choices[0],3,3,59100e1b869f778eb1d0975e653f881efd13fa8ccb0678cd1856156b3de6207e
u01-s008-v006,question,choices[1],2,2,3fdba35f04dc8c462986c992bcf875546257113072a909c162f7e470e581e278
u01-s008-v006,question,choices[2],1,1,ef2d127de37b942baad06145e54b0c619a1f22327b2ebbcfbec78f5564afe39d
u01-s008-v006,question,choices[3],2,2,37aa1ccf80e481832b2db282d4d4f895ee1e31219b7d0f6aee8dc8968828341b
u01-s008-v006,question,explanation,29,67,b51d93dd28847ec96726bfdff48f174a3eea9d900b404498ff61770aff71ed9f
u01-s008-v006,question,steps[0],10,14,e4de64d6e889daa652c27387ecc9be56ba51e6855e13e327b447d2829459b993
u01-s008-v006,question,steps[1],7,9,d5b47ada1d67899a51504d4562592db923d55fec1a992fedb096267e4f129d40
u01-s008-v006,question,steps[2],10,16,59e67401209b52a5872c0cabce55a2cc3304f0738d961512d2aef2252efc53fd
u01-s008-v006,question,optionAnalysis[0].choice,3,3,59100e1b869f778eb1d0975e653f881efd13fa8ccb0678cd1856156b3de6207e
u01-s008-v006,question,optionAnalysis[0].reason,7,15,31fe49628ed3b4470113c025640613ea487df1c056b8fb357fb1bb335c0aee35
u01-s008-v006,question,optionAnalysis[1].choice,2,2,3fdba35f04dc8c462986c992bcf875546257113072a909c162f7e470e581e278
u01-s008-v006,question,optionAnalysis[1].reason,5,7,e843a7c142fc8ac888eccc3f1c207c61d3a80f76d5981270ec8b8b77b731dc2d
u01-s008-v006,question,optionAnalysis[2].choice,1,1,ef2d127de37b942baad06145e54b0c619a1f22327b2ebbcfbec78f5564afe39d
u01-s008-v006,question,optionAnalysis[2].reason,6,14,a5c1cac5ac6b537359beb0b32227dd99c909edcdb3a2d8e9bb6cbe2504d6c068
u01-s008-v006,question,optionAnalysis[3].choice,2,2,37aa1ccf80e481832b2db282d4d4f895ee1e31219b7d0f6aee8dc8968828341b
u01-s008-v006,question,optionAnalysis[3].reason,7,15,6a2d09036933b0e855b68e9a575a51a512585ef9a945b33350cc5de37d7cd5b3
u01-s008-v006,question,commonMistake,11,25,a9a7c3caee9b0a4387e7028291b1f01a80724fd7aecab51f75be6cd76eff7dea
u01-s008-v006,question,concept,12,36,b4a6c3a59a88d076d854b7ee39c24d7dbe59355d5fffd0f46a3ac76a40ad18cb
u01-s008-v006,question,tags[0],3,9,fd41540cbdbecb9b5fa7116d27c68e378548ab62ab7c7ca4494730a81ea87667
u01-s008-v006,question,tags[1],4,12,f53c0def416fb241dd1c867969aa037ca0688b6177b8b36b6c078743a7b288d2
u01-s008-v006,question,tags[2],8,8,fe6d3468cf5c74d8ec2a95b40f2e05338c37a4202f8fad692d2b64a9cf9b468a
u01-s008-v006,question,estimatedTimeSec,2,2,39fa9ec190eee7b6f4dff1100d6343e10918d044c75eac8f9e9a2596173f80c9
u01-s008-v006,question,prerequisiteSkillIds[0],31,31,db7284405f3c22c3229e76b63fc8c313cfa45ed949df0066be5752881946a45d
u01-s008-v006,question,authoringIntent,14,42,dfce9552fa218abbe3dadd9acf26a98fa7da8f4ab60c31fa018d98225e572b83
u01-s008-v006,question,reviewStatus,22,22,ec809598e2f7fcc69fad54c9cd045bba62b4a0dc7c0ff90d4efdc3788c9ad8fb
u01-s008-v006,question,contentSha256,64,64,192b83e1c1d03f214eb7ffd17a795c840418174f14142ea99be74720cf5856fe
u01-s008-v006,question,contentAuthority,25,25,ed40f75ffe3d6ad4e71f6e7919d063410490de360edb425965eccd605ca9d79e
u01-s008-v007,question,questionId,13,13,f0826d6b43ac648d0883b99fc0d428b4c6d6d66b8598b2d8d29eb66cba1f91bf
u01-s008-v007,question,unitId,3,3,2055254ee30aaae13b777732834c89d7f799015d3af13b62fe05aeef8c3e0eaa
u01-s008-v007,question,topicId,22,22,3c671d5dc19382bd451c9b89831e7ad7186214a0e19ae625c41a0741a4e4fa19
u01-s008-v007,question,skillId,16,16,b5a62499a005c9708069c66938b7ca4f422523ec784f44b5656d4fa1fbfc2e78
u01-s008-v007,question,difficulty,8,8,d21f85ea38166303ce58e06134b5cc4a5c900c409ab2a500ff7c9225109a09bb
u01-s008-v007,question,type,2,2,6bc0f9c4ecb0acbebf1b9f6c816bdd66f4885f67c917d9e141cf893014fba936
u01-s008-v007,question,visualMode,9,9,9c7d54b0bf7a9369d8594201c7b11955514343809d09fbec33966c1fd9794015
u01-s008-v007,question,sourceScope,19,19,a4b669ddb8ef1883391c07a7b633f12eeaeecee7ec37c09eea4931aff6644346
u01-s008-v007,question,text,23,35,615ee12faaf7b7bb54d09b6380a197c938e55d3f3cafad6f953b45b5ed80f832
u01-s008-v007,question,choices[0],2,2,3d914f9348c9cc0ff8a79716700b9fcd4d2f3e711608004eb8f138bcba7f14d9
u01-s008-v007,question,choices[1],2,2,37aa1ccf80e481832b2db282d4d4f895ee1e31219b7d0f6aee8dc8968828341b
u01-s008-v007,question,choices[2],1,1,ef2d127de37b942baad06145e54b0c619a1f22327b2ebbcfbec78f5564afe39d
u01-s008-v007,question,choices[3],3,3,5198f7a7fbd082a145d39cb002d4a3038278490490fcff324bb172577ef9a8ac
u01-s008-v007,question,explanation,19,33,23eda04f833febb05c369382a9ec4aa4e446ab60b9c636d9c59501d820c8ccd4
u01-s008-v007,question,steps[0],12,26,c91965dd5b7a5893b6a84d8d7eb4de2786402550a95dc6e64b0ae835359239fe
u01-s008-v007,question,steps[1],4,10,66d3db8659933b959951d9ff79cd8c530f484104227f534da773fcaf43904815
u01-s008-v007,question,steps[2],8,10,2b67addc564c86b1f865634bcc6068c74449bc3d095ba2319edc6e9fa55ef2c1
u01-s008-v007,question,optionAnalysis[0].choice,2,2,3d914f9348c9cc0ff8a79716700b9fcd4d2f3e711608004eb8f138bcba7f14d9
u01-s008-v007,question,optionAnalysis[0].reason,7,21,1913db53ef363f17ab4e2325acb1f8bfc5baa40919310fdb48b7dd31d996d1b3
u01-s008-v007,question,optionAnalysis[1].choice,2,2,37aa1ccf80e481832b2db282d4d4f895ee1e31219b7d0f6aee8dc8968828341b
u01-s008-v007,question,optionAnalysis[1].reason,5,15,27d574a82fba440c0dadda43f202e40314bfe04f10a38bdb7b1b53b487fdffc0
u01-s008-v007,question,optionAnalysis[2].choice,1,1,ef2d127de37b942baad06145e54b0c619a1f22327b2ebbcfbec78f5564afe39d
u01-s008-v007,question,optionAnalysis[2].reason,18,20,b458b3290992e6a5ca2764950f4062982384ae338435e265d919be9f748ecf4b
u01-s008-v007,question,optionAnalysis[3].choice,3,3,5198f7a7fbd082a145d39cb002d4a3038278490490fcff324bb172577ef9a8ac
u01-s008-v007,question,optionAnalysis[3].reason,4,12,88eda1039775c83a7ef3e13c2b58e771b680341eebc62944a417b0f62d4e921b
u01-s008-v007,question,commonMistake,19,57,74160e19712d59a94c94662150cb4924ff0d7ff8c185da0ad98da5961909fd79
u01-s008-v007,question,concept,17,51,29385fdd047a06cd66f52c7397a328094820e51e0c6bb65531423b8a4146b304
u01-s008-v007,question,tags[0],3,9,fd41540cbdbecb9b5fa7116d27c68e378548ab62ab7c7ca4494730a81ea87667
u01-s008-v007,question,tags[1],4,12,f53c0def416fb241dd1c867969aa037ca0688b6177b8b36b6c078743a7b288d2
u01-s008-v007,question,tags[2],8,8,d21f85ea38166303ce58e06134b5cc4a5c900c409ab2a500ff7c9225109a09bb
u01-s008-v007,question,estimatedTimeSec,2,2,39fa9ec190eee7b6f4dff1100d6343e10918d044c75eac8f9e9a2596173f80c9
u01-s008-v007,question,prerequisiteSkillIds[0],31,31,db7284405f3c22c3229e76b63fc8c313cfa45ed949df0066be5752881946a45d
u01-s008-v007,question,authoringIntent,10,30,7be56bc5fa716eea3be398feeff55da659bd8bac8833afedc0453c70b413c9b9
u01-s008-v007,question,reviewStatus,22,22,ec809598e2f7fcc69fad54c9cd045bba62b4a0dc7c0ff90d4efdc3788c9ad8fb
u01-s008-v007,question,contentSha256,64,64,a8c30d3f4853589fe1465c95b5a1ae0b3c598c2a5969520df8a38f4e70af7a17
u01-s008-v007,question,contentAuthority,25,25,ed40f75ffe3d6ad4e71f6e7919d063410490de360edb425965eccd605ca9d79e
u01-s008-v008,question,questionId,13,13,f9971f83bb8efbd90e043486ac601d90b636034a89f3da94de886ab0b939b436
u01-s008-v008,question,unitId,3,3,2055254ee30aaae13b777732834c89d7f799015d3af13b62fe05aeef8c3e0eaa
u01-s008-v008,question,topicId,22,22,3c671d5dc19382bd451c9b89831e7ad7186214a0e19ae625c41a0741a4e4fa19
u01-s008-v008,question,skillId,16,16,b5a62499a005c9708069c66938b7ca4f422523ec784f44b5656d4fa1fbfc2e78
u01-s008-v008,question,difficulty,8,8,d21f85ea38166303ce58e06134b5cc4a5c900c409ab2a500ff7c9225109a09bb
u01-s008-v008,question,type,2,2,6bc0f9c4ecb0acbebf1b9f6c816bdd66f4885f67c917d9e141cf893014fba936
u01-s008-v008,question,visualMode,9,9,9c7d54b0bf7a9369d8594201c7b11955514343809d09fbec33966c1fd9794015
u01-s008-v008,question,sourceScope,19,19,a4b669ddb8ef1883391c07a7b633f12eeaeecee7ec37c09eea4931aff6644346
u01-s008-v008,question,text,29,49,ece26724ee6735db124d2a20269ec21ebe910a5b4c88de9fef7793e236dee21c
u01-s008-v008,question,choices[0],2,2,785f3ec7eb32f30b90cd0fcf3657d388b5ff4297f2f9716ff66e9b69c05ddd09
u01-s008-v008,question,choices[1],3,3,33f88a451fd4154fa54953c60636b671cf82ce1228f40c8692e1d985912155ac
u01-s008-v008,question,choices[2],2,2,4a44dc15364204a80fe80e9039455cc1608281820fe2b24f1e5233ade6af1dd5
u01-s008-v008,question,choices[3],1,1,5feceb66ffc86f38d952786c6d696c79c2dbc239dd4e91b46729d73a27fb57e9
u01-s008-v008,question,explanation,32,62,81288904b145ca099422b8b1ef77c358e9866942f767b5c845971550866444cb
u01-s008-v008,question,steps[0],5,15,1d2d8ca09f40e04f67730104570a6ac6d4454e1a888c29d7deee64ecee0af421
u01-s008-v008,question,steps[1],8,18,efe15e0e3cf44d925ff03dc70cb7b9d6022e69a887a20ebcc333ee3db2ee1e14
u01-s008-v008,question,steps[2],9,11,248c6d75e6c37a8be17ce073b7cb90269f65e4baa1c9093e5fce1a7af5395b20
u01-s008-v008,question,optionAnalysis[0].choice,2,2,785f3ec7eb32f30b90cd0fcf3657d388b5ff4297f2f9716ff66e9b69c05ddd09
u01-s008-v008,question,optionAnalysis[0].reason,7,21,61aee05a0a2fe13143cb3cd3e3d462cba7842ecf1e54b154f6f08074db22d834
u01-s008-v008,question,optionAnalysis[1].choice,3,3,33f88a451fd4154fa54953c60636b671cf82ce1228f40c8692e1d985912155ac
u01-s008-v008,question,optionAnalysis[1].reason,4,12,88eda1039775c83a7ef3e13c2b58e771b680341eebc62944a417b0f62d4e921b
u01-s008-v008,question,optionAnalysis[2].choice,2,2,4a44dc15364204a80fe80e9039455cc1608281820fe2b24f1e5233ade6af1dd5
u01-s008-v008,question,optionAnalysis[2].reason,7,21,d5e60f88727ff1aae82645b27d63b3d22a95c5fb36b794d9bacd469212669c8b
u01-s008-v008,question,optionAnalysis[3].choice,1,1,5feceb66ffc86f38d952786c6d696c79c2dbc239dd4e91b46729d73a27fb57e9
u01-s008-v008,question,optionAnalysis[3].reason,10,12,7a53d0cd09f3b4b14d97e31d69dedc4399430fe3f117b0712e18d8f149cbf5a2
u01-s008-v008,question,commonMistake,11,21,2a2aa8a0b7c7fc09cfdfa2569a8f6bd7d48bc5a7056a38ecdd632a214a85c16d
u01-s008-v008,question,concept,15,45,2993eaa68b2cebcb1f84522ba4c89cbc68ee044b84ec803a8b1844de38b47bdd
u01-s008-v008,question,tags[0],3,9,fd41540cbdbecb9b5fa7116d27c68e378548ab62ab7c7ca4494730a81ea87667
u01-s008-v008,question,tags[1],4,12,f53c0def416fb241dd1c867969aa037ca0688b6177b8b36b6c078743a7b288d2
u01-s008-v008,question,tags[2],8,8,d21f85ea38166303ce58e06134b5cc4a5c900c409ab2a500ff7c9225109a09bb
u01-s008-v008,question,estimatedTimeSec,2,2,39fa9ec190eee7b6f4dff1100d6343e10918d044c75eac8f9e9a2596173f80c9
u01-s008-v008,question,prerequisiteSkillIds[0],31,31,db7284405f3c22c3229e76b63fc8c313cfa45ed949df0066be5752881946a45d
u01-s008-v008,question,authoringIntent,10,30,72ec0ea3fd2b58a2e73d4ca01eb7f4987f56260a75f05fe6b3243a81752a51de
u01-s008-v008,question,reviewStatus,22,22,ec809598e2f7fcc69fad54c9cd045bba62b4a0dc7c0ff90d4efdc3788c9ad8fb
u01-s008-v008,question,contentSha256,64,64,48dfeb59de8095280bd899f94ffefa8234e962d9c3aa2717d48f9b2daa1a7fb9
u01-s008-v008,question,contentAuthority,25,25,ed40f75ffe3d6ad4e71f6e7919d063410490de360edb425965eccd605ca9d79e
u01-s008-v009,question,questionId,13,13,52ca2954dac143592bd5c4b4fdae2a880a13688ac592368f659196d97cb359ae
u01-s008-v009,question,unitId,3,3,2055254ee30aaae13b777732834c89d7f799015d3af13b62fe05aeef8c3e0eaa
u01-s008-v009,question,topicId,22,22,3c671d5dc19382bd451c9b89831e7ad7186214a0e19ae625c41a0741a4e4fa19
u01-s008-v009,question,skillId,16,16,b5a62499a005c9708069c66938b7ca4f422523ec784f44b5656d4fa1fbfc2e78
u01-s008-v009,question,difficulty,8,8,d21f85ea38166303ce58e06134b5cc4a5c900c409ab2a500ff7c9225109a09bb
u01-s008-v009,question,type,2,2,6bc0f9c4ecb0acbebf1b9f6c816bdd66f4885f67c917d9e141cf893014fba936
u01-s008-v009,question,visualMode,9,9,9c7d54b0bf7a9369d8594201c7b11955514343809d09fbec33966c1fd9794015
u01-s008-v009,question,sourceScope,19,19,a4b669ddb8ef1883391c07a7b633f12eeaeecee7ec37c09eea4931aff6644346
u01-s008-v009,question,text,23,35,e17f4b631605d6c8c260acb3db297d68d2c3d36f514b097ffbfcc30bb3557f3e
u01-s008-v009,question,choices[0],1,1,ef2d127de37b942baad06145e54b0c619a1f22327b2ebbcfbec78f5564afe39d
u01-s008-v009,question,choices[1],2,2,37aa1ccf80e481832b2db282d4d4f895ee1e31219b7d0f6aee8dc8968828341b
u01-s008-v009,question,choices[2],2,2,02d20bbd7e394ad5999a4cebabac9619732c343a4cac99470c03e23ba2bdc2bc
u01-s008-v009,question,choices[3],3,3,ec4f921490d755d6165ad7a40d18fecae1a0840648dc6ebfaffdfbe17cea6bee
u01-s008-v009,question,explanation,17,27,b6b9b05406e97d9a58ffd66ece9ae06b7298d9f14165d03c9742533484daeb72
u01-s008-v009,question,steps[0],9,17,dd19ddafbdc7fa5841ea7bd47afb38f8c4b10bd7f81354ba3799436eb9ef7e0a
u01-s008-v009,question,steps[1],4,10,66d3db8659933b959951d9ff79cd8c530f484104227f534da773fcaf43904815
u01-s008-v009,question,steps[2],5,13,04e293610da0333e04edd55295f439266aae9addd8e8cd998d82bfff49d85c8b
u01-s008-v009,question,optionAnalysis[0].choice,1,1,ef2d127de37b942baad06145e54b0c619a1f22327b2ebbcfbec78f5564afe39d
u01-s008-v009,question,optionAnalysis[0].reason,6,8,360934765b226efa2f68c7c0f01a42d714ff6a02a1d3d21a8a9091ec3696f72a
u01-s008-v009,question,optionAnalysis[1].choice,2,2,37aa1ccf80e481832b2db282d4d4f895ee1e31219b7d0f6aee8dc8968828341b
u01-s008-v009,question,optionAnalysis[1].reason,5,15,27d574a82fba440c0dadda43f202e40314bfe04f10a38bdb7b1b53b487fdffc0
u01-s008-v009,question,optionAnalysis[2].choice,2,2,02d20bbd7e394ad5999a4cebabac9619732c343a4cac99470c03e23ba2bdc2bc
u01-s008-v009,question,optionAnalysis[2].reason,8,24,a299d054a72512ac2e831fa6badd69a97e2614a5a12c8852b50d68d18f2ae03b
u01-s008-v009,question,optionAnalysis[3].choice,3,3,ec4f921490d755d6165ad7a40d18fecae1a0840648dc6ebfaffdfbe17cea6bee
u01-s008-v009,question,optionAnalysis[3].reason,5,15,edbf66e301cf449fcd491e4ddb22c34d18254a054a167ee4dcec3d2cbecbee53
u01-s008-v009,question,commonMistake,13,25,a1b5d524f18def236838d1e3462edfca7734deaf2bf9d95ddd82aab4c4bd64ea
u01-s008-v009,question,concept,13,39,f6fc2598f94dfb9c168aeda6a0abcefdb75c1c00e1217fb398c133fd80546daa
u01-s008-v009,question,tags[0],3,9,fd41540cbdbecb9b5fa7116d27c68e378548ab62ab7c7ca4494730a81ea87667
u01-s008-v009,question,tags[1],4,12,f53c0def416fb241dd1c867969aa037ca0688b6177b8b36b6c078743a7b288d2
u01-s008-v009,question,tags[2],8,8,d21f85ea38166303ce58e06134b5cc4a5c900c409ab2a500ff7c9225109a09bb
u01-s008-v009,question,estimatedTimeSec,2,2,39fa9ec190eee7b6f4dff1100d6343e10918d044c75eac8f9e9a2596173f80c9
u01-s008-v009,question,prerequisiteSkillIds[0],31,31,db7284405f3c22c3229e76b63fc8c313cfa45ed949df0066be5752881946a45d
u01-s008-v009,question,authoringIntent,13,39,5cddef205d22740f217c572e5fb2fbef3ee32cb0a9f1f573aecfaecae30530d8
u01-s008-v009,question,reviewStatus,22,22,ec809598e2f7fcc69fad54c9cd045bba62b4a0dc7c0ff90d4efdc3788c9ad8fb
u01-s008-v009,question,contentSha256,64,64,46a75bfe71a2a698f3dd0bf983f56346ae5ce0316eb49fee961ed70e97264979
u01-s008-v009,question,contentAuthority,25,25,ed40f75ffe3d6ad4e71f6e7919d063410490de360edb425965eccd605ca9d79e
u01-s008-v010,question,questionId,13,13,9a7e04c093580eba73608f5b0c901c1238731b992867e10397c69b882778d1cf
u01-s008-v010,question,unitId,3,3,2055254ee30aaae13b777732834c89d7f799015d3af13b62fe05aeef8c3e0eaa
u01-s008-v010,question,topicId,22,22,3c671d5dc19382bd451c9b89831e7ad7186214a0e19ae625c41a0741a4e4fa19
u01-s008-v010,question,skillId,16,16,b5a62499a005c9708069c66938b7ca4f422523ec784f44b5656d4fa1fbfc2e78
u01-s008-v010,question,difficulty,8,8,578756ca4aa16d8872610a5aaa78460fd30fbe93379ff7284fe65d66ca606755
u01-s008-v010,question,type,2,2,6bc0f9c4ecb0acbebf1b9f6c816bdd66f4885f67c917d9e141cf893014fba936
u01-s008-v010,question,visualMode,9,9,9c7d54b0bf7a9369d8594201c7b11955514343809d09fbec33966c1fd9794015
u01-s008-v010,question,sourceScope,19,19,a4b669ddb8ef1883391c07a7b633f12eeaeecee7ec37c09eea4931aff6644346
u01-s008-v010,question,text,37,88,6a63c74501468aac8f34156d5cc896d2e1a9d6ea8fe340c4797efcbe96cade59
u01-s008-v010,question,choices[0],5,6,b5f19027a401e61c71165bc0af4f01f584753e2f3d06dedb375d9f577afeaf98
u01-s008-v010,question,choices[1],3,4,120c8d88e26d874e8daabf2665847dc82af3b172e4a278cc09933c25e5e2024a
u01-s008-v010,question,choices[2],3,4,23d12a4c89e44c87329d2b828da745093ae51c98bcb383452d3d1421e53d0ada
u01-s008-v010,question,choices[3],3,4,f0eb77cf06f08d69d8a5ad6319062df0b18b7dd076aa8f90e4898a519dce2309
u01-s008-v010,question,explanation,14,17,a5cefbc84980ccc513f38b7ba36ec6738e93ba74adc816860bb39794ccecfe1a
u01-s008-v010,question,steps[0],5,11,a9543251ae6794d8533b804619ea253cf1a2839e3275769318aa2b08a9f55cde
u01-s008-v010,question,steps[1],5,11,caaf15ef77530b159674e075594003eeec1c434d1e783eb9c666a3c3693f38e4
u01-s008-v010,question,steps[2],5,11,012b49f2d9671cde2fe1ce3f1a7410026183dba1e26d082c12fd2dccfb26660f
u01-s008-v010,question,optionAnalysis[0].choice,5,6,b5f19027a401e61c71165bc0af4f01f584753e2f3d06dedb375d9f577afeaf98
u01-s008-v010,question,optionAnalysis[0].reason,10,30,7ad438f1e0c647553411a2ba4a268a7615a24c0ab9c016d25e77975bd026416f
u01-s008-v010,question,optionAnalysis[1].choice,3,4,120c8d88e26d874e8daabf2665847dc82af3b172e4a278cc09933c25e5e2024a
u01-s008-v010,question,optionAnalysis[1].reason,11,14,e95664ce893145d9831afc018aa21001d7de36d2be9d914c83654432efd22458
u01-s008-v010,question,optionAnalysis[2].choice,3,4,23d12a4c89e44c87329d2b828da745093ae51c98bcb383452d3d1421e53d0ada
u01-s008-v010,question,optionAnalysis[2].reason,6,18,5d4355e26d3dc1baf5794435b99a509ee182d794a1a9765c24697fb459efe1bb
u01-s008-v010,question,optionAnalysis[3].choice,3,4,f0eb77cf06f08d69d8a5ad6319062df0b18b7dd076aa8f90e4898a519dce2309
u01-s008-v010,question,optionAnalysis[3].reason,6,18,0aff0031a29c51817a4e40c4ce5c0c04eeb5853339dbaac8acb773231d9fe2dd
u01-s008-v010,question,commonMistake,17,37,2b992e5c8193e5122c2bedd6c8525b690aa9f312ab98edfe45f8d2201ae67d06
u01-s008-v010,question,concept,15,45,0075cff70da19cc49cf7ff79d50fffeff9fb91a20767fd79040401faceaf0794
u01-s008-v010,question,tags[0],3,9,fd41540cbdbecb9b5fa7116d27c68e378548ab62ab7c7ca4494730a81ea87667
u01-s008-v010,question,tags[1],4,12,f53c0def416fb241dd1c867969aa037ca0688b6177b8b36b6c078743a7b288d2
u01-s008-v010,question,tags[2],8,8,578756ca4aa16d8872610a5aaa78460fd30fbe93379ff7284fe65d66ca606755
u01-s008-v010,question,estimatedTimeSec,2,2,b4944c6ff08dc6f43da2e9c824669b7d927dd1fa976fadc7b456881f51bf5ccc
u01-s008-v010,question,prerequisiteSkillIds[0],31,31,db7284405f3c22c3229e76b63fc8c313cfa45ed949df0066be5752881946a45d
u01-s008-v010,question,authoringIntent,12,36,f07e2e1a38af3d2618b5129d45db8dd9e7d283790d1af2bc2243af28c64a3203
u01-s008-v010,question,literacyContextNecessity,21,63,5ad24607fc70f7dec31b79e4278cea3b8e2a03ea064fff8bae56b34c84718885
u01-s008-v010,question,reviewStatus,22,22,ec809598e2f7fcc69fad54c9cd045bba62b4a0dc7c0ff90d4efdc3788c9ad8fb
u01-s008-v010,question,contentSha256,64,64,0d42ab9d617ca1b9bcb66f4d318ef0e71415a0e1a853b4c38e4b73d48e427913
u01-s008-v010,question,contentAuthority,25,25,ed40f75ffe3d6ad4e71f6e7919d063410490de360edb425965eccd605ca9d79e
u01-s008-v011,question,questionId,13,13,e65c65ce680f977597bdbc5c6e7d8910b9f80fbb37ab4a6fb8b865e3724974ad
u01-s008-v011,question,unitId,3,3,2055254ee30aaae13b777732834c89d7f799015d3af13b62fe05aeef8c3e0eaa
u01-s008-v011,question,topicId,22,22,3c671d5dc19382bd451c9b89831e7ad7186214a0e19ae625c41a0741a4e4fa19
u01-s008-v011,question,skillId,16,16,b5a62499a005c9708069c66938b7ca4f422523ec784f44b5656d4fa1fbfc2e78
u01-s008-v011,question,difficulty,8,8,578756ca4aa16d8872610a5aaa78460fd30fbe93379ff7284fe65d66ca606755
u01-s008-v011,question,type,2,2,6bc0f9c4ecb0acbebf1b9f6c816bdd66f4885f67c917d9e141cf893014fba936
u01-s008-v011,question,visualMode,9,9,9c7d54b0bf7a9369d8594201c7b11955514343809d09fbec33966c1fd9794015
u01-s008-v011,question,sourceScope,19,19,a4b669ddb8ef1883391c07a7b633f12eeaeecee7ec37c09eea4931aff6644346
u01-s008-v011,question,text,50,106,23b727eaaa64f1bbf31dbe0c20d4f7b415e3303be7010b082cbe834209f7bef0
u01-s008-v011,question,choices[0],5,7,904aeb4ddea44e1c9847a05524e1567245a308945ded5b368ae0a318836e8717
u01-s008-v011,question,choices[1],5,7,a78e6f09f82ff86d2d20ed3f4281f90212f27de051d6a77ff50b0bdad4e00b77
u01-s008-v011,question,choices[2],5,7,a7573e9c9b6092b205c8f4d5d7a5244c1ef18fc77209ad6304babe2ac62f0aa7
u01-s008-v011,question,choices[3],7,9,2199d544a6bba6d7182143043d6d6e8c21689e432f9e170618c24d7f68c0d70b
u01-s008-v011,question,explanation,29,33,a16ccf5294367c8cf414bbbae4467a4771a996696a56173cf3fd3723590af003
u01-s008-v011,question,steps[0],10,30,54c2b41e04a96f096ecce8692b8b6b3d894bd3aa7c6181c9e1f1ed6fb2499c49
u01-s008-v011,question,steps[1],13,15,701ce0e799dfa4f9b01dc73d210d710f3b388397d9f6aff74dbe5cd404af7e15
u01-s008-v011,question,steps[2],16,18,6a7fa983e8db6945c0731dda65f0c76a12583072f57c52b9443bb2bc7b0bcbbd
u01-s008-v011,question,optionAnalysis[0].choice,5,7,904aeb4ddea44e1c9847a05524e1567245a308945ded5b368ae0a318836e8717
u01-s008-v011,question,optionAnalysis[0].reason,9,27,30ab1614c25f6769e20b64906242ac33d332e15b78f6d60305853ef8366d5129
u01-s008-v011,question,optionAnalysis[1].choice,5,7,a78e6f09f82ff86d2d20ed3f4281f90212f27de051d6a77ff50b0bdad4e00b77
u01-s008-v011,question,optionAnalysis[1].reason,8,24,5b5d101505362d978cff818c66b018346e1fe64a26f43b8efc3a641c512fd9cd
u01-s008-v011,question,optionAnalysis[2].choice,5,7,a7573e9c9b6092b205c8f4d5d7a5244c1ef18fc77209ad6304babe2ac62f0aa7
u01-s008-v011,question,optionAnalysis[2].reason,21,23,cba449d1242cc87b4856ea8d64ac7ff6717c170dbd0fa3e63728be5a198579da
u01-s008-v011,question,optionAnalysis[3].choice,7,9,2199d544a6bba6d7182143043d6d6e8c21689e432f9e170618c24d7f68c0d70b
u01-s008-v011,question,optionAnalysis[3].reason,5,15,9515517c32ef974ae26815782154043bba92ebbce8382005eb71abbbbe790858
u01-s008-v011,question,commonMistake,14,42,4fa52e2cb868adb0a7a3e963be028208645bbe9033985e8be1ac7c196669b6f4
u01-s008-v011,question,concept,14,42,64a13eacf581e25ee4d05e0c8a6b19a0887bd114ffa493dcf399322c051af1ee
u01-s008-v011,question,tags[0],3,9,fd41540cbdbecb9b5fa7116d27c68e378548ab62ab7c7ca4494730a81ea87667
u01-s008-v011,question,tags[1],4,12,f53c0def416fb241dd1c867969aa037ca0688b6177b8b36b6c078743a7b288d2
u01-s008-v011,question,tags[2],8,8,578756ca4aa16d8872610a5aaa78460fd30fbe93379ff7284fe65d66ca606755
u01-s008-v011,question,estimatedTimeSec,2,2,69f59c273b6e669ac32a6dd5e1b2cb63333d8b004f9696447aee2d422ce63763
u01-s008-v011,question,prerequisiteSkillIds[0],31,31,db7284405f3c22c3229e76b63fc8c313cfa45ed949df0066be5752881946a45d
u01-s008-v011,question,authoringIntent,9,27,bed1c325a349bf233ab75e91b3fe304c175b1205bb36dae434f684ccf81e4095
u01-s008-v011,question,literacyContextNecessity,20,60,aaa962db9cd28ec25201f1d2d6375d245beda34611cadbe52f62a715892ad1d0
u01-s008-v011,question,reviewStatus,22,22,ec809598e2f7fcc69fad54c9cd045bba62b4a0dc7c0ff90d4efdc3788c9ad8fb
u01-s008-v011,question,contentSha256,64,64,8c0c5dfab18a9630d3d975ecac86249453db3011bdf8a4b7743af29a259399a3
u01-s008-v011,question,contentAuthority,25,25,ed40f75ffe3d6ad4e71f6e7919d063410490de360edb425965eccd605ca9d79e
u01-s008-v012,question,questionId,13,13,4cf642ace0be7ea21647135155d94291bee8046a53ed814404fe0ee07f6dd90e
u01-s008-v012,question,unitId,3,3,2055254ee30aaae13b777732834c89d7f799015d3af13b62fe05aeef8c3e0eaa
u01-s008-v012,question,topicId,22,22,3c671d5dc19382bd451c9b89831e7ad7186214a0e19ae625c41a0741a4e4fa19
u01-s008-v012,question,skillId,16,16,b5a62499a005c9708069c66938b7ca4f422523ec784f44b5656d4fa1fbfc2e78
u01-s008-v012,question,difficulty,8,8,578756ca4aa16d8872610a5aaa78460fd30fbe93379ff7284fe65d66ca606755
u01-s008-v012,question,type,2,2,6bc0f9c4ecb0acbebf1b9f6c816bdd66f4885f67c917d9e141cf893014fba936
u01-s008-v012,question,visualMode,9,9,9c7d54b0bf7a9369d8594201c7b11955514343809d09fbec33966c1fd9794015
u01-s008-v012,question,sourceScope,19,19,a4b669ddb8ef1883391c07a7b633f12eeaeecee7ec37c09eea4931aff6644346
u01-s008-v012,question,text,33,79,0e5edf21e0d7338802afee01af7e21b51bd9940792a84c61c0d24079be2ecff9
u01-s008-v012,question,choices[0],2,2,535fa30d7e25dd8a49f1536779734ec8286108d115da5045d77f3b4185d8f790
u01-s008-v012,question,choices[1],2,2,37aa1ccf80e481832b2db282d4d4f895ee1e31219b7d0f6aee8dc8968828341b
u01-s008-v012,question,choices[2],3,3,163f9d874bf45bcce929f64cc69e816219b0f000e374076c1d3efe0a26ca6b6e
u01-s008-v012,question,choices[3],1,1,ef2d127de37b942baad06145e54b0c619a1f22327b2ebbcfbec78f5564afe39d
u01-s008-v012,question,explanation,12,14,cbb88bf852bf784dc80fadf78d46a1273cfd04722659abd0f9fbccd8556e633a
u01-s008-v012,question,steps[0],12,22,e10b11ef9ba9c5c373dbdb766f55ec6fa75e6c63b18d06a176e3e7825a98dab2
u01-s008-v012,question,steps[1],6,8,448d621def4afc9c220c4b7a89e9b2a765120215ac182fdd4398cda9ba1c396c
u01-s008-v012,question,steps[2],6,8,1183bdc6a328e59150eb9ab537c0ec0c5b70ccd8324937484b8cea78fbd4c20f
u01-s008-v012,question,optionAnalysis[0].choice,2,2,535fa30d7e25dd8a49f1536779734ec8286108d115da5045d77f3b4185d8f790
u01-s008-v012,question,optionAnalysis[0].reason,7,21,1913db53ef363f17ab4e2325acb1f8bfc5baa40919310fdb48b7dd31d996d1b3
u01-s008-v012,question,optionAnalysis[1].choice,2,2,37aa1ccf80e481832b2db282d4d4f895ee1e31219b7d0f6aee8dc8968828341b
u01-s008-v012,question,optionAnalysis[1].reason,6,18,76b2f91b7fa38fdae64fa401b37a5e496ceb2ebccb0fcda202ab809b18d4ba1f
u01-s008-v012,question,optionAnalysis[2].choice,3,3,163f9d874bf45bcce929f64cc69e816219b0f000e374076c1d3efe0a26ca6b6e
u01-s008-v012,question,optionAnalysis[2].reason,6,18,7f52cc5c6e11afcd7d21eaa11ef7ae0b486261d9247da57e927f102e1e64b802
u01-s008-v012,question,optionAnalysis[3].choice,1,1,ef2d127de37b942baad06145e54b0c619a1f22327b2ebbcfbec78f5564afe39d
u01-s008-v012,question,optionAnalysis[3].reason,12,14,cbb88bf852bf784dc80fadf78d46a1273cfd04722659abd0f9fbccd8556e633a
u01-s008-v012,question,commonMistake,19,57,fa164eb8a88803b38606fd1c8d7e02a337bbba2a8932afa8f0893bf9149607e4
u01-s008-v012,question,concept,15,45,550ebe5024a44cc2a0175243c0bcc56aaedc99c51bda938103c8f9de6e5d72a9
u01-s008-v012,question,tags[0],3,9,fd41540cbdbecb9b5fa7116d27c68e378548ab62ab7c7ca4494730a81ea87667
u01-s008-v012,question,tags[1],4,12,f53c0def416fb241dd1c867969aa037ca0688b6177b8b36b6c078743a7b288d2
u01-s008-v012,question,tags[2],8,8,578756ca4aa16d8872610a5aaa78460fd30fbe93379ff7284fe65d66ca606755
u01-s008-v012,question,estimatedTimeSec,2,2,69f59c273b6e669ac32a6dd5e1b2cb63333d8b004f9696447aee2d422ce63763
u01-s008-v012,question,prerequisiteSkillIds[0],31,31,db7284405f3c22c3229e76b63fc8c313cfa45ed949df0066be5752881946a45d
u01-s008-v012,question,authoringIntent,11,33,8d0d0c7aaf49cd5120de77b91dd67390957c7386953c6a7763d488e5aa5b8588
u01-s008-v012,question,literacyContextNecessity,22,66,435b41cc9f5027f3c439c43282976cd0cf951f635732d045f3a5232b9334afdb
u01-s008-v012,question,reviewStatus,22,22,ec809598e2f7fcc69fad54c9cd045bba62b4a0dc7c0ff90d4efdc3788c9ad8fb
u01-s008-v012,question,contentSha256,64,64,c8f964bbbbefec7c16cedebfdba8aa87cb7dab0475549c41cd249eaebc3e5bb3
u01-s008-v012,question,contentAuthority,25,25,ed40f75ffe3d6ad4e71f6e7919d063410490de360edb425965eccd605ca9d79e
u01-s008-cr001,question,questionId,14,14,62d0b337520b68d655c436ac13fb9ea870f1efb9ead6c03786cf84ea55251160
u01-s008-cr001,question,unitId,3,3,2055254ee30aaae13b777732834c89d7f799015d3af13b62fe05aeef8c3e0eaa
u01-s008-cr001,question,topicId,22,22,3c671d5dc19382bd451c9b89831e7ad7186214a0e19ae625c41a0741a4e4fa19
u01-s008-cr001,question,skillId,16,16,b5a62499a005c9708069c66938b7ca4f422523ec784f44b5656d4fa1fbfc2e78
u01-s008-cr001,question,difficulty,8,8,fe6d3468cf5c74d8ec2a95b40f2e05338c37a4202f8fad692d2b64a9cf9b468a
u01-s008-cr001,question,type,20,20,e519496c259191db041ac61161dbfadb673dd94a10a123ed7423adcf7968ae7c
u01-s008-cr001,question,visualMode,9,9,9c7d54b0bf7a9369d8594201c7b11955514343809d09fbec33966c1fd9794015
u01-s008-cr001,question,prompt,49,117,7c69bbca7f58643467c162d1307d7a61ce227ca89a7d88ee0ebcffc6f70201fe
u01-s008-cr001,question,requiredWork[0],6,18,cdcd83549ba3f2a06618ded2cae45d6fd7a114b728a8a83548c271c8eb89abd3
u01-s008-cr001,question,requiredWork[1],13,39,76858667bfc6cc312c3233381e6822f2d4842bd5f55e845fcb46f3bf7248a4b5
u01-s008-cr001,question,fullCreditSolution[0],27,37,81dde339b4f9fc6b86076ac89c6108775e0284b3680837813e3903c4e0abf8ec
u01-s008-cr001,question,fullCreditSolution[1],31,45,8806ca6474cf7f1af03731119194953279c63d75756120c30a183909b515fac8
u01-s008-cr001,question,alternativeSolutions[0],16,40,46c24b5e2ef7346ad84511ce5b9375822ca8ff4fdde5933a95fb8a749f3b563b
u01-s008-cr001,question,rubric[0].criteria,13,35,1d1b6087b09ee39a6bf4851c3eb17b05f1a721ce66d5b7982abaaabcc446e219
u01-s008-cr001,question,rubric[1].criteria,16,48,809b52df9d801542bd051e8afad37c24ff26dde5a601cbf911a6681f56694fc5
u01-s008-cr001,question,rubric[2].criteria,17,51,60756b8813135f90811559c5e1d021bac4d6ff053630c78dfd2b717647dfb2df
u01-s008-cr001,question,rubric[3].criteria,13,39,53e56702e70588ccf01baf8875606fd264fca7f3c1022892146b4e037837412c
u01-s008-cr001,question,scoringNotes[0],14,42,048094228338840c21339b9f8ec576e612ce3f0bbbe8ffaee230bfad9006ff9a
u01-s008-cr001,question,commonErrors[0],12,24,5bf36b59c973933a4472d800869e22f15ac5457055895da5399c6dedba858faf
u01-s008-cr001,question,commonErrors[1],7,19,b95493fe16575875f6b1336d929ad4c74a66464cdf8eae17179d8f18d444e9c2
u01-s008-cr001,question,commonErrors[2],6,12,a7fa472ba283ddcfc971be44b2115b2d6668300f78830dddd3faf389ff32f4ff
u01-s008-cr001,question,independentReview.derivedResult,3,5,b632a19a369b81e570e336931f721983e924ecb9e2957859e53226a2d8f47804
u01-s008-cr001,question,independentReview.ambiguity,4,4,140bedbf9c3f6d56a9846d2ba7088798683f4da0c248231336e6a05679e4fdfe
u01-s008-cr001,question,independentReview.decision,4,4,d74ff0ee8da3b9806b18c877dbf29bbde50b5bd8e4dad7a3a725000feb82e8f1
u01-s008-cr001,question,contentSha256,64,64,6e1eed22f24e9b89dad25f6561e9ce616b9550f2cb329063f09bbe5240f10501
u01-s008-cr001,question,contentAuthority,25,25,ed40f75ffe3d6ad4e71f6e7919d063410490de360edb425965eccd605ca9d79e
u01-s008-cr002,question,questionId,14,14,856d3eadc691c4ebf3590b2467f02ec030ee1c685c776a3b8b49922fe1189c24
u01-s008-cr002,question,unitId,3,3,2055254ee30aaae13b777732834c89d7f799015d3af13b62fe05aeef8c3e0eaa
u01-s008-cr002,question,topicId,22,22,3c671d5dc19382bd451c9b89831e7ad7186214a0e19ae625c41a0741a4e4fa19
u01-s008-cr002,question,skillId,16,16,b5a62499a005c9708069c66938b7ca4f422523ec784f44b5656d4fa1fbfc2e78
u01-s008-cr002,question,difficulty,8,8,d21f85ea38166303ce58e06134b5cc4a5c900c409ab2a500ff7c9225109a09bb
u01-s008-cr002,question,type,20,20,e519496c259191db041ac61161dbfadb673dd94a10a123ed7423adcf7968ae7c
u01-s008-cr002,question,visualMode,9,9,9c7d54b0bf7a9369d8594201c7b11955514343809d09fbec33966c1fd9794015
u01-s008-cr002,question,prompt,65,167,2b781ff91df33632b095ad59c48945eff74f776d317ba9850f9f475fcb1c4578
u01-s008-cr002,question,requiredWork[0],12,36,b912b4fdec1f0c66f866971fcc9a5b2f6e58772d24c64ef71599cd8871f3b611
u01-s008-cr002,question,requiredWork[1],8,24,b888a940d8681f6b328eda2336506f03c37d2e7ee73e5a4555ab73e5dc3e1bd3
u01-s008-cr002,question,fullCreditSolution[0],15,23,533293313c3a5a6dd01492c03e4f672d4fc1c451e7c0d5f3905012f5023b0fba
u01-s008-cr002,question,fullCreditSolution[1],13,23,cfc2313b19f7fd6804adbe8bc647e4f6ed6a75b929862af7e05e4af6e208b524
u01-s008-cr002,question,fullCreditSolution[2],14,38,cf9cf6d17d649067befe3f519b47bad2389f7f33d53caaef52baaa76b48cec3d
u01-s008-cr002,question,alternativeSolutions[0],31,61,5a7899a111afef55fd6d501aa625c4c0601aaa9d84b6e1442af3d6830115dc9b
u01-s008-cr002,question,rubric[0].criteria,17,45,1412265903b9821f07897969efbf4cd3f5515df111045f34a75fe58894609fff
u01-s008-cr002,question,rubric[1].criteria,21,63,7ebcf9329e5c180f004cfa0534b56d98ceebda767bc4401387a8cec13a77465f
u01-s008-cr002,question,rubric[2].criteria,17,51,c34b6012e1a61dfc3d6f13b90add39c7a9ad735d37e815e50eb95f3c407518e7
u01-s008-cr002,question,rubric[3].criteria,17,51,713d97edd2b28c76728aa1eadb5d92ce4cc85272e35c2acdd2712308e9f28447
u01-s008-cr002,question,scoringNotes[0],10,30,f70a70d1d170cfa8ce96815dfd7d7299b3ef5f9bd2bd5d9a16628eb3e824c8d8
u01-s008-cr002,question,commonErrors[0],5,15,42a8f5131c0a7657eb91af8c25bbebddfee208ffdc7adbfc9023e01c0c5ab5a7
u01-s008-cr002,question,commonErrors[1],9,19,f2057afd17086b711e8935187fb00ef79dff7fc39328ad9b44a96e528688ab97
u01-s008-cr002,question,commonErrors[2],8,22,3cdb34d9482694681bab94f42124e8f01c8df9a9d77116b90978ecf809a9bd62
u01-s008-cr002,question,independentReview.derivedResult,11,25,9a8d8b1d97e1a186ee965f3fe24055732ca942dc3ddfa4ccf3014be300091c1a
u01-s008-cr002,question,independentReview.ambiguity,4,4,140bedbf9c3f6d56a9846d2ba7088798683f4da0c248231336e6a05679e4fdfe
u01-s008-cr002,question,independentReview.decision,4,4,d74ff0ee8da3b9806b18c877dbf29bbde50b5bd8e4dad7a3a725000feb82e8f1
u01-s008-cr002,question,contentSha256,64,64,d8f4815d2892371790d05e94b1572e240fb8f79f3eca24054e30ae3ca96fe5e0
u01-s008-cr002,question,contentAuthority,25,25,ed40f75ffe3d6ad4e71f6e7919d063410490de360edb425965eccd605ca9d79e
u01-s009-lecture-r1,lecture,lectureId,19,19,9b5b91f9d6499205a599fc4084229f7b3dda7718845a0b6978ed1ba6bf177a6d
u01-s009-lecture-r1,lecture,unitId,3,3,2055254ee30aaae13b777732834c89d7f799015d3af13b62fe05aeef8c3e0eaa
u01-s009-lecture-r1,lecture,topicId,22,22,3c671d5dc19382bd451c9b89831e7ad7186214a0e19ae625c41a0741a4e4fa19
u01-s009-lecture-r1,lecture,skillId,19,19,e173f689da5d11729b90ffa7f9e3d8cdb791c0c85134111ea5ef0471f1d91adb
u01-s009-lecture-r1,lecture,title,16,48,5305029903c8a4e9662799c0b2c183835e5feadcb4d589eb7aa41e7baac39d09
u01-s009-lecture-r1,lecture,audience,10,30,e6b4416fbd9f36797de01256b31a4d6f6314e126fde8495e25792c814f64fc5f
u01-s009-lecture-r1,lecture,reviewStatus,22,22,ec809598e2f7fcc69fad54c9cd045bba62b4a0dc7c0ff90d4efdc3788c9ad8fb
u01-s009-lecture-r1,lecture,learningOutcomes[0],12,36,82dcd36c4f0381d72376aaef4f91beae22e230be60f84ba054c29d26c7d7a446
u01-s009-lecture-r1,lecture,learningOutcomes[1],10,30,b18135a50e7232e5a93f07f2ce6d1b2a0bb2d10b466090f98a47b1a554090b47
u01-s009-lecture-r1,lecture,learningOutcomes[2],11,33,bf8459d025418505deae39faa71f8e4e4545823b39b98621eecf17d2291f188e
u01-s009-lecture-r1,lecture,learningOutcomes[3],17,51,67eb5a993237b63ee76c6207d869d41c683c1854c759ceb861ca5e963de7d2f5
u01-s009-lecture-r1,lecture,learningOutcomes[4],12,36,629f045e9043e1ae475bb141fce457ed31308f614a88075a2b7080151d292fb7
u01-s009-lecture-r1,lecture,prerequisites[0].skillId,16,16,b5a62499a005c9708069c66938b7ca4f422523ec784f44b5656d4fa1fbfc2e78
u01-s009-lecture-r1,lecture,prerequisites[0].requiredLevel,20,60,72fb36ebbd01f13a39746f6f0fc8ba33f8c90332b0f5a3e6d3eb7cc173ebee26
u01-s009-lecture-r1,lecture,glossary[0].term,3,9,e9e33bb9a92336827b56b206f5acbf234a7609ab40d77b497b839e8253162b06
u01-s009-lecture-r1,lecture,glossary[0].definition,6,18,f1aac4b7b79ebd280df8e5e048d7f20fff973c81df089258de3e32f681d1c719
u01-s009-lecture-r1,lecture,glossary[1].term,2,6,a622eaa5ec714850263e389b2e452c492a56059b8d391524fc5dd8defe6dadd2
u01-s009-lecture-r1,lecture,glossary[1].definition,9,27,d9dc6ad2f686c9429a863f454a4fc943c4b14d26d5e9ebf2d8e420a82e8f208c
u01-s009-lecture-r1,lecture,glossary[2].term,1,3,fc73c01de16319f749ffea76e854a062313f2c816e557728e57c1a20c3e3428c
u01-s009-lecture-r1,lecture,glossary[2].definition,7,21,3f1ad54c9cec7a2c3149aef0e0c2a6a887ca50dc8986a231f07104b3e61d9755
u01-s009-lecture-r1,lecture,glossary[3].term,5,15,efbc49fdcedef193eaf4e13ba908ad12b94e63ca852baa3f5e895ea061d90da6
u01-s009-lecture-r1,lecture,glossary[3].definition,17,27,5b2e3ad7d42c6fe349f2c68c736540423035d500ca9e04cc42265482e9353ca7
u01-s009-lecture-r1,lecture,glossary[4].term,4,12,9280571736432b259922c495cd17d9f36c836399e54479ab1fe9571b419a534b
u01-s009-lecture-r1,lecture,glossary[4].definition,18,54,f8a0fb734c0aba5f5810f5788087e1cf5ea352722ac814ea61f68790db9972bc
u01-s009-lecture-r1,lecture,notation[0].symbol,3,3,d44362d67d921091c7b9674d752e9e23c1f9ec8a4f0b82741bf01364eb97c830
u01-s009-lecture-r1,lecture,notation[0].meaning,10,20,0239fc3f8af280bd3cde9d8fa33c84b5303bb6cea288f59730467c6e5771156e
u01-s009-lecture-r1,lecture,notation[1].symbol,10,10,a4021a657fd1c2a2baa51b200ac18925bd5c0e654cd9ebba8c609f7f912433d7
u01-s009-lecture-r1,lecture,notation[1].meaning,11,33,77d1e7723ac1b0c9b6b2de1c38ed4165faf3dc99388df61a83dd4a73e8fc4666
u01-s009-lecture-r1,lecture,notation[2].symbol,5,15,68a7fcaeb5e052bcaf15fe12c5e194407d6fcb8714e44595225762e36d2f1106
u01-s009-lecture-r1,lecture,notation[2].meaning,9,27,eba02a4852a07842799ccf6cef07473f15a94d74aeb5a0ec0970ebb52f69a22b
u01-s009-lecture-r1,lecture,conceptNarrative[0],23,51,aa2245673b06cb37428be06caf830442b3abc1824022477d195d0f6eed20de14
u01-s009-lecture-r1,lecture,conceptNarrative[1],28,84,2bd4f8bb634f6205aecbfabc62879de29207e6ff43526b3caff453363c907aa5
u01-s009-lecture-r1,lecture,conceptNarrative[2],38,114,30b880ab24f70468db11641c43b812a9d6f0b637cb9622fb17b59ea1e91b13f7
u01-s009-lecture-r1,lecture,conceptNarrative[3],28,84,257e0c2af1fc8f930be63f47cb66c2ac01179a9111db3eb37c1fcc101147c226
u01-s009-lecture-r1,lecture,formalDefinitions[0].name,5,15,453f4eee0bec080bbe282f1bb24eb496ef0dea886cd1fa677401acf2d4022feb
u01-s009-lecture-r1,lecture,formalDefinitions[0].statement,21,37,1c3c7978c78080175e3f595c08a9aebf50184d5118d83c08b8f01b8776864a5d
u01-s009-lecture-r1,lecture,formalDefinitions[1].name,3,9,4c9ce5e1b02f6852a4db10526ca6326268949e32a3e03fd9803b9aa6228d3e4c
u01-s009-lecture-r1,lecture,formalDefinitions[1].statement,24,54,633c72739cb1541af7e77842f538806e655f84f589dc3bf4ac3eb1f3f670c59d
u01-s009-lecture-r1,lecture,formulas[0].formula,10,10,a4021a657fd1c2a2baa51b200ac18925bd5c0e654cd9ebba8c609f7f912433d7
u01-s009-lecture-r1,lecture,formulas[0].conditions[0],9,27,cb64e8270b5604b595606b7bb28c55c870116a90ad659e8588da4347fdd574b3
u01-s009-lecture-r1,lecture,formulas[0].meaning,12,36,73db3e1ffa74db3cd25e1ad25ccaee2affbd1fbc2a7de5f8f2a9521a24f68463
u01-s009-lecture-r1,lecture,formulas[1].formula,9,27,794d904b44345ad8ea345a6d2cf8f0c0517ec1986d2eba69dab7f13afbc6ca3f
u01-s009-lecture-r1,lecture,formulas[1].conditions[0],12,36,00ac25b23aee2a9c0ae19073c2e457e8cd22330b70e576e3fae077b4265943a9
u01-s009-lecture-r1,lecture,formulas[1].meaning,8,24,5193a30014681b1030fb3e0d6e4331e8004aa677a1acebc2b9cdb320ddddedec
u01-s009-lecture-r1,lecture,nonApplicableCases[0],16,32,2bd6c9925391ac3c75f487195f29747f3d8cafc274cca839802468df53a979ff
u01-s009-lecture-r1,lecture,nonApplicableCases[1],20,60,7f7d3b10f16a986148dfedf4242b6f8bb20d04e50308ea397792bc025b4b56d5
u01-s009-lecture-r1,lecture,nonApplicableCases[2],33,99,06d0d6713d51d82cf907b8e6d08c3e244b6708c1c1215c574705f2659525cfd3
u01-s009-lecture-r1,lecture,nonApplicableCases[3],21,63,fc8ceeff0a58ac40ee3a85dea9418e26e1b98a00064fa432d740466e347551d8
u01-s009-lecture-r1,lecture,method[0].instruction,9,27,ff0daafdac42a255ea8e19d81b4da77c320f930f6f594dea237c26ebe3f0e826
u01-s009-lecture-r1,lecture,method[0].check,9,27,bfe7014b6ef09b34c94576f5972d7e0756f347783ac2ee10b246c425fd27a16d
u01-s009-lecture-r1,lecture,method[1].instruction,13,39,a14a573c7971976299e3bfee1c27e67d8e45d621f25b74cc90ef7e4fbaf887f1
u01-s009-lecture-r1,lecture,method[1].check,11,33,db5d3b3ba970c3fd24387fe1beaaa0f7e2c3bf6d584e00c833656aa08f916b13
u01-s009-lecture-r1,lecture,method[2].instruction,9,27,858dffffc8c1eb90cc417b327139393ae02cd5c541c77b9bc10d722152672e9d
u01-s009-lecture-r1,lecture,method[2].check,11,33,8821a05e5a50f1dd8e3f1602c0570a6e11c501294dcfa4523428f07ed014072a
u01-s009-lecture-r1,lecture,method[3].instruction,10,30,f270ba7d07855c234b45a64a59a5339c21ac0fcec72fab5fd71e7e5f8742189d
u01-s009-lecture-r1,lecture,method[3].check,11,33,7250950c18807ecb04dac748bd0902374331633bc1734d7c496896519a5a3b9e
u01-s009-lecture-r1,lecture,method[4].instruction,9,27,103127de46ca26f87f42fbf5fc9bc5069ae6de097b9d6795c536f35396244a22
u01-s009-lecture-r1,lecture,method[4].check,11,33,0cf0f490865fe166a6d2d68634313675335382acc1c36d1c5514ca68244d028e
u01-s009-lecture-r1,lecture,workedExamples[0].exampleId,2,2,dffe8596427fc50e8f64654a609af134d45552f18bbecef90b31135a9e7acaa0
u01-s009-lecture-r1,lecture,workedExamples[0].prompt,8,14,37e2f6c8c2c733dfcdc986b09961a962d10c1fca75cc935541166c3a81029fe2
u01-s009-lecture-r1,lecture,workedExamples[0].solutionSteps[0],11,17,f26b098184a709013b6a3e086bf5cffc2d3d72c3745452819cd9339d9e9602fd
u01-s009-lecture-r1,lecture,workedExamples[0].solutionSteps[1],12,24,063d75006c10a2a3f1ea84ad811d591a11a5bf036e12cdbed49cb430d77ec0ca
u01-s009-lecture-r1,lecture,workedExamples[0].solutionSteps[2],8,24,7d02582edd8d1b47e019c07a75a7197fd7576276ef031706b0e2f75dc2f906da
u01-s009-lecture-r1,lecture,workedExamples[0].answer,3,5,b632a19a369b81e570e336931f721983e924ecb9e2957859e53226a2d8f47804
u01-s009-lecture-r1,lecture,workedExamples[1].exampleId,2,2,d76354d8457898445bb69e0dc0dc95fb74cc3cf334f8c1859162a16ad0041f8d
u01-s009-lecture-r1,lecture,workedExamples[1].prompt,11,17,656305b91ebfdd8115cd5559fe6667fdf322b4303fba42a722efda7411a6433d
u01-s009-lecture-r1,lecture,workedExamples[1].solutionSteps[0],12,24,a57d3f7f0ded33fb409478c45433c6302fe19cab163b657976c1383fb1b30a3a
u01-s009-lecture-r1,lecture,workedExamples[1].solutionSteps[1],7,9,c36fd2d231f2dc101eb89a9b8c5f8f8fbfba17ac097cb74db71383b27dc0ad3a
u01-s009-lecture-r1,lecture,workedExamples[1].solutionSteps[2],6,14,8258358d17c8d45a77673f3ae4f5d4fa59b4ad3158ebc7b2ed23ee340d9c6114
u01-s009-lecture-r1,lecture,workedExamples[1].answer,2,4,2283f05de77ba6f91ee079e5eb05d370a22e25d6baaba66c32a2234633186159
u01-s009-lecture-r1,lecture,workedExamples[2].exampleId,2,2,842983de8fb1d277a3fad5c8295c7a14317c458718a10c5a35b23e7f992a5c80
u01-s009-lecture-r1,lecture,workedExamples[2].prompt,20,42,34571218561d98dc5454818e49dff3760dd69596e5489b9dcd7c7510270ba0e8
u01-s009-lecture-r1,lecture,workedExamples[2].solutionSteps[0],11,23,4e377c44414fd313fb5a3b9eb63cc114865a053679153486a2d8c81423316ba5
u01-s009-lecture-r1,lecture,workedExamples[2].solutionSteps[1],11,17,d6a5d28ecf095d38e1df9cc521d3671bd7a6cf92a11c97bea69314bae96426c0
u01-s009-lecture-r1,lecture,workedExamples[2].solutionSteps[2],15,32,6fa4cf3b4dbc57b85f73edf83d0de642c0467ec457a2f99e1927076b4bf8150f
u01-s009-lecture-r1,lecture,workedExamples[2].answer,5,8,a0f9e14af4060e2b159889e18b06b6a868c04e09a96f276f1d354dfa8d7f621e
u01-s009-lecture-r1,lecture,workedExamples[3].exampleId,2,2,4a5a97c6433c4c062457e9335709d57493e75527809d8a9586c141e591ac9f2c
u01-s009-lecture-r1,lecture,workedExamples[3].prompt,15,33,723f4a99b96bd1fe6359b94e7e8e22a2617faa4c2039e20fa4d7d644c3a23bb7
u01-s009-lecture-r1,lecture,workedExamples[3].solutionSteps[0],13,23,c9d184c9135a10bf7e56b42af15de927a4ddda986f9281dae1a54fb3c1c6b4c9
u01-s009-lecture-r1,lecture,workedExamples[3].solutionSteps[1],6,14,df8f138c05728d652e04781b404588afa3f5e3e171c72cce1ef3ee704d2c0054
u01-s009-lecture-r1,lecture,workedExamples[3].solutionSteps[2],4,6,07ff8b14e36f7cdbb09ce6fb8eaaf2f503c5cd4a99faa728086e76235bae61eb
u01-s009-lecture-r1,lecture,workedExamples[3].answer,2,4,2283f05de77ba6f91ee079e5eb05d370a22e25d6baaba66c32a2234633186159
u01-s009-lecture-r1,lecture,commonMistakes[0].mistake,17,25,434121c4632c5659d6646c55ed635451c5147c8768cef641927458951ffe9215
u01-s009-lecture-r1,lecture,commonMistakes[0].why,11,33,1341209eb88c41ee483216b9383947b2f7977eb11d019751b573e34bb73b4850
u01-s009-lecture-r1,lecture,commonMistakes[0].correction,10,16,f25789d4b44f69a6848d51db9188bd004a2f5a49cf624f4b6465b4469251237b
u01-s009-lecture-r1,lecture,commonMistakes[1].mistake,7,21,91b5f3d7ccaa2d16b4d6562d234786f0c91a6a05cde35ae8a3765030896b7091
u01-s009-lecture-r1,lecture,commonMistakes[1].why,9,27,2e35601b8a94aa51e71e9d29b983593381dac31ff881cf6ddbe098965a01a9ce
u01-s009-lecture-r1,lecture,commonMistakes[1].correction,9,27,a0d7ad55ca928ab0c256bd9e61dd64b0e989780831cbfb6ae2e6e90e089097be
u01-s009-lecture-r1,lecture,commonMistakes[2].mistake,12,36,59b4fc53ca7a878c5b7a7f79bc96993745c7972ada23b67bc3ec3b536fbb093e
u01-s009-lecture-r1,lecture,commonMistakes[2].why,7,21,0c2f20a77cb4658054016a5beea31421032042adf199a039ec98cf6cfd9df666
u01-s009-lecture-r1,lecture,commonMistakes[2].correction,14,20,4b492044125333c354c4c83951106be11aeb4ce81d73a1376f718dde2dd3b8cf
u01-s009-lecture-r1,lecture,commonMistakes[3].mistake,11,33,6077ece1beb08a60ce8ffcaecbb36d7631fe43441c7d919d4c746f0b221ffa02
u01-s009-lecture-r1,lecture,commonMistakes[3].why,5,15,ad6e976946f45176dcd07bf6e52db61ab8b15b0def231b2f69cd0fd180aedda4
u01-s009-lecture-r1,lecture,commonMistakes[3].correction,8,24,cd8e422541b01a10d5fc714939b0534006db4129bc4d6418ed678d497fed8ed2
u01-s009-lecture-r1,lecture,commonMistakes[4].mistake,10,30,4d5d808c5ea9a8b116d873755018cb9ca7d3d3e9b83a9b9cfef00c9636e94096
u01-s009-lecture-r1,lecture,commonMistakes[4].why,7,21,bcaaddac096b7217b17c321fd030918ac534673b8daf907301eaf844743d667d
u01-s009-lecture-r1,lecture,commonMistakes[4].correction,9,27,73da4e419d1feb8d0e7dfa7a45c8dc92dd199a755a57f2e727f75ee6b632f6d3
u01-s009-lecture-r1,lecture,commonMistakes[5].mistake,10,30,ffc8692c8cebb35912441fd9fc968593516f15dacff092c8f72cbe6e1ecde340
u01-s009-lecture-r1,lecture,commonMistakes[5].why,6,18,d700a8356722edae1022bccbca0ab1bda18dec149af926ca6cab916f8b6e3fbf
u01-s009-lecture-r1,lecture,commonMistakes[5].correction,17,51,f4a63f5cf422616c111bf5f6a4372d1e3938a2c6290c3c10bc181f30d4e7029f
u01-s009-lecture-r1,lecture,selfCheck[0],10,30,6819eb75cb24e72891d84e20e43a0a9476de8a7cba76bdeabcbbbe4b3120fdfd
u01-s009-lecture-r1,lecture,selfCheck[1],10,30,1e9e3e377cec479acabfc4acc08af25300af434395a6752d406c57630c8c39db
u01-s009-lecture-r1,lecture,selfCheck[2],11,33,edad263824a4aa03661b859117f443b4c5d833ed5b7bc94d9ed2c91b97efc161
u01-s009-lecture-r1,lecture,selfCheck[3],9,27,1dd1c8e21c55a3807fcab3526a650e13850641096a30899ac8ba5b52891eb89d
u01-s009-lecture-r1,lecture,selfCheck[4],11,33,712dc11468ff0adbc5a1abf1d884afbe7181f76b8335cfa7d6af3e38f461fcb0
u01-s009-lecture-r1,lecture,summary[0],11,13,4a5e86c3c089b201c438205d25973febd9c83c32fe6006afd8379f80f1c018cd
u01-s009-lecture-r1,lecture,summary[1],11,33,6684bbbb40458b74f4179e284a0470714bec70ab6f5f00d1c64bda0fdd27ca3b
u01-s009-lecture-r1,lecture,summary[2],8,24,bf429b7680c7fe7d5c192fe0586f187419edb93ca83f1eed29fed0811d376b43
u01-s009-lecture-r1,lecture,summary[3],10,30,c8f9cac73e0b32c966a970e6bd1bc970cb512a6ba75937d8b236283174c8768f
u01-s009-lecture-r1,lecture,connections.previous,14,42,a7e2bc96667b2247b55c52c8d904cbb5cbd4d82b161d1d073e31189e59953c49
u01-s009-lecture-r1,lecture,connections.next[0],15,45,b8d03c999dee6d6e109fdc2c7bd0285e30e2b7da57847fc74a5cb6c41bfe5eb1
u01-s009-lecture-r1,lecture,connections.next[1],15,45,a5a0b9707b1bf08e473df53b3ec22c5f6260914b06288f95ba13298701715875
u01-s009-lecture-r1,lecture,connections.next[2],17,51,c1e720701ac2fbf7f9d8625fb416ec11a534ccd86d900ffce37866ada0128bb4
u01-s009-lecture-r1,lecture,practiceLinks.mcQuestionIds[0],13,13,47f93da19605d6a7fb849906fca1f2b652723cddb52a128d80b256ad8144bc5d
u01-s009-lecture-r1,lecture,practiceLinks.mcQuestionIds[1],13,13,e619d07580093eef0461985a47048daff4966b5a5e03067a13894d58478d8428
u01-s009-lecture-r1,lecture,practiceLinks.mcQuestionIds[2],13,13,5daa483e70edc101eb889b4f12c480b2af3e6e21e9caa6ddcda372b795ed5560
u01-s009-lecture-r1,lecture,practiceLinks.mcQuestionIds[3],13,13,fd5069ee74e178ce4e81589f33c34b992a9898c1305d9defb59556e26114598f
u01-s009-lecture-r1,lecture,practiceLinks.mcQuestionIds[4],13,13,81a0a6d21483285dd07d880ba0e86d8864146df3068350c248193a5d68c38354
u01-s009-lecture-r1,lecture,practiceLinks.mcQuestionIds[5],13,13,579015c15115fadd8a77b825c36b596e2d920b6944a6591856b2d1fb5d4dd594
u01-s009-lecture-r1,lecture,practiceLinks.mcQuestionIds[6],13,13,eb9aaf07c2da13fc311ec14fc761da7a3f787634f97e7c8eb1051f36153c7ff8
u01-s009-lecture-r1,lecture,practiceLinks.mcQuestionIds[7],13,13,197695306ef8714e2c8897a255427640961de4e3af5b303fdb9b2af0053231d5
u01-s009-lecture-r1,lecture,practiceLinks.mcQuestionIds[8],13,13,9f3fb2e6d3313fda845e52511e077dfe155b4df50ad33cec69711b441936b716
u01-s009-lecture-r1,lecture,practiceLinks.mcQuestionIds[9],13,13,00117193576a219b24506db0fc04f779813542821ab1c83256949c75c02ceace
u01-s009-lecture-r1,lecture,practiceLinks.mcQuestionIds[10],13,13,65e81558d4b3ab9768dfca6ea0ca0354e39f9706908ebdca1768af1cd325658b
u01-s009-lecture-r1,lecture,practiceLinks.mcQuestionIds[11],13,13,3d261570f8a487d9668cb1438e6c95870f2e2df11b703c59af8e792d37b3eb92
u01-s009-lecture-r1,lecture,practiceLinks.constructedResponseIds[0],14,14,5b608813f25241969de6810c853a40afbcd18872c5886b6f66f7b478195dead5
u01-s009-lecture-r1,lecture,practiceLinks.constructedResponseIds[1],14,14,aea13f6fbd996d5cde4735aa4bdce658ec338029a7b420c1ef89890f5351006b
u01-s009-lecture-r1,lecture,lectureReview.mathematicalCorrectness,4,4,d74ff0ee8da3b9806b18c877dbf29bbde50b5bd8e4dad7a3a725000feb82e8f1
u01-s009-lecture-r1,lecture,lectureReview.zeroFoundationReadability,4,4,d74ff0ee8da3b9806b18c877dbf29bbde50b5bd8e4dad7a3a725000feb82e8f1
u01-s009-lecture-r1,lecture,lectureReview.scopeCheck,21,21,fdf8268f0373301b2fcc6331f1d8999b8aabea69681e8bc972ab9a21216a7606
u01-s009-lecture-r1,lecture,lectureReview.reviewNote,39,117,22a5f2c1c46799015ce9b93143df63a7f008d8738945dc2f063821507d56f55e
u01-s009-lecture-r1,lecture,lectureReview.reviewVersion,25,25,7ccbed064d3016b5353f553d3edb33b6627126acb00be43b039a8cbab00d7d69
u01-s009-lecture-r1,lecture,lectureReview.reviewedAt,10,10,14158d45727526145ef514139eeb669eb54d613dbcffe524f099dbb71c9d8b08
u01-s009-lecture-r1,lecture,contentSha256,64,64,ed4caf0c7cedf87c1ffd17c6c7a9dbf9945ff8f5266531a5592790c24a23d7cf
u01-s009-lecture-r1,lecture,contentAuthority,25,25,ed40f75ffe3d6ad4e71f6e7919d063410490de360edb425965eccd605ca9d79e
u01-s009-v001,question,questionId,13,13,47f93da19605d6a7fb849906fca1f2b652723cddb52a128d80b256ad8144bc5d
u01-s009-v001,question,unitId,3,3,2055254ee30aaae13b777732834c89d7f799015d3af13b62fe05aeef8c3e0eaa
u01-s009-v001,question,topicId,22,22,3c671d5dc19382bd451c9b89831e7ad7186214a0e19ae625c41a0741a4e4fa19
u01-s009-v001,question,skillId,19,19,e173f689da5d11729b90ffa7f9e3d8cdb791c0c85134111ea5ef0471f1d91adb
u01-s009-v001,question,difficulty,5,5,fbb7b5bf4ca348eeeebf8cc3660712859a5a1fbf18e83217a57ce203fb51d5c2
u01-s009-v001,question,type,2,2,6bc0f9c4ecb0acbebf1b9f6c816bdd66f4885f67c917d9e141cf893014fba936
u01-s009-v001,question,visualMode,9,9,9c7d54b0bf7a9369d8594201c7b11955514343809d09fbec33966c1fd9794015
u01-s009-v001,question,sourceScope,19,19,a4b669ddb8ef1883391c07a7b633f12eeaeecee7ec37c09eea4931aff6644346
u01-s009-v001,question,text,11,23,e6ca4e8f88ef4f106eaecf76e795d7cc4f8b716e28a5a3094247cc7530b2a75a
u01-s009-v001,question,choices[0],2,2,37aa1ccf80e481832b2db282d4d4f895ee1e31219b7d0f6aee8dc8968828341b
u01-s009-v001,question,choices[1],1,1,ef2d127de37b942baad06145e54b0c619a1f22327b2ebbcfbec78f5564afe39d
u01-s009-v001,question,choices[2],2,2,9400f1b21cb527d7fa3d3eabba93557a18ebe7a2ca4e471cfe5e4c5b4ca7f767
u01-s009-v001,question,choices[3],3,3,127bbd03a000f970f67d416e59fef98d87b2977272b6d079ab62f46806a2acba
u01-s009-v001,question,explanation,16,18,b3132500c769171a8f5c288e276a5c6254ed7bcdcd012e23ae137a2b3ae0bea5
u01-s009-v001,question,steps[0],8,18,2b2e818a600363704df61a872d2217817f820989efb760a0d6600af3bb454e48
u01-s009-v001,question,steps[1],5,15,ae4c2b5e1b2c808a83a82ab4e28a2303578cd96e02b8809c6f35ea4c53b9cd46
u01-s009-v001,question,steps[2],5,11,900af272d10f7c82bca6c455543a41ae12f0cea9c3d5868feb7d572f30a7e880
u01-s009-v001,question,optionAnalysis[0].choice,2,2,37aa1ccf80e481832b2db282d4d4f895ee1e31219b7d0f6aee8dc8968828341b
u01-s009-v001,question,optionAnalysis[0].reason,11,13,c7dec29d784fa4f029733526bb989065c6b80db25553844830c237d9ecb47a85
u01-s009-v001,question,optionAnalysis[1].choice,1,1,ef2d127de37b942baad06145e54b0c619a1f22327b2ebbcfbec78f5564afe39d
u01-s009-v001,question,optionAnalysis[1].reason,4,12,38a1ac0f4def0cb1de0f18d43f309ae4bca2680cb2b6e723dcce1d6c7c29a6cc
u01-s009-v001,question,optionAnalysis[2].choice,2,2,9400f1b21cb527d7fa3d3eabba93557a18ebe7a2ca4e471cfe5e4c5b4ca7f767
u01-s009-v001,question,optionAnalysis[2].reason,7,21,d2472ea4da0aae972236f4d0bae9eae96d8f25c042b2acceccc0f2707bfee434
u01-s009-v001,question,optionAnalysis[3].choice,3,3,127bbd03a000f970f67d416e59fef98d87b2977272b6d079ab62f46806a2acba
u01-s009-v001,question,optionAnalysis[3].reason,8,24,4c7bf9e1121c0d176ee5c4ad6e44b56ead4ee9bed31d57b6740c432dbc75bfb0
u01-s009-v001,question,commonMistake,16,36,7f124161d00442ff50730d2e2d7882001580c8fefe2584f865844954c5575a53
u01-s009-v001,question,concept,11,33,0f76062f398b8983b1129adbe4436445715e735a422d07ceed52be3ffd87b5c6
u01-s009-v001,question,tags[0],3,9,fd41540cbdbecb9b5fa7116d27c68e378548ab62ab7c7ca4494730a81ea87667
u01-s009-v001,question,tags[1],4,12,e36f2698c1c9238b8f55e7d5242737689dde8bc7e7b5770beaa67b61da943850
u01-s009-v001,question,tags[2],5,5,fbb7b5bf4ca348eeeebf8cc3660712859a5a1fbf18e83217a57ce203fb51d5c2
u01-s009-v001,question,estimatedTimeSec,2,2,39fa9ec190eee7b6f4dff1100d6343e10918d044c75eac8f9e9a2596173f80c9
u01-s009-v001,question,prerequisiteSkillIds[0],16,16,b5a62499a005c9708069c66938b7ca4f422523ec784f44b5656d4fa1fbfc2e78
u01-s009-v001,question,authoringIntent,8,24,c9a3bae9983866e5ec9b8ea0d0b5ad83aa80b7133540799da7cbca0670ad800a
u01-s009-v001,question,reviewStatus,22,22,ec809598e2f7fcc69fad54c9cd045bba62b4a0dc7c0ff90d4efdc3788c9ad8fb
u01-s009-v001,question,contentSha256,64,64,0df8620c4f421b27148eb756001f8754259aa9793757f6cef4e5d77d3b1721ef
u01-s009-v001,question,contentAuthority,25,25,ed40f75ffe3d6ad4e71f6e7919d063410490de360edb425965eccd605ca9d79e
u01-s009-v002,question,questionId,13,13,e619d07580093eef0461985a47048daff4966b5a5e03067a13894d58478d8428
u01-s009-v002,question,unitId,3,3,2055254ee30aaae13b777732834c89d7f799015d3af13b62fe05aeef8c3e0eaa
u01-s009-v002,question,topicId,22,22,3c671d5dc19382bd451c9b89831e7ad7186214a0e19ae625c41a0741a4e4fa19
u01-s009-v002,question,skillId,19,19,e173f689da5d11729b90ffa7f9e3d8cdb791c0c85134111ea5ef0471f1d91adb
u01-s009-v002,question,difficulty,5,5,fbb7b5bf4ca348eeeebf8cc3660712859a5a1fbf18e83217a57ce203fb51d5c2
u01-s009-v002,question,type,2,2,6bc0f9c4ecb0acbebf1b9f6c816bdd66f4885f67c917d9e141cf893014fba936
u01-s009-v002,question,visualMode,9,9,9c7d54b0bf7a9369d8594201c7b11955514343809d09fbec33966c1fd9794015
u01-s009-v002,question,sourceScope,19,19,a4b669ddb8ef1883391c07a7b633f12eeaeecee7ec37c09eea4931aff6644346
u01-s009-v002,question,text,11,23,39672303082568af129b80bc81eaf5a9bd527543764570b68e36b6640ab44f15
u01-s009-v002,question,choices[0],1,1,d4735e3a265e16eee03f59718b9b5d03019c07d8b6c51f90da3a666eec13ab35
u01-s009-v002,question,choices[1],2,2,e91592205d3881e3ea35d66973bb4898d7282126ab5afcb355c95d2fc17f3822
u01-s009-v002,question,choices[2],1,1,2c624232cdd221771294dfbb310aca000a0df6ac8b66b696d90ef06fdefb64a3
u01-s009-v002,question,choices[3],2,2,cf3bae39dd692048a8bf961182e6a34dfd323eeb0748e162eaf055107f1cb873
u01-s009-v002,question,explanation,16,18,057229b4c49c6ff7f0933d1df9dc5dc7307b8f5535ae757c9d304e58f4acd25c
u01-s009-v002,question,steps[0],7,15,e6af1b1357788c5834edeae43b4f4b1875d1dca9cb26d4cc52c3a35e7e406bc6
u01-s009-v002,question,steps[1],7,21,2df1e5ffaa36fdebbd8105071058dcf57ee2c9a67282f2c3277be5341ee67b4d
u01-s009-v002,question,steps[2],4,8,386f7a05c8ef21fcf37a777f89b0d969e8241d082fe5d74cf592f42635b1a0a1
u01-s009-v002,question,optionAnalysis[0].choice,1,1,d4735e3a265e16eee03f59718b9b5d03019c07d8b6c51f90da3a666eec13ab35
u01-s009-v002,question,optionAnalysis[0].reason,5,15,cea9cfca04ea70029e9978be1dc174e36caa08299b7e610e40a1249edce0a652
u01-s009-v002,question,optionAnalysis[1].choice,2,2,e91592205d3881e3ea35d66973bb4898d7282126ab5afcb355c95d2fc17f3822
u01-s009-v002,question,optionAnalysis[1].reason,11,13,98df7bb86f305b0cf5d98da4f353185a864ebd57c0f08d573f257d7862d4603e
u01-s009-v002,question,optionAnalysis[2].choice,1,1,2c624232cdd221771294dfbb310aca000a0df6ac8b66b696d90ef06fdefb64a3
u01-s009-v002,question,optionAnalysis[2].reason,4,12,936191a3d227ee45243a48c69a203b989b14577d4d516370f214979a7aa02e39
u01-s009-v002,question,optionAnalysis[3].choice,2,2,cf3bae39dd692048a8bf961182e6a34dfd323eeb0748e162eaf055107f1cb873
u01-s009-v002,question,optionAnalysis[3].reason,4,12,bf8612be1d2c5fa8c117ac9ad735ec0a6c602f863275fe9b58c259c4b5f43339
u01-s009-v002,question,commonMistake,14,22,126ea73705928716d79fd4464553ed27dd7306032d26f9f62a34b200ab8ef6d7
u01-s009-v002,question,concept,10,30,41ba84364da48c08ff5b6f19e64c5c71f5375eee12605349f6dbea5a4f30a5ff
u01-s009-v002,question,tags[0],3,9,fd41540cbdbecb9b5fa7116d27c68e378548ab62ab7c7ca4494730a81ea87667
u01-s009-v002,question,tags[1],4,12,e36f2698c1c9238b8f55e7d5242737689dde8bc7e7b5770beaa67b61da943850
u01-s009-v002,question,tags[2],5,5,fbb7b5bf4ca348eeeebf8cc3660712859a5a1fbf18e83217a57ce203fb51d5c2
u01-s009-v002,question,estimatedTimeSec,2,2,39fa9ec190eee7b6f4dff1100d6343e10918d044c75eac8f9e9a2596173f80c9
u01-s009-v002,question,prerequisiteSkillIds[0],16,16,b5a62499a005c9708069c66938b7ca4f422523ec784f44b5656d4fa1fbfc2e78
u01-s009-v002,question,authoringIntent,8,24,cd483a3e607f3acc01e3672e4b792bb383f44a424d02138c0a1d8fdf217ab380
u01-s009-v002,question,reviewStatus,22,22,ec809598e2f7fcc69fad54c9cd045bba62b4a0dc7c0ff90d4efdc3788c9ad8fb
u01-s009-v002,question,contentSha256,64,64,df15661cba7d6306e1cad60d6ee8a723cfeb5291ddbb0a9e0b72abee98e6e4d5
u01-s009-v002,question,contentAuthority,25,25,ed40f75ffe3d6ad4e71f6e7919d063410490de360edb425965eccd605ca9d79e
u01-s009-v003,question,questionId,13,13,5daa483e70edc101eb889b4f12c480b2af3e6e21e9caa6ddcda372b795ed5560
u01-s009-v003,question,unitId,3,3,2055254ee30aaae13b777732834c89d7f799015d3af13b62fe05aeef8c3e0eaa
u01-s009-v003,question,topicId,22,22,3c671d5dc19382bd451c9b89831e7ad7186214a0e19ae625c41a0741a4e4fa19
u01-s009-v003,question,skillId,19,19,e173f689da5d11729b90ffa7f9e3d8cdb791c0c85134111ea5ef0471f1d91adb
u01-s009-v003,question,difficulty,5,5,fbb7b5bf4ca348eeeebf8cc3660712859a5a1fbf18e83217a57ce203fb51d5c2
u01-s009-v003,question,type,2,2,6bc0f9c4ecb0acbebf1b9f6c816bdd66f4885f67c917d9e141cf893014fba936
u01-s009-v003,question,visualMode,9,9,9c7d54b0bf7a9369d8594201c7b11955514343809d09fbec33966c1fd9794015
u01-s009-v003,question,sourceScope,19,19,a4b669ddb8ef1883391c07a7b633f12eeaeecee7ec37c09eea4931aff6644346
u01-s009-v003,question,text,14,26,368bea90aae8c24a2beeaec9ee600e1cbb5e8a12de758c9aa91ba7f7144ed02b
u01-s009-v003,question,choices[0],3,3,c171d4ec282b23db89a99880cd624e9ba2940c1d894783602edab5d7481dc1ea
u01-s009-v003,question,choices[1],2,2,4a44dc15364204a80fe80e9039455cc1608281820fe2b24f1e5233ade6af1dd5
u01-s009-v003,question,choices[2],2,2,cf3bae39dd692048a8bf961182e6a34dfd323eeb0748e162eaf055107f1cb873
u01-s009-v003,question,choices[3],1,1,d4735e3a265e16eee03f59718b9b5d03019c07d8b6c51f90da3a666eec13ab35
u01-s009-v003,question,explanation,20,34,09793d46e6cc1136307f596de36857feb83c8efa1b5b5160c6ed0026180b14cc
u01-s009-v003,question,steps[0],10,24,d92330a94453f717a57dc0fd8ee2a43ac1beb21044ea37980db06d1d85865b61
u01-s009-v003,question,steps[1],5,15,ae4c2b5e1b2c808a83a82ab4e28a2303578cd96e02b8809c6f35ea4c53b9cd46
u01-s009-v003,question,steps[2],4,8,ccc8c782455e40363463a9c8f33dc6fa0ae50a379a491fd65dff5ba49f4c365c
u01-s009-v003,question,optionAnalysis[0].choice,3,3,c171d4ec282b23db89a99880cd624e9ba2940c1d894783602edab5d7481dc1ea
u01-s009-v003,question,optionAnalysis[0].reason,8,24,a76530d41f0d532dd40d8f89605bae4739b9ea12ac5ca18677076b56a710bf58
u01-s009-v003,question,optionAnalysis[1].choice,2,2,4a44dc15364204a80fe80e9039455cc1608281820fe2b24f1e5233ade6af1dd5
u01-s009-v003,question,optionAnalysis[1].reason,9,27,4370d0a2373dfdae0ca9d50f9aead8f617940d1b3832f9a38abb2b59ec9e5c06
u01-s009-v003,question,optionAnalysis[2].choice,2,2,cf3bae39dd692048a8bf961182e6a34dfd323eeb0748e162eaf055107f1cb873
u01-s009-v003,question,optionAnalysis[2].reason,8,10,b09e740f22bdf66c22fd51a29016ede6bb7ea81f208f100c81dcd402260ea3d3
u01-s009-v003,question,optionAnalysis[3].choice,1,1,d4735e3a265e16eee03f59718b9b5d03019c07d8b6c51f90da3a666eec13ab35
u01-s009-v003,question,optionAnalysis[3].reason,5,15,27d574a82fba440c0dadda43f202e40314bfe04f10a38bdb7b1b53b487fdffc0
u01-s009-v003,question,commonMistake,16,44,7c1a94b72fb70612157a819c6206bbdbc40e41e505ebc292d09b23bb2c036bd7
u01-s009-v003,question,concept,11,33,6684bbbb40458b74f4179e284a0470714bec70ab6f5f00d1c64bda0fdd27ca3b
u01-s009-v003,question,tags[0],3,9,fd41540cbdbecb9b5fa7116d27c68e378548ab62ab7c7ca4494730a81ea87667
u01-s009-v003,question,tags[1],4,12,e36f2698c1c9238b8f55e7d5242737689dde8bc7e7b5770beaa67b61da943850
u01-s009-v003,question,tags[2],5,5,fbb7b5bf4ca348eeeebf8cc3660712859a5a1fbf18e83217a57ce203fb51d5c2
u01-s009-v003,question,estimatedTimeSec,2,2,39fa9ec190eee7b6f4dff1100d6343e10918d044c75eac8f9e9a2596173f80c9
u01-s009-v003,question,prerequisiteSkillIds[0],16,16,b5a62499a005c9708069c66938b7ca4f422523ec784f44b5656d4fa1fbfc2e78
u01-s009-v003,question,authoringIntent,6,18,da7e2be38df91e48b4e8908b9b86ec39665c7e8726f94c75205c72ffbcf2656a
u01-s009-v003,question,reviewStatus,22,22,ec809598e2f7fcc69fad54c9cd045bba62b4a0dc7c0ff90d4efdc3788c9ad8fb
u01-s009-v003,question,contentSha256,64,64,82da365fb14473ea8f01aca2e66bc7f513efdc48cb15c44ade3706f449b20b0c
u01-s009-v003,question,contentAuthority,25,25,ed40f75ffe3d6ad4e71f6e7919d063410490de360edb425965eccd605ca9d79e
u01-s009-v004,question,questionId,13,13,fd5069ee74e178ce4e81589f33c34b992a9898c1305d9defb59556e26114598f
u01-s009-v004,question,unitId,3,3,2055254ee30aaae13b777732834c89d7f799015d3af13b62fe05aeef8c3e0eaa
u01-s009-v004,question,topicId,22,22,3c671d5dc19382bd451c9b89831e7ad7186214a0e19ae625c41a0741a4e4fa19
u01-s009-v004,question,skillId,19,19,e173f689da5d11729b90ffa7f9e3d8cdb791c0c85134111ea5ef0471f1d91adb
u01-s009-v004,question,difficulty,8,8,fe6d3468cf5c74d8ec2a95b40f2e05338c37a4202f8fad692d2b64a9cf9b468a
u01-s009-v004,question,type,2,2,6bc0f9c4ecb0acbebf1b9f6c816bdd66f4885f67c917d9e141cf893014fba936
u01-s009-v004,question,visualMode,9,9,9c7d54b0bf7a9369d8594201c7b11955514343809d09fbec33966c1fd9794015
u01-s009-v004,question,sourceScope,19,19,a4b669ddb8ef1883391c07a7b633f12eeaeecee7ec37c09eea4931aff6644346
u01-s009-v004,question,text,14,26,2a384a9d92e6bb2f5750d8f867c2adb3717ff414f379c3a01dc9598e4129d90b
u01-s009-v004,question,choices[0],1,1,2c624232cdd221771294dfbb310aca000a0df6ac8b66b696d90ef06fdefb64a3
u01-s009-v004,question,choices[1],3,3,33f88a451fd4154fa54953c60636b671cf82ce1228f40c8692e1d985912155ac
u01-s009-v004,question,choices[2],2,2,e91592205d3881e3ea35d66973bb4898d7282126ab5afcb355c95d2fc17f3822
u01-s009-v004,question,choices[3],2,2,785f3ec7eb32f30b90cd0fcf3657d388b5ff4297f2f9716ff66e9b69c05ddd09
u01-s009-v004,question,explanation,16,18,de7b9e0bf9d3b50754c0c5a5eef95f2f5a3e520fa23ba3934246347c9d57f413
u01-s009-v004,question,steps[0],9,27,948a46829c806b73623ab7f571a20914c7e483a79dd6857c4d112a62a130e919
u01-s009-v004,question,steps[1],5,7,1a9603b3bae9ac9c2598d7f9c7b92c3584cb1b526a8d2a2ae00a7b6c59c85e1f
u01-s009-v004,question,steps[2],4,8,4fac409df2df1495e122d7592e1dd4c274ee8933474a292d533d2c83d2cce36b
u01-s009-v004,question,optionAnalysis[0].choice,1,1,2c624232cdd221771294dfbb310aca000a0df6ac8b66b696d90ef06fdefb64a3
u01-s009-v004,question,optionAnalysis[0].reason,7,21,95b234d8ecd5c750e5a9ac346bd9d8cea4d961574236f8d00923b11cf73a7d17
u01-s009-v004,question,optionAnalysis[1].choice,3,3,33f88a451fd4154fa54953c60636b671cf82ce1228f40c8692e1d985912155ac
u01-s009-v004,question,optionAnalysis[1].reason,4,12,38a1ac0f4def0cb1de0f18d43f309ae4bca2680cb2b6e723dcce1d6c7c29a6cc
u01-s009-v004,question,optionAnalysis[2].choice,2,2,e91592205d3881e3ea35d66973bb4898d7282126ab5afcb355c95d2fc17f3822
u01-s009-v004,question,optionAnalysis[2].reason,4,12,cffc8c8f50d78a2c687aa5cd4a2da20d29419a3c64807b5a1bfc3712e0181a16
u01-s009-v004,question,optionAnalysis[3].choice,2,2,785f3ec7eb32f30b90cd0fcf3657d388b5ff4297f2f9716ff66e9b69c05ddd09
u01-s009-v004,question,optionAnalysis[3].reason,8,10,b71f66c5864665ef9c40ece3272cb5a9de46361842457732ae65f7480ea06f58
u01-s009-v004,question,commonMistake,15,25,36ba118f7b15772e17ed1ddefc74472e30c93dfda46f39ffb79a1e6c03b37ff7
u01-s009-v004,question,concept,9,27,1a4974d461ef293e6766f6aa9d5405fde92b5f5c1dcb16d746d161685ec384ef
u01-s009-v004,question,tags[0],3,9,fd41540cbdbecb9b5fa7116d27c68e378548ab62ab7c7ca4494730a81ea87667
u01-s009-v004,question,tags[1],4,12,e36f2698c1c9238b8f55e7d5242737689dde8bc7e7b5770beaa67b61da943850
u01-s009-v004,question,tags[2],8,8,fe6d3468cf5c74d8ec2a95b40f2e05338c37a4202f8fad692d2b64a9cf9b468a
u01-s009-v004,question,estimatedTimeSec,2,2,39fa9ec190eee7b6f4dff1100d6343e10918d044c75eac8f9e9a2596173f80c9
u01-s009-v004,question,prerequisiteSkillIds[0],16,16,b5a62499a005c9708069c66938b7ca4f422523ec784f44b5656d4fa1fbfc2e78
u01-s009-v004,question,authoringIntent,6,18,0b76aff7aa4b81eb445e81b502b63c5597155c3919a6a54b8cd4ef89e6fe999b
u01-s009-v004,question,reviewStatus,22,22,ec809598e2f7fcc69fad54c9cd045bba62b4a0dc7c0ff90d4efdc3788c9ad8fb
u01-s009-v004,question,contentSha256,64,64,44dcaae3c84b92ae531f49879ecdaf52b59072a02343df27d0ceaa2976a5ae7f
u01-s009-v004,question,contentAuthority,25,25,ed40f75ffe3d6ad4e71f6e7919d063410490de360edb425965eccd605ca9d79e
u01-s009-v005,question,questionId,13,13,81a0a6d21483285dd07d880ba0e86d8864146df3068350c248193a5d68c38354
u01-s009-v005,question,unitId,3,3,2055254ee30aaae13b777732834c89d7f799015d3af13b62fe05aeef8c3e0eaa
u01-s009-v005,question,topicId,22,22,3c671d5dc19382bd451c9b89831e7ad7186214a0e19ae625c41a0741a4e4fa19
u01-s009-v005,question,skillId,19,19,e173f689da5d11729b90ffa7f9e3d8cdb791c0c85134111ea5ef0471f1d91adb
u01-s009-v005,question,difficulty,8,8,fe6d3468cf5c74d8ec2a95b40f2e05338c37a4202f8fad692d2b64a9cf9b468a
u01-s009-v005,question,type,2,2,6bc0f9c4ecb0acbebf1b9f6c816bdd66f4885f67c917d9e141cf893014fba936
u01-s009-v005,question,visualMode,9,9,9c7d54b0bf7a9369d8594201c7b11955514343809d09fbec33966c1fd9794015
u01-s009-v005,question,sourceScope,19,19,a4b669ddb8ef1883391c07a7b633f12eeaeecee7ec37c09eea4931aff6644346
u01-s009-v005,question,text,10,30,0600816388e8a38833b68a3fe9c456ba194419045e8f21fc27e69b4ade361cb6
u01-s009-v005,question,choices[0],12,12,f96a20b1ef565911f52700fe33ee00b86cf6a406a89c2922ebac5eebd0fdfd41
u01-s009-v005,question,choices[1],8,8,39cbfa41d26c539df4690270ae3151b8bec4f1286165b626738145ad1703e8c1
u01-s009-v005,question,choices[2],9,9,c8f46f016202fa5ba6453af6516120872f4737b966c02c7eb11477c13d9d2fc9
u01-s009-v005,question,choices[3],11,11,fe8168cd01bdc1e005f7e1f6cf00f603542c0a7ccbf95a4490e249989b0db392
u01-s009-v005,question,explanation,27,35,dfeee8cbf12f04595f0936885763370afaea53e8375718b7a784b9e29dfc8506
u01-s009-v005,question,steps[0],10,26,0ee52e1d2b4c13edd613503632e53c60d564dbef0cafbaab9528224aeb10cd0d
u01-s009-v005,question,steps[1],6,18,16271d107d46fc166c72a9ad1688d76704506c25fc718e2e8f0f62cec8dc1afe
u01-s009-v005,question,steps[2],10,24,20a2d707b58f9efbbacbd255e21981da37b992e398cc07ba1543f99b70324e48
u01-s009-v005,question,optionAnalysis[0].choice,12,12,f96a20b1ef565911f52700fe33ee00b86cf6a406a89c2922ebac5eebd0fdfd41
u01-s009-v005,question,optionAnalysis[0].reason,13,15,88f1bc7fa14b865c07b8ebf8670d4f6536352124a2e742357683c2f0c5fb576b
u01-s009-v005,question,optionAnalysis[1].choice,8,8,39cbfa41d26c539df4690270ae3151b8bec4f1286165b626738145ad1703e8c1
u01-s009-v005,question,optionAnalysis[1].reason,8,24,8740b5012d0b3a0fc6f60a435d72da9b9e8bcefa0b989528f6c56f2627deefaf
u01-s009-v005,question,optionAnalysis[2].choice,9,9,c8f46f016202fa5ba6453af6516120872f4737b966c02c7eb11477c13d9d2fc9
u01-s009-v005,question,optionAnalysis[2].reason,8,24,5de7bdf169b2f5450578a2c2bf3996495c4dcf4c00ea0af60c52ca1054ff7622
u01-s009-v005,question,optionAnalysis[3].choice,11,11,fe8168cd01bdc1e005f7e1f6cf00f603542c0a7ccbf95a4490e249989b0db392
u01-s009-v005,question,optionAnalysis[3].reason,6,18,efef454ff03acb8e0855b5275e3aef5ddd5855ff32f4ef2a69346301cba4f800
u01-s009-v005,question,commonMistake,15,45,5d9283ac0bc7be4d3080db0151240f88600280c369b0e0179ad889568e9a22d8
u01-s009-v005,question,concept,15,45,5cee23e1bda314637fd7fc1664849df4656eea59b90c9bbcab4ca9cf8ff16449
u01-s009-v005,question,tags[0],3,9,fd41540cbdbecb9b5fa7116d27c68e378548ab62ab7c7ca4494730a81ea87667
u01-s009-v005,question,tags[1],4,12,e36f2698c1c9238b8f55e7d5242737689dde8bc7e7b5770beaa67b61da943850
u01-s009-v005,question,tags[2],8,8,fe6d3468cf5c74d8ec2a95b40f2e05338c37a4202f8fad692d2b64a9cf9b468a
u01-s009-v005,question,estimatedTimeSec,2,2,39fa9ec190eee7b6f4dff1100d6343e10918d044c75eac8f9e9a2596173f80c9
u01-s009-v005,question,prerequisiteSkillIds[0],16,16,b5a62499a005c9708069c66938b7ca4f422523ec784f44b5656d4fa1fbfc2e78
u01-s009-v005,question,authoringIntent,10,30,436619acfc2b211dc88a399842e8b7eba3dbc012e128fd36757613f6000d3a0a
u01-s009-v005,question,reviewStatus,22,22,ec809598e2f7fcc69fad54c9cd045bba62b4a0dc7c0ff90d4efdc3788c9ad8fb
u01-s009-v005,question,contentSha256,64,64,176e290d0e2e272b42a7348ebe8d70906cbfdba2af10b597265b3f705ba61358
u01-s009-v005,question,contentAuthority,25,25,ed40f75ffe3d6ad4e71f6e7919d063410490de360edb425965eccd605ca9d79e
u01-s009-v006,question,questionId,13,13,579015c15115fadd8a77b825c36b596e2d920b6944a6591856b2d1fb5d4dd594
u01-s009-v006,question,unitId,3,3,2055254ee30aaae13b777732834c89d7f799015d3af13b62fe05aeef8c3e0eaa
u01-s009-v006,question,topicId,22,22,3c671d5dc19382bd451c9b89831e7ad7186214a0e19ae625c41a0741a4e4fa19
u01-s009-v006,question,skillId,19,19,e173f689da5d11729b90ffa7f9e3d8cdb791c0c85134111ea5ef0471f1d91adb
u01-s009-v006,question,difficulty,8,8,fe6d3468cf5c74d8ec2a95b40f2e05338c37a4202f8fad692d2b64a9cf9b468a
u01-s009-v006,question,type,2,2,6bc0f9c4ecb0acbebf1b9f6c816bdd66f4885f67c917d9e141cf893014fba936
u01-s009-v006,question,visualMode,9,9,9c7d54b0bf7a9369d8594201c7b11955514343809d09fbec33966c1fd9794015
u01-s009-v006,question,sourceScope,19,19,a4b669ddb8ef1883391c07a7b633f12eeaeecee7ec37c09eea4931aff6644346
u01-s009-v006,question,text,18,34,33956d4bb5296bb94a48103eedeabe4d04234bdd4e9f91308fa9bf5066f1ff99
u01-s009-v006,question,choices[0],3,3,59100e1b869f778eb1d0975e653f881efd13fa8ccb0678cd1856156b3de6207e
u01-s009-v006,question,choices[1],1,1,ef2d127de37b942baad06145e54b0c619a1f22327b2ebbcfbec78f5564afe39d
u01-s009-v006,question,choices[2],2,2,3fdba35f04dc8c462986c992bcf875546257113072a909c162f7e470e581e278
u01-s009-v006,question,choices[3],2,2,37aa1ccf80e481832b2db282d4d4f895ee1e31219b7d0f6aee8dc8968828341b
u01-s009-v006,question,explanation,18,26,6944c8995dbad5df34d67fdb15b4233792c56542145fc42cf518ba582a36fb1c
u01-s009-v006,question,steps[0],5,13,45bb91dc78e67d90310c0a55262e51e199576527c442d7dece94b68103a54451
u01-s009-v006,question,steps[1],4,6,07ff8b14e36f7cdbb09ce6fb8eaaf2f503c5cd4a99faa728086e76235bae61eb
u01-s009-v006,question,steps[2],5,15,8f98b9ebc01d0b90eab5f8ae4167045888388c08185f052b1fc09e8ca8ab01e4
u01-s009-v006,question,optionAnalysis[0].choice,3,3,59100e1b869f778eb1d0975e653f881efd13fa8ccb0678cd1856156b3de6207e
u01-s009-v006,question,optionAnalysis[0].reason,6,12,ececc4c92da9a5113f0ced489999a00cc863faed9b9799a7c6154821a36f930e
u01-s009-v006,question,optionAnalysis[1].choice,1,1,ef2d127de37b942baad06145e54b0c619a1f22327b2ebbcfbec78f5564afe39d
u01-s009-v006,question,optionAnalysis[1].reason,4,6,07ff8b14e36f7cdbb09ce6fb8eaaf2f503c5cd4a99faa728086e76235bae61eb
u01-s009-v006,question,optionAnalysis[2].choice,2,2,3fdba35f04dc8c462986c992bcf875546257113072a909c162f7e470e581e278
u01-s009-v006,question,optionAnalysis[2].reason,4,10,93b996ae344b6989e89c5095bf2f3ee525c5a10e432513eb63ab8feda1753dd3
u01-s009-v006,question,optionAnalysis[3].choice,2,2,37aa1ccf80e481832b2db282d4d4f895ee1e31219b7d0f6aee8dc8968828341b
u01-s009-v006,question,optionAnalysis[3].reason,6,12,05ffdc03d71a5a7a509e18d2e18201595340af95cf82c82051ce6f2fc7a58ed1
u01-s009-v006,question,commonMistake,12,20,3eb9f3ae00dcacbaac88cf2772b0546c8ab9cd46f7b3a104584d5d2c332f2a30
u01-s009-v006,question,concept,9,27,974f2669c96f977b44f7aa5992bf381530669936041ad34cb325454561be05bc
u01-s009-v006,question,tags[0],3,9,fd41540cbdbecb9b5fa7116d27c68e378548ab62ab7c7ca4494730a81ea87667
u01-s009-v006,question,tags[1],4,12,e36f2698c1c9238b8f55e7d5242737689dde8bc7e7b5770beaa67b61da943850
u01-s009-v006,question,tags[2],8,8,fe6d3468cf5c74d8ec2a95b40f2e05338c37a4202f8fad692d2b64a9cf9b468a
u01-s009-v006,question,estimatedTimeSec,2,2,39fa9ec190eee7b6f4dff1100d6343e10918d044c75eac8f9e9a2596173f80c9
u01-s009-v006,question,prerequisiteSkillIds[0],16,16,b5a62499a005c9708069c66938b7ca4f422523ec784f44b5656d4fa1fbfc2e78
u01-s009-v006,question,authoringIntent,11,33,fb4ac0e99d0638a25b9e3e8e6464aa9494403374f2f93288dd2fec25e0e8122b
u01-s009-v006,question,reviewStatus,22,22,ec809598e2f7fcc69fad54c9cd045bba62b4a0dc7c0ff90d4efdc3788c9ad8fb
u01-s009-v006,question,contentSha256,64,64,b97be78866164b7d5de2c4e73c1590b4173e80c8c85780f1756e72ffbe4edc98
u01-s009-v006,question,contentAuthority,25,25,ed40f75ffe3d6ad4e71f6e7919d063410490de360edb425965eccd605ca9d79e
u01-s009-v007,question,questionId,13,13,eb9aaf07c2da13fc311ec14fc761da7a3f787634f97e7c8eb1051f36153c7ff8
u01-s009-v007,question,unitId,3,3,2055254ee30aaae13b777732834c89d7f799015d3af13b62fe05aeef8c3e0eaa
u01-s009-v007,question,topicId,22,22,3c671d5dc19382bd451c9b89831e7ad7186214a0e19ae625c41a0741a4e4fa19
u01-s009-v007,question,skillId,19,19,e173f689da5d11729b90ffa7f9e3d8cdb791c0c85134111ea5ef0471f1d91adb
u01-s009-v007,question,difficulty,8,8,d21f85ea38166303ce58e06134b5cc4a5c900c409ab2a500ff7c9225109a09bb
u01-s009-v007,question,type,2,2,6bc0f9c4ecb0acbebf1b9f6c816bdd66f4885f67c917d9e141cf893014fba936
u01-s009-v007,question,visualMode,9,9,9c7d54b0bf7a9369d8594201c7b11955514343809d09fbec33966c1fd9794015
u01-s009-v007,question,sourceScope,19,19,a4b669ddb8ef1883391c07a7b633f12eeaeecee7ec37c09eea4931aff6644346
u01-s009-v007,question,text,18,30,8a3d1e349b826c9dd486a08234379c96680a8f8c8dd12f2519c00265bfdb15a7
u01-s009-v007,question,choices[0],1,1,5feceb66ffc86f38d952786c6d696c79c2dbc239dd4e91b46729d73a27fb57e9
u01-s009-v007,question,choices[1],2,2,03b26944890929ff751653acb2f2af795cee38f937f379f52ed654a68ce91216
u01-s009-v007,question,choices[2],3,3,c171d4ec282b23db89a99880cd624e9ba2940c1d894783602edab5d7481dc1ea
u01-s009-v007,question,choices[3],2,2,4a44dc15364204a80fe80e9039455cc1608281820fe2b24f1e5233ade6af1dd5
u01-s009-v007,question,explanation,23,37,eb2ec0a95f3fdef715ae938175234dcff18104b4d6cdd3f0f460044313f1ae8b
u01-s009-v007,question,steps[0],6,16,12def216c59e2dd12eb7428ec3dd5c715505b98dfbd48c3df5d558af4010b3db
u01-s009-v007,question,steps[1],7,13,24e4baaea81f0c2e27008f1f4d23c2718b94764e649e212763b15581666ce8d2
u01-s009-v007,question,steps[2],5,9,7941b0f091f5ab3cf9f741ff07fffb1541e39bce6a21bfbfd70c0a25d0dfdc56
u01-s009-v007,question,optionAnalysis[0].choice,1,1,5feceb66ffc86f38d952786c6d696c79c2dbc239dd4e91b46729d73a27fb57e9
u01-s009-v007,question,optionAnalysis[0].reason,7,19,32379a94cce50f6d1e3f3d9f3ed9687c536dc2c2ea6813d976dd476399a4bbd8
u01-s009-v007,question,optionAnalysis[1].choice,2,2,03b26944890929ff751653acb2f2af795cee38f937f379f52ed654a68ce91216
u01-s009-v007,question,optionAnalysis[1].reason,6,18,ecd5dc30ac976c0fda17db5ac3927a9040699dc801a12539869e7adb010eff3f
u01-s009-v007,question,optionAnalysis[2].choice,3,3,c171d4ec282b23db89a99880cd624e9ba2940c1d894783602edab5d7481dc1ea
u01-s009-v007,question,optionAnalysis[2].reason,15,19,3b9d4d171405d5ed219abbe6d1fcc77c9e5f76c6aa27738c532ed0c0002cf8b0
u01-s009-v007,question,optionAnalysis[3].choice,2,2,4a44dc15364204a80fe80e9039455cc1608281820fe2b24f1e5233ade6af1dd5
u01-s009-v007,question,optionAnalysis[3].reason,4,12,936191a3d227ee45243a48c69a203b989b14577d4d516370f214979a7aa02e39
u01-s009-v007,question,commonMistake,27,65,06faa3096fa9c100751511d59b4d6e07f0280bfbff8b2ee5449524de242ce814
u01-s009-v007,question,concept,12,36,335622c7edc6f127279b80504f87405f49d84ae23c07ecc29e5154fc87a506b7
u01-s009-v007,question,tags[0],3,9,fd41540cbdbecb9b5fa7116d27c68e378548ab62ab7c7ca4494730a81ea87667
u01-s009-v007,question,tags[1],4,12,e36f2698c1c9238b8f55e7d5242737689dde8bc7e7b5770beaa67b61da943850
u01-s009-v007,question,tags[2],8,8,d21f85ea38166303ce58e06134b5cc4a5c900c409ab2a500ff7c9225109a09bb
u01-s009-v007,question,estimatedTimeSec,2,2,39fa9ec190eee7b6f4dff1100d6343e10918d044c75eac8f9e9a2596173f80c9
u01-s009-v007,question,prerequisiteSkillIds[0],16,16,b5a62499a005c9708069c66938b7ca4f422523ec784f44b5656d4fa1fbfc2e78
u01-s009-v007,question,authoringIntent,10,30,9ac31225930305360a5a731ecc1e965567a0587baead9dbdc6492591dd7a2c22
u01-s009-v007,question,reviewStatus,22,22,ec809598e2f7fcc69fad54c9cd045bba62b4a0dc7c0ff90d4efdc3788c9ad8fb
u01-s009-v007,question,contentSha256,64,64,58049a1274e6a559bfde41e63dea18b436d57b3a687f0e2cd1265686889cb4e9
u01-s009-v007,question,contentAuthority,25,25,ed40f75ffe3d6ad4e71f6e7919d063410490de360edb425965eccd605ca9d79e
u01-s009-v008,question,questionId,13,13,197695306ef8714e2c8897a255427640961de4e3af5b303fdb9b2af0053231d5
u01-s009-v008,question,unitId,3,3,2055254ee30aaae13b777732834c89d7f799015d3af13b62fe05aeef8c3e0eaa
u01-s009-v008,question,topicId,22,22,3c671d5dc19382bd451c9b89831e7ad7186214a0e19ae625c41a0741a4e4fa19
u01-s009-v008,question,skillId,19,19,e173f689da5d11729b90ffa7f9e3d8cdb791c0c85134111ea5ef0471f1d91adb
u01-s009-v008,question,difficulty,8,8,d21f85ea38166303ce58e06134b5cc4a5c900c409ab2a500ff7c9225109a09bb
u01-s009-v008,question,type,2,2,6bc0f9c4ecb0acbebf1b9f6c816bdd66f4885f67c917d9e141cf893014fba936
u01-s009-v008,question,visualMode,9,9,9c7d54b0bf7a9369d8594201c7b11955514343809d09fbec33966c1fd9794015
u01-s009-v008,question,sourceScope,19,19,a4b669ddb8ef1883391c07a7b633f12eeaeecee7ec37c09eea4931aff6644346
u01-s009-v008,question,text,16,28,786d32fdb1aa0582a389704cfbb95e235d68f040dde1b85978302c9c467f94bc
u01-s009-v008,question,choices[0],2,2,b7a56873cd771f2c446d369b649430b65a756ba278ff97ec81bb6f55b2e73569
u01-s009-v008,question,choices[1],2,2,1bad6b8cf97131fceab8543e81f7757195fbb1d36b376ee994ad1cf17699c464
u01-s009-v008,question,choices[2],2,2,4523540f1504cd17100c4835e85b7eefd49911580f8efff0599a8f283be6b9e3
u01-s009-v008,question,choices[3],1,1,7902699be42c8a8e46fbbb4501726517e86b22c56a189f7625a6da49081b2451
u01-s009-v008,question,explanation,28,52,3cd6328156f36f8349f0589554bc1a6a89f939a5a20b5aecb10a837ac3fce813
u01-s009-v008,question,steps[0],10,16,526702389b3fa9fcec394002913725e197964a49561e00fa74ab1b89fc18a071
u01-s009-v008,question,steps[1],4,10,cb598f0b7f67efc2c58b92fcc38596f299b50bf017b785aea75377ae0f5c01e2
u01-s009-v008,question,steps[2],3,7,0e6041e30376239642bf4684830394622ef3d88e7d112cfe896983544434aee0
u01-s009-v008,question,optionAnalysis[0].choice,2,2,b7a56873cd771f2c446d369b649430b65a756ba278ff97ec81bb6f55b2e73569
u01-s009-v008,question,optionAnalysis[0].reason,6,16,bec2c82172f95d5d7b50580d9a204cda10ef26bac3b987fad36552f143ce570a
u01-s009-v008,question,optionAnalysis[1].choice,2,2,1bad6b8cf97131fceab8543e81f7757195fbb1d36b376ee994ad1cf17699c464
u01-s009-v008,question,optionAnalysis[1].reason,6,18,45be7cbd05d450c2d6f105f8c4512c6e83f0cb797666bc14d80193f821c92c02
u01-s009-v008,question,optionAnalysis[2].choice,2,2,4523540f1504cd17100c4835e85b7eefd49911580f8efff0599a8f283be6b9e3
u01-s009-v008,question,optionAnalysis[2].reason,4,12,03cab0df42d28f8281abe6c6b0c221418d1c50c48c7c6a4bfc907c0de7620449
u01-s009-v008,question,optionAnalysis[3].choice,1,1,7902699be42c8a8e46fbbb4501726517e86b22c56a189f7625a6da49081b2451
u01-s009-v008,question,optionAnalysis[3].reason,7,9,f49eae1cd5cceeecd9cc58501cf45e16724c8fcc1e87eb8a728ce3d3bde3dd2b
u01-s009-v008,question,commonMistake,22,44,9491e2bc1bb72e45f0d2bfb19b904aa76c0109d03eecc735a39a5c7a2bb964fa
u01-s009-v008,question,concept,11,33,fbe050b30307fce301d44b1c78dbad093901afdc835f29ffe8a64dbda6470c4d
u01-s009-v008,question,tags[0],3,9,fd41540cbdbecb9b5fa7116d27c68e378548ab62ab7c7ca4494730a81ea87667
u01-s009-v008,question,tags[1],4,12,e36f2698c1c9238b8f55e7d5242737689dde8bc7e7b5770beaa67b61da943850
u01-s009-v008,question,tags[2],8,8,d21f85ea38166303ce58e06134b5cc4a5c900c409ab2a500ff7c9225109a09bb
u01-s009-v008,question,estimatedTimeSec,2,2,39fa9ec190eee7b6f4dff1100d6343e10918d044c75eac8f9e9a2596173f80c9
u01-s009-v008,question,prerequisiteSkillIds[0],16,16,b5a62499a005c9708069c66938b7ca4f422523ec784f44b5656d4fa1fbfc2e78
u01-s009-v008,question,authoringIntent,9,27,13927156a396fb2f00582e52baf58f6f042051e420f47240e3f6a4aa5522acd4
u01-s009-v008,question,reviewStatus,22,22,ec809598e2f7fcc69fad54c9cd045bba62b4a0dc7c0ff90d4efdc3788c9ad8fb
u01-s009-v008,question,contentSha256,64,64,cd1388f1f28d653d099d22e67423551b9b172b5f940dd30196c49b8510b4c719
u01-s009-v008,question,contentAuthority,25,25,ed40f75ffe3d6ad4e71f6e7919d063410490de360edb425965eccd605ca9d79e
u01-s009-v009,question,questionId,13,13,9f3fb2e6d3313fda845e52511e077dfe155b4df50ad33cec69711b441936b716
u01-s009-v009,question,unitId,3,3,2055254ee30aaae13b777732834c89d7f799015d3af13b62fe05aeef8c3e0eaa
u01-s009-v009,question,topicId,22,22,3c671d5dc19382bd451c9b89831e7ad7186214a0e19ae625c41a0741a4e4fa19
u01-s009-v009,question,skillId,19,19,e173f689da5d11729b90ffa7f9e3d8cdb791c0c85134111ea5ef0471f1d91adb
u01-s009-v009,question,difficulty,8,8,d21f85ea38166303ce58e06134b5cc4a5c900c409ab2a500ff7c9225109a09bb
u01-s009-v009,question,type,2,2,6bc0f9c4ecb0acbebf1b9f6c816bdd66f4885f67c917d9e141cf893014fba936
u01-s009-v009,question,visualMode,9,9,9c7d54b0bf7a9369d8594201c7b11955514343809d09fbec33966c1fd9794015
u01-s009-v009,question,sourceScope,19,19,a4b669ddb8ef1883391c07a7b633f12eeaeecee7ec37c09eea4931aff6644346
u01-s009-v009,question,text,27,59,600370c233be0c07ede42878f05cf198273e2e910a8d79c800dfe5904c257606
u01-s009-v009,question,choices[0],4,5,7abdbf2c79cd015bb63c27d62f84e462b2fd4ea3b55606b78daf87dadea55c9a
u01-s009-v009,question,choices[1],3,4,f0eb77cf06f08d69d8a5ad6319062df0b18b7dd076aa8f90e4898a519dce2309
u01-s009-v009,question,choices[2],5,6,f357bf080688e7c1f985bd328b11de4786d6e4cac28c538d88ecbcf3ab5701d4
u01-s009-v009,question,choices[3],4,5,ca2803a5bac86e1319474d3cbdb88ebf7debbb44f13ed5769572d81ce246e736
u01-s009-v009,question,explanation,32,66,55ff9f218b89560f6bdf51040eea541ec6251103f40eaa74937f7607cdf3d601
u01-s009-v009,question,steps[0],6,12,f8a6bc740077a3aeb7fd1b24b31209e7b8d9442dd3b90ee8ab96e2d250004de6
u01-s009-v009,question,steps[1],6,14,6f6ae02002533ca2af5d7720ab0339e573f8bf5a013e3778e82f5e0631fb7c4c
u01-s009-v009,question,steps[2],9,11,e97ee859989c9c4662e9d8a08ba4d3dda3ac52a9a89daa2d5bedc126107a7e48
u01-s009-v009,question,optionAnalysis[0].choice,4,5,7abdbf2c79cd015bb63c27d62f84e462b2fd4ea3b55606b78daf87dadea55c9a
u01-s009-v009,question,optionAnalysis[0].reason,7,21,d2c39c966ddf7a996529310696484c285b78bafc7d1d2af4915588c516a053d0
u01-s009-v009,question,optionAnalysis[1].choice,3,4,f0eb77cf06f08d69d8a5ad6319062df0b18b7dd076aa8f90e4898a519dce2309
u01-s009-v009,question,optionAnalysis[1].reason,6,18,fbeefca3d37cbf20852c50cda6bbdf5c60221f4c1e0082963fac6f1a0b569cc7
u01-s009-v009,question,optionAnalysis[2].choice,5,6,f357bf080688e7c1f985bd328b11de4786d6e4cac28c538d88ecbcf3ab5701d4
u01-s009-v009,question,optionAnalysis[2].reason,8,24,94dbcf4c78113f7ed0ec9ebf6f78517ee4310b6395190adf76563a1c19788d4a
u01-s009-v009,question,optionAnalysis[3].choice,4,5,ca2803a5bac86e1319474d3cbdb88ebf7debbb44f13ed5769572d81ce246e736
u01-s009-v009,question,optionAnalysis[3].reason,4,12,38a1ac0f4def0cb1de0f18d43f309ae4bca2680cb2b6e723dcce1d6c7c29a6cc
u01-s009-v009,question,commonMistake,20,55,4f383bc072236950ee32efc3e67a0f147b480ab9f1fd596e21958b3d1122220f
u01-s009-v009,question,concept,11,33,962c2340fcdc4f679d91d48ad38f93a4c9c81312da507378649c343c64e16d33
u01-s009-v009,question,tags[0],3,9,fd41540cbdbecb9b5fa7116d27c68e378548ab62ab7c7ca4494730a81ea87667
u01-s009-v009,question,tags[1],4,12,e36f2698c1c9238b8f55e7d5242737689dde8bc7e7b5770beaa67b61da943850
u01-s009-v009,question,tags[2],8,8,d21f85ea38166303ce58e06134b5cc4a5c900c409ab2a500ff7c9225109a09bb
u01-s009-v009,question,estimatedTimeSec,2,2,39fa9ec190eee7b6f4dff1100d6343e10918d044c75eac8f9e9a2596173f80c9
u01-s009-v009,question,prerequisiteSkillIds[0],16,16,b5a62499a005c9708069c66938b7ca4f422523ec784f44b5656d4fa1fbfc2e78
u01-s009-v009,question,authoringIntent,12,36,0f6aef3b8d99f36bc0c2a2364cd4ed7e6b3883210cfaa565e74fde02c3d87832
u01-s009-v009,question,reviewStatus,22,22,ec809598e2f7fcc69fad54c9cd045bba62b4a0dc7c0ff90d4efdc3788c9ad8fb
u01-s009-v009,question,contentSha256,64,64,01ef42f97bc744743ffcf366b99ab24c40021aea285893ba7a637d6835877d3e
u01-s009-v009,question,contentAuthority,25,25,ed40f75ffe3d6ad4e71f6e7919d063410490de360edb425965eccd605ca9d79e
u01-s009-v010,question,questionId,13,13,00117193576a219b24506db0fc04f779813542821ab1c83256949c75c02ceace
u01-s009-v010,question,unitId,3,3,2055254ee30aaae13b777732834c89d7f799015d3af13b62fe05aeef8c3e0eaa
u01-s009-v010,question,topicId,22,22,3c671d5dc19382bd451c9b89831e7ad7186214a0e19ae625c41a0741a4e4fa19
u01-s009-v010,question,skillId,19,19,e173f689da5d11729b90ffa7f9e3d8cdb791c0c85134111ea5ef0471f1d91adb
u01-s009-v010,question,difficulty,8,8,578756ca4aa16d8872610a5aaa78460fd30fbe93379ff7284fe65d66ca606755
u01-s009-v010,question,type,2,2,6bc0f9c4ecb0acbebf1b9f6c816bdd66f4885f67c917d9e141cf893014fba936
u01-s009-v010,question,visualMode,9,9,9c7d54b0bf7a9369d8594201c7b11955514343809d09fbec33966c1fd9794015
u01-s009-v010,question,sourceScope,19,19,a4b669ddb8ef1883391c07a7b633f12eeaeecee7ec37c09eea4931aff6644346
u01-s009-v010,question,text,42,110,6199a9c32e2a026f3a00b2edc238d3d9bf092b1883d82ad9e298f8f493b5242e
u01-s009-v010,question,choices[0],4,6,e6b1c343b338c0d0f07a1453ecfb8e318bb88466f65ff2cb555641d50a1c3ea7
u01-s009-v010,question,choices[1],5,7,bb0b5e51d006101c3406fdbcbd6496e37ea261f034bf3972aec8662cb956bf5a
u01-s009-v010,question,choices[2],5,7,d7efba3b294ebe64d36291c87b3e6eaa5895a0bb743b81400233247a87bcc77f
u01-s009-v010,question,choices[3],6,8,173e55020812f17547b074d91d3742397fc6a408b4b40a906ea6316a6830d8bc
u01-s009-v010,question,explanation,23,43,a3ef1ab22dedb5a96961f2d588c17363eddd365b509c76e37f9ee680ebd26016
u01-s009-v010,question,steps[0],6,14,68d41c2d5716c26a5736c647225c14c0f03e23a967661da0c12716422d6d640f
u01-s009-v010,question,steps[1],8,20,a7fe06655931729b9c260c472fadf26a56c75f3074363c6930ad7731a2683630
u01-s009-v010,question,steps[2],10,12,99cf78e6192f08bf7a9c762b744370bedfd5a06120ae6bed820a59ee6bb8c324
u01-s009-v010,question,optionAnalysis[0].choice,4,6,e6b1c343b338c0d0f07a1453ecfb8e318bb88466f65ff2cb555641d50a1c3ea7
u01-s009-v010,question,optionAnalysis[0].reason,10,30,e3a82e0508d591b02dc535b16442735ec3e2b3b20db6b140ab1746f73f6c9c94
u01-s009-v010,question,optionAnalysis[1].choice,5,7,bb0b5e51d006101c3406fdbcbd6496e37ea261f034bf3972aec8662cb956bf5a
u01-s009-v010,question,optionAnalysis[1].reason,11,15,7faf957569adc697920214387a13f85162d3fd763319a8936aac196398cde93d
u01-s009-v010,question,optionAnalysis[2].choice,5,7,d7efba3b294ebe64d36291c87b3e6eaa5895a0bb743b81400233247a87bcc77f
u01-s009-v010,question,optionAnalysis[2].reason,7,21,71d99edbaa847ee093a2068b769c97d845fdcb8b7d025699400601d42d4daaa5
u01-s009-v010,question,optionAnalysis[3].choice,6,8,173e55020812f17547b074d91d3742397fc6a408b4b40a906ea6316a6830d8bc
u01-s009-v010,question,optionAnalysis[3].reason,8,24,1206e09f62d223a818f6da7bdbf38af09c22fb061571dd6274ef79cd8cfb6ab7
u01-s009-v010,question,commonMistake,16,44,d36be31847fbda3c7a908a0b0939148733ff15a4f6c15b1538e345013dac1487
u01-s009-v010,question,concept,21,63,27b6a2190d167d29e2fe38cd474b9755c961a9ea04b52e975ec9bbfa0f894380
u01-s009-v010,question,tags[0],3,9,fd41540cbdbecb9b5fa7116d27c68e378548ab62ab7c7ca4494730a81ea87667
u01-s009-v010,question,tags[1],4,12,e36f2698c1c9238b8f55e7d5242737689dde8bc7e7b5770beaa67b61da943850
u01-s009-v010,question,tags[2],8,8,578756ca4aa16d8872610a5aaa78460fd30fbe93379ff7284fe65d66ca606755
u01-s009-v010,question,estimatedTimeSec,2,2,b4944c6ff08dc6f43da2e9c824669b7d927dd1fa976fadc7b456881f51bf5ccc
u01-s009-v010,question,prerequisiteSkillIds[0],16,16,b5a62499a005c9708069c66938b7ca4f422523ec784f44b5656d4fa1fbfc2e78
u01-s009-v010,question,authoringIntent,16,48,f782a7e1e6baa2f183bf180f20c4c2ce740e2ccacdc3676cbf90ae8941bd3072
u01-s009-v010,question,literacyContextNecessity,23,69,7df1d56ff4b1c435a8d95d83885d7476d7c86de72df7b5eb72244635402e38fa
u01-s009-v010,question,reviewStatus,22,22,ec809598e2f7fcc69fad54c9cd045bba62b4a0dc7c0ff90d4efdc3788c9ad8fb
u01-s009-v010,question,contentSha256,64,64,675cc150a835a73b7a115f2b2db23d25adabb77c3cbbbb2c3b5f45dbc75e04c1
u01-s009-v010,question,contentAuthority,25,25,ed40f75ffe3d6ad4e71f6e7919d063410490de360edb425965eccd605ca9d79e
u01-s009-v011,question,questionId,13,13,65e81558d4b3ab9768dfca6ea0ca0354e39f9706908ebdca1768af1cd325658b
u01-s009-v011,question,unitId,3,3,2055254ee30aaae13b777732834c89d7f799015d3af13b62fe05aeef8c3e0eaa
u01-s009-v011,question,topicId,22,22,3c671d5dc19382bd451c9b89831e7ad7186214a0e19ae625c41a0741a4e4fa19
u01-s009-v011,question,skillId,19,19,e173f689da5d11729b90ffa7f9e3d8cdb791c0c85134111ea5ef0471f1d91adb
u01-s009-v011,question,difficulty,8,8,578756ca4aa16d8872610a5aaa78460fd30fbe93379ff7284fe65d66ca606755
u01-s009-v011,question,type,2,2,6bc0f9c4ecb0acbebf1b9f6c816bdd66f4885f67c917d9e141cf893014fba936
u01-s009-v011,question,visualMode,9,9,9c7d54b0bf7a9369d8594201c7b11955514343809d09fbec33966c1fd9794015
u01-s009-v011,question,sourceScope,19,19,a4b669ddb8ef1883391c07a7b633f12eeaeecee7ec37c09eea4931aff6644346
u01-s009-v011,question,text,35,87,108518a2a80bbbb854f347e4772e1ffe7924e67219338dad9386a7d0b312bfe7
u01-s009-v011,question,choices[0],6,10,75d6e3c609f2897d0df7183d17e97c71493dac9ba5d171307164ab05abc600ae
u01-s009-v011,question,choices[1],5,9,2e05a6814cbd362034508b524e6bbbdb74a09d96f89a919f3c2d25b993ac5b1c
u01-s009-v011,question,choices[2],5,9,b32e99dc84990c39a03f70d051ef59a3cf2def874ba9d5bb1a09002f14e83173
u01-s009-v011,question,choices[3],6,10,2f737cb3f6e8c5f82203b8844d5a5bac8236c289c5c625b1dc4db2bd6506c55f
u01-s009-v011,question,explanation,28,60,bda311e7be90c70bdb46c263022891af63acb6065aba994b60c6adf440a71922
u01-s009-v011,question,steps[0],5,11,cfcbedd15c4bc1a16e856bd7c81c99631a59f721e371c40a7e32e671ec9eae26
u01-s009-v011,question,steps[1],8,18,7e249dc0155b9e22610ade42bf3097011c78b872e69abbf884691e346f48f179
u01-s009-v011,question,steps[2],9,11,5a11bc4f3f98b79c5b607c8550da9e437310d4b0ef135391db51e4a422dcffbd
u01-s009-v011,question,optionAnalysis[0].choice,6,10,75d6e3c609f2897d0df7183d17e97c71493dac9ba5d171307164ab05abc600ae
u01-s009-v011,question,optionAnalysis[0].reason,4,12,688b30128d6347c337a58f9725a9f97a15b305a85043892d068b11c39c4d314d
u01-s009-v011,question,optionAnalysis[1].choice,5,9,2e05a6814cbd362034508b524e6bbbdb74a09d96f89a919f3c2d25b993ac5b1c
u01-s009-v011,question,optionAnalysis[1].reason,7,21,e35036f39f322b475e5123c46797ebe6046b74268a58c6c16d1358c9a1c5ac3d
u01-s009-v011,question,optionAnalysis[2].choice,5,9,b32e99dc84990c39a03f70d051ef59a3cf2def874ba9d5bb1a09002f14e83173
u01-s009-v011,question,optionAnalysis[2].reason,14,20,2fa28308b70c7572be7d7a1b432726b411843792faa778035935f9879b835b57
u01-s009-v011,question,optionAnalysis[3].choice,6,10,2f737cb3f6e8c5f82203b8844d5a5bac8236c289c5c625b1dc4db2bd6506c55f
u01-s009-v011,question,optionAnalysis[3].reason,7,21,49edcf3e583e1c5b2c329bead8d4daac2cbb6607572a82a0fc5bb2ca61cc81d0
u01-s009-v011,question,commonMistake,21,47,2e5c607abacc370eb36ba17f062dbc7be6938e0b1c39959c35b242cf3cfee0ea
u01-s009-v011,question,concept,15,45,519e23a0b2fde87ac42f1e903a73c95b03f99817b967f9608b901f4c6d7ca684
u01-s009-v011,question,tags[0],3,9,fd41540cbdbecb9b5fa7116d27c68e378548ab62ab7c7ca4494730a81ea87667
u01-s009-v011,question,tags[1],4,12,e36f2698c1c9238b8f55e7d5242737689dde8bc7e7b5770beaa67b61da943850
u01-s009-v011,question,tags[2],8,8,578756ca4aa16d8872610a5aaa78460fd30fbe93379ff7284fe65d66ca606755
u01-s009-v011,question,estimatedTimeSec,2,2,69f59c273b6e669ac32a6dd5e1b2cb63333d8b004f9696447aee2d422ce63763
u01-s009-v011,question,prerequisiteSkillIds[0],16,16,b5a62499a005c9708069c66938b7ca4f422523ec784f44b5656d4fa1fbfc2e78
u01-s009-v011,question,authoringIntent,13,39,3aad0e8aec8a05ce954ba232a724efd5db3f04c91ed4b924434f7f8ab36e37e3
u01-s009-v011,question,literacyContextNecessity,20,60,c26fcf9a24d5e47e90d0d3fff8c2ed4ae53f70a1d90606707495b11376921a6f
u01-s009-v011,question,reviewStatus,22,22,ec809598e2f7fcc69fad54c9cd045bba62b4a0dc7c0ff90d4efdc3788c9ad8fb
u01-s009-v011,question,contentSha256,64,64,12894fc5b3037c567f3d3f85c27d1a47969a6b5e8b5e89160118e7b5477e4c16
u01-s009-v011,question,contentAuthority,25,25,ed40f75ffe3d6ad4e71f6e7919d063410490de360edb425965eccd605ca9d79e
u01-s009-v012,question,questionId,13,13,3d261570f8a487d9668cb1438e6c95870f2e2df11b703c59af8e792d37b3eb92
u01-s009-v012,question,unitId,3,3,2055254ee30aaae13b777732834c89d7f799015d3af13b62fe05aeef8c3e0eaa
u01-s009-v012,question,topicId,22,22,3c671d5dc19382bd451c9b89831e7ad7186214a0e19ae625c41a0741a4e4fa19
u01-s009-v012,question,skillId,19,19,e173f689da5d11729b90ffa7f9e3d8cdb791c0c85134111ea5ef0471f1d91adb
u01-s009-v012,question,difficulty,8,8,578756ca4aa16d8872610a5aaa78460fd30fbe93379ff7284fe65d66ca606755
u01-s009-v012,question,type,2,2,6bc0f9c4ecb0acbebf1b9f6c816bdd66f4885f67c917d9e141cf893014fba936
u01-s009-v012,question,visualMode,9,9,9c7d54b0bf7a9369d8594201c7b11955514343809d09fbec33966c1fd9794015
u01-s009-v012,question,sourceScope,19,19,a4b669ddb8ef1883391c07a7b633f12eeaeecee7ec37c09eea4931aff6644346
u01-s009-v012,question,text,33,77,938407bf12fe56dce67d024bfb4f94afddee6f5ce0e2a61b76e74f4c6e55f47f
u01-s009-v012,question,choices[0],5,7,6bb7aa7241c6156b14286a6bd4f54ab31868bd3af58f6814074358d81acadef6
u01-s009-v012,question,choices[1],6,8,0b4f546877a45d51ce2cafd1752915b9e8ee82541c3f3b60da6bcce1e03e40fe
u01-s009-v012,question,choices[2],5,7,132268065089deb817e63f175e65e8c36fbaf0ab40374f023d3e11e9e59443cd
u01-s009-v012,question,choices[3],6,8,4b2216e325eaba81d3ca1290ae1ba2f04ca38e122ccc8c29b808eaed1a15da2e
u01-s009-v012,question,explanation,31,59,71ca3f9a9b0bbc72689c597621746c1f06a18a3061fc6fada30ab362e0f6e9e1
u01-s009-v012,question,steps[0],7,13,729c7b05fa659f5d7a4cb573614333e1c69cdc64bf43b9390638d727dcc14123
u01-s009-v012,question,steps[1],7,15,e842102360ae96a34ca78e6c1ae3ee5ea0249f747444600deb209ecaa39d8683
u01-s009-v012,question,steps[2],7,13,221b68b9bc0ea7d83815a761013ac59bb8e2512e54f71650047bf07072ab2906
u01-s009-v012,question,optionAnalysis[0].choice,5,7,6bb7aa7241c6156b14286a6bd4f54ab31868bd3af58f6814074358d81acadef6
u01-s009-v012,question,optionAnalysis[0].reason,10,30,90d278dff98110a97a626b69132cf053b4f4d37bdbaa2af8aa988c5e72552ce7
u01-s009-v012,question,optionAnalysis[1].choice,6,8,0b4f546877a45d51ce2cafd1752915b9e8ee82541c3f3b60da6bcce1e03e40fe
u01-s009-v012,question,optionAnalysis[1].reason,5,15,2d585e7b72b38bd4cb1c4f1fb7c3649f53b213540608d88e8c81745b4364a8ef
u01-s009-v012,question,optionAnalysis[2].choice,5,7,132268065089deb817e63f175e65e8c36fbaf0ab40374f023d3e11e9e59443cd
u01-s009-v012,question,optionAnalysis[2].reason,8,24,14f7f98c088cf8bd6b90e395c50e8beb54789858b2235267ee532168617efe51
u01-s009-v012,question,optionAnalysis[3].choice,6,8,4b2216e325eaba81d3ca1290ae1ba2f04ca38e122ccc8c29b808eaed1a15da2e
u01-s009-v012,question,optionAnalysis[3].reason,15,19,711eb98847acaf50f91ed3324fa7cbb5a0222bf202bfb68464aeaad2f381e251
u01-s009-v012,question,commonMistake,24,42,dec7a374c504cca77ccbc6a9dd42e23a01348f6c55def601b1f62cd07d00621f
u01-s009-v012,question,concept,15,43,d49e519cb8c5e5961747f97ec7002ea7143c186a8fe81b5ef5cb0db33ee0c33b
u01-s009-v012,question,tags[0],3,9,fd41540cbdbecb9b5fa7116d27c68e378548ab62ab7c7ca4494730a81ea87667
u01-s009-v012,question,tags[1],4,12,e36f2698c1c9238b8f55e7d5242737689dde8bc7e7b5770beaa67b61da943850
u01-s009-v012,question,tags[2],8,8,578756ca4aa16d8872610a5aaa78460fd30fbe93379ff7284fe65d66ca606755
u01-s009-v012,question,estimatedTimeSec,2,2,69f59c273b6e669ac32a6dd5e1b2cb63333d8b004f9696447aee2d422ce63763
u01-s009-v012,question,prerequisiteSkillIds[0],16,16,b5a62499a005c9708069c66938b7ca4f422523ec784f44b5656d4fa1fbfc2e78
u01-s009-v012,question,authoringIntent,14,42,4935cd46091b5c4cf424d10df35ec0c09a7e77abff4cded76eb823c7d66978ff
u01-s009-v012,question,literacyContextNecessity,22,66,359e6ab33c762187004f0423c429dd096624bfb0cf50a0fc6876acfc8b6cc05a
u01-s009-v012,question,reviewStatus,22,22,ec809598e2f7fcc69fad54c9cd045bba62b4a0dc7c0ff90d4efdc3788c9ad8fb
u01-s009-v012,question,contentSha256,64,64,32be92a07824b30826096de170301dcd2fb4a86ffa91595d89b6e6c01ca7e4fd
u01-s009-v012,question,contentAuthority,25,25,ed40f75ffe3d6ad4e71f6e7919d063410490de360edb425965eccd605ca9d79e
u01-s009-cr001,question,questionId,14,14,5b608813f25241969de6810c853a40afbcd18872c5886b6f66f7b478195dead5
u01-s009-cr001,question,unitId,3,3,2055254ee30aaae13b777732834c89d7f799015d3af13b62fe05aeef8c3e0eaa
u01-s009-cr001,question,topicId,22,22,3c671d5dc19382bd451c9b89831e7ad7186214a0e19ae625c41a0741a4e4fa19
u01-s009-cr001,question,skillId,19,19,e173f689da5d11729b90ffa7f9e3d8cdb791c0c85134111ea5ef0471f1d91adb
u01-s009-cr001,question,difficulty,8,8,fe6d3468cf5c74d8ec2a95b40f2e05338c37a4202f8fad692d2b64a9cf9b468a
u01-s009-cr001,question,type,20,20,e519496c259191db041ac61161dbfadb673dd94a10a123ed7423adcf7968ae7c
u01-s009-cr001,question,visualMode,9,9,9c7d54b0bf7a9369d8594201c7b11955514343809d09fbec33966c1fd9794015
u01-s009-cr001,question,prompt,31,63,fe8250a819aaf818e3259d4ca5cf81e1a1fdbd8b45b9362cf0fdd18d4df8507e
u01-s009-cr001,question,requiredWork[0],9,27,b7e5a34ba6c79a2a5c4053a610957016c3081e86d66e1a4b7b6f34727f64bca1
u01-s009-cr001,question,requiredWork[1],8,24,750314597cc3d55777bed13ca6a4a5b1494fbbbafde44aded8ede9f7310d7db0
u01-s009-cr001,question,fullCreditSolution[0],16,18,28813cfcf0077da917742efa0e4eab225d8873276cf27d79a36474af49999d3a
u01-s009-cr001,question,fullCreditSolution[1],17,19,0441d3b9eaed1bc01c6c29eaee70539327b64ab5e7ef82d311269d800bd2305a
u01-s009-cr001,question,fullCreditSolution[2],16,18,4f3e76467ecebc7da2c416f463d796755cf16a8ee34018f4003b43fea8bdbafe
u01-s009-cr001,question,alternativeSolutions[0],17,51,bf49bf1330fb27b93954431235d3220c0a8b09019fadb3956efa3cfedaaca1b8
u01-s009-cr001,question,rubric[0].criteria,12,36,8255c1440397f56e8ab41b6eaa18652d3d36960a68ed0eaae716c231b1adc3d9
u01-s009-cr001,question,rubric[1].criteria,21,63,a4fb4f2e9c34aae819ed167ca2d53de16a716af8a795f1d169d85a9659ae1c95
u01-s009-cr001,question,rubric[2].criteria,17,51,c8f19591e151f43235708de1cccfe8fd791d1827edb35ac430e4a36d7a891444
u01-s009-cr001,question,rubric[3].criteria,11,33,d82204aca89689cc498c96b61fa51a97ecd667bb04718041a3c3f1ad033adb6b
u01-s009-cr001,question,scoringNotes[0],10,30,7b22339a53f97786e862e1697c8018e9a4b2dac2f605d23cf866bd4a27422c3f
u01-s009-cr001,question,commonErrors[0],17,23,8fcf7410dc22560696da2cb205478952880aca0cefbbe240805a08363d3b3d1a
u01-s009-cr001,question,commonErrors[1],6,18,6d26c8e7e022d3ab64ccb04f74796bd15222bdf06920a31b8e580af142e4f9f3
u01-s009-cr001,question,commonErrors[2],9,27,4e76981ab0eafd1839b66468f6d296bab2a7342eaa9ee98ba8f5d1298b6fe06f
u01-s009-cr001,question,independentReview.derivedResult,10,16,5c35b6e61930e4fae3b804a515f9db95bf052d22c8cbdb83383bf60558bdbf41
u01-s009-cr001,question,independentReview.ambiguity,4,4,140bedbf9c3f6d56a9846d2ba7088798683f4da0c248231336e6a05679e4fdfe
u01-s009-cr001,question,independentReview.decision,4,4,d74ff0ee8da3b9806b18c877dbf29bbde50b5bd8e4dad7a3a725000feb82e8f1
u01-s009-cr001,question,contentSha256,64,64,2f53659c240518c9a2d7b689e95ea3c2c3701c3028a580f0d8584f527774270b
u01-s009-cr001,question,contentAuthority,25,25,ed40f75ffe3d6ad4e71f6e7919d063410490de360edb425965eccd605ca9d79e
u01-s009-cr002,question,questionId,14,14,aea13f6fbd996d5cde4735aa4bdce658ec338029a7b420c1ef89890f5351006b
u01-s009-cr002,question,unitId,3,3,2055254ee30aaae13b777732834c89d7f799015d3af13b62fe05aeef8c3e0eaa
u01-s009-cr002,question,topicId,22,22,3c671d5dc19382bd451c9b89831e7ad7186214a0e19ae625c41a0741a4e4fa19
u01-s009-cr002,question,skillId,19,19,e173f689da5d11729b90ffa7f9e3d8cdb791c0c85134111ea5ef0471f1d91adb
u01-s009-cr002,question,difficulty,8,8,d21f85ea38166303ce58e06134b5cc4a5c900c409ab2a500ff7c9225109a09bb
u01-s009-cr002,question,type,20,20,e519496c259191db041ac61161dbfadb673dd94a10a123ed7423adcf7968ae7c
u01-s009-cr002,question,visualMode,9,9,9c7d54b0bf7a9369d8594201c7b11955514343809d09fbec33966c1fd9794015
u01-s009-cr002,question,prompt,60,155,f91089cf4c875fe40b61936085bd102270ad1640a1d1008b5a21a4610dd36ff1
u01-s009-cr002,question,requiredWork[0],12,34,7fc8d924a56b702f33bdb052dc88eb032381f5a6c4beb6119866762615981281
u01-s009-cr002,question,requiredWork[1],8,24,7ec505165a17d820afa4048e42cfb311bcc0a3a94490633ae06c44ec596d7680
u01-s009-cr002,question,requiredWork[2],8,24,14a0d8c5ef0b05ec46aaee998887f43fa68c71ee13cf79b43f6ad3851128b7ab
u01-s009-cr002,question,fullCreditSolution[0],19,34,2487375f62d388a9f1323327c6fc56349f3c5e604a8cf0f151ae6d5d9a53f641
u01-s009-cr002,question,fullCreditSolution[1],17,32,521d0efcaa96227c15c491c1589816a23f49614f4b10996f993a1a9afd9b7952
u01-s009-cr002,question,fullCreditSolution[2],22,41,1b25fe5463f5a8ae570ee5cb206c249bc3c87d56ecb75a6671b1be84c485f2c6
u01-s009-cr002,question,alternativeSolutions[0],16,38,e8eb7b01ce2baf4db00311f424acf6382e25d50b39c81d1c0c842ba170ba6ca7
u01-s009-cr002,question,rubric[0].criteria,14,42,d74a40d1c1f429d33a9f82705a6ae5c4b745b67eb856b82e4c83fdc317dad6fc
u01-s009-cr002,question,rubric[1].criteria,14,42,877fd6720f0c67f925400146e2dee6e64d0388e526e325caf19b3468ebab0b0e
u01-s009-cr002,question,rubric[2].criteria,20,60,17c0199dbc3da3bb2ec9b47a91bf4f7f33e91594b0da5bd0baaa97fba2800814
u01-s009-cr002,question,rubric[3].criteria,18,54,0cd75b225e2f61ac69e0179a656c550f9545d9dd01bfac825772c5a0217e0457
u01-s009-cr002,question,scoringNotes[0],25,69,d37ed49d0907d49f1a7fa077dc60495b08cc0332604ee0e72dbaaf851243d01d
u01-s009-cr002,question,commonErrors[0],10,24,cd6e1b8775c00f1d276e1a511381e4fe06fb81047069f5285b0cc9a1e8948b48
u01-s009-cr002,question,commonErrors[1],6,14,1522e2eeb248ef95e2f45693a66bfdde17c709fd774cfe35a054d54243befa99
u01-s009-cr002,question,commonErrors[2],8,22,de64bb2068e4ba7d608a67fa742683b3064f2b303aad3235768e35cb20f6b316
u01-s009-cr002,question,independentReview.derivedResult,16,25,a92fa87ac55e4b79773f487e97fc60a220ceec584262b37ba42fe20cf4773c33
u01-s009-cr002,question,independentReview.ambiguity,4,4,140bedbf9c3f6d56a9846d2ba7088798683f4da0c248231336e6a05679e4fdfe
u01-s009-cr002,question,independentReview.decision,4,4,d74ff0ee8da3b9806b18c877dbf29bbde50b5bd8e4dad7a3a725000feb82e8f1
u01-s009-cr002,question,contentSha256,64,64,1d2084ea1f6c8305e5b51956dda321068e2bacca31cd6cbb78cca75ed7a86c4e
u01-s009-cr002,question,contentAuthority,25,25,ed40f75ffe3d6ad4e71f6e7919d063410490de360edb425965eccd605ca9d79e
