artifactId,artifactType,fieldPath,utf8Sha256,unicodeCharacterCount,utf8ByteCount
u01-s002-lecture-r1,lecture,lectureId,cedc39b72371bbd591203b38a2fd91e1803ab661e6d560ce44abc8da22cb3612,19,19
u01-s002-lecture-r1,lecture,unitId,2055254ee30aaae13b777732834c89d7f799015d3af13b62fe05aeef8c3e0eaa,3,3
u01-s002-lecture-r1,lecture,topicId,e7d9d88eb7596ecb66c83bcfd7a554baef7612744a495523f5f8fae90be63bc7,18,18
u01-s002-lecture-r1,lecture,skillId,9acb7068b50b71b0be599486518d6c00dc6d3db8f17524202c8211f780bf2672,33,33
u01-s002-lecture-r1,lecture,title,412703912104a811300439754b9142c07bfff843342c63ceb7956f50ee9d271e,17,51
u01-s002-lecture-r1,lecture,audience,e6b4416fbd9f36797de01256b31a4d6f6314e126fde8495e25792c814f64fc5f,10,30
u01-s002-lecture-r1,lecture,reviewStatus,ec809598e2f7fcc69fad54c9cd045bba62b4a0dc7c0ff90d4efdc3788c9ad8fb,22,22
u01-s002-lecture-r1,lecture,learningOutcomes[0],843490227b85855238d83225542a1197e65fe560022a79a9cfa5a0b54d8bff83,12,36
u01-s002-lecture-r1,lecture,learningOutcomes[1],9d405299f055708c0dbe7a609e22f34d409e4552c0e92456e8fbb7d4e45a61a9,16,48
u01-s002-lecture-r1,lecture,learningOutcomes[2],07210b01668f01b9e49e4f033505666e023e68d6bbf38e2ce65fc453455b2162,24,72
u01-s002-lecture-r1,lecture,learningOutcomes[3],1413f218a68669445ea3d9ec6eb6d519a424b54fd65f78d90c5a1933f2021b72,15,45
u01-s002-lecture-r1,lecture,learningOutcomes[4],5d570fc9a0deaf712d5d30987d9dd9a23d1a3d810ff90106f768575e21d466a9,11,33
u01-s002-lecture-r1,lecture,prerequisites[0].skillId,be94500938e9d6dffee7df9d3bb0232a3329c3f06b4e490dec770b124e66f5f7,29,29
u01-s002-lecture-r1,lecture,prerequisites[0].requiredLevel,583ec3dabcc21913487b242b44bdd6bb4839c4a5361378415ada877b42ae8110,28,80
u01-s002-lecture-r1,lecture,glossary[0].term,f749ccbad6a4355bf913f33518d066b2880126c46f3b7da1a43c21d4ce469697,3,9
u01-s002-lecture-r1,lecture,glossary[0].definition,72003eaad5c19f834523acfa4a93bac3a8a87c630b0a00cb0196db8f073ce56b,26,72
u01-s002-lecture-r1,lecture,glossary[1].term,35289d0715eae90c646440c9134f623d64ebeddc1f2dbbed63905c5992327c84,3,9
u01-s002-lecture-r1,lecture,glossary[1].definition,cdf81e72eaa1ea4e478488b9574ee1ecca372d7016e79eb3afb8166228e119e9,24,72
u01-s002-lecture-r1,lecture,glossary[2].term,b2aca5c9451376ca204141ed38cdbf77882b7fa8562806c8ab8e5a995c3a8086,3,9
u01-s002-lecture-r1,lecture,glossary[2].definition,e3ce042a9c05fb7fb7cca11c623d63d229ace404b09d4bc3ecd66a481a55ec52,14,42
u01-s002-lecture-r1,lecture,glossary[3].term,51bdd99d5f136eb6628ccd2aa850e943f3c865b7bdc92ef5911c34802d2bfa00,2,6
u01-s002-lecture-r1,lecture,glossary[3].definition,f03332f88675088282a28aec83a5ff8aa84a053e098d7dd62840148426501261,17,51
u01-s002-lecture-r1,lecture,glossary[4].term,b4cef66b5de11faff881e1b60e37686e53e679f31f91736453f9650aba3017dd,3,9
u01-s002-lecture-r1,lecture,glossary[4].definition,05e27e7a0129a1a512d5ea2042e02bb74b2d9fe3528d651b4379b9501e8db32d,22,66
u01-s002-lecture-r1,lecture,notation[0].symbol,7ab6a1dd47c6bc1ffb924a3bb46b619c0074174489415abc6571b542244fb1fe,2,2
u01-s002-lecture-r1,lecture,notation[0].meaning,31bd93963d3da13b2db5823811f92edd213368b0e210334a47616a03220ad5a8,23,63
u01-s002-lecture-r1,lecture,notation[1].symbol,c274891790345c56cef3b53c026bdc48150948fa60c56306073d6fea7766ad6a,2,2
u01-s002-lecture-r1,lecture,notation[1].meaning,d1528cb9bf18ae3467be29dae67e3132bae83c1a7c85a1f21f9c1d734ed27702,15,39
u01-s002-lecture-r1,lecture,notation[2].symbol,5feceb66ffc86f38d952786c6d696c79c2dbc239dd4e91b46729d73a27fb57e9,1,1
u01-s002-lecture-r1,lecture,notation[2].meaning,1fb4d2dd6a77996533b6a2cff711e4059b0ece6f7991ce3530847a1498f59af6,14,42
u01-s002-lecture-r1,lecture,conceptNarrative[0],b78226c0416795a116dbe28f73ba9b253a266c66bcbc29f0ed2c1dbb845f69dd,43,129
u01-s002-lecture-r1,lecture,conceptNarrative[1],fcd0c7514f83aadf15f94f4813b9214f456849058ff46f66cba0c7c731eb079a,68,160
u01-s002-lecture-r1,lecture,conceptNarrative[2],807e1f010bb7856cffcebedff10a51bb42991d96c63c6e866fed8473c35c96c7,43,115
u01-s002-lecture-r1,lecture,conceptNarrative[3],668042d72bf9f8c911ed5ce5c187b462f6911fd2a3a2004fa7577caa67297cc8,28,84
u01-s002-lecture-r1,lecture,formalDefinitions[0].name,a58711241d81d28ddbe8ddc9bf9c39969970a4bff8cd1267b0c35746b249fa73,4,12
u01-s002-lecture-r1,lecture,formalDefinitions[0].statement,6583f59369c2d1014370bbb4e6152cea9551ca965c79fc99d08115dd6323aaed,21,63
u01-s002-lecture-r1,lecture,formalDefinitions[1].name,789b7b28b7ee526bb82f8d6cdc195af860dc98650cfcd27ef9a6454619eb4f7a,4,12
u01-s002-lecture-r1,lecture,formalDefinitions[1].statement,21227be5736fb1dfe55ed5ef0a1cf49ebce8a0d8dc3fe55842e2ecb11ed39a91,21,63
u01-s002-lecture-r1,lecture,formalDefinitions[2].name,b95610c3ae8d39d9de0357122fe780585cf134dc2423130e4be82a49dab8fec8,3,9
u01-s002-lecture-r1,lecture,formalDefinitions[2].statement,be0502175fc926128b152318c555a15d54abd1bffe2ec40772078bc1f3e11079,17,47
u01-s002-lecture-r1,lecture,formulas[0].formula,cf430283d7e03f673a192b15dde7bb565e01cf347aa6d013b31998509b232c9b,12,36
u01-s002-lecture-r1,lecture,formulas[0].conditions[0],980f19b8cce9c9085195b9bcdd0a33a8e1ae63f6f60b54a0ebcc96fa60f5f33a,12,36
u01-s002-lecture-r1,lecture,formulas[0].conditions[1],11902f652697396e946c40f5cc98bb30e04b6d216538f6765c1118db58bea378,12,36
u01-s002-lecture-r1,lecture,formulas[0].meaning,9334dcbace20bd0bb26b330bb9f79e2cdded66f59b83c313539b9d0cc00f16d2,12,36
u01-s002-lecture-r1,lecture,formulas[1].formula,2a06e5812222fe7ded5dbf0a4e78c7711992d2a4036917065b2daa574e79fc74,12,36
u01-s002-lecture-r1,lecture,formulas[1].conditions[0],eaf9aad6ef9627cb9c8de5e8972ed30cec05a990acccd2a598d38b0e4e2d1893,8,24
u01-s002-lecture-r1,lecture,formulas[1].meaning,6e5a7b2956d80c0411edacbfaf3133bd56f5bf8b4ec3dfaceeccfce48f5295e6,17,51
u01-s002-lecture-r1,lecture,nonApplicableCases[0],8c3fe0abc21e45e948f4b755d53937abd3544e20512948d0494177096fe55e9d,20,60
u01-s002-lecture-r1,lecture,nonApplicableCases[1],a9dc8eddb0d9ed2923034c82a62f3fdbf6be76b3d1d0ad1477128727a12ea4cf,28,68
u01-s002-lecture-r1,lecture,nonApplicableCases[2],6afa3521ece7a32e3226f1429f6b3eee9e2415d8366bf3e55ca3f2f01f365ac8,24,72
u01-s002-lecture-r1,lecture,nonApplicableCases[3],d0cf9949bad50792337e14ea80d170e43ea9401defb47036a77d22e6c58f568e,23,69
u01-s002-lecture-r1,lecture,method[0].instruction,0cdb645358cbfd5a0891e722c3d9afb22233151ced933b4a3c503256947733e8,13,35
u01-s002-lecture-r1,lecture,method[0].check,c5b71fca1c5006254d02d524d0c4d291588a2b1451d8a78df4680170416c8a00,22,66
u01-s002-lecture-r1,lecture,method[1].instruction,33c9dccc9666aff641904d66ddeef64fdc96f4a4830444387c450918ef67d081,11,33
u01-s002-lecture-r1,lecture,method[1].check,bffb4c14163b3996c484af4d5ee8b4fde14f4fe12a3dac25d9fb95d0c12cf91c,18,54
u01-s002-lecture-r1,lecture,method[2].instruction,f0c1ef6aef72272fc3102e31461d7cb8974238ad67bc29fe778fd70251244cf3,9,27
u01-s002-lecture-r1,lecture,method[2].check,d60aff4099bae74eeb65eb89e25c00ab46e2a0312be41c198c84c2735d357f6d,10,30
u01-s002-lecture-r1,lecture,method[3].instruction,0f393826f02cd1703f65644e64d30e10cb861235703c94e5173adbf76c6817c2,11,33
u01-s002-lecture-r1,lecture,method[3].check,1dce30a4a4d1b71da406abafbdea0dc3761e61a2f8a6dcac58ab16c6aeb467d5,12,36
u01-s002-lecture-r1,lecture,method[4].instruction,d960d064d03278fc82837c8f3f41ed06dcae3359960c2e614075260be1c1f903,11,33
u01-s002-lecture-r1,lecture,method[4].check,fb84e21aaf3d2a70a432a1a90c688e3b07a1c03ff4a74efa647708490f7102b9,22,66
u01-s002-lecture-r1,lecture,workedExamples[0].exampleId,dffe8596427fc50e8f64654a609af134d45552f18bbecef90b31135a9e7acaa0,2,2
u01-s002-lecture-r1,lecture,workedExamples[0].prompt,f3fa8babf7e59bd2ee79be24ee861a0bafa81fb08eaeaf8ea76d70fe6c1a9845,36,88
u01-s002-lecture-r1,lecture,workedExamples[0].solutionSteps[0],2c2e9eb90c91da42bdb2fe943e3e405b1f6afb079e46af1837c8abc9c46baa9e,9,23
u01-s002-lecture-r1,lecture,workedExamples[0].solutionSteps[1],6b42381603fb919e063b01b83609557020e5190672d94400a219d7a075089d93,23,59
u01-s002-lecture-r1,lecture,workedExamples[0].solutionSteps[2],bf0a1426ada2c1c85b3899063cfc2d2d54c9e21f9255454208156663b9f22239,24,62
u01-s002-lecture-r1,lecture,workedExamples[0].answer,02d409a4b4d44903272e7948df61f9458f728d7a2edc60c143bc15aff6292c0b,21,43
u01-s002-lecture-r1,lecture,workedExamples[1].exampleId,d76354d8457898445bb69e0dc0dc95fb74cc3cf334f8c1859162a16ad0041f8d,2,2
u01-s002-lecture-r1,lecture,workedExamples[1].prompt,76b38a2513b625de460958857d37940dcb4cd153ee0b857416f282659bc6e374,29,67
u01-s002-lecture-r1,lecture,workedExamples[1].solutionSteps[0],2d3117dc6f9e7bfd38c35f3807c9925e9f6575a7e897ea6ad27d615b793a63e6,11,33
u01-s002-lecture-r1,lecture,workedExamples[1].solutionSteps[1],d727cc5d1a687acfbad666dbca80ad460bdd8d85a171f07b4ab31b2f8c877113,11,17
u01-s002-lecture-r1,lecture,workedExamples[1].solutionSteps[2],346493e220ca495cfeef7822e83de4c0c2df9da1ed4c733731927022c277a1cf,9,27
u01-s002-lecture-r1,lecture,workedExamples[1].answer,73843be8879e2c2ffc12c336371ae1b29472b2c8b18391b90e80ecd27873a9a6,5,9
u01-s002-lecture-r1,lecture,workedExamples[2].exampleId,842983de8fb1d277a3fad5c8295c7a14317c458718a10c5a35b23e7f992a5c80,2,2
u01-s002-lecture-r1,lecture,workedExamples[2].prompt,919fc2843be43847b75aef9c96a36dea4f09d06bc13ca06f51876d7d39add935,42,96
u01-s002-lecture-r1,lecture,workedExamples[2].solutionSteps[0],5f124f71aff464df213cf98d14c352c9594944444a1cf172a9b3975b0b10bbe2,19,37
u01-s002-lecture-r1,lecture,workedExamples[2].solutionSteps[1],98408ead46bfd0a00f05ea6501636fe347ebfbee55b03f460e9d6fbc08a999e5,19,37
u01-s002-lecture-r1,lecture,workedExamples[2].solutionSteps[2],bf4cd8e2226372e9d9dcdd1163f58009589da536f563d014268a8eed6e42439c,18,54
u01-s002-lecture-r1,lecture,workedExamples[2].answer,2391bd84366d4e49888ba5fe194c43a14bb4b00e4c3001d84019991858f82e54,18,34
u01-s002-lecture-r1,lecture,workedExamples[3].exampleId,4a5a97c6433c4c062457e9335709d57493e75527809d8a9586c141e591ac9f2c,2,2
u01-s002-lecture-r1,lecture,workedExamples[3].prompt,61b184ae4cfe4765a4892a520d46786c26b24b3bd1131c5f5e6545419538496f,30,70
u01-s002-lecture-r1,lecture,workedExamples[3].solutionSteps[0],029fcefce4cec7b4ecf2f74aa7929320626fe3f2e304ad771375cecb00d476e7,12,24
u01-s002-lecture-r1,lecture,workedExamples[3].solutionSteps[1],92983e80d8897d4dbecea39ac7d7dbef293cb8cf9ddafb8d5fdc3021e64caf7f,8,14
u01-s002-lecture-r1,lecture,workedExamples[3].solutionSteps[2],2ae6026b127aee132278b15878523fb54fd860f144032040276409add1b20842,18,46
u01-s002-lecture-r1,lecture,workedExamples[3].answer,7d2051134e9b239a391e97ebd3a68bb9d53add27586f06be5ac9d06b3aae5bfa,5,8
u01-s002-lecture-r1,lecture,commonMistakes[0].mistake,388d2f873b78950d4b4169b53edfab6e62dc53f118ab93698a6ffa76545b6b52,15,33
u01-s002-lecture-r1,lecture,commonMistakes[0].why,af178870f52ef36dcff6e5c2192cf750fb212afe96c9bc408debc6fdd0661cea,13,35
u01-s002-lecture-r1,lecture,commonMistakes[0].correction,9797a649c818cf96106762b490d5b2020a822b3b49aa905990271573e09c404b,14,36
u01-s002-lecture-r1,lecture,commonMistakes[1].mistake,9c772792e1ea750a366b8e2f7fdcf207f2b7e738c334c1170cb8dc92c41cfaa4,11,33
u01-s002-lecture-r1,lecture,commonMistakes[1].why,10837d906602c553b09ca65ce0850af9227813a89580f03be0a2c1b549871ec4,15,45
u01-s002-lecture-r1,lecture,commonMistakes[1].correction,da131ea242029f51c6c3fef8ce2a9aa1d8665b7f51d894eedcc92b850427869e,14,42
u01-s002-lecture-r1,lecture,commonMistakes[2].mistake,f5e7e717d2ef44ddad61ddc51e98ed17a05d1dc5e08357969500acbeb315b7d8,24,52
u01-s002-lecture-r1,lecture,commonMistakes[2].why,d24db911c8717e3210c1b7ed56bc8c3f1fb61a7b076a3f616cfda9a043dcee1f,9,27
u01-s002-lecture-r1,lecture,commonMistakes[2].correction,7f3a53799c454383af230bf4e4a4c2f5ef1b8663320e52a60983c730fd3109df,17,29
u01-s002-lecture-r1,lecture,commonMistakes[3].mistake,d12b0cc2765f87c53c5d9ebdb227708ecfb41335306b6886404daa035807dff8,18,40
u01-s002-lecture-r1,lecture,commonMistakes[3].why,50baa1c017d1830ba7594802ab6ed60b9ee6c9d53daceb582f1d446357326fe1,7,21
u01-s002-lecture-r1,lecture,commonMistakes[3].correction,65df5f2154f7cd1883928f93966e3ee51d1fa8bde317f983ac573c374955e872,13,39
u01-s002-lecture-r1,lecture,commonMistakes[4].mistake,b55275f172ed10cdd47fd694f159eb3fe7b7295f0c105ef22d2b2bdad2ed15ac,11,33
u01-s002-lecture-r1,lecture,commonMistakes[4].why,84983770cfdd144405224b14b445454728c24195826544c7d4318b19e1000b53,11,33
u01-s002-lecture-r1,lecture,commonMistakes[4].correction,0ca3339c3286a522de282e553adc24cfdc804b76f909f2ef14323f81be6d4ddf,11,33
u01-s002-lecture-r1,lecture,commonMistakes[5].mistake,c63ac5a0abac01ef6e2b75d89e1b123834db4d9fcc1c40f805387fcbe6ff5439,10,30
u01-s002-lecture-r1,lecture,commonMistakes[5].why,cfcb3908a1b185fa54b7f550bd567e6f0269201411e789df3ef5d1758c32e1c6,5,15
u01-s002-lecture-r1,lecture,commonMistakes[5].correction,e43fb477e65e5ba072d3b21c990185b1a191449e1b6e6168c9e292c336602b88,11,33
u01-s002-lecture-r1,lecture,selfCheck[0],edf1c4a49698a40d893f50979b938cd9d9dd3dbb4455b5208bced464a4b4a514,8,24
u01-s002-lecture-r1,lecture,selfCheck[1],125565f89d7f7944aaf1fca00df43552d78e2954bbcdd6da84829dcf39e1ac9c,9,27
u01-s002-lecture-r1,lecture,selfCheck[2],0b4c04eace312c22fcbd8d7cca478e7c4e308acf6b83059fd31ae041e99ed882,15,45
u01-s002-lecture-r1,lecture,selfCheck[3],ca7e476b2208808e5cc5717e0ab25dedd70a706a15b9b5564af1733ff1b5ea7f,11,33
u01-s002-lecture-r1,lecture,selfCheck[4],393f9854fb9c13701afab6aacb1819b6c59b06b7646e413ef384e4d6f5d10dfc,7,21
u01-s002-lecture-r1,lecture,summary[0],13907e929874690f49ab54bea2e8a26d37ae0627eb2f5c7f4c78e4d6945355e3,17,51
u01-s002-lecture-r1,lecture,summary[1],a4107da64334a4cc8c6d1621b65a1beb88f5b6a27057426c75cc7b692dfed363,13,39
u01-s002-lecture-r1,lecture,summary[2],b9fe1efb9f9761610e05cd3bc66004edc64efcdeab32c61e9461136b5a655254,9,27
u01-s002-lecture-r1,lecture,summary[3],dad436cf73dfd574d4c93f87b698b4fb37c636d63e547b33573fefd7af215de2,13,39
u01-s002-lecture-r1,lecture,connections.previous,7255310026fadff8ca9a866069762510c0ceae2f2740080368486f5b3525f18d,22,62
u01-s002-lecture-r1,lecture,connections.next[0],fd8b269ae69eb1825f4bc92ef900a0fef474a105f3a8f9e6297958ee32080171,17,51
u01-s002-lecture-r1,lecture,connections.next[1],66d9fe38d9046fde5102ffeefee7fae6174bd7bebad3de3378d064bc4aa99054,15,45
u01-s002-lecture-r1,lecture,connections.next[2],dfaf6e39bc4440c185785cac6e87a3fd1f30fe405fa993ceaf5d32f046a6d0f1,17,51
u01-s002-lecture-r1,lecture,practiceLinks.mcQuestionIds[0],e9e2a509b9a17e1e6d3df64b6fe5f39216452db522bced4e238a6a7346ebc083,13,13
u01-s002-lecture-r1,lecture,practiceLinks.mcQuestionIds[1],2fdf8b57cfb3a9d558468e6841f019a095a28302cf6c4f12601f0675fe69491c,13,13
u01-s002-lecture-r1,lecture,practiceLinks.mcQuestionIds[2],5e01024adf4fb478ea111acd87b6d946bc06ea37a36b6eb3824012ae03223994,13,13
u01-s002-lecture-r1,lecture,practiceLinks.mcQuestionIds[3],4570c3c9aef8c95e2a2d3e3d98e6e0d3a330bbe757473f567c1abb53b4fcbaec,13,13
u01-s002-lecture-r1,lecture,practiceLinks.mcQuestionIds[4],1a75e1888fe2bad4d159b58e9f11e2214b0144c95c7682d6cd08dc9336ba5433,13,13
u01-s002-lecture-r1,lecture,practiceLinks.mcQuestionIds[5],9b6998d8e2ac73f3a5a42a898c019072964672ea6cac49d7abde9dc656a47363,13,13
u01-s002-lecture-r1,lecture,practiceLinks.mcQuestionIds[6],bc5f0e94ef1c9cb69d70807ae31854894f47c9da3a8e2ae290e3b496cc3cd685,13,13
u01-s002-lecture-r1,lecture,practiceLinks.mcQuestionIds[7],5ceeeb209448bde95c7a267c13efac109042d87e0433c48a97838fb6d4435b8c,13,13
u01-s002-lecture-r1,lecture,practiceLinks.mcQuestionIds[8],898a59da3d8bbcd8d2a3cad3bc0645b7f9143ac936d35f3515c7b0613d33ad86,13,13
u01-s002-lecture-r1,lecture,practiceLinks.mcQuestionIds[9],068672ef805b6221b3f56a49da3d006879ee5a54620dfdb82a84e4cc688eee11,13,13
u01-s002-lecture-r1,lecture,practiceLinks.mcQuestionIds[10],e3921cf73aaa1f50ce535992bc6fcab7d4ac957414bc31e50ece72dab4a5b8a6,13,13
u01-s002-lecture-r1,lecture,practiceLinks.mcQuestionIds[11],09918df38f2cc91c4e4142379a71421b7f83cebeff64f813f7f7ab0f017865e2,13,13
u01-s002-lecture-r1,lecture,practiceLinks.constructedResponseIds[0],79e40c9011ecb1e40a932229d886b16c61ce2b927112ffa8af4ef66dafbfacfa,14,14
u01-s002-lecture-r1,lecture,practiceLinks.constructedResponseIds[1],5034278c4ad9cda2ce6c8ada003e7b1b4792f43193b58d26bc232223876b040b,14,14
u01-s002-lecture-r1,lecture,lectureReview.mathematicalCorrectness,d74ff0ee8da3b9806b18c877dbf29bbde50b5bd8e4dad7a3a725000feb82e8f1,4,4
u01-s002-lecture-r1,lecture,lectureReview.zeroFoundationReadability,d74ff0ee8da3b9806b18c877dbf29bbde50b5bd8e4dad7a3a725000feb82e8f1,4,4
u01-s002-lecture-r1,lecture,lectureReview.scopeCheck,fdf8268f0373301b2fcc6331f1d8999b8aabea69681e8bc972ab9a21216a7606,21,21
u01-s002-lecture-r1,lecture,lectureReview.reviewNote,f741646480496ded7cfb6462fd080623cf0e19b0b86f3960ab2dbb604efa1327,42,126
u01-s002-lecture-r1,lecture,lectureReview.reviewVersion,7ccbed064d3016b5353f553d3edb33b6627126acb00be43b039a8cbab00d7d69,25,25
u01-s002-lecture-r1,lecture,lectureReview.reviewedAt,14158d45727526145ef514139eeb669eb54d613dbcffe524f099dbb71c9d8b08,10,10
u01-s002-lecture-r1,lecture,contentSha256,d8c78933a501c89ff9e4e6d465739cccf8def41b278f1a52380cd63727d0d9b1,64,64
u01-s002-lecture-r1,lecture,contentAuthority,ed40f75ffe3d6ad4e71f6e7919d063410490de360edb425965eccd605ca9d79e,25,25
u01-s002-v001,question,questionId,e9e2a509b9a17e1e6d3df64b6fe5f39216452db522bced4e238a6a7346ebc083,13,13
u01-s002-v001,question,unitId,2055254ee30aaae13b777732834c89d7f799015d3af13b62fe05aeef8c3e0eaa,3,3
u01-s002-v001,question,topicId,e7d9d88eb7596ecb66c83bcfd7a554baef7612744a495523f5f8fae90be63bc7,18,18
u01-s002-v001,question,skillId,9acb7068b50b71b0be599486518d6c00dc6d3db8f17524202c8211f780bf2672,33,33
u01-s002-v001,question,difficulty,fbb7b5bf4ca348eeeebf8cc3660712859a5a1fbf18e83217a57ce203fb51d5c2,5,5
u01-s002-v001,question,type,6bc0f9c4ecb0acbebf1b9f6c816bdd66f4885f67c917d9e141cf893014fba936,2,2
u01-s002-v001,question,visualMode,9c7d54b0bf7a9369d8594201c7b11955514343809d09fbec33966c1fd9794015,9,9
u01-s002-v001,question,sourceScope,a4b669ddb8ef1883391c07a7b633f12eeaeecee7ec37c09eea4931aff6644346,19,19
u01-s002-v001,question,text,0eeea62e63fee7525264c012a50dc6263348a7a11b015515357e7637001da1f7,33,85
u01-s002-v001,question,choices[0],b6f31a01d0c1df62b3160a01dc3d998cdc73f79245d5101dcc7fda97dce0f756,6,10
u01-s002-v001,question,choices[1],4c69e7b8b6afef14b11d9bc8dba2894491d2f7daf4802ce8eb69ca4efb485d72,6,10
u01-s002-v001,question,choices[2],ce4bde72f5d6f9cb8700cb8294595e87480f09f9583e7ee630f26666dfe2ae8c,11,27
u01-s002-v001,question,choices[3],0b37fccbbb70e58dcc0cb55f962755edc83aff54e1551d023f45097a7020277e,4,8
u01-s002-v001,question,explanation,4f7cfd97e791cbcaab4d0c9c0c9ceaea309490e5d2c1e463b9902bd42fabe808,40,102
u01-s002-v001,question,steps[0],a3525b8a73231052124fb34f9d476b68575866c699491d10ce84729007a783ea,14,36
u01-s002-v001,question,steps[1],a66c751f7b3e46f0e1b57861988f4be4e6af7e28f5f74e13e6f3066abe36cc96,10,30
u01-s002-v001,question,steps[2],9c3ecd3f889c4c75c692416e727e90ea5e4f615e0a17d8b36970699b2f71c620,21,45
u01-s002-v001,question,optionAnalysis[0].choice,b6f31a01d0c1df62b3160a01dc3d998cdc73f79245d5101dcc7fda97dce0f756,6,10
u01-s002-v001,question,optionAnalysis[0].reason,5de57866bd029b4ef1323485c45674b055d9bba2af1a5b4ec7cd89f9563d7615,16,40
u01-s002-v001,question,optionAnalysis[1].choice,4c69e7b8b6afef14b11d9bc8dba2894491d2f7daf4802ce8eb69ca4efb485d72,6,10
u01-s002-v001,question,optionAnalysis[1].reason,8597fb69f4035e13cc545585c5e783345b767df40182e66c90f3046cca888520,12,28
u01-s002-v001,question,optionAnalysis[2].choice,ce4bde72f5d6f9cb8700cb8294595e87480f09f9583e7ee630f26666dfe2ae8c,11,27
u01-s002-v001,question,optionAnalysis[2].reason,7bb1a1897737ff40f47da3b5bc0ed6cc498d4c50a95a733fdb3f7ef53f68c951,11,25
u01-s002-v001,question,optionAnalysis[3].choice,0b37fccbbb70e58dcc0cb55f962755edc83aff54e1551d023f45097a7020277e,4,8
u01-s002-v001,question,optionAnalysis[3].reason,638268749616dcd8201b2b4e1cc936a481822d6aed87743a55fc5f3dddf074f0,11,29
u01-s002-v001,question,commonMistake,83591e770cc5b29ef4c255568ce4c0abb85d993bf3cd02bb8e92e4796ffaf9cd,22,58
u01-s002-v001,question,concept,e061ab679120582395968ff45012655c6153a4b6f91859295dd7849d72f2cb9b,14,42
u01-s002-v001,question,tags[0],fd41540cbdbecb9b5fa7116d27c68e378548ab62ab7c7ca4494730a81ea87667,3,9
u01-s002-v001,question,tags[1],aa4bea1b6acb18c63952adfe351c5d2cc911c316b056fc2334a62479be0a7081,6,18
u01-s002-v001,question,tags[2],fbb7b5bf4ca348eeeebf8cc3660712859a5a1fbf18e83217a57ce203fb51d5c2,5,5
u01-s002-v001,question,estimatedTimeSec,39fa9ec190eee7b6f4dff1100d6343e10918d044c75eac8f9e9a2596173f80c9,2,2
u01-s002-v001,question,prerequisiteSkillIds[0],be94500938e9d6dffee7df9d3bb0232a3329c3f06b4e490dec770b124e66f5f7,29,29
u01-s002-v001,question,authoringIntent,b8a5361a1ab9d820f01ef107cfc095d8443b71b612365207f1b66080bcc91caf,16,48
u01-s002-v001,question,reviewStatus,ec809598e2f7fcc69fad54c9cd045bba62b4a0dc7c0ff90d4efdc3788c9ad8fb,22,22
u01-s002-v001,question,contentSha256,fbf9f685e5efeaa457e00ede6cab3c532def2080a88d993c9db40e90c5cebca7,64,64
u01-s002-v001,question,contentAuthority,ed40f75ffe3d6ad4e71f6e7919d063410490de360edb425965eccd605ca9d79e,25,25
u01-s002-v002,question,questionId,2fdf8b57cfb3a9d558468e6841f019a095a28302cf6c4f12601f0675fe69491c,13,13
u01-s002-v002,question,unitId,2055254ee30aaae13b777732834c89d7f799015d3af13b62fe05aeef8c3e0eaa,3,3
u01-s002-v002,question,topicId,e7d9d88eb7596ecb66c83bcfd7a554baef7612744a495523f5f8fae90be63bc7,18,18
u01-s002-v002,question,skillId,9acb7068b50b71b0be599486518d6c00dc6d3db8f17524202c8211f780bf2672,33,33
u01-s002-v002,question,difficulty,fbb7b5bf4ca348eeeebf8cc3660712859a5a1fbf18e83217a57ce203fb51d5c2,5,5
u01-s002-v002,question,type,6bc0f9c4ecb0acbebf1b9f6c816bdd66f4885f67c917d9e141cf893014fba936,2,2
u01-s002-v002,question,visualMode,9c7d54b0bf7a9369d8594201c7b11955514343809d09fbec33966c1fd9794015,9,9
u01-s002-v002,question,sourceScope,a4b669ddb8ef1883391c07a7b633f12eeaeecee7ec37c09eea4931aff6644346,19,19
u01-s002-v002,question,text,52bbe29a7509d8e3e4d416d6cb1b7dc8fb89dbf4764a4c53f0e1777243e16092,29,77
u01-s002-v002,question,choices[0],c3fa52dd12ba113e8ee72024e2d157a485a8b30bb8c68906bd1016c67954848f,6,8
u01-s002-v002,question,choices[1],db154200bd11156f0f9dd111cc55375e1cf6265e26d3a2d1c476f92f558062f5,6,8
u01-s002-v002,question,choices[2],0aaec12a215b67947beea9d58df6ee5781991f293434d6784d28051643efd1dd,3,5
u01-s002-v002,question,choices[3],7323b941c8491176045c0ebf505e3d06ac4097419959ae9e741de17b718dfe2d,4,6
u01-s002-v002,question,explanation,462d87ed01bba32ddabcb021d3c5897c68015725328df4fca88b48b50b8cfcda,32,84
u01-s002-v002,question,steps[0],4aa8febc707c4dc1db8ca396a668046aa2204427a65aef3debc9ddfc9e27e66d,8,24
u01-s002-v002,question,steps[1],808e5a647eeb2dbd1f322f3c9ebada043424eb66ab1362da9347092ad9a56e26,8,24
u01-s002-v002,question,steps[2],66d0cd69672677243b5bb8b6247fbc27139c530d75698f31a23ad1dcd7d46a39,18,32
u01-s002-v002,question,optionAnalysis[0].choice,c3fa52dd12ba113e8ee72024e2d157a485a8b30bb8c68906bd1016c67954848f,6,8
u01-s002-v002,question,optionAnalysis[0].reason,b97b6a706bc4e0dbbf2f58671eea6a833731ec483e8cc132554ef3e14239ec6d,13,29
u01-s002-v002,question,optionAnalysis[1].choice,db154200bd11156f0f9dd111cc55375e1cf6265e26d3a2d1c476f92f558062f5,6,8
u01-s002-v002,question,optionAnalysis[1].reason,1eb2c0ec4eb568d468d9554a2a8f35ada19e34cd2d97cf7ac09fe9ea60f9c62f,13,29
u01-s002-v002,question,optionAnalysis[2].choice,0aaec12a215b67947beea9d58df6ee5781991f293434d6784d28051643efd1dd,3,5
u01-s002-v002,question,optionAnalysis[2].reason,eeaeddd7aef0d7b21bbe2b1c473bc82a4e448e5e7becb40e5b2f517b2bd94a9f,9,23
u01-s002-v002,question,optionAnalysis[3].choice,7323b941c8491176045c0ebf505e3d06ac4097419959ae9e741de17b718dfe2d,4,6
u01-s002-v002,question,optionAnalysis[3].reason,ef213d5b9d3df6667c0cd517b2c37dd3e02f21efaf6dd1063f18be57b36caa6f,9,21
u01-s002-v002,question,commonMistake,0b3c9ea4d02eb3320ed9cacffe73ba148feaf2d8b6e0e5b430acf04b1e3cff45,15,45
u01-s002-v002,question,concept,70a9d474bb9a527c3bed5b95a976ea16a5455bea678d676e9a5db96a2ec0366d,11,33
u01-s002-v002,question,tags[0],fd41540cbdbecb9b5fa7116d27c68e378548ab62ab7c7ca4494730a81ea87667,3,9
u01-s002-v002,question,tags[1],aa4bea1b6acb18c63952adfe351c5d2cc911c316b056fc2334a62479be0a7081,6,18
u01-s002-v002,question,tags[2],fbb7b5bf4ca348eeeebf8cc3660712859a5a1fbf18e83217a57ce203fb51d5c2,5,5
u01-s002-v002,question,estimatedTimeSec,39fa9ec190eee7b6f4dff1100d6343e10918d044c75eac8f9e9a2596173f80c9,2,2
u01-s002-v002,question,prerequisiteSkillIds[0],be94500938e9d6dffee7df9d3bb0232a3329c3f06b4e490dec770b124e66f5f7,29,29
u01-s002-v002,question,authoringIntent,4f02ad0698a011da85f2a131a62ad45b0df7d431f6e9a84c1b9c7b4a1d7dfb4e,12,36
u01-s002-v002,question,reviewStatus,ec809598e2f7fcc69fad54c9cd045bba62b4a0dc7c0ff90d4efdc3788c9ad8fb,22,22
u01-s002-v002,question,contentSha256,1bcc44fdb78c133e96702ca54f8fb71c738d9b7098c99c7a6979ec4489955f1c,64,64
u01-s002-v002,question,contentAuthority,ed40f75ffe3d6ad4e71f6e7919d063410490de360edb425965eccd605ca9d79e,25,25
u01-s002-v003,question,questionId,5e01024adf4fb478ea111acd87b6d946bc06ea37a36b6eb3824012ae03223994,13,13
u01-s002-v003,question,unitId,2055254ee30aaae13b777732834c89d7f799015d3af13b62fe05aeef8c3e0eaa,3,3
u01-s002-v003,question,topicId,e7d9d88eb7596ecb66c83bcfd7a554baef7612744a495523f5f8fae90be63bc7,18,18
u01-s002-v003,question,skillId,9acb7068b50b71b0be599486518d6c00dc6d3db8f17524202c8211f780bf2672,33,33
u01-s002-v003,question,difficulty,fbb7b5bf4ca348eeeebf8cc3660712859a5a1fbf18e83217a57ce203fb51d5c2,5,5
u01-s002-v003,question,type,6bc0f9c4ecb0acbebf1b9f6c816bdd66f4885f67c917d9e141cf893014fba936,2,2
u01-s002-v003,question,visualMode,9c7d54b0bf7a9369d8594201c7b11955514343809d09fbec33966c1fd9794015,9,9
u01-s002-v003,question,sourceScope,a4b669ddb8ef1883391c07a7b633f12eeaeecee7ec37c09eea4931aff6644346,19,19
u01-s002-v003,question,text,ce06f0074dc019246dccbf1091e4c37508fd0cb0e22e336cf466a9de964a889f,40,102
u01-s002-v003,question,choices[0],d9f52c563cfe2b56b888f149c300c5f8326aa8b2fef2be867df8caef3c035b77,5,7
u01-s002-v003,question,choices[1],cd09cd291e9f68b6bf328f2a0ab844b3eba00dde105e195bdf41df2e1165dfc0,5,7
u01-s002-v003,question,choices[2],a8eecafe880803eff0239014c87726edf534b6e4f714f2096345efc254291ffb,4,6
u01-s002-v003,question,choices[3],4c5314d26947c962e5a24c13c71326c34c6032b0f053cef06329b340d5ba2aa2,4,6
u01-s002-v003,question,explanation,246cae94cad36b8b1c25fd1dd89247d90ac350f189717d8318bae5edd85e3a9f,34,86
u01-s002-v003,question,steps[0],ed853968ebd6c3fd7317d97b82f8edb195d4935caaa2fc067cecffb13a330f2a,11,23
u01-s002-v003,question,steps[1],8db4534a70389c42d15c405fbd1e1fb79bf62cd8488a8964626bed718ca57228,8,18
u01-s002-v003,question,steps[2],039dff43da000c2145babe88e3f498c9b39b73c6b4dff57aca4f002b59c075a6,6,18
u01-s002-v003,question,optionAnalysis[0].choice,d9f52c563cfe2b56b888f149c300c5f8326aa8b2fef2be867df8caef3c035b77,5,7
u01-s002-v003,question,optionAnalysis[0].reason,515ad4a5baaab681c9778d8ddd0708ee6834446dda65b7f9b07ff6cd3a5f8495,15,37
u01-s002-v003,question,optionAnalysis[1].choice,cd09cd291e9f68b6bf328f2a0ab844b3eba00dde105e195bdf41df2e1165dfc0,5,7
u01-s002-v003,question,optionAnalysis[1].reason,8e67c9f289bdd6cb27f78c73cae6005c676261e12191c467f1fcfe3896cf6fd9,12,28
u01-s002-v003,question,optionAnalysis[2].choice,a8eecafe880803eff0239014c87726edf534b6e4f714f2096345efc254291ffb,4,6
u01-s002-v003,question,optionAnalysis[2].reason,21d2029939aa481cd25f67c1de6428634822c42f5d4dd373e90684f105bbe9d4,12,30
u01-s002-v003,question,optionAnalysis[3].choice,4c5314d26947c962e5a24c13c71326c34c6032b0f053cef06329b340d5ba2aa2,4,6
u01-s002-v003,question,optionAnalysis[3].reason,0ec45dbf081b1b69d31dd1176869e9dc2afe26d0ea313f959a50b9c269e8d5f9,10,24
u01-s002-v003,question,commonMistake,a78e18e15e8201c2555e2979ef632e638e67e39808cfccb6932947af6939d3e1,16,40
u01-s002-v003,question,concept,14f22de2629337ada897779c04318964b17297a5b74d1d03cad811fdbd141cbe,13,39
u01-s002-v003,question,tags[0],fd41540cbdbecb9b5fa7116d27c68e378548ab62ab7c7ca4494730a81ea87667,3,9
u01-s002-v003,question,tags[1],aa4bea1b6acb18c63952adfe351c5d2cc911c316b056fc2334a62479be0a7081,6,18
u01-s002-v003,question,tags[2],fbb7b5bf4ca348eeeebf8cc3660712859a5a1fbf18e83217a57ce203fb51d5c2,5,5
u01-s002-v003,question,estimatedTimeSec,39fa9ec190eee7b6f4dff1100d6343e10918d044c75eac8f9e9a2596173f80c9,2,2
u01-s002-v003,question,prerequisiteSkillIds[0],be94500938e9d6dffee7df9d3bb0232a3329c3f06b4e490dec770b124e66f5f7,29,29
u01-s002-v003,question,authoringIntent,14d227521148de92c4cb5b33ade604aa4fae9c7f71280769fd3a4d71879bf8be,14,42
u01-s002-v003,question,reviewStatus,ec809598e2f7fcc69fad54c9cd045bba62b4a0dc7c0ff90d4efdc3788c9ad8fb,22,22
u01-s002-v003,question,contentSha256,594b7e8837d4a0af054abdd0255198093506e36dc512bccde985ef38c07c3f89,64,64
u01-s002-v003,question,contentAuthority,ed40f75ffe3d6ad4e71f6e7919d063410490de360edb425965eccd605ca9d79e,25,25
u01-s002-v004,question,questionId,4570c3c9aef8c95e2a2d3e3d98e6e0d3a330bbe757473f567c1abb53b4fcbaec,13,13
u01-s002-v004,question,unitId,2055254ee30aaae13b777732834c89d7f799015d3af13b62fe05aeef8c3e0eaa,3,3
u01-s002-v004,question,topicId,e7d9d88eb7596ecb66c83bcfd7a554baef7612744a495523f5f8fae90be63bc7,18,18
u01-s002-v004,question,skillId,9acb7068b50b71b0be599486518d6c00dc6d3db8f17524202c8211f780bf2672,33,33
u01-s002-v004,question,difficulty,fe6d3468cf5c74d8ec2a95b40f2e05338c37a4202f8fad692d2b64a9cf9b468a,8,8
u01-s002-v004,question,type,6bc0f9c4ecb0acbebf1b9f6c816bdd66f4885f67c917d9e141cf893014fba936,2,2
u01-s002-v004,question,visualMode,9c7d54b0bf7a9369d8594201c7b11955514343809d09fbec33966c1fd9794015,9,9
u01-s002-v004,question,sourceScope,a4b669ddb8ef1883391c07a7b633f12eeaeecee7ec37c09eea4931aff6644346,19,19
u01-s002-v004,question,text,3a2d3b1a5eeea5eb7e4b762fda8a737e73210ae9373bcc6e71cd5f5f086b47b2,37,91
u01-s002-v004,question,choices[0],c952152ac6003ddbb8c653534333b1c882a796d87344c726c71921b068e05865,5,6
u01-s002-v004,question,choices[1],c82dc780393bf373d72ca2476d4517c25447067284c8813e231eb0a09a81d4fd,4,5
u01-s002-v004,question,choices[2],789ecce6ee13c39ff6b94dd89e8fbead0a96a8f44dbae737d85650d05bb9a903,4,5
u01-s002-v004,question,choices[3],4165fbec6beae39700070249d4cb92469ec58dffef9a8277daa2ebcc42862423,4,5
u01-s002-v004,question,explanation,5f4f960dd44e4ee6da46ae87801e1ce62f880a7dd917ebccb1524eecb75e0f6d,41,93
u01-s002-v004,question,steps[0],89fe9eb46ff61df8968f550eb63d77b965061472aed8ff1992ae774f3456d404,12,25
u01-s002-v004,question,steps[1],a3374f42ca14f9665089d4edee3a0afeacddfd859ea6845eaed66ab1a53016db,14,31
u01-s002-v004,question,steps[2],99879e1e0ca3fc91e3fef40d3df91f8048f1fed79dbe43e95e99f2ff099a29ea,10,13
u01-s002-v004,question,optionAnalysis[0].choice,c952152ac6003ddbb8c653534333b1c882a796d87344c726c71921b068e05865,5,6
u01-s002-v004,question,optionAnalysis[0].reason,075163ed14cbc5435ac9b954a1f112404df90c9bc2015c7995e69ba43dee7d27,16,48
u01-s002-v004,question,optionAnalysis[1].choice,c82dc780393bf373d72ca2476d4517c25447067284c8813e231eb0a09a81d4fd,4,5
u01-s002-v004,question,optionAnalysis[1].reason,6edf8f88338e2b22fd7e887c5a5ab95f21b1f197c8a7ef37691a227a984040a1,5,15
u01-s002-v004,question,optionAnalysis[2].choice,789ecce6ee13c39ff6b94dd89e8fbead0a96a8f44dbae737d85650d05bb9a903,4,5
u01-s002-v004,question,optionAnalysis[2].reason,d14d981100b7f490c1592f8c9b2df6c2e6eae232323b3cea728a5f52156185c3,9,27
u01-s002-v004,question,optionAnalysis[3].choice,4165fbec6beae39700070249d4cb92469ec58dffef9a8277daa2ebcc42862423,4,5
u01-s002-v004,question,optionAnalysis[3].reason,33f23a084dcf4403708b0da89e561a602bbe4d3b22c3d813a39c1d7592db8eee,9,27
u01-s002-v004,question,commonMistake,2292fc4ca343cb5b56cdb8e5dd5bbb56bfaf4acd4928430068458e2580c48c0e,17,40
u01-s002-v004,question,concept,a4107da64334a4cc8c6d1621b65a1beb88f5b6a27057426c75cc7b692dfed363,13,39
u01-s002-v004,question,tags[0],fd41540cbdbecb9b5fa7116d27c68e378548ab62ab7c7ca4494730a81ea87667,3,9
u01-s002-v004,question,tags[1],aa4bea1b6acb18c63952adfe351c5d2cc911c316b056fc2334a62479be0a7081,6,18
u01-s002-v004,question,tags[2],fe6d3468cf5c74d8ec2a95b40f2e05338c37a4202f8fad692d2b64a9cf9b468a,8,8
u01-s002-v004,question,estimatedTimeSec,39fa9ec190eee7b6f4dff1100d6343e10918d044c75eac8f9e9a2596173f80c9,2,2
u01-s002-v004,question,prerequisiteSkillIds[0],be94500938e9d6dffee7df9d3bb0232a3329c3f06b4e490dec770b124e66f5f7,29,29
u01-s002-v004,question,authoringIntent,1c16865578675d49126841eb8350229e5fee4a7dc491e3acadf60de41f94559f,11,33
u01-s002-v004,question,reviewStatus,ec809598e2f7fcc69fad54c9cd045bba62b4a0dc7c0ff90d4efdc3788c9ad8fb,22,22
u01-s002-v004,question,contentSha256,d34257a6c8666e698121cb56c05c53b17ec42f58fc6e6bdb72be173ae6aa9e69,64,64
u01-s002-v004,question,contentAuthority,ed40f75ffe3d6ad4e71f6e7919d063410490de360edb425965eccd605ca9d79e,25,25
u01-s002-v005,question,questionId,1a75e1888fe2bad4d159b58e9f11e2214b0144c95c7682d6cd08dc9336ba5433,13,13
u01-s002-v005,question,unitId,2055254ee30aaae13b777732834c89d7f799015d3af13b62fe05aeef8c3e0eaa,3,3
u01-s002-v005,question,topicId,e7d9d88eb7596ecb66c83bcfd7a554baef7612744a495523f5f8fae90be63bc7,18,18
u01-s002-v005,question,skillId,9acb7068b50b71b0be599486518d6c00dc6d3db8f17524202c8211f780bf2672,33,33
u01-s002-v005,question,difficulty,fe6d3468cf5c74d8ec2a95b40f2e05338c37a4202f8fad692d2b64a9cf9b468a,8,8
u01-s002-v005,question,type,6bc0f9c4ecb0acbebf1b9f6c816bdd66f4885f67c917d9e141cf893014fba936,2,2
u01-s002-v005,question,visualMode,9c7d54b0bf7a9369d8594201c7b11955514343809d09fbec33966c1fd9794015,9,9
u01-s002-v005,question,sourceScope,a4b669ddb8ef1883391c07a7b633f12eeaeecee7ec37c09eea4931aff6644346,19,19
u01-s002-v005,question,text,6bf8400021eba1ec074f7c1db3dc7f8dacf6ee5c3c5dc2f37872f1ee223fc378,51,141
u01-s002-v005,question,choices[0],9016fbbc56f3e273280b287c4f39db8bc129d663055ad240727a9c73cca248a3,11,21
u01-s002-v005,question,choices[1],a755cd43bb5282105789d340bd9cce11ff77592e657265dbf2503e0289bc24f6,11,21
u01-s002-v005,question,choices[2],f18db756d359a1fb03b6ca2a91a8023aa5a7208490ddbb9e4a0bdb87103d3169,11,21
u01-s002-v005,question,choices[3],96b633d31ed45d4619a4eb4280687e8e2b72c656e3fa0daf9d8d2dcd34cbe713,11,21
u01-s002-v005,question,explanation,5c55bcf8c09f2640990ad52dd8b3ce310ccd2994e03303e4c63110488a231cf6,40,96
u01-s002-v005,question,steps[0],39b4143c83f162259b14abf8df02f6e537f4a2e49db6f71da8944c092cea8bc3,7,21
u01-s002-v005,question,steps[1],fbff7deb2b96d2dbcc374c540afc3842aa7745d5ff6802faa93fe52a44f1e7dd,13,33
u01-s002-v005,question,steps[2],b5a6a1cb7f23d8e43adc33cf300b1468ee6f274251a3a7d50356b1f4dcbee10a,13,33
u01-s002-v005,question,optionAnalysis[0].choice,9016fbbc56f3e273280b287c4f39db8bc129d663055ad240727a9c73cca248a3,11,21
u01-s002-v005,question,optionAnalysis[0].reason,e45cdc5542be569465dd93f0503e87c54d326807fcf98f1213d5227d4d136b4f,11,33
u01-s002-v005,question,optionAnalysis[1].choice,a755cd43bb5282105789d340bd9cce11ff77592e657265dbf2503e0289bc24f6,11,21
u01-s002-v005,question,optionAnalysis[1].reason,09562c37c0fc3a29e8df7aa2e199845552cf8e2aa65c1a9adce024658249e9c6,10,30
u01-s002-v005,question,optionAnalysis[2].choice,f18db756d359a1fb03b6ca2a91a8023aa5a7208490ddbb9e4a0bdb87103d3169,11,21
u01-s002-v005,question,optionAnalysis[2].reason,9bcc15da61c679122675af4897c64118731df140873d0a9e7f336378edbb14a4,10,30
u01-s002-v005,question,optionAnalysis[3].choice,96b633d31ed45d4619a4eb4280687e8e2b72c656e3fa0daf9d8d2dcd34cbe713,11,21
u01-s002-v005,question,optionAnalysis[3].reason,1255d927b735500d7342c19ffe620157368af0e9fd0d7b3a23f08f88a57ccb46,10,30
u01-s002-v005,question,commonMistake,93575f9257c70612145c71ead8183e6b30a7617426814bbbc25d82b95a7e443b,20,60
u01-s002-v005,question,concept,9e36895f575288f5a294e6f40a63806e46b25f2102759110c761c449895fc638,16,48
u01-s002-v005,question,tags[0],fd41540cbdbecb9b5fa7116d27c68e378548ab62ab7c7ca4494730a81ea87667,3,9
u01-s002-v005,question,tags[1],aa4bea1b6acb18c63952adfe351c5d2cc911c316b056fc2334a62479be0a7081,6,18
u01-s002-v005,question,tags[2],fe6d3468cf5c74d8ec2a95b40f2e05338c37a4202f8fad692d2b64a9cf9b468a,8,8
u01-s002-v005,question,estimatedTimeSec,39fa9ec190eee7b6f4dff1100d6343e10918d044c75eac8f9e9a2596173f80c9,2,2
u01-s002-v005,question,prerequisiteSkillIds[0],be94500938e9d6dffee7df9d3bb0232a3329c3f06b4e490dec770b124e66f5f7,29,29
u01-s002-v005,question,authoringIntent,3bca5dfe2a2fc8aabe1e8d5e1e400c124cca8d2f573a3be906ee0f0c798437db,15,45
u01-s002-v005,question,reviewStatus,ec809598e2f7fcc69fad54c9cd045bba62b4a0dc7c0ff90d4efdc3788c9ad8fb,22,22
u01-s002-v005,question,contentSha256,881525a006e8f5132fe0a16e75a613af3802a787906accbbe723c2b92b324e7f,64,64
u01-s002-v005,question,contentAuthority,ed40f75ffe3d6ad4e71f6e7919d063410490de360edb425965eccd605ca9d79e,25,25
u01-s002-v006,question,questionId,9b6998d8e2ac73f3a5a42a898c019072964672ea6cac49d7abde9dc656a47363,13,13
u01-s002-v006,question,unitId,2055254ee30aaae13b777732834c89d7f799015d3af13b62fe05aeef8c3e0eaa,3,3
u01-s002-v006,question,topicId,e7d9d88eb7596ecb66c83bcfd7a554baef7612744a495523f5f8fae90be63bc7,18,18
u01-s002-v006,question,skillId,9acb7068b50b71b0be599486518d6c00dc6d3db8f17524202c8211f780bf2672,33,33
u01-s002-v006,question,difficulty,fe6d3468cf5c74d8ec2a95b40f2e05338c37a4202f8fad692d2b64a9cf9b468a,8,8
u01-s002-v006,question,type,6bc0f9c4ecb0acbebf1b9f6c816bdd66f4885f67c917d9e141cf893014fba936,2,2
u01-s002-v006,question,visualMode,9c7d54b0bf7a9369d8594201c7b11955514343809d09fbec33966c1fd9794015,9,9
u01-s002-v006,question,sourceScope,a4b669ddb8ef1883391c07a7b633f12eeaeecee7ec37c09eea4931aff6644346,19,19
u01-s002-v006,question,text,6082124fd504fd2da69d5f36a08838c6369c8cccd1121439e3a674c49fbd1663,33,81
u01-s002-v006,question,choices[0],f357bf080688e7c1f985bd328b11de4786d6e4cac28c538d88ecbcf3ab5701d4,5,6
u01-s002-v006,question,choices[1],23d12a4c89e44c87329d2b828da745093ae51c98bcb383452d3d1421e53d0ada,3,4
u01-s002-v006,question,choices[2],f0eb77cf06f08d69d8a5ad6319062df0b18b7dd076aa8f90e4898a519dce2309,3,4
u01-s002-v006,question,choices[3],ca2803a5bac86e1319474d3cbdb88ebf7debbb44f13ed5769572d81ce246e736,4,5
u01-s002-v006,question,explanation,88e858e2666a5a350e3a42d7f58401c98d8af13b97d12073ced51131b4051141,23,54
u01-s002-v006,question,steps[0],5ea0ef07f57a649493380d618548149ddda6284666223452d4ad6efcc697830c,10,21
u01-s002-v006,question,steps[1],cbe60df763412a9d06d31df2ea8ab61c65249441b0015b832dfdd232b28a6523,14,24
u01-s002-v006,question,steps[2],b8c4c61cedfc9d16f464558e002e61c83f71b945b31da2b14978c2f975a6a076,9,12
u01-s002-v006,question,optionAnalysis[0].choice,f357bf080688e7c1f985bd328b11de4786d6e4cac28c538d88ecbcf3ab5701d4,5,6
u01-s002-v006,question,optionAnalysis[0].reason,e78ce58fd05cc4e561cc916b1ba608aa01d37d4b0442fa0f96bb770bc57be96f,10,16
u01-s002-v006,question,optionAnalysis[1].choice,23d12a4c89e44c87329d2b828da745093ae51c98bcb383452d3d1421e53d0ada,3,4
u01-s002-v006,question,optionAnalysis[1].reason,2777180d7832fc6ebca41ef691d8b8832a0336270f037ba96f19866eae235236,11,33
u01-s002-v006,question,optionAnalysis[2].choice,f0eb77cf06f08d69d8a5ad6319062df0b18b7dd076aa8f90e4898a519dce2309,3,4
u01-s002-v006,question,optionAnalysis[2].reason,ee3f57f7f177bca3f5a879bb75c845d4f3fa184163931a41999d84fcb1783c21,6,18
u01-s002-v006,question,optionAnalysis[3].choice,ca2803a5bac86e1319474d3cbdb88ebf7debbb44f13ed5769572d81ce246e736,4,5
u01-s002-v006,question,optionAnalysis[3].reason,61aee05a0a2fe13143cb3cd3e3d462cba7842ecf1e54b154f6f08074db22d834,7,21
u01-s002-v006,question,commonMistake,8dc1533f9de18ca9366af8733b73367d0fb284c475666fdad70b981055fe7bd1,21,50
u01-s002-v006,question,concept,24635d549f855dee3431dba39ab0321902f08360a25b3af125adb1a3662c35e7,13,39
u01-s002-v006,question,tags[0],fd41540cbdbecb9b5fa7116d27c68e378548ab62ab7c7ca4494730a81ea87667,3,9
u01-s002-v006,question,tags[1],aa4bea1b6acb18c63952adfe351c5d2cc911c316b056fc2334a62479be0a7081,6,18
u01-s002-v006,question,tags[2],fe6d3468cf5c74d8ec2a95b40f2e05338c37a4202f8fad692d2b64a9cf9b468a,8,8
u01-s002-v006,question,estimatedTimeSec,39fa9ec190eee7b6f4dff1100d6343e10918d044c75eac8f9e9a2596173f80c9,2,2
u01-s002-v006,question,prerequisiteSkillIds[0],be94500938e9d6dffee7df9d3bb0232a3329c3f06b4e490dec770b124e66f5f7,29,29
u01-s002-v006,question,authoringIntent,363e1aeebed6aeb9c93351987f1eaebe30fedf580fa0f2c030f182a3844cea50,14,42
u01-s002-v006,question,reviewStatus,ec809598e2f7fcc69fad54c9cd045bba62b4a0dc7c0ff90d4efdc3788c9ad8fb,22,22
u01-s002-v006,question,contentSha256,00db0c3c77d676ca327d4ae5106ec490baa7bdd61520994d9dbb51cd8563345c,64,64
u01-s002-v006,question,contentAuthority,ed40f75ffe3d6ad4e71f6e7919d063410490de360edb425965eccd605ca9d79e,25,25
u01-s002-v007,question,questionId,bc5f0e94ef1c9cb69d70807ae31854894f47c9da3a8e2ae290e3b496cc3cd685,13,13
u01-s002-v007,question,unitId,2055254ee30aaae13b777732834c89d7f799015d3af13b62fe05aeef8c3e0eaa,3,3
u01-s002-v007,question,topicId,e7d9d88eb7596ecb66c83bcfd7a554baef7612744a495523f5f8fae90be63bc7,18,18
u01-s002-v007,question,skillId,9acb7068b50b71b0be599486518d6c00dc6d3db8f17524202c8211f780bf2672,33,33
u01-s002-v007,question,difficulty,d21f85ea38166303ce58e06134b5cc4a5c900c409ab2a500ff7c9225109a09bb,8,8
u01-s002-v007,question,type,6bc0f9c4ecb0acbebf1b9f6c816bdd66f4885f67c917d9e141cf893014fba936,2,2
u01-s002-v007,question,visualMode,9c7d54b0bf7a9369d8594201c7b11955514343809d09fbec33966c1fd9794015,9,9
u01-s002-v007,question,sourceScope,a4b669ddb8ef1883391c07a7b633f12eeaeecee7ec37c09eea4931aff6644346,19,19
u01-s002-v007,question,text,47a1a9153d5c988f02a87b870df3d487b4384ceab2b749c05a746900140f6b3c,52,128
u01-s002-v007,question,choices[0],edf688b60a972ba77dc0f65f6b319040be1a55c0293bb90d3724ad7db8230a57,4,8
u01-s002-v007,question,choices[1],50ec88d59d9cd851afdf2faac8da37f6f76dd935ece67a54bc1acce42e50bf19,5,9
u01-s002-v007,question,choices[2],28ee519718ed54ea90bf77dbbe8ef4ecc87f06bbdcf978f633069137809ce9f4,5,9
u01-s002-v007,question,choices[3],77dd48d2a362ef37ed35164abd738c84b9e33e405ae6e7ee15a84c3705d0d2b7,6,10
u01-s002-v007,question,explanation,810af401c30b7176a5fe81a2089bdb5a1847848576766504c3c75bceb625827d,50,80
u01-s002-v007,question,steps[0],9808c1aabeca51502df42c1fab9b6974f81f063efc6be0cd128f30f31c04f8da,11,25
u01-s002-v007,question,steps[1],fdd4078008d90b40b852b6206c892397313df9ba91eea5a8415367c374343767,11,25
u01-s002-v007,question,steps[2],eccf9826dfe86d2c2d1b13cd2ad7b9302963334c0d0e86464ed20a71a27fc9c7,13,31
u01-s002-v007,question,optionAnalysis[0].choice,edf688b60a972ba77dc0f65f6b319040be1a55c0293bb90d3724ad7db8230a57,4,8
u01-s002-v007,question,optionAnalysis[0].reason,447d03e9e82fc5e086715c9133344691024c0184fe20e94eb85dbcc2139a232f,12,36
u01-s002-v007,question,optionAnalysis[1].choice,50ec88d59d9cd851afdf2faac8da37f6f76dd935ece67a54bc1acce42e50bf19,5,9
u01-s002-v007,question,optionAnalysis[1].reason,3d89e3cc18eb015d61bd5af9e012599ad08c8fc466e80f987a686f9f7d208342,8,24
u01-s002-v007,question,optionAnalysis[2].choice,28ee519718ed54ea90bf77dbbe8ef4ecc87f06bbdcf978f633069137809ce9f4,5,9
u01-s002-v007,question,optionAnalysis[2].reason,482c81b3354dc6337a55af0c60cc5f028d5f1ad04826d4576a1ca05873627e89,23,53
u01-s002-v007,question,optionAnalysis[3].choice,77dd48d2a362ef37ed35164abd738c84b9e33e405ae6e7ee15a84c3705d0d2b7,6,10
u01-s002-v007,question,optionAnalysis[3].reason,a1f1bde06cebc01611cb1870a1c73999450c730f3eb66832a896e166b9a97bc0,10,30
u01-s002-v007,question,commonMistake,98c6509bf74d4b6c1ee5997c3d58919a9a0d51a8b07a07de07535a6e25c869e2,21,53
u01-s002-v007,question,concept,65872e17f0b362300a5d53446cf9a7a2031a20768edb9c167a97f0ad7f6df488,22,66
u01-s002-v007,question,tags[0],fd41540cbdbecb9b5fa7116d27c68e378548ab62ab7c7ca4494730a81ea87667,3,9
u01-s002-v007,question,tags[1],aa4bea1b6acb18c63952adfe351c5d2cc911c316b056fc2334a62479be0a7081,6,18
u01-s002-v007,question,tags[2],d21f85ea38166303ce58e06134b5cc4a5c900c409ab2a500ff7c9225109a09bb,8,8
u01-s002-v007,question,estimatedTimeSec,39fa9ec190eee7b6f4dff1100d6343e10918d044c75eac8f9e9a2596173f80c9,2,2
u01-s002-v007,question,prerequisiteSkillIds[0],be94500938e9d6dffee7df9d3bb0232a3329c3f06b4e490dec770b124e66f5f7,29,29
u01-s002-v007,question,authoringIntent,b66a46ddf4d8815b154ac90599cff884e706bd4f3e21aaeccc635200b85d96a6,17,51
u01-s002-v007,question,reviewStatus,ec809598e2f7fcc69fad54c9cd045bba62b4a0dc7c0ff90d4efdc3788c9ad8fb,22,22
u01-s002-v007,question,contentSha256,5d0866105fc45c49c01eb917ed77496787a1afa50fbaf7bafd0d14fc862dc002,64,64
u01-s002-v007,question,contentAuthority,ed40f75ffe3d6ad4e71f6e7919d063410490de360edb425965eccd605ca9d79e,25,25
u01-s002-v008,question,questionId,5ceeeb209448bde95c7a267c13efac109042d87e0433c48a97838fb6d4435b8c,13,13
u01-s002-v008,question,unitId,2055254ee30aaae13b777732834c89d7f799015d3af13b62fe05aeef8c3e0eaa,3,3
u01-s002-v008,question,topicId,e7d9d88eb7596ecb66c83bcfd7a554baef7612744a495523f5f8fae90be63bc7,18,18
u01-s002-v008,question,skillId,9acb7068b50b71b0be599486518d6c00dc6d3db8f17524202c8211f780bf2672,33,33
u01-s002-v008,question,difficulty,d21f85ea38166303ce58e06134b5cc4a5c900c409ab2a500ff7c9225109a09bb,8,8
u01-s002-v008,question,type,6bc0f9c4ecb0acbebf1b9f6c816bdd66f4885f67c917d9e141cf893014fba936,2,2
u01-s002-v008,question,visualMode,9c7d54b0bf7a9369d8594201c7b11955514343809d09fbec33966c1fd9794015,9,9
u01-s002-v008,question,sourceScope,a4b669ddb8ef1883391c07a7b633f12eeaeecee7ec37c09eea4931aff6644346,19,19
u01-s002-v008,question,text,41f0b9d1d75136e1133129c5378c90e162f84043e900b337eb960d88607a8166,41,95
u01-s002-v008,question,choices[0],d4164222ab092fc21ef69ed0526f32a2c22ff11bb9742d0986ece37b0e35d136,9,23
u01-s002-v008,question,choices[1],097d166a6ce6251cb2bcf8d892cf55f70ca980649910c8088928d30dcdb62a5b,8,24
u01-s002-v008,question,choices[2],b50fcc8cd2a6a5c5fa9e5abdca381ab1586c3b98bb31a0317b8f6427b986560d,9,23
u01-s002-v008,question,choices[3],f6bf7ae2e192ec17670aef775588153ad82a3c510854ea92dac3f728cf109d5c,9,23
u01-s002-v008,question,explanation,c77ffc69f800c6289f4b8849da584bf7d9511ac575e7383d84a3336863df280f,54,112
u01-s002-v008,question,steps[0],cebae5715ff6094ebc44aedfcca8ed0a8087e6ae40c39ee01a158496b5409c92,8,18
u01-s002-v008,question,steps[1],dbd60c3ed31917d3556b3fac3972dd2a2a6d4cd05a60585c63d43c3d908ae01c,8,18
u01-s002-v008,question,steps[2],7131ee0bfce46161461bcced970839537d116e92331e97eca3c5193aa5469a77,8,10
u01-s002-v008,question,optionAnalysis[0].choice,d4164222ab092fc21ef69ed0526f32a2c22ff11bb9742d0986ece37b0e35d136,9,23
u01-s002-v008,question,optionAnalysis[0].reason,a8a43daad5c8ee72223e59b39b4f41b1c925e0dcd3223da004be6e90c58c0ff4,6,18
u01-s002-v008,question,optionAnalysis[1].choice,097d166a6ce6251cb2bcf8d892cf55f70ca980649910c8088928d30dcdb62a5b,8,24
u01-s002-v008,question,optionAnalysis[1].reason,c0199d60670c4902777764ee520fe029a587b9b7e33d8cb61a4c8457f4c8b819,12,22
u01-s002-v008,question,optionAnalysis[2].choice,b50fcc8cd2a6a5c5fa9e5abdca381ab1586c3b98bb31a0317b8f6427b986560d,9,23
u01-s002-v008,question,optionAnalysis[2].reason,7de6272cdfe53bc8bf06326e1f9139b157fceef6a77e37352b67bbe513081ecb,20,56
u01-s002-v008,question,optionAnalysis[3].choice,f6bf7ae2e192ec17670aef775588153ad82a3c510854ea92dac3f728cf109d5c,9,23
u01-s002-v008,question,optionAnalysis[3].reason,b5bea9676b94b9b979abb4cf89b6cf287c3a4891c724849a7b16627816a9ac63,12,36
u01-s002-v008,question,commonMistake,3ae3eabe1f984c0f7e6fb294d2f89ea900594f62a7b1e0827a479ce594d8f697,20,60
u01-s002-v008,question,concept,a44f9307bd8cf4ce2ca0f219dc4ae5a6d899a557d8b92c074da9b54d99531522,18,54
u01-s002-v008,question,tags[0],fd41540cbdbecb9b5fa7116d27c68e378548ab62ab7c7ca4494730a81ea87667,3,9
u01-s002-v008,question,tags[1],aa4bea1b6acb18c63952adfe351c5d2cc911c316b056fc2334a62479be0a7081,6,18
u01-s002-v008,question,tags[2],d21f85ea38166303ce58e06134b5cc4a5c900c409ab2a500ff7c9225109a09bb,8,8
u01-s002-v008,question,estimatedTimeSec,39fa9ec190eee7b6f4dff1100d6343e10918d044c75eac8f9e9a2596173f80c9,2,2
u01-s002-v008,question,prerequisiteSkillIds[0],be94500938e9d6dffee7df9d3bb0232a3329c3f06b4e490dec770b124e66f5f7,29,29
u01-s002-v008,question,authoringIntent,374da5dc4d2b04e55035ba8c4c7ff2f7a35cc03d615afaeea57ffac0e1bc73f8,14,42
u01-s002-v008,question,reviewStatus,ec809598e2f7fcc69fad54c9cd045bba62b4a0dc7c0ff90d4efdc3788c9ad8fb,22,22
u01-s002-v008,question,contentSha256,bca662aefcaac92a3492f9a0d1055d4730c5d4653e67522d093d9120dea4e164,64,64
u01-s002-v008,question,contentAuthority,ed40f75ffe3d6ad4e71f6e7919d063410490de360edb425965eccd605ca9d79e,25,25
u01-s002-v009,question,questionId,898a59da3d8bbcd8d2a3cad3bc0645b7f9143ac936d35f3515c7b0613d33ad86,13,13
u01-s002-v009,question,unitId,2055254ee30aaae13b777732834c89d7f799015d3af13b62fe05aeef8c3e0eaa,3,3
u01-s002-v009,question,topicId,e7d9d88eb7596ecb66c83bcfd7a554baef7612744a495523f5f8fae90be63bc7,18,18
u01-s002-v009,question,skillId,9acb7068b50b71b0be599486518d6c00dc6d3db8f17524202c8211f780bf2672,33,33
u01-s002-v009,question,difficulty,d21f85ea38166303ce58e06134b5cc4a5c900c409ab2a500ff7c9225109a09bb,8,8
u01-s002-v009,question,type,6bc0f9c4ecb0acbebf1b9f6c816bdd66f4885f67c917d9e141cf893014fba936,2,2
u01-s002-v009,question,visualMode,9c7d54b0bf7a9369d8594201c7b11955514343809d09fbec33966c1fd9794015,9,9
u01-s002-v009,question,sourceScope,a4b669ddb8ef1883391c07a7b633f12eeaeecee7ec37c09eea4931aff6644346,19,19
u01-s002-v009,question,text,f7fd2f8a17fb62366a216c0f8ba48805d6b945d59b88efe2592253a374772b0a,40,106
u01-s002-v009,question,choices[0],615bdd17c2556f82f384392ea8557f8cc88b03501c759e23093ab0b2a9b5cd48,2,2
u01-s002-v009,question,choices[1],d3471dcc109cd382f5e09a64253c2219958b5f8f07371fba48ac81fed97bb18a,3,3
u01-s002-v009,question,choices[2],25330787f7103595ba4b15f0fae03a4256be5cef360745865a5bd1f87d0b098e,2,2
u01-s002-v009,question,choices[3],445a88269432653b62c8655fe86d9f023d1a6a83bf9f186c5642cff4a1bfcfd8,2,2
u01-s002-v009,question,explanation,88176cc9a805639aa450eaff621a37ee81fc0142ec9a52ebcc3e01a465aa1769,29,47
u01-s002-v009,question,steps[0],2ac804623ca7cfbaefa5a486d01ef3dfe1fa2c6dfd0ca2e067feb0ed27296051,15,25
u01-s002-v009,question,steps[1],59cf469d9e0a73d099dd27af49d0df46f3de1a6472db6566c40cccb3e676bd14,8,20
u01-s002-v009,question,steps[2],8a102a90afa9d33502a811fddbe60ccf479a6219688c0acea7b40bfad3709f62,10,12
u01-s002-v009,question,optionAnalysis[0].choice,615bdd17c2556f82f384392ea8557f8cc88b03501c759e23093ab0b2a9b5cd48,2,2
u01-s002-v009,question,optionAnalysis[0].reason,6928603bd9ce8ef90d2bab4e268f136664f4b84897809435a1018f6b9c7c5e18,5,15
u01-s002-v009,question,optionAnalysis[1].choice,d3471dcc109cd382f5e09a64253c2219958b5f8f07371fba48ac81fed97bb18a,3,3
u01-s002-v009,question,optionAnalysis[1].reason,a28f82137c7ad68dceed50048d74d6a48d76de4f5d4861ec4693bb23ea17bb29,12,36
u01-s002-v009,question,optionAnalysis[2].choice,25330787f7103595ba4b15f0fae03a4256be5cef360745865a5bd1f87d0b098e,2,2
u01-s002-v009,question,optionAnalysis[2].reason,85017f1890f01da472b7f25944900c4757433e6cf7c1fc799a3c9daf19b74a6c,7,21
u01-s002-v009,question,optionAnalysis[3].choice,445a88269432653b62c8655fe86d9f023d1a6a83bf9f186c5642cff4a1bfcfd8,2,2
u01-s002-v009,question,optionAnalysis[3].reason,39b31dc01721bb85d2675b57efb337e8aaebd1ecb023680471dac0de0dfd344b,12,36
u01-s002-v009,question,commonMistake,75aa20460675d1d9dc50327120294255dd1f4ce586006607c42c434d5aa034f1,14,42
u01-s002-v009,question,concept,ae8c14f0c55f52e28882122199d3b4508488ac8579930c41659bdb1091695e76,14,42
u01-s002-v009,question,tags[0],fd41540cbdbecb9b5fa7116d27c68e378548ab62ab7c7ca4494730a81ea87667,3,9
u01-s002-v009,question,tags[1],aa4bea1b6acb18c63952adfe351c5d2cc911c316b056fc2334a62479be0a7081,6,18
u01-s002-v009,question,tags[2],d21f85ea38166303ce58e06134b5cc4a5c900c409ab2a500ff7c9225109a09bb,8,8
u01-s002-v009,question,estimatedTimeSec,39fa9ec190eee7b6f4dff1100d6343e10918d044c75eac8f9e9a2596173f80c9,2,2
u01-s002-v009,question,prerequisiteSkillIds[0],be94500938e9d6dffee7df9d3bb0232a3329c3f06b4e490dec770b124e66f5f7,29,29
u01-s002-v009,question,authoringIntent,3e072adec2d17bdc1ed47021705c5175affe6c2bc8893f93d3cbbd98ded06def,15,45
u01-s002-v009,question,reviewStatus,ec809598e2f7fcc69fad54c9cd045bba62b4a0dc7c0ff90d4efdc3788c9ad8fb,22,22
u01-s002-v009,question,contentSha256,5dff0b97ec384220e987486fd89ff9c7b29da087364a6235376450f9225247be,64,64
u01-s002-v009,question,contentAuthority,ed40f75ffe3d6ad4e71f6e7919d063410490de360edb425965eccd605ca9d79e,25,25
u01-s002-v010,question,questionId,068672ef805b6221b3f56a49da3d006879ee5a54620dfdb82a84e4cc688eee11,13,13
u01-s002-v010,question,unitId,2055254ee30aaae13b777732834c89d7f799015d3af13b62fe05aeef8c3e0eaa,3,3
u01-s002-v010,question,topicId,e7d9d88eb7596ecb66c83bcfd7a554baef7612744a495523f5f8fae90be63bc7,18,18
u01-s002-v010,question,skillId,9acb7068b50b71b0be599486518d6c00dc6d3db8f17524202c8211f780bf2672,33,33
u01-s002-v010,question,difficulty,578756ca4aa16d8872610a5aaa78460fd30fbe93379ff7284fe65d66ca606755,8,8
u01-s002-v010,question,type,6bc0f9c4ecb0acbebf1b9f6c816bdd66f4885f67c917d9e141cf893014fba936,2,2
u01-s002-v010,question,visualMode,9c7d54b0bf7a9369d8594201c7b11955514343809d09fbec33966c1fd9794015,9,9
u01-s002-v010,question,sourceScope,a4b669ddb8ef1883391c07a7b633f12eeaeecee7ec37c09eea4931aff6644346,19,19
u01-s002-v010,question,text,42188e9a4041436d7362867abdf374027bb13581e67ebcc5acb46e4a1115ab8c,55,134
u01-s002-v010,question,choices[0],de08721de027fc2f0990a23da65040fa45a5df98e9fb8aa777ef39a6e64ec7c6,17,29
u01-s002-v010,question,choices[1],5a71721591d340b4fabe8c9163ac9b1290232b49d66dcadad651f4c8be93a916,26,49
u01-s002-v010,question,choices[2],77bd2053e56f26809a84d1bc09df9aa7a239d97048bc1b029497b030fac5050b,14,26
u01-s002-v010,question,choices[3],fed5ef49afb663b07774f8102cde0abd38ccf81009b6201f8fefad6492da2fbf,15,38
u01-s002-v010,question,explanation,a4f56513119202f03bae63eb1c6fc5cbae692529b52c91a4df2039f69eddb56a,44,61
u01-s002-v010,question,steps[0],8dcc596da5e48fb7deea8f32c4de42181641a535ac74cd1bf3e87d49fbbdd9f1,14,29
u01-s002-v010,question,steps[1],e48ee4ee360f92514fbd9ceaa54c3c5c665f126c7f4ae55bd435c714fce2ef60,13,25
u01-s002-v010,question,steps[2],204522a3cd12fcea18082283c2377ab09dff8465dec93d5690d0f493e2d1ac7a,19,32
u01-s002-v010,question,optionAnalysis[0].choice,de08721de027fc2f0990a23da65040fa45a5df98e9fb8aa777ef39a6e64ec7c6,17,29
u01-s002-v010,question,optionAnalysis[0].reason,d7cc1ca857168287cda48e56e2aaa0a562183bdb211dcf17c41f926857e38861,10,30
u01-s002-v010,question,optionAnalysis[1].choice,5a71721591d340b4fabe8c9163ac9b1290232b49d66dcadad651f4c8be93a916,26,49
u01-s002-v010,question,optionAnalysis[1].reason,a76525b1a46dc4b6ad3e972a14b5abd57b7eaeaea762c05c45b4473303cbafd1,11,33
u01-s002-v010,question,optionAnalysis[2].choice,77bd2053e56f26809a84d1bc09df9aa7a239d97048bc1b029497b030fac5050b,14,26
u01-s002-v010,question,optionAnalysis[2].reason,918beb5e90b0c88bd35f27361565eec541dc8209e5e618f8940b288f11e1b6d8,9,27
u01-s002-v010,question,optionAnalysis[3].choice,fed5ef49afb663b07774f8102cde0abd38ccf81009b6201f8fefad6492da2fbf,15,38
u01-s002-v010,question,optionAnalysis[3].reason,5f0c3d8faaa87e3802f9bf29b93268001fef83aa611dd8f3e7d29902241d5a0a,16,41
u01-s002-v010,question,commonMistake,59b9529d904680e4a9a84bf0689dcd6ae2a6f9b83bd0e9b902b5c30a81bc9bd3,28,61
u01-s002-v010,question,concept,3015d97e20e32c3ecd4617c7b320c6ed385aebe3b2449b8f7f326e886f90a875,20,60
u01-s002-v010,question,tags[0],fd41540cbdbecb9b5fa7116d27c68e378548ab62ab7c7ca4494730a81ea87667,3,9
u01-s002-v010,question,tags[1],aa4bea1b6acb18c63952adfe351c5d2cc911c316b056fc2334a62479be0a7081,6,18
u01-s002-v010,question,tags[2],578756ca4aa16d8872610a5aaa78460fd30fbe93379ff7284fe65d66ca606755,8,8
u01-s002-v010,question,estimatedTimeSec,69f59c273b6e669ac32a6dd5e1b2cb63333d8b004f9696447aee2d422ce63763,2,2
u01-s002-v010,question,prerequisiteSkillIds[0],be94500938e9d6dffee7df9d3bb0232a3329c3f06b4e490dec770b124e66f5f7,29,29
u01-s002-v010,question,authoringIntent,3cc905768c211e3e88937a48d7c29cefd41417b54966e4d24eec749bbe830286,14,42
u01-s002-v010,question,literacyContextNecessity,32ac08302626f1721aa369aa7a8653766c6c289486bb66d12e5f54cfba151c1b,25,75
u01-s002-v010,question,reviewStatus,ec809598e2f7fcc69fad54c9cd045bba62b4a0dc7c0ff90d4efdc3788c9ad8fb,22,22
u01-s002-v010,question,contentSha256,cf0077a8a0700a7fcbd2225362d6989cb0560fe938466127b55475da2b5656e3,64,64
u01-s002-v010,question,contentAuthority,ed40f75ffe3d6ad4e71f6e7919d063410490de360edb425965eccd605ca9d79e,25,25
u01-s002-v011,question,questionId,e3921cf73aaa1f50ce535992bc6fcab7d4ac957414bc31e50ece72dab4a5b8a6,13,13
u01-s002-v011,question,unitId,2055254ee30aaae13b777732834c89d7f799015d3af13b62fe05aeef8c3e0eaa,3,3
u01-s002-v011,question,topicId,e7d9d88eb7596ecb66c83bcfd7a554baef7612744a495523f5f8fae90be63bc7,18,18
u01-s002-v011,question,skillId,9acb7068b50b71b0be599486518d6c00dc6d3db8f17524202c8211f780bf2672,33,33
u01-s002-v011,question,difficulty,578756ca4aa16d8872610a5aaa78460fd30fbe93379ff7284fe65d66ca606755,8,8
u01-s002-v011,question,type,6bc0f9c4ecb0acbebf1b9f6c816bdd66f4885f67c917d9e141cf893014fba936,2,2
u01-s002-v011,question,visualMode,9c7d54b0bf7a9369d8594201c7b11955514343809d09fbec33966c1fd9794015,9,9
u01-s002-v011,question,sourceScope,a4b669ddb8ef1883391c07a7b633f12eeaeecee7ec37c09eea4931aff6644346,19,19
u01-s002-v011,question,text,6ffdb3c6018f3c3ef0bf9dd1097ef58c2d4d4df7c7290051ec0263feb5e21c6f,59,149
u01-s002-v011,question,choices[0],01949fbda8d292cca780cc8b1704cd6050ea74648ba27510b7434c4571ff1259,8,16
u01-s002-v011,question,choices[1],e69629bcadfe94610172977085b07f23519975cd2691393d3e9b180597938c1e,8,16
u01-s002-v011,question,choices[2],b47e88d521e8b793de1483295ace07bb07e635651d94f974e0ec945f142af64e,8,16
u01-s002-v011,question,choices[3],6050dfc674680e2bc2e6816460478583e869f50917131b4a3acdda29b1420e1d,9,17
u01-s002-v011,question,explanation,501f1ca44a3795db1f649601c92f5f6f647f613093de870c22d495adcd695fae,64,126
u01-s002-v011,question,steps[0],581c4182b8797990489d9b2408586ca2773141c5e962456439aa8f40f3c50d29,16,48
u01-s002-v011,question,steps[1],7e375c3580a62e91a14b864ec0631e14e78cb531b0a97146f44f78018d4705b0,8,24
u01-s002-v011,question,steps[2],7341c99c3c72964f6a27e82ab2a067ac406030222070517c9e06acd83a119dd6,17,35
u01-s002-v011,question,optionAnalysis[0].choice,01949fbda8d292cca780cc8b1704cd6050ea74648ba27510b7434c4571ff1259,8,16
u01-s002-v011,question,optionAnalysis[0].reason,1568ede03cd60abbab0ce58d5a7a7c3d1e77eae5f9232f3f9dcccc72c7d96815,13,25
u01-s002-v011,question,optionAnalysis[1].choice,e69629bcadfe94610172977085b07f23519975cd2691393d3e9b180597938c1e,8,16
u01-s002-v011,question,optionAnalysis[1].reason,e797a9e4eeb44efc71370ea9507670c3535a48087404af9e2b5478b7906c76e2,8,24
u01-s002-v011,question,optionAnalysis[2].choice,b47e88d521e8b793de1483295ace07bb07e635651d94f974e0ec945f142af64e,8,16
u01-s002-v011,question,optionAnalysis[2].reason,9c5120ffd3d6970296c0ab41bb4d67c703da115ef952abe7f29bdbf1b213b2b4,12,36
u01-s002-v011,question,optionAnalysis[3].choice,6050dfc674680e2bc2e6816460478583e869f50917131b4a3acdda29b1420e1d,9,17
u01-s002-v011,question,optionAnalysis[3].reason,cf05df74a72cc607fe335e19176b4a602daf3b4917db2e203c4b5fae2b5da268,13,39
u01-s002-v011,question,commonMistake,37c622c9dd684c9a2331be31b5470e131ef101191897e8565d691e3cfd4b2a38,29,71
u01-s002-v011,question,concept,64c8fe835082d5325a556a74f80d7f0350c678179f3aae79ec78be7bf7b8e7a7,20,60
u01-s002-v011,question,tags[0],fd41540cbdbecb9b5fa7116d27c68e378548ab62ab7c7ca4494730a81ea87667,3,9
u01-s002-v011,question,tags[1],aa4bea1b6acb18c63952adfe351c5d2cc911c316b056fc2334a62479be0a7081,6,18
u01-s002-v011,question,tags[2],578756ca4aa16d8872610a5aaa78460fd30fbe93379ff7284fe65d66ca606755,8,8
u01-s002-v011,question,estimatedTimeSec,69f59c273b6e669ac32a6dd5e1b2cb63333d8b004f9696447aee2d422ce63763,2,2
u01-s002-v011,question,prerequisiteSkillIds[0],be94500938e9d6dffee7df9d3bb0232a3329c3f06b4e490dec770b124e66f5f7,29,29
u01-s002-v011,question,authoringIntent,802f9d184ca6ce291a6ff508a7b61e180306f60e8094e7d8d85e8ab693c8dc10,20,60
u01-s002-v011,question,literacyContextNecessity,3785bda5a119c86ad49cd87224e9154c26606e23e466838c3d2a0bcda3b580a6,24,72
u01-s002-v011,question,reviewStatus,ec809598e2f7fcc69fad54c9cd045bba62b4a0dc7c0ff90d4efdc3788c9ad8fb,22,22
u01-s002-v011,question,contentSha256,b3fdba40a5ddd4e6bf20590d44d41185d8710e1802d4865dd964af2af6cf80c3,64,64
u01-s002-v011,question,contentAuthority,ed40f75ffe3d6ad4e71f6e7919d063410490de360edb425965eccd605ca9d79e,25,25
u01-s002-v012,question,questionId,09918df38f2cc91c4e4142379a71421b7f83cebeff64f813f7f7ab0f017865e2,13,13
u01-s002-v012,question,unitId,2055254ee30aaae13b777732834c89d7f799015d3af13b62fe05aeef8c3e0eaa,3,3
u01-s002-v012,question,topicId,e7d9d88eb7596ecb66c83bcfd7a554baef7612744a495523f5f8fae90be63bc7,18,18
u01-s002-v012,question,skillId,9acb7068b50b71b0be599486518d6c00dc6d3db8f17524202c8211f780bf2672,33,33
u01-s002-v012,question,difficulty,578756ca4aa16d8872610a5aaa78460fd30fbe93379ff7284fe65d66ca606755,8,8
u01-s002-v012,question,type,6bc0f9c4ecb0acbebf1b9f6c816bdd66f4885f67c917d9e141cf893014fba936,2,2
u01-s002-v012,question,visualMode,9c7d54b0bf7a9369d8594201c7b11955514343809d09fbec33966c1fd9794015,9,9
u01-s002-v012,question,sourceScope,a4b669ddb8ef1883391c07a7b633f12eeaeecee7ec37c09eea4931aff6644346,19,19
u01-s002-v012,question,text,70767fea03df509555226b3822224ccbda7edf8d22ceb698e6b3ec762a48a49b,66,150
u01-s002-v012,question,choices[0],213280dd9283927f2d83f8d627e7976a3ea224f71cce4390fc1b0af3c607ac74,7,9
u01-s002-v012,question,choices[1],d8368f5da78524f7eda1946a6a0107f7b719bf126bca2566f9ff17339b2bfc88,7,9
u01-s002-v012,question,choices[2],3dd86fde2fbcc97431e810b887b20d028c3ebf8b641eadb73d613b602b14bbaf,7,9
u01-s002-v012,question,choices[3],f1e16ff14a76d38528b395159b3a0c105c75adbaeb627c3c495e2c40407c9aaf,7,9
u01-s002-v012,question,explanation,a218a16145267af3cb4c088d95855fa8fdd7338df6cd16c3eabac59f57a0943b,48,98
u01-s002-v012,question,steps[0],f61c066767ca43ff982fe53f2cefce69bd0cad548bd778146509102aaa1a22fa,13,19
u01-s002-v012,question,steps[1],b503cce867231a7967cdd08196b41faf2a23bd077fa7b094558335d50c6bc5bd,13,19
u01-s002-v012,question,steps[2],b1f6ccc89a70baa5a73bca568a8dc2bb22133e54738ea0d2ecda557a7050c097,17,19
u01-s002-v012,question,optionAnalysis[0].choice,213280dd9283927f2d83f8d627e7976a3ea224f71cce4390fc1b0af3c607ac74,7,9
u01-s002-v012,question,optionAnalysis[0].reason,106e1024e345b364aa724845095ec02b521a47b44f670f13eec59fd4fbd9691f,16,28
u01-s002-v012,question,optionAnalysis[1].choice,d8368f5da78524f7eda1946a6a0107f7b719bf126bca2566f9ff17339b2bfc88,7,9
u01-s002-v012,question,optionAnalysis[1].reason,790c59febb4b84707010c94f750ea01cb4875949f1261fd8330a113a038afb94,8,24
u01-s002-v012,question,optionAnalysis[2].choice,3dd86fde2fbcc97431e810b887b20d028c3ebf8b641eadb73d613b602b14bbaf,7,9
u01-s002-v012,question,optionAnalysis[2].reason,3d89e3cc18eb015d61bd5af9e012599ad08c8fc466e80f987a686f9f7d208342,8,24
u01-s002-v012,question,optionAnalysis[3].choice,f1e16ff14a76d38528b395159b3a0c105c75adbaeb627c3c495e2c40407c9aaf,7,9
u01-s002-v012,question,optionAnalysis[3].reason,6a1c8bab211c6e835623fce181dcaaf085c81d9fc103984a7c89eae8299bc2d1,20,50
u01-s002-v012,question,commonMistake,a14f94451bb3567c3dea0e0e8b596cd8e5723175c9cd6d946e7a11ed34fcf42b,32,76
u01-s002-v012,question,concept,932576123f34e9c337bea3bff6c5502c899c1fd2d645256651238c66d1a385d9,18,54
u01-s002-v012,question,tags[0],fd41540cbdbecb9b5fa7116d27c68e378548ab62ab7c7ca4494730a81ea87667,3,9
u01-s002-v012,question,tags[1],aa4bea1b6acb18c63952adfe351c5d2cc911c316b056fc2334a62479be0a7081,6,18
u01-s002-v012,question,tags[2],578756ca4aa16d8872610a5aaa78460fd30fbe93379ff7284fe65d66ca606755,8,8
u01-s002-v012,question,estimatedTimeSec,69f59c273b6e669ac32a6dd5e1b2cb63333d8b004f9696447aee2d422ce63763,2,2
u01-s002-v012,question,prerequisiteSkillIds[0],be94500938e9d6dffee7df9d3bb0232a3329c3f06b4e490dec770b124e66f5f7,29,29
u01-s002-v012,question,authoringIntent,e50a2a5a2d4fd9857b2ce99cdfa4a98aa4593775c89d08e070d316a8c4ef3f17,17,51
u01-s002-v012,question,literacyContextNecessity,745cdd21ecbae49b599674b0163a7e8c7f2bce9743e631498ed13203d482476c,26,78
u01-s002-v012,question,reviewStatus,ec809598e2f7fcc69fad54c9cd045bba62b4a0dc7c0ff90d4efdc3788c9ad8fb,22,22
u01-s002-v012,question,contentSha256,03d11f17374027538932c4928a8dc6d020df6ba85e486fd1d7c56787efd40bb2,64,64
u01-s002-v012,question,contentAuthority,ed40f75ffe3d6ad4e71f6e7919d063410490de360edb425965eccd605ca9d79e,25,25
u01-s002-cr001,question,questionId,79e40c9011ecb1e40a932229d886b16c61ce2b927112ffa8af4ef66dafbfacfa,14,14
u01-s002-cr001,question,unitId,2055254ee30aaae13b777732834c89d7f799015d3af13b62fe05aeef8c3e0eaa,3,3
u01-s002-cr001,question,topicId,e7d9d88eb7596ecb66c83bcfd7a554baef7612744a495523f5f8fae90be63bc7,18,18
u01-s002-cr001,question,skillId,9acb7068b50b71b0be599486518d6c00dc6d3db8f17524202c8211f780bf2672,33,33
u01-s002-cr001,question,difficulty,fe6d3468cf5c74d8ec2a95b40f2e05338c37a4202f8fad692d2b64a9cf9b468a,8,8
u01-s002-cr001,question,type,e519496c259191db041ac61161dbfadb673dd94a10a123ed7423adcf7968ae7c,20,20
u01-s002-cr001,question,visualMode,9c7d54b0bf7a9369d8594201c7b11955514343809d09fbec33966c1fd9794015,9,9
u01-s002-cr001,question,prompt,7ec56557c9771c2283e0ab28db1b629b91e62d577976bd3ebe2bb64c0fbab7ae,73,175
u01-s002-cr001,question,requiredWork[0],bf91f388814712d563df80182040d2106e06ac3638c5fb4e1d518e482a5c57d2,16,40
u01-s002-cr001,question,requiredWork[1],6d3dae551c2a35b04736158d329582338d1b4b59a9dce4eb5607a64852701aa6,8,24
u01-s002-cr001,question,requiredWork[2],22dfe7b7ce8c0d5fb8d1fc83f222cf57fce24e83f294e06e4f68e3e27792e04e,15,39
u01-s002-cr001,question,fullCreditSolution[0],e6e123180eeec3bf8a94905d2e0e45e079e5174737a9e94bea5c849a6c31c4a4,26,48
u01-s002-cr001,question,fullCreditSolution[1],0b8d4cde99e7e9c5e86eb959e7981de9a3503e9d87146c1dd9cb10c0c9cfa99f,26,48
u01-s002-cr001,question,fullCreditSolution[2],d939cc9b9552616908416e9b843a96cfaf229d97b0ed352d4be9c6521c551d51,23,47
u01-s002-cr001,question,alternativeSolutions[0],c9d234d63215166351f35d83ffe27bb17d83988b14370f68e701f7ba475d763c,29,87
u01-s002-cr001,question,rubric[0].criteria,a5997d830aefdd15233aff03e2b342dab243629d2851bab6ba158234119c0bdc,17,51
u01-s002-cr001,question,rubric[1].criteria,5df9c459b2c5dbe76913f5a955ef3c0a3bd10b27fbaca82d8cbcbfa140a1aeaa,30,90
u01-s002-cr001,question,rubric[2].criteria,cd49aa7e6817d391cecd38e4069eeb313a1cb6bbfbcfa2644da1194f88356c26,21,63
u01-s002-cr001,question,rubric[3].criteria,ead2542f4f70ff547a526a4c50eab4294acf0d9f01010d1f5368cf591214f0c2,16,48
u01-s002-cr001,question,scoringNotes[0],dbfa417d6a9338d97eecd22ee1c93766934d7f8976fc3dbc6b17557db69420d3,23,63
u01-s002-cr001,question,scoringNotes[1],016e3b0d6de28f4d30670e02b462411c2d08e4c09a578b1b835c587b91ed095f,20,38
u01-s002-cr001,question,commonErrors[0],9c1b11823069b68dca9a5958fcc9427b526e859f68c48d2b462176d4ad36ba38,10,18
u01-s002-cr001,question,commonErrors[1],93d5e53a9dfe6da95e116ad77f3be73f627358a58e29faad572ed42ca05404d1,12,20
u01-s002-cr001,question,commonErrors[2],0b4cc4f3aa256eda73ea38dc3bcf45617a4d8191402935f5782c03c2deb5de9b,12,36
u01-s002-cr001,question,independentReview.derivedResult,68ac17ef327a039dfbbec5a637aaee784b73a2325892ddc9136e5992a06d5ddd,17,29
u01-s002-cr001,question,independentReview.ambiguity,140bedbf9c3f6d56a9846d2ba7088798683f4da0c248231336e6a05679e4fdfe,4,4
u01-s002-cr001,question,independentReview.decision,d74ff0ee8da3b9806b18c877dbf29bbde50b5bd8e4dad7a3a725000feb82e8f1,4,4
u01-s002-cr001,question,contentSha256,e45a45a03d78bf5303692fa8910f134521ff380eb1944bbe8655f2690bb24836,64,64
u01-s002-cr001,question,contentAuthority,ed40f75ffe3d6ad4e71f6e7919d063410490de360edb425965eccd605ca9d79e,25,25
u01-s002-cr002,question,questionId,5034278c4ad9cda2ce6c8ada003e7b1b4792f43193b58d26bc232223876b040b,14,14
u01-s002-cr002,question,unitId,2055254ee30aaae13b777732834c89d7f799015d3af13b62fe05aeef8c3e0eaa,3,3
u01-s002-cr002,question,topicId,e7d9d88eb7596ecb66c83bcfd7a554baef7612744a495523f5f8fae90be63bc7,18,18
u01-s002-cr002,question,skillId,9acb7068b50b71b0be599486518d6c00dc6d3db8f17524202c8211f780bf2672,33,33
u01-s002-cr002,question,difficulty,d21f85ea38166303ce58e06134b5cc4a5c900c409ab2a500ff7c9225109a09bb,8,8
u01-s002-cr002,question,type,e519496c259191db041ac61161dbfadb673dd94a10a123ed7423adcf7968ae7c,20,20
u01-s002-cr002,question,visualMode,9c7d54b0bf7a9369d8594201c7b11955514343809d09fbec33966c1fd9794015,9,9
u01-s002-cr002,question,prompt,3e573b36cf7d5b4447b08f5cd914841873318227bf42ccabed13c7cfd6fce1b6,78,198
u01-s002-cr002,question,requiredWork[0],932dc60f99cb82e91958d57c40561f63efab4ded6f8523cafeb4085130ed6c1d,10,30
u01-s002-cr002,question,requiredWork[1],edf0203ce8edbc5c5aa8b59a9c534a76f65288d6e88f93e6e0650174d3cb046f,16,32
u01-s002-cr002,question,requiredWork[2],09b894e4c555625436658d08674b3f23c9caab50bff8feccf060565a793f9168,12,36
u01-s002-cr002,question,fullCreditSolution[0],1b8c06b6a0c10232f40f1b3fbe4f058ff9642a79b99c19036b58b3f88a48fb66,23,43
u01-s002-cr002,question,fullCreditSolution[1],b83065598396779f54a6e856af0129395424b5a9ec9b09610501a5d852b39f3a,18,38
u01-s002-cr002,question,fullCreditSolution[2],3d9aa1c10b81b04ea2cd7b1164c58f00eb04b9fdf5a8ee1af7d421b9fde20e33,16,32
u01-s002-cr002,question,alternativeSolutions[0],edd9238ca828f72ab18473748aaa810ddf54fb740c1c45d83f42c40a9e175c12,31,57
u01-s002-cr002,question,rubric[0].criteria,d7ea6fc5046056f734c2ce0eeca31e8bf921e7d51dea70d40b1943400b1b4647,30,84
u01-s002-cr002,question,rubric[1].criteria,7fdb3b35787e225f713d7995322b5c32cfd69e79428c9e6b64bbe2ddf0d8ae73,23,69
u01-s002-cr002,question,rubric[2].criteria,3e3e1173602a4ec54c9564065a198d3aab6d102bfc882abe794b88687732ede1,22,66
u01-s002-cr002,question,rubric[3].criteria,0ec2a8c9fd1ce390f3624636a03102994676f4ce2fa311772b5c79631d94b9b9,26,60
u01-s002-cr002,question,scoringNotes[0],d162c75e48418179bb7e961cbb92467b8c10537c5dfe976466e03e484ba3cc22,20,54
u01-s002-cr002,question,scoringNotes[1],01f27220f2c3dee51365b0caa766471da80c1fbcce015055746f01ad98485cea,8,24
u01-s002-cr002,question,commonErrors[0],6b5bc4d09c1aa9776244730b590652c16404b3d26416a037aa7a0376d6f467c1,7,21
u01-s002-cr002,question,commonErrors[1],a8bffb7a631c188aebe5ad5661b50d15f93bb2b2a8a01fe2fac803fcb7b0222e,9,19
u01-s002-cr002,question,commonErrors[2],dc5133150a4370098ff3a6771af2afe1bf94fec5dca2261ea4af591dfeb888e4,8,18
u01-s002-cr002,question,independentReview.derivedResult,46364a046fb9ee51e5995b8e4bf7f87c2149c6aa674b5c6de57f19becf5265e0,18,44
u01-s002-cr002,question,independentReview.ambiguity,140bedbf9c3f6d56a9846d2ba7088798683f4da0c248231336e6a05679e4fdfe,4,4
u01-s002-cr002,question,independentReview.decision,d74ff0ee8da3b9806b18c877dbf29bbde50b5bd8e4dad7a3a725000feb82e8f1,4,4
u01-s002-cr002,question,contentSha256,91d5a8ff432f804d7443b105af51a9d3b6edb9b97cfb61a86f90c956e5568a29,64,64
u01-s002-cr002,question,contentAuthority,ed40f75ffe3d6ad4e71f6e7919d063410490de360edb425965eccd605ca9d79e,25,25
u01-s003-lecture-r1,lecture,lectureId,565db761840b1e373b189c666c4aa06941ac2a34db935484455735671f536058,19,19
u01-s003-lecture-r1,lecture,unitId,2055254ee30aaae13b777732834c89d7f799015d3af13b62fe05aeef8c3e0eaa,3,3
u01-s003-lecture-r1,lecture,topicId,e7d9d88eb7596ecb66c83bcfd7a554baef7612744a495523f5f8fae90be63bc7,18,18
u01-s003-lecture-r1,lecture,skillId,d4a70ec3bcf253225298fa992ee3b412dd1d434e795e1d5789a615cfe5b0b7b3,28,28
u01-s003-lecture-r1,lecture,title,11e7af87337bb32daaf47de362654c759ebd475b219e46c2768b20fbc37ca536,18,54
u01-s003-lecture-r1,lecture,audience,e6b4416fbd9f36797de01256b31a4d6f6314e126fde8495e25792c814f64fc5f,10,30
u01-s003-lecture-r1,lecture,reviewStatus,ec809598e2f7fcc69fad54c9cd045bba62b4a0dc7c0ff90d4efdc3788c9ad8fb,22,22
u01-s003-lecture-r1,lecture,learningOutcomes[0],6c9af95d84aced5a9031ba2983e32e4c6a13e303fd2f51d6a21dc0714683140d,15,45
u01-s003-lecture-r1,lecture,learningOutcomes[1],9b6421fdbbc7c607567b7521f4874ee5b57785fd7e01f839a0d109c27440d369,13,39
u01-s003-lecture-r1,lecture,learningOutcomes[2],a66f0446f8ecb3f2ea72ce2325e77ca7b5edf28cffaf054da888d50cc9eb3e0d,11,33
u01-s003-lecture-r1,lecture,learningOutcomes[3],9a58e9c5aef5c402b0ad6e31bb6c7d0147c080a937702d28501ab6f136a00cc3,15,39
u01-s003-lecture-r1,lecture,learningOutcomes[4],3b4a384c341ac7d832cb0ee4f3090216ec167a0e754bcfa5ab9abc750bd863e2,10,30
u01-s003-lecture-r1,lecture,prerequisites[0].skillId,9acb7068b50b71b0be599486518d6c00dc6d3db8f17524202c8211f780bf2672,33,33
u01-s003-lecture-r1,lecture,prerequisites[0].requiredLevel,1141b88484a9fc4147ad967eb49fdabd9c774386c06385d0b9fda521305fcfca,31,87
u01-s003-lecture-r1,lecture,glossary[0].term,a1a32e99b8ec762dc383ea35f9847021198f61f9b0c513be3bfe0e5d0cc090d6,2,6
u01-s003-lecture-r1,lecture,glossary[0].definition,6769f657ef6d39aafab70c3bfa0ee2fa3beb5947ccbca52bff5260e149877a1f,14,42
u01-s003-lecture-r1,lecture,glossary[1].term,37d60aaef28fe109b28788e94fd9eaf446c60d1974558cd0fbd6afe40926ff35,2,6
u01-s003-lecture-r1,lecture,glossary[1].definition,1151eadf92a2a3fe9bd1c63b2551d0107196ded7157bd6967dd304ff069290e0,11,27
u01-s003-lecture-r1,lecture,glossary[2].term,35289d0715eae90c646440c9134f623d64ebeddc1f2dbbed63905c5992327c84,3,9
u01-s003-lecture-r1,lecture,glossary[2].definition,3089c2ac188cea9e6edf699ba25be5dc02025da4c1a367866c064f6b2fdb3249,19,57
u01-s003-lecture-r1,lecture,glossary[3].term,5725597d5c4f967f033a85cdcae94a29b525a77f99bbd3e44d924d9cab6c022c,2,6
u01-s003-lecture-r1,lecture,glossary[3].definition,7821edf95e428a76afc65a641a152473e1556713c58d03b9f018691635178aaf,13,39
u01-s003-lecture-r1,lecture,glossary[4].term,260b123371c1ae30f008975a249647bdfb9d4a076715febec862752e3be8e71c,4,12
u01-s003-lecture-r1,lecture,glossary[4].definition,f537214c059e14b36f55ee3dbd81beb11e1dc2569f5db5576748bab0a685f398,14,42
u01-s003-lecture-r1,lecture,notation[0].symbol,c4694f2e93d5c4e7d51f9c5deb75e6cc8be5e1114178c6a45b6fc2c566a0aa8c,1,1
u01-s003-lecture-r1,lecture,notation[0].meaning,8065a486b86b883ebf7d41c05da38942d101dd01366b29a7a604f02911a00b47,8,24
u01-s003-lecture-r1,lecture,notation[1].symbol,a21281396155d96fde3a9f220ade4bc5364d8b8847c90f8bfebc05809b574591,4,4
u01-s003-lecture-r1,lecture,notation[1].meaning,4a2d6ac9a46de74c568980186bf89e8739fe31414ff1f1a518fbd3a0123c511e,11,23
u01-s003-lecture-r1,lecture,notation[2].symbol,161660030aa6c9e32470cc1c023dab32dc748d80b0e61882b368cb775d12638e,1,3
u01-s003-lecture-r1,lecture,notation[2].meaning,bcae35c665859bbb214b8ac08ec15397c0fb62d11488a1c1e7f87fd5a10505d7,12,36
u01-s003-lecture-r1,lecture,conceptNarrative[0],77bfc86dc18a2a8d38052a8298ce09463b747b8405a215a67bdab39acd8d2785,32,96
u01-s003-lecture-r1,lecture,conceptNarrative[1],86eee562ee507853b35a8001228bb69e96df392972835a9747474cf0f9d03f18,30,90
u01-s003-lecture-r1,lecture,conceptNarrative[2],e60e18b2d748ba1a79e1ba29a8751f3a8d2f408cc547e2a0df22bdab171d4fb0,31,77
u01-s003-lecture-r1,lecture,conceptNarrative[3],fc85bae7d7fbc531d9f67e4e45aef02cfe2273262a1ab9e615d1ca91bf7df3de,42,126
u01-s003-lecture-r1,lecture,formalDefinitions[0].name,19ef202cc14f35da2f0b16df5c57b877fc95371e1cd4df89a035fdaa67a7aef5,4,12
u01-s003-lecture-r1,lecture,formalDefinitions[0].statement,0ba92710c181675565c8fc138913e0e32defcf814944cbc53d5a217fb075b667,31,89
u01-s003-lecture-r1,lecture,formalDefinitions[1].name,23492ce5229402b536c821795acbf0eee4de536a945b134dad1e119cc91c734d,5,15
u01-s003-lecture-r1,lecture,formalDefinitions[1].statement,1bf0d3687d5593d943081e3a017f59a1494d5cb81757c709dc5722970cb3aeda,32,96
u01-s003-lecture-r1,lecture,formulas[0].formula,30cf046ef68339e4f4da5394ac21bda3ff4b2b8875c8ced6fb5578b73c8fd7fc,11,33
u01-s003-lecture-r1,lecture,formulas[0].conditions[0],4c5382434136affdc357c6205a72006a148a3c48b87b6a1f4078efb4d2e301d5,11,33
u01-s003-lecture-r1,lecture,formulas[0].conditions[1],77b56bda716522de181054b51f825633b0fcea59ad06949912b1ee34d85d996f,12,36
u01-s003-lecture-r1,lecture,formulas[0].meaning,909b40f80eddae26960cd05f3ca8abd98ece92eac0ff912b876e40e75a1cb1f3,8,24
u01-s003-lecture-r1,lecture,formulas[1].formula,ce9039b9bdef4058409df5f8f58cfb323d049aa8c13a536a3f43b49219d5c7ce,20,59
u01-s003-lecture-r1,lecture,formulas[1].conditions[0],73acaefecf61d1990e93701f4f2afeeba5ec061edc6de4cc43579f21a8f2f331,10,30
u01-s003-lecture-r1,lecture,formulas[1].meaning,876392798d06b6279b8e248d355c4b018c05e9e116d1472a73e1a1de6fe1bc10,8,24
u01-s003-lecture-r1,lecture,nonApplicableCases[0],e14bc16744d1026e463c5d192e994a9041cc3129c10ac62ae7adf7081bae4893,29,87
u01-s003-lecture-r1,lecture,nonApplicableCases[1],295800e1e2a3f492287bde57495cb0dbfe683541c08acf1ec2925ac6721b92e7,25,59
u01-s003-lecture-r1,lecture,nonApplicableCases[2],c12251431df75f8ac55b586c35e5e736d48bd4112b97745ebeabc625a978ec47,25,75
u01-s003-lecture-r1,lecture,nonApplicableCases[3],ba784e96a00d78066e88d978b9cad6710abe86e518837a2fa79fb0d1b849def4,29,71
u01-s003-lecture-r1,lecture,method[0].instruction,9700020795d4f4c1661cf799eb592c58fa39e81ef065555942acebdc02fb935e,8,24
u01-s003-lecture-r1,lecture,method[0].check,bf6c610ff692033c0088b4c3aa8cbfccfc3026aa0411f9cc815dc5ea2a29a4de,12,32
u01-s003-lecture-r1,lecture,method[1].instruction,19ccd573e0dba37f924c0c04ae11109acc9e0fe56864904d56f742c996b96fa9,8,24
u01-s003-lecture-r1,lecture,method[1].check,6aee1beeec1673aa1eac973eedb4bbfcdce15ce87a2207ee7f8e98e5a8e7137b,12,36
u01-s003-lecture-r1,lecture,method[2].instruction,945425d5df1bba61953a12170639370e8c9aeb328440645dec11dab0fce9218c,11,33
u01-s003-lecture-r1,lecture,method[2].check,e8c1ff8bf48fba8fb332c44eecdda0128ca189cc41755e484df903a1664fd9d1,12,36
u01-s003-lecture-r1,lecture,method[3].instruction,fd90198153244e7e25e940b976b4e8f7ea34d2944c0333f64510995600baf017,10,30
u01-s003-lecture-r1,lecture,method[3].check,5361c7f7598cad30638fa1ae05429a5cc7931dff429e967825cf5c0a1d433a8d,10,30
u01-s003-lecture-r1,lecture,method[4].instruction,29fb2c0b6957b7986c61bceb343276174e44d11d5b6ef1726d4c1e0ac407ada2,10,30
u01-s003-lecture-r1,lecture,method[4].check,2ca25055ca3857689d2d4fb5e4e0e21c86a4c02246be646a54bde3f7f0d670d4,11,33
u01-s003-lecture-r1,lecture,workedExamples[0].exampleId,dffe8596427fc50e8f64654a609af134d45552f18bbecef90b31135a9e7acaa0,2,2
u01-s003-lecture-r1,lecture,workedExamples[0].prompt,a22a6fb440944fad97a92eb216ef9fe39cc911c2aa96ebee695909944a45997a,25,57
u01-s003-lecture-r1,lecture,workedExamples[0].solutionSteps[0],ed9642f058a3dedf7a2cbce89737ea09943b7b90bf9cd3a2393b0b33e3c3dcd0,6,14
u01-s003-lecture-r1,lecture,workedExamples[0].solutionSteps[1],ddf51bf773942f6c5cc1d0c8e70f3147ce19c00dc6ef33c3607ecec6bc6040ea,8,20
u01-s003-lecture-r1,lecture,workedExamples[0].solutionSteps[2],31107d415bbe2c124c272ac01c750c11cb9a6ef5fa5c8bbcd353d15d173e93ac,11,23
u01-s003-lecture-r1,lecture,workedExamples[0].answer,b632a19a369b81e570e336931f721983e924ecb9e2957859e53226a2d8f47804,3,5
u01-s003-lecture-r1,lecture,workedExamples[1].exampleId,d76354d8457898445bb69e0dc0dc95fb74cc3cf334f8c1859162a16ad0041f8d,2,2
u01-s003-lecture-r1,lecture,workedExamples[1].prompt,525068b36af114984d9f637f3e985c16a02d6d9e00bbf2ca1210e319529fd543,23,55
u01-s003-lecture-r1,lecture,workedExamples[1].solutionSteps[0],da8187d52b1a3c94b76e6e0ffcb78079f65477bbc1b9b1fab9d9c752069af186,14,26
u01-s003-lecture-r1,lecture,workedExamples[1].solutionSteps[1],dedde1194fd36b47e1f420021afc398bfc074238ef5b94e29dac2c2cbf22600c,5,15
u01-s003-lecture-r1,lecture,workedExamples[1].solutionSteps[2],743c859381421a27cfbd766721720c4f438981cb99f55f535208e38cd642601b,6,9
u01-s003-lecture-r1,lecture,workedExamples[1].answer,7469b95858c4df8505faa1240faff05f7c3a68b0e2f60e620a3cff189a02d5cf,5,11
u01-s003-lecture-r1,lecture,workedExamples[2].exampleId,842983de8fb1d277a3fad5c8295c7a14317c458718a10c5a35b23e7f992a5c80,2,2
u01-s003-lecture-r1,lecture,workedExamples[2].prompt,f475e8520dca80c3bece49002f04b8ea7695faf6cfdf3d5b98bfe77c7c788914,21,45
u01-s003-lecture-r1,lecture,workedExamples[2].solutionSteps[0],3b96ef6d3341b12807e4330cca724b644adf6acb0a9b118a9f45173ef4011a65,7,15
u01-s003-lecture-r1,lecture,workedExamples[2].solutionSteps[1],9e6be2c58863e4a973a3a1fabadf0a6e6a466a806490550f506877ea42e45ce2,9,17
u01-s003-lecture-r1,lecture,workedExamples[2].solutionSteps[2],63bbf7cee6e9dff9aea717a7f28ae96b6e1a2319fc797627c3e03aa7a185a958,6,14
u01-s003-lecture-r1,lecture,workedExamples[2].answer,3e01ad38324899fed0bf7b08972c9e17ae1889c56db12dc1b761b7ba24c3c2b3,2,4
u01-s003-lecture-r1,lecture,workedExamples[3].exampleId,4a5a97c6433c4c062457e9335709d57493e75527809d8a9586c141e591ac9f2c,2,2
u01-s003-lecture-r1,lecture,workedExamples[3].prompt,f90de19902e9dfd97cf354b382f9e1e0e73f0e64c44e59aa541452489e0af016,17,37
u01-s003-lecture-r1,lecture,workedExamples[3].solutionSteps[0],4d0d3199bab547db6241c6b39b479065ca37e2dd72b542e4f7987007e1cbf1db,7,15
u01-s003-lecture-r1,lecture,workedExamples[3].solutionSteps[1],e296edc48e543094ad45f899ded04ffc63c5f6fdebbefa94ffb23ecc72ffa5b5,10,12
u01-s003-lecture-r1,lecture,workedExamples[3].solutionSteps[2],40c11af7c71dbeab3eb7aba7aca32d2e46ea7fd77970fa6acaeeb0c6686fbb1e,13,33
u01-s003-lecture-r1,lecture,workedExamples[3].answer,fbccefb4aa7a7ff687e94fecb02a541a44952e4941d8624e5eac38a9f261356e,3,5
u01-s003-lecture-r1,lecture,commonMistakes[0].mistake,17c0e4b8bdaac0e697437e5fec99b55ef2add03ac2c790cf5e5a798dd03ff0b3,14,42
u01-s003-lecture-r1,lecture,commonMistakes[0].why,b6c1a93b9c78e0667879346e33b330e2ad0775f681c1973c275886e1b5b13579,10,30
u01-s003-lecture-r1,lecture,commonMistakes[0].correction,93374609b3d1ae980d04662826f662d5b3b5a7d24fa67db1a2895b9b53be86cb,12,36
u01-s003-lecture-r1,lecture,commonMistakes[1].mistake,738a76200c5174c6aa1facadec6d8ed8309d5bf8657a94677667c0ff9a717bf8,9,27
u01-s003-lecture-r1,lecture,commonMistakes[1].why,5643ba9d850d211cfa8f162488c4c6a4eb22afe4ca8a91c2870d14a45864bf07,9,27
u01-s003-lecture-r1,lecture,commonMistakes[1].correction,14db22c55b409b74959e5fe0a997f07d6d8fff2c5f399ff9bbf7f8b25597ebe0,9,27
u01-s003-lecture-r1,lecture,commonMistakes[2].mistake,560e2b33f580707d7ad7cbb986eb8ab72d35fbe569ef345839567abdffb7e8fe,11,23
u01-s003-lecture-r1,lecture,commonMistakes[2].why,35cf32105c4e0f26ad0c10d5ec6b218e36d5a4b8b2ca20d3ba95f9b3b920972a,12,36
u01-s003-lecture-r1,lecture,commonMistakes[2].correction,e1c52400deed21b345f954ddc278babc2b734a6306c6d1f87eea46af93a2873f,10,24
u01-s003-lecture-r1,lecture,commonMistakes[3].mistake,55690d32dc50d0f6ce4a584c639b6f054876f0f7079394dcd6c1a8bc15c6a00e,17,39
u01-s003-lecture-r1,lecture,commonMistakes[3].why,6eea6c140706ccb62fa8a3a890483246e1c605e6ea06f1c50f6d9170808c4c7e,8,24
u01-s003-lecture-r1,lecture,commonMistakes[3].correction,db164b72da34d041eee5440c1af14539f9963258bca8b44ddab150e96fb3405c,14,32
u01-s003-lecture-r1,lecture,commonMistakes[4].mistake,6d59200a49f9a4a40c2d7cecf90a2464e823e8cdc517f6799b678b381a2dfe99,10,30
u01-s003-lecture-r1,lecture,commonMistakes[4].why,f08b1a988096143fdb14a06e1cc16b5ab770ecdfa2ec30b14c59c4902deee7c1,7,21
u01-s003-lecture-r1,lecture,commonMistakes[4].correction,47336aaab9964880ea2a6a9e68b55727a26b78677cad73b1b2afbcc35f220fab,13,39
u01-s003-lecture-r1,lecture,commonMistakes[5].mistake,8200791750bc6af2df8230ff2cd68a2355b3f138038a0bc3fe1148616f08265b,11,27
u01-s003-lecture-r1,lecture,commonMistakes[5].why,4054b4232440f23eae31cdb0263a86eacc6e747ac582eb49f5350a35dfe9e931,15,39
u01-s003-lecture-r1,lecture,commonMistakes[5].correction,405404abff8f8b03a55c49e69b027ee794e297bd522f2929fa8b163516cc88d1,10,26
u01-s003-lecture-r1,lecture,selfCheck[0],6b11e20c9089a6c150003b295b71f45a24b0c4724985c5b6e4c2a6d4b9f30f4e,9,21
u01-s003-lecture-r1,lecture,selfCheck[1],09f6f1af7719b72b02ae0437531a3e2586a4273483cba83d4343e2a4ff8fa6ce,6,18
u01-s003-lecture-r1,lecture,selfCheck[2],5f12445af21eea5724dab4fcf4a9c1dab94e6a6481845fd9b4e93a96b0b65cf6,8,24
u01-s003-lecture-r1,lecture,selfCheck[3],ff226d8795243a323fae8bad08746a347cd49a1e03f153326dca35f6a9604a6e,10,30
u01-s003-lecture-r1,lecture,selfCheck[4],916231193011dc1031441340da51c3449c2c034f859617ce7f5be6c91c2e198f,11,33
u01-s003-lecture-r1,lecture,summary[0],d428563572b095fbed1a97696062c6132e669a7dd75ab35cdf90c884614cf510,18,50
u01-s003-lecture-r1,lecture,summary[1],cd14d52b64788924faafc00769a4a7e08596ba6f51e078849678c18214601eab,12,36
u01-s003-lecture-r1,lecture,summary[2],7d128f9a09c105a84b7cb2aa77d13907df7cab0504ed8df24686fc57eff493e9,14,42
u01-s003-lecture-r1,lecture,summary[3],7854e888d31a2d7d488f124665625ec63b691baad5480d6aeb669556afe5c9dc,13,39
u01-s003-lecture-r1,lecture,connections.previous,5f031cb44bdf0d17f4f93e7ab6cfbcdd2312fbee70d2e879b3787dfec105c99d,24,72
u01-s003-lecture-r1,lecture,connections.next[0],4f6b065f16f13142b5844a0c4df4684dd73682f95332efa3931cad367984eace,18,54
u01-s003-lecture-r1,lecture,connections.next[1],a2e5aacdc169cb7e15c84a0cd057308046f77444dfc44c6ea6c163ef0ef30963,21,63
u01-s003-lecture-r1,lecture,connections.next[2],c195702c983b135c889c19cd475039d53bfe5e66ae94b8abaf12237043777906,17,51
u01-s003-lecture-r1,lecture,practiceLinks.mcQuestionIds[0],71b3e2777390b0a08aa08a191b73f89ccdd4e2502072da5544a3ccbf0ebd5e64,13,13
u01-s003-lecture-r1,lecture,practiceLinks.mcQuestionIds[1],f5d95c6b61960968f27b896999630157bfd46a0392cea74c369742cfd5f9d003,13,13
u01-s003-lecture-r1,lecture,practiceLinks.mcQuestionIds[2],781b7030008ab6395eb654bc800e25011fc80959625ad7d0eee1c65c69ba92c1,13,13
u01-s003-lecture-r1,lecture,practiceLinks.mcQuestionIds[3],291aa0fbaabc6d9792e4661f366811bfa9664a6c66d4da5b0c95a724dbd22c95,13,13
u01-s003-lecture-r1,lecture,practiceLinks.mcQuestionIds[4],ec31a83564dad30e86f047e3e6ba9182ba221c1964d8fbcffa92e30f8c709a0e,13,13
u01-s003-lecture-r1,lecture,practiceLinks.mcQuestionIds[5],5b96ed7c4608e1d395788284551f9420afeac806a063903bcc396fbcaebb7036,13,13
u01-s003-lecture-r1,lecture,practiceLinks.mcQuestionIds[6],da0adf0088e78f03b81220e741ab01385f6a20840143f0dd18b9573f0d875c0a,13,13
u01-s003-lecture-r1,lecture,practiceLinks.mcQuestionIds[7],a73facff8514b2d672bc98d08d88cbb121450df6955451742776619e45389296,13,13
u01-s003-lecture-r1,lecture,practiceLinks.mcQuestionIds[8],1810393efb5b0be8c13e4cd1e2440029ac084642411cde1360e527b462781253,13,13
u01-s003-lecture-r1,lecture,practiceLinks.mcQuestionIds[9],406215814aeb42f3199372a80ab2681edd2254d06851287862822f2e4a9a13e3,13,13
u01-s003-lecture-r1,lecture,practiceLinks.mcQuestionIds[10],45fd165e7c699e30f6d8dd86cc616d4c6a093eac581ec63e47f1c213593a8a90,13,13
u01-s003-lecture-r1,lecture,practiceLinks.mcQuestionIds[11],5af908abf3e992b5ae9cb02cdfe20e59cad10a7972d01db54b461dd582699c42,13,13
u01-s003-lecture-r1,lecture,practiceLinks.constructedResponseIds[0],ed2c7e7a2ca0dc49abc943849b9de71ae1eed8911a77f52e215dec4ac5e6e4c0,14,14
u01-s003-lecture-r1,lecture,practiceLinks.constructedResponseIds[1],0adfb92f344b402a11e47799f7339767bc512e17dce23fb2b3d75a25268c34b2,14,14
u01-s003-lecture-r1,lecture,lectureReview.mathematicalCorrectness,d74ff0ee8da3b9806b18c877dbf29bbde50b5bd8e4dad7a3a725000feb82e8f1,4,4
u01-s003-lecture-r1,lecture,lectureReview.zeroFoundationReadability,d74ff0ee8da3b9806b18c877dbf29bbde50b5bd8e4dad7a3a725000feb82e8f1,4,4
u01-s003-lecture-r1,lecture,lectureReview.scopeCheck,fdf8268f0373301b2fcc6331f1d8999b8aabea69681e8bc972ab9a21216a7606,21,21
u01-s003-lecture-r1,lecture,lectureReview.reviewNote,3e19d81e37b908768f6a9e0bd34ae3f361a21c90ac664841439a4f9b2de3046b,42,126
u01-s003-lecture-r1,lecture,lectureReview.reviewVersion,7ccbed064d3016b5353f553d3edb33b6627126acb00be43b039a8cbab00d7d69,25,25
u01-s003-lecture-r1,lecture,lectureReview.reviewedAt,14158d45727526145ef514139eeb669eb54d613dbcffe524f099dbb71c9d8b08,10,10
u01-s003-lecture-r1,lecture,contentSha256,dadff3f23c220285a532382e9d7b046cce057fefb0bb049b6e7ecf68dcc8c022,64,64
u01-s003-lecture-r1,lecture,contentAuthority,ed40f75ffe3d6ad4e71f6e7919d063410490de360edb425965eccd605ca9d79e,25,25
u01-s003-v001,question,questionId,71b3e2777390b0a08aa08a191b73f89ccdd4e2502072da5544a3ccbf0ebd5e64,13,13
u01-s003-v001,question,unitId,2055254ee30aaae13b777732834c89d7f799015d3af13b62fe05aeef8c3e0eaa,3,3
u01-s003-v001,question,topicId,e7d9d88eb7596ecb66c83bcfd7a554baef7612744a495523f5f8fae90be63bc7,18,18
u01-s003-v001,question,skillId,d4a70ec3bcf253225298fa992ee3b412dd1d434e795e1d5789a615cfe5b0b7b3,28,28
u01-s003-v001,question,difficulty,fbb7b5bf4ca348eeeebf8cc3660712859a5a1fbf18e83217a57ce203fb51d5c2,5,5
u01-s003-v001,question,type,6bc0f9c4ecb0acbebf1b9f6c816bdd66f4885f67c917d9e141cf893014fba936,2,2
u01-s003-v001,question,visualMode,9c7d54b0bf7a9369d8594201c7b11955514343809d09fbec33966c1fd9794015,9,9
u01-s003-v001,question,sourceScope,a4b669ddb8ef1883391c07a7b633f12eeaeecee7ec37c09eea4931aff6644346,19,19
u01-s003-v001,question,text,9c162e8c2247b4089d8d95a0e9aaaf0d97b62b75f6d296e8ba4876aa73af6c82,30,74
u01-s003-v001,question,choices[0],e5e0093f285a4fb94c3fcc2ad7fd04edd10d429ccda87a9aa5e4718efadf182e,2,2
u01-s003-v001,question,choices[1],4b227777d4dd1fc61c6f884f48641d02b4d121d3fd328cb08b5531fcacdabf8a,1,1
u01-s003-v001,question,choices[2],5feceb66ffc86f38d952786c6d696c79c2dbc239dd4e91b46729d73a27fb57e9,1,1
u01-s003-v001,question,choices[3],37aa1ccf80e481832b2db282d4d4f895ee1e31219b7d0f6aee8dc8968828341b,2,2
u01-s003-v001,question,explanation,24a7a4dc27c4ab89ae4e1dabd8cb45f995bb40e0a77351d462df40d3a763a51d,27,69
u01-s003-v001,question,steps[0],45a18dccd046216dfef09545d794a464135e1d49c8796ee413d76069b781755b,7,17
u01-s003-v001,question,steps[1],ba34b6cedd30f0c6c8ea5f1081ef0644749c8a3819043a4b14e70ed39531d54f,5,15
u01-s003-v001,question,steps[2],ce9133d29b9c1c19c948d85726f0172953e8e618f901dece710d168605bc0c15,6,12
u01-s003-v001,question,optionAnalysis[0].choice,e5e0093f285a4fb94c3fcc2ad7fd04edd10d429ccda87a9aa5e4718efadf182e,2,2
u01-s003-v001,question,optionAnalysis[0].reason,a3c77c4dc6e65437e06bff1a3448ec5273c6b2df8172cd7aa1805375b7ae0a92,10,22
u01-s003-v001,question,optionAnalysis[1].choice,4b227777d4dd1fc61c6f884f48641d02b4d121d3fd328cb08b5531fcacdabf8a,1,1
u01-s003-v001,question,optionAnalysis[1].reason,76e2f45eccc47be29be634f94a017c8049d34a25b3f81179f0a8648dddc2e284,9,23
u01-s003-v001,question,optionAnalysis[2].choice,5feceb66ffc86f38d952786c6d696c79c2dbc239dd4e91b46729d73a27fb57e9,1,1
u01-s003-v001,question,optionAnalysis[2].reason,51b3f435e689420ac452084bc504e458786ec951815967c1932be754f36d3585,6,14
u01-s003-v001,question,optionAnalysis[3].choice,37aa1ccf80e481832b2db282d4d4f895ee1e31219b7d0f6aee8dc8968828341b,2,2
u01-s003-v001,question,optionAnalysis[3].reason,6ac5e53d6cb1cf73861a03c2dbe5ede01ae766cf2a04977a7091f4d203c5c7a2,5,15
u01-s003-v001,question,commonMistake,ae51b2e5eb06ac897e56ea9d07160d7976e8eff9a4a97966995504b0424e37bd,16,42
u01-s003-v001,question,concept,3c06ca640bfb28806f68bc2db4f3b58f371f5f6e33f271fbc2619f89f5225a34,11,33
u01-s003-v001,question,tags[0],fd41540cbdbecb9b5fa7116d27c68e378548ab62ab7c7ca4494730a81ea87667,3,9
u01-s003-v001,question,tags[1],750a836fd791cceb44a17b638a2f958e38a4f314ee4dff733c69322a463d1427,4,12
u01-s003-v001,question,tags[2],fbb7b5bf4ca348eeeebf8cc3660712859a5a1fbf18e83217a57ce203fb51d5c2,5,5
u01-s003-v001,question,estimatedTimeSec,39fa9ec190eee7b6f4dff1100d6343e10918d044c75eac8f9e9a2596173f80c9,2,2
u01-s003-v001,question,prerequisiteSkillIds[0],9acb7068b50b71b0be599486518d6c00dc6d3db8f17524202c8211f780bf2672,33,33
u01-s003-v001,question,authoringIntent,99ab4a2a8e5e70f4df51989bdab81b8742c4907b6509589ab3146af3d7c0ba90,13,39
u01-s003-v001,question,reviewStatus,ec809598e2f7fcc69fad54c9cd045bba62b4a0dc7c0ff90d4efdc3788c9ad8fb,22,22
u01-s003-v001,question,contentSha256,5db59a1c145634f5028d3cc37a9495a7961669120c8ac28ef41345a769ece78f,64,64
u01-s003-v001,question,contentAuthority,ed40f75ffe3d6ad4e71f6e7919d063410490de360edb425965eccd605ca9d79e,25,25
u01-s003-v002,question,questionId,f5d95c6b61960968f27b896999630157bfd46a0392cea74c369742cfd5f9d003,13,13
u01-s003-v002,question,unitId,2055254ee30aaae13b777732834c89d7f799015d3af13b62fe05aeef8c3e0eaa,3,3
u01-s003-v002,question,topicId,e7d9d88eb7596ecb66c83bcfd7a554baef7612744a495523f5f8fae90be63bc7,18,18
u01-s003-v002,question,skillId,d4a70ec3bcf253225298fa992ee3b412dd1d434e795e1d5789a615cfe5b0b7b3,28,28
u01-s003-v002,question,difficulty,fbb7b5bf4ca348eeeebf8cc3660712859a5a1fbf18e83217a57ce203fb51d5c2,5,5
u01-s003-v002,question,type,6bc0f9c4ecb0acbebf1b9f6c816bdd66f4885f67c917d9e141cf893014fba936,2,2
u01-s003-v002,question,visualMode,9c7d54b0bf7a9369d8594201c7b11955514343809d09fbec33966c1fd9794015,9,9
u01-s003-v002,question,sourceScope,a4b669ddb8ef1883391c07a7b633f12eeaeecee7ec37c09eea4931aff6644346,19,19
u01-s003-v002,question,text,9028aa32395dc00688931d8cc8c5f3c8e5179f3d89754c6f01a572539c8ecb99,25,67
u01-s003-v002,question,choices[0],3ca5e2530915b20974007f7ebea9e2b0a0f0b27e9f70e8f7869bcf586cf2923e,9,21
u01-s003-v002,question,choices[1],5cdb25aa3eba2abdd548c56f374f12e735437452cdabc02a0fcd681af807eea9,9,21
u01-s003-v002,question,choices[2],fb58c292b742311405d6d4213bf2b35cab0fac94ceaae9a2222d8db3442b8483,9,21
u01-s003-v002,question,choices[3],37d60aaef28fe109b28788e94fd9eaf446c60d1974558cd0fbd6afe40926ff35,2,6
u01-s003-v002,question,explanation,a9cf99b458613a1d3efcaf7d9a435c39007d77eaf9d8e5c9fa2266a3b2b09423,21,51
u01-s003-v002,question,steps[0],16150dd88e99a03ecc5752e5610a376839a0cc319c9ebf859ab36f02b52326b8,8,24
u01-s003-v002,question,steps[1],e0600f66095232b1630d4bc9cea739af7e1484506ebae6c70e3afd933ad9486c,8,24
u01-s003-v002,question,steps[2],319e8fa866e13dcf8a4bcf543bcac471d4e8c22f2c21afec6bb66da8ec859868,9,21
u01-s003-v002,question,optionAnalysis[0].choice,3ca5e2530915b20974007f7ebea9e2b0a0f0b27e9f70e8f7869bcf586cf2923e,9,21
u01-s003-v002,question,optionAnalysis[0].reason,c17b6bd93e273e4b6c4a1e67caf8986b7b5341e6e4c4f76dc2acc328ea7c58e6,8,18
u01-s003-v002,question,optionAnalysis[1].choice,5cdb25aa3eba2abdd548c56f374f12e735437452cdabc02a0fcd681af807eea9,9,21
u01-s003-v002,question,optionAnalysis[1].reason,d45a5cb61f82f070fe193f5ae7cbcd62103d8082b4db14c2e90d29e30de8b4fc,10,22
u01-s003-v002,question,optionAnalysis[2].choice,fb58c292b742311405d6d4213bf2b35cab0fac94ceaae9a2222d8db3442b8483,9,21
u01-s003-v002,question,optionAnalysis[2].reason,3ae7ebb33909d0a141281ca58fb8bd6b32acedc105f327bec9e146a9f64bd7c5,9,27
u01-s003-v002,question,optionAnalysis[3].choice,37d60aaef28fe109b28788e94fd9eaf446c60d1974558cd0fbd6afe40926ff35,2,6
u01-s003-v002,question,optionAnalysis[3].reason,4fbf470ed8f6ad1ad507d994146c693b10771407bc3e995c0e724beccbd04dcb,7,19
u01-s003-v002,question,commonMistake,2d353b28a718ffc1dd52d2bd623348723027a3f2da3e781e4507d95ba865cb5a,10,30
u01-s003-v002,question,concept,cf5e89388d2236624ba515c68411129fdf4fa10a442d7a6d461e1f6992913a83,12,36
u01-s003-v002,question,tags[0],fd41540cbdbecb9b5fa7116d27c68e378548ab62ab7c7ca4494730a81ea87667,3,9
u01-s003-v002,question,tags[1],750a836fd791cceb44a17b638a2f958e38a4f314ee4dff733c69322a463d1427,4,12
u01-s003-v002,question,tags[2],fbb7b5bf4ca348eeeebf8cc3660712859a5a1fbf18e83217a57ce203fb51d5c2,5,5
u01-s003-v002,question,estimatedTimeSec,39fa9ec190eee7b6f4dff1100d6343e10918d044c75eac8f9e9a2596173f80c9,2,2
u01-s003-v002,question,prerequisiteSkillIds[0],9acb7068b50b71b0be599486518d6c00dc6d3db8f17524202c8211f780bf2672,33,33
u01-s003-v002,question,authoringIntent,7f7130f0591d9ea20a5f68ef3b01c6028baee45189e969296b4134fd0971c9d2,11,33
u01-s003-v002,question,reviewStatus,ec809598e2f7fcc69fad54c9cd045bba62b4a0dc7c0ff90d4efdc3788c9ad8fb,22,22
u01-s003-v002,question,contentSha256,c6dbc33b3b8a14551b5cc540840a1c31c8b0ffa325a05f299fe36dce9271d82b,64,64
u01-s003-v002,question,contentAuthority,ed40f75ffe3d6ad4e71f6e7919d063410490de360edb425965eccd605ca9d79e,25,25
u01-s003-v003,question,questionId,781b7030008ab6395eb654bc800e25011fc80959625ad7d0eee1c65c69ba92c1,13,13
u01-s003-v003,question,unitId,2055254ee30aaae13b777732834c89d7f799015d3af13b62fe05aeef8c3e0eaa,3,3
u01-s003-v003,question,topicId,e7d9d88eb7596ecb66c83bcfd7a554baef7612744a495523f5f8fae90be63bc7,18,18
u01-s003-v003,question,skillId,d4a70ec3bcf253225298fa992ee3b412dd1d434e795e1d5789a615cfe5b0b7b3,28,28
u01-s003-v003,question,difficulty,fbb7b5bf4ca348eeeebf8cc3660712859a5a1fbf18e83217a57ce203fb51d5c2,5,5
u01-s003-v003,question,type,6bc0f9c4ecb0acbebf1b9f6c816bdd66f4885f67c917d9e141cf893014fba936,2,2
u01-s003-v003,question,visualMode,acdb1373d1761939cb5daa3332223298529581464a90afae39927e7aef8edd46,3,3
u01-s003-v003,question,figureId,964b35c5a5880ad0d14397f46da537a9dce612fc28b84d3b7012851253446675,17,17
u01-s003-v003,question,sourceScope,a4b669ddb8ef1883391c07a7b633f12eeaeecee7ec37c09eea4931aff6644346,19,19
u01-s003-v003,question,text,550de032b66500f7dac5f33b1f19e1daf9b90d2c1666b58aa18945e365e4ae3d,12,30
u01-s003-v003,question,choices[0],cf3bae39dd692048a8bf961182e6a34dfd323eeb0748e162eaf055107f1cb873,2,2
u01-s003-v003,question,choices[1],e5e0093f285a4fb94c3fcc2ad7fd04edd10d429ccda87a9aa5e4718efadf182e,2,2
u01-s003-v003,question,choices[2],615bdd17c2556f82f384392ea8557f8cc88b03501c759e23093ab0b2a9b5cd48,2,2
u01-s003-v003,question,choices[3],4e07408562bedb8b60ce05c1decfe3ad16b72230967de01f640b7e4729b49fce,1,1
u01-s003-v003,question,explanation,b521eb9b016f3b2898456d75c1a21d487b01dda21185617f3617ad864fc6bfcc,29,73
u01-s003-v003,question,steps[0],3cf767599a20d8a92c38613113fae7d466e0a573f7d5f2332f8cfb45d878a4af,7,17
u01-s003-v003,question,steps[1],4e0c17b39756a70ac0dcbc12a24812cadd896b5167044fd5aca7de1985fb0594,7,17
u01-s003-v003,question,steps[2],fd176b071ada6e904baac6bc5665fcc55f1bbe577cdcce81c4c1f29c56384077,9,23
u01-s003-v003,question,optionAnalysis[0].choice,cf3bae39dd692048a8bf961182e6a34dfd323eeb0748e162eaf055107f1cb873,2,2
u01-s003-v003,question,optionAnalysis[0].reason,31850557674a42112e56d6ec56afccaae3aa4cb13e99e3fe7e37d6956948c0ac,9,19
u01-s003-v003,question,optionAnalysis[1].choice,e5e0093f285a4fb94c3fcc2ad7fd04edd10d429ccda87a9aa5e4718efadf182e,2,2
u01-s003-v003,question,optionAnalysis[1].reason,b7c1b84c7087e7c15079daeb856cc2a12f800f8131e36ab97d01d8cdc9a2e21f,9,19
u01-s003-v003,question,optionAnalysis[2].choice,615bdd17c2556f82f384392ea8557f8cc88b03501c759e23093ab0b2a9b5cd48,2,2
u01-s003-v003,question,optionAnalysis[2].reason,8740ad1501a678a37b9996c0893dc2cf59b2126081f52d70e8a2e437dd2cbbd9,5,15
u01-s003-v003,question,optionAnalysis[3].choice,4e07408562bedb8b60ce05c1decfe3ad16b72230967de01f640b7e4729b49fce,1,1
u01-s003-v003,question,optionAnalysis[3].reason,575ef1034bf9e35bcfd624e8d9dbd471c6c0548dccda7a28b1322d731ff7e61d,6,18
u01-s003-v003,question,commonMistake,fb7af2fb0c2477b0756241a3645614b2244a888c1ff20975e066f6bb17b1731f,17,47
u01-s003-v003,question,concept,ad39ed5ad654cbbbec8329a88f51cdaf4ac2565dd8702699e350314ef096e0dc,15,45
u01-s003-v003,question,tags[0],fd41540cbdbecb9b5fa7116d27c68e378548ab62ab7c7ca4494730a81ea87667,3,9
u01-s003-v003,question,tags[1],750a836fd791cceb44a17b638a2f958e38a4f314ee4dff733c69322a463d1427,4,12
u01-s003-v003,question,tags[2],fbb7b5bf4ca348eeeebf8cc3660712859a5a1fbf18e83217a57ce203fb51d5c2,5,5
u01-s003-v003,question,estimatedTimeSec,39fa9ec190eee7b6f4dff1100d6343e10918d044c75eac8f9e9a2596173f80c9,2,2
u01-s003-v003,question,prerequisiteSkillIds[0],9acb7068b50b71b0be599486518d6c00dc6d3db8f17524202c8211f780bf2672,33,33
u01-s003-v003,question,authoringIntent,d24a4cbb99a7b391eb955cc74b01f086c13950089cfac1c340a3604ac81eedb2,12,36
u01-s003-v003,question,reviewStatus,ec809598e2f7fcc69fad54c9cd045bba62b4a0dc7c0ff90d4efdc3788c9ad8fb,22,22
u01-s003-v003,question,contentSha256,5ca262c80e1314f38b7aaafbc06ae838f9d28a46ad9e130729b99bed60c25323,64,64
u01-s003-v003,question,contentAuthority,ed40f75ffe3d6ad4e71f6e7919d063410490de360edb425965eccd605ca9d79e,25,25
u01-s003-v004,question,questionId,291aa0fbaabc6d9792e4661f366811bfa9664a6c66d4da5b0c95a724dbd22c95,13,13
u01-s003-v004,question,unitId,2055254ee30aaae13b777732834c89d7f799015d3af13b62fe05aeef8c3e0eaa,3,3
u01-s003-v004,question,topicId,e7d9d88eb7596ecb66c83bcfd7a554baef7612744a495523f5f8fae90be63bc7,18,18
u01-s003-v004,question,skillId,d4a70ec3bcf253225298fa992ee3b412dd1d434e795e1d5789a615cfe5b0b7b3,28,28
u01-s003-v004,question,difficulty,fe6d3468cf5c74d8ec2a95b40f2e05338c37a4202f8fad692d2b64a9cf9b468a,8,8
u01-s003-v004,question,type,6bc0f9c4ecb0acbebf1b9f6c816bdd66f4885f67c917d9e141cf893014fba936,2,2
u01-s003-v004,question,visualMode,9c7d54b0bf7a9369d8594201c7b11955514343809d09fbec33966c1fd9794015,9,9
u01-s003-v004,question,sourceScope,a4b669ddb8ef1883391c07a7b633f12eeaeecee7ec37c09eea4931aff6644346,19,19
u01-s003-v004,question,text,c1fa38d11a9deb0e98cfea79cb5fe6cc4b538b35c54104236e1f6d962fff743c,34,84
u01-s003-v004,question,choices[0],a770d3270c9dcdedf12ed9fd70444f7c8a95c26cae3cae9bd867499090a2f14b,2,2
u01-s003-v004,question,choices[1],615bdd17c2556f82f384392ea8557f8cc88b03501c759e23093ab0b2a9b5cd48,2,2
u01-s003-v004,question,choices[2],d4735e3a265e16eee03f59718b9b5d03019c07d8b6c51f90da3a666eec13ab35,1,1
u01-s003-v004,question,choices[3],4e07408562bedb8b60ce05c1decfe3ad16b72230967de01f640b7e4729b49fce,1,1
u01-s003-v004,question,explanation,1c1d3c5ffc26f052f5cd6be7171c4a1e9b41b698c35a893b9ff809ad6be0fa10,23,43
u01-s003-v004,question,steps[0],02462b00b136217b7b53ed6e6b992c3174d76da788616025b8213ce070563803,6,12
u01-s003-v004,question,steps[1],703db50840288e3fccf1f4b1c6876d8281166f5a1c090699272c8eaf30e9c5e5,9,21
u01-s003-v004,question,steps[2],2f8a6d4f97e8cf8aea78d0f091d34ec647ee25a487afcf21e758f0a42dcf74b3,7,9
u01-s003-v004,question,optionAnalysis[0].choice,a770d3270c9dcdedf12ed9fd70444f7c8a95c26cae3cae9bd867499090a2f14b,2,2
u01-s003-v004,question,optionAnalysis[0].reason,cb2095ac15597074aa04cd522b3b1c35830eaa0bc2dcd3c744d94e60006f5081,9,23
u01-s003-v004,question,optionAnalysis[1].choice,615bdd17c2556f82f384392ea8557f8cc88b03501c759e23093ab0b2a9b5cd48,2,2
u01-s003-v004,question,optionAnalysis[1].reason,e05a211fd52fea3b57d648b0b8caa6c5acb28832be4fc7c4c162fbcd7d6fc13b,9,27
u01-s003-v004,question,optionAnalysis[2].choice,d4735e3a265e16eee03f59718b9b5d03019c07d8b6c51f90da3a666eec13ab35,1,1
u01-s003-v004,question,optionAnalysis[2].reason,4653521e9aeb8d5645c29cda8c730f249abe5d31405a651a167c69e826161059,8,24
u01-s003-v004,question,optionAnalysis[3].choice,4e07408562bedb8b60ce05c1decfe3ad16b72230967de01f640b7e4729b49fce,1,1
u01-s003-v004,question,optionAnalysis[3].reason,2f8a6d4f97e8cf8aea78d0f091d34ec647ee25a487afcf21e758f0a42dcf74b3,7,9
u01-s003-v004,question,commonMistake,ed399b60414a9dd9d86a00c670715c8a4a929b3fc22c6a297ffc84cf50b7b8ed,20,48
u01-s003-v004,question,concept,7d128f9a09c105a84b7cb2aa77d13907df7cab0504ed8df24686fc57eff493e9,14,42
u01-s003-v004,question,tags[0],fd41540cbdbecb9b5fa7116d27c68e378548ab62ab7c7ca4494730a81ea87667,3,9
u01-s003-v004,question,tags[1],750a836fd791cceb44a17b638a2f958e38a4f314ee4dff733c69322a463d1427,4,12
u01-s003-v004,question,tags[2],fe6d3468cf5c74d8ec2a95b40f2e05338c37a4202f8fad692d2b64a9cf9b468a,8,8
u01-s003-v004,question,estimatedTimeSec,39fa9ec190eee7b6f4dff1100d6343e10918d044c75eac8f9e9a2596173f80c9,2,2
u01-s003-v004,question,prerequisiteSkillIds[0],9acb7068b50b71b0be599486518d6c00dc6d3db8f17524202c8211f780bf2672,33,33
u01-s003-v004,question,authoringIntent,9994a95927a455d09dd9192e433db27c4706c2e7ca51d98d391fa53cbb38f945,12,36
u01-s003-v004,question,reviewStatus,ec809598e2f7fcc69fad54c9cd045bba62b4a0dc7c0ff90d4efdc3788c9ad8fb,22,22
u01-s003-v004,question,contentSha256,718f5447f672313abd021ecd6868021b390d26e6d17bb753ea2198594335b690,64,64
u01-s003-v004,question,contentAuthority,ed40f75ffe3d6ad4e71f6e7919d063410490de360edb425965eccd605ca9d79e,25,25
u01-s003-v005,question,questionId,ec31a83564dad30e86f047e3e6ba9182ba221c1964d8fbcffa92e30f8c709a0e,13,13
u01-s003-v005,question,unitId,2055254ee30aaae13b777732834c89d7f799015d3af13b62fe05aeef8c3e0eaa,3,3
u01-s003-v005,question,topicId,e7d9d88eb7596ecb66c83bcfd7a554baef7612744a495523f5f8fae90be63bc7,18,18
u01-s003-v005,question,skillId,d4a70ec3bcf253225298fa992ee3b412dd1d434e795e1d5789a615cfe5b0b7b3,28,28
u01-s003-v005,question,difficulty,fe6d3468cf5c74d8ec2a95b40f2e05338c37a4202f8fad692d2b64a9cf9b468a,8,8
u01-s003-v005,question,type,6bc0f9c4ecb0acbebf1b9f6c816bdd66f4885f67c917d9e141cf893014fba936,2,2
u01-s003-v005,question,visualMode,9c7d54b0bf7a9369d8594201c7b11955514343809d09fbec33966c1fd9794015,9,9
u01-s003-v005,question,sourceScope,a4b669ddb8ef1883391c07a7b633f12eeaeecee7ec37c09eea4931aff6644346,19,19
u01-s003-v005,question,text,c519ad559b8605b43079c1306aba78d5a84b4d094a96ef228e906ee41f1751b0,22,52
u01-s003-v005,question,choices[0],cf3bae39dd692048a8bf961182e6a34dfd323eeb0748e162eaf055107f1cb873,2,2
u01-s003-v005,question,choices[1],e5e0093f285a4fb94c3fcc2ad7fd04edd10d429ccda87a9aa5e4718efadf182e,2,2
u01-s003-v005,question,choices[2],d4735e3a265e16eee03f59718b9b5d03019c07d8b6c51f90da3a666eec13ab35,1,1
u01-s003-v005,question,choices[3],4b227777d4dd1fc61c6f884f48641d02b4d121d3fd328cb08b5531fcacdabf8a,1,1
u01-s003-v005,question,explanation,441449ad79646b9f2255f8b43f3e9879a3354fe985c09e7f5f8ede9410ebff3c,29,57
u01-s003-v005,question,steps[0],6196c4b51e5621d6ec60ba598cb55a3d3ce00a52c0821762b06017d7f4862e85,9,21
u01-s003-v005,question,steps[1],b312f72a0762c374bc2ad4a7242adc1dcacc57e35cc37d2df75943b1a9e34d1a,4,10
u01-s003-v005,question,steps[2],39204c4eeac8b0971d54225954bf539820559db2b25f8bbfbb40e5170f982eeb,6,12
u01-s003-v005,question,optionAnalysis[0].choice,cf3bae39dd692048a8bf961182e6a34dfd323eeb0748e162eaf055107f1cb873,2,2
u01-s003-v005,question,optionAnalysis[0].reason,fa48638ac7d7ad2770ad6a382b583014c0f08690216faa39a04d8afc1efcdb38,12,14
u01-s003-v005,question,optionAnalysis[1].choice,e5e0093f285a4fb94c3fcc2ad7fd04edd10d429ccda87a9aa5e4718efadf182e,2,2
u01-s003-v005,question,optionAnalysis[1].reason,6e7dc0ddfddde7229cfc669f0ba42f7e8750605e845b64c20b151db748ce1f39,10,28
u01-s003-v005,question,optionAnalysis[2].choice,d4735e3a265e16eee03f59718b9b5d03019c07d8b6c51f90da3a666eec13ab35,1,1
u01-s003-v005,question,optionAnalysis[2].reason,005cb13cf020205b19db0ba252982181e0c0f47182fab4267efabc0ac8991031,8,24
u01-s003-v005,question,optionAnalysis[3].choice,4b227777d4dd1fc61c6f884f48641d02b4d121d3fd328cb08b5531fcacdabf8a,1,1
u01-s003-v005,question,optionAnalysis[3].reason,38a1ac0f4def0cb1de0f18d43f309ae4bca2680cb2b6e723dcce1d6c7c29a6cc,4,12
u01-s003-v005,question,commonMistake,79336b777297d64ab06adcfbeba03cfcb0ee7cecb08acbd8f890fbdf1c06d1c8,36,72
u01-s003-v005,question,concept,0fac6c15b404e7f30da375673485558ef67d4c8180cab414eb5897043d14cfb2,15,45
u01-s003-v005,question,tags[0],fd41540cbdbecb9b5fa7116d27c68e378548ab62ab7c7ca4494730a81ea87667,3,9
u01-s003-v005,question,tags[1],750a836fd791cceb44a17b638a2f958e38a4f314ee4dff733c69322a463d1427,4,12
u01-s003-v005,question,tags[2],fe6d3468cf5c74d8ec2a95b40f2e05338c37a4202f8fad692d2b64a9cf9b468a,8,8
u01-s003-v005,question,estimatedTimeSec,39fa9ec190eee7b6f4dff1100d6343e10918d044c75eac8f9e9a2596173f80c9,2,2
u01-s003-v005,question,prerequisiteSkillIds[0],9acb7068b50b71b0be599486518d6c00dc6d3db8f17524202c8211f780bf2672,33,33
u01-s003-v005,question,authoringIntent,3abb488e76bf28b56cc9c671c1908acb5f7f9a962136313e7c46f7173580807b,11,33
u01-s003-v005,question,reviewStatus,ec809598e2f7fcc69fad54c9cd045bba62b4a0dc7c0ff90d4efdc3788c9ad8fb,22,22
u01-s003-v005,question,contentSha256,8598ee625c39b9c08e9b63ea464fc3a79785981ac52d19b3f08c8ababd3c02ca,64,64
u01-s003-v005,question,contentAuthority,ed40f75ffe3d6ad4e71f6e7919d063410490de360edb425965eccd605ca9d79e,25,25
u01-s003-v006,question,questionId,5b96ed7c4608e1d395788284551f9420afeac806a063903bcc396fbcaebb7036,13,13
u01-s003-v006,question,unitId,2055254ee30aaae13b777732834c89d7f799015d3af13b62fe05aeef8c3e0eaa,3,3
u01-s003-v006,question,topicId,e7d9d88eb7596ecb66c83bcfd7a554baef7612744a495523f5f8fae90be63bc7,18,18
u01-s003-v006,question,skillId,d4a70ec3bcf253225298fa992ee3b412dd1d434e795e1d5789a615cfe5b0b7b3,28,28
u01-s003-v006,question,difficulty,fe6d3468cf5c74d8ec2a95b40f2e05338c37a4202f8fad692d2b64a9cf9b468a,8,8
u01-s003-v006,question,type,6bc0f9c4ecb0acbebf1b9f6c816bdd66f4885f67c917d9e141cf893014fba936,2,2
u01-s003-v006,question,visualMode,acdb1373d1761939cb5daa3332223298529581464a90afae39927e7aef8edd46,3,3
u01-s003-v006,question,figureId,124692c3beb65551b8a0d1497b8ee6bb9d50b4f6b6f887fcb0467cb12545c1aa,17,17
u01-s003-v006,question,sourceScope,a4b669ddb8ef1883391c07a7b633f12eeaeecee7ec37c09eea4931aff6644346,19,19
u01-s003-v006,question,text,9b4ae9a3744bf1c9ac02afc62f80788d9e0d0e8b698b20ae4012050341d6d794,12,30
u01-s003-v006,question,choices[0],ef2d127de37b942baad06145e54b0c619a1f22327b2ebbcfbec78f5564afe39d,1,1
u01-s003-v006,question,choices[1],4b227777d4dd1fc61c6f884f48641d02b4d121d3fd328cb08b5531fcacdabf8a,1,1
u01-s003-v006,question,choices[2],e7f6c011776e8db7cd330b54174fd76f7d0216b612387a5ffcfb81e6f0919683,1,1
u01-s003-v006,question,choices[3],d4735e3a265e16eee03f59718b9b5d03019c07d8b6c51f90da3a666eec13ab35,1,1
u01-s003-v006,question,explanation,491ae3967edb58966f165928bb8f74398c0c70a5b10e20ffacec3630321598f3,34,84
u01-s003-v006,question,steps[0],c2085e18b4f1f24a87a07ebf3100453165272210326fa4a0303fc658b788a45d,10,28
u01-s003-v006,question,steps[1],3fb297d001fb1b24513b2709c293d8e42ba0ef088bb1d443a41cf4210282ffe4,8,22
u01-s003-v006,question,steps[2],abf5c497627ada90d33b9d4652c2f6c4464026e8e649f4c844150ec3eb17765f,6,16
u01-s003-v006,question,optionAnalysis[0].choice,ef2d127de37b942baad06145e54b0c619a1f22327b2ebbcfbec78f5564afe39d,1,1
u01-s003-v006,question,optionAnalysis[0].reason,29059044c784b0159001c572f8c0880596fff051516305c0ed511e2c53dd8d0b,8,24
u01-s003-v006,question,optionAnalysis[1].choice,4b227777d4dd1fc61c6f884f48641d02b4d121d3fd328cb08b5531fcacdabf8a,1,1
u01-s003-v006,question,optionAnalysis[1].reason,b468fee93bc7307e0b09aadb52c96674f85ad7e4d59c421ea2c90aad54959143,9,23
u01-s003-v006,question,optionAnalysis[2].choice,e7f6c011776e8db7cd330b54174fd76f7d0216b612387a5ffcfb81e6f0919683,1,1
u01-s003-v006,question,optionAnalysis[2].reason,448dbc31e064bf9f1586dea7233b1f4aaf04dd7cbf8c201a4b1e05be8f1da1b1,6,18
u01-s003-v006,question,optionAnalysis[3].choice,d4735e3a265e16eee03f59718b9b5d03019c07d8b6c51f90da3a666eec13ab35,1,1
u01-s003-v006,question,optionAnalysis[3].reason,fea502e6a3f2140d0e07ed5f93122275f5fdca5b9642a4f5d95368edc544dcf6,5,15
u01-s003-v006,question,commonMistake,710e26528b330c634417cd8cca30c8da6ff18d4f4e5ca267e93b1cb31da2bb2f,24,58
u01-s003-v006,question,concept,2c746e50c1fed6049c869542853732e39041650fa7ab0b5ee99b2f1b13c5b5f6,16,48
u01-s003-v006,question,tags[0],fd41540cbdbecb9b5fa7116d27c68e378548ab62ab7c7ca4494730a81ea87667,3,9
u01-s003-v006,question,tags[1],750a836fd791cceb44a17b638a2f958e38a4f314ee4dff733c69322a463d1427,4,12
u01-s003-v006,question,tags[2],fe6d3468cf5c74d8ec2a95b40f2e05338c37a4202f8fad692d2b64a9cf9b468a,8,8
u01-s003-v006,question,estimatedTimeSec,39fa9ec190eee7b6f4dff1100d6343e10918d044c75eac8f9e9a2596173f80c9,2,2
u01-s003-v006,question,prerequisiteSkillIds[0],9acb7068b50b71b0be599486518d6c00dc6d3db8f17524202c8211f780bf2672,33,33
u01-s003-v006,question,authoringIntent,686e6ac6b012cce09d404d4aec2c9e080c445b43f1fc671d613d54e335df1a92,10,28
u01-s003-v006,question,reviewStatus,ec809598e2f7fcc69fad54c9cd045bba62b4a0dc7c0ff90d4efdc3788c9ad8fb,22,22
u01-s003-v006,question,contentSha256,cda59e732f19807f7847fe543782bc5c2f246bfc517d2583db47a018f77cfba1,64,64
u01-s003-v006,question,contentAuthority,ed40f75ffe3d6ad4e71f6e7919d063410490de360edb425965eccd605ca9d79e,25,25
u01-s003-v007,question,questionId,da0adf0088e78f03b81220e741ab01385f6a20840143f0dd18b9573f0d875c0a,13,13
u01-s003-v007,question,unitId,2055254ee30aaae13b777732834c89d7f799015d3af13b62fe05aeef8c3e0eaa,3,3
u01-s003-v007,question,topicId,e7d9d88eb7596ecb66c83bcfd7a554baef7612744a495523f5f8fae90be63bc7,18,18
u01-s003-v007,question,skillId,d4a70ec3bcf253225298fa992ee3b412dd1d434e795e1d5789a615cfe5b0b7b3,28,28
u01-s003-v007,question,difficulty,d21f85ea38166303ce58e06134b5cc4a5c900c409ab2a500ff7c9225109a09bb,8,8
u01-s003-v007,question,type,6bc0f9c4ecb0acbebf1b9f6c816bdd66f4885f67c917d9e141cf893014fba936,2,2
u01-s003-v007,question,visualMode,9c7d54b0bf7a9369d8594201c7b11955514343809d09fbec33966c1fd9794015,9,9
u01-s003-v007,question,sourceScope,a4b669ddb8ef1883391c07a7b633f12eeaeecee7ec37c09eea4931aff6644346,19,19
u01-s003-v007,question,text,5521b22da90b1cc01bbaefc7422857982219677a31e8badd49efc617f2b921cf,41,89
u01-s003-v007,question,choices[0],03b26944890929ff751653acb2f2af795cee38f937f379f52ed654a68ce91216,2,2
u01-s003-v007,question,choices[1],4b227777d4dd1fc61c6f884f48641d02b4d121d3fd328cb08b5531fcacdabf8a,1,1
u01-s003-v007,question,choices[2],e7f6c011776e8db7cd330b54174fd76f7d0216b612387a5ffcfb81e6f0919683,1,1
u01-s003-v007,question,choices[3],ef2d127de37b942baad06145e54b0c619a1f22327b2ebbcfbec78f5564afe39d,1,1
u01-s003-v007,question,explanation,bb549a7a3666aa4475b084c0d84a7ecfa9e5c2a216306eda275f6c6677356978,48,100
u01-s003-v007,question,steps[0],cf9126dbd8e687b35b4eb04004c7ae89e79f2913c0b9a48c450efeb9501d5145,17,29
u01-s003-v007,question,steps[1],f916da41804011000af9440cb21245ff5be90adde62df8bcb0ac0f5634b6a01f,9,25
u01-s003-v007,question,steps[2],1003ea450fca9b1937cb127a19d476db79e93eb82402c812e3e6d5a09cee8dda,6,8
u01-s003-v007,question,optionAnalysis[0].choice,03b26944890929ff751653acb2f2af795cee38f937f379f52ed654a68ce91216,2,2
u01-s003-v007,question,optionAnalysis[0].reason,3ddc52db897b7749db6f853e02fc29a4369f3980b8d25871a615028facfff4ad,9,25
u01-s003-v007,question,optionAnalysis[1].choice,4b227777d4dd1fc61c6f884f48641d02b4d121d3fd328cb08b5531fcacdabf8a,1,1
u01-s003-v007,question,optionAnalysis[1].reason,41d4e463cab444a3ae497cb9895585959b1d30e0089e247f4b1d49919acb6922,15,41
u01-s003-v007,question,optionAnalysis[2].choice,e7f6c011776e8db7cd330b54174fd76f7d0216b612387a5ffcfb81e6f0919683,1,1
u01-s003-v007,question,optionAnalysis[2].reason,945ce4fbd16a4af2d605f0dcfa3804eeb6092861eedac35f73c2a6aa8d2de149,13,16
u01-s003-v007,question,optionAnalysis[3].choice,ef2d127de37b942baad06145e54b0c619a1f22327b2ebbcfbec78f5564afe39d,1,1
u01-s003-v007,question,optionAnalysis[3].reason,aa4a39f3b53df2d9d156e56a98479832c7cee47763b6961e5f03f56e878ef6f7,6,18
u01-s003-v007,question,commonMistake,79daa2ef7cb0967f478daaed786638b65b46564268e56bce7d11079627490cbd,26,70
u01-s003-v007,question,concept,c21424258cfbeaec87d5b3f0a342598d0cb7acce133b405d855a164ccca33ee3,18,42
u01-s003-v007,question,tags[0],fd41540cbdbecb9b5fa7116d27c68e378548ab62ab7c7ca4494730a81ea87667,3,9
u01-s003-v007,question,tags[1],750a836fd791cceb44a17b638a2f958e38a4f314ee4dff733c69322a463d1427,4,12
u01-s003-v007,question,tags[2],d21f85ea38166303ce58e06134b5cc4a5c900c409ab2a500ff7c9225109a09bb,8,8
u01-s003-v007,question,estimatedTimeSec,39fa9ec190eee7b6f4dff1100d6343e10918d044c75eac8f9e9a2596173f80c9,2,2
u01-s003-v007,question,prerequisiteSkillIds[0],9acb7068b50b71b0be599486518d6c00dc6d3db8f17524202c8211f780bf2672,33,33
u01-s003-v007,question,authoringIntent,21d1b41d103279bb3c2f65cd8742b354d1f4c313f855bb22843f28f01cb91c12,13,39
u01-s003-v007,question,reviewStatus,ec809598e2f7fcc69fad54c9cd045bba62b4a0dc7c0ff90d4efdc3788c9ad8fb,22,22
u01-s003-v007,question,contentSha256,aa848eb8a0656f5b09f5667c25db908afeda942ef41df678307bf89476102606,64,64
u01-s003-v007,question,contentAuthority,ed40f75ffe3d6ad4e71f6e7919d063410490de360edb425965eccd605ca9d79e,25,25
u01-s003-v008,question,questionId,a73facff8514b2d672bc98d08d88cbb121450df6955451742776619e45389296,13,13
u01-s003-v008,question,unitId,2055254ee30aaae13b777732834c89d7f799015d3af13b62fe05aeef8c3e0eaa,3,3
u01-s003-v008,question,topicId,e7d9d88eb7596ecb66c83bcfd7a554baef7612744a495523f5f8fae90be63bc7,18,18
u01-s003-v008,question,skillId,d4a70ec3bcf253225298fa992ee3b412dd1d434e795e1d5789a615cfe5b0b7b3,28,28
u01-s003-v008,question,difficulty,d21f85ea38166303ce58e06134b5cc4a5c900c409ab2a500ff7c9225109a09bb,8,8
u01-s003-v008,question,type,6bc0f9c4ecb0acbebf1b9f6c816bdd66f4885f67c917d9e141cf893014fba936,2,2
u01-s003-v008,question,visualMode,9c7d54b0bf7a9369d8594201c7b11955514343809d09fbec33966c1fd9794015,9,9
u01-s003-v008,question,sourceScope,a4b669ddb8ef1883391c07a7b633f12eeaeecee7ec37c09eea4931aff6644346,19,19
u01-s003-v008,question,text,8278385f53617d36851c4ca22d9edd1cf0b50b0b74de7b15433ccaba16f4d4d1,47,103
u01-s003-v008,question,choices[0],e5e0093f285a4fb94c3fcc2ad7fd04edd10d429ccda87a9aa5e4718efadf182e,2,2
u01-s003-v008,question,choices[1],cf3bae39dd692048a8bf961182e6a34dfd323eeb0748e162eaf055107f1cb873,2,2
u01-s003-v008,question,choices[2],d4735e3a265e16eee03f59718b9b5d03019c07d8b6c51f90da3a666eec13ab35,1,1
u01-s003-v008,question,choices[3],5feceb66ffc86f38d952786c6d696c79c2dbc239dd4e91b46729d73a27fb57e9,1,1
u01-s003-v008,question,explanation,0acc0be316d04371ec6e38a1575f283329292ddab4f613db0c22862027640dc8,27,48
u01-s003-v008,question,steps[0],429ab6239be067d0584ea743ba28da5615042c238323f92ff56347e9a8765b6f,7,15
u01-s003-v008,question,steps[1],2ea9e16b66bffe9cfb1df56c54b4cabf5452546e368a707343c9b8030c48faaa,7,15
u01-s003-v008,question,steps[2],3a812e2a0f767e2aedd22c7ed169481ce02b380c70c4918a1c456568ecadb5b7,7,9
u01-s003-v008,question,optionAnalysis[0].choice,e5e0093f285a4fb94c3fcc2ad7fd04edd10d429ccda87a9aa5e4718efadf182e,2,2
u01-s003-v008,question,optionAnalysis[0].reason,6ccb8ce5a9072c658f7138f23d1587d5029e59a654e23683a76f83c2fa6d90af,9,27
u01-s003-v008,question,optionAnalysis[1].choice,cf3bae39dd692048a8bf961182e6a34dfd323eeb0748e162eaf055107f1cb873,2,2
u01-s003-v008,question,optionAnalysis[1].reason,2cf55d465a8e4622fc55d020040926a0dd0bb1e951487aebd15b4b77d63c1cc0,5,15
u01-s003-v008,question,optionAnalysis[2].choice,d4735e3a265e16eee03f59718b9b5d03019c07d8b6c51f90da3a666eec13ab35,1,1
u01-s003-v008,question,optionAnalysis[2].reason,8fe3a763e7225daeb424b919638aeb3f7333381c649b4d3e1d8be4f9c0ed2044,7,21
u01-s003-v008,question,optionAnalysis[3].choice,5feceb66ffc86f38d952786c6d696c79c2dbc239dd4e91b46729d73a27fb57e9,1,1
u01-s003-v008,question,optionAnalysis[3].reason,37b8b6ec2c79b0243053934941df155d6898a14d7f6fc03e5a20bf4c5002d42c,11,25
u01-s003-v008,question,commonMistake,0efa5cca4c25ede6f016b94a5fd33853345aebab91c1a126e5997aeb210931f5,18,42
u01-s003-v008,question,concept,0151752086a9ad3239ac0a6ced553712782502a8248208fa2af4f13fe087d2af,16,48
u01-s003-v008,question,tags[0],fd41540cbdbecb9b5fa7116d27c68e378548ab62ab7c7ca4494730a81ea87667,3,9
u01-s003-v008,question,tags[1],750a836fd791cceb44a17b638a2f958e38a4f314ee4dff733c69322a463d1427,4,12
u01-s003-v008,question,tags[2],d21f85ea38166303ce58e06134b5cc4a5c900c409ab2a500ff7c9225109a09bb,8,8
u01-s003-v008,question,estimatedTimeSec,39fa9ec190eee7b6f4dff1100d6343e10918d044c75eac8f9e9a2596173f80c9,2,2
u01-s003-v008,question,prerequisiteSkillIds[0],9acb7068b50b71b0be599486518d6c00dc6d3db8f17524202c8211f780bf2672,33,33
u01-s003-v008,question,authoringIntent,c35bf74fb6241db55f833b951b05d5a759c0b8dc4719293f8dd31e425c1a3514,10,30
u01-s003-v008,question,reviewStatus,ec809598e2f7fcc69fad54c9cd045bba62b4a0dc7c0ff90d4efdc3788c9ad8fb,22,22
u01-s003-v008,question,contentSha256,d5b0a7ce582d20b6e9e22032352be25d1dc21b0b54e6eb50fbbe1ee6981364bc,64,64
u01-s003-v008,question,contentAuthority,ed40f75ffe3d6ad4e71f6e7919d063410490de360edb425965eccd605ca9d79e,25,25
u01-s003-v009,question,questionId,1810393efb5b0be8c13e4cd1e2440029ac084642411cde1360e527b462781253,13,13
u01-s003-v009,question,unitId,2055254ee30aaae13b777732834c89d7f799015d3af13b62fe05aeef8c3e0eaa,3,3
u01-s003-v009,question,topicId,e7d9d88eb7596ecb66c83bcfd7a554baef7612744a495523f5f8fae90be63bc7,18,18
u01-s003-v009,question,skillId,d4a70ec3bcf253225298fa992ee3b412dd1d434e795e1d5789a615cfe5b0b7b3,28,28
u01-s003-v009,question,difficulty,d21f85ea38166303ce58e06134b5cc4a5c900c409ab2a500ff7c9225109a09bb,8,8
u01-s003-v009,question,type,6bc0f9c4ecb0acbebf1b9f6c816bdd66f4885f67c917d9e141cf893014fba936,2,2
u01-s003-v009,question,visualMode,9c7d54b0bf7a9369d8594201c7b11955514343809d09fbec33966c1fd9794015,9,9
u01-s003-v009,question,sourceScope,a4b669ddb8ef1883391c07a7b633f12eeaeecee7ec37c09eea4931aff6644346,19,19
u01-s003-v009,question,text,7df609e34859d44e4873ec68734a614d53fa7583c0c6302949d461527f990b67,38,94
u01-s003-v009,question,choices[0],4b227777d4dd1fc61c6f884f48641d02b4d121d3fd328cb08b5531fcacdabf8a,1,1
u01-s003-v009,question,choices[1],03b26944890929ff751653acb2f2af795cee38f937f379f52ed654a68ce91216,2,2
u01-s003-v009,question,choices[2],ef2d127de37b942baad06145e54b0c619a1f22327b2ebbcfbec78f5564afe39d,1,1
u01-s003-v009,question,choices[3],e5e0093f285a4fb94c3fcc2ad7fd04edd10d429ccda87a9aa5e4718efadf182e,2,2
u01-s003-v009,question,explanation,9783bd59f17d98cdab4d0ba00f8d20d63ae04549e759fce85bef713a22123e0f,46,104
u01-s003-v009,question,steps[0],28a52019e233cc45d3a1b98ffab60b5c3198f9fbeda3592a34aab10bb642edec,7,15
u01-s003-v009,question,steps[1],e3842c11cdcc279c586d7a94a9f6f2cad49c0dab5d95eb6c3381a4717a5b9579,8,18
u01-s003-v009,question,steps[2],95067f1ef70d3e86f15689d193b7ab141561af5fc6678f732900186a9d688ff8,4,10
u01-s003-v009,question,optionAnalysis[0].choice,4b227777d4dd1fc61c6f884f48641d02b4d121d3fd328cb08b5531fcacdabf8a,1,1
u01-s003-v009,question,optionAnalysis[0].reason,10a3c70565da7599fef9f55b90fa68fd2ae4a7969898e51abefdc2fa9f7ba604,15,27
u01-s003-v009,question,optionAnalysis[1].choice,03b26944890929ff751653acb2f2af795cee38f937f379f52ed654a68ce91216,2,2
u01-s003-v009,question,optionAnalysis[1].reason,f4b5e80b8256eeeb4d4c94539b8b7a93c155758dc4f03a30d9e7ecb268cd46d9,7,21
u01-s003-v009,question,optionAnalysis[2].choice,ef2d127de37b942baad06145e54b0c619a1f22327b2ebbcfbec78f5564afe39d,1,1
u01-s003-v009,question,optionAnalysis[2].reason,53e4720fdca7c6eb146b162f9b4a32ae6f8153e743dee548b399a78565ea5b9c,6,18
u01-s003-v009,question,optionAnalysis[3].choice,e5e0093f285a4fb94c3fcc2ad7fd04edd10d429ccda87a9aa5e4718efadf182e,2,2
u01-s003-v009,question,optionAnalysis[3].reason,e6a8a6b979490d4724f4000cceea26c0fd458f1b870784a3413e8b427583281a,4,10
u01-s003-v009,question,commonMistake,e2a98395ae73d55aeb3b52778b5642ecbf33a03a0d9e225ceefadfa5945f38de,24,66
u01-s003-v009,question,concept,40c7c3efb6169678797d75eb83414d8e0a1b99e34d9216f7828bf06023a015ff,22,66
u01-s003-v009,question,tags[0],fd41540cbdbecb9b5fa7116d27c68e378548ab62ab7c7ca4494730a81ea87667,3,9
u01-s003-v009,question,tags[1],750a836fd791cceb44a17b638a2f958e38a4f314ee4dff733c69322a463d1427,4,12
u01-s003-v009,question,tags[2],d21f85ea38166303ce58e06134b5cc4a5c900c409ab2a500ff7c9225109a09bb,8,8
u01-s003-v009,question,estimatedTimeSec,39fa9ec190eee7b6f4dff1100d6343e10918d044c75eac8f9e9a2596173f80c9,2,2
u01-s003-v009,question,prerequisiteSkillIds[0],9acb7068b50b71b0be599486518d6c00dc6d3db8f17524202c8211f780bf2672,33,33
u01-s003-v009,question,authoringIntent,eeb075f07ef68d2c17ef6422a8e9505b8b5f0f0ebceb285a82a173fec633e123,14,42
u01-s003-v009,question,reviewStatus,ec809598e2f7fcc69fad54c9cd045bba62b4a0dc7c0ff90d4efdc3788c9ad8fb,22,22
u01-s003-v009,question,contentSha256,a09534dfc76b834e328ec5acc8f8f474689024b1b18ee479131a22cdf6c8427e,64,64
u01-s003-v009,question,contentAuthority,ed40f75ffe3d6ad4e71f6e7919d063410490de360edb425965eccd605ca9d79e,25,25
u01-s003-v010,question,questionId,406215814aeb42f3199372a80ab2681edd2254d06851287862822f2e4a9a13e3,13,13
u01-s003-v010,question,unitId,2055254ee30aaae13b777732834c89d7f799015d3af13b62fe05aeef8c3e0eaa,3,3
u01-s003-v010,question,topicId,e7d9d88eb7596ecb66c83bcfd7a554baef7612744a495523f5f8fae90be63bc7,18,18
u01-s003-v010,question,skillId,d4a70ec3bcf253225298fa992ee3b412dd1d434e795e1d5789a615cfe5b0b7b3,28,28
u01-s003-v010,question,difficulty,578756ca4aa16d8872610a5aaa78460fd30fbe93379ff7284fe65d66ca606755,8,8
u01-s003-v010,question,type,6bc0f9c4ecb0acbebf1b9f6c816bdd66f4885f67c917d9e141cf893014fba936,2,2
u01-s003-v010,question,visualMode,9c7d54b0bf7a9369d8594201c7b11955514343809d09fbec33966c1fd9794015,9,9
u01-s003-v010,question,sourceScope,a4b669ddb8ef1883391c07a7b633f12eeaeecee7ec37c09eea4931aff6644346,19,19
u01-s003-v010,question,text,32d2246b4b22586dedb42da61864a422099ab6031f9d162210b9735122643921,64,168
u01-s003-v010,question,choices[0],5e37b37c842d8df7106ee92e2e45beefef71ca60f51f7bb5cb50cb1e81c355a8,3,3
u01-s003-v010,question,choices[1],6b86b273ff34fce19d6b804eff5a3f5747ada4eaa22f1d49c01e52ddb7875b4b,1,1
u01-s003-v010,question,choices[2],ef2d127de37b942baad06145e54b0c619a1f22327b2ebbcfbec78f5564afe39d,1,1
u01-s003-v010,question,choices[3],19581e27de7ced00ff1ce50b2047e7a567c76b1cbaebabe5ef03f7c3017bb5b7,1,1
u01-s003-v010,question,explanation,7b905e380d36026873eb2681841269118596601a196774306c71e2575f9236d6,24,42
u01-s003-v010,question,steps[0],995539dda64709aeda648756ac42f90dc0309d2a38d204143ec1e91c4689886e,6,12
u01-s003-v010,question,steps[1],cd2cdb3c004250fd34da8393e69cbd562501b39eefe8e91e0e34986f7e32704c,6,14
u01-s003-v010,question,steps[2],4095cf2a6af7bb285a57f1165eb33af7f5aa97bcf978150c1725e249f269bbe8,6,14
u01-s003-v010,question,optionAnalysis[0].choice,5e37b37c842d8df7106ee92e2e45beefef71ca60f51f7bb5cb50cb1e81c355a8,3,3
u01-s003-v010,question,optionAnalysis[0].reason,de6d4b7731fd5be282b46d5c2e2b90f5aa1d266057828eca6675aa2cd1d895c3,10,30
u01-s003-v010,question,optionAnalysis[1].choice,6b86b273ff34fce19d6b804eff5a3f5747ada4eaa22f1d49c01e52ddb7875b4b,1,1
u01-s003-v010,question,optionAnalysis[1].reason,68678e6a81e63eee76ba3c4adce54ebbbc0cd826bbcf3f4192d92231f5806f4c,9,11
u01-s003-v010,question,optionAnalysis[2].choice,ef2d127de37b942baad06145e54b0c619a1f22327b2ebbcfbec78f5564afe39d,1,1
u01-s003-v010,question,optionAnalysis[2].reason,6c763d84d09791797b7607f7d45218d5b8055b0c9016c5627ee3f6df285b2739,9,27
u01-s003-v010,question,optionAnalysis[3].choice,19581e27de7ced00ff1ce50b2047e7a567c76b1cbaebabe5ef03f7c3017bb5b7,1,1
u01-s003-v010,question,optionAnalysis[3].reason,62fc39efdcc59ac83b5c1d2dd896c2e908ed9316edb011eb317a6feed9cf1ea6,5,15
u01-s003-v010,question,commonMistake,4fd038058862590867049f0263158a1121588b9e68b45fe92d5c20da34f54551,22,48
u01-s003-v010,question,concept,c184409f9d5dbaf759089731eb56a2967d33934021da983b8d706de935c1bfcf,16,48
u01-s003-v010,question,tags[0],fd41540cbdbecb9b5fa7116d27c68e378548ab62ab7c7ca4494730a81ea87667,3,9
u01-s003-v010,question,tags[1],750a836fd791cceb44a17b638a2f958e38a4f314ee4dff733c69322a463d1427,4,12
u01-s003-v010,question,tags[2],578756ca4aa16d8872610a5aaa78460fd30fbe93379ff7284fe65d66ca606755,8,8
u01-s003-v010,question,estimatedTimeSec,69f59c273b6e669ac32a6dd5e1b2cb63333d8b004f9696447aee2d422ce63763,2,2
u01-s003-v010,question,prerequisiteSkillIds[0],9acb7068b50b71b0be599486518d6c00dc6d3db8f17524202c8211f780bf2672,33,33
u01-s003-v010,question,authoringIntent,ae9fa123c2dc0057e804aabd4e98416baebeb6d740941914f198879175d1ee37,15,45
u01-s003-v010,question,literacyContextNecessity,e68abbf2e07c5a884da4443f47009e81bf035ea1d400e72fd6766c7064a2c009,25,75
u01-s003-v010,question,reviewStatus,ec809598e2f7fcc69fad54c9cd045bba62b4a0dc7c0ff90d4efdc3788c9ad8fb,22,22
u01-s003-v010,question,contentSha256,6eddf2887233b8b66eba927f2010776bc6cf363351c81566e9c400e4f76871b3,64,64
u01-s003-v010,question,contentAuthority,ed40f75ffe3d6ad4e71f6e7919d063410490de360edb425965eccd605ca9d79e,25,25
u01-s003-v011,question,questionId,45fd165e7c699e30f6d8dd86cc616d4c6a093eac581ec63e47f1c213593a8a90,13,13
u01-s003-v011,question,unitId,2055254ee30aaae13b777732834c89d7f799015d3af13b62fe05aeef8c3e0eaa,3,3
u01-s003-v011,question,topicId,e7d9d88eb7596ecb66c83bcfd7a554baef7612744a495523f5f8fae90be63bc7,18,18
u01-s003-v011,question,skillId,d4a70ec3bcf253225298fa992ee3b412dd1d434e795e1d5789a615cfe5b0b7b3,28,28
u01-s003-v011,question,difficulty,578756ca4aa16d8872610a5aaa78460fd30fbe93379ff7284fe65d66ca606755,8,8
u01-s003-v011,question,type,6bc0f9c4ecb0acbebf1b9f6c816bdd66f4885f67c917d9e141cf893014fba936,2,2
u01-s003-v011,question,visualMode,9c7d54b0bf7a9369d8594201c7b11955514343809d09fbec33966c1fd9794015,9,9
u01-s003-v011,question,sourceScope,a4b669ddb8ef1883391c07a7b633f12eeaeecee7ec37c09eea4931aff6644346,19,19
u01-s003-v011,question,text,aba1c30b49ba5bd57c3de190bfb8567890c18efce9762270573d85341a8514ec,62,146
u01-s003-v011,question,choices[0],d56f4f81decb34d65a1a425350f7c0d3f446b44a8a60c77e33e2a87af96f63ba,6,10
u01-s003-v011,question,choices[1],7f542e2f7abb45d064ea1947e0a5e22e2638a6ca1ec2a21427b18af3606598df,4,8
u01-s003-v011,question,choices[2],2af0e133f739c8a77c3d679689dddefbb167601470454eedf1f272e1b2406a1d,5,9
u01-s003-v011,question,choices[3],2bc5b5f4e312ec5079edaa7f1af59efc230c1438f8aee3f3b289ec1cbc606018,5,9
u01-s003-v011,question,explanation,cabc31f852d4f5ab5dc2504ea1614a87e2921947e7aff5c74082870393244567,33,65
u01-s003-v011,question,steps[0],b4a7c491e904bdf7531702ad6efa8bb261f17e2e42369b7926682cb666fd94a9,6,10
u01-s003-v011,question,steps[1],bf5cff59e5f907d0dc4506351a758cbf56899a1879b4eb2ccc24fdf7303d8f1f,6,14
u01-s003-v011,question,steps[2],2ff78659a891d019ba8146dd75debaddf3713fdf4d90deb8e9b297d8026c879e,9,11
u01-s003-v011,question,optionAnalysis[0].choice,d56f4f81decb34d65a1a425350f7c0d3f446b44a8a60c77e33e2a87af96f63ba,6,10
u01-s003-v011,question,optionAnalysis[0].reason,f647a64b60573b6752f76d392aadb386337811331e5c8331334b2d4d58b5387f,7,21
u01-s003-v011,question,optionAnalysis[1].choice,7f542e2f7abb45d064ea1947e0a5e22e2638a6ca1ec2a21427b18af3606598df,4,8
u01-s003-v011,question,optionAnalysis[1].reason,e00cc2d298c79192c85e752c25f188393358559c4e0edd92bc69cda2ffa08627,6,18
u01-s003-v011,question,optionAnalysis[2].choice,2af0e133f739c8a77c3d679689dddefbb167601470454eedf1f272e1b2406a1d,5,9
u01-s003-v011,question,optionAnalysis[2].reason,0bcae76a51daafa79b12892798647696795db1411ab33f54cf0c0be71ad5a916,13,19
u01-s003-v011,question,optionAnalysis[3].choice,2bc5b5f4e312ec5079edaa7f1af59efc230c1438f8aee3f3b289ec1cbc606018,5,9
u01-s003-v011,question,optionAnalysis[3].reason,32cd34d5bdf7570dcdde9d613b94cef1f9d5ab69e4801a90f67c6d458464de04,12,36
u01-s003-v011,question,commonMistake,2dc33369f648efd9cce09d3a6e43d57ad4b265033f667a6e5937078b08c241f3,33,77
u01-s003-v011,question,concept,735f2d3d8911b05f26d5c7483e3785ffb46a1a0d6cd5f7f22b2871db67f33330,12,36
u01-s003-v011,question,tags[0],fd41540cbdbecb9b5fa7116d27c68e378548ab62ab7c7ca4494730a81ea87667,3,9
u01-s003-v011,question,tags[1],750a836fd791cceb44a17b638a2f958e38a4f314ee4dff733c69322a463d1427,4,12
u01-s003-v011,question,tags[2],578756ca4aa16d8872610a5aaa78460fd30fbe93379ff7284fe65d66ca606755,8,8
u01-s003-v011,question,estimatedTimeSec,69f59c273b6e669ac32a6dd5e1b2cb63333d8b004f9696447aee2d422ce63763,2,2
u01-s003-v011,question,prerequisiteSkillIds[0],9acb7068b50b71b0be599486518d6c00dc6d3db8f17524202c8211f780bf2672,33,33
u01-s003-v011,question,authoringIntent,217a5665b0b37244f56c8e1ce9ab7737e507fc9fbc33119e24ffdaa3127bd292,17,51
u01-s003-v011,question,literacyContextNecessity,7cfbf57f4c2f61ff9a0baf54d33d604702357dbda83d2ba4da717cc7575947a4,27,77
u01-s003-v011,question,reviewStatus,ec809598e2f7fcc69fad54c9cd045bba62b4a0dc7c0ff90d4efdc3788c9ad8fb,22,22
u01-s003-v011,question,contentSha256,9196e76ade8e2be4e00fde129d967235da77e14c7906575e704107948223c09e,64,64
u01-s003-v011,question,contentAuthority,ed40f75ffe3d6ad4e71f6e7919d063410490de360edb425965eccd605ca9d79e,25,25
u01-s003-v012,question,questionId,5af908abf3e992b5ae9cb02cdfe20e59cad10a7972d01db54b461dd582699c42,13,13
u01-s003-v012,question,unitId,2055254ee30aaae13b777732834c89d7f799015d3af13b62fe05aeef8c3e0eaa,3,3
u01-s003-v012,question,topicId,e7d9d88eb7596ecb66c83bcfd7a554baef7612744a495523f5f8fae90be63bc7,18,18
u01-s003-v012,question,skillId,d4a70ec3bcf253225298fa992ee3b412dd1d434e795e1d5789a615cfe5b0b7b3,28,28
u01-s003-v012,question,difficulty,578756ca4aa16d8872610a5aaa78460fd30fbe93379ff7284fe65d66ca606755,8,8
u01-s003-v012,question,type,6bc0f9c4ecb0acbebf1b9f6c816bdd66f4885f67c917d9e141cf893014fba936,2,2
u01-s003-v012,question,visualMode,9c7d54b0bf7a9369d8594201c7b11955514343809d09fbec33966c1fd9794015,9,9
u01-s003-v012,question,sourceScope,a4b669ddb8ef1883391c07a7b633f12eeaeecee7ec37c09eea4931aff6644346,19,19
u01-s003-v012,question,text,3f5dca45e516842ab3dc77cf9a72ac7c91fa257c01f818231a03b4e4df05c254,56,144
u01-s003-v012,question,choices[0],e629fa6598d732768f7c726b4b621285f9c3b85303900aa912017db7617d8bdb,2,2
u01-s003-v012,question,choices[1],a770d3270c9dcdedf12ed9fd70444f7c8a95c26cae3cae9bd867499090a2f14b,2,2
u01-s003-v012,question,choices[2],7902699be42c8a8e46fbbb4501726517e86b22c56a189f7625a6da49081b2451,1,1
u01-s003-v012,question,choices[3],615bdd17c2556f82f384392ea8557f8cc88b03501c759e23093ab0b2a9b5cd48,2,2
u01-s003-v012,question,explanation,fbd12e3f77a1f3301cac901658e935424866d1f383442df40e62f0f2acf76f19,25,43
u01-s003-v012,question,steps[0],3ba285caeda783d9a5d25e6ab6079f9d59f68fbf5a6a3b4b4620f1905b97b38c,4,10
u01-s003-v012,question,steps[1],e40cc562f46eb87ee3b6e3a77f378b9ad3701dc9538aadb3ea920a88e283488d,7,15
u01-s003-v012,question,steps[2],2b09ba40aaaceb05c9908944740c6453847fb1a831cb01d1bfbd888fe1b77f18,7,15
u01-s003-v012,question,optionAnalysis[0].choice,e629fa6598d732768f7c726b4b621285f9c3b85303900aa912017db7617d8bdb,2,2
u01-s003-v012,question,optionAnalysis[0].reason,763dc778850d59f900dc8e9cbfc6368117899b14c9355fc7800d41c184326db3,9,27
u01-s003-v012,question,optionAnalysis[1].choice,a770d3270c9dcdedf12ed9fd70444f7c8a95c26cae3cae9bd867499090a2f14b,2,2
u01-s003-v012,question,optionAnalysis[1].reason,ec7fcbc5b55c9894a9cf3b599f99110a22379967bcd0b159f0dceda60f8327cc,11,33
u01-s003-v012,question,optionAnalysis[2].choice,7902699be42c8a8e46fbbb4501726517e86b22c56a189f7625a6da49081b2451,1,1
u01-s003-v012,question,optionAnalysis[2].reason,cf86c016f78d0428f5db4b1c4f801d1ee9f0f0942d47eb41c976859c319cde84,7,21
u01-s003-v012,question,optionAnalysis[3].choice,615bdd17c2556f82f384392ea8557f8cc88b03501c759e23093ab0b2a9b5cd48,2,2
u01-s003-v012,question,optionAnalysis[3].reason,8b97c5af47ec915122fe0e0d6dc4d8f58ca7ec74c1ed66a16a1bda6f5b03a735,12,14
u01-s003-v012,question,commonMistake,773bc316948d34b3cd85b7a18f9ab86a22cffaef07bfed6ef3f110509d2a6993,21,59
u01-s003-v012,question,concept,de7e9ce141e9d86a2cc7aa854bb353de7026b88e39af075c2ab556a8718f09fb,17,51
u01-s003-v012,question,tags[0],fd41540cbdbecb9b5fa7116d27c68e378548ab62ab7c7ca4494730a81ea87667,3,9
u01-s003-v012,question,tags[1],750a836fd791cceb44a17b638a2f958e38a4f314ee4dff733c69322a463d1427,4,12
u01-s003-v012,question,tags[2],578756ca4aa16d8872610a5aaa78460fd30fbe93379ff7284fe65d66ca606755,8,8
u01-s003-v012,question,estimatedTimeSec,69f59c273b6e669ac32a6dd5e1b2cb63333d8b004f9696447aee2d422ce63763,2,2
u01-s003-v012,question,prerequisiteSkillIds[0],9acb7068b50b71b0be599486518d6c00dc6d3db8f17524202c8211f780bf2672,33,33
u01-s003-v012,question,authoringIntent,3f36ccbac041b77346b5b09532cec08de1907cf9928f7ccece70e2ae584a9d71,17,51
u01-s003-v012,question,literacyContextNecessity,d207aa6eed21563c945399b199dc4798f06959e9b0bae32ab6f42a7810feb807,27,81
u01-s003-v012,question,reviewStatus,ec809598e2f7fcc69fad54c9cd045bba62b4a0dc7c0ff90d4efdc3788c9ad8fb,22,22
u01-s003-v012,question,contentSha256,d5b30d2360ce02abe63468cad4ffd55673a21fd8b407beac13ab63d22a66eb6f,64,64
u01-s003-v012,question,contentAuthority,ed40f75ffe3d6ad4e71f6e7919d063410490de360edb425965eccd605ca9d79e,25,25
u01-s003-cr001,question,questionId,ed2c7e7a2ca0dc49abc943849b9de71ae1eed8911a77f52e215dec4ac5e6e4c0,14,14
u01-s003-cr001,question,unitId,2055254ee30aaae13b777732834c89d7f799015d3af13b62fe05aeef8c3e0eaa,3,3
u01-s003-cr001,question,topicId,e7d9d88eb7596ecb66c83bcfd7a554baef7612744a495523f5f8fae90be63bc7,18,18
u01-s003-cr001,question,skillId,d4a70ec3bcf253225298fa992ee3b412dd1d434e795e1d5789a615cfe5b0b7b3,28,28
u01-s003-cr001,question,difficulty,fe6d3468cf5c74d8ec2a95b40f2e05338c37a4202f8fad692d2b64a9cf9b468a,8,8
u01-s003-cr001,question,type,e519496c259191db041ac61161dbfadb673dd94a10a123ed7423adcf7968ae7c,20,20
u01-s003-cr001,question,visualMode,9c7d54b0bf7a9369d8594201c7b11955514343809d09fbec33966c1fd9794015,9,9
u01-s003-cr001,question,prompt,132353fccbc29eb672beb8e60ee430940826013787943c93d2216a3f091df10a,61,143
u01-s003-cr001,question,requiredWork[0],5e3f70c28da9d07bc8698f5dc3d27d4b76db63dae8461365bd7c0027f1442c74,10,30
u01-s003-cr001,question,requiredWork[1],94c38985560fdd43c657320cb738d8fdbd223198f05007b5601fca5fab3da70a,15,35
u01-s003-cr001,question,requiredWork[2],40d695bd9cfbba0a1f63d9d777bb6db7b204015e67f23b143434a18c6d8e27cb,11,27
u01-s003-cr001,question,fullCreditSolution[0],9aa64daae24a922d773f233ed2064e5b72062b77f3b1ef562c0b04a07c1819f1,19,43
u01-s003-cr001,question,fullCreditSolution[1],e6b5ecc8578a9ac2adf8b7e2bf519e7a19c6e835a37c5bbde197f1aab47c6043,13,25
u01-s003-cr001,question,fullCreditSolution[2],e9a8acd6007521ed2276ee941d8b1f968a50db7dad1e6034f183185378496717,10,12
u01-s003-cr001,question,alternativeSolutions[0],b1ffd31f0c50a2317b12dcf880197957b1c8603cec64b63671a0bd4162fc0ff1,31,61
u01-s003-cr001,question,rubric[0].criteria,d1e2ce1fb1867fcbca4bf23685d974fe83adee087d85942e68cb667594e897de,24,46
u01-s003-cr001,question,rubric[1].criteria,9f909f148265b90e0fb0a01c139a3a26b905e22235fde1e0d11d3138823c473e,26,64
u01-s003-cr001,question,rubric[2].criteria,798b52acee92f9ba6d61321876b29a1eefcc89f8ea748f4bb38747946ac9cdef,23,65
u01-s003-cr001,question,rubric[3].criteria,f7a246301c403a88aa69bdb603884b49f55ca7179ba87aa4b51a377ad4bc5e3d,14,42
u01-s003-cr001,question,scoringNotes[0],7226ccdb494007593597dedfdce273930e9c94d3a2d239abed83f347051a85f9,17,39
u01-s003-cr001,question,scoringNotes[1],4d40b01ab86495ca7fbea1f649ec31b924f71c9ab2021b2a05643c8078c49672,13,39
u01-s003-cr001,question,commonErrors[0],97b59c319a6de86249e057a266db5eae9b0886c7fed548968417ebcd337c6471,10,24
u01-s003-cr001,question,commonErrors[1],dd18b8a907d5a3d521b4f5bb4587517fcea86bd82f3124643387dea6f31b024d,10,14
u01-s003-cr001,question,commonErrors[2],4f41026c6d978cafa02a55b218096a8c3e98404af386ce10b99ac4b76f9954d4,8,24
u01-s003-cr001,question,independentReview.derivedResult,c93c50674c1d5e4de85175e9380b9ddb3e3e303b4f517e2be2a2f631225c9f0f,9,17
u01-s003-cr001,question,independentReview.ambiguity,140bedbf9c3f6d56a9846d2ba7088798683f4da0c248231336e6a05679e4fdfe,4,4
u01-s003-cr001,question,independentReview.decision,d74ff0ee8da3b9806b18c877dbf29bbde50b5bd8e4dad7a3a725000feb82e8f1,4,4
u01-s003-cr001,question,contentSha256,332c12bf71fefee6e2cca64d4b8247bad10bc5c3457f98a713e04c1004d974eb,64,64
u01-s003-cr001,question,contentAuthority,ed40f75ffe3d6ad4e71f6e7919d063410490de360edb425965eccd605ca9d79e,25,25
u01-s003-cr002,question,questionId,0adfb92f344b402a11e47799f7339767bc512e17dce23fb2b3d75a25268c34b2,14,14
u01-s003-cr002,question,unitId,2055254ee30aaae13b777732834c89d7f799015d3af13b62fe05aeef8c3e0eaa,3,3
u01-s003-cr002,question,topicId,e7d9d88eb7596ecb66c83bcfd7a554baef7612744a495523f5f8fae90be63bc7,18,18
u01-s003-cr002,question,skillId,d4a70ec3bcf253225298fa992ee3b412dd1d434e795e1d5789a615cfe5b0b7b3,28,28
u01-s003-cr002,question,difficulty,d21f85ea38166303ce58e06134b5cc4a5c900c409ab2a500ff7c9225109a09bb,8,8
u01-s003-cr002,question,type,e519496c259191db041ac61161dbfadb673dd94a10a123ed7423adcf7968ae7c,20,20
u01-s003-cr002,question,visualMode,9c7d54b0bf7a9369d8594201c7b11955514343809d09fbec33966c1fd9794015,9,9
u01-s003-cr002,question,prompt,09b8482844ff935c35259410fba96669b95bd25b2e0ccc3d2d96f660f5522547,63,133
u01-s003-cr002,question,requiredWork[0],4c08212e71266c06264868ca7c68703af6f484293045d0464fff30903ba64317,5,15
u01-s003-cr002,question,requiredWork[1],03f14a28d468fa55ceecc828a1008abc34c8a59a7e9794ffdf0b340152af40f6,11,23
u01-s003-cr002,question,requiredWork[2],3abd7c558e207af4e4b752782af1f72c45143412daa5b32310e28e814e11f0b0,14,28
u01-s003-cr002,question,fullCreditSolution[0],2ce2938a891d998a5bdc9b357d54dc2d45f4ef74b94d03fb4af3e8dc3ee475bc,13,16
u01-s003-cr002,question,fullCreditSolution[1],56be8f285316435f121491407146215bf53ba7976d71966d82c937ba94532d1c,9,11
u01-s003-cr002,question,fullCreditSolution[2],a167f90723144a619bdab669f7eb4b5caf326c9bd8fa17adba8de03d22a43536,27,59
u01-s003-cr002,question,alternativeSolutions[0],7fdbbb2a6ccc86c6741ad91e3d272db3a1fd319a6cbef7cfcbfc74def1669f1e,37,83
u01-s003-cr002,question,rubric[0].criteria,80216200645a651952a6d9066996c857fffa3026d19a4c9fdbc89a240a0752e5,19,43
u01-s003-cr002,question,rubric[1].criteria,641f536998caf6b916c0928b67706736066ce055f271b666735a59fb623a3c76,25,75
u01-s003-cr002,question,rubric[2].criteria,1dda1fbd57b77cc212db00126e1399d4a0b776c847a92ff762dcd71025ab6c1a,17,45
u01-s003-cr002,question,rubric[3].criteria,39772e9ac32cc3ecdec9114e5a0d6712cb6fa73f60e803d695e505282fa3eeba,9,27
u01-s003-cr002,question,scoringNotes[0],2bc1aa64708453260c2c1a496bbe1f303e86683fd02e2199b4ca0915b1ba8712,17,49
u01-s003-cr002,question,scoringNotes[1],551238d23de011041fe779ba29fc56e75a771d16b0dd9b11b2a06a610804db70,12,36
u01-s003-cr002,question,commonErrors[0],efc125f7bb504bf2b32ce3d1403a7ed123cb18ed75599549a7df69a0d6355130,5,11
u01-s003-cr002,question,commonErrors[1],d7676823472b81d9a0bc4789e97170c2e907a8700d5e1542586566c03d012262,5,11
u01-s003-cr002,question,commonErrors[2],dc316f3bc727693e7cab294401b5109f06fa0553212262d5d59427b6f55524fc,7,21
u01-s003-cr002,question,independentReview.derivedResult,4917b0f5422f1c659ff40eb02efd173129c88731e6f3c43824473fdf76887728,9,13
u01-s003-cr002,question,independentReview.ambiguity,140bedbf9c3f6d56a9846d2ba7088798683f4da0c248231336e6a05679e4fdfe,4,4
u01-s003-cr002,question,independentReview.decision,d74ff0ee8da3b9806b18c877dbf29bbde50b5bd8e4dad7a3a725000feb82e8f1,4,4
u01-s003-cr002,question,contentSha256,ac2ef460611434c93e59879ddcf2633275068f13111fc950afd7ac3f6bc660ec,64,64
u01-s003-cr002,question,contentAuthority,ed40f75ffe3d6ad4e71f6e7919d063410490de360edb425965eccd605ca9d79e,25,25
u01-s004-lecture-r1,lecture,lectureId,2686df1db0d8155861e90ec1ac7b2c4f09f09c8813d805ca18b15bc0da52a80d,19,19
u01-s004-lecture-r1,lecture,unitId,2055254ee30aaae13b777732834c89d7f799015d3af13b62fe05aeef8c3e0eaa,3,3
u01-s004-lecture-r1,lecture,topicId,e7d9d88eb7596ecb66c83bcfd7a554baef7612744a495523f5f8fae90be63bc7,18,18
u01-s004-lecture-r1,lecture,skillId,dfc588577bba59f53f123dae18fe764e687dbb7072a62c7f31b8309c93e6491e,25,25
u01-s004-lecture-r1,lecture,title,e087472639e02428f37a44e6d0cbd01cd4f432b6fd60d553bd685d43d158c9fd,19,57
u01-s004-lecture-r1,lecture,audience,e6b4416fbd9f36797de01256b31a4d6f6314e126fde8495e25792c814f64fc5f,10,30
u01-s004-lecture-r1,lecture,reviewStatus,ec809598e2f7fcc69fad54c9cd045bba62b4a0dc7c0ff90d4efdc3788c9ad8fb,22,22
u01-s004-lecture-r1,lecture,learningOutcomes[0],89c07525c8ffc56e8c4452743aaa171b1aa8b3847ecf991d7c0904580ba905f3,12,36
u01-s004-lecture-r1,lecture,learningOutcomes[1],c5edcee28159141e4f471adadd1cc113459bca0da8ce8a52f94f520642c68a2e,9,27
u01-s004-lecture-r1,lecture,learningOutcomes[2],02b7b44716f36ee74944f58a4f803ffabe0f7ef9075a3859fd317c2ca0f2a3a1,18,54
u01-s004-lecture-r1,lecture,learningOutcomes[3],3aba662e466fad5b4e9b97c6d47654ab226a8d2daab485ca91e211d9b4104843,12,28
u01-s004-lecture-r1,lecture,learningOutcomes[4],8266e7968254ec2cef18fe6d9db7bcb27d3267562be8c6677219e28c644cfdfa,19,57
u01-s004-lecture-r1,lecture,prerequisites[0].skillId,d4a70ec3bcf253225298fa992ee3b412dd1d434e795e1d5789a615cfe5b0b7b3,28,28
u01-s004-lecture-r1,lecture,prerequisites[0].requiredLevel,d7f8eb936752df70d9886f231724f80a86c0a8cd37094eafb18b7590cde25c4f,24,72
u01-s004-lecture-r1,lecture,glossary[0].term,3e169c5bea1f64a99a223f7654493617e57bc91fa89f0f612873edbac9d68d56,2,6
u01-s004-lecture-r1,lecture,glossary[0].definition,4f1d1589064f4c83fbf57b5dd1da795f78bd4a9eabb84295dfa11c4a02503858,12,36
u01-s004-lecture-r1,lecture,glossary[1].term,3098b79fb30c56c125c878db355b7c4eafb1e4db6b92addb4c780c05a497ef15,2,6
u01-s004-lecture-r1,lecture,glossary[1].definition,e555cb48d63b6042b25d1d8fe1faf4fab6090d984b9f73597ae5d8ebcd7b0010,12,36
u01-s004-lecture-r1,lecture,glossary[2].term,10e1501d00828bcbca28541d3c32fa0b6090350659c7596f26e413318105c7ce,4,12
u01-s004-lecture-r1,lecture,glossary[2].definition,71dc6d641cb693d178f5a976d4a237bb13a90caf463835fa8860350aef1d6c37,7,21
u01-s004-lecture-r1,lecture,glossary[3].term,f213b079b11c0e8d99ced787146d4e820544acf725657156be57b20f6f4066ad,4,12
u01-s004-lecture-r1,lecture,glossary[3].definition,2a89629597c4ebadd84fe96f8db46bf05b914213e16cccd2f6bc786a7ad08630,7,21
u01-s004-lecture-r1,lecture,glossary[4].term,e79c8ac0356237c7d981c8333eb66a410ecc1f9d6c5f67d8efa51858e42b9f01,4,12
u01-s004-lecture-r1,lecture,glossary[4].definition,c5df9c9fa866d990f41031371213b8eca4c63ab284cec68836dae2efa31d532e,15,39
u01-s004-lecture-r1,lecture,notation[0].symbol,62b67e1f685b7fef51102005dddd27774be3fee38c42965c53aab035d0b6b221,1,1
u01-s004-lecture-r1,lecture,notation[0].meaning,eb12fdbac9a1fa05a6e4930ccc7ab066141b871258cb0a38c8d1af0d4df3f38c,18,54
u01-s004-lecture-r1,lecture,notation[1].symbol,dabd3aff769f07eb2965401eb029974ebba3407afd02b26ddb564ea5f8efae72,1,1
u01-s004-lecture-r1,lecture,notation[1].meaning,9a3a3d1419284896cbf85af865a1124e8ba86d5f2d68e4c518fdb6f52bc747c5,18,54
u01-s004-lecture-r1,lecture,notation[2].symbol,380918b946a526640a40df5dced6516794f3d97bbd9e6bb553d037c4439f31c3,1,1
u01-s004-lecture-r1,lecture,notation[2].meaning,dd9d11d36b6b243d9554bfd42775719d90e54e797585084a3db23572fd92cd99,9,27
u01-s004-lecture-r1,lecture,conceptNarrative[0],ff633bc47956a61677ea61d00faf69af44f9137dde55c753f9f0d7617cba8c35,53,139
u01-s004-lecture-r1,lecture,conceptNarrative[1],e6ba954c8de4200747fef8cec598d43675a909d9f5e90fb945c78832e09d1501,37,85
u01-s004-lecture-r1,lecture,conceptNarrative[2],580a563166d5b612003a396dc7eaec59e5152ca3ca0f15e7fa325a08691d58c5,37,109
u01-s004-lecture-r1,lecture,conceptNarrative[3],bca9984f69a02db4e3a8c157bc26ad1d6d40fb24cdb1b58fdbab6ce29c30789c,23,69
u01-s004-lecture-r1,lecture,formalDefinitions[0].name,d4c91f0ea5286d7d8bebf7054e193698d9a5ff2146e545de7c65806385d5a76a,6,18
u01-s004-lecture-r1,lecture,formalDefinitions[0].statement,1c72a36658b97562bafa7e5ad075ba64d8da7eda127d08c9852165854c4fd6dc,16,48
u01-s004-lecture-r1,lecture,formalDefinitions[1].name,8f23eaa23004b98676e4473eb9181386683512973fe6ed73f9004f6a60368e31,5,15
u01-s004-lecture-r1,lecture,formalDefinitions[1].statement,525f559a2d047fa52fb5284bdaf71590f8b6358434f98f08bff3bd66cdbcd4c8,16,48
u01-s004-lecture-r1,lecture,formulas[0].formula,87b0641f3c3441194b1253e550e237f8caa0a609eecc2e0036db3c3d80ff7675,11,19
u01-s004-lecture-r1,lecture,formulas[0].conditions[0],da68d407e6091186ef86fd5d1d0e8059aaf9dc2bb995221763d36335d7fa3cef,6,18
u01-s004-lecture-r1,lecture,formulas[0].meaning,8b74a432231bef6e3e6269e1db47126178b628cdd8dad3ab7165b1d8511813a7,7,21
u01-s004-lecture-r1,lecture,formulas[1].formula,57c0e66f5a880369a941ff020c58f42a080a1a54c6f7b094751dee40cb9b4412,23,33
u01-s004-lecture-r1,lecture,formulas[1].conditions[0],e6a1eca390f4485a394d6d4264151845c1505632b54f0c1f64f0e635e84617ff,8,18
u01-s004-lecture-r1,lecture,formulas[1].meaning,1fa94e22789e72593254f00df57f6816433d157f40e2811664b28f1d43efeec2,13,39
u01-s004-lecture-r1,lecture,nonApplicableCases[0],c8cbcf15bae33b0eb21299b356751d355c7e1629cd7ef2ad9ca6ab81a447e219,22,66
u01-s004-lecture-r1,lecture,nonApplicableCases[1],75adbac942d5718c02de8955aee2bc1e1df082f3000e974894d18f343b7c3ce1,23,69
u01-s004-lecture-r1,lecture,nonApplicableCases[2],3178ae6b5697808546278b81005629f5fa6f37a52bc78315b5816bb1383e18af,20,60
u01-s004-lecture-r1,lecture,nonApplicableCases[3],0ebaf5bb8733f46e87a9c4ef2c1a722c90cbf79513c1734d22d35a264d000603,25,75
u01-s004-lecture-r1,lecture,method[0].instruction,5d9c088f7ce66130bea8a9505c842def7fcb23d32ed349ee383fb5952b40dc24,8,24
u01-s004-lecture-r1,lecture,method[0].check,ac8760ed9aa9dc1bd1e15042ce239d83e77822b75d9b5476b1f9bf2468257ea0,15,39
u01-s004-lecture-r1,lecture,method[1].instruction,b60d7fafa2463a3f88892eef9302c25e02c61a113c51608eb2e657755e133294,12,36
u01-s004-lecture-r1,lecture,method[1].check,e82207b61483dc2de00339daff9562461f40b734d5f8a9f8177d7e50fb78274a,11,33
u01-s004-lecture-r1,lecture,method[2].instruction,b8e7624ebf0ae2943bdbe35f4a492f8e6e7e1f942002f60729b2e443d14c9417,12,36
u01-s004-lecture-r1,lecture,method[2].check,85212c619eae1a9b8997bb4729ad7b1bf8bb85113c457bb5893d25275c6dcef4,12,30
u01-s004-lecture-r1,lecture,method[3].instruction,b13646b7d00f72223f00ad3c825d3203da3554126476d35933c372329b00dba4,8,24
u01-s004-lecture-r1,lecture,method[3].check,23d84271d29c73cfa0f13588c9bd7bb139506239f674946debeeeb52e52a42b5,11,33
u01-s004-lecture-r1,lecture,method[4].instruction,4be9acccc159cf64ae84573f7696e597b23cc4881c72a8009334cc80a4d6ce18,7,21
u01-s004-lecture-r1,lecture,method[4].check,e01e3faf5a89ec2799d009073db58a17325a20ac9ba5de6d3c1a31348b67a415,11,33
u01-s004-lecture-r1,lecture,workedExamples[0].exampleId,dffe8596427fc50e8f64654a609af134d45552f18bbecef90b31135a9e7acaa0,2,2
u01-s004-lecture-r1,lecture,workedExamples[0].prompt,10b39c18fbc3b8f1b03f6b67001394453421fa47bd44aa54e10d55f62e5181c1,12,20
u01-s004-lecture-r1,lecture,workedExamples[0].solutionSteps[0],5e1e76a450f5b3d3751784a30c278cdd58d79f8b18a26f7b857d1399ce1530a0,6,18
u01-s004-lecture-r1,lecture,workedExamples[0].solutionSteps[1],fe5cae47e6f22ea36dbf6793e1cecf61cbe7bd04ea14dab89b4135afd5a81139,16,36
u01-s004-lecture-r1,lecture,workedExamples[0].solutionSteps[2],978df0b402a3c97296223da0166c30a4c65385755c61cf88c325cff20e95a6a7,10,16
u01-s004-lecture-r1,lecture,workedExamples[0].answer,4768eddd90eaa379a29549b79d32a51d1ba3dc8766c54393f3adcbb03092db84,7,9
u01-s004-lecture-r1,lecture,workedExamples[1].exampleId,d76354d8457898445bb69e0dc0dc95fb74cc3cf334f8c1859162a16ad0041f8d,2,2
u01-s004-lecture-r1,lecture,workedExamples[1].prompt,afb9ff0bd3cd39bd89c4fbe901e019c91ce4ec65d8cfd6a06dc9713f9c99db3c,19,41
u01-s004-lecture-r1,lecture,workedExamples[1].solutionSteps[0],8da6621512ec0cc794fac5fc110b399c266e12cd06b0936b73419bfcea95073c,15,41
u01-s004-lecture-r1,lecture,workedExamples[1].solutionSteps[1],a8da0801b339d2f62d6e3c7f9a6bb95f2c534b19e87a1316ef4bc1d38f4904f5,15,29
u01-s004-lecture-r1,lecture,workedExamples[1].solutionSteps[2],8c3713eca7a74f99e99fc2802c151047d5d6422e61550d1aa4d525518b8d3b83,14,28
u01-s004-lecture-r1,lecture,workedExamples[1].answer,947570996324899e367f4d773cb6b889c043cabc12b928a6b285f6a23862b4fe,10,12
u01-s004-lecture-r1,lecture,workedExamples[2].exampleId,842983de8fb1d277a3fad5c8295c7a14317c458718a10c5a35b23e7f992a5c80,2,2
u01-s004-lecture-r1,lecture,workedExamples[2].prompt,7dd6840291b7213a884202661dfb0ac1deea6e5a5c3e33c1c1fb5c54b3b59556,23,51
u01-s004-lecture-r1,lecture,workedExamples[2].solutionSteps[0],f61c9ca599587aab61b306f30ec07c59a3e4f935ab77a9e720da2e787d01064a,9,27
u01-s004-lecture-r1,lecture,workedExamples[2].solutionSteps[1],2c125c5d64af476833a9bb4a5a15cdc094242194efcd61c206935d2801e7ccba,9,21
u01-s004-lecture-r1,lecture,workedExamples[2].solutionSteps[2],c51f3e28a2b2b2bb29f611f22a634e747edee18647fa37b54fd72fc167575020,11,25
u01-s004-lecture-r1,lecture,workedExamples[2].answer,7ce401d0c464862edd18f5f1accfd8fff9bbd90ebeb0a615ea22f6fd30a1e6cf,8,18
u01-s004-lecture-r1,lecture,workedExamples[3].exampleId,4a5a97c6433c4c062457e9335709d57493e75527809d8a9586c141e591ac9f2c,2,2
u01-s004-lecture-r1,lecture,workedExamples[3].prompt,ba8d291e7f718e677058fdf61b6de51205d09895ca822ad224f7228dbfce86fc,17,31
u01-s004-lecture-r1,lecture,workedExamples[3].solutionSteps[0],cb7783c67d2f9f1364f451ad7d4c8d8294821d50c3b0d7e3f539229592abfaf7,14,22
u01-s004-lecture-r1,lecture,workedExamples[3].solutionSteps[1],bf8678ab5747d6d54fe35a5cc9bb8e2f8f06c1f7efc7a03b1983212cef40a6bb,7,21
u01-s004-lecture-r1,lecture,workedExamples[3].solutionSteps[2],b6711b610b65631cf512403b6ce632a0057977655c73dea743d80ebc6aab9a0c,14,24
u01-s004-lecture-r1,lecture,workedExamples[3].answer,a38a5ae19b38448c72eb43ff123d1139b5d4d0822937d84e16bd941564157bfe,3,9
u01-s004-lecture-r1,lecture,commonMistakes[0].mistake,f151b35fef6f8645a693988ff0e3be4fcd6c8360fbfdc0f42bf70fc549f6a1ca,16,28
u01-s004-lecture-r1,lecture,commonMistakes[0].why,0370c5e70bafb691ba4f27419cde6aa6ca10797f3e36ccba94923e615a25718e,12,36
u01-s004-lecture-r1,lecture,commonMistakes[0].correction,f646aab0fd8fc3ff66cad49176ca4e4a355056bba909bd5c185ead01c28428ae,20,34
u01-s004-lecture-r1,lecture,commonMistakes[1].mistake,aeb2d24cb6196739eaff7450e882b5200aa8e269e820c08b1b9133a181febfbf,10,24
u01-s004-lecture-r1,lecture,commonMistakes[1].why,d8ba1eabf34cf32da353b907b4b3db996c9a1a3f607f0581b0ee99d386c1d69c,10,26
u01-s004-lecture-r1,lecture,commonMistakes[1].correction,81202baad7c189cfa90e989041b141ba7afac17a29cc3bd85ef4811fa3f9ebb1,11,29
u01-s004-lecture-r1,lecture,commonMistakes[2].mistake,4ff2aa41e17114c125e3caf81b189eff154c41dfe2671fe6bc211ffded9033b8,10,30
u01-s004-lecture-r1,lecture,commonMistakes[2].why,dd010fe64e60f75bf7490251f6fa153125f75644103a898f3b6c8eb385d922e1,9,27
u01-s004-lecture-r1,lecture,commonMistakes[2].correction,3e3feb87a2a12551b90ab326d0febbfed1d09295cff1fc85c8922d3f26dd3c54,14,42
u01-s004-lecture-r1,lecture,commonMistakes[3].mistake,71f240e31adbd84c5e33eca8e858af4b3086afb1cbcc78bd0f7823daa973a18a,10,30
u01-s004-lecture-r1,lecture,commonMistakes[3].why,1313fec1b7e0d2e8e75d7310c1bc0badd1b41cce941fdc58636d569f78e72e23,7,21
u01-s004-lecture-r1,lecture,commonMistakes[3].correction,4d5be133c5792df090f2beb319b3a784036e1a4f115535ed8058f5bfdc7c55c8,12,36
u01-s004-lecture-r1,lecture,commonMistakes[4].mistake,e697c648e74a4a9d09d5a5fe4c84ed9553ce1548fff1e409bc4cf2f37783c9a8,13,39
u01-s004-lecture-r1,lecture,commonMistakes[4].why,9dd660cc8b9a7f82babf33df915e132d8404271651ef925767319611ef3e4948,7,21
u01-s004-lecture-r1,lecture,commonMistakes[4].correction,142736611754b2110441f9d5ef0d1eb93518b92d133aaba0d2283615a8ffb973,14,42
u01-s004-lecture-r1,lecture,commonMistakes[5].mistake,23011978c7247f94eb42e66c252adaa7f59c2759a25123255b1a9f078a2e6c29,12,36
u01-s004-lecture-r1,lecture,commonMistakes[5].why,56ebbe453dd352f46b166744284c40270103bb8f5636a1e669ef60efa7a5baf1,8,24
u01-s004-lecture-r1,lecture,commonMistakes[5].correction,e88ef55dbdaaf2a85cb274653003f00ae6a8faf6d064257eac9433dda700e394,14,42
u01-s004-lecture-r1,lecture,selfCheck[0],ea8121f4b0a833ab090c340a2839bfd3e99fb5ef6b602a2b4e34fa3cffcaef2a,12,36
u01-s004-lecture-r1,lecture,selfCheck[1],68947e6287ddd1c59fbea1cf2aa2ac6e593b2793be12c910b8ebd1feffac1829,12,36
u01-s004-lecture-r1,lecture,selfCheck[2],bc9176f03412938baba029a0a7bc004ce79dd01445dcfe1fe4c1df99870e6a5c,11,33
u01-s004-lecture-r1,lecture,selfCheck[3],a1912a5aaa285c6b914baedd44dd2b72befba0f38a45e2d236a49b6415f46831,10,30
u01-s004-lecture-r1,lecture,selfCheck[4],2f80d31045b62d0b040a4ccaf76de1ffbe71bb04f8bd6adeaab42ee4c4d8eec7,8,24
u01-s004-lecture-r1,lecture,summary[0],5bfa3e769ea865b8f46e51ec95d3e2f3d10ff47fc7b6398481253297644ab8ae,9,27
u01-s004-lecture-r1,lecture,summary[1],b3c8ff954202bd83ac4da19a783a59979cfa611edfe0ad05f3ce54b2baa8435d,8,18
u01-s004-lecture-r1,lecture,summary[2],b8388c14214870979c299184dc47b2338d196e59f1f83766ae18fe61d4baf963,14,36
u01-s004-lecture-r1,lecture,summary[3],497e499c76d9f339f5e0d4c10851d86bd1958f0c1ba816fcda24d087046bd027,10,30
u01-s004-lecture-r1,lecture,connections.previous,6f4090d1e4641e2c23c2b57fbc3dc50a094ed77555e865791815392821249019,20,60
u01-s004-lecture-r1,lecture,connections.next[0],5f895021082d95e3130e56e7a8cc737be28f53dfd26c37ad30fb88e58d69f870,17,45
u01-s004-lecture-r1,lecture,connections.next[1],25b8f4ce505c3a3aa73cfd43d8323053c5b006f36a2a1e4f8f1ad5f8dde5ac55,26,72
u01-s004-lecture-r1,lecture,connections.next[2],4cfe554c6def5977bf5b216798822d5cd0d06334175fc9723aefb7a4c9ceaae1,19,57
u01-s004-lecture-r1,lecture,practiceLinks.mcQuestionIds[0],1f40c5afd4ebfcb318e5006df3e65d99d7a83cfa219c7ec486ac36605a4e6450,13,13
u01-s004-lecture-r1,lecture,practiceLinks.mcQuestionIds[1],7f9b6aea5e5f85891ec9a2060cdc0ab2c0baa6641da6e128999e90780ecae8a7,13,13
u01-s004-lecture-r1,lecture,practiceLinks.mcQuestionIds[2],9df92987a5cfde80bd74200dfdf36b26ba70c4334b2a11f40f102e5995a35745,13,13
u01-s004-lecture-r1,lecture,practiceLinks.mcQuestionIds[3],b6c90d4f9d07c21d9d00323529c370874244149c1396d0d540b14abad6ca639d,13,13
u01-s004-lecture-r1,lecture,practiceLinks.mcQuestionIds[4],1a116702abfab5951200e750e7f2ae667a2a00547f6a76212d046fa8bd63a5dd,13,13
u01-s004-lecture-r1,lecture,practiceLinks.mcQuestionIds[5],6b8be9f87b7de0aea21d082609059351607d3ce2fdca8c2fe73617ad575cdb9a,13,13
u01-s004-lecture-r1,lecture,practiceLinks.mcQuestionIds[6],7a0978b0600f6f8bf0f2a3bda07d3b1b660d95cb76aca58a6961b7bf0332dbdb,13,13
u01-s004-lecture-r1,lecture,practiceLinks.mcQuestionIds[7],1099c20baa49c45eff1d3434b0df8321fdc0a6be5b9880429b8a463fcbddff65,13,13
u01-s004-lecture-r1,lecture,practiceLinks.mcQuestionIds[8],2b5c6d074296a57a3bebf57d71ee6041b8980f19796170da404492812ee16e1a,13,13
u01-s004-lecture-r1,lecture,practiceLinks.mcQuestionIds[9],a1974e5e9dff5329ac1c6a9ea583c06c439cd8901414ce3b0bbb75e607f1e0a4,13,13
u01-s004-lecture-r1,lecture,practiceLinks.mcQuestionIds[10],790704fe1118257173444f883b79141de456d0aa8aafbe9b0c352f6344708830,13,13
u01-s004-lecture-r1,lecture,practiceLinks.mcQuestionIds[11],d7bc3b1a6b06cbbca55bd095474c51981fdee55ce840293c601bd264b4888118,13,13
u01-s004-lecture-r1,lecture,practiceLinks.constructedResponseIds[0],d2e44cdb9e8341e1fe6e7b140e6a3c27f0edb884856edb511548ccc731abda3b,14,14
u01-s004-lecture-r1,lecture,practiceLinks.constructedResponseIds[1],46595589494a09643d1d180bfca555ec122aa9d512d6cb7e18aa82611bdc73b7,14,14
u01-s004-lecture-r1,lecture,lectureReview.mathematicalCorrectness,d74ff0ee8da3b9806b18c877dbf29bbde50b5bd8e4dad7a3a725000feb82e8f1,4,4
u01-s004-lecture-r1,lecture,lectureReview.zeroFoundationReadability,d74ff0ee8da3b9806b18c877dbf29bbde50b5bd8e4dad7a3a725000feb82e8f1,4,4
u01-s004-lecture-r1,lecture,lectureReview.scopeCheck,fdf8268f0373301b2fcc6331f1d8999b8aabea69681e8bc972ab9a21216a7606,21,21
u01-s004-lecture-r1,lecture,lectureReview.reviewNote,14bca289153bde453f39f0033267311f68411263dcc3fc345e0aacf8ed685522,41,119
u01-s004-lecture-r1,lecture,lectureReview.reviewVersion,7ccbed064d3016b5353f553d3edb33b6627126acb00be43b039a8cbab00d7d69,25,25
u01-s004-lecture-r1,lecture,lectureReview.reviewedAt,14158d45727526145ef514139eeb669eb54d613dbcffe524f099dbb71c9d8b08,10,10
u01-s004-lecture-r1,lecture,contentSha256,7972c5f8caff823dec7e16c5cbd440db663e070658bcdc21f2ec372fc577bd05,64,64
u01-s004-lecture-r1,lecture,contentAuthority,ed40f75ffe3d6ad4e71f6e7919d063410490de360edb425965eccd605ca9d79e,25,25
u01-s004-v001,question,questionId,1f40c5afd4ebfcb318e5006df3e65d99d7a83cfa219c7ec486ac36605a4e6450,13,13
u01-s004-v001,question,unitId,2055254ee30aaae13b777732834c89d7f799015d3af13b62fe05aeef8c3e0eaa,3,3
u01-s004-v001,question,topicId,e7d9d88eb7596ecb66c83bcfd7a554baef7612744a495523f5f8fae90be63bc7,18,18
u01-s004-v001,question,skillId,dfc588577bba59f53f123dae18fe764e687dbb7072a62c7f31b8309c93e6491e,25,25
u01-s004-v001,question,difficulty,fbb7b5bf4ca348eeeebf8cc3660712859a5a1fbf18e83217a57ce203fb51d5c2,5,5
u01-s004-v001,question,type,6bc0f9c4ecb0acbebf1b9f6c816bdd66f4885f67c917d9e141cf893014fba936,2,2
u01-s004-v001,question,visualMode,9c7d54b0bf7a9369d8594201c7b11955514343809d09fbec33966c1fd9794015,9,9
u01-s004-v001,question,sourceScope,a4b669ddb8ef1883391c07a7b633f12eeaeecee7ec37c09eea4931aff6644346,19,19
u01-s004-v001,question,text,37621d6c17bb62762742eb94070217c25ecd3234009c72b87cc47ff589217122,10,30
u01-s004-v001,question,choices[0],2063896a51357724ff8a99181ec8105cfe7c5e00d3b9c62e5c4fc6740f44db51,4,4
u01-s004-v001,question,choices[1],8bc5a1ae36511ad4a72a9ae6c479e61a4de06885b45913b952323d32a2aa782d,4,4
u01-s004-v001,question,choices[2],6399710312058b8c5f1f8e5bf6c0cf7394c020b8be5e4c8f86e89677947717af,3,3
u01-s004-v001,question,choices[3],e8d9086c74abd3dee1147cc46366dbeadc4fcb259adf377497a8f9f04704dc75,4,4
u01-s004-v001,question,explanation,908a608e1b0c9c185ad1b13819021ea8836d976dd37d7680003d5a2460b8d7f0,22,48
u01-s004-v001,question,steps[0],dbcf86660fdf8696d044c719ce5eee5823cfbe6ef3d875519b9611f1ad324b44,10,22
u01-s004-v001,question,steps[1],ae69a300ee65ad97534c6947be7398bb8f1c5c9fb3fc0daff1812e3232bbd07f,6,14
u01-s004-v001,question,steps[2],feb05670ab16c56feccd7cccdf7e6321046af42b287bb63be616cf56041d89c6,7,21
u01-s004-v001,question,optionAnalysis[0].choice,2063896a51357724ff8a99181ec8105cfe7c5e00d3b9c62e5c4fc6740f44db51,4,4
u01-s004-v001,question,optionAnalysis[0].reason,3d7654e52d9a101322184d38a9ed3eb44d3a019aa86adf363f18d2569abd1944,17,33
u01-s004-v001,question,optionAnalysis[1].choice,8bc5a1ae36511ad4a72a9ae6c479e61a4de06885b45913b952323d32a2aa782d,4,4
u01-s004-v001,question,optionAnalysis[1].reason,cd94891d1f28d617d1342385042a2bbfbc288b5c47c4e800997c9ab7a839134c,8,24
u01-s004-v001,question,optionAnalysis[2].choice,6399710312058b8c5f1f8e5bf6c0cf7394c020b8be5e4c8f86e89677947717af,3,3
u01-s004-v001,question,optionAnalysis[2].reason,d984887805057b617cac1af3f6ddee4950aac84fa01f62365cec5b4402c55ae0,8,20
u01-s004-v001,question,optionAnalysis[3].choice,e8d9086c74abd3dee1147cc46366dbeadc4fcb259adf377497a8f9f04704dc75,4,4
u01-s004-v001,question,optionAnalysis[3].reason,0dd18f5b95c3918ab06dd438a964efe61b3a702d8d0e77193a8ae1005d14a1b1,6,12
u01-s004-v001,question,commonMistake,627d6a526189a830cdbae55a98605f7e21b7de6d8870b744edaa11418f304b85,15,41
u01-s004-v001,question,concept,b3c8ff954202bd83ac4da19a783a59979cfa611edfe0ad05f3ce54b2baa8435d,8,18
u01-s004-v001,question,tags[0],fd41540cbdbecb9b5fa7116d27c68e378548ab62ab7c7ca4494730a81ea87667,3,9
u01-s004-v001,question,tags[1],301c5c6ef6c8ca5551b1288ce45a13b2398dd0d7b730acc6e873c86fc05365d6,6,18
u01-s004-v001,question,tags[2],fbb7b5bf4ca348eeeebf8cc3660712859a5a1fbf18e83217a57ce203fb51d5c2,5,5
u01-s004-v001,question,estimatedTimeSec,39fa9ec190eee7b6f4dff1100d6343e10918d044c75eac8f9e9a2596173f80c9,2,2
u01-s004-v001,question,prerequisiteSkillIds[0],d4a70ec3bcf253225298fa992ee3b412dd1d434e795e1d5789a615cfe5b0b7b3,28,28
u01-s004-v001,question,authoringIntent,14489a5b4e66e995871c1301c72381c14280fafcb445e1fe0de47d7db2e1ddf9,9,27
u01-s004-v001,question,reviewStatus,ec809598e2f7fcc69fad54c9cd045bba62b4a0dc7c0ff90d4efdc3788c9ad8fb,22,22
u01-s004-v001,question,contentSha256,ba2cfbdfea945172038421f9d5440c42f4c641887f48f89f2b5f5d5bcdc7e0ea,64,64
u01-s004-v001,question,contentAuthority,ed40f75ffe3d6ad4e71f6e7919d063410490de360edb425965eccd605ca9d79e,25,25
u01-s004-v002,question,questionId,7f9b6aea5e5f85891ec9a2060cdc0ab2c0baa6641da6e128999e90780ecae8a7,13,13
u01-s004-v002,question,unitId,2055254ee30aaae13b777732834c89d7f799015d3af13b62fe05aeef8c3e0eaa,3,3
u01-s004-v002,question,topicId,e7d9d88eb7596ecb66c83bcfd7a554baef7612744a495523f5f8fae90be63bc7,18,18
u01-s004-v002,question,skillId,dfc588577bba59f53f123dae18fe764e687dbb7072a62c7f31b8309c93e6491e,25,25
u01-s004-v002,question,difficulty,fbb7b5bf4ca348eeeebf8cc3660712859a5a1fbf18e83217a57ce203fb51d5c2,5,5
u01-s004-v002,question,type,6bc0f9c4ecb0acbebf1b9f6c816bdd66f4885f67c917d9e141cf893014fba936,2,2
u01-s004-v002,question,visualMode,9c7d54b0bf7a9369d8594201c7b11955514343809d09fbec33966c1fd9794015,9,9
u01-s004-v002,question,sourceScope,a4b669ddb8ef1883391c07a7b633f12eeaeecee7ec37c09eea4931aff6644346,19,19
u01-s004-v002,question,text,abb79c91050cd1d19e6e628e7d0c7942343b43f150940a181e3ba26ed6e7d0cc,24,52
u01-s004-v002,question,choices[0],e91592205d3881e3ea35d66973bb4898d7282126ab5afcb355c95d2fc17f3822,2,2
u01-s004-v002,question,choices[1],615bdd17c2556f82f384392ea8557f8cc88b03501c759e23093ab0b2a9b5cd48,2,2
u01-s004-v002,question,choices[2],2e42a91d2375f9a3afce88f766b097488c5ab1f5926798f59892394b77abdd5c,3,3
u01-s004-v002,question,choices[3],37aa1ccf80e481832b2db282d4d4f895ee1e31219b7d0f6aee8dc8968828341b,2,2
u01-s004-v002,question,explanation,a2a13a7c268d2732a81d8068f3c576979268392b0bd0e378ed6f559c29c90190,29,69
u01-s004-v002,question,steps[0],b080e99156d0e229700db283ce7810d14eb543d0da33c2f293575bebde29ebc4,6,18
u01-s004-v002,question,steps[1],b0e2769dfaba4b8ef3511dc1d24836a7872fda2bf9e0e9ffac51d9f7621c7fdd,8,22
u01-s004-v002,question,steps[2],c50dd2c6af06167e47e7af762ebcf3342d401f38d14d013585446d5ecb866533,11,27
u01-s004-v002,question,optionAnalysis[0].choice,e91592205d3881e3ea35d66973bb4898d7282126ab5afcb355c95d2fc17f3822,2,2
u01-s004-v002,question,optionAnalysis[0].reason,669b2e4ffc1ae7f3d2fcf23ce723e90fd02a9f6bec06d02d0d3ba2a554f8986e,5,11
u01-s004-v002,question,optionAnalysis[1].choice,615bdd17c2556f82f384392ea8557f8cc88b03501c759e23093ab0b2a9b5cd48,2,2
u01-s004-v002,question,optionAnalysis[1].reason,0de9f2f3140e369da1979cad35d12184dcea03f7a3b2ad8eb71dfa49ce11348d,22,38
u01-s004-v002,question,optionAnalysis[2].choice,2e42a91d2375f9a3afce88f766b097488c5ab1f5926798f59892394b77abdd5c,3,3
u01-s004-v002,question,optionAnalysis[2].reason,65f178f39baed1baf55d29cc0189eb20f1021a5942e9bf032e4e92a7c7fb5994,7,21
u01-s004-v002,question,optionAnalysis[3].choice,37aa1ccf80e481832b2db282d4d4f895ee1e31219b7d0f6aee8dc8968828341b,2,2
u01-s004-v002,question,optionAnalysis[3].reason,669b2e4ffc1ae7f3d2fcf23ce723e90fd02a9f6bec06d02d0d3ba2a554f8986e,5,11
u01-s004-v002,question,commonMistake,6389baf03b47bbdc056d6a2b4037dd58b86e77cf087835eb74edd7d275c40545,12,26
u01-s004-v002,question,concept,7e15071f8c3eb6718fde12650e7dfebb8df3a13ad54c563d323f7adafd6e0544,13,39
u01-s004-v002,question,tags[0],fd41540cbdbecb9b5fa7116d27c68e378548ab62ab7c7ca4494730a81ea87667,3,9
u01-s004-v002,question,tags[1],301c5c6ef6c8ca5551b1288ce45a13b2398dd0d7b730acc6e873c86fc05365d6,6,18
u01-s004-v002,question,tags[2],fbb7b5bf4ca348eeeebf8cc3660712859a5a1fbf18e83217a57ce203fb51d5c2,5,5
u01-s004-v002,question,estimatedTimeSec,39fa9ec190eee7b6f4dff1100d6343e10918d044c75eac8f9e9a2596173f80c9,2,2
u01-s004-v002,question,prerequisiteSkillIds[0],d4a70ec3bcf253225298fa992ee3b412dd1d434e795e1d5789a615cfe5b0b7b3,28,28
u01-s004-v002,question,authoringIntent,381ec17d72f8e3b5f9c6fa7af96cac4af92b2e3527d7cd596b7ce8d1419804c8,12,36
u01-s004-v002,question,reviewStatus,ec809598e2f7fcc69fad54c9cd045bba62b4a0dc7c0ff90d4efdc3788c9ad8fb,22,22
u01-s004-v002,question,contentSha256,4a461d9e3aaeb1106a0d56004f3350c0b26323885e5b9ac74d7d270b80d3beec,64,64
u01-s004-v002,question,contentAuthority,ed40f75ffe3d6ad4e71f6e7919d063410490de360edb425965eccd605ca9d79e,25,25
u01-s004-v003,question,questionId,9df92987a5cfde80bd74200dfdf36b26ba70c4334b2a11f40f102e5995a35745,13,13
u01-s004-v003,question,unitId,2055254ee30aaae13b777732834c89d7f799015d3af13b62fe05aeef8c3e0eaa,3,3
u01-s004-v003,question,topicId,e7d9d88eb7596ecb66c83bcfd7a554baef7612744a495523f5f8fae90be63bc7,18,18
u01-s004-v003,question,skillId,dfc588577bba59f53f123dae18fe764e687dbb7072a62c7f31b8309c93e6491e,25,25
u01-s004-v003,question,difficulty,fbb7b5bf4ca348eeeebf8cc3660712859a5a1fbf18e83217a57ce203fb51d5c2,5,5
u01-s004-v003,question,type,6bc0f9c4ecb0acbebf1b9f6c816bdd66f4885f67c917d9e141cf893014fba936,2,2
u01-s004-v003,question,visualMode,9c7d54b0bf7a9369d8594201c7b11955514343809d09fbec33966c1fd9794015,9,9
u01-s004-v003,question,sourceScope,a4b669ddb8ef1883391c07a7b633f12eeaeecee7ec37c09eea4931aff6644346,19,19
u01-s004-v003,question,text,3ef0be2f908ca1caec4448ef1318fe7a055c9e6819b0ff06de1a400f4843bd19,22,52
u01-s004-v003,question,choices[0],ac40905dbde7b65b6894d3bfab4f564ecc993f2417874dbdcd821b05e6a5f87e,7,7
u01-s004-v003,question,choices[1],aafb3746cdf1dd2f3ba5eae6b2ed8a46ea408a81aae383e9348d8dce99d79913,7,7
u01-s004-v003,question,choices[2],0dd2c26104d410d0676e2e28c6ad8bd3ddbd652fadd107486946fc65c0eac23f,7,7
u01-s004-v003,question,choices[3],17ea5f6ac7f2355a5aadafc81282593750ee6442b760fa15ae2675b177d1be97,7,7
u01-s004-v003,question,explanation,fe042de589d6d15948f834297b49bd8585cb27905d48353d17d29a64274116ff,34,66
u01-s004-v003,question,steps[0],42e3cd0a79555240df286d7028ea5f34958d6329b6a31f20ef38b7631aa1993e,7,19
u01-s004-v003,question,steps[1],9e769b2836042531908fc6343e59f90ab97ed2a67f26201f1caab8a3a8cb2806,8,16
u01-s004-v003,question,steps[2],6b9485a5a329f6ded18155071829d1550e28af42e238f438f036feb3b1f18ae5,13,29
u01-s004-v003,question,optionAnalysis[0].choice,ac40905dbde7b65b6894d3bfab4f564ecc993f2417874dbdcd821b05e6a5f87e,7,7
u01-s004-v003,question,optionAnalysis[0].reason,a2ed2957e5a307d1c7028ba4619afdc13351e0160288b7f350729f57a976bd24,6,18
u01-s004-v003,question,optionAnalysis[1].choice,aafb3746cdf1dd2f3ba5eae6b2ed8a46ea408a81aae383e9348d8dce99d79913,7,7
u01-s004-v003,question,optionAnalysis[1].reason,3ebb5b873ead7dc1f2259db4a819d95b800c9030e4850eab00318be0b3dcb174,9,19
u01-s004-v003,question,optionAnalysis[2].choice,0dd2c26104d410d0676e2e28c6ad8bd3ddbd652fadd107486946fc65c0eac23f,7,7
u01-s004-v003,question,optionAnalysis[2].reason,8a4e5dd639649c8a2b1b2f40e5b94f44a3649d7f1716159ea3f07a3b7241d1af,14,32
u01-s004-v003,question,optionAnalysis[3].choice,17ea5f6ac7f2355a5aadafc81282593750ee6442b760fa15ae2675b177d1be97,7,7
u01-s004-v003,question,optionAnalysis[3].reason,a9cd7e69f719eaa509058d40d236feab6bd687f9919c34cc9a5fe68056297938,8,18
u01-s004-v003,question,commonMistake,98bb3d462842eb03b0a4c9e39adc22048579970176c1f374e62101a41a87f037,15,45
u01-s004-v003,question,concept,aca5097adcf46820e610bdec7c29fbdba1e42de1eec1b6ebba22f768e6aeb9b8,11,33
u01-s004-v003,question,tags[0],fd41540cbdbecb9b5fa7116d27c68e378548ab62ab7c7ca4494730a81ea87667,3,9
u01-s004-v003,question,tags[1],301c5c6ef6c8ca5551b1288ce45a13b2398dd0d7b730acc6e873c86fc05365d6,6,18
u01-s004-v003,question,tags[2],fbb7b5bf4ca348eeeebf8cc3660712859a5a1fbf18e83217a57ce203fb51d5c2,5,5
u01-s004-v003,question,estimatedTimeSec,39fa9ec190eee7b6f4dff1100d6343e10918d044c75eac8f9e9a2596173f80c9,2,2
u01-s004-v003,question,prerequisiteSkillIds[0],d4a70ec3bcf253225298fa992ee3b412dd1d434e795e1d5789a615cfe5b0b7b3,28,28
u01-s004-v003,question,authoringIntent,aaa9af56295b674b09009610b834c7442750931c6a09eee96ae9cda1c364f9cb,9,25
u01-s004-v003,question,reviewStatus,ec809598e2f7fcc69fad54c9cd045bba62b4a0dc7c0ff90d4efdc3788c9ad8fb,22,22
u01-s004-v003,question,contentSha256,c78af18c2f3ad5be3c83c7d124a05f81f257f5b92eb69af19363836a804b858e,64,64
u01-s004-v003,question,contentAuthority,ed40f75ffe3d6ad4e71f6e7919d063410490de360edb425965eccd605ca9d79e,25,25
u01-s004-v004,question,questionId,b6c90d4f9d07c21d9d00323529c370874244149c1396d0d540b14abad6ca639d,13,13
u01-s004-v004,question,unitId,2055254ee30aaae13b777732834c89d7f799015d3af13b62fe05aeef8c3e0eaa,3,3
u01-s004-v004,question,topicId,e7d9d88eb7596ecb66c83bcfd7a554baef7612744a495523f5f8fae90be63bc7,18,18
u01-s004-v004,question,skillId,dfc588577bba59f53f123dae18fe764e687dbb7072a62c7f31b8309c93e6491e,25,25
u01-s004-v004,question,difficulty,fe6d3468cf5c74d8ec2a95b40f2e05338c37a4202f8fad692d2b64a9cf9b468a,8,8
u01-s004-v004,question,type,6bc0f9c4ecb0acbebf1b9f6c816bdd66f4885f67c917d9e141cf893014fba936,2,2
u01-s004-v004,question,visualMode,9c7d54b0bf7a9369d8594201c7b11955514343809d09fbec33966c1fd9794015,9,9
u01-s004-v004,question,sourceScope,a4b669ddb8ef1883391c07a7b633f12eeaeecee7ec37c09eea4931aff6644346,19,19
u01-s004-v004,question,text,3b520152f0d6b28f1a99168fe43b49321a8d0a88d102374ed1f2cf801d2ca85f,24,56
u01-s004-v004,question,choices[0],023b20463a8bf69f24c1aef83590e4019e32d37df006ce13c7c1e93a155842cf,9,9
u01-s004-v004,question,choices[1],d393913868fb83615642b96fa56a451195083a451a5f88e8a43480a061a8b374,9,9
u01-s004-v004,question,choices[2],9c7d3abfb151067186a95a0c50911767c06f56c622cc465581f5eaab660dfe58,9,9
u01-s004-v004,question,choices[3],18576ebd24730efca43e3fba2d6c9f15b343b640adf94838b37cf083467b289f,9,9
u01-s004-v004,question,explanation,611bbf04a98f46447bd86089393a1312b70e5430badfb2c10e65a8d33fead0de,24,52
u01-s004-v004,question,steps[0],6572ff13e59df6711049dde9480fc2554e046bc96e739e87643295599f30b7e1,12,32
u01-s004-v004,question,steps[1],04085edf711b25fa76c4dd7235117fcd6342cff39bcc16771046a98383745d7c,8,20
u01-s004-v004,question,steps[2],bcde3de280aa9cd694e7610a34d66cd4b53b3b16edfc70703d6a7a0546f99c9e,12,18
u01-s004-v004,question,optionAnalysis[0].choice,023b20463a8bf69f24c1aef83590e4019e32d37df006ce13c7c1e93a155842cf,9,9
u01-s004-v004,question,optionAnalysis[0].reason,6ae3a59db59f0166310367a849c9070188d8990a9a66bf7e1d7ae98823aea340,5,15
u01-s004-v004,question,optionAnalysis[1].choice,d393913868fb83615642b96fa56a451195083a451a5f88e8a43480a061a8b374,9,9
u01-s004-v004,question,optionAnalysis[1].reason,daa4b9cf7707a8c30dff84ef19d9759b94e89b877618375a525261b7bc0d8085,7,21
u01-s004-v004,question,optionAnalysis[2].choice,9c7d3abfb151067186a95a0c50911767c06f56c622cc465581f5eaab660dfe58,9,9
u01-s004-v004,question,optionAnalysis[2].reason,757b88afa27e2e050c2a46f0ba414072b8f220f9f6c33d6087501bc674492272,8,18
u01-s004-v004,question,optionAnalysis[3].choice,18576ebd24730efca43e3fba2d6c9f15b343b640adf94838b37cf083467b289f,9,9
u01-s004-v004,question,optionAnalysis[3].reason,f977e47070a263870a1013cbcddadf783484e42651432f9de7996546a03a22d9,17,33
u01-s004-v004,question,commonMistake,8e5fba9403501a0eeea63b4f1e6a7b2ad9efef424d371b700b8631e2c60c80a5,11,27
u01-s004-v004,question,concept,91bc783f481889a64235b313461fce7420977ae82a0b8410809825e43da53efc,12,36
u01-s004-v004,question,tags[0],fd41540cbdbecb9b5fa7116d27c68e378548ab62ab7c7ca4494730a81ea87667,3,9
u01-s004-v004,question,tags[1],301c5c6ef6c8ca5551b1288ce45a13b2398dd0d7b730acc6e873c86fc05365d6,6,18
u01-s004-v004,question,tags[2],fe6d3468cf5c74d8ec2a95b40f2e05338c37a4202f8fad692d2b64a9cf9b468a,8,8
u01-s004-v004,question,estimatedTimeSec,39fa9ec190eee7b6f4dff1100d6343e10918d044c75eac8f9e9a2596173f80c9,2,2
u01-s004-v004,question,prerequisiteSkillIds[0],d4a70ec3bcf253225298fa992ee3b412dd1d434e795e1d5789a615cfe5b0b7b3,28,28
u01-s004-v004,question,authoringIntent,1c04a0c23325f91e4e2f56b8c1baf42993a8ade2733ba1291997dbe19bf92731,9,25
u01-s004-v004,question,reviewStatus,ec809598e2f7fcc69fad54c9cd045bba62b4a0dc7c0ff90d4efdc3788c9ad8fb,22,22
u01-s004-v004,question,contentSha256,c3f0d9b5454e363205b48c567f3edd7dcbb4630fb31f661a542f973b1f831ea6,64,64
u01-s004-v004,question,contentAuthority,ed40f75ffe3d6ad4e71f6e7919d063410490de360edb425965eccd605ca9d79e,25,25
u01-s004-v005,question,questionId,1a116702abfab5951200e750e7f2ae667a2a00547f6a76212d046fa8bd63a5dd,13,13
u01-s004-v005,question,unitId,2055254ee30aaae13b777732834c89d7f799015d3af13b62fe05aeef8c3e0eaa,3,3
u01-s004-v005,question,topicId,e7d9d88eb7596ecb66c83bcfd7a554baef7612744a495523f5f8fae90be63bc7,18,18
u01-s004-v005,question,skillId,dfc588577bba59f53f123dae18fe764e687dbb7072a62c7f31b8309c93e6491e,25,25
u01-s004-v005,question,difficulty,fe6d3468cf5c74d8ec2a95b40f2e05338c37a4202f8fad692d2b64a9cf9b468a,8,8
u01-s004-v005,question,type,6bc0f9c4ecb0acbebf1b9f6c816bdd66f4885f67c917d9e141cf893014fba936,2,2
u01-s004-v005,question,visualMode,acdb1373d1761939cb5daa3332223298529581464a90afae39927e7aef8edd46,3,3
u01-s004-v005,question,figureId,415e6e81ab591aa078d75205a5b02ba285307993f227be01133ccfc834700ef0,17,17
u01-s004-v005,question,sourceScope,a4b669ddb8ef1883391c07a7b633f12eeaeecee7ec37c09eea4931aff6644346,19,19
u01-s004-v005,question,text,3b152e516f3cb72563518b9c1849916bdd95c33851c97e4d1e8cbd46d2b383fe,15,37
u01-s004-v005,question,choices[0],10352199f374dff25101d12b2f1ef47801309aee34340669d6d5d7cbfd44de8c,3,3
u01-s004-v005,question,choices[1],647fcefd96ba10dc5fbf96e12bb6e094732615597b203042044855dcf4e807ec,3,3
u01-s004-v005,question,choices[2],52b82c13b907a92cd320eb95cdc8cd3a4db8765bbaafc8dcaeda373c4ce18ef0,3,3
u01-s004-v005,question,choices[3],6b311162e3d3926c9f37f5484d0bdd36b5289cb39e2d0d46cf31719eff8df4d7,4,12
u01-s004-v005,question,explanation,5c47a6d7bc9395009774a2c19dd7b5943fb177580bdb6c9ecdc83d06db50c6bc,31,55
u01-s004-v005,question,steps[0],cf60e43940e288f0c257333c7cb7738bfbf7238929a760b3b75bc61faebe7d6a,7,13
u01-s004-v005,question,steps[1],06087d9d1d23a1710696d9f66c58d59a89ef8e9e015554b5c2d92c37f7dfe2f2,7,13
u01-s004-v005,question,steps[2],b5abcb5f37050fe12bfd630d7fbecc748d446996dca16ab63a3e6cc87258e21b,7,21
u01-s004-v005,question,optionAnalysis[0].choice,10352199f374dff25101d12b2f1ef47801309aee34340669d6d5d7cbfd44de8c,3,3
u01-s004-v005,question,optionAnalysis[0].reason,3fc0fecd5e3ab712587400bd1d437445ae86e9e4376f1ecea163a313f3d93747,12,20
u01-s004-v005,question,optionAnalysis[1].choice,647fcefd96ba10dc5fbf96e12bb6e094732615597b203042044855dcf4e807ec,3,3
u01-s004-v005,question,optionAnalysis[1].reason,1f430d1df27313120b814f02d675f3a1c402533d725d87c42bc5eac7aebd33c6,8,24
u01-s004-v005,question,optionAnalysis[2].choice,52b82c13b907a92cd320eb95cdc8cd3a4db8765bbaafc8dcaeda373c4ce18ef0,3,3
u01-s004-v005,question,optionAnalysis[2].reason,656ad38c49aa71108a22f6356bd31a7209648b08ab43cd6ffd85472bf62d34c0,5,15
u01-s004-v005,question,optionAnalysis[3].choice,6b311162e3d3926c9f37f5484d0bdd36b5289cb39e2d0d46cf31719eff8df4d7,4,12
u01-s004-v005,question,optionAnalysis[3].reason,39eb4555eb84ae0ccecd6c6395f7dc002969838f3bbc491fcacda1c58960e2df,7,21
u01-s004-v005,question,commonMistake,fcfd47d77bc04253ccd3063d3982b3beb43c03350cfc52b9bfa014c1a9cdb261,12,30
u01-s004-v005,question,concept,6e971594ec64a1e4d53f540355f8bf9438511d56b209a97612d57f88df26bd9e,9,27
u01-s004-v005,question,tags[0],fd41540cbdbecb9b5fa7116d27c68e378548ab62ab7c7ca4494730a81ea87667,3,9
u01-s004-v005,question,tags[1],301c5c6ef6c8ca5551b1288ce45a13b2398dd0d7b730acc6e873c86fc05365d6,6,18
u01-s004-v005,question,tags[2],fe6d3468cf5c74d8ec2a95b40f2e05338c37a4202f8fad692d2b64a9cf9b468a,8,8
u01-s004-v005,question,estimatedTimeSec,39fa9ec190eee7b6f4dff1100d6343e10918d044c75eac8f9e9a2596173f80c9,2,2
u01-s004-v005,question,prerequisiteSkillIds[0],d4a70ec3bcf253225298fa992ee3b412dd1d434e795e1d5789a615cfe5b0b7b3,28,28
u01-s004-v005,question,authoringIntent,2b25d2a81a6441f6ffd7fee5d4bfa3882afd160224e09eaa4df86113eab75c21,11,33
u01-s004-v005,question,reviewStatus,ec809598e2f7fcc69fad54c9cd045bba62b4a0dc7c0ff90d4efdc3788c9ad8fb,22,22
u01-s004-v005,question,contentSha256,01a4ce431582bbd5a25d0102953d873474160e1724e6c02dc9a013f7cca0a656,64,64
u01-s004-v005,question,contentAuthority,ed40f75ffe3d6ad4e71f6e7919d063410490de360edb425965eccd605ca9d79e,25,25
u01-s004-v006,question,questionId,6b8be9f87b7de0aea21d082609059351607d3ce2fdca8c2fe73617ad575cdb9a,13,13
u01-s004-v006,question,unitId,2055254ee30aaae13b777732834c89d7f799015d3af13b62fe05aeef8c3e0eaa,3,3
u01-s004-v006,question,topicId,e7d9d88eb7596ecb66c83bcfd7a554baef7612744a495523f5f8fae90be63bc7,18,18
u01-s004-v006,question,skillId,dfc588577bba59f53f123dae18fe764e687dbb7072a62c7f31b8309c93e6491e,25,25
u01-s004-v006,question,difficulty,fe6d3468cf5c74d8ec2a95b40f2e05338c37a4202f8fad692d2b64a9cf9b468a,8,8
u01-s004-v006,question,type,6bc0f9c4ecb0acbebf1b9f6c816bdd66f4885f67c917d9e141cf893014fba936,2,2
u01-s004-v006,question,visualMode,9c7d54b0bf7a9369d8594201c7b11955514343809d09fbec33966c1fd9794015,9,9
u01-s004-v006,question,sourceScope,a4b669ddb8ef1883391c07a7b633f12eeaeecee7ec37c09eea4931aff6644346,19,19
u01-s004-v006,question,text,fd6c90961cbb20a27dba456d4f0b55a227bb9a0e7aa713e786919dadec64e003,11,33
u01-s004-v006,question,choices[0],05aa4cc157185bb104a85d019c8559dcba88ec7f283c8f5f08b83cd4f3ec70d7,6,6
u01-s004-v006,question,choices[1],aa8098700b804630f2d1c098c05da45897318920722b0628f3b0d02cd0f264c0,6,6
u01-s004-v006,question,choices[2],5c0dfdb5864b97d081a7458694e6fbea3c17a5fb8bf0624a65e6f44d97f3bab8,4,4
u01-s004-v006,question,choices[3],98e52ef15d046ee2aee1af7d37b082791f95ce01fd29f4da39ff1538f794f110,4,4
u01-s004-v006,question,explanation,0fc18fc61a2df73e4f9711c7741378a90cf7210a48033ec539474d26c86b4741,22,36
u01-s004-v006,question,steps[0],945fbf6af3e84a9b2aa4a15c82a776c3ef251112328476308b611e27666eca6f,12,36
u01-s004-v006,question,steps[1],6b3c756bf11fb1b6d7b8b7e99b99bda87a457494f73ae2923d67cdaf3a265290,9,17
u01-s004-v006,question,steps[2],75f42ba2122b3bce56ec8307c8f8046aed05dd0e6829452b71a615b7c3f8632d,6,18
u01-s004-v006,question,optionAnalysis[0].choice,05aa4cc157185bb104a85d019c8559dcba88ec7f283c8f5f08b83cd4f3ec70d7,6,6
u01-s004-v006,question,optionAnalysis[0].reason,3ae76a26fe54c0738ba503b6aa9503ee9253e720a5ad399de8adf8cc55dac233,5,15
u01-s004-v006,question,optionAnalysis[1].choice,aa8098700b804630f2d1c098c05da45897318920722b0628f3b0d02cd0f264c0,6,6
u01-s004-v006,question,optionAnalysis[1].reason,084d2d6bf250b425bf1e0bc3128b24d4741951ab4ca4c0d4857238b8b12b1671,19,45
u01-s004-v006,question,optionAnalysis[2].choice,5c0dfdb5864b97d081a7458694e6fbea3c17a5fb8bf0624a65e6f44d97f3bab8,4,4
u01-s004-v006,question,optionAnalysis[2].reason,1b6303f88ce11d8307f7c7ef50c23c9a68b4f4d2590caa77dbb7a09f9c3be2b3,11,27
u01-s004-v006,question,optionAnalysis[3].choice,98e52ef15d046ee2aee1af7d37b082791f95ce01fd29f4da39ff1538f794f110,4,4
u01-s004-v006,question,optionAnalysis[3].reason,49edace7a802dacf25bf49864601937d8b19684e8e139ad5489de7fea5ee51dc,6,12
u01-s004-v006,question,commonMistake,def19f02def33bb1065373379d22bb56edc4a8765ace0dab41a2aa141fe79818,17,33
u01-s004-v006,question,concept,a0c908150052acf31951600bf8657bd124b1871a1af11bf8572c01d1b6e7861a,9,25
u01-s004-v006,question,tags[0],fd41540cbdbecb9b5fa7116d27c68e378548ab62ab7c7ca4494730a81ea87667,3,9
u01-s004-v006,question,tags[1],301c5c6ef6c8ca5551b1288ce45a13b2398dd0d7b730acc6e873c86fc05365d6,6,18
u01-s004-v006,question,tags[2],fe6d3468cf5c74d8ec2a95b40f2e05338c37a4202f8fad692d2b64a9cf9b468a,8,8
u01-s004-v006,question,estimatedTimeSec,39fa9ec190eee7b6f4dff1100d6343e10918d044c75eac8f9e9a2596173f80c9,2,2
u01-s004-v006,question,prerequisiteSkillIds[0],d4a70ec3bcf253225298fa992ee3b412dd1d434e795e1d5789a615cfe5b0b7b3,28,28
u01-s004-v006,question,authoringIntent,151e014acb5f2693f88f09700d83ae22376673e2d278d9cd0f6ad9195c667c0b,10,30
u01-s004-v006,question,reviewStatus,ec809598e2f7fcc69fad54c9cd045bba62b4a0dc7c0ff90d4efdc3788c9ad8fb,22,22
u01-s004-v006,question,contentSha256,d91d40d5b78bc2b475e6851c48c05a54fff39162e0a204b58bc8a53dd8411de7,64,64
u01-s004-v006,question,contentAuthority,ed40f75ffe3d6ad4e71f6e7919d063410490de360edb425965eccd605ca9d79e,25,25
u01-s004-v007,question,questionId,7a0978b0600f6f8bf0f2a3bda07d3b1b660d95cb76aca58a6961b7bf0332dbdb,13,13
u01-s004-v007,question,unitId,2055254ee30aaae13b777732834c89d7f799015d3af13b62fe05aeef8c3e0eaa,3,3
u01-s004-v007,question,topicId,e7d9d88eb7596ecb66c83bcfd7a554baef7612744a495523f5f8fae90be63bc7,18,18
u01-s004-v007,question,skillId,dfc588577bba59f53f123dae18fe764e687dbb7072a62c7f31b8309c93e6491e,25,25
u01-s004-v007,question,difficulty,d21f85ea38166303ce58e06134b5cc4a5c900c409ab2a500ff7c9225109a09bb,8,8
u01-s004-v007,question,type,6bc0f9c4ecb0acbebf1b9f6c816bdd66f4885f67c917d9e141cf893014fba936,2,2
u01-s004-v007,question,visualMode,9c7d54b0bf7a9369d8594201c7b11955514343809d09fbec33966c1fd9794015,9,9
u01-s004-v007,question,sourceScope,a4b669ddb8ef1883391c07a7b633f12eeaeecee7ec37c09eea4931aff6644346,19,19
u01-s004-v007,question,text,66db7f78d8fd0a97ad5c8309d6f2e97ef1aa2d11b9f0478cb9f87812af181b9a,22,48
u01-s004-v007,question,choices[0],998a5be88dc5c0d469f33fb5a8ac3e4bd9c56f0ea48b2a14f2c5754c5416e861,3,3
u01-s004-v007,question,choices[1],42144f3939c3ffbbf0bf8b1f12affb5c23a4c5bd41e0ff672d54a5754f062058,3,3
u01-s004-v007,question,choices[2],66ca1853195ebb9accbe91550c0a55142ac0536a75968917f4cda6a7b23f7265,3,3
u01-s004-v007,question,choices[3],9f748ec82e4345e2b9f27d467d4f23db0f51b7599c4ecffa621efbbba55df11b,5,5
u01-s004-v007,question,explanation,27a241b635d5799a3aefc3e0381dbcad909b45a75fec1989373270853d0f4837,39,107
u01-s004-v007,question,steps[0],2e85d4f1efa8a0b0285363b88f271a60cdfb208dda2160ace4991c69840a30fc,5,13
u01-s004-v007,question,steps[1],0662d3cbfcae0a4badba4e342f72299ab65069ac08a4d329628a6d9e28202d6c,5,13
u01-s004-v007,question,steps[2],7d16d45173abfd7c5b4b179fd5771e9f1d9efc0b5bd88212c52c81f57de8e247,7,21
u01-s004-v007,question,optionAnalysis[0].choice,998a5be88dc5c0d469f33fb5a8ac3e4bd9c56f0ea48b2a14f2c5754c5416e861,3,3
u01-s004-v007,question,optionAnalysis[0].reason,23d4075b39b9c8861ba7018901bbcbd9a5d3d67be5fad2dce66ece1653b42083,8,24
u01-s004-v007,question,optionAnalysis[1].choice,42144f3939c3ffbbf0bf8b1f12affb5c23a4c5bd41e0ff672d54a5754f062058,3,3
u01-s004-v007,question,optionAnalysis[1].reason,3270f1a0f942d24d62534f94fcf8c6e2a6b6520ef1387cd14d3e6b1692b85935,9,27
u01-s004-v007,question,optionAnalysis[2].choice,66ca1853195ebb9accbe91550c0a55142ac0536a75968917f4cda6a7b23f7265,3,3
u01-s004-v007,question,optionAnalysis[2].reason,2447f4e56411724ca9ba5d608f047a432f87fc041d87596e6aee2c3ce3aeb615,5,15
u01-s004-v007,question,optionAnalysis[3].choice,9f748ec82e4345e2b9f27d467d4f23db0f51b7599c4ecffa621efbbba55df11b,5,5
u01-s004-v007,question,optionAnalysis[3].reason,793309c255189156e21747b1eeba336d86443fd82795828e6e60ddbbbd495a5a,17,31
u01-s004-v007,question,commonMistake,54e07d9ac8fac1fcdfa9e98ad1bd61cd449b328583d0ae6e42f7e006b9c3acbb,27,67
u01-s004-v007,question,concept,d9f33f89272eaada99f6be4039454720d6985a6822c39c05b6640946e16a11ee,23,69
u01-s004-v007,question,tags[0],fd41540cbdbecb9b5fa7116d27c68e378548ab62ab7c7ca4494730a81ea87667,3,9
u01-s004-v007,question,tags[1],301c5c6ef6c8ca5551b1288ce45a13b2398dd0d7b730acc6e873c86fc05365d6,6,18
u01-s004-v007,question,tags[2],d21f85ea38166303ce58e06134b5cc4a5c900c409ab2a500ff7c9225109a09bb,8,8
u01-s004-v007,question,estimatedTimeSec,39fa9ec190eee7b6f4dff1100d6343e10918d044c75eac8f9e9a2596173f80c9,2,2
u01-s004-v007,question,prerequisiteSkillIds[0],d4a70ec3bcf253225298fa992ee3b412dd1d434e795e1d5789a615cfe5b0b7b3,28,28
u01-s004-v007,question,authoringIntent,6a3cd00e4b1c5d3f03e3cc190f0435497588047af42138d6dbb6f0457ae81047,10,30
u01-s004-v007,question,reviewStatus,ec809598e2f7fcc69fad54c9cd045bba62b4a0dc7c0ff90d4efdc3788c9ad8fb,22,22
u01-s004-v007,question,contentSha256,311ebdd2e1f4614ea43e1f990ea215a00f95dd881e3622933aca15dad15872ac,64,64
u01-s004-v007,question,contentAuthority,ed40f75ffe3d6ad4e71f6e7919d063410490de360edb425965eccd605ca9d79e,25,25
u01-s004-v008,question,questionId,1099c20baa49c45eff1d3434b0df8321fdc0a6be5b9880429b8a463fcbddff65,13,13
u01-s004-v008,question,unitId,2055254ee30aaae13b777732834c89d7f799015d3af13b62fe05aeef8c3e0eaa,3,3
u01-s004-v008,question,topicId,e7d9d88eb7596ecb66c83bcfd7a554baef7612744a495523f5f8fae90be63bc7,18,18
u01-s004-v008,question,skillId,dfc588577bba59f53f123dae18fe764e687dbb7072a62c7f31b8309c93e6491e,25,25
u01-s004-v008,question,difficulty,d21f85ea38166303ce58e06134b5cc4a5c900c409ab2a500ff7c9225109a09bb,8,8
u01-s004-v008,question,type,6bc0f9c4ecb0acbebf1b9f6c816bdd66f4885f67c917d9e141cf893014fba936,2,2
u01-s004-v008,question,visualMode,9c7d54b0bf7a9369d8594201c7b11955514343809d09fbec33966c1fd9794015,9,9
u01-s004-v008,question,sourceScope,a4b669ddb8ef1883391c07a7b633f12eeaeecee7ec37c09eea4931aff6644346,19,19
u01-s004-v008,question,text,793339e5e3509dac47d00bd8a4605761f9ff6221ac9e55e3bee2cbab024b0fee,29,67
u01-s004-v008,question,choices[0],37aa1ccf80e481832b2db282d4d4f895ee1e31219b7d0f6aee8dc8968828341b,2,2
u01-s004-v008,question,choices[1],cf3bae39dd692048a8bf961182e6a34dfd323eeb0748e162eaf055107f1cb873,2,2
u01-s004-v008,question,choices[2],e5e0093f285a4fb94c3fcc2ad7fd04edd10d429ccda87a9aa5e4718efadf182e,2,2
u01-s004-v008,question,choices[3],615bdd17c2556f82f384392ea8557f8cc88b03501c759e23093ab0b2a9b5cd48,2,2
u01-s004-v008,question,explanation,31a71651d9ec3af3d4f4609a45be6dbc2e4d7a0a755b99db2f2354fcf427fd3a,28,60
u01-s004-v008,question,steps[0],ff8edec0443427d4977332aa7923a0c1a50e6e9f314ba205734cdd808a8c2fe8,5,15
u01-s004-v008,question,steps[1],1815d588e05cdb5d91234ddf16345347e494d85d649ff7c56d6c0a336b5827c5,7,19
u01-s004-v008,question,steps[2],21942a7a46ce7a3ed79c6eedde2350ae67c03eabd5dbe2148c0dd02056b59d9d,8,24
u01-s004-v008,question,optionAnalysis[0].choice,37aa1ccf80e481832b2db282d4d4f895ee1e31219b7d0f6aee8dc8968828341b,2,2
u01-s004-v008,question,optionAnalysis[0].reason,880e543e842ff3ec8c684ebacb1f01fb308dcd2ebb4b9b44524c0a2f275727d7,43,103
u01-s004-v008,question,optionAnalysis[1].choice,cf3bae39dd692048a8bf961182e6a34dfd323eeb0748e162eaf055107f1cb873,2,2
u01-s004-v008,question,optionAnalysis[1].reason,d55fd5107fd0121647c7c4ed0dcdbf211ddd1de128364eb9fcb64accd3e57493,24,66
u01-s004-v008,question,optionAnalysis[2].choice,e5e0093f285a4fb94c3fcc2ad7fd04edd10d429ccda87a9aa5e4718efadf182e,2,2
u01-s004-v008,question,optionAnalysis[2].reason,8d4428c45a0c7471a8011d7d7655cf51c6767a7912168cc9341d1bfe272e1961,4,12
u01-s004-v008,question,optionAnalysis[3].choice,615bdd17c2556f82f384392ea8557f8cc88b03501c759e23093ab0b2a9b5cd48,2,2
u01-s004-v008,question,optionAnalysis[3].reason,63e83b24eeb4f5e5f178cf352558b1fbf0a13255b8fd21d5d6a8ca4fe6ec8532,18,28
u01-s004-v008,question,commonMistake,f582a48711431bf1182e279fc5069d791345782e7564082958f9d90d2a6bf514,18,48
u01-s004-v008,question,concept,afecb13a97645be7105642618c7e427ee48f213b98d62d643110c045838af6d2,13,39
u01-s004-v008,question,tags[0],fd41540cbdbecb9b5fa7116d27c68e378548ab62ab7c7ca4494730a81ea87667,3,9
u01-s004-v008,question,tags[1],301c5c6ef6c8ca5551b1288ce45a13b2398dd0d7b730acc6e873c86fc05365d6,6,18
u01-s004-v008,question,tags[2],d21f85ea38166303ce58e06134b5cc4a5c900c409ab2a500ff7c9225109a09bb,8,8
u01-s004-v008,question,estimatedTimeSec,39fa9ec190eee7b6f4dff1100d6343e10918d044c75eac8f9e9a2596173f80c9,2,2
u01-s004-v008,question,prerequisiteSkillIds[0],d4a70ec3bcf253225298fa992ee3b412dd1d434e795e1d5789a615cfe5b0b7b3,28,28
u01-s004-v008,question,authoringIntent,14f392504f2dc06157dddb72e108808c056dc9d3ca6ad6e9f14919a2038b8a3e,11,33
u01-s004-v008,question,reviewStatus,ec809598e2f7fcc69fad54c9cd045bba62b4a0dc7c0ff90d4efdc3788c9ad8fb,22,22
u01-s004-v008,question,contentSha256,ffcecd50457a6c00a97a215551563a44e36af8f5adea2fdd1a92e85ec771e650,64,64
u01-s004-v008,question,contentAuthority,ed40f75ffe3d6ad4e71f6e7919d063410490de360edb425965eccd605ca9d79e,25,25
u01-s004-v009,question,questionId,2b5c6d074296a57a3bebf57d71ee6041b8980f19796170da404492812ee16e1a,13,13
u01-s004-v009,question,unitId,2055254ee30aaae13b777732834c89d7f799015d3af13b62fe05aeef8c3e0eaa,3,3
u01-s004-v009,question,topicId,e7d9d88eb7596ecb66c83bcfd7a554baef7612744a495523f5f8fae90be63bc7,18,18
u01-s004-v009,question,skillId,dfc588577bba59f53f123dae18fe764e687dbb7072a62c7f31b8309c93e6491e,25,25
u01-s004-v009,question,difficulty,d21f85ea38166303ce58e06134b5cc4a5c900c409ab2a500ff7c9225109a09bb,8,8
u01-s004-v009,question,type,6bc0f9c4ecb0acbebf1b9f6c816bdd66f4885f67c917d9e141cf893014fba936,2,2
u01-s004-v009,question,visualMode,9c7d54b0bf7a9369d8594201c7b11955514343809d09fbec33966c1fd9794015,9,9
u01-s004-v009,question,sourceScope,a4b669ddb8ef1883391c07a7b633f12eeaeecee7ec37c09eea4931aff6644346,19,19
u01-s004-v009,question,text,78d3c8d8f29bd00d1e08fc03a837157d133c0a7cdf94ffc8f5301177ccc06c6d,24,46
u01-s004-v009,question,choices[0],399bcd96c8d679e9aad0404d3b5ea657b911a605b1f2a2fa6ccf69d2ec65a979,11,11
u01-s004-v009,question,choices[1],681a423bf9db69304c98a268833566c4e160138a6b4fe0686e3c1759be46b55d,11,11
u01-s004-v009,question,choices[2],5ab633257f455ec413bc61b5f8b5a86c6ae3e44db56e850858ef19095e0eecce,4,12
u01-s004-v009,question,choices[3],6b311162e3d3926c9f37f5484d0bdd36b5289cb39e2d0d46cf31719eff8df4d7,4,12
u01-s004-v009,question,explanation,89dfd98450f5c044e7b4fe84cf1d2f75c93e5d89d5e69996f1460fe0382a5d3b,32,66
u01-s004-v009,question,steps[0],5e1e76a450f5b3d3751784a30c278cdd58d79f8b18a26f7b857d1399ce1530a0,6,18
u01-s004-v009,question,steps[1],a1189fefb2531451f4dbec3797fe770fcc4ed49620a3cc1a2c63543a71c92e20,10,12
u01-s004-v009,question,steps[2],260c6896f0492ab22599c971f812fc48606ee921da97ab3c0f959b9289e2ea14,20,38
u01-s004-v009,question,optionAnalysis[0].choice,399bcd96c8d679e9aad0404d3b5ea657b911a605b1f2a2fa6ccf69d2ec65a979,11,11
u01-s004-v009,question,optionAnalysis[0].reason,e2f2cf6ef5b1800d65a5d39cc6499aed759b91de68e75a5b67a9d29c8b7d92f0,17,31
u01-s004-v009,question,optionAnalysis[1].choice,681a423bf9db69304c98a268833566c4e160138a6b4fe0686e3c1759be46b55d,11,11
u01-s004-v009,question,optionAnalysis[1].reason,688b30128d6347c337a58f9725a9f97a15b305a85043892d068b11c39c4d314d,4,12
u01-s004-v009,question,optionAnalysis[2].choice,5ab633257f455ec413bc61b5f8b5a86c6ae3e44db56e850858ef19095e0eecce,4,12
u01-s004-v009,question,optionAnalysis[2].reason,7673fb28175bde94a2e049c1eec940253ea73ae6fa6edb7c3d043286322b26e5,5,15
u01-s004-v009,question,optionAnalysis[3].choice,6b311162e3d3926c9f37f5484d0bdd36b5289cb39e2d0d46cf31719eff8df4d7,4,12
u01-s004-v009,question,optionAnalysis[3].reason,4425737f678ac78fedb88b72ece19437cb7359a03fe75ddc638d143e30ec95ee,8,24
u01-s004-v009,question,commonMistake,e19c32ce6bd1b937a0c69a854984d6996f721c72431b2764a68185eb4d90e30c,18,36
u01-s004-v009,question,concept,62d7dd02ac355df63c7feefc3517344c8f421259534470660d904b7e59cb3367,12,36
u01-s004-v009,question,tags[0],fd41540cbdbecb9b5fa7116d27c68e378548ab62ab7c7ca4494730a81ea87667,3,9
u01-s004-v009,question,tags[1],301c5c6ef6c8ca5551b1288ce45a13b2398dd0d7b730acc6e873c86fc05365d6,6,18
u01-s004-v009,question,tags[2],d21f85ea38166303ce58e06134b5cc4a5c900c409ab2a500ff7c9225109a09bb,8,8
u01-s004-v009,question,estimatedTimeSec,39fa9ec190eee7b6f4dff1100d6343e10918d044c75eac8f9e9a2596173f80c9,2,2
u01-s004-v009,question,prerequisiteSkillIds[0],d4a70ec3bcf253225298fa992ee3b412dd1d434e795e1d5789a615cfe5b0b7b3,28,28
u01-s004-v009,question,authoringIntent,70604eb18fccced83d88b8f1d523e0a8b8da1a33d43d8ab7461e8e7364adeed2,12,36
u01-s004-v009,question,reviewStatus,ec809598e2f7fcc69fad54c9cd045bba62b4a0dc7c0ff90d4efdc3788c9ad8fb,22,22
u01-s004-v009,question,contentSha256,4ddb766e7904d90e42db10505fa4329220a77b667b6301f3f2787fdac35a10e7,64,64
u01-s004-v009,question,contentAuthority,ed40f75ffe3d6ad4e71f6e7919d063410490de360edb425965eccd605ca9d79e,25,25
u01-s004-v010,question,questionId,a1974e5e9dff5329ac1c6a9ea583c06c439cd8901414ce3b0bbb75e607f1e0a4,13,13
u01-s004-v010,question,unitId,2055254ee30aaae13b777732834c89d7f799015d3af13b62fe05aeef8c3e0eaa,3,3
u01-s004-v010,question,topicId,e7d9d88eb7596ecb66c83bcfd7a554baef7612744a495523f5f8fae90be63bc7,18,18
u01-s004-v010,question,skillId,dfc588577bba59f53f123dae18fe764e687dbb7072a62c7f31b8309c93e6491e,25,25
u01-s004-v010,question,difficulty,578756ca4aa16d8872610a5aaa78460fd30fbe93379ff7284fe65d66ca606755,8,8
u01-s004-v010,question,type,6bc0f9c4ecb0acbebf1b9f6c816bdd66f4885f67c917d9e141cf893014fba936,2,2
u01-s004-v010,question,visualMode,9c7d54b0bf7a9369d8594201c7b11955514343809d09fbec33966c1fd9794015,9,9
u01-s004-v010,question,sourceScope,a4b669ddb8ef1883391c07a7b633f12eeaeecee7ec37c09eea4931aff6644346,19,19
u01-s004-v010,question,text,a44d4fd0cbfc4443f7a76cd47ab22a97a665d150f5366bdb7afd57d508320d3a,48,112
u01-s004-v010,question,choices[0],33e3580c093111e1c4cac922872c40371f7896bb3fa4e23be5840bd1834fc622,1,3
u01-s004-v010,question,choices[1],c680a614513fa8a73542527bd934fca22d0a198eec669fa288f12053150cd7e7,1,3
u01-s004-v010,question,choices[2],71530d4c49f12c489dcfc7d6d1b46d53546ca05bfd1775392c9a42b9b7944bbb,1,3
u01-s004-v010,question,choices[3],a523477108776640c54354337aedafe01880168a1c7f76170ec5b79845e6263a,1,3
u01-s004-v010,question,explanation,75b00b81cb67441fc34e1195dbb0116ad678b7b04cfd11c55b3270f010d03602,22,59
u01-s004-v010,question,steps[0],577751b7f00d4adaf42e85d5dbc2024f442267a2eab05cc94c70b8c0fba3b369,11,33
u01-s004-v010,question,steps[1],c3079b82b4299b499a2761c5a29c975bda8dabca024adce1ebe3e93096023d4f,10,26
u01-s004-v010,question,steps[2],ecf16a566a618de7b59caed2f7a57b29090f31fd61843b1752e1133a1b2c7b9e,5,15
u01-s004-v010,question,optionAnalysis[0].choice,33e3580c093111e1c4cac922872c40371f7896bb3fa4e23be5840bd1834fc622,1,3
u01-s004-v010,question,optionAnalysis[0].reason,b56275fdc2ec50121dc1eeb367baaa593ad3bd2b385ad3ff63e073d66772adbb,6,12
u01-s004-v010,question,optionAnalysis[1].choice,c680a614513fa8a73542527bd934fca22d0a198eec669fa288f12053150cd7e7,1,3
u01-s004-v010,question,optionAnalysis[1].reason,5193e404005164de4c8dc4e080c4e32ab8a191bd3536ee3f3e54de4a846b450f,9,22
u01-s004-v010,question,optionAnalysis[2].choice,71530d4c49f12c489dcfc7d6d1b46d53546ca05bfd1775392c9a42b9b7944bbb,1,3
u01-s004-v010,question,optionAnalysis[2].reason,6c2238f2984faebb733ca48fbad6ab26bc3c4d1ea0cdbedac939cef8800b37cc,5,11
u01-s004-v010,question,optionAnalysis[3].choice,a523477108776640c54354337aedafe01880168a1c7f76170ec5b79845e6263a,1,3
u01-s004-v010,question,optionAnalysis[3].reason,46c0b360413a11827faa174d88b36717cd87310299a4dd61d112d232b6491841,5,11
u01-s004-v010,question,commonMistake,b5ca4082d581a482c668adf7120cfac7cd9e8db9114d2221d84f021880dffbf1,20,60
u01-s004-v010,question,concept,15a77e2ffc74ce0e58d9d6e97ea877aa00492fac587c023c310ee59edc6ca5a9,17,51
u01-s004-v010,question,tags[0],fd41540cbdbecb9b5fa7116d27c68e378548ab62ab7c7ca4494730a81ea87667,3,9
u01-s004-v010,question,tags[1],301c5c6ef6c8ca5551b1288ce45a13b2398dd0d7b730acc6e873c86fc05365d6,6,18
u01-s004-v010,question,tags[2],578756ca4aa16d8872610a5aaa78460fd30fbe93379ff7284fe65d66ca606755,8,8
u01-s004-v010,question,estimatedTimeSec,48449a14a4ff7d79bb7a1b6f3d488eba397c36ef25634c111b49baf362511afc,2,2
u01-s004-v010,question,prerequisiteSkillIds[0],d4a70ec3bcf253225298fa992ee3b412dd1d434e795e1d5789a615cfe5b0b7b3,28,28
u01-s004-v010,question,authoringIntent,fd9ac6695b52624fc533a07f76bcab6df4302682f17bd70ff7e6ed028bd0e36b,10,30
u01-s004-v010,question,literacyContextNecessity,9114899ea2956b7ed2e2c454c1d8ec0082f5879f2d02e720b0a21835fdf7f20f,25,75
u01-s004-v010,question,reviewStatus,ec809598e2f7fcc69fad54c9cd045bba62b4a0dc7c0ff90d4efdc3788c9ad8fb,22,22
u01-s004-v010,question,contentSha256,3fbccf42ba6cb5ea864dbc8929e4fc1ea2b86a76914652636153c5693a9a6157,64,64
u01-s004-v010,question,contentAuthority,ed40f75ffe3d6ad4e71f6e7919d063410490de360edb425965eccd605ca9d79e,25,25
u01-s004-v011,question,questionId,790704fe1118257173444f883b79141de456d0aa8aafbe9b0c352f6344708830,13,13
u01-s004-v011,question,unitId,2055254ee30aaae13b777732834c89d7f799015d3af13b62fe05aeef8c3e0eaa,3,3
u01-s004-v011,question,topicId,e7d9d88eb7596ecb66c83bcfd7a554baef7612744a495523f5f8fae90be63bc7,18,18
u01-s004-v011,question,skillId,dfc588577bba59f53f123dae18fe764e687dbb7072a62c7f31b8309c93e6491e,25,25
u01-s004-v011,question,difficulty,578756ca4aa16d8872610a5aaa78460fd30fbe93379ff7284fe65d66ca606755,8,8
u01-s004-v011,question,type,6bc0f9c4ecb0acbebf1b9f6c816bdd66f4885f67c917d9e141cf893014fba936,2,2
u01-s004-v011,question,visualMode,9c7d54b0bf7a9369d8594201c7b11955514343809d09fbec33966c1fd9794015,9,9
u01-s004-v011,question,sourceScope,a4b669ddb8ef1883391c07a7b633f12eeaeecee7ec37c09eea4931aff6644346,19,19
u01-s004-v011,question,text,a90fefb22b46618e1acf486f643f07b7ecdd9fd3142cf28eccd03161217f8af5,44,94
u01-s004-v011,question,choices[0],0ba50424c75b6ce43069bd7a74aaa895040dbcfac172943eb7c643c7306f546c,5,15
u01-s004-v011,question,choices[1],32f459fb2522144e25e744701fa473628664c4b1d42f7add3fe7af361a85c7fa,12,22
u01-s004-v011,question,choices[2],0383f40b8f620a4d3f3ca951327f235aaf60ba9b4a1018e8b40079cf4a7bbb49,11,33
u01-s004-v011,question,choices[3],876ecd3a7097785873c3f2c3244bbf08c2e938f7783171036ea0a95cacca82d0,7,21
u01-s004-v011,question,explanation,9d3231d1cb48a85227bb3910daa7c097a1c8f6cab2900dbabec2d76d6737675a,25,47
u01-s004-v011,question,steps[0],b4c43fed5701a32d79a172e42d4b88327ce2e4d32e322099bdc75ff06e001b5a,9,27
u01-s004-v011,question,steps[1],4216313aa3478fedfb6af2421f278a8d3249aa98d702d3b945b6d95aa860881d,15,25
u01-s004-v011,question,steps[2],7337912e63add03a84b95c7fb03dab46389a2ce163dd3465732f169f4e415578,10,30
u01-s004-v011,question,optionAnalysis[0].choice,0ba50424c75b6ce43069bd7a74aaa895040dbcfac172943eb7c643c7306f546c,5,15
u01-s004-v011,question,optionAnalysis[0].reason,62a75c511c636418e86071536de0de8c01a69893f5b97463d4af90485a61d011,4,12
u01-s004-v011,question,optionAnalysis[1].choice,32f459fb2522144e25e744701fa473628664c4b1d42f7add3fe7af361a85c7fa,12,22
u01-s004-v011,question,optionAnalysis[1].reason,926e16e7dff94204d4ba814bc075aacb2875b44e9c1c9107f33d2fa2501ab332,9,19
u01-s004-v011,question,optionAnalysis[2].choice,0383f40b8f620a4d3f3ca951327f235aaf60ba9b4a1018e8b40079cf4a7bbb49,11,33
u01-s004-v011,question,optionAnalysis[2].reason,b2a13115ebfc8eea679b804bb914665cceafb951e6aaf4339631368f4aad244f,23,41
u01-s004-v011,question,optionAnalysis[3].choice,876ecd3a7097785873c3f2c3244bbf08c2e938f7783171036ea0a95cacca82d0,7,21
u01-s004-v011,question,optionAnalysis[3].reason,385f7e86e77251d8e50c5a2bb4fd3cd41f80626a2d6a3e023a99834111593a8b,10,30
u01-s004-v011,question,commonMistake,05f30ec652324e4f0a0727c6c42f433b4dc7e84b9137f5350cc7bd2f324cf24b,19,49
u01-s004-v011,question,concept,fb1df69b8f4c824fb2fd76dac1e2135f7a3fbfede0886bd2ca27e531dbd673b6,19,57
u01-s004-v011,question,tags[0],fd41540cbdbecb9b5fa7116d27c68e378548ab62ab7c7ca4494730a81ea87667,3,9
u01-s004-v011,question,tags[1],301c5c6ef6c8ca5551b1288ce45a13b2398dd0d7b730acc6e873c86fc05365d6,6,18
u01-s004-v011,question,tags[2],578756ca4aa16d8872610a5aaa78460fd30fbe93379ff7284fe65d66ca606755,8,8
u01-s004-v011,question,estimatedTimeSec,b4944c6ff08dc6f43da2e9c824669b7d927dd1fa976fadc7b456881f51bf5ccc,2,2
u01-s004-v011,question,prerequisiteSkillIds[0],d4a70ec3bcf253225298fa992ee3b412dd1d434e795e1d5789a615cfe5b0b7b3,28,28
u01-s004-v011,question,authoringIntent,f7317086250763e44fcdefdda4c6a41b132ef25e5b9eee35a29d2282fbd032ee,16,48
u01-s004-v011,question,literacyContextNecessity,865d8aced1e8b242d39fc3098df7971b70bab3a722495c96136321bdaaa5bb3f,24,72
u01-s004-v011,question,reviewStatus,ec809598e2f7fcc69fad54c9cd045bba62b4a0dc7c0ff90d4efdc3788c9ad8fb,22,22
u01-s004-v011,question,contentSha256,0f0b98781624b0f9cade4691b9ebadefbfc8d44eafeb5468d167b6a0f9a15e9b,64,64
u01-s004-v011,question,contentAuthority,ed40f75ffe3d6ad4e71f6e7919d063410490de360edb425965eccd605ca9d79e,25,25
u01-s004-v012,question,questionId,d7bc3b1a6b06cbbca55bd095474c51981fdee55ce840293c601bd264b4888118,13,13
u01-s004-v012,question,unitId,2055254ee30aaae13b777732834c89d7f799015d3af13b62fe05aeef8c3e0eaa,3,3
u01-s004-v012,question,topicId,e7d9d88eb7596ecb66c83bcfd7a554baef7612744a495523f5f8fae90be63bc7,18,18
u01-s004-v012,question,skillId,dfc588577bba59f53f123dae18fe764e687dbb7072a62c7f31b8309c93e6491e,25,25
u01-s004-v012,question,difficulty,578756ca4aa16d8872610a5aaa78460fd30fbe93379ff7284fe65d66ca606755,8,8
u01-s004-v012,question,type,6bc0f9c4ecb0acbebf1b9f6c816bdd66f4885f67c917d9e141cf893014fba936,2,2
u01-s004-v012,question,visualMode,9c7d54b0bf7a9369d8594201c7b11955514343809d09fbec33966c1fd9794015,9,9
u01-s004-v012,question,sourceScope,a4b669ddb8ef1883391c07a7b633f12eeaeecee7ec37c09eea4931aff6644346,19,19
u01-s004-v012,question,text,38bbba001e5339b75c9b6be3ddad099d960bc5547cfdc9adc11153bc67e2237d,57,135
u01-s004-v012,question,choices[0],8950220c71128e608adf2ab8188bb7974d7031987d7c7784c73aefb40295c745,11,33
u01-s004-v012,question,choices[1],696cebda5548f5a53637af649990256834f1594090e357cb66b0ddb55814797b,11,33
u01-s004-v012,question,choices[2],c5ed8c5cdffe791ac229195c4cc7864c817341f0190c9d65682217c55e68e40e,11,33
u01-s004-v012,question,choices[3],ff2b6411b8436fd07cb500fa62de86c9049114ddf8041a6302b6f7586f3d0b87,11,33
u01-s004-v012,question,explanation,4ec93dc9f3ea4c9183b1f7ef7981d8fc30bcf8b1547e995900716a0efd0cd9fd,39,95
u01-s004-v012,question,steps[0],94fc9104c25a6318fcff320059389d1cce3ea7097f854a1d97402c24a9fa0749,11,33
u01-s004-v012,question,steps[1],b34acf392b274d9f3e5c021e7a3d66fd53d0a3659025108554096dc254f9c4c7,16,26
u01-s004-v012,question,steps[2],40f01bf75b9c74dbdd1213d9ac149700558419220aafff3d592b3948c7ac0358,7,17
u01-s004-v012,question,optionAnalysis[0].choice,8950220c71128e608adf2ab8188bb7974d7031987d7c7784c73aefb40295c745,11,33
u01-s004-v012,question,optionAnalysis[0].reason,1fc4ac8c16aa5f9386fbb064cfba394c1d95518f19ffb537f867830bd39e7951,5,15
u01-s004-v012,question,optionAnalysis[1].choice,696cebda5548f5a53637af649990256834f1594090e357cb66b0ddb55814797b,11,33
u01-s004-v012,question,optionAnalysis[1].reason,065dce8f04d9fbf8e30738acba9eaba5dd8469d6d2a90d58a71cd94c7ab8afe2,10,20
u01-s004-v012,question,optionAnalysis[2].choice,c5ed8c5cdffe791ac229195c4cc7864c817341f0190c9d65682217c55e68e40e,11,33
u01-s004-v012,question,optionAnalysis[2].reason,632de5e7434048fc804cf975ab58c590817cd4c7a0199cd4219534685d0c5ffa,11,21
u01-s004-v012,question,optionAnalysis[3].choice,ff2b6411b8436fd07cb500fa62de86c9049114ddf8041a6302b6f7586f3d0b87,11,33
u01-s004-v012,question,optionAnalysis[3].reason,be009a9b783c49273719d3ce12d7e478aa701eadb8d1495ace81907d45bce0db,20,34
u01-s004-v012,question,commonMistake,25338a68311cdabb052bb4ae641675628b994aa74f2fcd8833fe0b1c620d0487,16,48
u01-s004-v012,question,concept,3bfb7a69c6ef7c7d1c59ba5aa099f165eb051f671cab492ad3099d89d171f728,12,36
u01-s004-v012,question,tags[0],fd41540cbdbecb9b5fa7116d27c68e378548ab62ab7c7ca4494730a81ea87667,3,9
u01-s004-v012,question,tags[1],301c5c6ef6c8ca5551b1288ce45a13b2398dd0d7b730acc6e873c86fc05365d6,6,18
u01-s004-v012,question,tags[2],578756ca4aa16d8872610a5aaa78460fd30fbe93379ff7284fe65d66ca606755,8,8
u01-s004-v012,question,estimatedTimeSec,69f59c273b6e669ac32a6dd5e1b2cb63333d8b004f9696447aee2d422ce63763,2,2
u01-s004-v012,question,prerequisiteSkillIds[0],d4a70ec3bcf253225298fa992ee3b412dd1d434e795e1d5789a615cfe5b0b7b3,28,28
u01-s004-v012,question,authoringIntent,d705e9f7aa3e74e7e04645db7fb83329af9b464e9492f92c86da94eb0a6c5e4e,12,36
u01-s004-v012,question,literacyContextNecessity,20fbd6bfe2b1a9f2d7528874b0f3f628113a8992ed0318e56dd8c3763f382946,19,57
u01-s004-v012,question,reviewStatus,ec809598e2f7fcc69fad54c9cd045bba62b4a0dc7c0ff90d4efdc3788c9ad8fb,22,22
u01-s004-v012,question,contentSha256,0e22dd73a5f8caa9261fccc53cbb24efaab74aed25a49aa9c72297ad5aa0628d,64,64
u01-s004-v012,question,contentAuthority,ed40f75ffe3d6ad4e71f6e7919d063410490de360edb425965eccd605ca9d79e,25,25
u01-s004-cr001,question,questionId,d2e44cdb9e8341e1fe6e7b140e6a3c27f0edb884856edb511548ccc731abda3b,14,14
u01-s004-cr001,question,unitId,2055254ee30aaae13b777732834c89d7f799015d3af13b62fe05aeef8c3e0eaa,3,3
u01-s004-cr001,question,topicId,e7d9d88eb7596ecb66c83bcfd7a554baef7612744a495523f5f8fae90be63bc7,18,18
u01-s004-cr001,question,skillId,dfc588577bba59f53f123dae18fe764e687dbb7072a62c7f31b8309c93e6491e,25,25
u01-s004-cr001,question,difficulty,fe6d3468cf5c74d8ec2a95b40f2e05338c37a4202f8fad692d2b64a9cf9b468a,8,8
u01-s004-cr001,question,type,e519496c259191db041ac61161dbfadb673dd94a10a123ed7423adcf7968ae7c,20,20
u01-s004-cr001,question,visualMode,9c7d54b0bf7a9369d8594201c7b11955514343809d09fbec33966c1fd9794015,9,9
u01-s004-cr001,question,prompt,65bb5ad27a038c02dfcf1aea6d439652729303c52ac54a4abf465441eb43ba4f,40,98
u01-s004-cr001,question,requiredWork[0],76846fc3970aceafcc01d6673e4bd116d19749d4523a7c464c57548733625a99,9,27
u01-s004-cr001,question,requiredWork[1],0b865a17f081a1ffa4a194a1a899babe10ebde41ec28c77c71c332d2b5652e70,21,45
u01-s004-cr001,question,fullCreditSolution[0],0fae41278abf0267c8ce0b6fb3a3cc74dabbd12c9224f726f9dbc7d91f7e8057,14,16
u01-s004-cr001,question,fullCreditSolution[1],99dd31b0c7f99f05fdf09a4cd6217d6e375b1d3c1a5acfb2f95517dacaaff13f,28,78
u01-s004-cr001,question,alternativeSolutions[0],0541e20de3912df48f8e0e81be732c575809c16727d8429a80da8b56cc585488,15,45
u01-s004-cr001,question,rubric[0].criteria,9a2da4aa16dfabb43590e1eba31d4ad9ba836b00d86b1ef49a9d2ce00080d55c,14,42
u01-s004-cr001,question,rubric[1].criteria,b7308abb7fff4368aca5ecf6cc7e6b20421c3602c5a6fda2775814e5ce399d0b,27,81
u01-s004-cr001,question,rubric[2].criteria,fbe589cbf93dd4e4dac2fe9fa54bbe0e2a79c19630566b82309784359dca124c,21,63
u01-s004-cr001,question,rubric[3].criteria,77c13177826f155a758e2d43bc37f18ed290450dbf488fe750de43ca024567fe,12,36
u01-s004-cr001,question,scoringNotes[0],cbffbd7dde62f8f2394556576c53834999fe8c9818987320ef52fa327be776ab,16,48
u01-s004-cr001,question,commonErrors[0],65efb0186c7048088e5b8a2131cfe8a2feee740fd3360f3276a298a40146710e,7,17
u01-s004-cr001,question,commonErrors[1],46dfa4f1883950e5252f9eb095ba71625d79fd958c6fd8925b1744ba9315650d,8,22
u01-s004-cr001,question,commonErrors[2],7f0581f028f1a0de873d8e2075b3f0bf26efdb950062e369fad4f82364537f1b,8,24
u01-s004-cr001,question,independentReview.derivedResult,0fae41278abf0267c8ce0b6fb3a3cc74dabbd12c9224f726f9dbc7d91f7e8057,14,16
u01-s004-cr001,question,independentReview.ambiguity,140bedbf9c3f6d56a9846d2ba7088798683f4da0c248231336e6a05679e4fdfe,4,4
u01-s004-cr001,question,independentReview.decision,d74ff0ee8da3b9806b18c877dbf29bbde50b5bd8e4dad7a3a725000feb82e8f1,4,4
u01-s004-cr001,question,contentSha256,dc96423d2f954d75aa075c1f72209909704733051bd534aa0f510cb456166076,64,64
u01-s004-cr001,question,contentAuthority,ed40f75ffe3d6ad4e71f6e7919d063410490de360edb425965eccd605ca9d79e,25,25
u01-s004-cr002,question,questionId,46595589494a09643d1d180bfca555ec122aa9d512d6cb7e18aa82611bdc73b7,14,14
u01-s004-cr002,question,unitId,2055254ee30aaae13b777732834c89d7f799015d3af13b62fe05aeef8c3e0eaa,3,3
u01-s004-cr002,question,topicId,e7d9d88eb7596ecb66c83bcfd7a554baef7612744a495523f5f8fae90be63bc7,18,18
u01-s004-cr002,question,skillId,dfc588577bba59f53f123dae18fe764e687dbb7072a62c7f31b8309c93e6491e,25,25
u01-s004-cr002,question,difficulty,d21f85ea38166303ce58e06134b5cc4a5c900c409ab2a500ff7c9225109a09bb,8,8
u01-s004-cr002,question,type,e519496c259191db041ac61161dbfadb673dd94a10a123ed7423adcf7968ae7c,20,20
u01-s004-cr002,question,visualMode,9c7d54b0bf7a9369d8594201c7b11955514343809d09fbec33966c1fd9794015,9,9
u01-s004-cr002,question,prompt,93aa69d62628dc3dfd7c0734ef8db939b962d9a42c669fc76bdeeeb42eae8bba,60,142
u01-s004-cr002,question,requiredWork[0],4d231c004fc01395afcf7385f803b008841faa1c5982c45888923c3a621956fd,5,15
u01-s004-cr002,question,requiredWork[1],882279cfd32505f3b23f53f274152a5a71820241f7d65321012f6e2c64609518,12,36
u01-s004-cr002,question,requiredWork[2],31a12c6e26bb3e0f123fb6034d81d8f4f37c9903fff583b7434c4c2871b2a15d,8,24
u01-s004-cr002,question,fullCreditSolution[0],8cc6c9d41f48341da2879463f97defdc8432ccb5e345a73a81159a9a52cbc215,20,36
u01-s004-cr002,question,fullCreditSolution[1],c065c852c57aa6f7e3ec25fd2bbf2a1321086ce3ab40b51a79cc00781bcb3a27,14,30
u01-s004-cr002,question,fullCreditSolution[2],a4c6087a64451366a5a88a4f943f2e4c137bdd6630d8b5649e6a9dea65c1eeff,44,94
u01-s004-cr002,question,alternativeSolutions[0],46d07bb087de534e0c30b5b1d856f3a7d8f21786d9bf704f0d84c8d7a6d0bced,12,36
u01-s004-cr002,question,rubric[0].criteria,eb6ae75421c409c2bad8258fe0ff8f991d25305062449c1db61024936fe863da,19,57
u01-s004-cr002,question,rubric[1].criteria,af954a44290f9c80fc75569f925b1723348ce82b7d3d57c8bc8591a1329492a1,23,69
u01-s004-cr002,question,rubric[2].criteria,67f52ae7b5ef1bf58c7a63892d9ccd98d664913a20c97b842178f35961bfa0a7,18,54
u01-s004-cr002,question,rubric[3].criteria,4c05b7cad3294b9ad9d261cf62fe3cefb8005cd8f1d7be80b92b75d436f3ccc2,18,54
u01-s004-cr002,question,scoringNotes[0],1a163f8d0841e9cadb3ec9bd52b9a8200c0cd74f256bdbe213501e7c6ccbaed4,17,51
u01-s004-cr002,question,commonErrors[0],be97a5764534511c9fb03acf737fefc13232c71a55ea4915d01a5135f54564a6,8,16
u01-s004-cr002,question,commonErrors[1],48a0d2548b3c778fd7feb724f18ff373a13608c7a2bab303ce27088f14535519,7,17
u01-s004-cr002,question,commonErrors[2],9f32c97939000ec20e8cd907c717397e916809647d523f67f20b7eab5d219d93,5,11
u01-s004-cr002,question,independentReview.derivedResult,6c168421be3d199fada856ca0f8918e68191ec8aa99b551def4081371313dd82,24,38
u01-s004-cr002,question,independentReview.ambiguity,140bedbf9c3f6d56a9846d2ba7088798683f4da0c248231336e6a05679e4fdfe,4,4
u01-s004-cr002,question,independentReview.decision,d74ff0ee8da3b9806b18c877dbf29bbde50b5bd8e4dad7a3a725000feb82e8f1,4,4
u01-s004-cr002,question,contentSha256,d8db312964f4e337a4482ee20c53b3c310ed93de58b4ee7ddab42d15df1a6de0,64,64
u01-s004-cr002,question,contentAuthority,ed40f75ffe3d6ad4e71f6e7919d063410490de360edb425965eccd605ca9d79e,25,25
u01-s005-lecture-r1,lecture,lectureId,d72e8549cdba364ba3b22b5b8796a7f9dd2be9b461782ee15520e8fbc9fc3ec2,19,19
u01-s005-lecture-r1,lecture,unitId,2055254ee30aaae13b777732834c89d7f799015d3af13b62fe05aeef8c3e0eaa,3,3
u01-s005-lecture-r1,lecture,topicId,e7d9d88eb7596ecb66c83bcfd7a554baef7612744a495523f5f8fae90be63bc7,18,18
u01-s005-lecture-r1,lecture,skillId,6e10216c8a6fe57deb82baf512d134cc5c24e07eada0d6aa7ca16ffbabdd75b0,23,23
u01-s005-lecture-r1,lecture,title,a6450a715da11615219d2c179f69fb366448f75d50aa2f25a4a12bef82841185,15,41
u01-s005-lecture-r1,lecture,audience,e6b4416fbd9f36797de01256b31a4d6f6314e126fde8495e25792c814f64fc5f,10,30
u01-s005-lecture-r1,lecture,reviewStatus,ec809598e2f7fcc69fad54c9cd045bba62b4a0dc7c0ff90d4efdc3788c9ad8fb,22,22
u01-s005-lecture-r1,lecture,learningOutcomes[0],915d4c2e43ffeb0f54bc184d79a7febc1da046360966f29b94ce1569763b0b72,11,33
u01-s005-lecture-r1,lecture,learningOutcomes[1],39c2b7e327cd0f3d1e9861b1d203c884ff8ff060e8912caed1982e6d498fc9d2,16,48
u01-s005-lecture-r1,lecture,learningOutcomes[2],d86b0ee7a3ab0ee5df086883419fb92ac34007d5a9ae07ccd30663df48feeaf5,13,39
u01-s005-lecture-r1,lecture,learningOutcomes[3],5541794140daa7f8d218a14d5cdcc58f758f2c7b3482abbed0a4a186738127bb,14,36
u01-s005-lecture-r1,lecture,learningOutcomes[4],a6d681ceb6b84f98adfe0f9c4b5a8f1765d075c55cd3ea931ea9cce3e8493ed6,15,35
u01-s005-lecture-r1,lecture,prerequisites[0].skillId,dfc588577bba59f53f123dae18fe764e687dbb7072a62c7f31b8309c93e6491e,25,25
u01-s005-lecture-r1,lecture,prerequisites[0].requiredLevel,8e58c73efc1e956ecc2690af31b227f1969ba18954155b5e8df0f0a1c32edd1d,21,63
u01-s005-lecture-r1,lecture,glossary[0].term,bb6b2051ce330b6743cb589a59dcd50258987df73c3e013280ac25d95f6fda06,3,9
u01-s005-lecture-r1,lecture,glossary[0].definition,16a2b670d154e10aab88ff06520164039d7477d6815595475065e70fd2e468ca,18,48
u01-s005-lecture-r1,lecture,glossary[1].term,24a68637171fa5d44294fc29c5e80be61294dd8bfcbc47178f86c31ac34dfad0,6,18
u01-s005-lecture-r1,lecture,glossary[1].definition,cd08062a0e87511e6d43430632ee5f7fb890f2f45d3f64300c19ddbaee88674f,18,42
u01-s005-lecture-r1,lecture,glossary[2].term,282d95858d3474ca10b056fb1da6f83906fbf4b3c43e5d058d7508ec03cea32a,5,15
u01-s005-lecture-r1,lecture,glossary[2].definition,6a7eae8fbee3f4e42b82e4690e1cce5e183704b2e4a169693f95275af35270f4,18,38
u01-s005-lecture-r1,lecture,glossary[3].term,f75d2716a0aabfe16f811fd8ba00cae99a8bafa9c09acd13e78327e69aeba5bc,4,12
u01-s005-lecture-r1,lecture,glossary[3].definition,5d16a7bdfcf7e58ad79557c6e52ecb14f201dcdd388bea4c02eacfb00cf41035,15,45
u01-s005-lecture-r1,lecture,notation[0].symbol,c274891790345c56cef3b53c026bdc48150948fa60c56306073d6fea7766ad6a,2,2
u01-s005-lecture-r1,lecture,notation[0].meaning,ea5b339c7d24ca6ec06b8a43bcc6280f0f5b6540db9a142c36cda88dc6c7e217,21,39
u01-s005-lecture-r1,lecture,notation[1].symbol,04292fad5bfec193a024d85925a35f3a971306d0107a98f6359c92fd5e08da1f,8,8
u01-s005-lecture-r1,lecture,notation[1].meaning,8cb6cd26d1144aa82b7bdf09642204efe6dfc20878f1b5b5d816afd4713f2c9d,15,41
u01-s005-lecture-r1,lecture,notation[2].symbol,970df643a54b23d508c48aeaf6bc4701c565d2542767cdad62f7c78a0d3082d8,7,7
u01-s005-lecture-r1,lecture,notation[2].meaning,d841f60744d144b9b0ea9841baca39f28ecc5cacb2b3cc2768bc1561b75dadfa,14,42
u01-s005-lecture-r1,lecture,conceptNarrative[0],e64a670328d85ad4f233d0b995134dd2c2997d9b42061f3c6ca6cc804a3c3ff8,39,117
u01-s005-lecture-r1,lecture,conceptNarrative[1],e17d33b93e1601aaeada912391f8f676b963748ae1ac1d8fcf7e7bd5d76c0046,33,81
u01-s005-lecture-r1,lecture,conceptNarrative[2],ef3cb7eb9afbde09be01b59daefa515ab65a43b4a52a6c31f92129d75aff522d,32,82
u01-s005-lecture-r1,lecture,conceptNarrative[3],cf37873809820291d75b11369ceb1321c389e87abc8c9256e8498ca7d79ff72d,49,121
u01-s005-lecture-r1,lecture,formalDefinitions[0].name,bb6b2051ce330b6743cb589a59dcd50258987df73c3e013280ac25d95f6fda06,3,9
u01-s005-lecture-r1,lecture,formalDefinitions[0].statement,47f070974ef1316efe64e0a58591d4d0ecbcf582ecd1e7d79968e02b77055263,18,50
u01-s005-lecture-r1,lecture,formalDefinitions[1].name,a4927aefc79e675143a32d50335cdc42e5cedb88a9ef03f0eb07ba13def48ce9,3,9
u01-s005-lecture-r1,lecture,formalDefinitions[1].statement,c5b70b8712c1736f7a72e1e69b749f9806f9b853022bcc73daa06ac141f3cccc,15,45
u01-s005-lecture-r1,lecture,formalDefinitions[2].name,18f9b7cb5db9952e7ed88e0d116f2961397465f844303ef56b573c549d011451,5,15
u01-s005-lecture-r1,lecture,formalDefinitions[2].statement,b266b8122ecf40796569ef8034a2a9c6db73bf5e60555e98ada3e09fbc444e08,10,22
u01-s005-lecture-r1,lecture,formulas[0].formula,a04f1d2048216eef9c20ba744664266c9847fe80df44ca52b83487a51a78d5d2,9,19
u01-s005-lecture-r1,lecture,formulas[0].conditions[0],97321c9af462196a11e21f278685a8fa3929d4dc4de8393d96795e11079e2cc3,10,22
u01-s005-lecture-r1,lecture,formulas[0].meaning,58ad485fb01bdc4a665f71c9c796b615f17beb73ade438dcab3b2e0a07ecafec,7,21
u01-s005-lecture-r1,lecture,formulas[1].formula,04292fad5bfec193a024d85925a35f3a971306d0107a98f6359c92fd5e08da1f,8,8
u01-s005-lecture-r1,lecture,formulas[1].conditions[0],fcb0d80292effbfe5cb12f6dda3c7587522966a2c6b72397669e5932993e4fb3,9,27
u01-s005-lecture-r1,lecture,formulas[1].meaning,980cdf01e599af66d619a020e7873f561fc38a6fa5b1e46866b0f28d69155e1b,6,18
u01-s005-lecture-r1,lecture,nonApplicableCases[0],e836d103795be76f2038d0648b332315b1f5fc8ba3841baf74c913ceafa67aaa,28,66
u01-s005-lecture-r1,lecture,nonApplicableCases[1],ff0995dd76b3cb82253067ffe44da35ec41f2a617e11f013402b1e4c1452a472,39,89
u01-s005-lecture-r1,lecture,nonApplicableCases[2],78a32f915385e824260d36ea9d12357c6737f90db37248379b19a3fc3ad382f0,29,87
u01-s005-lecture-r1,lecture,nonApplicableCases[3],087c02fec2de4d5dbf9ad368f4354fd8073f7fa618665791c347985e66304296,22,50
u01-s005-lecture-r1,lecture,method[0].instruction,dc5a894ac292230188b90868aa64ab4284481433c17411f60cc35796b3209b67,9,27
u01-s005-lecture-r1,lecture,method[0].check,69ab7f4fc9c8c2e0a9d2f2cd7a7d979eefe6e939a3e9df6e9e141bab97f96046,11,33
u01-s005-lecture-r1,lecture,method[1].instruction,92d202dd46332f29cb2a2f0656ad1115196078b6cf1391ba7ca959bb1a5ef856,8,24
u01-s005-lecture-r1,lecture,method[1].check,4ddd4092e17ab0e365a9db82c04c881f561489f9652afb4435ce96c2c6bd25a1,13,35
u01-s005-lecture-r1,lecture,method[2].instruction,031c88280a9f00b84bb88b3f64c4cf01392124a57c884b6dae9f2d50d96ce9d6,10,30
u01-s005-lecture-r1,lecture,method[2].check,97635406ad69480ab3ac30665280dbfc04823150be3b88bee2886e72f5d7ea46,16,30
u01-s005-lecture-r1,lecture,method[3].instruction,f1c2005bd78a1d6f2f10fb6afbf54cee5a15303b2d36d77c00308777ce4e9e24,9,21
u01-s005-lecture-r1,lecture,method[3].check,5a94186c6e71c9e1ad074e35b7d3ae7e13f14a84bdbb2033cdf781b72c643ff6,12,32
u01-s005-lecture-r1,lecture,workedExamples[0].exampleId,dffe8596427fc50e8f64654a609af134d45552f18bbecef90b31135a9e7acaa0,2,2
u01-s005-lecture-r1,lecture,workedExamples[0].prompt,22019a79a1b4b719802a6fc9de623511066b0718202552520f8291b0324815ae,10,22
u01-s005-lecture-r1,lecture,workedExamples[0].solutionSteps[0],7043ff36c82138d8f551624474646658733588b48bd5b78a751f936ab1b0e085,17,31
u01-s005-lecture-r1,lecture,workedExamples[0].solutionSteps[1],c8917a7545c7e132435c777ec65d142e647067fe34b5736b8a28ca02896b94c8,14,34
u01-s005-lecture-r1,lecture,workedExamples[0].solutionSteps[2],b9c6d2e5bf2d7cedf2db935d0f6792ce1f2c9d2d40627221655a47f7fb9c8350,8,16
u01-s005-lecture-r1,lecture,workedExamples[0].answer,cc8cf8b702b62fece95cd0fd05f88f7d5a8fa23724594a0bf982b2ca529dfbce,4,6
u01-s005-lecture-r1,lecture,workedExamples[1].exampleId,d76354d8457898445bb69e0dc0dc95fb74cc3cf334f8c1859162a16ad0041f8d,2,2
u01-s005-lecture-r1,lecture,workedExamples[1].prompt,bfd2ec69d4a85f9032446aa0a60f58f23a288dc454cd2301a94e9b09366727a8,10,22
u01-s005-lecture-r1,lecture,workedExamples[1].solutionSteps[0],6db6095bae9cedf63a8ba962108cd9dbdb548cb29a29d687acde77746a2b3427,16,30
u01-s005-lecture-r1,lecture,workedExamples[1].solutionSteps[1],a1fe98d3750d98f4ced7747321501e5df53220c7a8247b2b2541668c0e580ed1,11,27
u01-s005-lecture-r1,lecture,workedExamples[1].solutionSteps[2],4b9cc25ad9b45f3b91af220de181598bdbf817d7e5788c6bf4fe509486284bb4,6,14
u01-s005-lecture-r1,lecture,workedExamples[1].answer,009a1e86ba17bbcc0311ce8ae55cc46c44fa3a50a4761bdcc6326a47b2b9ce01,2,4
u01-s005-lecture-r1,lecture,workedExamples[2].exampleId,842983de8fb1d277a3fad5c8295c7a14317c458718a10c5a35b23e7f992a5c80,2,2
u01-s005-lecture-r1,lecture,workedExamples[2].prompt,80247417bc4b56bfda7a51a6c3bdbcf43841452b96c21632c2b0c15118a54507,10,16
u01-s005-lecture-r1,lecture,workedExamples[2].solutionSteps[0],60df90d06fc17aecc5e1d2b612b63aede83047cc179b602a71188a467820afb0,9,19
u01-s005-lecture-r1,lecture,workedExamples[2].solutionSteps[1],fe987a81d2e1bcaa779ebb33a529db63276ec897baf832a9deaa2fbfaccf9ca7,12,36
u01-s005-lecture-r1,lecture,workedExamples[2].solutionSteps[2],5b00b608d949b86f43039ac16af1149c7394731cd4ee55924f2657646966cd65,13,25
u01-s005-lecture-r1,lecture,workedExamples[2].answer,dacfe28f11f13a41526fdd8db619a7a052c7353b2b5614ecc2c143e3eaa3956d,3,5
u01-s005-lecture-r1,lecture,workedExamples[3].exampleId,4a5a97c6433c4c062457e9335709d57493e75527809d8a9586c141e591ac9f2c,2,2
u01-s005-lecture-r1,lecture,workedExamples[3].prompt,b36440291a3f90c0cf912f7371c02e4ef260b8b24fb7bfb550fd5b25b18b9376,20,42
u01-s005-lecture-r1,lecture,workedExamples[3].solutionSteps[0],b5a63dbcd3c741c4944817cd2adab8e457e09d180e6287e47bc69aec628ede75,11,29
u01-s005-lecture-r1,lecture,workedExamples[3].solutionSteps[1],d9cedb8281990b74c3d4d5637e289211eefe81f06ef933366714e67818e96c75,9,11
u01-s005-lecture-r1,lecture,workedExamples[3].solutionSteps[2],1d1dcd3239fcfc5a0940f423ee40988e837975f756b55dded6f8f8ae20659986,4,6
u01-s005-lecture-r1,lecture,workedExamples[3].answer,dd9223353a20e05b6b7b9461ead69f6642b57632ed018ac5168fca18e9d2ef1f,2,4
u01-s005-lecture-r1,lecture,commonMistakes[0].mistake,27bc27d85e4b2066ece6ee6eb4f91626cd78d044be096b5d3f242a454a2f5553,15,31
u01-s005-lecture-r1,lecture,commonMistakes[0].why,d983d0609ff3b724366ba8851da535ce19f72e029a18af8e76bb23422d32a805,9,27
u01-s005-lecture-r1,lecture,commonMistakes[0].correction,9db13133f84bb12ed457115950c521376b6705ca3d3889ba1d27662566de076a,8,18
u01-s005-lecture-r1,lecture,commonMistakes[1].mistake,781a71d90c3a5b07bbf7b1468a18eec1b59d475b2e8fefaeb5d2ef158b30ff24,15,31
u01-s005-lecture-r1,lecture,commonMistakes[1].why,329b8b974311b4251a49ff254417bc6515e0bcfb64bf50307daed35f712dada4,11,33
u01-s005-lecture-r1,lecture,commonMistakes[1].correction,2ede606e65e6e926ff79f08f55673ea7831ab77cc95317465d35fdac7bdb7db0,9,23
u01-s005-lecture-r1,lecture,commonMistakes[2].mistake,0155eb28f1e01ff824d11fdc515c9ad41467c3357df2200828af93699b528d16,11,27
u01-s005-lecture-r1,lecture,commonMistakes[2].why,c39e1a0a691d5613430576425e977a7f9a08b67598ba35a9480e95e1c05814c3,8,24
u01-s005-lecture-r1,lecture,commonMistakes[2].correction,d42aa9e8dc3814784631c468a551ca1309f5dae2789cdb9d850422437afddfd2,19,37
u01-s005-lecture-r1,lecture,commonMistakes[3].mistake,8ffa732aa3a150ff11097b633b37925a8651e928b83da91477a87edaa875d370,14,22
u01-s005-lecture-r1,lecture,commonMistakes[3].why,77f93566b0fa9aaeb28ffd200f2c817bc559970f98b8c1eb2b0a7dc9d4a7e80e,7,21
u01-s005-lecture-r1,lecture,commonMistakes[3].correction,6c425b9180f862e98d57c6cc486157a9a31d1c3a39b60b7251f5ec70a6d8bc67,12,32
u01-s005-lecture-r1,lecture,commonMistakes[4].mistake,c412acbf2a017b3a45fe7c61e35a5f0f4973b5a6538c2b07e70a974db0ea4238,13,39
u01-s005-lecture-r1,lecture,commonMistakes[4].why,fca622fa93a6c7cac301b1bad18da8581d3261c695a3581adae57dd91be4804c,10,30
u01-s005-lecture-r1,lecture,commonMistakes[4].correction,1f4f3008cc4bc6eb9e76459bce65fc0946ff23887df2f5e06a6b596b1e605535,23,57
u01-s005-lecture-r1,lecture,commonMistakes[5].mistake,9f94d3075ee3820b594710e20d8414fa3140a487df1696b7468dd6126227e7c7,13,33
u01-s005-lecture-r1,lecture,commonMistakes[5].why,1df695ccf0b2449d7f173c00cf5ac66c5a462a94af6dbb25c3e5f9d5e7697752,8,24
u01-s005-lecture-r1,lecture,commonMistakes[5].correction,e26fc0dbf862d995d5938b2f999524718466adad768bdc2edd915e52d74ff5cb,12,30
u01-s005-lecture-r1,lecture,selfCheck[0],929e10732f88148d9725581995f09bf5f39bb97b2bd7db9ee10287cba3e2d74a,11,29
u01-s005-lecture-r1,lecture,selfCheck[1],bd4f47ba94a4f4705a70aa9e25a0c016609a042a1b5e6dfa2e31b16fd1e002e5,13,39
u01-s005-lecture-r1,lecture,selfCheck[2],a84f96ceac10cc2c4df6cd91d57e4489eb036a992f342c657d3a20b2ba794b8d,11,33
u01-s005-lecture-r1,lecture,selfCheck[3],ed8cbce74572f4c048409e4b756a8793c8905da32c3528a3e1994110b1057337,14,36
u01-s005-lecture-r1,lecture,summary[0],f867a732467d892fbb2a26284f273c5b3952193b210f709cbafd76b0e089a423,11,23
u01-s005-lecture-r1,lecture,summary[1],ad1cc99ac215793eeb6301721c86103097e4feac1cb9486d70a5a7aed3fe7b26,15,39
u01-s005-lecture-r1,lecture,summary[2],41f69303aba48ac32b4457257c7131b46d116c18ffc7d9d8bdf78a0a6faf3fd1,13,35
u01-s005-lecture-r1,lecture,summary[3],4a18c6e7693d14813222b40b634918fa4db5e71255e7b86dfc7ad1ca307d845b,11,25
u01-s005-lecture-r1,lecture,connections.previous,a4c7f63b2a00ab519881fd496734ddbfee434c1ef9a2bfc5279620d0681af121,17,51
u01-s005-lecture-r1,lecture,connections.next[0],5a03c46ac24af0e4670f8ef5befaf830af813a26dab8775bb708699a2cef8133,19,51
u01-s005-lecture-r1,lecture,connections.next[1],20e7bb5d3b7f7931ad134a5a6df08cc8ecf8dccd45d157144a37a3d8173c18ab,18,50
u01-s005-lecture-r1,lecture,connections.next[2],47e2af68fbadbf815d86d21c523826fad5dbd499d86676fb190201301a401d25,17,51
u01-s005-lecture-r1,lecture,practiceLinks.mcQuestionIds[0],796c796c701a5009834fc3f6795c60208a29299292a3ba27e17bc6a7cad6cead,13,13
u01-s005-lecture-r1,lecture,practiceLinks.mcQuestionIds[1],78a27d9a877fb336b687dc37aad0313d1425e693b329e27da158b9fb20b60b3e,13,13
u01-s005-lecture-r1,lecture,practiceLinks.mcQuestionIds[2],80453413b05179f4f306701b930a4aa9d6c4e51ab5fb1fc895c89c7074a17ce1,13,13
u01-s005-lecture-r1,lecture,practiceLinks.mcQuestionIds[3],887dcabbddf97ff2f9a013c24df820642a18cb4a6e662db12002fd47ff157406,13,13
u01-s005-lecture-r1,lecture,practiceLinks.mcQuestionIds[4],68ddad54406b62e313e5319e35ff665223f6f95b4c14f2cd31da82542c714623,13,13
u01-s005-lecture-r1,lecture,practiceLinks.mcQuestionIds[5],60ccd2a8edff0c5837cb7935648b911cb204fc2e9c42debcaaafeb5cf9cf33ed,13,13
u01-s005-lecture-r1,lecture,practiceLinks.mcQuestionIds[6],4b1ada5c821c0fc30a44459b27984c551fd45a53202b23d02a59439cef5f6129,13,13
u01-s005-lecture-r1,lecture,practiceLinks.mcQuestionIds[7],9c29d444e48b22d61e8a3f2a90dbfd45f6558817e6ffe9ea39f6d3a33ea1d793,13,13
u01-s005-lecture-r1,lecture,practiceLinks.mcQuestionIds[8],84fa73fd973a8d799328b014f6a3351f0a738e98c12bafa38014c2193084dd76,13,13
u01-s005-lecture-r1,lecture,practiceLinks.mcQuestionIds[9],48cfda4af12e28270912ab8243a23a3af973c20f5bb14deca5838deec399ba25,13,13
u01-s005-lecture-r1,lecture,practiceLinks.mcQuestionIds[10],5e1d33ecabac2954fb71f0c04830bb49c390646ff4da6f732e28af3f433e6c96,13,13
u01-s005-lecture-r1,lecture,practiceLinks.mcQuestionIds[11],3d5f32a59f81553b86ed2764577745b64e30ee24f7519d11ee61b7b8f2d8a133,13,13
u01-s005-lecture-r1,lecture,practiceLinks.constructedResponseIds[0],29ffef732b782229ca3e10623c120abaf9a462decfcc508e1d3cb38f9a6ba37e,14,14
u01-s005-lecture-r1,lecture,practiceLinks.constructedResponseIds[1],5d52779aa367f691f595ab8e6ba309426fb2738ed7572f0b7adf27c31100bcaf,14,14
u01-s005-lecture-r1,lecture,lectureReview.mathematicalCorrectness,d74ff0ee8da3b9806b18c877dbf29bbde50b5bd8e4dad7a3a725000feb82e8f1,4,4
u01-s005-lecture-r1,lecture,lectureReview.zeroFoundationReadability,d74ff0ee8da3b9806b18c877dbf29bbde50b5bd8e4dad7a3a725000feb82e8f1,4,4
u01-s005-lecture-r1,lecture,lectureReview.scopeCheck,fdf8268f0373301b2fcc6331f1d8999b8aabea69681e8bc972ab9a21216a7606,21,21
u01-s005-lecture-r1,lecture,lectureReview.reviewNote,751e2dbe7ca9e11ca4980a8267fc7178d1719ea7196ae6d77e612483d8b125e8,48,130
u01-s005-lecture-r1,lecture,lectureReview.reviewVersion,7ccbed064d3016b5353f553d3edb33b6627126acb00be43b039a8cbab00d7d69,25,25
u01-s005-lecture-r1,lecture,lectureReview.reviewedAt,14158d45727526145ef514139eeb669eb54d613dbcffe524f099dbb71c9d8b08,10,10
u01-s005-lecture-r1,lecture,contentSha256,d6a306b94c7bbda84b9038c98a2777157c2adc00ba4582de06d79e3e7e118cc7,64,64
u01-s005-lecture-r1,lecture,contentAuthority,ed40f75ffe3d6ad4e71f6e7919d063410490de360edb425965eccd605ca9d79e,25,25
u01-s005-v001,question,questionId,796c796c701a5009834fc3f6795c60208a29299292a3ba27e17bc6a7cad6cead,13,13
u01-s005-v001,question,unitId,2055254ee30aaae13b777732834c89d7f799015d3af13b62fe05aeef8c3e0eaa,3,3
u01-s005-v001,question,topicId,e7d9d88eb7596ecb66c83bcfd7a554baef7612744a495523f5f8fae90be63bc7,18,18
u01-s005-v001,question,skillId,6e10216c8a6fe57deb82baf512d134cc5c24e07eada0d6aa7ca16ffbabdd75b0,23,23
u01-s005-v001,question,difficulty,fbb7b5bf4ca348eeeebf8cc3660712859a5a1fbf18e83217a57ce203fb51d5c2,5,5
u01-s005-v001,question,type,6bc0f9c4ecb0acbebf1b9f6c816bdd66f4885f67c917d9e141cf893014fba936,2,2
u01-s005-v001,question,visualMode,9c7d54b0bf7a9369d8594201c7b11955514343809d09fbec33966c1fd9794015,9,9
u01-s005-v001,question,sourceScope,a4b669ddb8ef1883391c07a7b633f12eeaeecee7ec37c09eea4931aff6644346,19,19
u01-s005-v001,question,text,de18a9409b3643a316304e129044c728d06dc2b0ed9b6922f5f834d0f5d27fc6,10,26
u01-s005-v001,question,choices[0],a770d3270c9dcdedf12ed9fd70444f7c8a95c26cae3cae9bd867499090a2f14b,2,2
u01-s005-v001,question,choices[1],7902699be42c8a8e46fbbb4501726517e86b22c56a189f7625a6da49081b2451,1,1
u01-s005-v001,question,choices[2],2da190e578ddcfcde27e772094a620aacca6b6b5f26f3ce58a42640b4363b509,3,3
u01-s005-v001,question,choices[3],5feceb66ffc86f38d952786c6d696c79c2dbc239dd4e91b46729d73a27fb57e9,1,1
u01-s005-v001,question,explanation,c1613058eba0bf02efcd1e301141c97f641c5353f6f0e824cb48dc47a511979c,26,62
u01-s005-v001,question,steps[0],c1a44172515eac9154127147392b42839a77b4545750ae6f5848ca5820a91bcc,6,16
u01-s005-v001,question,steps[1],20e49533c48dc4d5152b5b799eb0f3c97a11bf4989f915b127959e5ccd15c299,10,28
u01-s005-v001,question,steps[2],4e216eadb52906bbd39e636501d3647d96935404dc919af642df31c1ad65db96,5,11
u01-s005-v001,question,optionAnalysis[0].choice,a770d3270c9dcdedf12ed9fd70444f7c8a95c26cae3cae9bd867499090a2f14b,2,2
u01-s005-v001,question,optionAnalysis[0].reason,d478e73ea5459dcff27681553fa1511536968de9394d85e116425d69a2f53c23,9,11
u01-s005-v001,question,optionAnalysis[1].choice,7902699be42c8a8e46fbbb4501726517e86b22c56a189f7625a6da49081b2451,1,1
u01-s005-v001,question,optionAnalysis[1].reason,3f06ad2e5ac4d8590ced49a9e692201b80b420c270001ff2b7a2d3e4df23f771,6,18
u01-s005-v001,question,optionAnalysis[2].choice,2da190e578ddcfcde27e772094a620aacca6b6b5f26f3ce58a42640b4363b509,3,3
u01-s005-v001,question,optionAnalysis[2].reason,ed14a56f23db9189cd88e0c186c7c6a9b062564836458527079070c432aefe7a,4,12
u01-s005-v001,question,optionAnalysis[3].choice,5feceb66ffc86f38d952786c6d696c79c2dbc239dd4e91b46729d73a27fb57e9,1,1
u01-s005-v001,question,optionAnalysis[3].reason,8398d2329098a141e6541d82d5e5eb0a0a38efd9000ee326da37c6289c3f3d42,8,20
u01-s005-v001,question,commonMistake,742351da1c98c245a25858b378bc61dca48ef73c4f93c7ac5543af4c94d26e18,13,33
u01-s005-v001,question,concept,927598dcfcf74d22082acab3b821a99436e1fb1924dac089b5caf070f6504a1b,9,21
u01-s005-v001,question,tags[0],fd41540cbdbecb9b5fa7116d27c68e378548ab62ab7c7ca4494730a81ea87667,3,9
u01-s005-v001,question,tags[1],bb6b2051ce330b6743cb589a59dcd50258987df73c3e013280ac25d95f6fda06,3,9
u01-s005-v001,question,tags[2],fbb7b5bf4ca348eeeebf8cc3660712859a5a1fbf18e83217a57ce203fb51d5c2,5,5
u01-s005-v001,question,estimatedTimeSec,39fa9ec190eee7b6f4dff1100d6343e10918d044c75eac8f9e9a2596173f80c9,2,2
u01-s005-v001,question,prerequisiteSkillIds[0],dfc588577bba59f53f123dae18fe764e687dbb7072a62c7f31b8309c93e6491e,25,25
u01-s005-v001,question,authoringIntent,74bcff1555bc7d0f45e3fa78da49ec040fb851f23d91a97b4e51bb99073a5afd,9,27
u01-s005-v001,question,reviewStatus,ec809598e2f7fcc69fad54c9cd045bba62b4a0dc7c0ff90d4efdc3788c9ad8fb,22,22
u01-s005-v001,question,contentSha256,b32334546f7b860d682cacf67aaf8c30d3bb04b8da7434f306450e3458d0a25b,64,64
u01-s005-v001,question,contentAuthority,ed40f75ffe3d6ad4e71f6e7919d063410490de360edb425965eccd605ca9d79e,25,25
u01-s005-v002,question,questionId,78a27d9a877fb336b687dc37aad0313d1425e693b329e27da158b9fb20b60b3e,13,13
u01-s005-v002,question,unitId,2055254ee30aaae13b777732834c89d7f799015d3af13b62fe05aeef8c3e0eaa,3,3
u01-s005-v002,question,topicId,e7d9d88eb7596ecb66c83bcfd7a554baef7612744a495523f5f8fae90be63bc7,18,18
u01-s005-v002,question,skillId,6e10216c8a6fe57deb82baf512d134cc5c24e07eada0d6aa7ca16ffbabdd75b0,23,23
u01-s005-v002,question,difficulty,fbb7b5bf4ca348eeeebf8cc3660712859a5a1fbf18e83217a57ce203fb51d5c2,5,5
u01-s005-v002,question,type,6bc0f9c4ecb0acbebf1b9f6c816bdd66f4885f67c917d9e141cf893014fba936,2,2
u01-s005-v002,question,visualMode,9c7d54b0bf7a9369d8594201c7b11955514343809d09fbec33966c1fd9794015,9,9
u01-s005-v002,question,sourceScope,a4b669ddb8ef1883391c07a7b633f12eeaeecee7ec37c09eea4931aff6644346,19,19
u01-s005-v002,question,text,b1dfcfb7e891e76fb13c00d3303bf54454aa778ef6a0fe4c2ea4912b5423df70,12,28
u01-s005-v002,question,choices[0],7ed00270e394c3e190d18a977f5d0e1ed889bdc03a637e8fe35f00946841b0bf,3,3
u01-s005-v002,question,choices[1],6b51d431df5d7f141cbececcf79edf3dd861c3b4069f0b11661a3eefacbba918,2,2
u01-s005-v002,question,choices[2],47ba35745effadff9e578cbc46df1652bbf082998fb90393de64b5c1f5bd1fa6,4,4
u01-s005-v002,question,choices[3],5feceb66ffc86f38d952786c6d696c79c2dbc239dd4e91b46729d73a27fb57e9,1,1
u01-s005-v002,question,explanation,97568021a1e7908da3a47c0d37a2a21948baf1fce43885bdfbdef98a6dba62f2,28,56
u01-s005-v002,question,steps[0],7d23bcb511005d579be0a46f5aa222c7c62c8a59c04bd3add1ee5e79a3412107,7,15
u01-s005-v002,question,steps[1],a24cd4d3e4603de41ad4e1d87b722f0de4bdce87ef5640a36868da47c169d185,6,18
u01-s005-v002,question,steps[2],8b831a84be126af0c324f3594bbaf1793b8f1eb82b9a5660444bee33101866dc,5,11
u01-s005-v002,question,optionAnalysis[0].choice,7ed00270e394c3e190d18a977f5d0e1ed889bdc03a637e8fe35f00946841b0bf,3,3
u01-s005-v002,question,optionAnalysis[0].reason,8ec8b504da35accce39e3089c20df9528172010f44a800f50d794cf5674623b9,5,15
u01-s005-v002,question,optionAnalysis[1].choice,6b51d431df5d7f141cbececcf79edf3dd861c3b4069f0b11661a3eefacbba918,2,2
u01-s005-v002,question,optionAnalysis[1].reason,159a269cb1064cdf19b1dc17d45e7351ebeb4264dd98bd814da600a32c365474,9,11
u01-s005-v002,question,optionAnalysis[2].choice,47ba35745effadff9e578cbc46df1652bbf082998fb90393de64b5c1f5bd1fa6,4,4
u01-s005-v002,question,optionAnalysis[2].reason,4afa17120a3300051760fe61c1d0ee5db7c4a166eab8ef4220853fcc7d8dde9b,5,15
u01-s005-v002,question,optionAnalysis[3].choice,5feceb66ffc86f38d952786c6d696c79c2dbc239dd4e91b46729d73a27fb57e9,1,1
u01-s005-v002,question,optionAnalysis[3].reason,577429fe401c40b43967d7529ff34e4b805cd43dedabaeb6e1203812fb65aa30,5,15
u01-s005-v002,question,commonMistake,329b8b974311b4251a49ff254417bc6515e0bcfb64bf50307daed35f712dada4,11,33
u01-s005-v002,question,concept,f98bf81c036af3ecc044741219b477471f991c586e056509eca717580d117996,12,36
u01-s005-v002,question,tags[0],fd41540cbdbecb9b5fa7116d27c68e378548ab62ab7c7ca4494730a81ea87667,3,9
u01-s005-v002,question,tags[1],bb6b2051ce330b6743cb589a59dcd50258987df73c3e013280ac25d95f6fda06,3,9
u01-s005-v002,question,tags[2],fbb7b5bf4ca348eeeebf8cc3660712859a5a1fbf18e83217a57ce203fb51d5c2,5,5
u01-s005-v002,question,estimatedTimeSec,39fa9ec190eee7b6f4dff1100d6343e10918d044c75eac8f9e9a2596173f80c9,2,2
u01-s005-v002,question,prerequisiteSkillIds[0],dfc588577bba59f53f123dae18fe764e687dbb7072a62c7f31b8309c93e6491e,25,25
u01-s005-v002,question,authoringIntent,0813b2a7c7a59b1fae4ab789fc9f4cd73fe2cbc7cc5636db5b7ef34e27c1401d,9,27
u01-s005-v002,question,reviewStatus,ec809598e2f7fcc69fad54c9cd045bba62b4a0dc7c0ff90d4efdc3788c9ad8fb,22,22
u01-s005-v002,question,contentSha256,e3c73db1c93d285ac7d26a0210af5cd20bedc4f3c8acf832b15e18d7ea87fcf0,64,64
u01-s005-v002,question,contentAuthority,ed40f75ffe3d6ad4e71f6e7919d063410490de360edb425965eccd605ca9d79e,25,25
u01-s005-v003,question,questionId,80453413b05179f4f306701b930a4aa9d6c4e51ab5fb1fc895c89c7074a17ce1,13,13
u01-s005-v003,question,unitId,2055254ee30aaae13b777732834c89d7f799015d3af13b62fe05aeef8c3e0eaa,3,3
u01-s005-v003,question,topicId,e7d9d88eb7596ecb66c83bcfd7a554baef7612744a495523f5f8fae90be63bc7,18,18
u01-s005-v003,question,skillId,6e10216c8a6fe57deb82baf512d134cc5c24e07eada0d6aa7ca16ffbabdd75b0,23,23
u01-s005-v003,question,difficulty,fbb7b5bf4ca348eeeebf8cc3660712859a5a1fbf18e83217a57ce203fb51d5c2,5,5
u01-s005-v003,question,type,6bc0f9c4ecb0acbebf1b9f6c816bdd66f4885f67c917d9e141cf893014fba936,2,2
u01-s005-v003,question,visualMode,9c7d54b0bf7a9369d8594201c7b11955514343809d09fbec33966c1fd9794015,9,9
u01-s005-v003,question,sourceScope,a4b669ddb8ef1883391c07a7b633f12eeaeecee7ec37c09eea4931aff6644346,19,19
u01-s005-v003,question,text,8ed87aace258101ea046a746e641f32ce7011f76510bfed90116a29f7a96bbbb,10,26
u01-s005-v003,question,choices[0],4e51b67dd32c7e2d8ec22b938de1db7b5b2fb6288bc87ffbef36431d3d75c86a,3,9
u01-s005-v003,question,choices[1],6b86b273ff34fce19d6b804eff5a3f5747ada4eaa22f1d49c01e52ddb7875b4b,1,1
u01-s005-v003,question,choices[2],5feceb66ffc86f38d952786c6d696c79c2dbc239dd4e91b46729d73a27fb57e9,1,1
u01-s005-v003,question,choices[3],1bad6b8cf97131fceab8543e81f7757195fbb1d36b376ee994ad1cf17699c464,2,2
u01-s005-v003,question,explanation,e53a2f127fd7423913e2f238ea9fcb31ce23996c7b3c811d392edd7e8c8e2d54,25,57
u01-s005-v003,question,steps[0],c1d024dc792009b1be7406e62990c58adec261836917b8eda6adf727e7d09ffc,11,31
u01-s005-v003,question,steps[1],f879bd8e8b747355b71aba0de39e5dc1d7d85be1ace3313a8007c506e3afbb13,6,8
u01-s005-v003,question,steps[2],3a20cb788983142298f03cefe822b26bab12de8695521f792d83dd6e8ac7b504,5,13
u01-s005-v003,question,optionAnalysis[0].choice,4e51b67dd32c7e2d8ec22b938de1db7b5b2fb6288bc87ffbef36431d3d75c86a,3,9
u01-s005-v003,question,optionAnalysis[0].reason,7d6a72d6a16f8f49752e7b62f2693b76477ed4f5229cf79bc731dbad015e72ee,9,27
u01-s005-v003,question,optionAnalysis[1].choice,6b86b273ff34fce19d6b804eff5a3f5747ada4eaa22f1d49c01e52ddb7875b4b,1,1
u01-s005-v003,question,optionAnalysis[1].reason,4df9b056b158b932bc661f6ec77db9da12a432c9ce7f03fca9754941e2fb3fef,7,13
u01-s005-v003,question,optionAnalysis[2].choice,5feceb66ffc86f38d952786c6d696c79c2dbc239dd4e91b46729d73a27fb57e9,1,1
u01-s005-v003,question,optionAnalysis[2].reason,e7c67661d0bdfc86dcc57259e39ec0bd70fcf015be59d1c71db656ce16570d65,9,15
u01-s005-v003,question,optionAnalysis[3].choice,1bad6b8cf97131fceab8543e81f7757195fbb1d36b376ee994ad1cf17699c464,2,2
u01-s005-v003,question,optionAnalysis[3].reason,cdaf8cb76f7c5918ea1f0ddd4a213a08c61d0cc11ebb03db955651d2fb4f7a4c,10,16
u01-s005-v003,question,commonMistake,aa9a738e346ad13496dd0e08461bddcf929ca5317ae1846637830e97ca801bc4,22,64
u01-s005-v003,question,concept,6ec071344b8dd0cc518c0625cb4410d1d3c2ecced261a1575ef696341e394301,9,25
u01-s005-v003,question,tags[0],fd41540cbdbecb9b5fa7116d27c68e378548ab62ab7c7ca4494730a81ea87667,3,9
u01-s005-v003,question,tags[1],bb6b2051ce330b6743cb589a59dcd50258987df73c3e013280ac25d95f6fda06,3,9
u01-s005-v003,question,tags[2],fbb7b5bf4ca348eeeebf8cc3660712859a5a1fbf18e83217a57ce203fb51d5c2,5,5
u01-s005-v003,question,estimatedTimeSec,39fa9ec190eee7b6f4dff1100d6343e10918d044c75eac8f9e9a2596173f80c9,2,2
u01-s005-v003,question,prerequisiteSkillIds[0],dfc588577bba59f53f123dae18fe764e687dbb7072a62c7f31b8309c93e6491e,25,25
u01-s005-v003,question,authoringIntent,d0bfd529777015b8314965eeb289940779b076dea2ce7809466260b6790718b7,11,33
u01-s005-v003,question,reviewStatus,ec809598e2f7fcc69fad54c9cd045bba62b4a0dc7c0ff90d4efdc3788c9ad8fb,22,22
u01-s005-v003,question,contentSha256,5cd899ce9ceecb850ad79f8a5e32ef0f4547440d00219d81c9a9d842e3986d7a,64,64
u01-s005-v003,question,contentAuthority,ed40f75ffe3d6ad4e71f6e7919d063410490de360edb425965eccd605ca9d79e,25,25
u01-s005-v004,question,questionId,887dcabbddf97ff2f9a013c24df820642a18cb4a6e662db12002fd47ff157406,13,13
u01-s005-v004,question,unitId,2055254ee30aaae13b777732834c89d7f799015d3af13b62fe05aeef8c3e0eaa,3,3
u01-s005-v004,question,topicId,e7d9d88eb7596ecb66c83bcfd7a554baef7612744a495523f5f8fae90be63bc7,18,18
u01-s005-v004,question,skillId,6e10216c8a6fe57deb82baf512d134cc5c24e07eada0d6aa7ca16ffbabdd75b0,23,23
u01-s005-v004,question,difficulty,fe6d3468cf5c74d8ec2a95b40f2e05338c37a4202f8fad692d2b64a9cf9b468a,8,8
u01-s005-v004,question,type,6bc0f9c4ecb0acbebf1b9f6c816bdd66f4885f67c917d9e141cf893014fba936,2,2
u01-s005-v004,question,visualMode,9c7d54b0bf7a9369d8594201c7b11955514343809d09fbec33966c1fd9794015,9,9
u01-s005-v004,question,sourceScope,a4b669ddb8ef1883391c07a7b633f12eeaeecee7ec37c09eea4931aff6644346,19,19
u01-s005-v004,question,text,68531f78ff0a7065753f167670e92079f3d68d0b290477682ef45c9caee1cb16,15,31
u01-s005-v004,question,choices[0],80843f62e074cdde6622f9e68f409d489c44e0ae3fc59493c90df79705611947,3,3
u01-s005-v004,question,choices[1],e91592205d3881e3ea35d66973bb4898d7282126ab5afcb355c95d2fc17f3822,2,2
u01-s005-v004,question,choices[2],5feceb66ffc86f38d952786c6d696c79c2dbc239dd4e91b46729d73a27fb57e9,1,1
u01-s005-v004,question,choices[3],2c624232cdd221771294dfbb310aca000a0df6ac8b66b696d90ef06fdefb64a3,1,1
u01-s005-v004,question,explanation,9243db245b88df5dfb1a174088979c6d2317416f9412736f257a92dc5dab26e8,24,60
u01-s005-v004,question,steps[0],a57ccf4107a5d3e8914ba55893cf27bd19fd39c83eaa4d4aa323d85d5f88ec64,7,17
u01-s005-v004,question,steps[1],3b8c9dc3c89a6ce0f480315dfd2876dd4f555957be251063fd021efe236da8d5,7,21
u01-s005-v004,question,steps[2],b9f1ba36116f8af2c3f4d3715c179a5f36d477acc695099539f19f004f927cd8,4,10
u01-s005-v004,question,optionAnalysis[0].choice,80843f62e074cdde6622f9e68f409d489c44e0ae3fc59493c90df79705611947,3,3
u01-s005-v004,question,optionAnalysis[0].reason,4e4490b269f8fcd2caa8fb9b061cfab9f97ea8a2cfe13ef2a01f7acb1dd7a693,6,18
u01-s005-v004,question,optionAnalysis[1].choice,e91592205d3881e3ea35d66973bb4898d7282126ab5afcb355c95d2fc17f3822,2,2
u01-s005-v004,question,optionAnalysis[1].reason,77f93566b0fa9aaeb28ffd200f2c817bc559970f98b8c1eb2b0a7dc9d4a7e80e,7,21
u01-s005-v004,question,optionAnalysis[2].choice,5feceb66ffc86f38d952786c6d696c79c2dbc239dd4e91b46729d73a27fb57e9,1,1
u01-s005-v004,question,optionAnalysis[2].reason,570baed19efa4161367c2afa0a16882bd5d77256afb651b3efd67e486bee552b,9,25
u01-s005-v004,question,optionAnalysis[3].choice,2c624232cdd221771294dfbb310aca000a0df6ac8b66b696d90ef06fdefb64a3,1,1
u01-s005-v004,question,optionAnalysis[3].reason,49c8850f979411335f7127c5b06b2fba5e39fab9eb5ec814c283e5fa76b26a9b,9,21
u01-s005-v004,question,commonMistake,471e77b2be2cfb18ee9961c801230176de45350a7fc3c79c9decf474c7f31c9c,15,43
u01-s005-v004,question,concept,aa7b6f26b592576e5cc16e2dd07f84b758e2d185c486d21bf584ddcbeafeb0a6,13,39
u01-s005-v004,question,tags[0],fd41540cbdbecb9b5fa7116d27c68e378548ab62ab7c7ca4494730a81ea87667,3,9
u01-s005-v004,question,tags[1],bb6b2051ce330b6743cb589a59dcd50258987df73c3e013280ac25d95f6fda06,3,9
u01-s005-v004,question,tags[2],fe6d3468cf5c74d8ec2a95b40f2e05338c37a4202f8fad692d2b64a9cf9b468a,8,8
u01-s005-v004,question,estimatedTimeSec,39fa9ec190eee7b6f4dff1100d6343e10918d044c75eac8f9e9a2596173f80c9,2,2
u01-s005-v004,question,prerequisiteSkillIds[0],dfc588577bba59f53f123dae18fe764e687dbb7072a62c7f31b8309c93e6491e,25,25
u01-s005-v004,question,authoringIntent,4d2e3656fa2dbe9920fddeb790969871ee8e377bfd3e9047a9f17e28f849dcce,10,30
u01-s005-v004,question,reviewStatus,ec809598e2f7fcc69fad54c9cd045bba62b4a0dc7c0ff90d4efdc3788c9ad8fb,22,22
u01-s005-v004,question,contentSha256,13e442bd9b904d26c2e85e3c65a4b610248d378f903be83232295e8c2a8e0c2c,64,64
u01-s005-v004,question,contentAuthority,ed40f75ffe3d6ad4e71f6e7919d063410490de360edb425965eccd605ca9d79e,25,25
u01-s005-v005,question,questionId,68ddad54406b62e313e5319e35ff665223f6f95b4c14f2cd31da82542c714623,13,13
u01-s005-v005,question,unitId,2055254ee30aaae13b777732834c89d7f799015d3af13b62fe05aeef8c3e0eaa,3,3
u01-s005-v005,question,topicId,e7d9d88eb7596ecb66c83bcfd7a554baef7612744a495523f5f8fae90be63bc7,18,18
u01-s005-v005,question,skillId,6e10216c8a6fe57deb82baf512d134cc5c24e07eada0d6aa7ca16ffbabdd75b0,23,23
u01-s005-v005,question,difficulty,fe6d3468cf5c74d8ec2a95b40f2e05338c37a4202f8fad692d2b64a9cf9b468a,8,8
u01-s005-v005,question,type,6bc0f9c4ecb0acbebf1b9f6c816bdd66f4885f67c917d9e141cf893014fba936,2,2
u01-s005-v005,question,visualMode,9c7d54b0bf7a9369d8594201c7b11955514343809d09fbec33966c1fd9794015,9,9
u01-s005-v005,question,sourceScope,a4b669ddb8ef1883391c07a7b633f12eeaeecee7ec37c09eea4931aff6644346,19,19
u01-s005-v005,question,text,6731d5a743b547b468f0f07212858d15ba878ebd754b84c8149b2d41d9854495,12,36
u01-s005-v005,question,choices[0],74438f8bee6ad151af596d6c09ee63491d7c9c765ec6733bae1110ab667ac016,8,10
u01-s005-v005,question,choices[1],c3a5d672c0bed6245b67e0fd44db1fa479e918787d5409ee87ab2ab038a384ed,8,10
u01-s005-v005,question,choices[2],9e8a6ac95c652a14e97701c5fb9578d9dbb75647dabf4571f84c70b2c7f77e15,5,7
u01-s005-v005,question,choices[3],80b45355d3f9c969d95f6a839cfacdf7dcb8a0b139b0e06d8ff27a243a384bc0,5,7
u01-s005-v005,question,explanation,e169f352754347dbc77f26a0e2efc7a87cfda1539e240c6215365a8073a8cf9c,27,61
u01-s005-v005,question,steps[0],d86eff53c650929f11ad4b0da042c3e5f344c9381a343ce5fc44581157ad1897,5,15
u01-s005-v005,question,steps[1],8d0ccca0f9bd44ee2c7997252245fcae3b0adab90b806aec1388ec0a53609ced,9,25
u01-s005-v005,question,steps[2],22a564947ed3c37be896b065c6829307e0ab658e29bda2d466bd96d2f05a52e6,5,15
u01-s005-v005,question,optionAnalysis[0].choice,74438f8bee6ad151af596d6c09ee63491d7c9c765ec6733bae1110ab667ac016,8,10
u01-s005-v005,question,optionAnalysis[0].reason,99f64d40030072a5fd57d38a66605556fa72da20d5aeed85321e5fbe9b1bce66,23,47
u01-s005-v005,question,optionAnalysis[1].choice,c3a5d672c0bed6245b67e0fd44db1fa479e918787d5409ee87ab2ab038a384ed,8,10
u01-s005-v005,question,optionAnalysis[1].reason,6ecd543879eb638ecee656bdd409c3acadc79ccbab5a7e2ce89115c206f8d4ee,9,27
u01-s005-v005,question,optionAnalysis[2].choice,9e8a6ac95c652a14e97701c5fb9578d9dbb75647dabf4571f84c70b2c7f77e15,5,7
u01-s005-v005,question,optionAnalysis[2].reason,342a00788145c4661ed7506588d8ea84bd42e8ae87b103b2c22c64838c3cd1f6,4,10
u01-s005-v005,question,optionAnalysis[3].choice,80b45355d3f9c969d95f6a839cfacdf7dcb8a0b139b0e06d8ff27a243a384bc0,5,7
u01-s005-v005,question,optionAnalysis[3].reason,38c02072a0957d547a3595dd672db503fc63eae10399c086cefa5b8081b422c9,5,11
u01-s005-v005,question,commonMistake,cdd5ff346c879952da7452093aae9e5bf19d2981199cba963e3090855da29181,20,44
u01-s005-v005,question,concept,ea3aa10eab3a58040fc09e7b9d0d93ca0d7f009b41b5664a27f3816c261b59e8,12,34
u01-s005-v005,question,tags[0],fd41540cbdbecb9b5fa7116d27c68e378548ab62ab7c7ca4494730a81ea87667,3,9
u01-s005-v005,question,tags[1],bb6b2051ce330b6743cb589a59dcd50258987df73c3e013280ac25d95f6fda06,3,9
u01-s005-v005,question,tags[2],fe6d3468cf5c74d8ec2a95b40f2e05338c37a4202f8fad692d2b64a9cf9b468a,8,8
u01-s005-v005,question,estimatedTimeSec,39fa9ec190eee7b6f4dff1100d6343e10918d044c75eac8f9e9a2596173f80c9,2,2
u01-s005-v005,question,prerequisiteSkillIds[0],dfc588577bba59f53f123dae18fe764e687dbb7072a62c7f31b8309c93e6491e,25,25
u01-s005-v005,question,authoringIntent,4bce4249f382a56f06d72ab97d4e2f39d44351295214831cfe6518bb0e1074f0,9,25
u01-s005-v005,question,reviewStatus,ec809598e2f7fcc69fad54c9cd045bba62b4a0dc7c0ff90d4efdc3788c9ad8fb,22,22
u01-s005-v005,question,contentSha256,37be0dc951e99894748dc4c13ea9d67732bca495e20b81e8b7ecbb4d4f029e4e,64,64
u01-s005-v005,question,contentAuthority,ed40f75ffe3d6ad4e71f6e7919d063410490de360edb425965eccd605ca9d79e,25,25
u01-s005-v006,question,questionId,60ccd2a8edff0c5837cb7935648b911cb204fc2e9c42debcaaafeb5cf9cf33ed,13,13
u01-s005-v006,question,unitId,2055254ee30aaae13b777732834c89d7f799015d3af13b62fe05aeef8c3e0eaa,3,3
u01-s005-v006,question,topicId,e7d9d88eb7596ecb66c83bcfd7a554baef7612744a495523f5f8fae90be63bc7,18,18
u01-s005-v006,question,skillId,6e10216c8a6fe57deb82baf512d134cc5c24e07eada0d6aa7ca16ffbabdd75b0,23,23
u01-s005-v006,question,difficulty,fe6d3468cf5c74d8ec2a95b40f2e05338c37a4202f8fad692d2b64a9cf9b468a,8,8
u01-s005-v006,question,type,6bc0f9c4ecb0acbebf1b9f6c816bdd66f4885f67c917d9e141cf893014fba936,2,2
u01-s005-v006,question,visualMode,9c7d54b0bf7a9369d8594201c7b11955514343809d09fbec33966c1fd9794015,9,9
u01-s005-v006,question,sourceScope,a4b669ddb8ef1883391c07a7b633f12eeaeecee7ec37c09eea4931aff6644346,19,19
u01-s005-v006,question,text,cf1fdb417203f0873d09a17497966492f4a8a4f01e95d904788c7384a42b420d,22,48
u01-s005-v006,question,choices[0],37aa1ccf80e481832b2db282d4d4f895ee1e31219b7d0f6aee8dc8968828341b,2,2
u01-s005-v006,question,choices[1],ef2d127de37b942baad06145e54b0c619a1f22327b2ebbcfbec78f5564afe39d,1,1
u01-s005-v006,question,choices[2],5feceb66ffc86f38d952786c6d696c79c2dbc239dd4e91b46729d73a27fb57e9,1,1
u01-s005-v006,question,choices[3],4a44dc15364204a80fe80e9039455cc1608281820fe2b24f1e5233ade6af1dd5,2,2
u01-s005-v006,question,explanation,ed96f6d210b61840d6ee24b419fed6db8763b3575c67ec6f2bfbdeb5e9ac6c36,20,36
u01-s005-v006,question,steps[0],bb4cc1af6ed05361e113b30717efbd3b70736ae0e957829024abc29c0cd71ab0,10,14
u01-s005-v006,question,steps[1],6cd2f08d9b00bc3c16b9ec4abd3fa6cffe965fded99b5d76e9a8ba30cc273e77,4,6
u01-s005-v006,question,steps[2],6c96bbd7ee0c5d22b363190ebeb3734e384c6ee8b4157ba567b71a69647c9e3b,10,24
u01-s005-v006,question,optionAnalysis[0].choice,37aa1ccf80e481832b2db282d4d4f895ee1e31219b7d0f6aee8dc8968828341b,2,2
u01-s005-v006,question,optionAnalysis[0].reason,ace5cb9436131d60aca060d0eddb2e57e9e4750f516f1ec1ec96762537590cdb,11,29
u01-s005-v006,question,optionAnalysis[1].choice,ef2d127de37b942baad06145e54b0c619a1f22327b2ebbcfbec78f5564afe39d,1,1
u01-s005-v006,question,optionAnalysis[1].reason,92d2f0893c442d6f47021e7f5b6cb1476fd2f0f34c660321de78b7056c464355,12,20
u01-s005-v006,question,optionAnalysis[2].choice,5feceb66ffc86f38d952786c6d696c79c2dbc239dd4e91b46729d73a27fb57e9,1,1
u01-s005-v006,question,optionAnalysis[2].reason,94f7efc30e330412bf4857f75de84816408d94253bab7eed8e0c9d66d59f6385,11,27
u01-s005-v006,question,optionAnalysis[3].choice,4a44dc15364204a80fe80e9039455cc1608281820fe2b24f1e5233ade6af1dd5,2,2
u01-s005-v006,question,optionAnalysis[3].reason,fb09f2f51d3813e3c309db10529ff4a1e9112d2b4a564efcdcf4efec8a8d1fa5,10,20
u01-s005-v006,question,commonMistake,524a1b1ba39f6e3c301a9316638efe30125789a3fc885862c167f3f070e0fa74,15,33
u01-s005-v006,question,concept,e1f26f4eb0e6832ce7e25c0a5394f79722e8d1ddce5cd3b2cd6bcefe790955dc,16,42
u01-s005-v006,question,tags[0],fd41540cbdbecb9b5fa7116d27c68e378548ab62ab7c7ca4494730a81ea87667,3,9
u01-s005-v006,question,tags[1],bb6b2051ce330b6743cb589a59dcd50258987df73c3e013280ac25d95f6fda06,3,9
u01-s005-v006,question,tags[2],fe6d3468cf5c74d8ec2a95b40f2e05338c37a4202f8fad692d2b64a9cf9b468a,8,8
u01-s005-v006,question,estimatedTimeSec,39fa9ec190eee7b6f4dff1100d6343e10918d044c75eac8f9e9a2596173f80c9,2,2
u01-s005-v006,question,prerequisiteSkillIds[0],dfc588577bba59f53f123dae18fe764e687dbb7072a62c7f31b8309c93e6491e,25,25
u01-s005-v006,question,authoringIntent,f092f9b2927d39359f12e9b9b07ad7eea3a58f0f089a8a32926de5f5e2205090,9,27
u01-s005-v006,question,reviewStatus,ec809598e2f7fcc69fad54c9cd045bba62b4a0dc7c0ff90d4efdc3788c9ad8fb,22,22
u01-s005-v006,question,contentSha256,ec2fdf82f3c2f54174a1d105fa72689389dcc7e551a0e3cd810bc546d87aa50a,64,64
u01-s005-v006,question,contentAuthority,ed40f75ffe3d6ad4e71f6e7919d063410490de360edb425965eccd605ca9d79e,25,25
u01-s005-v007,question,questionId,4b1ada5c821c0fc30a44459b27984c551fd45a53202b23d02a59439cef5f6129,13,13
u01-s005-v007,question,unitId,2055254ee30aaae13b777732834c89d7f799015d3af13b62fe05aeef8c3e0eaa,3,3
u01-s005-v007,question,topicId,e7d9d88eb7596ecb66c83bcfd7a554baef7612744a495523f5f8fae90be63bc7,18,18
u01-s005-v007,question,skillId,6e10216c8a6fe57deb82baf512d134cc5c24e07eada0d6aa7ca16ffbabdd75b0,23,23
u01-s005-v007,question,difficulty,d21f85ea38166303ce58e06134b5cc4a5c900c409ab2a500ff7c9225109a09bb,8,8
u01-s005-v007,question,type,6bc0f9c4ecb0acbebf1b9f6c816bdd66f4885f67c917d9e141cf893014fba936,2,2
u01-s005-v007,question,visualMode,9c7d54b0bf7a9369d8594201c7b11955514343809d09fbec33966c1fd9794015,9,9
u01-s005-v007,question,sourceScope,a4b669ddb8ef1883391c07a7b633f12eeaeecee7ec37c09eea4931aff6644346,19,19
u01-s005-v007,question,text,77d6e5df0b40967fbfa639a717e050f07e31f0c71b450c204f6daaf508f0ee5a,28,54
u01-s005-v007,question,choices[0],19581e27de7ced00ff1ce50b2047e7a567c76b1cbaebabe5ef03f7c3017bb5b7,1,1
u01-s005-v007,question,choices[1],4e07408562bedb8b60ce05c1decfe3ad16b72230967de01f640b7e4729b49fce,1,1
u01-s005-v007,question,choices[2],615bdd17c2556f82f384392ea8557f8cc88b03501c759e23093ab0b2a9b5cd48,2,2
u01-s005-v007,question,choices[3],d5c534fde62beb89c745a59952c8efed8b7523cbd047e682782e4367de9ea3bf,2,2
u01-s005-v007,question,explanation,fc9d7abc86b01cf30bbe83ab578678d465c3398cb932fb277c8ee303ccde96ac,28,36
u01-s005-v007,question,steps[0],49624cc1ac05b3177408cda086c083d765d1d040e3414d486d046ca91b5fa3a3,6,12
u01-s005-v007,question,steps[1],025ebb62b775cea4a03ca4c6fe900e853205995b776cdda7d8fea96f9972b63c,10,16
u01-s005-v007,question,steps[2],ed3cef621d90ea9dc289ba1dedaf46f7652f68533be59d5595a19a78ed360ae3,5,11
u01-s005-v007,question,optionAnalysis[0].choice,19581e27de7ced00ff1ce50b2047e7a567c76b1cbaebabe5ef03f7c3017bb5b7,1,1
u01-s005-v007,question,optionAnalysis[0].reason,75c8c6d57a34c1c7a20c0ef894a35a0f805a985e46c74983e1fa7dfbbe8f3fc5,7,15
u01-s005-v007,question,optionAnalysis[1].choice,4e07408562bedb8b60ce05c1decfe3ad16b72230967de01f640b7e4729b49fce,1,1
u01-s005-v007,question,optionAnalysis[1].reason,0665e53e67de15bc37823522661fdffb60e12588f59b6be202a56138a5001060,4,10
u01-s005-v007,question,optionAnalysis[2].choice,615bdd17c2556f82f384392ea8557f8cc88b03501c759e23093ab0b2a9b5cd48,2,2
u01-s005-v007,question,optionAnalysis[2].reason,a6a790738366f33b90242055a5debc9ecda1e8810d0cb65549cdb9cf79bf12ac,17,21
u01-s005-v007,question,optionAnalysis[3].choice,d5c534fde62beb89c745a59952c8efed8b7523cbd047e682782e4367de9ea3bf,2,2
u01-s005-v007,question,optionAnalysis[3].reason,ad86e1d189b502d8ec8fca134760aed54a965e1e21e73cda080a02776f555e81,10,30
u01-s005-v007,question,commonMistake,d42cd6777922dc4175e12dcc20c09a8adf4351fcbcd73739bd3a74968ad90bea,19,37
u01-s005-v007,question,concept,6a60243f0d1343e6f64587591cb24ca846816ad8ce05b22eb10fab054b1f6359,19,57
u01-s005-v007,question,tags[0],fd41540cbdbecb9b5fa7116d27c68e378548ab62ab7c7ca4494730a81ea87667,3,9
u01-s005-v007,question,tags[1],bb6b2051ce330b6743cb589a59dcd50258987df73c3e013280ac25d95f6fda06,3,9
u01-s005-v007,question,tags[2],d21f85ea38166303ce58e06134b5cc4a5c900c409ab2a500ff7c9225109a09bb,8,8
u01-s005-v007,question,estimatedTimeSec,39fa9ec190eee7b6f4dff1100d6343e10918d044c75eac8f9e9a2596173f80c9,2,2
u01-s005-v007,question,prerequisiteSkillIds[0],dfc588577bba59f53f123dae18fe764e687dbb7072a62c7f31b8309c93e6491e,25,25
u01-s005-v007,question,authoringIntent,ff85dd338d65ecdf1fe04ffe2d43a0a25b99aefd4fa1c3a327d298a59c1e8096,11,33
u01-s005-v007,question,reviewStatus,ec809598e2f7fcc69fad54c9cd045bba62b4a0dc7c0ff90d4efdc3788c9ad8fb,22,22
u01-s005-v007,question,contentSha256,baadffcf7e3855fb021de081a52a0801ea9c8eb9c8ae460809893e4c14c4089c,64,64
u01-s005-v007,question,contentAuthority,ed40f75ffe3d6ad4e71f6e7919d063410490de360edb425965eccd605ca9d79e,25,25
u01-s005-v008,question,questionId,9c29d444e48b22d61e8a3f2a90dbfd45f6558817e6ffe9ea39f6d3a33ea1d793,13,13
u01-s005-v008,question,unitId,2055254ee30aaae13b777732834c89d7f799015d3af13b62fe05aeef8c3e0eaa,3,3
u01-s005-v008,question,topicId,e7d9d88eb7596ecb66c83bcfd7a554baef7612744a495523f5f8fae90be63bc7,18,18
u01-s005-v008,question,skillId,6e10216c8a6fe57deb82baf512d134cc5c24e07eada0d6aa7ca16ffbabdd75b0,23,23
u01-s005-v008,question,difficulty,d21f85ea38166303ce58e06134b5cc4a5c900c409ab2a500ff7c9225109a09bb,8,8
u01-s005-v008,question,type,6bc0f9c4ecb0acbebf1b9f6c816bdd66f4885f67c917d9e141cf893014fba936,2,2
u01-s005-v008,question,visualMode,9c7d54b0bf7a9369d8594201c7b11955514343809d09fbec33966c1fd9794015,9,9
u01-s005-v008,question,sourceScope,a4b669ddb8ef1883391c07a7b633f12eeaeecee7ec37c09eea4931aff6644346,19,19
u01-s005-v008,question,text,cf8bf5b55c8c62cec1461088ab5f821caaa35d1a54192bb4c5b28169ff92ebc5,29,75
u01-s005-v008,question,choices[0],6b51d431df5d7f141cbececcf79edf3dd861c3b4069f0b11661a3eefacbba918,2,2
u01-s005-v008,question,choices[1],e7f6c011776e8db7cd330b54174fd76f7d0216b612387a5ffcfb81e6f0919683,1,1
u01-s005-v008,question,choices[2],5feceb66ffc86f38d952786c6d696c79c2dbc239dd4e91b46729d73a27fb57e9,1,1
u01-s005-v008,question,choices[3],03b26944890929ff751653acb2f2af795cee38f937f379f52ed654a68ce91216,2,2
u01-s005-v008,question,explanation,b2767ed5be7d786337e39012895637bdf475c045dbeba2b46b6554dacd0dcbe8,19,33
u01-s005-v008,question,steps[0],46c34d036e6ac34a87948b8eb09d3f775e837cb75035e43ca0c4f86dde237cb0,13,33
u01-s005-v008,question,steps[1],b9e9b95774e3e7aaf1d07d43d2a0d9be0b41355708b156256b2ecf59d191eccb,10,28
u01-s005-v008,question,steps[2],84a682f18ab28eaeae041c1cd050d67f03212533d139b130f85471344bfb5356,5,11
u01-s005-v008,question,optionAnalysis[0].choice,6b51d431df5d7f141cbececcf79edf3dd861c3b4069f0b11661a3eefacbba918,2,2
u01-s005-v008,question,optionAnalysis[0].reason,d1c35207937a69ef9806e124dfedc73b1f0c8f7b5960a9c9ce9a8e6c97eeff78,7,21
u01-s005-v008,question,optionAnalysis[1].choice,e7f6c011776e8db7cd330b54174fd76f7d0216b612387a5ffcfb81e6f0919683,1,1
u01-s005-v008,question,optionAnalysis[1].reason,e0bb7b267ff9751a83b5db9521f6284ea2ae3b22dab7dca5f7efe505f88183e9,7,21
u01-s005-v008,question,optionAnalysis[2].choice,5feceb66ffc86f38d952786c6d696c79c2dbc239dd4e91b46729d73a27fb57e9,1,1
u01-s005-v008,question,optionAnalysis[2].reason,a2f147259c1b7b2926f87f2d302830bdf115d77869762e3a7af9d92f74ae0048,9,25
u01-s005-v008,question,optionAnalysis[3].choice,03b26944890929ff751653acb2f2af795cee38f937f379f52ed654a68ce91216,2,2
u01-s005-v008,question,optionAnalysis[3].reason,77ee9328d85fe2784ee2919f5d0179f6590dba83fc507c5668076a9fac5bd01a,13,33
u01-s005-v008,question,commonMistake,88be0fabd0fb77da3edf8313bbdcf1ac8f80631da6b1d7324b8b634b37386437,30,72
u01-s005-v008,question,concept,36381c5b3e09e9ca8ec0e1b37e4cc22d35c9f051359209b4eb3c23e66bd099b0,12,36
u01-s005-v008,question,tags[0],fd41540cbdbecb9b5fa7116d27c68e378548ab62ab7c7ca4494730a81ea87667,3,9
u01-s005-v008,question,tags[1],bb6b2051ce330b6743cb589a59dcd50258987df73c3e013280ac25d95f6fda06,3,9
u01-s005-v008,question,tags[2],d21f85ea38166303ce58e06134b5cc4a5c900c409ab2a500ff7c9225109a09bb,8,8
u01-s005-v008,question,estimatedTimeSec,39fa9ec190eee7b6f4dff1100d6343e10918d044c75eac8f9e9a2596173f80c9,2,2
u01-s005-v008,question,prerequisiteSkillIds[0],dfc588577bba59f53f123dae18fe764e687dbb7072a62c7f31b8309c93e6491e,25,25
u01-s005-v008,question,authoringIntent,1368334b4a57cfbb9dd44181268a02ec89b3877fea9df6d0eb04e2011ff765f9,11,33
u01-s005-v008,question,reviewStatus,ec809598e2f7fcc69fad54c9cd045bba62b4a0dc7c0ff90d4efdc3788c9ad8fb,22,22
u01-s005-v008,question,contentSha256,02a381c14a33c336bb04a857006f64f6ddeaa87f99ccf060720b2270417224cb,64,64
u01-s005-v008,question,contentAuthority,ed40f75ffe3d6ad4e71f6e7919d063410490de360edb425965eccd605ca9d79e,25,25
u01-s005-v009,question,questionId,84fa73fd973a8d799328b014f6a3351f0a738e98c12bafa38014c2193084dd76,13,13
u01-s005-v009,question,unitId,2055254ee30aaae13b777732834c89d7f799015d3af13b62fe05aeef8c3e0eaa,3,3
u01-s005-v009,question,topicId,e7d9d88eb7596ecb66c83bcfd7a554baef7612744a495523f5f8fae90be63bc7,18,18
u01-s005-v009,question,skillId,6e10216c8a6fe57deb82baf512d134cc5c24e07eada0d6aa7ca16ffbabdd75b0,23,23
u01-s005-v009,question,difficulty,d21f85ea38166303ce58e06134b5cc4a5c900c409ab2a500ff7c9225109a09bb,8,8
u01-s005-v009,question,type,6bc0f9c4ecb0acbebf1b9f6c816bdd66f4885f67c917d9e141cf893014fba936,2,2
u01-s005-v009,question,visualMode,9c7d54b0bf7a9369d8594201c7b11955514343809d09fbec33966c1fd9794015,9,9
u01-s005-v009,question,sourceScope,a4b669ddb8ef1883391c07a7b633f12eeaeecee7ec37c09eea4931aff6644346,19,19
u01-s005-v009,question,text,34a1a7525ee447c07286f5f5c786d4948d9d728138230f99b112a89ee25c5951,36,82
u01-s005-v009,question,choices[0],19581e27de7ced00ff1ce50b2047e7a567c76b1cbaebabe5ef03f7c3017bb5b7,1,1
u01-s005-v009,question,choices[1],d5c534fde62beb89c745a59952c8efed8b7523cbd047e682782e4367de9ea3bf,2,2
u01-s005-v009,question,choices[2],5feceb66ffc86f38d952786c6d696c79c2dbc239dd4e91b46729d73a27fb57e9,1,1
u01-s005-v009,question,choices[3],4ec9599fc203d176a301536c2e091a19bc852759b255bd6818810a42c5fed14a,2,2
u01-s005-v009,question,explanation,8b5250d31a7be4c382e500868cb4d52aac7f3318e957a6597b502f9a0f7335be,26,68
u01-s005-v009,question,steps[0],cd8d1482c59eb556c86219212ec7351d57fabc3de54dc40a5da359892c025d36,8,24
u01-s005-v009,question,steps[1],a30d3d73379c7f2bae57ce20d57ead7fc9aaccf6301a533a7b5c4c6ce016ed67,11,29
u01-s005-v009,question,steps[2],4432aba171108c1ffdbbb6d3c21d073d25b305d894a9a53074f8fc75966ac764,12,30
u01-s005-v009,question,optionAnalysis[0].choice,19581e27de7ced00ff1ce50b2047e7a567c76b1cbaebabe5ef03f7c3017bb5b7,1,1
u01-s005-v009,question,optionAnalysis[0].reason,38dbc8cd0039f521dd64883f26845429d3e73dbb102d47d4d66522dbd20cc45d,10,12
u01-s005-v009,question,optionAnalysis[1].choice,d5c534fde62beb89c745a59952c8efed8b7523cbd047e682782e4367de9ea3bf,2,2
u01-s005-v009,question,optionAnalysis[1].reason,fdbe09a58b877c5c60fe1ebc65c1fa970c5afaedb1adb9ec71e3004e79038a47,5,15
u01-s005-v009,question,optionAnalysis[2].choice,5feceb66ffc86f38d952786c6d696c79c2dbc239dd4e91b46729d73a27fb57e9,1,1
u01-s005-v009,question,optionAnalysis[2].reason,56abb3d8bb3503988bd4b66de93c32fbe7d3d44bccb7d8c4e64c459399c2cb8a,9,27
u01-s005-v009,question,optionAnalysis[3].choice,4ec9599fc203d176a301536c2e091a19bc852759b255bd6818810a42c5fed14a,2,2
u01-s005-v009,question,optionAnalysis[3].reason,7f6684cddb57a2b337db79562e520d0b59e94bb2fe12ae958547dc652f4df9da,6,18
u01-s005-v009,question,commonMistake,e99a3dbdbcff4a992ef857fb52b5642e0a0e043fcf2392f9f7faa169e977d691,18,40
u01-s005-v009,question,concept,cebe30c3fcaaf561f2c471b4dd356243638166cb2f6e4df89748f2855e4261af,17,51
u01-s005-v009,question,tags[0],fd41540cbdbecb9b5fa7116d27c68e378548ab62ab7c7ca4494730a81ea87667,3,9
u01-s005-v009,question,tags[1],bb6b2051ce330b6743cb589a59dcd50258987df73c3e013280ac25d95f6fda06,3,9
u01-s005-v009,question,tags[2],d21f85ea38166303ce58e06134b5cc4a5c900c409ab2a500ff7c9225109a09bb,8,8
u01-s005-v009,question,estimatedTimeSec,39fa9ec190eee7b6f4dff1100d6343e10918d044c75eac8f9e9a2596173f80c9,2,2
u01-s005-v009,question,prerequisiteSkillIds[0],dfc588577bba59f53f123dae18fe764e687dbb7072a62c7f31b8309c93e6491e,25,25
u01-s005-v009,question,authoringIntent,6f6c715c7fed0de18a3f02eb3bd5bca4ac558c1983d029e0092565842681012c,11,33
u01-s005-v009,question,reviewStatus,ec809598e2f7fcc69fad54c9cd045bba62b4a0dc7c0ff90d4efdc3788c9ad8fb,22,22
u01-s005-v009,question,contentSha256,d0f1ac6c7c41d0ad94f406733ae2acf9b0463d8f043de3bec6b3a02389b46e1a,64,64
u01-s005-v009,question,contentAuthority,ed40f75ffe3d6ad4e71f6e7919d063410490de360edb425965eccd605ca9d79e,25,25
u01-s005-v010,question,questionId,48cfda4af12e28270912ab8243a23a3af973c20f5bb14deca5838deec399ba25,13,13
u01-s005-v010,question,unitId,2055254ee30aaae13b777732834c89d7f799015d3af13b62fe05aeef8c3e0eaa,3,3
u01-s005-v010,question,topicId,e7d9d88eb7596ecb66c83bcfd7a554baef7612744a495523f5f8fae90be63bc7,18,18
u01-s005-v010,question,skillId,6e10216c8a6fe57deb82baf512d134cc5c24e07eada0d6aa7ca16ffbabdd75b0,23,23
u01-s005-v010,question,difficulty,578756ca4aa16d8872610a5aaa78460fd30fbe93379ff7284fe65d66ca606755,8,8
u01-s005-v010,question,type,6bc0f9c4ecb0acbebf1b9f6c816bdd66f4885f67c917d9e141cf893014fba936,2,2
u01-s005-v010,question,visualMode,9c7d54b0bf7a9369d8594201c7b11955514343809d09fbec33966c1fd9794015,9,9
u01-s005-v010,question,sourceScope,a4b669ddb8ef1883391c07a7b633f12eeaeecee7ec37c09eea4931aff6644346,19,19
u01-s005-v010,question,text,f42953e25d89c05094d95b8cb27c8fc34411daa1af48fcfc02b4fe529596d603,51,137
u01-s005-v010,question,choices[0],8b755e206f72bb15beb7c28a885e78850c6521ea48951b8065c8212f2108ab93,6,8
u01-s005-v010,question,choices[1],714336169eb84ad63f44d407b21a738977127103689a54513d992027355e89a0,6,8
u01-s005-v010,question,choices[2],0aaec12a215b67947beea9d58df6ee5781991f293434d6784d28051643efd1dd,3,5
u01-s005-v010,question,choices[3],a143064a1d354879dc95c8fb82a3a1220eccb3c8a8d5436221d4d55474ba1211,6,8
u01-s005-v010,question,explanation,072a85bea8bd81f4dcb5ed08dd5dbf137332f8802db80de6f5f2e04aa417c720,38,92
u01-s005-v010,question,steps[0],ef84dbb395cffb64ea8282e323ac012b90dffbc72f2cab02a2726c660b394f90,10,22
u01-s005-v010,question,steps[1],9fa461270e7eff89662e706a56b032435356fc0e126f0f929c2e0598b07d3fdd,9,25
u01-s005-v010,question,steps[2],d6076222c2b10a2b541d41e14a9523e3d0a6354019358b4a950134d3c2a878a3,8,16
u01-s005-v010,question,optionAnalysis[0].choice,8b755e206f72bb15beb7c28a885e78850c6521ea48951b8065c8212f2108ab93,6,8
u01-s005-v010,question,optionAnalysis[0].reason,7368fd5756e6f0f23ea1bd5c15acf33c4f3b578b2c6564204d02c8d144038c99,7,21
u01-s005-v010,question,optionAnalysis[1].choice,714336169eb84ad63f44d407b21a738977127103689a54513d992027355e89a0,6,8
u01-s005-v010,question,optionAnalysis[1].reason,da6a3fd12383596b3b69a7ba539c2bf657f06758e2c43cd420caa5df6609956b,5,15
u01-s005-v010,question,optionAnalysis[2].choice,0aaec12a215b67947beea9d58df6ee5781991f293434d6784d28051643efd1dd,3,5
u01-s005-v010,question,optionAnalysis[2].reason,9178edefe9a2678225b6bfd25d748c06a3cbb5311308ad0f6aa214817e2557d6,8,24
u01-s005-v010,question,optionAnalysis[3].choice,a143064a1d354879dc95c8fb82a3a1220eccb3c8a8d5436221d4d55474ba1211,6,8
u01-s005-v010,question,optionAnalysis[3].reason,0603f35f7ae051e08547ec0bd42ee5ad3a8842a5e3db7907009fe5dd2207160e,8,24
u01-s005-v010,question,commonMistake,d81e36c680b7b51852b09acb6f9ef057f50c8b57a6a289acbec344fccee68b95,22,56
u01-s005-v010,question,concept,cfd9ca685dabf05d09ff72ad357401ceabcf9f18d091a9b85c382ebbc44b3bf0,14,42
u01-s005-v010,question,tags[0],fd41540cbdbecb9b5fa7116d27c68e378548ab62ab7c7ca4494730a81ea87667,3,9
u01-s005-v010,question,tags[1],bb6b2051ce330b6743cb589a59dcd50258987df73c3e013280ac25d95f6fda06,3,9
u01-s005-v010,question,tags[2],578756ca4aa16d8872610a5aaa78460fd30fbe93379ff7284fe65d66ca606755,8,8
u01-s005-v010,question,estimatedTimeSec,48449a14a4ff7d79bb7a1b6f3d488eba397c36ef25634c111b49baf362511afc,2,2
u01-s005-v010,question,prerequisiteSkillIds[0],dfc588577bba59f53f123dae18fe764e687dbb7072a62c7f31b8309c93e6491e,25,25
u01-s005-v010,question,authoringIntent,098b4cfd2ca333ba6f055f62b316fde19da751a5ce2e0e6ccc0ad3e2c6c1ece9,14,42
u01-s005-v010,question,literacyContextNecessity,343e326c8a891a5b3de3c3c14e094fb6f73ea9fb319c7e9bf1f1179bc24070bd,27,81
u01-s005-v010,question,reviewStatus,ec809598e2f7fcc69fad54c9cd045bba62b4a0dc7c0ff90d4efdc3788c9ad8fb,22,22
u01-s005-v010,question,contentSha256,6eaa88e48e904c44c3d954369b8513c530288df2c93ee547eb4eb0a0cf6b1e96,64,64
u01-s005-v010,question,contentAuthority,ed40f75ffe3d6ad4e71f6e7919d063410490de360edb425965eccd605ca9d79e,25,25
u01-s005-v011,question,questionId,5e1d33ecabac2954fb71f0c04830bb49c390646ff4da6f732e28af3f433e6c96,13,13
u01-s005-v011,question,unitId,2055254ee30aaae13b777732834c89d7f799015d3af13b62fe05aeef8c3e0eaa,3,3
u01-s005-v011,question,topicId,e7d9d88eb7596ecb66c83bcfd7a554baef7612744a495523f5f8fae90be63bc7,18,18
u01-s005-v011,question,skillId,6e10216c8a6fe57deb82baf512d134cc5c24e07eada0d6aa7ca16ffbabdd75b0,23,23
u01-s005-v011,question,difficulty,578756ca4aa16d8872610a5aaa78460fd30fbe93379ff7284fe65d66ca606755,8,8
u01-s005-v011,question,type,6bc0f9c4ecb0acbebf1b9f6c816bdd66f4885f67c917d9e141cf893014fba936,2,2
u01-s005-v011,question,visualMode,9c7d54b0bf7a9369d8594201c7b11955514343809d09fbec33966c1fd9794015,9,9
u01-s005-v011,question,sourceScope,a4b669ddb8ef1883391c07a7b633f12eeaeecee7ec37c09eea4931aff6644346,19,19
u01-s005-v011,question,text,dabf114f6fe5f08e1e34979896f7d19b970a45a9f71a50ed9bdb952a0d04927b,45,123
u01-s005-v011,question,choices[0],544f3f867456df14a9e62879ec6fb221b98d8ef30b5baf81a6bddefba1a5148c,3,3
u01-s005-v011,question,choices[1],5feceb66ffc86f38d952786c6d696c79c2dbc239dd4e91b46729d73a27fb57e9,1,1
u01-s005-v011,question,choices[2],03b26944890929ff751653acb2f2af795cee38f937f379f52ed654a68ce91216,2,2
u01-s005-v011,question,choices[3],7ed00270e394c3e190d18a977f5d0e1ed889bdc03a637e8fe35f00946841b0bf,3,3
u01-s005-v011,question,explanation,7828f6ca68b11a903287a29cd876caac3254ec9ad58397b53ac13d8989f7a18e,28,72
u01-s005-v011,question,steps[0],27299a18a200affafa01504f64a8b83418ce6d97e2cdae412e7f176aad05f64c,6,14
u01-s005-v011,question,steps[1],cf010ba4ea865269e4f687d8573e3593ef958f699a2158295576aba95ec97db9,10,30
u01-s005-v011,question,steps[2],c9c13d10045662047490d13a6792a29ca6c11701ef8ef9b4d28c1731ef662722,5,11
u01-s005-v011,question,optionAnalysis[0].choice,544f3f867456df14a9e62879ec6fb221b98d8ef30b5baf81a6bddefba1a5148c,3,3
u01-s005-v011,question,optionAnalysis[0].reason,bece075f67a1c479072cfbfe81824ffa1f8026b4116d7344c578338c694bb698,10,30
u01-s005-v011,question,optionAnalysis[1].choice,5feceb66ffc86f38d952786c6d696c79c2dbc239dd4e91b46729d73a27fb57e9,1,1
u01-s005-v011,question,optionAnalysis[1].reason,3701a609892b4929a34e3f4a9e5d405b4988030991f1e063f0bf38a686bdbeec,5,15
u01-s005-v011,question,optionAnalysis[2].choice,03b26944890929ff751653acb2f2af795cee38f937f379f52ed654a68ce91216,2,2
u01-s005-v011,question,optionAnalysis[2].reason,cd1175531cd85d03b7e967a92ffcaa7dca757813c7d9f4123c1b8895fd25ef8e,10,22
u01-s005-v011,question,optionAnalysis[3].choice,7ed00270e394c3e190d18a977f5d0e1ed889bdc03a637e8fe35f00946841b0bf,3,3
u01-s005-v011,question,optionAnalysis[3].reason,d32e1554cb809ea5a6d69c4a196e8d6d0a62b993534215274ea0abaf61eda8c1,6,18
u01-s005-v011,question,commonMistake,6eba8eb36c9b2e24b4c411272a986abeb20dc67bf3fc5532ffd85cb3ee5b364d,16,48
u01-s005-v011,question,concept,790c247fdf62e599d2fe217a7236df1bc3c33460b9cb7e04b522c5603989a26f,14,42
u01-s005-v011,question,tags[0],fd41540cbdbecb9b5fa7116d27c68e378548ab62ab7c7ca4494730a81ea87667,3,9
u01-s005-v011,question,tags[1],bb6b2051ce330b6743cb589a59dcd50258987df73c3e013280ac25d95f6fda06,3,9
u01-s005-v011,question,tags[2],578756ca4aa16d8872610a5aaa78460fd30fbe93379ff7284fe65d66ca606755,8,8
u01-s005-v011,question,estimatedTimeSec,48449a14a4ff7d79bb7a1b6f3d488eba397c36ef25634c111b49baf362511afc,2,2
u01-s005-v011,question,prerequisiteSkillIds[0],dfc588577bba59f53f123dae18fe764e687dbb7072a62c7f31b8309c93e6491e,25,25
u01-s005-v011,question,authoringIntent,efcde24e68d185c6299442c9313e2ddd381d47d20fdc132cd649b25281bd590b,14,42
u01-s005-v011,question,literacyContextNecessity,447b5e1aa62fdfd0e7b456a56a7ea880842d1ac1158c1e26b3f2a3341fe2214c,26,78
u01-s005-v011,question,reviewStatus,ec809598e2f7fcc69fad54c9cd045bba62b4a0dc7c0ff90d4efdc3788c9ad8fb,22,22
u01-s005-v011,question,contentSha256,81d601209de578f48626e7a32e66b240613c7e96e0294989f7195ab5fd81ee9f,64,64
u01-s005-v011,question,contentAuthority,ed40f75ffe3d6ad4e71f6e7919d063410490de360edb425965eccd605ca9d79e,25,25
u01-s005-v012,question,questionId,3d5f32a59f81553b86ed2764577745b64e30ee24f7519d11ee61b7b8f2d8a133,13,13
u01-s005-v012,question,unitId,2055254ee30aaae13b777732834c89d7f799015d3af13b62fe05aeef8c3e0eaa,3,3
u01-s005-v012,question,topicId,e7d9d88eb7596ecb66c83bcfd7a554baef7612744a495523f5f8fae90be63bc7,18,18
u01-s005-v012,question,skillId,6e10216c8a6fe57deb82baf512d134cc5c24e07eada0d6aa7ca16ffbabdd75b0,23,23
u01-s005-v012,question,difficulty,578756ca4aa16d8872610a5aaa78460fd30fbe93379ff7284fe65d66ca606755,8,8
u01-s005-v012,question,type,6bc0f9c4ecb0acbebf1b9f6c816bdd66f4885f67c917d9e141cf893014fba936,2,2
u01-s005-v012,question,visualMode,9c7d54b0bf7a9369d8594201c7b11955514343809d09fbec33966c1fd9794015,9,9
u01-s005-v012,question,sourceScope,a4b669ddb8ef1883391c07a7b633f12eeaeecee7ec37c09eea4931aff6644346,19,19
u01-s005-v012,question,text,61a61bbec23c50e669afccd7b006b34f0e2174adab33a5b0fb6ae50bb811c819,46,124
u01-s005-v012,question,choices[0],9537f32ec7599e1ae953af6c9f929fe747ff9dadf79a9beff1f304c550173011,3,3
u01-s005-v012,question,choices[1],ad57366865126e55649ecb23ae1d48887544976efea46a48eb5d85a6eeb4d306,3,3
u01-s005-v012,question,choices[2],44c8031cb036a7350d8b9b8603af662a4b9cdbd2f96e8d5de5af435c9c35da69,2,2
u01-s005-v012,question,choices[3],8241649609f88ccd2a0a5b233a07a538ec313ff6adf695aa44a969dbca39f67d,2,2
u01-s005-v012,question,explanation,a773734c98cefc31e44ffb7c99aa6a42a23e8f0ad0273b2c834ac2ec45af81f5,28,50
u01-s005-v012,question,steps[0],95c9ac732afa9b98b8ff287d322eddaf8ae7fdd760aa76e0c9cc26f05a830125,9,23
u01-s005-v012,question,steps[1],4615eda1b86a867068faad6065eb063506a966a6e7597948e508574f7ece9328,8,18
u01-s005-v012,question,steps[2],6781e253491771befe6988051f2335bd6549b208f4562b92703b62a90561d486,5,11
u01-s005-v012,question,optionAnalysis[0].choice,9537f32ec7599e1ae953af6c9f929fe747ff9dadf79a9beff1f304c550173011,3,3
u01-s005-v012,question,optionAnalysis[0].reason,376b3e600de240a8b44a3cb8e22496c3e88814632c3ed2d3ef4e6d7123978e37,8,24
u01-s005-v012,question,optionAnalysis[1].choice,ad57366865126e55649ecb23ae1d48887544976efea46a48eb5d85a6eeb4d306,3,3
u01-s005-v012,question,optionAnalysis[1].reason,cdfd5b70fc882746bd03b0c3688f3f43f5a7a273601b0c4e3b99a4755852e7a0,9,25
u01-s005-v012,question,optionAnalysis[2].choice,44c8031cb036a7350d8b9b8603af662a4b9cdbd2f96e8d5de5af435c9c35da69,2,2
u01-s005-v012,question,optionAnalysis[2].reason,a340335226ca1bc7e65ac4e0cb2a8f4681a87b6956a99c5b41901baadb2b4ef4,6,16
u01-s005-v012,question,optionAnalysis[3].choice,8241649609f88ccd2a0a5b233a07a538ec313ff6adf695aa44a969dbca39f67d,2,2
u01-s005-v012,question,optionAnalysis[3].reason,1d400112d386bfc9bfdf0d8708a962e6b4a732db39fd732b7d3d295947ec8afc,16,28
u01-s005-v012,question,commonMistake,7e5a7a1449d8548f49fe81669f80c07f51f565ebbf5908e86cd87ee496f6efdf,21,57
u01-s005-v012,question,concept,9c182b3e3317a4c8bc1983e85faf160e25bedd139ea81dcecd639312680833df,13,39
u01-s005-v012,question,tags[0],fd41540cbdbecb9b5fa7116d27c68e378548ab62ab7c7ca4494730a81ea87667,3,9
u01-s005-v012,question,tags[1],bb6b2051ce330b6743cb589a59dcd50258987df73c3e013280ac25d95f6fda06,3,9
u01-s005-v012,question,tags[2],578756ca4aa16d8872610a5aaa78460fd30fbe93379ff7284fe65d66ca606755,8,8
u01-s005-v012,question,estimatedTimeSec,69f59c273b6e669ac32a6dd5e1b2cb63333d8b004f9696447aee2d422ce63763,2,2
u01-s005-v012,question,prerequisiteSkillIds[0],dfc588577bba59f53f123dae18fe764e687dbb7072a62c7f31b8309c93e6491e,25,25
u01-s005-v012,question,authoringIntent,7b2e9600b66a6615b080117a6a4e0851a18c6c83cdf050acab0fb44a4ab89c3b,13,39
u01-s005-v012,question,literacyContextNecessity,40c7d42c8b08b5c6aad26c7d43a7e2032b1c119a36c54bc203e30310f7c004b3,28,84
u01-s005-v012,question,reviewStatus,ec809598e2f7fcc69fad54c9cd045bba62b4a0dc7c0ff90d4efdc3788c9ad8fb,22,22
u01-s005-v012,question,contentSha256,c27448c208b5575cf47721358a54447825d11f9a6e9ed301a5f7734df46aa335,64,64
u01-s005-v012,question,contentAuthority,ed40f75ffe3d6ad4e71f6e7919d063410490de360edb425965eccd605ca9d79e,25,25
u01-s005-cr001,question,questionId,29ffef732b782229ca3e10623c120abaf9a462decfcc508e1d3cb38f9a6ba37e,14,14
u01-s005-cr001,question,unitId,2055254ee30aaae13b777732834c89d7f799015d3af13b62fe05aeef8c3e0eaa,3,3
u01-s005-cr001,question,topicId,e7d9d88eb7596ecb66c83bcfd7a554baef7612744a495523f5f8fae90be63bc7,18,18
u01-s005-cr001,question,skillId,6e10216c8a6fe57deb82baf512d134cc5c24e07eada0d6aa7ca16ffbabdd75b0,23,23
u01-s005-cr001,question,difficulty,fe6d3468cf5c74d8ec2a95b40f2e05338c37a4202f8fad692d2b64a9cf9b468a,8,8
u01-s005-cr001,question,type,e519496c259191db041ac61161dbfadb673dd94a10a123ed7423adcf7968ae7c,20,20
u01-s005-cr001,question,visualMode,9c7d54b0bf7a9369d8594201c7b11955514343809d09fbec33966c1fd9794015,9,9
u01-s005-cr001,question,prompt,d66b7d4c51463bc81f290bdb9dd12fc3295d0511b21e90e92f38d9737a11122e,40,96
u01-s005-cr001,question,requiredWork[0],33cbcc8eb280c31ceb95ae47c2e8fb7d3ad4a3fadf6072c7973a96e0a04ae2e3,10,18
u01-s005-cr001,question,requiredWork[1],b09ae4b3a5b191bbc551bce0a76dcbf062acb6169165a07b157594882141483c,9,27
u01-s005-cr001,question,requiredWork[2],0a4c9f46cfada8c67010e01c058e6e206a4a19a2dde9560047e3549e76bdb150,17,49
u01-s005-cr001,question,fullCreditSolution[0],d9f6a170fb91ecbd0e95a8fdfdc5fa404202ed1256d37cc1e109bf3563aad407,23,35
u01-s005-cr001,question,fullCreditSolution[1],a9dc56ca345791bd75fed79f7e40cf7da24e3503d5555e3c86f558182ee4c566,17,29
u01-s005-cr001,question,fullCreditSolution[2],ba0ee2208cd7b2c3523da5b831f3bf83b6cb77d29c4617125d70e1f3143fac2d,15,27
u01-s005-cr001,question,fullCreditSolution[3],206b2ab9d53ac775e501ddf0acd153510b50ed7bcd4003b9d7a84212cc58c544,25,39
u01-s005-cr001,question,alternativeSolutions[0],c95c8b650ea787a7e870624397e975926bfd3429129a1e7eca4c3c4eaa53cc62,17,51
u01-s005-cr001,question,rubric[0].criteria,f34c99065c7782e2a11afcc2fbd4cd119f06f988dd08b72638c7a8920c894e29,12,36
u01-s005-cr001,question,rubric[1].criteria,5355d91ed861363dee81be04668ff0160043dcb4c49de4f85d85744d44aea61f,18,54
u01-s005-cr001,question,rubric[2].criteria,d0742dbf57ea7c91cb84112cc984f21b3a92184e73f20c285a840f5828aef554,16,46
u01-s005-cr001,question,rubric[3].criteria,bc2fead74c534414104259f721783af917e56c87ea8a7f9a2868ce081bf4cb18,16,48
u01-s005-cr001,question,scoringNotes[0],ea711602266bd17a2267fffb81d9abdd4303a5b7a590d673bb9af67a958b74a3,20,56
u01-s005-cr001,question,commonErrors[0],626ea4fb4c533b164ce77ea9d42be88c21fbf799c4dfbb353e84922fd77aa862,12,24
u01-s005-cr001,question,commonErrors[1],bbf9dce272f9b631f1cdac0241204e623717c2389667fb04c9657414e37549a6,8,22
u01-s005-cr001,question,commonErrors[2],c0c5cf4e42dab85b6c34dcc6c7b909e279ad4ce88a7033c0c4b5a0e62e60a841,13,39
u01-s005-cr001,question,independentReview.derivedResult,a2d2c2ce02d9df6a6928c0fd68da13993de60c7264743f3f4258a21daa4d75d2,11,19
u01-s005-cr001,question,independentReview.ambiguity,140bedbf9c3f6d56a9846d2ba7088798683f4da0c248231336e6a05679e4fdfe,4,4
u01-s005-cr001,question,independentReview.decision,d74ff0ee8da3b9806b18c877dbf29bbde50b5bd8e4dad7a3a725000feb82e8f1,4,4
u01-s005-cr001,question,contentSha256,ab4bf4a794497038ca7605e7bc84d0afa9bc3cf30fb89d70a1a30296727c130e,64,64
u01-s005-cr001,question,contentAuthority,ed40f75ffe3d6ad4e71f6e7919d063410490de360edb425965eccd605ca9d79e,25,25
u01-s005-cr002,question,questionId,5d52779aa367f691f595ab8e6ba309426fb2738ed7572f0b7adf27c31100bcaf,14,14
u01-s005-cr002,question,unitId,2055254ee30aaae13b777732834c89d7f799015d3af13b62fe05aeef8c3e0eaa,3,3
u01-s005-cr002,question,topicId,e7d9d88eb7596ecb66c83bcfd7a554baef7612744a495523f5f8fae90be63bc7,18,18
u01-s005-cr002,question,skillId,6e10216c8a6fe57deb82baf512d134cc5c24e07eada0d6aa7ca16ffbabdd75b0,23,23
u01-s005-cr002,question,difficulty,d21f85ea38166303ce58e06134b5cc4a5c900c409ab2a500ff7c9225109a09bb,8,8
u01-s005-cr002,question,type,e519496c259191db041ac61161dbfadb673dd94a10a123ed7423adcf7968ae7c,20,20
u01-s005-cr002,question,visualMode,9c7d54b0bf7a9369d8594201c7b11955514343809d09fbec33966c1fd9794015,9,9
u01-s005-cr002,question,prompt,ded7626e074e117fcdf87cea57f46117822afe4db482a930f6efda804967af48,66,156
u01-s005-cr002,question,requiredWork[0],efa775fce03fb502b4963a2c2a3adc78fc2423ad25bee90700bdd3f3af647e62,10,28
u01-s005-cr002,question,requiredWork[1],8480d3b1f427f4fa2fc767fcd44d03e94d3844769f4d57bce0f46a38823fb87a,10,24
u01-s005-cr002,question,requiredWork[2],66554627e1cc068b7021bd36aa900d8f21aa5fc73c63a2a4c30d52ad1f2675ee,15,43
u01-s005-cr002,question,fullCreditSolution[0],95920df0504a8af2a74e5008b8b7760ec677d91674cfe72562320e92129334fa,4,6
u01-s005-cr002,question,fullCreditSolution[1],c2f732e9e93c87630667517881cc314f9a48f2f2113d5a427ed202fb47ec7134,28,39
u01-s005-cr002,question,fullCreditSolution[2],6d267e3f823c969696d69dc0b21836a2538f6a85e1990badb6f0a24ac2ad4957,39,103
u01-s005-cr002,question,alternativeSolutions[0],c63d83ad3662bf3b33ae93cf7f8c07f4195c0df4e0f37f845b1846a4036c73a8,25,49
u01-s005-cr002,question,rubric[0].criteria,2ba13962b3edfb0b8295a2311d61c91966cbd0cad0296a3d693d74f7a8d53af0,19,41
u01-s005-cr002,question,rubric[1].criteria,7d87d45d24f1f47dabcd37a21d034401ee32256ca440a8a318cb6f6707504214,22,66
u01-s005-cr002,question,rubric[2].criteria,4f4d4cd60eaa95f89037e3c773a114d4ff005c02d703a53a482ef5897e91aaa9,16,44
u01-s005-cr002,question,rubric[3].criteria,323cca6c96bb0457192e1222b0532cccafed61afbc941a307763d788c15acdb4,14,40
u01-s005-cr002,question,scoringNotes[0],786fae56fb8722bd6fdd2790f0afaed162995f41b9f8d55574e3c72b6782ab0d,17,41
u01-s005-cr002,question,commonErrors[0],69c94f47d2bfc9f26ca21b543f0460dd3873a533b5f9a1530028d951d1c97bd9,5,13
u01-s005-cr002,question,commonErrors[1],2a5778cc1ccd28a19ef274cfeda41529e752ad6ce6b4004c3ae38466ba8ca674,7,15
u01-s005-cr002,question,commonErrors[2],cdd9a737158f2c2b0c5adf027e529630487e1ab35ba9ec336d086aca16a29996,10,26
u01-s005-cr002,question,independentReview.derivedResult,982de2e6d0ed13a56bb2b7d9ed36c11ca51a31324e5e5d5a68dc65c61d6d7116,9,13
u01-s005-cr002,question,independentReview.ambiguity,140bedbf9c3f6d56a9846d2ba7088798683f4da0c248231336e6a05679e4fdfe,4,4
u01-s005-cr002,question,independentReview.decision,d74ff0ee8da3b9806b18c877dbf29bbde50b5bd8e4dad7a3a725000feb82e8f1,4,4
u01-s005-cr002,question,contentSha256,e7337e0881ef7619ac6bc054d2ff8536f70cb09d9379b37567e0beb81935c9ca,64,64
u01-s005-cr002,question,contentAuthority,ed40f75ffe3d6ad4e71f6e7919d063410490de360edb425965eccd605ca9d79e,25,25
