artifactId,artifactType,fieldPath,unicodeCharacterCount,utf8ByteCount,utf8Sha256
u01-s014-lecture-r1,lecture,lectureId,19,19,b1318403aa928714af0d62354a05c3787243afd828882a2022b1a382cc05c64f
u01-s014-lecture-r1,lecture,unitId,3,3,2055254ee30aaae13b777732834c89d7f799015d3af13b62fe05aeef8c3e0eaa
u01-s014-lecture-r1,lecture,topicId,21,21,6c2d9a40ebadba3338b6f5bafbe66da4ac6d33592472b5b2f23ccc9fa1c80ebb
u01-s014-lecture-r1,lecture,skillId,27,27,edd279722987333b33a23fc24e21445f2a848790a11359abdbcb1391f320f5b4
u01-s014-lecture-r1,lecture,title,27,55,60e2f009200b6753fc43e17a7a3430218115bcaf2f4587fc718fd645a4b0826b
u01-s014-lecture-r1,lecture,audience,10,30,e6b4416fbd9f36797de01256b31a4d6f6314e126fde8495e25792c814f64fc5f
u01-s014-lecture-r1,lecture,reviewStatus,22,22,ec809598e2f7fcc69fad54c9cd045bba62b4a0dc7c0ff90d4efdc3788c9ad8fb
u01-s014-lecture-r1,lecture,learningOutcomes[0],14,42,2db059f1b7024484c021d05e40c14ae2b035a7488d5183e92fa830a3bd5e0f2f
u01-s014-lecture-r1,lecture,learningOutcomes[1],14,42,97832ce4439d03c0eb5d9c68b69cac78971fe8e4ead01801cc2fede370444b3a
u01-s014-lecture-r1,lecture,learningOutcomes[2],14,42,af86b2f8d0e8ec2a30f58dc7a7b146173a52ab14712bf74e1e9af916eb107fba
u01-s014-lecture-r1,lecture,learningOutcomes[3],13,39,66fc2801bd3ba8c6c8a4c77691e85e9c02620ddc08c6409e071b209069f72a32
u01-s014-lecture-r1,lecture,learningOutcomes[4],17,51,d54cbecffb403ab8bfe483d782162bff4bcc0021b89864c66ce042d94a6537b1
u01-s014-lecture-r1,lecture,prerequisites[0].skillId,21,21,7b00b19a489da427db28315d822ef95d4808ac16f2df36e74e1c5570b7d4b5bc
u01-s014-lecture-r1,lecture,prerequisites[0].requiredLevel,34,94,85e8868bf34c780d91b1003430a482f9e814570b68243dcaa2e3c51d73ce9c94
u01-s014-lecture-r1,lecture,glossary[0].term,4,12,b3c4d52d877de5dfc7edea952f1254fed979d225d0021a66c07589b5bcc068ca
u01-s014-lecture-r1,lecture,glossary[0].definition,31,64,55ac27b9b3b43ffbab69a71866afa0718063dc4cf9330e0579328426fe0981f1
u01-s014-lecture-r1,lecture,glossary[1].term,2,6,51a509040fe4ec82abff73da2da89230d25eea3c2948777af1d042663cb60e75
u01-s014-lecture-r1,lecture,glossary[1].definition,24,56,71a87c19e8c5a7723283ab45241541d9401e64f5dee5b106b97cad8fd7865877
u01-s014-lecture-r1,lecture,glossary[2].term,3,9,5974f638fc427ff8911f911f06bde69c1418e742577f9d18574f6b9c1fe29f13
u01-s014-lecture-r1,lecture,glossary[2].definition,16,40,4da341326df896fb84ac57de2cdc5b71a35635e1502a622c359148bc5976a0e6
u01-s014-lecture-r1,lecture,glossary[3].term,3,9,6264d2803602e51eaede8fd2eb3715c4fd25f54de228e3ef0bd3db21ac4001b0
u01-s014-lecture-r1,lecture,glossary[3].definition,23,61,ffacc3cd58d987f2d39735a978df503ac7f042f80c7df2f3a2d66f35f3653da7
u01-s014-lecture-r1,lecture,glossary[4].term,3,9,6bfcf04427136eade26c1ce31cd86fcda46b6674ac62a980955c53d897ee89c9
u01-s014-lecture-r1,lecture,glossary[4].definition,29,67,5ef92820d30bcb998a5f8348374e563675dfcd750d2994493cac9338e0d778d6
u01-s014-lecture-r1,lecture,notation[0].symbol,5,8,6f499cd970c36ffc788693a69fc117924cbfd4c5278785a0ed8737f2a2d248b4
u01-s014-lecture-r1,lecture,notation[0].meaning,18,40,953e8c38814a75b6468433d85f8a67bb0144af302fe4dbd88d30b6f62e6ff6b4
u01-s014-lecture-r1,lecture,notation[1].symbol,4,8,298f3aca90aad948b1aaf15c7385c35779b9db03b62d5bf5b206114457d625c6
u01-s014-lecture-r1,lecture,notation[1].meaning,20,33,72ad5b5de26a9c406f5de258751cd48a0abae13d565ceb26f996b8dd503cec05
u01-s014-lecture-r1,lecture,notation[2].symbol,1,3,d2a287cd473310ab53be312f1ce9cd2929f20158b803b3e50c105aea30630788
u01-s014-lecture-r1,lecture,notation[2].meaning,21,63,fda261f6ded0fe2c2e44c27ab72bd5fc0784bcecd0d7069d7147f01411b9de27
u01-s014-lecture-r1,lecture,conceptNarrative[0],47,127,f8246d8894c61a6024a798eac466351d3e394df3db168b4c5c5eea39ad875cb2
u01-s014-lecture-r1,lecture,conceptNarrative[1],44,108,54416204a860eb474a7723201abed11b5af4c3e528fb061ab6d7bc22e35e31ea
u01-s014-lecture-r1,lecture,conceptNarrative[2],44,124,19d48b7377c6f9cd6224615d048bc2eace09b1ffbd100083c19c915453f62694
u01-s014-lecture-r1,lecture,conceptNarrative[3],36,100,844a4919e8d65994779f8ae8138ad85f6801d015c97f52d1b3eb5b7ac449f607
u01-s014-lecture-r1,lecture,formalDefinitions[0].name,7,21,dee58d8152fccc33419a7cb7b372aa0dc1df18593e4e4b13d6b97965037fc12e
u01-s014-lecture-r1,lecture,formalDefinitions[0].statement,29,58,5fc2e12e6b462d54329809f2cdaff999308c2793ac592b3b888fc8af9ef60c55
u01-s014-lecture-r1,lecture,formalDefinitions[1].name,5,15,97a6adce124ce74b18413313b846e5d105d99ea5286fefa5f3578da77d30ce30
u01-s014-lecture-r1,lecture,formalDefinitions[1].statement,11,19,63e107ffe7e84734a8dca2d2a8baa51c8f1b120bd629e27e7810b3174a216348
u01-s014-lecture-r1,lecture,formulas[0].formula,14,21,6a7e3c438e95d130ba109ed3d3012e106ff463a2fd3f8b5d7a40d9be6e0f26a3
u01-s014-lecture-r1,lecture,formulas[0].conditions[0],3,5,5e77216f112bbd32f0d522f21fb63bdc679d9688a4a98f77b04e8de5086d7660
u01-s014-lecture-r1,lecture,formulas[0].conditions[1],5,11,2a49c856439470924799fd70d98b59b6f87f7e5f6ee92b705a9a241a184b72d0
u01-s014-lecture-r1,lecture,formulas[0].meaning,7,21,e4d47452d6b62aa3a07a599948624058554245a2a28c7a4c4992314bfd1fd760
u01-s014-lecture-r1,lecture,formulas[1].formula,23,36,c1a5ab6d238e7664bb5c286e5c53b8341ffa33c48e856ea12471900c21bbad90
u01-s014-lecture-r1,lecture,formulas[1].conditions[0],8,24,f78f04e834356f34684d16cfa2d4466844e085681a4627e3555cd7cca1c1bbc4
u01-s014-lecture-r1,lecture,formulas[1].meaning,7,21,296b7c98124feb70e378521e2f7db5da1c5b1606725f4697eb56cae8a3f26842
u01-s014-lecture-r1,lecture,formulas[2].formula,27,42,5666795f70a7f90f91e7f8244fb6f422b04113d0669e9f9be2ed413ce06d6062
u01-s014-lecture-r1,lecture,formulas[2].conditions[0],3,5,560606b230c5d9e1427f9a2cbc060868f5fe29b2d6f7ac0868fa9c81a01845a0
u01-s014-lecture-r1,lecture,formulas[2].conditions[1],8,24,f78f04e834356f34684d16cfa2d4466844e085681a4627e3555cd7cca1c1bbc4
u01-s014-lecture-r1,lecture,formulas[2].meaning,7,21,8aee5c30f715539c0d9919b462e70e554631e3eb1bc5ae239e998deca0f75aea
u01-s014-lecture-r1,lecture,nonApplicableCases[0],33,70,284d07684fe64ed9ce7b14c30df7f09c7c171c81d2c791e8980cb6a4577fde54
u01-s014-lecture-r1,lecture,nonApplicableCases[1],26,74,924ea4ea7d3c7b4768c6501fa8a9ad9a6a62c51e2a360870ed8eb7784bf464d1
u01-s014-lecture-r1,lecture,nonApplicableCases[2],17,51,e22a018af315e05835b547ec1350367af0e277c33eafe81f437ae93c78eef93c
u01-s014-lecture-r1,lecture,nonApplicableCases[3],19,57,77ab7d702182bb937b6880b4a5010dab397e86c6bd4df246961558b442b254ae
u01-s014-lecture-r1,lecture,method[0].instruction,15,45,a54870731b537d76849063e6179b174fc8ee7d483225e0d5937e7e77431f1a45
u01-s014-lecture-r1,lecture,method[0].check,19,43,4b69925fb9ecec126528b9bfd6b30778f45735e8d94eb57c6496f3af3fa484b8
u01-s014-lecture-r1,lecture,method[1].instruction,9,27,93ce24683cb0879a08a2d91b9933f6824f9571b4d7c4838363659ad4a43b5849
u01-s014-lecture-r1,lecture,method[1].check,7,21,4b337eef4848e32f7dbf308daf98fc8c531bb4972b775dec942887115f294de2
u01-s014-lecture-r1,lecture,method[2].instruction,12,36,46089d2dbc00d42715ef1325d47df8b8529d282ae543121c558189d492492baa
u01-s014-lecture-r1,lecture,method[2].check,19,51,9e4e9e2e0f9858a5e7e9bc49c765c01dccbfe59f530f12d0e438404bf1aa1824
u01-s014-lecture-r1,lecture,method[3].instruction,7,21,b4534f3735b52e5dba512535b36d5cf29684f6f5aacd4dda88bc1b9bcb4f262a
u01-s014-lecture-r1,lecture,method[3].check,14,34,a0e48ca85e87461a1eb8adb5d875e1c5d2859917733ca692ce310b83f4fba827
u01-s014-lecture-r1,lecture,method[4].instruction,9,27,5a506cdbc79b68381ce3c362999da8ae565ad0c5e7fad876f9ecf4b5f8ef3cf4
u01-s014-lecture-r1,lecture,method[4].check,11,33,d91064e4558dfa973fd17d7721eb7427024524396842e50f74310f6a740eb2af
u01-s014-lecture-r1,lecture,workedExamples[0].exampleId,2,2,dffe8596427fc50e8f64654a609af134d45552f18bbecef90b31135a9e7acaa0
u01-s014-lecture-r1,lecture,workedExamples[0].prompt,19,35,2f9731e458d99a29eec7aef695a5382a9882440bfa4c6c42fa71ea817a7a8dda
u01-s014-lecture-r1,lecture,workedExamples[0].solutionSteps[0],11,23,76d78b69a637c094b62dd6534c2241e09368295adccd59a64bcf0fd656bbe84d
u01-s014-lecture-r1,lecture,workedExamples[0].solutionSteps[1],12,30,2652a9c2a72cca2fa65ca484405af484f0f08e1f5bdb4de731fe241dbf1a83b4
u01-s014-lecture-r1,lecture,workedExamples[0].solutionSteps[2],6,12,4fe0432cfc60f94d44a06896585804f436f384ed025f63fe6f1c9e546bdcc5f2
u01-s014-lecture-r1,lecture,workedExamples[0].answer,9,14,16dbd5c8ec9146481b89dcb04c408a1c3455db4557f4a683091723e38bf0ccc5
u01-s014-lecture-r1,lecture,workedExamples[1].exampleId,2,2,d76354d8457898445bb69e0dc0dc95fb74cc3cf334f8c1859162a16ad0041f8d
u01-s014-lecture-r1,lecture,workedExamples[1].prompt,17,33,796045526e207914405f8023d63ee116c5df127d7c1f9aa92f1bc4e8253493db
u01-s014-lecture-r1,lecture,workedExamples[1].solutionSteps[0],14,34,1abd8cea292eac2707dc1c60422243fec12a962f2f13f1df69a03b7b945bbc31
u01-s014-lecture-r1,lecture,workedExamples[1].solutionSteps[1],12,30,2cc2d857e877a1ab434e93196eb5ebe0e63bc0c2d0eb520c0a911ba73c39b727
u01-s014-lecture-r1,lecture,workedExamples[1].solutionSteps[2],8,18,a4d2997680cc997a98d8e37583f05cc4f54970a304fbad2435cefa6df0b33aed
u01-s014-lecture-r1,lecture,workedExamples[1].answer,9,16,4871e808f4c016a0e8468cfc8003ca1e63f86fc645ccfdcdec685ae4fa1bac8a
u01-s014-lecture-r1,lecture,workedExamples[2].exampleId,2,2,842983de8fb1d277a3fad5c8295c7a14317c458718a10c5a35b23e7f992a5c80
u01-s014-lecture-r1,lecture,workedExamples[2].prompt,12,21,ac73a5a242331579b1b22b723023003683be8dd16d6df12a45c6fdfd5dd5a319
u01-s014-lecture-r1,lecture,workedExamples[2].solutionSteps[0],16,36,24a6d70381ae82b98af59d9eb0359a5b9280a2039ae0fedded4d80a60b518a63
u01-s014-lecture-r1,lecture,workedExamples[2].solutionSteps[1],12,16,3b476b988d9d76838af45ee97a3daaf3b2ad2246bcd22c4cb372c2c5df88eb10
u01-s014-lecture-r1,lecture,workedExamples[2].solutionSteps[2],8,24,e0c286591476ea9290e2725bbefa6898186654284a48d7147aa96181b845f752
u01-s014-lecture-r1,lecture,workedExamples[2].answer,7,9,f650c18fecd7cf2feff3d9a05745a87667a116fa5666ba865b7e7096209fb623
u01-s014-lecture-r1,lecture,workedExamples[3].exampleId,2,2,4a5a97c6433c4c062457e9335709d57493e75527809d8a9586c141e591ac9f2c
u01-s014-lecture-r1,lecture,workedExamples[3].prompt,18,29,0f3c3d35a08ebcbe950ccef434b347e596bc5192710a55c53ea1c8be5fbfca5a
u01-s014-lecture-r1,lecture,workedExamples[3].solutionSteps[0],9,16,90ab8765266b796c5051c0cb6167a13505cf97c4625053b7908e1e4267634543
u01-s014-lecture-r1,lecture,workedExamples[3].solutionSteps[1],12,20,0b610aa2593b3d7917ee2e05337731f02924d7a659468c455ac0cc298530af59
u01-s014-lecture-r1,lecture,workedExamples[3].solutionSteps[2],11,27,8e3f4dcdc3719d0817538952ac6e8704fb9f0a1cc388140e5c257118df8b5681
u01-s014-lecture-r1,lecture,workedExamples[3].answer,6,11,a8284f1bdce6399f691774a584d75a6525c562c945a06412949436ed3b2a164f
u01-s014-lecture-r1,lecture,commonMistakes[0].mistake,12,21,76f4df64be2b97f67c7f0d59151d0e0949f589786a5d0439274e8318b34b1691
u01-s014-lecture-r1,lecture,commonMistakes[0].why,10,30,db6f7d5fe2941630cc73efb82a9d3f336063316941dca3a476f6d7e3ccde08f5
u01-s014-lecture-r1,lecture,commonMistakes[0].correction,12,21,48ca2ff0e5d839e813d3902fb8e0865620f69317d0f923e25cd8da51e2cba0dd
u01-s014-lecture-r1,lecture,commonMistakes[1].mistake,17,33,46e89cef502b09227bde89f6aa5fe084cdfeb00042daef9bca41f122dd68e603
u01-s014-lecture-r1,lecture,commonMistakes[1].why,12,36,a993563717adaf540867b2d98e922820a805c4752babce4104c60edccdcd149d
u01-s014-lecture-r1,lecture,commonMistakes[1].correction,14,36,587444ab2aefd338660cc08345a3a5cff7be48e5e50f434833fc8192935b99c2
u01-s014-lecture-r1,lecture,commonMistakes[2].mistake,8,24,af16389ead1696b777aa1be1bb7023ba9c28222b0b9bff23e86887bf243607ac
u01-s014-lecture-r1,lecture,commonMistakes[2].why,12,36,3095f89471bca936a88243f106f96fd9df66ba0c63da01bd81336aea4443a009
u01-s014-lecture-r1,lecture,commonMistakes[2].correction,11,33,3a4cb7e3be265160da1b6ebce0ada9811756341ce92a663df8e1131c70342030
u01-s014-lecture-r1,lecture,commonMistakes[3].mistake,8,24,e2136bb2a4c0d0e721b5f899861a37299f264ea419ead88d76d623803872aa1c
u01-s014-lecture-r1,lecture,commonMistakes[3].why,6,18,6e72c0cecb0b9737d3fe78a013def1b5452eb1990261e3f35c215aab4721eb4e
u01-s014-lecture-r1,lecture,commonMistakes[3].correction,11,25,09d15df4a46bebbd127c8d5efaa37dc2faf7d813e1322f3b61bdc0bc284f1703
u01-s014-lecture-r1,lecture,commonMistakes[4].mistake,16,40,d5d8ccbbd3127c9b32a1c8c195634b39864e24081ff60abf17db118b2db53766
u01-s014-lecture-r1,lecture,commonMistakes[4].why,10,30,d36dc4f19226c7fe825939d1d459ff72226c11977a6d05ec73d258956507b366
u01-s014-lecture-r1,lecture,commonMistakes[4].correction,9,27,3ef35cd4149bd93eb8202336326b40194d9938ace2b8e1df16185b21ac099f3a
u01-s014-lecture-r1,lecture,commonMistakes[5].mistake,14,34,b7dc681f45d2bf0c7b47da1f6635826bc4d3d1157f41f6c5c55c2f555ad4b5bf
u01-s014-lecture-r1,lecture,commonMistakes[5].why,7,21,9dcb5488ec88b211a54777709919c5ca67c4f4eba6e56fb53554ff7e884e176c
u01-s014-lecture-r1,lecture,commonMistakes[5].correction,15,23,372de4fe3934d56dbb3e7b3417bf90b6a9fd5f9728ebe30467b7f76898e8564a
u01-s014-lecture-r1,lecture,selfCheck[0],17,37,14553ce39eb13a74db330210e38ad9f7e18e6338399a4da9fd8d87fb00392622
u01-s014-lecture-r1,lecture,selfCheck[1],8,24,25743b8d227b6ce4f32d2c49bcbc3750a5d7e94b23cfa3f5c03a2bcf4fd05735
u01-s014-lecture-r1,lecture,selfCheck[2],8,24,810dd0b7b840967af51efc2d715317cd221621717c7a426777a930860d39e2d5
u01-s014-lecture-r1,lecture,selfCheck[3],9,27,c1c3e59f3134ef146898a4761d5f65d473a6e3cdd2fb235725cfdc154f5e64f4
u01-s014-lecture-r1,lecture,selfCheck[4],11,33,bc22a7d308a6780e2bbf8a4d965185faf0b3ae6c6f72b085ebdd7684320fd805
u01-s014-lecture-r1,lecture,summary[0],21,40,2960da2b862fdff613329d8e29364be777677c534fa6ca278d32536f07ce2559
u01-s014-lecture-r1,lecture,summary[1],23,63,f0ac024cbcbc71dc14e1f2f4d056c02aa5a56ca0ae034bce71c6037abb899951
u01-s014-lecture-r1,lecture,summary[2],12,36,32c50136f57f9859e55e625e978f20f129672301c931f68d1125fa277bd503fc
u01-s014-lecture-r1,lecture,summary[3],13,39,e85329e930733e87e76ca121eb8ef7e9a7673d632df1eb4a91b8f2dfc03a57ee
u01-s014-lecture-r1,lecture,connections.previous,15,45,10acddb4c4c249b9f9b498000ec10130e8caef913634096814531d43dfd37027
u01-s014-lecture-r1,lecture,connections.next[0],18,54,b58a09dd0c27a060764a11a3cdf6fa89dad43c34b10339bf6bbdb978dc5d8f9c
u01-s014-lecture-r1,lecture,connections.next[1],15,45,2efe16099b9b25eacd25313e94951056f0abc3cd700f18520d27c223bfb1a720
u01-s014-lecture-r1,lecture,connections.next[2],14,42,1cc273c6b86130fed06d6f99d18edf458d8599f6afa3799d58286d43ef4e9705
u01-s014-lecture-r1,lecture,practiceLinks.mcQuestionIds[0],13,13,81773e109587ffa3258f8e0bc11ec9ca6d1273b7a47839c164bdad8051db2ec7
u01-s014-lecture-r1,lecture,practiceLinks.mcQuestionIds[1],13,13,fc19c385dd338d5bb3212a6368a2cf61cdffb36f538069b8be1a4c9acbfee894
u01-s014-lecture-r1,lecture,practiceLinks.mcQuestionIds[2],13,13,b232ab5121e8fc81e76faf383ba7b41790650049c845e2983f892f162e752763
u01-s014-lecture-r1,lecture,practiceLinks.mcQuestionIds[3],13,13,b795afb776d21d12d337336d4d4bbbeceabbacb8bef63da90eab156a9be644dc
u01-s014-lecture-r1,lecture,practiceLinks.mcQuestionIds[4],13,13,6fc9ba900c6f9b08ed43903bfcf3da545ad6a3edcd45d4df92a65f425a87e981
u01-s014-lecture-r1,lecture,practiceLinks.mcQuestionIds[5],13,13,53de3bcc57dfbfdc68976ce93e78e90846c1e732ac267aa14482806430a7b33f
u01-s014-lecture-r1,lecture,practiceLinks.mcQuestionIds[6],13,13,64b6a68d4acf04613549714b613d15e210525428fc830068ca9d53a5ce33087f
u01-s014-lecture-r1,lecture,practiceLinks.mcQuestionIds[7],13,13,691672fbc8b7f89f432032e666f9ecbd515b2a40c6451cf0b14241519f33730c
u01-s014-lecture-r1,lecture,practiceLinks.mcQuestionIds[8],13,13,8c18a3ace247d4fa1e7c88c7b5fc6c31e657619713ee4ef9d7d297cbaaa2faa6
u01-s014-lecture-r1,lecture,practiceLinks.mcQuestionIds[9],13,13,5b6c800a71cbbe62f55fba1116829b44db5575e35f7cf8e8e0156932bdb9331f
u01-s014-lecture-r1,lecture,practiceLinks.mcQuestionIds[10],13,13,b0b17d00a3ba0c9db313fa6fe67c893be251021f0f431622a8e2d6cf306b1b52
u01-s014-lecture-r1,lecture,practiceLinks.mcQuestionIds[11],13,13,8e505329bd7d75882b0480d554af5a8e1ee96feec72e016d668cbf06294b3685
u01-s014-lecture-r1,lecture,practiceLinks.constructedResponseIds[0],14,14,1b31b83876dfff40a437d5f16e4f9a4b89a84b0ed2f74016e6430c6b571843bd
u01-s014-lecture-r1,lecture,practiceLinks.constructedResponseIds[1],14,14,b7a9126c47921dc87bbd8d1d1b34dca12f2ce9bd2e89088ef670b3594674075c
u01-s014-lecture-r1,lecture,lectureReview.mathematicalCorrectness,4,4,d74ff0ee8da3b9806b18c877dbf29bbde50b5bd8e4dad7a3a725000feb82e8f1
u01-s014-lecture-r1,lecture,lectureReview.zeroFoundationReadability,4,4,d74ff0ee8da3b9806b18c877dbf29bbde50b5bd8e4dad7a3a725000feb82e8f1
u01-s014-lecture-r1,lecture,lectureReview.scopeCheck,21,21,fdf8268f0373301b2fcc6331f1d8999b8aabea69681e8bc972ab9a21216a7606
u01-s014-lecture-r1,lecture,lectureReview.reviewNote,42,126,aec9ce923de29c52d3ad9f426c49d9730fb353373d64b8cb269afe2997b7ad08
u01-s014-lecture-r1,lecture,lectureReview.reviewVersion,25,25,7ccbed064d3016b5353f553d3edb33b6627126acb00be43b039a8cbab00d7d69
u01-s014-lecture-r1,lecture,lectureReview.reviewedAt,10,10,14158d45727526145ef514139eeb669eb54d613dbcffe524f099dbb71c9d8b08
u01-s014-lecture-r1,lecture,contentSha256,64,64,9c686d2832105d9922050d136af416fd45dab025bf6c3ec0a8d9999c1538ac50
u01-s014-lecture-r1,lecture,contentAuthority,25,25,ed40f75ffe3d6ad4e71f6e7919d063410490de360edb425965eccd605ca9d79e
u01-s014-v001,question,questionId,13,13,81773e109587ffa3258f8e0bc11ec9ca6d1273b7a47839c164bdad8051db2ec7
u01-s014-v001,question,unitId,3,3,2055254ee30aaae13b777732834c89d7f799015d3af13b62fe05aeef8c3e0eaa
u01-s014-v001,question,topicId,21,21,6c2d9a40ebadba3338b6f5bafbe66da4ac6d33592472b5b2f23ccc9fa1c80ebb
u01-s014-v001,question,skillId,27,27,edd279722987333b33a23fc24e21445f2a848790a11359abdbcb1391f320f5b4
u01-s014-v001,question,difficulty,5,5,fbb7b5bf4ca348eeeebf8cc3660712859a5a1fbf18e83217a57ce203fb51d5c2
u01-s014-v001,question,type,2,2,6bc0f9c4ecb0acbebf1b9f6c816bdd66f4885f67c917d9e141cf893014fba936
u01-s014-v001,question,visualMode,9,9,9c7d54b0bf7a9369d8594201c7b11955514343809d09fbec33966c1fd9794015
u01-s014-v001,question,sourceScope,19,19,a4b669ddb8ef1883391c07a7b633f12eeaeecee7ec37c09eea4931aff6644346
u01-s014-v001,question,text,20,40,2e45cc916dcc3d5e6d392271b3e20edf7b79e05e892dd04290a48db3a3b2ee03
u01-s014-v001,question,choices[0],7,10,5ef34a2cb9b3a7b2207141b1532503a6888c6f05d2feaed4affb3f04d07c4aed
u01-s014-v001,question,choices[1],6,9,9280126a46545da32bd2b0d867aac8fbfe0803126beeaa7f5ac03bdceb2165ae
u01-s014-v001,question,choices[2],7,10,1760aaa655e9bd017f22be6a7ed76a75243291199a3ad96a022560d99208b15d
u01-s014-v001,question,choices[3],8,11,73dc36f55c5c4307f116119bf3d4e5e32d9f27a59702b337e3e1d904eea97512
u01-s014-v001,question,explanation,38,89,049cb895b69b999dddfa2fc124cd0fbede9500c3325a62eb11ea23aedf374a71
u01-s014-v001,question,steps[0],8,18,6135e896d07c234bbd1a8370a5a0e2df1164db424361ba74f45487e6cfd83dcf
u01-s014-v001,question,steps[1],6,16,6c957fbfec456caed9cad31d2d315b2c1578ce325e1c9428de574a8e01971df4
u01-s014-v001,question,steps[2],6,14,6ea6c8a5268c2f9658bb92fef3033d25e45c0ab2970898c0e2cbd5bcf1e6fcd0
u01-s014-v001,question,optionAnalysis[0].choice,7,10,5ef34a2cb9b3a7b2207141b1532503a6888c6f05d2feaed4affb3f04d07c4aed
u01-s014-v001,question,optionAnalysis[0].reason,6,18,e8030ad27ad87099b0a29a0ce3eb535e550dca90f04dddccb384557e6d7f177f
u01-s014-v001,question,optionAnalysis[1].choice,6,9,9280126a46545da32bd2b0d867aac8fbfe0803126beeaa7f5ac03bdceb2165ae
u01-s014-v001,question,optionAnalysis[1].reason,14,38,9a38ea30bd737467de92e9cc492e437820ce58fc020603ae8a4b77324e9e56d1
u01-s014-v001,question,optionAnalysis[2].choice,7,10,1760aaa655e9bd017f22be6a7ed76a75243291199a3ad96a022560d99208b15d
u01-s014-v001,question,optionAnalysis[2].reason,7,17,93d8d25156bff9a61a0b738a903589b9277890735bbc4e7cded3d2f8e9c7fc5e
u01-s014-v001,question,optionAnalysis[3].choice,8,11,73dc36f55c5c4307f116119bf3d4e5e32d9f27a59702b337e3e1d904eea97512
u01-s014-v001,question,optionAnalysis[3].reason,16,40,37ffe8a2e809a41dbdbac50442242e251a93acd4f5de0dcc31583a977b24e676
u01-s014-v001,question,commonMistake,17,51,831c605ff5bfaaa3445eeddb1db040c13e8a47be12f3009512ef7c23fdfa4812
u01-s014-v001,question,concept,20,54,982c288b6e962c3569b5df97c6c86c292b4454f092ed1e8d836fdf5371825b36
u01-s014-v001,question,tags[0],3,9,fd41540cbdbecb9b5fa7116d27c68e378548ab62ab7c7ca4494730a81ea87667
u01-s014-v001,question,tags[1],4,12,b3c4d52d877de5dfc7edea952f1254fed979d225d0021a66c07589b5bcc068ca
u01-s014-v001,question,tags[2],5,5,fbb7b5bf4ca348eeeebf8cc3660712859a5a1fbf18e83217a57ce203fb51d5c2
u01-s014-v001,question,estimatedTimeSec,2,2,39fa9ec190eee7b6f4dff1100d6343e10918d044c75eac8f9e9a2596173f80c9
u01-s014-v001,question,prerequisiteSkillIds[0],21,21,7b00b19a489da427db28315d822ef95d4808ac16f2df36e74e1c5570b7d4b5bc
u01-s014-v001,question,authoringIntent,10,30,0247b5f449ad43aef5bbdeecd091388137775174e6f019fc349deb0a4641f892
u01-s014-v001,question,reviewStatus,22,22,ec809598e2f7fcc69fad54c9cd045bba62b4a0dc7c0ff90d4efdc3788c9ad8fb
u01-s014-v001,question,contentSha256,64,64,2bbf66f0968206d795e72ba9895d615abadcc49c695f25ba9be7349377607e2d
u01-s014-v001,question,contentAuthority,25,25,ed40f75ffe3d6ad4e71f6e7919d063410490de360edb425965eccd605ca9d79e
u01-s014-v002,question,questionId,13,13,fc19c385dd338d5bb3212a6368a2cf61cdffb36f538069b8be1a4c9acbfee894
u01-s014-v002,question,unitId,3,3,2055254ee30aaae13b777732834c89d7f799015d3af13b62fe05aeef8c3e0eaa
u01-s014-v002,question,topicId,21,21,6c2d9a40ebadba3338b6f5bafbe66da4ac6d33592472b5b2f23ccc9fa1c80ebb
u01-s014-v002,question,skillId,27,27,edd279722987333b33a23fc24e21445f2a848790a11359abdbcb1391f320f5b4
u01-s014-v002,question,difficulty,5,5,fbb7b5bf4ca348eeeebf8cc3660712859a5a1fbf18e83217a57ce203fb51d5c2
u01-s014-v002,question,type,2,2,6bc0f9c4ecb0acbebf1b9f6c816bdd66f4885f67c917d9e141cf893014fba936
u01-s014-v002,question,visualMode,9,9,9c7d54b0bf7a9369d8594201c7b11955514343809d09fbec33966c1fd9794015
u01-s014-v002,question,sourceScope,19,19,a4b669ddb8ef1883391c07a7b633f12eeaeecee7ec37c09eea4931aff6644346
u01-s014-v002,question,text,18,38,f2bb0ac8f74d2e933ff42583ab02766c135772e071994b00849bee8bdefaa416
u01-s014-v002,question,choices[0],7,10,6e5b1278a8908523aaa2029ab7ec076dc18f0506447081159ddaed62c5ebda67
u01-s014-v002,question,choices[1],8,13,dcb6e2d4e9d5c206f511b97db69d8c0b2478cb8d4eb1013714bc0fb6a948ca0d
u01-s014-v002,question,choices[2],9,13,7d6c28f14ff52ddb037f8d5f755344cff95beefd8f77f6e17bc38d53a4b8614b
u01-s014-v002,question,choices[3],7,12,cd5645f9801e89671291600a897297e192df8221c9e8732c1d0649cc3a5b91f3
u01-s014-v002,question,explanation,24,60,d27bca1db7c87b24ef3db7a15beee2da62cec68e5816ffd1ac3488dc4336dcae
u01-s014-v002,question,steps[0],6,12,6b677aa90dd7cdab6f7d99916f374f13dbfbb37236e8b639dbcf5e4e3258a59a
u01-s014-v002,question,steps[1],8,22,67e31b6f96c8b1d5a3eda72e53de61a19a056562dbcfa1e3fa036bd5a54f11bc
u01-s014-v002,question,steps[2],5,11,d323f25f458ddafc75e610d9df2b2e51cfba27576483e3d93d218d90fefd4571
u01-s014-v002,question,optionAnalysis[0].choice,7,10,6e5b1278a8908523aaa2029ab7ec076dc18f0506447081159ddaed62c5ebda67
u01-s014-v002,question,optionAnalysis[0].reason,6,18,9f7d16cb6802723a29c248ae270ee23781a03725c84fc8ada2f1c69d391f732b
u01-s014-v002,question,optionAnalysis[1].choice,8,13,dcb6e2d4e9d5c206f511b97db69d8c0b2478cb8d4eb1013714bc0fb6a948ca0d
u01-s014-v002,question,optionAnalysis[1].reason,18,21,ac63fa7332b9b0288495340614d4bf0d344112cf815138ff307c83fc732d30e3
u01-s014-v002,question,optionAnalysis[2].choice,9,13,7d6c28f14ff52ddb037f8d5f755344cff95beefd8f77f6e17bc38d53a4b8614b
u01-s014-v002,question,optionAnalysis[2].reason,11,33,afbc33f3bd806673978bc5f50808cc38223a379cf82d4753c1504af74b022d01
u01-s014-v002,question,optionAnalysis[3].choice,7,12,cd5645f9801e89671291600a897297e192df8221c9e8732c1d0649cc3a5b91f3
u01-s014-v002,question,optionAnalysis[3].reason,11,33,afbc33f3bd806673978bc5f50808cc38223a379cf82d4753c1504af74b022d01
u01-s014-v002,question,commonMistake,12,34,c24869587508eb9083105eb35de0ff830624f8564e8b6d661ac9b17194eeeaa9
u01-s014-v002,question,concept,13,37,0b63bcac1c2b7d60736abacd7dacdbdca09251e8b9344b9ccd2832be412c2a36
u01-s014-v002,question,tags[0],3,9,fd41540cbdbecb9b5fa7116d27c68e378548ab62ab7c7ca4494730a81ea87667
u01-s014-v002,question,tags[1],4,12,b3c4d52d877de5dfc7edea952f1254fed979d225d0021a66c07589b5bcc068ca
u01-s014-v002,question,tags[2],5,5,fbb7b5bf4ca348eeeebf8cc3660712859a5a1fbf18e83217a57ce203fb51d5c2
u01-s014-v002,question,estimatedTimeSec,2,2,39fa9ec190eee7b6f4dff1100d6343e10918d044c75eac8f9e9a2596173f80c9
u01-s014-v002,question,prerequisiteSkillIds[0],21,21,7b00b19a489da427db28315d822ef95d4808ac16f2df36e74e1c5570b7d4b5bc
u01-s014-v002,question,authoringIntent,11,33,f0fa7f5e2d58b4f58d65ed06890bd8287a76048c66578fc6fe93cbc875210344
u01-s014-v002,question,reviewStatus,22,22,ec809598e2f7fcc69fad54c9cd045bba62b4a0dc7c0ff90d4efdc3788c9ad8fb
u01-s014-v002,question,contentSha256,64,64,0950745f859965921ca0ee94b047ae8beeb8edb7ca2c5a7723f0c798a2edc18d
u01-s014-v002,question,contentAuthority,25,25,ed40f75ffe3d6ad4e71f6e7919d063410490de360edb425965eccd605ca9d79e
u01-s014-v003,question,questionId,13,13,b232ab5121e8fc81e76faf383ba7b41790650049c845e2983f892f162e752763
u01-s014-v003,question,unitId,3,3,2055254ee30aaae13b777732834c89d7f799015d3af13b62fe05aeef8c3e0eaa
u01-s014-v003,question,topicId,21,21,6c2d9a40ebadba3338b6f5bafbe66da4ac6d33592472b5b2f23ccc9fa1c80ebb
u01-s014-v003,question,skillId,27,27,edd279722987333b33a23fc24e21445f2a848790a11359abdbcb1391f320f5b4
u01-s014-v003,question,difficulty,5,5,fbb7b5bf4ca348eeeebf8cc3660712859a5a1fbf18e83217a57ce203fb51d5c2
u01-s014-v003,question,type,2,2,6bc0f9c4ecb0acbebf1b9f6c816bdd66f4885f67c917d9e141cf893014fba936
u01-s014-v003,question,visualMode,9,9,9c7d54b0bf7a9369d8594201c7b11955514343809d09fbec33966c1fd9794015
u01-s014-v003,question,sourceScope,19,19,a4b669ddb8ef1883391c07a7b633f12eeaeecee7ec37c09eea4931aff6644346
u01-s014-v003,question,text,14,42,4528a266214dd948ae114ddb568fd4b8baa06c5ab3683de18c6ddac50a2d880a
u01-s014-v003,question,choices[0],8,10,dba0c301dcfa19015b62f46547cfbe9bf03e9f7c9774f02b1ea57c0d24c41761
u01-s014-v003,question,choices[1],7,10,dd0a3912cd66ed57c332ea09e2fb0dcad625666bc74a92d7728fa715c7ad560b
u01-s014-v003,question,choices[2],9,13,0b518a8def4acc39de932c71be90cb5302966f967bb7654345ca7b426cd85456
u01-s014-v003,question,choices[3],7,11,6a1c0f513bd689df7e394815489b98399c92f88e895525c58d0ac1dfa44df1e4
u01-s014-v003,question,explanation,23,47,f676e17e12846bc35f60730a28b64962451a1b6819e0404baeba43368a90c0ad
u01-s014-v003,question,steps[0],7,21,39e1b59f2be98f8d48228962a3f05e19d861d54bfb4b17e06e58bee9c6653b7b
u01-s014-v003,question,steps[1],16,30,6d316d9af6da2e824ca307f0ae7e9470e9095bc8ccae05ccb21d8dcc2e0624c3
u01-s014-v003,question,steps[2],7,13,1e16853c4dbe3d79a7af11acbb05280bebdee713eae27212beec1b85f6736c68
u01-s014-v003,question,optionAnalysis[0].choice,8,10,dba0c301dcfa19015b62f46547cfbe9bf03e9f7c9774f02b1ea57c0d24c41761
u01-s014-v003,question,optionAnalysis[0].reason,6,14,24ddb36769232c365f613edcd2cf3975563145ab2d6e7fe5ae0d906eebc8a071
u01-s014-v003,question,optionAnalysis[1].choice,7,10,dd0a3912cd66ed57c332ea09e2fb0dcad625666bc74a92d7728fa715c7ad560b
u01-s014-v003,question,optionAnalysis[1].reason,5,11,62aa66798ffc5411fbed5d0b7803863d0ec68c112ce4b51df7456d583864d91d
u01-s014-v003,question,optionAnalysis[2].choice,9,13,0b518a8def4acc39de932c71be90cb5302966f967bb7654345ca7b426cd85456
u01-s014-v003,question,optionAnalysis[2].reason,13,25,89e5933dab66d9e43645433c91ffef47d6f0b8da0357df295dbc88cae8b22acd
u01-s014-v003,question,optionAnalysis[3].choice,7,11,6a1c0f513bd689df7e394815489b98399c92f88e895525c58d0ac1dfa44df1e4
u01-s014-v003,question,optionAnalysis[3].reason,6,14,24ddb36769232c365f613edcd2cf3975563145ab2d6e7fe5ae0d906eebc8a071
u01-s014-v003,question,commonMistake,18,49,4c25ec16cae65773cf26586b29629a77ee0deae00061a270b94e20e12bc2d62c
u01-s014-v003,question,concept,13,39,6c0fd3d5cb5cd47ef238cb7694e39fc293c147dea94a99bf3800e1436a7d6ce5
u01-s014-v003,question,tags[0],3,9,fd41540cbdbecb9b5fa7116d27c68e378548ab62ab7c7ca4494730a81ea87667
u01-s014-v003,question,tags[1],4,12,b3c4d52d877de5dfc7edea952f1254fed979d225d0021a66c07589b5bcc068ca
u01-s014-v003,question,tags[2],5,5,fbb7b5bf4ca348eeeebf8cc3660712859a5a1fbf18e83217a57ce203fb51d5c2
u01-s014-v003,question,estimatedTimeSec,2,2,39fa9ec190eee7b6f4dff1100d6343e10918d044c75eac8f9e9a2596173f80c9
u01-s014-v003,question,prerequisiteSkillIds[0],21,21,7b00b19a489da427db28315d822ef95d4808ac16f2df36e74e1c5570b7d4b5bc
u01-s014-v003,question,authoringIntent,7,21,d85fdc4e8ed052add553ec239fd0c7c592d15ddc7d6c741f0d478a75fa348709
u01-s014-v003,question,reviewStatus,22,22,ec809598e2f7fcc69fad54c9cd045bba62b4a0dc7c0ff90d4efdc3788c9ad8fb
u01-s014-v003,question,contentSha256,64,64,fff643e50d72792b4e9bb729041b8c8235e19667833c65cc362db4c4ace6b549
u01-s014-v003,question,contentAuthority,25,25,ed40f75ffe3d6ad4e71f6e7919d063410490de360edb425965eccd605ca9d79e
u01-s014-v004,question,questionId,13,13,b795afb776d21d12d337336d4d4bbbeceabbacb8bef63da90eab156a9be644dc
u01-s014-v004,question,unitId,3,3,2055254ee30aaae13b777732834c89d7f799015d3af13b62fe05aeef8c3e0eaa
u01-s014-v004,question,topicId,21,21,6c2d9a40ebadba3338b6f5bafbe66da4ac6d33592472b5b2f23ccc9fa1c80ebb
u01-s014-v004,question,skillId,27,27,edd279722987333b33a23fc24e21445f2a848790a11359abdbcb1391f320f5b4
u01-s014-v004,question,difficulty,8,8,fe6d3468cf5c74d8ec2a95b40f2e05338c37a4202f8fad692d2b64a9cf9b468a
u01-s014-v004,question,type,2,2,6bc0f9c4ecb0acbebf1b9f6c816bdd66f4885f67c917d9e141cf893014fba936
u01-s014-v004,question,visualMode,9,9,9c7d54b0bf7a9369d8594201c7b11955514343809d09fbec33966c1fd9794015
u01-s014-v004,question,sourceScope,19,19,a4b669ddb8ef1883391c07a7b633f12eeaeecee7ec37c09eea4931aff6644346
u01-s014-v004,question,text,19,42,9abe1406ac3e96e6506d950c466d766fef305146156f0da263a38b465c946104
u01-s014-v004,question,choices[0],8,8,0045de96464aee7b7ca03d6b54adc7a209df8387f98a8703e41068e2c83227a4
u01-s014-v004,question,choices[1],6,6,c0fd5d98d42c26a875233b667bcdb9100dbacacb64d3475eced7086d85a3d0e4
u01-s014-v004,question,choices[2],9,9,5497cc251ccd336325d7609a710cf1d2bc2ce5d0d04f2885ae9b6c15ad50fe8a
u01-s014-v004,question,choices[3],7,7,7f06b8316c72da97cdeffc4b7880dcb03306ff74907d9262e6437332687eab34
u01-s014-v004,question,explanation,25,49,1d7a1d1e6026823cc3370d9244bc5d026c84986890dff6cc7b43cb1ce5b0dd2a
u01-s014-v004,question,steps[0],5,13,b8b550b8eb8c59b3dcef3f79dc233281668f6676ac1e4397ffb54235bec05cda
u01-s014-v004,question,steps[1],8,22,64b35fe89864ffa07bc966fbcb69b2e7b0f48066584f19161737cbaddc9c22c7
u01-s014-v004,question,steps[2],9,15,7cff60700c85b825aa93f765c04a44a9f9f7e2311d83757b9c15d9c38e59ccda
u01-s014-v004,question,optionAnalysis[0].choice,8,8,0045de96464aee7b7ca03d6b54adc7a209df8387f98a8703e41068e2c83227a4
u01-s014-v004,question,optionAnalysis[0].reason,4,12,6d454036d8c0044e490469ed6f1842cdd7e83d33ef40c1127540e2c44adaa762
u01-s014-v004,question,optionAnalysis[1].choice,6,6,c0fd5d98d42c26a875233b667bcdb9100dbacacb64d3475eced7086d85a3d0e4
u01-s014-v004,question,optionAnalysis[1].reason,5,15,63e56dd9473dae77a812170899143ae5df6fed3ae52e6bb2004a28f8b6224847
u01-s014-v004,question,optionAnalysis[2].choice,9,9,5497cc251ccd336325d7609a710cf1d2bc2ce5d0d04f2885ae9b6c15ad50fe8a
u01-s014-v004,question,optionAnalysis[2].reason,5,15,0f55bbe601a7c9e3a071ea0036a0daac6975d9b7df4556f87f117ca33b1ed9d6
u01-s014-v004,question,optionAnalysis[3].choice,7,7,7f06b8316c72da97cdeffc4b7880dcb03306ff74907d9262e6437332687eab34
u01-s014-v004,question,optionAnalysis[3].reason,19,22,83a8f895f8564667e263117b24256226e5aed7ee7010c799322b331a796e0d87
u01-s014-v004,question,commonMistake,24,58,f3fa468fb003d6aeb9245013bd8d8fbc3480c32c81b49e11458cb3eef1586661
u01-s014-v004,question,concept,12,36,ca4fa0ff8ac55d0c3926955d26dc24781ed28f7597f5f3be5f2192b1240dbf5d
u01-s014-v004,question,tags[0],3,9,fd41540cbdbecb9b5fa7116d27c68e378548ab62ab7c7ca4494730a81ea87667
u01-s014-v004,question,tags[1],4,12,b3c4d52d877de5dfc7edea952f1254fed979d225d0021a66c07589b5bcc068ca
u01-s014-v004,question,tags[2],8,8,fe6d3468cf5c74d8ec2a95b40f2e05338c37a4202f8fad692d2b64a9cf9b468a
u01-s014-v004,question,estimatedTimeSec,2,2,39fa9ec190eee7b6f4dff1100d6343e10918d044c75eac8f9e9a2596173f80c9
u01-s014-v004,question,prerequisiteSkillIds[0],21,21,7b00b19a489da427db28315d822ef95d4808ac16f2df36e74e1c5570b7d4b5bc
u01-s014-v004,question,authoringIntent,9,27,534469faeb8f91d56d4f0c5ae21d6a22800b382697af81f87621b89b1a22fc67
u01-s014-v004,question,reviewStatus,22,22,ec809598e2f7fcc69fad54c9cd045bba62b4a0dc7c0ff90d4efdc3788c9ad8fb
u01-s014-v004,question,contentSha256,64,64,85bfebc0ff5fd8f7e4697928de309a6f4f997c903e40046c2d9dec5f241186b3
u01-s014-v004,question,contentAuthority,25,25,ed40f75ffe3d6ad4e71f6e7919d063410490de360edb425965eccd605ca9d79e
u01-s014-v005,question,questionId,13,13,6fc9ba900c6f9b08ed43903bfcf3da545ad6a3edcd45d4df92a65f425a87e981
u01-s014-v005,question,unitId,3,3,2055254ee30aaae13b777732834c89d7f799015d3af13b62fe05aeef8c3e0eaa
u01-s014-v005,question,topicId,21,21,6c2d9a40ebadba3338b6f5bafbe66da4ac6d33592472b5b2f23ccc9fa1c80ebb
u01-s014-v005,question,skillId,27,27,edd279722987333b33a23fc24e21445f2a848790a11359abdbcb1391f320f5b4
u01-s014-v005,question,difficulty,8,8,fe6d3468cf5c74d8ec2a95b40f2e05338c37a4202f8fad692d2b64a9cf9b468a
u01-s014-v005,question,type,2,2,6bc0f9c4ecb0acbebf1b9f6c816bdd66f4885f67c917d9e141cf893014fba936
u01-s014-v005,question,visualMode,9,9,9c7d54b0bf7a9369d8594201c7b11955514343809d09fbec33966c1fd9794015
u01-s014-v005,question,sourceScope,19,19,a4b669ddb8ef1883391c07a7b633f12eeaeecee7ec37c09eea4931aff6644346
u01-s014-v005,question,text,26,50,c289dee60ce06de02d01c912e46e1c5502bed660d8efe6571973988e4c13db86
u01-s014-v005,question,choices[0],10,17,f10ac23a438e85fbfe68f6b9c63152544a87cc6604f2a500bdc9336ff652265e
u01-s014-v005,question,choices[1],10,17,c8fcfb56bd046bd650c4bf37c734c03853f2c5bf32f98a38886b63835b7841cf
u01-s014-v005,question,choices[2],4,12,ba8aa0306d27ab6e8fc67d1499fef441907ab29d9a0b396b7ac3b2a08d8e2eb5
u01-s014-v005,question,choices[3],4,12,bf194ec7a39d56e79c9cfcec6e1e7116c5abbb8a1e34e214955a273d35dfb4c9
u01-s014-v005,question,explanation,27,64,5c14e631c758af2e3bd2367f7616c4f4e131492bf38a176f496bc69a3eae253c
u01-s014-v005,question,steps[0],5,15,f219544899a37d44b1355008c50091499c2e90143e9be857c000afee2041284e
u01-s014-v005,question,steps[1],11,25,c0782a98239392119c24faa37dd6ab2e9dc9f3f4a1430f091929982dcf827d46
u01-s014-v005,question,steps[2],7,19,913c49a2b2c395e9b2849221edad05469d26ef54f2bf15b7ca57b08111b001e0
u01-s014-v005,question,optionAnalysis[0].choice,10,17,f10ac23a438e85fbfe68f6b9c63152544a87cc6604f2a500bdc9336ff652265e
u01-s014-v005,question,optionAnalysis[0].reason,37,47,b1f3eaaef5bd041c1ffe439f773023e6107a5709420242c9e4deba327ec099c3
u01-s014-v005,question,optionAnalysis[1].choice,10,17,c8fcfb56bd046bd650c4bf37c734c03853f2c5bf32f98a38886b63835b7841cf
u01-s014-v005,question,optionAnalysis[1].reason,6,18,d8517972587c5ef264e5c5fbcb7051f322e05f02b55ad7626a62e5627f7eb59a
u01-s014-v005,question,optionAnalysis[2].choice,4,12,ba8aa0306d27ab6e8fc67d1499fef441907ab29d9a0b396b7ac3b2a08d8e2eb5
u01-s014-v005,question,optionAnalysis[2].reason,6,18,7ac54ea4b017bd6a6870ab78f4bb138a41c019f1e9281002f7e06de804aec265
u01-s014-v005,question,optionAnalysis[3].choice,4,12,bf194ec7a39d56e79c9cfcec6e1e7116c5abbb8a1e34e214955a273d35dfb4c9
u01-s014-v005,question,optionAnalysis[3].reason,5,15,1b10a7b7aa38305eb141054acd8ec47b1d1c4158635ba60399852cb5f243ebfe
u01-s014-v005,question,commonMistake,14,28,d738533d952f8b73aae3d25d7cbe1eb0427e3f8cc1b90f3836f642c443a66ac1
u01-s014-v005,question,concept,13,39,673ea846231265d5ac2f722c8d4fb760a666b33fe72de7d8cb9fdd813b63f926
u01-s014-v005,question,tags[0],3,9,fd41540cbdbecb9b5fa7116d27c68e378548ab62ab7c7ca4494730a81ea87667
u01-s014-v005,question,tags[1],4,12,b3c4d52d877de5dfc7edea952f1254fed979d225d0021a66c07589b5bcc068ca
u01-s014-v005,question,tags[2],8,8,fe6d3468cf5c74d8ec2a95b40f2e05338c37a4202f8fad692d2b64a9cf9b468a
u01-s014-v005,question,estimatedTimeSec,2,2,39fa9ec190eee7b6f4dff1100d6343e10918d044c75eac8f9e9a2596173f80c9
u01-s014-v005,question,prerequisiteSkillIds[0],21,21,7b00b19a489da427db28315d822ef95d4808ac16f2df36e74e1c5570b7d4b5bc
u01-s014-v005,question,authoringIntent,10,30,f80a6b9d17f4fba2b1461dc7aa861c53d92b1c4c174bca94275ac271d86ed099
u01-s014-v005,question,reviewStatus,22,22,ec809598e2f7fcc69fad54c9cd045bba62b4a0dc7c0ff90d4efdc3788c9ad8fb
u01-s014-v005,question,contentSha256,64,64,fc843dc86bc1d875d7f7c3f8adc75399a22dac030112a17ae2bc832ebaca6063
u01-s014-v005,question,contentAuthority,25,25,ed40f75ffe3d6ad4e71f6e7919d063410490de360edb425965eccd605ca9d79e
u01-s014-v006,question,questionId,13,13,53de3bcc57dfbfdc68976ce93e78e90846c1e732ac267aa14482806430a7b33f
u01-s014-v006,question,unitId,3,3,2055254ee30aaae13b777732834c89d7f799015d3af13b62fe05aeef8c3e0eaa
u01-s014-v006,question,topicId,21,21,6c2d9a40ebadba3338b6f5bafbe66da4ac6d33592472b5b2f23ccc9fa1c80ebb
u01-s014-v006,question,skillId,27,27,edd279722987333b33a23fc24e21445f2a848790a11359abdbcb1391f320f5b4
u01-s014-v006,question,difficulty,8,8,fe6d3468cf5c74d8ec2a95b40f2e05338c37a4202f8fad692d2b64a9cf9b468a
u01-s014-v006,question,type,2,2,6bc0f9c4ecb0acbebf1b9f6c816bdd66f4885f67c917d9e141cf893014fba936
u01-s014-v006,question,visualMode,9,9,9c7d54b0bf7a9369d8594201c7b11955514343809d09fbec33966c1fd9794015
u01-s014-v006,question,sourceScope,19,19,a4b669ddb8ef1883391c07a7b633f12eeaeecee7ec37c09eea4931aff6644346
u01-s014-v006,question,text,21,38,f14e387285e69b48f48024d78d30c4828d499ded4b05489f17fe33abb84a5fb3
u01-s014-v006,question,choices[0],6,10,fa180aa57d940e59212c9484c2f96a9fc6f9e189cac6966513bfae089f79e76b
u01-s014-v006,question,choices[1],5,8,a9927cd1485d669866694813c343ba374d4113e3cbd0e6f593c02189b9b9a3de
u01-s014-v006,question,choices[2],5,8,02f81b2141f55032fc165df3a75c2b24d612bff83b0d4f77003916081aa928bf
u01-s014-v006,question,choices[3],5,7,2c6ca148577b428bd8316725212de903b3045197da28599ffac3b173b7a9897c
u01-s014-v006,question,explanation,28,52,52f53861a69b69133b13f10cdc91fa4ae2b31721ebe0b82dbdc09fd82ee16bd2
u01-s014-v006,question,steps[0],6,16,ddbd298df4c25e601f7661f0f1b88097658cfed98dec2bb44e6def05e91a6c7d
u01-s014-v006,question,steps[1],8,14,2b1ed8b0dc79643ea2328dc4844d3289faff7576c34de592a29de83eceea8bf1
u01-s014-v006,question,steps[2],6,18,0a5f7a76727a9b83757da96beecc897dc91c9d688cc98a40153632fc442a01f9
u01-s014-v006,question,optionAnalysis[0].choice,6,10,fa180aa57d940e59212c9484c2f96a9fc6f9e189cac6966513bfae089f79e76b
u01-s014-v006,question,optionAnalysis[0].reason,6,18,452b9ebdb3b8cab515f0ed5e560d622c21e8ed74a594594e763673a96e8060de
u01-s014-v006,question,optionAnalysis[1].choice,5,8,a9927cd1485d669866694813c343ba374d4113e3cbd0e6f593c02189b9b9a3de
u01-s014-v006,question,optionAnalysis[1].reason,17,23,8dcad2db3f8221a64c5cf1ed8c4315bedcb6af6a24ff7bf8f5fc1ee4bde03e39
u01-s014-v006,question,optionAnalysis[2].choice,5,8,02f81b2141f55032fc165df3a75c2b24d612bff83b0d4f77003916081aa928bf
u01-s014-v006,question,optionAnalysis[2].reason,5,15,0bd466b2f4b05cf7612fd00ac9b77a749e9c8ebb81c963f75ac02f96d7bbd51f
u01-s014-v006,question,optionAnalysis[3].choice,5,7,2c6ca148577b428bd8316725212de903b3045197da28599ffac3b173b7a9897c
u01-s014-v006,question,optionAnalysis[3].reason,5,15,82964b40d774fe71d3931fd34214cb5a1a203026e966cb4a2785bf90b5d895d2
u01-s014-v006,question,commonMistake,10,22,214e5aac10ca2412333401b7752a56d844622752395e0ccdd6b4d1a1d2ad0b8a
u01-s014-v006,question,concept,16,48,1fed9b31710322dd6f541e1911f11cf8b799841986b257ac7aec86dc3a9af71b
u01-s014-v006,question,tags[0],3,9,fd41540cbdbecb9b5fa7116d27c68e378548ab62ab7c7ca4494730a81ea87667
u01-s014-v006,question,tags[1],4,12,b3c4d52d877de5dfc7edea952f1254fed979d225d0021a66c07589b5bcc068ca
u01-s014-v006,question,tags[2],8,8,fe6d3468cf5c74d8ec2a95b40f2e05338c37a4202f8fad692d2b64a9cf9b468a
u01-s014-v006,question,estimatedTimeSec,2,2,39fa9ec190eee7b6f4dff1100d6343e10918d044c75eac8f9e9a2596173f80c9
u01-s014-v006,question,prerequisiteSkillIds[0],21,21,7b00b19a489da427db28315d822ef95d4808ac16f2df36e74e1c5570b7d4b5bc
u01-s014-v006,question,authoringIntent,9,27,88bebf22567023b1022995a1dfe6ac5e7fb7f8bfe336c9582e7db81175c04aaf
u01-s014-v006,question,reviewStatus,22,22,ec809598e2f7fcc69fad54c9cd045bba62b4a0dc7c0ff90d4efdc3788c9ad8fb
u01-s014-v006,question,contentSha256,64,64,bba85984fbb42835ffaaf3a0293c92a43e610a0b5ac6c7e847119ffc68ee2da7
u01-s014-v006,question,contentAuthority,25,25,ed40f75ffe3d6ad4e71f6e7919d063410490de360edb425965eccd605ca9d79e
u01-s014-v007,question,questionId,13,13,64b6a68d4acf04613549714b613d15e210525428fc830068ca9d53a5ce33087f
u01-s014-v007,question,unitId,3,3,2055254ee30aaae13b777732834c89d7f799015d3af13b62fe05aeef8c3e0eaa
u01-s014-v007,question,topicId,21,21,6c2d9a40ebadba3338b6f5bafbe66da4ac6d33592472b5b2f23ccc9fa1c80ebb
u01-s014-v007,question,skillId,27,27,edd279722987333b33a23fc24e21445f2a848790a11359abdbcb1391f320f5b4
u01-s014-v007,question,difficulty,8,8,d21f85ea38166303ce58e06134b5cc4a5c900c409ab2a500ff7c9225109a09bb
u01-s014-v007,question,type,2,2,6bc0f9c4ecb0acbebf1b9f6c816bdd66f4885f67c917d9e141cf893014fba936
u01-s014-v007,question,visualMode,9,9,9c7d54b0bf7a9369d8594201c7b11955514343809d09fbec33966c1fd9794015
u01-s014-v007,question,sourceScope,19,19,a4b669ddb8ef1883391c07a7b633f12eeaeecee7ec37c09eea4931aff6644346
u01-s014-v007,question,text,22,40,e6f8607370722076282b23749de341dce25e4b1f9c4e2bdbd032cd4533b9411b
u01-s014-v007,question,choices[0],6,10,3e8dfd4e52690f5b9fb2fa6c1bc5bdb7c209966cf311332a1275457f4f699db2
u01-s014-v007,question,choices[1],5,8,f51c3816a05ba2d14687f7af66865015e2a9659c71be0aaa711f58b840d04047
u01-s014-v007,question,choices[2],5,8,ec15232ca5bb7fe236eb0e76e7437796c4e55f65723e913270263699c3aff40e
u01-s014-v007,question,choices[3],5,8,aca1e607d2f23aae51323e0bd247039d4ff09530bfcedffd0ecece0f6c8e808b
u01-s014-v007,question,explanation,24,46,5e8ff37406b3752e8dd7189f714c1aa69be01df3048f65d41c3be5a3e95e5ffd
u01-s014-v007,question,steps[0],6,16,cbbb4704f79678f14d09cf4457fa8d8c46de5cad7fa079c69f69f644d5ffecfa
u01-s014-v007,question,steps[1],7,19,51108e1225d06815a40ed209795b60a7a278dfcbd276339e55cefa74cb533b8d
u01-s014-v007,question,steps[2],5,15,8bdab478019d158f58cbcc9e5eb77b2c1ee8b983b675cc8a550eb772f78f1731
u01-s014-v007,question,optionAnalysis[0].choice,6,10,3e8dfd4e52690f5b9fb2fa6c1bc5bdb7c209966cf311332a1275457f4f699db2
u01-s014-v007,question,optionAnalysis[0].reason,5,15,c4534bb4df763a52499032f54e68a97a95a9f190286ae85b73d047127239b9fe
u01-s014-v007,question,optionAnalysis[1].choice,5,8,f51c3816a05ba2d14687f7af66865015e2a9659c71be0aaa711f58b840d04047
u01-s014-v007,question,optionAnalysis[1].reason,5,15,7b075e1494dab397cf6a4d62173969927e66f41cb50be7b6540d55a77d67e920
u01-s014-v007,question,optionAnalysis[2].choice,5,8,ec15232ca5bb7fe236eb0e76e7437796c4e55f65723e913270263699c3aff40e
u01-s014-v007,question,optionAnalysis[2].reason,17,23,b7d0714fa02214512467a3889d99e357733653b1d973d945aa06f1c179095011
u01-s014-v007,question,optionAnalysis[3].choice,5,8,aca1e607d2f23aae51323e0bd247039d4ff09530bfcedffd0ecece0f6c8e808b
u01-s014-v007,question,optionAnalysis[3].reason,5,15,f71420efeeb1c5e606278f6d7a94f754aff5576c9e96f37f382d7ca53e9a2b9b
u01-s014-v007,question,commonMistake,11,26,ffdf0f808af341818a95580758419052c00ebfa3bf5e9c403006226e15d2a92d
u01-s014-v007,question,concept,16,48,621d244c951d8bd5c905f75cf935b0ca7078710afc9046ed6023f7cc329608ff
u01-s014-v007,question,tags[0],3,9,fd41540cbdbecb9b5fa7116d27c68e378548ab62ab7c7ca4494730a81ea87667
u01-s014-v007,question,tags[1],4,12,b3c4d52d877de5dfc7edea952f1254fed979d225d0021a66c07589b5bcc068ca
u01-s014-v007,question,tags[2],8,8,d21f85ea38166303ce58e06134b5cc4a5c900c409ab2a500ff7c9225109a09bb
u01-s014-v007,question,estimatedTimeSec,2,2,39fa9ec190eee7b6f4dff1100d6343e10918d044c75eac8f9e9a2596173f80c9
u01-s014-v007,question,prerequisiteSkillIds[0],21,21,7b00b19a489da427db28315d822ef95d4808ac16f2df36e74e1c5570b7d4b5bc
u01-s014-v007,question,authoringIntent,9,27,865439ba4235324921829ad496028059db1824d10af6439b86744c941fd59bb7
u01-s014-v007,question,reviewStatus,22,22,ec809598e2f7fcc69fad54c9cd045bba62b4a0dc7c0ff90d4efdc3788c9ad8fb
u01-s014-v007,question,contentSha256,64,64,bbc876fc7928c015353a16c128e9b9cd29c00a91f60a9c4be87339bd575b1393
u01-s014-v007,question,contentAuthority,25,25,ed40f75ffe3d6ad4e71f6e7919d063410490de360edb425965eccd605ca9d79e
u01-s014-v008,question,questionId,13,13,691672fbc8b7f89f432032e666f9ecbd515b2a40c6451cf0b14241519f33730c
u01-s014-v008,question,unitId,3,3,2055254ee30aaae13b777732834c89d7f799015d3af13b62fe05aeef8c3e0eaa
u01-s014-v008,question,topicId,21,21,6c2d9a40ebadba3338b6f5bafbe66da4ac6d33592472b5b2f23ccc9fa1c80ebb
u01-s014-v008,question,skillId,27,27,edd279722987333b33a23fc24e21445f2a848790a11359abdbcb1391f320f5b4
u01-s014-v008,question,difficulty,8,8,d21f85ea38166303ce58e06134b5cc4a5c900c409ab2a500ff7c9225109a09bb
u01-s014-v008,question,type,2,2,6bc0f9c4ecb0acbebf1b9f6c816bdd66f4885f67c917d9e141cf893014fba936
u01-s014-v008,question,visualMode,9,9,9c7d54b0bf7a9369d8594201c7b11955514343809d09fbec33966c1fd9794015
u01-s014-v008,question,sourceScope,19,19,a4b669ddb8ef1883391c07a7b633f12eeaeecee7ec37c09eea4931aff6644346
u01-s014-v008,question,text,19,46,e138c63035e9390424037197446906c0a24eb2afd30a8814077a50835890657c
u01-s014-v008,question,choices[0],6,9,31c06fec959a7624d1c08f27f206d1afb62bbab60db01f2da334082f5a5e0462
u01-s014-v008,question,choices[1],8,11,b5d8a2704f4f10e157904243889e6e0b35b4a3ae6c4ee7951ba4ba61d88ce847
u01-s014-v008,question,choices[2],7,10,a347f5627bd6d30720b8a39b4407619cb37bc231189f69ee928edc86fe0bd79d
u01-s014-v008,question,choices[3],7,10,6c0738ea1a55b8be5278bd24d5997e085093f4757d6b766d2a168d7254750938
u01-s014-v008,question,explanation,27,42,ecfe6d7bccd5918bb3aaa1ad1889756dc2132e5c03fc9084a5d9a7c2624c1f20
u01-s014-v008,question,steps[0],12,21,074cfd16148e74a3a3f3c7e4e96ac2b271efeab8c92b8c2578d990ae68b09a9c
u01-s014-v008,question,steps[1],10,21,d4bbc0cefa6844549d85454dd4e34fc3121150c25926f57d6c94f205b3e3e1aa
u01-s014-v008,question,steps[2],9,16,5045d1db8d22312f0164028ceab1d186d9c01daf794c7b0744f8479bb11ed8eb
u01-s014-v008,question,optionAnalysis[0].choice,6,9,31c06fec959a7624d1c08f27f206d1afb62bbab60db01f2da334082f5a5e0462
u01-s014-v008,question,optionAnalysis[0].reason,4,12,2c8b3281f7ad24cd52d9010ecf20311e8208a0ebf3d815046773b50cc73d0241
u01-s014-v008,question,optionAnalysis[1].choice,8,11,b5d8a2704f4f10e157904243889e6e0b35b4a3ae6c4ee7951ba4ba61d88ce847
u01-s014-v008,question,optionAnalysis[1].reason,10,26,7765d75ba6ba6e6a630a95b8f9775ca25ddaa6bc2353c1144d15c7fb387f32ca
u01-s014-v008,question,optionAnalysis[2].choice,7,10,a347f5627bd6d30720b8a39b4407619cb37bc231189f69ee928edc86fe0bd79d
u01-s014-v008,question,optionAnalysis[2].reason,7,17,93d8d25156bff9a61a0b738a903589b9277890735bbc4e7cded3d2f8e9c7fc5e
u01-s014-v008,question,optionAnalysis[3].choice,7,10,6c0738ea1a55b8be5278bd24d5997e085093f4757d6b766d2a168d7254750938
u01-s014-v008,question,optionAnalysis[3].reason,26,38,732be8a27ed74edad5d36a39058816c4fcee7e2d4f560957e8ed4938951268ea
u01-s014-v008,question,commonMistake,20,48,bdf28143f1e56645dbc9624492bbb98e6939212a6044d24efad8c685dad0632c
u01-s014-v008,question,concept,15,41,57961794b62e742a579382755ba29b481f0021d438130762e755b26a4d03a2ff
u01-s014-v008,question,tags[0],3,9,fd41540cbdbecb9b5fa7116d27c68e378548ab62ab7c7ca4494730a81ea87667
u01-s014-v008,question,tags[1],4,12,b3c4d52d877de5dfc7edea952f1254fed979d225d0021a66c07589b5bcc068ca
u01-s014-v008,question,tags[2],8,8,d21f85ea38166303ce58e06134b5cc4a5c900c409ab2a500ff7c9225109a09bb
u01-s014-v008,question,estimatedTimeSec,2,2,39fa9ec190eee7b6f4dff1100d6343e10918d044c75eac8f9e9a2596173f80c9
u01-s014-v008,question,prerequisiteSkillIds[0],21,21,7b00b19a489da427db28315d822ef95d4808ac16f2df36e74e1c5570b7d4b5bc
u01-s014-v008,question,authoringIntent,11,33,788077b4f4b1bbb1199713c1054e1db7ae8aee28b3ae7e1f46832ba33f713be0
u01-s014-v008,question,reviewStatus,22,22,ec809598e2f7fcc69fad54c9cd045bba62b4a0dc7c0ff90d4efdc3788c9ad8fb
u01-s014-v008,question,contentSha256,64,64,a9778152b8f7315f0204a0b4d189a4f2f00ca7fc1ac3450d8f1e9fba206f2f6f
u01-s014-v008,question,contentAuthority,25,25,ed40f75ffe3d6ad4e71f6e7919d063410490de360edb425965eccd605ca9d79e
u01-s014-v009,question,questionId,13,13,8c18a3ace247d4fa1e7c88c7b5fc6c31e657619713ee4ef9d7d297cbaaa2faa6
u01-s014-v009,question,unitId,3,3,2055254ee30aaae13b777732834c89d7f799015d3af13b62fe05aeef8c3e0eaa
u01-s014-v009,question,topicId,21,21,6c2d9a40ebadba3338b6f5bafbe66da4ac6d33592472b5b2f23ccc9fa1c80ebb
u01-s014-v009,question,skillId,27,27,edd279722987333b33a23fc24e21445f2a848790a11359abdbcb1391f320f5b4
u01-s014-v009,question,difficulty,8,8,d21f85ea38166303ce58e06134b5cc4a5c900c409ab2a500ff7c9225109a09bb
u01-s014-v009,question,type,2,2,6bc0f9c4ecb0acbebf1b9f6c816bdd66f4885f67c917d9e141cf893014fba936
u01-s014-v009,question,visualMode,9,9,9c7d54b0bf7a9369d8594201c7b11955514343809d09fbec33966c1fd9794015
u01-s014-v009,question,sourceScope,19,19,a4b669ddb8ef1883391c07a7b633f12eeaeecee7ec37c09eea4931aff6644346
u01-s014-v009,question,text,21,41,bbe46aa8a952302c3a12a2db14bb8eac9180350bd446e44f5627b31644030c8b
u01-s014-v009,question,choices[0],8,13,d2e0baac2d766b45f1ab83abe52e87a7b1927616934f13e0e1aa5dc13f812387
u01-s014-v009,question,choices[1],8,13,f0259af25bb5448cff0861af7c5fe798727ed783f460c864e178307ae6edc198
u01-s014-v009,question,choices[2],7,12,a9ec7035c1b09f36c9f06b561de7666176d65a36fd19bc333b27a542dc403647
u01-s014-v009,question,choices[3],9,14,c7424a2d30c783caae5d67f0a469f5fadfbe809a9fd34ec6483e7630d8c01206
u01-s014-v009,question,explanation,34,87,23aff8b7d69cca5624b3ce517f78cadec37c5782580e53d04afb7546381255c2
u01-s014-v009,question,steps[0],9,27,f2adcae3d5555ccb585243d704be9b8fb9e862a053537f47ab664cc21fd5c806
u01-s014-v009,question,steps[1],11,25,3ec5374523669e5ce703d9dbab7da8aa864d113a4eff7f8a25f4c1cf982e584f
u01-s014-v009,question,steps[2],7,19,13302559950f9c17f0d8f8b5f47af064a883633598335651aaa2a9d2a5430ae7
u01-s014-v009,question,optionAnalysis[0].choice,8,13,d2e0baac2d766b45f1ab83abe52e87a7b1927616934f13e0e1aa5dc13f812387
u01-s014-v009,question,optionAnalysis[0].reason,21,24,f738a0608ad677bd9a8ba4594c72371423eb9ddf7759d4597e840be67f605c24
u01-s014-v009,question,optionAnalysis[1].choice,8,13,f0259af25bb5448cff0861af7c5fe798727ed783f460c864e178307ae6edc198
u01-s014-v009,question,optionAnalysis[1].reason,4,12,0e11ba76ec3cb9e8a5919a7a1f6495859fba53c1e0be85e62af170a089127700
u01-s014-v009,question,optionAnalysis[2].choice,7,12,a9ec7035c1b09f36c9f06b561de7666176d65a36fd19bc333b27a542dc403647
u01-s014-v009,question,optionAnalysis[2].reason,11,33,e872932324c2d988d87e8673ecbf700f4c6694bc25a225e57e922a72e43fc39d
u01-s014-v009,question,optionAnalysis[3].choice,9,14,c7424a2d30c783caae5d67f0a469f5fadfbe809a9fd34ec6483e7630d8c01206
u01-s014-v009,question,optionAnalysis[3].reason,12,36,45c52593f860da19426e54cc48cc25911b42ef131fd0490caef8c85fc6fafc28
u01-s014-v009,question,commonMistake,10,28,b1d8838939d58d6039516d26298afb1069b36600306bfeed5336c7ee1cf4ec9f
u01-s014-v009,question,concept,16,48,4ab24f2ec4a83b9872a8217dc08fe98b3c1a82aaeaf9289e675f059ffa961271
u01-s014-v009,question,tags[0],3,9,fd41540cbdbecb9b5fa7116d27c68e378548ab62ab7c7ca4494730a81ea87667
u01-s014-v009,question,tags[1],4,12,b3c4d52d877de5dfc7edea952f1254fed979d225d0021a66c07589b5bcc068ca
u01-s014-v009,question,tags[2],8,8,d21f85ea38166303ce58e06134b5cc4a5c900c409ab2a500ff7c9225109a09bb
u01-s014-v009,question,estimatedTimeSec,2,2,39fa9ec190eee7b6f4dff1100d6343e10918d044c75eac8f9e9a2596173f80c9
u01-s014-v009,question,prerequisiteSkillIds[0],21,21,7b00b19a489da427db28315d822ef95d4808ac16f2df36e74e1c5570b7d4b5bc
u01-s014-v009,question,authoringIntent,11,31,fefbcc74789c7165c7fa15f5681d559589e3613b781de3dc38b697aa5fa3d2fe
u01-s014-v009,question,reviewStatus,22,22,ec809598e2f7fcc69fad54c9cd045bba62b4a0dc7c0ff90d4efdc3788c9ad8fb
u01-s014-v009,question,contentSha256,64,64,0dd6b8160feb2476cab254176fd89ab391c561748c0f41fbe10eef08f33748f8
u01-s014-v009,question,contentAuthority,25,25,ed40f75ffe3d6ad4e71f6e7919d063410490de360edb425965eccd605ca9d79e
u01-s014-v010,question,questionId,13,13,5b6c800a71cbbe62f55fba1116829b44db5575e35f7cf8e8e0156932bdb9331f
u01-s014-v010,question,unitId,3,3,2055254ee30aaae13b777732834c89d7f799015d3af13b62fe05aeef8c3e0eaa
u01-s014-v010,question,topicId,21,21,6c2d9a40ebadba3338b6f5bafbe66da4ac6d33592472b5b2f23ccc9fa1c80ebb
u01-s014-v010,question,skillId,27,27,edd279722987333b33a23fc24e21445f2a848790a11359abdbcb1391f320f5b4
u01-s014-v010,question,difficulty,8,8,578756ca4aa16d8872610a5aaa78460fd30fbe93379ff7284fe65d66ca606755
u01-s014-v010,question,type,2,2,6bc0f9c4ecb0acbebf1b9f6c816bdd66f4885f67c917d9e141cf893014fba936
u01-s014-v010,question,visualMode,9,9,9c7d54b0bf7a9369d8594201c7b11955514343809d09fbec33966c1fd9794015
u01-s014-v010,question,sourceScope,19,19,a4b669ddb8ef1883391c07a7b633f12eeaeecee7ec37c09eea4931aff6644346
u01-s014-v010,question,text,32,72,2c5412d6e4692991805f86aee8fc5d2c21102f31a40d82da84bb0d9e08db6af1
u01-s014-v010,question,choices[0],10,15,5c4cc592ff889427d38faf023daea58ea21459f205192d5be62d3a3163724d01
u01-s014-v010,question,choices[1],10,15,425c975805fae9aecf1f0c3a36bd7ca84848b9e2cf91f204e690c91d2fe8906b
u01-s014-v010,question,choices[2],10,15,2f72f5b6cbdc07f1835c157c4b1756fbd69f0dfa682bc453c8aed53e461b452a
u01-s014-v010,question,choices[3],11,16,00dde9332db0be6e3156cb83fe760f7748a3692ee871c8b3df9297a09db3e135
u01-s014-v010,question,explanation,32,53,d9039d0a910b0fb9f65682f19d3e7471d01af72ee7188c71303624e5e6a374e3
u01-s014-v010,question,steps[0],10,22,31f66a0444734971d960c1d8fff26d7e303816c1b4e76581283ed57be459278a
u01-s014-v010,question,steps[1],5,13,19bae5d7bcdea98a039e3ae1eb0efb57dc978fa26234aa94e460b814c8f78cd6
u01-s014-v010,question,steps[2],10,17,11a9c0fc6cacc77745ee87f0fee24dec32b346848c6a3ebf0121f8c5694a45d1
u01-s014-v010,question,optionAnalysis[0].choice,10,15,5c4cc592ff889427d38faf023daea58ea21459f205192d5be62d3a3163724d01
u01-s014-v010,question,optionAnalysis[0].reason,11,33,afbc33f3bd806673978bc5f50808cc38223a379cf82d4753c1504af74b022d01
u01-s014-v010,question,optionAnalysis[1].choice,10,15,425c975805fae9aecf1f0c3a36bd7ca84848b9e2cf91f204e690c91d2fe8906b
u01-s014-v010,question,optionAnalysis[1].reason,20,25,8c1386f3188c767f05c279b5e60b1dc9b197f7e2a330fa45bd48cf2187cd6f3f
u01-s014-v010,question,optionAnalysis[2].choice,10,15,2f72f5b6cbdc07f1835c157c4b1756fbd69f0dfa682bc453c8aed53e461b452a
u01-s014-v010,question,optionAnalysis[2].reason,5,11,2e9824b555a69a2c3f8c6813038d6da6c786c26760a4b00120385b4e4a55f85d
u01-s014-v010,question,optionAnalysis[3].choice,11,16,00dde9332db0be6e3156cb83fe760f7748a3692ee871c8b3df9297a09db3e135
u01-s014-v010,question,optionAnalysis[3].reason,11,33,afbc33f3bd806673978bc5f50808cc38223a379cf82d4753c1504af74b022d01
u01-s014-v010,question,commonMistake,19,47,ff9ce3dce8eb806d34de35edee1eccb58c0af5527b26d848aae8954b8b42ab89
u01-s014-v010,question,concept,17,51,03262c448054e04d0bb5f610ab5127b136b96799f56e08ff669bab73e5267d89
u01-s014-v010,question,tags[0],3,9,fd41540cbdbecb9b5fa7116d27c68e378548ab62ab7c7ca4494730a81ea87667
u01-s014-v010,question,tags[1],4,12,b3c4d52d877de5dfc7edea952f1254fed979d225d0021a66c07589b5bcc068ca
u01-s014-v010,question,tags[2],8,8,578756ca4aa16d8872610a5aaa78460fd30fbe93379ff7284fe65d66ca606755
u01-s014-v010,question,estimatedTimeSec,2,2,48449a14a4ff7d79bb7a1b6f3d488eba397c36ef25634c111b49baf362511afc
u01-s014-v010,question,prerequisiteSkillIds[0],21,21,7b00b19a489da427db28315d822ef95d4808ac16f2df36e74e1c5570b7d4b5bc
u01-s014-v010,question,authoringIntent,13,39,7b0ba5328f095150349fe9449231f295f27d86a8daa98a9c86a5a54b7c0acb99
u01-s014-v010,question,literacyContextNecessity,23,69,41c5c55c3a37b83e14547dfe4b91e79aa6663779b92151c9f0afd09f63671608
u01-s014-v010,question,reviewStatus,22,22,ec809598e2f7fcc69fad54c9cd045bba62b4a0dc7c0ff90d4efdc3788c9ad8fb
u01-s014-v010,question,contentSha256,64,64,15a3609c1ee1ad3bc65880e56ff6e7286f9c4f26cc3ffe3883c0415e1e74f767
u01-s014-v010,question,contentAuthority,25,25,ed40f75ffe3d6ad4e71f6e7919d063410490de360edb425965eccd605ca9d79e
u01-s014-v011,question,questionId,13,13,b0b17d00a3ba0c9db313fa6fe67c893be251021f0f431622a8e2d6cf306b1b52
u01-s014-v011,question,unitId,3,3,2055254ee30aaae13b777732834c89d7f799015d3af13b62fe05aeef8c3e0eaa
u01-s014-v011,question,topicId,21,21,6c2d9a40ebadba3338b6f5bafbe66da4ac6d33592472b5b2f23ccc9fa1c80ebb
u01-s014-v011,question,skillId,27,27,edd279722987333b33a23fc24e21445f2a848790a11359abdbcb1391f320f5b4
u01-s014-v011,question,difficulty,8,8,578756ca4aa16d8872610a5aaa78460fd30fbe93379ff7284fe65d66ca606755
u01-s014-v011,question,type,2,2,6bc0f9c4ecb0acbebf1b9f6c816bdd66f4885f67c917d9e141cf893014fba936
u01-s014-v011,question,visualMode,9,9,9c7d54b0bf7a9369d8594201c7b11955514343809d09fbec33966c1fd9794015
u01-s014-v011,question,sourceScope,19,19,a4b669ddb8ef1883391c07a7b633f12eeaeecee7ec37c09eea4931aff6644346
u01-s014-v011,question,text,36,89,a56c929c6181fb4a48c4e371a9f0522c990fe88556811dd68cfd2a5f734d8e37
u01-s014-v011,question,choices[0],11,20,0d46090d0b2acfd552ab83749a907f8ee743a238623be3b98d23c06e5e168b05
u01-s014-v011,question,choices[1],12,21,3c3b2a351d1812a9b0a46e24793244982c73e3d7bf68c2b660cbd9a716354c01
u01-s014-v011,question,choices[2],11,20,4b94c0e7b9321cd2fadc5b01235a2e86a1ab9b7b1c45c634d5ef6399f1a722b3
u01-s014-v011,question,choices[3],10,19,6ce6482b51e04e460be52e5e6f1eedfe205adae50e72d2554a8b435cebab1baf
u01-s014-v011,question,explanation,30,52,cdc73e0461303c6a817b087966f8cba9f5cf9054d863d70e991d008c20e9b928
u01-s014-v011,question,steps[0],11,18,d33d3615a5eceacff0e5de3d3dca97d92f1d58b6b9393c4287b283ddb4315182
u01-s014-v011,question,steps[1],7,17,bb2294c9dcdf52b75e3a652d6e83304d73e1cba9c29b267256d04e6140a817f2
u01-s014-v011,question,steps[2],20,38,aa016b84c10de4c1a741b1e1cf01ad0661f3832ed3c6298b230e1713601edebd
u01-s014-v011,question,optionAnalysis[0].choice,11,20,0d46090d0b2acfd552ab83749a907f8ee743a238623be3b98d23c06e5e168b05
u01-s014-v011,question,optionAnalysis[0].reason,4,10,57c2b21a3cd130b91a10e59e180ab90afd3854d7055db7e2d9f20410937e3cc0
u01-s014-v011,question,optionAnalysis[1].choice,12,21,3c3b2a351d1812a9b0a46e24793244982c73e3d7bf68c2b660cbd9a716354c01
u01-s014-v011,question,optionAnalysis[1].reason,7,21,cc595ef3648a0a3575c60b8927ff6b15e2279ac833e3602e968a0ae39b0f1c81
u01-s014-v011,question,optionAnalysis[2].choice,11,20,4b94c0e7b9321cd2fadc5b01235a2e86a1ab9b7b1c45c634d5ef6399f1a722b3
u01-s014-v011,question,optionAnalysis[2].reason,25,33,790a442c98875313435054df8335dbbb52254a63fe42c1d2cbcf69963630d4c7
u01-s014-v011,question,optionAnalysis[3].choice,10,19,6ce6482b51e04e460be52e5e6f1eedfe205adae50e72d2554a8b435cebab1baf
u01-s014-v011,question,optionAnalysis[3].reason,7,17,c76600f01a179ed24cc15ddabd0b465ce04ccddb3f4386ccc26faeaae5031196
u01-s014-v011,question,commonMistake,27,62,4b19339c1a8ec951940bcdedf8662773c5751778cd59a57a303ddc5247b9acfb
u01-s014-v011,question,concept,14,42,0b5a185b9ac67c63be826a7d54bee3ad39a19cf8b2a0ef9574284d67c44b5dc1
u01-s014-v011,question,tags[0],3,9,fd41540cbdbecb9b5fa7116d27c68e378548ab62ab7c7ca4494730a81ea87667
u01-s014-v011,question,tags[1],4,12,b3c4d52d877de5dfc7edea952f1254fed979d225d0021a66c07589b5bcc068ca
u01-s014-v011,question,tags[2],8,8,578756ca4aa16d8872610a5aaa78460fd30fbe93379ff7284fe65d66ca606755
u01-s014-v011,question,estimatedTimeSec,2,2,ad48ff99415b2f007dc35b7eb553fd1eb35ebfa2f2f308acd9488eeb86f71fa8
u01-s014-v011,question,prerequisiteSkillIds[0],21,21,7b00b19a489da427db28315d822ef95d4808ac16f2df36e74e1c5570b7d4b5bc
u01-s014-v011,question,authoringIntent,15,45,035494b2a3ef6387513f122bce19dbfdbc20260ec2dffd544e40b4f38f77dad1
u01-s014-v011,question,literacyContextNecessity,21,63,670ba0f15aaf8be2419f1293664b4481a1bf9379dd4b528b53b505247187fde4
u01-s014-v011,question,reviewStatus,22,22,ec809598e2f7fcc69fad54c9cd045bba62b4a0dc7c0ff90d4efdc3788c9ad8fb
u01-s014-v011,question,contentSha256,64,64,a7fc3b32788e659b0efe51aa180a6c86a02cf2998c22701eeb691242a2515aa4
u01-s014-v011,question,contentAuthority,25,25,ed40f75ffe3d6ad4e71f6e7919d063410490de360edb425965eccd605ca9d79e
u01-s014-v012,question,questionId,13,13,8e505329bd7d75882b0480d554af5a8e1ee96feec72e016d668cbf06294b3685
u01-s014-v012,question,unitId,3,3,2055254ee30aaae13b777732834c89d7f799015d3af13b62fe05aeef8c3e0eaa
u01-s014-v012,question,topicId,21,21,6c2d9a40ebadba3338b6f5bafbe66da4ac6d33592472b5b2f23ccc9fa1c80ebb
u01-s014-v012,question,skillId,27,27,edd279722987333b33a23fc24e21445f2a848790a11359abdbcb1391f320f5b4
u01-s014-v012,question,difficulty,8,8,578756ca4aa16d8872610a5aaa78460fd30fbe93379ff7284fe65d66ca606755
u01-s014-v012,question,type,2,2,6bc0f9c4ecb0acbebf1b9f6c816bdd66f4885f67c917d9e141cf893014fba936
u01-s014-v012,question,visualMode,9,9,9c7d54b0bf7a9369d8594201c7b11955514343809d09fbec33966c1fd9794015
u01-s014-v012,question,sourceScope,19,19,a4b669ddb8ef1883391c07a7b633f12eeaeecee7ec37c09eea4931aff6644346
u01-s014-v012,question,text,44,102,71d9121112b0049aa2c4a8bf56a9bf9f57bc9536a7ac81a7ba8a40ff93c86cb4
u01-s014-v012,question,choices[0],9,13,583444d9e32acb5d0d930a4975e49cf5ee7da45a93695e831e373ec2b86f8fe3
u01-s014-v012,question,choices[1],7,10,e8926fed619e443a38935b9e65bf3ceb2042c1127ea9d943ea661f5381dbb347
u01-s014-v012,question,choices[2],8,12,0f79cd67eebcb1128336b55aa67866b064f8127de4c2140626fe542f52825cea
u01-s014-v012,question,choices[3],7,10,3228fc2ba0ab7f76a7ceed9620df0a07b5251f2772a09b488789e82480a54724
u01-s014-v012,question,explanation,34,69,ed5fafeae17d8b0064d178266141003828ce5531a72640ee9aff2468256afc90
u01-s014-v012,question,steps[0],10,26,6d9994d0674305f0a94d93157ca50ada82dcf79288431d6b1660c62e7f458b8d
u01-s014-v012,question,steps[1],9,21,ec4c5b7725dd49dc0310875b58b616980918e6be72c9cefd3e25715a46480dcf
u01-s014-v012,question,steps[2],6,16,0a6723735be0c1cbfc7dec36762667b6bff6dd4441f5c45159b739773ae6b401
u01-s014-v012,question,optionAnalysis[0].choice,9,13,583444d9e32acb5d0d930a4975e49cf5ee7da45a93695e831e373ec2b86f8fe3
u01-s014-v012,question,optionAnalysis[0].reason,6,18,d454d4092c7ddc83a9c5e5118bedfff10e25b3a86b8c4bae73c5be7d760634b4
u01-s014-v012,question,optionAnalysis[1].choice,7,10,e8926fed619e443a38935b9e65bf3ceb2042c1127ea9d943ea661f5381dbb347
u01-s014-v012,question,optionAnalysis[1].reason,5,15,2d585e7b72b38bd4cb1c4f1fb7c3649f53b213540608d88e8c81745b4364a8ef
u01-s014-v012,question,optionAnalysis[2].choice,8,12,0f79cd67eebcb1128336b55aa67866b064f8127de4c2140626fe542f52825cea
u01-s014-v012,question,optionAnalysis[2].reason,9,27,7c1e87883348697305abe9fbbeb928551f9c5c49ff40bcfd8b6c4368ea37c5ea
u01-s014-v012,question,optionAnalysis[3].choice,7,10,3228fc2ba0ab7f76a7ceed9620df0a07b5251f2772a09b488789e82480a54724
u01-s014-v012,question,optionAnalysis[3].reason,22,30,ec2901bfcb732763a5db30ed53dcb483ef913fe38c140c140fdef95128bbe62b
u01-s014-v012,question,commonMistake,17,47,b754f410a85989c03a89ad69aece557c790a816f5ef44a790502a47c1583d30e
u01-s014-v012,question,concept,21,59,66fd01f36afb25047f5d3ca36f79d41ce124f38d2039c5dcb06e91f97f72ba80
u01-s014-v012,question,tags[0],3,9,fd41540cbdbecb9b5fa7116d27c68e378548ab62ab7c7ca4494730a81ea87667
u01-s014-v012,question,tags[1],4,12,b3c4d52d877de5dfc7edea952f1254fed979d225d0021a66c07589b5bcc068ca
u01-s014-v012,question,tags[2],8,8,578756ca4aa16d8872610a5aaa78460fd30fbe93379ff7284fe65d66ca606755
u01-s014-v012,question,estimatedTimeSec,2,2,ad48ff99415b2f007dc35b7eb553fd1eb35ebfa2f2f308acd9488eeb86f71fa8
u01-s014-v012,question,prerequisiteSkillIds[0],21,21,7b00b19a489da427db28315d822ef95d4808ac16f2df36e74e1c5570b7d4b5bc
u01-s014-v012,question,authoringIntent,11,33,5b1d163f44685da06c68701c6883ae02e99c546a0f382045324bbe0c78d91ae3
u01-s014-v012,question,literacyContextNecessity,23,69,892c5dce27a29c0c5ffafb06e6cc1f201a6fa2ed0f3a2515d3fd36ce80ab6043
u01-s014-v012,question,reviewStatus,22,22,ec809598e2f7fcc69fad54c9cd045bba62b4a0dc7c0ff90d4efdc3788c9ad8fb
u01-s014-v012,question,contentSha256,64,64,fd31d156d457931b3c1911a2205fb41d4c609dbcd62863414e58c847ad4baaf9
u01-s014-v012,question,contentAuthority,25,25,ed40f75ffe3d6ad4e71f6e7919d063410490de360edb425965eccd605ca9d79e
u01-s014-cr001,question,questionId,14,14,1b31b83876dfff40a437d5f16e4f9a4b89a84b0ed2f74016e6430c6b571843bd
u01-s014-cr001,question,unitId,3,3,2055254ee30aaae13b777732834c89d7f799015d3af13b62fe05aeef8c3e0eaa
u01-s014-cr001,question,topicId,21,21,6c2d9a40ebadba3338b6f5bafbe66da4ac6d33592472b5b2f23ccc9fa1c80ebb
u01-s014-cr001,question,skillId,27,27,edd279722987333b33a23fc24e21445f2a848790a11359abdbcb1391f320f5b4
u01-s014-cr001,question,difficulty,8,8,fe6d3468cf5c74d8ec2a95b40f2e05338c37a4202f8fad692d2b64a9cf9b468a
u01-s014-cr001,question,type,20,20,e519496c259191db041ac61161dbfadb673dd94a10a123ed7423adcf7968ae7c
u01-s014-cr001,question,visualMode,9,9,9c7d54b0bf7a9369d8594201c7b11955514343809d09fbec33966c1fd9794015
u01-s014-cr001,question,prompt,43,85,71c39540d0136c6a53a562a40ad7c490a11e61fbf43e6e229b2a9bdeb2e49a46
u01-s014-cr001,question,requiredWork[0],12,22,f20e4a1fab7c5a2ed61e28e6bab8b3d56a311a047df2260c3f446b2c8f56752c
u01-s014-cr001,question,requiredWork[1],13,39,5e0b1702e783776bf02b1d03499a5f94c92703b3d5a10e10729750dffa11e7d1
u01-s014-cr001,question,fullCreditSolution[0],30,53,d42224cc7e0caea9f133d8251da2b2f34a5009a28a2a957ce484c410f25adfcc
u01-s014-cr001,question,fullCreditSolution[1],28,53,a47c050f6282ab6bcb2dbb32ee7976264a95dc2b62c974788256233e6bfd4b14
u01-s014-cr001,question,alternativeSolutions[0],34,52,faa38a1ee056ec4bd42e6c81801238ae36c0c3f264c68bf64437ad7430dcdf3e
u01-s014-cr001,question,rubric[0].criteria,16,48,9a7173e6af8cd6b0401a57aa25086f447a0d5d30dcb6c039e0a10552d85a5877
u01-s014-cr001,question,rubric[1].criteria,19,57,80b2f604f5820ba4e3c478a162fcc807722236da55d219ad3be6afcc3995f133
u01-s014-cr001,question,rubric[2].criteria,14,42,d2fed03b3d0a66d8e0196fc228449b584443829d20a28859de7c06d81a290238
u01-s014-cr001,question,rubric[3].criteria,11,33,bbadd5b46352c07ff27ff75c6725cc32ea34aea8055ab407ecd6ba536033b6aa
u01-s014-cr001,question,scoringNotes[0],27,50,cc9cbf4eb3ef7522f64003b15bd96a026857a391315f917795fc76d1c0b56d98
u01-s014-cr001,question,commonErrors[0],10,17,8505eebc6c4def7c769354b344c43e0cb9cd70fc435f728016bed5982d218462
u01-s014-cr001,question,commonErrors[1],7,21,df9585f1abcac8f97edef7e2ff7364fe7592c4f8494469c9acbe2b921b221b63
u01-s014-cr001,question,commonErrors[2],10,22,8204b7cd8433d754f2998d41e61d27bf8c2620576c4b2d3cd8eb7e25666a7ab2
u01-s014-cr001,question,independentReview.derivedResult,18,30,a649b57cfb44e731cdc40110bd04f8b62b86f4588d21ce3f405e5472d44d4f96
u01-s014-cr001,question,independentReview.ambiguity,4,4,140bedbf9c3f6d56a9846d2ba7088798683f4da0c248231336e6a05679e4fdfe
u01-s014-cr001,question,independentReview.decision,4,4,d74ff0ee8da3b9806b18c877dbf29bbde50b5bd8e4dad7a3a725000feb82e8f1
u01-s014-cr001,question,contentSha256,64,64,52f2ff39ce9904314df3719cf14c2544e5c6cd5668732e015733c2707d8c645c
u01-s014-cr001,question,contentAuthority,25,25,ed40f75ffe3d6ad4e71f6e7919d063410490de360edb425965eccd605ca9d79e
u01-s014-cr002,question,questionId,14,14,b7a9126c47921dc87bbd8d1d1b34dca12f2ce9bd2e89088ef670b3594674075c
u01-s014-cr002,question,unitId,3,3,2055254ee30aaae13b777732834c89d7f799015d3af13b62fe05aeef8c3e0eaa
u01-s014-cr002,question,topicId,21,21,6c2d9a40ebadba3338b6f5bafbe66da4ac6d33592472b5b2f23ccc9fa1c80ebb
u01-s014-cr002,question,skillId,27,27,edd279722987333b33a23fc24e21445f2a848790a11359abdbcb1391f320f5b4
u01-s014-cr002,question,difficulty,8,8,d21f85ea38166303ce58e06134b5cc4a5c900c409ab2a500ff7c9225109a09bb
u01-s014-cr002,question,type,20,20,e519496c259191db041ac61161dbfadb673dd94a10a123ed7423adcf7968ae7c
u01-s014-cr002,question,visualMode,9,9,9c7d54b0bf7a9369d8594201c7b11955514343809d09fbec33966c1fd9794015
u01-s014-cr002,question,prompt,57,132,78603be3c219c5e5553538dd76d03169b0fcac77a402889297d4296edfbeb628
u01-s014-cr002,question,requiredWork[0],6,18,f7942beaaabd93e62cb8f248f8090a6dfaa68ae47aca6065b4781c69761a7e7f
u01-s014-cr002,question,requiredWork[1],16,48,4a0628c6576ae4badcca3d09ec2f9f736212054f8f16b5b2e394ed8409595c84
u01-s014-cr002,question,requiredWork[2],6,18,74b3663faca1b4486317c2a4d6aa032fd645c8e83c497c21cd36c7a1732493c0
u01-s014-cr002,question,fullCreditSolution[0],24,37,ce299c5246199f22eb6b8e589a662e3b069ebbad0361102403d53213e2859c63
u01-s014-cr002,question,fullCreditSolution[1],21,38,500f980d900601c226ca56f1670f24502410a235db242835a5577b23d9ca4539
u01-s014-cr002,question,fullCreditSolution[2],27,81,026f6a6dd4740fcffce085b1609e618e52b74bdfcb2fe3091819e6057bec5fbb
u01-s014-cr002,question,alternativeSolutions[0],31,44,c39204aab3b9c65252ea56587fc17680ea279ca7720d9a36bfea6750f2e8c4af
u01-s014-cr002,question,rubric[0].criteria,19,50,10dd32f33386dfd5ed5257e3c4ddcd7a14aa1a42712010914aee9fb8d520029b
u01-s014-cr002,question,rubric[1].criteria,19,57,cc8d46323aba433db284ddc7816e2a334d7ccf42bab69a3c3819af019ae1a832
u01-s014-cr002,question,rubric[2].criteria,17,51,cf83ca9f5d87d01d4ed3a9e3dbff0eae9cb6f960ee762bf979636d59afa28506
u01-s014-cr002,question,rubric[3].criteria,18,48,8b2ce723ce7af231ff9d1ddfd2646247274f35e787ee69caaf2cbd385024d459
u01-s014-cr002,question,scoringNotes[0],16,44,1c10c812d656bba03099274ced16e724f1b2f520fe6b12dd2c7bf31b7e03ff49
u01-s014-cr002,question,commonErrors[0],19,34,561ae3e3aadfe4a40b47991a01f52ef6f24cbd4a846e44a78ad9724e1dbfc409
u01-s014-cr002,question,commonErrors[1],7,21,e874382c622e95ce5c66d429b3d8db0cec97117716cb05f1de77e25ddb333cbe
u01-s014-cr002,question,commonErrors[2],6,18,2d4a4e7fc0339f7b8177dde0af4a54787681f10d9030d01e965766aa6e301092
u01-s014-cr002,question,independentReview.derivedResult,6,11,533521bc1ae4296be06655b4b53558811ead77bf0fd24a5f42c9576e495976c9
u01-s014-cr002,question,independentReview.ambiguity,4,4,140bedbf9c3f6d56a9846d2ba7088798683f4da0c248231336e6a05679e4fdfe
u01-s014-cr002,question,independentReview.decision,4,4,d74ff0ee8da3b9806b18c877dbf29bbde50b5bd8e4dad7a3a725000feb82e8f1
u01-s014-cr002,question,contentSha256,64,64,cf36bb278d85f8446c28c2c65adf2e8f82353ddff99f06a65b36fa4c68d97db5
u01-s014-cr002,question,contentAuthority,25,25,ed40f75ffe3d6ad4e71f6e7919d063410490de360edb425965eccd605ca9d79e
u01-s015-lecture-r1,lecture,lectureId,19,19,68d28317e5f3597f88fd383dd97a95eccf8518f36d99d67b4a871a1f7b4d6543
u01-s015-lecture-r1,lecture,unitId,3,3,2055254ee30aaae13b777732834c89d7f799015d3af13b62fe05aeef8c3e0eaa
u01-s015-lecture-r1,lecture,topicId,20,20,5d8b660324439b5015ccf6d80e60ee9df14296f9b4d1699887107454fbf7f052
u01-s015-lecture-r1,lecture,skillId,24,24,61173ad98d81580283a603e631370e6fdb9d31f17ca024b3191b244927464b14
u01-s015-lecture-r1,lecture,title,21,63,7fe93f6ada528ffa435902961f49461f169f8f1e625f180100edd3e6816cc28e
u01-s015-lecture-r1,lecture,audience,10,30,e6b4416fbd9f36797de01256b31a4d6f6314e126fde8495e25792c814f64fc5f
u01-s015-lecture-r1,lecture,reviewStatus,22,22,ec809598e2f7fcc69fad54c9cd045bba62b4a0dc7c0ff90d4efdc3788c9ad8fb
u01-s015-lecture-r1,lecture,learningOutcomes[0],18,54,b784bf44c6a684f5cca43cea9461db81d02ad269047870818ea1319df7c82589
u01-s015-lecture-r1,lecture,learningOutcomes[1],15,45,bafe79b67bbcca886bb2d1271329a9e3656a1cf199b163d1e7be997d8d612385
u01-s015-lecture-r1,lecture,learningOutcomes[2],20,60,84715c551d5b2e85b92e1604847d46d25ac66c896430423997237f9c6c58d790
u01-s015-lecture-r1,lecture,learningOutcomes[3],13,39,a98b704a18d6d29dd09e64d412f0671077f6b0fb34df217159904087e8a304df
u01-s015-lecture-r1,lecture,learningOutcomes[4],19,57,44e6e854004dd81f27e8b22823725884955a6d7648bc80a0c115a38afa2fa53c
u01-s015-lecture-r1,lecture,prerequisites[0].skillId,28,28,d4a70ec3bcf253225298fa992ee3b412dd1d434e795e1d5789a615cfe5b0b7b3
u01-s015-lecture-r1,lecture,prerequisites[0].requiredLevel,23,69,d0bf6b303ac9d6f8b090ebcef25329331c78f13ba7e6315c78cc3cc426600777
u01-s015-lecture-r1,lecture,prerequisites[1].skillId,31,31,db7284405f3c22c3229e76b63fc8c313cfa45ed949df0066be5752881946a45d
u01-s015-lecture-r1,lecture,prerequisites[1].requiredLevel,18,54,63ac6ff506b7f4fd8074a54d10487fcc618208367d6b9c693b3ea66b662855f8
u01-s015-lecture-r1,lecture,prerequisites[2].skillId,24,24,e13a3f394515dbd063b6e19ec01bfec5c72b5d6ae6fec2e046d3752279a6035c
u01-s015-lecture-r1,lecture,prerequisites[2].requiredLevel,15,45,f3b663c220275232dbfc4dedc0d4143afabf1b59787d4e9f46e65a36a3b4e740
u01-s015-lecture-r1,lecture,prerequisites[3].skillId,27,27,edd279722987333b33a23fc24e21445f2a848790a11359abdbcb1391f320f5b4
u01-s015-lecture-r1,lecture,prerequisites[3].requiredLevel,16,48,f38ca5cb9ede050e042b3ae8fe4c6f99bd6f069cb60b74d61005c29d448eb05d
u01-s015-lecture-r1,lecture,glossary[0].term,4,12,5577fc89172aa4e637e6e4067b954cff8ba5ccd03593a8ab81f390ceba256ff7
u01-s015-lecture-r1,lecture,glossary[0].definition,22,66,9f680b3e997d8c94c23188be105a80a938c8cf7c6be128d27ed60473f02b93ec
u01-s015-lecture-r1,lecture,glossary[1].term,3,9,7a15ae35fbabc636730a219c83692c47391976153e53078d2b54d0db4794255f
u01-s015-lecture-r1,lecture,glossary[1].definition,14,42,e583cce99bf6f350c081c2a0e69148eccea4301de733bef26369ae7f1e9df835
u01-s015-lecture-r1,lecture,glossary[2].term,3,9,5ed6c21dcd7a20af1a26c97d2e8d400049b8c482526922c6492f79ac6f148220
u01-s015-lecture-r1,lecture,glossary[2].definition,9,27,97aa99ce9b4872078ea7e51ee5538fd9c9ddb91d2c74610791cc67862f032d0a
u01-s015-lecture-r1,lecture,glossary[3].term,4,12,28f5f51249f0f601883a2b0f0a05508437e6328d99ad79844cf5c5665379a701
u01-s015-lecture-r1,lecture,glossary[3].definition,20,60,41e04d5fb57f24cf150fa46b168d08e7e1277c39f94b2f86c17bc3a75e6d3e21
u01-s015-lecture-r1,lecture,glossary[4].term,5,15,f13c334fa5d80ceae91a0266967beca24efe4259622bd921dbb18a5fa996625d
u01-s015-lecture-r1,lecture,glossary[4].definition,20,60,5d49c1016a3f39f24bfa49c3129f3dbc92f69bc3658a21a08bb5bf9dd7a5fd09
u01-s015-lecture-r1,lecture,notation[0].symbol,1,2,3d2a2aa9303a3daf4d692878165ec534d4de16f7197c55ca9c649ca314b916bc
u01-s015-lecture-r1,lecture,notation[0].meaning,22,66,c98fdc21bb44ac38a069ba7b1f78274f2e316199d1394ce0aa8512c256671e37
u01-s015-lecture-r1,lecture,notation[1].symbol,4,7,3746726986ef80792c0c2c10d0dbc81075c9e9772a027b3372e8c66cfb62b682
u01-s015-lecture-r1,lecture,notation[1].meaning,10,30,8a2914a9ee1be90e3877658b56e396a3c595f591e7d9b07c3acf11830b8b7dd9
u01-s015-lecture-r1,lecture,notation[2].symbol,5,5,a8e17fe8608d63fa21510dd61482e5bdf8ea8de662755db733e0a0feb34abb73
u01-s015-lecture-r1,lecture,notation[2].meaning,13,39,5e7d3eceb66aa7530116b7bb445f5844de43ee1d71f9a0d6a17ca396be367e7c
u01-s015-lecture-r1,lecture,conceptNarrative[0],44,132,4862d2e6e06b1b36d95d296675b1b6f71263d4c8e938d0a68262b5ede8f739f3
u01-s015-lecture-r1,lecture,conceptNarrative[1],51,147,ed9760b4ce0c7b8ef2dabcf96f1082e4921672f9926bfbc3e04bb1660d4958a6
u01-s015-lecture-r1,lecture,conceptNarrative[2],33,99,afd76517a41da3f05303cd4123c3bf6a4cb81fde2479c0a1ecee99641d3214af
u01-s015-lecture-r1,lecture,conceptNarrative[3],45,135,28a7af356e22631e88cca91fe90ecca6661696522d2654a8c70e8c1f9d92bc90
u01-s015-lecture-r1,lecture,formalDefinitions[0].name,6,18,a2b1c638477ab296fe18874f6191fbff34058d5aa3da6ff1f45da77ffaa92d8d
u01-s015-lecture-r1,lecture,formalDefinitions[0].statement,25,75,8b257b6ba7fd85a8ea03696fafd2c16b2f8acac2186b08f1990fd230e31bd298
u01-s015-lecture-r1,lecture,formalDefinitions[1].name,5,15,15d4c02b5f90f2cf16b1bdc983cd5ac27d1917aae08ac4a2e9cf45858e6500c7
u01-s015-lecture-r1,lecture,formalDefinitions[1].statement,22,66,5f3986962f0604ef02886a08d074a3efffc8a2e923ae601c6b40d05c5fa47f42
u01-s015-lecture-r1,lecture,formulas[0].formula,14,42,f21e675428f366b26d534a67f5c258b2bc442992f30a1c3d971e609fbd0e0713
u01-s015-lecture-r1,lecture,formulas[0].conditions[0],12,36,7574a5a0baedca60bd5032518e6b295008ef3ee5386223e3c49ab5b21db98ffc
u01-s015-lecture-r1,lecture,formulas[0].meaning,7,21,8765e5ad179e29fc6a261c37474addbe5eeadae8a9a776147a27d530d9f0adc6
u01-s015-lecture-r1,lecture,formulas[1].formula,10,30,d0e7fbf3623487eb65a7dd3dd2084e38558c873a168f19c76e0a2d7d8b3b514e
u01-s015-lecture-r1,lecture,formulas[1].conditions[0],4,12,02f4e443d6aa5827e58a0714e6d362f9031198bc8eeeb4f4c3fb8f0a9f306dc1
u01-s015-lecture-r1,lecture,formulas[1].meaning,11,33,95ebb89685c38d1a31195b03feb8561ba8f7b46324c681476e1c5dc18de133f8
u01-s015-lecture-r1,lecture,formulas[2].formula,12,32,5dbb512496fac1342376b3b6188aae76b073a1635ee13770385c5a687d3e4811
u01-s015-lecture-r1,lecture,formulas[2].conditions[0],8,24,412d82ce0d9fbff874041137ae47a91edea1444d0f4e90f0da73d22a252bb640
u01-s015-lecture-r1,lecture,formulas[2].meaning,7,21,dc65235747241fac8edeff5ff92ba6aa3e6ee2dcb51f6414297f151c1e817203
u01-s015-lecture-r1,lecture,nonApplicableCases[0],32,96,dcd4629753e1167e17da135f97d9bb4d28d6809f5657701e25a677f9a74f775a
u01-s015-lecture-r1,lecture,nonApplicableCases[1],17,51,e3da6b1da6088a4be7be6cdfd731628f797372083ea136020358da901fcc51b6
u01-s015-lecture-r1,lecture,nonApplicableCases[2],16,48,a8a73404a450e08f4e0f477c0978ef591dc7a64b4950ea88269b5f1ccc13b4c8
u01-s015-lecture-r1,lecture,nonApplicableCases[3],32,96,847f2cfce0811318f7d91ec8134d9ae276ee8f2aa38ee856e5de61ce3978e432
u01-s015-lecture-r1,lecture,method[0].instruction,10,30,228aa36e10b5884c58e89e1452567bee30aef4ba2d26845d557a7d6d28456dda
u01-s015-lecture-r1,lecture,method[0].check,18,54,0e5b16138acfe377ebb99015e4533f76b5ec31ba553d67be4ab54e84640fd388
u01-s015-lecture-r1,lecture,method[1].instruction,16,48,723351130dcecf82c642cf825bbe97fe83a620a0fe63141a3e55fc00959802b8
u01-s015-lecture-r1,lecture,method[1].check,13,39,87b9f51f825968cd3e5aa87e990aa70752ff6622525d46b7fb954730ac604d8c
u01-s015-lecture-r1,lecture,method[2].instruction,16,48,b8e848650a8449a688986b77674c9ddae77186dc94f2c083d426f30a55cf6a56
u01-s015-lecture-r1,lecture,method[2].check,9,27,43ee6e0dfc48073a3ee5b2d49317fd99992aca2718b0f8e6774e946c14e68912
u01-s015-lecture-r1,lecture,method[3].instruction,12,36,55823cd5c16c6c235e015ef46df364a4273f5d77661b3af3017c36bdd72bd382
u01-s015-lecture-r1,lecture,method[3].check,12,36,c18db70c3ccefa2be0b906a6eaeb9e0830c253880d5595f72e62dd41468b443d
u01-s015-lecture-r1,lecture,method[4].instruction,11,33,fb3eba131dcf88a7c828cd04bdab8ffbbf4e1c60ba7e97078cc6bee402832fb9
u01-s015-lecture-r1,lecture,method[4].check,13,39,78e073e26f713b1f44c374e929bef3eed7e06c2299c55b5580292034e5fb81a9
u01-s015-lecture-r1,lecture,method[5].instruction,8,24,4a7e1ec3162838d09fb972ea2b390ba1245b9c4ac0b53860ed9b1b76928abe03
u01-s015-lecture-r1,lecture,method[5].check,15,45,80372d9cec752e65aa6e0bf82a0b35bb0478bbc87bdfee07c08745ad072b3a1f
u01-s015-lecture-r1,lecture,workedExamples[0].exampleId,2,2,dffe8596427fc50e8f64654a609af134d45552f18bbecef90b31135a9e7acaa0
u01-s015-lecture-r1,lecture,workedExamples[0].prompt,30,67,6257c7a875d3850a0107634a0e93dd6066da0e15bfa10b1b167a42406bc44849
u01-s015-lecture-r1,lecture,workedExamples[0].solutionSteps[0],11,33,b76d1e9937c16cff1bfac371f44cbefb26426784e43cce43117b723baadf2dcf
u01-s015-lecture-r1,lecture,workedExamples[0].solutionSteps[1],13,19,b3856eef62d61c7c479749bb25704196e486fd43e1f76d065a5c7d996d3e2f48
u01-s015-lecture-r1,lecture,workedExamples[0].solutionSteps[2],8,15,c300dbefa8494fd6ace06fbc8446d2b943a5acd256c292201391c91514d722d1
u01-s015-lecture-r1,lecture,workedExamples[0].answer,5,8,43f0c15bb3a04a0f7d2d93ba70b6cc04034ab7fbc13e5c581d2bdee0c87cf1a5
u01-s015-lecture-r1,lecture,workedExamples[1].exampleId,2,2,d76354d8457898445bb69e0dc0dc95fb74cc3cf334f8c1859162a16ad0041f8d
u01-s015-lecture-r1,lecture,workedExamples[1].prompt,30,72,337816f9c1ea3641810a941bc0997139acb0958154c695c0b610722f62ba083a
u01-s015-lecture-r1,lecture,workedExamples[1].solutionSteps[0],13,31,cd46a39c0657a7543b10f4b95ccbfafb74a02f0ca4aa69e7b03b996bcfe6136b
u01-s015-lecture-r1,lecture,workedExamples[1].solutionSteps[1],13,15,0c7c40a01f4bc719ec43864f5fc78a4faef48e7b2b21ddd9042529022cc6acae
u01-s015-lecture-r1,lecture,workedExamples[1].solutionSteps[2],7,21,f18c0bc5f3f5ca912932cab156a4fd9794e5242fbb0ee554eefe97849435061b
u01-s015-lecture-r1,lecture,workedExamples[1].answer,7,13,34165d70fef1e71338943e7404b3e38a1021f48e15df96e1fa40c588a0960ba8
u01-s015-lecture-r1,lecture,workedExamples[2].exampleId,2,2,842983de8fb1d277a3fad5c8295c7a14317c458718a10c5a35b23e7f992a5c80
u01-s015-lecture-r1,lecture,workedExamples[2].prompt,38,84,9c13609550079bf34e83c356932d171f3d14047815b4f7db62b1cf0d4b711cab
u01-s015-lecture-r1,lecture,workedExamples[2].solutionSteps[0],10,20,df046f464b9a06ec3991f9f3aa5cd25c0b4d57617217f90a34590d60aaad7d57
u01-s015-lecture-r1,lecture,workedExamples[2].solutionSteps[1],9,27,9dda9b1f207d968342212a87d2cfa1e8055e93af7caf0369bafff72ba97b0ce6
u01-s015-lecture-r1,lecture,workedExamples[2].solutionSteps[2],16,33,8402cd52a0cc89270dc53cc61867a36571bfc6d2faf7392f71f7033dcc7a6a7b
u01-s015-lecture-r1,lecture,workedExamples[2].answer,7,21,079d46430f811884fe04a11e0cf323b51bc24034a5206a1cca40f0def52985f8
u01-s015-lecture-r1,lecture,workedExamples[3].exampleId,2,2,4a5a97c6433c4c062457e9335709d57493e75527809d8a9586c141e591ac9f2c
u01-s015-lecture-r1,lecture,workedExamples[3].prompt,36,70,a207ef6e663ac5ac2e333d6fb37eba4b03db0b40c48c31bd20d39b54df3acffd
u01-s015-lecture-r1,lecture,workedExamples[3].solutionSteps[0],10,30,8b318a0e83f9dc5fd030a748995ca2f165fe37114022e6d0ebcbc4f6f9c43d80
u01-s015-lecture-r1,lecture,workedExamples[3].solutionSteps[1],17,19,86131f4a4776e383375c03c7602020b3bcdb36b1dc5c43b1d956563eca23393b
u01-s015-lecture-r1,lecture,workedExamples[3].solutionSteps[2],10,20,941d208c062ddfd15cc3b02d5dd352427a01e71eb7975b3706e082f94ea72d8f
u01-s015-lecture-r1,lecture,workedExamples[3].answer,6,10,3b42f7fd4cc2997602d5a1e73ba93d63cf3f13f06504c8237103558bbe69807d
u01-s015-lecture-r1,lecture,commonMistakes[0].mistake,12,36,b8be8212710422092ff56f237d9c86b5d03919cc32c2098fc70af25cf8267029
u01-s015-lecture-r1,lecture,commonMistakes[0].why,10,30,de8a2d8dc6615b7c39cdb5d254014666594b64150550aa3b2b2fdd5e16678363
u01-s015-lecture-r1,lecture,commonMistakes[0].correction,15,45,435d676c2f0f573799ed5edcb73b1fe547504b66675c02ae43faee6112899adf
u01-s015-lecture-r1,lecture,commonMistakes[1].mistake,9,27,29e4eb5f17644fd746d6f947d9004e91a468c966d5857e826eada9389ce19bc3
u01-s015-lecture-r1,lecture,commonMistakes[1].why,6,18,990ab9fcd5d98392d0514666d83e9329361e1b0fd97e335d605eff81fc191cae
u01-s015-lecture-r1,lecture,commonMistakes[1].correction,12,36,62b685806c73bd09b1bfd4e7f8b4be907040e05eae2e026cf1859db43b808286
u01-s015-lecture-r1,lecture,commonMistakes[2].mistake,11,33,150a6b4df1e2732313e49dd4103860dbb01e18257d1d7318ba2055cdc8f7ac93
u01-s015-lecture-r1,lecture,commonMistakes[2].why,8,24,05f6209fae468157b33ba754dfaa70677b4aa8f930b98918366006f219d8b28a
u01-s015-lecture-r1,lecture,commonMistakes[2].correction,6,18,9fc14827e44b7b0404f5498a0614d78ad03681921266a201d0581b73f13d36e2
u01-s015-lecture-r1,lecture,commonMistakes[3].mistake,9,27,357e75f80d22606cbd166b47c24336c5843eb276071a860521e5e992c92b9c0b
u01-s015-lecture-r1,lecture,commonMistakes[3].why,5,15,609f12041697268ec06797b23b2d0652282510c4f95db2d7836f55e644a8adb1
u01-s015-lecture-r1,lecture,commonMistakes[3].correction,6,18,2baa05929a39b872d28711ddc54bed5ef13370cc523f165eb76cc983abfb0943
u01-s015-lecture-r1,lecture,commonMistakes[4].mistake,9,27,f85fbdb8d34974edbb3485373ab0bb0d18c106534a64f5068988a8f074dcc573
u01-s015-lecture-r1,lecture,commonMistakes[4].why,10,22,c5198c11c910f022550242af0b4a957277da22d372d02527555336acccbb087a
u01-s015-lecture-r1,lecture,commonMistakes[4].correction,7,21,17e2f919cdfd444b92dd927fc303bdeaa4c715fab5f76d5d59d8bf8266702629
u01-s015-lecture-r1,lecture,commonMistakes[5].mistake,12,36,b01c3d583160f116d26d284e848ef844c9c87f51309cb3920c16a42a7921290e
u01-s015-lecture-r1,lecture,commonMistakes[5].why,8,24,25cce52d0d41d6e6e203698888b2a1a167b1d66adce0ef8095042ccc3ba0711f
u01-s015-lecture-r1,lecture,commonMistakes[5].correction,16,48,d6f8a90658750498a73e8ee3bfc07c0ee298e44f840913e555a4e89836fb5f0d
u01-s015-lecture-r1,lecture,selfCheck[0],12,36,a0c3dbbdcbcbbff3adb125340d36ae3d2717557c7f2149e09153492a0259c9bb
u01-s015-lecture-r1,lecture,selfCheck[1],14,42,480927f2647448aefe9b4123920a6288d23b1c940e9f05aaa810ec71e5c207f6
u01-s015-lecture-r1,lecture,selfCheck[2],12,36,ba00b69867cb7a07a6ee5bc96f4e1137a53c1b7036f1c644d249abbfed47f64d
u01-s015-lecture-r1,lecture,selfCheck[3],10,30,4b291f1ab46e388521272f93ef9d5b3ec10bc002ee4ca4ed04a3e0e165039d06
u01-s015-lecture-r1,lecture,selfCheck[4],11,33,642e463558dc58347414f08c8b05d3c497bbdfd14e22b09b68b77574a8b65dc4
u01-s015-lecture-r1,lecture,selfCheck[5],9,27,15b3293735e773a67d0a5749be3475d1d44b2b603ecf67405138698494afe4ff
u01-s015-lecture-r1,lecture,summary[0],13,39,a580b7996e0827cbfe88de45ffe595f791b0cb74293e75516eb0968653b7985d
u01-s015-lecture-r1,lecture,summary[1],26,78,b0530c33d4409b8d8c1353cecc547a1fe0088e47e19b04833b8ef2b9006eb0e8
u01-s015-lecture-r1,lecture,summary[2],10,30,d4eed130eb43c3b30efff9531f3a359e37451943e80abe4e3c563ffeba28a5cb
u01-s015-lecture-r1,lecture,summary[3],17,51,de57b6e78a755f70a92161a0c2dfae88804200de560ad5490dbc1f3399f78777
u01-s015-lecture-r1,lecture,connections.previous,30,80,e5281ca08e432c39471853d99122a5cd8f638ecb7b5fdce263f5b69cbedfa57c
u01-s015-lecture-r1,lecture,connections.next[0],24,72,836f9e8e56601ce22baf6758bd2612fe804e64e622271f719b5464465c9ad55d
u01-s015-lecture-r1,lecture,connections.next[1],20,60,39c9046ae26f49667a55b9a66f4b620b95ca213e533903e9df480478d2d4c1e0
u01-s015-lecture-r1,lecture,practiceLinks.mcQuestionIds[0],13,13,57c60c3c2f7940ffce92803c992fc879d295457a63b716fd81f0fa598bbdaa27
u01-s015-lecture-r1,lecture,practiceLinks.mcQuestionIds[1],13,13,d7cd8c56749aa50c9a0543de159bcd4e8ad65afae6249960e32504282226f8f1
u01-s015-lecture-r1,lecture,practiceLinks.mcQuestionIds[2],13,13,bb02e28c128a61baed56ab38fb2f69aa3bdb34d5f9d752c5c5cac5e116d96eed
u01-s015-lecture-r1,lecture,practiceLinks.mcQuestionIds[3],13,13,5f72706edd665d96c6915446382c12944d01fa9c3ef08b391588029cd696316b
u01-s015-lecture-r1,lecture,practiceLinks.mcQuestionIds[4],13,13,13d3a2a8939f734f963bc426b6fa64e77a75011dcf56a3e5498111753fb631bd
u01-s015-lecture-r1,lecture,practiceLinks.mcQuestionIds[5],13,13,c8435978dc4379d25003d6ed180deba5eb5a83d1ac99a4a29caa16105918a9c4
u01-s015-lecture-r1,lecture,practiceLinks.mcQuestionIds[6],13,13,e12144144e97eff8daaffe1e428a7cbb72c4e8cf5967c5b0a1394fb2cee3a62a
u01-s015-lecture-r1,lecture,practiceLinks.mcQuestionIds[7],13,13,1418cffc5bfd5ee84c7f69a0b8a2949f98637fcf92364d7a3748584c56af554f
u01-s015-lecture-r1,lecture,practiceLinks.mcQuestionIds[8],13,13,7547e4f785246d41ffd5ca38acd4024ce1dc58b9d0e871bc06982f42d2be55f2
u01-s015-lecture-r1,lecture,practiceLinks.mcQuestionIds[9],13,13,6747db9b5b7d9d9435941efbb80634c99d0ad72c44e53e5ff67ce464ff06b973
u01-s015-lecture-r1,lecture,practiceLinks.mcQuestionIds[10],13,13,bd404e1f12b95bca85d829367c58fb3acd54f233d69697d494e738033b4b18d3
u01-s015-lecture-r1,lecture,practiceLinks.mcQuestionIds[11],13,13,5cdad05831a4771bc9f1cd4d503486c5e66e1e14c409562c7acbcc7605abda86
u01-s015-lecture-r1,lecture,practiceLinks.constructedResponseIds[0],14,14,cf4c59b60cfc38a73741eb7b91391ffa4cd0ac0c7e4e92e50f529db61ce5781a
u01-s015-lecture-r1,lecture,practiceLinks.constructedResponseIds[1],14,14,1aef29cfb532465ee12b0abaad8c308bc89361cef2721284b9a5d25f7266f1cb
u01-s015-lecture-r1,lecture,lectureReview.mathematicalCorrectness,4,4,d74ff0ee8da3b9806b18c877dbf29bbde50b5bd8e4dad7a3a725000feb82e8f1
u01-s015-lecture-r1,lecture,lectureReview.zeroFoundationReadability,4,4,d74ff0ee8da3b9806b18c877dbf29bbde50b5bd8e4dad7a3a725000feb82e8f1
u01-s015-lecture-r1,lecture,lectureReview.scopeCheck,21,21,fdf8268f0373301b2fcc6331f1d8999b8aabea69681e8bc972ab9a21216a7606
u01-s015-lecture-r1,lecture,lectureReview.reviewNote,48,134,668a5e7630a1688fedb4a74bda96100c98cee04f4fd9e331746e77f836e20ca2
u01-s015-lecture-r1,lecture,lectureReview.reviewVersion,25,25,7ccbed064d3016b5353f553d3edb33b6627126acb00be43b039a8cbab00d7d69
u01-s015-lecture-r1,lecture,lectureReview.reviewedAt,10,10,14158d45727526145ef514139eeb669eb54d613dbcffe524f099dbb71c9d8b08
u01-s015-lecture-r1,lecture,contentSha256,64,64,afd41ca57f5075cf84caaccdfe59910d384be0d5f5082abc713746895e61e310
u01-s015-lecture-r1,lecture,contentAuthority,25,25,ed40f75ffe3d6ad4e71f6e7919d063410490de360edb425965eccd605ca9d79e
u01-s015-v001,question,questionId,13,13,57c60c3c2f7940ffce92803c992fc879d295457a63b716fd81f0fa598bbdaa27
u01-s015-v001,question,unitId,3,3,2055254ee30aaae13b777732834c89d7f799015d3af13b62fe05aeef8c3e0eaa
u01-s015-v001,question,topicId,20,20,5d8b660324439b5015ccf6d80e60ee9df14296f9b4d1699887107454fbf7f052
u01-s015-v001,question,skillId,24,24,61173ad98d81580283a603e631370e6fdb9d31f17ca024b3191b244927464b14
u01-s015-v001,question,difficulty,5,5,fbb7b5bf4ca348eeeebf8cc3660712859a5a1fbf18e83217a57ce203fb51d5c2
u01-s015-v001,question,type,2,2,6bc0f9c4ecb0acbebf1b9f6c816bdd66f4885f67c917d9e141cf893014fba936
u01-s015-v001,question,visualMode,9,9,9c7d54b0bf7a9369d8594201c7b11955514343809d09fbec33966c1fd9794015
u01-s015-v001,question,sourceScope,19,19,a4b669ddb8ef1883391c07a7b633f12eeaeecee7ec37c09eea4931aff6644346
u01-s015-v001,question,text,29,69,6b2f5456c4bac48f49dc3a80bdce4ccb58beff81dab8f04f593ff91c98c99541
u01-s015-v001,question,choices[0],3,4,6567b85d37143fd88c3e9ad1e8debc66bd936c0c2123df9a7ccf31381cc2ad2b
u01-s015-v001,question,choices[1],5,6,f357bf080688e7c1f985bd328b11de4786d6e4cac28c538d88ecbcf3ab5701d4
u01-s015-v001,question,choices[2],3,4,a9a032cb57385d3ba4d3b130b4b75ad3eaa92fe11793aa21386cfd589015e026
u01-s015-v001,question,choices[3],4,5,ca2803a5bac86e1319474d3cbdb88ebf7debbb44f13ed5769572d81ce246e736
u01-s015-v001,question,explanation,16,27,f373eec59f5e5d85001b254279f1d3ab28c3858525df94f9de66176f48e46ca5
u01-s015-v001,question,steps[0],5,11,42bb37c38e4adbd87c972b2cd905bf9a4b3f66a359c3877931949133672ea9ae
u01-s015-v001,question,steps[1],5,11,1f48ce855cd14767c46643375d286a808dbf6ded0fd805326fefa31af7b252a9
u01-s015-v001,question,steps[2],4,10,c670ed98c5cb083d1dcf4520ce12b99d9bb069445acdc9cbc1955960b0b73e94
u01-s015-v001,question,optionAnalysis[0].choice,3,4,6567b85d37143fd88c3e9ad1e8debc66bd936c0c2123df9a7ccf31381cc2ad2b
u01-s015-v001,question,optionAnalysis[0].reason,9,12,ded96e5500a053acb8647b704a3f766c07d38c4582d023b3aa0a66b95f8a7e4a
u01-s015-v001,question,optionAnalysis[1].choice,5,6,f357bf080688e7c1f985bd328b11de4786d6e4cac28c538d88ecbcf3ab5701d4
u01-s015-v001,question,optionAnalysis[1].reason,7,21,c79472829615da883679ca5b5ad909dff26cd9d4a9197f745748a9105159ab7d
u01-s015-v001,question,optionAnalysis[2].choice,3,4,a9a032cb57385d3ba4d3b130b4b75ad3eaa92fe11793aa21386cfd589015e026
u01-s015-v001,question,optionAnalysis[2].reason,6,18,c63ff0a09e7f2e141666cb2694b24776a85c46824ccbc962dbe263aacdfc8fe3
u01-s015-v001,question,optionAnalysis[3].choice,4,5,ca2803a5bac86e1319474d3cbdb88ebf7debbb44f13ed5769572d81ce246e736
u01-s015-v001,question,optionAnalysis[3].reason,11,33,b712276d3a912141467240f5b3a948e0bc89db194a9cb3174b9579fa7f60ba75
u01-s015-v001,question,commonMistake,11,29,c7c38df2932e6c3bfc8b0b656a7940ec87b06f967cd0d72001e38e074f32405b
u01-s015-v001,question,concept,13,39,24635d549f855dee3431dba39ab0321902f08360a25b3af125adb1a3662c35e7
u01-s015-v001,question,tags[0],3,9,fd41540cbdbecb9b5fa7116d27c68e378548ab62ab7c7ca4494730a81ea87667
u01-s015-v001,question,tags[1],14,42,c8c410bf486fc50c4c9eea3cd7aa8478fd6cc4bd4511a7a279344f093cc28035
u01-s015-v001,question,tags[2],5,5,fbb7b5bf4ca348eeeebf8cc3660712859a5a1fbf18e83217a57ce203fb51d5c2
u01-s015-v001,question,estimatedTimeSec,2,2,39fa9ec190eee7b6f4dff1100d6343e10918d044c75eac8f9e9a2596173f80c9
u01-s015-v001,question,prerequisiteSkillIds[0],28,28,d4a70ec3bcf253225298fa992ee3b412dd1d434e795e1d5789a615cfe5b0b7b3
u01-s015-v001,question,prerequisiteSkillIds[1],31,31,db7284405f3c22c3229e76b63fc8c313cfa45ed949df0066be5752881946a45d
u01-s015-v001,question,prerequisiteSkillIds[2],24,24,e13a3f394515dbd063b6e19ec01bfec5c72b5d6ae6fec2e046d3752279a6035c
u01-s015-v001,question,prerequisiteSkillIds[3],27,27,edd279722987333b33a23fc24e21445f2a848790a11359abdbcb1391f320f5b4
u01-s015-v001,question,authoringIntent,12,36,511c5d9e33da9fd65d412d4895827d8daaf7d9b51d15a05f3c4e521ee9cbcb6d
u01-s015-v001,question,literacyContextNecessity,12,36,5032dd7aafc562063e2d2e84b53b58c2ef593a5552bf747cf3bb9cd8609c1734
u01-s015-v001,question,reviewStatus,22,22,ec809598e2f7fcc69fad54c9cd045bba62b4a0dc7c0ff90d4efdc3788c9ad8fb
u01-s015-v001,question,contentSha256,64,64,862b476c11f46c265632418a6bb7681ea8b29cf9dba902ee2b0776fbdf7ceda3
u01-s015-v001,question,contentAuthority,25,25,ed40f75ffe3d6ad4e71f6e7919d063410490de360edb425965eccd605ca9d79e
u01-s015-v002,question,questionId,13,13,d7cd8c56749aa50c9a0543de159bcd4e8ad65afae6249960e32504282226f8f1
u01-s015-v002,question,unitId,3,3,2055254ee30aaae13b777732834c89d7f799015d3af13b62fe05aeef8c3e0eaa
u01-s015-v002,question,topicId,20,20,5d8b660324439b5015ccf6d80e60ee9df14296f9b4d1699887107454fbf7f052
u01-s015-v002,question,skillId,24,24,61173ad98d81580283a603e631370e6fdb9d31f17ca024b3191b244927464b14
u01-s015-v002,question,difficulty,5,5,fbb7b5bf4ca348eeeebf8cc3660712859a5a1fbf18e83217a57ce203fb51d5c2
u01-s015-v002,question,type,2,2,6bc0f9c4ecb0acbebf1b9f6c816bdd66f4885f67c917d9e141cf893014fba936
u01-s015-v002,question,visualMode,9,9,9c7d54b0bf7a9369d8594201c7b11955514343809d09fbec33966c1fd9794015
u01-s015-v002,question,sourceScope,19,19,a4b669ddb8ef1883391c07a7b633f12eeaeecee7ec37c09eea4931aff6644346
u01-s015-v002,question,text,38,102,1af80cfed9cc29bfe4b830dba4fa54c06e467b848e910c07d39f67479660fa56
u01-s015-v002,question,choices[0],5,9,64e87313bb0652b3d27d85e246bb0f4225f705603ff04a41df8cf1d1c0672dbf
u01-s015-v002,question,choices[1],5,9,a61165912dd945613df0b229b19480784f6c747cfed1076701ddf1e82982697e
u01-s015-v002,question,choices[2],4,8,12cfffd54342525dabbd63cdf276bf5ec5025a4ceb826be963fee19737d0684c
u01-s015-v002,question,choices[3],9,23,82f9a60ba0197913c4341aa5dbc9fd0b98683da8c0b991f3f25abb082b90605c
u01-s015-v002,question,explanation,20,52,9aa68694a3c05e5abd446ec2034d4e14cf4884ff8a5d6260d0a23e2c9702f368
u01-s015-v002,question,steps[0],5,13,cb0b1687d5305d2de8c1fd9b781430291de1cd7cdc7faf1def3a8dc50a806bef
u01-s015-v002,question,steps[1],7,21,bb02c5e2e9afe09e2439d14ad6a9a1c4603ffc1e92e566b8671c181e161f619a
u01-s015-v002,question,steps[2],8,18,a320408709ffd027ce632200c2fa3ea3f6d6058303dd817303c44010eeeaba28
u01-s015-v002,question,optionAnalysis[0].choice,5,9,64e87313bb0652b3d27d85e246bb0f4225f705603ff04a41df8cf1d1c0672dbf
u01-s015-v002,question,optionAnalysis[0].reason,5,15,3ae76a26fe54c0738ba503b6aa9503ee9253e720a5ad399de8adf8cc55dac233
u01-s015-v002,question,optionAnalysis[1].choice,5,9,a61165912dd945613df0b229b19480784f6c747cfed1076701ddf1e82982697e
u01-s015-v002,question,optionAnalysis[1].reason,11,25,abf0b2b8db1fbae446377620cecda3b76c237b76f574aadf15c3ebccbc745502
u01-s015-v002,question,optionAnalysis[2].choice,4,8,12cfffd54342525dabbd63cdf276bf5ec5025a4ceb826be963fee19737d0684c
u01-s015-v002,question,optionAnalysis[2].reason,4,12,4f7849cd360e93173de8a24714429179db2526014ed02ecab9ea97a68f31ebc1
u01-s015-v002,question,optionAnalysis[3].choice,9,23,82f9a60ba0197913c4341aa5dbc9fd0b98683da8c0b991f3f25abb082b90605c
u01-s015-v002,question,optionAnalysis[3].reason,5,15,d9a4e83e845c2480e26d0a64a54d905490c20dec2c79c63ca2c59bc41c1fab8c
u01-s015-v002,question,commonMistake,11,29,205956a35042e7a5b8fad0e9152d1974da9835db72a1101c55d21aee24bd0e0f
u01-s015-v002,question,concept,16,48,34b291cdd0d8e6bbcb9500f380c6180a8481e7b8791ac6620f07029f9bebe9cd
u01-s015-v002,question,tags[0],3,9,fd41540cbdbecb9b5fa7116d27c68e378548ab62ab7c7ca4494730a81ea87667
u01-s015-v002,question,tags[1],14,42,c8c410bf486fc50c4c9eea3cd7aa8478fd6cc4bd4511a7a279344f093cc28035
u01-s015-v002,question,tags[2],5,5,fbb7b5bf4ca348eeeebf8cc3660712859a5a1fbf18e83217a57ce203fb51d5c2
u01-s015-v002,question,estimatedTimeSec,2,2,39fa9ec190eee7b6f4dff1100d6343e10918d044c75eac8f9e9a2596173f80c9
u01-s015-v002,question,prerequisiteSkillIds[0],28,28,d4a70ec3bcf253225298fa992ee3b412dd1d434e795e1d5789a615cfe5b0b7b3
u01-s015-v002,question,prerequisiteSkillIds[1],31,31,db7284405f3c22c3229e76b63fc8c313cfa45ed949df0066be5752881946a45d
u01-s015-v002,question,prerequisiteSkillIds[2],24,24,e13a3f394515dbd063b6e19ec01bfec5c72b5d6ae6fec2e046d3752279a6035c
u01-s015-v002,question,prerequisiteSkillIds[3],27,27,edd279722987333b33a23fc24e21445f2a848790a11359abdbcb1391f320f5b4
u01-s015-v002,question,authoringIntent,11,33,53ed031d5e63adaa5cfd0eaabc630b7937d4c27c11e18332aa37313c2c0867f1
u01-s015-v002,question,literacyContextNecessity,14,42,5d01c565ad234451f08114bb99f7da17587fab0220e599c4b3438b81822b3b7e
u01-s015-v002,question,reviewStatus,22,22,ec809598e2f7fcc69fad54c9cd045bba62b4a0dc7c0ff90d4efdc3788c9ad8fb
u01-s015-v002,question,contentSha256,64,64,2d2bc749f999babb719366db7bd46195c10575e4232b28101463c5d28936c8a2
u01-s015-v002,question,contentAuthority,25,25,ed40f75ffe3d6ad4e71f6e7919d063410490de360edb425965eccd605ca9d79e
u01-s015-v003,question,questionId,13,13,bb02e28c128a61baed56ab38fb2f69aa3bdb34d5f9d752c5c5cac5e116d96eed
u01-s015-v003,question,unitId,3,3,2055254ee30aaae13b777732834c89d7f799015d3af13b62fe05aeef8c3e0eaa
u01-s015-v003,question,topicId,20,20,5d8b660324439b5015ccf6d80e60ee9df14296f9b4d1699887107454fbf7f052
u01-s015-v003,question,skillId,24,24,61173ad98d81580283a603e631370e6fdb9d31f17ca024b3191b244927464b14
u01-s015-v003,question,difficulty,5,5,fbb7b5bf4ca348eeeebf8cc3660712859a5a1fbf18e83217a57ce203fb51d5c2
u01-s015-v003,question,type,2,2,6bc0f9c4ecb0acbebf1b9f6c816bdd66f4885f67c917d9e141cf893014fba936
u01-s015-v003,question,visualMode,9,9,9c7d54b0bf7a9369d8594201c7b11955514343809d09fbec33966c1fd9794015
u01-s015-v003,question,sourceScope,19,19,a4b669ddb8ef1883391c07a7b633f12eeaeecee7ec37c09eea4931aff6644346
u01-s015-v003,question,text,28,62,445bd3167463ab3e7b21c7f75fc42160d3c4b319e3ea7b4e1e29e1010586a146
u01-s015-v003,question,choices[0],6,8,ba8df1caac0e167430d9b6ebf6f131e69444cbfc9e7b49aa33a076ad92187031
u01-s015-v003,question,choices[1],6,8,94bf62be78614d953614b66d1fcaeac421f0714b0ef0fa362aa466f4de875092
u01-s015-v003,question,choices[2],5,7,00cc8bbcd81d653c9dd6dbd43b86238ea3daaa1e27d9e09c212e40d5dd880c8d
u01-s015-v003,question,choices[3],5,7,ed212ece43c65e4261162042554a921b61f8f35ebd13d060d133d2850fe407c3
u01-s015-v003,question,explanation,14,18,c23980f972fdd3a0cb927fc9cb08c67367d5d6f0e089ce44b4ffed1d41957635
u01-s015-v003,question,steps[0],8,16,7d0ffd511e4e312ab21b7f496c77f770bb590027d1d35d5c25d09f7bcfda6c7e
u01-s015-v003,question,steps[1],7,13,85cd35decbe045d8aecbd0444c4197e315e1ddcabb6328c235937c953056744d
u01-s015-v003,question,steps[2],9,21,e6e522ba2ab6df094aa334b7a4d9a006df07993c54eb8c05fa52f02140af7409
u01-s015-v003,question,optionAnalysis[0].choice,6,8,ba8df1caac0e167430d9b6ebf6f131e69444cbfc9e7b49aa33a076ad92187031
u01-s015-v003,question,optionAnalysis[0].reason,7,21,bc7d99b2bd75c389216a43ff1a51a8b43be1f8cc7bd2947bbf49801412184cbb
u01-s015-v003,question,optionAnalysis[1].choice,6,8,94bf62be78614d953614b66d1fcaeac421f0714b0ef0fa362aa466f4de875092
u01-s015-v003,question,optionAnalysis[1].reason,11,33,07291f69311430d7066b4777e870ff5e7c5e4164ab43c5b28e02666e6b71842e
u01-s015-v003,question,optionAnalysis[2].choice,5,7,00cc8bbcd81d653c9dd6dbd43b86238ea3daaa1e27d9e09c212e40d5dd880c8d
u01-s015-v003,question,optionAnalysis[2].reason,12,14,2542855338b76f898241f64918bd05afb5be9a4a836cf08edd9ed1d4eea4f753
u01-s015-v003,question,optionAnalysis[3].choice,5,7,ed212ece43c65e4261162042554a921b61f8f35ebd13d060d133d2850fe407c3
u01-s015-v003,question,optionAnalysis[3].reason,7,21,61aee05a0a2fe13143cb3cd3e3d462cba7842ecf1e54b154f6f08074db22d834
u01-s015-v003,question,commonMistake,20,54,6691f709713e52b083b51809fbc15646e9ab6e32b720ef9dccbc9cf7ece52af7
u01-s015-v003,question,concept,13,37,6f17e5837b6238045d77fc8a57a4c4d69573affd61bcfe90cf4ee2149516ebe3
u01-s015-v003,question,tags[0],3,9,fd41540cbdbecb9b5fa7116d27c68e378548ab62ab7c7ca4494730a81ea87667
u01-s015-v003,question,tags[1],14,42,c8c410bf486fc50c4c9eea3cd7aa8478fd6cc4bd4511a7a279344f093cc28035
u01-s015-v003,question,tags[2],5,5,fbb7b5bf4ca348eeeebf8cc3660712859a5a1fbf18e83217a57ce203fb51d5c2
u01-s015-v003,question,estimatedTimeSec,2,2,39fa9ec190eee7b6f4dff1100d6343e10918d044c75eac8f9e9a2596173f80c9
u01-s015-v003,question,prerequisiteSkillIds[0],28,28,d4a70ec3bcf253225298fa992ee3b412dd1d434e795e1d5789a615cfe5b0b7b3
u01-s015-v003,question,prerequisiteSkillIds[1],31,31,db7284405f3c22c3229e76b63fc8c313cfa45ed949df0066be5752881946a45d
u01-s015-v003,question,prerequisiteSkillIds[2],24,24,e13a3f394515dbd063b6e19ec01bfec5c72b5d6ae6fec2e046d3752279a6035c
u01-s015-v003,question,prerequisiteSkillIds[3],27,27,edd279722987333b33a23fc24e21445f2a848790a11359abdbcb1391f320f5b4
u01-s015-v003,question,authoringIntent,9,27,1de7e96802ed62481a2e9928c412411315215592ee93adf2c9cc4d2faf232793
u01-s015-v003,question,literacyContextNecessity,18,54,ba83b4b8fce6f5c2cd4972905f4017ed5ab9a85a20cf752316af6826bddd21c5
u01-s015-v003,question,reviewStatus,22,22,ec809598e2f7fcc69fad54c9cd045bba62b4a0dc7c0ff90d4efdc3788c9ad8fb
u01-s015-v003,question,contentSha256,64,64,b49f586bad2c7b6b4372686dae75ab6986c4c9609e6ae5b901e0b36475996a7a
u01-s015-v003,question,contentAuthority,25,25,ed40f75ffe3d6ad4e71f6e7919d063410490de360edb425965eccd605ca9d79e
u01-s015-v004,question,questionId,13,13,5f72706edd665d96c6915446382c12944d01fa9c3ef08b391588029cd696316b
u01-s015-v004,question,unitId,3,3,2055254ee30aaae13b777732834c89d7f799015d3af13b62fe05aeef8c3e0eaa
u01-s015-v004,question,topicId,20,20,5d8b660324439b5015ccf6d80e60ee9df14296f9b4d1699887107454fbf7f052
u01-s015-v004,question,skillId,24,24,61173ad98d81580283a603e631370e6fdb9d31f17ca024b3191b244927464b14
u01-s015-v004,question,difficulty,8,8,fe6d3468cf5c74d8ec2a95b40f2e05338c37a4202f8fad692d2b64a9cf9b468a
u01-s015-v004,question,type,2,2,6bc0f9c4ecb0acbebf1b9f6c816bdd66f4885f67c917d9e141cf893014fba936
u01-s015-v004,question,visualMode,9,9,9c7d54b0bf7a9369d8594201c7b11955514343809d09fbec33966c1fd9794015
u01-s015-v004,question,sourceScope,19,19,a4b669ddb8ef1883391c07a7b633f12eeaeecee7ec37c09eea4931aff6644346
u01-s015-v004,question,text,26,62,fd3fbb9845618a7138b3cd28c19b467c2bcd22e7c81c6158468535e252f95e9b
u01-s015-v004,question,choices[0],5,6,b269716245d11ddac06d8d0c8bacefa851dc17a114d5617e92c1668b672eb120
u01-s015-v004,question,choices[1],3,4,6567b85d37143fd88c3e9ad1e8debc66bd936c0c2123df9a7ccf31381cc2ad2b
u01-s015-v004,question,choices[2],3,4,5208555e1d502c5a559f3bbe5162ad4d470840f6ecf109f59cc824d36b58fc3b
u01-s015-v004,question,choices[3],4,5,d8fc14e7b596591fedf10bb0a453ead81461500d9542d8ac5f13490f4c36cd74
u01-s015-v004,question,explanation,17,24,8d6da776b21cb1fa896da74b2cfb371228e4ca948dd00664853297753577116d
u01-s015-v004,question,steps[0],6,18,c5d45cca65b78d592badfbe960b14bb0c6b74b3d7923ed82b0aa229921d14a7a
u01-s015-v004,question,steps[1],7,9,b29b7b6926facfc268d50ebb51d91b6cece42a6652d53f6ee7072ba2773346c0
u01-s015-v004,question,steps[2],7,21,61cf45d214512b0b43fb98537b3a8d3a10517483d5729943e787c2d0931654ae
u01-s015-v004,question,optionAnalysis[0].choice,5,6,b269716245d11ddac06d8d0c8bacefa851dc17a114d5617e92c1668b672eb120
u01-s015-v004,question,optionAnalysis[0].reason,6,18,4eee016f974b9a94536e2c91a11585e6c385293d6f8cb61bd1cb2d0c00f831fa
u01-s015-v004,question,optionAnalysis[1].choice,3,4,6567b85d37143fd88c3e9ad1e8debc66bd936c0c2123df9a7ccf31381cc2ad2b
u01-s015-v004,question,optionAnalysis[1].reason,7,21,e35036f39f322b475e5123c46797ebe6046b74268a58c6c16d1358c9a1c5ac3d
u01-s015-v004,question,optionAnalysis[2].choice,3,4,5208555e1d502c5a559f3bbe5162ad4d470840f6ecf109f59cc824d36b58fc3b
u01-s015-v004,question,optionAnalysis[2].reason,8,24,859f0a927c142f201f6757e2347c00b9c6633d2ea6bbd79cdf705eb9ce49d33a
u01-s015-v004,question,optionAnalysis[3].choice,4,5,d8fc14e7b596591fedf10bb0a453ead81461500d9542d8ac5f13490f4c36cd74
u01-s015-v004,question,optionAnalysis[3].reason,11,14,95a4d1d138619f22400e06fd401c7f52c40eac8ed1b608f1accbce092574f7d6
u01-s015-v004,question,commonMistake,18,42,33c715f9b73e49060e5329f1d745c23f59cfa9e334891bf9caefb8607268ed97
u01-s015-v004,question,concept,11,33,59bf82366d7e43c5afe5d7c88f0d64b0f55b03bc6ad4caae9907f3431170f3b7
u01-s015-v004,question,tags[0],3,9,fd41540cbdbecb9b5fa7116d27c68e378548ab62ab7c7ca4494730a81ea87667
u01-s015-v004,question,tags[1],14,42,c8c410bf486fc50c4c9eea3cd7aa8478fd6cc4bd4511a7a279344f093cc28035
u01-s015-v004,question,tags[2],8,8,fe6d3468cf5c74d8ec2a95b40f2e05338c37a4202f8fad692d2b64a9cf9b468a
u01-s015-v004,question,estimatedTimeSec,2,2,39fa9ec190eee7b6f4dff1100d6343e10918d044c75eac8f9e9a2596173f80c9
u01-s015-v004,question,prerequisiteSkillIds[0],28,28,d4a70ec3bcf253225298fa992ee3b412dd1d434e795e1d5789a615cfe5b0b7b3
u01-s015-v004,question,prerequisiteSkillIds[1],31,31,db7284405f3c22c3229e76b63fc8c313cfa45ed949df0066be5752881946a45d
u01-s015-v004,question,prerequisiteSkillIds[2],24,24,e13a3f394515dbd063b6e19ec01bfec5c72b5d6ae6fec2e046d3752279a6035c
u01-s015-v004,question,prerequisiteSkillIds[3],27,27,edd279722987333b33a23fc24e21445f2a848790a11359abdbcb1391f320f5b4
u01-s015-v004,question,authoringIntent,11,33,0009e056556af463f5535f763bf0dc11c92b16ac0abf3455e96e15ea3271b34b
u01-s015-v004,question,literacyContextNecessity,20,60,c112ca5666898a6c9a2f4d32d565d7793306a9b47529e7af13e9465a4ccbeb2f
u01-s015-v004,question,reviewStatus,22,22,ec809598e2f7fcc69fad54c9cd045bba62b4a0dc7c0ff90d4efdc3788c9ad8fb
u01-s015-v004,question,contentSha256,64,64,d8ca129c52fa362989341fb4925ddf5ecdd501cc1b0bab0109c73cec4e4fa8e6
u01-s015-v004,question,contentAuthority,25,25,ed40f75ffe3d6ad4e71f6e7919d063410490de360edb425965eccd605ca9d79e
u01-s015-v005,question,questionId,13,13,13d3a2a8939f734f963bc426b6fa64e77a75011dcf56a3e5498111753fb631bd
u01-s015-v005,question,unitId,3,3,2055254ee30aaae13b777732834c89d7f799015d3af13b62fe05aeef8c3e0eaa
u01-s015-v005,question,topicId,20,20,5d8b660324439b5015ccf6d80e60ee9df14296f9b4d1699887107454fbf7f052
u01-s015-v005,question,skillId,24,24,61173ad98d81580283a603e631370e6fdb9d31f17ca024b3191b244927464b14
u01-s015-v005,question,difficulty,8,8,fe6d3468cf5c74d8ec2a95b40f2e05338c37a4202f8fad692d2b64a9cf9b468a
u01-s015-v005,question,type,2,2,6bc0f9c4ecb0acbebf1b9f6c816bdd66f4885f67c917d9e141cf893014fba936
u01-s015-v005,question,visualMode,9,9,9c7d54b0bf7a9369d8594201c7b11955514343809d09fbec33966c1fd9794015
u01-s015-v005,question,sourceScope,19,19,a4b669ddb8ef1883391c07a7b633f12eeaeecee7ec37c09eea4931aff6644346
u01-s015-v005,question,text,47,107,e66b9788fbb032c1a10d2f797c215ec71e5e1cd57071e5c5a9fa3fbc25be1872
u01-s015-v005,question,choices[0],4,6,83497a5a43638113553c3853290c800cf50888f3aa4fd31913c8496d2944f2d2
u01-s015-v005,question,choices[1],4,6,e6b1c343b338c0d0f07a1453ecfb8e318bb88466f65ff2cb555641d50a1c3ea7
u01-s015-v005,question,choices[2],4,6,15b7226008dda761ba52e0970cc82c5cde43724c86c34f647e18c753c5e5b8f6
u01-s015-v005,question,choices[3],4,6,942d6a80e660f4c3ff0ec3559d5d4e0ef5cd270e5008a6189e10b74ecab3a108
u01-s015-v005,question,explanation,33,55,6b8c2b2a23dce27a3e427931d629fcc152aa480b9ef29d8e4fd6bcfc4e3c1fc0
u01-s015-v005,question,steps[0],12,36,7f0c8907c255ab6d2352b9a0ae3af1226ae076db642e631b69fa2d2c2fb5b301
u01-s015-v005,question,steps[1],8,14,1261ba62db719df01ac3ba294151bd32044de81d80e7364bb5dee7a8243038b0
u01-s015-v005,question,steps[2],4,8,24169fcedcf37afc04743fae0e45f8f1622fd3976452a3b7ba5a54cb681aaf09
u01-s015-v005,question,optionAnalysis[0].choice,4,6,83497a5a43638113553c3853290c800cf50888f3aa4fd31913c8496d2944f2d2
u01-s015-v005,question,optionAnalysis[0].reason,17,19,bfaf11f6cc5512b84377943610677b766d9e1982bff1e61b1d900d4eb20d01fa
u01-s015-v005,question,optionAnalysis[1].choice,4,6,e6b1c343b338c0d0f07a1453ecfb8e318bb88466f65ff2cb555641d50a1c3ea7
u01-s015-v005,question,optionAnalysis[1].reason,8,14,31d3d3b1ffbee6a90b54364e662b22978600840f63dfa2468f81a248c8ce730b
u01-s015-v005,question,optionAnalysis[2].choice,4,6,15b7226008dda761ba52e0970cc82c5cde43724c86c34f647e18c753c5e5b8f6
u01-s015-v005,question,optionAnalysis[2].reason,6,18,d157063051c966ccc20cacbf901e79c80d5933d3d543ceb34fe6fb01cacc2945
u01-s015-v005,question,optionAnalysis[3].choice,4,6,942d6a80e660f4c3ff0ec3559d5d4e0ef5cd270e5008a6189e10b74ecab3a108
u01-s015-v005,question,optionAnalysis[3].reason,6,18,e4c10d2800281440357dda32fee1c9b0c2343e9c42b52400a983a4a98fd835c7
u01-s015-v005,question,commonMistake,11,29,ff4b2a75d3ae5912f229e5eb8d53259efafd2f81496d1b3310058a063452787f
u01-s015-v005,question,concept,15,45,da6a6ce990cb4854c69cb948e84933dabf76469526bbe0689fbfb88ff3e84fec
u01-s015-v005,question,tags[0],3,9,fd41540cbdbecb9b5fa7116d27c68e378548ab62ab7c7ca4494730a81ea87667
u01-s015-v005,question,tags[1],14,42,c8c410bf486fc50c4c9eea3cd7aa8478fd6cc4bd4511a7a279344f093cc28035
u01-s015-v005,question,tags[2],8,8,fe6d3468cf5c74d8ec2a95b40f2e05338c37a4202f8fad692d2b64a9cf9b468a
u01-s015-v005,question,estimatedTimeSec,2,2,39fa9ec190eee7b6f4dff1100d6343e10918d044c75eac8f9e9a2596173f80c9
u01-s015-v005,question,prerequisiteSkillIds[0],28,28,d4a70ec3bcf253225298fa992ee3b412dd1d434e795e1d5789a615cfe5b0b7b3
u01-s015-v005,question,prerequisiteSkillIds[1],31,31,db7284405f3c22c3229e76b63fc8c313cfa45ed949df0066be5752881946a45d
u01-s015-v005,question,prerequisiteSkillIds[2],24,24,e13a3f394515dbd063b6e19ec01bfec5c72b5d6ae6fec2e046d3752279a6035c
u01-s015-v005,question,prerequisiteSkillIds[3],27,27,edd279722987333b33a23fc24e21445f2a848790a11359abdbcb1391f320f5b4
u01-s015-v005,question,authoringIntent,16,48,9fc93d613d923ba083737a5c866a485e630a55fce9792c15ba36bf03229f6473
u01-s015-v005,question,literacyContextNecessity,19,57,1fcb22e6a021754352bf5238cbef57bb7ecf03beb95b1205b6db97f18d26ccb2
u01-s015-v005,question,reviewStatus,22,22,ec809598e2f7fcc69fad54c9cd045bba62b4a0dc7c0ff90d4efdc3788c9ad8fb
u01-s015-v005,question,contentSha256,64,64,0be1fb63090fad39237cf95793286a46ce04ad30be451365189e0743db3ba110
u01-s015-v005,question,contentAuthority,25,25,ed40f75ffe3d6ad4e71f6e7919d063410490de360edb425965eccd605ca9d79e
u01-s015-v006,question,questionId,13,13,c8435978dc4379d25003d6ed180deba5eb5a83d1ac99a4a29caa16105918a9c4
u01-s015-v006,question,unitId,3,3,2055254ee30aaae13b777732834c89d7f799015d3af13b62fe05aeef8c3e0eaa
u01-s015-v006,question,topicId,20,20,5d8b660324439b5015ccf6d80e60ee9df14296f9b4d1699887107454fbf7f052
u01-s015-v006,question,skillId,24,24,61173ad98d81580283a603e631370e6fdb9d31f17ca024b3191b244927464b14
u01-s015-v006,question,difficulty,8,8,fe6d3468cf5c74d8ec2a95b40f2e05338c37a4202f8fad692d2b64a9cf9b468a
u01-s015-v006,question,type,2,2,6bc0f9c4ecb0acbebf1b9f6c816bdd66f4885f67c917d9e141cf893014fba936
u01-s015-v006,question,visualMode,9,9,9c7d54b0bf7a9369d8594201c7b11955514343809d09fbec33966c1fd9794015
u01-s015-v006,question,sourceScope,19,19,a4b669ddb8ef1883391c07a7b633f12eeaeecee7ec37c09eea4931aff6644346
u01-s015-v006,question,text,44,86,810d065862af02849ebf5d8769022864b8a11821a93eec25a9b3343136cf4382
u01-s015-v006,question,choices[0],8,11,649ae2730655271a3346af151f68b4b3c584a9f42dc9c3ed534a65b60cf011a1
u01-s015-v006,question,choices[1],8,11,13d3dd2b1117c4068e58389e93e58711b732458a1b24c6bc44dfb7112ddcf371
u01-s015-v006,question,choices[2],8,11,ebec8bdbe58f5ff8ca2f80f612549a0f07a35d7cf7c4c3886af2275a183129e5
u01-s015-v006,question,choices[3],7,10,1118d1b00c1f732726010998b2e675b5bda2c4a7a1bf631c67bf8691ae463583
u01-s015-v006,question,explanation,49,66,7583daa21c1fb5650ea4c5780dbae5f1e764663a20a409363ce6017091b8ae4e
u01-s015-v006,question,steps[0],5,15,f01d32efa0b75d4651e09fa7f91daa182ae64c5ec668bc596a897f833ab5b8f3
u01-s015-v006,question,steps[1],20,22,5fff060be247c7c4f45de0cad1ecda07014a6fe2f793a7d7b5cc911108744a18
u01-s015-v006,question,steps[2],10,17,ebf54caace6b4fa748fe8732d8f7fd931a727e84ff16e014818d5c51e0e65ea5
u01-s015-v006,question,optionAnalysis[0].choice,8,11,649ae2730655271a3346af151f68b4b3c584a9f42dc9c3ed534a65b60cf011a1
u01-s015-v006,question,optionAnalysis[0].reason,5,11,2e9824b555a69a2c3f8c6813038d6da6c786c26760a4b00120385b4e4a55f85d
u01-s015-v006,question,optionAnalysis[1].choice,8,11,13d3dd2b1117c4068e58389e93e58711b732458a1b24c6bc44dfb7112ddcf371
u01-s015-v006,question,optionAnalysis[1].reason,19,21,c3dd48859d9a29a6f32fa61296b528a794c2ab197a828a59011833270342ba84
u01-s015-v006,question,optionAnalysis[2].choice,8,11,ebec8bdbe58f5ff8ca2f80f612549a0f07a35d7cf7c4c3886af2275a183129e5
u01-s015-v006,question,optionAnalysis[2].reason,6,18,09e351c1a5533f634d10616f2db8ba713b7f5a99bd821b8e2a90c1f07c590ae2
u01-s015-v006,question,optionAnalysis[3].choice,7,10,1118d1b00c1f732726010998b2e675b5bda2c4a7a1bf631c67bf8691ae463583
u01-s015-v006,question,optionAnalysis[3].reason,8,24,a0d7b70dc78b469deaafeaa88a12e0060a45ef334f5c75dacc5b83196e90351b
u01-s015-v006,question,commonMistake,18,40,5d356e1dd98712153806162492568af7e57061ddf04e9ededf110f44656a007b
u01-s015-v006,question,concept,12,36,2e4823e91d646e98eee55968b1154ec48794885c1cc8db3ca675a774e526183a
u01-s015-v006,question,tags[0],3,9,fd41540cbdbecb9b5fa7116d27c68e378548ab62ab7c7ca4494730a81ea87667
u01-s015-v006,question,tags[1],14,42,c8c410bf486fc50c4c9eea3cd7aa8478fd6cc4bd4511a7a279344f093cc28035
u01-s015-v006,question,tags[2],8,8,fe6d3468cf5c74d8ec2a95b40f2e05338c37a4202f8fad692d2b64a9cf9b468a
u01-s015-v006,question,estimatedTimeSec,2,2,39fa9ec190eee7b6f4dff1100d6343e10918d044c75eac8f9e9a2596173f80c9
u01-s015-v006,question,prerequisiteSkillIds[0],28,28,d4a70ec3bcf253225298fa992ee3b412dd1d434e795e1d5789a615cfe5b0b7b3
u01-s015-v006,question,prerequisiteSkillIds[1],31,31,db7284405f3c22c3229e76b63fc8c313cfa45ed949df0066be5752881946a45d
u01-s015-v006,question,prerequisiteSkillIds[2],24,24,e13a3f394515dbd063b6e19ec01bfec5c72b5d6ae6fec2e046d3752279a6035c
u01-s015-v006,question,prerequisiteSkillIds[3],27,27,edd279722987333b33a23fc24e21445f2a848790a11359abdbcb1391f320f5b4
u01-s015-v006,question,authoringIntent,12,36,be959121f6734c9d12586b963a48798d7f879b6bc3d00af0de7b4a6a2ce51cf6
u01-s015-v006,question,literacyContextNecessity,17,47,d2bba69a8ef33fea5bf8dfc9a77339d6cde95d971e9b9f8620ea25af93a6833c
u01-s015-v006,question,reviewStatus,22,22,ec809598e2f7fcc69fad54c9cd045bba62b4a0dc7c0ff90d4efdc3788c9ad8fb
u01-s015-v006,question,contentSha256,64,64,653de6b505df81808877192a00967bb9369bc2ca6a4bad4b902c03126b0287c4
u01-s015-v006,question,contentAuthority,25,25,ed40f75ffe3d6ad4e71f6e7919d063410490de360edb425965eccd605ca9d79e
u01-s015-v007,question,questionId,13,13,e12144144e97eff8daaffe1e428a7cbb72c4e8cf5967c5b0a1394fb2cee3a62a
u01-s015-v007,question,unitId,3,3,2055254ee30aaae13b777732834c89d7f799015d3af13b62fe05aeef8c3e0eaa
u01-s015-v007,question,topicId,20,20,5d8b660324439b5015ccf6d80e60ee9df14296f9b4d1699887107454fbf7f052
u01-s015-v007,question,skillId,24,24,61173ad98d81580283a603e631370e6fdb9d31f17ca024b3191b244927464b14
u01-s015-v007,question,difficulty,8,8,d21f85ea38166303ce58e06134b5cc4a5c900c409ab2a500ff7c9225109a09bb
u01-s015-v007,question,type,2,2,6bc0f9c4ecb0acbebf1b9f6c816bdd66f4885f67c917d9e141cf893014fba936
u01-s015-v007,question,visualMode,9,9,9c7d54b0bf7a9369d8594201c7b11955514343809d09fbec33966c1fd9794015
u01-s015-v007,question,sourceScope,19,19,a4b669ddb8ef1883391c07a7b633f12eeaeecee7ec37c09eea4931aff6644346
u01-s015-v007,question,text,45,99,75f615b056b4e20a520e47be18f4ff28b48839505007c98c3e3166ba1bb57ad1
u01-s015-v007,question,choices[0],6,8,7edc0a4dec3788ddf96a8b48f82752a7186605c296a31fdbb4a0d569309e24d3
u01-s015-v007,question,choices[1],5,7,8effd4514060137387abe63530c4f5c179eb46739380d9ae589f8c48d8775897
u01-s015-v007,question,choices[2],5,7,e8cc9016a086207e417d73095f1d264bda10c02e5d1e08ce6f98046300cbeefb
u01-s015-v007,question,choices[3],7,9,37eac86f6c29ebcf84bc94058dafef70a34e5c171377b56110a3ca0fc21e88c3
u01-s015-v007,question,explanation,31,36,f54898397775398158f71655a290d96d24ff439a525ce808d7dabe27d572db4f
u01-s015-v007,question,steps[0],8,18,b241e517fb142bf53bedfaf5c4be6e5254907338fde2d88a963ca019ec9710f6
u01-s015-v007,question,steps[1],12,14,f6120a9fdf84a76bf2b4bbb428c6f9dd88405abe5eb12d545d1d97de890cdb73
u01-s015-v007,question,steps[2],10,18,38643465646d72897a072ebe50fd9d499e1d7c31b759a4eae426af97fc5b7c95
u01-s015-v007,question,optionAnalysis[0].choice,6,8,7edc0a4dec3788ddf96a8b48f82752a7186605c296a31fdbb4a0d569309e24d3
u01-s015-v007,question,optionAnalysis[0].reason,7,21,00685234e4acfa72f0cb1eeecaab38fd0cfe64483592ba795216b76a1ccc8a75
u01-s015-v007,question,optionAnalysis[1].choice,5,7,8effd4514060137387abe63530c4f5c179eb46739380d9ae589f8c48d8775897
u01-s015-v007,question,optionAnalysis[1].reason,7,21,e2f21b376498e79e789e8886b83f2c3a3aebd3685bdf201b90e293264d7b2f6a
u01-s015-v007,question,optionAnalysis[2].choice,5,7,e8cc9016a086207e417d73095f1d264bda10c02e5d1e08ce6f98046300cbeefb
u01-s015-v007,question,optionAnalysis[2].reason,16,18,74df9e94752ffd4282ad60d86a7d3eff2a65a8a2d6709cf2aefe1f87a1dce23b
u01-s015-v007,question,optionAnalysis[3].choice,7,9,37eac86f6c29ebcf84bc94058dafef70a34e5c171377b56110a3ca0fc21e88c3
u01-s015-v007,question,optionAnalysis[3].reason,5,15,acd66daede08dad8229912e0fe76a73e0e62de544f52213fbc348744fd6de393
u01-s015-v007,question,commonMistake,13,23,aeea6fe8837dffa467f95b477f30ea1bf7dcadd9689c9999be7232e1d4fc8b0b
u01-s015-v007,question,concept,17,51,cd70ad6b0e51e63f7dba6ed3122c28590e1fdcbcd9714dae103e7b34e6eee849
u01-s015-v007,question,tags[0],3,9,fd41540cbdbecb9b5fa7116d27c68e378548ab62ab7c7ca4494730a81ea87667
u01-s015-v007,question,tags[1],14,42,c8c410bf486fc50c4c9eea3cd7aa8478fd6cc4bd4511a7a279344f093cc28035
u01-s015-v007,question,tags[2],8,8,d21f85ea38166303ce58e06134b5cc4a5c900c409ab2a500ff7c9225109a09bb
u01-s015-v007,question,estimatedTimeSec,2,2,39fa9ec190eee7b6f4dff1100d6343e10918d044c75eac8f9e9a2596173f80c9
u01-s015-v007,question,prerequisiteSkillIds[0],28,28,d4a70ec3bcf253225298fa992ee3b412dd1d434e795e1d5789a615cfe5b0b7b3
u01-s015-v007,question,prerequisiteSkillIds[1],31,31,db7284405f3c22c3229e76b63fc8c313cfa45ed949df0066be5752881946a45d
u01-s015-v007,question,prerequisiteSkillIds[2],24,24,e13a3f394515dbd063b6e19ec01bfec5c72b5d6ae6fec2e046d3752279a6035c
u01-s015-v007,question,prerequisiteSkillIds[3],27,27,edd279722987333b33a23fc24e21445f2a848790a11359abdbcb1391f320f5b4
u01-s015-v007,question,authoringIntent,9,27,f08e98eeef324a170b87ef29e7d844afdcd63ab504a78c93245dd59d190ea866
u01-s015-v007,question,literacyContextNecessity,20,60,98986d6a57858266ec908811f4b1cddc80dbecc1c2f8593d0f1717c4ecd0fd9b
u01-s015-v007,question,reviewStatus,22,22,ec809598e2f7fcc69fad54c9cd045bba62b4a0dc7c0ff90d4efdc3788c9ad8fb
u01-s015-v007,question,contentSha256,64,64,79a5b253b0d7e97df5931659f6d0a3d5c55b9e7f91d7df8a9fd1679f75bde2e2
u01-s015-v007,question,contentAuthority,25,25,ed40f75ffe3d6ad4e71f6e7919d063410490de360edb425965eccd605ca9d79e
u01-s015-v008,question,questionId,13,13,1418cffc5bfd5ee84c7f69a0b8a2949f98637fcf92364d7a3748584c56af554f
u01-s015-v008,question,unitId,3,3,2055254ee30aaae13b777732834c89d7f799015d3af13b62fe05aeef8c3e0eaa
u01-s015-v008,question,topicId,20,20,5d8b660324439b5015ccf6d80e60ee9df14296f9b4d1699887107454fbf7f052
u01-s015-v008,question,skillId,24,24,61173ad98d81580283a603e631370e6fdb9d31f17ca024b3191b244927464b14
u01-s015-v008,question,difficulty,8,8,d21f85ea38166303ce58e06134b5cc4a5c900c409ab2a500ff7c9225109a09bb
u01-s015-v008,question,type,2,2,6bc0f9c4ecb0acbebf1b9f6c816bdd66f4885f67c917d9e141cf893014fba936
u01-s015-v008,question,visualMode,9,9,9c7d54b0bf7a9369d8594201c7b11955514343809d09fbec33966c1fd9794015
u01-s015-v008,question,sourceScope,19,19,a4b669ddb8ef1883391c07a7b633f12eeaeecee7ec37c09eea4931aff6644346
u01-s015-v008,question,text,45,99,8f0b77196c65dc67678c20dfe9becb63c794fc5f1925c450bf2fc34d06e97c70
u01-s015-v008,question,choices[0],5,6,1617d43a41d94da53edd630878596e166836ae1b15f0144311847abf3442387e
u01-s015-v008,question,choices[1],5,6,01d26b8aabe4a4e3699cbd07598204df5a69cb5f31adf9c430db2a70d0fc7827
u01-s015-v008,question,choices[2],5,6,5efc3f2e0fc8b70e9cd7854878e9104996d1e3e21d6670e23be28ad4644aaa1e
u01-s015-v008,question,choices[3],5,6,e8fc70d60fda7a6442402a8ccfc2394d691c340ef347629f07000d4c5e5670c2
u01-s015-v008,question,explanation,16,19,4a64438c5a3d695077bbb602263aabc4b1543396ac41375146705684c74c95e4
u01-s015-v008,question,steps[0],10,12,64cc587611d16d9db5c29783ab94eb6397da7a0028b828c51551c8ceadb04325
u01-s015-v008,question,steps[1],10,12,f4293c76ec863df5c6295458d48ca68652a9ccff6e43f9da537316ea146590d8
u01-s015-v008,question,steps[2],10,12,f13039c825c9226ba82be32b85d1fa7f6505e30bc72caf51c7f82af12288a87c
u01-s015-v008,question,optionAnalysis[0].choice,5,6,1617d43a41d94da53edd630878596e166836ae1b15f0144311847abf3442387e
u01-s015-v008,question,optionAnalysis[0].reason,8,24,6af042ea4bb0ae413a0e576a9cb1dd748b75ea26134c7506db6bf23a1b9c7999
u01-s015-v008,question,optionAnalysis[1].choice,5,6,01d26b8aabe4a4e3699cbd07598204df5a69cb5f31adf9c430db2a70d0fc7827
u01-s015-v008,question,optionAnalysis[1].reason,7,19,f1159acf6b824783e387cc57ae66769f3fa5c1a2d4d4567a6343709c67a69bcb
u01-s015-v008,question,optionAnalysis[2].choice,5,6,5efc3f2e0fc8b70e9cd7854878e9104996d1e3e21d6670e23be28ad4644aaa1e
u01-s015-v008,question,optionAnalysis[2].reason,4,12,c0fbe69d4fbbb1e715d242260f501bb3c9b9eab1b0036abeb50705b50aea7d08
u01-s015-v008,question,optionAnalysis[3].choice,5,6,e8fc70d60fda7a6442402a8ccfc2394d691c340ef347629f07000d4c5e5670c2
u01-s015-v008,question,optionAnalysis[3].reason,14,16,fba37f909335c4405419768f8ad2111c6f874712ec2630d129268bba5f740380
u01-s015-v008,question,commonMistake,24,52,07b6442893030857f8b3b195a0746d6c695f60748849ff08df9c7d59b9d312d4
u01-s015-v008,question,concept,16,48,85e0dcaa060fd33956b00dc86c1932dc0cb58970c0c9b32705b76185c315ccb3
u01-s015-v008,question,tags[0],3,9,fd41540cbdbecb9b5fa7116d27c68e378548ab62ab7c7ca4494730a81ea87667
u01-s015-v008,question,tags[1],14,42,c8c410bf486fc50c4c9eea3cd7aa8478fd6cc4bd4511a7a279344f093cc28035
u01-s015-v008,question,tags[2],8,8,d21f85ea38166303ce58e06134b5cc4a5c900c409ab2a500ff7c9225109a09bb
u01-s015-v008,question,estimatedTimeSec,2,2,39fa9ec190eee7b6f4dff1100d6343e10918d044c75eac8f9e9a2596173f80c9
u01-s015-v008,question,prerequisiteSkillIds[0],28,28,d4a70ec3bcf253225298fa992ee3b412dd1d434e795e1d5789a615cfe5b0b7b3
u01-s015-v008,question,prerequisiteSkillIds[1],31,31,db7284405f3c22c3229e76b63fc8c313cfa45ed949df0066be5752881946a45d
u01-s015-v008,question,prerequisiteSkillIds[2],24,24,e13a3f394515dbd063b6e19ec01bfec5c72b5d6ae6fec2e046d3752279a6035c
u01-s015-v008,question,prerequisiteSkillIds[3],27,27,edd279722987333b33a23fc24e21445f2a848790a11359abdbcb1391f320f5b4
u01-s015-v008,question,authoringIntent,9,27,38fa6aa0b7de45f1506d35ee1c8219e57d65e21204fa7642d1e5b519d335b376
u01-s015-v008,question,literacyContextNecessity,18,54,d90cbdfaf23ef53e05bb4b2c5a8bce2f4bfdcaa3b1de04e8c39e4ed0d2275448
u01-s015-v008,question,reviewStatus,22,22,ec809598e2f7fcc69fad54c9cd045bba62b4a0dc7c0ff90d4efdc3788c9ad8fb
u01-s015-v008,question,contentSha256,64,64,ca18357f11fd5c04e66eb8f4598b036111731238a13c123bdb0770508a162851
u01-s015-v008,question,contentAuthority,25,25,ed40f75ffe3d6ad4e71f6e7919d063410490de360edb425965eccd605ca9d79e
u01-s015-v009,question,questionId,13,13,7547e4f785246d41ffd5ca38acd4024ce1dc58b9d0e871bc06982f42d2be55f2
u01-s015-v009,question,unitId,3,3,2055254ee30aaae13b777732834c89d7f799015d3af13b62fe05aeef8c3e0eaa
u01-s015-v009,question,topicId,20,20,5d8b660324439b5015ccf6d80e60ee9df14296f9b4d1699887107454fbf7f052
u01-s015-v009,question,skillId,24,24,61173ad98d81580283a603e631370e6fdb9d31f17ca024b3191b244927464b14
u01-s015-v009,question,difficulty,8,8,d21f85ea38166303ce58e06134b5cc4a5c900c409ab2a500ff7c9225109a09bb
u01-s015-v009,question,type,2,2,6bc0f9c4ecb0acbebf1b9f6c816bdd66f4885f67c917d9e141cf893014fba936
u01-s015-v009,question,visualMode,9,9,9c7d54b0bf7a9369d8594201c7b11955514343809d09fbec33966c1fd9794015
u01-s015-v009,question,sourceScope,19,19,a4b669ddb8ef1883391c07a7b633f12eeaeecee7ec37c09eea4931aff6644346
u01-s015-v009,question,text,42,103,ba549a4e15b87535343eda69c537da305dfe1e17aae3f10c269bffce8d50ba0a
u01-s015-v009,question,choices[0],9,14,a05b80f5884a09b5511fd7c734888d049eb3c4a37d8822e7de3dd452b7d116bf
u01-s015-v009,question,choices[1],9,14,228d6b50f751b7adfdf680496bea9acab0af9ca7c066aa21fcee2f5454793b5f
u01-s015-v009,question,choices[2],8,13,bd45e7ce1144b7ff9efff37aa998c96f7e520d71e03af462a995d367f702e5e0
u01-s015-v009,question,choices[3],10,15,2a6ffe6acbd22b9977af4ea761f206a9951120899fe407a93443c462291498e5
u01-s015-v009,question,explanation,27,42,0cbd0a63043d0b7378164b0c18fce39228cf762fe04947daba3352f97bc8bd94
u01-s015-v009,question,steps[0],12,19,00935237e4d72232801602f9c9ed441ac5af95d82f9f1b31e196a06007f9794c
u01-s015-v009,question,steps[1],9,18,1defd15ae43977964fdc7859660da2610419054cd3ce40dbfcc0ddc9c537eebd
u01-s015-v009,question,steps[2],11,22,d665a0bdc82b9da9a546ffab7bf4946e6485dc926f1d9a18105377ab410b81ba
u01-s015-v009,question,optionAnalysis[0].choice,9,14,a05b80f5884a09b5511fd7c734888d049eb3c4a37d8822e7de3dd452b7d116bf
u01-s015-v009,question,optionAnalysis[0].reason,26,38,6b8c813e4d914958b4c8ab07a7f69821c1182b19b2b47d0ddb2c82622b68b114
u01-s015-v009,question,optionAnalysis[1].choice,9,14,228d6b50f751b7adfdf680496bea9acab0af9ca7c066aa21fcee2f5454793b5f
u01-s015-v009,question,optionAnalysis[1].reason,5,11,90d87226c8ec2aea17e51b35955373c18b089edb64dfdc35bfd496779e6a4bc4
u01-s015-v009,question,optionAnalysis[2].choice,8,13,bd45e7ce1144b7ff9efff37aa998c96f7e520d71e03af462a995d367f702e5e0
u01-s015-v009,question,optionAnalysis[2].reason,11,29,1c343b755a59e14ea8fab001e8cb8c2d90069c5f4a2a2fcd4e51e882e3fd2493
u01-s015-v009,question,optionAnalysis[3].choice,10,15,2a6ffe6acbd22b9977af4ea761f206a9951120899fe407a93443c462291498e5
u01-s015-v009,question,optionAnalysis[3].reason,10,20,e79bfbf9593ce633e0cc66cb0c441eaa8815a866b9644697460a37dd02dcea42
u01-s015-v009,question,commonMistake,19,39,0d15e97918b76dbdbf07dc32636fd932bf7431950992d86bdfcefc3b3fd96b0e
u01-s015-v009,question,concept,15,45,01edcbec5b8fb4c2c947e6638b2eec49a14136570018e8b08e811f8550d032ba
u01-s015-v009,question,tags[0],3,9,fd41540cbdbecb9b5fa7116d27c68e378548ab62ab7c7ca4494730a81ea87667
u01-s015-v009,question,tags[1],14,42,c8c410bf486fc50c4c9eea3cd7aa8478fd6cc4bd4511a7a279344f093cc28035
u01-s015-v009,question,tags[2],8,8,d21f85ea38166303ce58e06134b5cc4a5c900c409ab2a500ff7c9225109a09bb
u01-s015-v009,question,estimatedTimeSec,2,2,39fa9ec190eee7b6f4dff1100d6343e10918d044c75eac8f9e9a2596173f80c9
u01-s015-v009,question,prerequisiteSkillIds[0],28,28,d4a70ec3bcf253225298fa992ee3b412dd1d434e795e1d5789a615cfe5b0b7b3
u01-s015-v009,question,prerequisiteSkillIds[1],31,31,db7284405f3c22c3229e76b63fc8c313cfa45ed949df0066be5752881946a45d
u01-s015-v009,question,prerequisiteSkillIds[2],24,24,e13a3f394515dbd063b6e19ec01bfec5c72b5d6ae6fec2e046d3752279a6035c
u01-s015-v009,question,prerequisiteSkillIds[3],27,27,edd279722987333b33a23fc24e21445f2a848790a11359abdbcb1391f320f5b4
u01-s015-v009,question,authoringIntent,15,45,38772010a71c3f45e180c60f1ad66f6edcd7eb8fc4321367af5eab8472f7fd3a
u01-s015-v009,question,literacyContextNecessity,20,60,4d384c772ddfb55213111647f47ad39f837c9ca88f9768ac6c998c02c31c588b
u01-s015-v009,question,reviewStatus,22,22,ec809598e2f7fcc69fad54c9cd045bba62b4a0dc7c0ff90d4efdc3788c9ad8fb
u01-s015-v009,question,contentSha256,64,64,f2b272c6660a0b997c9b1ccaa06fa28b3958d4c92a660cbfbad92ceb53a0fcf1
u01-s015-v009,question,contentAuthority,25,25,ed40f75ffe3d6ad4e71f6e7919d063410490de360edb425965eccd605ca9d79e
u01-s015-v010,question,questionId,13,13,6747db9b5b7d9d9435941efbb80634c99d0ad72c44e53e5ff67ce464ff06b973
u01-s015-v010,question,unitId,3,3,2055254ee30aaae13b777732834c89d7f799015d3af13b62fe05aeef8c3e0eaa
u01-s015-v010,question,topicId,20,20,5d8b660324439b5015ccf6d80e60ee9df14296f9b4d1699887107454fbf7f052
u01-s015-v010,question,skillId,24,24,61173ad98d81580283a603e631370e6fdb9d31f17ca024b3191b244927464b14
u01-s015-v010,question,difficulty,8,8,578756ca4aa16d8872610a5aaa78460fd30fbe93379ff7284fe65d66ca606755
u01-s015-v010,question,type,2,2,6bc0f9c4ecb0acbebf1b9f6c816bdd66f4885f67c917d9e141cf893014fba936
u01-s015-v010,question,visualMode,9,9,9c7d54b0bf7a9369d8594201c7b11955514343809d09fbec33966c1fd9794015
u01-s015-v010,question,sourceScope,19,19,a4b669ddb8ef1883391c07a7b633f12eeaeecee7ec37c09eea4931aff6644346
u01-s015-v010,question,text,56,120,e3f0986ba6b822b5d0a27e032181c283a63dacf19051bd61bb6774134fc1fff7
u01-s015-v010,question,choices[0],4,8,8ca2982282e90cbb8227fa90a12b11296b1a40ba3c98011eb7920ef30b65eade
u01-s015-v010,question,choices[1],5,9,fb34310d90e2b3a4bb34ffa36fe2ca7bf18a4ed1f396b3df83aec23c32fe311e
u01-s015-v010,question,choices[2],5,9,2bc9beca91c16efa27baad4897c09ff6cad7b6f0dbfcb7422a1bb5161aa07fc2
u01-s015-v010,question,choices[3],4,8,943ae718b81ed5c02e7a7ab11fc64641bd510b694ad513289f2bbec8fa8062fb
u01-s015-v010,question,explanation,33,45,6b45838ef0d8a0d2f3f633934c75e8b6dfb9797f47a9c28c86e64d67b636e686
u01-s015-v010,question,steps[0],6,14,0df2618c9ec0a10e8913e62d0834196999962ac4685ea6c4528f9f5cceded7ef
u01-s015-v010,question,steps[1],5,13,43d548c6dcdad5f97c5bb2b080a237f4899b65cb6e9fd70474252d6a8b6e4155
u01-s015-v010,question,steps[2],5,11,f451db83ad60bccf1e232986287402dc71156eb11c5866e44884f252de536f81
u01-s015-v010,question,optionAnalysis[0].choice,4,8,8ca2982282e90cbb8227fa90a12b11296b1a40ba3c98011eb7920ef30b65eade
u01-s015-v010,question,optionAnalysis[0].reason,10,26,e5307a862b4e0272499c2f29779295c194fa914980754f4eb5df5f48d2ef6e6c
u01-s015-v010,question,optionAnalysis[1].choice,5,9,fb34310d90e2b3a4bb34ffa36fe2ca7bf18a4ed1f396b3df83aec23c32fe311e
u01-s015-v010,question,optionAnalysis[1].reason,8,10,2e6b17727e9d2df8e3312b5cf00f66d953b22e834b95de2973ca9f766a4fb721
u01-s015-v010,question,optionAnalysis[2].choice,5,9,2bc9beca91c16efa27baad4897c09ff6cad7b6f0dbfcb7422a1bb5161aa07fc2
u01-s015-v010,question,optionAnalysis[2].reason,6,18,354b995c986bff7585161514181e1dac2ecc01c3c72a1a057017d54ddfd86f8a
u01-s015-v010,question,optionAnalysis[3].choice,4,8,943ae718b81ed5c02e7a7ab11fc64641bd510b694ad513289f2bbec8fa8062fb
u01-s015-v010,question,optionAnalysis[3].reason,6,18,1cc38296f7e4fdcfa031149017dc5118d19eb374d043fee706640fcfd5f9aa4e
u01-s015-v010,question,commonMistake,22,58,da88808c504bdb2a45844f0b80b0d055d4bef7ecc414f5014143a7ba5668730c
u01-s015-v010,question,concept,13,39,271e3660e73f8483c9fcb0b6153611d170928e3e47648364c08c686b216ed3ba
u01-s015-v010,question,tags[0],3,9,fd41540cbdbecb9b5fa7116d27c68e378548ab62ab7c7ca4494730a81ea87667
u01-s015-v010,question,tags[1],14,42,c8c410bf486fc50c4c9eea3cd7aa8478fd6cc4bd4511a7a279344f093cc28035
u01-s015-v010,question,tags[2],8,8,578756ca4aa16d8872610a5aaa78460fd30fbe93379ff7284fe65d66ca606755
u01-s015-v010,question,estimatedTimeSec,2,2,ad48ff99415b2f007dc35b7eb553fd1eb35ebfa2f2f308acd9488eeb86f71fa8
u01-s015-v010,question,prerequisiteSkillIds[0],28,28,d4a70ec3bcf253225298fa992ee3b412dd1d434e795e1d5789a615cfe5b0b7b3
u01-s015-v010,question,prerequisiteSkillIds[1],31,31,db7284405f3c22c3229e76b63fc8c313cfa45ed949df0066be5752881946a45d
u01-s015-v010,question,prerequisiteSkillIds[2],24,24,e13a3f394515dbd063b6e19ec01bfec5c72b5d6ae6fec2e046d3752279a6035c
u01-s015-v010,question,prerequisiteSkillIds[3],27,27,edd279722987333b33a23fc24e21445f2a848790a11359abdbcb1391f320f5b4
u01-s015-v010,question,authoringIntent,14,42,7f546d0e3a2014852d22dd787a5d2ab92594563ae57b382a7b314dade0b31a1b
u01-s015-v010,question,literacyContextNecessity,20,60,b0234600769af1cee46cd4d19de0ad036ebd6d05ed39d6aaabbf55436c92b6c9
u01-s015-v010,question,reviewStatus,22,22,ec809598e2f7fcc69fad54c9cd045bba62b4a0dc7c0ff90d4efdc3788c9ad8fb
u01-s015-v010,question,contentSha256,64,64,511ad6064df600415b373c4af6990d54f18a28b11be0a234101391642a119682
u01-s015-v010,question,contentAuthority,25,25,ed40f75ffe3d6ad4e71f6e7919d063410490de360edb425965eccd605ca9d79e
u01-s015-v011,question,questionId,13,13,bd404e1f12b95bca85d829367c58fb3acd54f233d69697d494e738033b4b18d3
u01-s015-v011,question,unitId,3,3,2055254ee30aaae13b777732834c89d7f799015d3af13b62fe05aeef8c3e0eaa
u01-s015-v011,question,topicId,20,20,5d8b660324439b5015ccf6d80e60ee9df14296f9b4d1699887107454fbf7f052
u01-s015-v011,question,skillId,24,24,61173ad98d81580283a603e631370e6fdb9d31f17ca024b3191b244927464b14
u01-s015-v011,question,difficulty,8,8,578756ca4aa16d8872610a5aaa78460fd30fbe93379ff7284fe65d66ca606755
u01-s015-v011,question,type,2,2,6bc0f9c4ecb0acbebf1b9f6c816bdd66f4885f67c917d9e141cf893014fba936
u01-s015-v011,question,visualMode,9,9,9c7d54b0bf7a9369d8594201c7b11955514343809d09fbec33966c1fd9794015
u01-s015-v011,question,sourceScope,19,19,a4b669ddb8ef1883391c07a7b633f12eeaeecee7ec37c09eea4931aff6644346
u01-s015-v011,question,text,67,169,f96db5970c5fa61cad9d43f83faaa50096d5bd1b9df101d7d3df30737210a70b
u01-s015-v011,question,choices[0],6,10,fa950da74b24dd1a8c83114ebe7aa5a67bba60fdd569630954b67106bca020d6
u01-s015-v011,question,choices[1],6,10,fc69c6900dd38d6e1a06a31069213a5bd6be59a25d426cc8ae9f9fd4e0eb8165
u01-s015-v011,question,choices[2],6,10,d0a3df77d37fb866228ae270775ae27ffc58d99b2f10864aa0290c12406457ff
u01-s015-v011,question,choices[3],6,10,770c3e360a6587419af5334f176dbed93317db403e56dec57704e4c60ccfc2ae
u01-s015-v011,question,explanation,44,90,4f2bbfd5d23f7f0d7a4dfe789f18803da5ceaecaf8dca4468a5e77279421cfc9
u01-s015-v011,question,steps[0],16,26,8cf592af7d1d2bd49f8373a90af91ae1abeb0dff67c9723ad1600523427a724a
u01-s015-v011,question,steps[1],8,18,eff7f945a3540f9888da06a1cca87d1901b06b67f2aa5f4a268606dd39a32f7a
u01-s015-v011,question,steps[2],6,12,a9b98b4cb9a1012d40873d06c0db961c2265b86b010135135abbbed0dd5fe138
u01-s015-v011,question,optionAnalysis[0].choice,6,10,fa950da74b24dd1a8c83114ebe7aa5a67bba60fdd569630954b67106bca020d6
u01-s015-v011,question,optionAnalysis[0].reason,12,30,043f5fefd15fa10a69114bbad38b9aec2e998aa7295f1d75c384dec8bbb96e1e
u01-s015-v011,question,optionAnalysis[1].choice,6,10,fc69c6900dd38d6e1a06a31069213a5bd6be59a25d426cc8ae9f9fd4e0eb8165
u01-s015-v011,question,optionAnalysis[1].reason,9,23,7a42dc9fb0e953f153658c3b4ec7a7d77f24a2f018b53170ad4dd34178344846
u01-s015-v011,question,optionAnalysis[2].choice,6,10,d0a3df77d37fb866228ae270775ae27ffc58d99b2f10864aa0290c12406457ff
u01-s015-v011,question,optionAnalysis[2].reason,18,20,096e39b20724d27572285707389894d83935b6213bc6dbb8fe6c482499255a8a
u01-s015-v011,question,optionAnalysis[3].choice,6,10,770c3e360a6587419af5334f176dbed93317db403e56dec57704e4c60ccfc2ae
u01-s015-v011,question,optionAnalysis[3].reason,10,30,87db53e6688290195709923a392207f21603db4bdb9b354d4835ece57e3c5c4f
u01-s015-v011,question,commonMistake,22,46,2e46246aade2f692e1818b5325b62c782e91c29e7bc07972667c1f7d1da6497f
u01-s015-v011,question,concept,14,42,c9056e12ec670a0a94de541dbb6b8ff82c4b7cdbf59ea27642f784f62b02e908
u01-s015-v011,question,tags[0],3,9,fd41540cbdbecb9b5fa7116d27c68e378548ab62ab7c7ca4494730a81ea87667
u01-s015-v011,question,tags[1],14,42,c8c410bf486fc50c4c9eea3cd7aa8478fd6cc4bd4511a7a279344f093cc28035
u01-s015-v011,question,tags[2],8,8,578756ca4aa16d8872610a5aaa78460fd30fbe93379ff7284fe65d66ca606755
u01-s015-v011,question,estimatedTimeSec,3,3,ad57366865126e55649ecb23ae1d48887544976efea46a48eb5d85a6eeb4d306
u01-s015-v011,question,prerequisiteSkillIds[0],28,28,d4a70ec3bcf253225298fa992ee3b412dd1d434e795e1d5789a615cfe5b0b7b3
u01-s015-v011,question,prerequisiteSkillIds[1],31,31,db7284405f3c22c3229e76b63fc8c313cfa45ed949df0066be5752881946a45d
u01-s015-v011,question,prerequisiteSkillIds[2],24,24,e13a3f394515dbd063b6e19ec01bfec5c72b5d6ae6fec2e046d3752279a6035c
u01-s015-v011,question,prerequisiteSkillIds[3],27,27,edd279722987333b33a23fc24e21445f2a848790a11359abdbcb1391f320f5b4
u01-s015-v011,question,authoringIntent,15,45,eba50f0fe25f7d2c9875a106d64800de36526a82c0d8301392a3ed4b19dfc516
u01-s015-v011,question,literacyContextNecessity,18,54,9cb142957c54561e05d829f1b8e2818a23dc4565c6a217e2ddf280c6366d014b
u01-s015-v011,question,reviewStatus,22,22,ec809598e2f7fcc69fad54c9cd045bba62b4a0dc7c0ff90d4efdc3788c9ad8fb
u01-s015-v011,question,contentSha256,64,64,b1b57d2471b0370c302e58b6436aa414fa161d63dfc981613c37998b0095ad04
u01-s015-v011,question,contentAuthority,25,25,ed40f75ffe3d6ad4e71f6e7919d063410490de360edb425965eccd605ca9d79e
u01-s015-v012,question,questionId,13,13,5cdad05831a4771bc9f1cd4d503486c5e66e1e14c409562c7acbcc7605abda86
u01-s015-v012,question,unitId,3,3,2055254ee30aaae13b777732834c89d7f799015d3af13b62fe05aeef8c3e0eaa
u01-s015-v012,question,topicId,20,20,5d8b660324439b5015ccf6d80e60ee9df14296f9b4d1699887107454fbf7f052
u01-s015-v012,question,skillId,24,24,61173ad98d81580283a603e631370e6fdb9d31f17ca024b3191b244927464b14
u01-s015-v012,question,difficulty,8,8,578756ca4aa16d8872610a5aaa78460fd30fbe93379ff7284fe65d66ca606755
u01-s015-v012,question,type,2,2,6bc0f9c4ecb0acbebf1b9f6c816bdd66f4885f67c917d9e141cf893014fba936
u01-s015-v012,question,visualMode,9,9,9c7d54b0bf7a9369d8594201c7b11955514343809d09fbec33966c1fd9794015
u01-s015-v012,question,sourceScope,19,19,a4b669ddb8ef1883391c07a7b633f12eeaeecee7ec37c09eea4931aff6644346
u01-s015-v012,question,text,48,94,d2c6d22a05b84f5eb3576b4c0acdae4d4c4d5a593d2e2ba126c662c4a5b0a307
u01-s015-v012,question,choices[0],11,18,6291e0b47123253ac03c06504dd9b067990d5eba3e9d292fd5a9e1a225b08746
u01-s015-v012,question,choices[1],11,18,7b4c5f0759c828f5d050e3ae12106c0cb7d18f726badbdb30f3160d2eb815967
u01-s015-v012,question,choices[2],12,20,bb6562150b14b90fc6a53d952352039571d1c7aad2d56f4dc7a077a17f7a982f
u01-s015-v012,question,choices[3],11,18,2848916aff142c6f78e8c5137c66bb1668e33f1e52e31c0f7cd70fe1c8a82ead
u01-s015-v012,question,explanation,44,65,2f3ee86ce5ca37afbe694b414ecf4f3c9f2491af18517d8053078d22dabac5ea
u01-s015-v012,question,steps[0],12,21,e1029d431b160a01aeb99a25e623da4ebb3b3966e5460b0f983368e4d6e0342c
u01-s015-v012,question,steps[1],16,22,757ea1640f4bfc1919bc88062592637bb2a2cabb508e6728af81fa984ab562c7
u01-s015-v012,question,steps[2],6,14,3c38b0b1fb4e0e37879cba303223e35f7ad15a3b3819f27677352165bbf952fd
u01-s015-v012,question,optionAnalysis[0].choice,11,18,6291e0b47123253ac03c06504dd9b067990d5eba3e9d292fd5a9e1a225b08746
u01-s015-v012,question,optionAnalysis[0].reason,5,11,2e9824b555a69a2c3f8c6813038d6da6c786c26760a4b00120385b4e4a55f85d
u01-s015-v012,question,optionAnalysis[1].choice,11,18,7b4c5f0759c828f5d050e3ae12106c0cb7d18f726badbdb30f3160d2eb815967
u01-s015-v012,question,optionAnalysis[1].reason,7,21,539dd07ef07ea430ea4d74cfef060a0a1f4459dd76e6e24b6cce955a24f3960e
u01-s015-v012,question,optionAnalysis[2].choice,12,20,bb6562150b14b90fc6a53d952352039571d1c7aad2d56f4dc7a077a17f7a982f
u01-s015-v012,question,optionAnalysis[2].reason,7,21,c1e156f8564f65e76cb2e9873edb2ddd6c2579ec2c16f44831b1db2a04a55a8c
u01-s015-v012,question,optionAnalysis[3].choice,11,18,2848916aff142c6f78e8c5137c66bb1668e33f1e52e31c0f7cd70fe1c8a82ead
u01-s015-v012,question,optionAnalysis[3].reason,24,32,58ac27c9285538e89867869b90ccd297833ce03263ec7c1c3ba2e0c1e71ab9e7
u01-s015-v012,question,commonMistake,17,33,c5c07df1a3a68ed2cb578acd61882c31c4335f49233d150b29e909e43c91c3ab
u01-s015-v012,question,concept,13,39,8e8f4575550519324e16290871a8ac8ebdde5f42e304e992f48e06d9a7c9d46f
u01-s015-v012,question,tags[0],3,9,fd41540cbdbecb9b5fa7116d27c68e378548ab62ab7c7ca4494730a81ea87667
u01-s015-v012,question,tags[1],14,42,c8c410bf486fc50c4c9eea3cd7aa8478fd6cc4bd4511a7a279344f093cc28035
u01-s015-v012,question,tags[2],8,8,578756ca4aa16d8872610a5aaa78460fd30fbe93379ff7284fe65d66ca606755
u01-s015-v012,question,estimatedTimeSec,3,3,ad57366865126e55649ecb23ae1d48887544976efea46a48eb5d85a6eeb4d306
u01-s015-v012,question,prerequisiteSkillIds[0],28,28,d4a70ec3bcf253225298fa992ee3b412dd1d434e795e1d5789a615cfe5b0b7b3
u01-s015-v012,question,prerequisiteSkillIds[1],31,31,db7284405f3c22c3229e76b63fc8c313cfa45ed949df0066be5752881946a45d
u01-s015-v012,question,prerequisiteSkillIds[2],24,24,e13a3f394515dbd063b6e19ec01bfec5c72b5d6ae6fec2e046d3752279a6035c
u01-s015-v012,question,prerequisiteSkillIds[3],27,27,edd279722987333b33a23fc24e21445f2a848790a11359abdbcb1391f320f5b4
u01-s015-v012,question,authoringIntent,9,27,5cf78fcc6dfd66dc935336876b33ca5d1c45d361f6703fcfcc823da98e762375
u01-s015-v012,question,literacyContextNecessity,23,65,cfac0462fb966cea56f5d17f53afe028cd046452b582ce06359e71f59607e5ce
u01-s015-v012,question,reviewStatus,22,22,ec809598e2f7fcc69fad54c9cd045bba62b4a0dc7c0ff90d4efdc3788c9ad8fb
u01-s015-v012,question,contentSha256,64,64,70319c3dba2a973e93f720c6d0b00b3055ff869c0867d74f4df880ef1bfe7c88
u01-s015-v012,question,contentAuthority,25,25,ed40f75ffe3d6ad4e71f6e7919d063410490de360edb425965eccd605ca9d79e
u01-s015-cr001,question,questionId,14,14,cf4c59b60cfc38a73741eb7b91391ffa4cd0ac0c7e4e92e50f529db61ce5781a
u01-s015-cr001,question,unitId,3,3,2055254ee30aaae13b777732834c89d7f799015d3af13b62fe05aeef8c3e0eaa
u01-s015-cr001,question,topicId,20,20,5d8b660324439b5015ccf6d80e60ee9df14296f9b4d1699887107454fbf7f052
u01-s015-cr001,question,skillId,24,24,61173ad98d81580283a603e631370e6fdb9d31f17ca024b3191b244927464b14
u01-s015-cr001,question,difficulty,8,8,fe6d3468cf5c74d8ec2a95b40f2e05338c37a4202f8fad692d2b64a9cf9b468a
u01-s015-cr001,question,type,20,20,e519496c259191db041ac61161dbfadb673dd94a10a123ed7423adcf7968ae7c
u01-s015-cr001,question,visualMode,9,9,9c7d54b0bf7a9369d8594201c7b11955514343809d09fbec33966c1fd9794015
u01-s015-cr001,question,prompt,72,187,547061d387e411448d8beae1b9b530d36a1d8058e663cb20b07fca72ff450c72
u01-s015-cr001,question,requiredWork[0],9,27,51f160efd2396c30ff955941c5b29014c69d6dad45a39282f7f8ab2ac7aa4ae4
u01-s015-cr001,question,requiredWork[1],13,39,dd7980dea25bf0000f1fc453ee26aeb01c7977784907a07191bb03e9370e4ad1
u01-s015-cr001,question,requiredWork[2],15,45,f893e8af4070951bc0fb06edad5b35437ca1588d98f608fdc6e793e8ab6ea0e2
u01-s015-cr001,question,fullCreditSolution[0],17,31,ce09c8305fe6d867276ad7295a43ab18afea06cb87f5953527f93185633e728c
u01-s015-cr001,question,fullCreditSolution[1],15,26,e54138969c41f99f0b643c349eb5bc9e0fe419dd2fbb4d49dddc9f745f085447
u01-s015-cr001,question,fullCreditSolution[2],19,30,fcc8b51aeac64b5d997b7b9e95d809823d6a96f8bd4a0c43ebc32d25e43fb015
u01-s015-cr001,question,alternativeSolutions[0],14,20,7411e90f4bc1337dd6b2a01648a948b8e45d3f9ad49ddafb910d1f6bd8da56a1
u01-s015-cr001,question,rubric[0].criteria,23,59,eb267f828d2ad4892df7f04729c7012a642099703f6592b7a3f9d0501a43bd9e
u01-s015-cr001,question,rubric[1].criteria,15,45,29f955c31ea2ddb6dd35f02626ce9cbb13f4437bbb82fad8bf8ea4d5ac18ab5a
u01-s015-cr001,question,rubric[2].criteria,17,51,0a80f83db6feb12eb065af5636e72167b0a4d2c1bb42c94b19b3d984ababeba3
u01-s015-cr001,question,rubric[3].criteria,19,57,d7b382e4b9674755be1711bc64820f4d0cf2c7ca756401caa21bf470472dfe5e
u01-s015-cr001,question,scoringNotes[0],25,75,963e931eff61d01de1ca684a3295f3277e45b7120b1df3ca69662fcdc09d3331
u01-s015-cr001,question,commonErrors[0],4,10,a0ee092a19b81893efbbd80fca82e0ed576d40d6fe9fcc3f4841298c7a0394de
u01-s015-cr001,question,commonErrors[1],9,27,01d087293e4151b0195e0a7963c79f8c4ff88ad93fc2fb8145731cffa14eb3b7
u01-s015-cr001,question,commonErrors[2],5,15,90f34997a55681a9e49c86f92e8321ba39d0cd834009270e2c75553237bdece2
u01-s015-cr001,question,independentReview.derivedResult,23,50,d96f572e345e2dc04d43a574561f48aa22bd3cd6ad5010d116a162a326195976
u01-s015-cr001,question,independentReview.ambiguity,4,4,140bedbf9c3f6d56a9846d2ba7088798683f4da0c248231336e6a05679e4fdfe
u01-s015-cr001,question,independentReview.decision,4,4,d74ff0ee8da3b9806b18c877dbf29bbde50b5bd8e4dad7a3a725000feb82e8f1
u01-s015-cr001,question,contentSha256,64,64,ca855896fb0c317ab6a5f90cbbb72db21a6a644242008d7f6251679d6682c5ff
u01-s015-cr001,question,contentAuthority,25,25,ed40f75ffe3d6ad4e71f6e7919d063410490de360edb425965eccd605ca9d79e
u01-s015-cr002,question,questionId,14,14,1aef29cfb532465ee12b0abaad8c308bc89361cef2721284b9a5d25f7266f1cb
u01-s015-cr002,question,unitId,3,3,2055254ee30aaae13b777732834c89d7f799015d3af13b62fe05aeef8c3e0eaa
u01-s015-cr002,question,topicId,20,20,5d8b660324439b5015ccf6d80e60ee9df14296f9b4d1699887107454fbf7f052
u01-s015-cr002,question,skillId,24,24,61173ad98d81580283a603e631370e6fdb9d31f17ca024b3191b244927464b14
u01-s015-cr002,question,difficulty,8,8,d21f85ea38166303ce58e06134b5cc4a5c900c409ab2a500ff7c9225109a09bb
u01-s015-cr002,question,type,20,20,e519496c259191db041ac61161dbfadb673dd94a10a123ed7423adcf7968ae7c
u01-s015-cr002,question,visualMode,9,9,9c7d54b0bf7a9369d8594201c7b11955514343809d09fbec33966c1fd9794015
u01-s015-cr002,question,prompt,78,198,0404080be829fa1af71687efa2f9206c8a14e7210a854f1dd2c14e465ee39866
u01-s015-cr002,question,requiredWork[0],14,42,33ec96e187c5aecc4b72ca830eb36d11445e8b8bbb902308e273a7311228928f
u01-s015-cr002,question,requiredWork[1],8,24,d2b1abc4b3390fbdeec6ceaf5bb38d6cedf6bca0e26e9dcda124c61172a4f2af
u01-s015-cr002,question,requiredWork[2],8,24,4e7f780f7a44c82f5b01c63d9f2b60833960fc3d677abb3f7cd4efb4e2bbb938
u01-s015-cr002,question,fullCreditSolution[0],30,47,6f1c98ba379237d3e81d9f8e04862a40d636e14fcd5802049d7771246cbaf2b3
u01-s015-cr002,question,fullCreditSolution[1],24,39,49eb5146551003df89e00fe32bdd33c0391c37dc1ad5da0db406e79d58dc1547
u01-s015-cr002,question,fullCreditSolution[2],34,50,f90330bfb7fc43d1c93ff7bf5f81658c6791d89b222907b96a16ebff7bc53365
u01-s015-cr002,question,alternativeSolutions[0],17,51,1d72c14b3c7a7526e2adc68bf9ccc1fd736b5557357d996d005a3fb7803326e7
u01-s015-cr002,question,rubric[0].criteria,16,48,e6f127b2cdbd7b9a6419489544a09cdfce4a3bf0bffa5480a0e0e1e7b518ea01
u01-s015-cr002,question,rubric[1].criteria,20,60,e425bfd0df87316a69581a6a0a0fe2b4d2dfbde05230e98fe46801074651b435
u01-s015-cr002,question,rubric[2].criteria,17,51,3c271f096fe18a26acc566bc9dea5df120c9fca7c932ad155274304188b12e74
u01-s015-cr002,question,rubric[3].criteria,16,48,ff89558d54976b07a43f11c7eb4458882115a42ca3d92619ba5e0e8a608e91d8
u01-s015-cr002,question,scoringNotes[0],18,30,edb41fa71adc0e2c361d03342daf8243201563b833ad8655f7ecefe8418a07be
u01-s015-cr002,question,commonErrors[0],13,26,57374d5ee3da4eb3a0c8d01a2679c8f91852e3d4a770457367ad563201942abf
u01-s015-cr002,question,commonErrors[1],7,19,5ddc669642ca2ac928153ac3517e9d448c3a1c4ba823a9201a5ee289aed50881
u01-s015-cr002,question,commonErrors[2],7,21,e1de7911f4ca4d3983a939366a169083db2248ff6fcfa1159a62f39260c7c407
u01-s015-cr002,question,independentReview.derivedResult,36,71,234897253f89911d997e3df58f7e49ce44ad3cc93e69d0a2525300116348bec2
u01-s015-cr002,question,independentReview.ambiguity,4,4,140bedbf9c3f6d56a9846d2ba7088798683f4da0c248231336e6a05679e4fdfe
u01-s015-cr002,question,independentReview.decision,4,4,d74ff0ee8da3b9806b18c877dbf29bbde50b5bd8e4dad7a3a725000feb82e8f1
u01-s015-cr002,question,contentSha256,64,64,931a035f3f38806438c01dc1064ab92f34cdb0d0faf77046e79a3cab6fbc4fc7
u01-s015-cr002,question,contentAuthority,25,25,ed40f75ffe3d6ad4e71f6e7919d063410490de360edb425965eccd605ca9d79e
u02-s001-lecture-r1,lecture,lectureId,19,19,b1eb5341412565ba21e295469e782a582edb32dbc83f7f302c0e43e461af65a7
u02-s001-lecture-r1,lecture,unitId,3,3,95b6504a8bd60df3a9a19ef2c504ac03429b325e9b81f0d701d07bdf6def6afb
u02-s001-lecture-r1,lecture,topicId,11,11,6f58a76cc1c202fbf60a6add57c6c99044e1e3af47cd9e0d4b5f88b1665e3020
u02-s001-lecture-r1,lecture,skillId,24,24,1eda19f7e2480bd4624c29c38090bb1083c9a7f41fb955b8b916d455426e7632
u02-s001-lecture-r1,lecture,title,21,63,fc069b7d169cebbccaf9f330a8bfe9b97fbe0c6f339dc70da80e12de86770d0f
u02-s001-lecture-r1,lecture,audience,10,30,e6b4416fbd9f36797de01256b31a4d6f6314e126fde8495e25792c814f64fc5f
u02-s001-lecture-r1,lecture,reviewStatus,22,22,ec809598e2f7fcc69fad54c9cd045bba62b4a0dc7c0ff90d4efdc3788c9ad8fb
u02-s001-lecture-r1,lecture,learningOutcomes[0],12,36,96d69e6ed1ab6e3680574584658676122b0a3de6c636af3a2586cdf7afabaa83
u02-s001-lecture-r1,lecture,learningOutcomes[1],27,61,59a22f3cb3050b08bcf14da3969b7f4f137323b55458f9f0f8512df7acbd0069
u02-s001-lecture-r1,lecture,learningOutcomes[2],15,45,12f9fd5ab29cc7f7a00fe35e8219ff41a96894b911861f785591dda5bc594abd
u02-s001-lecture-r1,lecture,learningOutcomes[3],18,54,ca7cfa45e2e9489ae924ef853f1b6a7300ce0834387ec00ae8cf8a8bbf746694
u02-s001-lecture-r1,lecture,glossary[0].term,2,6,33e96a0fbd64832b35dcda6db3074bc35aad5725ecdb2909775f3281e557a7ba
u02-s001-lecture-r1,lecture,glossary[0].definition,11,33,b830c8fa0008ab4aa1c62c839c30c1d75e65e4bc0a0ee279e576e80a1132db89
u02-s001-lecture-r1,lecture,glossary[1].term,2,6,d5e44ab3161c585c6496bca7b1163f7730fbddb5586e83ebe41bd1fb8773023d
u02-s001-lecture-r1,lecture,glossary[1].definition,14,42,58558ae0d2d1a94b748054554a098df502525aeb4c156b6c86ef407d6e54a686
u02-s001-lecture-r1,lecture,glossary[2].term,2,6,a7f8e0aa39ae484963c5460547ad9fa3578331b231d7365e09156755251f0fee
u02-s001-lecture-r1,lecture,glossary[2].definition,13,37,f08f2377009501e9d30e683c212a04f79aeddd961c810affe991ba9724601b71
u02-s001-lecture-r1,lecture,glossary[3].term,4,12,9decdee9fbeba9e0cbc67bf30f5288ba98124bc62e221491c6fa2cb5afca4cc0
u02-s001-lecture-r1,lecture,glossary[3].definition,13,39,5a59a7c4e77d107832d36a209b6b2d0c5dcce9a713b2bd79e77ca00df6eaf33c
u02-s001-lecture-r1,lecture,notation[0].symbol,3,5,a4534aed1b3f40163bbed478f14f84bc6b60ddd84aa8f5ec0098bd54fff22a99
u02-s001-lecture-r1,lecture,notation[0].meaning,22,46,800e3262b22736b97b01963bd066b466948eb238b1bb425d73d77ec07dadd1ec
u02-s001-lecture-r1,lecture,notation[1].symbol,4,4,19e0c351c4962f4e536ae0407869de009dd404ef09f77819be6479f38f81c275
u02-s001-lecture-r1,lecture,notation[1].meaning,16,34,fdc52dd796ca04e8994a5042118fd6567baf324fa61affe6787fb451f624cc5c
u02-s001-lecture-r1,lecture,conceptNarrative[0],47,118,cd3ed70357821761185e132437fb52d5f29db7dc078b3c2b4d0184d98a0449b1
u02-s001-lecture-r1,lecture,conceptNarrative[1],35,99,ec78e0cf06691d4357f3dfbe3fac1acdac5c3fea8d6e25294a6e051bdf93fe04
u02-s001-lecture-r1,lecture,conceptNarrative[2],23,69,9a5a64f29f21b956c38f5f4abbd45e30065a1213ef8c094aef377cab64a1b38d
u02-s001-lecture-r1,lecture,conceptNarrative[3],36,100,6cc480d946654f90b9e01fad8f0ad827d0ba12c6ee7554a5e439ea1b1b1e72bc
u02-s001-lecture-r1,lecture,formalDefinitions[0].name,2,6,33e96a0fbd64832b35dcda6db3074bc35aad5725ecdb2909775f3281e557a7ba
u02-s001-lecture-r1,lecture,formalDefinitions[0].statement,22,45,9707d334c3175e6b42c8abbc19cd5adf27da0445ef0270986ede63084a08fe56
u02-s001-lecture-r1,lecture,formalDefinitions[1].name,2,6,d5e44ab3161c585c6496bca7b1163f7730fbddb5586e83ebe41bd1fb8773023d
u02-s001-lecture-r1,lecture,formalDefinitions[1].statement,26,51,e399a42d37bf5f829f098600ac35b5ea6ba292aa9d66075eba0ae0cff813775c
u02-s001-lecture-r1,lecture,formalDefinitions[2].name,2,6,a7f8e0aa39ae484963c5460547ad9fa3578331b231d7365e09156755251f0fee
u02-s001-lecture-r1,lecture,formalDefinitions[2].statement,10,28,4f49338c7f19b2b7bae368f0994662b8884320ac5814f2bf8794ff9c1c2ad5d0
u02-s001-lecture-r1,lecture,formulas[0].formula,5,6,83344af1334c41c66f9c4bff5526c1a9845a0b6952090ad90724d69d8c2bbaa7
u02-s001-lecture-r1,lecture,formulas[0].conditions[0],9,21,2d9f1134ba510b512c6eb12adb9314e5dd00ec749f2ec625eb762a003c9024a7
u02-s001-lecture-r1,lecture,formulas[0].meaning,8,24,2d7d5a29e3436754b6bd8087733ad9479ec23f6d81c4fdfb0adbc7124f8411f6
u02-s001-lecture-r1,lecture,nonApplicableCases[0],17,51,a78b022b7d82fe73eebde90f18b4864295923d31ac04cafd503922707ca50a20
u02-s001-lecture-r1,lecture,nonApplicableCases[1],12,34,92048542e3081bae008524d4cb65823d72ad662f2ec92aff03392edff9bc8747
u02-s001-lecture-r1,lecture,nonApplicableCases[2],16,48,45b147e7d3415ac93c0586ca7017544fba74fa97cad62697e1ac0f322f73d69d
u02-s001-lecture-r1,lecture,nonApplicableCases[3],19,57,41ec3c3ed68ddec28bdf98ee50150043cd42f3d5ea9759c4be96396612de760a
u02-s001-lecture-r1,lecture,method[0].instruction,8,24,b63a01c3627d971b00080fee44fcd289073559a26e69a99844ff6c4187901cb5
u02-s001-lecture-r1,lecture,method[0].check,17,51,315adac74595e7a85459f716dc86cc15110466db2ea5359442ba016b98ab4fc4
u02-s001-lecture-r1,lecture,method[1].instruction,12,36,3b796bff54c0b31ed62c4cc5cec2602a5d0f9494804050ff112ee9b8ee6a5a01
u02-s001-lecture-r1,lecture,method[1].check,14,39,28c148daee340fb498a266bd6864bdd3df8c8d95a142dd237c599c4c9dc312d1
u02-s001-lecture-r1,lecture,method[2].instruction,5,15,8abf192ee5484c6c69c2b79ef13c182a3bf09d5a1f4adffa3812f7813e2f1e92
u02-s001-lecture-r1,lecture,method[2].check,7,21,cde65bc03e191f4768985f7fd0e724541029bb3d9966754dcbca0d4e4e1dfbea
u02-s001-lecture-r1,lecture,method[3].instruction,7,21,7cea214f20cd8df00193a597f463ada8d9b42bf385fa808a9d91664f01170f39
u02-s001-lecture-r1,lecture,method[3].check,13,39,59f2ca0682362f15a41e1d0a79355aad17d084f3099dacfb5a042bf95731f6f6
u02-s001-lecture-r1,lecture,method[4].instruction,7,21,9fb02d591bf5e0d1c6be804688f7fdc496d92dfd59a460fb69502de49804d0a9
u02-s001-lecture-r1,lecture,method[4].check,10,30,1a89cdaa401c1df9c63e1c27826578e77fbae94943307d7f4210ccc19cbb5d93
u02-s001-lecture-r1,lecture,workedExamples[0].exampleId,2,2,dffe8596427fc50e8f64654a609af134d45552f18bbecef90b31135a9e7acaa0
u02-s001-lecture-r1,lecture,workedExamples[0].prompt,16,34,566d31c861e918bd68677a6689367ad782bab9b2566881c60150202653f2a9fc
u02-s001-lecture-r1,lecture,workedExamples[0].solutionSteps[0],7,10,da96771df95d7618e6ca4b57984c0da34daad050b386f170254a668a61f2492b
u02-s001-lecture-r1,lecture,workedExamples[0].solutionSteps[1],9,27,f91729a76e474fa27992a888f5e9c488ca0c35ffef52f2d19070211ed6982591
u02-s001-lecture-r1,lecture,workedExamples[0].answer,11,21,8601884e092e874237ff111d753e4aea0e903dc7f19c30cb9ebbe6eb3a8588ce
u02-s001-lecture-r1,lecture,workedExamples[1].exampleId,2,2,d76354d8457898445bb69e0dc0dc95fb74cc3cf334f8c1859162a16ad0041f8d
u02-s001-lecture-r1,lecture,workedExamples[1].prompt,13,31,a963c6b3a990ff7e18b95b22ad71e3b95a7e347beabbc8ff02c5688f71141fc0
u02-s001-lecture-r1,lecture,workedExamples[1].solutionSteps[0],21,42,5446d429c75011ae5b24ed4fd4549f7b5fb3ca4a95d546fc7d677274598d7485
u02-s001-lecture-r1,lecture,workedExamples[1].solutionSteps[1],8,24,b7d5554c701acc334cb5bc686cb501c8a7b9afb13bed99a5287233b74e81ac58
u02-s001-lecture-r1,lecture,workedExamples[1].answer,11,21,030dc683421c00544a4c97f0d050b61f3d9dda2449d62f73514fc12150ccf47a
u02-s001-lecture-r1,lecture,workedExamples[2].exampleId,2,2,842983de8fb1d277a3fad5c8295c7a14317c458718a10c5a35b23e7f992a5c80
u02-s001-lecture-r1,lecture,workedExamples[2].prompt,17,37,72ac6d201863751bfd46c5983b370a042186de63f06630c82e7a9af9362affbd
u02-s001-lecture-r1,lecture,workedExamples[2].solutionSteps[0],11,23,fce4edcf99efe39335e94997cc0a6c98e02349cb85c7aecd30e7a481b4f483e1
u02-s001-lecture-r1,lecture,workedExamples[2].solutionSteps[1],11,22,60f569592b0864ffab5fe1633f3eb4f9711b1b2d89c63269c3ad1ce8434c5a57
u02-s001-lecture-r1,lecture,workedExamples[2].answer,14,24,15f80973d90707d7cc9432b488b5b488b60ce14e9df58d61d11b29b75e51fec5
u02-s001-lecture-r1,lecture,workedExamples[3].exampleId,2,2,4a5a97c6433c4c062457e9335709d57493e75527809d8a9586c141e591ac9f2c
u02-s001-lecture-r1,lecture,workedExamples[3].prompt,19,49,e2f4b811e08059812d4c0bcfd012751ba01967ade54bd5a33bc7abb954a6b967
u02-s001-lecture-r1,lecture,workedExamples[3].solutionSteps[0],8,11,3d6f197dca620f6d0778d7b60ca49185f5226f8eadc1beb2c4574de738266358
u02-s001-lecture-r1,lecture,workedExamples[3].solutionSteps[1],5,15,e225a0157c8fe621c35b123389a914f9f781d61c7277e1dcb03e8812eb0943a2
u02-s001-lecture-r1,lecture,workedExamples[3].answer,3,7,2c08ee79bff823f7134b977ee89fe249501e0bf09d86e3b91da50404b66eb3fd
u02-s001-lecture-r1,lecture,commonMistakes[0].mistake,14,42,5c58ac382c1f2cc3c0946d165498b0b4ff2854ef41f7deacdcfcc64096fc3c3a
u02-s001-lecture-r1,lecture,commonMistakes[0].why,7,21,5cdd3905e5f4b6c785466278e78137ee556155ce6b39ce857468af17d1aa0381
u02-s001-lecture-r1,lecture,commonMistakes[0].correction,10,30,a5f7234de7b4cce12702cdc77a33d318ab3375a524eb09ce557afd77dbb90d10
u02-s001-lecture-r1,lecture,commonMistakes[1].mistake,11,33,aaf0645c754d4bf50d0c16ae899e75f1238016dec6eb2109c549e2420b8e50f3
u02-s001-lecture-r1,lecture,commonMistakes[1].why,11,33,4deb23a2064602ae64654b2765bbe78920ac4d7357b51642d2a54b4a0cce324f
u02-s001-lecture-r1,lecture,commonMistakes[1].correction,22,45,b91eec7860ac340789c484d48c4689dccfcaa4a54cd6655165dd9b65476b90ee
u02-s001-lecture-r1,lecture,commonMistakes[2].mistake,11,31,b20b7c821eb5e43515d5f4ef3f61a20efd8ab53ce253b76c79927f82f8eb1df0
u02-s001-lecture-r1,lecture,commonMistakes[2].why,13,37,63cc89d5625ebf106b69c6bbbbd27d6ffcb04fcffc3a13fbb12ecb003317d641
u02-s001-lecture-r1,lecture,commonMistakes[2].correction,8,22,ed2e79a43040782a723281e326a00a73fb2816717889c793b498113533a8ffaa
u02-s001-lecture-r1,lecture,commonMistakes[3].mistake,11,33,88d1a628164f5d580b18d81c58d7c595e59139272c5fb116d8e59f2b8cd73d2f
u02-s001-lecture-r1,lecture,commonMistakes[3].why,9,27,8f0a790035a5e6280d7efd68715792f3bba966089343df4d2bccbe133ecae609
u02-s001-lecture-r1,lecture,commonMistakes[3].correction,14,42,57937259f78ecbe8b2a8762d9cf2fc6edcc6cc5f25ad126fb549a23cc817bb70
u02-s001-lecture-r1,lecture,commonMistakes[4].mistake,14,42,c6df401abca6d62d5585333e89395faefe22313ea23bca1e7dfd1ee392ba063f
u02-s001-lecture-r1,lecture,commonMistakes[4].why,5,15,57075cab19e5c9039cb21ad2b292df11a6a8072e5cada95122a87d5ca1b6e44e
u02-s001-lecture-r1,lecture,commonMistakes[4].correction,13,38,fe07fb64ff05ce3984211ad3978199badd327d13305dea8c7ed7395967829e9f
u02-s001-lecture-r1,lecture,commonMistakes[5].mistake,11,33,916ca99cb419188bb44a5ae8843d3e11652654355fa3e5de576bca7d5a2fc8aa
u02-s001-lecture-r1,lecture,commonMistakes[5].why,7,21,32b9bf9cb3a97250a818802779dd0fe584a8e651a40f78f3637941c4c8d518b1
u02-s001-lecture-r1,lecture,commonMistakes[5].correction,17,51,191974d0dcc1398ce70d6d9de5f64b175621d3693b95c0d566fb849d52ab9fcd
u02-s001-lecture-r1,lecture,selfCheck[0],13,39,4ce657dc09866c96e621aad30ccce482650034d7beb9415b8967be6f9b28e5b6
u02-s001-lecture-r1,lecture,selfCheck[1],9,27,6328b558960f8c9bc8d1b59b09c2db95f5164834a78ac24eb5eb0abc058edd21
u02-s001-lecture-r1,lecture,selfCheck[2],13,39,f3316fe5663f00c722e1d232be759c1ccef9f5c7d980890d2358ef7c8fc3cc34
u02-s001-lecture-r1,lecture,selfCheck[3],13,35,afe1eac4b7c346e7a69b57195ff4b51f1f67687828544a201ee9ce923bfe3047
u02-s001-lecture-r1,lecture,selfCheck[4],13,39,5c670410af6cf8a6930d7035a8a8abcafe0a6edfc01b1f89aa948bbeb19801c1
u02-s001-lecture-r1,lecture,summary[0],18,54,0ab786feaf04c181a39c6c2e3691ee54f47bd502c2980f3afd9b8e7aeab327b8
u02-s001-lecture-r1,lecture,summary[1],8,24,ded109766d3ed43d520ccc98039ed4c1af4faab24a2ac89e8c60f2024b6c4253
u02-s001-lecture-r1,lecture,summary[2],12,36,1140139c43c5bbeae1b42e15dc50c2a8566394929acea5ab4abaced51e235193
u02-s001-lecture-r1,lecture,summary[3],17,51,a15c39c00ab1fbbd092642cb2e395fe1ec9450a8ea9fc129029640e1f401f867
u02-s001-lecture-r1,lecture,connections.previous,29,67,eaee39d10a92c8b10a5e9823ec4f9744e1d607ee40d6c166c7e448b44941b4e2
u02-s001-lecture-r1,lecture,connections.next[0],15,45,96782a5bb4f127b7e6e315dcd5ea35941396a66f3fd8449ab9023c268a9fa32b
u02-s001-lecture-r1,lecture,connections.next[1],22,54,280ed52c60518d1705f4dcba768070ecffe4cf1b442e462796a40d02651d7576
u02-s001-lecture-r1,lecture,practiceLinks.mcQuestionIds[0],13,13,acb4a798f56d5bdbedef554a1b380631f1f05abbedbfbe9a0e847b9a699d4281
u02-s001-lecture-r1,lecture,practiceLinks.mcQuestionIds[1],13,13,3834cf43829db2ec713e8debdf4a84086c56f88e716dc25bf34167804f3f135b
u02-s001-lecture-r1,lecture,practiceLinks.mcQuestionIds[2],13,13,a387f7a9080051d5086b7461a12e7215e9f39511d5871234ca68c5bc04e0639b
u02-s001-lecture-r1,lecture,practiceLinks.mcQuestionIds[3],13,13,f681a25f233dd28ab13e31826eb69ab242723cb650062f194048b745f423a794
u02-s001-lecture-r1,lecture,practiceLinks.mcQuestionIds[4],13,13,fbedaa0d5e510c863a3690ad831e0525331c0c55364fb3ce23ab01e5835fe9a8
u02-s001-lecture-r1,lecture,practiceLinks.mcQuestionIds[5],13,13,1c8442837702eeb29bad39f89c3062b9d82e746116146dc3c5d12db1e943a725
u02-s001-lecture-r1,lecture,practiceLinks.mcQuestionIds[6],13,13,7ad91ba06407183f93a982785d0e6a1dccba1c1ee5eae773f129934b60981adb
u02-s001-lecture-r1,lecture,practiceLinks.mcQuestionIds[7],13,13,28e3dcec330b09220cfaddc660d533ccd0837a215ac23d8becd49d19227f64f8
u02-s001-lecture-r1,lecture,practiceLinks.mcQuestionIds[8],13,13,461643b135524516df0292c61c70b430c0fa5be2c5e8b7286d378e6c1c97d2fc
u02-s001-lecture-r1,lecture,practiceLinks.mcQuestionIds[9],13,13,51e0b90101ebca0432052b4faf12e15e9c5b8668d949d9efb340b44d6c8fbb16
u02-s001-lecture-r1,lecture,practiceLinks.mcQuestionIds[10],13,13,6573aac7c41393ec3a9a3a7420a7e5372185df25710397f9a1e766836aad23e8
u02-s001-lecture-r1,lecture,practiceLinks.mcQuestionIds[11],13,13,767e28965461e826bc24dfbe75edbcd2713f1f153f011441194fa91647936157
u02-s001-lecture-r1,lecture,practiceLinks.constructedResponseIds[0],14,14,e8ea3e03c81e49a0acf0b4fa8e5746357f600375c17b77163cf7efd53ba2b710
u02-s001-lecture-r1,lecture,practiceLinks.constructedResponseIds[1],14,14,2826d6e7802fd712b824b1ea6c5f0157ff6127945b5ae37644621c73d1506ba5
u02-s001-lecture-r1,lecture,lectureReview.mathematicalCorrectness,4,4,d74ff0ee8da3b9806b18c877dbf29bbde50b5bd8e4dad7a3a725000feb82e8f1
u02-s001-lecture-r1,lecture,lectureReview.zeroFoundationReadability,4,4,d74ff0ee8da3b9806b18c877dbf29bbde50b5bd8e4dad7a3a725000feb82e8f1
u02-s001-lecture-r1,lecture,lectureReview.scopeCheck,21,21,fdf8268f0373301b2fcc6331f1d8999b8aabea69681e8bc972ab9a21216a7606
u02-s001-lecture-r1,lecture,lectureReview.reviewNote,56,151,691e3e8140368bcd176c9404ab974d2f58579bcf5324a79985ca0654a0cb1afb
u02-s001-lecture-r1,lecture,lectureReview.reviewVersion,25,25,d778dfb0b9da1de52a9e6d141e13b5f20b33f0779b3da3dad22096cd927b9411
u02-s001-lecture-r1,lecture,lectureReview.reviewedAt,10,10,14158d45727526145ef514139eeb669eb54d613dbcffe524f099dbb71c9d8b08
u02-s001-lecture-r1,lecture,contentSha256,64,64,b37ba17d61ed8e139f175fe2644e529ec06518e2fe4a646caeaf631a73dbcb03
u02-s001-lecture-r1,lecture,contentAuthority,25,25,ed40f75ffe3d6ad4e71f6e7919d063410490de360edb425965eccd605ca9d79e
u02-s001-v001,question,questionId,13,13,acb4a798f56d5bdbedef554a1b380631f1f05abbedbfbe9a0e847b9a699d4281
u02-s001-v001,question,unitId,3,3,95b6504a8bd60df3a9a19ef2c504ac03429b325e9b81f0d701d07bdf6def6afb
u02-s001-v001,question,topicId,11,11,6f58a76cc1c202fbf60a6add57c6c99044e1e3af47cd9e0d4b5f88b1665e3020
u02-s001-v001,question,skillId,24,24,1eda19f7e2480bd4624c29c38090bb1083c9a7f41fb955b8b916d455426e7632
u02-s001-v001,question,difficulty,5,5,fbb7b5bf4ca348eeeebf8cc3660712859a5a1fbf18e83217a57ce203fb51d5c2
u02-s001-v001,question,type,2,2,6bc0f9c4ecb0acbebf1b9f6c816bdd66f4885f67c917d9e141cf893014fba936
u02-s001-v001,question,visualMode,9,9,9c7d54b0bf7a9369d8594201c7b11955514343809d09fbec33966c1fd9794015
u02-s001-v001,question,sourceScope,19,19,a4b669ddb8ef1883391c07a7b633f12eeaeecee7ec37c09eea4931aff6644346
u02-s001-v001,question,text,15,37,edd14dcca73a76442096a060f81834594a54d6f8bd1da58254af765a6f22231a
u02-s001-v001,question,choices[0],1,1,e7f6c011776e8db7cd330b54174fd76f7d0216b612387a5ffcfb81e6f0919683
u02-s001-v001,question,choices[1],2,2,4a44dc15364204a80fe80e9039455cc1608281820fe2b24f1e5233ade6af1dd5
u02-s001-v001,question,choices[2],2,2,8527a891e224136950ff32ca212b45bc93f69fbb801c3b1ebedac52775f99e61
u02-s001-v001,question,choices[3],2,2,4ec9599fc203d176a301536c2e091a19bc852759b255bd6818810a42c5fed14a
u02-s001-v001,question,explanation,45,114,d3cf45cdb0220adf6b97cdbde17f8a6f214631267c7ba74d980b6def7310320c
u02-s001-v001,question,steps[0],11,22,ae92b5dc532b8e0d7989cf07ed7f0763567d62e166c37af1de50edc2f69e50fa
u02-s001-v001,question,steps[1],15,37,6a531dfc586d513713a275ac8e18fb681c6a4a58f8cecb7242183ed19654b40e
u02-s001-v001,question,optionAnalysis[0].choice,1,1,e7f6c011776e8db7cd330b54174fd76f7d0216b612387a5ffcfb81e6f0919683
u02-s001-v001,question,optionAnalysis[0].reason,12,25,46684e56913dcd2986e66392d6a8daa21f56518fdb510fcd1668e88bfd9a14f6
u02-s001-v001,question,optionAnalysis[1].choice,2,2,4a44dc15364204a80fe80e9039455cc1608281820fe2b24f1e5233ade6af1dd5
u02-s001-v001,question,optionAnalysis[1].reason,10,19,0a3819050837fa58541537c60e6d5d87b100b3ae6213a207763e44491ca90775
u02-s001-v001,question,optionAnalysis[2].choice,2,2,8527a891e224136950ff32ca212b45bc93f69fbb801c3b1ebedac52775f99e61
u02-s001-v001,question,optionAnalysis[2].reason,10,19,692c7388fa7d185cbccf850ea4c225e254c48a1373d1b3e973051b32231d4fe8
u02-s001-v001,question,optionAnalysis[3].choice,2,2,4ec9599fc203d176a301536c2e091a19bc852759b255bd6818810a42c5fed14a
u02-s001-v001,question,optionAnalysis[3].reason,10,19,29cd136edab14b021823f9952450697e1938a3d0e66de02341e3facf2e4bd625
u02-s001-v001,question,commonMistake,19,51,03498298de8a64d88eef6aa7425e914efadcaf3c8d039afe97da95f375db686f
u02-s001-v001,question,concept,11,33,90fcc6a80396fde4fab92bd0ca30e1659388d01d9956f81206d9f08a0a9a3c18
u02-s001-v001,question,tags[0],3,9,fd41540cbdbecb9b5fa7116d27c68e378548ab62ab7c7ca4494730a81ea87667
u02-s001-v001,question,tags[1],5,15,0687cd45d04b89e421d0e452ae1779568c0e281303b18f791294bd3cacbb370f
u02-s001-v001,question,tags[2],5,5,fbb7b5bf4ca348eeeebf8cc3660712859a5a1fbf18e83217a57ce203fb51d5c2
u02-s001-v001,question,estimatedTimeSec,2,2,39fa9ec190eee7b6f4dff1100d6343e10918d044c75eac8f9e9a2596173f80c9
u02-s001-v001,question,authoringIntent,7,21,b58988423508f08fb2b33a4fdd3eeb55b994863b0d593cce5ee918d7ece38417
u02-s001-v001,question,reviewStatus,22,22,ec809598e2f7fcc69fad54c9cd045bba62b4a0dc7c0ff90d4efdc3788c9ad8fb
u02-s001-v001,question,contentSha256,64,64,9b7f52bef58f4ff7975ea6756b5ff91d8510159d7eadb48b76b07b060b722fe0
u02-s001-v001,question,contentAuthority,25,25,ed40f75ffe3d6ad4e71f6e7919d063410490de360edb425965eccd605ca9d79e
u02-s001-v002,question,questionId,13,13,3834cf43829db2ec713e8debdf4a84086c56f88e716dc25bf34167804f3f135b
u02-s001-v002,question,unitId,3,3,95b6504a8bd60df3a9a19ef2c504ac03429b325e9b81f0d701d07bdf6def6afb
u02-s001-v002,question,topicId,11,11,6f58a76cc1c202fbf60a6add57c6c99044e1e3af47cd9e0d4b5f88b1665e3020
u02-s001-v002,question,skillId,24,24,1eda19f7e2480bd4624c29c38090bb1083c9a7f41fb955b8b916d455426e7632
u02-s001-v002,question,difficulty,5,5,fbb7b5bf4ca348eeeebf8cc3660712859a5a1fbf18e83217a57ce203fb51d5c2
u02-s001-v002,question,type,2,2,6bc0f9c4ecb0acbebf1b9f6c816bdd66f4885f67c917d9e141cf893014fba936
u02-s001-v002,question,visualMode,9,9,9c7d54b0bf7a9369d8594201c7b11955514343809d09fbec33966c1fd9794015
u02-s001-v002,question,sourceScope,19,19,a4b669ddb8ef1883391c07a7b633f12eeaeecee7ec37c09eea4931aff6644346
u02-s001-v002,question,text,14,36,9477eed6fbb02895a5553765ce40e0b1f0c97f7b35bb2087cdff68c25457d196
u02-s001-v002,question,choices[0],2,2,624b60c58c9d8bfb6ff1886c2fd605d2adeb6ea4da576068201b6c6958ce93f4
u02-s001-v002,question,choices[1],2,2,d59eced1ded07f84c145592f65bdf854358e009c5cd705f5215bf18697fed103
u02-s001-v002,question,choices[2],2,2,2fca346db656187102ce806ac732e06a62df0dbb2829e511a770556d398e1a6e
u02-s001-v002,question,choices[3],2,2,81b8a03f97e8787c53fe1a86bda042b6f0de9b0ec9c09357e107c99ba4d6948a
u02-s001-v002,question,explanation,40,99,485bc36e022a7bbf47dd30a22558cd33f0a1317145428e35cb198805b9918f55
u02-s001-v002,question,steps[0],6,7,d0c6b46c4725a4dacab3918c9d9151ee11362547302214b5deb8e38fda926b5d
u02-s001-v002,question,steps[1],14,36,bada6b0f2ba1d1e510f71ec649d316fc3792dbbc7a1ee2ef1c58897c0b658102
u02-s001-v002,question,optionAnalysis[0].choice,2,2,624b60c58c9d8bfb6ff1886c2fd605d2adeb6ea4da576068201b6c6958ce93f4
u02-s001-v002,question,optionAnalysis[0].reason,9,18,8e5be0e8e6f94b62192b32a9bd76578c51abcbbfeeaaf079c5a280516f745c9a
u02-s001-v002,question,optionAnalysis[1].choice,2,2,d59eced1ded07f84c145592f65bdf854358e009c5cd705f5215bf18697fed103
u02-s001-v002,question,optionAnalysis[1].reason,10,19,a9e51d33b3ea288d082adc2a729fa6df0e627b917762afc8b4984a0f8f57755d
u02-s001-v002,question,optionAnalysis[2].choice,2,2,2fca346db656187102ce806ac732e06a62df0dbb2829e511a770556d398e1a6e
u02-s001-v002,question,optionAnalysis[2].reason,9,18,9957920ecca536c03dcefd86fbe4bddf64a09d3a804b5ad3cfc25c828c1c4381
u02-s001-v002,question,optionAnalysis[3].choice,2,2,81b8a03f97e8787c53fe1a86bda042b6f0de9b0ec9c09357e107c99ba4d6948a
u02-s001-v002,question,optionAnalysis[3].reason,9,18,0124e2c1463620de2d6330f3c75663cf0f50f90d3bd66958fee9aa17df7ad016
u02-s001-v002,question,commonMistake,15,39,531ede17c7a9fc47b5f0499ad64941b875054256652d482fd9f518e1f4db1784
u02-s001-v002,question,concept,11,33,2ec46d9e91d7e9f868c18fd0c9f6309fe7d9fa0c599efff20ded89b4956c6b80
u02-s001-v002,question,tags[0],3,9,fd41540cbdbecb9b5fa7116d27c68e378548ab62ab7c7ca4494730a81ea87667
u02-s001-v002,question,tags[1],5,15,0687cd45d04b89e421d0e452ae1779568c0e281303b18f791294bd3cacbb370f
u02-s001-v002,question,tags[2],5,5,fbb7b5bf4ca348eeeebf8cc3660712859a5a1fbf18e83217a57ce203fb51d5c2
u02-s001-v002,question,estimatedTimeSec,2,2,39fa9ec190eee7b6f4dff1100d6343e10918d044c75eac8f9e9a2596173f80c9
u02-s001-v002,question,authoringIntent,5,15,6ccb161a22a4a79adb5b3a78249acdea302ffdd230e199793eedfe8756ccbfa9
u02-s001-v002,question,reviewStatus,22,22,ec809598e2f7fcc69fad54c9cd045bba62b4a0dc7c0ff90d4efdc3788c9ad8fb
u02-s001-v002,question,contentSha256,64,64,35ef00f05d44e21b3b498c7e4651e2363200b5f9ffd4737a6852f65411817e7c
u02-s001-v002,question,contentAuthority,25,25,ed40f75ffe3d6ad4e71f6e7919d063410490de360edb425965eccd605ca9d79e
u02-s001-v003,question,questionId,13,13,a387f7a9080051d5086b7461a12e7215e9f39511d5871234ca68c5bc04e0639b
u02-s001-v003,question,unitId,3,3,95b6504a8bd60df3a9a19ef2c504ac03429b325e9b81f0d701d07bdf6def6afb
u02-s001-v003,question,topicId,11,11,6f58a76cc1c202fbf60a6add57c6c99044e1e3af47cd9e0d4b5f88b1665e3020
u02-s001-v003,question,skillId,24,24,1eda19f7e2480bd4624c29c38090bb1083c9a7f41fb955b8b916d455426e7632
u02-s001-v003,question,difficulty,5,5,fbb7b5bf4ca348eeeebf8cc3660712859a5a1fbf18e83217a57ce203fb51d5c2
u02-s001-v003,question,type,2,2,6bc0f9c4ecb0acbebf1b9f6c816bdd66f4885f67c917d9e141cf893014fba936
u02-s001-v003,question,visualMode,9,9,9c7d54b0bf7a9369d8594201c7b11955514343809d09fbec33966c1fd9794015
u02-s001-v003,question,sourceScope,19,19,a4b669ddb8ef1883391c07a7b633f12eeaeecee7ec37c09eea4931aff6644346
u02-s001-v003,question,text,23,53,06c5f8d16cd22375967897fda28352a709d6e28767ec5910073656566049f70d
u02-s001-v003,question,choices[0],2,2,624b60c58c9d8bfb6ff1886c2fd605d2adeb6ea4da576068201b6c6958ce93f4
u02-s001-v003,question,choices[1],2,2,e29c9c180c6279b0b02abd6a1801c7c04082cf486ec027aa13515e4f3884bb6b
u02-s001-v003,question,choices[2],2,2,9f14025af0065b30e47e23ebb3b491d39ae8ed17d33739e5ff3827ffb3634953
u02-s001-v003,question,choices[3],2,2,aea92132c4cbeb263e6ac2bf6c183b5d81737f179f21efdc5863739672f0f470
u02-s001-v003,question,explanation,42,99,32f3ae143364af1e9619bde01edc3d35f1d62505e42652fde855ba162d3c74f1
u02-s001-v003,question,steps[0],16,36,29dd519ba30092f18f734e8f7f9648b29ce9c5a9afb6b4c278b5e31d6ad2e006
u02-s001-v003,question,steps[1],6,7,c3a29cf3172978c1fc5d61eda7bb5b1a64eddfb85ccea47d01341d0abb29a761
u02-s001-v003,question,optionAnalysis[0].choice,2,2,624b60c58c9d8bfb6ff1886c2fd605d2adeb6ea4da576068201b6c6958ce93f4
u02-s001-v003,question,optionAnalysis[0].reason,12,24,01b6830cfb1a6e26473500b1d57ee3cc0dd4ff8806b874ebed0958d9b4d475da
u02-s001-v003,question,optionAnalysis[1].choice,2,2,e29c9c180c6279b0b02abd6a1801c7c04082cf486ec027aa13515e4f3884bb6b
u02-s001-v003,question,optionAnalysis[1].reason,12,24,54fcaad8af3bece3f3bcd3050f6e4acf5781d6c93e8b621ee2d5f9d372a861a4
u02-s001-v003,question,optionAnalysis[2].choice,2,2,9f14025af0065b30e47e23ebb3b491d39ae8ed17d33739e5ff3827ffb3634953
u02-s001-v003,question,optionAnalysis[2].reason,7,10,dea1fb73700ef72c365d415a81eb8e52d440ff049a1f8485678cebc7314a2ad4
u02-s001-v003,question,optionAnalysis[3].choice,2,2,aea92132c4cbeb263e6ac2bf6c183b5d81737f179f21efdc5863739672f0f470
u02-s001-v003,question,optionAnalysis[3].reason,12,24,6ebcff393ddeff3689b6aee1cd56588b326f9705d4783c06923b40b4ef0f1113
u02-s001-v003,question,commonMistake,27,61,309b65e52322018c7b6593a574f61d21d3a164c74541793409afa3271cec60c7
u02-s001-v003,question,concept,14,42,25fe9e9dca1fa7f544d80e55997f228b98c2416083900d2d52a8b8d9d0099354
u02-s001-v003,question,tags[0],3,9,fd41540cbdbecb9b5fa7116d27c68e378548ab62ab7c7ca4494730a81ea87667
u02-s001-v003,question,tags[1],5,15,0687cd45d04b89e421d0e452ae1779568c0e281303b18f791294bd3cacbb370f
u02-s001-v003,question,tags[2],5,5,fbb7b5bf4ca348eeeebf8cc3660712859a5a1fbf18e83217a57ce203fb51d5c2
u02-s001-v003,question,estimatedTimeSec,2,2,39fa9ec190eee7b6f4dff1100d6343e10918d044c75eac8f9e9a2596173f80c9
u02-s001-v003,question,authoringIntent,7,21,6ffe08d8ebb797b6ebe1634c3c9468cef8386290c5afad78005402062d27e268
u02-s001-v003,question,reviewStatus,22,22,ec809598e2f7fcc69fad54c9cd045bba62b4a0dc7c0ff90d4efdc3788c9ad8fb
u02-s001-v003,question,contentSha256,64,64,5fa777eff1acba98ddabb2a2e0a78c9dad569a9c161faf40394cc82218f973bc
u02-s001-v003,question,contentAuthority,25,25,ed40f75ffe3d6ad4e71f6e7919d063410490de360edb425965eccd605ca9d79e
u02-s001-v004,question,questionId,13,13,f681a25f233dd28ab13e31826eb69ab242723cb650062f194048b745f423a794
u02-s001-v004,question,unitId,3,3,95b6504a8bd60df3a9a19ef2c504ac03429b325e9b81f0d701d07bdf6def6afb
u02-s001-v004,question,topicId,11,11,6f58a76cc1c202fbf60a6add57c6c99044e1e3af47cd9e0d4b5f88b1665e3020
u02-s001-v004,question,skillId,24,24,1eda19f7e2480bd4624c29c38090bb1083c9a7f41fb955b8b916d455426e7632
u02-s001-v004,question,difficulty,8,8,fe6d3468cf5c74d8ec2a95b40f2e05338c37a4202f8fad692d2b64a9cf9b468a
u02-s001-v004,question,type,2,2,6bc0f9c4ecb0acbebf1b9f6c816bdd66f4885f67c917d9e141cf893014fba936
u02-s001-v004,question,visualMode,9,9,9c7d54b0bf7a9369d8594201c7b11955514343809d09fbec33966c1fd9794015
u02-s001-v004,question,sourceScope,19,19,a4b669ddb8ef1883391c07a7b633f12eeaeecee7ec37c09eea4931aff6644346
u02-s001-v004,question,text,19,51,a8a23903284922489340f3fca7c090c96d81f9c4baf59f30c2136d9c240e96d4
u02-s001-v004,question,choices[0],1,1,6b86b273ff34fce19d6b804eff5a3f5747ada4eaa22f1d49c01e52ddb7875b4b
u02-s001-v004,question,choices[1],1,1,e7f6c011776e8db7cd330b54174fd76f7d0216b612387a5ffcfb81e6f0919683
u02-s001-v004,question,choices[2],2,2,4ec9599fc203d176a301536c2e091a19bc852759b255bd6818810a42c5fed14a
u02-s001-v004,question,choices[3],2,2,76a50887d8f1c2e9301755428990ad81479ee21c25b43215cf524541e0503269
u02-s001-v004,question,explanation,44,115,1711f504f63446a18b0bf134814f67133a83185a9f5d6511238b7e1eb937cdaf
u02-s001-v004,question,steps[0],7,8,d064cc403f68a9348e176a7ac37354ad23432f524fe02203d17a9d323922d821
u02-s001-v004,question,steps[1],17,51,d55907060b28a3f6dfea9498a48e850675795396786f38fecf7a7cc74f594c0f
u02-s001-v004,question,optionAnalysis[0].choice,1,1,6b86b273ff34fce19d6b804eff5a3f5747ada4eaa22f1d49c01e52ddb7875b4b
u02-s001-v004,question,optionAnalysis[0].reason,9,23,8ac94de5bd3609df080dc88d93d36ec40afa6f5c9c799a2012139a07a806c6c2
u02-s001-v004,question,optionAnalysis[1].choice,1,1,e7f6c011776e8db7cd330b54174fd76f7d0216b612387a5ffcfb81e6f0919683
u02-s001-v004,question,optionAnalysis[1].reason,11,29,8afb0e458747ad270ca28c813138a760cc32a86ff92b852424d692554ef40e67
u02-s001-v004,question,optionAnalysis[2].choice,2,2,4ec9599fc203d176a301536c2e091a19bc852759b255bd6818810a42c5fed14a
u02-s001-v004,question,optionAnalysis[2].reason,14,30,bddaa258210bc3f0d574ec677c3b90134ab06b01b2edc92e8753b8a0b5a582e7
u02-s001-v004,question,optionAnalysis[3].choice,2,2,76a50887d8f1c2e9301755428990ad81479ee21c25b43215cf524541e0503269
u02-s001-v004,question,optionAnalysis[3].reason,15,39,263253f92dd0feb737ccdca9a2e151052f6bbce24de3e10606dfcc949dee8922
u02-s001-v004,question,commonMistake,12,36,a53166efe198430413e9b04e86a84dcefba49000a9efa7c4978d22e5c46abe75
u02-s001-v004,question,concept,13,39,9d63a9a85c118ef6e73b5cfd9577b8f02534b9797d44e0a6b0449c549a62083f
u02-s001-v004,question,tags[0],3,9,fd41540cbdbecb9b5fa7116d27c68e378548ab62ab7c7ca4494730a81ea87667
u02-s001-v004,question,tags[1],5,15,0687cd45d04b89e421d0e452ae1779568c0e281303b18f791294bd3cacbb370f
u02-s001-v004,question,tags[2],8,8,fe6d3468cf5c74d8ec2a95b40f2e05338c37a4202f8fad692d2b64a9cf9b468a
u02-s001-v004,question,estimatedTimeSec,2,2,39fa9ec190eee7b6f4dff1100d6343e10918d044c75eac8f9e9a2596173f80c9
u02-s001-v004,question,authoringIntent,8,24,7613fa7c2747a88d9e4179ae5c013858a282cf20c5bd1929b24a770e56681e0c
u02-s001-v004,question,reviewStatus,22,22,ec809598e2f7fcc69fad54c9cd045bba62b4a0dc7c0ff90d4efdc3788c9ad8fb
u02-s001-v004,question,contentSha256,64,64,4d25f8167a4d266b4d4880631e07de7f033bdb6b14c275d7b1f622f577b49c7f
u02-s001-v004,question,contentAuthority,25,25,ed40f75ffe3d6ad4e71f6e7919d063410490de360edb425965eccd605ca9d79e
u02-s001-v005,question,questionId,13,13,fbedaa0d5e510c863a3690ad831e0525331c0c55364fb3ce23ab01e5835fe9a8
u02-s001-v005,question,unitId,3,3,95b6504a8bd60df3a9a19ef2c504ac03429b325e9b81f0d701d07bdf6def6afb
u02-s001-v005,question,topicId,11,11,6f58a76cc1c202fbf60a6add57c6c99044e1e3af47cd9e0d4b5f88b1665e3020
u02-s001-v005,question,skillId,24,24,1eda19f7e2480bd4624c29c38090bb1083c9a7f41fb955b8b916d455426e7632
u02-s001-v005,question,difficulty,8,8,fe6d3468cf5c74d8ec2a95b40f2e05338c37a4202f8fad692d2b64a9cf9b468a
u02-s001-v005,question,type,2,2,6bc0f9c4ecb0acbebf1b9f6c816bdd66f4885f67c917d9e141cf893014fba936
u02-s001-v005,question,visualMode,9,9,9c7d54b0bf7a9369d8594201c7b11955514343809d09fbec33966c1fd9794015
u02-s001-v005,question,sourceScope,19,19,a4b669ddb8ef1883391c07a7b633f12eeaeecee7ec37c09eea4931aff6644346
u02-s001-v005,question,text,22,66,b32f1b401afcc634ca0f83ac4edc04915bc4c4853851ef506e42a4bf88a93502
u02-s001-v005,question,choices[0],11,29,479a566b3e060845b6740e9739e6f4675c42280c53437c5fea40c3d1345865ac
u02-s001-v005,question,choices[1],11,29,cf110516fab1f1460560e100e1ec8ccfa67282fa68d144eadd54962c27e95274
u02-s001-v005,question,choices[2],14,42,6b81d66451dd4a297760a9c4f08cd0fd1ea457b7f843a64645ee1f67e3da0a7f
u02-s001-v005,question,choices[3],10,18,03bb6566b8b265e6736b9b547e9a5b763da6732ebe2457f4aebc6daef97fb4d3
u02-s001-v005,question,explanation,46,119,0e7d7558263d2f66f13b1b49f7b1612c2ca7af2e3b3b2105cc2ad534b7c9d5e1
u02-s001-v005,question,steps[0],22,49,ebcdfb5850e3559736c0d5d051a5cfee11df8b98e41e26c3c6f957d9caa08252
u02-s001-v005,question,steps[1],32,78,8ca866550cc22da38543d3409d38cea1251b493e1f0e1610022742e15b2aff00
u02-s001-v005,question,optionAnalysis[0].choice,11,29,479a566b3e060845b6740e9739e6f4675c42280c53437c5fea40c3d1345865ac
u02-s001-v005,question,optionAnalysis[0].reason,16,39,0426f82c666f84249b37de9c6eb311b8ce83a64e96588c6b4317ecf07aea9040
u02-s001-v005,question,optionAnalysis[1].choice,11,29,cf110516fab1f1460560e100e1ec8ccfa67282fa68d144eadd54962c27e95274
u02-s001-v005,question,optionAnalysis[1].reason,21,57,eb5f8186b66a92bba2c764ab0f5915833a6fe3f27bb85e61624e8743e7e5be0c
u02-s001-v005,question,optionAnalysis[2].choice,14,42,6b81d66451dd4a297760a9c4f08cd0fd1ea457b7f843a64645ee1f67e3da0a7f
u02-s001-v005,question,optionAnalysis[2].reason,16,48,c3c897e7fed6a38b4b6677162a4cebf4bfe408d0ba22035d923c1c36859620cb
u02-s001-v005,question,optionAnalysis[3].choice,10,18,03bb6566b8b265e6736b9b547e9a5b763da6732ebe2457f4aebc6daef97fb4d3
u02-s001-v005,question,optionAnalysis[3].reason,25,52,0f9842daa6484aca70774eb54289c11f187e941e5c4bda6a5419a5e145a40c63
u02-s001-v005,question,commonMistake,25,69,820177ff91c2426d4de696fdcf6156ab7d942f7fd3cbe1f7ed7e10bbd98d5ba5
u02-s001-v005,question,concept,15,45,42ca081e33af10355fa596a6bebe716d397c4ae0c58ab88faa33c804fa15a6c3
u02-s001-v005,question,tags[0],3,9,fd41540cbdbecb9b5fa7116d27c68e378548ab62ab7c7ca4494730a81ea87667
u02-s001-v005,question,tags[1],5,15,0687cd45d04b89e421d0e452ae1779568c0e281303b18f791294bd3cacbb370f
u02-s001-v005,question,tags[2],8,8,fe6d3468cf5c74d8ec2a95b40f2e05338c37a4202f8fad692d2b64a9cf9b468a
u02-s001-v005,question,estimatedTimeSec,2,2,39fa9ec190eee7b6f4dff1100d6343e10918d044c75eac8f9e9a2596173f80c9
u02-s001-v005,question,authoringIntent,20,60,85db8426092d0b098d33e7b71bc65b1c983a5ed03fba6a3a08087d8bdb646029
u02-s001-v005,question,reviewStatus,22,22,ec809598e2f7fcc69fad54c9cd045bba62b4a0dc7c0ff90d4efdc3788c9ad8fb
u02-s001-v005,question,contentSha256,64,64,e4e42524b62d711029c84d02a4a2e34994ac42498338452987c8ba94b7bcfd24
u02-s001-v005,question,contentAuthority,25,25,ed40f75ffe3d6ad4e71f6e7919d063410490de360edb425965eccd605ca9d79e
u02-s001-v006,question,questionId,13,13,1c8442837702eeb29bad39f89c3062b9d82e746116146dc3c5d12db1e943a725
u02-s001-v006,question,unitId,3,3,95b6504a8bd60df3a9a19ef2c504ac03429b325e9b81f0d701d07bdf6def6afb
u02-s001-v006,question,topicId,11,11,6f58a76cc1c202fbf60a6add57c6c99044e1e3af47cd9e0d4b5f88b1665e3020
u02-s001-v006,question,skillId,24,24,1eda19f7e2480bd4624c29c38090bb1083c9a7f41fb955b8b916d455426e7632
u02-s001-v006,question,difficulty,8,8,fe6d3468cf5c74d8ec2a95b40f2e05338c37a4202f8fad692d2b64a9cf9b468a
u02-s001-v006,question,type,2,2,6bc0f9c4ecb0acbebf1b9f6c816bdd66f4885f67c917d9e141cf893014fba936
u02-s001-v006,question,visualMode,9,9,9c7d54b0bf7a9369d8594201c7b11955514343809d09fbec33966c1fd9794015
u02-s001-v006,question,sourceScope,19,19,a4b669ddb8ef1883391c07a7b633f12eeaeecee7ec37c09eea4931aff6644346
u02-s001-v006,question,text,30,70,0ee42bd11749733f5c699cabdd6c228f304ade98af580452dee06cab7b4f0b7e
u02-s001-v006,question,choices[0],3,5,1a91dcd01fa9c8bc99fb5d6a879fff5300cf0ac35c32d1d0cf49a0799243fec3
u02-s001-v006,question,choices[1],3,5,4be80fb227db37c2a641ae6ff71e61e585a83dfb99b9fcbe307f1070a4a3b519
u02-s001-v006,question,choices[2],3,5,5f1bd80083c6c8627be7b510d341bf909531cc088126ece3a95756cdeafce9c6
u02-s001-v006,question,choices[3],3,5,180cd8f025ba3848a6c8423f1d3c82272c7729c0100691d59a1008a9b872b6ad
u02-s001-v006,question,explanation,60,134,bb754023ad39fea364face13fd5e7ddf0cd522cfabea0edd75cb75d0162dc56b
u02-s001-v006,question,steps[0],19,39,a7605c7f58ef1499d1bb88059cd608496e19f71b7ed713cf197c6a03b32a7aea
u02-s001-v006,question,steps[1],20,36,78c9a5ef3a1d5c0b9e8f82f8110103a275b10f5e11769b8ed4b0c9a224479588
u02-s001-v006,question,optionAnalysis[0].choice,3,5,1a91dcd01fa9c8bc99fb5d6a879fff5300cf0ac35c32d1d0cf49a0799243fec3
u02-s001-v006,question,optionAnalysis[0].reason,12,24,1343543c1122530be66feb500eaa6998a7c392ce6a848b8c58b067f0143e6e74
u02-s001-v006,question,optionAnalysis[1].choice,3,5,4be80fb227db37c2a641ae6ff71e61e585a83dfb99b9fcbe307f1070a4a3b519
u02-s001-v006,question,optionAnalysis[1].reason,12,20,e1268b1432aab8db2e7cdca774522b741ad074a8a952728a0003d35e42e61500
u02-s001-v006,question,optionAnalysis[2].choice,3,5,5f1bd80083c6c8627be7b510d341bf909531cc088126ece3a95756cdeafce9c6
u02-s001-v006,question,optionAnalysis[2].reason,14,28,7d0e09fe625fa0b56bade495de47ff8340b87549a000995688379f22dd58ac40
u02-s001-v006,question,optionAnalysis[3].choice,3,5,180cd8f025ba3848a6c8423f1d3c82272c7729c0100691d59a1008a9b872b6ad
u02-s001-v006,question,optionAnalysis[3].reason,9,27,beabeb068134aa0f786888d81331a82536663271a84d94944bd436ac334e41b3
u02-s001-v006,question,commonMistake,17,51,a07af7b60d594977d58ca79dc576a3a9e19a9e6d4d099d2678fdb3a6d1750881
u02-s001-v006,question,concept,17,51,76845e732c7dcf1a065eb74a6557027c537eedc62c3c2fe1f6157136a9d16c5a
u02-s001-v006,question,tags[0],3,9,fd41540cbdbecb9b5fa7116d27c68e378548ab62ab7c7ca4494730a81ea87667
u02-s001-v006,question,tags[1],5,15,0687cd45d04b89e421d0e452ae1779568c0e281303b18f791294bd3cacbb370f
u02-s001-v006,question,tags[2],8,8,fe6d3468cf5c74d8ec2a95b40f2e05338c37a4202f8fad692d2b64a9cf9b468a
u02-s001-v006,question,estimatedTimeSec,2,2,39fa9ec190eee7b6f4dff1100d6343e10918d044c75eac8f9e9a2596173f80c9
u02-s001-v006,question,authoringIntent,7,21,7a648b800ebb5dfa926b7f6b99478f56577466b6265de6aadde185a20e34bd9f
u02-s001-v006,question,reviewStatus,22,22,ec809598e2f7fcc69fad54c9cd045bba62b4a0dc7c0ff90d4efdc3788c9ad8fb
u02-s001-v006,question,contentSha256,64,64,3135003eb1e0e7a03f576496bffcd6a108cc75111451563dda79249da9f8e3b8
u02-s001-v006,question,contentAuthority,25,25,ed40f75ffe3d6ad4e71f6e7919d063410490de360edb425965eccd605ca9d79e
u02-s001-v007,question,questionId,13,13,7ad91ba06407183f93a982785d0e6a1dccba1c1ee5eae773f129934b60981adb
u02-s001-v007,question,unitId,3,3,95b6504a8bd60df3a9a19ef2c504ac03429b325e9b81f0d701d07bdf6def6afb
u02-s001-v007,question,topicId,11,11,6f58a76cc1c202fbf60a6add57c6c99044e1e3af47cd9e0d4b5f88b1665e3020
u02-s001-v007,question,skillId,24,24,1eda19f7e2480bd4624c29c38090bb1083c9a7f41fb955b8b916d455426e7632
u02-s001-v007,question,difficulty,8,8,d21f85ea38166303ce58e06134b5cc4a5c900c409ab2a500ff7c9225109a09bb
u02-s001-v007,question,type,2,2,6bc0f9c4ecb0acbebf1b9f6c816bdd66f4885f67c917d9e141cf893014fba936
u02-s001-v007,question,visualMode,9,9,9c7d54b0bf7a9369d8594201c7b11955514343809d09fbec33966c1fd9794015
u02-s001-v007,question,sourceScope,19,19,a4b669ddb8ef1883391c07a7b633f12eeaeecee7ec37c09eea4931aff6644346
u02-s001-v007,question,text,49,105,1c533c62a94487b8c0154cc5593d447b101fb8a8c118225a5ae38513d68dcc64
u02-s001-v007,question,choices[0],2,2,6b51d431df5d7f141cbececcf79edf3dd861c3b4069f0b11661a3eefacbba918
u02-s001-v007,question,choices[1],2,2,e629fa6598d732768f7c726b4b621285f9c3b85303900aa912017db7617d8bdb
u02-s001-v007,question,choices[2],2,2,4ec9599fc203d176a301536c2e091a19bc852759b255bd6818810a42c5fed14a
u02-s001-v007,question,choices[3],2,2,c2356069e9d1e79ca924378153cfbbfb4d4416b1f99d41a2940bfdb66c5319db
u02-s001-v007,question,explanation,56,134,3bb2c3aba5a732405b599e5bae84098ed3566de9957ebba5b0f1df0b05e087b3
u02-s001-v007,question,steps[0],21,45,904e9a920d5969bf9c79356d593e52ba9620f2ceac80026336f3120769d66fa5
u02-s001-v007,question,steps[1],15,33,d8254a977fd85381c6909b54ad822114582697db3a0297172c5973f046855359
u02-s001-v007,question,optionAnalysis[0].choice,2,2,6b51d431df5d7f141cbececcf79edf3dd861c3b4069f0b11661a3eefacbba918
u02-s001-v007,question,optionAnalysis[0].reason,13,25,a2545935c209871ce0fe006069ee39add47aca7289d0f7d1b772429642a79889
u02-s001-v007,question,optionAnalysis[1].choice,2,2,e629fa6598d732768f7c726b4b621285f9c3b85303900aa912017db7617d8bdb
u02-s001-v007,question,optionAnalysis[1].reason,12,24,5dcb9140c126695a168864528724659893c5a3615a8770c33d610f1a292b382a
u02-s001-v007,question,optionAnalysis[2].choice,2,2,4ec9599fc203d176a301536c2e091a19bc852759b255bd6818810a42c5fed14a
u02-s001-v007,question,optionAnalysis[2].reason,17,23,2ae1535c0d381eb47b14cc72a43053f14047786032bf796283f287c5529c3ef0
u02-s001-v007,question,optionAnalysis[3].choice,2,2,c2356069e9d1e79ca924378153cfbbfb4d4416b1f99d41a2940bfdb66c5319db
u02-s001-v007,question,optionAnalysis[3].reason,13,25,54331b58a18b6218f74fe78622d02ca7fddf781eedd8ac8e29d196bf11a3ed03
u02-s001-v007,question,commonMistake,10,30,e02226ab04a3713d9c3aca8469539135d3b99b969754f929ac7a9304733a5a47
u02-s001-v007,question,concept,18,54,266b94e0bdfcb4b17be3c347367b791a188fd2981fc7ffdbd148423c6546f2ed
u02-s001-v007,question,tags[0],3,9,fd41540cbdbecb9b5fa7116d27c68e378548ab62ab7c7ca4494730a81ea87667
u02-s001-v007,question,tags[1],5,15,0687cd45d04b89e421d0e452ae1779568c0e281303b18f791294bd3cacbb370f
u02-s001-v007,question,tags[2],8,8,d21f85ea38166303ce58e06134b5cc4a5c900c409ab2a500ff7c9225109a09bb
u02-s001-v007,question,estimatedTimeSec,2,2,39fa9ec190eee7b6f4dff1100d6343e10918d044c75eac8f9e9a2596173f80c9
u02-s001-v007,question,authoringIntent,6,18,412826c3aa5bd7eb3808db382905e1e4398633fbe0fbf05e0ce4e5806f4db603
u02-s001-v007,question,reviewStatus,22,22,ec809598e2f7fcc69fad54c9cd045bba62b4a0dc7c0ff90d4efdc3788c9ad8fb
u02-s001-v007,question,contentSha256,64,64,cf6843cc3f94f20771de724123358f1e537474401fe5e2cbb99e67d483fa3c17
u02-s001-v007,question,contentAuthority,25,25,ed40f75ffe3d6ad4e71f6e7919d063410490de360edb425965eccd605ca9d79e
u02-s001-v008,question,questionId,13,13,28e3dcec330b09220cfaddc660d533ccd0837a215ac23d8becd49d19227f64f8
u02-s001-v008,question,unitId,3,3,95b6504a8bd60df3a9a19ef2c504ac03429b325e9b81f0d701d07bdf6def6afb
u02-s001-v008,question,topicId,11,11,6f58a76cc1c202fbf60a6add57c6c99044e1e3af47cd9e0d4b5f88b1665e3020
u02-s001-v008,question,skillId,24,24,1eda19f7e2480bd4624c29c38090bb1083c9a7f41fb955b8b916d455426e7632
u02-s001-v008,question,difficulty,8,8,d21f85ea38166303ce58e06134b5cc4a5c900c409ab2a500ff7c9225109a09bb
u02-s001-v008,question,type,2,2,6bc0f9c4ecb0acbebf1b9f6c816bdd66f4885f67c917d9e141cf893014fba936
u02-s001-v008,question,visualMode,9,9,9c7d54b0bf7a9369d8594201c7b11955514343809d09fbec33966c1fd9794015
u02-s001-v008,question,sourceScope,19,19,a4b669ddb8ef1883391c07a7b633f12eeaeecee7ec37c09eea4931aff6644346
u02-s001-v008,question,text,26,72,2065311e435364838d573d8d52890314bac98638b25eba0d01effb627f2f4d15
u02-s001-v008,question,choices[0],2,2,b17ef6d19c7a5b1ee83b907c595526dcb1eb06db8227d650d5dda0a9f4ce8cd9
u02-s001-v008,question,choices[1],2,2,c2356069e9d1e79ca924378153cfbbfb4d4416b1f99d41a2940bfdb66c5319db
u02-s001-v008,question,choices[2],2,2,b7a56873cd771f2c446d369b649430b65a756ba278ff97ec81bb6f55b2e73569
u02-s001-v008,question,choices[3],2,2,f5ca38f748a1d6eaf726b8a42fb575c3c71f1864a8143301782de13da2d9202b
u02-s001-v008,question,explanation,49,113,232128544533006ca36fc505be01adbf73f8a4babd4b2d8065e54514968bc1d6
u02-s001-v008,question,steps[0],22,42,bc49f2772bc50b63ee3dd2f555c7d70ee6cab0c2c987296879134bc8ac29031a
u02-s001-v008,question,steps[1],7,15,d78b93e3cea866f808b5a1b92aa3e0da25d0233a48d1674fff032ce358316a46
u02-s001-v008,question,optionAnalysis[0].choice,2,2,b17ef6d19c7a5b1ee83b907c595526dcb1eb06db8227d650d5dda0a9f4ce8cd9
u02-s001-v008,question,optionAnalysis[0].reason,12,24,92a36635c82aab826a5eb2d07f420734ff6ff406258568c52340e74d4f5e3add
u02-s001-v008,question,optionAnalysis[1].choice,2,2,c2356069e9d1e79ca924378153cfbbfb4d4416b1f99d41a2940bfdb66c5319db
u02-s001-v008,question,optionAnalysis[1].reason,12,24,9748d9d28f3da38795957808361252d2701b8b7a1f91c0037fff2197c360361e
u02-s001-v008,question,optionAnalysis[2].choice,2,2,b7a56873cd771f2c446d369b649430b65a756ba278ff97ec81bb6f55b2e73569
u02-s001-v008,question,optionAnalysis[2].reason,12,24,0c183197819378b61be4b696851475466e85728057f84ebce8032a84b32d62af
u02-s001-v008,question,optionAnalysis[3].choice,2,2,f5ca38f748a1d6eaf726b8a42fb575c3c71f1864a8143301782de13da2d9202b
u02-s001-v008,question,optionAnalysis[3].reason,12,24,73ab2b99b26893a6befca724212811a0fe76ec9808566011df50ad4b39ab3d54
u02-s001-v008,question,commonMistake,11,33,0effb55b56d75f42458952841a39a969eaf1f9e3969ed198e61af05a845eb805
u02-s001-v008,question,concept,14,42,3b54694c25b08fb2b8cb563098941314cefbbe37e07e43e253abdb17082155af
u02-s001-v008,question,tags[0],3,9,fd41540cbdbecb9b5fa7116d27c68e378548ab62ab7c7ca4494730a81ea87667
u02-s001-v008,question,tags[1],5,15,0687cd45d04b89e421d0e452ae1779568c0e281303b18f791294bd3cacbb370f
u02-s001-v008,question,tags[2],8,8,d21f85ea38166303ce58e06134b5cc4a5c900c409ab2a500ff7c9225109a09bb
u02-s001-v008,question,estimatedTimeSec,2,2,39fa9ec190eee7b6f4dff1100d6343e10918d044c75eac8f9e9a2596173f80c9
u02-s001-v008,question,authoringIntent,10,30,bdb91bd91c6056a9b69f0bc0761fc06bccceea401ad06c64079b9310399c2c02
u02-s001-v008,question,reviewStatus,22,22,ec809598e2f7fcc69fad54c9cd045bba62b4a0dc7c0ff90d4efdc3788c9ad8fb
u02-s001-v008,question,contentSha256,64,64,4b4f1fa03d39fff52ff61281da3bc7e40a0b5b134c76543ba68aed153e6ec047
u02-s001-v008,question,contentAuthority,25,25,ed40f75ffe3d6ad4e71f6e7919d063410490de360edb425965eccd605ca9d79e
u02-s001-v009,question,questionId,13,13,461643b135524516df0292c61c70b430c0fa5be2c5e8b7286d378e6c1c97d2fc
u02-s001-v009,question,unitId,3,3,95b6504a8bd60df3a9a19ef2c504ac03429b325e9b81f0d701d07bdf6def6afb
u02-s001-v009,question,topicId,11,11,6f58a76cc1c202fbf60a6add57c6c99044e1e3af47cd9e0d4b5f88b1665e3020
u02-s001-v009,question,skillId,24,24,1eda19f7e2480bd4624c29c38090bb1083c9a7f41fb955b8b916d455426e7632
u02-s001-v009,question,difficulty,8,8,d21f85ea38166303ce58e06134b5cc4a5c900c409ab2a500ff7c9225109a09bb
u02-s001-v009,question,type,2,2,6bc0f9c4ecb0acbebf1b9f6c816bdd66f4885f67c917d9e141cf893014fba936
u02-s001-v009,question,visualMode,9,9,9c7d54b0bf7a9369d8594201c7b11955514343809d09fbec33966c1fd9794015
u02-s001-v009,question,sourceScope,19,19,a4b669ddb8ef1883391c07a7b633f12eeaeecee7ec37c09eea4931aff6644346
u02-s001-v009,question,text,38,86,b6d5dc3b16266cb92050e0a454f4c2f42a1e979c2f495c687aebd0e2e2f61ba9
u02-s001-v009,question,choices[0],2,2,39fa9ec190eee7b6f4dff1100d6343e10918d044c75eac8f9e9a2596173f80c9
u02-s001-v009,question,choices[1],2,2,1a6562590ef19d1045d06c4055742d38288e9e6dcd71ccde5cee80f1d5a774eb
u02-s001-v009,question,choices[2],2,2,2fca346db656187102ce806ac732e06a62df0dbb2829e511a770556d398e1a6e
u02-s001-v009,question,choices[3],2,2,108c995b953c8a35561103e2014cf828eb654a99e310f87fab94c2f4b7d2a04f
u02-s001-v009,question,explanation,59,133,62f7344458054d11da025d0ebfde90101fe80fb843c010bdcc7fe8c564f99585
u02-s001-v009,question,steps[0],24,52,5ce618ebc362fb3f774b9dde794f222c42529491cbc09e5033df2f26e042e977
u02-s001-v009,question,steps[1],15,25,f25229d941855e3e0c6bb6c6343a51669d2a7f6d7bcfbc5e65e80a3fcf94902b
u02-s001-v009,question,optionAnalysis[0].choice,2,2,39fa9ec190eee7b6f4dff1100d6343e10918d044c75eac8f9e9a2596173f80c9
u02-s001-v009,question,optionAnalysis[0].reason,13,17,1ac03b93e5cb858cd1a1ea02fe6dc7fc9b9f854fb85b622b26dfbafd99f95b91
u02-s001-v009,question,optionAnalysis[1].choice,2,2,1a6562590ef19d1045d06c4055742d38288e9e6dcd71ccde5cee80f1d5a774eb
u02-s001-v009,question,optionAnalysis[1].reason,12,24,20a15c066f779b2066cf6e178f2251bbf95e9f12098c4b8df0ea4692cf5771cb
u02-s001-v009,question,optionAnalysis[2].choice,2,2,2fca346db656187102ce806ac732e06a62df0dbb2829e511a770556d398e1a6e
u02-s001-v009,question,optionAnalysis[2].reason,12,24,85abda9840935e8ff45fb6316dfbcdaf6284c2b6946c8328f694e2abc30fce9b
u02-s001-v009,question,optionAnalysis[3].choice,2,2,108c995b953c8a35561103e2014cf828eb654a99e310f87fab94c2f4b7d2a04f
u02-s001-v009,question,optionAnalysis[3].reason,12,24,01b2a34df2045c9376d16e5ff38441635eb0916e46e055ad300462709c37127e
u02-s001-v009,question,commonMistake,22,54,2dccc8d4e1b4d56e7430e634e45586993077eb5e6cf11ebd3faa48b855582f30
u02-s001-v009,question,concept,16,48,8a9f54fa4a243d2c2903d329a916648d2853d2ecccef0b8fd6d4861cc8ecf2e2
u02-s001-v009,question,tags[0],3,9,fd41540cbdbecb9b5fa7116d27c68e378548ab62ab7c7ca4494730a81ea87667
u02-s001-v009,question,tags[1],5,15,0687cd45d04b89e421d0e452ae1779568c0e281303b18f791294bd3cacbb370f
u02-s001-v009,question,tags[2],8,8,d21f85ea38166303ce58e06134b5cc4a5c900c409ab2a500ff7c9225109a09bb
u02-s001-v009,question,estimatedTimeSec,2,2,39fa9ec190eee7b6f4dff1100d6343e10918d044c75eac8f9e9a2596173f80c9
u02-s001-v009,question,authoringIntent,10,30,b4b591db910ed55bbb570c4b8e10e87bff50cd7e2f975ecf57473ac0b328ff06
u02-s001-v009,question,reviewStatus,22,22,ec809598e2f7fcc69fad54c9cd045bba62b4a0dc7c0ff90d4efdc3788c9ad8fb
u02-s001-v009,question,contentSha256,64,64,a488e70cb5267943e88d12b318b9bf24794d1b013045de165eb6f784379fbb41
u02-s001-v009,question,contentAuthority,25,25,ed40f75ffe3d6ad4e71f6e7919d063410490de360edb425965eccd605ca9d79e
u02-s001-v010,question,questionId,13,13,51e0b90101ebca0432052b4faf12e15e9c5b8668d949d9efb340b44d6c8fbb16
u02-s001-v010,question,unitId,3,3,95b6504a8bd60df3a9a19ef2c504ac03429b325e9b81f0d701d07bdf6def6afb
u02-s001-v010,question,topicId,11,11,6f58a76cc1c202fbf60a6add57c6c99044e1e3af47cd9e0d4b5f88b1665e3020
u02-s001-v010,question,skillId,24,24,1eda19f7e2480bd4624c29c38090bb1083c9a7f41fb955b8b916d455426e7632
u02-s001-v010,question,difficulty,8,8,578756ca4aa16d8872610a5aaa78460fd30fbe93379ff7284fe65d66ca606755
u02-s001-v010,question,type,2,2,6bc0f9c4ecb0acbebf1b9f6c816bdd66f4885f67c917d9e141cf893014fba936
u02-s001-v010,question,visualMode,9,9,9c7d54b0bf7a9369d8594201c7b11955514343809d09fbec33966c1fd9794015
u02-s001-v010,question,sourceScope,19,19,a4b669ddb8ef1883391c07a7b633f12eeaeecee7ec37c09eea4931aff6644346
u02-s001-v010,question,text,41,115,e0aaa692b865eed63e49bac2afd5df4e761a93112fe7ec6c635c4902ab1fa8a1
u02-s001-v010,question,choices[0],3,5,1c968277d390cd5decce9c3273414edb98f5966850d1b876505b63f289eccf38
u02-s001-v010,question,choices[1],4,6,83ac36e9382e4332aba9c033c140d266d7f7dc77657f65c87799958529ac7ccb
u02-s001-v010,question,choices[2],3,5,f9e0d1fe853ba036a500f4ea846136b90e3240f32dff21f1386d1751b22222a7
u02-s001-v010,question,choices[3],4,6,2d71596deab45865db37d83e8caf9801f37dead7441dde94bfb43cbfcf8cadd3
u02-s001-v010,question,explanation,56,135,b5ecf048dc22a57cac306831d4e9d62478c1b4c49f98f921516825e1915a3ec7
u02-s001-v010,question,steps[0],12,28,815c0c89372c5a2c3380d8aa06c170479be564d60c1ad3e67820367e6dfc5da4
u02-s001-v010,question,steps[1],22,47,22b90a447217b63dd8f3deeea14168b693d9d93f3e5ee4a9fa808ddcc584c9fb
u02-s001-v010,question,optionAnalysis[0].choice,3,5,1c968277d390cd5decce9c3273414edb98f5966850d1b876505b63f289eccf38
u02-s001-v010,question,optionAnalysis[0].reason,11,20,26cd8bf527843d4df23f85374cc1ce6f180ad572c12a2fd6767a2d98c94d08e4
u02-s001-v010,question,optionAnalysis[1].choice,4,6,83ac36e9382e4332aba9c033c140d266d7f7dc77657f65c87799958529ac7ccb
u02-s001-v010,question,optionAnalysis[1].reason,16,29,5d192d683d3bfa366de7a0ffdeeebfd1f830021055803a036abf775555b88a08
u02-s001-v010,question,optionAnalysis[2].choice,3,5,f9e0d1fe853ba036a500f4ea846136b90e3240f32dff21f1386d1751b22222a7
u02-s001-v010,question,optionAnalysis[2].reason,10,19,1c675df8b2b7fd71acd7a43b8d2043d950eade5c09f5a402654a007afc321fc7
u02-s001-v010,question,optionAnalysis[3].choice,4,6,2d71596deab45865db37d83e8caf9801f37dead7441dde94bfb43cbfcf8cadd3
u02-s001-v010,question,optionAnalysis[3].reason,11,20,eda4c12b1cf76d13f9a6e87957174420f8d6f1a242a86f27c89bef9c10010493
u02-s001-v010,question,commonMistake,15,45,d88fcba4f5cf512e7dd617e89cc22219499dcd5859467bb34dcce0d5ff353941
u02-s001-v010,question,concept,13,39,bf4c53342400d2daec5f5caba3007e52fe256ce9834218379db9ff765f36aaee
u02-s001-v010,question,tags[0],3,9,fd41540cbdbecb9b5fa7116d27c68e378548ab62ab7c7ca4494730a81ea87667
u02-s001-v010,question,tags[1],5,15,0687cd45d04b89e421d0e452ae1779568c0e281303b18f791294bd3cacbb370f
u02-s001-v010,question,tags[2],8,8,578756ca4aa16d8872610a5aaa78460fd30fbe93379ff7284fe65d66ca606755
u02-s001-v010,question,estimatedTimeSec,2,2,39fa9ec190eee7b6f4dff1100d6343e10918d044c75eac8f9e9a2596173f80c9
u02-s001-v010,question,authoringIntent,11,33,50c7a98d5772d3c56fabcb8f765726aa8886d6bf0e1a1ae0743a1dec180bfd1a
u02-s001-v010,question,literacyContextNecessity,45,127,3ad11bdc58c9a216a0a9b9dfe66cd9cbc370b3c6f115b28f828ed43067a2d0b1
u02-s001-v010,question,reviewStatus,22,22,ec809598e2f7fcc69fad54c9cd045bba62b4a0dc7c0ff90d4efdc3788c9ad8fb
u02-s001-v010,question,contentSha256,64,64,56afe08af121b001bd4b5eae8abc8bd6e40e0c916680090725cd304746f6a11b
u02-s001-v010,question,contentAuthority,25,25,ed40f75ffe3d6ad4e71f6e7919d063410490de360edb425965eccd605ca9d79e
u02-s001-v011,question,questionId,13,13,6573aac7c41393ec3a9a3a7420a7e5372185df25710397f9a1e766836aad23e8
u02-s001-v011,question,unitId,3,3,95b6504a8bd60df3a9a19ef2c504ac03429b325e9b81f0d701d07bdf6def6afb
u02-s001-v011,question,topicId,11,11,6f58a76cc1c202fbf60a6add57c6c99044e1e3af47cd9e0d4b5f88b1665e3020
u02-s001-v011,question,skillId,24,24,1eda19f7e2480bd4624c29c38090bb1083c9a7f41fb955b8b916d455426e7632
u02-s001-v011,question,difficulty,8,8,578756ca4aa16d8872610a5aaa78460fd30fbe93379ff7284fe65d66ca606755
u02-s001-v011,question,type,2,2,6bc0f9c4ecb0acbebf1b9f6c816bdd66f4885f67c917d9e141cf893014fba936
u02-s001-v011,question,visualMode,9,9,9c7d54b0bf7a9369d8594201c7b11955514343809d09fbec33966c1fd9794015
u02-s001-v011,question,sourceScope,19,19,a4b669ddb8ef1883391c07a7b633f12eeaeecee7ec37c09eea4931aff6644346
u02-s001-v011,question,text,39,109,40f8dfe85a05faf312a0df278ec3230863014ba47045d78a40f605b65d7d41a0
u02-s001-v011,question,choices[0],4,8,edf688b60a972ba77dc0f65f6b319040be1a55c0293bb90d3724ad7db8230a57
u02-s001-v011,question,choices[1],4,8,934e327be065dac1ea7a684daefce1b71895597817432eb146384402e2ec3b1c
u02-s001-v011,question,choices[2],4,8,58714dee8a2084c1123854d959c71dcb3d60c2d7c47d2d96571d09ba402e2133
u02-s001-v011,question,choices[3],5,9,1c69aa5624cdfe39acba56feee20a11535d0ab88e445954c514789d4d27a0ef1
u02-s001-v011,question,explanation,48,119,082000312d22dcb0cc208f65caefb6f0ab4444609cdbdda172d29a660dac7fcb
u02-s001-v011,question,steps[0],14,34,bcf1244e239bd36b45a215a7b6e57a40e9ae96442381d6a8da3856095fb734bb
u02-s001-v011,question,steps[1],12,23,fa674767ff68150e76382a0fa71254663329a1fa6a9395342881dbb0e4fadfd3
u02-s001-v011,question,optionAnalysis[0].choice,4,8,edf688b60a972ba77dc0f65f6b319040be1a55c0293bb90d3724ad7db8230a57
u02-s001-v011,question,optionAnalysis[0].reason,9,18,b6ca351f5cf9cff173474f1d64223d1ed129dbf69eae00b3d75794ab7c8f575a
u02-s001-v011,question,optionAnalysis[1].choice,4,8,934e327be065dac1ea7a684daefce1b71895597817432eb146384402e2ec3b1c
u02-s001-v011,question,optionAnalysis[1].reason,9,18,35a5ac0478ca3671486c036cf3bc18c5e584144b4630b636d4902e52ba1810ce
u02-s001-v011,question,optionAnalysis[2].choice,4,8,58714dee8a2084c1123854d959c71dcb3d60c2d7c47d2d96571d09ba402e2133
u02-s001-v011,question,optionAnalysis[2].reason,8,11,b9b00459c5e7997bfa0e89dd4c46448b91214d54a2fe7441889447356c2a0a40
u02-s001-v011,question,optionAnalysis[3].choice,5,9,1c69aa5624cdfe39acba56feee20a11535d0ab88e445954c514789d4d27a0ef1
u02-s001-v011,question,optionAnalysis[3].reason,10,19,3f673e2dfb617e7f34dd774fc353f26d4ac95d8f882ca4dc532a94d78e32c55e
u02-s001-v011,question,commonMistake,11,33,64fbd8f0b8f5b2a9d27f385a327ac557a65830f4160f5d50e8a53b47c84a7a32
u02-s001-v011,question,concept,14,42,25b53f83d0e013a85198940be65a1223e9ddf5ec1a7944791b95870023df3078
u02-s001-v011,question,tags[0],3,9,fd41540cbdbecb9b5fa7116d27c68e378548ab62ab7c7ca4494730a81ea87667
u02-s001-v011,question,tags[1],5,15,0687cd45d04b89e421d0e452ae1779568c0e281303b18f791294bd3cacbb370f
u02-s001-v011,question,tags[2],8,8,578756ca4aa16d8872610a5aaa78460fd30fbe93379ff7284fe65d66ca606755
u02-s001-v011,question,estimatedTimeSec,2,2,39fa9ec190eee7b6f4dff1100d6343e10918d044c75eac8f9e9a2596173f80c9
u02-s001-v011,question,authoringIntent,10,30,6ccf069f149b1133c5b5efeb8436a02846b56084f77725ab0af3658844d525cd
u02-s001-v011,question,literacyContextNecessity,34,102,951393181dc9cda3d9f157bcbdeb10f7093c6777b49523a72ad946ced9d100a2
u02-s001-v011,question,reviewStatus,22,22,ec809598e2f7fcc69fad54c9cd045bba62b4a0dc7c0ff90d4efdc3788c9ad8fb
u02-s001-v011,question,contentSha256,64,64,1484a1052b5b41665c2a02adc2e45f121f4be29a06a5e8d2d74b1ed4db1fb633
u02-s001-v011,question,contentAuthority,25,25,ed40f75ffe3d6ad4e71f6e7919d063410490de360edb425965eccd605ca9d79e
u02-s001-v012,question,questionId,13,13,767e28965461e826bc24dfbe75edbcd2713f1f153f011441194fa91647936157
u02-s001-v012,question,unitId,3,3,95b6504a8bd60df3a9a19ef2c504ac03429b325e9b81f0d701d07bdf6def6afb
u02-s001-v012,question,topicId,11,11,6f58a76cc1c202fbf60a6add57c6c99044e1e3af47cd9e0d4b5f88b1665e3020
u02-s001-v012,question,skillId,24,24,1eda19f7e2480bd4624c29c38090bb1083c9a7f41fb955b8b916d455426e7632
u02-s001-v012,question,difficulty,8,8,578756ca4aa16d8872610a5aaa78460fd30fbe93379ff7284fe65d66ca606755
u02-s001-v012,question,type,2,2,6bc0f9c4ecb0acbebf1b9f6c816bdd66f4885f67c917d9e141cf893014fba936
u02-s001-v012,question,visualMode,9,9,9c7d54b0bf7a9369d8594201c7b11955514343809d09fbec33966c1fd9794015
u02-s001-v012,question,sourceScope,19,19,a4b669ddb8ef1883391c07a7b633f12eeaeecee7ec37c09eea4931aff6644346
u02-s001-v012,question,text,40,102,612cb670131846c2110f9f681c45312bfe19a329b76adfec8761c872f324fe2c
u02-s001-v012,question,choices[0],4,6,e26cb456005f623482bad583385ed0508d5039a79fc4ef9b9205ea76bc4a66a0
u02-s001-v012,question,choices[1],4,6,92eeaa81069688a99e6eb4db0b38663928e3d0b498216b4758182319063efea4
u02-s001-v012,question,choices[2],4,6,5590f872e757d0d3fcf68740a5a1daae048c95ca7ff6e7fda1e2acb98d7afe94
u02-s001-v012,question,choices[3],4,6,213270f73fe2191a0f4b9dbc8edb593610bb2ba276ac4cb0ffa59eaf3dbcd07b
u02-s001-v012,question,explanation,51,108,66ebfcedb50caaf2bb53f7201aec46af0cf3842baa0db63842c233cd5f84bd83
u02-s001-v012,question,steps[0],9,10,9baac3df100036d27c31151be4121374482803c1bd31429bed2c75e92f663ed2
u02-s001-v012,question,steps[1],20,38,8810f0224fc1641b0dd0e664e1a75ea966dbb4e0243b0e97f4a8ce14ef9960a3
u02-s001-v012,question,optionAnalysis[0].choice,4,6,e26cb456005f623482bad583385ed0508d5039a79fc4ef9b9205ea76bc4a66a0
u02-s001-v012,question,optionAnalysis[0].reason,15,22,9bf77f80f3ef1145f63da06eb4f4b2126510c0728cd68fcff85d90a3e92bf063
u02-s001-v012,question,optionAnalysis[1].choice,4,6,92eeaa81069688a99e6eb4db0b38663928e3d0b498216b4758182319063efea4
u02-s001-v012,question,optionAnalysis[1].reason,15,22,6e92f2d55d1af9ea35d1ab1dc7bd55a821466804841ae02a070e1f62a5c3ad0c
u02-s001-v012,question,optionAnalysis[2].choice,4,6,5590f872e757d0d3fcf68740a5a1daae048c95ca7ff6e7fda1e2acb98d7afe94
u02-s001-v012,question,optionAnalysis[2].reason,13,22,22300c12a722a934654c6bd0f76e8006600fed505efb2802367ebe20eb7e56c7
u02-s001-v012,question,optionAnalysis[3].choice,4,6,213270f73fe2191a0f4b9dbc8edb593610bb2ba276ac4cb0ffa59eaf3dbcd07b
u02-s001-v012,question,optionAnalysis[3].reason,10,13,bbccdfc86c1cec0f0234bbc40375fc7a6c419bb95dd342dd7d227ef77fd204a1
u02-s001-v012,question,commonMistake,19,57,ba7ce38812dd4142ba62e419c8bd33bbcaeedd0b54247a25e63239af3444e3b6
u02-s001-v012,question,concept,20,60,416e4126e113f369136626863bdecbf207f9fbaa22f140beb3405601833f0305
u02-s001-v012,question,tags[0],3,9,fd41540cbdbecb9b5fa7116d27c68e378548ab62ab7c7ca4494730a81ea87667
u02-s001-v012,question,tags[1],5,15,0687cd45d04b89e421d0e452ae1779568c0e281303b18f791294bd3cacbb370f
u02-s001-v012,question,tags[2],8,8,578756ca4aa16d8872610a5aaa78460fd30fbe93379ff7284fe65d66ca606755
u02-s001-v012,question,estimatedTimeSec,2,2,39fa9ec190eee7b6f4dff1100d6343e10918d044c75eac8f9e9a2596173f80c9
u02-s001-v012,question,authoringIntent,10,30,a6519c7b92a488beee33360d01860429d990197198ddae1c00b1d5ff67f79a9d
u02-s001-v012,question,literacyContextNecessity,38,96,f43b500f42fb7ee9e2fa555defc356785fdccbb319c7c8b70a68127fd1a7d93b
u02-s001-v012,question,reviewStatus,22,22,ec809598e2f7fcc69fad54c9cd045bba62b4a0dc7c0ff90d4efdc3788c9ad8fb
u02-s001-v012,question,contentSha256,64,64,dd0209e8c8dcbe870ceeefa1dca21337c53204eaf9cd230e3b87f34274982f2f
u02-s001-v012,question,contentAuthority,25,25,ed40f75ffe3d6ad4e71f6e7919d063410490de360edb425965eccd605ca9d79e
u02-s001-cr001,question,questionId,14,14,e8ea3e03c81e49a0acf0b4fa8e5746357f600375c17b77163cf7efd53ba2b710
u02-s001-cr001,question,unitId,3,3,95b6504a8bd60df3a9a19ef2c504ac03429b325e9b81f0d701d07bdf6def6afb
u02-s001-cr001,question,topicId,11,11,6f58a76cc1c202fbf60a6add57c6c99044e1e3af47cd9e0d4b5f88b1665e3020
u02-s001-cr001,question,skillId,24,24,1eda19f7e2480bd4624c29c38090bb1083c9a7f41fb955b8b916d455426e7632
u02-s001-cr001,question,difficulty,8,8,fe6d3468cf5c74d8ec2a95b40f2e05338c37a4202f8fad692d2b64a9cf9b468a
u02-s001-cr001,question,type,20,20,e519496c259191db041ac61161dbfadb673dd94a10a123ed7423adcf7968ae7c
u02-s001-cr001,question,visualMode,9,9,9c7d54b0bf7a9369d8594201c7b11955514343809d09fbec33966c1fd9794015
u02-s001-cr001,question,prompt,26,70,226989ef23fa25d3625d4c89f70a94593e7f9d18a2e25b79c0125f51f5a3ee77
u02-s001-cr001,question,requiredWork[0],10,30,fb410b3e2dc7fcebcca6e1fa96146e7c4ce834d97051087517e3cf7efb889075
u02-s001-cr001,question,requiredWork[1],11,33,0bea8e18f0a6e41002513a6540632d12f5f87273f093519c7ebc2dbd55cd9c6e
u02-s001-cr001,question,requiredWork[2],11,33,b772e9f4a556f85694ccd38d214bf6b8846a1e7bd8b33ef6a7827aa602a327df
u02-s001-cr001,question,fullCreditSolution[0],29,54,88665c2469b49e29095ead73968f0d06eeb5088d06873036d207c51a480c7bb3
u02-s001-cr001,question,fullCreditSolution[1],30,62,e257733e437a69f5dc38882a391dc77c35df811e7adb899a1b8793cab2fcbe9f
u02-s001-cr001,question,fullCreditSolution[2],41,115,e09e144517cc6b647c582f1c0bafe31f7bb8484d09d24ede3e899b17935ca2f0
u02-s001-cr001,question,alternativeSolutions[0],24,64,29efb06ba644af654c5a3fa833fc6fc30ab4d231b6ae8cdea77a5df5cb2fa3be
u02-s001-cr001,question,rubric[0].criteria,19,55,4fbac21e40f3ecc36075b06c6e26ac0899f6ff414b887ab1350bac8d995380f2
u02-s001-cr001,question,rubric[1].criteria,13,39,149776f8dbf957edb323c75a962d3557434fa712aab0a8ee903fabc42ad24cb5
u02-s001-cr001,question,rubric[2].criteria,18,54,7f4882d76b8f2917de3c250be9ed91aa54c9738c6378dd480e67fba8e04dea83
u02-s001-cr001,question,rubric[3].criteria,15,41,51ede2fcad23a9607ecf2cab8503d489ac3c494baae24ae32283343c213885b7
u02-s001-cr001,question,scoringNotes[0],10,30,8e9797e42cd363e323e2750c3161b181e42b10999a39067d441a251749e30df8
u02-s001-cr001,question,scoringNotes[1],14,42,b7f1c908fd3459ffcc0f35075829588d5f72bea292d66d5688210d9414671b59
u02-s001-cr001,question,commonErrors[0],7,17,93895ba9e6fb547884149bb278ee236538716d9b3dd3ad7f3bce2de0d8031f35
u02-s001-cr001,question,commonErrors[1],7,19,c967659865d386767f7fa498eade904d4b68be599520e7d1b3da712f25aee40b
u02-s001-cr001,question,commonErrors[2],7,21,92da1ba1688519c8debef9393365ed80bb0e3d9beb94940e6f0d4eaa91c5d2a1
u02-s001-cr001,question,independentReview.derivedResult,24,44,2000c56399e5113b6073ec4644db75e32012ab91292e39d6106bff58b8110e37
u02-s001-cr001,question,independentReview.ambiguity,13,39,a002cc7730a51394b314637b0319ebef4fcc15c200e373b3295a24c89981de0a
u02-s001-cr001,question,independentReview.decision,4,4,d74ff0ee8da3b9806b18c877dbf29bbde50b5bd8e4dad7a3a725000feb82e8f1
u02-s001-cr001,question,contentSha256,64,64,90ce0cba7d0952eaae60120f179805f6f466175aa7f229dbac72cf29f84d6429
u02-s001-cr001,question,contentAuthority,25,25,ed40f75ffe3d6ad4e71f6e7919d063410490de360edb425965eccd605ca9d79e
u02-s001-cr002,question,questionId,14,14,2826d6e7802fd712b824b1ea6c5f0157ff6127945b5ae37644621c73d1506ba5
u02-s001-cr002,question,unitId,3,3,95b6504a8bd60df3a9a19ef2c504ac03429b325e9b81f0d701d07bdf6def6afb
u02-s001-cr002,question,topicId,11,11,6f58a76cc1c202fbf60a6add57c6c99044e1e3af47cd9e0d4b5f88b1665e3020
u02-s001-cr002,question,skillId,24,24,1eda19f7e2480bd4624c29c38090bb1083c9a7f41fb955b8b916d455426e7632
u02-s001-cr002,question,difficulty,8,8,d21f85ea38166303ce58e06134b5cc4a5c900c409ab2a500ff7c9225109a09bb
u02-s001-cr002,question,type,20,20,e519496c259191db041ac61161dbfadb673dd94a10a123ed7423adcf7968ae7c
u02-s001-cr002,question,visualMode,9,9,9c7d54b0bf7a9369d8594201c7b11955514343809d09fbec33966c1fd9794015
u02-s001-cr002,question,prompt,41,93,12547b73c59a32f1de3c222df52cae105a426db7977623bc7182127a03452803
u02-s001-cr002,question,requiredWork[0],13,33,a50e93ef5e4362a74128cc7b4dc9ca9e6a72d02c8f2bb7840b4fffb9d23834fe
u02-s001-cr002,question,requiredWork[1],13,35,bbeb54452b4bbfb1570a9e005735a17d505f8e5d5feab5b30ddbed0aa0fd65a0
u02-s001-cr002,question,requiredWork[2],10,30,6045a08c99d90db6ce064862e06fe57a2bd3172b25a0a487ff46c5bfd938fcf9
u02-s001-cr002,question,fullCreditSolution[0],14,34,81bc152a63e3c92dfb61e865f0d9749580d76e128669513753d5e211c024c3f1
u02-s001-cr002,question,fullCreditSolution[1],20,50,4573f325a93df187063825ac03a13ba962438c79c5933c2269576082557d1120
u02-s001-cr002,question,fullCreditSolution[2],18,38,94f5d7f8691b4812fa67bbf19ca116e980724cf6810703236da9a92a214db19e
u02-s001-cr002,question,alternativeSolutions[0],15,41,c4a839d04b591fcc356275e1846ebefbdb3435b04d71225326cf9cd2c8b61df5
u02-s001-cr002,question,rubric[0].criteria,20,48,755712efb6decf1505b533a93e333b4a3fdb74bbac9c9d28b2f43a66bcf6053f
u02-s001-cr002,question,rubric[1].criteria,16,48,db55e13f8554572bc0d4215cc66e1634115d5ce8e5a3fd9c9feef0bb84cff111
u02-s001-cr002,question,rubric[2].criteria,19,57,03ae472d71a09afb5d0aab22f2593c2c28e8873ae6dc251736484238e68a4767
u02-s001-cr002,question,rubric[3].criteria,16,44,c9c2f6f0056a5d4187f559b741bd31f7ad488eb2d6ff34390f23202355d7b10f
u02-s001-cr002,question,scoringNotes[0],9,23,9d1335e484ee9cbd970f947a854e3c35f723fa441c03e4b1e1abd54d868416eb
u02-s001-cr002,question,scoringNotes[1],15,43,0fc498a996b18a89aa2b0707ba1c2a80197d4eace95d20c035829fb4e37ebb8d
u02-s001-cr002,question,commonErrors[0],5,11,a0913f2e1d7b6dcc25e2a3a77f2454dff4da31840eb926bf9e62d7c8c436e4ad
u02-s001-cr002,question,commonErrors[1],5,11,5f668fc1ef2b94a2f9f5876d344e1902927c057b4e8646b92388152e14aac869
u02-s001-cr002,question,commonErrors[2],6,14,d8e8bf50aad61b730e1cb25f1630082e7c937fd860bb1f553358790f2586f123
u02-s001-cr002,question,independentReview.derivedResult,11,17,8cbf093a0213b1677a23886a56dba5d30a345815d0da203286004fb9e6466a03
u02-s001-cr002,question,independentReview.ambiguity,13,39,a002cc7730a51394b314637b0319ebef4fcc15c200e373b3295a24c89981de0a
u02-s001-cr002,question,independentReview.decision,4,4,d74ff0ee8da3b9806b18c877dbf29bbde50b5bd8e4dad7a3a725000feb82e8f1
u02-s001-cr002,question,contentSha256,64,64,8f772644c05b9fa7b505e09ea77c7a03ac5aff0d97a91b965a962fdc442a4917
u02-s001-cr002,question,contentAuthority,25,25,ed40f75ffe3d6ad4e71f6e7919d063410490de360edb425965eccd605ca9d79e
u02-s002-lecture-r1,lecture,lectureId,19,19,306f1f8ad1604564942ea0abe03d00b118e45667435e0892aadaa1e9c567ce26
u02-s002-lecture-r1,lecture,unitId,3,3,95b6504a8bd60df3a9a19ef2c504ac03429b325e9b81f0d701d07bdf6def6afb
u02-s002-lecture-r1,lecture,topicId,11,11,6f58a76cc1c202fbf60a6add57c6c99044e1e3af47cd9e0d4b5f88b1665e3020
u02-s002-lecture-r1,lecture,skillId,24,24,ae819c1ad6847a500ae0c6f6cb9dc4153835dced5391ed6eeb9fa8589795e65b
u02-s002-lecture-r1,lecture,title,18,54,5285e5962ad366ce94b0a5207a31e72cfcb76b527bd568a8a02811712d03d5bf
u02-s002-lecture-r1,lecture,audience,10,30,e6b4416fbd9f36797de01256b31a4d6f6314e126fde8495e25792c814f64fc5f
u02-s002-lecture-r1,lecture,reviewStatus,22,22,ec809598e2f7fcc69fad54c9cd045bba62b4a0dc7c0ff90d4efdc3788c9ad8fb
u02-s002-lecture-r1,lecture,learningOutcomes[0],14,40,caab034a0a42ba32245b80551a7801a203c52a2444c1b2873ff2ee2a4fac5e7a
u02-s002-lecture-r1,lecture,learningOutcomes[1],18,54,91d0e6d43a81b9de054488e3ad3b2534a1b2abeacfb9612313c68c67e4b903d5
u02-s002-lecture-r1,lecture,learningOutcomes[2],10,28,2d60a6fa1a1b32dab432ce2ec0d2c90d7da933be677075fa78d5bdd538b775a8
u02-s002-lecture-r1,lecture,learningOutcomes[3],13,39,7654f89e19936b3f888440cf9f2355d8708a9cb3f76b720d52357b1d19c6826f
u02-s002-lecture-r1,lecture,prerequisites[0].skillId,24,24,1eda19f7e2480bd4624c29c38090bb1083c9a7f41fb955b8b916d455426e7632
u02-s002-lecture-r1,lecture,prerequisites[0].requiredLevel,19,57,1514592982d6e76f4bea5864bf2fc21ec3fe88e9df504b75cae0d987a91c17d3
u02-s002-lecture-r1,lecture,glossary[0].term,2,6,99ce8c8cc9433bf360771516bb4aaa304576221e567c482db57c4165cfda00ed
u02-s002-lecture-r1,lecture,glossary[0].definition,19,53,a2f6058ecb8144abfb2b03d2b7e8947b356754a28c7afc2579cdf569ce05a102
u02-s002-lecture-r1,lecture,glossary[1].term,2,6,63bb936dceab425586950bb0ea2796310ef39a60601e098d8b9be2eb5f86172b
u02-s002-lecture-r1,lecture,glossary[1].definition,15,43,a7a5b90d1876bd5b82af4fca7b3bde985b6ac839bfc977411c00b0f3ff45f21a
u02-s002-lecture-r1,lecture,glossary[2].term,5,15,d1dbe255101a17ced3045b47c152563cc6f950494ea612ca3a6f884c98e1a808
u02-s002-lecture-r1,lecture,glossary[2].definition,13,37,2da4fa3b4ad518be0f813edaf50240eb4d89952ab0dd09351f5fe80ec490b739
u02-s002-lecture-r1,lecture,glossary[3].term,2,6,2d375ad4a93ecd29c23d5094f979f7aa1f9d76245f105d6cf63c2aba529ea841
u02-s002-lecture-r1,lecture,glossary[3].definition,14,42,1cf46fbca39ecff392a8357f3bb626ab9507fa951a748aebe4fff08d5d15632c
u02-s002-lecture-r1,lecture,notation[0].symbol,1,1,148de9c5a7a44d19e56cd9ae1a554bf67847afb0c58f6e12fa29ac7ddfca9940
u02-s002-lecture-r1,lecture,notation[0].meaning,8,24,b28e7747c6a1431dcce9a25bae385dd83a0db7d9d1c43b75fbf7afce1eb06817
u02-s002-lecture-r1,lecture,conceptNarrative[0],27,78,170a5e9917f0b245a16d3b30d35577aed8e1a34311faf9d04514758e1e81d014
u02-s002-lecture-r1,lecture,conceptNarrative[1],22,64,9393152eed8a91feaa7c73b73dfd2db000cf8a91237e05014ca58ad4346ce807
u02-s002-lecture-r1,lecture,conceptNarrative[2],22,62,fb26f96a46ced0a264227b247bfa2edb061c4de214472f6b8766c385c2e120f2
u02-s002-lecture-r1,lecture,conceptNarrative[3],26,74,dc29bc2ba89f9e9596e75482a4578e1f1bb2acd9c09bb93f9cbd424a5b465424
u02-s002-lecture-r1,lecture,formalDefinitions[0].name,2,6,99ce8c8cc9433bf360771516bb4aaa304576221e567c482db57c4165cfda00ed
u02-s002-lecture-r1,lecture,formalDefinitions[0].statement,15,43,80108b2e543df58ebbecf9331c209b1b65e8f2f644ed1c8606bd61b42f6488ae
u02-s002-lecture-r1,lecture,formalDefinitions[1].name,2,6,63bb936dceab425586950bb0ea2796310ef39a60601e098d8b9be2eb5f86172b
u02-s002-lecture-r1,lecture,formalDefinitions[1].statement,19,53,4575d6a3a2c134298869efd8005d916fe2e794e8cd494ce82459a822c962b8fb
u02-s002-lecture-r1,lecture,formalDefinitions[2].name,2,4,d4cec5db98ce1639623edf9465462eccd813a92fd4ed446632e5b827f06e1733
u02-s002-lecture-r1,lecture,formalDefinitions[2].statement,19,57,9d2accf53f7492c7dc9562d91fb09e78dca6254c6122c7702547064c947bdfa2
u02-s002-lecture-r1,lecture,nonApplicableCases[0],15,45,e4a5d49f5068a01bbe123b23fa632ba93370f5f28bfc329fb61bc6b2f51d42a6
u02-s002-lecture-r1,lecture,nonApplicableCases[1],16,48,169c4d9855cd89bbe0597613e100ca171ec09e3a7a44cf8b59ed5d193605c114
u02-s002-lecture-r1,lecture,nonApplicableCases[2],21,63,0b34ad004ecdd43176c2648b47063e120ccdbd77b1954d4c1996a6bdec1b74ee
u02-s002-lecture-r1,lecture,nonApplicableCases[3],9,23,e53071c363c4632d6640fae21f5a3b06475399831301795dd1c59f38061b52d0
u02-s002-lecture-r1,lecture,method[0].instruction,7,19,dee2ab4e967f45bcd96b72c55bdb8b75d0f9cff09d3d5cb1ca1830f8b8dc0ea5
u02-s002-lecture-r1,lecture,method[0].check,8,20,385b69560e07fcf1d72744be1ebaf902690c2297e474f3cd3ebb9f54a30ac5d3
u02-s002-lecture-r1,lecture,method[1].instruction,13,33,9021e8017938162dad5827784c959fb2d04a214635ab20cf6d5bfc64d941b5b9
u02-s002-lecture-r1,lecture,method[1].check,8,24,54724e1b7ff15320dceb12d2f38cc7b89c24cfa3f8f2849dd9c727367be65afc
u02-s002-lecture-r1,lecture,method[2].instruction,8,24,914e05ddc48a793986bb62bd465b937722d06702e0509d20997973d8a5b13bbc
u02-s002-lecture-r1,lecture,method[2].check,15,45,8fcbdbddbb41803ff6423293f456015b8ba5af861ad9225b67353c47d69c7644
u02-s002-lecture-r1,lecture,method[3].instruction,12,36,3d2855219354964f98794894614b5a868584cf0c17c29d63c38801b1a9ca6ea2
u02-s002-lecture-r1,lecture,method[3].check,15,43,f2d36a9564ae738f90fb798e3fa531af59809ca105f46efe9c23ef11aa9c0778
u02-s002-lecture-r1,lecture,method[4].instruction,8,24,8c096444e142d27d350b33cf78516194b6701e5ec8155e0d76127410ef052aab
u02-s002-lecture-r1,lecture,method[4].check,10,30,811474e240ed071f9f1aba92c9307170ed9f4a8bd13cb9dc123b757d41f691b1
u02-s002-lecture-r1,lecture,workedExamples[0].exampleId,2,2,dffe8596427fc50e8f64654a609af134d45552f18bbecef90b31135a9e7acaa0
u02-s002-lecture-r1,lecture,workedExamples[0].prompt,6,12,131bb2dd34630383bf47c80c5f15dcf3e2560e984bfa9ea20f6bf9a5a7c6a120
u02-s002-lecture-r1,lecture,workedExamples[0].solutionSteps[0],6,12,ef36ae94bca2464e9f1a2714535e7f8d40d75753d91771c9725384bc782aa1c9
u02-s002-lecture-r1,lecture,workedExamples[0].solutionSteps[1],16,36,d7218e77d136f0b551e43ac8a54163455fa7eaaf9ddd6f23b951f41df21df316
u02-s002-lecture-r1,lecture,workedExamples[0].answer,6,14,b2241fbf983ec0f1559026e88494124f11de698d9fe44a6df386f03c3eb8b918
u02-s002-lecture-r1,lecture,workedExamples[1].exampleId,2,2,d76354d8457898445bb69e0dc0dc95fb74cc3cf334f8c1859162a16ad0041f8d
u02-s002-lecture-r1,lecture,workedExamples[1].prompt,6,12,75cf50734b96174aab3d346f8fe06dac84cadc0a26d3c191a03d0c1ce688ec11
u02-s002-lecture-r1,lecture,workedExamples[1].solutionSteps[0],8,20,bdecfa02a486179946fae596247d363a6302be77371d9aa85b49c53ed9a7def9
u02-s002-lecture-r1,lecture,workedExamples[1].solutionSteps[1],16,29,94cf652c593e29042469dc3341339c87e097faeed07cc06eeba2690b0104777f
u02-s002-lecture-r1,lecture,workedExamples[1].answer,6,14,6608710e6e87772834e8ef2a62f51e33cfa4cd97912c799f5a14cd604f88ba14
u02-s002-lecture-r1,lecture,workedExamples[2].exampleId,2,2,842983de8fb1d277a3fad5c8295c7a14317c458718a10c5a35b23e7f992a5c80
u02-s002-lecture-r1,lecture,workedExamples[2].prompt,8,22,e5f68f01010f0d8315bcb9ffd0919ed361403ca46cb83ed033211b638dc4686b
u02-s002-lecture-r1,lecture,workedExamples[2].solutionSteps[0],11,27,12b69ff7d233f3a59a5729949d3a88e62a496b983dbcb29587b649a2f2171ad7
u02-s002-lecture-r1,lecture,workedExamples[2].solutionSteps[1],13,37,da47546130a2ec6825bb66b56a724355951444edd40b5b792b7b8ac8a296db39
u02-s002-lecture-r1,lecture,workedExamples[2].answer,8,22,c9878546f5f6e710b3afee73ebd6b395cc19f32b1bc6ff61b7302ac253e201e7
u02-s002-lecture-r1,lecture,workedExamples[3].exampleId,2,2,4a5a97c6433c4c062457e9335709d57493e75527809d8a9586c141e591ac9f2c
u02-s002-lecture-r1,lecture,workedExamples[3].prompt,20,54,a3b9721a911825fd9e3e9359bd154add0c109f358d6202feeb37c4dddaa01b1c
u02-s002-lecture-r1,lecture,workedExamples[3].solutionSteps[0],6,14,592ba24d69cf62824aae0d016633629c3fcf9e6a5b18dc66644a02d56da9bc3b
u02-s002-lecture-r1,lecture,workedExamples[3].solutionSteps[1],8,24,7ee672940e4646ea4c75e839e2182c2ae055c10c6c4598743ea0836d631814f5
u02-s002-lecture-r1,lecture,workedExamples[3].answer,3,9,e2ab0f2e6b0fc521110db248e1cfcc49e049ee2997585ff3480175acd86aae6b
u02-s002-lecture-r1,lecture,commonMistakes[0].mistake,7,19,bd9b5f650e3f609563271fcb4864d1b9668b8aa3954976516d322df037c11725
u02-s002-lecture-r1,lecture,commonMistakes[0].why,9,25,f3b817b2f1a88af047ff441dc0110887a60165708e9579e09717b3dce582422c
u02-s002-lecture-r1,lecture,commonMistakes[0].correction,18,52,5353a0635047888fb95d7243361b2beb1e05d60d38e0c08ecff206ef6b7e5d46
u02-s002-lecture-r1,lecture,commonMistakes[1].mistake,10,30,706c1c8b47b31159e3f83b24a83e7cc9506f56d221ff6cb2cbcf282f9c953458
u02-s002-lecture-r1,lecture,commonMistakes[1].why,11,27,e4761c33aae30461a378172884d988802ee2528c81c71bcd0836b7b483ac145b
u02-s002-lecture-r1,lecture,commonMistakes[1].correction,12,36,0c365ddf57c7131c56ea66026d1be0565ec549fed1799f88b63b6c4046b85e0b
u02-s002-lecture-r1,lecture,commonMistakes[2].mistake,7,19,50674ff972699788803009b512926010cbc50ad70760631e6c5bca79aaa7f18a
u02-s002-lecture-r1,lecture,commonMistakes[2].why,10,30,fc22a697439acf649781f1cfd094bace6eb163fc0908c0f1330e14e6dcc19519
u02-s002-lecture-r1,lecture,commonMistakes[2].correction,9,25,e48c006f6a45ff62fee632a5ddbd21d79fe25e783e4ba6ef20e186fb0a53133e
u02-s002-lecture-r1,lecture,commonMistakes[3].mistake,10,28,7e8db9b6b99fd9a796328d2e7e182b267db711974e399e4f188b1741e8edb73d
u02-s002-lecture-r1,lecture,commonMistakes[3].why,11,27,51b15225c6630792deb24e310b2357597f9117428793cf8858fc8fc220af5253
u02-s002-lecture-r1,lecture,commonMistakes[3].correction,7,21,500086649cd5663d35ab4bffeca7b7c8b9564f658a6d13d689cac798339d3852
u02-s002-lecture-r1,lecture,commonMistakes[4].mistake,9,27,5ac8fcb73e26a224f0c6e198be3cdb0b65ae6e15e54a13f10f324d59fb74fc20
u02-s002-lecture-r1,lecture,commonMistakes[4].why,12,36,3dfff1b8219bb427ac3e2a7717ae597d53c115d8159656647675ad87b6c21d0f
u02-s002-lecture-r1,lecture,commonMistakes[4].correction,18,52,222a3a631d229fcf2df61530930b6cf755786b3b6468f4b0b73b4296147d16c2
u02-s002-lecture-r1,lecture,commonMistakes[5].mistake,9,27,dec40fef87c114d93bbd82bfe0844b6008cdb0f993eb21c886645b9c652b26bc
u02-s002-lecture-r1,lecture,commonMistakes[5].why,10,30,06562896c762596053c3f9cc9bbad0bb9004a4f0cbf3158aac49cf24039f8b6c
u02-s002-lecture-r1,lecture,commonMistakes[5].correction,11,30,545bf4ae2ced32ef8d9083bdcb1eb15b1bed60fde4986f3cd44a146a31676c9d
u02-s002-lecture-r1,lecture,selfCheck[0],7,19,871ae5993640df0a3c791add0eea68edba5b72cd0b23652eaf0b64cc64b75a74
u02-s002-lecture-r1,lecture,selfCheck[1],10,30,614ab15e6d1bf6af96497bb1d1f62d8b448c9fe1e422d71d36d8f8273cd79837
u02-s002-lecture-r1,lecture,selfCheck[2],9,25,53a994926dc377f2a8294695f4b4b7e807d1309f637adeac7a347ded182e5908
u02-s002-lecture-r1,lecture,selfCheck[3],10,30,72fbea26008d627168bb3fdddcd693756b51b0ea8424a2bf38d818bd589bd270
u02-s002-lecture-r1,lecture,selfCheck[4],17,49,6a7f355e95edf60a28ed819e9852a01a5790c8c4a3cc52fd3067b2daabbd6116
u02-s002-lecture-r1,lecture,summary[0],10,30,f1fdf934ba18ee5c1cdf0d3d695c39d30b70eb8927e689924c3bdc775deb5a6f
u02-s002-lecture-r1,lecture,summary[1],17,49,0fd5b3fdfd1f52874f1328aef87901ff7e16a70b63c78640963bd0070bd05df6
u02-s002-lecture-r1,lecture,summary[2],10,28,b06ecf33009562b9fbc6d9e9f595fe184080c0415d1a67a9172b9e9f8e8c3876
u02-s002-lecture-r1,lecture,summary[3],8,22,c9878546f5f6e710b3afee73ebd6b395cc19f32b1bc6ff61b7302ac253e201e7
u02-s002-lecture-r1,lecture,connections.previous,44,82,b415fe01ddb67fab03b0595e3fd29e20bad2df3de17ebf4314cd4b8b077a1e32
u02-s002-lecture-r1,lecture,connections.next[0],16,48,f978d79de8f6684b25c6340c36241dcfd6b65a2d9ccd93e0e466d401e219a168
u02-s002-lecture-r1,lecture,connections.next[1],16,36,828e15047428ed087c8123a12ceb1e925c4c539cb6cca46f4cffec963dcade43
u02-s002-lecture-r1,lecture,practiceLinks.mcQuestionIds[0],13,13,072aef1ac10ad9ca57a79e968de4f22abe3a6ffdd0b395fbe1f391130a6fd856
u02-s002-lecture-r1,lecture,practiceLinks.mcQuestionIds[1],13,13,b3683fbe0e0b0db37f31827d83bdfeaad02e2248637958b7271acf3ea8c9db51
u02-s002-lecture-r1,lecture,practiceLinks.mcQuestionIds[2],13,13,0e0772ed70dbe049f5b8539b010717719ac32d790e09dc8ba79937e1a6abacb5
u02-s002-lecture-r1,lecture,practiceLinks.mcQuestionIds[3],13,13,ec6c7d6ae0dd77d6493ecc84188eb410c92b0b034c1ed321275076d67af8477c
u02-s002-lecture-r1,lecture,practiceLinks.mcQuestionIds[4],13,13,6fa96b5a0fd7bc044ccbb0e8f36cce01de803a082450b33398882dbe06b2fba7
u02-s002-lecture-r1,lecture,practiceLinks.mcQuestionIds[5],13,13,ec7e934b841fe040fe44b7c848d4907a7b41a2ab2f127481157f387e6c0d6983
u02-s002-lecture-r1,lecture,practiceLinks.mcQuestionIds[6],13,13,917e41943d0f0d02a97b7f8baaab12352355b29d719dd20e0a91459810a72809
u02-s002-lecture-r1,lecture,practiceLinks.mcQuestionIds[7],13,13,d75fecfc2ced846c5fd54685a0918d60e6f9c48a8fc89449b5c590f76381566a
u02-s002-lecture-r1,lecture,practiceLinks.mcQuestionIds[8],13,13,810760ec2c78f55a5119414275d08c3a6f1a6a3113cb39b121b74286c5fd107c
u02-s002-lecture-r1,lecture,practiceLinks.mcQuestionIds[9],13,13,f8ddc5ace0b37753c770623be794b0b5c1a8421abd05a487451dc871ddc4f792
u02-s002-lecture-r1,lecture,practiceLinks.mcQuestionIds[10],13,13,ca1f1f05e3cdda62e5d3e42916b5b56603c0338aef460edd77ed7388845ef2b9
u02-s002-lecture-r1,lecture,practiceLinks.mcQuestionIds[11],13,13,a2df3e5a4f337f1ce65daff6508ca2722da5109413a1971c7a2c57c7bd62c1e3
u02-s002-lecture-r1,lecture,practiceLinks.constructedResponseIds[0],14,14,312260e117dae7154f6e67c0ea662eda1717cca89e5a2d7390d809906c30f393
u02-s002-lecture-r1,lecture,practiceLinks.constructedResponseIds[1],14,14,f5d1e104b3b1eb9351152b1f2037969c6201090a7bdf028307e924e178c1f9e4
u02-s002-lecture-r1,lecture,lectureReview.mathematicalCorrectness,4,4,d74ff0ee8da3b9806b18c877dbf29bbde50b5bd8e4dad7a3a725000feb82e8f1
u02-s002-lecture-r1,lecture,lectureReview.zeroFoundationReadability,4,4,d74ff0ee8da3b9806b18c877dbf29bbde50b5bd8e4dad7a3a725000feb82e8f1
u02-s002-lecture-r1,lecture,lectureReview.scopeCheck,21,21,fdf8268f0373301b2fcc6331f1d8999b8aabea69681e8bc972ab9a21216a7606
u02-s002-lecture-r1,lecture,lectureReview.reviewNote,53,143,fafdfff15e0e7423aa9ba19a354e5a8ce2377a444ecccd0ad9d140fc2ab3efea
u02-s002-lecture-r1,lecture,lectureReview.reviewVersion,25,25,d778dfb0b9da1de52a9e6d141e13b5f20b33f0779b3da3dad22096cd927b9411
u02-s002-lecture-r1,lecture,lectureReview.reviewedAt,10,10,14158d45727526145ef514139eeb669eb54d613dbcffe524f099dbb71c9d8b08
u02-s002-lecture-r1,lecture,contentSha256,64,64,e96100d73899157225bfc3702a5a6e14ebe117b6ea2ca716176f694cd73d56f4
u02-s002-lecture-r1,lecture,contentAuthority,25,25,ed40f75ffe3d6ad4e71f6e7919d063410490de360edb425965eccd605ca9d79e
u02-s002-v001,question,questionId,13,13,072aef1ac10ad9ca57a79e968de4f22abe3a6ffdd0b395fbe1f391130a6fd856
u02-s002-v001,question,unitId,3,3,95b6504a8bd60df3a9a19ef2c504ac03429b325e9b81f0d701d07bdf6def6afb
u02-s002-v001,question,topicId,11,11,6f58a76cc1c202fbf60a6add57c6c99044e1e3af47cd9e0d4b5f88b1665e3020
u02-s002-v001,question,skillId,24,24,ae819c1ad6847a500ae0c6f6cb9dc4153835dced5391ed6eeb9fa8589795e65b
u02-s002-v001,question,difficulty,5,5,fbb7b5bf4ca348eeeebf8cc3660712859a5a1fbf18e83217a57ce203fb51d5c2
u02-s002-v001,question,type,2,2,6bc0f9c4ecb0acbebf1b9f6c816bdd66f4885f67c917d9e141cf893014fba936
u02-s002-v001,question,visualMode,9,9,9c7d54b0bf7a9369d8594201c7b11955514343809d09fbec33966c1fd9794015
u02-s002-v001,question,sourceScope,19,19,a4b669ddb8ef1883391c07a7b633f12eeaeecee7ec37c09eea4931aff6644346
u02-s002-v001,question,text,10,30,703a85602c54dbe934332ea214d43dbb37d1a47b619c07f126602177294a70d8
u02-s002-v001,question,choices[0],2,2,3fdba35f04dc8c462986c992bcf875546257113072a909c162f7e470e581e278
u02-s002-v001,question,choices[1],2,2,e629fa6598d732768f7c726b4b621285f9c3b85303900aa912017db7617d8bdb
u02-s002-v001,question,choices[2],2,2,6f4b6612125fb3a0daecd2799dfd6c9c299424fd920f9b308110a2c1fbd8f443
u02-s002-v001,question,choices[3],2,2,670671cd97404156226e507973f2ab8330d3022ca96e0c93bdbdb320c41adcaf
u02-s002-v001,question,explanation,57,143,929257fc442c388bdf9173e740508c0268bc784e09fee4479ab3e3576774bac8
u02-s002-v001,question,steps[0],16,30,e881183d4569d3ef39f1529d2376b311d4c6786bdf1514e196c8260d306a37ea
u02-s002-v001,question,steps[1],21,57,02caacd607513b3febbc8f78b2b33a42dd0cf80d97f4b744afeab21fb346b471
u02-s002-v001,question,optionAnalysis[0].choice,2,2,3fdba35f04dc8c462986c992bcf875546257113072a909c162f7e470e581e278
u02-s002-v001,question,optionAnalysis[0].reason,19,37,ffe5894bb2e4358ec03455e7b947b4887b094f4a78018db16b8e2215d9b5f291
u02-s002-v001,question,optionAnalysis[1].choice,2,2,e629fa6598d732768f7c726b4b621285f9c3b85303900aa912017db7617d8bdb
u02-s002-v001,question,optionAnalysis[1].reason,7,10,5243b8d0b5107b7d62210be4dcd6b5da726533122e7074d18d7b7c88819e6572
u02-s002-v001,question,optionAnalysis[2].choice,2,2,6f4b6612125fb3a0daecd2799dfd6c9c299424fd920f9b308110a2c1fbd8f443
u02-s002-v001,question,optionAnalysis[2].reason,7,10,fa9efe71d5c06d3c30fcd6d5bdfb13852b64559fffb8d299042e50eb79e2f6c3
u02-s002-v001,question,optionAnalysis[3].choice,2,2,670671cd97404156226e507973f2ab8330d3022ca96e0c93bdbdb320c41adcaf
u02-s002-v001,question,optionAnalysis[3].reason,7,10,4757b81761fd1109c163436de12ab4602e92b732d6ddca15973945cc5965428b
u02-s002-v001,question,commonMistake,11,33,22b149f9508dac067257817f11b7edded1d70da35021a67de30873c88e2730d9
u02-s002-v001,question,concept,10,30,f1fdf934ba18ee5c1cdf0d3d695c39d30b70eb8927e689924c3bdc775deb5a6f
u02-s002-v001,question,tags[0],3,9,fd41540cbdbecb9b5fa7116d27c68e378548ab62ab7c7ca4494730a81ea87667
u02-s002-v001,question,tags[1],5,15,dc0552b0a5f47fc4c19676b3f5a6f94d0efe6ddbc2dedef5e2b1bb58fb698fb2
u02-s002-v001,question,tags[2],5,5,fbb7b5bf4ca348eeeebf8cc3660712859a5a1fbf18e83217a57ce203fb51d5c2
u02-s002-v001,question,estimatedTimeSec,2,2,39fa9ec190eee7b6f4dff1100d6343e10918d044c75eac8f9e9a2596173f80c9
u02-s002-v001,question,prerequisiteSkillIds[0],24,24,1eda19f7e2480bd4624c29c38090bb1083c9a7f41fb955b8b916d455426e7632
u02-s002-v001,question,authoringIntent,5,15,eecc22be69972726d9728536ce489cdef6230e4fcd9c8f08837fc589eff8d3fd
u02-s002-v001,question,reviewStatus,22,22,ec809598e2f7fcc69fad54c9cd045bba62b4a0dc7c0ff90d4efdc3788c9ad8fb
u02-s002-v001,question,contentSha256,64,64,7a85d27f995cb4c8b1e25c7fabb46a48a7c121e083cb3ae70eb77f29fc8e2a49
u02-s002-v001,question,contentAuthority,25,25,ed40f75ffe3d6ad4e71f6e7919d063410490de360edb425965eccd605ca9d79e
u02-s002-v002,question,questionId,13,13,b3683fbe0e0b0db37f31827d83bdfeaad02e2248637958b7271acf3ea8c9db51
u02-s002-v002,question,unitId,3,3,95b6504a8bd60df3a9a19ef2c504ac03429b325e9b81f0d701d07bdf6def6afb
u02-s002-v002,question,topicId,11,11,6f58a76cc1c202fbf60a6add57c6c99044e1e3af47cd9e0d4b5f88b1665e3020
u02-s002-v002,question,skillId,24,24,ae819c1ad6847a500ae0c6f6cb9dc4153835dced5391ed6eeb9fa8589795e65b
u02-s002-v002,question,difficulty,5,5,fbb7b5bf4ca348eeeebf8cc3660712859a5a1fbf18e83217a57ce203fb51d5c2
u02-s002-v002,question,type,2,2,6bc0f9c4ecb0acbebf1b9f6c816bdd66f4885f67c917d9e141cf893014fba936
u02-s002-v002,question,visualMode,9,9,9c7d54b0bf7a9369d8594201c7b11955514343809d09fbec33966c1fd9794015
u02-s002-v002,question,sourceScope,19,19,a4b669ddb8ef1883391c07a7b633f12eeaeecee7ec37c09eea4931aff6644346
u02-s002-v002,question,text,10,30,fb83c8314aac9e75fb9200a0167926040ee05946c5ee946d386df287111c7d0a
u02-s002-v002,question,choices[0],2,2,4523540f1504cd17100c4835e85b7eefd49911580f8efff0599a8f283be6b9e3
u02-s002-v002,question,choices[1],2,2,785f3ec7eb32f30b90cd0fcf3657d388b5ff4297f2f9716ff66e9b69c05ddd09
u02-s002-v002,question,choices[2],2,2,35135aaa6cc23891b40cb3f378c53a17a1127210ce60e125ccf03efcfdaec458
u02-s002-v002,question,choices[3],2,2,eb1e33e8a81b697b75855af6bfcdbcbf7cbbde9f94962ceaec1ed8af21f5a50f
u02-s002-v002,question,explanation,50,111,9c61592bfde0f842bb2bc9cbf5e6f15ef6e4ec979fb6e5048a83f57a7267be65
u02-s002-v002,question,steps[0],7,8,42b8a5718dc18c7c3ea29614740cd172245a7bfa8d8e1ac708f0e66f623c6fdb
u02-s002-v002,question,steps[1],23,47,0d0838ec487b5182926c0251b1bd293ddefdb1b345938913cca94bf89ce279d1
u02-s002-v002,question,optionAnalysis[0].choice,2,2,4523540f1504cd17100c4835e85b7eefd49911580f8efff0599a8f283be6b9e3
u02-s002-v002,question,optionAnalysis[0].reason,7,15,c461f86b69e61ef54fdeb3eaa53ae0d014d152091becbacd0feb532239777c95
u02-s002-v002,question,optionAnalysis[1].choice,2,2,785f3ec7eb32f30b90cd0fcf3657d388b5ff4297f2f9716ff66e9b69c05ddd09
u02-s002-v002,question,optionAnalysis[1].reason,12,23,49dbcc10574d0581edc1228cf7dddbd79ec5180941ab5f2fdf009925208be201
u02-s002-v002,question,optionAnalysis[2].choice,2,2,35135aaa6cc23891b40cb3f378c53a17a1127210ce60e125ccf03efcfdaec458
u02-s002-v002,question,optionAnalysis[2].reason,7,15,bb17d3e3c511b346f745101ce9068afb3376d3f9678273850d28910fb5ed883e
u02-s002-v002,question,optionAnalysis[3].choice,2,2,eb1e33e8a81b697b75855af6bfcdbcbf7cbbde9f94962ceaec1ed8af21f5a50f
u02-s002-v002,question,optionAnalysis[3].reason,7,15,08d7786d5a63f89a0c419cd43913f3092c21b09bc01ea6ee41fc150bde1e322e
u02-s002-v002,question,commonMistake,19,51,adb37832a64a55f442e6cbd848aafa7bb0c0fbb1ddc10a96350f3349e2a933f4
u02-s002-v002,question,concept,14,42,7b5e8a0354bd9828dc49f287e88b5900fcd51095f378b8a8b835d18a496117ac
u02-s002-v002,question,tags[0],3,9,fd41540cbdbecb9b5fa7116d27c68e378548ab62ab7c7ca4494730a81ea87667
u02-s002-v002,question,tags[1],5,15,dc0552b0a5f47fc4c19676b3f5a6f94d0efe6ddbc2dedef5e2b1bb58fb698fb2
u02-s002-v002,question,tags[2],5,5,fbb7b5bf4ca348eeeebf8cc3660712859a5a1fbf18e83217a57ce203fb51d5c2
u02-s002-v002,question,estimatedTimeSec,2,2,39fa9ec190eee7b6f4dff1100d6343e10918d044c75eac8f9e9a2596173f80c9
u02-s002-v002,question,prerequisiteSkillIds[0],24,24,1eda19f7e2480bd4624c29c38090bb1083c9a7f41fb955b8b916d455426e7632
u02-s002-v002,question,authoringIntent,5,15,7f59a24f402aedee6f4591c46fb49af74d9f4fe691a2cd64f4c3f83d84b1d163
u02-s002-v002,question,reviewStatus,22,22,ec809598e2f7fcc69fad54c9cd045bba62b4a0dc7c0ff90d4efdc3788c9ad8fb
u02-s002-v002,question,contentSha256,64,64,de369e31e545ad4fd1b23f178cb9f0d70d8016c2cf5f74a2997a0593fe048394
u02-s002-v002,question,contentAuthority,25,25,ed40f75ffe3d6ad4e71f6e7919d063410490de360edb425965eccd605ca9d79e
u02-s002-v003,question,questionId,13,13,0e0772ed70dbe049f5b8539b010717719ac32d790e09dc8ba79937e1a6abacb5
u02-s002-v003,question,unitId,3,3,95b6504a8bd60df3a9a19ef2c504ac03429b325e9b81f0d701d07bdf6def6afb
u02-s002-v003,question,topicId,11,11,6f58a76cc1c202fbf60a6add57c6c99044e1e3af47cd9e0d4b5f88b1665e3020
u02-s002-v003,question,skillId,24,24,ae819c1ad6847a500ae0c6f6cb9dc4153835dced5391ed6eeb9fa8589795e65b
u02-s002-v003,question,difficulty,5,5,fbb7b5bf4ca348eeeebf8cc3660712859a5a1fbf18e83217a57ce203fb51d5c2
u02-s002-v003,question,type,2,2,6bc0f9c4ecb0acbebf1b9f6c816bdd66f4885f67c917d9e141cf893014fba936
u02-s002-v003,question,visualMode,9,9,9c7d54b0bf7a9369d8594201c7b11955514343809d09fbec33966c1fd9794015
u02-s002-v003,question,sourceScope,19,19,a4b669ddb8ef1883391c07a7b633f12eeaeecee7ec37c09eea4931aff6644346
u02-s002-v003,question,text,15,41,cf6aaf7b4687d31e83177817dd4beaf87e9d2327368a10b432392e5f920cf7a7
u02-s002-v003,question,choices[0],7,17,e6047a0b9313cfae9ae34cd0dbb9e91908b92b99152ad476449ff36a13481921
u02-s002-v003,question,choices[1],7,17,174071189353eaf37dbbeac70ded08fb72d8e7b0b4bfd454bf33f9d72f97616b
u02-s002-v003,question,choices[2],12,32,fbd4f30457634549aa13b9b9c96096c6fc13f613f6ef672b4f09f80effc9eab0
u02-s002-v003,question,choices[3],10,26,11a909c04e4cbba393a7b0fea4902c55d6a29b9a360bd39f8fb2ac64edcd0f12
u02-s002-v003,question,explanation,59,165,2d8aef02910a12c32694c70983d24fc639b4ebebcc13c1475ce0fb3ab53f276a
u02-s002-v003,question,steps[0],11,25,79ebdab6efc88b9a2691a4129ed5e03bcb48c15283281b1c1f047f8ce841c58c
u02-s002-v003,question,steps[1],18,54,07425cb8871228e7ae77d009025832350ed9c83e2d16b0dd6c1353ef9470620c
u02-s002-v003,question,optionAnalysis[0].choice,7,17,e6047a0b9313cfae9ae34cd0dbb9e91908b92b99152ad476449ff36a13481921
u02-s002-v003,question,optionAnalysis[0].reason,7,17,b57aeb9179660019b77074af8fed9f8a123118d302264a24d1dcda193576bf0f
u02-s002-v003,question,optionAnalysis[1].choice,7,17,174071189353eaf37dbbeac70ded08fb72d8e7b0b4bfd454bf33f9d72f97616b
u02-s002-v003,question,optionAnalysis[1].reason,7,17,fc8c139db50274047feaf891aee4a862cbef4c1c20d2e68735228b2db25e13a3
u02-s002-v003,question,optionAnalysis[2].choice,12,32,fbd4f30457634549aa13b9b9c96096c6fc13f613f6ef672b4f09f80effc9eab0
u02-s002-v003,question,optionAnalysis[2].reason,11,29,a681d67fae162cf528969ac2dc24f630a0d39b9ce38c407d2148bfd2c70c1164
u02-s002-v003,question,optionAnalysis[3].choice,10,26,11a909c04e4cbba393a7b0fea4902c55d6a29b9a360bd39f8fb2ac64edcd0f12
u02-s002-v003,question,optionAnalysis[3].reason,9,27,2406bcc24cbfe9d9ab50b3898ef957a814359318c4e5ea87b12212fa68c45f25
u02-s002-v003,question,commonMistake,20,54,9f39ab5751b549b8445f924a9acf00a0a2eef17f8d8893aec336c53f04fa772e
u02-s002-v003,question,concept,17,47,e2ab933a2c336727a9efe2904636ccf3c82d493f2002739edfb657606e819745
u02-s002-v003,question,tags[0],3,9,fd41540cbdbecb9b5fa7116d27c68e378548ab62ab7c7ca4494730a81ea87667
u02-s002-v003,question,tags[1],5,15,dc0552b0a5f47fc4c19676b3f5a6f94d0efe6ddbc2dedef5e2b1bb58fb698fb2
u02-s002-v003,question,tags[2],5,5,fbb7b5bf4ca348eeeebf8cc3660712859a5a1fbf18e83217a57ce203fb51d5c2
u02-s002-v003,question,estimatedTimeSec,2,2,39fa9ec190eee7b6f4dff1100d6343e10918d044c75eac8f9e9a2596173f80c9
u02-s002-v003,question,prerequisiteSkillIds[0],24,24,1eda19f7e2480bd4624c29c38090bb1083c9a7f41fb955b8b916d455426e7632
u02-s002-v003,question,authoringIntent,9,21,628ba6fbc588238be899fd6279452484c30a224c7501e8bb5f0c84790bf2310c
u02-s002-v003,question,reviewStatus,22,22,ec809598e2f7fcc69fad54c9cd045bba62b4a0dc7c0ff90d4efdc3788c9ad8fb
u02-s002-v003,question,contentSha256,64,64,d34bb6e13e643c872fefa8da5e2341044d7f038a4a24c96e3ccac63540a9fd50
u02-s002-v003,question,contentAuthority,25,25,ed40f75ffe3d6ad4e71f6e7919d063410490de360edb425965eccd605ca9d79e
u02-s002-v004,question,questionId,13,13,ec6c7d6ae0dd77d6493ecc84188eb410c92b0b034c1ed321275076d67af8477c
u02-s002-v004,question,unitId,3,3,95b6504a8bd60df3a9a19ef2c504ac03429b325e9b81f0d701d07bdf6def6afb
u02-s002-v004,question,topicId,11,11,6f58a76cc1c202fbf60a6add57c6c99044e1e3af47cd9e0d4b5f88b1665e3020
u02-s002-v004,question,skillId,24,24,ae819c1ad6847a500ae0c6f6cb9dc4153835dced5391ed6eeb9fa8589795e65b
u02-s002-v004,question,difficulty,8,8,fe6d3468cf5c74d8ec2a95b40f2e05338c37a4202f8fad692d2b64a9cf9b468a
u02-s002-v004,question,type,2,2,6bc0f9c4ecb0acbebf1b9f6c816bdd66f4885f67c917d9e141cf893014fba936
u02-s002-v004,question,visualMode,9,9,9c7d54b0bf7a9369d8594201c7b11955514343809d09fbec33966c1fd9794015
u02-s002-v004,question,sourceScope,19,19,a4b669ddb8ef1883391c07a7b633f12eeaeecee7ec37c09eea4931aff6644346
u02-s002-v004,question,text,11,33,fce8db2306f2f323c0eff1d3130dd6b5f00c4f800c2bbd16d799d51091b2f188
u02-s002-v004,question,choices[0],1,1,5feceb66ffc86f38d952786c6d696c79c2dbc239dd4e91b46729d73a27fb57e9
u02-s002-v004,question,choices[1],1,1,6b86b273ff34fce19d6b804eff5a3f5747ada4eaa22f1d49c01e52ddb7875b4b
u02-s002-v004,question,choices[2],1,1,4b227777d4dd1fc61c6f884f48641d02b4d121d3fd328cb08b5531fcacdabf8a
u02-s002-v004,question,choices[3],1,1,d4735e3a265e16eee03f59718b9b5d03019c07d8b6c51f90da3a666eec13ab35
u02-s002-v004,question,explanation,49,129,41586cfea081d5c309774a87928c8f809d5871312680e52f70d54495737c95cc
u02-s002-v004,question,steps[0],12,26,06b792c2bd811bf403d356e22fce4efc2444766392d3a5dadb1420d9e03b84df
u02-s002-v004,question,steps[1],18,48,5b5103ac09a7f56f34318686cfae8f4f60ea826b091827bb10df457661a1c095
u02-s002-v004,question,optionAnalysis[0].choice,1,1,5feceb66ffc86f38d952786c6d696c79c2dbc239dd4e91b46729d73a27fb57e9
u02-s002-v004,question,optionAnalysis[0].reason,9,23,01eef4ac6549ef32a13b7ffd941c3c989c3ecc438cdef5751939342a02980352
u02-s002-v004,question,optionAnalysis[1].choice,1,1,6b86b273ff34fce19d6b804eff5a3f5747ada4eaa22f1d49c01e52ddb7875b4b
u02-s002-v004,question,optionAnalysis[1].reason,7,17,b57aeb9179660019b77074af8fed9f8a123118d302264a24d1dcda193576bf0f
u02-s002-v004,question,optionAnalysis[2].choice,1,1,4b227777d4dd1fc61c6f884f48641d02b4d121d3fd328cb08b5531fcacdabf8a
u02-s002-v004,question,optionAnalysis[2].reason,10,21,b0cbe92ddffc003fe1ca824f77a772084c49425770e7e23e380283de6e2e09e7
u02-s002-v004,question,optionAnalysis[3].choice,1,1,d4735e3a265e16eee03f59718b9b5d03019c07d8b6c51f90da3a666eec13ab35
u02-s002-v004,question,optionAnalysis[3].reason,9,23,daf97abec578323ab4eb92f02ee49dd04c150f6694457c665d3184f5248066b7
u02-s002-v004,question,commonMistake,12,36,3008725f2c6fc2c36deebbe0db8fd4e389c657de6d357358d84f511788a671cf
u02-s002-v004,question,concept,10,26,11953f938ba0ae4aa7e354e78af3698261f5a58893b44b622e9465a5eb228d2d
u02-s002-v004,question,tags[0],3,9,fd41540cbdbecb9b5fa7116d27c68e378548ab62ab7c7ca4494730a81ea87667
u02-s002-v004,question,tags[1],5,15,dc0552b0a5f47fc4c19676b3f5a6f94d0efe6ddbc2dedef5e2b1bb58fb698fb2
u02-s002-v004,question,tags[2],8,8,fe6d3468cf5c74d8ec2a95b40f2e05338c37a4202f8fad692d2b64a9cf9b468a
u02-s002-v004,question,estimatedTimeSec,2,2,39fa9ec190eee7b6f4dff1100d6343e10918d044c75eac8f9e9a2596173f80c9
u02-s002-v004,question,prerequisiteSkillIds[0],24,24,1eda19f7e2480bd4624c29c38090bb1083c9a7f41fb955b8b916d455426e7632
u02-s002-v004,question,authoringIntent,7,21,2b4b6fdc1a3a40fdad0f41d3abeb4c638e00ee8f008988c567ce3dc18133943a
u02-s002-v004,question,reviewStatus,22,22,ec809598e2f7fcc69fad54c9cd045bba62b4a0dc7c0ff90d4efdc3788c9ad8fb
u02-s002-v004,question,contentSha256,64,64,ef738511aa17298a08953bbce79d94f854fa10161024cbc50d638cf49e20b187
u02-s002-v004,question,contentAuthority,25,25,ed40f75ffe3d6ad4e71f6e7919d063410490de360edb425965eccd605ca9d79e
u02-s002-v005,question,questionId,13,13,6fa96b5a0fd7bc044ccbb0e8f36cce01de803a082450b33398882dbe06b2fba7
u02-s002-v005,question,unitId,3,3,95b6504a8bd60df3a9a19ef2c504ac03429b325e9b81f0d701d07bdf6def6afb
u02-s002-v005,question,topicId,11,11,6f58a76cc1c202fbf60a6add57c6c99044e1e3af47cd9e0d4b5f88b1665e3020
u02-s002-v005,question,skillId,24,24,ae819c1ad6847a500ae0c6f6cb9dc4153835dced5391ed6eeb9fa8589795e65b
u02-s002-v005,question,difficulty,8,8,fe6d3468cf5c74d8ec2a95b40f2e05338c37a4202f8fad692d2b64a9cf9b468a
u02-s002-v005,question,type,2,2,6bc0f9c4ecb0acbebf1b9f6c816bdd66f4885f67c917d9e141cf893014fba936
u02-s002-v005,question,visualMode,9,9,9c7d54b0bf7a9369d8594201c7b11955514343809d09fbec33966c1fd9794015
u02-s002-v005,question,sourceScope,19,19,a4b669ddb8ef1883391c07a7b633f12eeaeecee7ec37c09eea4931aff6644346
u02-s002-v005,question,text,17,37,0b5f6e682ad9b310e563d67a78704d64bc0d55517a086101d584ad775083b2d8
u02-s002-v005,question,choices[0],3,5,180cd8f025ba3848a6c8423f1d3c82272c7729c0100691d59a1008a9b872b6ad
u02-s002-v005,question,choices[1],3,5,3c8d3e1af9f33cbafefee453e169d7ddf0a4b58b77eaa548fb6c2dce88692c0d
u02-s002-v005,question,choices[2],3,5,d7f1545374094e87f0528e6d09aa4a997dc39d2bdd7388fb65ce9bc6bafdc702
u02-s002-v005,question,choices[3],3,5,60985e125e839b6f2bd4329cf878ca1e1ec17aace1dac6083da2a2bf539a3db9
u02-s002-v005,question,explanation,45,107,eff47d433d83d881ec4be3595fb5dec703e747fa7e4bee27e5ef9ddf427eff1b
u02-s002-v005,question,steps[0],18,36,6ca7bc8b51019859ce24b45776a6e0f75bf34d9b0476fb51479946a4b27d71fd
u02-s002-v005,question,steps[1],6,12,8e5ef4104e268ab4ddfbc3bb37a4ab8b13c8f607ec0fbccb6507449089ac861a
u02-s002-v005,question,optionAnalysis[0].choice,3,5,180cd8f025ba3848a6c8423f1d3c82272c7729c0100691d59a1008a9b872b6ad
u02-s002-v005,question,optionAnalysis[0].reason,18,32,dbe735ee80bf084e5ad6c37b83221ce0ca83e8929462b539527854dd89c2b34e
u02-s002-v005,question,optionAnalysis[1].choice,3,5,3c8d3e1af9f33cbafefee453e169d7ddf0a4b58b77eaa548fb6c2dce88692c0d
u02-s002-v005,question,optionAnalysis[1].reason,16,34,17f3e52255f61092ebbda845aeb19b05feadc8bb7f2ee8bc9a20ebde433c3798
u02-s002-v005,question,optionAnalysis[2].choice,3,5,d7f1545374094e87f0528e6d09aa4a997dc39d2bdd7388fb65ce9bc6bafdc702
u02-s002-v005,question,optionAnalysis[2].reason,16,42,8c294f86c08202b2522b81acc27f879b8eb08bdc08edff06d4a60e39d48bcd1a
u02-s002-v005,question,optionAnalysis[3].choice,3,5,60985e125e839b6f2bd4329cf878ca1e1ec17aace1dac6083da2a2bf539a3db9
u02-s002-v005,question,optionAnalysis[3].reason,12,30,0404786fdf9abfd2344840ee25b4218923a7794f4c27d86bc68d3bc8ed98addc
u02-s002-v005,question,commonMistake,19,41,81fbaf62b6e57746eba173ac216cd62f1cb382214de0302bf2737ad04e3c5fb8
u02-s002-v005,question,concept,14,42,06af3352f4433350e1f8de44a3427661dff3d3bdde343b03d12d0ac55ab95919
u02-s002-v005,question,tags[0],3,9,fd41540cbdbecb9b5fa7116d27c68e378548ab62ab7c7ca4494730a81ea87667
u02-s002-v005,question,tags[1],5,15,dc0552b0a5f47fc4c19676b3f5a6f94d0efe6ddbc2dedef5e2b1bb58fb698fb2
u02-s002-v005,question,tags[2],8,8,fe6d3468cf5c74d8ec2a95b40f2e05338c37a4202f8fad692d2b64a9cf9b468a
u02-s002-v005,question,estimatedTimeSec,2,2,39fa9ec190eee7b6f4dff1100d6343e10918d044c75eac8f9e9a2596173f80c9
u02-s002-v005,question,prerequisiteSkillIds[0],24,24,1eda19f7e2480bd4624c29c38090bb1083c9a7f41fb955b8b916d455426e7632
u02-s002-v005,question,authoringIntent,9,27,1dee851f6877dd8afbdccb0d30f2cde125b144e14b6ce497c238f524970419c5
u02-s002-v005,question,reviewStatus,22,22,ec809598e2f7fcc69fad54c9cd045bba62b4a0dc7c0ff90d4efdc3788c9ad8fb
u02-s002-v005,question,contentSha256,64,64,2e7238f3df5d08f08c99bf508440e3c70c53df995a00c34e107fb9c46ec57f7a
u02-s002-v005,question,contentAuthority,25,25,ed40f75ffe3d6ad4e71f6e7919d063410490de360edb425965eccd605ca9d79e
u02-s002-v006,question,questionId,13,13,ec7e934b841fe040fe44b7c848d4907a7b41a2ab2f127481157f387e6c0d6983
u02-s002-v006,question,unitId,3,3,95b6504a8bd60df3a9a19ef2c504ac03429b325e9b81f0d701d07bdf6def6afb
u02-s002-v006,question,topicId,11,11,6f58a76cc1c202fbf60a6add57c6c99044e1e3af47cd9e0d4b5f88b1665e3020
u02-s002-v006,question,skillId,24,24,ae819c1ad6847a500ae0c6f6cb9dc4153835dced5391ed6eeb9fa8589795e65b
u02-s002-v006,question,difficulty,8,8,fe6d3468cf5c74d8ec2a95b40f2e05338c37a4202f8fad692d2b64a9cf9b468a
u02-s002-v006,question,type,2,2,6bc0f9c4ecb0acbebf1b9f6c816bdd66f4885f67c917d9e141cf893014fba936
u02-s002-v006,question,visualMode,9,9,9c7d54b0bf7a9369d8594201c7b11955514343809d09fbec33966c1fd9794015
u02-s002-v006,question,sourceScope,19,19,a4b669ddb8ef1883391c07a7b633f12eeaeecee7ec37c09eea4931aff6644346
u02-s002-v006,question,text,34,70,f6143d6f81099763f211afcc9cf2110c28d4f6078f81dd9bbf6015ee78b48c9a
u02-s002-v006,question,choices[0],1,1,ef2d127de37b942baad06145e54b0c619a1f22327b2ebbcfbec78f5564afe39d
u02-s002-v006,question,choices[1],1,1,7902699be42c8a8e46fbbb4501726517e86b22c56a189f7625a6da49081b2451
u02-s002-v006,question,choices[2],2,2,4fc82b26aecb47d2868c4efbe3581732a3e7cbcc6c2efb32062c08170a05eeb8
u02-s002-v006,question,choices[3],2,2,3fdba35f04dc8c462986c992bcf875546257113072a909c162f7e470e581e278
u02-s002-v006,question,explanation,40,93,6da72c1d2e3ecfaa55ac8df28061e5aae696df90c2b015b6557c94e6d4875b2c
u02-s002-v006,question,steps[0],7,8,3ccb6d23efc3526b22fc31ee633c21241ed6e2ac339f0c5c26544491d2f5ba5c
u02-s002-v006,question,steps[1],14,30,535e708d4ae09b86a6bac5a05530387c192753c6825d94b7af0788950d162c20
u02-s002-v006,question,optionAnalysis[0].choice,1,1,ef2d127de37b942baad06145e54b0c619a1f22327b2ebbcfbec78f5564afe39d
u02-s002-v006,question,optionAnalysis[0].reason,10,20,f8950c32deb65d5a2ff61e2802dfb9086fdb5aa5332b9602b7cca1521ca4fbf4
u02-s002-v006,question,optionAnalysis[1].choice,1,1,7902699be42c8a8e46fbbb4501726517e86b22c56a189f7625a6da49081b2451
u02-s002-v006,question,optionAnalysis[1].reason,15,22,ec223786e54ad571ce961eb87cc2cbf3da999242272479c06f8c025fcfeaacca
u02-s002-v006,question,optionAnalysis[2].choice,2,2,4fc82b26aecb47d2868c4efbe3581732a3e7cbcc6c2efb32062c08170a05eeb8
u02-s002-v006,question,optionAnalysis[2].reason,12,24,ed6c67380f2586f632730c7a10450c03f06a58918b7c63279398e0fe2c4991b8
u02-s002-v006,question,optionAnalysis[3].choice,2,2,3fdba35f04dc8c462986c992bcf875546257113072a909c162f7e470e581e278
u02-s002-v006,question,optionAnalysis[3].reason,12,24,6f27585c432c20b6cebb2f2f787391575944071780b723bb800449a8dd410ade
u02-s002-v006,question,commonMistake,12,28,4078b38707858ced957095da99abc6361a67489880493f18c179d747f0b8b69a
u02-s002-v006,question,concept,18,54,6ff3abe27c9dad1ba5ffdb2a18357ef65c18a557aa9e6846e54fd9a0626b280d
u02-s002-v006,question,tags[0],3,9,fd41540cbdbecb9b5fa7116d27c68e378548ab62ab7c7ca4494730a81ea87667
u02-s002-v006,question,tags[1],5,15,dc0552b0a5f47fc4c19676b3f5a6f94d0efe6ddbc2dedef5e2b1bb58fb698fb2
u02-s002-v006,question,tags[2],8,8,fe6d3468cf5c74d8ec2a95b40f2e05338c37a4202f8fad692d2b64a9cf9b468a
u02-s002-v006,question,estimatedTimeSec,2,2,39fa9ec190eee7b6f4dff1100d6343e10918d044c75eac8f9e9a2596173f80c9
u02-s002-v006,question,prerequisiteSkillIds[0],24,24,1eda19f7e2480bd4624c29c38090bb1083c9a7f41fb955b8b916d455426e7632
u02-s002-v006,question,authoringIntent,8,24,77141763d26a8f7b42ba4aba9e8d153a9340fbdfb12863da300d9403de39ed17
u02-s002-v006,question,reviewStatus,22,22,ec809598e2f7fcc69fad54c9cd045bba62b4a0dc7c0ff90d4efdc3788c9ad8fb
u02-s002-v006,question,contentSha256,64,64,fe89edd8472e1688ec76b6bb806843c9e74167c35e3e41266d565d14b98decdf
u02-s002-v006,question,contentAuthority,25,25,ed40f75ffe3d6ad4e71f6e7919d063410490de360edb425965eccd605ca9d79e
u02-s002-v007,question,questionId,13,13,917e41943d0f0d02a97b7f8baaab12352355b29d719dd20e0a91459810a72809
u02-s002-v007,question,unitId,3,3,95b6504a8bd60df3a9a19ef2c504ac03429b325e9b81f0d701d07bdf6def6afb
u02-s002-v007,question,topicId,11,11,6f58a76cc1c202fbf60a6add57c6c99044e1e3af47cd9e0d4b5f88b1665e3020
u02-s002-v007,question,skillId,24,24,ae819c1ad6847a500ae0c6f6cb9dc4153835dced5391ed6eeb9fa8589795e65b
u02-s002-v007,question,difficulty,8,8,d21f85ea38166303ce58e06134b5cc4a5c900c409ab2a500ff7c9225109a09bb
u02-s002-v007,question,type,2,2,6bc0f9c4ecb0acbebf1b9f6c816bdd66f4885f67c917d9e141cf893014fba936
u02-s002-v007,question,visualMode,9,9,9c7d54b0bf7a9369d8594201c7b11955514343809d09fbec33966c1fd9794015
u02-s002-v007,question,sourceScope,19,19,a4b669ddb8ef1883391c07a7b633f12eeaeecee7ec37c09eea4931aff6644346
u02-s002-v007,question,text,20,60,6870d989cbf7071cfeedbb5b3f1ecc5a399929e1f37fc84a73740484145d0518
u02-s002-v007,question,choices[0],2,2,0e17daca5f3e175f448bacace3bc0da47d0655a74c8dd0dc497a3afbdad95f1f
u02-s002-v007,question,choices[1],2,2,f369cb89fc627e668987007d121ed1eacdc01db9e28f8bb26f358b7d8c4f08ac
u02-s002-v007,question,choices[2],2,2,a88a7902cb4ef697ba0b6759c50e8c10297ff58f942243de19b984841bfe1f73
u02-s002-v007,question,choices[3],2,2,5316ca1c5ddca8e6ceccfce58f3b8540e540ee22f6180fb89492904051b3d531
u02-s002-v007,question,explanation,43,100,849aa4ecfafd929949eb86a84b5cc30101c442e32ecd63ccccece09a08893938
u02-s002-v007,question,steps[0],7,8,d452479687d912665b0eeb07a2e5661846fbd74473f18b243e2c4d80898f6a38
u02-s002-v007,question,steps[1],16,36,ea533ecd11f5c7b19fc6f457aa617d8383a0a5f68d20ecce199c88ed63775658
u02-s002-v007,question,optionAnalysis[0].choice,2,2,0e17daca5f3e175f448bacace3bc0da47d0655a74c8dd0dc497a3afbdad95f1f
u02-s002-v007,question,optionAnalysis[0].reason,13,28,6d0c3f104d9fd4e48b794b51bb9c05a20b7028122be36e30f60b5660a0ff0099
u02-s002-v007,question,optionAnalysis[1].choice,2,2,f369cb89fc627e668987007d121ed1eacdc01db9e28f8bb26f358b7d8c4f08ac
u02-s002-v007,question,optionAnalysis[1].reason,17,37,80d38519078c4e93b96e0175b61ee32e22c7da7705828dd05d9e2b68028bce42
u02-s002-v007,question,optionAnalysis[2].choice,2,2,a88a7902cb4ef697ba0b6759c50e8c10297ff58f942243de19b984841bfe1f73
u02-s002-v007,question,optionAnalysis[2].reason,11,20,eabb58fcc8df30278a620aea6924834bad20b7b416cb922982d220ab813bbe72
u02-s002-v007,question,optionAnalysis[3].choice,2,2,5316ca1c5ddca8e6ceccfce58f3b8540e540ee22f6180fb89492904051b3d531
u02-s002-v007,question,optionAnalysis[3].reason,11,16,69e9375378101a66fea5891e52bfdac41c3287763f914ce70b35efad48a4abb0
u02-s002-v007,question,commonMistake,24,72,5cd6a172b467256b49ad22a003adc72ff04969b978992af598489d05192ed1f6
u02-s002-v007,question,concept,21,63,e48dbe121173860841d4a3d9805e97339f81ccfd1330903fce47f781fb72afd4
u02-s002-v007,question,tags[0],3,9,fd41540cbdbecb9b5fa7116d27c68e378548ab62ab7c7ca4494730a81ea87667
u02-s002-v007,question,tags[1],5,15,dc0552b0a5f47fc4c19676b3f5a6f94d0efe6ddbc2dedef5e2b1bb58fb698fb2
u02-s002-v007,question,tags[2],8,8,d21f85ea38166303ce58e06134b5cc4a5c900c409ab2a500ff7c9225109a09bb
u02-s002-v007,question,estimatedTimeSec,2,2,39fa9ec190eee7b6f4dff1100d6343e10918d044c75eac8f9e9a2596173f80c9
u02-s002-v007,question,prerequisiteSkillIds[0],24,24,1eda19f7e2480bd4624c29c38090bb1083c9a7f41fb955b8b916d455426e7632
u02-s002-v007,question,authoringIntent,9,27,c6ee2d36da69acea0d73405910c8d4b93a9e3182b2b1127be05f07613c986ae2
u02-s002-v007,question,reviewStatus,22,22,ec809598e2f7fcc69fad54c9cd045bba62b4a0dc7c0ff90d4efdc3788c9ad8fb
u02-s002-v007,question,contentSha256,64,64,31c5ebfeef623d02cc9d45f70a6b69e297c7f7aaf8bd0f4fc05c3c1ea4645870
u02-s002-v007,question,contentAuthority,25,25,ed40f75ffe3d6ad4e71f6e7919d063410490de360edb425965eccd605ca9d79e
u02-s002-v008,question,questionId,13,13,d75fecfc2ced846c5fd54685a0918d60e6f9c48a8fc89449b5c590f76381566a
u02-s002-v008,question,unitId,3,3,95b6504a8bd60df3a9a19ef2c504ac03429b325e9b81f0d701d07bdf6def6afb
u02-s002-v008,question,topicId,11,11,6f58a76cc1c202fbf60a6add57c6c99044e1e3af47cd9e0d4b5f88b1665e3020
u02-s002-v008,question,skillId,24,24,ae819c1ad6847a500ae0c6f6cb9dc4153835dced5391ed6eeb9fa8589795e65b
u02-s002-v008,question,difficulty,8,8,d21f85ea38166303ce58e06134b5cc4a5c900c409ab2a500ff7c9225109a09bb
u02-s002-v008,question,type,2,2,6bc0f9c4ecb0acbebf1b9f6c816bdd66f4885f67c917d9e141cf893014fba936
u02-s002-v008,question,visualMode,9,9,9c7d54b0bf7a9369d8594201c7b11955514343809d09fbec33966c1fd9794015
u02-s002-v008,question,sourceScope,19,19,a4b669ddb8ef1883391c07a7b633f12eeaeecee7ec37c09eea4931aff6644346
u02-s002-v008,question,text,37,75,0e1bfce89415225f404062544036e3469dfb25b4001887a73559fc7fadc74a74
u02-s002-v008,question,choices[0],2,2,44cb730c420480a0477b505ae68af508fb90f96cf0ec54c6ad16949dd427f13a
u02-s002-v008,question,choices[1],2,2,811786ad1ae74adfdd20dd0372abaaebc6246e343aebd01da0bfc4c02bf0106c
u02-s002-v008,question,choices[2],2,2,31489056e0916d59fe3add79e63f095af3ffb81604691f21cad442a85c7be617
u02-s002-v008,question,choices[3],2,2,3d914f9348c9cc0ff8a79716700b9fcd4d2f3e711608004eb8f138bcba7f14d9
u02-s002-v008,question,explanation,68,140,835b66f0acf40a78d9a170e197b7eed10357c408ed5715f0713e832b8f2be5e2
u02-s002-v008,question,steps[0],15,31,81f6b2dc496a728f9d9b5d2349e1149f5d372c3943db33c3ee7bf0598bf52fee
u02-s002-v008,question,steps[1],33,53,c326819a4d407e366c5c1c900041fcad66ca0023ff75eb0ac329daefc60a9c77
u02-s002-v008,question,optionAnalysis[0].choice,2,2,44cb730c420480a0477b505ae68af508fb90f96cf0ec54c6ad16949dd427f13a
u02-s002-v008,question,optionAnalysis[0].reason,13,25,fcd781a8b21994710ae8880b1cc3815a25b5d6b7087ef87735fb0672d3fe7250
u02-s002-v008,question,optionAnalysis[1].choice,2,2,811786ad1ae74adfdd20dd0372abaaebc6246e343aebd01da0bfc4c02bf0106c
u02-s002-v008,question,optionAnalysis[1].reason,10,24,8491e60382b8350a0f3bfd7c34d173cb35e33d24bce9bf3addf824909c3e8305
u02-s002-v008,question,optionAnalysis[2].choice,2,2,31489056e0916d59fe3add79e63f095af3ffb81604691f21cad442a85c7be617
u02-s002-v008,question,optionAnalysis[2].reason,11,14,9561cf64fc9f5d5da5706c1fbb0e7c990495cb630f9b8b5e6ff72a87f36460ca
u02-s002-v008,question,optionAnalysis[3].choice,2,2,3d914f9348c9cc0ff8a79716700b9fcd4d2f3e711608004eb8f138bcba7f14d9
u02-s002-v008,question,optionAnalysis[3].reason,13,25,1bd872bb3e268bdf637b9f9f272c67a39c121e640968e4f66ab0a1a9b57ecc1d
u02-s002-v008,question,commonMistake,22,52,e4a427786152bbb8910b7f1efb60438ee18322a5b61e05c7bef040eb6adaa1a4
u02-s002-v008,question,concept,15,45,1e20e5ee5e2bea2f1358104e172d8e367e24c3b2b8e5b50c4ca72623ccbea337
u02-s002-v008,question,tags[0],3,9,fd41540cbdbecb9b5fa7116d27c68e378548ab62ab7c7ca4494730a81ea87667
u02-s002-v008,question,tags[1],5,15,dc0552b0a5f47fc4c19676b3f5a6f94d0efe6ddbc2dedef5e2b1bb58fb698fb2
u02-s002-v008,question,tags[2],8,8,d21f85ea38166303ce58e06134b5cc4a5c900c409ab2a500ff7c9225109a09bb
u02-s002-v008,question,estimatedTimeSec,2,2,39fa9ec190eee7b6f4dff1100d6343e10918d044c75eac8f9e9a2596173f80c9
u02-s002-v008,question,prerequisiteSkillIds[0],24,24,1eda19f7e2480bd4624c29c38090bb1083c9a7f41fb955b8b916d455426e7632
u02-s002-v008,question,authoringIntent,9,27,19cdb8937bbcfb92c140b16d690a687a8486d6f23ec90c11d2caac1153526592
u02-s002-v008,question,reviewStatus,22,22,ec809598e2f7fcc69fad54c9cd045bba62b4a0dc7c0ff90d4efdc3788c9ad8fb
u02-s002-v008,question,contentSha256,64,64,c72371cd27a4dc5fe2e57526f8cb77547f68458b7259b84cc3ac8dd47acae2f7
u02-s002-v008,question,contentAuthority,25,25,ed40f75ffe3d6ad4e71f6e7919d063410490de360edb425965eccd605ca9d79e
u02-s002-v009,question,questionId,13,13,810760ec2c78f55a5119414275d08c3a6f1a6a3113cb39b121b74286c5fd107c
u02-s002-v009,question,unitId,3,3,95b6504a8bd60df3a9a19ef2c504ac03429b325e9b81f0d701d07bdf6def6afb
u02-s002-v009,question,topicId,11,11,6f58a76cc1c202fbf60a6add57c6c99044e1e3af47cd9e0d4b5f88b1665e3020
u02-s002-v009,question,skillId,24,24,ae819c1ad6847a500ae0c6f6cb9dc4153835dced5391ed6eeb9fa8589795e65b
u02-s002-v009,question,difficulty,8,8,d21f85ea38166303ce58e06134b5cc4a5c900c409ab2a500ff7c9225109a09bb
u02-s002-v009,question,type,2,2,6bc0f9c4ecb0acbebf1b9f6c816bdd66f4885f67c917d9e141cf893014fba936
u02-s002-v009,question,visualMode,9,9,9c7d54b0bf7a9369d8594201c7b11955514343809d09fbec33966c1fd9794015
u02-s002-v009,question,sourceScope,19,19,a4b669ddb8ef1883391c07a7b633f12eeaeecee7ec37c09eea4931aff6644346
u02-s002-v009,question,text,37,77,84cb02b11503cec2821d1dfd0c6a434d25d0a57a26a4f802098bef80daddf635
u02-s002-v009,question,choices[0],1,1,d4735e3a265e16eee03f59718b9b5d03019c07d8b6c51f90da3a666eec13ab35
u02-s002-v009,question,choices[1],1,1,4e07408562bedb8b60ce05c1decfe3ad16b72230967de01f640b7e4729b49fce
u02-s002-v009,question,choices[2],1,1,ef2d127de37b942baad06145e54b0c619a1f22327b2ebbcfbec78f5564afe39d
u02-s002-v009,question,choices[3],1,1,7902699be42c8a8e46fbbb4501726517e86b22c56a189f7625a6da49081b2451
u02-s002-v009,question,explanation,57,159,150b38b82c8f6dfe78f1aa4df2a47504daec36deeb2ac3f473dabe3050d69ddc
u02-s002-v009,question,steps[0],12,36,c5c72e7b9cf41ea412d034080ffafee99be713f69f0905493d4ee418d4e1cf90
u02-s002-v009,question,steps[1],26,68,7ae2594c8b3ebdc214bbd7e6b508fa6abb34810ff807585c6c3f10b5383601b3
u02-s002-v009,question,optionAnalysis[0].choice,1,1,d4735e3a265e16eee03f59718b9b5d03019c07d8b6c51f90da3a666eec13ab35
u02-s002-v009,question,optionAnalysis[0].reason,11,23,1f158be2ddd9c985d6f313af34efcf11df6dee31ea74e173d92598fa4a3e6903
u02-s002-v009,question,optionAnalysis[1].choice,1,1,4e07408562bedb8b60ce05c1decfe3ad16b72230967de01f640b7e4729b49fce
u02-s002-v009,question,optionAnalysis[1].reason,13,23,a4778751b4754e85e3b825874302be868bd0806eaf5f03836be4be806b8f13e2
u02-s002-v009,question,optionAnalysis[2].choice,1,1,ef2d127de37b942baad06145e54b0c619a1f22327b2ebbcfbec78f5564afe39d
u02-s002-v009,question,optionAnalysis[2].reason,13,23,3e0e586a4f66c4edbe32297d2de8c38b19697cf0ef17309d44f35c0f8e6f8c98
u02-s002-v009,question,optionAnalysis[3].choice,1,1,7902699be42c8a8e46fbbb4501726517e86b22c56a189f7625a6da49081b2451
u02-s002-v009,question,optionAnalysis[3].reason,13,23,d7b1358552d11569e73013532f783b23b7f909afcd46b82e1a81896f69862b9b
u02-s002-v009,question,commonMistake,17,51,8be9e30a71f59b1a212c633f55d5b49fc872375b165e18890f68d206d20954da
u02-s002-v009,question,concept,18,48,651c9734c1f2521616c7a092128fc8ca30d2927d21607d38f11553305afd7668
u02-s002-v009,question,tags[0],3,9,fd41540cbdbecb9b5fa7116d27c68e378548ab62ab7c7ca4494730a81ea87667
u02-s002-v009,question,tags[1],5,15,dc0552b0a5f47fc4c19676b3f5a6f94d0efe6ddbc2dedef5e2b1bb58fb698fb2
u02-s002-v009,question,tags[2],8,8,d21f85ea38166303ce58e06134b5cc4a5c900c409ab2a500ff7c9225109a09bb
u02-s002-v009,question,estimatedTimeSec,2,2,39fa9ec190eee7b6f4dff1100d6343e10918d044c75eac8f9e9a2596173f80c9
u02-s002-v009,question,prerequisiteSkillIds[0],24,24,1eda19f7e2480bd4624c29c38090bb1083c9a7f41fb955b8b916d455426e7632
u02-s002-v009,question,authoringIntent,9,27,058235b5ef52d0dd55745ba99f9b0556078cda2e842ae281d1e4dfcee2dd67b5
u02-s002-v009,question,reviewStatus,22,22,ec809598e2f7fcc69fad54c9cd045bba62b4a0dc7c0ff90d4efdc3788c9ad8fb
u02-s002-v009,question,contentSha256,64,64,e4aa6fbcf6eb9d72807b83828bf7f8f574f5b98f2c21b6aacf8db7175396d0c6
u02-s002-v009,question,contentAuthority,25,25,ed40f75ffe3d6ad4e71f6e7919d063410490de360edb425965eccd605ca9d79e
u02-s002-v010,question,questionId,13,13,f8ddc5ace0b37753c770623be794b0b5c1a8421abd05a487451dc871ddc4f792
u02-s002-v010,question,unitId,3,3,95b6504a8bd60df3a9a19ef2c504ac03429b325e9b81f0d701d07bdf6def6afb
u02-s002-v010,question,topicId,11,11,6f58a76cc1c202fbf60a6add57c6c99044e1e3af47cd9e0d4b5f88b1665e3020
u02-s002-v010,question,skillId,24,24,ae819c1ad6847a500ae0c6f6cb9dc4153835dced5391ed6eeb9fa8589795e65b
u02-s002-v010,question,difficulty,8,8,578756ca4aa16d8872610a5aaa78460fd30fbe93379ff7284fe65d66ca606755
u02-s002-v010,question,type,2,2,6bc0f9c4ecb0acbebf1b9f6c816bdd66f4885f67c917d9e141cf893014fba936
u02-s002-v010,question,visualMode,9,9,9c7d54b0bf7a9369d8594201c7b11955514343809d09fbec33966c1fd9794015
u02-s002-v010,question,sourceScope,19,19,a4b669ddb8ef1883391c07a7b633f12eeaeecee7ec37c09eea4931aff6644346
u02-s002-v010,question,text,44,118,bb616c5451952d80f75b09348efc29ef0550028bca1609da9d59aa0750df1a0a
u02-s002-v010,question,choices[0],15,34,252a2d906b722427352ed0b2257449554119d5cbc5ed6f3af7a50cdb0716585b
u02-s002-v010,question,choices[1],12,36,2214ca517cc7a3a0c299bab247de47555bf3f0de205ada5f41fe7784528ca67c
u02-s002-v010,question,choices[2],16,31,bc484eff3a4ac6ba4a501bb55ab986ca0575984d6ef95356d968a03593b1c992
u02-s002-v010,question,choices[3],10,19,7194fb622c5b1289d569a490186bc8502c112cf2934d47f75d71dda8d089009c
u02-s002-v010,question,explanation,71,191,c14802b2e090f4d54567c527a44b864414498dcedb2280b5123b98f7bf95aabc
u02-s002-v010,question,steps[0],19,39,e9e6baba71ee4af2b25c296fc00d301837ee8acb6aa42f8983e2a5a032f4a220
u02-s002-v010,question,steps[1],22,62,bc8ce5ea7bbe306437f16c15dcacfc534412b41697b98bfd6913cfe05980bc9b
u02-s002-v010,question,optionAnalysis[0].choice,15,34,252a2d906b722427352ed0b2257449554119d5cbc5ed6f3af7a50cdb0716585b
u02-s002-v010,question,optionAnalysis[0].reason,17,40,2501ac927d6999855f582ea8ff61fa2be8c8fdd1dea43fbca7a4de14a29d4dd7
u02-s002-v010,question,optionAnalysis[1].choice,12,36,2214ca517cc7a3a0c299bab247de47555bf3f0de205ada5f41fe7784528ca67c
u02-s002-v010,question,optionAnalysis[1].reason,16,40,2824779fafb4d3a6c14cb3c3041f102773082683fd532bc30119ac50a18c3bee
u02-s002-v010,question,optionAnalysis[2].choice,16,31,bc484eff3a4ac6ba4a501bb55ab986ca0575984d6ef95356d968a03593b1c992
u02-s002-v010,question,optionAnalysis[2].reason,8,24,895caeccd7e64f0d7584d421ec0fcc64909226172a89f772bee502f5b7e994f2
u02-s002-v010,question,optionAnalysis[3].choice,10,19,7194fb622c5b1289d569a490186bc8502c112cf2934d47f75d71dda8d089009c
u02-s002-v010,question,optionAnalysis[3].reason,15,24,ec32ad197a764d8bfa702d567dc1e345ca23231f2c2b2e9edb5e73344ea44f02
u02-s002-v010,question,commonMistake,15,45,78584ff76529838daf0b29a7538ee802ea31d910a53f468778a67e69235176ea
u02-s002-v010,question,concept,20,54,3a5ab5f61257de4000b16c0c47e088ca43f65fbd509be6771d2ee00bf1d184d8
u02-s002-v010,question,tags[0],3,9,fd41540cbdbecb9b5fa7116d27c68e378548ab62ab7c7ca4494730a81ea87667
u02-s002-v010,question,tags[1],5,15,dc0552b0a5f47fc4c19676b3f5a6f94d0efe6ddbc2dedef5e2b1bb58fb698fb2
u02-s002-v010,question,tags[2],8,8,578756ca4aa16d8872610a5aaa78460fd30fbe93379ff7284fe65d66ca606755
u02-s002-v010,question,estimatedTimeSec,2,2,39fa9ec190eee7b6f4dff1100d6343e10918d044c75eac8f9e9a2596173f80c9
u02-s002-v010,question,prerequisiteSkillIds[0],24,24,1eda19f7e2480bd4624c29c38090bb1083c9a7f41fb955b8b916d455426e7632
u02-s002-v010,question,authoringIntent,11,33,2188adb575bac3dcfc0f263f088a05a6098be637a0bd777545be4a90bcdbdada
u02-s002-v010,question,literacyContextNecessity,38,100,c2230323b6415476d08d7f5e296d545a7f396efb2e67f9aeb58f254afa90b235
u02-s002-v010,question,reviewStatus,22,22,ec809598e2f7fcc69fad54c9cd045bba62b4a0dc7c0ff90d4efdc3788c9ad8fb
u02-s002-v010,question,contentSha256,64,64,ec16d6733a8187c70b392d56d333e66b90709f69d206e0f2ca5c5c26676446cc
u02-s002-v010,question,contentAuthority,25,25,ed40f75ffe3d6ad4e71f6e7919d063410490de360edb425965eccd605ca9d79e
u02-s002-v011,question,questionId,13,13,ca1f1f05e3cdda62e5d3e42916b5b56603c0338aef460edd77ed7388845ef2b9
u02-s002-v011,question,unitId,3,3,95b6504a8bd60df3a9a19ef2c504ac03429b325e9b81f0d701d07bdf6def6afb
u02-s002-v011,question,topicId,11,11,6f58a76cc1c202fbf60a6add57c6c99044e1e3af47cd9e0d4b5f88b1665e3020
u02-s002-v011,question,skillId,24,24,ae819c1ad6847a500ae0c6f6cb9dc4153835dced5391ed6eeb9fa8589795e65b
u02-s002-v011,question,difficulty,8,8,578756ca4aa16d8872610a5aaa78460fd30fbe93379ff7284fe65d66ca606755
u02-s002-v011,question,type,2,2,6bc0f9c4ecb0acbebf1b9f6c816bdd66f4885f67c917d9e141cf893014fba936
u02-s002-v011,question,visualMode,9,9,9c7d54b0bf7a9369d8594201c7b11955514343809d09fbec33966c1fd9794015
u02-s002-v011,question,sourceScope,19,19,a4b669ddb8ef1883391c07a7b633f12eeaeecee7ec37c09eea4931aff6644346
u02-s002-v011,question,text,47,121,55ee8950b60941772c3a90859dd41b87bfe8c4913788c9ab8c19716479e20d3a
u02-s002-v011,question,choices[0],2,2,031b4af5197ec30a926f48cf40e11a7dbc470048a21e4003b7a3c07c5dab1baa
u02-s002-v011,question,choices[1],2,2,02d20bbd7e394ad5999a4cebabac9619732c343a4cac99470c03e23ba2bdc2bc
u02-s002-v011,question,choices[2],2,2,3e1e967e9b793e908f8eae83c74dba9bcccce6a5535b4b462bd9994537bfe15c
u02-s002-v011,question,choices[3],2,2,c837649cce43f2729138e72cc315207057ac82599a59be72765a477f22d14a54
u02-s002-v011,question,explanation,66,137,4391a0e9b90afd9072bf0aa2042593e1b7435538ba4f9d5d662d6415e15bcf78
u02-s002-v011,question,steps[0],23,30,2adce18d9422af731393ba2644dd74a7513fdcc4faf489c4be8a894b40135d6c
u02-s002-v011,question,steps[1],23,51,6bd41c99f9e6594bf9e698188c536a296684377048756c4552512229ae107d50
u02-s002-v011,question,optionAnalysis[0].choice,2,2,031b4af5197ec30a926f48cf40e11a7dbc470048a21e4003b7a3c07c5dab1baa
u02-s002-v011,question,optionAnalysis[0].reason,11,21,4c273144484f1e0f87b24dedd9da1cb3381fcbaf90367898e38e4c99755bc27d
u02-s002-v011,question,optionAnalysis[1].choice,2,2,02d20bbd7e394ad5999a4cebabac9619732c343a4cac99470c03e23ba2bdc2bc
u02-s002-v011,question,optionAnalysis[1].reason,11,21,e982d406937c726a4ec0df8c515aa1b612b0d920b351324dabe308080c608c3a
u02-s002-v011,question,optionAnalysis[2].choice,2,2,3e1e967e9b793e908f8eae83c74dba9bcccce6a5535b4b462bd9994537bfe15c
u02-s002-v011,question,optionAnalysis[2].reason,7,15,1c1bc453d0a789b25c70ed4b7a79aa8c674331be57158fc16054db2c53dc9921
u02-s002-v011,question,optionAnalysis[3].choice,2,2,c837649cce43f2729138e72cc315207057ac82599a59be72765a477f22d14a54
u02-s002-v011,question,optionAnalysis[3].reason,11,21,1bc8a7b502c361648407448698587f0ec97291267724ac138959adc395605c13
u02-s002-v011,question,commonMistake,15,45,438605612823588dc1332fdc6e49087456ce8c15e05aba5857c4dbacfcd5d839
u02-s002-v011,question,concept,18,54,c9cc1bad81d9a89a184e3106d816235e2ec81bd3bee867f7e1a4b5c46f78f6fb
u02-s002-v011,question,tags[0],3,9,fd41540cbdbecb9b5fa7116d27c68e378548ab62ab7c7ca4494730a81ea87667
u02-s002-v011,question,tags[1],5,15,dc0552b0a5f47fc4c19676b3f5a6f94d0efe6ddbc2dedef5e2b1bb58fb698fb2
u02-s002-v011,question,tags[2],8,8,578756ca4aa16d8872610a5aaa78460fd30fbe93379ff7284fe65d66ca606755
u02-s002-v011,question,estimatedTimeSec,2,2,39fa9ec190eee7b6f4dff1100d6343e10918d044c75eac8f9e9a2596173f80c9
u02-s002-v011,question,prerequisiteSkillIds[0],24,24,1eda19f7e2480bd4624c29c38090bb1083c9a7f41fb955b8b916d455426e7632
u02-s002-v011,question,authoringIntent,9,27,ba5e2562305d8830c9765525d4bb6372e3affa3346a95bb2893ea88197143329
u02-s002-v011,question,literacyContextNecessity,30,90,5941c848435875fe82aebed8afbd9ffa595e457fd9682668bc7d396af526a6d4
u02-s002-v011,question,reviewStatus,22,22,ec809598e2f7fcc69fad54c9cd045bba62b4a0dc7c0ff90d4efdc3788c9ad8fb
u02-s002-v011,question,contentSha256,64,64,92787020822b516b74fae420faea9e8d505246b64389042e09aec09962b91da0
u02-s002-v011,question,contentAuthority,25,25,ed40f75ffe3d6ad4e71f6e7919d063410490de360edb425965eccd605ca9d79e
u02-s002-v012,question,questionId,13,13,a2df3e5a4f337f1ce65daff6508ca2722da5109413a1971c7a2c57c7bd62c1e3
u02-s002-v012,question,unitId,3,3,95b6504a8bd60df3a9a19ef2c504ac03429b325e9b81f0d701d07bdf6def6afb
u02-s002-v012,question,topicId,11,11,6f58a76cc1c202fbf60a6add57c6c99044e1e3af47cd9e0d4b5f88b1665e3020
u02-s002-v012,question,skillId,24,24,ae819c1ad6847a500ae0c6f6cb9dc4153835dced5391ed6eeb9fa8589795e65b
u02-s002-v012,question,difficulty,8,8,578756ca4aa16d8872610a5aaa78460fd30fbe93379ff7284fe65d66ca606755
u02-s002-v012,question,type,2,2,6bc0f9c4ecb0acbebf1b9f6c816bdd66f4885f67c917d9e141cf893014fba936
u02-s002-v012,question,visualMode,9,9,9c7d54b0bf7a9369d8594201c7b11955514343809d09fbec33966c1fd9794015
u02-s002-v012,question,sourceScope,19,19,a4b669ddb8ef1883391c07a7b633f12eeaeecee7ec37c09eea4931aff6644346
u02-s002-v012,question,text,45,115,33625edcac2967f472b2bada4a7dbff4cd9927254df35e804ff1a91b51150e65
u02-s002-v012,question,choices[0],6,12,fe6a7ceb523af318f43363e453ea39dbbca59b20417aac3dc9e1d851047b9d5b
u02-s002-v012,question,choices[1],6,12,d866a0ee28a5da416f631b62b44278782ce63162c534aaeda0312e8e6b97e4e5
u02-s002-v012,question,choices[2],7,13,de4f6fceb8ba26d51bfc9217e820f251c7f5472cbe7c089e258aea94872f35e4
u02-s002-v012,question,choices[3],9,27,e3e6eeb09496252126f540c93f09860094debc6d5cf1de698745394c05062629
u02-s002-v012,question,explanation,54,150,1c93c6b4c8cf4107105e1790d5f8b9804c30b9d541797c371d43b534e248da4d
u02-s002-v012,question,steps[0],6,12,298d2870564f2b8b0ab4f52d34284e8701194ee8e2146001a1febd76ae08b86c
u02-s002-v012,question,steps[1],21,57,e58b1d41eba7fd698548e5aa3df2f6a2a2da9e521d1b98ff257ba92c5a5a84b6
u02-s002-v012,question,optionAnalysis[0].choice,6,12,fe6a7ceb523af318f43363e453ea39dbbca59b20417aac3dc9e1d851047b9d5b
u02-s002-v012,question,optionAnalysis[0].reason,9,18,6ad8e98c4ddfffb31e7d114a43d4d2883eddbc89ac9b4f5f6268ce65e22dda28
u02-s002-v012,question,optionAnalysis[1].choice,6,12,d866a0ee28a5da416f631b62b44278782ce63162c534aaeda0312e8e6b97e4e5
u02-s002-v012,question,optionAnalysis[1].reason,9,18,645f3c28ae376925a492e6d5f980b8cc6d40400118f66c34510ba12c78515064
u02-s002-v012,question,optionAnalysis[2].choice,7,13,de4f6fceb8ba26d51bfc9217e820f251c7f5472cbe7c089e258aea94872f35e4
u02-s002-v012,question,optionAnalysis[2].reason,11,27,60a961ff4b4af60ab99916360922d0e3af7ab95367207f338c037fe8ebfdf633
u02-s002-v012,question,optionAnalysis[3].choice,9,27,e3e6eeb09496252126f540c93f09860094debc6d5cf1de698745394c05062629
u02-s002-v012,question,optionAnalysis[3].reason,13,39,77b5c4c5d1eeff00928041f34badc48afcda1ff88d56c5edf2c967ff17d5a7cd
u02-s002-v012,question,commonMistake,22,52,38c7cb83a7b2dd16f697670b2b77173152fe877ab0d9bd6c7f08ea96bd232541
u02-s002-v012,question,concept,12,31,dee25446ba298ae45abe20c1bbdcbcb512ecfed1d69594fe0975b7db94d7d3b6
u02-s002-v012,question,tags[0],3,9,fd41540cbdbecb9b5fa7116d27c68e378548ab62ab7c7ca4494730a81ea87667
u02-s002-v012,question,tags[1],5,15,dc0552b0a5f47fc4c19676b3f5a6f94d0efe6ddbc2dedef5e2b1bb58fb698fb2
u02-s002-v012,question,tags[2],8,8,578756ca4aa16d8872610a5aaa78460fd30fbe93379ff7284fe65d66ca606755
u02-s002-v012,question,estimatedTimeSec,2,2,39fa9ec190eee7b6f4dff1100d6343e10918d044c75eac8f9e9a2596173f80c9
u02-s002-v012,question,prerequisiteSkillIds[0],24,24,1eda19f7e2480bd4624c29c38090bb1083c9a7f41fb955b8b916d455426e7632
u02-s002-v012,question,authoringIntent,11,33,c2c9b01b9e67c22084579fcd3ce1a3d9f803faf1b4bd057882b4e5b04bf7d4aa
u02-s002-v012,question,literacyContextNecessity,36,96,a14f1ab37d976ee97a6b7cb51f7f8ecd422cbed226b74682512d8da2f2b4e0e0
u02-s002-v012,question,reviewStatus,22,22,ec809598e2f7fcc69fad54c9cd045bba62b4a0dc7c0ff90d4efdc3788c9ad8fb
u02-s002-v012,question,contentSha256,64,64,add04477d1f6ae4ed61df759c8c1cae22e0d53c2fe54423cb75fd17da180e50f
u02-s002-v012,question,contentAuthority,25,25,ed40f75ffe3d6ad4e71f6e7919d063410490de360edb425965eccd605ca9d79e
u02-s002-cr001,question,questionId,14,14,312260e117dae7154f6e67c0ea662eda1717cca89e5a2d7390d809906c30f393
u02-s002-cr001,question,unitId,3,3,95b6504a8bd60df3a9a19ef2c504ac03429b325e9b81f0d701d07bdf6def6afb
u02-s002-cr001,question,topicId,11,11,6f58a76cc1c202fbf60a6add57c6c99044e1e3af47cd9e0d4b5f88b1665e3020
u02-s002-cr001,question,skillId,24,24,ae819c1ad6847a500ae0c6f6cb9dc4153835dced5391ed6eeb9fa8589795e65b
u02-s002-cr001,question,difficulty,8,8,fe6d3468cf5c74d8ec2a95b40f2e05338c37a4202f8fad692d2b64a9cf9b468a
u02-s002-cr001,question,type,20,20,e519496c259191db041ac61161dbfadb673dd94a10a123ed7423adcf7968ae7c
u02-s002-cr001,question,visualMode,9,9,9c7d54b0bf7a9369d8594201c7b11955514343809d09fbec33966c1fd9794015
u02-s002-cr001,question,prompt,31,87,b5079cdc2559e7f52ea26d210bd443603b92e5333fa51f1d8a41d9d94a757544
u02-s002-cr001,question,requiredWork[0],11,33,a5cc3154c6634309baeab1e0ad4f935852218e9f8210e8f60b024161593ad709
u02-s002-cr001,question,requiredWork[1],10,30,306bac152e4e174df89e5fe57561f6c81a25d7c6a525694e5d5b00a5e8d3dde7
u02-s002-cr001,question,fullCreditSolution[0],12,32,3fdbcce8ca9cb6981fc7282782dd009234456fb684bef6d93804bd303e0c57f8
u02-s002-cr001,question,fullCreditSolution[1],27,79,99f61d051b4a937088a1e1e6a5fac82bd3d611f9b3bc80275d9c74351dca8005
u02-s002-cr001,question,fullCreditSolution[2],16,37,9a124447c518af3fd85920bfb3238099f1e6469c24ab469b1a99584d1faf88e4
u02-s002-cr001,question,alternativeSolutions[0],22,64,479fabdfa64dd04e4ee8b7ceb86be4654e7474a1d5b08f99d1374b6dbe5e55ab
u02-s002-cr001,question,rubric[0].criteria,19,55,6d35a8c18a0099515ddbc7df0bccf9fc5335ef52e9291c963f4c30d151b6abe9
u02-s002-cr001,question,rubric[1].criteria,17,51,adccc0498ee8d556b9dec6fb6342ca6b0b45abf33a61d0dbc6000f97b2494c35
u02-s002-cr001,question,rubric[2].criteria,14,40,b52f37183b6eb9618b665987df5aa26a85d516c858ed5d442b665ae0821fa2b8
u02-s002-cr001,question,rubric[3].criteria,10,28,e2030d49ba9b7812cf6fb99c9347b928f564471333c93e277fc1990d7b0a267d
u02-s002-cr001,question,scoringNotes[0],14,42,1bfc39c4547f17ed6d199f011fae6363e022bf7419e2f84364d6a75b4fcb4b39
u02-s002-cr001,question,commonErrors[0],7,19,c3d7e22a932c1eceb69d02d7e629f963f4c41d31a266ce91bde817d410854729
u02-s002-cr001,question,commonErrors[1],11,31,d95cb95e15b66f53dfeac630b96e21c00260c39627798950121fc90beb995acd
u02-s002-cr001,question,independentReview.derivedResult,16,42,e3907150cc42f939e2332ddb983398bca7a59d86b95c9cc2b7cfa6c0f14e5c07
u02-s002-cr001,question,independentReview.ambiguity,13,39,a002cc7730a51394b314637b0319ebef4fcc15c200e373b3295a24c89981de0a
u02-s002-cr001,question,independentReview.decision,4,4,d74ff0ee8da3b9806b18c877dbf29bbde50b5bd8e4dad7a3a725000feb82e8f1
u02-s002-cr001,question,contentSha256,64,64,f7fb951dc2171cbb33e9379c75aef51bdeef60f1881d1e7a53e6bd8575a394d5
u02-s002-cr001,question,contentAuthority,25,25,ed40f75ffe3d6ad4e71f6e7919d063410490de360edb425965eccd605ca9d79e
u02-s002-cr002,question,questionId,14,14,f5d1e104b3b1eb9351152b1f2037969c6201090a7bdf028307e924e178c1f9e4
u02-s002-cr002,question,unitId,3,3,95b6504a8bd60df3a9a19ef2c504ac03429b325e9b81f0d701d07bdf6def6afb
u02-s002-cr002,question,topicId,11,11,6f58a76cc1c202fbf60a6add57c6c99044e1e3af47cd9e0d4b5f88b1665e3020
u02-s002-cr002,question,skillId,24,24,ae819c1ad6847a500ae0c6f6cb9dc4153835dced5391ed6eeb9fa8589795e65b
u02-s002-cr002,question,difficulty,8,8,d21f85ea38166303ce58e06134b5cc4a5c900c409ab2a500ff7c9225109a09bb
u02-s002-cr002,question,type,20,20,e519496c259191db041ac61161dbfadb673dd94a10a123ed7423adcf7968ae7c
u02-s002-cr002,question,visualMode,9,9,9c7d54b0bf7a9369d8594201c7b11955514343809d09fbec33966c1fd9794015
u02-s002-cr002,question,prompt,27,71,6d4d464220eb67492e80d01292c8d59b7e9b9f33100a073e15cb8c02344bcc5c
u02-s002-cr002,question,requiredWork[0],17,45,542d8d93003f69b6b1623dba1c2b961d4e9d8857fbc8ca0ebfa8de75acf414a1
u02-s002-cr002,question,requiredWork[1],10,30,7272c68dd10a575cce65887d57f54db6c78f62e9c6ba8186b5a7c1f29a41acae
u02-s002-cr002,question,fullCreditSolution[0],28,54,5638e21e3830185a7fed3211def6e9be1bf866175ffb7c23ace5352a39eb9acf
u02-s002-cr002,question,fullCreditSolution[1],19,39,48dc692f6a0080f2988e61c83f9f023e9aa9f74a2decba5f7101ea6483a9294c
u02-s002-cr002,question,fullCreditSolution[2],19,34,f21f90c2abb7047a7d5500622a8b93ed852273e0e0b5912790505dac98c57547
u02-s002-cr002,question,alternativeSolutions[0],28,63,7fb5a9a64271bb064503500ede274c7cbb7b5f110fbeefb9a17e97080eb44208
u02-s002-cr002,question,rubric[0].criteria,16,39,55468cd11f6321cb347c7785213641c7752bf83c74c78fea4c6431cd01f734c4
u02-s002-cr002,question,rubric[1].criteria,20,56,d41b78cb135bb285ad942f2d5fdd45d44ae816d0c16c31e85e76ac8f9202e595
u02-s002-cr002,question,rubric[2].criteria,20,60,fe0e0f951182481ed49b38be2b5750f28842454d6b67f57532100ac10d83018e
u02-s002-cr002,question,rubric[3].criteria,10,30,99ba41095a441f34058e749d0c59b0dbf9f8a4ea929b00467b59baa86a0fe10d
u02-s002-cr002,question,scoringNotes[0],18,46,5e0b73fa41a001a1f99752a652bd709054c100060a09a726c0f80ee70f4d9e8d
u02-s002-cr002,question,commonErrors[0],10,28,898ce9c975eff9dffc8d87afc3c1b8fc858d0db7c84c86dff4b0bc01f2467f92
u02-s002-cr002,question,commonErrors[1],11,29,9d13f47cb54600cc58d70d16cf97abd6b8af31f486fc513959c8cd7ef602c8c4
u02-s002-cr002,question,independentReview.derivedResult,14,25,c86aa2a6213c13b2fb452d758c6b1c77f31e4f590bdc222c1d4b8d7914dbbac9
u02-s002-cr002,question,independentReview.ambiguity,13,39,a002cc7730a51394b314637b0319ebef4fcc15c200e373b3295a24c89981de0a
u02-s002-cr002,question,independentReview.decision,4,4,d74ff0ee8da3b9806b18c877dbf29bbde50b5bd8e4dad7a3a725000feb82e8f1
u02-s002-cr002,question,contentSha256,64,64,59d1eaf09ed8d106e3c6ca01ba4084c461a43386c8be4f7d172d19e8aaf31eeb
u02-s002-cr002,question,contentAuthority,25,25,ed40f75ffe3d6ad4e71f6e7919d063410490de360edb425965eccd605ca9d79e
