artifactId,artifactType,fieldPath,unicodeCharacterCount,utf8ByteCount,utf8Sha256
u01-s010-lecture-r1,lecture,lectureId,19,19,4bf50f7961a7ba95c18e541b90c1a34995efa4dabfc92532cd71fea9527da27a
u01-s010-lecture-r1,lecture,unitId,3,3,2055254ee30aaae13b777732834c89d7f799015d3af13b62fe05aeef8c3e0eaa
u01-s010-lecture-r1,lecture,topicId,22,22,3c671d5dc19382bd451c9b89831e7ad7186214a0e19ae625c41a0741a4e4fa19
u01-s010-lecture-r1,lecture,skillId,31,31,081dc09fa04adf2a41b0bce921424346fd614e26bfbc29f8a6b27a7c131c8df1
u01-s010-lecture-r1,lecture,title,19,57,da6cd18c3e750ba3b5e097054267e2601c1014338163314e79c706ba08ce74a9
u01-s010-lecture-r1,lecture,audience,10,30,e6b4416fbd9f36797de01256b31a4d6f6314e126fde8495e25792c814f64fc5f
u01-s010-lecture-r1,lecture,reviewStatus,22,22,ec809598e2f7fcc69fad54c9cd045bba62b4a0dc7c0ff90d4efdc3788c9ad8fb
u01-s010-lecture-r1,lecture,learningOutcomes[0],14,42,2a066f1a967194aae525d558d90d55bf4fad780fb7d4887d7f561c9fe237483b
u01-s010-lecture-r1,lecture,learningOutcomes[1],11,33,a133e2084fa2518260a0af1408dd9defa57dc5a7304f7a2b7d6a2e0975fa2e03
u01-s010-lecture-r1,lecture,learningOutcomes[2],12,36,253ad2c960c18087e039a06587f0850a542babcff1f4c0794f310060aa15a5a5
u01-s010-lecture-r1,lecture,learningOutcomes[3],10,30,c863d56968b33769f5975651cbb43d260d92012c7cd4748756e3c4297fd6ab89
u01-s010-lecture-r1,lecture,learningOutcomes[4],15,45,5e4ad9d23d5d3a1b08365dec20430141a3194ff3d6c76f429a625be66ec3cd22
u01-s010-lecture-r1,lecture,prerequisites[0].skillId,19,19,e173f689da5d11729b90ffa7f9e3d8cdb791c0c85134111ea5ef0471f1d91adb
u01-s010-lecture-r1,lecture,prerequisites[0].requiredLevel,23,69,fa52316cd81087a8a31678192a28a058ea354fc439f2971384778bb71f1d8af6
u01-s010-lecture-r1,lecture,glossary[0].term,2,6,33e96a0fbd64832b35dcda6db3074bc35aad5725ecdb2909775f3281e557a7ba
u01-s010-lecture-r1,lecture,glossary[0].definition,8,24,5da149180967f9a56130f8cb7450403a69b398426b907718c0d5682ceb1f37eb
u01-s010-lecture-r1,lecture,glossary[1].term,2,6,8e81c1c08e9b378e937895d0c5513abbe7468b312277ce7ab2ce9dfcd7bb6b28
u01-s010-lecture-r1,lecture,glossary[1].definition,6,18,287bea96aad4b49422435099a2012abbd5329febf060967b5e5698354ba45fa8
u01-s010-lecture-r1,lecture,glossary[2].term,3,9,eabe19cb426158c9c60f800ac7fc65bb0f9f628657cfc8b3366d737aae8754fe
u01-s010-lecture-r1,lecture,glossary[2].definition,13,39,145c18e91e72db0169346700d39f9980e276aa40a049729c5a8cdb075b8d57e3
u01-s010-lecture-r1,lecture,glossary[3].term,2,6,c80999022b5120c75f8482c8d492f6e15905d4fcc50326a320301e0113c12c46
u01-s010-lecture-r1,lecture,glossary[3].definition,19,53,29a41d2d3f4b07c929d90a2a25772823ba0f5d8f2e7477321413f37eb31ab823
u01-s010-lecture-r1,lecture,glossary[4].term,1,3,537ee404352f15afec685f195dc39a7c21fb05d5f6d8aee1f85e30261c0ba9c6
u01-s010-lecture-r1,lecture,glossary[4].definition,7,21,ea281ad95fff023b666cdc51f54cbcf78985287a19a23df0f9f2ab01cd7afd99
u01-s010-lecture-r1,lecture,notation[0].symbol,3,4,56e6dfa99eef34f58c310c22a63e2e1538b954c5271cc3416ce759b676ce809f
u01-s010-lecture-r1,lecture,notation[0].meaning,9,17,930850cbea979a9232d9ce82eebc7c6573733028b4dc8d432c601aed71091e08
u01-s010-lecture-r1,lecture,notation[1].symbol,3,4,d856fe97dbd532dafb650a335da4a97066e890ee97ab98ed3817bd4a38fca7c6
u01-s010-lecture-r1,lecture,notation[1].meaning,11,21,d16b8cb24ce38aa3d0b20666836862c0294ddba68d3a021d29d4de1dc4a7a52a
u01-s010-lecture-r1,lecture,notation[2].symbol,6,6,b40ed74681bda6080dbb2be5a3d50bda51ece35bd299d72eda14a3e5f7e715dc
u01-s010-lecture-r1,lecture,notation[2].meaning,17,51,86a719936f3fe190f67dd5df08e81da73e3abf1144787712ef7179a07c6c7db8
u01-s010-lecture-r1,lecture,conceptNarrative[0],36,108,335a4ed2138239bca3f8c83b0ff3a2a6264c75874dfc59d55c94b777e5347564
u01-s010-lecture-r1,lecture,conceptNarrative[1],33,99,3a7e27ea45a61b8a56a5ef481fa746d7683db3e47a675390b885d9371250914f
u01-s010-lecture-r1,lecture,conceptNarrative[2],36,104,5a1b16ca029bd5fef855e994e113034feb60b104322090bdccdab8f66ec39a1e
u01-s010-lecture-r1,lecture,conceptNarrative[3],29,63,29e9e6e7e177535ca0511038f8a72f1455ed4cf365e0fad522c41d85a75aec7c
u01-s010-lecture-r1,lecture,formalDefinitions[0].name,6,18,022f07e3a9550e28ae8780a5b6f7ba8397548f95d2fe953a59229dad9064f846
u01-s010-lecture-r1,lecture,formalDefinitions[0].statement,18,54,60eb59a291ae412df85736914fcf706701e84c62dfad3e1a7c3bb16103e76849
u01-s010-lecture-r1,lecture,formalDefinitions[1].name,6,18,7803a63e4f043ff8bde225a2c3b2263579584618a88442e3b522df49e6dcc31b
u01-s010-lecture-r1,lecture,formalDefinitions[1].statement,18,54,b8a295a2256849a659f16f3ff2b971df279b2aaa2ae4c27b11b1eaf2fd280e18
u01-s010-lecture-r1,lecture,formalDefinitions[2].name,4,12,16ef67e5125b8d5612e81822cb624c94c1002363050e4ba6d70d922342ffdc72
u01-s010-lecture-r1,lecture,formalDefinitions[2].statement,13,29,5ff14e93bfd42b5ec0d4972e626d8a2413526cc7843f565d3b2d0ab375ca1b2b
u01-s010-lecture-r1,lecture,formalDefinitions[3].name,4,12,92ad5a2f2a06d5608fd2da5158ce1616d2d865c0021c09469eef911ffdbfe8db
u01-s010-lecture-r1,lecture,formalDefinitions[3].statement,8,20,48ecc6939a0a551bdc1b6f4b86bb175f36a469aaa7c242a7fe2d887b732c4fcc
u01-s010-lecture-r1,lecture,formulas[0].formula,11,11,099f3161cd3d3185850534efc4b2504b67c13fe9c91779ddb47d18da314d1597
u01-s010-lecture-r1,lecture,formulas[0].conditions[0],5,9,e419d6bc3054192ed34c9393f400262df7058a6defd2c02f7e4265922a3c41a8
u01-s010-lecture-r1,lecture,formulas[0].meaning,10,30,30b8a6399a5c0c065538e8343512368feb351efd22ab5594e69490b770dde28f
u01-s010-lecture-r1,lecture,formulas[1].formula,11,11,50ba45b87edfe15f549434265f2bef00507735867ce3ab3c70577e39421cdf6a
u01-s010-lecture-r1,lecture,formulas[1].conditions[0],5,9,e419d6bc3054192ed34c9393f400262df7058a6defd2c02f7e4265922a3c41a8
u01-s010-lecture-r1,lecture,formulas[1].meaning,7,21,255b15f68a04f3166bd945a54ea9595000cf7c9fb7663660cef2954b12e86547
u01-s010-lecture-r1,lecture,formulas[2].formula,13,17,5270e830337fa891b5deaa5538a8d5c43b6d1ae04b0f57407089a510e6e9cf87
u01-s010-lecture-r1,lecture,formulas[2].conditions[0],3,5,560606b230c5d9e1427f9a2cbc060868f5fe29b2d6f7ac0868fa9c81a01845a0
u01-s010-lecture-r1,lecture,formulas[2].meaning,5,15,f9553c677800d4f34c5c566d6758b825521387c80a85f8868391a7d72e713f6c
u01-s010-lecture-r1,lecture,nonApplicableCases[0],10,24,3f3249c5df3f4f9afb155bfed0f197c15fc0e466bfd8b1ef441dfa1bd9ad2fc7
u01-s010-lecture-r1,lecture,nonApplicableCases[1],14,28,35a998df110d1277ed9899ef5337b7bb29d460900d45d56878f1488bf14ab827
u01-s010-lecture-r1,lecture,nonApplicableCases[2],23,69,2aa3ad8ae65ed6bd41accca71c448eed68f22513cf42e7a0e4ae3427548edc07
u01-s010-lecture-r1,lecture,nonApplicableCases[3],19,57,0bc1a3cd9511716ba11c0e0c2df8a2f9f4fa241f03eb9b870a88bca19db9e710
u01-s010-lecture-r1,lecture,method[0].instruction,12,36,56bd63bf8ebda8c70a3778d9e8e250bfa63990ad09c37142ccd645c7d514196e
u01-s010-lecture-r1,lecture,method[0].check,7,21,3fb9bfd49e280aec3becc4e06130ff1d1ab53995523e794774f2c8da5c87cae8
u01-s010-lecture-r1,lecture,method[1].instruction,7,21,2a6f583b93c1fae66ffeb5eb8424a495e0f1f9f9caf900a23b03259012a25d00
u01-s010-lecture-r1,lecture,method[1].check,11,33,33da21da955836557a65502951ea8917f5d6f69eb7785da2091095bfc121b596
u01-s010-lecture-r1,lecture,method[2].instruction,10,30,3d56404db8fe1aa44f2dd872423ecded5c9f1fd6b597ca900dafbf0e696ed712
u01-s010-lecture-r1,lecture,method[2].check,12,36,5cb5539f5938764f5951e74b316c5139bd38d2a75f6ba9b302cce2d69b4fc05c
u01-s010-lecture-r1,lecture,method[3].instruction,7,21,bddd4011c05406776f9fc4bc5f278db6da5254308ce9d30a958157cf6e7e4619
u01-s010-lecture-r1,lecture,method[3].check,7,21,f622df0f6eb3fbcd7e29b55176a277729c4e79c53fb844e44fcbe78bce6775ce
u01-s010-lecture-r1,lecture,method[4].instruction,11,33,9378e7f0cd76a735125cb9c62d196fae27cfd9fa1169c167e24233fe02007913
u01-s010-lecture-r1,lecture,method[4].check,15,45,6e2ea9799d4ccc7cb654e70fb6eb757d99df666e9822da24bea4c8336a75f32a
u01-s010-lecture-r1,lecture,workedExamples[0].exampleId,2,2,dffe8596427fc50e8f64654a609af134d45552f18bbecef90b31135a9e7acaa0
u01-s010-lecture-r1,lecture,workedExamples[0].prompt,10,17,70d92ddedfa15109486b27b997f64086acd4b3060725f09f165f4212db4bca25
u01-s010-lecture-r1,lecture,workedExamples[0].solutionSteps[0],10,30,88ef14e502cde3424a5c2ac6cd6978b773e01f2e827343b1b977ee4f76d4afd2
u01-s010-lecture-r1,lecture,workedExamples[0].solutionSteps[1],7,10,5192ac25f0476ad0cec1b5abc36bf33fe3faf110bcda2f99807526a9f9aa19d0
u01-s010-lecture-r1,lecture,workedExamples[0].solutionSteps[2],7,13,d38c468351c6a8b6bd14d25a7ade96870f4e3ea05b4fc66e404714b9e953b2f9
u01-s010-lecture-r1,lecture,workedExamples[0].answer,4,6,7c746efc748a4d87bcb88ed6f84d3462e66300aa3032bd7c11f6d710373f397e
u01-s010-lecture-r1,lecture,workedExamples[1].exampleId,2,2,d76354d8457898445bb69e0dc0dc95fb74cc3cf334f8c1859162a16ad0041f8d
u01-s010-lecture-r1,lecture,workedExamples[1].prompt,14,21,025cb6851cc7f469375f61406546a004233ccafd4294b5bc8b62e0f643a5ff52
u01-s010-lecture-r1,lecture,workedExamples[1].solutionSteps[0],10,30,f909130af56d6740bf4bca09883d28a70414ce73656ded1532cc71faebe229f3
u01-s010-lecture-r1,lecture,workedExamples[1].solutionSteps[1],7,10,8b779e694650f47e072772d571c072fdc4bd4bbb490ada35e8b3faac89bc048b
u01-s010-lecture-r1,lecture,workedExamples[1].solutionSteps[2],5,11,b56a08ab942dd20e82a3b8ce00523b8b17555143cea9cbde9230afcaa35da20c
u01-s010-lecture-r1,lecture,workedExamples[1].answer,2,4,73664e8df719c3bf7b64f4505eba925282b0f262b53d09b4a1228b06388d33a2
u01-s010-lecture-r1,lecture,workedExamples[2].exampleId,2,2,842983de8fb1d277a3fad5c8295c7a14317c458718a10c5a35b23e7f992a5c80
u01-s010-lecture-r1,lecture,workedExamples[2].prompt,18,26,5462b23cb9fda57e441a53389c77c8f744905893a8c975e135d5f4b648cc95b7
u01-s010-lecture-r1,lecture,workedExamples[2].solutionSteps[0],13,39,741d04b427d764bce4a7cffc85d6be89a7c921a212b14c2c4772ea19d256210e
u01-s010-lecture-r1,lecture,workedExamples[2].solutionSteps[1],9,13,7a7b0e9545a0af754c594080c37c410f04d2ff247831aa9cc757dd1f49c3be2c
u01-s010-lecture-r1,lecture,workedExamples[2].solutionSteps[2],5,15,868398949992fb1bb1d0925ae03e3db15b220fbbbfa43b33c13deacf32ec31cc
u01-s010-lecture-r1,lecture,workedExamples[2].answer,4,6,13b146164984dbc5c83c2ce38f7a0c96b346dba4deb7656c31156bed0cde6212
u01-s010-lecture-r1,lecture,workedExamples[3].exampleId,2,2,4a5a97c6433c4c062457e9335709d57493e75527809d8a9586c141e591ac9f2c
u01-s010-lecture-r1,lecture,workedExamples[3].prompt,25,63,240596543e1d2452715b18e5b4b3e0e82fb3325d1774c2618688b0a20304610e
u01-s010-lecture-r1,lecture,workedExamples[3].solutionSteps[0],9,21,dc6a300731762998564b584081dd2d6de3c23de5bb6c6711ad72b665eb43b333
u01-s010-lecture-r1,lecture,workedExamples[3].solutionSteps[1],15,26,27040b8274d20887e741c36f03db1482db892a670c811c79300c998f1aaea9a9
u01-s010-lecture-r1,lecture,workedExamples[3].solutionSteps[2],7,13,0f9b1f1dc014ccb2decd3cb860da15ad95c82fc57d8bc0cd5cf610efba9ecaa0
u01-s010-lecture-r1,lecture,workedExamples[3].answer,7,13,2f50d6efe7a4f13eca4ca4d4d4ec91b8dcc4a1eccae21c26dd30a94a06b2ddd9
u01-s010-lecture-r1,lecture,commonMistakes[0].mistake,7,21,d8cab56976ce41494c6bb08a2d4ddf269cb3daeee648d372bddffbe8aed8c6a4
u01-s010-lecture-r1,lecture,commonMistakes[0].why,11,33,769b37da358dc2639fa149eea258df63858bf4ef1ae914eb42c898784b953862
u01-s010-lecture-r1,lecture,commonMistakes[0].correction,7,21,87f67c114ac00fda82048368ffc31600155f61738108e9bd37cb564b5950e8cc
u01-s010-lecture-r1,lecture,commonMistakes[1].mistake,7,21,d8b53a49b01145cceac05111fa37321eda7c454a7a75977ea56320eede79874d
u01-s010-lecture-r1,lecture,commonMistakes[1].why,12,36,7528305e60432e43ba66b71ed5503987e0bca51958fff87f121fa0fb31891493
u01-s010-lecture-r1,lecture,commonMistakes[1].correction,7,21,07a4d0aa8f5e4502a20c3593f2a64a7f8cce939153ceabc12f40738624639cfb
u01-s010-lecture-r1,lecture,commonMistakes[2].mistake,9,27,47c5686b5a7351e138076f078542bce1699fa63af115b5013d75aa4ba4aa44d2
u01-s010-lecture-r1,lecture,commonMistakes[2].why,15,45,98c0c49970180267ea6d47eeaf92971e58a52b4811bf6f2927b01b900db20e3b
u01-s010-lecture-r1,lecture,commonMistakes[2].correction,9,27,e7549f8223e46f5991e5bce6d21cbe8a119826d15fc368c3094caee003632183
u01-s010-lecture-r1,lecture,commonMistakes[3].mistake,9,20,3f61ef5703b41fa3720ee5e58c13207d8cfec453258c6a79a64b4670d5394301
u01-s010-lecture-r1,lecture,commonMistakes[3].why,9,27,8761a0557d352c950a556bd11fee99be8bc1a130e20f5b4e6f22bd72b4f0ecde
u01-s010-lecture-r1,lecture,commonMistakes[3].correction,17,36,e6c115f0e6cb29c040f6ef7a94e05a4bec7a1dfca5f29834b3531d39b96efa77
u01-s010-lecture-r1,lecture,commonMistakes[4].mistake,6,9,1a1c6de0d285ea6839fed6205e838a9ea722a708231101f1e6b1b58b49d05402
u01-s010-lecture-r1,lecture,commonMistakes[4].why,16,38,af100f5ef01fa2eca7bd6ef1217843770f58a8098c4e85f0999feec575076b7c
u01-s010-lecture-r1,lecture,commonMistakes[4].correction,10,24,3f3249c5df3f4f9afb155bfed0f197c15fc0e466bfd8b1ef441dfa1bd9ad2fc7
u01-s010-lecture-r1,lecture,commonMistakes[5].mistake,16,30,480752a13ba058d67c144863287b6b6e48d546d8cf13e1ff519d8bcd4df9c379
u01-s010-lecture-r1,lecture,commonMistakes[5].why,6,18,e299899debe8efff69bb1085b8632cad021b736e3b92e100a4915ffbad283c61
u01-s010-lecture-r1,lecture,commonMistakes[5].correction,9,27,afe6f111d71bd0f2ef50b44d868e376ab8a37660cf59275b0fad60a5fe2e1c25
u01-s010-lecture-r1,lecture,selfCheck[0],7,21,8422b8c4e1daa08cb6f1eab99ef1cff286b333b391e9f4115472b0accad6a153
u01-s010-lecture-r1,lecture,selfCheck[1],12,36,0f3700fbf37d93d2927099cf3b4f0b73d2b728ab7d3730278b752c3f2ad98700
u01-s010-lecture-r1,lecture,selfCheck[2],8,20,f884a12cdf3c6196753d4d5cc28a0895f7185a70d91fe05d7ac0150f78a6b23c
u01-s010-lecture-r1,lecture,selfCheck[3],9,27,ba3fe17827b8becc54afd74b05bdbc0aea2bd697b0a5af49198e885df5d98c47
u01-s010-lecture-r1,lecture,selfCheck[4],8,24,771d6ef60136baaead5f07e835dcfd70382dff2ced4e2ee8215e34cbe8ec0ffa
u01-s010-lecture-r1,lecture,summary[0],14,42,fab924adcd8654a146a6d97a7f40aece933e4c1c063c2cd593c5a4d3452a83dc
u01-s010-lecture-r1,lecture,summary[1],17,51,900c7e4a40a41189c9cbe340401474869b9d3575e213365febddb8cca4353077
u01-s010-lecture-r1,lecture,summary[2],11,23,e31b78a9ad83396a9f4219966d3ca296dc1a847d56f8b1e38f7462e17e7c1720
u01-s010-lecture-r1,lecture,summary[3],8,20,48ecc6939a0a551bdc1b6f4b86bb175f36a469aaa7c242a7fe2d887b732c4fcc
u01-s010-lecture-r1,lecture,connections.previous,18,54,6b9b89278ce7539f5de5b957b4935f66094ee294453a55cd587e3cfeda0b9bed
u01-s010-lecture-r1,lecture,connections.next[0],15,45,d15cbf0346dc0b37891d908061024c255dce1a55f98796005a9a4f9bd05cb257
u01-s010-lecture-r1,lecture,connections.next[1],10,30,e6ccba0a5c81064805495c1713c0af48380f7cefc640190f8ceea09a8ce37516
u01-s010-lecture-r1,lecture,connections.next[2],19,57,9b87f37f9e778e546526c357de56f9573e4783f733a0183156c64c12a789b3e6
u01-s010-lecture-r1,lecture,practiceLinks.mcQuestionIds[0],13,13,0843da9c0756d84e633c80ba7c4a1d8e4aa6ddaab771465bd40e54027623ca63
u01-s010-lecture-r1,lecture,practiceLinks.mcQuestionIds[1],13,13,3aac0b4bbcfd308c2ee4fa8e11318d99b8d5178154e15d8e562b4bcd9fadcac8
u01-s010-lecture-r1,lecture,practiceLinks.mcQuestionIds[2],13,13,b47276b3a8133f98a388dbba0a885aa14ffb1484e4f939bb8a486f87d16a2637
u01-s010-lecture-r1,lecture,practiceLinks.mcQuestionIds[3],13,13,0cae290e63c3d4b8b8620925726dc060e2961361712a3db914b2e70c22d74368
u01-s010-lecture-r1,lecture,practiceLinks.mcQuestionIds[4],13,13,8fc7d297ef339a085c8b0cafc41a33543802f0b72e249da925dca441f86595aa
u01-s010-lecture-r1,lecture,practiceLinks.mcQuestionIds[5],13,13,9054f4fce126e95ed120da2bffb867538f7d7fc9fbd41852b2b0dfbb831db588
u01-s010-lecture-r1,lecture,practiceLinks.mcQuestionIds[6],13,13,f477060a3dbba3d6eef0da6b5a33024e0d30d06e211434aac047853f272615b2
u01-s010-lecture-r1,lecture,practiceLinks.mcQuestionIds[7],13,13,6543422509d6145be7ffe50148f586568dbbc9089df09f727c16c2e9ee0cd3b4
u01-s010-lecture-r1,lecture,practiceLinks.mcQuestionIds[8],13,13,542f2abd34d5fdbcf0101c4ae6dc1a4a6bb2b9be25e3edd57b69716c45ceb9cd
u01-s010-lecture-r1,lecture,practiceLinks.mcQuestionIds[9],13,13,d593e0b0fc89c86a65cbbbb36ddda401b02b3dec16d893501dadd5ecdcb487ed
u01-s010-lecture-r1,lecture,practiceLinks.mcQuestionIds[10],13,13,cf6feb0970cfee9ef95b329430ce7032f32265d07fc636c1843b85391d50d66f
u01-s010-lecture-r1,lecture,practiceLinks.mcQuestionIds[11],13,13,82cbcb875ba77279001b8407023b0eaf75afb11c5bb48a65356db475ff741da9
u01-s010-lecture-r1,lecture,practiceLinks.constructedResponseIds[0],14,14,e884645f2d091b1346f9989b5779975f9977c89a7a2522e318c62c24d04fc097
u01-s010-lecture-r1,lecture,practiceLinks.constructedResponseIds[1],14,14,c5d7f2d63e25751e3b070fe96225c466eb36e39fefb137b8351b5a36a561dc9e
u01-s010-lecture-r1,lecture,lectureReview.mathematicalCorrectness,4,4,d74ff0ee8da3b9806b18c877dbf29bbde50b5bd8e4dad7a3a725000feb82e8f1
u01-s010-lecture-r1,lecture,lectureReview.zeroFoundationReadability,4,4,d74ff0ee8da3b9806b18c877dbf29bbde50b5bd8e4dad7a3a725000feb82e8f1
u01-s010-lecture-r1,lecture,lectureReview.scopeCheck,21,21,fdf8268f0373301b2fcc6331f1d8999b8aabea69681e8bc972ab9a21216a7606
u01-s010-lecture-r1,lecture,lectureReview.reviewNote,36,104,bfc25ea460abeecd21a113ee30fe4292128ea587b608197ca5720ec8755e1687
u01-s010-lecture-r1,lecture,lectureReview.reviewVersion,25,25,7ccbed064d3016b5353f553d3edb33b6627126acb00be43b039a8cbab00d7d69
u01-s010-lecture-r1,lecture,lectureReview.reviewedAt,10,10,14158d45727526145ef514139eeb669eb54d613dbcffe524f099dbb71c9d8b08
u01-s010-lecture-r1,lecture,contentSha256,64,64,e3a7a0aaa1535325ff564f0f711b32111900e17a17c9ff0536a5c2475db2a621
u01-s010-lecture-r1,lecture,contentAuthority,25,25,ed40f75ffe3d6ad4e71f6e7919d063410490de360edb425965eccd605ca9d79e
u01-s010-v001,question,questionId,13,13,0843da9c0756d84e633c80ba7c4a1d8e4aa6ddaab771465bd40e54027623ca63
u01-s010-v001,question,unitId,3,3,2055254ee30aaae13b777732834c89d7f799015d3af13b62fe05aeef8c3e0eaa
u01-s010-v001,question,topicId,22,22,3c671d5dc19382bd451c9b89831e7ad7186214a0e19ae625c41a0741a4e4fa19
u01-s010-v001,question,skillId,31,31,081dc09fa04adf2a41b0bce921424346fd614e26bfbc29f8a6b27a7c131c8df1
u01-s010-v001,question,difficulty,5,5,fbb7b5bf4ca348eeeebf8cc3660712859a5a1fbf18e83217a57ce203fb51d5c2
u01-s010-v001,question,type,2,2,6bc0f9c4ecb0acbebf1b9f6c816bdd66f4885f67c917d9e141cf893014fba936
u01-s010-v001,question,visualMode,9,9,9c7d54b0bf7a9369d8594201c7b11955514343809d09fbec33966c1fd9794015
u01-s010-v001,question,sourceScope,19,19,a4b669ddb8ef1883391c07a7b633f12eeaeecee7ec37c09eea4931aff6644346
u01-s010-v001,question,text,13,26,d3eb0c10212e13c8a404d54f3b1c40b62a75c6cafebaa3d550a1b746de5a7688
u01-s010-v001,question,choices[0],3,3,628eee823448ed34c634b578436a53dcbb6559f18b696db721fb25ab0aa1fb4b
u01-s010-v001,question,choices[1],2,2,c2356069e9d1e79ca924378153cfbbfb4d4416b1f99d41a2940bfdb66c5319db
u01-s010-v001,question,choices[2],3,3,c171d4ec282b23db89a99880cd624e9ba2940c1d894783602edab5d7481dc1ea
u01-s010-v001,question,choices[3],2,2,4a44dc15364204a80fe80e9039455cc1608281820fe2b24f1e5233ade6af1dd5
u01-s010-v001,question,explanation,27,64,4427d8fb09d8235538787caf5f2d456223487dc9503e2b2af5c386ed2c1b7f22
u01-s010-v001,question,steps[0],5,15,1b9ec47e6cc1a41d1e3474aa00ca811e91a7956c71adeec51e378b5c91101786
u01-s010-v001,question,steps[1],8,13,89709608769e300ec3162106fab500f5977bd159adfa8f7335814d45cf588cc3
u01-s010-v001,question,steps[2],4,12,dd64df53c77175a3b1178c5bfcd240780400704df0a71064997d835d1a71c16b
u01-s010-v001,question,optionAnalysis[0].choice,3,3,628eee823448ed34c634b578436a53dcbb6559f18b696db721fb25ab0aa1fb4b
u01-s010-v001,question,optionAnalysis[0].reason,11,14,358750029a2a228ce97e3630a670112cfc88549f99a53cdebfd4552ee8b3d832
u01-s010-v001,question,optionAnalysis[1].choice,2,2,c2356069e9d1e79ca924378153cfbbfb4d4416b1f99d41a2940bfdb66c5319db
u01-s010-v001,question,optionAnalysis[1].reason,4,12,936191a3d227ee45243a48c69a203b989b14577d4d516370f214979a7aa02e39
u01-s010-v001,question,optionAnalysis[2].choice,3,3,c171d4ec282b23db89a99880cd624e9ba2940c1d894783602edab5d7481dc1ea
u01-s010-v001,question,optionAnalysis[2].reason,7,21,23a3df48628f3b62bf86a0cf8b06f6d6680022391d082b04305b774132c2ceb5
u01-s010-v001,question,optionAnalysis[3].choice,2,2,4a44dc15364204a80fe80e9039455cc1608281820fe2b24f1e5233ade6af1dd5
u01-s010-v001,question,optionAnalysis[3].reason,4,12,cffc8c8f50d78a2c687aa5cd4a2da20d29419a3c64807b5a1bfc3712e0181a16
u01-s010-v001,question,commonMistake,12,31,2ed5c1d1b01c42ae9d433d0c808097ba0cd89d61ee92409c9d732dc5d87c5032
u01-s010-v001,question,concept,7,21,198ecbb7874795d026f2e34647084da58ef16e88b3e429440fc3821030e32375
u01-s010-v001,question,tags[0],3,9,fd41540cbdbecb9b5fa7116d27c68e378548ab62ab7c7ca4494730a81ea87667
u01-s010-v001,question,tags[1],8,24,a52425cb9504e8e24d5fe6b1c94ed09b378bd9fe2df15e6700b605e51f5a3b44
u01-s010-v001,question,tags[2],5,5,fbb7b5bf4ca348eeeebf8cc3660712859a5a1fbf18e83217a57ce203fb51d5c2
u01-s010-v001,question,estimatedTimeSec,2,2,39fa9ec190eee7b6f4dff1100d6343e10918d044c75eac8f9e9a2596173f80c9
u01-s010-v001,question,prerequisiteSkillIds[0],19,19,e173f689da5d11729b90ffa7f9e3d8cdb791c0c85134111ea5ef0471f1d91adb
u01-s010-v001,question,authoringIntent,6,18,393cd86470ff725784a371c8ffd3c066d41dede467e7b351357c22ca70ced22d
u01-s010-v001,question,reviewStatus,22,22,ec809598e2f7fcc69fad54c9cd045bba62b4a0dc7c0ff90d4efdc3788c9ad8fb
u01-s010-v001,question,contentSha256,64,64,cf2a66d3e767b331b3dcd771ea2d1b501724cc43541c5cf10c55cd33a2d893c0
u01-s010-v001,question,contentAuthority,25,25,ed40f75ffe3d6ad4e71f6e7919d063410490de360edb425965eccd605ca9d79e
u01-s010-v002,question,questionId,13,13,3aac0b4bbcfd308c2ee4fa8e11318d99b8d5178154e15d8e562b4bcd9fadcac8
u01-s010-v002,question,unitId,3,3,2055254ee30aaae13b777732834c89d7f799015d3af13b62fe05aeef8c3e0eaa
u01-s010-v002,question,topicId,22,22,3c671d5dc19382bd451c9b89831e7ad7186214a0e19ae625c41a0741a4e4fa19
u01-s010-v002,question,skillId,31,31,081dc09fa04adf2a41b0bce921424346fd614e26bfbc29f8a6b27a7c131c8df1
u01-s010-v002,question,difficulty,5,5,fbb7b5bf4ca348eeeebf8cc3660712859a5a1fbf18e83217a57ce203fb51d5c2
u01-s010-v002,question,type,2,2,6bc0f9c4ecb0acbebf1b9f6c816bdd66f4885f67c917d9e141cf893014fba936
u01-s010-v002,question,visualMode,9,9,9c7d54b0bf7a9369d8594201c7b11955514343809d09fbec33966c1fd9794015
u01-s010-v002,question,sourceScope,19,19,a4b669ddb8ef1883391c07a7b633f12eeaeecee7ec37c09eea4931aff6644346
u01-s010-v002,question,text,14,27,b72a9a5b16c098b73023629123e7b20c6f2449b71b0eec1740f9357d088376b6
u01-s010-v002,question,choices[0],1,1,ef2d127de37b942baad06145e54b0c619a1f22327b2ebbcfbec78f5564afe39d
u01-s010-v002,question,choices[1],2,2,37aa1ccf80e481832b2db282d4d4f895ee1e31219b7d0f6aee8dc8968828341b
u01-s010-v002,question,choices[2],3,3,7aac161b293aca6702b713af2f6e1b3ed505c3e21fb47aca074046b71d0b843c
u01-s010-v002,question,choices[3],3,3,fec80006df0542549b4cbaafb8987eee00bb49bca396eefe9ac8be5b5928e8f6
u01-s010-v002,question,explanation,24,57,3f60fdc783002fefa1cad493000d97cde2113901461b3e9e7a9316f8af1387f0
u01-s010-v002,question,steps[0],5,15,1b9ec47e6cc1a41d1e3474aa00ca811e91a7956c71adeec51e378b5c91101786
u01-s010-v002,question,steps[1],8,13,a50e29c8072a5a600a48f09e71c435eff022096582cf34aaea323396c43bb76b
u01-s010-v002,question,steps[2],5,11,900af272d10f7c82bca6c455543a41ae12f0cea9c3d5868feb7d572f30a7e880
u01-s010-v002,question,optionAnalysis[0].choice,1,1,ef2d127de37b942baad06145e54b0c619a1f22327b2ebbcfbec78f5564afe39d
u01-s010-v002,question,optionAnalysis[0].reason,4,12,38a1ac0f4def0cb1de0f18d43f309ae4bca2680cb2b6e723dcce1d6c7c29a6cc
u01-s010-v002,question,optionAnalysis[1].choice,2,2,37aa1ccf80e481832b2db282d4d4f895ee1e31219b7d0f6aee8dc8968828341b
u01-s010-v002,question,optionAnalysis[1].reason,9,12,530aa67a468f606778e45ba1576ee8c2b82e223ebbf854f4ce72c9513c2ee321
u01-s010-v002,question,optionAnalysis[2].choice,3,3,7aac161b293aca6702b713af2f6e1b3ed505c3e21fb47aca074046b71d0b843c
u01-s010-v002,question,optionAnalysis[2].reason,7,21,2ac0ce66d490aad5dcc5266d41a2073d4e8115146fa98aa54ab349fde1b46a27
u01-s010-v002,question,optionAnalysis[3].choice,3,3,fec80006df0542549b4cbaafb8987eee00bb49bca396eefe9ac8be5b5928e8f6
u01-s010-v002,question,optionAnalysis[3].reason,7,21,f0f950ebbd5f78c273ef60d03a4a0ab6464cb87dd7caae73a3eb197fc7c97e3b
u01-s010-v002,question,commonMistake,11,33,9d577f246c31ca0b82e57f40c4d9dec486283a0a98660aa6a0f71cc242ba9aac
u01-s010-v002,question,concept,7,21,07a4d0aa8f5e4502a20c3593f2a64a7f8cce939153ceabc12f40738624639cfb
u01-s010-v002,question,tags[0],3,9,fd41540cbdbecb9b5fa7116d27c68e378548ab62ab7c7ca4494730a81ea87667
u01-s010-v002,question,tags[1],8,24,a52425cb9504e8e24d5fe6b1c94ed09b378bd9fe2df15e6700b605e51f5a3b44
u01-s010-v002,question,tags[2],5,5,fbb7b5bf4ca348eeeebf8cc3660712859a5a1fbf18e83217a57ce203fb51d5c2
u01-s010-v002,question,estimatedTimeSec,2,2,39fa9ec190eee7b6f4dff1100d6343e10918d044c75eac8f9e9a2596173f80c9
u01-s010-v002,question,prerequisiteSkillIds[0],19,19,e173f689da5d11729b90ffa7f9e3d8cdb791c0c85134111ea5ef0471f1d91adb
u01-s010-v002,question,authoringIntent,6,18,2c7d37296d346dec36ed1a7a15b295969be3c3d2bbd3ca0f4a9935b5e12f8445
u01-s010-v002,question,reviewStatus,22,22,ec809598e2f7fcc69fad54c9cd045bba62b4a0dc7c0ff90d4efdc3788c9ad8fb
u01-s010-v002,question,contentSha256,64,64,ee4b4643cc3d9aec3817dab5797b63ffa03c67afbf8934df3a676a2530477fad
u01-s010-v002,question,contentAuthority,25,25,ed40f75ffe3d6ad4e71f6e7919d063410490de360edb425965eccd605ca9d79e
u01-s010-v003,question,questionId,13,13,b47276b3a8133f98a388dbba0a885aa14ffb1484e4f939bb8a486f87d16a2637
u01-s010-v003,question,unitId,3,3,2055254ee30aaae13b777732834c89d7f799015d3af13b62fe05aeef8c3e0eaa
u01-s010-v003,question,topicId,22,22,3c671d5dc19382bd451c9b89831e7ad7186214a0e19ae625c41a0741a4e4fa19
u01-s010-v003,question,skillId,31,31,081dc09fa04adf2a41b0bce921424346fd614e26bfbc29f8a6b27a7c131c8df1
u01-s010-v003,question,difficulty,5,5,fbb7b5bf4ca348eeeebf8cc3660712859a5a1fbf18e83217a57ce203fb51d5c2
u01-s010-v003,question,type,2,2,6bc0f9c4ecb0acbebf1b9f6c816bdd66f4885f67c917d9e141cf893014fba936
u01-s010-v003,question,visualMode,9,9,9c7d54b0bf7a9369d8594201c7b11955514343809d09fbec33966c1fd9794015
u01-s010-v003,question,sourceScope,19,19,a4b669ddb8ef1883391c07a7b633f12eeaeecee7ec37c09eea4931aff6644346
u01-s010-v003,question,text,16,29,f58c6b01f52fe285950ef5b2008120af2692e5e84fc104893a0c681f43c33b43
u01-s010-v003,question,choices[0],3,3,628eee823448ed34c634b578436a53dcbb6559f18b696db721fb25ab0aa1fb4b
u01-s010-v003,question,choices[1],3,3,2e42a91d2375f9a3afce88f766b097488c5ab1f5926798f59892394b77abdd5c
u01-s010-v003,question,choices[2],2,2,c2356069e9d1e79ca924378153cfbbfb4d4416b1f99d41a2940bfdb66c5319db
u01-s010-v003,question,choices[3],2,2,4fc82b26aecb47d2868c4efbe3581732a3e7cbcc6c2efb32062c08170a05eeb8
u01-s010-v003,question,explanation,18,43,3ebe8554dfbb8025cb47adc8bf1f3fb2a4441fae9c3f57b36e13f2ba4857a593
u01-s010-v003,question,steps[0],7,21,eb5175439c4094a05d070acb675890cc2ee0f25e7871b173d5a2a08320ad6ab9
u01-s010-v003,question,steps[1],5,15,d844b7415ee7c655bd3363dbbe51a13f2cbd40a0a41765ff2c2c8232e42e78e1
u01-s010-v003,question,steps[2],7,10,d76d1bc3b082dd534ace24d038a5c758a84e704da691efbac078a26966f552c7
u01-s010-v003,question,optionAnalysis[0].choice,3,3,628eee823448ed34c634b578436a53dcbb6559f18b696db721fb25ab0aa1fb4b
u01-s010-v003,question,optionAnalysis[0].reason,4,12,38a1ac0f4def0cb1de0f18d43f309ae4bca2680cb2b6e723dcce1d6c7c29a6cc
u01-s010-v003,question,optionAnalysis[1].choice,3,3,2e42a91d2375f9a3afce88f766b097488c5ab1f5926798f59892394b77abdd5c
u01-s010-v003,question,optionAnalysis[1].reason,7,21,23a3df48628f3b62bf86a0cf8b06f6d6680022391d082b04305b774132c2ceb5
u01-s010-v003,question,optionAnalysis[2].choice,2,2,c2356069e9d1e79ca924378153cfbbfb4d4416b1f99d41a2940bfdb66c5319db
u01-s010-v003,question,optionAnalysis[2].reason,12,14,5aa4355aa6c39c96b110188df54e6023065ea6921ed2707bcaffc975f0a81628
u01-s010-v003,question,optionAnalysis[3].choice,2,2,4fc82b26aecb47d2868c4efbe3581732a3e7cbcc6c2efb32062c08170a05eeb8
u01-s010-v003,question,optionAnalysis[3].reason,4,12,cffc8c8f50d78a2c687aa5cd4a2da20d29419a3c64807b5a1bfc3712e0181a16
u01-s010-v003,question,commonMistake,14,42,db9f2d12f77d0002b63fd5a2a13af8e28929815760d5b2523566a55868a97544
u01-s010-v003,question,concept,6,18,8bf18adc7ac9d936b2027b21b70f04c2e29d874586f065d3f819fb4d1ef1f3c2
u01-s010-v003,question,tags[0],3,9,fd41540cbdbecb9b5fa7116d27c68e378548ab62ab7c7ca4494730a81ea87667
u01-s010-v003,question,tags[1],8,24,a52425cb9504e8e24d5fe6b1c94ed09b378bd9fe2df15e6700b605e51f5a3b44
u01-s010-v003,question,tags[2],5,5,fbb7b5bf4ca348eeeebf8cc3660712859a5a1fbf18e83217a57ce203fb51d5c2
u01-s010-v003,question,estimatedTimeSec,2,2,39fa9ec190eee7b6f4dff1100d6343e10918d044c75eac8f9e9a2596173f80c9
u01-s010-v003,question,prerequisiteSkillIds[0],19,19,e173f689da5d11729b90ffa7f9e3d8cdb791c0c85134111ea5ef0471f1d91adb
u01-s010-v003,question,authoringIntent,6,18,5894cdf9aeb37e40dc4fad3463d3c4a08906efa3f150ee3955757e6ac8de51fe
u01-s010-v003,question,reviewStatus,22,22,ec809598e2f7fcc69fad54c9cd045bba62b4a0dc7c0ff90d4efdc3788c9ad8fb
u01-s010-v003,question,contentSha256,64,64,8729f43cf4d68e1777c3dd3e4e6601c4db48e5973b949d37574892daf7322fe4
u01-s010-v003,question,contentAuthority,25,25,ed40f75ffe3d6ad4e71f6e7919d063410490de360edb425965eccd605ca9d79e
u01-s010-v004,question,questionId,13,13,0cae290e63c3d4b8b8620925726dc060e2961361712a3db914b2e70c22d74368
u01-s010-v004,question,unitId,3,3,2055254ee30aaae13b777732834c89d7f799015d3af13b62fe05aeef8c3e0eaa
u01-s010-v004,question,topicId,22,22,3c671d5dc19382bd451c9b89831e7ad7186214a0e19ae625c41a0741a4e4fa19
u01-s010-v004,question,skillId,31,31,081dc09fa04adf2a41b0bce921424346fd614e26bfbc29f8a6b27a7c131c8df1
u01-s010-v004,question,difficulty,8,8,fe6d3468cf5c74d8ec2a95b40f2e05338c37a4202f8fad692d2b64a9cf9b468a
u01-s010-v004,question,type,2,2,6bc0f9c4ecb0acbebf1b9f6c816bdd66f4885f67c917d9e141cf893014fba936
u01-s010-v004,question,visualMode,9,9,9c7d54b0bf7a9369d8594201c7b11955514343809d09fbec33966c1fd9794015
u01-s010-v004,question,sourceScope,19,19,a4b669ddb8ef1883391c07a7b633f12eeaeecee7ec37c09eea4931aff6644346
u01-s010-v004,question,text,14,27,fdb1d6f3abaf73097191700403fd0a5e89c6cc80ce953b4fe4f5ff006a0b15bd
u01-s010-v004,question,choices[0],1,1,2c624232cdd221771294dfbb310aca000a0df6ac8b66b696d90ef06fdefb64a3
u01-s010-v004,question,choices[1],3,3,111f2392c50a7ad81dd0092fd06858266328e099a2d047a87e38ca839794bf06
u01-s010-v004,question,choices[2],2,2,da4ea2a5506f2693eae190d9360a1f31793c98a1adade51d93533a6f520ace1c
u01-s010-v004,question,choices[3],2,2,e91592205d3881e3ea35d66973bb4898d7282126ab5afcb355c95d2fc17f3822
u01-s010-v004,question,explanation,24,57,6035acfd9af23351b04fdb180e0d9ac9542b77bc33893ad59974e4de3530682a
u01-s010-v004,question,steps[0],5,15,1b9ec47e6cc1a41d1e3474aa00ca811e91a7956c71adeec51e378b5c91101786
u01-s010-v004,question,steps[1],7,10,f2e0b2efed658e3c0d5cc65c8699be5c14e3c879382a0942ccb1410a88d8179b
u01-s010-v004,question,steps[2],5,11,6ad32e8d7ddda0b90ece9c2f7e8d589990fe4a49caef78d7da56095806b52ec9
u01-s010-v004,question,optionAnalysis[0].choice,1,1,2c624232cdd221771294dfbb310aca000a0df6ac8b66b696d90ef06fdefb64a3
u01-s010-v004,question,optionAnalysis[0].reason,4,12,38a1ac0f4def0cb1de0f18d43f309ae4bca2680cb2b6e723dcce1d6c7c29a6cc
u01-s010-v004,question,optionAnalysis[1].choice,3,3,111f2392c50a7ad81dd0092fd06858266328e099a2d047a87e38ca839794bf06
u01-s010-v004,question,optionAnalysis[1].reason,5,15,fb78d02d7e1933362d1342d9249453af9344d1fc1ea3de428a77543fc610dd2b
u01-s010-v004,question,optionAnalysis[2].choice,2,2,da4ea2a5506f2693eae190d9360a1f31793c98a1adade51d93533a6f520ace1c
u01-s010-v004,question,optionAnalysis[2].reason,5,15,03eabe01e056aa3d9fec3243d44db3140b135cbc3af4055a68c919544100738f
u01-s010-v004,question,optionAnalysis[3].choice,2,2,e91592205d3881e3ea35d66973bb4898d7282126ab5afcb355c95d2fc17f3822
u01-s010-v004,question,optionAnalysis[3].reason,11,14,fb9108e065fa8e3eb1774ed35834c5a2c502e642faa2d1d726a12911ed298423
u01-s010-v004,question,commonMistake,14,35,f3fcf36acb2773115570864623f02f13b7306af3f8e5719801c83e36954cb8a6
u01-s010-v004,question,concept,6,18,91bd6692354fcfee20b5f67796080be1a17dac62ec535fea5bc70fe217ed5812
u01-s010-v004,question,tags[0],3,9,fd41540cbdbecb9b5fa7116d27c68e378548ab62ab7c7ca4494730a81ea87667
u01-s010-v004,question,tags[1],8,24,a52425cb9504e8e24d5fe6b1c94ed09b378bd9fe2df15e6700b605e51f5a3b44
u01-s010-v004,question,tags[2],8,8,fe6d3468cf5c74d8ec2a95b40f2e05338c37a4202f8fad692d2b64a9cf9b468a
u01-s010-v004,question,estimatedTimeSec,2,2,39fa9ec190eee7b6f4dff1100d6343e10918d044c75eac8f9e9a2596173f80c9
u01-s010-v004,question,prerequisiteSkillIds[0],19,19,e173f689da5d11729b90ffa7f9e3d8cdb791c0c85134111ea5ef0471f1d91adb
u01-s010-v004,question,authoringIntent,7,21,49b23b34b3eb8386b72bf88154205bd80b4b78f364fd2a285fa4536c9230dc7d
u01-s010-v004,question,reviewStatus,22,22,ec809598e2f7fcc69fad54c9cd045bba62b4a0dc7c0ff90d4efdc3788c9ad8fb
u01-s010-v004,question,contentSha256,64,64,bcddbc1d15d08c4b42c2698800c04a7887726cd78d2808deb7f179ff3ad068dc
u01-s010-v004,question,contentAuthority,25,25,ed40f75ffe3d6ad4e71f6e7919d063410490de360edb425965eccd605ca9d79e
u01-s010-v005,question,questionId,13,13,8fc7d297ef339a085c8b0cafc41a33543802f0b72e249da925dca441f86595aa
u01-s010-v005,question,unitId,3,3,2055254ee30aaae13b777732834c89d7f799015d3af13b62fe05aeef8c3e0eaa
u01-s010-v005,question,topicId,22,22,3c671d5dc19382bd451c9b89831e7ad7186214a0e19ae625c41a0741a4e4fa19
u01-s010-v005,question,skillId,31,31,081dc09fa04adf2a41b0bce921424346fd614e26bfbc29f8a6b27a7c131c8df1
u01-s010-v005,question,difficulty,8,8,fe6d3468cf5c74d8ec2a95b40f2e05338c37a4202f8fad692d2b64a9cf9b468a
u01-s010-v005,question,type,2,2,6bc0f9c4ecb0acbebf1b9f6c816bdd66f4885f67c917d9e141cf893014fba936
u01-s010-v005,question,visualMode,9,9,9c7d54b0bf7a9369d8594201c7b11955514343809d09fbec33966c1fd9794015
u01-s010-v005,question,sourceScope,19,19,a4b669ddb8ef1883391c07a7b633f12eeaeecee7ec37c09eea4931aff6644346
u01-s010-v005,question,text,25,47,9167d0ed9ef7d1cb75c897dbf8cdd526ebe840272b2ff934372e19e9a83c73cd
u01-s010-v005,question,choices[0],3,3,4cbaf3fbc9b6ccc6d363e9cac9d51c6d3012fc8991a30cbe952c5e92c7927d92
u01-s010-v005,question,choices[1],2,2,624b60c58c9d8bfb6ff1886c2fd605d2adeb6ea4da576068201b6c6958ce93f4
u01-s010-v005,question,choices[2],3,3,c171d4ec282b23db89a99880cd624e9ba2940c1d894783602edab5d7481dc1ea
u01-s010-v005,question,choices[3],2,2,4a44dc15364204a80fe80e9039455cc1608281820fe2b24f1e5233ade6af1dd5
u01-s010-v005,question,explanation,28,70,3e2fdd7342bfe3c5f7771d8eb90b41c3a301ad39774f3b7138e1af7491340aa4
u01-s010-v005,question,steps[0],7,19,411de17b1ac5aed3a37e2fd7bc827ad1d812c76bc84cda9f89b324427de14ed0
u01-s010-v005,question,steps[1],6,18,c2e6791efb5d74e287265c2592c0ff808b8d375fa19aec4e269cf59c39aa5b76
u01-s010-v005,question,steps[2],8,20,a5884f96177a8cebbb82d3a7226980863da19341466258e909e27cb141b4262f
u01-s010-v005,question,optionAnalysis[0].choice,3,3,4cbaf3fbc9b6ccc6d363e9cac9d51c6d3012fc8991a30cbe952c5e92c7927d92
u01-s010-v005,question,optionAnalysis[0].reason,11,25,3eef8ff609aee1b05dda34f923be59a961e5f4e74428033cb49cfdeec336e217
u01-s010-v005,question,optionAnalysis[1].choice,2,2,624b60c58c9d8bfb6ff1886c2fd605d2adeb6ea4da576068201b6c6958ce93f4
u01-s010-v005,question,optionAnalysis[1].reason,8,24,1dce2e607bbc85fa73d5f672d0f2965e3798d147dabec00ae601b0a5e62d9ca0
u01-s010-v005,question,optionAnalysis[2].choice,3,3,c171d4ec282b23db89a99880cd624e9ba2940c1d894783602edab5d7481dc1ea
u01-s010-v005,question,optionAnalysis[2].reason,4,12,cffc8c8f50d78a2c687aa5cd4a2da20d29419a3c64807b5a1bfc3712e0181a16
u01-s010-v005,question,optionAnalysis[3].choice,2,2,4a44dc15364204a80fe80e9039455cc1608281820fe2b24f1e5233ade6af1dd5
u01-s010-v005,question,optionAnalysis[3].reason,7,21,9e72f307d49bb91b0064436953a209c02dcfd3ff3cb2e81cd6b9f42a6939ed41
u01-s010-v005,question,commonMistake,23,69,efdef953b09c488a2f03a38041537f4173a2c31b61d004f48ca414de8f3ab6ec
u01-s010-v005,question,concept,12,36,25ee938afda9bbbfcc484d1d587c2cc9b87a5b3fe2948773e5367892c602b53e
u01-s010-v005,question,tags[0],3,9,fd41540cbdbecb9b5fa7116d27c68e378548ab62ab7c7ca4494730a81ea87667
u01-s010-v005,question,tags[1],8,24,a52425cb9504e8e24d5fe6b1c94ed09b378bd9fe2df15e6700b605e51f5a3b44
u01-s010-v005,question,tags[2],8,8,fe6d3468cf5c74d8ec2a95b40f2e05338c37a4202f8fad692d2b64a9cf9b468a
u01-s010-v005,question,estimatedTimeSec,2,2,39fa9ec190eee7b6f4dff1100d6343e10918d044c75eac8f9e9a2596173f80c9
u01-s010-v005,question,prerequisiteSkillIds[0],19,19,e173f689da5d11729b90ffa7f9e3d8cdb791c0c85134111ea5ef0471f1d91adb
u01-s010-v005,question,authoringIntent,11,33,45c0977168fa833d161baed0ce154f911586b5063eedebe8befb32fe280a0632
u01-s010-v005,question,reviewStatus,22,22,ec809598e2f7fcc69fad54c9cd045bba62b4a0dc7c0ff90d4efdc3788c9ad8fb
u01-s010-v005,question,contentSha256,64,64,3404229d1e64e7157d36a60859ef8cabebf9ea7e0ed31a6e9af777c1af9c032a
u01-s010-v005,question,contentAuthority,25,25,ed40f75ffe3d6ad4e71f6e7919d063410490de360edb425965eccd605ca9d79e
u01-s010-v006,question,questionId,13,13,9054f4fce126e95ed120da2bffb867538f7d7fc9fbd41852b2b0dfbb831db588
u01-s010-v006,question,unitId,3,3,2055254ee30aaae13b777732834c89d7f799015d3af13b62fe05aeef8c3e0eaa
u01-s010-v006,question,topicId,22,22,3c671d5dc19382bd451c9b89831e7ad7186214a0e19ae625c41a0741a4e4fa19
u01-s010-v006,question,skillId,31,31,081dc09fa04adf2a41b0bce921424346fd614e26bfbc29f8a6b27a7c131c8df1
u01-s010-v006,question,difficulty,8,8,fe6d3468cf5c74d8ec2a95b40f2e05338c37a4202f8fad692d2b64a9cf9b468a
u01-s010-v006,question,type,2,2,6bc0f9c4ecb0acbebf1b9f6c816bdd66f4885f67c917d9e141cf893014fba936
u01-s010-v006,question,visualMode,9,9,9c7d54b0bf7a9369d8594201c7b11955514343809d09fbec33966c1fd9794015
u01-s010-v006,question,sourceScope,19,19,a4b669ddb8ef1883391c07a7b633f12eeaeecee7ec37c09eea4931aff6644346
u01-s010-v006,question,text,18,31,2135a74e0493db5b6b01dd4cf27d9a9789bde644d7978355eb9e87d019ddb1e0
u01-s010-v006,question,choices[0],2,2,e91592205d3881e3ea35d66973bb4898d7282126ab5afcb355c95d2fc17f3822
u01-s010-v006,question,choices[1],1,1,2c624232cdd221771294dfbb310aca000a0df6ac8b66b696d90ef06fdefb64a3
u01-s010-v006,question,choices[2],4,4,dd6369d666d6431f3aa0c9464bd3eb65afe89a2420be4380bcf3060c2442222a
u01-s010-v006,question,choices[3],3,3,9537f32ec7599e1ae953af6c9f929fe747ff9dadf79a9beff1f304c550173011
u01-s010-v006,question,explanation,17,38,30617e354728a5557408c8882d3f36ae05c1e1108a818fbef22d414194b06cf5
u01-s010-v006,question,steps[0],5,15,57e2d4c3ce32b2b6ac08c03981a078157b7b8b4a37dbe1d71cc055f196c2dcc5
u01-s010-v006,question,steps[1],6,18,325b9c0025cae4877fa106fadb2093c6ed4700c6cf7300e716e2d98612e60981
u01-s010-v006,question,steps[2],8,11,5c055175a7cdf56fdcc8eeefa5136dfa5bcb57ccbe5a79dcefe26d4560b2a08f
u01-s010-v006,question,optionAnalysis[0].choice,2,2,e91592205d3881e3ea35d66973bb4898d7282126ab5afcb355c95d2fc17f3822
u01-s010-v006,question,optionAnalysis[0].reason,4,12,38a1ac0f4def0cb1de0f18d43f309ae4bca2680cb2b6e723dcce1d6c7c29a6cc
u01-s010-v006,question,optionAnalysis[1].choice,1,1,2c624232cdd221771294dfbb310aca000a0df6ac8b66b696d90ef06fdefb64a3
u01-s010-v006,question,optionAnalysis[1].reason,14,16,0ec1e4a6e164183fe1ceaae96e16950fbea786092fd7ee937f311adffeda3d0b
u01-s010-v006,question,optionAnalysis[2].choice,4,4,dd6369d666d6431f3aa0c9464bd3eb65afe89a2420be4380bcf3060c2442222a
u01-s010-v006,question,optionAnalysis[2].reason,5,15,03eabe01e056aa3d9fec3243d44db3140b135cbc3af4055a68c919544100738f
u01-s010-v006,question,optionAnalysis[3].choice,3,3,9537f32ec7599e1ae953af6c9f929fe747ff9dadf79a9beff1f304c550173011
u01-s010-v006,question,optionAnalysis[3].reason,4,12,fbac665e4f0075267cddb916e2a11a7a3fcadecb03f6c9d0d7e9a17def87701b
u01-s010-v006,question,commonMistake,12,36,286192de6f7a74610db8431f347c8a94f4372dc269f6c52e7bdffb473b2fa9bb
u01-s010-v006,question,concept,6,18,654f220fb8ccf2db866cd3d85802218effeedc50cffd8e88bea865658053fd18
u01-s010-v006,question,tags[0],3,9,fd41540cbdbecb9b5fa7116d27c68e378548ab62ab7c7ca4494730a81ea87667
u01-s010-v006,question,tags[1],8,24,a52425cb9504e8e24d5fe6b1c94ed09b378bd9fe2df15e6700b605e51f5a3b44
u01-s010-v006,question,tags[2],8,8,fe6d3468cf5c74d8ec2a95b40f2e05338c37a4202f8fad692d2b64a9cf9b468a
u01-s010-v006,question,estimatedTimeSec,2,2,39fa9ec190eee7b6f4dff1100d6343e10918d044c75eac8f9e9a2596173f80c9
u01-s010-v006,question,prerequisiteSkillIds[0],19,19,e173f689da5d11729b90ffa7f9e3d8cdb791c0c85134111ea5ef0471f1d91adb
u01-s010-v006,question,authoringIntent,7,21,544ceb55708340db176dd89765d7d287458cc2e0878e09b95fa0d956e6c1f140
u01-s010-v006,question,reviewStatus,22,22,ec809598e2f7fcc69fad54c9cd045bba62b4a0dc7c0ff90d4efdc3788c9ad8fb
u01-s010-v006,question,contentSha256,64,64,b25747a319cbbf1ba9477c8ec5a1e5ed495ce572395467776ba4bf093a2ed9cf
u01-s010-v006,question,contentAuthority,25,25,ed40f75ffe3d6ad4e71f6e7919d063410490de360edb425965eccd605ca9d79e
u01-s010-v007,question,questionId,13,13,f477060a3dbba3d6eef0da6b5a33024e0d30d06e211434aac047853f272615b2
u01-s010-v007,question,unitId,3,3,2055254ee30aaae13b777732834c89d7f799015d3af13b62fe05aeef8c3e0eaa
u01-s010-v007,question,topicId,22,22,3c671d5dc19382bd451c9b89831e7ad7186214a0e19ae625c41a0741a4e4fa19
u01-s010-v007,question,skillId,31,31,081dc09fa04adf2a41b0bce921424346fd614e26bfbc29f8a6b27a7c131c8df1
u01-s010-v007,question,difficulty,8,8,d21f85ea38166303ce58e06134b5cc4a5c900c409ab2a500ff7c9225109a09bb
u01-s010-v007,question,type,2,2,6bc0f9c4ecb0acbebf1b9f6c816bdd66f4885f67c917d9e141cf893014fba936
u01-s010-v007,question,visualMode,9,9,9c7d54b0bf7a9369d8594201c7b11955514343809d09fbec33966c1fd9794015
u01-s010-v007,question,sourceScope,19,19,a4b669ddb8ef1883391c07a7b633f12eeaeecee7ec37c09eea4931aff6644346
u01-s010-v007,question,text,23,38,5ad0eadd4d29058feaa0d057f912377681042f7df54dd18dd92edd7962f62d84
u01-s010-v007,question,choices[0],2,2,624b60c58c9d8bfb6ff1886c2fd605d2adeb6ea4da576068201b6c6958ce93f4
u01-s010-v007,question,choices[1],3,3,c171d4ec282b23db89a99880cd624e9ba2940c1d894783602edab5d7481dc1ea
u01-s010-v007,question,choices[2],3,3,4cbaf3fbc9b6ccc6d363e9cac9d51c6d3012fc8991a30cbe952c5e92c7927d92
u01-s010-v007,question,choices[3],2,2,4a44dc15364204a80fe80e9039455cc1608281820fe2b24f1e5233ade6af1dd5
u01-s010-v007,question,explanation,40,83,41a22457bcfc4df68706e1fcb422f8fc575a7ac419ad3149ab460d0b733ff35c
u01-s010-v007,question,steps[0],8,22,8800bd5e270cff81e2e7ea4ba174634b08f6e6ea99d696232c3c0c0966093ea8
u01-s010-v007,question,steps[1],6,18,c2e6791efb5d74e287265c2592c0ff808b8d375fa19aec4e269cf59c39aa5b76
u01-s010-v007,question,steps[2],7,17,596ea29a3650fc165e0d4db8070c00132ec17ed8b8b35544d0e07bd06f3cbd65
u01-s010-v007,question,optionAnalysis[0].choice,2,2,624b60c58c9d8bfb6ff1886c2fd605d2adeb6ea4da576068201b6c6958ce93f4
u01-s010-v007,question,optionAnalysis[0].reason,4,12,38a1ac0f4def0cb1de0f18d43f309ae4bca2680cb2b6e723dcce1d6c7c29a6cc
u01-s010-v007,question,optionAnalysis[1].choice,3,3,c171d4ec282b23db89a99880cd624e9ba2940c1d894783602edab5d7481dc1ea
u01-s010-v007,question,optionAnalysis[1].reason,4,10,f24bf9f02967847a7ab67fa42efb554cdb03b60063c4af2f61e309d3f3357c20
u01-s010-v007,question,optionAnalysis[2].choice,3,3,4cbaf3fbc9b6ccc6d363e9cac9d51c6d3012fc8991a30cbe952c5e92c7927d92
u01-s010-v007,question,optionAnalysis[2].reason,16,38,3590fb77931856234b7f75b454a87e1184521b7c88094c7a612a3c5220c45b0f
u01-s010-v007,question,optionAnalysis[3].choice,2,2,4a44dc15364204a80fe80e9039455cc1608281820fe2b24f1e5233ade6af1dd5
u01-s010-v007,question,optionAnalysis[3].reason,7,21,9e72f307d49bb91b0064436953a209c02dcfd3ff3cb2e81cd6b9f42a6939ed41
u01-s010-v007,question,commonMistake,11,29,80a59c25fae30f7be1bdfbb69a537865ac293762ce8bd0f9483367a8055d9d8f
u01-s010-v007,question,concept,10,26,6ba2b1e71ceac74fed40e2f4b9635a6a27c56c01a1fc4bf135093add68008243
u01-s010-v007,question,tags[0],3,9,fd41540cbdbecb9b5fa7116d27c68e378548ab62ab7c7ca4494730a81ea87667
u01-s010-v007,question,tags[1],8,24,a52425cb9504e8e24d5fe6b1c94ed09b378bd9fe2df15e6700b605e51f5a3b44
u01-s010-v007,question,tags[2],8,8,d21f85ea38166303ce58e06134b5cc4a5c900c409ab2a500ff7c9225109a09bb
u01-s010-v007,question,estimatedTimeSec,2,2,39fa9ec190eee7b6f4dff1100d6343e10918d044c75eac8f9e9a2596173f80c9
u01-s010-v007,question,prerequisiteSkillIds[0],19,19,e173f689da5d11729b90ffa7f9e3d8cdb791c0c85134111ea5ef0471f1d91adb
u01-s010-v007,question,authoringIntent,12,32,bea58a1c84d12e9221a1b81b320e5729755d4e8430878664254826b0c039588a
u01-s010-v007,question,reviewStatus,22,22,ec809598e2f7fcc69fad54c9cd045bba62b4a0dc7c0ff90d4efdc3788c9ad8fb
u01-s010-v007,question,contentSha256,64,64,8cf51e6ffd550fc32eb6510aca864555110b38623ec887a3fcafa1fc350405bb
u01-s010-v007,question,contentAuthority,25,25,ed40f75ffe3d6ad4e71f6e7919d063410490de360edb425965eccd605ca9d79e
u01-s010-v008,question,questionId,13,13,6543422509d6145be7ffe50148f586568dbbc9089df09f727c16c2e9ee0cd3b4
u01-s010-v008,question,unitId,3,3,2055254ee30aaae13b777732834c89d7f799015d3af13b62fe05aeef8c3e0eaa
u01-s010-v008,question,topicId,22,22,3c671d5dc19382bd451c9b89831e7ad7186214a0e19ae625c41a0741a4e4fa19
u01-s010-v008,question,skillId,31,31,081dc09fa04adf2a41b0bce921424346fd614e26bfbc29f8a6b27a7c131c8df1
u01-s010-v008,question,difficulty,8,8,d21f85ea38166303ce58e06134b5cc4a5c900c409ab2a500ff7c9225109a09bb
u01-s010-v008,question,type,2,2,6bc0f9c4ecb0acbebf1b9f6c816bdd66f4885f67c917d9e141cf893014fba936
u01-s010-v008,question,visualMode,9,9,9c7d54b0bf7a9369d8594201c7b11955514343809d09fbec33966c1fd9794015
u01-s010-v008,question,sourceScope,19,19,a4b669ddb8ef1883391c07a7b633f12eeaeecee7ec37c09eea4931aff6644346
u01-s010-v008,question,text,21,38,6f1a85175c9728815168fe3327edb4f624b8c3f43472559391813d73f83a1f74
u01-s010-v008,question,choices[0],1,1,2c624232cdd221771294dfbb310aca000a0df6ac8b66b696d90ef06fdefb64a3
u01-s010-v008,question,choices[1],3,3,2ee881da095c64e8b818d883fc507aabc8a34c34a0836d262d1811a74dc20453
u01-s010-v008,question,choices[2],2,2,0e17daca5f3e175f448bacace3bc0da47d0655a74c8dd0dc497a3afbdad95f1f
u01-s010-v008,question,choices[3],2,2,e91592205d3881e3ea35d66973bb4898d7282126ab5afcb355c95d2fc17f3822
u01-s010-v008,question,explanation,28,38,6f710b044294d6c1527b714f4f7e16be0d55d06029eb3692518c496292dfc16e
u01-s010-v008,question,steps[0],7,19,0a3de7f46b9e2c92c2ea5039d299697ee8b0058756a9f0f35168fcb934ebbda3
u01-s010-v008,question,steps[1],11,14,935665c3bd1454ff0a7a88ba3348e791a1e70894193623342227373907b1cbad
u01-s010-v008,question,steps[2],5,15,51d1c269369b22805a3c4d519c01c8fcd4e929905bbde2bffc1c10d967686cf9
u01-s010-v008,question,optionAnalysis[0].choice,1,1,2c624232cdd221771294dfbb310aca000a0df6ac8b66b696d90ef06fdefb64a3
u01-s010-v008,question,optionAnalysis[0].reason,9,12,7890069754e4ce5450963e7a1fdda20568dc6b330059250adccbf45e645e61dd
u01-s010-v008,question,optionAnalysis[1].choice,3,3,2ee881da095c64e8b818d883fc507aabc8a34c34a0836d262d1811a74dc20453
u01-s010-v008,question,optionAnalysis[1].reason,4,12,cffc8c8f50d78a2c687aa5cd4a2da20d29419a3c64807b5a1bfc3712e0181a16
u01-s010-v008,question,optionAnalysis[2].choice,2,2,0e17daca5f3e175f448bacace3bc0da47d0655a74c8dd0dc497a3afbdad95f1f
u01-s010-v008,question,optionAnalysis[2].reason,10,17,43815ac7e0288d8bde7d8d107a5851fa4555305f8238e0269576779f8e5836bb
u01-s010-v008,question,optionAnalysis[3].choice,2,2,e91592205d3881e3ea35d66973bb4898d7282126ab5afcb355c95d2fc17f3822
u01-s010-v008,question,optionAnalysis[3].reason,5,7,a1281e6fa012f69929ef4540407181569f1636b29faae09265ff81502b0b9735
u01-s010-v008,question,commonMistake,17,40,52d11ac53c308e8a8d653af1540519da5696ffc5cc7640b575791402a7730362
u01-s010-v008,question,concept,12,35,f23b6dd999c90272975d08048f8168f93e0a516b67d1c87381b9c0387d3320fd
u01-s010-v008,question,tags[0],3,9,fd41540cbdbecb9b5fa7116d27c68e378548ab62ab7c7ca4494730a81ea87667
u01-s010-v008,question,tags[1],8,24,a52425cb9504e8e24d5fe6b1c94ed09b378bd9fe2df15e6700b605e51f5a3b44
u01-s010-v008,question,tags[2],8,8,d21f85ea38166303ce58e06134b5cc4a5c900c409ab2a500ff7c9225109a09bb
u01-s010-v008,question,estimatedTimeSec,2,2,39fa9ec190eee7b6f4dff1100d6343e10918d044c75eac8f9e9a2596173f80c9
u01-s010-v008,question,prerequisiteSkillIds[0],19,19,e173f689da5d11729b90ffa7f9e3d8cdb791c0c85134111ea5ef0471f1d91adb
u01-s010-v008,question,authoringIntent,8,24,8109f3c0408bf664fe83483fdc9ec07e0f0b0024ce5f1a404d89f6c963fb1f44
u01-s010-v008,question,reviewStatus,22,22,ec809598e2f7fcc69fad54c9cd045bba62b4a0dc7c0ff90d4efdc3788c9ad8fb
u01-s010-v008,question,contentSha256,64,64,73a74e77ef8596b791a23ac546952260745db060460f9efcbbcd7c62bc365bab
u01-s010-v008,question,contentAuthority,25,25,ed40f75ffe3d6ad4e71f6e7919d063410490de360edb425965eccd605ca9d79e
u01-s010-v009,question,questionId,13,13,542f2abd34d5fdbcf0101c4ae6dc1a4a6bb2b9be25e3edd57b69716c45ceb9cd
u01-s010-v009,question,unitId,3,3,2055254ee30aaae13b777732834c89d7f799015d3af13b62fe05aeef8c3e0eaa
u01-s010-v009,question,topicId,22,22,3c671d5dc19382bd451c9b89831e7ad7186214a0e19ae625c41a0741a4e4fa19
u01-s010-v009,question,skillId,31,31,081dc09fa04adf2a41b0bce921424346fd614e26bfbc29f8a6b27a7c131c8df1
u01-s010-v009,question,difficulty,8,8,d21f85ea38166303ce58e06134b5cc4a5c900c409ab2a500ff7c9225109a09bb
u01-s010-v009,question,type,2,2,6bc0f9c4ecb0acbebf1b9f6c816bdd66f4885f67c917d9e141cf893014fba936
u01-s010-v009,question,visualMode,9,9,9c7d54b0bf7a9369d8594201c7b11955514343809d09fbec33966c1fd9794015
u01-s010-v009,question,sourceScope,19,19,a4b669ddb8ef1883391c07a7b633f12eeaeecee7ec37c09eea4931aff6644346
u01-s010-v009,question,text,20,34,3e61a18a97e8030072c48f61b0a358b84efa16f6b62150b4cf0bd9a0ed7cd521
u01-s010-v009,question,choices[0],1,1,e7f6c011776e8db7cd330b54174fd76f7d0216b612387a5ffcfb81e6f0919683
u01-s010-v009,question,choices[1],2,2,03b26944890929ff751653acb2f2af795cee38f937f379f52ed654a68ce91216
u01-s010-v009,question,choices[2],2,2,2fca346db656187102ce806ac732e06a62df0dbb2829e511a770556d398e1a6e
u01-s010-v009,question,choices[3],3,3,81ed9a3031aa1ab056d07b9e41e23b290f92c892326ca3b289369595fadef816
u01-s010-v009,question,explanation,32,58,2491cfb1f52fc35db4ca541ac6d78266b57ff22dd4b91a695346a19dd8d51a9f
u01-s010-v009,question,steps[0],12,17,29df50951f8a489233a512a2ea6dc7bcc0333e2d108d88550246c4e29e640ea0
u01-s010-v009,question,steps[1],8,13,5387eac20a918cbb428db576e2135243f2f4216e9efb2cb4bb0b062f1632e69e
u01-s010-v009,question,steps[2],5,13,e044e2d73691113812fe8e07fb1a0ef5dd926c3622f88073c09873c609408ae4
u01-s010-v009,question,optionAnalysis[0].choice,1,1,e7f6c011776e8db7cd330b54174fd76f7d0216b612387a5ffcfb81e6f0919683
u01-s010-v009,question,optionAnalysis[0].reason,16,20,4718d93b28fd67297a6baf84defae9244ecec6f38f22884e4d309d9e78f8b287
u01-s010-v009,question,optionAnalysis[1].choice,2,2,03b26944890929ff751653acb2f2af795cee38f937f379f52ed654a68ce91216
u01-s010-v009,question,optionAnalysis[1].reason,9,27,e85a8eb1aedf9b2b25c0d529101e857bdf8fe75682bd054867d4240ced13d2c1
u01-s010-v009,question,optionAnalysis[2].choice,2,2,2fca346db656187102ce806ac732e06a62df0dbb2829e511a770556d398e1a6e
u01-s010-v009,question,optionAnalysis[2].reason,5,15,26790fca3173449bb3b2f0cb91c320276121bbeade63b760249ecd66d7313afd
u01-s010-v009,question,optionAnalysis[3].choice,3,3,81ed9a3031aa1ab056d07b9e41e23b290f92c892326ca3b289369595fadef816
u01-s010-v009,question,optionAnalysis[3].reason,7,21,9e72f307d49bb91b0064436953a209c02dcfd3ff3cb2e81cd6b9f42a6939ed41
u01-s010-v009,question,commonMistake,21,52,2d94cd6dd7d094768b1c13ce4c48af1bfdb0cadd5265b134a2a2e25d025a9a36
u01-s010-v009,question,concept,11,33,8135c5396c3d85cb28ee68471823537fe703c76fd181474e7d9b6a8420d0122b
u01-s010-v009,question,tags[0],3,9,fd41540cbdbecb9b5fa7116d27c68e378548ab62ab7c7ca4494730a81ea87667
u01-s010-v009,question,tags[1],8,24,a52425cb9504e8e24d5fe6b1c94ed09b378bd9fe2df15e6700b605e51f5a3b44
u01-s010-v009,question,tags[2],8,8,d21f85ea38166303ce58e06134b5cc4a5c900c409ab2a500ff7c9225109a09bb
u01-s010-v009,question,estimatedTimeSec,2,2,39fa9ec190eee7b6f4dff1100d6343e10918d044c75eac8f9e9a2596173f80c9
u01-s010-v009,question,prerequisiteSkillIds[0],19,19,e173f689da5d11729b90ffa7f9e3d8cdb791c0c85134111ea5ef0471f1d91adb
u01-s010-v009,question,authoringIntent,14,42,f99bddcffab7c53aa748fdd18a02c4ec52237fc9dbbe5bf32da0eb255063bd78
u01-s010-v009,question,reviewStatus,22,22,ec809598e2f7fcc69fad54c9cd045bba62b4a0dc7c0ff90d4efdc3788c9ad8fb
u01-s010-v009,question,contentSha256,64,64,52daf666e873f186942aff2042b3d09dc3500a9d14c4b97a38848568afafd8bc
u01-s010-v009,question,contentAuthority,25,25,ed40f75ffe3d6ad4e71f6e7919d063410490de360edb425965eccd605ca9d79e
u01-s010-v010,question,questionId,13,13,d593e0b0fc89c86a65cbbbb36ddda401b02b3dec16d893501dadd5ecdcb487ed
u01-s010-v010,question,unitId,3,3,2055254ee30aaae13b777732834c89d7f799015d3af13b62fe05aeef8c3e0eaa
u01-s010-v010,question,topicId,22,22,3c671d5dc19382bd451c9b89831e7ad7186214a0e19ae625c41a0741a4e4fa19
u01-s010-v010,question,skillId,31,31,081dc09fa04adf2a41b0bce921424346fd614e26bfbc29f8a6b27a7c131c8df1
u01-s010-v010,question,difficulty,8,8,578756ca4aa16d8872610a5aaa78460fd30fbe93379ff7284fe65d66ca606755
u01-s010-v010,question,type,2,2,6bc0f9c4ecb0acbebf1b9f6c816bdd66f4885f67c917d9e141cf893014fba936
u01-s010-v010,question,visualMode,9,9,9c7d54b0bf7a9369d8594201c7b11955514343809d09fbec33966c1fd9794015
u01-s010-v010,question,sourceScope,19,19,a4b669ddb8ef1883391c07a7b633f12eeaeecee7ec37c09eea4931aff6644346
u01-s010-v010,question,text,36,94,50f9b5898c67368b7cdc9065695af9b06dc35ceb21387933fd46fc62cbf75cbe
u01-s010-v010,question,choices[0],5,9,f97f93f0b5a107c84092361d1f6cfd0feace79af027ff9e3021dcaf990ba42e0
u01-s010-v010,question,choices[1],6,10,cd15ca72c1a31f45cde9d74286132f6df5724277a51cd8f50d15e0a896745d0d
u01-s010-v010,question,choices[2],6,10,2b7ee317258b349901515d41037c43abe3fa845a7b9e90493298002a50f25de8
u01-s010-v010,question,choices[3],4,8,cbaf0292caa590c5df8a5ae4614fe03c013934d27490feae968d60f2237a526c
u01-s010-v010,question,explanation,26,51,858c1b1c492c4db9f60d23346b04f8aa34c1fb41266700375a199d545727e24b
u01-s010-v010,question,steps[0],10,26,15ee1d84dbbe3d56a9a7928dc7ef15f9a960bbb924f508cbb9b7b436ea7310a9
u01-s010-v010,question,steps[1],6,16,952f0cc742cc4059223db4997e99167edb0ec04a64520e1b29eca83d881fd065
u01-s010-v010,question,steps[2],6,12,62495bd94f72303188cf21a4b8d326e2ba3a88a1fb329f1692fc5a6b7cd29b2c
u01-s010-v010,question,optionAnalysis[0].choice,5,9,f97f93f0b5a107c84092361d1f6cfd0feace79af027ff9e3021dcaf990ba42e0
u01-s010-v010,question,optionAnalysis[0].reason,4,12,38a1ac0f4def0cb1de0f18d43f309ae4bca2680cb2b6e723dcce1d6c7c29a6cc
u01-s010-v010,question,optionAnalysis[1].choice,6,10,cd15ca72c1a31f45cde9d74286132f6df5724277a51cd8f50d15e0a896745d0d
u01-s010-v010,question,optionAnalysis[1].reason,9,12,feef2d5c2164fff970c5db1a6b7c19346974e234a0d56125a6f89e67649bf970
u01-s010-v010,question,optionAnalysis[2].choice,6,10,2b7ee317258b349901515d41037c43abe3fa845a7b9e90493298002a50f25de8
u01-s010-v010,question,optionAnalysis[2].reason,7,21,23a3df48628f3b62bf86a0cf8b06f6d6680022391d082b04305b774132c2ceb5
u01-s010-v010,question,optionAnalysis[3].choice,4,8,cbaf0292caa590c5df8a5ae4614fe03c013934d27490feae968d60f2237a526c
u01-s010-v010,question,optionAnalysis[3].reason,5,15,2d585e7b72b38bd4cb1c4f1fb7c3649f53b213540608d88e8c81745b4364a8ef
u01-s010-v010,question,commonMistake,22,66,ae257c0998980f28316ea27bcc5bc054926091742f277d865188803532ffbf67
u01-s010-v010,question,concept,15,45,748697e9a6d43cae547bd76625cb522be54c09dbb8bf1cca30397a0ef69a107e
u01-s010-v010,question,tags[0],3,9,fd41540cbdbecb9b5fa7116d27c68e378548ab62ab7c7ca4494730a81ea87667
u01-s010-v010,question,tags[1],8,24,a52425cb9504e8e24d5fe6b1c94ed09b378bd9fe2df15e6700b605e51f5a3b44
u01-s010-v010,question,tags[2],8,8,578756ca4aa16d8872610a5aaa78460fd30fbe93379ff7284fe65d66ca606755
u01-s010-v010,question,estimatedTimeSec,2,2,48449a14a4ff7d79bb7a1b6f3d488eba397c36ef25634c111b49baf362511afc
u01-s010-v010,question,prerequisiteSkillIds[0],19,19,e173f689da5d11729b90ffa7f9e3d8cdb791c0c85134111ea5ef0471f1d91adb
u01-s010-v010,question,authoringIntent,13,39,74ba81c48efd24952be6db23766f0c9fecfd04851b7ac1f8c82d4ac4f5c1d016
u01-s010-v010,question,literacyContextNecessity,25,75,c9ee8a32644733e48576cf370fd4bd3e3aaa69e8ecf1ed4daeb166398700a921
u01-s010-v010,question,reviewStatus,22,22,ec809598e2f7fcc69fad54c9cd045bba62b4a0dc7c0ff90d4efdc3788c9ad8fb
u01-s010-v010,question,contentSha256,64,64,2cae480d4490810aaa5872404dd8bad59b14f756a95e7f510195ac4e6350f095
u01-s010-v010,question,contentAuthority,25,25,ed40f75ffe3d6ad4e71f6e7919d063410490de360edb425965eccd605ca9d79e
u01-s010-v011,question,questionId,13,13,cf6feb0970cfee9ef95b329430ce7032f32265d07fc636c1843b85391d50d66f
u01-s010-v011,question,unitId,3,3,2055254ee30aaae13b777732834c89d7f799015d3af13b62fe05aeef8c3e0eaa
u01-s010-v011,question,topicId,22,22,3c671d5dc19382bd451c9b89831e7ad7186214a0e19ae625c41a0741a4e4fa19
u01-s010-v011,question,skillId,31,31,081dc09fa04adf2a41b0bce921424346fd614e26bfbc29f8a6b27a7c131c8df1
u01-s010-v011,question,difficulty,8,8,578756ca4aa16d8872610a5aaa78460fd30fbe93379ff7284fe65d66ca606755
u01-s010-v011,question,type,2,2,6bc0f9c4ecb0acbebf1b9f6c816bdd66f4885f67c917d9e141cf893014fba936
u01-s010-v011,question,visualMode,9,9,9c7d54b0bf7a9369d8594201c7b11955514343809d09fbec33966c1fd9794015
u01-s010-v011,question,sourceScope,19,19,a4b669ddb8ef1883391c07a7b633f12eeaeecee7ec37c09eea4931aff6644346
u01-s010-v011,question,text,42,104,eede4cec8f3f46e5c4ef6f0a4b52c4fcb8ff5a09329d6f9322015ced37c1784d
u01-s010-v011,question,choices[0],4,5,24e07ac860302c769526bc9dd3d2733847cf05152c8765c3430f956c202a459d
u01-s010-v011,question,choices[1],5,6,3c498a0521b7a485d6d5cb0a3ddc21ec402c1053fae916f606665ce6e38ee326
u01-s010-v011,question,choices[2],4,5,b55ff0fed7062ba3049fcdf44043ecc16ab231baa118632184c607db46ef6c5c
u01-s010-v011,question,choices[3],3,4,5208555e1d502c5a559f3bbe5162ad4d470840f6ecf109f59cc824d36b58fc3b
u01-s010-v011,question,explanation,35,56,4c324e70cab84bf2bae7b93d7d94eef3a217fb3d8daf43df7edf843292096664
u01-s010-v011,question,steps[0],8,18,1b6dca1fce001abf446356fff930cdacc2aecbd46ec4836395357d4cadc7a88d
u01-s010-v011,question,steps[1],6,16,b153618fdf1bdf832dd87dcce8f74c6f0cd267e8902fa2f71a2253ce25de5479
u01-s010-v011,question,steps[2],5,11,4e216eadb52906bbd39e636501d3647d96935404dc919af642df31c1ad65db96
u01-s010-v011,question,optionAnalysis[0].choice,4,5,24e07ac860302c769526bc9dd3d2733847cf05152c8765c3430f956c202a459d
u01-s010-v011,question,optionAnalysis[0].reason,7,21,948aaa800f5d0d67a67e0605c0465952f3fe88f5e9605f091eec10319d581f58
u01-s010-v011,question,optionAnalysis[1].choice,5,6,3c498a0521b7a485d6d5cb0a3ddc21ec402c1053fae916f606665ce6e38ee326
u01-s010-v011,question,optionAnalysis[1].reason,10,30,ca4633df9a5d44cbb0d894445f207d99bf8392c597b481e1bf40eeb6884053fc
u01-s010-v011,question,optionAnalysis[2].choice,4,5,b55ff0fed7062ba3049fcdf44043ecc16ab231baa118632184c607db46ef6c5c
u01-s010-v011,question,optionAnalysis[2].reason,14,18,d63e41a8613fca4f506fce2167361a180893ca6af633a037f230c00440fafa46
u01-s010-v011,question,optionAnalysis[3].choice,3,4,5208555e1d502c5a559f3bbe5162ad4d470840f6ecf109f59cc824d36b58fc3b
u01-s010-v011,question,optionAnalysis[3].reason,6,16,5afd9ea0de7e167964e8a2bc785faca2813354f29d764cdd581f159dae621a16
u01-s010-v011,question,commonMistake,15,39,8606bc57c046242809419f8e699fe84b718ff98584ba8b1b270ae77075ef9a6d
u01-s010-v011,question,concept,14,41,915a9b4c4cb0480542d5f9aafbbf68d0247826de11b5fb7d0295c24c005541e5
u01-s010-v011,question,tags[0],3,9,fd41540cbdbecb9b5fa7116d27c68e378548ab62ab7c7ca4494730a81ea87667
u01-s010-v011,question,tags[1],8,24,a52425cb9504e8e24d5fe6b1c94ed09b378bd9fe2df15e6700b605e51f5a3b44
u01-s010-v011,question,tags[2],8,8,578756ca4aa16d8872610a5aaa78460fd30fbe93379ff7284fe65d66ca606755
u01-s010-v011,question,estimatedTimeSec,2,2,69f59c273b6e669ac32a6dd5e1b2cb63333d8b004f9696447aee2d422ce63763
u01-s010-v011,question,prerequisiteSkillIds[0],19,19,e173f689da5d11729b90ffa7f9e3d8cdb791c0c85134111ea5ef0471f1d91adb
u01-s010-v011,question,authoringIntent,13,39,c4220dbec1938242cc80a29b3beb83b6c3564aeca004e6c28dd8d380efabc175
u01-s010-v011,question,literacyContextNecessity,21,63,993a7117ab28dea6586af0871c82027e417bce644b2c2cc9a102d37e7c8163de
u01-s010-v011,question,reviewStatus,22,22,ec809598e2f7fcc69fad54c9cd045bba62b4a0dc7c0ff90d4efdc3788c9ad8fb
u01-s010-v011,question,contentSha256,64,64,fba2633664482829bed75c9f517455016f87497e319f8c2ca1920924456d2839
u01-s010-v011,question,contentAuthority,25,25,ed40f75ffe3d6ad4e71f6e7919d063410490de360edb425965eccd605ca9d79e
u01-s010-v012,question,questionId,13,13,82cbcb875ba77279001b8407023b0eaf75afb11c5bb48a65356db475ff741da9
u01-s010-v012,question,unitId,3,3,2055254ee30aaae13b777732834c89d7f799015d3af13b62fe05aeef8c3e0eaa
u01-s010-v012,question,topicId,22,22,3c671d5dc19382bd451c9b89831e7ad7186214a0e19ae625c41a0741a4e4fa19
u01-s010-v012,question,skillId,31,31,081dc09fa04adf2a41b0bce921424346fd614e26bfbc29f8a6b27a7c131c8df1
u01-s010-v012,question,difficulty,8,8,578756ca4aa16d8872610a5aaa78460fd30fbe93379ff7284fe65d66ca606755
u01-s010-v012,question,type,2,2,6bc0f9c4ecb0acbebf1b9f6c816bdd66f4885f67c917d9e141cf893014fba936
u01-s010-v012,question,visualMode,9,9,9c7d54b0bf7a9369d8594201c7b11955514343809d09fbec33966c1fd9794015
u01-s010-v012,question,sourceScope,19,19,a4b669ddb8ef1883391c07a7b633f12eeaeecee7ec37c09eea4931aff6644346
u01-s010-v012,question,text,37,93,fd4436ed979fea730f9d22a279c6c32fb4f48dda6d51d1d9275e16d3a28cb29d
u01-s010-v012,question,choices[0],5,7,8e569334e684605e90a24e1f56b2e74d68462a132854cf2d82221a30f0f0d697
u01-s010-v012,question,choices[1],8,10,709a3885c0a4ac8a542369ef9afe5693ee6df7858cd6c412444532789842f970
u01-s010-v012,question,choices[2],7,9,d7df33bb4a17400a221698ab8fb2856aa886272023e00945c26dc06f0149a51f
u01-s010-v012,question,choices[3],6,8,08e0992cf39769e2e26552734a21c47cbc4486ac952392f33a2367559e8c7e94
u01-s010-v012,question,explanation,33,70,f4f91978cdfa0be9b96c3f9c5f7ad6ae791ce54e071250a2330bc140f07834f2
u01-s010-v012,question,steps[0],8,16,eacd8cf1b07be1ccdf981def3f6a5054f14e20659c13427fdc85efd9510ccdf6
u01-s010-v012,question,steps[1],6,16,b8e6e5165086ce391660ba5bff84d970e1fbd3eeb89517cffd505c671733f15a
u01-s010-v012,question,steps[2],12,15,6c670f1516f030c14d803574881e0a4c84068a95677b299c04eaa3f461104313
u01-s010-v012,question,optionAnalysis[0].choice,5,7,8e569334e684605e90a24e1f56b2e74d68462a132854cf2d82221a30f0f0d697
u01-s010-v012,question,optionAnalysis[0].reason,4,12,936191a3d227ee45243a48c69a203b989b14577d4d516370f214979a7aa02e39
u01-s010-v012,question,optionAnalysis[1].choice,8,10,709a3885c0a4ac8a542369ef9afe5693ee6df7858cd6c412444532789842f970
u01-s010-v012,question,optionAnalysis[1].reason,9,27,668938c6b1c6bce7f7ef702f36c610aadd34a9932c491da023c8675c8271230d
u01-s010-v012,question,optionAnalysis[2].choice,7,9,d7df33bb4a17400a221698ab8fb2856aa886272023e00945c26dc06f0149a51f
u01-s010-v012,question,optionAnalysis[2].reason,7,21,288377aec06d7b3cc48d176ed9fb209f2ac4adc4e256640a26d5c87d05769db8
u01-s010-v012,question,optionAnalysis[3].choice,6,8,08e0992cf39769e2e26552734a21c47cbc4486ac952392f33a2367559e8c7e94
u01-s010-v012,question,optionAnalysis[3].reason,13,17,1e86873319dc4318f2e8f0ca88f55de47b693b9ba4172b5ca4a5f9fa8179afc0
u01-s010-v012,question,commonMistake,20,54,9f5221edf2e6922b1fe227c3342ef854629be75ce07538e74243e7c89c88a7ed
u01-s010-v012,question,concept,16,48,1bf8a7c0d9f31d59f39d39a391d60bc41eaacc9b6960765238f25d8800826cbf
u01-s010-v012,question,tags[0],3,9,fd41540cbdbecb9b5fa7116d27c68e378548ab62ab7c7ca4494730a81ea87667
u01-s010-v012,question,tags[1],8,24,a52425cb9504e8e24d5fe6b1c94ed09b378bd9fe2df15e6700b605e51f5a3b44
u01-s010-v012,question,tags[2],8,8,578756ca4aa16d8872610a5aaa78460fd30fbe93379ff7284fe65d66ca606755
u01-s010-v012,question,estimatedTimeSec,2,2,69f59c273b6e669ac32a6dd5e1b2cb63333d8b004f9696447aee2d422ce63763
u01-s010-v012,question,prerequisiteSkillIds[0],19,19,e173f689da5d11729b90ffa7f9e3d8cdb791c0c85134111ea5ef0471f1d91adb
u01-s010-v012,question,authoringIntent,12,36,f2aa16774de03e9447f3d3610fe3d5e39ecb3e6719f5162e36d995cf39078b05
u01-s010-v012,question,literacyContextNecessity,23,69,b06785f502bc480810dd8e2657e24f4dfdd3621eeaeb55d3bdc371a1536e46db
u01-s010-v012,question,reviewStatus,22,22,ec809598e2f7fcc69fad54c9cd045bba62b4a0dc7c0ff90d4efdc3788c9ad8fb
u01-s010-v012,question,contentSha256,64,64,1a6c824ef01a51d6fe02d66dce342d9221cc87913321fa514ca2caee4cef332d
u01-s010-v012,question,contentAuthority,25,25,ed40f75ffe3d6ad4e71f6e7919d063410490de360edb425965eccd605ca9d79e
u01-s010-cr001,question,questionId,14,14,e884645f2d091b1346f9989b5779975f9977c89a7a2522e318c62c24d04fc097
u01-s010-cr001,question,unitId,3,3,2055254ee30aaae13b777732834c89d7f799015d3af13b62fe05aeef8c3e0eaa
u01-s010-cr001,question,topicId,22,22,3c671d5dc19382bd451c9b89831e7ad7186214a0e19ae625c41a0741a4e4fa19
u01-s010-cr001,question,skillId,31,31,081dc09fa04adf2a41b0bce921424346fd614e26bfbc29f8a6b27a7c131c8df1
u01-s010-cr001,question,difficulty,8,8,fe6d3468cf5c74d8ec2a95b40f2e05338c37a4202f8fad692d2b64a9cf9b468a
u01-s010-cr001,question,type,20,20,e519496c259191db041ac61161dbfadb673dd94a10a123ed7423adcf7968ae7c
u01-s010-cr001,question,visualMode,9,9,9c7d54b0bf7a9369d8594201c7b11955514343809d09fbec33966c1fd9794015
u01-s010-cr001,question,prompt,47,91,f2f49362c1c1e73310cefc08f90ff6680d8cf5604d65499dc747d7419e949deb
u01-s010-cr001,question,requiredWork[0],13,39,4c45060b56af36a88c820f122e33bfcb0775407aeca0c53219ae2f23506a0ef0
u01-s010-cr001,question,requiredWork[1],7,21,a2e9cb034a39756e19a0bb224c98091c89d64ad26246160ff85b61c47c8ccdf8
u01-s010-cr001,question,fullCreditSolution[0],25,47,fe0f0bb5805e45e2d80358f14d936eb7e605b53d273eda8adb6c6637d5d3a27a
u01-s010-cr001,question,fullCreditSolution[1],23,39,5c2d2782443a00eb95e8584f30f246a948c999c24f9598f7b0b8ad29f3a6ebf7
u01-s010-cr001,question,fullCreditSolution[2],32,62,36978e9f1772c295f2235bae43b524f94a8b2a1ececf34e82a6343852fcd7c79
u01-s010-cr001,question,alternativeSolutions[0],16,48,4a5c5ca8a457a22e579ebe6cb2cca23eaea48eab5337f0b8f99afc83b55e08f8
u01-s010-cr001,question,rubric[0].criteria,14,42,cfa5e7ae92db10a9b196c16676f2267bec57609f9caf3bfbb67d8d90d00d26aa
u01-s010-cr001,question,rubric[1].criteria,20,60,15ac1134ac114d24118ff69bc783451f83a6682eb4bb99d3dfa9978711cb547b
u01-s010-cr001,question,rubric[2].criteria,17,51,3cc753eafdef16a5eee224e5cb8d76c562a02da1e1a1688b2d9c943ce06634e8
u01-s010-cr001,question,rubric[3].criteria,11,33,72d5591b318fec2ba8f72a356d42170642e050fda2ae2e010d9531afc2c3c68c
u01-s010-cr001,question,scoringNotes[0],11,33,dedeeccfee7df0ba475e6b4500e90608421bb1b795f0eb23a36b9686ea5f2e2e
u01-s010-cr001,question,commonErrors[0],6,18,bc23353c93e18ed473118cfa0620e266abdbf72975f38bdfbaf6853a576bed77
u01-s010-cr001,question,commonErrors[1],6,18,805b5b27fc907a3146fc259050282cb3233e238feed38753a83c13c97ce293e2
u01-s010-cr001,question,commonErrors[2],4,10,9e776133b5a9b41d8e678be7d7c124c7ef548f99e74123d4ca51757eddd4cfc4
u01-s010-cr001,question,independentReview.derivedResult,9,15,db20dd87052e2deede17ee31e67841260f7515a94e57462bc75b47e9d3c76d9e
u01-s010-cr001,question,independentReview.ambiguity,4,4,140bedbf9c3f6d56a9846d2ba7088798683f4da0c248231336e6a05679e4fdfe
u01-s010-cr001,question,independentReview.decision,4,4,d74ff0ee8da3b9806b18c877dbf29bbde50b5bd8e4dad7a3a725000feb82e8f1
u01-s010-cr001,question,contentSha256,64,64,6caa6b49f7c99549bd3dbe63a2e9e9e1e546b2738196fdc6be3da3242bf91c01
u01-s010-cr001,question,contentAuthority,25,25,ed40f75ffe3d6ad4e71f6e7919d063410490de360edb425965eccd605ca9d79e
u01-s010-cr002,question,questionId,14,14,c5d7f2d63e25751e3b070fe96225c466eb36e39fefb137b8351b5a36a561dc9e
u01-s010-cr002,question,unitId,3,3,2055254ee30aaae13b777732834c89d7f799015d3af13b62fe05aeef8c3e0eaa
u01-s010-cr002,question,topicId,22,22,3c671d5dc19382bd451c9b89831e7ad7186214a0e19ae625c41a0741a4e4fa19
u01-s010-cr002,question,skillId,31,31,081dc09fa04adf2a41b0bce921424346fd614e26bfbc29f8a6b27a7c131c8df1
u01-s010-cr002,question,difficulty,8,8,d21f85ea38166303ce58e06134b5cc4a5c900c409ab2a500ff7c9225109a09bb
u01-s010-cr002,question,type,20,20,e519496c259191db041ac61161dbfadb673dd94a10a123ed7423adcf7968ae7c
u01-s010-cr002,question,visualMode,9,9,9c7d54b0bf7a9369d8594201c7b11955514343809d09fbec33966c1fd9794015
u01-s010-cr002,question,prompt,77,203,8bae70a6cb747d06053f02787c641be89f968a6d07ea44a7f06330635ea38431
u01-s010-cr002,question,requiredWork[0],8,20,8e89b26ef8f5b0721ccfd31cb08639f0b492b177602748ae7b5edb971e8dfbd0
u01-s010-cr002,question,requiredWork[1],11,33,1aac8074068c092429dfd05945e2c199892782c5007f624c4edb869f09f4f8c0
u01-s010-cr002,question,requiredWork[2],10,30,16b1d3fe3c6ca0e43dfcf79cfe987fbd15e851ede51377109ecc5bff68ee13a1
u01-s010-cr002,question,fullCreditSolution[0],18,31,5fc664ef45229811af15f910b3e29cebc9c1ae8712f84b25110e2ef4b06e2715
u01-s010-cr002,question,fullCreditSolution[1],22,36,140c96a2eb3a68ec60dbf7ebb28a559a2d9366f0a013fad971c3099a73b1ea3c
u01-s010-cr002,question,fullCreditSolution[2],19,38,d9fe5d6e441d5d847329553604564eaec7ce0775e4596f003e993e9bc50dacbb
u01-s010-cr002,question,alternativeSolutions[0],25,57,63a7fa6de4fe1fc3175323c57e0e9ee13a4acad158bf18d6003ca860e3e9195a
u01-s010-cr002,question,rubric[0].criteria,21,47,400036e0e41271f1be6fca23490e6087048b877c13cd8d832d26522b0423c43a
u01-s010-cr002,question,rubric[1].criteria,19,57,c9fbabc2a297acdf768c41cbeaa513adddc2f4d7038bf7d8915c6a6e4d277d49
u01-s010-cr002,question,rubric[2].criteria,17,44,fbfd12a41c3b7e20514287eb9c53e87a6cb8738bf2ad70f73dfbd9a9000ba66c
u01-s010-cr002,question,rubric[3].criteria,13,39,d79b73e82a5681e40fc379b75744376bde106964d075460a507159cba21ea7dc
u01-s010-cr002,question,scoringNotes[0],18,52,4d596fbfbb219faea5e310ad6eda2132b3939961452c8218a859c2a40ad54f64
u01-s010-cr002,question,commonErrors[0],12,27,5675699af6da91feb896504d01b210aaaef45ff55bb3190a07b72b692c7d7e4b
u01-s010-cr002,question,commonErrors[1],7,17,dde6b680a3c308263935d5c101a2e32bd3b56f5ca356db4c322644d740f149cb
u01-s010-cr002,question,commonErrors[2],7,19,65169d82eff337dc95209836600e45e329fd8f83094b7ad9c83e8442c442b490
u01-s010-cr002,question,independentReview.derivedResult,24,56,17000ede9b699f039962a92fb571b9a03734928b1c5586094e09a0b216fc28d7
u01-s010-cr002,question,independentReview.ambiguity,4,4,140bedbf9c3f6d56a9846d2ba7088798683f4da0c248231336e6a05679e4fdfe
u01-s010-cr002,question,independentReview.decision,4,4,d74ff0ee8da3b9806b18c877dbf29bbde50b5bd8e4dad7a3a725000feb82e8f1
u01-s010-cr002,question,contentSha256,64,64,76928eaebcf9b84d08bbfffea405c8bd963681a7ef7cd1299e30bce3fa3babe9
u01-s010-cr002,question,contentAuthority,25,25,ed40f75ffe3d6ad4e71f6e7919d063410490de360edb425965eccd605ca9d79e
u01-s011-lecture-r1,lecture,lectureId,19,19,34e5bd5e75e6c0d4fdad4f59888c8c422644220f510ceb0addf440005ef95c0a
u01-s011-lecture-r1,lecture,unitId,3,3,2055254ee30aaae13b777732834c89d7f799015d3af13b62fe05aeef8c3e0eaa
u01-s011-lecture-r1,lecture,topicId,22,22,3c671d5dc19382bd451c9b89831e7ad7186214a0e19ae625c41a0741a4e4fa19
u01-s011-lecture-r1,lecture,skillId,24,24,e13a3f394515dbd063b6e19ec01bfec5c72b5d6ae6fec2e046d3752279a6035c
u01-s011-lecture-r1,lecture,title,19,57,52ce21e6a55f043a4b416a6ce68da05893d6d7104950fa1084c49af2b0a31fc0
u01-s011-lecture-r1,lecture,audience,10,30,e6b4416fbd9f36797de01256b31a4d6f6314e126fde8495e25792c814f64fc5f
u01-s011-lecture-r1,lecture,reviewStatus,22,22,ec809598e2f7fcc69fad54c9cd045bba62b4a0dc7c0ff90d4efdc3788c9ad8fb
u01-s011-lecture-r1,lecture,learningOutcomes[0],12,36,38da7962498da03f0e418df5dde9d58fca172018bb3fe378bc19f63f401b3c11
u01-s011-lecture-r1,lecture,learningOutcomes[1],12,36,1a1c5b88aeeba86439e5e3fbedbd3f382be9e3b8c142fad6f6e231956886a2e0
u01-s011-lecture-r1,lecture,learningOutcomes[2],17,51,52ff2e625dabc26085dc5088294268481a55f0f489ecbbe0fe80039a27557bc6
u01-s011-lecture-r1,lecture,learningOutcomes[3],18,54,8f9005c54c11f51cb91313a3a10a2b6002f0edb6c8ece56dabcc7864b0ab6224
u01-s011-lecture-r1,lecture,learningOutcomes[4],18,54,c2d0a85b616df65d91100454f155e0c94a0979ab119dd5041e8a1b8d06e025bf
u01-s011-lecture-r1,lecture,prerequisites[0].skillId,31,31,081dc09fa04adf2a41b0bce921424346fd614e26bfbc29f8a6b27a7c131c8df1
u01-s011-lecture-r1,lecture,prerequisites[0].requiredLevel,24,72,0b01630c10bcca6d6b6333c25c23d2dcd1f545c9313f3d9d914fec661829873c
u01-s011-lecture-r1,lecture,glossary[0].term,4,12,6a8b301846c9930259743ddebab8b80a862fa0a69c1b9f8f4ac52309b76c94d0
u01-s011-lecture-r1,lecture,glossary[0].definition,17,51,ff48d373ff38fe3496c9214927e38c1e00d4d7fbe690ac6fe34f79b0d5103fb0
u01-s011-lecture-r1,lecture,glossary[1].term,2,6,6dd7b81f40edd5f09cbb22d3f77721a314844ceb3a71ea2ee7ef697b141d2252
u01-s011-lecture-r1,lecture,glossary[1].definition,11,33,b4edf58e03c16197ff78342d4f8387cb86d397aeda1358172940fad7de773cf1
u01-s011-lecture-r1,lecture,glossary[2].term,4,12,de5426da86d78a2b33fb545cd9a7b52493e5a481eb27c3d500c13a39a946e485
u01-s011-lecture-r1,lecture,glossary[2].definition,12,36,7bca40e834b7c06b327e66a58c3000627b87440ef843c564f9a2314191f68c29
u01-s011-lecture-r1,lecture,glossary[3].term,4,12,0450132c1d0b53ca83cf2d533007d30e20903934f45d6c9266da5d146c8c342d
u01-s011-lecture-r1,lecture,glossary[3].definition,20,60,fab6ac00c5c70fbc908075f9da396102eb367492497705bfe691bfadb204f131
u01-s011-lecture-r1,lecture,glossary[4].term,4,12,e0ea260678f40c49198a0deda6ad70764a7f86acb064ef690618acb978633f87
u01-s011-lecture-r1,lecture,glossary[4].definition,20,60,d7ce3dd19cb55a297995f637bed902f74c21a107cc00bf01d7e6e7cc36da36b9
u01-s011-lecture-r1,lecture,notation[0].symbol,3,3,e779214a725f082c7060c2cfa249b89709131edc99d1ffac41c1babceefa3126
u01-s011-lecture-r1,lecture,notation[0].meaning,6,18,8b9a7a6badd39a293c108365821e2662e368d1f3fd87c8e61ae389d5cc1c6277
u01-s011-lecture-r1,lecture,notation[1].symbol,3,7,0034e5a58dbbb07a0e6a7bee34c337219676456209e1ac5b88d3d5e8f4c86b39
u01-s011-lecture-r1,lecture,notation[1].meaning,15,45,fc44f7ae8eb30a9cc16a8fed048cca2318f1d2958a2871905f232888072af840
u01-s011-lecture-r1,lecture,notation[2].symbol,3,5,041066ba4bba8d96fbd9122ebca91bccbeff794b088d27a75c0735615a059165
u01-s011-lecture-r1,lecture,notation[2].meaning,13,39,14f12855f800d706109af7dd5b1737efac70925ee6b679e11bb91ce941659c52
u01-s011-lecture-r1,lecture,conceptNarrative[0],40,120,711b0b3071247105226b4ace0148ab13b20438ca9b5caf3b2823b388dd957e18
u01-s011-lecture-r1,lecture,conceptNarrative[1],42,126,4abe0fe2134b88333eb1e1a26e11f33822f605cb23a5c300bd96946ff63bd151
u01-s011-lecture-r1,lecture,conceptNarrative[2],28,69,2752790af2239d86c0b2256c8e89ebfc261389695e6f384f464ef17b85853924
u01-s011-lecture-r1,lecture,conceptNarrative[3],36,108,d67bf904c5deca0e66549b09f48dd8408d8d7a866de719303ca0d43810e2393d
u01-s011-lecture-r1,lecture,formalDefinitions[0].name,4,12,f83b8faa9411d84ec1ee403d4b7d6ece96c647c4b2cd952221e4f9b2bcfd0783
u01-s011-lecture-r1,lecture,formalDefinitions[0].statement,19,57,162e36bf4ef4e914a1d05df79980a89965995c9681d8523871182c6dbdcad68a
u01-s011-lecture-r1,lecture,formalDefinitions[1].name,4,12,04e9fb377361a2929dc9c48d3fc2567bac2aaced94b9c6200179425b327880ba
u01-s011-lecture-r1,lecture,formalDefinitions[1].statement,13,39,705429a5f9fe493c5a20ab21e5225b62823967ea9d7b229c3b7888c1607ba3e6
u01-s011-lecture-r1,lecture,formulas[0].formula,12,28,bf801967e3de25e790e2c0c3c91be95019f6be15a524691978f9705e9fa17369
u01-s011-lecture-r1,lecture,formulas[0].conditions[0],8,24,7106fc5927b58740d189b075776d583b43a914be86d71bd7f0c1ba407b42c5b4
u01-s011-lecture-r1,lecture,formulas[0].meaning,7,21,afd4b783d6caf78634ce12240b0f3e775f3b8382debd51ba465de5b5fc0b7184
u01-s011-lecture-r1,lecture,formulas[1].formula,10,10,a4021a657fd1c2a2baa51b200ac18925bd5c0e654cd9ebba8c609f7f912433d7
u01-s011-lecture-r1,lecture,formulas[1].conditions[0],6,18,b23b002716fd105c06e7e815ce69b9f2c12d6d0d2a6b865cb70073f8436ab976
u01-s011-lecture-r1,lecture,formulas[1].meaning,11,33,193ba25574921cde85931573a688343f258c382417da5d2475bf4c2592fda221
u01-s011-lecture-r1,lecture,nonApplicableCases[0],18,54,453b815e78f5c06259c1500e27881d1329be71f8d621a433ec8eebd8122ec877
u01-s011-lecture-r1,lecture,nonApplicableCases[1],16,48,752f18dc83eaf10535a41ed3eac7baa59a1688caf5daba03180fe5815b5724b6
u01-s011-lecture-r1,lecture,nonApplicableCases[2],16,48,86a228d1d2b6a6f062bc196771ef036fa4801864239e47a25044248423d9e6d1
u01-s011-lecture-r1,lecture,nonApplicableCases[3],26,78,b8bfb3aab7dd0dcf87aac0b6b3a554ae43082f9440ec65d34d7321264e79f3c0
u01-s011-lecture-r1,lecture,method[0].instruction,8,24,fb4d20093a4c802bba0cd3f9c00cf50fca506dcc7d028ab2f7f80e812f4e50b3
u01-s011-lecture-r1,lecture,method[0].check,8,24,31075e5b90e11e9af7314470e20b9b3da64ff755608b11f4c0de166a010aab2e
u01-s011-lecture-r1,lecture,method[1].instruction,12,36,313b3a097e9125550bd7b4e631e46195ed2172dc8f34535194b9daaacfe1e2ac
u01-s011-lecture-r1,lecture,method[1].check,8,24,72fbca53ace8f6f09692c14c908ab22fbd48096816456dc6e643db2fe81165ce
u01-s011-lecture-r1,lecture,method[2].instruction,10,30,9cb17038937b1fe5a087b1e19746ba939844aece598db288be4686b10038bcec
u01-s011-lecture-r1,lecture,method[2].check,8,24,330ba3b6267a6eb2fea57f07dca93fc2e6d5fe5bea75619cfd7713b9dc283b87
u01-s011-lecture-r1,lecture,method[3].instruction,10,30,f7bc7ff2cd0e6faab759fcb939394b1184d1309bd89745e65aa18223cba21c2e
u01-s011-lecture-r1,lecture,method[3].check,11,33,331f52fd92f0ca2c79e39bae1043246422d0d0d81f579fceb38bbcc7d99f12eb
u01-s011-lecture-r1,lecture,method[4].instruction,9,27,fa4b88fcebd8b914b9b866b7a6f23b4ff1e4522cbce8c3294dc8e3b02ecef4db
u01-s011-lecture-r1,lecture,method[4].check,11,33,41481e1943be64694baaa11e3a9b6f7ce30a3089078e9717c0889a7dd35dca0a
u01-s011-lecture-r1,lecture,workedExamples[0].exampleId,2,2,dffe8596427fc50e8f64654a609af134d45552f18bbecef90b31135a9e7acaa0
u01-s011-lecture-r1,lecture,workedExamples[0].prompt,12,19,ea4eaac7aa18ffe9798323f1456cfc7f70c01bb162a22fb9a9671a0014a68e3a
u01-s011-lecture-r1,lecture,workedExamples[0].solutionSteps[0],15,26,16f490d34bb71e350ad70a140851dcd979f8a41b1fbdf9392aeb8309a1538826
u01-s011-lecture-r1,lecture,workedExamples[0].solutionSteps[1],12,20,d1ceb1da0a818f1e324cfeaf33d2f49c2cfaadbea40b9cd3ded94cbdb86f44a3
u01-s011-lecture-r1,lecture,workedExamples[0].solutionSteps[2],6,12,789f981da3c31f7f16eb8bf85f169cf738a8550b3b099bcb239b7d9bb79e6eb0
u01-s011-lecture-r1,lecture,workedExamples[0].answer,3,5,c11126f7fb25d0e615980fd3d7f646500a20bb199b5505bffc891c8dabae497a
u01-s011-lecture-r1,lecture,workedExamples[1].exampleId,2,2,d76354d8457898445bb69e0dc0dc95fb74cc3cf334f8c1859162a16ad0041f8d
u01-s011-lecture-r1,lecture,workedExamples[1].prompt,13,20,7f686c4252f1a1be4892a6cda5a73f269685b17ae4629fcef6b7ddfdef749b4d
u01-s011-lecture-r1,lecture,workedExamples[1].solutionSteps[0],15,26,dce383a8aa98d187eefac83e933537e21bf12daa15af457c1d46163ea9c9aa6c
u01-s011-lecture-r1,lecture,workedExamples[1].solutionSteps[1],8,14,cf86ba33c505c5890cd6d7e39fe642166a498768f950a2c890659bdded630025
u01-s011-lecture-r1,lecture,workedExamples[1].solutionSteps[2],6,12,789f981da3c31f7f16eb8bf85f169cf738a8550b3b099bcb239b7d9bb79e6eb0
u01-s011-lecture-r1,lecture,workedExamples[1].answer,3,5,c11126f7fb25d0e615980fd3d7f646500a20bb199b5505bffc891c8dabae497a
u01-s011-lecture-r1,lecture,workedExamples[2].exampleId,2,2,842983de8fb1d277a3fad5c8295c7a14317c458718a10c5a35b23e7f992a5c80
u01-s011-lecture-r1,lecture,workedExamples[2].prompt,17,24,314703e8e8fd951005ef34361fd622eee6e311c6ef8ac612bc3c61b215197ca5
u01-s011-lecture-r1,lecture,workedExamples[2].solutionSteps[0],13,19,3b1180cc1d6c06550a5ba7237e2170c8724d6d6ada2ebc3b930d4d812e3c57f4
u01-s011-lecture-r1,lecture,workedExamples[2].solutionSteps[1],13,20,beae1207044435eb61187923901e17e34c2b990ba34edc71f7774f8db1cd8c1f
u01-s011-lecture-r1,lecture,workedExamples[2].solutionSteps[2],11,13,a7fbb7d5f6651a09a6d2aa5e4e1c54d950f67f6edb651bcb1012648f4eee5748
u01-s011-lecture-r1,lecture,workedExamples[2].answer,3,5,fcfc6ed8180e65ec8857a1e2fedee44b83c9380eb7dd6bc317ad09fc2748785c
u01-s011-lecture-r1,lecture,workedExamples[3].exampleId,2,2,4a5a97c6433c4c062457e9335709d57493e75527809d8a9586c141e591ac9f2c
u01-s011-lecture-r1,lecture,workedExamples[3].prompt,13,21,c0e741e9ea048297c148ec1eae44ca0dab90e3910bfcac78bc05a86eb33635ed
u01-s011-lecture-r1,lecture,workedExamples[3].solutionSteps[0],18,39,622d4b778e633db4457de08b6a8ee0885f56af6564ba63d3f556e6f43c56db09
u01-s011-lecture-r1,lecture,workedExamples[3].solutionSteps[1],11,16,672e930ded38df970b786cc2dd2854e5d1652d7991e18d76cca6ddde32ac8bb9
u01-s011-lecture-r1,lecture,workedExamples[3].solutionSteps[2],12,18,6fd48877e6c34ef861707962592cdaa48a52ffd29328bd2e86053d928ccff92e
u01-s011-lecture-r1,lecture,workedExamples[3].answer,3,5,fbccefb4aa7a7ff687e94fecb02a541a44952e4941d8624e5eac38a9f261356e
u01-s011-lecture-r1,lecture,commonMistakes[0].mistake,10,16,57d1b04dc992658e7a41fdea52f70f671235f92775321022ef4678bc318478b9
u01-s011-lecture-r1,lecture,commonMistakes[0].why,7,21,c170927360a188e7d2520a21be1fd0719a3cb020b71c47795e9b56bcdf9effb2
u01-s011-lecture-r1,lecture,commonMistakes[0].correction,10,17,633438e64e52e85f17fa656242882eb0a22943efeec8f6215cc8a19d34eaefa6
u01-s011-lecture-r1,lecture,commonMistakes[1].mistake,10,30,19170b63fab5180d685fe46721951ea7b448bbb71aa84551bb1eef7e16be4d3e
u01-s011-lecture-r1,lecture,commonMistakes[1].why,11,33,b3e5be611b2314f216f60a292f130aa42ec48985b0ed37e152b717e0883c0b7e
u01-s011-lecture-r1,lecture,commonMistakes[1].correction,7,21,5717c0e402444a64efe2c248222deeabfb0e1d27805724bf8d85bdfb354622a2
u01-s011-lecture-r1,lecture,commonMistakes[2].mistake,8,24,b787e6a5b1b6f8891063951bbafaec31253191cd95a5e5388867c8e9363d9d0e
u01-s011-lecture-r1,lecture,commonMistakes[2].why,7,21,36d1290f110ed0db8febe1153b66cea4dc6ba88a5f798ab5a4ae1fef6f31ef5a
u01-s011-lecture-r1,lecture,commonMistakes[2].correction,7,21,5717c0e402444a64efe2c248222deeabfb0e1d27805724bf8d85bdfb354622a2
u01-s011-lecture-r1,lecture,commonMistakes[3].mistake,12,36,1db1a869fd27a8a02debe798ae9148540fac73953b7797fd7e130587757d7415
u01-s011-lecture-r1,lecture,commonMistakes[3].why,7,21,e5459faf0eacfeb7d4536c8e2df8d31db9fc2eee6283ea2ba3858cedb489dcc6
u01-s011-lecture-r1,lecture,commonMistakes[3].correction,11,33,e2f2d1523804931b7a3ee5ff9e65ed8a03aac49a8e02e658c79682b47188d58f
u01-s011-lecture-r1,lecture,commonMistakes[4].mistake,13,39,7a983b848b9420d45f9d364643b9f8d11f5562533f4515f7828b2d7d5f950e61
u01-s011-lecture-r1,lecture,commonMistakes[4].why,7,21,dfefb0d1706cff8402e15b26224033bc89fbc36d8a241bb3d37978d9ae6e92d8
u01-s011-lecture-r1,lecture,commonMistakes[4].correction,10,30,68f05060cb8d5219aecc87404c42a392da80b0f062da88c5c96c2655ad624bc4
u01-s011-lecture-r1,lecture,commonMistakes[5].mistake,10,30,972760f6e0b30708e278bc9112ffb42100df15bf128399813fab96c4b1af8f53
u01-s011-lecture-r1,lecture,commonMistakes[5].why,6,18,9d154d3a20482eb35167766882040ceff2dc24338dc6c865ce36868c2d5d1d17
u01-s011-lecture-r1,lecture,commonMistakes[5].correction,13,39,a9c6ae3270b97f6b12e4af8fb5f25fffe5a128469b655b6f1c9bcb10cf6b394c
u01-s011-lecture-r1,lecture,selfCheck[0],7,21,91c19f465fa600207f6373fb58fbca1b729b15f0130387df9992bfad4e6f1142
u01-s011-lecture-r1,lecture,selfCheck[1],9,27,bd439ffb9853127431d76f148874625030a82decd3bf3ff78f5af6fbf1564bc8
u01-s011-lecture-r1,lecture,selfCheck[2],9,27,8f4aa4437867507b1aaf09811117595b3a63dcd014fed191dfb75e9d46fa9420
u01-s011-lecture-r1,lecture,selfCheck[3],7,21,3d1565c8e0b3ba066256f19b7444b3291d7b12d631f32e77c2edf8bde5f253aa
u01-s011-lecture-r1,lecture,selfCheck[4],12,36,f5c8b935c314a28f78acae653eb5a2667e91b936dd5b99fe27fb02a5af9db839
u01-s011-lecture-r1,lecture,summary[0],12,36,e3a760de1036e7c468b759d4cd48cda3017a925a02afe4d7d7034b8238c19888
u01-s011-lecture-r1,lecture,summary[1],9,27,a17571d7d439a355d6277e6a2a7675ff94f61eaae08d7f4f4aa94769d97cce7d
u01-s011-lecture-r1,lecture,summary[2],12,36,66502ed9204d42302143e57bc45eff7dd3e0d8442f78424fc6b504b28d553ad9
u01-s011-lecture-r1,lecture,summary[3],9,27,6d22f69c353490013c4b7333fd5bf56193089b9ccb53e7cd31a7d2976ce91f26
u01-s011-lecture-r1,lecture,connections.previous,12,36,e3d34d05ddfbcc54c9f10ef10b02333f38506aeb8e5500bbc69b3efbbda2cc32
u01-s011-lecture-r1,lecture,connections.next[0],18,54,a9f5a2a6317e65be3401e4f13125b1ba6315db23d4bfb600a10883913a1ecc91
u01-s011-lecture-r1,lecture,connections.next[1],16,48,2b4419fd27cf89ece2be847ee961db808e4964212945ba62166e1f766afd9780
u01-s011-lecture-r1,lecture,connections.next[2],18,54,10b4cea6c9452bc9ca7bc286b0225b90ced084b6333a10aae2c9516ea4a584f3
u01-s011-lecture-r1,lecture,practiceLinks.mcQuestionIds[0],13,13,1d2008e249720e0b48ae6c76f4fe85720556d1af8d658699e056e41212858730
u01-s011-lecture-r1,lecture,practiceLinks.mcQuestionIds[1],13,13,bb45d5227ede6961049a36c103ef658fe588fa45c90b50b8383542c38ce1f199
u01-s011-lecture-r1,lecture,practiceLinks.mcQuestionIds[2],13,13,2e4108ad536db662e7bd230cf90131db72be92673161733b2b237a03e554cc83
u01-s011-lecture-r1,lecture,practiceLinks.mcQuestionIds[3],13,13,aaed6afd5d20fdfb37c3452ddb84192c9e429229b0c02bd60244b79dcab678f3
u01-s011-lecture-r1,lecture,practiceLinks.mcQuestionIds[4],13,13,f698746a567f712f975c39745b747c1234af1d9fa9ddecd1ebb2fa013ec5d480
u01-s011-lecture-r1,lecture,practiceLinks.mcQuestionIds[5],13,13,69136b9206a2b5a2f8e3c4ddf708a9c0876e98baacf086b8314441f739b77e47
u01-s011-lecture-r1,lecture,practiceLinks.mcQuestionIds[6],13,13,1e3c7ea87c3aff97149df7f844beca9cea57a8fbbe65e8bab0a0cb5696bb5fc6
u01-s011-lecture-r1,lecture,practiceLinks.mcQuestionIds[7],13,13,7b64c58259d83355ae1ee445e38f45192c7f304cb3ebc52b002551ff6f3c6f3b
u01-s011-lecture-r1,lecture,practiceLinks.mcQuestionIds[8],13,13,f67323ea5d87d0e5d17fb432a39395f0faaf3336959cc65a920c9672ee6c12d9
u01-s011-lecture-r1,lecture,practiceLinks.mcQuestionIds[9],13,13,ded0376628983467b7926db696079558e966b64e3e29ba79f6317c028e5b44ea
u01-s011-lecture-r1,lecture,practiceLinks.mcQuestionIds[10],13,13,7a8e7dddf55fe926dd669ee9b406ec28b33cc30db2237ccd1538edda1eeead91
u01-s011-lecture-r1,lecture,practiceLinks.mcQuestionIds[11],13,13,34bb7749f2475b21e5267b429f416d8708028ee177e8cac9759588b3b546083b
u01-s011-lecture-r1,lecture,practiceLinks.constructedResponseIds[0],14,14,fcf844f95fa1f8f1a1d59efc5f57ba05e67427c58917abbcebc8d0701d7bbc25
u01-s011-lecture-r1,lecture,practiceLinks.constructedResponseIds[1],14,14,990c693f1b539d1aeba081c78d825ddcc02e11b08b1735f1eb39b0c904f7d159
u01-s011-lecture-r1,lecture,lectureReview.mathematicalCorrectness,4,4,d74ff0ee8da3b9806b18c877dbf29bbde50b5bd8e4dad7a3a725000feb82e8f1
u01-s011-lecture-r1,lecture,lectureReview.zeroFoundationReadability,4,4,d74ff0ee8da3b9806b18c877dbf29bbde50b5bd8e4dad7a3a725000feb82e8f1
u01-s011-lecture-r1,lecture,lectureReview.scopeCheck,21,21,fdf8268f0373301b2fcc6331f1d8999b8aabea69681e8bc972ab9a21216a7606
u01-s011-lecture-r1,lecture,lectureReview.reviewNote,42,126,d3e6b413ba3df4468a39013a3e8bdbd10ed6f132e34d7efcf72af28b78e550cb
u01-s011-lecture-r1,lecture,lectureReview.reviewVersion,25,25,7ccbed064d3016b5353f553d3edb33b6627126acb00be43b039a8cbab00d7d69
u01-s011-lecture-r1,lecture,lectureReview.reviewedAt,10,10,14158d45727526145ef514139eeb669eb54d613dbcffe524f099dbb71c9d8b08
u01-s011-lecture-r1,lecture,contentSha256,64,64,9435781eef29ba112f3acd1cafc945ba8cbe50a1a1a7b15a822c002a9f33cedf
u01-s011-lecture-r1,lecture,contentAuthority,25,25,ed40f75ffe3d6ad4e71f6e7919d063410490de360edb425965eccd605ca9d79e
u01-s011-v001,question,questionId,13,13,1d2008e249720e0b48ae6c76f4fe85720556d1af8d658699e056e41212858730
u01-s011-v001,question,unitId,3,3,2055254ee30aaae13b777732834c89d7f799015d3af13b62fe05aeef8c3e0eaa
u01-s011-v001,question,topicId,22,22,3c671d5dc19382bd451c9b89831e7ad7186214a0e19ae625c41a0741a4e4fa19
u01-s011-v001,question,skillId,24,24,e13a3f394515dbd063b6e19ec01bfec5c72b5d6ae6fec2e046d3752279a6035c
u01-s011-v001,question,difficulty,5,5,fbb7b5bf4ca348eeeebf8cc3660712859a5a1fbf18e83217a57ce203fb51d5c2
u01-s011-v001,question,type,2,2,6bc0f9c4ecb0acbebf1b9f6c816bdd66f4885f67c917d9e141cf893014fba936
u01-s011-v001,question,visualMode,9,9,9c7d54b0bf7a9369d8594201c7b11955514343809d09fbec33966c1fd9794015
u01-s011-v001,question,sourceScope,19,19,a4b669ddb8ef1883391c07a7b633f12eeaeecee7ec37c09eea4931aff6644346
u01-s011-v001,question,text,15,28,788092cbae499d59740623b15adaae592e26f29c15e0914258d33ba2a8331ef9
u01-s011-v001,question,choices[0],2,2,a770d3270c9dcdedf12ed9fd70444f7c8a95c26cae3cae9bd867499090a2f14b
u01-s011-v001,question,choices[1],2,2,b7a56873cd771f2c446d369b649430b65a756ba278ff97ec81bb6f55b2e73569
u01-s011-v001,question,choices[2],3,3,3294faa23e2599caa846715a22c31c5cac4883f80fa31ea5472c1fd58e7a2284
u01-s011-v001,question,choices[3],3,3,87d4ff8e9a9b7094b2b00ebcba4c534fa092aa37f2db46262b99c083317cb7aa
u01-s011-v001,question,explanation,27,42,f6f83905750b4abf136a92acb1585e59c886c792370e29e189bf8a712bca46f5
u01-s011-v001,question,steps[0],8,18,b1800dfd019af6af8c7b6c24fa2107033edd2c2f8dce17cfb1f71f677c2a454c
u01-s011-v001,question,steps[1],7,13,17547f1a1cf8e8aba6825d26c83da34acd06349fb704f70fb8c44936e50158f7
u01-s011-v001,question,steps[2],5,11,4e216eadb52906bbd39e636501d3647d96935404dc919af642df31c1ad65db96
u01-s011-v001,question,optionAnalysis[0].choice,2,2,a770d3270c9dcdedf12ed9fd70444f7c8a95c26cae3cae9bd867499090a2f14b
u01-s011-v001,question,optionAnalysis[0].reason,11,13,db3bfdda096a94116c40cf7b97bf3cb98450d156c6b407bb25c77f0eff1cb3a9
u01-s011-v001,question,optionAnalysis[1].choice,2,2,b7a56873cd771f2c446d369b649430b65a756ba278ff97ec81bb6f55b2e73569
u01-s011-v001,question,optionAnalysis[1].reason,11,27,275a8928aa60dbb0cce262931dad9572721d016af35df49284d96e62ab1c74ea
u01-s011-v001,question,optionAnalysis[2].choice,3,3,3294faa23e2599caa846715a22c31c5cac4883f80fa31ea5472c1fd58e7a2284
u01-s011-v001,question,optionAnalysis[2].reason,4,12,38a1ac0f4def0cb1de0f18d43f309ae4bca2680cb2b6e723dcce1d6c7c29a6cc
u01-s011-v001,question,optionAnalysis[3].choice,3,3,87d4ff8e9a9b7094b2b00ebcba4c534fa092aa37f2db46262b99c083317cb7aa
u01-s011-v001,question,optionAnalysis[3].reason,6,14,d1e2e7fc41e6e8bdc6d1974d90aff7bced33b99bef811cecbe9fa2866311b2b6
u01-s011-v001,question,commonMistake,16,36,1ee729c9d172e2cfe0575ef59cd9241e5e151c464f13ff36942040bb7e1cc218
u01-s011-v001,question,concept,11,33,f4cf3555f32ff452e5d87a0bd568fc0f2895b732dc00611b1b5b76ed7a8d69c7
u01-s011-v001,question,tags[0],3,9,fd41540cbdbecb9b5fa7116d27c68e378548ab62ab7c7ca4494730a81ea87667
u01-s011-v001,question,tags[1],6,18,d46331e82f8a3770d3fc080af12eb094fc99dbb385dadb794db892945251da9c
u01-s011-v001,question,tags[2],5,5,fbb7b5bf4ca348eeeebf8cc3660712859a5a1fbf18e83217a57ce203fb51d5c2
u01-s011-v001,question,estimatedTimeSec,2,2,39fa9ec190eee7b6f4dff1100d6343e10918d044c75eac8f9e9a2596173f80c9
u01-s011-v001,question,prerequisiteSkillIds[0],31,31,081dc09fa04adf2a41b0bce921424346fd614e26bfbc29f8a6b27a7c131c8df1
u01-s011-v001,question,authoringIntent,7,21,f4fbe840d6b7178404cf4a78e62b9a6dc098ac4d03e66f5f7bc9b305f042aa65
u01-s011-v001,question,reviewStatus,22,22,ec809598e2f7fcc69fad54c9cd045bba62b4a0dc7c0ff90d4efdc3788c9ad8fb
u01-s011-v001,question,contentSha256,64,64,253f52cbeaf245f88f5f57e5a0d266a080ea200b8c8e498aef0def83fa7611d6
u01-s011-v001,question,contentAuthority,25,25,ed40f75ffe3d6ad4e71f6e7919d063410490de360edb425965eccd605ca9d79e
u01-s011-v002,question,questionId,13,13,bb45d5227ede6961049a36c103ef658fe588fa45c90b50b8383542c38ce1f199
u01-s011-v002,question,unitId,3,3,2055254ee30aaae13b777732834c89d7f799015d3af13b62fe05aeef8c3e0eaa
u01-s011-v002,question,topicId,22,22,3c671d5dc19382bd451c9b89831e7ad7186214a0e19ae625c41a0741a4e4fa19
u01-s011-v002,question,skillId,24,24,e13a3f394515dbd063b6e19ec01bfec5c72b5d6ae6fec2e046d3752279a6035c
u01-s011-v002,question,difficulty,5,5,fbb7b5bf4ca348eeeebf8cc3660712859a5a1fbf18e83217a57ce203fb51d5c2
u01-s011-v002,question,type,2,2,6bc0f9c4ecb0acbebf1b9f6c816bdd66f4885f67c917d9e141cf893014fba936
u01-s011-v002,question,visualMode,9,9,9c7d54b0bf7a9369d8594201c7b11955514343809d09fbec33966c1fd9794015
u01-s011-v002,question,sourceScope,19,19,a4b669ddb8ef1883391c07a7b633f12eeaeecee7ec37c09eea4931aff6644346
u01-s011-v002,question,text,16,29,36f069ae8e0895b4d06527b9bfa2dc8d4280762ceb30da7e5d94d6497dcdf65d
u01-s011-v002,question,choices[0],1,1,6b86b273ff34fce19d6b804eff5a3f5747ada4eaa22f1d49c01e52ddb7875b4b
u01-s011-v002,question,choices[1],2,2,a770d3270c9dcdedf12ed9fd70444f7c8a95c26cae3cae9bd867499090a2f14b
u01-s011-v002,question,choices[2],2,2,1bad6b8cf97131fceab8543e81f7757195fbb1d36b376ee994ad1cf17699c464
u01-s011-v002,question,choices[3],1,1,7902699be42c8a8e46fbbb4501726517e86b22c56a189f7625a6da49081b2451
u01-s011-v002,question,explanation,23,36,beb36ee636bcc57984fe69edc4063deaf0b70361ee5d350e1985ad51c5857bc9
u01-s011-v002,question,steps[0],7,17,ba3d32eb896575bcc94d409117dfd2083871b3d293796f78b87a223f2a9143f4
u01-s011-v002,question,steps[1],4,10,80ed89768ea2433f24e5a5988c7886b0627c9359eb78cbfd85f0be811440d38a
u01-s011-v002,question,steps[2],4,8,266e593441794f969c075162d25bd569c11094db7b2f9c589b1f758e8d360320
u01-s011-v002,question,optionAnalysis[0].choice,1,1,6b86b273ff34fce19d6b804eff5a3f5747ada4eaa22f1d49c01e52ddb7875b4b
u01-s011-v002,question,optionAnalysis[0].reason,7,21,34d9cd4435656f8ed6531d3e70b88dbb55bcc2be220fe4d4bb32b4d0c220f9e8
u01-s011-v002,question,optionAnalysis[1].choice,2,2,a770d3270c9dcdedf12ed9fd70444f7c8a95c26cae3cae9bd867499090a2f14b
u01-s011-v002,question,optionAnalysis[1].reason,8,10,125d2fe65fe365fbb8b11557057d3464114c4e74f0b5d3111f3f4a0e3050a81d
u01-s011-v002,question,optionAnalysis[2].choice,2,2,1bad6b8cf97131fceab8543e81f7757195fbb1d36b376ee994ad1cf17699c464
u01-s011-v002,question,optionAnalysis[2].reason,10,17,137a68740d5b9de8b4da4a7e09c5b8e6609f8ed4b244ec05ffc5f9402f81ae5f
u01-s011-v002,question,optionAnalysis[3].choice,1,1,7902699be42c8a8e46fbbb4501726517e86b22c56a189f7625a6da49081b2451
u01-s011-v002,question,optionAnalysis[3].reason,4,12,936191a3d227ee45243a48c69a203b989b14577d4d516370f214979a7aa02e39
u01-s011-v002,question,commonMistake,10,18,7441ed875bcec6eb370211e26226ce298e55c62cd2384be50a5aa77d822cd455
u01-s011-v002,question,concept,11,33,4fc257a88d4a325fac08782ca35bbd524d506a27a83dae88127d2dcbea559efa
u01-s011-v002,question,tags[0],3,9,fd41540cbdbecb9b5fa7116d27c68e378548ab62ab7c7ca4494730a81ea87667
u01-s011-v002,question,tags[1],6,18,d46331e82f8a3770d3fc080af12eb094fc99dbb385dadb794db892945251da9c
u01-s011-v002,question,tags[2],5,5,fbb7b5bf4ca348eeeebf8cc3660712859a5a1fbf18e83217a57ce203fb51d5c2
u01-s011-v002,question,estimatedTimeSec,2,2,39fa9ec190eee7b6f4dff1100d6343e10918d044c75eac8f9e9a2596173f80c9
u01-s011-v002,question,prerequisiteSkillIds[0],31,31,081dc09fa04adf2a41b0bce921424346fd614e26bfbc29f8a6b27a7c131c8df1
u01-s011-v002,question,authoringIntent,7,21,32e138c443acf3b4d5387804ed80ab868ae62efda06fa660b74d1ac834d177ea
u01-s011-v002,question,reviewStatus,22,22,ec809598e2f7fcc69fad54c9cd045bba62b4a0dc7c0ff90d4efdc3788c9ad8fb
u01-s011-v002,question,contentSha256,64,64,e20e91aff1c02508da9bbb6b3319b2e615b9fd3c46429a644dd8507938da9505
u01-s011-v002,question,contentAuthority,25,25,ed40f75ffe3d6ad4e71f6e7919d063410490de360edb425965eccd605ca9d79e
u01-s011-v003,question,questionId,13,13,2e4108ad536db662e7bd230cf90131db72be92673161733b2b237a03e554cc83
u01-s011-v003,question,unitId,3,3,2055254ee30aaae13b777732834c89d7f799015d3af13b62fe05aeef8c3e0eaa
u01-s011-v003,question,topicId,22,22,3c671d5dc19382bd451c9b89831e7ad7186214a0e19ae625c41a0741a4e4fa19
u01-s011-v003,question,skillId,24,24,e13a3f394515dbd063b6e19ec01bfec5c72b5d6ae6fec2e046d3752279a6035c
u01-s011-v003,question,difficulty,5,5,fbb7b5bf4ca348eeeebf8cc3660712859a5a1fbf18e83217a57ce203fb51d5c2
u01-s011-v003,question,type,2,2,6bc0f9c4ecb0acbebf1b9f6c816bdd66f4885f67c917d9e141cf893014fba936
u01-s011-v003,question,visualMode,9,9,9c7d54b0bf7a9369d8594201c7b11955514343809d09fbec33966c1fd9794015
u01-s011-v003,question,sourceScope,19,19,a4b669ddb8ef1883391c07a7b633f12eeaeecee7ec37c09eea4931aff6644346
u01-s011-v003,question,text,20,33,ea39916832d53a814a9b9650387a91efaa9cf6b16d05015eff5f92bd55fd310b
u01-s011-v003,question,choices[0],2,2,03b26944890929ff751653acb2f2af795cee38f937f379f52ed654a68ce91216
u01-s011-v003,question,choices[1],2,2,6b51d431df5d7f141cbececcf79edf3dd861c3b4069f0b11661a3eefacbba918
u01-s011-v003,question,choices[2],2,2,c2356069e9d1e79ca924378153cfbbfb4d4416b1f99d41a2940bfdb66c5319db
u01-s011-v003,question,choices[3],2,2,624b60c58c9d8bfb6ff1886c2fd605d2adeb6ea4da576068201b6c6958ce93f4
u01-s011-v003,question,explanation,30,52,54acdf4ca223fe241a04ea46e2971754bc6ee905c7a84db0d6c017c7712fc0a8
u01-s011-v003,question,steps[0],6,12,1360469867d0656765bc478c920e2fcaf7ee70d9f22def9cf8bd4ab7c4c36294
u01-s011-v003,question,steps[1],6,12,2814e3ed1b7b8aa3a8868de1a30fb0956d4cbfc8fd9be4e485002bb02ca9159a
u01-s011-v003,question,steps[2],8,10,455b7fa0aa94f4993bc33a4d44da3eea574276715280b2c58374b59c2939aceb
u01-s011-v003,question,optionAnalysis[0].choice,2,2,03b26944890929ff751653acb2f2af795cee38f937f379f52ed654a68ce91216
u01-s011-v003,question,optionAnalysis[0].reason,5,15,30673301814ad5e6c876a3d935e9f26dd9172a51ef9cfc7ff91e432f33980f4c
u01-s011-v003,question,optionAnalysis[1].choice,2,2,6b51d431df5d7f141cbececcf79edf3dd861c3b4069f0b11661a3eefacbba918
u01-s011-v003,question,optionAnalysis[1].reason,10,22,c0ed63e9a259e9baaac764f75467a5997a5d91e13de92c235bf98dbd50361a69
u01-s011-v003,question,optionAnalysis[2].choice,2,2,c2356069e9d1e79ca924378153cfbbfb4d4416b1f99d41a2940bfdb66c5319db
u01-s011-v003,question,optionAnalysis[2].reason,23,26,9a9b91a21e862ed64f59454a6d43557bb887b527ebf2b5f468ec3d112f84a229
u01-s011-v003,question,optionAnalysis[3].choice,2,2,624b60c58c9d8bfb6ff1886c2fd605d2adeb6ea4da576068201b6c6958ce93f4
u01-s011-v003,question,optionAnalysis[3].reason,6,18,cf0a76f0b2aa3fd920c86168cd76fdfd3e03dcaabe8906ce13a32e0431303770
u01-s011-v003,question,commonMistake,20,38,cfe9c818c50d1fe9a815acde6dff8645f24dbae2d4742cabf17f852e6e3f4c95
u01-s011-v003,question,concept,13,39,4e72ef401cd12213165dea60394a2d1f4040703f0e77b15d0c881535511ab7ca
u01-s011-v003,question,tags[0],3,9,fd41540cbdbecb9b5fa7116d27c68e378548ab62ab7c7ca4494730a81ea87667
u01-s011-v003,question,tags[1],6,18,d46331e82f8a3770d3fc080af12eb094fc99dbb385dadb794db892945251da9c
u01-s011-v003,question,tags[2],5,5,fbb7b5bf4ca348eeeebf8cc3660712859a5a1fbf18e83217a57ce203fb51d5c2
u01-s011-v003,question,estimatedTimeSec,2,2,39fa9ec190eee7b6f4dff1100d6343e10918d044c75eac8f9e9a2596173f80c9
u01-s011-v003,question,prerequisiteSkillIds[0],31,31,081dc09fa04adf2a41b0bce921424346fd614e26bfbc29f8a6b27a7c131c8df1
u01-s011-v003,question,authoringIntent,10,30,ebd0c75515e591c81dc04d76e4c90fa1e111c7ccb6de5873d7e2c5ca7199de46
u01-s011-v003,question,reviewStatus,22,22,ec809598e2f7fcc69fad54c9cd045bba62b4a0dc7c0ff90d4efdc3788c9ad8fb
u01-s011-v003,question,contentSha256,64,64,89851cede6905c24f87b3dd03acadd6c5fb701dbe8496a909aefe4b04935f1c7
u01-s011-v003,question,contentAuthority,25,25,ed40f75ffe3d6ad4e71f6e7919d063410490de360edb425965eccd605ca9d79e
u01-s011-v004,question,questionId,13,13,aaed6afd5d20fdfb37c3452ddb84192c9e429229b0c02bd60244b79dcab678f3
u01-s011-v004,question,unitId,3,3,2055254ee30aaae13b777732834c89d7f799015d3af13b62fe05aeef8c3e0eaa
u01-s011-v004,question,topicId,22,22,3c671d5dc19382bd451c9b89831e7ad7186214a0e19ae625c41a0741a4e4fa19
u01-s011-v004,question,skillId,24,24,e13a3f394515dbd063b6e19ec01bfec5c72b5d6ae6fec2e046d3752279a6035c
u01-s011-v004,question,difficulty,8,8,fe6d3468cf5c74d8ec2a95b40f2e05338c37a4202f8fad692d2b64a9cf9b468a
u01-s011-v004,question,type,2,2,6bc0f9c4ecb0acbebf1b9f6c816bdd66f4885f67c917d9e141cf893014fba936
u01-s011-v004,question,visualMode,9,9,9c7d54b0bf7a9369d8594201c7b11955514343809d09fbec33966c1fd9794015
u01-s011-v004,question,sourceScope,19,19,a4b669ddb8ef1883391c07a7b633f12eeaeecee7ec37c09eea4931aff6644346
u01-s011-v004,question,text,16,30,258d10aba63b4ca351afd126fb51969401a7c07743ad6d4705a58ebcdd69b8dc
u01-s011-v004,question,choices[0],3,3,e54dc15ccafa608142ffa6340b035c327f972e24882052cfc3345f240f4ee237
u01-s011-v004,question,choices[1],1,1,4e07408562bedb8b60ce05c1decfe3ad16b72230967de01f640b7e4729b49fce
u01-s011-v004,question,choices[2],2,2,6f4b6612125fb3a0daecd2799dfd6c9c299424fd920f9b308110a2c1fbd8f443
u01-s011-v004,question,choices[3],2,2,615bdd17c2556f82f384392ea8557f8cc88b03501c759e23093ab0b2a9b5cd48
u01-s011-v004,question,explanation,38,68,c3e1a19b79bedaef89737a15319d5c18913ff5842021aa4516eccff9c893bbd1
u01-s011-v004,question,steps[0],9,21,3bf16d7c7b5690508b3cbecc24d1e73ee1c5ac29458dd3c242d659bdc70a4d45
u01-s011-v004,question,steps[1],7,13,b0b0d33c054143bdfb21b0711c60d6d30d386db70d1abffc46aeed1a1386c673
u01-s011-v004,question,steps[2],6,12,925464ecfc05400cf1f649784f53f8db9080ddc7fb7ac3686eed7ce75c26108f
u01-s011-v004,question,optionAnalysis[0].choice,3,3,e54dc15ccafa608142ffa6340b035c327f972e24882052cfc3345f240f4ee237
u01-s011-v004,question,optionAnalysis[0].reason,4,10,a0ee092a19b81893efbbd80fca82e0ed576d40d6fe9fcc3f4841298c7a0394de
u01-s011-v004,question,optionAnalysis[1].choice,1,1,4e07408562bedb8b60ce05c1decfe3ad16b72230967de01f640b7e4729b49fce
u01-s011-v004,question,optionAnalysis[1].reason,5,15,26790fca3173449bb3b2f0cb91c320276121bbeade63b760249ecd66d7313afd
u01-s011-v004,question,optionAnalysis[2].choice,2,2,6f4b6612125fb3a0daecd2799dfd6c9c299424fd920f9b308110a2c1fbd8f443
u01-s011-v004,question,optionAnalysis[2].reason,4,12,38a1ac0f4def0cb1de0f18d43f309ae4bca2680cb2b6e723dcce1d6c7c29a6cc
u01-s011-v004,question,optionAnalysis[3].choice,2,2,615bdd17c2556f82f384392ea8557f8cc88b03501c759e23093ab0b2a9b5cd48
u01-s011-v004,question,optionAnalysis[3].reason,17,21,c797005c633df1c36cb325fc2f8b8c927fe8c01bf3611d5401722d4cfb3cb6b7
u01-s011-v004,question,commonMistake,18,32,3703fe18c50130792b7939e7c88f140ea9ad06901716fdfd255b7e2ee91132b1
u01-s011-v004,question,concept,11,33,8135c5396c3d85cb28ee68471823537fe703c76fd181474e7d9b6a8420d0122b
u01-s011-v004,question,tags[0],3,9,fd41540cbdbecb9b5fa7116d27c68e378548ab62ab7c7ca4494730a81ea87667
u01-s011-v004,question,tags[1],6,18,d46331e82f8a3770d3fc080af12eb094fc99dbb385dadb794db892945251da9c
u01-s011-v004,question,tags[2],8,8,fe6d3468cf5c74d8ec2a95b40f2e05338c37a4202f8fad692d2b64a9cf9b468a
u01-s011-v004,question,estimatedTimeSec,2,2,39fa9ec190eee7b6f4dff1100d6343e10918d044c75eac8f9e9a2596173f80c9
u01-s011-v004,question,prerequisiteSkillIds[0],31,31,081dc09fa04adf2a41b0bce921424346fd614e26bfbc29f8a6b27a7c131c8df1
u01-s011-v004,question,authoringIntent,9,27,e7e9a4d0e69f450377609bae07b78117793d379e6923701a82f06e276de30a29
u01-s011-v004,question,reviewStatus,22,22,ec809598e2f7fcc69fad54c9cd045bba62b4a0dc7c0ff90d4efdc3788c9ad8fb
u01-s011-v004,question,contentSha256,64,64,a40f0bafe5c6523b858975f9fc1a987ba05c4c44dcc16e200a0e7bb9685c12ca
u01-s011-v004,question,contentAuthority,25,25,ed40f75ffe3d6ad4e71f6e7919d063410490de360edb425965eccd605ca9d79e
u01-s011-v005,question,questionId,13,13,f698746a567f712f975c39745b747c1234af1d9fa9ddecd1ebb2fa013ec5d480
u01-s011-v005,question,unitId,3,3,2055254ee30aaae13b777732834c89d7f799015d3af13b62fe05aeef8c3e0eaa
u01-s011-v005,question,topicId,22,22,3c671d5dc19382bd451c9b89831e7ad7186214a0e19ae625c41a0741a4e4fa19
u01-s011-v005,question,skillId,24,24,e13a3f394515dbd063b6e19ec01bfec5c72b5d6ae6fec2e046d3752279a6035c
u01-s011-v005,question,difficulty,8,8,fe6d3468cf5c74d8ec2a95b40f2e05338c37a4202f8fad692d2b64a9cf9b468a
u01-s011-v005,question,type,2,2,6bc0f9c4ecb0acbebf1b9f6c816bdd66f4885f67c917d9e141cf893014fba936
u01-s011-v005,question,visualMode,9,9,9c7d54b0bf7a9369d8594201c7b11955514343809d09fbec33966c1fd9794015
u01-s011-v005,question,sourceScope,19,19,a4b669ddb8ef1883391c07a7b633f12eeaeecee7ec37c09eea4931aff6644346
u01-s011-v005,question,text,15,28,e5e76ead2a2d1932c046d0111c44827a8a0eae508457a23a5d3e90b77e04e7f3
u01-s011-v005,question,choices[0],1,1,4e07408562bedb8b60ce05c1decfe3ad16b72230967de01f640b7e4729b49fce
u01-s011-v005,question,choices[1],2,2,49d180ecf56132819571bf39d9b7b342522a2ac6d23c1418d3338251bfe469c8
u01-s011-v005,question,choices[2],2,2,1bad6b8cf97131fceab8543e81f7757195fbb1d36b376ee994ad1cf17699c464
u01-s011-v005,question,choices[3],3,3,38ba4d774db065ae5ed9730a1bff2b14c50a15552aff2cba17e73745dd3d78a7
u01-s011-v005,question,explanation,23,32,34121e639554e5d577a59ad8aedb4acbbf78e9e49ffaee752304973c03007b4b
u01-s011-v005,question,steps[0],5,11,2ad999e381d1faccf7ea41bec723b4f5c89c43e169131be6af92b84ba9dac1e6
u01-s011-v005,question,steps[1],8,10,b35d3e569832bf2479ed45ccddfe137743220a326d46a19b8babb1d10f2eff59
u01-s011-v005,question,steps[2],6,8,43776081ebf6abe4a1c66bdda477164ea07f6874f3a754536ed054755b2628e9
u01-s011-v005,question,optionAnalysis[0].choice,1,1,4e07408562bedb8b60ce05c1decfe3ad16b72230967de01f640b7e4729b49fce
u01-s011-v005,question,optionAnalysis[0].reason,10,12,acc0c6972f3a6c757964e7679d6b2084f9ab58c3268e856fbe829b6b041ad0cc
u01-s011-v005,question,optionAnalysis[1].choice,2,2,49d180ecf56132819571bf39d9b7b342522a2ac6d23c1418d3338251bfe469c8
u01-s011-v005,question,optionAnalysis[1].reason,10,20,f6d819136fcaf2fa425a134524d5283cc1177f2b78fa5fb5ce29afe29073cad4
u01-s011-v005,question,optionAnalysis[2].choice,2,2,1bad6b8cf97131fceab8543e81f7757195fbb1d36b376ee994ad1cf17699c464
u01-s011-v005,question,optionAnalysis[2].reason,4,10,b405c92649383f3b7f4d25aa00adc1c8bd9deccd3312c1ce7c70001ebbab6d7b
u01-s011-v005,question,optionAnalysis[3].choice,3,3,38ba4d774db065ae5ed9730a1bff2b14c50a15552aff2cba17e73745dd3d78a7
u01-s011-v005,question,optionAnalysis[3].reason,5,15,26790fca3173449bb3b2f0cb91c320276121bbeade63b760249ecd66d7313afd
u01-s011-v005,question,commonMistake,11,21,2d6032ad822d2f728b4b55c62ad8bedc9f26d4356ebb3efe33ee4e21bd40e269
u01-s011-v005,question,concept,8,24,a4d7564f30c7af1ce0576ab8cd47e1bf303c609985513c3ae9dfa4a712292812
u01-s011-v005,question,tags[0],3,9,fd41540cbdbecb9b5fa7116d27c68e378548ab62ab7c7ca4494730a81ea87667
u01-s011-v005,question,tags[1],6,18,d46331e82f8a3770d3fc080af12eb094fc99dbb385dadb794db892945251da9c
u01-s011-v005,question,tags[2],8,8,fe6d3468cf5c74d8ec2a95b40f2e05338c37a4202f8fad692d2b64a9cf9b468a
u01-s011-v005,question,estimatedTimeSec,2,2,39fa9ec190eee7b6f4dff1100d6343e10918d044c75eac8f9e9a2596173f80c9
u01-s011-v005,question,prerequisiteSkillIds[0],31,31,081dc09fa04adf2a41b0bce921424346fd614e26bfbc29f8a6b27a7c131c8df1
u01-s011-v005,question,authoringIntent,12,36,9a875b23bc627a80d12797fc54a4b5b37475c49b787f2f3e32e3c1deb2ed7002
u01-s011-v005,question,reviewStatus,22,22,ec809598e2f7fcc69fad54c9cd045bba62b4a0dc7c0ff90d4efdc3788c9ad8fb
u01-s011-v005,question,contentSha256,64,64,7fa632b837618425509d680809666f5caf6ae679392b9b1bb94e3ae8c3e854bc
u01-s011-v005,question,contentAuthority,25,25,ed40f75ffe3d6ad4e71f6e7919d063410490de360edb425965eccd605ca9d79e
u01-s011-v006,question,questionId,13,13,69136b9206a2b5a2f8e3c4ddf708a9c0876e98baacf086b8314441f739b77e47
u01-s011-v006,question,unitId,3,3,2055254ee30aaae13b777732834c89d7f799015d3af13b62fe05aeef8c3e0eaa
u01-s011-v006,question,topicId,22,22,3c671d5dc19382bd451c9b89831e7ad7186214a0e19ae625c41a0741a4e4fa19
u01-s011-v006,question,skillId,24,24,e13a3f394515dbd063b6e19ec01bfec5c72b5d6ae6fec2e046d3752279a6035c
u01-s011-v006,question,difficulty,8,8,fe6d3468cf5c74d8ec2a95b40f2e05338c37a4202f8fad692d2b64a9cf9b468a
u01-s011-v006,question,type,2,2,6bc0f9c4ecb0acbebf1b9f6c816bdd66f4885f67c917d9e141cf893014fba936
u01-s011-v006,question,visualMode,9,9,9c7d54b0bf7a9369d8594201c7b11955514343809d09fbec33966c1fd9794015
u01-s011-v006,question,sourceScope,19,19,a4b669ddb8ef1883391c07a7b633f12eeaeecee7ec37c09eea4931aff6644346
u01-s011-v006,question,text,18,31,e7be2585c46a64814768c32943775c740ef755a4966f158f1f2ec38c7f11a5a9
u01-s011-v006,question,choices[0],3,3,7ed00270e394c3e190d18a977f5d0e1ed889bdc03a637e8fe35f00946841b0bf
u01-s011-v006,question,choices[1],2,2,6b51d431df5d7f141cbececcf79edf3dd861c3b4069f0b11661a3eefacbba918
u01-s011-v006,question,choices[2],3,3,7526da843f9dcf11e0fdbc79999f907176e81c7295383cf7b9a35c1543065d03
u01-s011-v006,question,choices[3],2,2,670671cd97404156226e507973f2ab8330d3022ca96e0c93bdbdb320c41adcaf
u01-s011-v006,question,explanation,25,38,dc21ac58fa5ac0381bcd8be3c11ec15e46478964b4d3cbd47e440f3a393f4b3e
u01-s011-v006,question,steps[0],7,15,b72fe1dae80459080903aac242e021d8004e0e4d3a70cf234d80241bf3276807
u01-s011-v006,question,steps[1],6,18,8bf18adc7ac9d936b2027b21b70f04c2e29d874586f065d3f819fb4d1ef1f3c2
u01-s011-v006,question,steps[2],7,10,6d9dbb7edc087ca67b87ff173d293fcb43333ea9063306e4896720f2cde6e434
u01-s011-v006,question,optionAnalysis[0].choice,3,3,7ed00270e394c3e190d18a977f5d0e1ed889bdc03a637e8fe35f00946841b0bf
u01-s011-v006,question,optionAnalysis[0].reason,6,18,1ddb69b1314f7663c046c55d6b58fc78b85d52eff9c81aefec15e5c5c714aaec
u01-s011-v006,question,optionAnalysis[1].choice,2,2,6b51d431df5d7f141cbececcf79edf3dd861c3b4069f0b11661a3eefacbba918
u01-s011-v006,question,optionAnalysis[1].reason,12,14,9d257a6c02a6e9eae7e0f88f0c37baf6a4ee96c11efb951e25c9656499659c7d
u01-s011-v006,question,optionAnalysis[2].choice,3,3,7526da843f9dcf11e0fdbc79999f907176e81c7295383cf7b9a35c1543065d03
u01-s011-v006,question,optionAnalysis[2].reason,11,27,80590c3c5017cf7adb5f661ee56ca5fde98db93f713a5716810de7eed42392fc
u01-s011-v006,question,optionAnalysis[3].choice,2,2,670671cd97404156226e507973f2ab8330d3022ca96e0c93bdbdb320c41adcaf
u01-s011-v006,question,optionAnalysis[3].reason,7,21,9e72f307d49bb91b0064436953a209c02dcfd3ff3cb2e81cd6b9f42a6939ed41
u01-s011-v006,question,commonMistake,14,31,a9bba0618ecd8681bfa431c5aaf5787274dd2b25ec56e45086117034592ed3df
u01-s011-v006,question,concept,11,33,50b2eb53c4e3932665854ba1cbc816abaf89e3d62446717d827cee8f91c9dc61
u01-s011-v006,question,tags[0],3,9,fd41540cbdbecb9b5fa7116d27c68e378548ab62ab7c7ca4494730a81ea87667
u01-s011-v006,question,tags[1],6,18,d46331e82f8a3770d3fc080af12eb094fc99dbb385dadb794db892945251da9c
u01-s011-v006,question,tags[2],8,8,fe6d3468cf5c74d8ec2a95b40f2e05338c37a4202f8fad692d2b64a9cf9b468a
u01-s011-v006,question,estimatedTimeSec,2,2,39fa9ec190eee7b6f4dff1100d6343e10918d044c75eac8f9e9a2596173f80c9
u01-s011-v006,question,prerequisiteSkillIds[0],31,31,081dc09fa04adf2a41b0bce921424346fd614e26bfbc29f8a6b27a7c131c8df1
u01-s011-v006,question,authoringIntent,12,36,e5675cc9e6f91c19f881f651c30f6c97ad2a9988962d365f328fae2a2312ac95
u01-s011-v006,question,reviewStatus,22,22,ec809598e2f7fcc69fad54c9cd045bba62b4a0dc7c0ff90d4efdc3788c9ad8fb
u01-s011-v006,question,contentSha256,64,64,53edd8d6f5200ad276e5afb3e0337e944d054b60411ddf24fc760664f6becaa0
u01-s011-v006,question,contentAuthority,25,25,ed40f75ffe3d6ad4e71f6e7919d063410490de360edb425965eccd605ca9d79e
u01-s011-v007,question,questionId,13,13,1e3c7ea87c3aff97149df7f844beca9cea57a8fbbe65e8bab0a0cb5696bb5fc6
u01-s011-v007,question,unitId,3,3,2055254ee30aaae13b777732834c89d7f799015d3af13b62fe05aeef8c3e0eaa
u01-s011-v007,question,topicId,22,22,3c671d5dc19382bd451c9b89831e7ad7186214a0e19ae625c41a0741a4e4fa19
u01-s011-v007,question,skillId,24,24,e13a3f394515dbd063b6e19ec01bfec5c72b5d6ae6fec2e046d3752279a6035c
u01-s011-v007,question,difficulty,8,8,d21f85ea38166303ce58e06134b5cc4a5c900c409ab2a500ff7c9225109a09bb
u01-s011-v007,question,type,2,2,6bc0f9c4ecb0acbebf1b9f6c816bdd66f4885f67c917d9e141cf893014fba936
u01-s011-v007,question,visualMode,9,9,9c7d54b0bf7a9369d8594201c7b11955514343809d09fbec33966c1fd9794015
u01-s011-v007,question,sourceScope,19,19,a4b669ddb8ef1883391c07a7b633f12eeaeecee7ec37c09eea4931aff6644346
u01-s011-v007,question,text,23,36,69188718ed9964901a709d2bf12001c0fe10a434ebd2ffb76bad183bafb3e545
u01-s011-v007,question,choices[0],1,1,6b86b273ff34fce19d6b804eff5a3f5747ada4eaa22f1d49c01e52ddb7875b4b
u01-s011-v007,question,choices[1],2,2,1bad6b8cf97131fceab8543e81f7757195fbb1d36b376ee994ad1cf17699c464
u01-s011-v007,question,choices[2],3,3,d3471dcc109cd382f5e09a64253c2219958b5f8f07371fba48ac81fed97bb18a
u01-s011-v007,question,choices[3],2,2,4523540f1504cd17100c4835e85b7eefd49911580f8efff0599a8f283be6b9e3
u01-s011-v007,question,explanation,31,42,49d7e9af08dcd95ac65e6b895356a70a49602e91cb84d7c5776a7447b238cd71
u01-s011-v007,question,steps[0],6,12,c8f114e32620ee051087b22a05cf3dc7308b7cd955d11cb8fef0e7e836121463
u01-s011-v007,question,steps[1],5,11,c7b7c11cafda86fd0e8b2fc504f14fca8071d372f42eefdcaf3c6cd6b7f59e23
u01-s011-v007,question,steps[2],7,13,d2e523b75735757f9f5d9412258a1388b44ee90636eba9e6ee5738d5712e6bcb
u01-s011-v007,question,optionAnalysis[0].choice,1,1,6b86b273ff34fce19d6b804eff5a3f5747ada4eaa22f1d49c01e52ddb7875b4b
u01-s011-v007,question,optionAnalysis[0].reason,8,24,127d10b6281043a1a83720125f051ddf80cd705d5eea372f592d984e657c9452
u01-s011-v007,question,optionAnalysis[1].choice,2,2,1bad6b8cf97131fceab8543e81f7757195fbb1d36b376ee994ad1cf17699c464
u01-s011-v007,question,optionAnalysis[1].reason,4,12,38a1ac0f4def0cb1de0f18d43f309ae4bca2680cb2b6e723dcce1d6c7c29a6cc
u01-s011-v007,question,optionAnalysis[2].choice,3,3,d3471dcc109cd382f5e09a64253c2219958b5f8f07371fba48ac81fed97bb18a
u01-s011-v007,question,optionAnalysis[2].reason,9,11,ab929208512ec52f4886fb2d273d5353f676f96c9c90f26d71bf8e350db989c1
u01-s011-v007,question,optionAnalysis[3].choice,2,2,4523540f1504cd17100c4835e85b7eefd49911580f8efff0599a8f283be6b9e3
u01-s011-v007,question,optionAnalysis[3].reason,4,12,936191a3d227ee45243a48c69a203b989b14577d4d516370f214979a7aa02e39
u01-s011-v007,question,commonMistake,11,19,c6022351dcc476fa2149d0d5314c0214a7ecd9b700f9581c9fb73fadda8ffa3f
u01-s011-v007,question,concept,13,39,41539aa8810a02ab96347731d932c84706cf34f14cccf41706525d521919236a
u01-s011-v007,question,tags[0],3,9,fd41540cbdbecb9b5fa7116d27c68e378548ab62ab7c7ca4494730a81ea87667
u01-s011-v007,question,tags[1],6,18,d46331e82f8a3770d3fc080af12eb094fc99dbb385dadb794db892945251da9c
u01-s011-v007,question,tags[2],8,8,d21f85ea38166303ce58e06134b5cc4a5c900c409ab2a500ff7c9225109a09bb
u01-s011-v007,question,estimatedTimeSec,2,2,39fa9ec190eee7b6f4dff1100d6343e10918d044c75eac8f9e9a2596173f80c9
u01-s011-v007,question,prerequisiteSkillIds[0],31,31,081dc09fa04adf2a41b0bce921424346fd614e26bfbc29f8a6b27a7c131c8df1
u01-s011-v007,question,authoringIntent,12,36,e03c2a8e8e922f223ce96b3565f0980571868d241239b477df97445854b1d32d
u01-s011-v007,question,reviewStatus,22,22,ec809598e2f7fcc69fad54c9cd045bba62b4a0dc7c0ff90d4efdc3788c9ad8fb
u01-s011-v007,question,contentSha256,64,64,02a280de9fb3044a8444627d4885a3e3e57362b9d7a2764aefd9e66b32f5bbe1
u01-s011-v007,question,contentAuthority,25,25,ed40f75ffe3d6ad4e71f6e7919d063410490de360edb425965eccd605ca9d79e
u01-s011-v008,question,questionId,13,13,7b64c58259d83355ae1ee445e38f45192c7f304cb3ebc52b002551ff6f3c6f3b
u01-s011-v008,question,unitId,3,3,2055254ee30aaae13b777732834c89d7f799015d3af13b62fe05aeef8c3e0eaa
u01-s011-v008,question,topicId,22,22,3c671d5dc19382bd451c9b89831e7ad7186214a0e19ae625c41a0741a4e4fa19
u01-s011-v008,question,skillId,24,24,e13a3f394515dbd063b6e19ec01bfec5c72b5d6ae6fec2e046d3752279a6035c
u01-s011-v008,question,difficulty,8,8,d21f85ea38166303ce58e06134b5cc4a5c900c409ab2a500ff7c9225109a09bb
u01-s011-v008,question,type,2,2,6bc0f9c4ecb0acbebf1b9f6c816bdd66f4885f67c917d9e141cf893014fba936
u01-s011-v008,question,visualMode,9,9,9c7d54b0bf7a9369d8594201c7b11955514343809d09fbec33966c1fd9794015
u01-s011-v008,question,sourceScope,19,19,a4b669ddb8ef1883391c07a7b633f12eeaeecee7ec37c09eea4931aff6644346
u01-s011-v008,question,text,18,32,a6b757316487de8e397bbde9c52a401d515b613c9d1226d9bbbcf0943f897fd8
u01-s011-v008,question,choices[0],2,2,8527a891e224136950ff32ca212b45bc93f69fbb801c3b1ebedac52775f99e61
u01-s011-v008,question,choices[1],3,3,e25db7f6607883e05e293552f367401965f84a57638c7a656116cfbd379001b2
u01-s011-v008,question,choices[2],3,3,dabc4b1c58574fe898c4c218a0856669d55f817ee7df27b63c534892fd1fb5d9
u01-s011-v008,question,choices[3],2,2,5f9c4ab08cac7457e9111a30e4664920607ea2c115a1433d7be98e97e64244ca
u01-s011-v008,question,explanation,38,60,f0c5ee83c91f396f2bdf01550ee4265ad9117c5cbf588bc962908e263049d2fa
u01-s011-v008,question,steps[0],7,13,4b26d42404b2349a2bc5e288043229a34c9333649ce36dfa18393f29cfc1f200
u01-s011-v008,question,steps[1],6,12,442fbb348f6bec94664ee0188c3f790bdc710d70375a799acdb8f8698e620b62
u01-s011-v008,question,steps[2],8,10,13f858b3b8b7619e47244f52f52d84e5370879cfa5308478a4ae8d9fb1269446
u01-s011-v008,question,optionAnalysis[0].choice,2,2,8527a891e224136950ff32ca212b45bc93f69fbb801c3b1ebedac52775f99e61
u01-s011-v008,question,optionAnalysis[0].reason,6,10,66c78e15a3902530ded50badaa11ca1a7aeb50f5901f6ba66cae2bd14e817332
u01-s011-v008,question,optionAnalysis[1].choice,3,3,e25db7f6607883e05e293552f367401965f84a57638c7a656116cfbd379001b2
u01-s011-v008,question,optionAnalysis[1].reason,7,21,34b1443173612d85e4eb6062338477a339f5027eeb8e4171f4d7a1a2a1b87a53
u01-s011-v008,question,optionAnalysis[2].choice,3,3,dabc4b1c58574fe898c4c218a0856669d55f817ee7df27b63c534892fd1fb5d9
u01-s011-v008,question,optionAnalysis[2].reason,4,12,38a1ac0f4def0cb1de0f18d43f309ae4bca2680cb2b6e723dcce1d6c7c29a6cc
u01-s011-v008,question,optionAnalysis[3].choice,2,2,5f9c4ab08cac7457e9111a30e4664920607ea2c115a1433d7be98e97e64244ca
u01-s011-v008,question,optionAnalysis[3].reason,17,21,f36bc4a63a42479a43c86680c0489c4b5b591ecadc3fe8b81f1e50a2138d5802
u01-s011-v008,question,commonMistake,20,42,80b6f0d684c9de378599b36d6451c21e00826c80936841dd0ad836d850446297
u01-s011-v008,question,concept,17,51,3c4c005bed3b6f023e41ec6587ce6413bdd84e3b0d082dcdf482b11a80d24f05
u01-s011-v008,question,tags[0],3,9,fd41540cbdbecb9b5fa7116d27c68e378548ab62ab7c7ca4494730a81ea87667
u01-s011-v008,question,tags[1],6,18,d46331e82f8a3770d3fc080af12eb094fc99dbb385dadb794db892945251da9c
u01-s011-v008,question,tags[2],8,8,d21f85ea38166303ce58e06134b5cc4a5c900c409ab2a500ff7c9225109a09bb
u01-s011-v008,question,estimatedTimeSec,2,2,39fa9ec190eee7b6f4dff1100d6343e10918d044c75eac8f9e9a2596173f80c9
u01-s011-v008,question,prerequisiteSkillIds[0],31,31,081dc09fa04adf2a41b0bce921424346fd614e26bfbc29f8a6b27a7c131c8df1
u01-s011-v008,question,authoringIntent,14,42,c440f93d75adf8a7dde08cc6b3ff74c9cba57a35e5b456e02ebf9c8998b6ccf0
u01-s011-v008,question,reviewStatus,22,22,ec809598e2f7fcc69fad54c9cd045bba62b4a0dc7c0ff90d4efdc3788c9ad8fb
u01-s011-v008,question,contentSha256,64,64,03aedd5f82df27cb3aa46834b8e4277f774e4e2113927fbaddf94ae826a9135d
u01-s011-v008,question,contentAuthority,25,25,ed40f75ffe3d6ad4e71f6e7919d063410490de360edb425965eccd605ca9d79e
u01-s011-v009,question,questionId,13,13,f67323ea5d87d0e5d17fb432a39395f0faaf3336959cc65a920c9672ee6c12d9
u01-s011-v009,question,unitId,3,3,2055254ee30aaae13b777732834c89d7f799015d3af13b62fe05aeef8c3e0eaa
u01-s011-v009,question,topicId,22,22,3c671d5dc19382bd451c9b89831e7ad7186214a0e19ae625c41a0741a4e4fa19
u01-s011-v009,question,skillId,24,24,e13a3f394515dbd063b6e19ec01bfec5c72b5d6ae6fec2e046d3752279a6035c
u01-s011-v009,question,difficulty,8,8,d21f85ea38166303ce58e06134b5cc4a5c900c409ab2a500ff7c9225109a09bb
u01-s011-v009,question,type,2,2,6bc0f9c4ecb0acbebf1b9f6c816bdd66f4885f67c917d9e141cf893014fba936
u01-s011-v009,question,visualMode,9,9,9c7d54b0bf7a9369d8594201c7b11955514343809d09fbec33966c1fd9794015
u01-s011-v009,question,sourceScope,19,19,a4b669ddb8ef1883391c07a7b633f12eeaeecee7ec37c09eea4931aff6644346
u01-s011-v009,question,text,22,36,fbcd0f7dd8edf168509fa605bc167a98c72215ddfa47cc1881b183b81743d55b
u01-s011-v009,question,choices[0],2,2,e5e0093f285a4fb94c3fcc2ad7fd04edd10d429ccda87a9aa5e4718efadf182e
u01-s011-v009,question,choices[1],2,2,f5ca38f748a1d6eaf726b8a42fb575c3c71f1864a8143301782de13da2d9202b
u01-s011-v009,question,choices[2],1,1,4b227777d4dd1fc61c6f884f48641d02b4d121d3fd328cb08b5531fcacdabf8a
u01-s011-v009,question,choices[3],3,3,016147bee7feb115aa3bf1aa4c1200789ceee7f046e79fe808bf2aefe58d2417
u01-s011-v009,question,explanation,38,52,469ad4b5c23def24816bde1ae0ac4653ef97606e1452199583ab7803c3ca40a1
u01-s011-v009,question,steps[0],6,12,e86c2e880173e8ac7ca279267c38bac7418bbe0b5c12c9679c94578998a8840e
u01-s011-v009,question,steps[1],9,19,86a40968845971d02dc26bc61ef80dba2a764c6d353939dcc095898c0757b51b
u01-s011-v009,question,steps[2],6,12,5d7c16b209afcffe8c1ed57a9f781421f73fdb32f8ebf5793065663f1b60ec3a
u01-s011-v009,question,optionAnalysis[0].choice,2,2,e5e0093f285a4fb94c3fcc2ad7fd04edd10d429ccda87a9aa5e4718efadf182e
u01-s011-v009,question,optionAnalysis[0].reason,11,13,c537ce3bb98eac2fa5a54bd66f5f2e1454b135fa9024cfbf9f9c319d2b15625b
u01-s011-v009,question,optionAnalysis[1].choice,2,2,f5ca38f748a1d6eaf726b8a42fb575c3c71f1864a8143301782de13da2d9202b
u01-s011-v009,question,optionAnalysis[1].reason,10,30,8c571c863e09124e94fbf488736e70b52da3c1ca4210cad253ed0f99012327ce
u01-s011-v009,question,optionAnalysis[2].choice,1,1,4b227777d4dd1fc61c6f884f48641d02b4d121d3fd328cb08b5531fcacdabf8a
u01-s011-v009,question,optionAnalysis[2].reason,4,12,38a1ac0f4def0cb1de0f18d43f309ae4bca2680cb2b6e723dcce1d6c7c29a6cc
u01-s011-v009,question,optionAnalysis[3].choice,3,3,016147bee7feb115aa3bf1aa4c1200789ceee7f046e79fe808bf2aefe58d2417
u01-s011-v009,question,optionAnalysis[3].reason,6,18,542258b29181a9d7ede65f82638f0161a1b2e34c68457a913a5ccf5d34751b68
u01-s011-v009,question,commonMistake,15,43,a028267d46ac3e525cad106f437574cde7bef669e2ed75b2ba097784e9c0598d
u01-s011-v009,question,concept,16,48,5601dad6df69a00f5ade9918319e4f8a9af0d8d5e1f0ab3eaed73745973fe7b4
u01-s011-v009,question,tags[0],3,9,fd41540cbdbecb9b5fa7116d27c68e378548ab62ab7c7ca4494730a81ea87667
u01-s011-v009,question,tags[1],6,18,d46331e82f8a3770d3fc080af12eb094fc99dbb385dadb794db892945251da9c
u01-s011-v009,question,tags[2],8,8,d21f85ea38166303ce58e06134b5cc4a5c900c409ab2a500ff7c9225109a09bb
u01-s011-v009,question,estimatedTimeSec,2,2,39fa9ec190eee7b6f4dff1100d6343e10918d044c75eac8f9e9a2596173f80c9
u01-s011-v009,question,prerequisiteSkillIds[0],31,31,081dc09fa04adf2a41b0bce921424346fd614e26bfbc29f8a6b27a7c131c8df1
u01-s011-v009,question,authoringIntent,11,33,d24be2f1c2e0fd5ca98ed1bee6000f4a5f1549b0e280d9a9550d26c3dddc6806
u01-s011-v009,question,reviewStatus,22,22,ec809598e2f7fcc69fad54c9cd045bba62b4a0dc7c0ff90d4efdc3788c9ad8fb
u01-s011-v009,question,contentSha256,64,64,eeb0b4d7a1f79a140ac23471bc4906acc6803ee9d5f38bab1a2df8e539a29b37
u01-s011-v009,question,contentAuthority,25,25,ed40f75ffe3d6ad4e71f6e7919d063410490de360edb425965eccd605ca9d79e
u01-s011-v010,question,questionId,13,13,ded0376628983467b7926db696079558e966b64e3e29ba79f6317c028e5b44ea
u01-s011-v010,question,unitId,3,3,2055254ee30aaae13b777732834c89d7f799015d3af13b62fe05aeef8c3e0eaa
u01-s011-v010,question,topicId,22,22,3c671d5dc19382bd451c9b89831e7ad7186214a0e19ae625c41a0741a4e4fa19
u01-s011-v010,question,skillId,24,24,e13a3f394515dbd063b6e19ec01bfec5c72b5d6ae6fec2e046d3752279a6035c
u01-s011-v010,question,difficulty,8,8,578756ca4aa16d8872610a5aaa78460fd30fbe93379ff7284fe65d66ca606755
u01-s011-v010,question,type,2,2,6bc0f9c4ecb0acbebf1b9f6c816bdd66f4885f67c917d9e141cf893014fba936
u01-s011-v010,question,visualMode,9,9,9c7d54b0bf7a9369d8594201c7b11955514343809d09fbec33966c1fd9794015
u01-s011-v010,question,sourceScope,19,19,a4b669ddb8ef1883391c07a7b633f12eeaeecee7ec37c09eea4931aff6644346
u01-s011-v010,question,text,45,103,bfc31bf87102c262ba4eee0fabe334685e22451d2d9cb5ceeb909745118feb57
u01-s011-v010,question,choices[0],4,6,79c1d788aae8ef3fb898a888640ea202c31e127d16df23f26ae404b7badf7ec4
u01-s011-v010,question,choices[1],4,6,4ad08bc539b64b4e8ec5350bd6ce7116dc90fb32c7cbd76e7501ec3298cd5b49
u01-s011-v010,question,choices[2],5,7,65a8eb5cc55ce55e7611149520e631144793bd174fb58225cc0dca26d99a90e5
u01-s011-v010,question,choices[3],5,7,c8e680b40a1d164728d8e47dbb497f7ae9f2b333b587a253107eb3e66254c3d4
u01-s011-v010,question,explanation,28,31,ed761014a982c8ac58e7126fc81fcd318850a4d0fdc6649d3002054df0ac4b4d
u01-s011-v010,question,steps[0],11,27,abaab538ac988fd7279c4ae3ab378a27953dc71f0cf2e5a80b1ac101813cbafe
u01-s011-v010,question,steps[1],10,12,f55154405975f0661d8bcaaa33975338758b95e0f26df70cf577652b49a54753
u01-s011-v010,question,steps[2],8,16,0acf1c207b100150368d9347f6d6e0393ed01c15d8490a0763cc1db5ee82f5ed
u01-s011-v010,question,optionAnalysis[0].choice,4,6,79c1d788aae8ef3fb898a888640ea202c31e127d16df23f26ae404b7badf7ec4
u01-s011-v010,question,optionAnalysis[0].reason,7,21,38271083b3c110e987a080443fd05a55415072f301478172b535ec66814d3103
u01-s011-v010,question,optionAnalysis[1].choice,4,6,4ad08bc539b64b4e8ec5350bd6ce7116dc90fb32c7cbd76e7501ec3298cd5b49
u01-s011-v010,question,optionAnalysis[1].reason,15,18,31f2816c58fa0b69cbf8e2bfe6abaa9755d4f8fe461deb0d05555b9e050c2e21
u01-s011-v010,question,optionAnalysis[2].choice,5,7,65a8eb5cc55ce55e7611149520e631144793bd174fb58225cc0dca26d99a90e5
u01-s011-v010,question,optionAnalysis[2].reason,7,21,16a71aab5300c8ef960600486a91d9d594446b126133ffa4118f70200af0d3c0
u01-s011-v010,question,optionAnalysis[3].choice,5,7,c8e680b40a1d164728d8e47dbb497f7ae9f2b333b587a253107eb3e66254c3d4
u01-s011-v010,question,optionAnalysis[3].reason,6,18,e00cb390162c37332f1eeb6da9e29998b163fd119f3dc4fab46f526f73c424fc
u01-s011-v010,question,commonMistake,23,55,38469ffac76ea9b3cdc7ef92a76e42fc319ac6f925f4066b5db38515962ee75f
u01-s011-v010,question,concept,16,48,f62abd99ca07fcb68fc228cc963425f49e35c6fc43bfc2108b374d34a6b30b3e
u01-s011-v010,question,tags[0],3,9,fd41540cbdbecb9b5fa7116d27c68e378548ab62ab7c7ca4494730a81ea87667
u01-s011-v010,question,tags[1],6,18,d46331e82f8a3770d3fc080af12eb094fc99dbb385dadb794db892945251da9c
u01-s011-v010,question,tags[2],8,8,578756ca4aa16d8872610a5aaa78460fd30fbe93379ff7284fe65d66ca606755
u01-s011-v010,question,estimatedTimeSec,2,2,69f59c273b6e669ac32a6dd5e1b2cb63333d8b004f9696447aee2d422ce63763
u01-s011-v010,question,prerequisiteSkillIds[0],31,31,081dc09fa04adf2a41b0bce921424346fd614e26bfbc29f8a6b27a7c131c8df1
u01-s011-v010,question,authoringIntent,15,45,93986dd9540dedbbfbfeb10249d6693b4b5e3cd90bd43a28cef79ca6b5243fe4
u01-s011-v010,question,literacyContextNecessity,21,63,e20d6ea5195041f95ee098fddaabc5cc1a14aed099e2333fcae793d2e9e552da
u01-s011-v010,question,reviewStatus,22,22,ec809598e2f7fcc69fad54c9cd045bba62b4a0dc7c0ff90d4efdc3788c9ad8fb
u01-s011-v010,question,contentSha256,64,64,0fc555abde6df77c12895e15d574e7ca7ba1a7770451fe01ea84f1ee11d504a5
u01-s011-v010,question,contentAuthority,25,25,ed40f75ffe3d6ad4e71f6e7919d063410490de360edb425965eccd605ca9d79e
u01-s011-v011,question,questionId,13,13,7a8e7dddf55fe926dd669ee9b406ec28b33cc30db2237ccd1538edda1eeead91
u01-s011-v011,question,unitId,3,3,2055254ee30aaae13b777732834c89d7f799015d3af13b62fe05aeef8c3e0eaa
u01-s011-v011,question,topicId,22,22,3c671d5dc19382bd451c9b89831e7ad7186214a0e19ae625c41a0741a4e4fa19
u01-s011-v011,question,skillId,24,24,e13a3f394515dbd063b6e19ec01bfec5c72b5d6ae6fec2e046d3752279a6035c
u01-s011-v011,question,difficulty,8,8,578756ca4aa16d8872610a5aaa78460fd30fbe93379ff7284fe65d66ca606755
u01-s011-v011,question,type,2,2,6bc0f9c4ecb0acbebf1b9f6c816bdd66f4885f67c917d9e141cf893014fba936
u01-s011-v011,question,visualMode,9,9,9c7d54b0bf7a9369d8594201c7b11955514343809d09fbec33966c1fd9794015
u01-s011-v011,question,sourceScope,19,19,a4b669ddb8ef1883391c07a7b633f12eeaeecee7ec37c09eea4931aff6644346
u01-s011-v011,question,text,50,118,b5f34daa1e858c371e60239c6c08db3c2a3aba284a31e1bfe5268baef5e725e9
u01-s011-v011,question,choices[0],6,8,3c6b69246c4dd1889235d1efb6bb9143dace0c21d134c31ba34bd8bec571158c
u01-s011-v011,question,choices[1],4,6,ec6f151e4f6a7bfb9add8c2f0b9d817e5711769d80384a733fad8c2cef6790dd
u01-s011-v011,question,choices[2],4,6,d97d203fae355aae6e69f48e6d28424c136112855602b4df6237e5e399147250
u01-s011-v011,question,choices[3],5,7,06ff38400f41bd72a5238e728c38071fdd0b1f712479d470c9ad83a83fd75e4e
u01-s011-v011,question,explanation,26,29,c6825a1541a5ac60b12de6727d766920623f41cf2d5cf02fecb41db9bdbcf796
u01-s011-v011,question,steps[0],8,18,17062e16e53a3f97190788835c69f3bfd62df534c58c6b62c6cda7aa5bd861bd
u01-s011-v011,question,steps[1],11,13,91ade6bb2e01498f78b1c5ca095ca40e97340a696780d486b87dbd242bd1dff2
u01-s011-v011,question,steps[2],7,13,4454ff0c62e2e80b898b7c78baf6705a7c8aa5739e6a3fbb31806732a26ac3a4
u01-s011-v011,question,optionAnalysis[0].choice,6,8,3c6b69246c4dd1889235d1efb6bb9143dace0c21d134c31ba34bd8bec571158c
u01-s011-v011,question,optionAnalysis[0].reason,11,33,3c3e544667e9ba77c2f4b9a1f2f66007226f13c0f4c37efd4ac20bc0e52e8abc
u01-s011-v011,question,optionAnalysis[1].choice,4,6,ec6f151e4f6a7bfb9add8c2f0b9d817e5711769d80384a733fad8c2cef6790dd
u01-s011-v011,question,optionAnalysis[1].reason,11,33,11a0153c17430e45eee392b2c2e99cead95a9cda6213092b2eb223c56acfd8b5
u01-s011-v011,question,optionAnalysis[2].choice,4,6,d97d203fae355aae6e69f48e6d28424c136112855602b4df6237e5e399147250
u01-s011-v011,question,optionAnalysis[2].reason,14,16,6ef32c107ccb71cd3cf7a714d01ae13856adb13e4de2dee31363eed15f7a1030
u01-s011-v011,question,optionAnalysis[3].choice,5,7,06ff38400f41bd72a5238e728c38071fdd0b1f712479d470c9ad83a83fd75e4e
u01-s011-v011,question,optionAnalysis[3].reason,5,15,e87c81193db27c301c9b9ee280321228a3cd654fa909d84369cee07c5a898506
u01-s011-v011,question,commonMistake,23,44,af1ce6db9150142d71e1c6e51432ef069a90e775d415273966accda100ab5e62
u01-s011-v011,question,concept,17,51,463510b7d74372a314acfe0853b00cb289a65a755c2d297efd0101e4835f5eb1
u01-s011-v011,question,tags[0],3,9,fd41540cbdbecb9b5fa7116d27c68e378548ab62ab7c7ca4494730a81ea87667
u01-s011-v011,question,tags[1],6,18,d46331e82f8a3770d3fc080af12eb094fc99dbb385dadb794db892945251da9c
u01-s011-v011,question,tags[2],8,8,578756ca4aa16d8872610a5aaa78460fd30fbe93379ff7284fe65d66ca606755
u01-s011-v011,question,estimatedTimeSec,2,2,ad48ff99415b2f007dc35b7eb553fd1eb35ebfa2f2f308acd9488eeb86f71fa8
u01-s011-v011,question,prerequisiteSkillIds[0],31,31,081dc09fa04adf2a41b0bce921424346fd614e26bfbc29f8a6b27a7c131c8df1
u01-s011-v011,question,authoringIntent,18,54,1aa622d0758f3feb83dd6bde647da82ef4af026cf14ff298849648b0a8f96869
u01-s011-v011,question,literacyContextNecessity,24,72,9bc754f4c9aabf6fb6fda2e0802aee730c302d78d7509045b4b8f08a9b138d68
u01-s011-v011,question,reviewStatus,22,22,ec809598e2f7fcc69fad54c9cd045bba62b4a0dc7c0ff90d4efdc3788c9ad8fb
u01-s011-v011,question,contentSha256,64,64,48e826373002c97b80913fa8f973d485028c41466b74fbec406e4e7a31dedb19
u01-s011-v011,question,contentAuthority,25,25,ed40f75ffe3d6ad4e71f6e7919d063410490de360edb425965eccd605ca9d79e
u01-s011-v012,question,questionId,13,13,34bb7749f2475b21e5267b429f416d8708028ee177e8cac9759588b3b546083b
u01-s011-v012,question,unitId,3,3,2055254ee30aaae13b777732834c89d7f799015d3af13b62fe05aeef8c3e0eaa
u01-s011-v012,question,topicId,22,22,3c671d5dc19382bd451c9b89831e7ad7186214a0e19ae625c41a0741a4e4fa19
u01-s011-v012,question,skillId,24,24,e13a3f394515dbd063b6e19ec01bfec5c72b5d6ae6fec2e046d3752279a6035c
u01-s011-v012,question,difficulty,8,8,578756ca4aa16d8872610a5aaa78460fd30fbe93379ff7284fe65d66ca606755
u01-s011-v012,question,type,2,2,6bc0f9c4ecb0acbebf1b9f6c816bdd66f4885f67c917d9e141cf893014fba936
u01-s011-v012,question,visualMode,9,9,9c7d54b0bf7a9369d8594201c7b11955514343809d09fbec33966c1fd9794015
u01-s011-v012,question,sourceScope,19,19,a4b669ddb8ef1883391c07a7b633f12eeaeecee7ec37c09eea4931aff6644346
u01-s011-v012,question,text,51,117,d573b65d9e5f810e375d49658f0608880eb3f3c7a9e9c9e556470fd97d94f8d3
u01-s011-v012,question,choices[0],4,6,060cd0af478b867d32318db5f7956ee745af87a8ef2343f6b51dd2aa889e0a70
u01-s011-v012,question,choices[1],4,6,2d19c635d825073ac91654714bc8168276a29d084465963b2cc1b746c6ce33d1
u01-s011-v012,question,choices[2],4,6,3fa0108d87109311f0d02b4dbb3ee7aa198359213e3be825022e6ea1c4d3b8c6
u01-s011-v012,question,choices[3],3,5,b2e7546824836a86207e123377efeaff1b7d6ef9c03dc3942a41a1a25fec4f77
u01-s011-v012,question,explanation,27,31,9012f3631dd07bfe23e1a74ea4f8b46c9c9a167f283b4ca218fe24874852f039
u01-s011-v012,question,steps[0],7,17,bd6392ec9d6fde89a775b494bb5bf97ca82f223eac031a42242534958035098e
u01-s011-v012,question,steps[1],8,18,1c7bebd47ef2c8a49eeb57470b08f310bd37dd41cfcc4020c837f9aaa3705524
u01-s011-v012,question,steps[2],9,19,8335015da5dc5eac22eef339c25179bd46816faf6beec97e05ca9093ce99cf9f
u01-s011-v012,question,optionAnalysis[0].choice,4,6,060cd0af478b867d32318db5f7956ee745af87a8ef2343f6b51dd2aa889e0a70
u01-s011-v012,question,optionAnalysis[0].reason,7,21,619db31ba5fbb8b1aa0d99f4a2c94ffbdfa0291ad50e37bc0404d61b007ea2c7
u01-s011-v012,question,optionAnalysis[1].choice,4,6,2d19c635d825073ac91654714bc8168276a29d084465963b2cc1b746c6ce33d1
u01-s011-v012,question,optionAnalysis[1].reason,4,12,bf8612be1d2c5fa8c117ac9ad735ec0a6c602f863275fe9b58c259c4b5f43339
u01-s011-v012,question,optionAnalysis[2].choice,4,6,3fa0108d87109311f0d02b4dbb3ee7aa198359213e3be825022e6ea1c4d3b8c6
u01-s011-v012,question,optionAnalysis[2].reason,6,18,ba7398ad406d6b929b80342a6434329312cf5a982b73b390d60e16b7719b5955
u01-s011-v012,question,optionAnalysis[3].choice,3,5,b2e7546824836a86207e123377efeaff1b7d6ef9c03dc3942a41a1a25fec4f77
u01-s011-v012,question,optionAnalysis[3].reason,12,14,e363608a71880d30548325806a01eadc5a2915a0bfa25ff3183992409b7663cd
u01-s011-v012,question,commonMistake,19,35,101e94ac474e8cecf3094ecb6283c57751daa340b7e73d050a6ecf4153ecb286
u01-s011-v012,question,concept,17,51,690bcb7ec9b2d6c7a979fc9e16a0d92f38ef6d6d53b51f9df284e487c846e473
u01-s011-v012,question,tags[0],3,9,fd41540cbdbecb9b5fa7116d27c68e378548ab62ab7c7ca4494730a81ea87667
u01-s011-v012,question,tags[1],6,18,d46331e82f8a3770d3fc080af12eb094fc99dbb385dadb794db892945251da9c
u01-s011-v012,question,tags[2],8,8,578756ca4aa16d8872610a5aaa78460fd30fbe93379ff7284fe65d66ca606755
u01-s011-v012,question,estimatedTimeSec,2,2,ad48ff99415b2f007dc35b7eb553fd1eb35ebfa2f2f308acd9488eeb86f71fa8
u01-s011-v012,question,prerequisiteSkillIds[0],31,31,081dc09fa04adf2a41b0bce921424346fd614e26bfbc29f8a6b27a7c131c8df1
u01-s011-v012,question,authoringIntent,11,33,0bd0d55791fbaa35c1abae420282303fb3686b8ad68989c315552f3f14133483
u01-s011-v012,question,literacyContextNecessity,21,63,e3b8e39bd38c1d18e9bcc1c1251bad67986c26c872784ae9ed7611edccf5c76c
u01-s011-v012,question,reviewStatus,22,22,ec809598e2f7fcc69fad54c9cd045bba62b4a0dc7c0ff90d4efdc3788c9ad8fb
u01-s011-v012,question,contentSha256,64,64,01976dd90cd31311e64f672a07b4f9cb93ed43e9ba71e692f89e7130c58b84b9
u01-s011-v012,question,contentAuthority,25,25,ed40f75ffe3d6ad4e71f6e7919d063410490de360edb425965eccd605ca9d79e
u01-s011-cr001,question,questionId,14,14,fcf844f95fa1f8f1a1d59efc5f57ba05e67427c58917abbcebc8d0701d7bbc25
u01-s011-cr001,question,unitId,3,3,2055254ee30aaae13b777732834c89d7f799015d3af13b62fe05aeef8c3e0eaa
u01-s011-cr001,question,topicId,22,22,3c671d5dc19382bd451c9b89831e7ad7186214a0e19ae625c41a0741a4e4fa19
u01-s011-cr001,question,skillId,24,24,e13a3f394515dbd063b6e19ec01bfec5c72b5d6ae6fec2e046d3752279a6035c
u01-s011-cr001,question,difficulty,8,8,fe6d3468cf5c74d8ec2a95b40f2e05338c37a4202f8fad692d2b64a9cf9b468a
u01-s011-cr001,question,type,20,20,e519496c259191db041ac61161dbfadb673dd94a10a123ed7423adcf7968ae7c
u01-s011-cr001,question,visualMode,9,9,9c7d54b0bf7a9369d8594201c7b11955514343809d09fbec33966c1fd9794015
u01-s011-cr001,question,prompt,34,72,c21ef60bf2fbbf96674350dec8a82e850c9f2d6ea08d957b3033baafdb4188fa
u01-s011-cr001,question,requiredWork[0],4,12,b9cb6aa5d4b37d88b12cb7d0185e0f0e28ca636ef3eb8f47eed8bdea21391383
u01-s011-cr001,question,requiredWork[1],9,27,f4b0aebbfa9994932d685ae8b2d80f7858c9ecc50948c7784c6947dbd344de72
u01-s011-cr001,question,requiredWork[2],6,18,4cdc61cd542fed1cf12a3c7beed7f2915bd72ba2c641386fac1288ce7665300c
u01-s011-cr001,question,fullCreditSolution[0],13,21,c44c927f5f1346639fbe5ef19cdebd8017b22d464edfb32b70c1160515a8861a
u01-s011-cr001,question,fullCreditSolution[1],21,33,dd94ecf9c228e103c78affd4854d01fede4d07da2760d9e754801f302a23fd42
u01-s011-cr001,question,fullCreditSolution[2],14,22,3626d0750169c37dba333d297a0357b285c7646542ee9e241751d8e8329dcd4b
u01-s011-cr001,question,alternativeSolutions[0],27,35,2a7bb7558f4745b8dd661f209ecf1ee82ac0672f41ba3cb854855495564bba0c
u01-s011-cr001,question,rubric[0].criteria,15,41,8db6ef390c6b6c45387c41a33adac47d665aa7dd14532a279a033af90b502e15
u01-s011-cr001,question,rubric[1].criteria,19,57,e7f885311ed4d2b8f3dc22c05cdbb083c12d0d96e44be4a6e8a8e26640b08bd7
u01-s011-cr001,question,rubric[2].criteria,13,39,85d42c04bd896a0caf0a36d26997ac231e91c496fb07446a65f49d11d2f1f35a
u01-s011-cr001,question,rubric[3].criteria,18,46,c93167e86826495bd457e0a7750515bd1fc29eedf220d21e619b86970c180dab
u01-s011-cr001,question,scoringNotes[0],39,99,cd15dc480260f8d6a7375321d0550412013657b805e7cda0d14ce4f2d81a3bfc
u01-s011-cr001,question,commonErrors[0],6,14,f84b0b4041e28c96c94b724332cca7a8051c18cf61ceec15b7bad7369ee53dc1
u01-s011-cr001,question,commonErrors[1],10,16,5e541f6c50c8a63a9fb72c21de5eb33031a07838157279a5e6a6c7affc4f3756
u01-s011-cr001,question,commonErrors[2],8,20,30a1b856438d01a777dd2565abc3156228fdf68e7d49b484b7d47b2dc182ab8e
u01-s011-cr001,question,independentReview.derivedResult,3,5,af6ea42a10e78e01ee58ac18f275c1c0b2dee44acfde57aa7ce0a5183e2009e4
u01-s011-cr001,question,independentReview.ambiguity,4,4,140bedbf9c3f6d56a9846d2ba7088798683f4da0c248231336e6a05679e4fdfe
u01-s011-cr001,question,independentReview.decision,4,4,d74ff0ee8da3b9806b18c877dbf29bbde50b5bd8e4dad7a3a725000feb82e8f1
u01-s011-cr001,question,contentSha256,64,64,86f3d6777dca94a6006269c5e996a13b67a2282feeede21af36b97242019c1f7
u01-s011-cr001,question,contentAuthority,25,25,ed40f75ffe3d6ad4e71f6e7919d063410490de360edb425965eccd605ca9d79e
u01-s011-cr002,question,questionId,14,14,990c693f1b539d1aeba081c78d825ddcc02e11b08b1735f1eb39b0c904f7d159
u01-s011-cr002,question,unitId,3,3,2055254ee30aaae13b777732834c89d7f799015d3af13b62fe05aeef8c3e0eaa
u01-s011-cr002,question,topicId,22,22,3c671d5dc19382bd451c9b89831e7ad7186214a0e19ae625c41a0741a4e4fa19
u01-s011-cr002,question,skillId,24,24,e13a3f394515dbd063b6e19ec01bfec5c72b5d6ae6fec2e046d3752279a6035c
u01-s011-cr002,question,difficulty,8,8,d21f85ea38166303ce58e06134b5cc4a5c900c409ab2a500ff7c9225109a09bb
u01-s011-cr002,question,type,20,20,e519496c259191db041ac61161dbfadb673dd94a10a123ed7423adcf7968ae7c
u01-s011-cr002,question,visualMode,9,9,9c7d54b0bf7a9369d8594201c7b11955514343809d09fbec33966c1fd9794015
u01-s011-cr002,question,prompt,76,190,6956e81b53a3f8623a329d7826eda4f2e224563f80d8c9279fda1e5619fe7657
u01-s011-cr002,question,requiredWork[0],9,27,68d3627b9593ae9b8be85b94d2f3140f143c662f7407d28c035509b346f95b59
u01-s011-cr002,question,requiredWork[1],12,36,c178e97eec68edb1edb4878aa51bc815125475b6c7d83b5a02fec455b36f2de6
u01-s011-cr002,question,requiredWork[2],7,21,89d6ed46fb853bc94c37aabd1791d5a3d937437d0f44427227cc180878141f21
u01-s011-cr002,question,fullCreditSolution[0],23,33,50843d38f3e845d437b14b25af27317355ce4e8c636a84961bfb4728f4b10e69
u01-s011-cr002,question,fullCreditSolution[1],13,27,611fcff0a6a989a033cad1ac08d8629a5cdf25f662fa2116657e5a4b479a8440
u01-s011-cr002,question,fullCreditSolution[2],18,20,9ee57a7220080879c8055fc1b88dc7acd2f4a6ce4a2638ef86de5d7fc9d765cc
u01-s011-cr002,question,alternativeSolutions[0],19,27,11beb9e80ed370b20d6ff25450ceebd0efba1a90f06d3208750dc81344b1a4fe
u01-s011-cr002,question,rubric[0].criteria,16,42,d9d8f2fc0bca5e60b00e78505aea8a45bd9f17422bea302330227b931dd97b89
u01-s011-cr002,question,rubric[1].criteria,23,69,db6e5810048a9c537662bb51cc133eebb441b99e2d6dba10714b007328403085
u01-s011-cr002,question,rubric[2].criteria,20,60,6de9086f5e2564f06d91f8d417eb4e5bb645c67ad713716f43867bc288d74571
u01-s011-cr002,question,rubric[3].criteria,16,48,8823613268db95ad5d086d6e5db1c3737137be4389b16186d477d334c050d511
u01-s011-cr002,question,scoringNotes[0],12,32,526aedfdbb22d909d435c41f14fd2abae3fe2ee820c67f6cc65fd61ba5b099f6
u01-s011-cr002,question,commonErrors[0],11,19,66a2cabab9e9aae74109d77c5733973dd25967fa2384e6d018e932193e3ec095
u01-s011-cr002,question,commonErrors[1],4,8,c74f0c7cb5d284f97b83c9e9f548cd1b1efb1a30a2cb3bcbb1f9c4c383ce3728
u01-s011-cr002,question,commonErrors[2],6,18,7cfd599219395eb0612f9fca9cc81eaf7dde02d79ddc8495beb97d227f4ec102
u01-s011-cr002,question,independentReview.derivedResult,5,9,a6ce7868df1f57294f49569995761f1206be900c244135c604ef3dc0b6995a11
u01-s011-cr002,question,independentReview.ambiguity,4,4,140bedbf9c3f6d56a9846d2ba7088798683f4da0c248231336e6a05679e4fdfe
u01-s011-cr002,question,independentReview.decision,4,4,d74ff0ee8da3b9806b18c877dbf29bbde50b5bd8e4dad7a3a725000feb82e8f1
u01-s011-cr002,question,contentSha256,64,64,dac09af6b535b032cd1f96452c8b99cf248019500aa3734ca5d1f630765816bf
u01-s011-cr002,question,contentAuthority,25,25,ed40f75ffe3d6ad4e71f6e7919d063410490de360edb425965eccd605ca9d79e
u01-s012-lecture-r1,lecture,lectureId,19,19,c12bfef466a3508f19a83d2075fb763bfdd64c4bdbe461b4e37c4045b953e501
u01-s012-lecture-r1,lecture,unitId,3,3,2055254ee30aaae13b777732834c89d7f799015d3af13b62fe05aeef8c3e0eaa
u01-s012-lecture-r1,lecture,topicId,21,21,6c2d9a40ebadba3338b6f5bafbe66da4ac6d33592472b5b2f23ccc9fa1c80ebb
u01-s012-lecture-r1,lecture,skillId,24,24,3b506eb2691a5267e26e8f2d58a55f41602c3f8c1c3853718ce477a3337b6166
u01-s012-lecture-r1,lecture,title,14,42,568f87f3589d37b0f8aa316e7d5e004120e0b2b9e25706bfa9b54cb1462e2441
u01-s012-lecture-r1,lecture,audience,10,30,e6b4416fbd9f36797de01256b31a4d6f6314e126fde8495e25792c814f64fc5f
u01-s012-lecture-r1,lecture,reviewStatus,22,22,ec809598e2f7fcc69fad54c9cd045bba62b4a0dc7c0ff90d4efdc3788c9ad8fb
u01-s012-lecture-r1,lecture,learningOutcomes[0],11,33,4502b56731e3ba2fc268c9e73ad5e8d30598dc1816f51970a2b1ec85ca7c434f
u01-s012-lecture-r1,lecture,learningOutcomes[1],14,42,2e86e68fc9785ee191023157912ef7659cf0af610be04619aa9be87450f7e7f7
u01-s012-lecture-r1,lecture,learningOutcomes[2],14,42,0fe7386062a076a2653ade2790d7ab947ca0484df19dd38f4b89b416fdefa1f3
u01-s012-lecture-r1,lecture,learningOutcomes[3],16,30,5855dbfe844cba83418b55333c2402bf2a5c960e40b9193c58c0ad155c3d2ef6
u01-s012-lecture-r1,lecture,learningOutcomes[4],13,31,ae1a97f8237599cabededa040d4d69f7f474bf97bb2caf83e8ee487e877ea393
u01-s012-lecture-r1,lecture,prerequisites[0].skillId,24,24,e13a3f394515dbd063b6e19ec01bfec5c72b5d6ae6fec2e046d3752279a6035c
u01-s012-lecture-r1,lecture,prerequisites[0].requiredLevel,26,78,a8c55fbb3c09150316cd4330521a637281976c1e6c1ed4b60f5fb2e4f649609a
u01-s012-lecture-r1,lecture,glossary[0].term,2,6,55a5e62c2b56a1db014a03326cd469c170c5cf3cb62ea0873071024b978b0488
u01-s012-lecture-r1,lecture,glossary[0].definition,8,24,f15c4df4ae7628197cb89cda26aedfb2c64addb0875253fec00f46fe8524e046
u01-s012-lecture-r1,lecture,glossary[1].term,2,6,2750dece1a25a3dbeb9222bc459892fee6c6370aa8dd5eac33402969620e43b2
u01-s012-lecture-r1,lecture,glossary[1].definition,15,45,32eb25114f599944685c8a62e28695856e3cf08659010bf48301571a5a60b56e
u01-s012-lecture-r1,lecture,glossary[2].term,1,3,aed75ce697fec6830ad503549c104f85c65027390fcc249d04ff6e1f90dd5957
u01-s012-lecture-r1,lecture,glossary[2].definition,22,57,aeb4a6e019dcff3b9141ed24cc1a2a8aacb81d455cb36e585dd31ad801de2c4f
u01-s012-lecture-r1,lecture,glossary[3].term,2,6,5279c92bef27c385af1e3935a37239bfd925cd7ecdc148f244505363a9a074af
u01-s012-lecture-r1,lecture,glossary[3].definition,15,45,9b9835cfe6e1a582adbfafe3b7e7bdf54fd1fc354c16d0fea95d2774c5756482
u01-s012-lecture-r1,lecture,glossary[4].term,2,6,4edbc953e3709bb15f57cfd1b12ec5a3a2fcecd4e0eb044480f10f9665eede33
u01-s012-lecture-r1,lecture,glossary[4].definition,14,42,72c6ffef58d65a15991cf7da4f52f15de7e20404407f0d59f5a2d790aea511ca
u01-s012-lecture-r1,lecture,notation[0].symbol,2,4,ceb8255871217c48de5c79fffd913e110189924741bc52589e2c01a409a8adbe
u01-s012-lecture-r1,lecture,notation[0].meaning,19,41,780827144872b6ea9912885e6a5a7aa593ec486ac1250798927d6d08f6f6f13b
u01-s012-lecture-r1,lecture,notation[1].symbol,5,7,f0b376cdfdb1e19b9a9e2967794f5ae83d861016b9416acd1802d264322e52b4
u01-s012-lecture-r1,lecture,notation[1].meaning,11,27,c7cfd7019ad29207b36f809d6d62ff12305348926c36c4a558380066c3c722cf
u01-s012-lecture-r1,lecture,notation[2].symbol,3,5,f0b309a87cfb80d0dba22eb77836b2e5e35d2ea5d54eb50165549062708a3552
u01-s012-lecture-r1,lecture,notation[2].meaning,24,64,91fd8e52f7ea1044ffa36f1b59c469fe49e035d3c4a7edd233300755b33bd38f
u01-s012-lecture-r1,lecture,conceptNarrative[0],30,66,2af04be15f990e4689f1af8eca093f360cd3aaa5efa3e8b108543dd92957d113
u01-s012-lecture-r1,lecture,conceptNarrative[1],46,112,399fcb0ab8d9ce5cc7c97de7fea4d01ec87df284e653abe4e424a6057d16f8c9
u01-s012-lecture-r1,lecture,conceptNarrative[2],28,84,5a7d145f48e2eaf3c05b0fb2e8200ab7608233fa8348f6f5c5e2c5857b999d82
u01-s012-lecture-r1,lecture,conceptNarrative[3],32,74,0dca62e76a0400fb0831a40d5c7ec4ad8d1e496305fca5481d19f067bed54af3
u01-s012-lecture-r1,lecture,formalDefinitions[0].name,5,15,8c1091b2f26b86e21798206f9abf7793c84443fb56d77bba9ec63863048c6695
u01-s012-lecture-r1,lecture,formalDefinitions[0].statement,27,54,ef37bee2670c8a981e70a336ae3e07ab1f144677cc08e6a922e8eb8105d714d3
u01-s012-lecture-r1,lecture,formalDefinitions[1].name,6,18,15c2d50a1165013377afca97624261a6e0f1707ef5d4e66e9c0db6624063e27d
u01-s012-lecture-r1,lecture,formalDefinitions[1].statement,16,48,8ec36dd4eec80ee154ba5f3e34a954ff1c79285831b1feeb57a4d9eac69acea3
u01-s012-lecture-r1,lecture,formulas[0].formula,11,21,0fcb7645fc5faac145097f35c6b70d54772be471f35e009809a7fec7f626473d
u01-s012-lecture-r1,lecture,formulas[0].conditions[0],6,14,82e92d0a408b3ee21509989897917a44cb3863136e933692fa6468aec56b171c
u01-s012-lecture-r1,lecture,formulas[0].meaning,6,18,73a4599d8d2cd4536d95de27623001764ef1a7ecfae73ee2b746438010f832ff
u01-s012-lecture-r1,lecture,formulas[1].formula,14,24,195bb0a94ba50191f5013e7d9df40c300f951fe6c4d99f8753252984db310126
u01-s012-lecture-r1,lecture,formulas[1].conditions[0],6,14,82e92d0a408b3ee21509989897917a44cb3863136e933692fa6468aec56b171c
u01-s012-lecture-r1,lecture,formulas[1].meaning,6,18,c86a29d8c3577b735054acfd18bbab539f125267d588c248f0b057385a140444
u01-s012-lecture-r1,lecture,nonApplicableCases[0],14,42,559abaf6bd9defff5e79b646d413a1a40aab451a730e74e327ca410638b134ca
u01-s012-lecture-r1,lecture,nonApplicableCases[1],21,45,71c69446f382478633038639d862546aa729f5fb9c65cf15d397c0b2ef99df38
u01-s012-lecture-r1,lecture,nonApplicableCases[2],15,35,c2462e13381fa572650dbec6ae4549c49c2e0178c678ca9b6371904141442589
u01-s012-lecture-r1,lecture,nonApplicableCases[3],22,66,bf1dd51bdecdaf61fc8d09018c2c1c6466232705afacd59a427df8c77d78ebf5
u01-s012-lecture-r1,lecture,method[0].instruction,14,42,8ef0ef4b4874d076cf8570112d4fc000edd5adca3941ba0c2f117b1cf858964c
u01-s012-lecture-r1,lecture,method[0].check,12,24,1e86f595cb1ad57eafad82d6907aa08318a22ece24f59d15c695c3e5a4e19488
u01-s012-lecture-r1,lecture,method[1].instruction,11,33,72e5c1c75df2766e443bfbf628d2b7dc9dee41356a6a2d649b2d1012a4dcb8a0
u01-s012-lecture-r1,lecture,method[1].check,8,24,f1dcec5e34621c80d033ab3829df1ce5d9f2adc738b44dc0cfe1fa5522e2092e
u01-s012-lecture-r1,lecture,method[2].instruction,11,33,c53e2d07780829846bd3491fdd5fd36cb8ffd2bcd864a5a71fa5f8cf84843656
u01-s012-lecture-r1,lecture,method[2].check,9,27,a71e2592cbf6b90e61548fef6a97b907a5bc04ed2c44f1ddaa3ac74922e8ae9a
u01-s012-lecture-r1,lecture,method[3].instruction,11,33,ce6925622bafd3fc98ec5388d4920a2d302617e613d2b5105c2a090417490434
u01-s012-lecture-r1,lecture,method[3].check,11,33,7c4107e4645d097804d2404fbaf730be3d1b51040118d5c91f09028251ef4c0e
u01-s012-lecture-r1,lecture,method[4].instruction,11,33,5276094c91b00940b3bd0b4a333a076a80ec1b927c99fcdcc8d00f05b2e08344
u01-s012-lecture-r1,lecture,method[4].check,9,27,22ec38a20599b25e66d04352e5702087b2c02f91908745fa055c6ea702c38dba
u01-s012-lecture-r1,lecture,workedExamples[0].exampleId,2,2,dffe8596427fc50e8f64654a609af134d45552f18bbecef90b31135a9e7acaa0
u01-s012-lecture-r1,lecture,workedExamples[0].prompt,17,36,a80412307a120bee1ca69e8d49d29547a323accb9b8b8c19fa5a18159914b386
u01-s012-lecture-r1,lecture,workedExamples[0].solutionSteps[0],8,20,e1fffe4146836eba089fb17b410e0a6ec05ff69b54d2fdc6f0142a0c12e0d007
u01-s012-lecture-r1,lecture,workedExamples[0].solutionSteps[1],6,18,434780bc5513065f0b92b5489798c03f0fcd68d2f1fd401f5d0405933a7246e2
u01-s012-lecture-r1,lecture,workedExamples[0].solutionSteps[2],6,14,722724af9b9308c0b98a0adb35ac5c267c90b2238ca37b7d069274b5fc0f748c
u01-s012-lecture-r1,lecture,workedExamples[0].answer,3,7,f7ccec3512fbeb0f27054e3ad60f28b167e6c2dbd63199edfee442804f1471ba
u01-s012-lecture-r1,lecture,workedExamples[1].exampleId,2,2,d76354d8457898445bb69e0dc0dc95fb74cc3cf334f8c1859162a16ad0041f8d
u01-s012-lecture-r1,lecture,workedExamples[1].prompt,9,16,f894a68602b5165e7767df461b17004119e4017ffbfac07309e5fda7af3502dd
u01-s012-lecture-r1,lecture,workedExamples[1].solutionSteps[0],7,15,c9211fcba54fd3a914a9df813a98b3245b6d4ed43e8e0f0a414c924ac3998e4b
u01-s012-lecture-r1,lecture,workedExamples[1].solutionSteps[1],10,30,26cc92e15606a0ef1aacc0bed5c544ff2b6706cd900be7330d8a8929261a4f7a
u01-s012-lecture-r1,lecture,workedExamples[1].solutionSteps[2],13,22,aed1cd11048a370dee3c252bf84158d45658d6be0541914beab9e6e4543917dd
u01-s012-lecture-r1,lecture,workedExamples[1].answer,4,6,622a64e4778201da5bf2eddbc442cdc1ea23d703bc395f7c0a2aaea44a644f28
u01-s012-lecture-r1,lecture,workedExamples[2].exampleId,2,2,842983de8fb1d277a3fad5c8295c7a14317c458718a10c5a35b23e7f992a5c80
u01-s012-lecture-r1,lecture,workedExamples[2].prompt,15,27,0812e1a7204a2f853e7ac1d9f3e286bd6bc5ed9937f66615c185d91659dd7c37
u01-s012-lecture-r1,lecture,workedExamples[2].solutionSteps[0],14,20,13020fe2ab58c5cc7a0d6948d800095cf2a6c119da96d3dfd8e970d7f0da440b
u01-s012-lecture-r1,lecture,workedExamples[2].solutionSteps[1],19,41,10243c84347c6af268a092f2b6c01ea8aa5fbd67e9e8472d4176c50ba3a62e56
u01-s012-lecture-r1,lecture,workedExamples[2].solutionSteps[2],6,18,02baffb7ff2215225f2c90d58a63434e9a7b7fc3ed522154008445b1bdbaae33
u01-s012-lecture-r1,lecture,workedExamples[2].answer,17,25,db06c6e04684065fe406c061592beebd18d1ee8d41d2255305d9e44c13a3210e
u01-s012-lecture-r1,lecture,workedExamples[3].exampleId,2,2,4a5a97c6433c4c062457e9335709d57493e75527809d8a9586c141e591ac9f2c
u01-s012-lecture-r1,lecture,workedExamples[3].prompt,9,21,d45752fffbaceb2a6c537cb4cf6593f7c85c9eb10657524bd373ee038df5e404
u01-s012-lecture-r1,lecture,workedExamples[3].solutionSteps[0],13,31,428c2aee9762889c0e146dcf9d70ce89e04177667854326bb98decc812ecc155
u01-s012-lecture-r1,lecture,workedExamples[3].solutionSteps[1],16,42,6cc727fb450efd3dbc2d97f87774ec0fcf271729c429f14a3fed000458b22bc6
u01-s012-lecture-r1,lecture,workedExamples[3].solutionSteps[2],10,16,6ce88e575a8ae2824a3ec4c650f8af2bf46cb5c170823179e3f029581415b4fa
u01-s012-lecture-r1,lecture,workedExamples[3].answer,7,9,d2511f9b8d30281f2f7e8109bdcafa62c92bbf8e8f3c32d57567af78376980c8
u01-s012-lecture-r1,lecture,commonMistakes[0].mistake,11,21,e9c13f2c5038ad4f770c86cac91cfb2f83c9238e8cdd784b63d664b238232941
u01-s012-lecture-r1,lecture,commonMistakes[0].why,8,24,37b785c3901b2b7eb67672eaa643b3fcdc74cf02cacc88db2d52e7436a9388e7
u01-s012-lecture-r1,lecture,commonMistakes[0].correction,16,24,d8bf301c983a5dd30363f4789f44cc11ae32a8e5d5480a7bfb532f6b792f81d5
u01-s012-lecture-r1,lecture,commonMistakes[1].mistake,13,29,618e7a82bd795061501ce697bb1c4fed436f2f1841fcd8b00816a81c3114040f
u01-s012-lecture-r1,lecture,commonMistakes[1].why,10,30,f46491df5dffcf719fd58349267f827635436b097d51953e468bd69c47ede97c
u01-s012-lecture-r1,lecture,commonMistakes[1].correction,10,24,0c286461605f4b99f5c436fd59a6b8d1df4d17f208110b7156aba45b915181d4
u01-s012-lecture-r1,lecture,commonMistakes[2].mistake,10,18,f777f2617e1c9ed2a687561f95b9002b36aa28417efd3e3da7269e024f30b2dc
u01-s012-lecture-r1,lecture,commonMistakes[2].why,11,33,70239a8bf4f65754e47e8085b454351e5aac6d8cdf559685f23213eb30f7c65d
u01-s012-lecture-r1,lecture,commonMistakes[2].correction,12,28,bfc607735e28050bbae114d409aeba0393c5e0c5fba5776b045f19d8004fe232
u01-s012-lecture-r1,lecture,commonMistakes[3].mistake,12,23,0bca73b4c9b5b466fdc101c08680e738913b5052272ce35fa786ca0473f32c02
u01-s012-lecture-r1,lecture,commonMistakes[3].why,7,21,75fe7bf40da2240da88eb66dcf4ffe4dad72e59106d58fd7c6654671a1660615
u01-s012-lecture-r1,lecture,commonMistakes[3].correction,9,27,e7549f8223e46f5991e5bce6d21cbe8a119826d15fc368c3094caee003632183
u01-s012-lecture-r1,lecture,commonMistakes[4].mistake,11,20,747de6f333e20cf0250bcb0a0922fb6342e3ddaa8e197eefeba30660835b20fb
u01-s012-lecture-r1,lecture,commonMistakes[4].why,8,24,12307693d486ab94324e38d1b502f9aed19b2eb82921a2f0e1d7baf22ac35828
u01-s012-lecture-r1,lecture,commonMistakes[4].correction,7,11,5ce0875a406b70a5f9067c7da47f4260f5adab664420d89efe5154377107c9bc
u01-s012-lecture-r1,lecture,commonMistakes[5].mistake,21,47,61878325fe82aa86b65b614b555d2b665d3bc1fd863a4ce3e7ad0d03bf3d4932
u01-s012-lecture-r1,lecture,commonMistakes[5].why,10,30,cb025a70b87743a478bd49cdc8ab8f467e0f33bf1493c30825146ff2d051558b
u01-s012-lecture-r1,lecture,commonMistakes[5].correction,9,27,4d931b47147d6cd27cd2c72e5398057e88353b2e390bd95e214aba6e2c1d2fcb
u01-s012-lecture-r1,lecture,selfCheck[0],8,24,580b2834eaa18bfbd3d99be4f8e5df451744f6d59b0e7f998f99c3cacdb70eea
u01-s012-lecture-r1,lecture,selfCheck[1],9,27,221318d4d28793b0ad3061e89f32c62190c8ed8873048ce6b430e79436528bf5
u01-s012-lecture-r1,lecture,selfCheck[2],9,27,f464ed3b62892919bc7cbee3a9fcb72ed76e338b3d9fcb0a2814e2b5d73d5767
u01-s012-lecture-r1,lecture,selfCheck[3],12,36,cf85f5b44c48645eec99c329d4d130a95efd9157d6dfa425dc4db5c82def67ff
u01-s012-lecture-r1,lecture,selfCheck[4],12,36,60762537af8ea231d270031a87966c1c0fc0beee3959ccae7170fc00d2e20e76
u01-s012-lecture-r1,lecture,summary[0],14,26,4793d7d88e532cfe2722ebdf35085946035917d12a8bc915958d79d7ba26a9cb
u01-s012-lecture-r1,lecture,summary[1],10,30,9f7f9f6bcff2556e0df2058a768fde1c6e23834ece37df454b6d92008b07a637
u01-s012-lecture-r1,lecture,summary[2],13,39,502be2ce5ff3f79611942c2fa0294c5db9ac527b7fa36a047a46c6845a9788e4
u01-s012-lecture-r1,lecture,summary[3],13,39,77cf5c32875ffff16b2d8e3e68347bb9661ae8480426f91900d382ae24e56f2c
u01-s012-lecture-r1,lecture,connections.previous,15,45,84669f9babc201d6aeda78943dcdde88f8457e1ac74f90bee00abda5c020e62d
u01-s012-lecture-r1,lecture,connections.next[0],16,48,9386aea718a7790f91c306f0ea713e90db8bc34af3d1e2fa86b521b902d4efce
u01-s012-lecture-r1,lecture,connections.next[1],19,49,a570a50cb9f5a832b456d36fec0eed1520d5ffd261b009d93e14fcb82b860867
u01-s012-lecture-r1,lecture,connections.next[2],16,48,72b6878a1fbc6517b3a50838f6d4d8e93f90fa558c1121a0aba103c2b5f0c44c
u01-s012-lecture-r1,lecture,practiceLinks.mcQuestionIds[0],13,13,f4aa056e15a1246eabc2027338bd11de123d15adaf7c99e1f4f6bced047a70ce
u01-s012-lecture-r1,lecture,practiceLinks.mcQuestionIds[1],13,13,b622b1b9c87fdc0d9559607df708e601ead3d54b6e99e6c6437ad6509b034574
u01-s012-lecture-r1,lecture,practiceLinks.mcQuestionIds[2],13,13,40e7390060cca41fbf2b0f409d1dfad051434bc8ed873352d2e619de2652404a
u01-s012-lecture-r1,lecture,practiceLinks.mcQuestionIds[3],13,13,1cec880ae7d33956ff8466d764c67761201ecfb1d79f57cd501802f4dc35a4c9
u01-s012-lecture-r1,lecture,practiceLinks.mcQuestionIds[4],13,13,6969b565a88d7e195e796199f4ff9ee1f68271ebcb135338a844e46a1be352cc
u01-s012-lecture-r1,lecture,practiceLinks.mcQuestionIds[5],13,13,3af0fae2a11f47449543fa29ee7e2497a2399713d02423c6268d65ff04fd4884
u01-s012-lecture-r1,lecture,practiceLinks.mcQuestionIds[6],13,13,c7460e22253652e130e0792cdb3bcaf302d73754c06b6ee99f1910d3873187ab
u01-s012-lecture-r1,lecture,practiceLinks.mcQuestionIds[7],13,13,34225a8519e5036c639cb859d4af7b62091218465be21ab3f1a532fe395c6f6c
u01-s012-lecture-r1,lecture,practiceLinks.mcQuestionIds[8],13,13,24a916d776fc8bae98335188220ccd86360e42868d01ea2ac4e6b0defc5836dc
u01-s012-lecture-r1,lecture,practiceLinks.mcQuestionIds[9],13,13,4a30da3062cc5853e8d47514d2278cf15f040aff95be955c393409b241ae165a
u01-s012-lecture-r1,lecture,practiceLinks.mcQuestionIds[10],13,13,33bc74c76cfc0ac5f960a386f93e8943ceabcbd7b2587f6cae8247692f19230d
u01-s012-lecture-r1,lecture,practiceLinks.mcQuestionIds[11],13,13,12835e2a6da881342b40703f8aced5f633f94ca4fec61d9e9c4edf47a0f57bc3
u01-s012-lecture-r1,lecture,practiceLinks.constructedResponseIds[0],14,14,789384e961edd0f4d888d18c49ff612fd9d79798935a40affe33bbccc968be45
u01-s012-lecture-r1,lecture,practiceLinks.constructedResponseIds[1],14,14,dd03fb187c78872acd36adb45b34cd2effd8a26a6d1379d8cf9716d80a752ede
u01-s012-lecture-r1,lecture,lectureReview.mathematicalCorrectness,4,4,d74ff0ee8da3b9806b18c877dbf29bbde50b5bd8e4dad7a3a725000feb82e8f1
u01-s012-lecture-r1,lecture,lectureReview.zeroFoundationReadability,4,4,d74ff0ee8da3b9806b18c877dbf29bbde50b5bd8e4dad7a3a725000feb82e8f1
u01-s012-lecture-r1,lecture,lectureReview.scopeCheck,21,21,fdf8268f0373301b2fcc6331f1d8999b8aabea69681e8bc972ab9a21216a7606
u01-s012-lecture-r1,lecture,lectureReview.reviewNote,43,121,8114941698f28410f41abfc2fc244ef406d0b71aa83b43a0d0f0e3a4b632c7ff
u01-s012-lecture-r1,lecture,lectureReview.reviewVersion,25,25,7ccbed064d3016b5353f553d3edb33b6627126acb00be43b039a8cbab00d7d69
u01-s012-lecture-r1,lecture,lectureReview.reviewedAt,10,10,14158d45727526145ef514139eeb669eb54d613dbcffe524f099dbb71c9d8b08
u01-s012-lecture-r1,lecture,contentSha256,64,64,03b2ad13a22f6279347a78a87b11bc4818006de19f411abb27603385e015556e
u01-s012-lecture-r1,lecture,contentAuthority,25,25,ed40f75ffe3d6ad4e71f6e7919d063410490de360edb425965eccd605ca9d79e
u01-s012-v001,question,questionId,13,13,f4aa056e15a1246eabc2027338bd11de123d15adaf7c99e1f4f6bced047a70ce
u01-s012-v001,question,unitId,3,3,2055254ee30aaae13b777732834c89d7f799015d3af13b62fe05aeef8c3e0eaa
u01-s012-v001,question,topicId,21,21,6c2d9a40ebadba3338b6f5bafbe66da4ac6d33592472b5b2f23ccc9fa1c80ebb
u01-s012-v001,question,skillId,24,24,3b506eb2691a5267e26e8f2d58a55f41602c3f8c1c3853718ce477a3337b6166
u01-s012-v001,question,difficulty,5,5,fbb7b5bf4ca348eeeebf8cc3660712859a5a1fbf18e83217a57ce203fb51d5c2
u01-s012-v001,question,type,2,2,6bc0f9c4ecb0acbebf1b9f6c816bdd66f4885f67c917d9e141cf893014fba936
u01-s012-v001,question,visualMode,9,9,9c7d54b0bf7a9369d8594201c7b11955514343809d09fbec33966c1fd9794015
u01-s012-v001,question,sourceScope,19,19,a4b669ddb8ef1883391c07a7b633f12eeaeecee7ec37c09eea4931aff6644346
u01-s012-v001,question,text,9,23,e95e02cd3547bc273ec8a497284d46fb4ea45a3640c5fc49ad279f520cc4a5ae
u01-s012-v001,question,choices[0],2,2,5316ca1c5ddca8e6ceccfce58f3b8540e540ee22f6180fb89492904051b3d531
u01-s012-v001,question,choices[1],2,2,6b51d431df5d7f141cbececcf79edf3dd861c3b4069f0b11661a3eefacbba918
u01-s012-v001,question,choices[2],2,2,a68b412c4282555f15546cf6e1fc42893b7e07f271557ceb021821098dd66c1b
u01-s012-v001,question,choices[3],1,1,7902699be42c8a8e46fbbb4501726517e86b22c56a189f7625a6da49081b2451
u01-s012-v001,question,explanation,14,21,500167a1e756301f5f6231e5e5f4f58c19fe3538c9ea3bf44818c53be20d7279
u01-s012-v001,question,steps[0],6,16,f159dcb388bbbab1b6d4811cac858f43d6578d7315f7fff689f9eae563f4ec89
u01-s012-v001,question,steps[1],6,9,13a5c1916e6d55e6933efa5ddfea8fa2e67151000689579468d0121bcd380258
u01-s012-v001,question,steps[2],7,10,2d457bb0c2db089fd12f3aff6b41188c0961efbfe20ec328beeb945d239e2144
u01-s012-v001,question,optionAnalysis[0].choice,2,2,5316ca1c5ddca8e6ceccfce58f3b8540e540ee22f6180fb89492904051b3d531
u01-s012-v001,question,optionAnalysis[0].reason,11,16,b429e0fd36e4cdde5d4adc6e66de1e75a5b1dde1c305069546367163e759874a
u01-s012-v001,question,optionAnalysis[1].choice,2,2,6b51d431df5d7f141cbececcf79edf3dd861c3b4069f0b11661a3eefacbba918
u01-s012-v001,question,optionAnalysis[1].reason,7,21,5a994d92c1b7c2d44fa3260cb2205f6ecb51443fe537968c3327584571d386ac
u01-s012-v001,question,optionAnalysis[2].choice,2,2,a68b412c4282555f15546cf6e1fc42893b7e07f271557ceb021821098dd66c1b
u01-s012-v001,question,optionAnalysis[2].reason,6,16,9c7acd69f14e109d8fee98663f9aa6d9f6b2ee8b7b77226afeb97b25e8247399
u01-s012-v001,question,optionAnalysis[3].choice,1,1,7902699be42c8a8e46fbbb4501726517e86b22c56a189f7625a6da49081b2451
u01-s012-v001,question,optionAnalysis[3].reason,9,27,9a53b8c49ff0db8a8fe10572ef066d4325daf633438f0b9b26e62f34adfe2af1
u01-s012-v001,question,commonMistake,12,23,74e914db53d3af3654e44c08863afdb28cfdb76bb12c9327da303f0d67e23822
u01-s012-v001,question,concept,13,39,4bb102202b5b3edf623ab4e9fe999c9c81998331ee1fbcb6413ad653ac1cc18c
u01-s012-v001,question,tags[0],3,9,fd41540cbdbecb9b5fa7116d27c68e378548ab62ab7c7ca4494730a81ea87667
u01-s012-v001,question,tags[1],5,15,75f62828e57a80ef8a892cd1b8e2d80a8465a14e7c5dea9381d012bac8d61ad2
u01-s012-v001,question,tags[2],5,5,fbb7b5bf4ca348eeeebf8cc3660712859a5a1fbf18e83217a57ce203fb51d5c2
u01-s012-v001,question,estimatedTimeSec,2,2,39fa9ec190eee7b6f4dff1100d6343e10918d044c75eac8f9e9a2596173f80c9
u01-s012-v001,question,prerequisiteSkillIds[0],24,24,e13a3f394515dbd063b6e19ec01bfec5c72b5d6ae6fec2e046d3752279a6035c
u01-s012-v001,question,authoringIntent,9,27,f73829de958bfde1d1c0a661f8dbd5a1bcac6a5ac633a9e6a08b0b4ee2c96a8e
u01-s012-v001,question,reviewStatus,22,22,ec809598e2f7fcc69fad54c9cd045bba62b4a0dc7c0ff90d4efdc3788c9ad8fb
u01-s012-v001,question,contentSha256,64,64,a2c672c99ccb8d43b848ce409d53f8fc2451bc3400cac7261b9640b7dc17f52e
u01-s012-v001,question,contentAuthority,25,25,ed40f75ffe3d6ad4e71f6e7919d063410490de360edb425965eccd605ca9d79e
u01-s012-v002,question,questionId,13,13,b622b1b9c87fdc0d9559607df708e601ead3d54b6e99e6c6437ad6509b034574
u01-s012-v002,question,unitId,3,3,2055254ee30aaae13b777732834c89d7f799015d3af13b62fe05aeef8c3e0eaa
u01-s012-v002,question,topicId,21,21,6c2d9a40ebadba3338b6f5bafbe66da4ac6d33592472b5b2f23ccc9fa1c80ebb
u01-s012-v002,question,skillId,24,24,3b506eb2691a5267e26e8f2d58a55f41602c3f8c1c3853718ce477a3337b6166
u01-s012-v002,question,difficulty,5,5,fbb7b5bf4ca348eeeebf8cc3660712859a5a1fbf18e83217a57ce203fb51d5c2
u01-s012-v002,question,type,2,2,6bc0f9c4ecb0acbebf1b9f6c816bdd66f4885f67c917d9e141cf893014fba936
u01-s012-v002,question,visualMode,9,9,9c7d54b0bf7a9369d8594201c7b11955514343809d09fbec33966c1fd9794015
u01-s012-v002,question,sourceScope,19,19,a4b669ddb8ef1883391c07a7b633f12eeaeecee7ec37c09eea4931aff6644346
u01-s012-v002,question,text,12,25,6cee5294d6b456957f990f821f8c6bbcd7a2294a19e6dcafaa713d2ce3628a2d
u01-s012-v002,question,choices[0],1,1,2c624232cdd221771294dfbb310aca000a0df6ac8b66b696d90ef06fdefb64a3
u01-s012-v002,question,choices[1],2,2,e91592205d3881e3ea35d66973bb4898d7282126ab5afcb355c95d2fc17f3822
u01-s012-v002,question,choices[2],2,2,03b26944890929ff751653acb2f2af795cee38f937f379f52ed654a68ce91216
u01-s012-v002,question,choices[3],1,1,e7f6c011776e8db7cd330b54174fd76f7d0216b612387a5ffcfb81e6f0919683
u01-s012-v002,question,explanation,34,59,8fad2a71f2335fc6695df161e9a6e86ebf60500f7ee5a49556d06a95402c074f
u01-s012-v002,question,steps[0],6,14,fb21f7406516a33dcb6f278121f64bcad6bc0e86945d9a8bf4fe69e8fb1ab75c
u01-s012-v002,question,steps[1],6,18,93f103eefe50394de0bd2967a1da19893733833589686fb9d5365154dff9d5f2
u01-s012-v002,question,steps[2],9,25,daaa8f97eeb831d1e74801f7d88876c3a6fdd26a12b9c9f38e1406a0432c6756
u01-s012-v002,question,optionAnalysis[0].choice,1,1,2c624232cdd221771294dfbb310aca000a0df6ac8b66b696d90ef06fdefb64a3
u01-s012-v002,question,optionAnalysis[0].reason,8,24,22e4a26f79c0a248238741548c8a36ef6557057550465fbb297b2d99c775c528
u01-s012-v002,question,optionAnalysis[1].choice,2,2,e91592205d3881e3ea35d66973bb4898d7282126ab5afcb355c95d2fc17f3822
u01-s012-v002,question,optionAnalysis[1].reason,16,18,00f74d2c658079cf18c988b8c6e94049a182dcc2e50b00ae641accdc4e0e3a30
u01-s012-v002,question,optionAnalysis[2].choice,2,2,03b26944890929ff751653acb2f2af795cee38f937f379f52ed654a68ce91216
u01-s012-v002,question,optionAnalysis[2].reason,7,21,5a994d92c1b7c2d44fa3260cb2205f6ecb51443fe537968c3327584571d386ac
u01-s012-v002,question,optionAnalysis[3].choice,1,1,e7f6c011776e8db7cd330b54174fd76f7d0216b612387a5ffcfb81e6f0919683
u01-s012-v002,question,optionAnalysis[3].reason,7,21,9e72f307d49bb91b0064436953a209c02dcfd3ff3cb2e81cd6b9f42a6939ed41
u01-s012-v002,question,commonMistake,11,33,f389c503a6157cbcf16ab53af897b425e5a0a3ac9b9126ca7e9a6dc3915c1bea
u01-s012-v002,question,concept,9,27,c270a9ff3a8a7c09462d533005ca9ea481513ec275f6f48822aec6f05f4f271a
u01-s012-v002,question,tags[0],3,9,fd41540cbdbecb9b5fa7116d27c68e378548ab62ab7c7ca4494730a81ea87667
u01-s012-v002,question,tags[1],5,15,75f62828e57a80ef8a892cd1b8e2d80a8465a14e7c5dea9381d012bac8d61ad2
u01-s012-v002,question,tags[2],5,5,fbb7b5bf4ca348eeeebf8cc3660712859a5a1fbf18e83217a57ce203fb51d5c2
u01-s012-v002,question,estimatedTimeSec,2,2,39fa9ec190eee7b6f4dff1100d6343e10918d044c75eac8f9e9a2596173f80c9
u01-s012-v002,question,prerequisiteSkillIds[0],24,24,e13a3f394515dbd063b6e19ec01bfec5c72b5d6ae6fec2e046d3752279a6035c
u01-s012-v002,question,authoringIntent,9,27,d1ce3035d327f7355924afdbde3793137cfee3d74fc554f540af34d1fd2b0e7e
u01-s012-v002,question,reviewStatus,22,22,ec809598e2f7fcc69fad54c9cd045bba62b4a0dc7c0ff90d4efdc3788c9ad8fb
u01-s012-v002,question,contentSha256,64,64,8834bf0502e1d8e668f0a45551371cc105b9c5d5c1c78e43bd06d4d5ebea7824
u01-s012-v002,question,contentAuthority,25,25,ed40f75ffe3d6ad4e71f6e7919d063410490de360edb425965eccd605ca9d79e
u01-s012-v003,question,questionId,13,13,40e7390060cca41fbf2b0f409d1dfad051434bc8ed873352d2e619de2652404a
u01-s012-v003,question,unitId,3,3,2055254ee30aaae13b777732834c89d7f799015d3af13b62fe05aeef8c3e0eaa
u01-s012-v003,question,topicId,21,21,6c2d9a40ebadba3338b6f5bafbe66da4ac6d33592472b5b2f23ccc9fa1c80ebb
u01-s012-v003,question,skillId,24,24,3b506eb2691a5267e26e8f2d58a55f41602c3f8c1c3853718ce477a3337b6166
u01-s012-v003,question,difficulty,5,5,fbb7b5bf4ca348eeeebf8cc3660712859a5a1fbf18e83217a57ce203fb51d5c2
u01-s012-v003,question,type,2,2,6bc0f9c4ecb0acbebf1b9f6c816bdd66f4885f67c917d9e141cf893014fba936
u01-s012-v003,question,visualMode,9,9,9c7d54b0bf7a9369d8594201c7b11955514343809d09fbec33966c1fd9794015
u01-s012-v003,question,sourceScope,19,19,a4b669ddb8ef1883391c07a7b633f12eeaeecee7ec37c09eea4931aff6644346
u01-s012-v003,question,text,10,24,d461e98a8b26dbd18c7e27b066cc640e403a350f16874018597d7ba8683b9f63
u01-s012-v003,question,choices[0],2,2,b17ef6d19c7a5b1ee83b907c595526dcb1eb06db8227d650d5dda0a9f4ce8cd9
u01-s012-v003,question,choices[1],1,1,2c624232cdd221771294dfbb310aca000a0df6ac8b66b696d90ef06fdefb64a3
u01-s012-v003,question,choices[2],3,3,80843f62e074cdde6622f9e68f409d489c44e0ae3fc59493c90df79705611947
u01-s012-v003,question,choices[3],2,2,e91592205d3881e3ea35d66973bb4898d7282126ab5afcb355c95d2fc17f3822
u01-s012-v003,question,explanation,28,70,c35c66ba17062cc73a2e9ee1bb975e341ceadd4635dc517d45e42117a5eab012
u01-s012-v003,question,steps[0],10,28,7955f08b0989694262cdb60305181bcb9c1fbd445ab512471f3ebc2ad1cadfed
u01-s012-v003,question,steps[1],6,10,6b7928f98d1394bdafa36e579404fedca28cf7fddb2270866c1d1f8bde580482
u01-s012-v003,question,steps[2],9,21,93cd7d544b3e08198b537d1274acae7e4cb90df0753e98fd70f6de699e25d558
u01-s012-v003,question,optionAnalysis[0].choice,2,2,b17ef6d19c7a5b1ee83b907c595526dcb1eb06db8227d650d5dda0a9f4ce8cd9
u01-s012-v003,question,optionAnalysis[0].reason,10,22,6af6085f79431797a067062e2483f14a058e768b2966c261cd151b88d1e1bf10
u01-s012-v003,question,optionAnalysis[1].choice,1,1,2c624232cdd221771294dfbb310aca000a0df6ac8b66b696d90ef06fdefb64a3
u01-s012-v003,question,optionAnalysis[1].reason,7,21,08b6bf35aae670e44b5d213acbf3f1f8ee91d6a21ec5b912b0f13236efa8bc7d
u01-s012-v003,question,optionAnalysis[2].choice,3,3,80843f62e074cdde6622f9e68f409d489c44e0ae3fc59493c90df79705611947
u01-s012-v003,question,optionAnalysis[2].reason,10,14,3b24cfee4364d29775361358fddd758d7e80f6cc593a2d5b9b1b9b586cd2587f
u01-s012-v003,question,optionAnalysis[3].choice,2,2,e91592205d3881e3ea35d66973bb4898d7282126ab5afcb355c95d2fc17f3822
u01-s012-v003,question,optionAnalysis[3].reason,4,12,bf8612be1d2c5fa8c117ac9ad735ec0a6c602f863275fe9b58c259c4b5f43339
u01-s012-v003,question,commonMistake,13,27,866c0389b81971c4fd5ae343730a8cb0b14e994fc060e073aabbe30887b4358f
u01-s012-v003,question,concept,17,51,fb764d1c6b6feb1c988d7f3893abeedb7a49acccd8f23931552949314485c5a7
u01-s012-v003,question,tags[0],3,9,fd41540cbdbecb9b5fa7116d27c68e378548ab62ab7c7ca4494730a81ea87667
u01-s012-v003,question,tags[1],5,15,75f62828e57a80ef8a892cd1b8e2d80a8465a14e7c5dea9381d012bac8d61ad2
u01-s012-v003,question,tags[2],5,5,fbb7b5bf4ca348eeeebf8cc3660712859a5a1fbf18e83217a57ce203fb51d5c2
u01-s012-v003,question,estimatedTimeSec,2,2,39fa9ec190eee7b6f4dff1100d6343e10918d044c75eac8f9e9a2596173f80c9
u01-s012-v003,question,prerequisiteSkillIds[0],24,24,e13a3f394515dbd063b6e19ec01bfec5c72b5d6ae6fec2e046d3752279a6035c
u01-s012-v003,question,authoringIntent,11,33,e2d8175e9f5b18b5513eae4056fad0327b2629acd8b3a15138ae2c1dc19d118c
u01-s012-v003,question,reviewStatus,22,22,ec809598e2f7fcc69fad54c9cd045bba62b4a0dc7c0ff90d4efdc3788c9ad8fb
u01-s012-v003,question,contentSha256,64,64,090df248f8c1944160e58d8a791d77b0de6ea6462222e340d10b7cd5efd0d7f2
u01-s012-v003,question,contentAuthority,25,25,ed40f75ffe3d6ad4e71f6e7919d063410490de360edb425965eccd605ca9d79e
u01-s012-v004,question,questionId,13,13,1cec880ae7d33956ff8466d764c67761201ecfb1d79f57cd501802f4dc35a4c9
u01-s012-v004,question,unitId,3,3,2055254ee30aaae13b777732834c89d7f799015d3af13b62fe05aeef8c3e0eaa
u01-s012-v004,question,topicId,21,21,6c2d9a40ebadba3338b6f5bafbe66da4ac6d33592472b5b2f23ccc9fa1c80ebb
u01-s012-v004,question,skillId,24,24,3b506eb2691a5267e26e8f2d58a55f41602c3f8c1c3853718ce477a3337b6166
u01-s012-v004,question,difficulty,8,8,fe6d3468cf5c74d8ec2a95b40f2e05338c37a4202f8fad692d2b64a9cf9b468a
u01-s012-v004,question,type,2,2,6bc0f9c4ecb0acbebf1b9f6c816bdd66f4885f67c917d9e141cf893014fba936
u01-s012-v004,question,visualMode,9,9,9c7d54b0bf7a9369d8594201c7b11955514343809d09fbec33966c1fd9794015
u01-s012-v004,question,sourceScope,19,19,a4b669ddb8ef1883391c07a7b633f12eeaeecee7ec37c09eea4931aff6644346
u01-s012-v004,question,text,31,56,67c7792d3681cd13e3aadcb7af2052020cc90ed6acb639ad1ea2df259ef545be
u01-s012-v004,question,choices[0],3,5,a90ebe90512aa5bbb8adc2d1296cbcfa54a59db11692b1b776c54981ef3620d2
u01-s012-v004,question,choices[1],2,4,b3af7e1d1d734192f40bd456998cf332c96eb813e0274005990b797fbf11ffe9
u01-s012-v004,question,choices[2],5,7,fdc703009d0861ab7b21bfb16aedeb217ef38faf4c706fcaae1053d59d8fa207
u01-s012-v004,question,choices[3],5,7,0dc539d4ffc28a7fc3a21ec7f1878d5de49a5756a696d6278869f04ab4e1eaec
u01-s012-v004,question,explanation,25,61,efcadb9b82be277c4577ad56974901ba7014d78b960341378460281e565b054b
u01-s012-v004,question,steps[0],8,20,edd67d86512a29c0f2d459f8ea47dc514b5590ed4b77cc974c35af2ca5560375
u01-s012-v004,question,steps[1],4,10,bca7a55c3b57548859bd60d7d410073ff7ec048d00a7ccec8f6ddaaf53bb5ff1
u01-s012-v004,question,steps[2],7,21,c216e4a14410e80f28cca2eddeaeec8d5648969194ebdaa96176c732d81c30aa
u01-s012-v004,question,optionAnalysis[0].choice,3,5,a90ebe90512aa5bbb8adc2d1296cbcfa54a59db11692b1b776c54981ef3620d2
u01-s012-v004,question,optionAnalysis[0].reason,14,40,e26a4f517288d15aec9a9a1d0a81053ff7731962fd161b694022d35fe1c9d138
u01-s012-v004,question,optionAnalysis[1].choice,2,4,b3af7e1d1d734192f40bd456998cf332c96eb813e0274005990b797fbf11ffe9
u01-s012-v004,question,optionAnalysis[1].reason,8,24,b49ea328d93614a97f2ac99f3bfb5ecc3eb722e86b2d4293305e319107ebe967
u01-s012-v004,question,optionAnalysis[2].choice,5,7,fdc703009d0861ab7b21bfb16aedeb217ef38faf4c706fcaae1053d59d8fa207
u01-s012-v004,question,optionAnalysis[2].reason,9,23,f4229cea33ed4b8bbe58dad2db53b09bf37f1e2a74d4705d0a8c4ce5c4e983ea
u01-s012-v004,question,optionAnalysis[3].choice,5,7,0dc539d4ffc28a7fc3a21ec7f1878d5de49a5756a696d6278869f04ab4e1eaec
u01-s012-v004,question,optionAnalysis[3].reason,16,28,e97e786dc0e4e61d070af3519483c5a9f4ebdebd97c11cca75e8d62b654c3dfe
u01-s012-v004,question,commonMistake,17,47,0ba218cf9cbc65a95bea9bab083775bcf3f906af0fde50fb0dbad1a11f6dea98
u01-s012-v004,question,concept,11,33,2144922618189eae92adfe396974377d4e27827ee96e0c020727e35bf07c794b
u01-s012-v004,question,tags[0],3,9,fd41540cbdbecb9b5fa7116d27c68e378548ab62ab7c7ca4494730a81ea87667
u01-s012-v004,question,tags[1],5,15,75f62828e57a80ef8a892cd1b8e2d80a8465a14e7c5dea9381d012bac8d61ad2
u01-s012-v004,question,tags[2],8,8,fe6d3468cf5c74d8ec2a95b40f2e05338c37a4202f8fad692d2b64a9cf9b468a
u01-s012-v004,question,estimatedTimeSec,2,2,39fa9ec190eee7b6f4dff1100d6343e10918d044c75eac8f9e9a2596173f80c9
u01-s012-v004,question,prerequisiteSkillIds[0],24,24,e13a3f394515dbd063b6e19ec01bfec5c72b5d6ae6fec2e046d3752279a6035c
u01-s012-v004,question,authoringIntent,13,39,614a7d17dc72f44590f586182d8ad78f9494603b14756cadbbf425f5ae9bb1d2
u01-s012-v004,question,reviewStatus,22,22,ec809598e2f7fcc69fad54c9cd045bba62b4a0dc7c0ff90d4efdc3788c9ad8fb
u01-s012-v004,question,contentSha256,64,64,2e4cceac3b834a5033b843593ea8030401ef91e8d6e52afccfe8c8a2fbe471dd
u01-s012-v004,question,contentAuthority,25,25,ed40f75ffe3d6ad4e71f6e7919d063410490de360edb425965eccd605ca9d79e
u01-s012-v005,question,questionId,13,13,6969b565a88d7e195e796199f4ff9ee1f68271ebcb135338a844e46a1be352cc
u01-s012-v005,question,unitId,3,3,2055254ee30aaae13b777732834c89d7f799015d3af13b62fe05aeef8c3e0eaa
u01-s012-v005,question,topicId,21,21,6c2d9a40ebadba3338b6f5bafbe66da4ac6d33592472b5b2f23ccc9fa1c80ebb
u01-s012-v005,question,skillId,24,24,3b506eb2691a5267e26e8f2d58a55f41602c3f8c1c3853718ce477a3337b6166
u01-s012-v005,question,difficulty,8,8,fe6d3468cf5c74d8ec2a95b40f2e05338c37a4202f8fad692d2b64a9cf9b468a
u01-s012-v005,question,type,2,2,6bc0f9c4ecb0acbebf1b9f6c816bdd66f4885f67c917d9e141cf893014fba936
u01-s012-v005,question,visualMode,9,9,9c7d54b0bf7a9369d8594201c7b11955514343809d09fbec33966c1fd9794015
u01-s012-v005,question,sourceScope,19,19,a4b669ddb8ef1883391c07a7b633f12eeaeecee7ec37c09eea4931aff6644346
u01-s012-v005,question,text,9,21,d71fb91a644511f6e99487c394a5d355a0c499c1b6ee04fd4fc5d16ebb60826c
u01-s012-v005,question,choices[0],9,9,50891936fc76a98c62e59a25cac7b61eb512c3e7cc7ab95cc7bd75b9f554fc3b
u01-s012-v005,question,choices[1],2,2,39fa9ec190eee7b6f4dff1100d6343e10918d044c75eac8f9e9a2596173f80c9
u01-s012-v005,question,choices[2],7,7,87457cabb0bc138584cd442b88bb43bbd10ae16ae21393411a2fbc5c50042b67
u01-s012-v005,question,choices[3],10,10,8582d26affb6928525e4f027c2cb8c081c355e4aa693e87e2afda35d0c4b2210
u01-s012-v005,question,explanation,33,65,21d55561203a98e2bac35cfc7256fc68a4b1c4401820e7cf648928185f8af749
u01-s012-v005,question,steps[0],10,24,8a4f40a53ca959984b365bbcbf9bc7f23fd3d0ad521b9192c781557c8dabff79
u01-s012-v005,question,steps[1],10,24,bbafc685100341c6c03ae53b3f47af01b13d64ced7bfa218ea397e14f29212a5
u01-s012-v005,question,steps[2],8,18,2585c74c7c0203a3b6256c2f0eefa05ec2a5d92a4d1d4cba0ebca42ac988a4b5
u01-s012-v005,question,optionAnalysis[0].choice,9,9,50891936fc76a98c62e59a25cac7b61eb512c3e7cc7ab95cc7bd75b9f554fc3b
u01-s012-v005,question,optionAnalysis[0].reason,28,35,4dc607186f889896405b65343c7f2bfe5d3bb477fc216a2e1a706969bb4d8cc6
u01-s012-v005,question,optionAnalysis[1].choice,2,2,39fa9ec190eee7b6f4dff1100d6343e10918d044c75eac8f9e9a2596173f80c9
u01-s012-v005,question,optionAnalysis[1].reason,6,12,d264d9f82bd5999e7fcd06a354fe93c247f8fe9d392184d24f2f639d0a396a8e
u01-s012-v005,question,optionAnalysis[2].choice,7,7,87457cabb0bc138584cd442b88bb43bbd10ae16ae21393411a2fbc5c50042b67
u01-s012-v005,question,optionAnalysis[2].reason,6,14,2d1d7b6bfc1b3d49528f2186ab2e3d526f07ca3d83676db0836f989a706afa60
u01-s012-v005,question,optionAnalysis[3].choice,10,10,8582d26affb6928525e4f027c2cb8c081c355e4aa693e87e2afda35d0c4b2210
u01-s012-v005,question,optionAnalysis[3].reason,5,11,f7d68a2721ca1ca64cf35ccd85c6e21bf81a16993696c578fa150f27a8809e03
u01-s012-v005,question,commonMistake,14,25,08059992aab029423bb38aa6a2cffdec4e7c4502948d40494c967df287ea8cac
u01-s012-v005,question,concept,16,44,87910fd67cf92cde0a85becd97c126029efad79616b0a521996f6fe93b380c37
u01-s012-v005,question,tags[0],3,9,fd41540cbdbecb9b5fa7116d27c68e378548ab62ab7c7ca4494730a81ea87667
u01-s012-v005,question,tags[1],5,15,75f62828e57a80ef8a892cd1b8e2d80a8465a14e7c5dea9381d012bac8d61ad2
u01-s012-v005,question,tags[2],8,8,fe6d3468cf5c74d8ec2a95b40f2e05338c37a4202f8fad692d2b64a9cf9b468a
u01-s012-v005,question,estimatedTimeSec,2,2,39fa9ec190eee7b6f4dff1100d6343e10918d044c75eac8f9e9a2596173f80c9
u01-s012-v005,question,prerequisiteSkillIds[0],24,24,e13a3f394515dbd063b6e19ec01bfec5c72b5d6ae6fec2e046d3752279a6035c
u01-s012-v005,question,authoringIntent,10,26,e834aab48bbf2441ec5bf7f95deaa8efc81c16f56692d4cc5395a48f433effa9
u01-s012-v005,question,reviewStatus,22,22,ec809598e2f7fcc69fad54c9cd045bba62b4a0dc7c0ff90d4efdc3788c9ad8fb
u01-s012-v005,question,contentSha256,64,64,ac4b3e91f8e59e06547a0b7044968a7a78f0dbb1a41600d3cd817c9d9b3daa6b
u01-s012-v005,question,contentAuthority,25,25,ed40f75ffe3d6ad4e71f6e7919d063410490de360edb425965eccd605ca9d79e
u01-s012-v006,question,questionId,13,13,3af0fae2a11f47449543fa29ee7e2497a2399713d02423c6268d65ff04fd4884
u01-s012-v006,question,unitId,3,3,2055254ee30aaae13b777732834c89d7f799015d3af13b62fe05aeef8c3e0eaa
u01-s012-v006,question,topicId,21,21,6c2d9a40ebadba3338b6f5bafbe66da4ac6d33592472b5b2f23ccc9fa1c80ebb
u01-s012-v006,question,skillId,24,24,3b506eb2691a5267e26e8f2d58a55f41602c3f8c1c3853718ce477a3337b6166
u01-s012-v006,question,difficulty,8,8,fe6d3468cf5c74d8ec2a95b40f2e05338c37a4202f8fad692d2b64a9cf9b468a
u01-s012-v006,question,type,2,2,6bc0f9c4ecb0acbebf1b9f6c816bdd66f4885f67c917d9e141cf893014fba936
u01-s012-v006,question,visualMode,9,9,9c7d54b0bf7a9369d8594201c7b11955514343809d09fbec33966c1fd9794015
u01-s012-v006,question,sourceScope,19,19,a4b669ddb8ef1883391c07a7b633f12eeaeecee7ec37c09eea4931aff6644346
u01-s012-v006,question,text,22,46,c381fc42d74d6df161e28e5425cfdb702927de598f5377685dd93ae8fa46c6f5
u01-s012-v006,question,choices[0],4,12,ba8aa0306d27ab6e8fc67d1499fef441907ab29d9a0b396b7ac3b2a08d8e2eb5
u01-s012-v006,question,choices[1],9,11,caf110eebc6d2a4debff3699c0c814f7952b9149589973024a953a391c9ecb5d
u01-s012-v006,question,choices[2],9,11,7874334b4abc71ed94a754d3f433413afe76bec53882a172c61c0a3acc92e339
u01-s012-v006,question,choices[3],5,15,1ea400df3b9a33b7b8332a9ddaec21449022debf76291205e2d05cbf6a61d5d7
u01-s012-v006,question,explanation,28,41,1396a61b13b6a252f8a9ebea07183e77b341307ee586c4a1e4b3b0a955779c21
u01-s012-v006,question,steps[0],14,36,7a3ad2d39884afc42310b69a7f511a2bf15e46f572e346c63430a5d305d4a31a
u01-s012-v006,question,steps[1],15,38,42963bfb59d108f5dc81de8d88a50ac4c18dad0818d789a16ee5cea4376c0868
u01-s012-v006,question,steps[2],7,13,14719688c9225eafcdffd145000aefed38df4e04789f6075f2328f63cdecdb52
u01-s012-v006,question,optionAnalysis[0].choice,4,12,ba8aa0306d27ab6e8fc67d1499fef441907ab29d9a0b396b7ac3b2a08d8e2eb5
u01-s012-v006,question,optionAnalysis[0].reason,7,15,82fc731889356b914866eef6468ce79aa8c03311549275985bd24e5909d46eda
u01-s012-v006,question,optionAnalysis[1].choice,9,11,caf110eebc6d2a4debff3699c0c814f7952b9149589973024a953a391c9ecb5d
u01-s012-v006,question,optionAnalysis[1].reason,5,7,6135eb090ab1b4a0be03191feddcb3967dfd39cb544e1d1012cd317e7030f6a4
u01-s012-v006,question,optionAnalysis[2].choice,9,11,7874334b4abc71ed94a754d3f433413afe76bec53882a172c61c0a3acc92e339
u01-s012-v006,question,optionAnalysis[2].reason,4,12,688b30128d6347c337a58f9725a9f97a15b305a85043892d068b11c39c4d314d
u01-s012-v006,question,optionAnalysis[3].choice,5,15,1ea400df3b9a33b7b8332a9ddaec21449022debf76291205e2d05cbf6a61d5d7
u01-s012-v006,question,optionAnalysis[3].reason,6,18,350f0368e0f95b0e35a6da80edf899f1e868c1f3f6f0c7f40dc391e573bd0a9c
u01-s012-v006,question,commonMistake,14,40,9e5b28312f4fe09d65c6ae7d511b7825b194b8fdb052cfc1a5a8ca1bf31956d5
u01-s012-v006,question,concept,13,39,a9af4aa454383e6ad92920108b5923533bb2f2e7f526000e1261ce92763b8411
u01-s012-v006,question,tags[0],3,9,fd41540cbdbecb9b5fa7116d27c68e378548ab62ab7c7ca4494730a81ea87667
u01-s012-v006,question,tags[1],5,15,75f62828e57a80ef8a892cd1b8e2d80a8465a14e7c5dea9381d012bac8d61ad2
u01-s012-v006,question,tags[2],8,8,fe6d3468cf5c74d8ec2a95b40f2e05338c37a4202f8fad692d2b64a9cf9b468a
u01-s012-v006,question,estimatedTimeSec,2,2,39fa9ec190eee7b6f4dff1100d6343e10918d044c75eac8f9e9a2596173f80c9
u01-s012-v006,question,prerequisiteSkillIds[0],24,24,e13a3f394515dbd063b6e19ec01bfec5c72b5d6ae6fec2e046d3752279a6035c
u01-s012-v006,question,authoringIntent,12,36,72e0e33dce8ef1fa183e632bc1ab9d67e0b5577b40a47b246fe8c318d81d4bb5
u01-s012-v006,question,reviewStatus,22,22,ec809598e2f7fcc69fad54c9cd045bba62b4a0dc7c0ff90d4efdc3788c9ad8fb
u01-s012-v006,question,contentSha256,64,64,ce7a9755b23a7e76cf0973b906af2593a0f0b06822e918701be2509636bffe29
u01-s012-v006,question,contentAuthority,25,25,ed40f75ffe3d6ad4e71f6e7919d063410490de360edb425965eccd605ca9d79e
u01-s012-v007,question,questionId,13,13,c7460e22253652e130e0792cdb3bcaf302d73754c06b6ee99f1910d3873187ab
u01-s012-v007,question,unitId,3,3,2055254ee30aaae13b777732834c89d7f799015d3af13b62fe05aeef8c3e0eaa
u01-s012-v007,question,topicId,21,21,6c2d9a40ebadba3338b6f5bafbe66da4ac6d33592472b5b2f23ccc9fa1c80ebb
u01-s012-v007,question,skillId,24,24,3b506eb2691a5267e26e8f2d58a55f41602c3f8c1c3853718ce477a3337b6166
u01-s012-v007,question,difficulty,8,8,d21f85ea38166303ce58e06134b5cc4a5c900c409ab2a500ff7c9225109a09bb
u01-s012-v007,question,type,2,2,6bc0f9c4ecb0acbebf1b9f6c816bdd66f4885f67c917d9e141cf893014fba936
u01-s012-v007,question,visualMode,9,9,9c7d54b0bf7a9369d8594201c7b11955514343809d09fbec33966c1fd9794015
u01-s012-v007,question,sourceScope,19,19,a4b669ddb8ef1883391c07a7b633f12eeaeecee7ec37c09eea4931aff6644346
u01-s012-v007,question,text,14,38,c298a63e36ef09b70d9e8c92762dc93e8a24264146e15dc42125c5fd4ad1e94c
u01-s012-v007,question,choices[0],6,7,fb74890bf5f677a6678cbf57a1b3acd7da19e302c719f8c98dbd377ec9a4d757
u01-s012-v007,question,choices[1],6,7,6a58cfef0f4f801431779a205228b1f35e651ec771dc71097f2811717e32672f
u01-s012-v007,question,choices[2],12,16,292bfa31b0f4ae1d80cb6b53e61d34aa653d2e76c9900fe41f5473b7fefb12e5
u01-s012-v007,question,choices[3],12,12,9793f39c86c7c26c95d791cb371d3ab87b58b1ef6d38e374880cd0d58308f663
u01-s012-v007,question,explanation,16,40,0ac369fe637cd856edce19e27e8a3571934a959af0cdf6808e68f527bb2676ae
u01-s012-v007,question,steps[0],6,16,4353dff6af9a506d88f76e257ea4d83faca400e66adaf974a2ee5ce476cdc2ec
u01-s012-v007,question,steps[1],14,30,d50b085c35abb83747c84fc3dc21830b9540984eb09107cd650047e200ce8f4e
u01-s012-v007,question,steps[2],5,15,75fbdeba0cf410f14363442df852277c95c8cb6625cb3f1739ae2607e3e5adcf
u01-s012-v007,question,optionAnalysis[0].choice,6,7,fb74890bf5f677a6678cbf57a1b3acd7da19e302c719f8c98dbd377ec9a4d757
u01-s012-v007,question,optionAnalysis[0].reason,7,21,08b6bf35aae670e44b5d213acbf3f1f8ee91d6a21ec5b912b0f13236efa8bc7d
u01-s012-v007,question,optionAnalysis[1].choice,6,7,6a58cfef0f4f801431779a205228b1f35e651ec771dc71097f2811717e32672f
u01-s012-v007,question,optionAnalysis[1].reason,4,12,1b719b832f24a8ef11bb3c80b76221f7f92a43d60275f3829891de960de297f2
u01-s012-v007,question,optionAnalysis[2].choice,12,16,292bfa31b0f4ae1d80cb6b53e61d34aa653d2e76c9900fe41f5473b7fefb12e5
u01-s012-v007,question,optionAnalysis[2].reason,13,19,cc3d06360ef1cc2470a3306460f0817c6f411b746a4b51d5caf1b884f3f62ab6
u01-s012-v007,question,optionAnalysis[3].choice,12,12,9793f39c86c7c26c95d791cb371d3ab87b58b1ef6d38e374880cd0d58308f663
u01-s012-v007,question,optionAnalysis[3].reason,10,30,1d1d67eac9d1aa1362af60b29faacfa4e30706b023ad3f5b8dd36e1336de08bd
u01-s012-v007,question,commonMistake,12,36,3866aca3c4db4702ea9093dc90e1829e706a1cd45856d1b3f08b2fcb6e8b63dd
u01-s012-v007,question,concept,14,42,89443e011a18224d8a69da887b7b14897757cb84d2c5dc42246bc515954254d6
u01-s012-v007,question,tags[0],3,9,fd41540cbdbecb9b5fa7116d27c68e378548ab62ab7c7ca4494730a81ea87667
u01-s012-v007,question,tags[1],5,15,75f62828e57a80ef8a892cd1b8e2d80a8465a14e7c5dea9381d012bac8d61ad2
u01-s012-v007,question,tags[2],8,8,d21f85ea38166303ce58e06134b5cc4a5c900c409ab2a500ff7c9225109a09bb
u01-s012-v007,question,estimatedTimeSec,2,2,39fa9ec190eee7b6f4dff1100d6343e10918d044c75eac8f9e9a2596173f80c9
u01-s012-v007,question,prerequisiteSkillIds[0],24,24,e13a3f394515dbd063b6e19ec01bfec5c72b5d6ae6fec2e046d3752279a6035c
u01-s012-v007,question,authoringIntent,12,36,7ea93732811a78ed141c044ff1eae616f2a18790ffad5dcad6555370fa271b8d
u01-s012-v007,question,reviewStatus,22,22,ec809598e2f7fcc69fad54c9cd045bba62b4a0dc7c0ff90d4efdc3788c9ad8fb
u01-s012-v007,question,contentSha256,64,64,b1ad6d7c0d5ccbba06bde7fe6405fa706bd921cd61edb57570326c0174886ea0
u01-s012-v007,question,contentAuthority,25,25,ed40f75ffe3d6ad4e71f6e7919d063410490de360edb425965eccd605ca9d79e
u01-s012-v008,question,questionId,13,13,34225a8519e5036c639cb859d4af7b62091218465be21ab3f1a532fe395c6f6c
u01-s012-v008,question,unitId,3,3,2055254ee30aaae13b777732834c89d7f799015d3af13b62fe05aeef8c3e0eaa
u01-s012-v008,question,topicId,21,21,6c2d9a40ebadba3338b6f5bafbe66da4ac6d33592472b5b2f23ccc9fa1c80ebb
u01-s012-v008,question,skillId,24,24,3b506eb2691a5267e26e8f2d58a55f41602c3f8c1c3853718ce477a3337b6166
u01-s012-v008,question,difficulty,8,8,d21f85ea38166303ce58e06134b5cc4a5c900c409ab2a500ff7c9225109a09bb
u01-s012-v008,question,type,2,2,6bc0f9c4ecb0acbebf1b9f6c816bdd66f4885f67c917d9e141cf893014fba936
u01-s012-v008,question,visualMode,9,9,9c7d54b0bf7a9369d8594201c7b11955514343809d09fbec33966c1fd9794015
u01-s012-v008,question,sourceScope,19,19,a4b669ddb8ef1883391c07a7b633f12eeaeecee7ec37c09eea4931aff6644346
u01-s012-v008,question,text,9,22,07c23566ca6544fe1940a94730ba1f453e09b13e72937e014ee3bb10c74f5f7a
u01-s012-v008,question,choices[0],2,2,6b51d431df5d7f141cbececcf79edf3dd861c3b4069f0b11661a3eefacbba918
u01-s012-v008,question,choices[1],2,2,b17ef6d19c7a5b1ee83b907c595526dcb1eb06db8227d650d5dda0a9f4ce8cd9
u01-s012-v008,question,choices[2],2,2,98010bd9270f9b100b6214a21754fd33bdc8d41b2bc9f9dd16ff54d3c34ffd71
u01-s012-v008,question,choices[3],2,2,a68b412c4282555f15546cf6e1fc42893b7e07f271557ceb021821098dd66c1b
u01-s012-v008,question,explanation,12,17,bcfb3361eb0d12f14cd681a7db596c464875613c82da9771d3e9fb030b0d1822
u01-s012-v008,question,steps[0],6,16,0cb7c1697ddb80a21474189d07f1f2f8515429cd9aee448a019d96d670cbdfd2
u01-s012-v008,question,steps[1],7,10,e3bea409f0bc3e27e83138dce465482d82b480779e342a1c5d77c7a0b9deacc5
u01-s012-v008,question,steps[2],8,11,eacea961c6964e6a811e85cae9772aa81271342651711654d422b8f423894cad
u01-s012-v008,question,optionAnalysis[0].choice,2,2,6b51d431df5d7f141cbececcf79edf3dd861c3b4069f0b11661a3eefacbba918
u01-s012-v008,question,optionAnalysis[0].reason,5,11,7298a4e3db37e80a86cb54caa216f63ff21a0c74c02724a493d1e63f8964309b
u01-s012-v008,question,optionAnalysis[1].choice,2,2,b17ef6d19c7a5b1ee83b907c595526dcb1eb06db8227d650d5dda0a9f4ce8cd9
u01-s012-v008,question,optionAnalysis[1].reason,5,15,a80ae30f4b1f2148711d279a2cf1e8e546a080ea62c364aba1a3beeca6b35dba
u01-s012-v008,question,optionAnalysis[2].choice,2,2,98010bd9270f9b100b6214a21754fd33bdc8d41b2bc9f9dd16ff54d3c34ffd71
u01-s012-v008,question,optionAnalysis[2].reason,4,12,bf8612be1d2c5fa8c117ac9ad735ec0a6c602f863275fe9b58c259c4b5f43339
u01-s012-v008,question,optionAnalysis[3].choice,2,2,a68b412c4282555f15546cf6e1fc42893b7e07f271557ceb021821098dd66c1b
u01-s012-v008,question,optionAnalysis[3].reason,9,13,079dd163a657ec707320f2bcf92b211c8d0e21544cd9733574bff6902153dd6f
u01-s012-v008,question,commonMistake,12,34,dc1b253f89e186b522766e4b6a8ff49fd21b3428f797381799a41a157740dfd0
u01-s012-v008,question,concept,12,34,0f13c55d45b9a99fd665258401722334fc8d7ea309754e44e80a5dab59c3b28c
u01-s012-v008,question,tags[0],3,9,fd41540cbdbecb9b5fa7116d27c68e378548ab62ab7c7ca4494730a81ea87667
u01-s012-v008,question,tags[1],5,15,75f62828e57a80ef8a892cd1b8e2d80a8465a14e7c5dea9381d012bac8d61ad2
u01-s012-v008,question,tags[2],8,8,d21f85ea38166303ce58e06134b5cc4a5c900c409ab2a500ff7c9225109a09bb
u01-s012-v008,question,estimatedTimeSec,2,2,39fa9ec190eee7b6f4dff1100d6343e10918d044c75eac8f9e9a2596173f80c9
u01-s012-v008,question,prerequisiteSkillIds[0],24,24,e13a3f394515dbd063b6e19ec01bfec5c72b5d6ae6fec2e046d3752279a6035c
u01-s012-v008,question,authoringIntent,10,30,73ed648038b6fbac464890283d6425d564a3b126021149800f3a2cee5a906349
u01-s012-v008,question,reviewStatus,22,22,ec809598e2f7fcc69fad54c9cd045bba62b4a0dc7c0ff90d4efdc3788c9ad8fb
u01-s012-v008,question,contentSha256,64,64,60873a137afad5839ae836df2dcbf7a406fab049a6e5024ca7000ad5e09e0b90
u01-s012-v008,question,contentAuthority,25,25,ed40f75ffe3d6ad4e71f6e7919d063410490de360edb425965eccd605ca9d79e
u01-s012-v009,question,questionId,13,13,24a916d776fc8bae98335188220ccd86360e42868d01ea2ac4e6b0defc5836dc
u01-s012-v009,question,unitId,3,3,2055254ee30aaae13b777732834c89d7f799015d3af13b62fe05aeef8c3e0eaa
u01-s012-v009,question,topicId,21,21,6c2d9a40ebadba3338b6f5bafbe66da4ac6d33592472b5b2f23ccc9fa1c80ebb
u01-s012-v009,question,skillId,24,24,3b506eb2691a5267e26e8f2d58a55f41602c3f8c1c3853718ce477a3337b6166
u01-s012-v009,question,difficulty,8,8,d21f85ea38166303ce58e06134b5cc4a5c900c409ab2a500ff7c9225109a09bb
u01-s012-v009,question,type,2,2,6bc0f9c4ecb0acbebf1b9f6c816bdd66f4885f67c917d9e141cf893014fba936
u01-s012-v009,question,visualMode,9,9,9c7d54b0bf7a9369d8594201c7b11955514343809d09fbec33966c1fd9794015
u01-s012-v009,question,sourceScope,19,19,a4b669ddb8ef1883391c07a7b633f12eeaeecee7ec37c09eea4931aff6644346
u01-s012-v009,question,text,21,42,5126d5d3b778d9d30f931a7160aeac258b97e11356b9a37f80ee36093fb117f1
u01-s012-v009,question,choices[0],2,2,c2356069e9d1e79ca924378153cfbbfb4d4416b1f99d41a2940bfdb66c5319db
u01-s012-v009,question,choices[1],1,1,2c624232cdd221771294dfbb310aca000a0df6ac8b66b696d90ef06fdefb64a3
u01-s012-v009,question,choices[2],3,3,628eee823448ed34c634b578436a53dcbb6559f18b696db721fb25ab0aa1fb4b
u01-s012-v009,question,choices[3],1,1,5feceb66ffc86f38d952786c6d696c79c2dbc239dd4e91b46729d73a27fb57e9
u01-s012-v009,question,explanation,37,53,2522ec432801675e08c89f14bbafd4aae837bee0e0c87ff04c94f9d5ef903fc5
u01-s012-v009,question,steps[0],7,17,e62acde7d8160273baece5a4e8593c514ee9775b09562e801667b65c21f7c848
u01-s012-v009,question,steps[1],7,17,a4b4dff296ffdf84e9041f107541dd5af8f7970aa263c6786fea6cf85a5d4db0
u01-s012-v009,question,steps[2],8,10,589d611842f357037c0df857d53ec48275cb2d485d74610798f9442e9ac08b6c
u01-s012-v009,question,optionAnalysis[0].choice,2,2,c2356069e9d1e79ca924378153cfbbfb4d4416b1f99d41a2940bfdb66c5319db
u01-s012-v009,question,optionAnalysis[0].reason,11,13,ce45721509b2b12269e83ae36f8f6e2cd7fd36d79e4e8622cf507c021388354e
u01-s012-v009,question,optionAnalysis[1].choice,1,1,2c624232cdd221771294dfbb310aca000a0df6ac8b66b696d90ef06fdefb64a3
u01-s012-v009,question,optionAnalysis[1].reason,5,15,fd4be8aef3c000681f55df1ae15e368d85a23ed246b1d72a95a52e96866ac9cc
u01-s012-v009,question,optionAnalysis[2].choice,3,3,628eee823448ed34c634b578436a53dcbb6559f18b696db721fb25ab0aa1fb4b
u01-s012-v009,question,optionAnalysis[2].reason,5,15,d5caf01752e721ea7388a8ed518ce7307d055913c17e526267abb93558543831
u01-s012-v009,question,optionAnalysis[3].choice,1,1,5feceb66ffc86f38d952786c6d696c79c2dbc239dd4e91b46729d73a27fb57e9
u01-s012-v009,question,optionAnalysis[3].reason,7,21,d2901afd82839a9502b9f442dd5bf8a5e6d35396831f04e570d841a435803ce7
u01-s012-v009,question,commonMistake,16,43,8083948feb380c7f8e4cbac8f1f04401d24419c8219f2d8e6bfe3cc0d892c336
u01-s012-v009,question,concept,13,39,25e3f3e41f4d5a7328bf33c621d4bed20e58e9e47be2f9bce27f444231d32fc0
u01-s012-v009,question,tags[0],3,9,fd41540cbdbecb9b5fa7116d27c68e378548ab62ab7c7ca4494730a81ea87667
u01-s012-v009,question,tags[1],5,15,75f62828e57a80ef8a892cd1b8e2d80a8465a14e7c5dea9381d012bac8d61ad2
u01-s012-v009,question,tags[2],8,8,d21f85ea38166303ce58e06134b5cc4a5c900c409ab2a500ff7c9225109a09bb
u01-s012-v009,question,estimatedTimeSec,2,2,39fa9ec190eee7b6f4dff1100d6343e10918d044c75eac8f9e9a2596173f80c9
u01-s012-v009,question,prerequisiteSkillIds[0],24,24,e13a3f394515dbd063b6e19ec01bfec5c72b5d6ae6fec2e046d3752279a6035c
u01-s012-v009,question,authoringIntent,12,36,9b1a0bacd926c51bd00c73713a0aaf55f048f98b0d0f2513ca1b1ce78260844d
u01-s012-v009,question,reviewStatus,22,22,ec809598e2f7fcc69fad54c9cd045bba62b4a0dc7c0ff90d4efdc3788c9ad8fb
u01-s012-v009,question,contentSha256,64,64,94e46fc348df542a189ca7d77acc3ac87eb0cc07b522760239eaa326a80de008
u01-s012-v009,question,contentAuthority,25,25,ed40f75ffe3d6ad4e71f6e7919d063410490de360edb425965eccd605ca9d79e
u01-s012-v010,question,questionId,13,13,4a30da3062cc5853e8d47514d2278cf15f040aff95be955c393409b241ae165a
u01-s012-v010,question,unitId,3,3,2055254ee30aaae13b777732834c89d7f799015d3af13b62fe05aeef8c3e0eaa
u01-s012-v010,question,topicId,21,21,6c2d9a40ebadba3338b6f5bafbe66da4ac6d33592472b5b2f23ccc9fa1c80ebb
u01-s012-v010,question,skillId,24,24,3b506eb2691a5267e26e8f2d58a55f41602c3f8c1c3853718ce477a3337b6166
u01-s012-v010,question,difficulty,8,8,578756ca4aa16d8872610a5aaa78460fd30fbe93379ff7284fe65d66ca606755
u01-s012-v010,question,type,2,2,6bc0f9c4ecb0acbebf1b9f6c816bdd66f4885f67c917d9e141cf893014fba936
u01-s012-v010,question,visualMode,9,9,9c7d54b0bf7a9369d8594201c7b11955514343809d09fbec33966c1fd9794015
u01-s012-v010,question,sourceScope,19,19,a4b669ddb8ef1883391c07a7b633f12eeaeecee7ec37c09eea4931aff6644346
u01-s012-v010,question,text,47,125,b1ed131caaa8b593af510240ff631599cf1803abfc42bc1c353ce1cddbdedda7
u01-s012-v010,question,choices[0],4,6,d611ddd48f7c644d1dbdc041241a7e85fa28685fd91fa0f2fc547eb8e71d0b86
u01-s012-v010,question,choices[1],5,7,443baea796944cd4909f880cf1fcce4d586cc315c3f896368e4f6625fc287991
u01-s012-v010,question,choices[2],4,6,a8d93a17f2696467ddf4dc76335872fd2134c4f6b72f2c00b545659b3444ccdf
u01-s012-v010,question,choices[3],5,7,ea44d8ce7eea38b5b3911b20eaba22530bd7f29de1a82e7e0d15d8a4ccb35683
u01-s012-v010,question,explanation,19,43,a9a6bce0cb1ed40c89bf9012952cc776f360d73beb95e9ba6f1ef21ff5f58f68
u01-s012-v010,question,steps[0],4,10,9aca36aa984b7e50637ad3782545cf76940be6379c49756e4984f4c0c3eb041e
u01-s012-v010,question,steps[1],10,26,e35997634e06ba7a82b11b732491719994a2cf14037e84dbb3a43a5e9cb65953
u01-s012-v010,question,steps[2],9,14,d1c5050c02424109a4fbe2dcb25965f5709fd838e035df96af01abb0f9a4a138
u01-s012-v010,question,optionAnalysis[0].choice,4,6,d611ddd48f7c644d1dbdc041241a7e85fa28685fd91fa0f2fc547eb8e71d0b86
u01-s012-v010,question,optionAnalysis[0].reason,5,11,39cce1906992e134edf9117f545e85876cd49821635737b6d9185a63df654ff9
u01-s012-v010,question,optionAnalysis[1].choice,5,7,443baea796944cd4909f880cf1fcce4d586cc315c3f896368e4f6625fc287991
u01-s012-v010,question,optionAnalysis[1].reason,7,11,3e00f53aaea72458ba2fc8fd51bbcca4852cf88b1ad99978a6ef463567882deb
u01-s012-v010,question,optionAnalysis[2].choice,4,6,a8d93a17f2696467ddf4dc76335872fd2134c4f6b72f2c00b545659b3444ccdf
u01-s012-v010,question,optionAnalysis[2].reason,6,16,821a91f35da29fd1847891a09c4c71c445519db0035e7f5ce4a16e605235e83b
u01-s012-v010,question,optionAnalysis[3].choice,5,7,ea44d8ce7eea38b5b3911b20eaba22530bd7f29de1a82e7e0d15d8a4ccb35683
u01-s012-v010,question,optionAnalysis[3].reason,6,18,13f0276a0e33cacaacebb0e6047286b8ac7405ad1d069fdcf5fd6c716d1fd44c
u01-s012-v010,question,commonMistake,17,49,9d7e38eb8e85e0dfbb63af94c92309abb96f98ff4eb9bd3478e765dbf666216c
u01-s012-v010,question,concept,13,37,6fca98e10d04a7fda57fba9b129c5b4e0e5a26864c999d93c6149d961991bf57
u01-s012-v010,question,tags[0],3,9,fd41540cbdbecb9b5fa7116d27c68e378548ab62ab7c7ca4494730a81ea87667
u01-s012-v010,question,tags[1],5,15,75f62828e57a80ef8a892cd1b8e2d80a8465a14e7c5dea9381d012bac8d61ad2
u01-s012-v010,question,tags[2],8,8,578756ca4aa16d8872610a5aaa78460fd30fbe93379ff7284fe65d66ca606755
u01-s012-v010,question,estimatedTimeSec,2,2,69f59c273b6e669ac32a6dd5e1b2cb63333d8b004f9696447aee2d422ce63763
u01-s012-v010,question,prerequisiteSkillIds[0],24,24,e13a3f394515dbd063b6e19ec01bfec5c72b5d6ae6fec2e046d3752279a6035c
u01-s012-v010,question,authoringIntent,12,36,96760990ef12f83f8cfbd2b2166089ee86e2288d082c3c827de48e5a7ba48c98
u01-s012-v010,question,literacyContextNecessity,22,66,5a187dad47ad5aeeb190f9b33a1a2b0541f4af5d5bfa398a9b4c691559ba7b60
u01-s012-v010,question,reviewStatus,22,22,ec809598e2f7fcc69fad54c9cd045bba62b4a0dc7c0ff90d4efdc3788c9ad8fb
u01-s012-v010,question,contentSha256,64,64,9f1c0bbba6575eae695cd8784cbfaac6bb2da34708f6bdb42bfaa569ea213f53
u01-s012-v010,question,contentAuthority,25,25,ed40f75ffe3d6ad4e71f6e7919d063410490de360edb425965eccd605ca9d79e
u01-s012-v011,question,questionId,13,13,33bc74c76cfc0ac5f960a386f93e8943ceabcbd7b2587f6cae8247692f19230d
u01-s012-v011,question,unitId,3,3,2055254ee30aaae13b777732834c89d7f799015d3af13b62fe05aeef8c3e0eaa
u01-s012-v011,question,topicId,21,21,6c2d9a40ebadba3338b6f5bafbe66da4ac6d33592472b5b2f23ccc9fa1c80ebb
u01-s012-v011,question,skillId,24,24,3b506eb2691a5267e26e8f2d58a55f41602c3f8c1c3853718ce477a3337b6166
u01-s012-v011,question,difficulty,8,8,578756ca4aa16d8872610a5aaa78460fd30fbe93379ff7284fe65d66ca606755
u01-s012-v011,question,type,2,2,6bc0f9c4ecb0acbebf1b9f6c816bdd66f4885f67c917d9e141cf893014fba936
u01-s012-v011,question,visualMode,9,9,9c7d54b0bf7a9369d8594201c7b11955514343809d09fbec33966c1fd9794015
u01-s012-v011,question,sourceScope,19,19,a4b669ddb8ef1883391c07a7b633f12eeaeecee7ec37c09eea4931aff6644346
u01-s012-v011,question,text,33,91,c1668b8825556c26280105687eb29a52f878ea9a8c8430e966ccf62ef1274dcc
u01-s012-v011,question,choices[0],12,21,90d24cc5d2ef1be705b5ef01fcc72a604d066ef2edc34c894b47125e74e3c7be
u01-s012-v011,question,choices[1],14,23,ac07c4bb3faed3d1f1bbd85cda5b8274307ed471ccb4b8594dbe760b41c80a18
u01-s012-v011,question,choices[2],12,21,282f40c538ab79156efd2e6eeb023955faf664b0b29c1c1bd3b8f7fd814d9ffb
u01-s012-v011,question,choices[3],14,24,a8adbb87f756d8151266b1fefb0e85662a4cc67efe8cb17258f36448fb13e9c5
u01-s012-v011,question,explanation,24,54,42349dadc5135c688a24b99b714e89d7ad49312667591a1ccd1ea369ad70f27d
u01-s012-v011,question,steps[0],11,33,ce682b0fe9d186c0f536aa5d8b490d49e3b65899ca8b7490399350f54aa3619d
u01-s012-v011,question,steps[1],5,10,12b7f466735017cd0a8792959c750de84efa6d4655263c7f3df906bdad327836
u01-s012-v011,question,steps[2],6,12,24293b08702ac064eb0f5c396aa512a534fdca71247bfb0b1aa82b8b92dc0c0c
u01-s012-v011,question,optionAnalysis[0].choice,12,21,90d24cc5d2ef1be705b5ef01fcc72a604d066ef2edc34c894b47125e74e3c7be
u01-s012-v011,question,optionAnalysis[0].reason,11,31,1cf1d47ca542452ed98b9100dc600792d3ace9c69d7a3857841fba24332bae6a
u01-s012-v011,question,optionAnalysis[1].choice,14,23,ac07c4bb3faed3d1f1bbd85cda5b8274307ed471ccb4b8594dbe760b41c80a18
u01-s012-v011,question,optionAnalysis[1].reason,11,33,1a9478b99c968288f5784e2d27a265a645664fc2889d428b353503a7a021d67f
u01-s012-v011,question,optionAnalysis[2].choice,12,21,282f40c538ab79156efd2e6eeb023955faf664b0b29c1c1bd3b8f7fd814d9ffb
u01-s012-v011,question,optionAnalysis[2].reason,18,30,757438c67474c9ac7d6e56beabb181c72d799fb77abba8ff4b754e59b625c7ba
u01-s012-v011,question,optionAnalysis[3].choice,14,24,a8adbb87f756d8151266b1fefb0e85662a4cc67efe8cb17258f36448fb13e9c5
u01-s012-v011,question,optionAnalysis[3].reason,9,27,17ae750cfb369e8bfabb9215508b45a6a6585120b3683cf0125657ecdde23baf
u01-s012-v011,question,commonMistake,10,28,545dcb0e3cc898f2e4346960f3cba53a22018124b7f61b8c473a9bf53d1f390d
u01-s012-v011,question,concept,13,39,84055f3e32e2ef9cf56de58db0f6e67dfc57281b9d339c6699436b37795e5ad0
u01-s012-v011,question,tags[0],3,9,fd41540cbdbecb9b5fa7116d27c68e378548ab62ab7c7ca4494730a81ea87667
u01-s012-v011,question,tags[1],5,15,75f62828e57a80ef8a892cd1b8e2d80a8465a14e7c5dea9381d012bac8d61ad2
u01-s012-v011,question,tags[2],8,8,578756ca4aa16d8872610a5aaa78460fd30fbe93379ff7284fe65d66ca606755
u01-s012-v011,question,estimatedTimeSec,2,2,69f59c273b6e669ac32a6dd5e1b2cb63333d8b004f9696447aee2d422ce63763
u01-s012-v011,question,prerequisiteSkillIds[0],24,24,e13a3f394515dbd063b6e19ec01bfec5c72b5d6ae6fec2e046d3752279a6035c
u01-s012-v011,question,authoringIntent,12,36,cb663565bc3ef9136c5c7b3eed53b4dd3be670f8f68723f1af279461fcbb8799
u01-s012-v011,question,literacyContextNecessity,23,69,c3433d4a5093135c5cbcc760c15cc164ba0e878bcd70548880e0bdac7ae57167
u01-s012-v011,question,reviewStatus,22,22,ec809598e2f7fcc69fad54c9cd045bba62b4a0dc7c0ff90d4efdc3788c9ad8fb
u01-s012-v011,question,contentSha256,64,64,dca5b8f92a12c4e9b4c2f37b5e7e4ba2355ebfa1dd3338efa68dfdad6e510e78
u01-s012-v011,question,contentAuthority,25,25,ed40f75ffe3d6ad4e71f6e7919d063410490de360edb425965eccd605ca9d79e
u01-s012-v012,question,questionId,13,13,12835e2a6da881342b40703f8aced5f633f94ca4fec61d9e9c4edf47a0f57bc3
u01-s012-v012,question,unitId,3,3,2055254ee30aaae13b777732834c89d7f799015d3af13b62fe05aeef8c3e0eaa
u01-s012-v012,question,topicId,21,21,6c2d9a40ebadba3338b6f5bafbe66da4ac6d33592472b5b2f23ccc9fa1c80ebb
u01-s012-v012,question,skillId,24,24,3b506eb2691a5267e26e8f2d58a55f41602c3f8c1c3853718ce477a3337b6166
u01-s012-v012,question,difficulty,8,8,578756ca4aa16d8872610a5aaa78460fd30fbe93379ff7284fe65d66ca606755
u01-s012-v012,question,type,2,2,6bc0f9c4ecb0acbebf1b9f6c816bdd66f4885f67c917d9e141cf893014fba936
u01-s012-v012,question,visualMode,9,9,9c7d54b0bf7a9369d8594201c7b11955514343809d09fbec33966c1fd9794015
u01-s012-v012,question,sourceScope,19,19,a4b669ddb8ef1883391c07a7b633f12eeaeecee7ec37c09eea4931aff6644346
u01-s012-v012,question,text,40,96,bfa85e234cb342d6ed6e89c2b278d2e2df5989fa323f5765fbbfa370f9bfc753
u01-s012-v012,question,choices[0],4,6,b43298f9270286977cd94a72f7ee38b563e42de9919e698df1ff919fb9da4604
u01-s012-v012,question,choices[1],5,7,2d9ad23e62d3fe41e8cf2a10755af09c55d0b7919381e2b7117792aa064fb8ca
u01-s012-v012,question,choices[2],5,7,77038a50d3298780835ca3711dfababa79e00cbc060750e408a681dee837be42
u01-s012-v012,question,choices[3],7,9,58cf4320655b6b6882ab99d462aa049ab1bf2320a73cd77118c62578cfdd3046
u01-s012-v012,question,explanation,27,48,8996e109f1b5ee7bf358691c524682342113d681d357fc757eee713d51444f28
u01-s012-v012,question,steps[0],8,20,f39914433485057be577b31b58fcbc54b97353cd28ae15c5f6fa02129705f5a8
u01-s012-v012,question,steps[1],5,10,a332ee77ecb43e031b493ec5d38b6915d99fb6295a160c4068dca7223b6023c9
u01-s012-v012,question,steps[2],7,13,1a8e169b01489a71d607f66685f32c8a432414cb1e347873364334e081e98d24
u01-s012-v012,question,optionAnalysis[0].choice,4,6,b43298f9270286977cd94a72f7ee38b563e42de9919e698df1ff919fb9da4604
u01-s012-v012,question,optionAnalysis[0].reason,8,20,02213e3d6b28d63d758f3bf5f822817a3e6d9a624309bdfe64e89e758d0401a8
u01-s012-v012,question,optionAnalysis[1].choice,5,7,2d9ad23e62d3fe41e8cf2a10755af09c55d0b7919381e2b7117792aa064fb8ca
u01-s012-v012,question,optionAnalysis[1].reason,7,17,073371c4740752953be1646768ab857cc37c068bd30f7d94c29755b1eb7da517
u01-s012-v012,question,optionAnalysis[2].choice,5,7,77038a50d3298780835ca3711dfababa79e00cbc060750e408a681dee837be42
u01-s012-v012,question,optionAnalysis[2].reason,5,15,14e137db956dafe9a5c574a0bb0bfb6b6e804365a5605cfd64d36cb4b6454a84
u01-s012-v012,question,optionAnalysis[3].choice,7,9,58cf4320655b6b6882ab99d462aa049ab1bf2320a73cd77118c62578cfdd3046
u01-s012-v012,question,optionAnalysis[3].reason,14,18,8f47e5a65e8cd1b159d6de0cefc4f5f88a6cdd4089a3467297fb38c1bfc3dac6
u01-s012-v012,question,commonMistake,16,31,c2665366b4c744d3b4b6a75dd7f2545591c999698a7bedc5b5173663ae39dd3e
u01-s012-v012,question,concept,14,42,f0ce781df87e4b2d4db139a16e745f6d6a26cc2f727c680f0b7c964ab7f0bc32
u01-s012-v012,question,tags[0],3,9,fd41540cbdbecb9b5fa7116d27c68e378548ab62ab7c7ca4494730a81ea87667
u01-s012-v012,question,tags[1],5,15,75f62828e57a80ef8a892cd1b8e2d80a8465a14e7c5dea9381d012bac8d61ad2
u01-s012-v012,question,tags[2],8,8,578756ca4aa16d8872610a5aaa78460fd30fbe93379ff7284fe65d66ca606755
u01-s012-v012,question,estimatedTimeSec,2,2,69f59c273b6e669ac32a6dd5e1b2cb63333d8b004f9696447aee2d422ce63763
u01-s012-v012,question,prerequisiteSkillIds[0],24,24,e13a3f394515dbd063b6e19ec01bfec5c72b5d6ae6fec2e046d3752279a6035c
u01-s012-v012,question,authoringIntent,13,34,49fa2be6e2e92a025cbbce6aa157a0030ecd3241d40c41106ccace24da9d64f6
u01-s012-v012,question,literacyContextNecessity,20,60,79ab5c52d841813699dc29e4568a0a48bd2a632cf7d244457a5903966a7ed784
u01-s012-v012,question,reviewStatus,22,22,ec809598e2f7fcc69fad54c9cd045bba62b4a0dc7c0ff90d4efdc3788c9ad8fb
u01-s012-v012,question,contentSha256,64,64,92b99f1925bc5e3340e3fdab9c6caf1dfa0092d86bc04ef3ac1b9c724331f9ec
u01-s012-v012,question,contentAuthority,25,25,ed40f75ffe3d6ad4e71f6e7919d063410490de360edb425965eccd605ca9d79e
u01-s012-cr001,question,questionId,14,14,789384e961edd0f4d888d18c49ff612fd9d79798935a40affe33bbccc968be45
u01-s012-cr001,question,unitId,3,3,2055254ee30aaae13b777732834c89d7f799015d3af13b62fe05aeef8c3e0eaa
u01-s012-cr001,question,topicId,21,21,6c2d9a40ebadba3338b6f5bafbe66da4ac6d33592472b5b2f23ccc9fa1c80ebb
u01-s012-cr001,question,skillId,24,24,3b506eb2691a5267e26e8f2d58a55f41602c3f8c1c3853718ce477a3337b6166
u01-s012-cr001,question,difficulty,8,8,fe6d3468cf5c74d8ec2a95b40f2e05338c37a4202f8fad692d2b64a9cf9b468a
u01-s012-cr001,question,type,20,20,e519496c259191db041ac61161dbfadb673dd94a10a123ed7423adcf7968ae7c
u01-s012-cr001,question,visualMode,9,9,9c7d54b0bf7a9369d8594201c7b11955514343809d09fbec33966c1fd9794015
u01-s012-cr001,question,prompt,35,84,e8900af5d10f84926ec78e08d1e24956d2f9b6f0d0e8a06dde85305d17349d69
u01-s012-cr001,question,requiredWork[0],12,36,5e677c05888749880e7f68dc2e3ed8bfcf65ff5c7a40155baa78210b9028903c
u01-s012-cr001,question,requiredWork[1],11,33,fc7def1c53ff61b9513265e77dfc2619ae5e3a420726f2fae6f7b6dc6f7b3900
u01-s012-cr001,question,fullCreditSolution[0],9,13,2fb84413e125536d90aebe87eab69023f2fd0294d83cbe32afea4ff04c10897e
u01-s012-cr001,question,fullCreditSolution[1],14,20,e4720eab08fa8ca8ec0b02ccb937543ac81022cf233c24ad39d9a3dc2b2a9754
u01-s012-cr001,question,fullCreditSolution[2],10,13,835b3c94f68e5e55a2239b0307c4d04ae36a9833c747a89ffe9920fcbbaa2a35
u01-s012-cr001,question,fullCreditSolution[3],16,28,c7d64be1cc21d37246916595d1a8a3cacc707852e45c7da8a7474e5c4071e9f9
u01-s012-cr001,question,alternativeSolutions[0],21,63,ae77dcb3b13049efb9ec277670fbe57079de0801742ae5b6b7a90336cf4df3bd
u01-s012-cr001,question,rubric[0].criteria,17,51,7cc39d6645c5e13b40386d05b60af64cc76ba9234a20d82b881b9fd17febd29e
u01-s012-cr001,question,rubric[1].criteria,19,57,2fffc9f94723e63d90aaffd490a87ce957307af1b842a7b0045e2d30dfc7bbda
u01-s012-cr001,question,rubric[2].criteria,16,36,795d00a3b12c202726797d41371d4a22cc313a963501f21c84286e0adf1d76e7
u01-s012-cr001,question,rubric[3].criteria,8,24,1a8a188f8941d490e07bf25a1a5b8d09aef973fd370ca085eb571dc7feff8d67
u01-s012-cr001,question,scoringNotes[0],9,27,0780bbf4e6383c0dc8b2bd9c10e6508b018fe55ace63395425f75ba357f02e5a
u01-s012-cr001,question,commonErrors[0],8,16,3c0cdafbef021b17d2c4980680168f8a426e988b6fa1426a6573c2453d41dd7c
u01-s012-cr001,question,commonErrors[1],10,17,ba06ca81644c1caf64081f4c0a7fd38a17221257f8db59dc42839e9ea978c61b
u01-s012-cr001,question,commonErrors[2],8,24,da1387084905f5e389f86560c4f4ab96f7909c4d2171bbfbc8a723ec5495dfa3
u01-s012-cr001,question,independentReview.derivedResult,22,30,68798497e2eb969a3a16c5f139153a2b4ebd3aae990e77c50b9feda941d4c006
u01-s012-cr001,question,independentReview.ambiguity,4,4,140bedbf9c3f6d56a9846d2ba7088798683f4da0c248231336e6a05679e4fdfe
u01-s012-cr001,question,independentReview.decision,4,4,d74ff0ee8da3b9806b18c877dbf29bbde50b5bd8e4dad7a3a725000feb82e8f1
u01-s012-cr001,question,contentSha256,64,64,d4506a50cea5c0cae1d03bb90ab62d9c4d635c12055649c658c6b9da50e6a400
u01-s012-cr001,question,contentAuthority,25,25,ed40f75ffe3d6ad4e71f6e7919d063410490de360edb425965eccd605ca9d79e
u01-s012-cr002,question,questionId,14,14,dd03fb187c78872acd36adb45b34cd2effd8a26a6d1379d8cf9716d80a752ede
u01-s012-cr002,question,unitId,3,3,2055254ee30aaae13b777732834c89d7f799015d3af13b62fe05aeef8c3e0eaa
u01-s012-cr002,question,topicId,21,21,6c2d9a40ebadba3338b6f5bafbe66da4ac6d33592472b5b2f23ccc9fa1c80ebb
u01-s012-cr002,question,skillId,24,24,3b506eb2691a5267e26e8f2d58a55f41602c3f8c1c3853718ce477a3337b6166
u01-s012-cr002,question,difficulty,8,8,d21f85ea38166303ce58e06134b5cc4a5c900c409ab2a500ff7c9225109a09bb
u01-s012-cr002,question,type,20,20,e519496c259191db041ac61161dbfadb673dd94a10a123ed7423adcf7968ae7c
u01-s012-cr002,question,visualMode,9,9,9c7d54b0bf7a9369d8594201c7b11955514343809d09fbec33966c1fd9794015
u01-s012-cr002,question,prompt,69,179,8f175ea8395746d99671f241f0ffcb934bf45f85a807b5a1a372694009102235
u01-s012-cr002,question,requiredWork[0],11,27,fca476eb015eb419f03c7d8f7be6310903a5ab01b8f4f48b4ad30dfd3ecd9d3d
u01-s012-cr002,question,requiredWork[1],6,16,7464aba63a084eb734afd89237a2ccf73a4f79ea24cd7e51291b50242c0f72d0
u01-s012-cr002,question,requiredWork[2],11,31,b842a8742b5bf7f7c7d2ac94c7b2355c4371890248e539e082161e83e42d8ed5
u01-s012-cr002,question,fullCreditSolution[0],9,18,8c08e19374ad0f6980ea2ea4f7111b9cad98028d57cad1866adc0034251f1180
u01-s012-cr002,question,fullCreditSolution[1],23,59,4ca6f7a1e75d8f190d7d7c2f0bb5ffdbd631c99102cf90b09d2502cab053ddf2
u01-s012-cr002,question,fullCreditSolution[2],7,11,f04da3d4fbb8c6fed91bc307c7a3104c87cfafcaf84c8329a6acdad81b54c41a
u01-s012-cr002,question,alternativeSolutions[0],18,36,2e6a233987f1e20d76257eccd91dd5b7f64c0cee8a90ac9eb52b70f708d85ac3
u01-s012-cr002,question,rubric[0].criteria,16,40,218c14defc54a10d355483692003c68ad8b57f88f5d76f9226632da8ac6012c7
u01-s012-cr002,question,rubric[1].criteria,12,36,44cd9d82bda06bc163abdf6daf775cdd04e43c12c870ba03b5c0f79c738f323b
u01-s012-cr002,question,rubric[2].criteria,15,43,80038ee6ddb872d4d3759ce5654b181cea9385bb4c6064a7a31dadf85bb627ca
u01-s012-cr002,question,rubric[3].criteria,10,23,10a1ddfde769baa5265280b8edd8f8b2327baefcea3d9857b1fac49da70f5aa7
u01-s012-cr002,question,scoringNotes[0],25,71,555aab1ea709ab90c1c2730aec8ed7b20d93c76981759b01eab3dc03b6190670
u01-s012-cr002,question,commonErrors[0],7,10,c9341886f2d5c0cb0225277ab91da2a674c420a7fc4d97a6a99956f1252e0666
u01-s012-cr002,question,commonErrors[1],7,19,d28f5e249085de349e072c161fea4843aafa4a4e6628af71d71d58e6a87ddc0b
u01-s012-cr002,question,commonErrors[2],7,19,09821163590f7c2746dc669e5e457022428bee87c9bf74999bc57ef92de853e3
u01-s012-cr002,question,independentReview.derivedResult,7,11,f04da3d4fbb8c6fed91bc307c7a3104c87cfafcaf84c8329a6acdad81b54c41a
u01-s012-cr002,question,independentReview.ambiguity,4,4,140bedbf9c3f6d56a9846d2ba7088798683f4da0c248231336e6a05679e4fdfe
u01-s012-cr002,question,independentReview.decision,4,4,d74ff0ee8da3b9806b18c877dbf29bbde50b5bd8e4dad7a3a725000feb82e8f1
u01-s012-cr002,question,contentSha256,64,64,b2ed78315554349b496787baafe8be3fe49bf44cb85ebe4e06b5aa608f5a3d0d
u01-s012-cr002,question,contentAuthority,25,25,ed40f75ffe3d6ad4e71f6e7919d063410490de360edb425965eccd605ca9d79e
u01-s013-lecture-r1,lecture,lectureId,19,19,9c861c0066cbfc98bb3d6dd13a5511e4136f49b9a3bbc96b0fce26ffc16c3d4e
u01-s013-lecture-r1,lecture,unitId,3,3,2055254ee30aaae13b777732834c89d7f799015d3af13b62fe05aeef8c3e0eaa
u01-s013-lecture-r1,lecture,topicId,21,21,6c2d9a40ebadba3338b6f5bafbe66da4ac6d33592472b5b2f23ccc9fa1c80ebb
u01-s013-lecture-r1,lecture,skillId,21,21,7b00b19a489da427db28315d822ef95d4808ac16f2df36e74e1c5570b7d4b5bc
u01-s013-lecture-r1,lecture,title,14,42,4e00666a97dcbafb5c83f9d772248b834c7cb147c473f7cc78132dda65916af5
u01-s013-lecture-r1,lecture,audience,10,30,e6b4416fbd9f36797de01256b31a4d6f6314e126fde8495e25792c814f64fc5f
u01-s013-lecture-r1,lecture,reviewStatus,22,22,ec809598e2f7fcc69fad54c9cd045bba62b4a0dc7c0ff90d4efdc3788c9ad8fb
u01-s013-lecture-r1,lecture,learningOutcomes[0],13,39,f1692a8a4fb32d916031e6e3656c53a10390b14e88fe3592e7e603bb403b1773
u01-s013-lecture-r1,lecture,learningOutcomes[1],13,39,44c41505e3f62d1c42c357afb9bc6be5ee73160e1b81c01a6a8d33c07cbbb1c6
u01-s013-lecture-r1,lecture,learningOutcomes[2],8,24,e82f1cc48f14dbbc609a5d76d9809909e21cdb2d8da040ecdbb12ca1dfc1e851
u01-s013-lecture-r1,lecture,learningOutcomes[3],15,45,556df7e4cc3fe4c476f5a5645c453e68148156bb8a1c63d4b15f09191354f192
u01-s013-lecture-r1,lecture,learningOutcomes[4],17,51,a1c1700c98e719888886c61d2ca8e8c5d907e565718f2dd0d27a16976c7f8feb
u01-s013-lecture-r1,lecture,prerequisites[0].skillId,24,24,3b506eb2691a5267e26e8f2d58a55f41602c3f8c1c3853718ce477a3337b6166
u01-s013-lecture-r1,lecture,prerequisites[0].requiredLevel,25,75,ca09ad5f8404433faf73cabf5178bfff39d36a42e0a82d4d1082825f3104ee11
u01-s013-lecture-r1,lecture,glossary[0].term,3,9,07b59b5b228d07f8cc901bc45233cbf635c1cc02200f882f6d7cbe9a1ad6a488
u01-s013-lecture-r1,lecture,glossary[0].definition,17,51,f3c5cbd89cdd9fdb04cae527ac8fb76938256ed08709f36e08061c3690a1932b
u01-s013-lecture-r1,lecture,glossary[1].term,4,12,f675c0c8f06e0c9e6d3b370a1a7d015dd1209be1b6209f27a54a3e5d595526e5
u01-s013-lecture-r1,lecture,glossary[1].definition,18,44,1dc76199a5e61153506c38babc3c2106beca34a2436a4006d71a65cc9e2624fc
u01-s013-lecture-r1,lecture,glossary[2].term,4,12,e1c461b57ed0afc0d799b6ad6f46c3d1254d6f3cd4b042ec763df01044cb8a29
u01-s013-lecture-r1,lecture,glossary[2].definition,15,45,175dbe7a2eb1f661ed7d99f212631176c72490f4d591897198be79312bd4361d
u01-s013-lecture-r1,lecture,glossary[3].term,4,12,95ca3060baa903dd442b47d0650e2f8b343352226f44a6e979d59382d8611150
u01-s013-lecture-r1,lecture,glossary[3].definition,22,66,28eea820788f5e166374f9ccc6f8ae0c8d107db683d1742bd64329e806e9af21
u01-s013-lecture-r1,lecture,glossary[4].term,4,12,c5480145a0ec1b533983b5c6d167fba35b744865e686947c02a01857bc4452e1
u01-s013-lecture-r1,lecture,glossary[4].definition,21,49,a2234194a78883718d4f299818ebc71213192ed4e00149e9e5bd343cd3eef283
u01-s013-lecture-r1,lecture,notation[0].symbol,5,10,f3c5be44f4b10f2c94bb595f3e55dc9e1191570193bd6f83cb0b6b943d8f3d89
u01-s013-lecture-r1,lecture,notation[0].meaning,6,18,cf4624d0a53ab12cb21378acb468e4e90ad8301eed43a08f7da88310a47a4485
u01-s013-lecture-r1,lecture,notation[1].symbol,5,10,5ff0221a06de3ef65c3ffc6c003644bbc9ed0986a6ed676b1d89c26435dd8d87
u01-s013-lecture-r1,lecture,notation[1].meaning,10,26,fbc86eb603366a464196b02ccd97ecc0552cfd4def464dbb2e25181038fb4c93
u01-s013-lecture-r1,lecture,notation[2].symbol,5,9,34572857130a2aef594f50b8615a71a28263ca299b8ce1e991598d49636989a5
u01-s013-lecture-r1,lecture,notation[2].meaning,5,15,aeab8e6af0c398e8bb4bf2eae263fd622d7b9d9cfb585c1a1b969e8a84ed9b87
u01-s013-lecture-r1,lecture,conceptNarrative[0],28,59,05af23c32d1ec63780ac2ae19c07b4acc293340dacd28531f1a247e3ae9aa7ac
u01-s013-lecture-r1,lecture,conceptNarrative[1],40,93,95161bd740960215908d500f6121321cb0061020fed2c0934ebc666a6cc0f7e7
u01-s013-lecture-r1,lecture,conceptNarrative[2],38,82,649e6509068af273c1cb724bbcca20eadce61a7bd141d820954421b5df3bfa06
u01-s013-lecture-r1,lecture,conceptNarrative[3],33,91,a2432ddaf2b20fd83c0472cdedfa22a7d50a73cc554886d79ab9f7e212f7c41c
u01-s013-lecture-r1,lecture,formalDefinitions[0].name,5,15,899f1b7082d1928811647778af74402417fca00bd6ded742a0c0b47fb450618e
u01-s013-lecture-r1,lecture,formalDefinitions[0].statement,11,24,59cbe92d4e57ce93f3b56e26cbeeb2a5e3a60d0338dd9eac95abaae40d9454a6
u01-s013-lecture-r1,lecture,formalDefinitions[1].name,5,15,748cacdbb916b06cfade9c3e231a4c55488df352d459d7839c2d20878387556a
u01-s013-lecture-r1,lecture,formalDefinitions[1].statement,26,59,e9e34eadb591826bf07ae3cbca9ed7a531cf9d8527586e0b5a08d82acbf2f08f
u01-s013-lecture-r1,lecture,formalDefinitions[2].name,4,12,f675c0c8f06e0c9e6d3b370a1a7d015dd1209be1b6209f27a54a3e5d595526e5
u01-s013-lecture-r1,lecture,formalDefinitions[2].statement,10,20,5ec081be933ccd1f8473fa3cb4bc3e3290eff22889161d58c037e0135ad0d682
u01-s013-lecture-r1,lecture,formalDefinitions[3].name,4,12,f496f964433226e027a74b291eddd324f51c1bcc07e696a529c3c1436b6cc74a
u01-s013-lecture-r1,lecture,formalDefinitions[3].statement,11,19,8ee4f303639c165168cb114fd7a29b9a52ea0e305279b6c42845ed6615f75a0c
u01-s013-lecture-r1,lecture,formulas[0].formula,10,21,07b1c4ca8509f1a36051194930cce1963dc1df2a35910e8b3881e30bdf4431e1
u01-s013-lecture-r1,lecture,formulas[0].conditions[0],6,18,aa1b2b6a94ff67bc67001a6483bae92b6a2a2776148586d183caa412935d6e73
u01-s013-lecture-r1,lecture,formulas[0].meaning,7,21,e7d1c66efa3c2bbef30da3f9062e6b0fc907d5f82795a2d9b0ff7384d0ef2f7a
u01-s013-lecture-r1,lecture,formulas[1].formula,10,21,7384d881dc90fe4ba66f746c8bf1f8f0019b6e8e0523b41d3ad8a7ac21ac64f5
u01-s013-lecture-r1,lecture,formulas[1].conditions[0],3,5,5e77216f112bbd32f0d522f21fb63bdc679d9688a4a98f77b04e8de5086d7660
u01-s013-lecture-r1,lecture,formulas[1].conditions[1],6,12,afe0b5eec673ca8dce32eefe5a2ed1efc34250c1e297726da410d0a21c0c92b8
u01-s013-lecture-r1,lecture,formulas[1].meaning,7,21,40dfa6c9fda69ba17e7ce26bc6affcc1bef5604b2781e8f439ccf1874cdd819d
u01-s013-lecture-r1,lecture,formulas[2].formula,9,17,b36f8d2a3a6df139fd1a7580c41332853dfff80a4726b25954726afcf67b0d8a
u01-s013-lecture-r1,lecture,formulas[2].conditions[0],8,18,22d7b899fdb785b4cf3999e580000bf0c5ec65f8af3f9a78bdc3f348db2b1900
u01-s013-lecture-r1,lecture,formulas[2].meaning,6,18,e67a26f5287ce2b5f6e4d69e94d2bddb3bfcd75d12a4b7639ec8ba9190d2b314
u01-s013-lecture-r1,lecture,formulas[3].formula,10,16,78740cc41084eb477ce66940b22357ccd6c3b6611e6e4c4aac0c3a6e13adef1c
u01-s013-lecture-r1,lecture,formulas[3].conditions[0],10,30,4a76f39f3a539184964234836d74f3f18ca46cd537ea5fecd4d09924f68997d5
u01-s013-lecture-r1,lecture,formulas[3].meaning,12,30,81f720e50a093fa87ded9461ffc4006ac9a4872e49f39a1829e03386ec5cffd4
u01-s013-lecture-r1,lecture,nonApplicableCases[0],17,43,800bffbd63e3bb57f28d4dc271fb6e5a61c4cc52fa39ab89c8e54357b0c67f4a
u01-s013-lecture-r1,lecture,nonApplicableCases[1],24,72,851b89799aee3722c1007070df594c2269896ee712dd65a37c3b49e89f6a2f63
u01-s013-lecture-r1,lecture,nonApplicableCases[2],14,38,8a35874ad22d0ac6fd9690736a3c01a8f3a6e82d4332412651af8af1a390dfdc
u01-s013-lecture-r1,lecture,nonApplicableCases[3],17,43,0e8de10e31a427d552e184812db0df244822f69c03950ec849eca7656d58b8ab
u01-s013-lecture-r1,lecture,method[0].instruction,18,54,9db570db6dac5f2ac582a7891b27ba3d081e64b6f66dba8c93b3f287c59daaa9
u01-s013-lecture-r1,lecture,method[0].check,12,36,e47ccfefc31e27cc35cfd1f7c539330206ee5a469bdaa0743869286d6e7e97cc
u01-s013-lecture-r1,lecture,method[1].instruction,11,33,0462eaea4320ba58e9da350d03bd9b00e65ae23ed489bb60e27a3505ca45b1d9
u01-s013-lecture-r1,lecture,method[1].check,10,30,896c91768b5962b8371a42200d7ea13010c64763db7f92a8e5f4956237c40ddb
u01-s013-lecture-r1,lecture,method[2].instruction,13,39,24e195daf89fefaf809282d3aa21ef95b6fbe7f71afa2b9aec45ac20c5de2b9c
u01-s013-lecture-r1,lecture,method[2].check,10,30,a8203132310b10139ece184d8034e1ea4c23f2fa63433bfe162d4c08e1e4515b
u01-s013-lecture-r1,lecture,method[3].instruction,10,30,c869c4ad8e180fda6ba748c37e07831c20ffad3868d05a08f55d5b34bcdda7ba
u01-s013-lecture-r1,lecture,method[3].check,15,29,a323b82ddcecfd63196f2ef71fb74bec3d5c45fb84ddccac626fad73c0cd0211
u01-s013-lecture-r1,lecture,method[4].instruction,10,30,2b017e3072915c7cff43b1c98b2cdd16bc4621a307cb9ba9e5c98d814e7a7585
u01-s013-lecture-r1,lecture,method[4].check,11,33,5f87fce6d3de641efc4f4929c6af1cd88ecdf84a919290672c511873fc0771c3
u01-s013-lecture-r1,lecture,workedExamples[0].exampleId,2,2,dffe8596427fc50e8f64654a609af134d45552f18bbecef90b31135a9e7acaa0
u01-s013-lecture-r1,lecture,workedExamples[0].prompt,9,19,594261bc518b1e54fa3fba613f1d4a641933ee8547a7789c739a4e443f33a04b
u01-s013-lecture-r1,lecture,workedExamples[0].solutionSteps[0],6,18,cf4624d0a53ab12cb21378acb468e4e90ad8301eed43a08f7da88310a47a4485
u01-s013-lecture-r1,lecture,workedExamples[0].solutionSteps[1],11,21,404d9033065605f0ec0fe587081356381f686f496c98c446a9ee95c9fe29cca2
u01-s013-lecture-r1,lecture,workedExamples[0].solutionSteps[2],6,14,2d1cabe550dc703fec7581d1ecb7c4a21555c256d6d311730ea9c397e2297200
u01-s013-lecture-r1,lecture,workedExamples[0].answer,3,7,506d9b4eb32dca91edcb0fb2418211dc348b13509de7396a1fcf448ae9cbe21f
u01-s013-lecture-r1,lecture,workedExamples[1].exampleId,2,2,d76354d8457898445bb69e0dc0dc95fb74cc3cf334f8c1859162a16ad0041f8d
u01-s013-lecture-r1,lecture,workedExamples[1].prompt,9,19,bb0d0eb64ae4a3966740bfd68126c963d8bde0cab736e0cd93914ec2c3d08c52
u01-s013-lecture-r1,lecture,workedExamples[1].solutionSteps[0],12,32,46884489b4361914e2e113088d5b344f09d314a0cbf2d5259f6f7cf1e1c06012
u01-s013-lecture-r1,lecture,workedExamples[1].solutionSteps[1],11,21,5fd9523d9fb668d583b984809aadbaf17f691d66705f8d10d0966de4770529e0
u01-s013-lecture-r1,lecture,workedExamples[1].solutionSteps[2],6,14,557f5c6bc5cc88a2cf4a2a6df561d9889ee40dc658a2329e2c0735c768e8cbbf
u01-s013-lecture-r1,lecture,workedExamples[1].answer,3,7,f7ccec3512fbeb0f27054e3ad60f28b167e6c2dbd63199edfee442804f1471ba
u01-s013-lecture-r1,lecture,workedExamples[2].exampleId,2,2,842983de8fb1d277a3fad5c8295c7a14317c458718a10c5a35b23e7f992a5c80
u01-s013-lecture-r1,lecture,workedExamples[2].prompt,9,18,d1c6e15f814259f4b146a7f8e9905dfc5c2871aabd1bd7ac0796965d158bf925
u01-s013-lecture-r1,lecture,workedExamples[2].solutionSteps[0],7,21,490d7cf02c079865981e80d559c477770764b0e7fd5ab7539c12722924aac647
u01-s013-lecture-r1,lecture,workedExamples[2].solutionSteps[1],12,23,0dd321e58e82e3db51c77c216c60c93fb3d61853593c945901a6a3566d60f89c
u01-s013-lecture-r1,lecture,workedExamples[2].solutionSteps[2],7,15,287c6a5c560c8e918ef2224361babf49a5410acd3710477da060e24f450eb547
u01-s013-lecture-r1,lecture,workedExamples[2].answer,4,8,a5fa14e4afb57da1d8ac664a41b7b307299c3495a2657f7d4ffe818198118be9
u01-s013-lecture-r1,lecture,workedExamples[3].exampleId,2,2,4a5a97c6433c4c062457e9335709d57493e75527809d8a9586c141e591ac9f2c
u01-s013-lecture-r1,lecture,workedExamples[3].prompt,9,19,89f2e383b457ccccbc15230213a575ebb189a0f153f95f88e559b49f55e02ad6
u01-s013-lecture-r1,lecture,workedExamples[3].solutionSteps[0],12,19,b38c26850cc3208d39403fed353f093327a7e7de3bf08ae404758f78c5a4d9fa
u01-s013-lecture-r1,lecture,workedExamples[3].solutionSteps[1],10,19,2bc2307c2834cc4b0d0e942a5f84f78e3acfe9e61962cd44b9eeae59acb21c9f
u01-s013-lecture-r1,lecture,workedExamples[3].solutionSteps[2],9,27,927867c73b0234385f4f9156778f27955f1684e910e39fcdefbacf3a00c62a41
u01-s013-lecture-r1,lecture,workedExamples[3].answer,4,8,dd23201b01cb9bd169b072a328d70a7fcfd06bf113ba4eac431ea803ebcc5233
u01-s013-lecture-r1,lecture,commonMistakes[0].mistake,14,28,08de901b104231475c786ed8cd13738a89698377768ae15b7acdad06cae3cb73
u01-s013-lecture-r1,lecture,commonMistakes[0].why,7,21,fccc5fa5fbf05e39808de042f1667c25cda970498645e7cad4c0d8db24c8289e
u01-s013-lecture-r1,lecture,commonMistakes[0].correction,16,40,c1918675b12999a80a3bde9be5730c09c050b7b6e4001f2d668f1a1e26818e1a
u01-s013-lecture-r1,lecture,commonMistakes[1].mistake,14,27,33e7bced0330e93991b503feac4823d1c5326364414497195996af26383c135c
u01-s013-lecture-r1,lecture,commonMistakes[1].why,6,18,116cabe7d5376b85810ec0ccc82d753487ed11060a54c1ce868814039479025c
u01-s013-lecture-r1,lecture,commonMistakes[1].correction,11,29,a899668fddf463d41cc52c7d8404bc7553800d8ef67758bd918373eec365caba
u01-s013-lecture-r1,lecture,commonMistakes[2].mistake,14,26,97812c0ce9e2fa3d85c1e2535421365b1025f73e5691af88dadf0103f60fadef
u01-s013-lecture-r1,lecture,commonMistakes[2].why,6,18,647e0cb926bb62ac29166c5b6fd3c215caf56fc430fd95f3605b6f88280a16eb
u01-s013-lecture-r1,lecture,commonMistakes[2].correction,14,38,708d52035688c3002176861493db745f9fa542e784042b18d67270e09d5ab7cc
u01-s013-lecture-r1,lecture,commonMistakes[3].mistake,14,27,335a61f1f61e2b5d12b46f24e83f046c6c38bb50adf148676790d91594aa8943
u01-s013-lecture-r1,lecture,commonMistakes[3].why,7,21,848d4b315b77ff3744fcdac95bf1f3b0db190b7521b302db1ea40c38e7d4a241
u01-s013-lecture-r1,lecture,commonMistakes[3].correction,11,33,4073fd1533b789273f34aa782619e2b7754af14aa36ef0e2533ed5cd25dd46e5
u01-s013-lecture-r1,lecture,commonMistakes[4].mistake,10,30,9efc4d65c62104703b1fac0de951f860fc40ec1df0f30fd156408fa799f98ef0
u01-s013-lecture-r1,lecture,commonMistakes[4].why,8,24,c947de6730a377d428ad6c42d8d3f6c5318397b81d6563d45db8aabb8abff874
u01-s013-lecture-r1,lecture,commonMistakes[4].correction,13,39,a04bfa2880bc0d705267726160146bc9f3b45987c1cd51ab3f0bd79bdc4a28de
u01-s013-lecture-r1,lecture,commonMistakes[5].mistake,12,32,226d285310c03107a30e630c83fc072645c7bec9c9f8606de4fa087fe7f2e9fe
u01-s013-lecture-r1,lecture,commonMistakes[5].why,10,26,3c6144f9966184bb854c00029bd4f9cfefbc83e0fe8b6b2cf67f06f21f6beb93
u01-s013-lecture-r1,lecture,commonMistakes[5].correction,8,20,300178f1a04a2ed06d5c38a265b524059b82e920e32674886cb689102600b994
u01-s013-lecture-r1,lecture,selfCheck[0],8,24,23e71ff8e0eeab2b64dc43f6adecf1bc75f6d4ee097cb04a38cff27fdc2a8ad8
u01-s013-lecture-r1,lecture,selfCheck[1],8,24,750a70825b03c2a0d717c53cef50291a9c9bfd2720f37d4ea16fd0cc1c18478a
u01-s013-lecture-r1,lecture,selfCheck[2],10,30,25a68c0b3162641c116b8b9bb6063374d13245fc621e851aa0ae7cd08a61e9b1
u01-s013-lecture-r1,lecture,selfCheck[3],10,24,540de40b9c02492a44e7bc92c4147682fed0da0847edf15e04b23ecbd1c02853
u01-s013-lecture-r1,lecture,selfCheck[4],8,24,bd4fcb44e2658f036e98eab0d9ef943f6a5da2831ec663732d0eae20bf9dbdcb
u01-s013-lecture-r1,lecture,summary[0],10,30,38bf010c48a166e74a01d01bea08dbe4e0a973f3339a642781504a27e514ecd3
u01-s013-lecture-r1,lecture,summary[1],10,30,c6bf5b902e746cacc98e3ec4547e5a7cc99f9371bb0db08c3e359cb3e7757ffb
u01-s013-lecture-r1,lecture,summary[2],9,27,9febee6d8e56ff030868f88c13c0e2396ea4ad3b7102ab5dd044b1ae6a000022
u01-s013-lecture-r1,lecture,summary[3],11,33,b2cc9ed4b1a659feb4834bf9cf46e3bc915dcd7f41ccfcfcdec38d1336b7eac7
u01-s013-lecture-r1,lecture,connections.previous,11,33,e00e455cdb4543491d84217e4f3b57e32ba3d343ae25fa70807b3f6ef7ff8ad1
u01-s013-lecture-r1,lecture,connections.next[0],20,52,126371b8183f8b3306fa6fb69f1f6521c96be32397aa5ad4dab1f689f5538f0a
u01-s013-lecture-r1,lecture,connections.next[1],15,45,a6a8323a3dfce8a615996d59aae20b13e14d2ae817c4f8ac8ac0b77476b3e042
u01-s013-lecture-r1,lecture,connections.next[2],22,66,694c2c6f0ea34a1d15370d64880c4431d40063bcf37fa78708b840c50e226b0d
u01-s013-lecture-r1,lecture,practiceLinks.mcQuestionIds[0],13,13,42e70d93a01cd8db07c12363cbed8f6e646e49bbbb2aee9b68bc24d2adab3ac8
u01-s013-lecture-r1,lecture,practiceLinks.mcQuestionIds[1],13,13,94d88233714353e3d76d6f38db6004fb00854400dc2d5b7cd23be0a3d065dde4
u01-s013-lecture-r1,lecture,practiceLinks.mcQuestionIds[2],13,13,10cd861cf12b335625b891e5f245d7cf543238bb558d7099d1d5e45285c05325
u01-s013-lecture-r1,lecture,practiceLinks.mcQuestionIds[3],13,13,7e5ac98823d044e951bb0c4f7d105808ac45f345e62d8ec25640834635f1bf40
u01-s013-lecture-r1,lecture,practiceLinks.mcQuestionIds[4],13,13,911e79601a2f5ffba82f378f13c62e45d3c3e56ca7db3ff17ba760b8f1f2554e
u01-s013-lecture-r1,lecture,practiceLinks.mcQuestionIds[5],13,13,0fa74b0644d02557eed59508f6ff202b89105b6d7f3e806522efca1523b58164
u01-s013-lecture-r1,lecture,practiceLinks.mcQuestionIds[6],13,13,6a52268d5cf8596cbf24978a6daf24d05ea465d0508d1965404d9be47b1a2533
u01-s013-lecture-r1,lecture,practiceLinks.mcQuestionIds[7],13,13,f6bede6bbaa5a5f6a1a1512b87de818d27dfb6ed4dfca3f1876c9e6773d1052a
u01-s013-lecture-r1,lecture,practiceLinks.mcQuestionIds[8],13,13,6b87183250aa96a8dc221641758049f6ba36b817f18eab3087419b306e9ec72e
u01-s013-lecture-r1,lecture,practiceLinks.mcQuestionIds[9],13,13,fe87fb0c41f2f1042f6990e20cbee53da296277835af634df3ab875b30223715
u01-s013-lecture-r1,lecture,practiceLinks.mcQuestionIds[10],13,13,0c59a1f28182ea3a7e44349a81ac5f2057ea532442df24b07aba6da0a3d8920f
u01-s013-lecture-r1,lecture,practiceLinks.mcQuestionIds[11],13,13,f816539f347edc100d2354288e43c758cf57317c5ee48fbb92f48ebc418a2dca
u01-s013-lecture-r1,lecture,practiceLinks.constructedResponseIds[0],14,14,55ee5a3a24411cbe8215210d5369948c4a96879ca4a4e1d7de4dfc9dd076d7e4
u01-s013-lecture-r1,lecture,practiceLinks.constructedResponseIds[1],14,14,0beefe5484fc7e098e5185dcc487d1a4d11b613d07920c45189b6890187c2758
u01-s013-lecture-r1,lecture,lectureReview.mathematicalCorrectness,4,4,d74ff0ee8da3b9806b18c877dbf29bbde50b5bd8e4dad7a3a725000feb82e8f1
u01-s013-lecture-r1,lecture,lectureReview.zeroFoundationReadability,4,4,d74ff0ee8da3b9806b18c877dbf29bbde50b5bd8e4dad7a3a725000feb82e8f1
u01-s013-lecture-r1,lecture,lectureReview.scopeCheck,21,21,fdf8268f0373301b2fcc6331f1d8999b8aabea69681e8bc972ab9a21216a7606
u01-s013-lecture-r1,lecture,lectureReview.reviewNote,42,126,6c742dd96a7ae7064c6c90c7b8ea52eeee52cbd361c1a0c94e496e534ad715bb
u01-s013-lecture-r1,lecture,lectureReview.reviewVersion,25,25,7ccbed064d3016b5353f553d3edb33b6627126acb00be43b039a8cbab00d7d69
u01-s013-lecture-r1,lecture,lectureReview.reviewedAt,10,10,14158d45727526145ef514139eeb669eb54d613dbcffe524f099dbb71c9d8b08
u01-s013-lecture-r1,lecture,contentSha256,64,64,911e85bdcb49edbb56799d8e91580fc6370bea0d2f64285d3ececbfe03c3edb3
u01-s013-lecture-r1,lecture,contentAuthority,25,25,ed40f75ffe3d6ad4e71f6e7919d063410490de360edb425965eccd605ca9d79e
u01-s013-v001,question,questionId,13,13,42e70d93a01cd8db07c12363cbed8f6e646e49bbbb2aee9b68bc24d2adab3ac8
u01-s013-v001,question,unitId,3,3,2055254ee30aaae13b777732834c89d7f799015d3af13b62fe05aeef8c3e0eaa
u01-s013-v001,question,topicId,21,21,6c2d9a40ebadba3338b6f5bafbe66da4ac6d33592472b5b2f23ccc9fa1c80ebb
u01-s013-v001,question,skillId,21,21,7b00b19a489da427db28315d822ef95d4808ac16f2df36e74e1c5570b7d4b5bc
u01-s013-v001,question,difficulty,5,5,fbb7b5bf4ca348eeeebf8cc3660712859a5a1fbf18e83217a57ce203fb51d5c2
u01-s013-v001,question,type,2,2,6bc0f9c4ecb0acbebf1b9f6c816bdd66f4885f67c917d9e141cf893014fba936
u01-s013-v001,question,visualMode,9,9,9c7d54b0bf7a9369d8594201c7b11955514343809d09fbec33966c1fd9794015
u01-s013-v001,question,sourceScope,19,19,a4b669ddb8ef1883391c07a7b633f12eeaeecee7ec37c09eea4931aff6644346
u01-s013-v001,question,text,13,31,75aeae3460a93adcbf54d0bb563a55fbc6adb6893b9f4420536f40ce7782a0da
u01-s013-v001,question,choices[0],2,4,0eb0821388f50c55876c5c33806dd75f377399b403a651e09ed5964ffc2ed6ea
u01-s013-v001,question,choices[1],2,4,fb8708c36c3588df1210eba5db52026ee513b4d317a056afaf2ef856a08110a4
u01-s013-v001,question,choices[2],3,5,3174fe89052089f096c7f6afab07d683d2bce86cb9c2822d5961654820667b1f
u01-s013-v001,question,choices[3],2,3,5c3a4f0e94a0b5a786ed5fd8c78e77055a6a3d59c821a567f6a9b806beaa954a
u01-s013-v001,question,explanation,21,53,e6ae4b77691b2b7af019499fed41c0579d7a84f1ff0e6f06302733ec6852d436
u01-s013-v001,question,steps[0],8,22,a2d1ceaa939c66c8d3ab6b8800583baa5c1c79b3ca3dd017fb32c3554c670680
u01-s013-v001,question,steps[1],8,24,8803270b155ace26ccd476c02d9997155c346e17f6f46a85dcc7d6abac2eed2e
u01-s013-v001,question,steps[2],4,10,c19f48afba882680345b711d076d5d98daa6cf2931df0eccb3e48a294558e7d2
u01-s013-v001,question,optionAnalysis[0].choice,2,4,0eb0821388f50c55876c5c33806dd75f377399b403a651e09ed5964ffc2ed6ea
u01-s013-v001,question,optionAnalysis[0].reason,11,15,a7f4932c701ff674db510ca5711ac1c010a288ba9345e5d27271ab9344a5ca3a
u01-s013-v001,question,optionAnalysis[1].choice,2,4,fb8708c36c3588df1210eba5db52026ee513b4d317a056afaf2ef856a08110a4
u01-s013-v001,question,optionAnalysis[1].reason,10,30,f35eaeb3ebb81ef0101e1e1978ac31be6bb40627973d74efe6ba6d1b4609653e
u01-s013-v001,question,optionAnalysis[2].choice,3,5,3174fe89052089f096c7f6afab07d683d2bce86cb9c2822d5961654820667b1f
u01-s013-v001,question,optionAnalysis[2].reason,7,21,8ddc53794b6849a62cbd0e415926d1e171934a4c795cd49587b4be6d56c692a8
u01-s013-v001,question,optionAnalysis[3].choice,2,3,5c3a4f0e94a0b5a786ed5fd8c78e77055a6a3d59c821a567f6a9b806beaa954a
u01-s013-v001,question,optionAnalysis[3].reason,5,15,667f37090411bfd5bc5455ff945f252eca9f265d3ff256ea60e3125641b70f37
u01-s013-v001,question,commonMistake,8,22,47ac7c8581affcfa9c97181ce2146fef3dfd2bc1eccf832427e1d98ea6551276
u01-s013-v001,question,concept,10,30,38bf010c48a166e74a01d01bea08dbe4e0a973f3339a642781504a27e514ecd3
u01-s013-v001,question,tags[0],3,9,fd41540cbdbecb9b5fa7116d27c68e378548ab62ab7c7ca4494730a81ea87667
u01-s013-v001,question,tags[1],3,9,2b0399c9916b36ad8ff9b2310aaa222a05badca898d3e0ae833195a5594f57d9
u01-s013-v001,question,tags[2],5,5,fbb7b5bf4ca348eeeebf8cc3660712859a5a1fbf18e83217a57ce203fb51d5c2
u01-s013-v001,question,estimatedTimeSec,2,2,39fa9ec190eee7b6f4dff1100d6343e10918d044c75eac8f9e9a2596173f80c9
u01-s013-v001,question,prerequisiteSkillIds[0],24,24,3b506eb2691a5267e26e8f2d58a55f41602c3f8c1c3853718ce477a3337b6166
u01-s013-v001,question,authoringIntent,8,24,3d0fa045010f384e0ba829f09d6297ddd142f78e6a1624d3e83324f599865a65
u01-s013-v001,question,reviewStatus,22,22,ec809598e2f7fcc69fad54c9cd045bba62b4a0dc7c0ff90d4efdc3788c9ad8fb
u01-s013-v001,question,contentSha256,64,64,2b7548db6ade86d9f7ca02335455b4bda4d780f9d2642907b724b5ba53abf149
u01-s013-v001,question,contentAuthority,25,25,ed40f75ffe3d6ad4e71f6e7919d063410490de360edb425965eccd605ca9d79e
u01-s013-v002,question,questionId,13,13,94d88233714353e3d76d6f38db6004fb00854400dc2d5b7cd23be0a3d065dde4
u01-s013-v002,question,unitId,3,3,2055254ee30aaae13b777732834c89d7f799015d3af13b62fe05aeef8c3e0eaa
u01-s013-v002,question,topicId,21,21,6c2d9a40ebadba3338b6f5bafbe66da4ac6d33592472b5b2f23ccc9fa1c80ebb
u01-s013-v002,question,skillId,21,21,7b00b19a489da427db28315d822ef95d4808ac16f2df36e74e1c5570b7d4b5bc
u01-s013-v002,question,difficulty,5,5,fbb7b5bf4ca348eeeebf8cc3660712859a5a1fbf18e83217a57ce203fb51d5c2
u01-s013-v002,question,type,2,2,6bc0f9c4ecb0acbebf1b9f6c816bdd66f4885f67c917d9e141cf893014fba936
u01-s013-v002,question,visualMode,9,9,9c7d54b0bf7a9369d8594201c7b11955514343809d09fbec33966c1fd9794015
u01-s013-v002,question,sourceScope,19,19,a4b669ddb8ef1883391c07a7b633f12eeaeecee7ec37c09eea4931aff6644346
u01-s013-v002,question,text,13,31,42a2d4cd0f9d794e7f03b5d7e60b7a02ff78b8eb6ac98bbfe63f6f46f213b237
u01-s013-v002,question,choices[0],3,5,880c93c9e21c3e784a462b950cc2546a7d83eb5fbf4bbb390c0ae36bae92e417
u01-s013-v002,question,choices[1],2,4,29650680568d050b423f54dc3c1180a3a946ae7f1e2b8008adc85a837d043292
u01-s013-v002,question,choices[2],2,4,3712ecda121125cdf5ae71f2ddca130da8cfb068bbdf1373bd7b7449467267a5
u01-s013-v002,question,choices[3],3,6,a17d934d31dcd83dadfcd4e6de56bba871a5a3bc0c86b6fbf694cbf38281ea02
u01-s013-v002,question,explanation,21,51,bda8c0bde68de522fa572fe2842016e8512163b2104d08599e47b1c3d850d331
u01-s013-v002,question,steps[0],9,23,2bf35aa7338caa2f420f4a2f994cb4d147b85f4166325667d90c4bfe83268f73
u01-s013-v002,question,steps[1],7,21,ba4a588c754e3342facfaa6ffa32d063f0e0d10a0f612c59a217e12efcbf2dae
u01-s013-v002,question,steps[2],4,10,b40b75f778ee6c423527507637d899a0ac7e370fcb5525c87c35619938880951
u01-s013-v002,question,optionAnalysis[0].choice,3,5,880c93c9e21c3e784a462b950cc2546a7d83eb5fbf4bbb390c0ae36bae92e417
u01-s013-v002,question,optionAnalysis[0].reason,7,21,288377aec06d7b3cc48d176ed9fb209f2ac4adc4e256640a26d5c87d05769db8
u01-s013-v002,question,optionAnalysis[1].choice,2,4,29650680568d050b423f54dc3c1180a3a946ae7f1e2b8008adc85a837d043292
u01-s013-v002,question,optionAnalysis[1].reason,11,15,f311958a0ca222940779229b2d856ea60590b2f091e05a39d9de3f2f18940911
u01-s013-v002,question,optionAnalysis[2].choice,2,4,3712ecda121125cdf5ae71f2ddca130da8cfb068bbdf1373bd7b7449467267a5
u01-s013-v002,question,optionAnalysis[2].reason,4,12,1b719b832f24a8ef11bb3c80b76221f7f92a43d60275f3829891de960de297f2
u01-s013-v002,question,optionAnalysis[3].choice,3,6,a17d934d31dcd83dadfcd4e6de56bba871a5a3bc0c86b6fbf694cbf38281ea02
u01-s013-v002,question,optionAnalysis[3].reason,6,18,452b9ebdb3b8cab515f0ed5e560d622c21e8ed74a594594e763673a96e8060de
u01-s013-v002,question,commonMistake,9,22,9779d0043a545306be851e2e8d784957313a505d69ac3aef9593f972bf8fa2d9
u01-s013-v002,question,concept,10,30,c6bf5b902e746cacc98e3ec4547e5a7cc99f9371bb0db08c3e359cb3e7757ffb
u01-s013-v002,question,tags[0],3,9,fd41540cbdbecb9b5fa7116d27c68e378548ab62ab7c7ca4494730a81ea87667
u01-s013-v002,question,tags[1],3,9,2b0399c9916b36ad8ff9b2310aaa222a05badca898d3e0ae833195a5594f57d9
u01-s013-v002,question,tags[2],5,5,fbb7b5bf4ca348eeeebf8cc3660712859a5a1fbf18e83217a57ce203fb51d5c2
u01-s013-v002,question,estimatedTimeSec,2,2,39fa9ec190eee7b6f4dff1100d6343e10918d044c75eac8f9e9a2596173f80c9
u01-s013-v002,question,prerequisiteSkillIds[0],24,24,3b506eb2691a5267e26e8f2d58a55f41602c3f8c1c3853718ce477a3337b6166
u01-s013-v002,question,authoringIntent,8,24,a686c248ee91d03c4408ac2024c371bdd9542db9e56aad4335928194f919abb7
u01-s013-v002,question,reviewStatus,22,22,ec809598e2f7fcc69fad54c9cd045bba62b4a0dc7c0ff90d4efdc3788c9ad8fb
u01-s013-v002,question,contentSha256,64,64,03f03f6260b6e5febfe8b1d4f805f35dcc65f439cd6190067544d4f0ef92ef9d
u01-s013-v002,question,contentAuthority,25,25,ed40f75ffe3d6ad4e71f6e7919d063410490de360edb425965eccd605ca9d79e
u01-s013-v003,question,questionId,13,13,10cd861cf12b335625b891e5f245d7cf543238bb558d7099d1d5e45285c05325
u01-s013-v003,question,unitId,3,3,2055254ee30aaae13b777732834c89d7f799015d3af13b62fe05aeef8c3e0eaa
u01-s013-v003,question,topicId,21,21,6c2d9a40ebadba3338b6f5bafbe66da4ac6d33592472b5b2f23ccc9fa1c80ebb
u01-s013-v003,question,skillId,21,21,7b00b19a489da427db28315d822ef95d4808ac16f2df36e74e1c5570b7d4b5bc
u01-s013-v003,question,difficulty,5,5,fbb7b5bf4ca348eeeebf8cc3660712859a5a1fbf18e83217a57ce203fb51d5c2
u01-s013-v003,question,type,2,2,6bc0f9c4ecb0acbebf1b9f6c816bdd66f4885f67c917d9e141cf893014fba936
u01-s013-v003,question,visualMode,9,9,9c7d54b0bf7a9369d8594201c7b11955514343809d09fbec33966c1fd9794015
u01-s013-v003,question,sourceScope,19,19,a4b669ddb8ef1883391c07a7b633f12eeaeecee7ec37c09eea4931aff6644346
u01-s013-v003,question,text,13,30,4a353c36d262e8d5af4d71fea3fcd0076648b01aaad9846413bcd11dbbd587e1
u01-s013-v003,question,choices[0],2,4,c1ca806456acd7fd670820bcf2a513611faf6e9c725223a93a4c0dff419eaed9
u01-s013-v003,question,choices[1],3,6,91f1f891eb59eb34a2bc18ef33f3c7cb740ecffc4eeaec58e63700b190f34896
u01-s013-v003,question,choices[2],2,4,81679d62a8487682a4826b976d12b79b4a7e31052421b946c260b934190d8db6
u01-s013-v003,question,choices[3],3,7,60458144f7f7ebf3c78e096308fe87d7e178a6cf53e955bc67d371714ec46aef
u01-s013-v003,question,explanation,20,49,e0f0028f7bacff5a46206596cf0de4aebf0a63223653c74dda67fcb7fe512a65
u01-s013-v003,question,steps[0],7,21,434c1e084f7a00c2934fab29e2b1985a94d40af9bcf5bce6dd1eefa54658f064
u01-s013-v003,question,steps[1],6,13,e92e1031feb9662414aad45ed841adfd9d6da9e35edd9a3b5972db020cbed0f9
u01-s013-v003,question,steps[2],4,10,d952a7f0da2bb6902899a5e33ee75ec4712b46b015c35e5e18faf1b3c134810b
u01-s013-v003,question,optionAnalysis[0].choice,2,4,c1ca806456acd7fd670820bcf2a513611faf6e9c725223a93a4c0dff419eaed9
u01-s013-v003,question,optionAnalysis[0].reason,6,18,647e0cb926bb62ac29166c5b6fd3c215caf56fc430fd95f3605b6f88280a16eb
u01-s013-v003,question,optionAnalysis[1].choice,3,6,91f1f891eb59eb34a2bc18ef33f3c7cb740ecffc4eeaec58e63700b190f34896
u01-s013-v003,question,optionAnalysis[1].reason,9,27,42a231244e3bc8ace4f1cca97b6183b005616600a7a4a3c74687094477e6b011
u01-s013-v003,question,optionAnalysis[2].choice,2,4,81679d62a8487682a4826b976d12b79b4a7e31052421b946c260b934190d8db6
u01-s013-v003,question,optionAnalysis[2].reason,11,16,fa096ce583f3ab113398752c23be7ffd3a55092464f718147a8fa8dbf6ca2c8b
u01-s013-v003,question,optionAnalysis[3].choice,3,7,60458144f7f7ebf3c78e096308fe87d7e178a6cf53e955bc67d371714ec46aef
u01-s013-v003,question,optionAnalysis[3].reason,5,15,19fd5ba3c820a468589dd8314fcd538dfb6493d092f352a0539a3bddb2baa9d9
u01-s013-v003,question,commonMistake,9,21,19173e81dbecaef241e81c5114c246df864c7bc4c02d0826b17e31dc22501a3b
u01-s013-v003,question,concept,9,27,9febee6d8e56ff030868f88c13c0e2396ea4ad3b7102ab5dd044b1ae6a000022
u01-s013-v003,question,tags[0],3,9,fd41540cbdbecb9b5fa7116d27c68e378548ab62ab7c7ca4494730a81ea87667
u01-s013-v003,question,tags[1],3,9,2b0399c9916b36ad8ff9b2310aaa222a05badca898d3e0ae833195a5594f57d9
u01-s013-v003,question,tags[2],5,5,fbb7b5bf4ca348eeeebf8cc3660712859a5a1fbf18e83217a57ce203fb51d5c2
u01-s013-v003,question,estimatedTimeSec,2,2,39fa9ec190eee7b6f4dff1100d6343e10918d044c75eac8f9e9a2596173f80c9
u01-s013-v003,question,prerequisiteSkillIds[0],24,24,3b506eb2691a5267e26e8f2d58a55f41602c3f8c1c3853718ce477a3337b6166
u01-s013-v003,question,authoringIntent,7,21,c482f0be574332621fb7b83e7b47f94e3aa21529d188d9472f5c87645f011292
u01-s013-v003,question,reviewStatus,22,22,ec809598e2f7fcc69fad54c9cd045bba62b4a0dc7c0ff90d4efdc3788c9ad8fb
u01-s013-v003,question,contentSha256,64,64,b3a16a92313a16d4115549416807f94d1f89226fb7e284a01e46b7eca4726c70
u01-s013-v003,question,contentAuthority,25,25,ed40f75ffe3d6ad4e71f6e7919d063410490de360edb425965eccd605ca9d79e
u01-s013-v004,question,questionId,13,13,7e5ac98823d044e951bb0c4f7d105808ac45f345e62d8ec25640834635f1bf40
u01-s013-v004,question,unitId,3,3,2055254ee30aaae13b777732834c89d7f799015d3af13b62fe05aeef8c3e0eaa
u01-s013-v004,question,topicId,21,21,6c2d9a40ebadba3338b6f5bafbe66da4ac6d33592472b5b2f23ccc9fa1c80ebb
u01-s013-v004,question,skillId,21,21,7b00b19a489da427db28315d822ef95d4808ac16f2df36e74e1c5570b7d4b5bc
u01-s013-v004,question,difficulty,8,8,fe6d3468cf5c74d8ec2a95b40f2e05338c37a4202f8fad692d2b64a9cf9b468a
u01-s013-v004,question,type,2,2,6bc0f9c4ecb0acbebf1b9f6c816bdd66f4885f67c917d9e141cf893014fba936
u01-s013-v004,question,visualMode,9,9,9c7d54b0bf7a9369d8594201c7b11955514343809d09fbec33966c1fd9794015
u01-s013-v004,question,sourceScope,19,19,a4b669ddb8ef1883391c07a7b633f12eeaeecee7ec37c09eea4931aff6644346
u01-s013-v004,question,text,15,33,7d27a780e9c6ee4b9ec6c1c559a7002fd86252d83fdb3501f31de8e74c581733
u01-s013-v004,question,choices[0],4,6,f2ccbb172f9082c911e4e7299e47f0097420d0d55e4f21734493ec0c757465c6
u01-s013-v004,question,choices[1],4,6,06fbb8c8fd8d49983fedcf49d635ffc66d801a539eb15e299b935c6f3bf2914e
u01-s013-v004,question,choices[2],5,10,d46bc6b5cd55ba1827988a30df0d6807c502db3ccb97c881f6d36d80cac9ae26
u01-s013-v004,question,choices[3],5,8,3bea399eb295ff0ceb817da7f16eb2aad90b0b3ad9b752ef4158c2de77fc2a0c
u01-s013-v004,question,explanation,29,68,737b20f369545e45547a3b073ba52f183b6569d77046d9f015fb206d93f588d0
u01-s013-v004,question,steps[0],9,27,c0ec4e936ab1391bac087646f2312ba1eb7d00a3780e973a1c08a0e59c8a0b33
u01-s013-v004,question,steps[1],9,23,2c67565114685b543e8f3b17485dc132169cfd4bc8a30b0a92195392b08b13c7
u01-s013-v004,question,steps[2],7,14,26415abeb299f47e7772ebc0b395289dedab3befc64a0f28dda119147e9e5366
u01-s013-v004,question,optionAnalysis[0].choice,4,6,f2ccbb172f9082c911e4e7299e47f0097420d0d55e4f21734493ec0c757465c6
u01-s013-v004,question,optionAnalysis[0].reason,7,19,e919ad620cfd894e782e7ab0a96aba3c557c14674e09bd60a28856e056947968
u01-s013-v004,question,optionAnalysis[1].choice,4,6,06fbb8c8fd8d49983fedcf49d635ffc66d801a539eb15e299b935c6f3bf2914e
u01-s013-v004,question,optionAnalysis[1].reason,7,19,4e051e87b3a4dd4a3569cd9e25426d6bf7f0daff9803c567da44efe44f49c9f8
u01-s013-v004,question,optionAnalysis[2].choice,5,10,d46bc6b5cd55ba1827988a30df0d6807c502db3ccb97c881f6d36d80cac9ae26
u01-s013-v004,question,optionAnalysis[2].reason,8,24,4f75ca2220898323cd3647a7c5cf16c8212669d2e170c93e4266bfda4f554046
u01-s013-v004,question,optionAnalysis[3].choice,5,8,3bea399eb295ff0ceb817da7f16eb2aad90b0b3ad9b752ef4158c2de77fc2a0c
u01-s013-v004,question,optionAnalysis[3].reason,16,20,a42cdf062ae5e3f90b5af8a5d51b7bae9798508c6bb08fcfd646ba942a4b8d38
u01-s013-v004,question,commonMistake,14,42,3ce1ca3c759c136c90d2654ce21e6192ce108102fde04b2e285178e3cd897762
u01-s013-v004,question,concept,11,19,8ee4f303639c165168cb114fd7a29b9a52ea0e305279b6c42845ed6615f75a0c
u01-s013-v004,question,tags[0],3,9,fd41540cbdbecb9b5fa7116d27c68e378548ab62ab7c7ca4494730a81ea87667
u01-s013-v004,question,tags[1],3,9,2b0399c9916b36ad8ff9b2310aaa222a05badca898d3e0ae833195a5594f57d9
u01-s013-v004,question,tags[2],8,8,fe6d3468cf5c74d8ec2a95b40f2e05338c37a4202f8fad692d2b64a9cf9b468a
u01-s013-v004,question,estimatedTimeSec,2,2,39fa9ec190eee7b6f4dff1100d6343e10918d044c75eac8f9e9a2596173f80c9
u01-s013-v004,question,prerequisiteSkillIds[0],24,24,3b506eb2691a5267e26e8f2d58a55f41602c3f8c1c3853718ce477a3337b6166
u01-s013-v004,question,authoringIntent,7,21,6b3a8a342b35bd956fb8d2e5e5d894c87378277a2ad8235aa39a407c71a75f94
u01-s013-v004,question,reviewStatus,22,22,ec809598e2f7fcc69fad54c9cd045bba62b4a0dc7c0ff90d4efdc3788c9ad8fb
u01-s013-v004,question,contentSha256,64,64,1301917cb809bbd2c67ac21acc7ccd4231720cd1ccdacfbd57906f15a08a02d2
u01-s013-v004,question,contentAuthority,25,25,ed40f75ffe3d6ad4e71f6e7919d063410490de360edb425965eccd605ca9d79e
u01-s013-v005,question,questionId,13,13,911e79601a2f5ffba82f378f13c62e45d3c3e56ca7db3ff17ba760b8f1f2554e
u01-s013-v005,question,unitId,3,3,2055254ee30aaae13b777732834c89d7f799015d3af13b62fe05aeef8c3e0eaa
u01-s013-v005,question,topicId,21,21,6c2d9a40ebadba3338b6f5bafbe66da4ac6d33592472b5b2f23ccc9fa1c80ebb
u01-s013-v005,question,skillId,21,21,7b00b19a489da427db28315d822ef95d4808ac16f2df36e74e1c5570b7d4b5bc
u01-s013-v005,question,difficulty,8,8,fe6d3468cf5c74d8ec2a95b40f2e05338c37a4202f8fad692d2b64a9cf9b468a
u01-s013-v005,question,type,2,2,6bc0f9c4ecb0acbebf1b9f6c816bdd66f4885f67c917d9e141cf893014fba936
u01-s013-v005,question,visualMode,9,9,9c7d54b0bf7a9369d8594201c7b11955514343809d09fbec33966c1fd9794015
u01-s013-v005,question,sourceScope,19,19,a4b669ddb8ef1883391c07a7b633f12eeaeecee7ec37c09eea4931aff6644346
u01-s013-v005,question,text,17,37,57a0458e2df8f02f51f697fcdb8b7c2ebafc024787d0de0d8d6b063a809cc470
u01-s013-v005,question,choices[0],3,5,cfa46c8b5cd3062fcbcf3270dc9fbbeea66ca98b20f3d1db3187dcf57fe1fa4b
u01-s013-v005,question,choices[1],2,4,db8836f64eb2d2590ed055a5eaf5a92046a622f4ee9b776ab5661c752385c126
u01-s013-v005,question,choices[2],3,6,082d702facd1c26b03ffa16db796b56e8b66245b71f15f7fd9fe21aa409b83cb
u01-s013-v005,question,choices[3],3,5,8aa2f8d5e16de47e96371a7e7a12f4a67b1a554168c47e304e725c42091a813f
u01-s013-v005,question,explanation,23,41,a9c2ceec809389e12014e6dbe68bb40f22bd1be79504d0b7ddd66d63e7317bde
u01-s013-v005,question,steps[0],7,16,5005ebc4a96cb92c79b5d3c3df684ed0d6c4e409258aa40086296f75b4b772b8
u01-s013-v005,question,steps[1],8,22,e16abcd04cc5c9f23d058de200027803e73ebd2675861c33609489166fe0c834
u01-s013-v005,question,steps[2],10,26,f3b9b966a5a993f594f9ec5eb68855c0bbafbe5bd9aa3b086e29cdc31dd2123b
u01-s013-v005,question,optionAnalysis[0].choice,3,5,cfa46c8b5cd3062fcbcf3270dc9fbbeea66ca98b20f3d1db3187dcf57fe1fa4b
u01-s013-v005,question,optionAnalysis[0].reason,19,33,0c941b6d45c5208eadcb9d440a59f87e9805c8fac200e453da5df7dc18830c6d
u01-s013-v005,question,optionAnalysis[1].choice,2,4,db8836f64eb2d2590ed055a5eaf5a92046a622f4ee9b776ab5661c752385c126
u01-s013-v005,question,optionAnalysis[1].reason,6,12,0bb18e738f16a6a476ecee98d75e432a2c96f9d345b91560acb461eab78ae73b
u01-s013-v005,question,optionAnalysis[2].choice,3,6,082d702facd1c26b03ffa16db796b56e8b66245b71f15f7fd9fe21aa409b83cb
u01-s013-v005,question,optionAnalysis[2].reason,6,18,452b9ebdb3b8cab515f0ed5e560d622c21e8ed74a594594e763673a96e8060de
u01-s013-v005,question,optionAnalysis[3].choice,3,5,8aa2f8d5e16de47e96371a7e7a12f4a67b1a554168c47e304e725c42091a813f
u01-s013-v005,question,optionAnalysis[3].reason,6,18,01417b257709166c0d48b00fb6685332745482b85d6544cb7bb5df1c562d1526
u01-s013-v005,question,commonMistake,19,43,35f98339ed68a9bc035de573e6a61c06e8e9ac2afd523b0074ba448bc34bb97b
u01-s013-v005,question,concept,14,42,8553513b7d6df1ae94c8da55a694ec02be18c9646cbe7fb12ee5bae27a655606
u01-s013-v005,question,tags[0],3,9,fd41540cbdbecb9b5fa7116d27c68e378548ab62ab7c7ca4494730a81ea87667
u01-s013-v005,question,tags[1],3,9,2b0399c9916b36ad8ff9b2310aaa222a05badca898d3e0ae833195a5594f57d9
u01-s013-v005,question,tags[2],8,8,fe6d3468cf5c74d8ec2a95b40f2e05338c37a4202f8fad692d2b64a9cf9b468a
u01-s013-v005,question,estimatedTimeSec,2,2,39fa9ec190eee7b6f4dff1100d6343e10918d044c75eac8f9e9a2596173f80c9
u01-s013-v005,question,prerequisiteSkillIds[0],24,24,3b506eb2691a5267e26e8f2d58a55f41602c3f8c1c3853718ce477a3337b6166
u01-s013-v005,question,authoringIntent,10,30,8674f5eb1ee4cf595006280a0480bff339103a68aeccd3f00744c6a6972525a7
u01-s013-v005,question,reviewStatus,22,22,ec809598e2f7fcc69fad54c9cd045bba62b4a0dc7c0ff90d4efdc3788c9ad8fb
u01-s013-v005,question,contentSha256,64,64,78cbee06390bcf3a5890c7440306675d88b60e0b06ed5701b09ae8f3fc1ca7fc
u01-s013-v005,question,contentAuthority,25,25,ed40f75ffe3d6ad4e71f6e7919d063410490de360edb425965eccd605ca9d79e
u01-s013-v006,question,questionId,13,13,0fa74b0644d02557eed59508f6ff202b89105b6d7f3e806522efca1523b58164
u01-s013-v006,question,unitId,3,3,2055254ee30aaae13b777732834c89d7f799015d3af13b62fe05aeef8c3e0eaa
u01-s013-v006,question,topicId,21,21,6c2d9a40ebadba3338b6f5bafbe66da4ac6d33592472b5b2f23ccc9fa1c80ebb
u01-s013-v006,question,skillId,21,21,7b00b19a489da427db28315d822ef95d4808ac16f2df36e74e1c5570b7d4b5bc
u01-s013-v006,question,difficulty,8,8,fe6d3468cf5c74d8ec2a95b40f2e05338c37a4202f8fad692d2b64a9cf9b468a
u01-s013-v006,question,type,2,2,6bc0f9c4ecb0acbebf1b9f6c816bdd66f4885f67c917d9e141cf893014fba936
u01-s013-v006,question,visualMode,9,9,9c7d54b0bf7a9369d8594201c7b11955514343809d09fbec33966c1fd9794015
u01-s013-v006,question,sourceScope,19,19,a4b669ddb8ef1883391c07a7b633f12eeaeecee7ec37c09eea4931aff6644346
u01-s013-v006,question,text,18,39,fcf3bd8492db7b98bb797d6ca3df3b4ea5d5be72385841e9251d867a1df85dc6
u01-s013-v006,question,choices[0],3,6,6788e751bf9e65ea912da7daa9bc169336bd6a21a9feae9f194c233905502804
u01-s013-v006,question,choices[1],2,3,aad2457992767e12ea036b5d03d23cfc99d4f4bb8084f0038d998038f66c7ced
u01-s013-v006,question,choices[2],2,4,542fed04e0371148c592d17bf250d5897bf4961d52b5e3cb6293998991925894
u01-s013-v006,question,choices[3],2,4,81679d62a8487682a4826b976d12b79b4a7e31052421b946c260b934190d8db6
u01-s013-v006,question,explanation,22,46,b0963c8d8d2fb42ff6e1a161327f7b9937832a1cb8b8d20a7d1c2dc370ea8d89
u01-s013-v006,question,steps[0],13,29,8d0f3ab422e324de29671ed950e50119928ff3011de046fe1e022e7782fd06e9
u01-s013-v006,question,steps[1],7,11,56f712cd78d29389afa1aaeb043dd2fe366fb26d5309b27de2ae5ad0e73164c2
u01-s013-v006,question,steps[2],4,9,49c4998d4164eb03f7a35b57d65f3a0d1d02fe56da1d048af42bb68748794e2a
u01-s013-v006,question,optionAnalysis[0].choice,3,6,6788e751bf9e65ea912da7daa9bc169336bd6a21a9feae9f194c233905502804
u01-s013-v006,question,optionAnalysis[0].reason,8,24,6ab1920a6e13b1be1d4c84f3ea743ca0056f1e4695260493212e8b7168f3f7e6
u01-s013-v006,question,optionAnalysis[1].choice,2,3,aad2457992767e12ea036b5d03d23cfc99d4f4bb8084f0038d998038f66c7ced
u01-s013-v006,question,optionAnalysis[1].reason,13,16,f1dd922500eb3cc0e1d6e6debd3678d1dd658e65eb4bed31763b9f8ab604521c
u01-s013-v006,question,optionAnalysis[2].choice,2,4,542fed04e0371148c592d17bf250d5897bf4961d52b5e3cb6293998991925894
u01-s013-v006,question,optionAnalysis[2].reason,4,10,6dc790fc7c8137c441d39507afdf5b8dceb0b8a875beb1368fc932efc0a094d2
u01-s013-v006,question,optionAnalysis[3].choice,2,4,81679d62a8487682a4826b976d12b79b4a7e31052421b946c260b934190d8db6
u01-s013-v006,question,optionAnalysis[3].reason,4,10,4cfa3e5c6a38f550b2c868b606f171b4cb0f2dbccf033a12372573b356daddd2
u01-s013-v006,question,commonMistake,14,35,c7415f0689d4a630f86f33a1ff0eb39ed3882a3d7dd6eee34ea619e7d259ffc4
u01-s013-v006,question,concept,15,45,404d1cfdfb749f675fd78bf078c0edbf9dadfc22986543deb777a116967212cb
u01-s013-v006,question,tags[0],3,9,fd41540cbdbecb9b5fa7116d27c68e378548ab62ab7c7ca4494730a81ea87667
u01-s013-v006,question,tags[1],3,9,2b0399c9916b36ad8ff9b2310aaa222a05badca898d3e0ae833195a5594f57d9
u01-s013-v006,question,tags[2],8,8,fe6d3468cf5c74d8ec2a95b40f2e05338c37a4202f8fad692d2b64a9cf9b468a
u01-s013-v006,question,estimatedTimeSec,2,2,39fa9ec190eee7b6f4dff1100d6343e10918d044c75eac8f9e9a2596173f80c9
u01-s013-v006,question,prerequisiteSkillIds[0],24,24,3b506eb2691a5267e26e8f2d58a55f41602c3f8c1c3853718ce477a3337b6166
u01-s013-v006,question,authoringIntent,11,33,df339c8ce042c1355529e54ce8c547802a30c37e045d1a0a038fd27c513bc2c0
u01-s013-v006,question,reviewStatus,22,22,ec809598e2f7fcc69fad54c9cd045bba62b4a0dc7c0ff90d4efdc3788c9ad8fb
u01-s013-v006,question,contentSha256,64,64,47e1c0a9b0524073382dac3fe1cdc4dd7c0494e7126975f5c364a45d176a67a9
u01-s013-v006,question,contentAuthority,25,25,ed40f75ffe3d6ad4e71f6e7919d063410490de360edb425965eccd605ca9d79e
u01-s013-v007,question,questionId,13,13,6a52268d5cf8596cbf24978a6daf24d05ea465d0508d1965404d9be47b1a2533
u01-s013-v007,question,unitId,3,3,2055254ee30aaae13b777732834c89d7f799015d3af13b62fe05aeef8c3e0eaa
u01-s013-v007,question,topicId,21,21,6c2d9a40ebadba3338b6f5bafbe66da4ac6d33592472b5b2f23ccc9fa1c80ebb
u01-s013-v007,question,skillId,21,21,7b00b19a489da427db28315d822ef95d4808ac16f2df36e74e1c5570b7d4b5bc
u01-s013-v007,question,difficulty,8,8,d21f85ea38166303ce58e06134b5cc4a5c900c409ab2a500ff7c9225109a09bb
u01-s013-v007,question,type,2,2,6bc0f9c4ecb0acbebf1b9f6c816bdd66f4885f67c917d9e141cf893014fba936
u01-s013-v007,question,visualMode,9,9,9c7d54b0bf7a9369d8594201c7b11955514343809d09fbec33966c1fd9794015
u01-s013-v007,question,sourceScope,19,19,a4b669ddb8ef1883391c07a7b633f12eeaeecee7ec37c09eea4931aff6644346
u01-s013-v007,question,text,20,41,f3438c5e533ec0f174a00b4d89da2b5e612c51df53a82b61b02f51d846ff5da0
u01-s013-v007,question,choices[0],1,1,4e07408562bedb8b60ce05c1decfe3ad16b72230967de01f640b7e4729b49fce
u01-s013-v007,question,choices[1],2,2,6b51d431df5d7f141cbececcf79edf3dd861c3b4069f0b11661a3eefacbba918
u01-s013-v007,question,choices[2],1,1,e7f6c011776e8db7cd330b54174fd76f7d0216b612387a5ffcfb81e6f0919683
u01-s013-v007,question,choices[3],2,2,670671cd97404156226e507973f2ab8330d3022ca96e0c93bdbdb320c41adcaf
u01-s013-v007,question,explanation,22,50,483ebb281485518e67445fd41c3b1165f2fe257d56b4847529cbd0a7f8a41b8f
u01-s013-v007,question,steps[0],8,14,67088838b5e4298570dab8862a9d6b57d3c8c08e5d4b1e829cfdd54d9df336d9
u01-s013-v007,question,steps[1],5,13,85f96573b824607890da7ef975f3b604589691ab09b3b54738fbfb62a70d6940
u01-s013-v007,question,steps[2],4,6,4b73a5075f4fc19f10afa8dd5df0c5643c99b3a800af6b6158ba2e39fd62c446
u01-s013-v007,question,optionAnalysis[0].choice,1,1,4e07408562bedb8b60ce05c1decfe3ad16b72230967de01f640b7e4729b49fce
u01-s013-v007,question,optionAnalysis[0].reason,9,25,2f53fff2f37815990c86710bfe3bc4396607d2ac061a692cba0468ef75de8c07
u01-s013-v007,question,optionAnalysis[1].choice,2,2,6b51d431df5d7f141cbececcf79edf3dd861c3b4069f0b11661a3eefacbba918
u01-s013-v007,question,optionAnalysis[1].reason,12,32,3e29efcf361c7ec7dd0d6ff470c4513aae7588244b85447c67d64db0b642aa8e
u01-s013-v007,question,optionAnalysis[2].choice,1,1,e7f6c011776e8db7cd330b54174fd76f7d0216b612387a5ffcfb81e6f0919683
u01-s013-v007,question,optionAnalysis[2].reason,10,14,b68a72e825514b3feeee9b9c34c35ffa23b74dd0adcfa651b5a3f54ce5e0d503
u01-s013-v007,question,optionAnalysis[3].choice,2,2,670671cd97404156226e507973f2ab8330d3022ca96e0c93bdbdb320c41adcaf
u01-s013-v007,question,optionAnalysis[3].reason,14,37,ce736dbbc97cad7d058658fdff5f0266d1e7bf4f27840dbaf05e0baf5ea2cd4a
u01-s013-v007,question,commonMistake,7,12,e030e30e2a8f5f7037d4b2349adc08ea1fa3f74310e5f7fa4594f477829b8465
u01-s013-v007,question,concept,10,30,cfbc8e620a5bad1704a52540212951bd2a5aa7381b141914f47ede8f3322a8ce
u01-s013-v007,question,tags[0],3,9,fd41540cbdbecb9b5fa7116d27c68e378548ab62ab7c7ca4494730a81ea87667
u01-s013-v007,question,tags[1],3,9,2b0399c9916b36ad8ff9b2310aaa222a05badca898d3e0ae833195a5594f57d9
u01-s013-v007,question,tags[2],8,8,d21f85ea38166303ce58e06134b5cc4a5c900c409ab2a500ff7c9225109a09bb
u01-s013-v007,question,estimatedTimeSec,2,2,39fa9ec190eee7b6f4dff1100d6343e10918d044c75eac8f9e9a2596173f80c9
u01-s013-v007,question,prerequisiteSkillIds[0],24,24,3b506eb2691a5267e26e8f2d58a55f41602c3f8c1c3853718ce477a3337b6166
u01-s013-v007,question,authoringIntent,11,33,b3fed98fcb7642b539c01adec83067096fc2113ebe85b7c2783e83b8c9610f59
u01-s013-v007,question,reviewStatus,22,22,ec809598e2f7fcc69fad54c9cd045bba62b4a0dc7c0ff90d4efdc3788c9ad8fb
u01-s013-v007,question,contentSha256,64,64,0ee190cce2af269fa04d25b49515e770cbf03ac8b54e2777ffe77446066f0747
u01-s013-v007,question,contentAuthority,25,25,ed40f75ffe3d6ad4e71f6e7919d063410490de360edb425965eccd605ca9d79e
u01-s013-v008,question,questionId,13,13,f6bede6bbaa5a5f6a1a1512b87de818d27dfb6ed4dfca3f1876c9e6773d1052a
u01-s013-v008,question,unitId,3,3,2055254ee30aaae13b777732834c89d7f799015d3af13b62fe05aeef8c3e0eaa
u01-s013-v008,question,topicId,21,21,6c2d9a40ebadba3338b6f5bafbe66da4ac6d33592472b5b2f23ccc9fa1c80ebb
u01-s013-v008,question,skillId,21,21,7b00b19a489da427db28315d822ef95d4808ac16f2df36e74e1c5570b7d4b5bc
u01-s013-v008,question,difficulty,8,8,d21f85ea38166303ce58e06134b5cc4a5c900c409ab2a500ff7c9225109a09bb
u01-s013-v008,question,type,2,2,6bc0f9c4ecb0acbebf1b9f6c816bdd66f4885f67c917d9e141cf893014fba936
u01-s013-v008,question,visualMode,9,9,9c7d54b0bf7a9369d8594201c7b11955514343809d09fbec33966c1fd9794015
u01-s013-v008,question,sourceScope,19,19,a4b669ddb8ef1883391c07a7b633f12eeaeecee7ec37c09eea4931aff6644346
u01-s013-v008,question,text,16,35,0520847c02d96fd1c6fbe76fb4a118d49d90e64dd98e6315d0cae99b78a0b617
u01-s013-v008,question,choices[0],3,5,472557bef94df8fe9a1940728ad5a8f3ea4e9b24ab4602099cd17c717bac8416
u01-s013-v008,question,choices[1],2,4,29650680568d050b423f54dc3c1180a3a946ae7f1e2b8008adc85a837d043292
u01-s013-v008,question,choices[2],2,3,d3a60a92a5c83b9a9c489528ababfb1c336e63d6a0a9d66ab46de8dfdb77a4d4
u01-s013-v008,question,choices[3],2,3,1ea7d4450ce9d13e95c9337baaad8e1475209eb365e36c100f0f0c78dd16dd47
u01-s013-v008,question,explanation,19,35,042b3c6c145a3de14334745705c69c2a6ae179dd4ecf4d8a91561fdc3dead533
u01-s013-v008,question,steps[0],10,21,2da4785b72f0334deece61888ce8c431b029d38bd97053a07157f0f169834c28
u01-s013-v008,question,steps[1],11,23,6357fce0660d2050857c9b801805658242d780f2bb93f30d5d753ec09804c2cd
u01-s013-v008,question,steps[2],4,9,f5b50bbe6f16819bf0d9444ff958248c821ab9766eefb22b0b32acd23b6315bb
u01-s013-v008,question,optionAnalysis[0].choice,3,5,472557bef94df8fe9a1940728ad5a8f3ea4e9b24ab4602099cd17c717bac8416
u01-s013-v008,question,optionAnalysis[0].reason,8,16,03afdc60b5a1954c44627cdeb949841a96b3e7ad7fe6fbd0acba08fa993f5df6
u01-s013-v008,question,optionAnalysis[1].choice,2,4,29650680568d050b423f54dc3c1180a3a946ae7f1e2b8008adc85a837d043292
u01-s013-v008,question,optionAnalysis[1].reason,5,15,4e4bd7918662f47f08a680df2ec4313afc3784560daeace6eb2c0f31c1106f5f
u01-s013-v008,question,optionAnalysis[2].choice,2,3,d3a60a92a5c83b9a9c489528ababfb1c336e63d6a0a9d66ab46de8dfdb77a4d4
u01-s013-v008,question,optionAnalysis[2].reason,31,77,272539438899f139f180fb28e749f38dbfe400cad346800f07f8412f1115125a
u01-s013-v008,question,optionAnalysis[3].choice,2,3,1ea7d4450ce9d13e95c9337baaad8e1475209eb365e36c100f0f0c78dd16dd47
u01-s013-v008,question,optionAnalysis[3].reason,13,17,d85a879eab744bc78dc223ad8a571c9afba74d2f7d233067d657d4a95185235c
u01-s013-v008,question,commonMistake,11,23,7e886e4a8a1d6771bb7ea225f25fd07f68fe9e6d4f59f761f238a7f6929d5f67
u01-s013-v008,question,concept,13,39,4dbf6d03db7cd0ffe4e951b04d311f6c2db12c91e0a494485ce89db961499dff
u01-s013-v008,question,tags[0],3,9,fd41540cbdbecb9b5fa7116d27c68e378548ab62ab7c7ca4494730a81ea87667
u01-s013-v008,question,tags[1],3,9,2b0399c9916b36ad8ff9b2310aaa222a05badca898d3e0ae833195a5594f57d9
u01-s013-v008,question,tags[2],8,8,d21f85ea38166303ce58e06134b5cc4a5c900c409ab2a500ff7c9225109a09bb
u01-s013-v008,question,estimatedTimeSec,2,2,39fa9ec190eee7b6f4dff1100d6343e10918d044c75eac8f9e9a2596173f80c9
u01-s013-v008,question,prerequisiteSkillIds[0],24,24,3b506eb2691a5267e26e8f2d58a55f41602c3f8c1c3853718ce477a3337b6166
u01-s013-v008,question,authoringIntent,8,24,db1e62834caafdd4a34e143488666cb331791a054c089f9a2b2d62306acdc5f5
u01-s013-v008,question,reviewStatus,22,22,ec809598e2f7fcc69fad54c9cd045bba62b4a0dc7c0ff90d4efdc3788c9ad8fb
u01-s013-v008,question,contentSha256,64,64,393ac7b40fef5468ad7b80f6d52cfb358d42f17aeaeb626e534e5e4496285062
u01-s013-v008,question,contentAuthority,25,25,ed40f75ffe3d6ad4e71f6e7919d063410490de360edb425965eccd605ca9d79e
u01-s013-v009,question,questionId,13,13,6b87183250aa96a8dc221641758049f6ba36b817f18eab3087419b306e9ec72e
u01-s013-v009,question,unitId,3,3,2055254ee30aaae13b777732834c89d7f799015d3af13b62fe05aeef8c3e0eaa
u01-s013-v009,question,topicId,21,21,6c2d9a40ebadba3338b6f5bafbe66da4ac6d33592472b5b2f23ccc9fa1c80ebb
u01-s013-v009,question,skillId,21,21,7b00b19a489da427db28315d822ef95d4808ac16f2df36e74e1c5570b7d4b5bc
u01-s013-v009,question,difficulty,8,8,d21f85ea38166303ce58e06134b5cc4a5c900c409ab2a500ff7c9225109a09bb
u01-s013-v009,question,type,2,2,6bc0f9c4ecb0acbebf1b9f6c816bdd66f4885f67c917d9e141cf893014fba936
u01-s013-v009,question,visualMode,9,9,9c7d54b0bf7a9369d8594201c7b11955514343809d09fbec33966c1fd9794015
u01-s013-v009,question,sourceScope,19,19,a4b669ddb8ef1883391c07a7b633f12eeaeecee7ec37c09eea4931aff6644346
u01-s013-v009,question,text,10,30,dc15b191ebf06a71a0ee8e6d5d97ffc7b1398d00c929fcd14e2e9f541e90d1a4
u01-s013-v009,question,choices[0],15,32,1c6e3d346ac79857a65c218d9070f6b76cb02dafab3b2b82a405f769f7c75617
u01-s013-v009,question,choices[1],8,13,fde55ec317efa5f7b633ef90f2b7b3719caec732ed625e08cd62f1173ebd6617
u01-s013-v009,question,choices[2],8,14,79626cd8e0f0e22747bcd469b1226343b192a4c2796fead9379bfedef4328611
u01-s013-v009,question,choices[3],8,12,4c19f5a6d0bbbbf1cd22b54b94d7816a27b6986edd735b6ba54d63080fc9e039
u01-s013-v009,question,explanation,27,81,c9f2a00f7c71e2c8fc036c74b380285f4d9a2d4d1fefb1699b82518eecf07b84
u01-s013-v009,question,steps[0],9,27,6dd2a91941c90e718722f662b8df0f72681ce31f0362d863f4f0ca4319f1be5a
u01-s013-v009,question,steps[1],8,24,cb0803f9caec5e10ffc1606d54d7bfa35d0325386e79b9d31b30809305223d2e
u01-s013-v009,question,steps[2],8,24,896d5e131e69ff1f908c08656aa7c17d5976a3a957f901b1faa0b43ae3a9a09e
u01-s013-v009,question,optionAnalysis[0].choice,15,32,1c6e3d346ac79857a65c218d9070f6b76cb02dafab3b2b82a405f769f7c75617
u01-s013-v009,question,optionAnalysis[0].reason,9,27,510d5975a65a2bdd75b71adf7fbc13b425e9cbfa4a7a81d860649f0175de55d9
u01-s013-v009,question,optionAnalysis[1].choice,8,13,fde55ec317efa5f7b633ef90f2b7b3719caec732ed625e08cd62f1173ebd6617
u01-s013-v009,question,optionAnalysis[1].reason,10,30,da819573b8ca4665d17576f8fdad9d8304d4b8fad0e61c102f5615450e40b5c8
u01-s013-v009,question,optionAnalysis[2].choice,8,14,79626cd8e0f0e22747bcd469b1226343b192a4c2796fead9379bfedef4328611
u01-s013-v009,question,optionAnalysis[2].reason,7,19,25e2a7213d39b4a922265a0bd47fd867e55c4abd000b1a68a046d1d914cf95b9
u01-s013-v009,question,optionAnalysis[3].choice,8,12,4c19f5a6d0bbbbf1cd22b54b94d7816a27b6986edd735b6ba54d63080fc9e039
u01-s013-v009,question,optionAnalysis[3].reason,8,22,d9b206d872ad34ff0d0d07f8156c3639d511c769e11f4da7e96765beaebdd77a
u01-s013-v009,question,commonMistake,14,42,c99d46879cf1f204121ee1c4e6bddc61d7458bff82e2b01eb71ddb26c43f1dd6
u01-s013-v009,question,concept,11,33,5bb6bfafd30f5e3d4dbed5be9da9699fe6d8262502964f7a98562ff75ece99bf
u01-s013-v009,question,tags[0],3,9,fd41540cbdbecb9b5fa7116d27c68e378548ab62ab7c7ca4494730a81ea87667
u01-s013-v009,question,tags[1],3,9,2b0399c9916b36ad8ff9b2310aaa222a05badca898d3e0ae833195a5594f57d9
u01-s013-v009,question,tags[2],8,8,d21f85ea38166303ce58e06134b5cc4a5c900c409ab2a500ff7c9225109a09bb
u01-s013-v009,question,estimatedTimeSec,2,2,39fa9ec190eee7b6f4dff1100d6343e10918d044c75eac8f9e9a2596173f80c9
u01-s013-v009,question,prerequisiteSkillIds[0],24,24,3b506eb2691a5267e26e8f2d58a55f41602c3f8c1c3853718ce477a3337b6166
u01-s013-v009,question,authoringIntent,12,36,a920cc0c83b049c3b1fa14cbee641da6a53e106382534cf87953076548b8574a
u01-s013-v009,question,reviewStatus,22,22,ec809598e2f7fcc69fad54c9cd045bba62b4a0dc7c0ff90d4efdc3788c9ad8fb
u01-s013-v009,question,contentSha256,64,64,a18ca86c972dabcef54b733d633a4536ca7f284dffdff8476f93a208d29e9d75
u01-s013-v009,question,contentAuthority,25,25,ed40f75ffe3d6ad4e71f6e7919d063410490de360edb425965eccd605ca9d79e
u01-s013-v010,question,questionId,13,13,fe87fb0c41f2f1042f6990e20cbee53da296277835af634df3ab875b30223715
u01-s013-v010,question,unitId,3,3,2055254ee30aaae13b777732834c89d7f799015d3af13b62fe05aeef8c3e0eaa
u01-s013-v010,question,topicId,21,21,6c2d9a40ebadba3338b6f5bafbe66da4ac6d33592472b5b2f23ccc9fa1c80ebb
u01-s013-v010,question,skillId,21,21,7b00b19a489da427db28315d822ef95d4808ac16f2df36e74e1c5570b7d4b5bc
u01-s013-v010,question,difficulty,8,8,578756ca4aa16d8872610a5aaa78460fd30fbe93379ff7284fe65d66ca606755
u01-s013-v010,question,type,2,2,6bc0f9c4ecb0acbebf1b9f6c816bdd66f4885f67c917d9e141cf893014fba936
u01-s013-v010,question,visualMode,9,9,9c7d54b0bf7a9369d8594201c7b11955514343809d09fbec33966c1fd9794015
u01-s013-v010,question,sourceScope,19,19,a4b669ddb8ef1883391c07a7b633f12eeaeecee7ec37c09eea4931aff6644346
u01-s013-v010,question,text,48,120,fc5a7664103dbbc6d3ba39c4330b0b557af11648c4457834ae550a85235a95a9
u01-s013-v010,question,choices[0],3,5,3174fe89052089f096c7f6afab07d683d2bce86cb9c2822d5961654820667b1f
u01-s013-v010,question,choices[1],2,4,0eb0821388f50c55876c5c33806dd75f377399b403a651e09ed5964ffc2ed6ea
u01-s013-v010,question,choices[2],2,4,fb8708c36c3588df1210eba5db52026ee513b4d317a056afaf2ef856a08110a4
u01-s013-v010,question,choices[3],2,3,5c3a4f0e94a0b5a786ed5fd8c78e77055a6a3d59c821a567f6a9b806beaa954a
u01-s013-v010,question,explanation,26,63,8ee745538144d7375ec780af89d241e17994861e9d1829499681ceb4f7df699e
u01-s013-v010,question,steps[0],5,12,3fc1e3202513b67dcf3b2a1a8f796495ad9b2624419e47866223a23fd4a2e69b
u01-s013-v010,question,steps[1],5,13,338b4db52c14c04d7701b1fa44045e8f48ea0ec14d5975549c80df92f3e65fb9
u01-s013-v010,question,steps[2],13,37,92a8641e827b111a3331110dfda3e32bd25b9479d41e5c015f83b1da2b1b7208
u01-s013-v010,question,optionAnalysis[0].choice,3,5,3174fe89052089f096c7f6afab07d683d2bce86cb9c2822d5961654820667b1f
u01-s013-v010,question,optionAnalysis[0].reason,6,18,452b9ebdb3b8cab515f0ed5e560d622c21e8ed74a594594e763673a96e8060de
u01-s013-v010,question,optionAnalysis[1].choice,2,4,0eb0821388f50c55876c5c33806dd75f377399b403a651e09ed5964ffc2ed6ea
u01-s013-v010,question,optionAnalysis[1].reason,11,15,a7f4932c701ff674db510ca5711ac1c010a288ba9345e5d27271ab9344a5ca3a
u01-s013-v010,question,optionAnalysis[2].choice,2,4,fb8708c36c3588df1210eba5db52026ee513b4d317a056afaf2ef856a08110a4
u01-s013-v010,question,optionAnalysis[2].reason,6,16,d2af117b90130c96eb435b46a0038369f037283b2deee722dc6d82d7c4c1aede
u01-s013-v010,question,optionAnalysis[3].choice,2,3,5c3a4f0e94a0b5a786ed5fd8c78e77055a6a3d59c821a567f6a9b806beaa954a
u01-s013-v010,question,optionAnalysis[3].reason,6,18,8f1b38096bc1c529f60a1d1e5bfa2d352b76c104f4828481876238d8007ceedd
u01-s013-v010,question,commonMistake,16,40,886aefbed6f32ff3c8a3042de3f16d3aeec2d9edca75d7b2b358bf52dc505854
u01-s013-v010,question,concept,13,39,f303cbde114b73e9057057d96242b084d59ac7e282df4b534f9178c99316283d
u01-s013-v010,question,tags[0],3,9,fd41540cbdbecb9b5fa7116d27c68e378548ab62ab7c7ca4494730a81ea87667
u01-s013-v010,question,tags[1],3,9,2b0399c9916b36ad8ff9b2310aaa222a05badca898d3e0ae833195a5594f57d9
u01-s013-v010,question,tags[2],8,8,578756ca4aa16d8872610a5aaa78460fd30fbe93379ff7284fe65d66ca606755
u01-s013-v010,question,estimatedTimeSec,2,2,69f59c273b6e669ac32a6dd5e1b2cb63333d8b004f9696447aee2d422ce63763
u01-s013-v010,question,prerequisiteSkillIds[0],24,24,3b506eb2691a5267e26e8f2d58a55f41602c3f8c1c3853718ce477a3337b6166
u01-s013-v010,question,authoringIntent,11,33,494bc726a2c4604899214db08742fe88536c3ce04742cf6551926a805ad2df28
u01-s013-v010,question,literacyContextNecessity,22,58,36dfd5285fda8bcf330946170eea520121093be866e70badb6c33f05018b3d60
u01-s013-v010,question,reviewStatus,22,22,ec809598e2f7fcc69fad54c9cd045bba62b4a0dc7c0ff90d4efdc3788c9ad8fb
u01-s013-v010,question,contentSha256,64,64,6b66308108c1e559f9005694e3c06b13b8c4f40fedd46f4b8dd4ba1a08439f6c
u01-s013-v010,question,contentAuthority,25,25,ed40f75ffe3d6ad4e71f6e7919d063410490de360edb425965eccd605ca9d79e
u01-s013-v011,question,questionId,13,13,0c59a1f28182ea3a7e44349a81ac5f2057ea532442df24b07aba6da0a3d8920f
u01-s013-v011,question,unitId,3,3,2055254ee30aaae13b777732834c89d7f799015d3af13b62fe05aeef8c3e0eaa
u01-s013-v011,question,topicId,21,21,6c2d9a40ebadba3338b6f5bafbe66da4ac6d33592472b5b2f23ccc9fa1c80ebb
u01-s013-v011,question,skillId,21,21,7b00b19a489da427db28315d822ef95d4808ac16f2df36e74e1c5570b7d4b5bc
u01-s013-v011,question,difficulty,8,8,578756ca4aa16d8872610a5aaa78460fd30fbe93379ff7284fe65d66ca606755
u01-s013-v011,question,type,2,2,6bc0f9c4ecb0acbebf1b9f6c816bdd66f4885f67c917d9e141cf893014fba936
u01-s013-v011,question,visualMode,9,9,9c7d54b0bf7a9369d8594201c7b11955514343809d09fbec33966c1fd9794015
u01-s013-v011,question,sourceScope,19,19,a4b669ddb8ef1883391c07a7b633f12eeaeecee7ec37c09eea4931aff6644346
u01-s013-v011,question,text,34,89,2006180c58cf8ad9a5b4e443b40dbd8cdd3b20025ab3ae45af6a7426d43945fb
u01-s013-v011,question,choices[0],3,5,f7cad148a301c07d63098daa70246ace728705b72fc6c37d35da3b155ee85755
u01-s013-v011,question,choices[1],3,5,02ef37b5731a3330238c57dd8b26f2c423bea3aea242bed7c76618d1af8dd748
u01-s013-v011,question,choices[2],3,5,b20110ddc154b48b3c52ca3fe59ccd76d86259e8d36b335ab2eb6d615d13455b
u01-s013-v011,question,choices[3],3,4,528a72e65902d82f1142d9e13c711c2843bea433127f17cf8cbea440d1439f88
u01-s013-v011,question,explanation,22,45,4215f2c61343dadf0a2f884585f0abaeb2ddc35f8a27450d985d23223b5ce4a2
u01-s013-v011,question,steps[0],9,22,65dbac98d695ed56986cde955c914d877a8417d3656ce8b1534ba729d278b8fd
u01-s013-v011,question,steps[1],7,21,dbc5db0d3c5e52ce5a5a5dbeafbbe2ebac8ab32e613767cdcba62dbc6b6b6bb2
u01-s013-v011,question,steps[2],6,9,9252bf607e113e099da338d5d6cbde315dbba096108fe97e1c65e729cffda1e6
u01-s013-v011,question,optionAnalysis[0].choice,3,5,f7cad148a301c07d63098daa70246ace728705b72fc6c37d35da3b155ee85755
u01-s013-v011,question,optionAnalysis[0].reason,8,24,bbba017279cba9d60ec7993f17ccba3ba928e777fe13b4ed1b1257a1020bff9e
u01-s013-v011,question,optionAnalysis[1].choice,3,5,02ef37b5731a3330238c57dd8b26f2c423bea3aea242bed7c76618d1af8dd748
u01-s013-v011,question,optionAnalysis[1].reason,9,27,b6bed09891f30412c7431113091df7088dbaab51a0703c12b91ce7fddaf9bcc7
u01-s013-v011,question,optionAnalysis[2].choice,3,5,b20110ddc154b48b3c52ca3fe59ccd76d86259e8d36b335ab2eb6d615d13455b
u01-s013-v011,question,optionAnalysis[2].reason,20,27,d299122bc4a6c14cd02d6c4d2e32cfaa6f2ee1421c459bbdd49d774834328ff4
u01-s013-v011,question,optionAnalysis[3].choice,3,4,528a72e65902d82f1142d9e13c711c2843bea433127f17cf8cbea440d1439f88
u01-s013-v011,question,optionAnalysis[3].reason,7,21,36b24f431cb009cd9cba072edf0311572c62feafe737ac62464d23dbbadffebf
u01-s013-v011,question,commonMistake,13,25,0377d9c611a736ecd72c974119a6f55693ff3f3308b394a32c12702e73811179
u01-s013-v011,question,concept,14,42,e868bb31a78be46441e92b8dafc9510f3974439c3bd277f884d1238bf795acc0
u01-s013-v011,question,tags[0],3,9,fd41540cbdbecb9b5fa7116d27c68e378548ab62ab7c7ca4494730a81ea87667
u01-s013-v011,question,tags[1],3,9,2b0399c9916b36ad8ff9b2310aaa222a05badca898d3e0ae833195a5594f57d9
u01-s013-v011,question,tags[2],8,8,578756ca4aa16d8872610a5aaa78460fd30fbe93379ff7284fe65d66ca606755
u01-s013-v011,question,estimatedTimeSec,2,2,69f59c273b6e669ac32a6dd5e1b2cb63333d8b004f9696447aee2d422ce63763
u01-s013-v011,question,prerequisiteSkillIds[0],24,24,3b506eb2691a5267e26e8f2d58a55f41602c3f8c1c3853718ce477a3337b6166
u01-s013-v011,question,authoringIntent,16,38,e5b3b7c8d26c4632b0fc42d8e0b4577fff1bb4abd2c769bb3b1e8622775a2932
u01-s013-v011,question,literacyContextNecessity,14,42,b7c0ffdcc10190d5c0890bfd5223aab7e7d760a157765615ef9f0056c7059406
u01-s013-v011,question,reviewStatus,22,22,ec809598e2f7fcc69fad54c9cd045bba62b4a0dc7c0ff90d4efdc3788c9ad8fb
u01-s013-v011,question,contentSha256,64,64,a44505708210ea23028ad0d422115427e871f31ec49b1f7e14c4a529436fc434
u01-s013-v011,question,contentAuthority,25,25,ed40f75ffe3d6ad4e71f6e7919d063410490de360edb425965eccd605ca9d79e
u01-s013-v012,question,questionId,13,13,f816539f347edc100d2354288e43c758cf57317c5ee48fbb92f48ebc418a2dca
u01-s013-v012,question,unitId,3,3,2055254ee30aaae13b777732834c89d7f799015d3af13b62fe05aeef8c3e0eaa
u01-s013-v012,question,topicId,21,21,6c2d9a40ebadba3338b6f5bafbe66da4ac6d33592472b5b2f23ccc9fa1c80ebb
u01-s013-v012,question,skillId,21,21,7b00b19a489da427db28315d822ef95d4808ac16f2df36e74e1c5570b7d4b5bc
u01-s013-v012,question,difficulty,8,8,578756ca4aa16d8872610a5aaa78460fd30fbe93379ff7284fe65d66ca606755
u01-s013-v012,question,type,2,2,6bc0f9c4ecb0acbebf1b9f6c816bdd66f4885f67c917d9e141cf893014fba936
u01-s013-v012,question,visualMode,9,9,9c7d54b0bf7a9369d8594201c7b11955514343809d09fbec33966c1fd9794015
u01-s013-v012,question,sourceScope,19,19,a4b669ddb8ef1883391c07a7b633f12eeaeecee7ec37c09eea4931aff6644346
u01-s013-v012,question,text,29,73,e528aef0ae1b1df131197e72f78cfa729ede108c0ae9a70e83cc9e8363da7c70
u01-s013-v012,question,choices[0],2,4,db8836f64eb2d2590ed055a5eaf5a92046a622f4ee9b776ab5661c752385c126
u01-s013-v012,question,choices[1],3,6,99e1eaa82cc7ae3bc9c2ef5fb8e2e768725556d52e6e40c2a31b7ba988ba7311
u01-s013-v012,question,choices[2],3,6,082d702facd1c26b03ffa16db796b56e8b66245b71f15f7fd9fe21aa409b83cb
u01-s013-v012,question,choices[3],3,5,cbc14bc1f823c517594b99ca768d6b24e93bf8983a5d3f0ddc25dc88840c7789
u01-s013-v012,question,explanation,22,43,a4d1c1c0269be8c0a08c98d16443b0927da31f183a42e74edddb69953d90baf0
u01-s013-v012,question,steps[0],7,16,9672cc0344391532907778ad4a39189fffe3cfd506f79b671e338dbfbfecc984
u01-s013-v012,question,steps[1],9,24,d3f603021541f971d16d461f0585d7d211ca1afd2aeb575314140784b5239325
u01-s013-v012,question,steps[2],10,26,de804c4b8af79a7edee8c2142e8c53eb5a894d31c209b9114ca22222a09e85cf
u01-s013-v012,question,optionAnalysis[0].choice,2,4,db8836f64eb2d2590ed055a5eaf5a92046a622f4ee9b776ab5661c752385c126
u01-s013-v012,question,optionAnalysis[0].reason,6,14,eedd329b90cc6e5b5581f1a341e1955c16824a86734bd3a22d88558e0c47dcfb
u01-s013-v012,question,optionAnalysis[1].choice,3,6,99e1eaa82cc7ae3bc9c2ef5fb8e2e768725556d52e6e40c2a31b7ba988ba7311
u01-s013-v012,question,optionAnalysis[1].reason,9,25,49f49904e45df2e4ba39bdcf361e8f162912d9441c4a89f96d835d4836fcbfa4
u01-s013-v012,question,optionAnalysis[2].choice,3,6,082d702facd1c26b03ffa16db796b56e8b66245b71f15f7fd9fe21aa409b83cb
u01-s013-v012,question,optionAnalysis[2].reason,5,11,9c21d5586484b2edea99fd968b79a4a76994aac50571a3ddedca0ddba3c7d8a1
u01-s013-v012,question,optionAnalysis[3].choice,3,5,cbc14bc1f823c517594b99ca768d6b24e93bf8983a5d3f0ddc25dc88840c7789
u01-s013-v012,question,optionAnalysis[3].reason,20,34,45c0e0576bdd81e8b767621c8d0b7d490f5a4c1d1a4f6edae31813d2e8803f3e
u01-s013-v012,question,commonMistake,10,26,69e7b97b6297cb07dc8abdba5ad45f8f57a09780c3d01b09591b4ef5030ed3f9
u01-s013-v012,question,concept,12,36,73975accc6db4c7f2ef272098f232bc7b9855f5597de7f7364d6663e74f8fba0
u01-s013-v012,question,tags[0],3,9,fd41540cbdbecb9b5fa7116d27c68e378548ab62ab7c7ca4494730a81ea87667
u01-s013-v012,question,tags[1],3,9,2b0399c9916b36ad8ff9b2310aaa222a05badca898d3e0ae833195a5594f57d9
u01-s013-v012,question,tags[2],8,8,578756ca4aa16d8872610a5aaa78460fd30fbe93379ff7284fe65d66ca606755
u01-s013-v012,question,estimatedTimeSec,2,2,ad48ff99415b2f007dc35b7eb553fd1eb35ebfa2f2f308acd9488eeb86f71fa8
u01-s013-v012,question,prerequisiteSkillIds[0],24,24,3b506eb2691a5267e26e8f2d58a55f41602c3f8c1c3853718ce477a3337b6166
u01-s013-v012,question,authoringIntent,17,51,36e2efce654516b5a1283c274f9cfbe07ba1a8157e958a2e61738bcc286f0500
u01-s013-v012,question,literacyContextNecessity,27,79,72c1f8b3366f728ea74eb022430cf419fad11a6884bcf79e7f6679bc514d0d97
u01-s013-v012,question,reviewStatus,22,22,ec809598e2f7fcc69fad54c9cd045bba62b4a0dc7c0ff90d4efdc3788c9ad8fb
u01-s013-v012,question,contentSha256,64,64,c4b9bf53e83ef770eab884884969ecae92992a1498e21f44c08b367e409bcf27
u01-s013-v012,question,contentAuthority,25,25,ed40f75ffe3d6ad4e71f6e7919d063410490de360edb425965eccd605ca9d79e
u01-s013-cr001,question,questionId,14,14,55ee5a3a24411cbe8215210d5369948c4a96879ca4a4e1d7de4dfc9dd076d7e4
u01-s013-cr001,question,unitId,3,3,2055254ee30aaae13b777732834c89d7f799015d3af13b62fe05aeef8c3e0eaa
u01-s013-cr001,question,topicId,21,21,6c2d9a40ebadba3338b6f5bafbe66da4ac6d33592472b5b2f23ccc9fa1c80ebb
u01-s013-cr001,question,skillId,21,21,7b00b19a489da427db28315d822ef95d4808ac16f2df36e74e1c5570b7d4b5bc
u01-s013-cr001,question,difficulty,8,8,fe6d3468cf5c74d8ec2a95b40f2e05338c37a4202f8fad692d2b64a9cf9b468a
u01-s013-cr001,question,type,20,20,e519496c259191db041ac61161dbfadb673dd94a10a123ed7423adcf7968ae7c
u01-s013-cr001,question,visualMode,9,9,9c7d54b0bf7a9369d8594201c7b11955514343809d09fbec33966c1fd9794015
u01-s013-cr001,question,prompt,26,69,6e8e26ecb579528d7ac463db0b7f78e5fbeb0af4574548e6771091c74dd2542d
u01-s013-cr001,question,requiredWork[0],9,27,932247e34c3cfb28f34b99b8724db6a54c7aedf00454e605b2664e21588edd86
u01-s013-cr001,question,requiredWork[1],9,27,20c3e892625f00d4185a4e2ab4a1f022880fb03f65ef132d056db494b7dc9187
u01-s013-cr001,question,fullCreditSolution[0],16,38,408529063564d8bb41a136057b0491d70e5525aa071d21c96e699343d8e98c66
u01-s013-cr001,question,fullCreditSolution[1],16,39,fd23afe59ee13a2238f3d231d6a63e2bae2645c61724995993fafa7f8917a8a6
u01-s013-cr001,question,fullCreditSolution[2],8,16,12d4472b8c9160a29ecf546385ddcc5017fb1c581fc923d94921685cd2cd2019
u01-s013-cr001,question,alternativeSolutions[0],26,56,67c5f0649954046e138c998cf235ccb196096697735cfdf796c6734029665e20
u01-s013-cr001,question,rubric[0].criteria,18,48,c97b9874d5c456102451281921d98030f4f0347d50bccc2373511b2f280730a0
u01-s013-cr001,question,rubric[1].criteria,12,36,03e74a651b6a4e345774d09354799f9820a6423b236116d6bc6839e4784d702f
u01-s013-cr001,question,rubric[2].criteria,16,38,b7173b70104b34214b34d74185bcbd9b2be997847b0f69e1434c9c3408172448
u01-s013-cr001,question,rubric[3].criteria,9,27,165595fa91e857b804137d70617234c5c31e835a455a963e5e934f5bb87981a2
u01-s013-cr001,question,scoringNotes[0],8,22,688e9806a757ba5f676a19b167c0e51fb5d97322c9699180166862dfafc73741
u01-s013-cr001,question,commonErrors[0],4,10,95a5998d88abb1bc8124555ac952cd6272a3271f50a5a883b328d6f7d4791207
u01-s013-cr001,question,commonErrors[1],6,10,83e24d59f0e2b86600b4a30bc72aea778b9f98601c2ce1522d93758851bed00a
u01-s013-cr001,question,commonErrors[2],6,12,f5febc7d72965046ed697c10eade404fe942533fb4cd070ecfdc9a9e28f8345a
u01-s013-cr001,question,independentReview.derivedResult,6,10,6b7928f98d1394bdafa36e579404fedca28cf7fddb2270866c1d1f8bde580482
u01-s013-cr001,question,independentReview.ambiguity,4,4,140bedbf9c3f6d56a9846d2ba7088798683f4da0c248231336e6a05679e4fdfe
u01-s013-cr001,question,independentReview.decision,4,4,d74ff0ee8da3b9806b18c877dbf29bbde50b5bd8e4dad7a3a725000feb82e8f1
u01-s013-cr001,question,contentSha256,64,64,01dfe29639b0c2845765582b67bec5c9a1b479f8aa9f739a1f6c0d8271c53d7e
u01-s013-cr001,question,contentAuthority,25,25,ed40f75ffe3d6ad4e71f6e7919d063410490de360edb425965eccd605ca9d79e
u01-s013-cr002,question,questionId,14,14,0beefe5484fc7e098e5185dcc487d1a4d11b613d07920c45189b6890187c2758
u01-s013-cr002,question,unitId,3,3,2055254ee30aaae13b777732834c89d7f799015d3af13b62fe05aeef8c3e0eaa
u01-s013-cr002,question,topicId,21,21,6c2d9a40ebadba3338b6f5bafbe66da4ac6d33592472b5b2f23ccc9fa1c80ebb
u01-s013-cr002,question,skillId,21,21,7b00b19a489da427db28315d822ef95d4808ac16f2df36e74e1c5570b7d4b5bc
u01-s013-cr002,question,difficulty,8,8,d21f85ea38166303ce58e06134b5cc4a5c900c409ab2a500ff7c9225109a09bb
u01-s013-cr002,question,type,20,20,e519496c259191db041ac61161dbfadb673dd94a10a123ed7423adcf7968ae7c
u01-s013-cr002,question,visualMode,9,9,9c7d54b0bf7a9369d8594201c7b11955514343809d09fbec33966c1fd9794015
u01-s013-cr002,question,prompt,35,86,bf5276ccca1b89c36e185b5f404f168e0437babbf89d4b023beac41a503eb70b
u01-s013-cr002,question,requiredWork[0],11,27,5c22e2156773b3493ff7babc647777559d75cad80b1c4b5af279bc9728d6a27a
u01-s013-cr002,question,requiredWork[1],10,30,fac490dfbaf08207a83d73492fb89178125c104c8a9793d226967feb1efb6ea4
u01-s013-cr002,question,requiredWork[2],7,21,f51050cd0acba8d64a481350826e1c349d887f89cbdaccaf35a37a83c00b75b0
u01-s013-cr002,question,fullCreditSolution[0],13,22,0cb87b72572f44353af7853a1fe957760570f0ec368f49170f40b1944d15cd5c
u01-s013-cr002,question,fullCreditSolution[1],12,19,b38c26850cc3208d39403fed353f093327a7e7de3bf08ae404758f78c5a4d9fa
u01-s013-cr002,question,fullCreditSolution[2],25,37,23c9f7a5fb3a30d17585ab05745c35cd02cd8c17142c1bc5ca1de84761ccb11e
u01-s013-cr002,question,fullCreditSolution[3],25,61,cd59dedccef6eeb73de3c8153a0bcabb64f47bedad58430b7477ab8a20a422c0
u01-s013-cr002,question,alternativeSolutions[0],18,49,fceb2dd71a5df1cc76e044c9cf50352da9546be8316bf516836dba9b315d7cea
u01-s013-cr002,question,rubric[0].criteria,16,44,6317020b399402563a056fd54686baec1be8b261f1399b500485036f006bf0c4
u01-s013-cr002,question,rubric[1].criteria,22,66,44ba99c9feb09055ed82fe1005a112c8af70842059dda784b9ad69e6c27774cc
u01-s013-cr002,question,rubric[2].criteria,19,52,4958b0e263cf6e5c493fe626384873982cda3c8db25bbe5dcad79761b093f1b7
u01-s013-cr002,question,rubric[3].criteria,15,45,db1aac26b1c7f664a4e2745e5f8ec08ef3e0bb92f0a48e638417604c42f31126
u01-s013-cr002,question,scoringNotes[0],15,33,b04f5f403109f846ddcdbba0b81001755bbe808fda3c357e2b578fea4cfe57f5
u01-s013-cr002,question,commonErrors[0],7,17,0ef1c7d8cdc7b0c64cf5523f1c9fe73a13fa511c4c39ec1c9c2a2017138bb775
u01-s013-cr002,question,commonErrors[1],8,24,89e9c36e523c65bd68222dc03b34ac77a008da090313f2eeef2c3a941c49e5e6
u01-s013-cr002,question,commonErrors[2],5,13,a1ea2f54d02b111e8e5e5486117ca9d2d8a900b3045701b2ddf741fc36ce225e
u01-s013-cr002,question,independentReview.derivedResult,4,8,dd23201b01cb9bd169b072a328d70a7fcfd06bf113ba4eac431ea803ebcc5233
u01-s013-cr002,question,independentReview.ambiguity,4,4,140bedbf9c3f6d56a9846d2ba7088798683f4da0c248231336e6a05679e4fdfe
u01-s013-cr002,question,independentReview.decision,4,4,d74ff0ee8da3b9806b18c877dbf29bbde50b5bd8e4dad7a3a725000feb82e8f1
u01-s013-cr002,question,contentSha256,64,64,19b991dea6e5ea9786cd8d64c03d4babb0b4f33d8f9ebcff0985ebe20a410bcf
u01-s013-cr002,question,contentAuthority,25,25,ed40f75ffe3d6ad4e71f6e7919d063410490de360edb425965eccd605ca9d79e
