artifactId,artifactType,fieldPath,unicodeCharacterCount,utf8ByteCount,utf8Sha256
u03-s005-lecture-r1,lecture,lectureId,19,19,261e460c03769e77bc4c7cb85e773604a12daf5991f104913df72505d4806424
u03-s005-lecture-r1,lecture,unitId,3,3,97ce842ec69dee17c1842918e63b9d4042fa4b35007146dcfb80a09c5000888a
u03-s005-lecture-r1,lecture,topicId,27,27,5edc6d8adc97105fb624f3211c5e8b14178a37949edbbef037f75ad528a701a5
u03-s005-lecture-r1,lecture,skillId,27,27,a2292f3ef313214a54270bb26312b0c4164964f6d54023fc2f4cd22d0d8caa7e
u03-s005-lecture-r1,lecture,title,22,66,9643a5d23d6fdfe99b55aa23c5099d03e9d50e9b5a504531473ee21f4f601966
u03-s005-lecture-r1,lecture,audience,10,30,e6b4416fbd9f36797de01256b31a4d6f6314e126fde8495e25792c814f64fc5f
u03-s005-lecture-r1,lecture,reviewStatus,22,22,ec809598e2f7fcc69fad54c9cd045bba62b4a0dc7c0ff90d4efdc3788c9ad8fb
u03-s005-lecture-r1,lecture,learningOutcomes[0],12,36,c86fe9234d2d2123af15859685c8fc66751c2f64ef8ecd52df705ec09aa92353
u03-s005-lecture-r1,lecture,learningOutcomes[1],15,45,d1f5aee03117e26e1d0795c52be78970f752e5705306c97eba0716e0f09501ee
u03-s005-lecture-r1,lecture,learningOutcomes[2],17,51,5f5b334a5631c6b870edfb27ff8909adfaff9660ca5c60d3b97fb63ef125f399
u03-s005-lecture-r1,lecture,learningOutcomes[3],16,48,30532da7bfaf97406f0a3182cdda5194910d95ad1458b76937049e4cb2ea535a
u03-s005-lecture-r1,lecture,prerequisites[0].skillId,29,29,1fa435421e21dd4e51711d9deb743dbe0e1833fa8edad9d1c796c54493db5e93
u03-s005-lecture-r1,lecture,prerequisites[0].requiredLevel,24,72,5dc80b034ef801f1e822db91b4ff86f8188afddda33efb539eea7741b28c6ee0
u03-s005-lecture-r1,lecture,glossary[0].term,4,12,04e9fb377361a2929dc9c48d3fc2567bac2aaced94b9c6200179425b327880ba
u03-s005-lecture-r1,lecture,glossary[0].definition,13,39,b018fb81e8701731b492cee9f6cbd2b3883dc724bea2a2abb41dee1a4c66a419
u03-s005-lecture-r1,lecture,glossary[1].term,3,9,ddf3bb59163306a8c9200ca974442b0c195262e783de74aeae70fd73ed0ca6d1
u03-s005-lecture-r1,lecture,glossary[1].definition,11,33,8b0462ab64a49135544e9b9740af73740d6961100dccbefc8759f7e6f2353df7
u03-s005-lecture-r1,lecture,glossary[2].term,4,12,e7dd7901b7883731fba720b9191901af3880db7cfa5541e3bd9447c65703fe9c
u03-s005-lecture-r1,lecture,glossary[2].definition,12,36,35dedbbf9fea283737d04f0485f2bdb33ee8bfd1c49da06f002f6e96fb5d1743
u03-s005-lecture-r1,lecture,glossary[3].term,3,9,a885d91b4778d73b6590bf4128445ad2f727455f13f9c11b1da332943ab1ac9b
u03-s005-lecture-r1,lecture,glossary[3].definition,18,54,43fd135534843b4bd994f90e649f5f236c9d612dc808175e0c6b6e0cfdcc8640
u03-s005-lecture-r1,lecture,notation[0].symbol,6,6,3e29a9529b5516135197361e4b8c17c5878374df10ce834a82df2e44ec82fddf
u03-s005-lecture-r1,lecture,notation[0].meaning,14,34,c6c796439ac4bf9cec77ad4af0e1a01189655011e55244c53d6aa895f097296c
u03-s005-lecture-r1,lecture,notation[1].symbol,10,10,03f95200dde8270da42eea8849f2af6be9b9273695af0252c1315b960254db95
u03-s005-lecture-r1,lecture,notation[1].meaning,12,36,ebddaa65842110c8c35bb4b40388338019bae03bc4aad8824693e09e26eac971
u03-s005-lecture-r1,lecture,conceptNarrative[0],21,63,aed7e1df4dd10d937dab901c08386e3cd799343fe84d8151f6776bb4de84f217
u03-s005-lecture-r1,lecture,conceptNarrative[1],27,81,acc86972bebbc6191f9de470b3efdca6a4d1de739f7ed0a04c35cdda94a5aabb
u03-s005-lecture-r1,lecture,conceptNarrative[2],21,59,5b4d0bcc983edfbd026096563ef26334169308cf9ddfbd93966b7839f56d7ca2
u03-s005-lecture-r1,lecture,conceptNarrative[3],39,106,1023a2a806ec3645fd0801d94083ace43199e996d0118ad4d20832e3340102ed
u03-s005-lecture-r1,lecture,formalDefinitions[0].name,5,15,7d8296d57871cbf15306d0fdf97625fc2f64d5d5256704246246d92ad502e734
u03-s005-lecture-r1,lecture,formalDefinitions[0].statement,15,17,d2d63379535e92353de2204202708b71c1da6712e3e3cc7567df0de531db231a
u03-s005-lecture-r1,lecture,formalDefinitions[1].name,5,15,b9eb775c2f2ad9d9103f4ca133d432910806684091817bfe9ac953cdabe2db8d
u03-s005-lecture-r1,lecture,formalDefinitions[1].statement,16,44,ecc533fa9f5c9d91b985b3fc0c7db133941ebe4feb0e28cd2bd9981775c37eac
u03-s005-lecture-r1,lecture,formulas[0].formula,18,20,077b7ca9b55313909c462f939d62840fbcecdf3a95f804bc0b02133319147bd8
u03-s005-lecture-r1,lecture,formulas[0].conditions[0],3,5,5e77216f112bbd32f0d522f21fb63bdc679d9688a4a98f77b04e8de5086d7660
u03-s005-lecture-r1,lecture,formulas[0].meaning,8,22,956a372af48108aa11fc26fd3f83712d28a6089e8f142c133d9e63ae83bd8603
u03-s005-lecture-r1,lecture,formulas[1].formula,10,10,3ed41d5baee77b3423cd712ed317c2631bb561156c20a3dc5b6571cd8e62ccd9
u03-s005-lecture-r1,lecture,formulas[1].conditions[0],10,26,87813ec6d2fe6f3a7015e655906b768907ce54f220f472fefbf564cd7b5915c9
u03-s005-lecture-r1,lecture,formulas[1].meaning,9,27,72a9c40a4e9173a09ff88f82a3fe121d4f680993dcbc43452feead883b5b0f6b
u03-s005-lecture-r1,lecture,nonApplicableCases[0],16,28,01c8706d10da127b38367bac3c085ccecdb4f550c5e991066c2f1fa0fadc28be
u03-s005-lecture-r1,lecture,nonApplicableCases[1],15,45,ba090096cb30f32cd34b82f0e2cfa185cf52147fb781af75540f23a60a7d7e03
u03-s005-lecture-r1,lecture,nonApplicableCases[2],18,54,c226953e8e0e19b97f1d3dae87d6a27aa8dba36d04db713a1a6ea60e45f1461f
u03-s005-lecture-r1,lecture,nonApplicableCases[3],12,36,49067b9892812976bee53faf214fc853a259eae8e28b1ed5c65bd5b0e3df00d1
u03-s005-lecture-r1,lecture,method[0].instruction,17,51,2896faf8c8c063e08e8fc46b7d6237d15ca1c8044550f0041b98209518da7376
u03-s005-lecture-r1,lecture,method[0].check,11,33,28bd716992419e7f3fa4923c460703a884c27a0afdb456da3f82f20f6338b7dd
u03-s005-lecture-r1,lecture,method[1].instruction,13,39,157268f2ba018d002e84f91b461559d1c490d84602d273b191dedbda6f9720f2
u03-s005-lecture-r1,lecture,method[1].check,9,27,1ea2ba566827998e10816b313c3c9e95e1d67ae988fd5e5b6024626e40515e2b
u03-s005-lecture-r1,lecture,method[2].instruction,10,30,ac307ea939df88b2909ac8dacd4704eb3c6ff891abc17a7b243a75769404bbe0
u03-s005-lecture-r1,lecture,method[2].check,9,27,b4037dba89336a046dc7f8b4e6c50df9317aad593d8b1342b27f375c6051a778
u03-s005-lecture-r1,lecture,method[3].instruction,13,39,b9cb0aa8902dfa1ad7322d899dffd773a5bdba8fd46007098afbb1de423bfa34
u03-s005-lecture-r1,lecture,method[3].check,10,30,a88fce35420b76309de614b0c09f7a22cd804ba577e71dda9214d94ed785850b
u03-s005-lecture-r1,lecture,method[4].instruction,10,30,f96ebfca69f12ab5db5ad6696f8095973173599f90e27063775a4eabafaabc19
u03-s005-lecture-r1,lecture,method[4].check,11,33,6729cc74189b389fffdea59389b2fc2ae6bd3603b6b1dd9227179b375f2929ab
u03-s005-lecture-r1,lecture,workedExamples[0].exampleId,2,2,dffe8596427fc50e8f64654a609af134d45552f18bbecef90b31135a9e7acaa0
u03-s005-lecture-r1,lecture,workedExamples[0].prompt,11,15,d35768c48db98c1a5188c544a3c4f147fcb614d91ff08d4371ce9e16b012773f
u03-s005-lecture-r1,lecture,workedExamples[0].solutionSteps[0],11,21,054b85747b38c0d3225b171f68b3aa344e747355067ab24445e81a6013df394b
u03-s005-lecture-r1,lecture,workedExamples[0].solutionSteps[1],4,6,07ff8b14e36f7cdbb09ce6fb8eaaf2f503c5cd4a99faa728086e76235bae61eb
u03-s005-lecture-r1,lecture,workedExamples[0].answer,2,4,2283f05de77ba6f91ee079e5eb05d370a22e25d6baaba66c32a2234633186159
u03-s005-lecture-r1,lecture,workedExamples[1].exampleId,2,2,d76354d8457898445bb69e0dc0dc95fb74cc3cf334f8c1859162a16ad0041f8d
u03-s005-lecture-r1,lecture,workedExamples[1].prompt,13,17,3cb6a32d445d0d193d763403ed039cffd4547de0800c36d8f8cc4cb6a4da602f
u03-s005-lecture-r1,lecture,workedExamples[1].solutionSteps[0],13,21,0e50e1f434ceeb4342cb88b5da1ad4128b881f30d27522c1a6ced6b0e499ec87
u03-s005-lecture-r1,lecture,workedExamples[1].solutionSteps[1],14,20,70220462d6b503bc4c388b9a33a5fa24246bde89b01d8f35bf951cd3a79b797c
u03-s005-lecture-r1,lecture,workedExamples[1].answer,2,4,dd9223353a20e05b6b7b9461ead69f6642b57632ed018ac5168fca18e9d2ef1f
u03-s005-lecture-r1,lecture,workedExamples[2].exampleId,2,2,842983de8fb1d277a3fad5c8295c7a14317c458718a10c5a35b23e7f992a5c80
u03-s005-lecture-r1,lecture,workedExamples[2].prompt,14,18,857fe597da02de9009009c8fdadbd1f750801bcb2c5fe36a09918c23c65590bc
u03-s005-lecture-r1,lecture,workedExamples[2].solutionSteps[0],14,20,42ff9d9e81f2d5cb8111c9ab890af027b328b1e1d0664213192a9a750230764b
u03-s005-lecture-r1,lecture,workedExamples[2].solutionSteps[1],21,31,1354249692a94d27d5a99583263c9323bf693729fb1517742ba6a2fbb7e226d2
u03-s005-lecture-r1,lecture,workedExamples[2].answer,2,4,edd22db08a859d0cec6701c40bfd455e85b1458b0eda2cab217bf4a5c7576945
u03-s005-lecture-r1,lecture,workedExamples[3].exampleId,2,2,4a5a97c6433c4c062457e9335709d57493e75527809d8a9586c141e591ac9f2c
u03-s005-lecture-r1,lecture,workedExamples[3].prompt,26,68,87bf5a01e0f33b36e40fcf613165d280292acd77b3af89341377c0c5b73f4bfc
u03-s005-lecture-r1,lecture,workedExamples[3].solutionSteps[0],11,15,0f83ab4a0d1fb99dad6227e83c06bbc153f4b6eed16d212b35879a5ab8208c02
u03-s005-lecture-r1,lecture,workedExamples[3].solutionSteps[1],7,9,65368ee62e5e48a32c00cc0dcea28f24342229e6688bc2531f01c6ec5a45d8d4
u03-s005-lecture-r1,lecture,workedExamples[3].solutionSteps[2],4,6,380e0409953bfdc6981a42a64c4710ea710c5e37dee0f0227a858e9ceec310fd
u03-s005-lecture-r1,lecture,workedExamples[3].answer,7,19,5e3a9bdf9eac99e153639c0bee9228299e63eba3b8c04ea37a96ff1d29d4f821
u03-s005-lecture-r1,lecture,commonMistakes[0].mistake,10,30,512b88d114c456b2721b94deaf43fff9114c5e8929f16cc29727d0d5d82c7488
u03-s005-lecture-r1,lecture,commonMistakes[0].why,13,39,7c1c1ec594acd095f978ec9b43974deef0856c8cf96885b6efe1d01881cb9947
u03-s005-lecture-r1,lecture,commonMistakes[0].correction,8,24,bd98716fa2caab499c12f61882968c59cc8580e315e2f896cec71a0b73abeeeb
u03-s005-lecture-r1,lecture,commonMistakes[1].mistake,15,21,bcdb642a23f62f5e5d2a929342f026dfb6fc6270be57d2fd2e8a2ac63bac154f
u03-s005-lecture-r1,lecture,commonMistakes[1].why,8,24,ddc0879c49de8c2ff7057588442bec7d85dab6f1c8f1397d88bacb1e8a28956f
u03-s005-lecture-r1,lecture,commonMistakes[1].correction,7,17,29e72aef2cc680bb965719fbc50185ecc4ddddf3387409d0ed2728bdb4b14f86
u03-s005-lecture-r1,lecture,commonMistakes[2].mistake,11,23,68ff38c2850f934c8eba68c7397e8b11e731bffb7b6e196dbd8453126d9f1bc5
u03-s005-lecture-r1,lecture,commonMistakes[2].why,13,39,12031379e779b3d9b7b937a82c9824cf185242509db39d4df0d8114fff153aea
u03-s005-lecture-r1,lecture,commonMistakes[2].correction,8,24,e3f263b1d65a108e916cfedcaac610a0fa0d356449de583a559811072f48b4ff
u03-s005-lecture-r1,lecture,commonMistakes[3].mistake,10,30,29e2b78c3c2be9ac9306a45abf4c954c6c88b8cb7174e8078a70a24e8ccb89df
u03-s005-lecture-r1,lecture,commonMistakes[3].why,8,24,bc63cf19310c7235454b12c86791aa9063d2afdddad2b3f831482eba80838368
u03-s005-lecture-r1,lecture,commonMistakes[3].correction,7,21,33065959a9da38a2c7356b6362d8aac51af4b4cdeece26aad0d397272e0be5d0
u03-s005-lecture-r1,lecture,commonMistakes[4].mistake,12,26,89dfef2289aa7a7ff5028a890f6e2616ed5208d40829106677a1d82b5bad1664
u03-s005-lecture-r1,lecture,commonMistakes[4].why,11,33,391879df3506ccc5fd7e57e14d794b7c7309c95e5d199844b871d581a162982c
u03-s005-lecture-r1,lecture,commonMistakes[4].correction,9,15,c994af0196d728ef6bd4fe387f0393cfec74646fdbe91a08175441ff9ff16664
u03-s005-lecture-r1,lecture,commonMistakes[5].mistake,12,36,ab08d5e2051f6ca2a6509d4b6a9cd2607d8b7f9c38e99bd7e5dab9b96c890eab
u03-s005-lecture-r1,lecture,commonMistakes[5].why,9,27,a08df3510b76e698e78a64d3ef1107039a821fdc429cc1ccf0a8b2c823e69407
u03-s005-lecture-r1,lecture,commonMistakes[5].correction,7,21,32fa6e96a7e3077eb418743586ad9e8f769462dd7ca3528995e889cd34ba59be
u03-s005-lecture-r1,lecture,selfCheck[0],10,30,7df825f221bba0e7fc222addfdea5f0e641d575e5c08d93180170e8f772ec87e
u03-s005-lecture-r1,lecture,selfCheck[1],12,36,65d7e5095f0d2e608638c377293f2f405f20b52af17f6e4527f96a926f7ab80f
u03-s005-lecture-r1,lecture,selfCheck[2],12,36,41dad16d528b6b462b4aa6298a9e4c1055fcb10fa1a91739a3798a83a6db3d3d
u03-s005-lecture-r1,lecture,selfCheck[3],13,39,631fb8097ac644f2f4ea3d04b93ee965e5f982678a70d7c635c8936381dfcfbf
u03-s005-lecture-r1,lecture,selfCheck[4],11,33,f888ca9dc6d9594ea116f56d303f385c99b29be23f618412e795ba7d35f2dea5
u03-s005-lecture-r1,lecture,summary[0],7,21,b19151c0d934d065a7acb469409cee6c9a55b60404181a7f0a8a6c815c7fa3dc
u03-s005-lecture-r1,lecture,summary[1],9,27,8acd906f0d94ec8db23de9b806d4d78a155d9e3566bf9fc4c2b01c0a90966867
u03-s005-lecture-r1,lecture,summary[2],8,24,f2124316b941fcc10d6f48e44e03708318bc98b372ca26f0d8de6e839e303eca
u03-s005-lecture-r1,lecture,summary[3],12,36,ca1fcef23c7c2029520e61d84cf22cdfa661d1406c491e4966fe54110484765f
u03-s005-lecture-r1,lecture,connections.previous,18,54,e1d94159f7bc2875e2f697129921ff68509dc2a39a5698ad1694e9eef3981252
u03-s005-lecture-r1,lecture,connections.next[0],16,48,d8f07540c31f6f6b4e28e28840da0472996c62e8a30b2d910fbac8301834d38e
u03-s005-lecture-r1,lecture,connections.next[1],18,54,917244fc1aea92e08a955d1085188b39543e98bd39312e70f19515767e7437a6
u03-s005-lecture-r1,lecture,practiceLinks.mcQuestionIds[0],13,13,ef215038f027187d4ee9af638de3b353d5c4d9df74ba0927f60547fd68acef0d
u03-s005-lecture-r1,lecture,practiceLinks.mcQuestionIds[1],13,13,148df1d2270faa9a539ecea62217ecf984f1059ad3b27284d5bb8ac5a6918e7a
u03-s005-lecture-r1,lecture,practiceLinks.mcQuestionIds[2],13,13,78d95cf8b50521eb29511a541d517741d276083f9e05dbc0569f9032406e5274
u03-s005-lecture-r1,lecture,practiceLinks.mcQuestionIds[3],13,13,cbc219a235dfacdf0c9a739b7af9308b61de530d2ac87a02ce92e535e85a6008
u03-s005-lecture-r1,lecture,practiceLinks.mcQuestionIds[4],13,13,1a609e4d80c68eade208355eee976701daa4788411a1913d55d066c255ee103c
u03-s005-lecture-r1,lecture,practiceLinks.mcQuestionIds[5],13,13,a055b9f8b8ad483b6f756ca35213689f3317ac5ee6c17f7b9aaa8f7e94faffca
u03-s005-lecture-r1,lecture,practiceLinks.mcQuestionIds[6],13,13,56477427a133c1659ca00736e6dcebdb92eba8a91e5c72c5fff9abf6fd1e00a3
u03-s005-lecture-r1,lecture,practiceLinks.mcQuestionIds[7],13,13,27015e6f72d7e3ae33d319072ed638c5565b3f7589ec1be7ff9cd30e13b02bff
u03-s005-lecture-r1,lecture,practiceLinks.mcQuestionIds[8],13,13,5e7420f0df67ad13876b8c0d898990ef9ba1addbed309f85dd133d592f089604
u03-s005-lecture-r1,lecture,practiceLinks.mcQuestionIds[9],13,13,38c0b70665d3b9165c298b91e73f2b2483879bdb80625b4253ed6ce601fc1e33
u03-s005-lecture-r1,lecture,practiceLinks.mcQuestionIds[10],13,13,55999a719fe00a366161938e7f86ba5cb10c9c5ee5a9aaee4b147df862335ac3
u03-s005-lecture-r1,lecture,practiceLinks.mcQuestionIds[11],13,13,7088f22b41506e9dcbbf22e37ea8efc6318b6bc7c023937f59810da8a10c729d
u03-s005-lecture-r1,lecture,practiceLinks.constructedResponseIds[0],14,14,f263e0434a3681ee35873a76dddd09f6db8e37db7998e2df779b0df96956ca82
u03-s005-lecture-r1,lecture,practiceLinks.constructedResponseIds[1],14,14,3f91fdc994849010209a31e089c899561ed304b4bb822b3e9d70f4af8d729a69
u03-s005-lecture-r1,lecture,lectureReview.mathematicalCorrectness,4,4,d74ff0ee8da3b9806b18c877dbf29bbde50b5bd8e4dad7a3a725000feb82e8f1
u03-s005-lecture-r1,lecture,lectureReview.zeroFoundationReadability,4,4,d74ff0ee8da3b9806b18c877dbf29bbde50b5bd8e4dad7a3a725000feb82e8f1
u03-s005-lecture-r1,lecture,lectureReview.scopeCheck,21,21,fdf8268f0373301b2fcc6331f1d8999b8aabea69681e8bc972ab9a21216a7606
u03-s005-lecture-r1,lecture,lectureReview.reviewNote,68,122,890f5df784ad9eab63c85cbdd74ac6eb54874fcf9cde2476240002fe2af54a8b
u03-s005-lecture-r1,lecture,lectureReview.reviewVersion,25,25,413c3743bf06637b23333702bf9263e0db21fd6b3c3879070d877faca58db442
u03-s005-lecture-r1,lecture,lectureReview.reviewedAt,10,10,14158d45727526145ef514139eeb669eb54d613dbcffe524f099dbb71c9d8b08
u03-s005-lecture-r1,lecture,contentSha256,64,64,36e975a604023fa0de43dba9c6fdcdda12173bf33bf9825b021df62768163c41
u03-s005-lecture-r1,lecture,contentAuthority,25,25,ed40f75ffe3d6ad4e71f6e7919d063410490de360edb425965eccd605ca9d79e
u03-s005-lecture-r1,lecture,legacyContentDisposition,40,40,bb8421a43fb9d90c642b60311f091a34addbe10678daf757010d688c8c2a21b3
u03-s005-v001,question,questionId,13,13,ef215038f027187d4ee9af638de3b353d5c4d9df74ba0927f60547fd68acef0d
u03-s005-v001,question,unitId,3,3,97ce842ec69dee17c1842918e63b9d4042fa4b35007146dcfb80a09c5000888a
u03-s005-v001,question,topicId,27,27,5edc6d8adc97105fb624f3211c5e8b14178a37949edbbef037f75ad528a701a5
u03-s005-v001,question,skillId,27,27,a2292f3ef313214a54270bb26312b0c4164964f6d54023fc2f4cd22d0d8caa7e
u03-s005-v001,question,difficulty,5,5,fbb7b5bf4ca348eeeebf8cc3660712859a5a1fbf18e83217a57ce203fb51d5c2
u03-s005-v001,question,type,2,2,6bc0f9c4ecb0acbebf1b9f6c816bdd66f4885f67c917d9e141cf893014fba936
u03-s005-v001,question,visualMode,9,9,9c7d54b0bf7a9369d8594201c7b11955514343809d09fbec33966c1fd9794015
u03-s005-v001,question,sourceScope,19,19,a4b669ddb8ef1883391c07a7b633f12eeaeecee7ec37c09eea4931aff6644346
u03-s005-v001,question,text,12,20,c6f41a27031f83d3917696b19cee226ae37d08947486dec95aea2fd358cf76c0
u03-s005-v001,question,choices[0],1,1,ef2d127de37b942baad06145e54b0c619a1f22327b2ebbcfbec78f5564afe39d
u03-s005-v001,question,choices[1],1,1,4e07408562bedb8b60ce05c1decfe3ad16b72230967de01f640b7e4729b49fce
u03-s005-v001,question,choices[2],1,1,7902699be42c8a8e46fbbb4501726517e86b22c56a189f7625a6da49081b2451
u03-s005-v001,question,choices[3],1,1,19581e27de7ced00ff1ce50b2047e7a567c76b1cbaebabe5ef03f7c3017bb5b7
u03-s005-v001,question,explanation,31,75,550c067c5420bc86f54e06029ea460714652c1a7c7504a485a69343e02c2ffca
u03-s005-v001,question,steps[0],8,22,0d57a76801ef3196675288605e06c81c08b0494e97a1a20a7610a5414c4c9626
u03-s005-v001,question,steps[1],5,5,fce6e331e13afbb87e0486d360bd1d4416842840c6036804b9c941161b1f8022
u03-s005-v001,question,steps[2],6,14,0c9f3485c89fae08b0da46a0c97529414386fea3d21befc5e06fdd2769629174
u03-s005-v001,question,optionAnalysis[0].choice,1,1,ef2d127de37b942baad06145e54b0c619a1f22327b2ebbcfbec78f5564afe39d
u03-s005-v001,question,optionAnalysis[0].reason,30,68,7a041402fa3db1cc3f32ec9b5f8e337d8441a209ae3810f59f52c56fc1be5666
u03-s005-v001,question,optionAnalysis[1].choice,1,1,4e07408562bedb8b60ce05c1decfe3ad16b72230967de01f640b7e4729b49fce
u03-s005-v001,question,optionAnalysis[1].reason,7,14,b3deb8756c2e2badeff19f2114ed8c11a909cc4c60dc7b2295a8ff955f26b70e
u03-s005-v001,question,optionAnalysis[2].choice,1,1,7902699be42c8a8e46fbbb4501726517e86b22c56a189f7625a6da49081b2451
u03-s005-v001,question,optionAnalysis[2].reason,11,23,89aeb49f7e0d595f7e316a48ab843021aa92b588d1dc2b4a96d8594bf791ec69
u03-s005-v001,question,optionAnalysis[3].choice,1,1,19581e27de7ced00ff1ce50b2047e7a567c76b1cbaebabe5ef03f7c3017bb5b7
u03-s005-v001,question,optionAnalysis[3].reason,8,22,af41d3eb7d8359f9e4cc1ad2052f227626c732251a6901e5e236abdb432162f4
u03-s005-v001,question,commonMistake,9,27,992d07d58bd4e978bfa01e318c821caa32925364ed32c636c830cfa9911a6c3d
u03-s005-v001,question,concept,11,33,f9de21fab7be32d8c99fb2be93ed56c2d56a6615c7e471109cbfb3ddb43f2774
u03-s005-v001,question,tags[0],2,6,32f6541b44ed479dbf6cc8c7dd98824e49e03974d72ad8b65c33383a9cbb349f
u03-s005-v001,question,tags[1],11,33,42bf9b331bf5a710813f85dc96155b0a0a656be24b9132f8828683c9ae6f8b38
u03-s005-v001,question,tags[2],5,5,fbb7b5bf4ca348eeeebf8cc3660712859a5a1fbf18e83217a57ce203fb51d5c2
u03-s005-v001,question,estimatedTimeSec,2,2,f369cb89fc627e668987007d121ed1eacdc01db9e28f8bb26f358b7d8c4f08ac
u03-s005-v001,question,prerequisiteSkillIds[0],29,29,1fa435421e21dd4e51711d9deb743dbe0e1833fa8edad9d1c796c54493db5e93
u03-s005-v001,question,authoringIntent,12,36,fa6142b6731adcc33f4ea9a1d596e67cdb75dfcb97642f5b5df2aacf01e35c79
u03-s005-v001,question,reviewStatus,22,22,ec809598e2f7fcc69fad54c9cd045bba62b4a0dc7c0ff90d4efdc3788c9ad8fb
u03-s005-v001,question,contentSha256,64,64,b56488b6c67456085ae38ed976bb3dbbbb76076bb528331a78193b3d1fa2d7e6
u03-s005-v001,question,contentAuthority,25,25,ed40f75ffe3d6ad4e71f6e7919d063410490de360edb425965eccd605ca9d79e
u03-s005-v001,question,legacyContentDisposition,39,39,2efcc87c0c9673d2efe77735ae75582eb178c880b07035d8695f010e324b7c71
u03-s005-v002,question,questionId,13,13,148df1d2270faa9a539ecea62217ecf984f1059ad3b27284d5bb8ac5a6918e7a
u03-s005-v002,question,unitId,3,3,97ce842ec69dee17c1842918e63b9d4042fa4b35007146dcfb80a09c5000888a
u03-s005-v002,question,topicId,27,27,5edc6d8adc97105fb624f3211c5e8b14178a37949edbbef037f75ad528a701a5
u03-s005-v002,question,skillId,27,27,a2292f3ef313214a54270bb26312b0c4164964f6d54023fc2f4cd22d0d8caa7e
u03-s005-v002,question,difficulty,5,5,fbb7b5bf4ca348eeeebf8cc3660712859a5a1fbf18e83217a57ce203fb51d5c2
u03-s005-v002,question,type,2,2,6bc0f9c4ecb0acbebf1b9f6c816bdd66f4885f67c917d9e141cf893014fba936
u03-s005-v002,question,visualMode,9,9,9c7d54b0bf7a9369d8594201c7b11955514343809d09fbec33966c1fd9794015
u03-s005-v002,question,sourceScope,19,19,a4b669ddb8ef1883391c07a7b633f12eeaeecee7ec37c09eea4931aff6644346
u03-s005-v002,question,text,12,20,1679b07160dadb67c7d53b5c15b62055e7985f9f66b7c359836df6c637fea855
u03-s005-v002,question,choices[0],1,1,6b86b273ff34fce19d6b804eff5a3f5747ada4eaa22f1d49c01e52ddb7875b4b
u03-s005-v002,question,choices[1],1,1,19581e27de7ced00ff1ce50b2047e7a567c76b1cbaebabe5ef03f7c3017bb5b7
u03-s005-v002,question,choices[2],1,1,ef2d127de37b942baad06145e54b0c619a1f22327b2ebbcfbec78f5564afe39d
u03-s005-v002,question,choices[3],2,2,8527a891e224136950ff32ca212b45bc93f69fbb801c3b1ebedac52775f99e61
u03-s005-v002,question,explanation,27,63,b7d1bd75730c6561dd3c801ddf624b2d6142b4d4c39173655e87fa4ff9bb2c03
u03-s005-v002,question,steps[0],4,10,ea0ec720c5dbd9ea02c44bcdbd89798f8830f5fabd534d1eaac624925169e9d5
u03-s005-v002,question,steps[1],5,5,e2a5dfd8abc89e4d9d520824997aabbd0b1107eab2fc5101a75a906d29e0f852
u03-s005-v002,question,steps[2],6,14,b0943749227f355604067b1673ef83329779888db4e7de89266b378c2d611b68
u03-s005-v002,question,optionAnalysis[0].choice,1,1,6b86b273ff34fce19d6b804eff5a3f5747ada4eaa22f1d49c01e52ddb7875b4b
u03-s005-v002,question,optionAnalysis[0].reason,7,15,8b8546f5c5eed05deab6cf51124f73d491f1398cb50a3017c9a26c1666f42b53
u03-s005-v002,question,optionAnalysis[1].choice,1,1,19581e27de7ced00ff1ce50b2047e7a567c76b1cbaebabe5ef03f7c3017bb5b7
u03-s005-v002,question,optionAnalysis[1].reason,30,68,9b5a0aec98d3791c2ceda3329edb0aa1235aab2fd953e16bf3872e15d6d47488
u03-s005-v002,question,optionAnalysis[2].choice,1,1,ef2d127de37b942baad06145e54b0c619a1f22327b2ebbcfbec78f5564afe39d
u03-s005-v002,question,optionAnalysis[2].reason,6,16,86a3393a2f4ce498aec4d6f53f567da6151d92e36447c2d4df9ae27ddd354690
u03-s005-v002,question,optionAnalysis[3].choice,2,2,8527a891e224136950ff32ca212b45bc93f69fbb801c3b1ebedac52775f99e61
u03-s005-v002,question,optionAnalysis[3].reason,7,19,5e83d306bba5a51eb65814cf3dc81f3cfc979dd4128c2cdf48f68b55cf29f128
u03-s005-v002,question,commonMistake,11,25,5810cf9c5e83e3f0a020e3d66224dba1445c2f4394341eaee2da90b39f782808
u03-s005-v002,question,concept,9,27,b55ffff93fde28526cdc299f285cfd879e3c67bf547b1bd1b8deddf97e05680a
u03-s005-v002,question,tags[0],2,6,32f6541b44ed479dbf6cc8c7dd98824e49e03974d72ad8b65c33383a9cbb349f
u03-s005-v002,question,tags[1],11,33,42bf9b331bf5a710813f85dc96155b0a0a656be24b9132f8828683c9ae6f8b38
u03-s005-v002,question,tags[2],5,5,fbb7b5bf4ca348eeeebf8cc3660712859a5a1fbf18e83217a57ce203fb51d5c2
u03-s005-v002,question,estimatedTimeSec,2,2,f369cb89fc627e668987007d121ed1eacdc01db9e28f8bb26f358b7d8c4f08ac
u03-s005-v002,question,prerequisiteSkillIds[0],29,29,1fa435421e21dd4e51711d9deb743dbe0e1833fa8edad9d1c796c54493db5e93
u03-s005-v002,question,authoringIntent,8,24,480c046816b852639a76a6b7d84b0a7530d5a2642dd9b348e28a2938bfd78790
u03-s005-v002,question,reviewStatus,22,22,ec809598e2f7fcc69fad54c9cd045bba62b4a0dc7c0ff90d4efdc3788c9ad8fb
u03-s005-v002,question,contentSha256,64,64,1b4a5076a74f0855afe3f20b7e6a6626ef51b53444951ddec0152a0f73397d89
u03-s005-v002,question,contentAuthority,25,25,ed40f75ffe3d6ad4e71f6e7919d063410490de360edb425965eccd605ca9d79e
u03-s005-v002,question,legacyContentDisposition,39,39,2efcc87c0c9673d2efe77735ae75582eb178c880b07035d8695f010e324b7c71
u03-s005-v003,question,questionId,13,13,78d95cf8b50521eb29511a541d517741d276083f9e05dbc0569f9032406e5274
u03-s005-v003,question,unitId,3,3,97ce842ec69dee17c1842918e63b9d4042fa4b35007146dcfb80a09c5000888a
u03-s005-v003,question,topicId,27,27,5edc6d8adc97105fb624f3211c5e8b14178a37949edbbef037f75ad528a701a5
u03-s005-v003,question,skillId,27,27,a2292f3ef313214a54270bb26312b0c4164964f6d54023fc2f4cd22d0d8caa7e
u03-s005-v003,question,difficulty,5,5,fbb7b5bf4ca348eeeebf8cc3660712859a5a1fbf18e83217a57ce203fb51d5c2
u03-s005-v003,question,type,2,2,6bc0f9c4ecb0acbebf1b9f6c816bdd66f4885f67c917d9e141cf893014fba936
u03-s005-v003,question,visualMode,9,9,9c7d54b0bf7a9369d8594201c7b11955514343809d09fbec33966c1fd9794015
u03-s005-v003,question,sourceScope,19,19,a4b669ddb8ef1883391c07a7b633f12eeaeecee7ec37c09eea4931aff6644346
u03-s005-v003,question,text,14,26,dcf132df6a93ab19cb5d05601b2491ec49037b7f09539914e4b6e95f0ae91154
u03-s005-v003,question,choices[0],2,2,03b26944890929ff751653acb2f2af795cee38f937f379f52ed654a68ce91216
u03-s005-v003,question,choices[1],1,1,4e07408562bedb8b60ce05c1decfe3ad16b72230967de01f640b7e4729b49fce
u03-s005-v003,question,choices[2],1,1,e7f6c011776e8db7cd330b54174fd76f7d0216b612387a5ffcfb81e6f0919683
u03-s005-v003,question,choices[3],1,1,7902699be42c8a8e46fbbb4501726517e86b22c56a189f7625a6da49081b2451
u03-s005-v003,question,explanation,37,75,7147adf849fdae964130acca7e0ff88aed24c42387d756344412ba80ab81308e
u03-s005-v003,question,steps[0],10,16,aef3202bc0190d2617653e3c33916bd9a4189ab99788ad67e0f85ca13f6e3404
u03-s005-v003,question,steps[1],10,16,ae9008cbf05826b0c801b268b1afd549809cb24656d11ff7382c1fb30a9c13d4
u03-s005-v003,question,steps[2],5,9,a789a608bf3590129ec5172536c2a31e588163ba654aa5006ad3a2ecb609ab61
u03-s005-v003,question,optionAnalysis[0].choice,2,2,03b26944890929ff751653acb2f2af795cee38f937f379f52ed654a68ce91216
u03-s005-v003,question,optionAnalysis[0].reason,9,27,bab23d6461ff9499528452d144905a57449691dc53e1934f3297490a158d5f30
u03-s005-v003,question,optionAnalysis[1].choice,1,1,4e07408562bedb8b60ce05c1decfe3ad16b72230967de01f640b7e4729b49fce
u03-s005-v003,question,optionAnalysis[1].reason,7,19,f90d39a721ca4dd3586f781764edc5a12a01c64b5dfb3f9a20017cbb0f743fed
u03-s005-v003,question,optionAnalysis[2].choice,1,1,e7f6c011776e8db7cd330b54174fd76f7d0216b612387a5ffcfb81e6f0919683
u03-s005-v003,question,optionAnalysis[2].reason,50,94,640e95a828f75a41a4f346cb1a3bd505bd2135064b7780bf60d22260bf601ad3
u03-s005-v003,question,optionAnalysis[3].choice,1,1,7902699be42c8a8e46fbbb4501726517e86b22c56a189f7625a6da49081b2451
u03-s005-v003,question,optionAnalysis[3].reason,13,28,c8cd1c6a4270f24a8c13fcbb8ff8e6a86caa6e9117852a98d6201c1569cc00ec
u03-s005-v003,question,commonMistake,10,22,11c9eb20afb7f8670fd001b1eaf0ad84bb362a045b18f52cd1b40f8e0cec33fc
u03-s005-v003,question,concept,9,27,32e4a0277693df66c74bb52569604b98eb934081ef592bc47eaeea48711cbd26
u03-s005-v003,question,tags[0],2,6,32f6541b44ed479dbf6cc8c7dd98824e49e03974d72ad8b65c33383a9cbb349f
u03-s005-v003,question,tags[1],11,33,42bf9b331bf5a710813f85dc96155b0a0a656be24b9132f8828683c9ae6f8b38
u03-s005-v003,question,tags[2],5,5,fbb7b5bf4ca348eeeebf8cc3660712859a5a1fbf18e83217a57ce203fb51d5c2
u03-s005-v003,question,estimatedTimeSec,2,2,f369cb89fc627e668987007d121ed1eacdc01db9e28f8bb26f358b7d8c4f08ac
u03-s005-v003,question,prerequisiteSkillIds[0],29,29,1fa435421e21dd4e51711d9deb743dbe0e1833fa8edad9d1c796c54493db5e93
u03-s005-v003,question,authoringIntent,9,27,c820966aad579b3fa6d74a30a9b77dcf37b92872be8e5b99dc74ad646eb7e527
u03-s005-v003,question,reviewStatus,22,22,ec809598e2f7fcc69fad54c9cd045bba62b4a0dc7c0ff90d4efdc3788c9ad8fb
u03-s005-v003,question,contentSha256,64,64,34b5986b0f488aef4ab1d3a6d9ab0ecc098b0331ecbee6cdd6743a5788e83525
u03-s005-v003,question,contentAuthority,25,25,ed40f75ffe3d6ad4e71f6e7919d063410490de360edb425965eccd605ca9d79e
u03-s005-v003,question,legacyContentDisposition,39,39,2efcc87c0c9673d2efe77735ae75582eb178c880b07035d8695f010e324b7c71
u03-s005-v004,question,questionId,13,13,cbc219a235dfacdf0c9a739b7af9308b61de530d2ac87a02ce92e535e85a6008
u03-s005-v004,question,unitId,3,3,97ce842ec69dee17c1842918e63b9d4042fa4b35007146dcfb80a09c5000888a
u03-s005-v004,question,topicId,27,27,5edc6d8adc97105fb624f3211c5e8b14178a37949edbbef037f75ad528a701a5
u03-s005-v004,question,skillId,27,27,a2292f3ef313214a54270bb26312b0c4164964f6d54023fc2f4cd22d0d8caa7e
u03-s005-v004,question,difficulty,8,8,fe6d3468cf5c74d8ec2a95b40f2e05338c37a4202f8fad692d2b64a9cf9b468a
u03-s005-v004,question,type,2,2,6bc0f9c4ecb0acbebf1b9f6c816bdd66f4885f67c917d9e141cf893014fba936
u03-s005-v004,question,visualMode,9,9,9c7d54b0bf7a9369d8594201c7b11955514343809d09fbec33966c1fd9794015
u03-s005-v004,question,sourceScope,19,19,a4b669ddb8ef1883391c07a7b633f12eeaeecee7ec37c09eea4931aff6644346
u03-s005-v004,question,text,13,21,c2f1f921c268ab44d07a52797d338245efe896490ca3f722dee659decc883792
u03-s005-v004,question,choices[0],1,1,6b86b273ff34fce19d6b804eff5a3f5747ada4eaa22f1d49c01e52ddb7875b4b
u03-s005-v004,question,choices[1],1,1,ef2d127de37b942baad06145e54b0c619a1f22327b2ebbcfbec78f5564afe39d
u03-s005-v004,question,choices[2],1,1,2c624232cdd221771294dfbb310aca000a0df6ac8b66b696d90ef06fdefb64a3
u03-s005-v004,question,choices[3],1,1,4b227777d4dd1fc61c6f884f48641d02b4d121d3fd328cb08b5531fcacdabf8a
u03-s005-v004,question,explanation,30,68,a3a07351a609d05e4d8c2202449bc2d61d4fa7b8cba8d4290a31c43bf08a78a9
u03-s005-v004,question,steps[0],9,15,24a39e55acd6731d615298402fc6d4186ece4c4ca9abd64ab4069356768470ab
u03-s005-v004,question,steps[1],5,11,fdfa859d21c6f056953efec8ba1397bc4e4743b6198974505e683a91be24a511
u03-s005-v004,question,steps[2],4,8,d418377502bf59b8dbe2165f091c3aa3c4564256d96b488d97ad2dfe487c5ba9
u03-s005-v004,question,optionAnalysis[0].choice,1,1,6b86b273ff34fce19d6b804eff5a3f5747ada4eaa22f1d49c01e52ddb7875b4b
u03-s005-v004,question,optionAnalysis[0].reason,10,18,f0175a11788d54489d27af9ca4f8e4f45a2b611fad6a6f9e3620a05cba42679a
u03-s005-v004,question,optionAnalysis[1].choice,1,1,ef2d127de37b942baad06145e54b0c619a1f22327b2ebbcfbec78f5564afe39d
u03-s005-v004,question,optionAnalysis[1].reason,7,14,718b1a52c35d3fd3bf5d95b2fb8ee1d3fd83dfb7424fa314ba11870cfc6580ff
u03-s005-v004,question,optionAnalysis[2].choice,1,1,2c624232cdd221771294dfbb310aca000a0df6ac8b66b696d90ef06fdefb64a3
u03-s005-v004,question,optionAnalysis[2].reason,12,24,bb2f1fb4c37444d80065394c3062fffc8d5583c1b84e686e9a88c957df2bb734
u03-s005-v004,question,optionAnalysis[3].choice,1,1,4b227777d4dd1fc61c6f884f48641d02b4d121d3fd328cb08b5531fcacdabf8a
u03-s005-v004,question,optionAnalysis[3].reason,40,80,4e058a0bda251fad97e72ebd7a84e5843008253f5dff338295a48177bd93b029
u03-s005-v004,question,commonMistake,7,15,8986f72505b296cf3e4edc02dbba16e2fdaf54e8328efb6c8b6eef1ffc5c623d
u03-s005-v004,question,concept,10,28,e15ba0615458199ec8bbeba171309b8e229165f14ec46fbe8d6f4e6b967adb9d
u03-s005-v004,question,tags[0],2,6,32f6541b44ed479dbf6cc8c7dd98824e49e03974d72ad8b65c33383a9cbb349f
u03-s005-v004,question,tags[1],11,33,42bf9b331bf5a710813f85dc96155b0a0a656be24b9132f8828683c9ae6f8b38
u03-s005-v004,question,tags[2],8,8,fe6d3468cf5c74d8ec2a95b40f2e05338c37a4202f8fad692d2b64a9cf9b468a
u03-s005-v004,question,estimatedTimeSec,2,2,f369cb89fc627e668987007d121ed1eacdc01db9e28f8bb26f358b7d8c4f08ac
u03-s005-v004,question,prerequisiteSkillIds[0],29,29,1fa435421e21dd4e51711d9deb743dbe0e1833fa8edad9d1c796c54493db5e93
u03-s005-v004,question,authoringIntent,11,33,1a2da097dbaef81d4b8d12ca4df68d128e42137ee175e7be405952e2e9c3acf9
u03-s005-v004,question,reviewStatus,22,22,ec809598e2f7fcc69fad54c9cd045bba62b4a0dc7c0ff90d4efdc3788c9ad8fb
u03-s005-v004,question,contentSha256,64,64,ac5870f54f743c4ce6aede37e8cfb3c4456510eaf6b8b1017811fbb36c934ba6
u03-s005-v004,question,contentAuthority,25,25,ed40f75ffe3d6ad4e71f6e7919d063410490de360edb425965eccd605ca9d79e
u03-s005-v004,question,legacyContentDisposition,39,39,2efcc87c0c9673d2efe77735ae75582eb178c880b07035d8695f010e324b7c71
u03-s005-v005,question,questionId,13,13,1a609e4d80c68eade208355eee976701daa4788411a1913d55d066c255ee103c
u03-s005-v005,question,unitId,3,3,97ce842ec69dee17c1842918e63b9d4042fa4b35007146dcfb80a09c5000888a
u03-s005-v005,question,topicId,27,27,5edc6d8adc97105fb624f3211c5e8b14178a37949edbbef037f75ad528a701a5
u03-s005-v005,question,skillId,27,27,a2292f3ef313214a54270bb26312b0c4164964f6d54023fc2f4cd22d0d8caa7e
u03-s005-v005,question,difficulty,8,8,fe6d3468cf5c74d8ec2a95b40f2e05338c37a4202f8fad692d2b64a9cf9b468a
u03-s005-v005,question,type,2,2,6bc0f9c4ecb0acbebf1b9f6c816bdd66f4885f67c917d9e141cf893014fba936
u03-s005-v005,question,visualMode,9,9,9c7d54b0bf7a9369d8594201c7b11955514343809d09fbec33966c1fd9794015
u03-s005-v005,question,sourceScope,19,19,a4b669ddb8ef1883391c07a7b633f12eeaeecee7ec37c09eea4931aff6644346
u03-s005-v005,question,text,16,28,c28cc50a1534ffa4fa221adfabd13a7777872f6bafe909c63b740f8d84d1f725
u03-s005-v005,question,choices[0],1,1,6b86b273ff34fce19d6b804eff5a3f5747ada4eaa22f1d49c01e52ddb7875b4b
u03-s005-v005,question,choices[1],1,1,19581e27de7ced00ff1ce50b2047e7a567c76b1cbaebabe5ef03f7c3017bb5b7
u03-s005-v005,question,choices[2],1,1,7902699be42c8a8e46fbbb4501726517e86b22c56a189f7625a6da49081b2451
u03-s005-v005,question,choices[3],2,2,3fdba35f04dc8c462986c992bcf875546257113072a909c162f7e470e581e278
u03-s005-v005,question,explanation,35,87,ab9da9df843aa1d9cd4685d33a2b5050d06807acd442ddbe2660f05c10223585
u03-s005-v005,question,steps[0],12,28,c2b4f484c0cfc42096f8172c24e56ca363e89a5fb69d5e1e3db08eeb6da969da
u03-s005-v005,question,steps[1],5,11,d0fecc7982bc7342f20e712d3e9de454a416e11428b49ad28d56eb323a9339c5
u03-s005-v005,question,steps[2],6,14,c46f3e5b3490d72c0b2cfaccb22d5eb31a58bf78c7fc2f67eae192aa6262cdad
u03-s005-v005,question,optionAnalysis[0].choice,1,1,6b86b273ff34fce19d6b804eff5a3f5747ada4eaa22f1d49c01e52ddb7875b4b
u03-s005-v005,question,optionAnalysis[0].reason,11,23,5f0bf23f107b179a81485f9301302d0788a0dd3b8c0199c65e545910f93c5027
u03-s005-v005,question,optionAnalysis[1].choice,1,1,19581e27de7ced00ff1ce50b2047e7a567c76b1cbaebabe5ef03f7c3017bb5b7
u03-s005-v005,question,optionAnalysis[1].reason,43,81,e0719ab454944c7f52dbfea57a370d54be8b46f5872afe66e11da7cb962a76c2
u03-s005-v005,question,optionAnalysis[2].choice,1,1,7902699be42c8a8e46fbbb4501726517e86b22c56a189f7625a6da49081b2451
u03-s005-v005,question,optionAnalysis[2].reason,6,12,3005b363b135bb19787d4686c2888cab5a8f80a043b38d6dad3748004a1d218f
u03-s005-v005,question,optionAnalysis[3].choice,2,2,3fdba35f04dc8c462986c992bcf875546257113072a909c162f7e470e581e278
u03-s005-v005,question,optionAnalysis[3].reason,13,35,902c08899cd6d61118ed1992b231183aba210b3ea5521fb59b36e2e1a7335018
u03-s005-v005,question,commonMistake,9,27,cdaba5812cf0c8969630ce4ffa763386b13da1ee7e2f964eae7b9ae792ed86f8
u03-s005-v005,question,concept,10,30,4320bbd0bdbdfbbdb044f95746068b0200eed3bb03f78a68e0b8649e08d09f62
u03-s005-v005,question,tags[0],2,6,32f6541b44ed479dbf6cc8c7dd98824e49e03974d72ad8b65c33383a9cbb349f
u03-s005-v005,question,tags[1],11,33,42bf9b331bf5a710813f85dc96155b0a0a656be24b9132f8828683c9ae6f8b38
u03-s005-v005,question,tags[2],8,8,fe6d3468cf5c74d8ec2a95b40f2e05338c37a4202f8fad692d2b64a9cf9b468a
u03-s005-v005,question,estimatedTimeSec,2,2,f369cb89fc627e668987007d121ed1eacdc01db9e28f8bb26f358b7d8c4f08ac
u03-s005-v005,question,prerequisiteSkillIds[0],29,29,1fa435421e21dd4e51711d9deb743dbe0e1833fa8edad9d1c796c54493db5e93
u03-s005-v005,question,authoringIntent,13,39,70180cf130c5424ce2d4918c3b0819c6f03f561b164cab88d030b357c9c3aee4
u03-s005-v005,question,reviewStatus,22,22,ec809598e2f7fcc69fad54c9cd045bba62b4a0dc7c0ff90d4efdc3788c9ad8fb
u03-s005-v005,question,contentSha256,64,64,89df2163e71faafcc5cac268bdca64c794ecebd5cea3dde323ff279dd5211455
u03-s005-v005,question,contentAuthority,25,25,ed40f75ffe3d6ad4e71f6e7919d063410490de360edb425965eccd605ca9d79e
u03-s005-v005,question,legacyContentDisposition,39,39,2efcc87c0c9673d2efe77735ae75582eb178c880b07035d8695f010e324b7c71
u03-s005-v006,question,questionId,13,13,a055b9f8b8ad483b6f756ca35213689f3317ac5ee6c17f7b9aaa8f7e94faffca
u03-s005-v006,question,unitId,3,3,97ce842ec69dee17c1842918e63b9d4042fa4b35007146dcfb80a09c5000888a
u03-s005-v006,question,topicId,27,27,5edc6d8adc97105fb624f3211c5e8b14178a37949edbbef037f75ad528a701a5
u03-s005-v006,question,skillId,27,27,a2292f3ef313214a54270bb26312b0c4164964f6d54023fc2f4cd22d0d8caa7e
u03-s005-v006,question,difficulty,8,8,fe6d3468cf5c74d8ec2a95b40f2e05338c37a4202f8fad692d2b64a9cf9b468a
u03-s005-v006,question,type,2,2,6bc0f9c4ecb0acbebf1b9f6c816bdd66f4885f67c917d9e141cf893014fba936
u03-s005-v006,question,visualMode,9,9,9c7d54b0bf7a9369d8594201c7b11955514343809d09fbec33966c1fd9794015
u03-s005-v006,question,sourceScope,19,19,a4b669ddb8ef1883391c07a7b633f12eeaeecee7ec37c09eea4931aff6644346
u03-s005-v006,question,text,20,32,dc3dbd421f11bfab2611f6b385e6f21d1dc606fc6b232464063b160b1e3f0ad7
u03-s005-v006,question,choices[0],1,1,d4735e3a265e16eee03f59718b9b5d03019c07d8b6c51f90da3a666eec13ab35
u03-s005-v006,question,choices[1],1,1,ef2d127de37b942baad06145e54b0c619a1f22327b2ebbcfbec78f5564afe39d
u03-s005-v006,question,choices[2],1,1,4b227777d4dd1fc61c6f884f48641d02b4d121d3fd328cb08b5531fcacdabf8a
u03-s005-v006,question,choices[3],1,1,2c624232cdd221771294dfbb310aca000a0df6ac8b66b696d90ef06fdefb64a3
u03-s005-v006,question,explanation,35,77,62b837da17c8663414b91a7bb62f7653df080e30b81f1ea97b222edea9eb2b42
u03-s005-v006,question,steps[0],6,18,f6f85dd89825db16daec5a45a946d6c158ff1457b1a63820d01f6103cfee8270
u03-s005-v006,question,steps[1],11,17,8048561637c6ad8efacf0cd44f1202017e1b48792c7ccff75d3fcc53a6efb9b4
u03-s005-v006,question,steps[2],6,8,5472c877b07516bb1ef616f11df5877b79b664f7e4eff983e443e7a994501085
u03-s005-v006,question,optionAnalysis[0].choice,1,1,d4735e3a265e16eee03f59718b9b5d03019c07d8b6c51f90da3a666eec13ab35
u03-s005-v006,question,optionAnalysis[0].reason,11,21,8efcb43cdadf29c39fcacf62d7da5550f2156be6121b38b9e4996e30cecd80ca
u03-s005-v006,question,optionAnalysis[1].choice,1,1,ef2d127de37b942baad06145e54b0c619a1f22327b2ebbcfbec78f5564afe39d
u03-s005-v006,question,optionAnalysis[1].reason,9,19,0154a00fcda4c8edf26668ca1a0174eebde99d8340c4ea174dfea9e7a3c27167
u03-s005-v006,question,optionAnalysis[2].choice,1,1,4b227777d4dd1fc61c6f884f48641d02b4d121d3fd328cb08b5531fcacdabf8a
u03-s005-v006,question,optionAnalysis[2].reason,43,81,68611598883483cf13f819c299fd4cfac9fe53dfa8d846780b60bd3537046954
u03-s005-v006,question,optionAnalysis[3].choice,1,1,2c624232cdd221771294dfbb310aca000a0df6ac8b66b696d90ef06fdefb64a3
u03-s005-v006,question,optionAnalysis[3].reason,9,23,9729cd886dde247a2c69754627495a8a7f9d3a64c6eb9293637c45d74680ef1d
u03-s005-v006,question,commonMistake,16,24,07e2c17fe8f5a342c4eadfe62d86c3fd60a114abf2bb894735bc10bebf8bce30
u03-s005-v006,question,concept,15,43,916ab0e1e9b47a88960bc921e213758ca0e9511454b4e8c6aabbcfcdc75d443d
u03-s005-v006,question,tags[0],2,6,32f6541b44ed479dbf6cc8c7dd98824e49e03974d72ad8b65c33383a9cbb349f
u03-s005-v006,question,tags[1],11,33,42bf9b331bf5a710813f85dc96155b0a0a656be24b9132f8828683c9ae6f8b38
u03-s005-v006,question,tags[2],8,8,fe6d3468cf5c74d8ec2a95b40f2e05338c37a4202f8fad692d2b64a9cf9b468a
u03-s005-v006,question,estimatedTimeSec,2,2,f369cb89fc627e668987007d121ed1eacdc01db9e28f8bb26f358b7d8c4f08ac
u03-s005-v006,question,prerequisiteSkillIds[0],29,29,1fa435421e21dd4e51711d9deb743dbe0e1833fa8edad9d1c796c54493db5e93
u03-s005-v006,question,authoringIntent,9,27,8236592ae45ea2bc8b1219a34d86d918360d2b1d72dcd9d5baf09bc6ef05ecb8
u03-s005-v006,question,reviewStatus,22,22,ec809598e2f7fcc69fad54c9cd045bba62b4a0dc7c0ff90d4efdc3788c9ad8fb
u03-s005-v006,question,contentSha256,64,64,902b9bca9cd8d9a7edab46de762b1145c0a1cff9ec493f5251741f668e05f917
u03-s005-v006,question,contentAuthority,25,25,ed40f75ffe3d6ad4e71f6e7919d063410490de360edb425965eccd605ca9d79e
u03-s005-v006,question,legacyContentDisposition,39,39,2efcc87c0c9673d2efe77735ae75582eb178c880b07035d8695f010e324b7c71
u03-s005-v007,question,questionId,13,13,56477427a133c1659ca00736e6dcebdb92eba8a91e5c72c5fff9abf6fd1e00a3
u03-s005-v007,question,unitId,3,3,97ce842ec69dee17c1842918e63b9d4042fa4b35007146dcfb80a09c5000888a
u03-s005-v007,question,topicId,27,27,5edc6d8adc97105fb624f3211c5e8b14178a37949edbbef037f75ad528a701a5
u03-s005-v007,question,skillId,27,27,a2292f3ef313214a54270bb26312b0c4164964f6d54023fc2f4cd22d0d8caa7e
u03-s005-v007,question,difficulty,8,8,d21f85ea38166303ce58e06134b5cc4a5c900c409ab2a500ff7c9225109a09bb
u03-s005-v007,question,type,2,2,6bc0f9c4ecb0acbebf1b9f6c816bdd66f4885f67c917d9e141cf893014fba936
u03-s005-v007,question,visualMode,9,9,9c7d54b0bf7a9369d8594201c7b11955514343809d09fbec33966c1fd9794015
u03-s005-v007,question,sourceScope,19,19,a4b669ddb8ef1883391c07a7b633f12eeaeecee7ec37c09eea4931aff6644346
u03-s005-v007,question,text,18,30,a18fba3ecfb823cef8252fdaeb239913b06ae466d1fd14b5143bf79cd3359cba
u03-s005-v007,question,choices[0],1,1,4b227777d4dd1fc61c6f884f48641d02b4d121d3fd328cb08b5531fcacdabf8a
u03-s005-v007,question,choices[1],2,2,b17ef6d19c7a5b1ee83b907c595526dcb1eb06db8227d650d5dda0a9f4ce8cd9
u03-s005-v007,question,choices[2],4,4,b9aca0d34018cc5cd9ce0c77838edb31b92dc5f99a44ab1759ac2f703d2d4ccc
u03-s005-v007,question,choices[3],4,4,c649758701cca231a1b9a804c89772623366acf72a82cbe88e93b28ba37e62a7
u03-s005-v007,question,explanation,43,83,8434b0715e36424db6eab6f6527370d732bbf3862eeb6d3104c6f06171ee34f3
u03-s005-v007,question,steps[0],10,16,45540553956895c49bc4700660990717c7706bf9c33d4135d490d664cb89ffd7
u03-s005-v007,question,steps[1],11,19,b30d34c4d71cb573307a6d041202cd1292a57fcab2381d737bab3fc6f612a0ae
u03-s005-v007,question,steps[2],7,11,661f378f1ae5dcfd4cf0390c4c923f58e870bb5f88a04b8bc36fcb7efd5dabb2
u03-s005-v007,question,optionAnalysis[0].choice,1,1,4b227777d4dd1fc61c6f884f48641d02b4d121d3fd328cb08b5531fcacdabf8a
u03-s005-v007,question,optionAnalysis[0].reason,7,15,1aa5d95a1cbd60248680021d2040defc94250d155d1e23a6ef2989c94012356a
u03-s005-v007,question,optionAnalysis[1].choice,2,2,b17ef6d19c7a5b1ee83b907c595526dcb1eb06db8227d650d5dda0a9f4ce8cd9
u03-s005-v007,question,optionAnalysis[1].reason,7,19,54356769b4138d2bdb37af119490bb9a085a38342b51fd427a6f51c3095c1672
u03-s005-v007,question,optionAnalysis[2].choice,4,4,b9aca0d34018cc5cd9ce0c77838edb31b92dc5f99a44ab1759ac2f703d2d4ccc
u03-s005-v007,question,optionAnalysis[2].reason,8,24,b5f01371bc8ebe57176115dacdb70d4f21743cadfdf0fdcb24a541b1a28be1ac
u03-s005-v007,question,optionAnalysis[3].choice,4,4,c649758701cca231a1b9a804c89772623366acf72a82cbe88e93b28ba37e62a7
u03-s005-v007,question,optionAnalysis[3].reason,49,87,26b7f7a0797cb4f8065990b26657c56980d0930fa50965921f78ff8d967f0d2c
u03-s005-v007,question,commonMistake,12,36,0ee16423111abef5e2c22c128a01c8152e0d32e2a99850a8acb6c0ec44df38fe
u03-s005-v007,question,concept,16,48,41418c4134de25017af9e774df7cb2752369f2a365bcc7bdab20c02793dc459a
u03-s005-v007,question,tags[0],2,6,32f6541b44ed479dbf6cc8c7dd98824e49e03974d72ad8b65c33383a9cbb349f
u03-s005-v007,question,tags[1],11,33,42bf9b331bf5a710813f85dc96155b0a0a656be24b9132f8828683c9ae6f8b38
u03-s005-v007,question,tags[2],8,8,d21f85ea38166303ce58e06134b5cc4a5c900c409ab2a500ff7c9225109a09bb
u03-s005-v007,question,estimatedTimeSec,2,2,f369cb89fc627e668987007d121ed1eacdc01db9e28f8bb26f358b7d8c4f08ac
u03-s005-v007,question,prerequisiteSkillIds[0],29,29,1fa435421e21dd4e51711d9deb743dbe0e1833fa8edad9d1c796c54493db5e93
u03-s005-v007,question,authoringIntent,11,33,9b86e5139fc2f9dd132b203c4909e4d2fa10fa236ad38f7412f21bb80ca73b51
u03-s005-v007,question,reviewStatus,22,22,ec809598e2f7fcc69fad54c9cd045bba62b4a0dc7c0ff90d4efdc3788c9ad8fb
u03-s005-v007,question,contentSha256,64,64,ef8ceaa0762bbc067f8debdfe70089888520fa624c53dc648815d31de94735b8
u03-s005-v007,question,contentAuthority,25,25,ed40f75ffe3d6ad4e71f6e7919d063410490de360edb425965eccd605ca9d79e
u03-s005-v007,question,legacyContentDisposition,39,39,2efcc87c0c9673d2efe77735ae75582eb178c880b07035d8695f010e324b7c71
u03-s005-v008,question,questionId,13,13,27015e6f72d7e3ae33d319072ed638c5565b3f7589ec1be7ff9cd30e13b02bff
u03-s005-v008,question,unitId,3,3,97ce842ec69dee17c1842918e63b9d4042fa4b35007146dcfb80a09c5000888a
u03-s005-v008,question,topicId,27,27,5edc6d8adc97105fb624f3211c5e8b14178a37949edbbef037f75ad528a701a5
u03-s005-v008,question,skillId,27,27,a2292f3ef313214a54270bb26312b0c4164964f6d54023fc2f4cd22d0d8caa7e
u03-s005-v008,question,difficulty,8,8,d21f85ea38166303ce58e06134b5cc4a5c900c409ab2a500ff7c9225109a09bb
u03-s005-v008,question,type,2,2,6bc0f9c4ecb0acbebf1b9f6c816bdd66f4885f67c917d9e141cf893014fba936
u03-s005-v008,question,visualMode,9,9,9c7d54b0bf7a9369d8594201c7b11955514343809d09fbec33966c1fd9794015
u03-s005-v008,question,sourceScope,19,19,a4b669ddb8ef1883391c07a7b633f12eeaeecee7ec37c09eea4931aff6644346
u03-s005-v008,question,text,16,26,ce29c38a9e9fc1fe9bbf9c72b5c60c96d661e432203fe6a3747a9e979c5f7657
u03-s005-v008,question,choices[0],2,2,1bad6b8cf97131fceab8543e81f7757195fbb1d36b376ee994ad1cf17699c464
u03-s005-v008,question,choices[1],1,1,6b86b273ff34fce19d6b804eff5a3f5747ada4eaa22f1d49c01e52ddb7875b4b
u03-s005-v008,question,choices[2],1,1,4e07408562bedb8b60ce05c1decfe3ad16b72230967de01f640b7e4729b49fce
u03-s005-v008,question,choices[3],1,1,ef2d127de37b942baad06145e54b0c619a1f22327b2ebbcfbec78f5564afe39d
u03-s005-v008,question,explanation,37,81,deb8550e1ae4baa0a9f69f6b994d0d106b3bd8f7d1a7aa6d3554179c44711830
u03-s005-v008,question,steps[0],9,21,e128ddf3a063ebc33a764905b711b8a7d21899e7bfb46974804e916991256f06
u03-s005-v008,question,steps[1],8,12,1c442b52425316e8030205c882f8beae61ff2d8a8bc92f195dc66b4560602dcf
u03-s005-v008,question,steps[2],7,13,c813498eccfc33944e3faac92a47fe667eebc8ea8456bcc348236ffd10b2a264
u03-s005-v008,question,optionAnalysis[0].choice,2,2,1bad6b8cf97131fceab8543e81f7757195fbb1d36b376ee994ad1cf17699c464
u03-s005-v008,question,optionAnalysis[0].reason,52,94,8f549d900c12c1b24adf28f3087fdb933960ca196fef91bf29788f48bf66343b
u03-s005-v008,question,optionAnalysis[1].choice,1,1,6b86b273ff34fce19d6b804eff5a3f5747ada4eaa22f1d49c01e52ddb7875b4b
u03-s005-v008,question,optionAnalysis[1].reason,5,15,c88dd41fc7aa32c6b862cae5e4ca4b58acf53eeed2b35a2614ae30e4cb9004f7
u03-s005-v008,question,optionAnalysis[2].choice,1,1,4e07408562bedb8b60ce05c1decfe3ad16b72230967de01f640b7e4729b49fce
u03-s005-v008,question,optionAnalysis[2].reason,14,22,a84499c03559f0bb07c61f676c2553da011ea1fe7a7bd9813b2d9dc21d785c06
u03-s005-v008,question,optionAnalysis[3].choice,1,1,ef2d127de37b942baad06145e54b0c619a1f22327b2ebbcfbec78f5564afe39d
u03-s005-v008,question,optionAnalysis[3].reason,11,24,400e5144da8c949e930cf283f935e63defc47636e63f6d065b83e03670f08fab
u03-s005-v008,question,commonMistake,17,27,89dabe333eba4586fab49a8652c45fddb92bf763c6b6312cb41e70978b4930d3
u03-s005-v008,question,concept,14,36,4f701df1f538305b1a1db28e0d5cf30ba34bd04b657a88f2e2af4a27058a959d
u03-s005-v008,question,tags[0],2,6,32f6541b44ed479dbf6cc8c7dd98824e49e03974d72ad8b65c33383a9cbb349f
u03-s005-v008,question,tags[1],11,33,42bf9b331bf5a710813f85dc96155b0a0a656be24b9132f8828683c9ae6f8b38
u03-s005-v008,question,tags[2],8,8,d21f85ea38166303ce58e06134b5cc4a5c900c409ab2a500ff7c9225109a09bb
u03-s005-v008,question,estimatedTimeSec,2,2,f369cb89fc627e668987007d121ed1eacdc01db9e28f8bb26f358b7d8c4f08ac
u03-s005-v008,question,prerequisiteSkillIds[0],29,29,1fa435421e21dd4e51711d9deb743dbe0e1833fa8edad9d1c796c54493db5e93
u03-s005-v008,question,authoringIntent,9,27,4b9c9d3b69b37d7c7c8458667413a0a1b20894bd891e7a8b902069cd8df5655b
u03-s005-v008,question,reviewStatus,22,22,ec809598e2f7fcc69fad54c9cd045bba62b4a0dc7c0ff90d4efdc3788c9ad8fb
u03-s005-v008,question,contentSha256,64,64,e99bc05099ecf201615e661847211b9d377f65f1b0146276e3f48f73c8664d9b
u03-s005-v008,question,contentAuthority,25,25,ed40f75ffe3d6ad4e71f6e7919d063410490de360edb425965eccd605ca9d79e
u03-s005-v008,question,legacyContentDisposition,39,39,2efcc87c0c9673d2efe77735ae75582eb178c880b07035d8695f010e324b7c71
u03-s005-v009,question,questionId,13,13,5e7420f0df67ad13876b8c0d898990ef9ba1addbed309f85dd133d592f089604
u03-s005-v009,question,unitId,3,3,97ce842ec69dee17c1842918e63b9d4042fa4b35007146dcfb80a09c5000888a
u03-s005-v009,question,topicId,27,27,5edc6d8adc97105fb624f3211c5e8b14178a37949edbbef037f75ad528a701a5
u03-s005-v009,question,skillId,27,27,a2292f3ef313214a54270bb26312b0c4164964f6d54023fc2f4cd22d0d8caa7e
u03-s005-v009,question,difficulty,8,8,d21f85ea38166303ce58e06134b5cc4a5c900c409ab2a500ff7c9225109a09bb
u03-s005-v009,question,type,2,2,6bc0f9c4ecb0acbebf1b9f6c816bdd66f4885f67c917d9e141cf893014fba936
u03-s005-v009,question,visualMode,9,9,9c7d54b0bf7a9369d8594201c7b11955514343809d09fbec33966c1fd9794015
u03-s005-v009,question,sourceScope,19,19,a4b669ddb8ef1883391c07a7b633f12eeaeecee7ec37c09eea4931aff6644346
u03-s005-v009,question,text,16,26,1c7d90a986d32566137be3ae1558ba3f687412408c04c17a90ec3829d39c5d9a
u03-s005-v009,question,choices[0],1,1,d4735e3a265e16eee03f59718b9b5d03019c07d8b6c51f90da3a666eec13ab35
u03-s005-v009,question,choices[1],1,1,ef2d127de37b942baad06145e54b0c619a1f22327b2ebbcfbec78f5564afe39d
u03-s005-v009,question,choices[2],1,1,2c624232cdd221771294dfbb310aca000a0df6ac8b66b696d90ef06fdefb64a3
u03-s005-v009,question,choices[3],2,2,b17ef6d19c7a5b1ee83b907c595526dcb1eb06db8227d650d5dda0a9f4ce8cd9
u03-s005-v009,question,explanation,37,73,d4648cb0683606550b42103a52b64c6611db93bc971651e785b5eba576abcf28
u03-s005-v009,question,steps[0],10,16,407150bcb34cd32dcd5a55b996ea019f469d04ca98871f8016d01a84793fd1ac
u03-s005-v009,question,steps[1],10,14,5d533b120900e74394cb2a5c6f089846450c72c03d574c801b31b4bf2a441aa0
u03-s005-v009,question,steps[2],5,9,03b0e721d80efe91d05894e4027b3c01c568b96bc11b2d241a4e9fff03f229c6
u03-s005-v009,question,optionAnalysis[0].choice,1,1,d4735e3a265e16eee03f59718b9b5d03019c07d8b6c51f90da3a666eec13ab35
u03-s005-v009,question,optionAnalysis[0].reason,8,15,2a793e4578d7fb6a9ba2c90b01e268c6eedd4f0bdae288089f053bb39fb1b8ae
u03-s005-v009,question,optionAnalysis[1].choice,1,1,ef2d127de37b942baad06145e54b0c619a1f22327b2ebbcfbec78f5564afe39d
u03-s005-v009,question,optionAnalysis[1].reason,7,19,2ffbd04ba600d9dabc2ca09c3b6f44c124edc16fba3ab5f3c48a647d9c5e2d01
u03-s005-v009,question,optionAnalysis[2].choice,1,1,2c624232cdd221771294dfbb310aca000a0df6ac8b66b696d90ef06fdefb64a3
u03-s005-v009,question,optionAnalysis[2].reason,43,93,9647994b17001df94776a82633182f6849fc28a2c606f0129dcb3e9e478d662e
u03-s005-v009,question,optionAnalysis[3].choice,2,2,b17ef6d19c7a5b1ee83b907c595526dcb1eb06db8227d650d5dda0a9f4ce8cd9
u03-s005-v009,question,optionAnalysis[3].reason,13,39,b1d7f167abdd2df4083e33a46c4b58f9a47021729b806f4cb2dc0ab1d19609e1
u03-s005-v009,question,commonMistake,10,24,103922e275349bbdfd99bd1a97d16e541152625eabeaea182a90c7aa11973a9d
u03-s005-v009,question,concept,15,33,9e0c783440272b65b03c24cee5f59cc0779a7138bedfe8b8b92ad6de94c47f9c
u03-s005-v009,question,tags[0],2,6,32f6541b44ed479dbf6cc8c7dd98824e49e03974d72ad8b65c33383a9cbb349f
u03-s005-v009,question,tags[1],11,33,42bf9b331bf5a710813f85dc96155b0a0a656be24b9132f8828683c9ae6f8b38
u03-s005-v009,question,tags[2],8,8,d21f85ea38166303ce58e06134b5cc4a5c900c409ab2a500ff7c9225109a09bb
u03-s005-v009,question,estimatedTimeSec,2,2,f369cb89fc627e668987007d121ed1eacdc01db9e28f8bb26f358b7d8c4f08ac
u03-s005-v009,question,prerequisiteSkillIds[0],29,29,1fa435421e21dd4e51711d9deb743dbe0e1833fa8edad9d1c796c54493db5e93
u03-s005-v009,question,authoringIntent,9,27,12eab42c5c7e88a17845c389594b075bf37cc8856daef2a9437de738cbfa5353
u03-s005-v009,question,reviewStatus,22,22,ec809598e2f7fcc69fad54c9cd045bba62b4a0dc7c0ff90d4efdc3788c9ad8fb
u03-s005-v009,question,contentSha256,64,64,0deb310291eb91052a0d6ef6be93d1edaad99e0e7da61a6db914547737682ba8
u03-s005-v009,question,contentAuthority,25,25,ed40f75ffe3d6ad4e71f6e7919d063410490de360edb425965eccd605ca9d79e
u03-s005-v009,question,legacyContentDisposition,39,39,2efcc87c0c9673d2efe77735ae75582eb178c880b07035d8695f010e324b7c71
u03-s005-v010,question,questionId,13,13,38c0b70665d3b9165c298b91e73f2b2483879bdb80625b4253ed6ce601fc1e33
u03-s005-v010,question,unitId,3,3,97ce842ec69dee17c1842918e63b9d4042fa4b35007146dcfb80a09c5000888a
u03-s005-v010,question,topicId,27,27,5edc6d8adc97105fb624f3211c5e8b14178a37949edbbef037f75ad528a701a5
u03-s005-v010,question,skillId,27,27,a2292f3ef313214a54270bb26312b0c4164964f6d54023fc2f4cd22d0d8caa7e
u03-s005-v010,question,difficulty,8,8,578756ca4aa16d8872610a5aaa78460fd30fbe93379ff7284fe65d66ca606755
u03-s005-v010,question,type,2,2,6bc0f9c4ecb0acbebf1b9f6c816bdd66f4885f67c917d9e141cf893014fba936
u03-s005-v010,question,visualMode,9,9,9c7d54b0bf7a9369d8594201c7b11955514343809d09fbec33966c1fd9794015
u03-s005-v010,question,sourceScope,19,19,a4b669ddb8ef1883391c07a7b633f12eeaeecee7ec37c09eea4931aff6644346
u03-s005-v010,question,text,36,86,38a96591884f53ec3dd1799458d2f4a9568996f51aceb38332fb1c4a4fc69347
u03-s005-v010,question,choices[0],1,1,ef2d127de37b942baad06145e54b0c619a1f22327b2ebbcfbec78f5564afe39d
u03-s005-v010,question,choices[1],1,1,2c624232cdd221771294dfbb310aca000a0df6ac8b66b696d90ef06fdefb64a3
u03-s005-v010,question,choices[2],2,2,8527a891e224136950ff32ca212b45bc93f69fbb801c3b1ebedac52775f99e61
u03-s005-v010,question,choices[3],1,1,7902699be42c8a8e46fbbb4501726517e86b22c56a189f7625a6da49081b2451
u03-s005-v010,question,explanation,37,85,21f30fef0ba97847a62ed60b91ed0c4b14a24f7da99ffcb943834542ae7c5791
u03-s005-v010,question,steps[0],14,22,bd73db304d3fae5483ff0a60ea05433bfa140d3e461f20b1e9f32fb5eaf6644b
u03-s005-v010,question,steps[1],5,13,9975e4e5d2aee513d1c5caf6d1fcd0c33f6633fc7383f85a613791fc65cdd3fc
u03-s005-v010,question,steps[2],6,16,27e34a3acf525dadeb87f3cb4f2e58459256209bc2e146cf0dda8865f02ace82
u03-s005-v010,question,optionAnalysis[0].choice,1,1,ef2d127de37b942baad06145e54b0c619a1f22327b2ebbcfbec78f5564afe39d
u03-s005-v010,question,optionAnalysis[0].reason,10,21,bfb8dd3f439b7627c83e9c1beb46e760c77ac5f5fa8425f51f0790c405872a9f
u03-s005-v010,question,optionAnalysis[1].choice,1,1,2c624232cdd221771294dfbb310aca000a0df6ac8b66b696d90ef06fdefb64a3
u03-s005-v010,question,optionAnalysis[1].reason,7,21,17505a70f03c6c7f5225ced514b660ea59dcafe9fb76ef380cad195ebbd85631
u03-s005-v010,question,optionAnalysis[2].choice,2,2,8527a891e224136950ff32ca212b45bc93f69fbb801c3b1ebedac52775f99e61
u03-s005-v010,question,optionAnalysis[2].reason,10,28,9663aaf3127972f8dbfd4acf1fcd6c76e85e10b213ea23e964d200a631052048
u03-s005-v010,question,optionAnalysis[3].choice,1,1,7902699be42c8a8e46fbbb4501726517e86b22c56a189f7625a6da49081b2451
u03-s005-v010,question,optionAnalysis[3].reason,48,84,5158b2e2d531974483ded9beec63768277f54e0ef564ec78bca7732c70e71fa0
u03-s005-v010,question,commonMistake,8,24,8da2b6e21ee5a84fc8e07367ee23a6e5e31446c9adf2d56a77afcf79f8db438f
u03-s005-v010,question,concept,9,27,d80cea6228b745a3b865c376e34f2e80cd865aa0ab4df4c12ac7d36bf7d3d11d
u03-s005-v010,question,tags[0],2,6,32f6541b44ed479dbf6cc8c7dd98824e49e03974d72ad8b65c33383a9cbb349f
u03-s005-v010,question,tags[1],11,33,42bf9b331bf5a710813f85dc96155b0a0a656be24b9132f8828683c9ae6f8b38
u03-s005-v010,question,tags[2],8,8,578756ca4aa16d8872610a5aaa78460fd30fbe93379ff7284fe65d66ca606755
u03-s005-v010,question,estimatedTimeSec,2,2,f369cb89fc627e668987007d121ed1eacdc01db9e28f8bb26f358b7d8c4f08ac
u03-s005-v010,question,prerequisiteSkillIds[0],29,29,1fa435421e21dd4e51711d9deb743dbe0e1833fa8edad9d1c796c54493db5e93
u03-s005-v010,question,authoringIntent,14,42,9bca761ccf9912e956a7fa908e7d2840b5e4c3703062ab08e31e8f22aed9b75a
u03-s005-v010,question,literacyContextNecessity,43,103,abe77d7400e9ebfca54636e602b8b49c0ab81568b45b756612cfbfd5e176c181
u03-s005-v010,question,reviewStatus,22,22,ec809598e2f7fcc69fad54c9cd045bba62b4a0dc7c0ff90d4efdc3788c9ad8fb
u03-s005-v010,question,contentSha256,64,64,7ceca1c391d2a8eb2f1d48f2d62c406098f5dffb66e684d4a255619542c7088f
u03-s005-v010,question,contentAuthority,25,25,ed40f75ffe3d6ad4e71f6e7919d063410490de360edb425965eccd605ca9d79e
u03-s005-v010,question,legacyContentDisposition,39,39,2efcc87c0c9673d2efe77735ae75582eb178c880b07035d8695f010e324b7c71
u03-s005-v011,question,questionId,13,13,55999a719fe00a366161938e7f86ba5cb10c9c5ee5a9aaee4b147df862335ac3
u03-s005-v011,question,unitId,3,3,97ce842ec69dee17c1842918e63b9d4042fa4b35007146dcfb80a09c5000888a
u03-s005-v011,question,topicId,27,27,5edc6d8adc97105fb624f3211c5e8b14178a37949edbbef037f75ad528a701a5
u03-s005-v011,question,skillId,27,27,a2292f3ef313214a54270bb26312b0c4164964f6d54023fc2f4cd22d0d8caa7e
u03-s005-v011,question,difficulty,8,8,578756ca4aa16d8872610a5aaa78460fd30fbe93379ff7284fe65d66ca606755
u03-s005-v011,question,type,2,2,6bc0f9c4ecb0acbebf1b9f6c816bdd66f4885f67c917d9e141cf893014fba936
u03-s005-v011,question,visualMode,9,9,9c7d54b0bf7a9369d8594201c7b11955514343809d09fbec33966c1fd9794015
u03-s005-v011,question,sourceScope,19,19,a4b669ddb8ef1883391c07a7b633f12eeaeecee7ec37c09eea4931aff6644346
u03-s005-v011,question,text,43,109,05397b712ead688c3f079719699058b5e476f6416240f054531c9a81b6be839a
u03-s005-v011,question,choices[0],2,2,4fc82b26aecb47d2868c4efbe3581732a3e7cbcc6c2efb32062c08170a05eeb8
u03-s005-v011,question,choices[1],1,1,19581e27de7ced00ff1ce50b2047e7a567c76b1cbaebabe5ef03f7c3017bb5b7
u03-s005-v011,question,choices[2],2,2,3fdba35f04dc8c462986c992bcf875546257113072a909c162f7e470e581e278
u03-s005-v011,question,choices[3],2,2,e629fa6598d732768f7c726b4b621285f9c3b85303900aa912017db7617d8bdb
u03-s005-v011,question,explanation,39,81,e47229547c09d77fd386dc1f758bdb49d73923bca40492ca414c7fb66a197b0a
u03-s005-v011,question,steps[0],8,18,858b15c0a758c57bc7d0645e46cb98fbb3fe7d48b63f06f47dbf635e7fbee3ff
u03-s005-v011,question,steps[1],12,18,dac3ee4aae8753befec147a2c579411d9a0a8027e284c499c7276aa633fb58f1
u03-s005-v011,question,steps[2],6,10,e5b1b3c962eea91e15a1d1a9a65f95bb33c5c6276c6f8c4b8488e84458c3e32a
u03-s005-v011,question,optionAnalysis[0].choice,2,2,4fc82b26aecb47d2868c4efbe3581732a3e7cbcc6c2efb32062c08170a05eeb8
u03-s005-v011,question,optionAnalysis[0].reason,38,72,231426070c62c342f6c4815ca0bc0e80660863fd5ca6457127879277f676066e
u03-s005-v011,question,optionAnalysis[1].choice,1,1,19581e27de7ced00ff1ce50b2047e7a567c76b1cbaebabe5ef03f7c3017bb5b7
u03-s005-v011,question,optionAnalysis[1].reason,6,11,191b9c66b283b846d71c984efd8b30126768e6745294af8c601643da75bcee1d
u03-s005-v011,question,optionAnalysis[2].choice,2,2,3fdba35f04dc8c462986c992bcf875546257113072a909c162f7e470e581e278
u03-s005-v011,question,optionAnalysis[2].reason,7,19,94d096f2eee74bf1fbd91673eb1cfc210cf95964526577613d05213280a3d1e5
u03-s005-v011,question,optionAnalysis[3].choice,2,2,e629fa6598d732768f7c726b4b621285f9c3b85303900aa912017db7617d8bdb
u03-s005-v011,question,optionAnalysis[3].reason,11,33,01372ad4f35425bee9901aaa944f89ee6a8826953d39c47e5d67ef74b5340aaa
u03-s005-v011,question,commonMistake,12,32,d43245aead2e6f8aae8f9f9ac82adecb8e389b6058616068b2deebb1d0935d0a
u03-s005-v011,question,concept,16,44,6f43fadf12ab3282e316b39caf8476dded8ef54358c67c64b0ac082c3055c2dd
u03-s005-v011,question,tags[0],2,6,32f6541b44ed479dbf6cc8c7dd98824e49e03974d72ad8b65c33383a9cbb349f
u03-s005-v011,question,tags[1],11,33,42bf9b331bf5a710813f85dc96155b0a0a656be24b9132f8828683c9ae6f8b38
u03-s005-v011,question,tags[2],8,8,578756ca4aa16d8872610a5aaa78460fd30fbe93379ff7284fe65d66ca606755
u03-s005-v011,question,estimatedTimeSec,2,2,f369cb89fc627e668987007d121ed1eacdc01db9e28f8bb26f358b7d8c4f08ac
u03-s005-v011,question,prerequisiteSkillIds[0],29,29,1fa435421e21dd4e51711d9deb743dbe0e1833fa8edad9d1c796c54493db5e93
u03-s005-v011,question,authoringIntent,13,39,4bfc673b65fe7a21b382df36783582bc623e772ef559d94e93c5fcfe51066c9f
u03-s005-v011,question,literacyContextNecessity,39,95,2d58dd5a2a998582a03497b71d502b64e57c151693391f53270ecaeefbfb311f
u03-s005-v011,question,reviewStatus,22,22,ec809598e2f7fcc69fad54c9cd045bba62b4a0dc7c0ff90d4efdc3788c9ad8fb
u03-s005-v011,question,contentSha256,64,64,8df0a1403f4a3ebf1df9806d01ff47d65f54055037f4760c9979891c9e98c3f4
u03-s005-v011,question,contentAuthority,25,25,ed40f75ffe3d6ad4e71f6e7919d063410490de360edb425965eccd605ca9d79e
u03-s005-v011,question,legacyContentDisposition,39,39,2efcc87c0c9673d2efe77735ae75582eb178c880b07035d8695f010e324b7c71
u03-s005-v012,question,questionId,13,13,7088f22b41506e9dcbbf22e37ea8efc6318b6bc7c023937f59810da8a10c729d
u03-s005-v012,question,unitId,3,3,97ce842ec69dee17c1842918e63b9d4042fa4b35007146dcfb80a09c5000888a
u03-s005-v012,question,topicId,27,27,5edc6d8adc97105fb624f3211c5e8b14178a37949edbbef037f75ad528a701a5
u03-s005-v012,question,skillId,27,27,a2292f3ef313214a54270bb26312b0c4164964f6d54023fc2f4cd22d0d8caa7e
u03-s005-v012,question,difficulty,8,8,578756ca4aa16d8872610a5aaa78460fd30fbe93379ff7284fe65d66ca606755
u03-s005-v012,question,type,2,2,6bc0f9c4ecb0acbebf1b9f6c816bdd66f4885f67c917d9e141cf893014fba936
u03-s005-v012,question,visualMode,9,9,9c7d54b0bf7a9369d8594201c7b11955514343809d09fbec33966c1fd9794015
u03-s005-v012,question,sourceScope,19,19,a4b669ddb8ef1883391c07a7b633f12eeaeecee7ec37c09eea4931aff6644346
u03-s005-v012,question,text,58,136,3c8626e805c5905ca9591f38edb950f9d6cdbbca396ac255ad928974d1d76cdc
u03-s005-v012,question,choices[0],1,1,2c624232cdd221771294dfbb310aca000a0df6ac8b66b696d90ef06fdefb64a3
u03-s005-v012,question,choices[1],2,2,6b51d431df5d7f141cbececcf79edf3dd861c3b4069f0b11661a3eefacbba918
u03-s005-v012,question,choices[2],2,2,4a44dc15364204a80fe80e9039455cc1608281820fe2b24f1e5233ade6af1dd5
u03-s005-v012,question,choices[3],2,2,8527a891e224136950ff32ca212b45bc93f69fbb801c3b1ebedac52775f99e61
u03-s005-v012,question,explanation,41,83,f07088ea1bed3cb6e46d8122f11626def92dd21dc0161744db6f5dcad4a731cb
u03-s005-v012,question,steps[0],13,15,ebe0aec0a6e90b2165f6c02b44bc351f58042636563bba19ca066d1c1162b3f3
u03-s005-v012,question,steps[1],8,22,a39caf5264cbe80f46e0d9e6e9850839ae156bbae5bf9761314fb1f6ee0aae2d
u03-s005-v012,question,steps[2],7,11,a1387f894d125dbdc15d45cd85106f930307178092a1635957eb6cbb2d2bce2f
u03-s005-v012,question,optionAnalysis[0].choice,1,1,2c624232cdd221771294dfbb310aca000a0df6ac8b66b696d90ef06fdefb64a3
u03-s005-v012,question,optionAnalysis[0].reason,7,15,4a56e9829c30cf70b33b867627731d376db49b110fd8980edcf2b203c9291fc7
u03-s005-v012,question,optionAnalysis[1].choice,2,2,6b51d431df5d7f141cbececcf79edf3dd861c3b4069f0b11661a3eefacbba918
u03-s005-v012,question,optionAnalysis[1].reason,55,95,73fdfb0d018850fe91d7124dc08eeacb7f8e7c268bb8ed256c765da42976b89a
u03-s005-v012,question,optionAnalysis[2].choice,2,2,4a44dc15364204a80fe80e9039455cc1608281820fe2b24f1e5233ade6af1dd5
u03-s005-v012,question,optionAnalysis[2].reason,10,28,ccf48291448305812e827b61f7ba8cbc00b5a178cf2725de9fcbbce557907f8a
u03-s005-v012,question,optionAnalysis[3].choice,2,2,8527a891e224136950ff32ca212b45bc93f69fbb801c3b1ebedac52775f99e61
u03-s005-v012,question,optionAnalysis[3].reason,14,36,fc278e8fff03defbc16e49e365d14d18b73c38fe3176af18e9eb56cd2771f6c4
u03-s005-v012,question,commonMistake,13,35,7ca1f485497c68c9bbb1b1dd64da7b2fc781ec124dc2fd26b08bf097eb8561e1
u03-s005-v012,question,concept,14,40,a33f36ee61c86cb63f396746b44a6cf6b49f007d13d3e4d6fc0e447f778e8425
u03-s005-v012,question,tags[0],2,6,32f6541b44ed479dbf6cc8c7dd98824e49e03974d72ad8b65c33383a9cbb349f
u03-s005-v012,question,tags[1],11,33,42bf9b331bf5a710813f85dc96155b0a0a656be24b9132f8828683c9ae6f8b38
u03-s005-v012,question,tags[2],8,8,578756ca4aa16d8872610a5aaa78460fd30fbe93379ff7284fe65d66ca606755
u03-s005-v012,question,estimatedTimeSec,2,2,f369cb89fc627e668987007d121ed1eacdc01db9e28f8bb26f358b7d8c4f08ac
u03-s005-v012,question,prerequisiteSkillIds[0],29,29,1fa435421e21dd4e51711d9deb743dbe0e1833fa8edad9d1c796c54493db5e93
u03-s005-v012,question,authoringIntent,12,36,e1dbc1e3892e0069ea887e765da8b4e3138eb9af1b8b5917386cf2c1e4cc0448
u03-s005-v012,question,literacyContextNecessity,38,96,cd58e4992ddc722e3a34697ffe8b01f0375ea87752fde823d853f281302f431c
u03-s005-v012,question,reviewStatus,22,22,ec809598e2f7fcc69fad54c9cd045bba62b4a0dc7c0ff90d4efdc3788c9ad8fb
u03-s005-v012,question,contentSha256,64,64,6a33060c1e24ede40ed7227f0d11df997f9b01eef11f1f5852b628bcdd9b212c
u03-s005-v012,question,contentAuthority,25,25,ed40f75ffe3d6ad4e71f6e7919d063410490de360edb425965eccd605ca9d79e
u03-s005-v012,question,legacyContentDisposition,39,39,2efcc87c0c9673d2efe77735ae75582eb178c880b07035d8695f010e324b7c71
u03-s005-cr001,constructed-response,questionId,14,14,f263e0434a3681ee35873a76dddd09f6db8e37db7998e2df779b0df96956ca82
u03-s005-cr001,constructed-response,unitId,3,3,97ce842ec69dee17c1842918e63b9d4042fa4b35007146dcfb80a09c5000888a
u03-s005-cr001,constructed-response,topicId,27,27,5edc6d8adc97105fb624f3211c5e8b14178a37949edbbef037f75ad528a701a5
u03-s005-cr001,constructed-response,skillId,27,27,a2292f3ef313214a54270bb26312b0c4164964f6d54023fc2f4cd22d0d8caa7e
u03-s005-cr001,constructed-response,difficulty,8,8,fe6d3468cf5c74d8ec2a95b40f2e05338c37a4202f8fad692d2b64a9cf9b468a
u03-s005-cr001,constructed-response,type,20,20,e519496c259191db041ac61161dbfadb673dd94a10a123ed7423adcf7968ae7c
u03-s005-cr001,constructed-response,visualMode,9,9,9c7d54b0bf7a9369d8594201c7b11955514343809d09fbec33966c1fd9794015
u03-s005-cr001,constructed-response,prompt,29,61,01079159655740d9bcd15c886625e2c1e33edeb1e57f6d7faf7d6d4d92d3f16a
u03-s005-cr001,constructed-response,requiredWork[0],10,30,1b53e8fef1755bb8db2b89ffed8a6313adc5fe67b64ea7d81cbc2b04eab7ce88
u03-s005-cr001,constructed-response,requiredWork[1],6,18,d80630924eb4142e75d804a8d556937debe733d9a24099e79fc86de5e7b7d60a
u03-s005-cr001,constructed-response,requiredWork[2],6,18,bd1f6ada33b7f4ebf69078374e9727de90eb642dca5bb7e492b1b2aa0e947392
u03-s005-cr001,constructed-response,fullCreditSolution[0],16,24,02cfb6a03df3735f85ba6f95797d0d65e1a9fbf984c563fe922a9dcedd170849
u03-s005-cr001,constructed-response,fullCreditSolution[1],14,18,4dc9a901c8818317c601004497525c76273092c9675dec6dba880841566636eb
u03-s005-cr001,constructed-response,fullCreditSolution[2],9,19,399e4da425dc08ca6a62f3b3b03ae4c539ebc244c9539ebd1cf7471a43c9b03b
u03-s005-cr001,constructed-response,alternativeSolutions[0],15,35,51aa7b7aac5ed4bf89978a74aa1d59c61f537e0ee064698e3379ea4823be2b57
u03-s005-cr001,constructed-response,rubric[0].criteria,14,42,d9d4f85f13c44387dc67f9dc589785b6be042947bc65099040663e2959b6df48
u03-s005-cr001,constructed-response,rubric[1].criteria,14,42,df872f079bb8113768350068bf5ae4968be4c9a53961eeb9a85d091d9c31f27e
u03-s005-cr001,constructed-response,rubric[2].criteria,11,33,a57b63e01ad3fd93f7ae175990d81d5e1811aef5fbe1cfa419c8921befe91d24
u03-s005-cr001,constructed-response,rubric[3].criteria,12,36,129a877782ef907382010d829f7ec87730f2a2cfa834b9768af38af4c1ff04cf
u03-s005-cr001,constructed-response,scoringNotes[0],14,42,cd605206f033bf9eb77fb66a20ada03efaf449b4f0635fc98dd861265ef39c50
u03-s005-cr001,constructed-response,scoringNotes[1],25,75,a2c565e5172ae5430bb229f94ce51035aa7b17f1f115f704476e4c19fc1098cf
u03-s005-cr001,constructed-response,commonErrors[0],15,21,750bb38850f66a58b1eed86b83c76ab32a0d7e10083994700ff6cdde03a0f7fc
u03-s005-cr001,constructed-response,commonErrors[1],11,23,431e70f28e5dca15b2beb699ff53b205b7b7dede1e3e2d7873d5d7ddf5e34fae
u03-s005-cr001,constructed-response,independentReview.derivedResult,3,3,ab1ee0e2814c4d7ea2a064b2f5d8e59f2a0ac403ce00e913cc69d3572f9564da
u03-s005-cr001,constructed-response,independentReview.ambiguity,26,78,4b9998d99f5ff6b4c48867707da30b5a75387690128c1a0e4fdc7f35be5f3c7a
u03-s005-cr001,constructed-response,independentReview.decision,4,4,d74ff0ee8da3b9806b18c877dbf29bbde50b5bd8e4dad7a3a725000feb82e8f1
u03-s005-cr001,constructed-response,contentSha256,64,64,567f67e90194726f5d5a1bb11049cbfa353d287aa8287bebb09232b394942e82
u03-s005-cr001,constructed-response,contentAuthority,25,25,ed40f75ffe3d6ad4e71f6e7919d063410490de360edb425965eccd605ca9d79e
u03-s005-cr001,constructed-response,legacyContentDisposition,39,39,2efcc87c0c9673d2efe77735ae75582eb178c880b07035d8695f010e324b7c71
u03-s005-cr002,constructed-response,questionId,14,14,3f91fdc994849010209a31e089c899561ed304b4bb822b3e9d70f4af8d729a69
u03-s005-cr002,constructed-response,unitId,3,3,97ce842ec69dee17c1842918e63b9d4042fa4b35007146dcfb80a09c5000888a
u03-s005-cr002,constructed-response,topicId,27,27,5edc6d8adc97105fb624f3211c5e8b14178a37949edbbef037f75ad528a701a5
u03-s005-cr002,constructed-response,skillId,27,27,a2292f3ef313214a54270bb26312b0c4164964f6d54023fc2f4cd22d0d8caa7e
u03-s005-cr002,constructed-response,difficulty,8,8,d21f85ea38166303ce58e06134b5cc4a5c900c409ab2a500ff7c9225109a09bb
u03-s005-cr002,constructed-response,type,20,20,e519496c259191db041ac61161dbfadb673dd94a10a123ed7423adcf7968ae7c
u03-s005-cr002,constructed-response,visualMode,9,9,9c7d54b0bf7a9369d8594201c7b11955514343809d09fbec33966c1fd9794015
u03-s005-cr002,constructed-response,prompt,64,156,a132a918153947a2340d5fff96fd9bcf104892608284f6409103bc061556da11
u03-s005-cr002,constructed-response,requiredWork[0],12,36,288a925db23ba8579fd1f53d041d00c909932a4610aef4a0118af45988cec984
u03-s005-cr002,constructed-response,requiredWork[1],15,19,81e7ae883500ce06f84082eeab3b07218f5b14f0635a3c0118e35edb6c575036
u03-s005-cr002,constructed-response,requiredWork[2],5,15,ddd48f8b90d25a8b5011e168c76d91b3c7130add65ef8fac9e7325be6644eefa
u03-s005-cr002,constructed-response,fullCreditSolution[0],14,16,32c98fb7a6047343764338212a896967732090a93cd3d2e5ec2540559b01cf05
u03-s005-cr002,constructed-response,fullCreditSolution[1],17,21,4fc5cc4fc779506771bdbf87311f470300de0be0f2ee9ad7b1b05d47a4e21d9b
u03-s005-cr002,constructed-response,fullCreditSolution[2],17,22,91756c1a6acd09d0d48825c6e9489ed55701b680840934d4d93c13e21ce7f161
u03-s005-cr002,constructed-response,alternativeSolutions[0],16,44,1a4bf28b74200e966a1b4103cdb778fcda56deef1e72fdc002566b1811d59bdf
u03-s005-cr002,constructed-response,rubric[0].criteria,15,41,c30a317d3778cc6d5ffa67873986af9c00a4f4c30aae4a0dcf4004d61e844866
u03-s005-cr002,constructed-response,rubric[1].criteria,24,72,3e59d8aaf7a58ddaf3b613b63a7032d9168d544d3e887eb4a758ac115b9a9e00
u03-s005-cr002,constructed-response,rubric[2].criteria,11,29,dcd3578ddeb3f1845b6586bfd53905ceb90e43b7e3529d7535e55424432a22c8
u03-s005-cr002,constructed-response,rubric[3].criteria,10,30,1affa780daf389c4183c4a283d577e12367c92a1dae36736835b413c0058a0fe
u03-s005-cr002,constructed-response,scoringNotes[0],14,42,cd605206f033bf9eb77fb66a20ada03efaf449b4f0635fc98dd861265ef39c50
u03-s005-cr002,constructed-response,scoringNotes[1],25,75,a2c565e5172ae5430bb229f94ce51035aa7b17f1f115f704476e4c19fc1098cf
u03-s005-cr002,constructed-response,commonErrors[0],10,16,9a9d3ea950a735987ea7fc69da1f84c691a2c0f89e35cf1ae8012581f99bec8b
u03-s005-cr002,constructed-response,commonErrors[1],11,27,027ee315db63b1d4b86020bbe44f635fb7b2816af7e4c77532591571696f4761
u03-s005-cr002,constructed-response,independentReview.derivedResult,3,5,a6fd6773f37f22ef147f11d20dc89e1c648a7cdf3593d2403f71d4dd9f1768c7
u03-s005-cr002,constructed-response,independentReview.ambiguity,26,78,4b9998d99f5ff6b4c48867707da30b5a75387690128c1a0e4fdc7f35be5f3c7a
u03-s005-cr002,constructed-response,independentReview.decision,4,4,d74ff0ee8da3b9806b18c877dbf29bbde50b5bd8e4dad7a3a725000feb82e8f1
u03-s005-cr002,constructed-response,contentSha256,64,64,059c409b9b4df2dc0a834d82b95b154a106012cb14e4e716d839761a52179573
u03-s005-cr002,constructed-response,contentAuthority,25,25,ed40f75ffe3d6ad4e71f6e7919d063410490de360edb425965eccd605ca9d79e
u03-s005-cr002,constructed-response,legacyContentDisposition,39,39,2efcc87c0c9673d2efe77735ae75582eb178c880b07035d8695f010e324b7c71
u03-s006-lecture-r1,lecture,lectureId,19,19,9617a3c003f236b30ff20f0725cf70119eda0f00bbcb09af9914c0ed2e6bf5da
u03-s006-lecture-r1,lecture,unitId,3,3,97ce842ec69dee17c1842918e63b9d4042fa4b35007146dcfb80a09c5000888a
u03-s006-lecture-r1,lecture,topicId,27,27,5edc6d8adc97105fb624f3211c5e8b14178a37949edbbef037f75ad528a701a5
u03-s006-lecture-r1,lecture,skillId,25,25,1dffb75902560f17b39dc3241537371bcdc651e0e476f743cbf7690c7b621081
u03-s006-lecture-r1,lecture,title,24,72,f30a6fc3d6cd4db78f63e2d50c9ef904a59955b34ceeae69c551182d0d922602
u03-s006-lecture-r1,lecture,audience,10,30,e6b4416fbd9f36797de01256b31a4d6f6314e126fde8495e25792c814f64fc5f
u03-s006-lecture-r1,lecture,reviewStatus,22,22,ec809598e2f7fcc69fad54c9cd045bba62b4a0dc7c0ff90d4efdc3788c9ad8fb
u03-s006-lecture-r1,lecture,learningOutcomes[0],19,57,7e4c112546cc3e02b90c97680a49164de6094b31f4ec7addebddd506d57ef556
u03-s006-lecture-r1,lecture,learningOutcomes[1],14,42,b5f8ff156ecc7ff76dbc3c3fe64cdaa10768f1490a0aaf2f0553b6aaaa838e01
u03-s006-lecture-r1,lecture,learningOutcomes[2],16,48,ccb5dcd7501147d63d034be59e05e4a82c7d8205f263ed34cb96535c091b5ad2
u03-s006-lecture-r1,lecture,learningOutcomes[3],12,36,8cda7f3eaa079712ffe866066129906013df27122ae509182f9ddec9033123c9
u03-s006-lecture-r1,lecture,prerequisites[0].skillId,27,27,a2292f3ef313214a54270bb26312b0c4164964f6d54023fc2f4cd22d0d8caa7e
u03-s006-lecture-r1,lecture,prerequisites[0].requiredLevel,27,81,18b96c26c0812d2daa8fd25ab4ec20cdae2926e0141b59a90fa1e57b51f23ab5
u03-s006-lecture-r1,lecture,glossary[0].term,2,6,48f5d488ba035fbfaab1becd1f7b7114b46e382581d6d8eb306505097be227e5
u03-s006-lecture-r1,lecture,glossary[0].definition,18,54,96a9658c3f9d967fbcf8fbb0b3110563be11a6528b6e3b31063263c19a3501d1
u03-s006-lecture-r1,lecture,glossary[1].term,5,15,6c9ca49af6946fe37f71fe7283775eb9f5c0bf38ab10edd1313183aa01361a61
u03-s006-lecture-r1,lecture,glossary[1].definition,17,51,fd3941d02ae4cd865331d88bfa6cafaa5bd50357c40a46b2a843e19d5becd8c4
u03-s006-lecture-r1,lecture,glossary[2].term,3,9,6b14083f5821d8eec601ceee500a470a8c1b480c27312ad73a0cd48cab3caf48
u03-s006-lecture-r1,lecture,glossary[2].definition,24,72,7e49845b9e74e3fa80589fcd08d4de52370e783c8fcab705acdd29f282d34fb9
u03-s006-lecture-r1,lecture,glossary[3].term,3,9,6dd90f1e05c43c5f2c1dc50d14734bfef598d2637ee10d7e7651da4984ae2ca0
u03-s006-lecture-r1,lecture,glossary[3].definition,19,57,a6e6234dbdd315f61ce524ad0168cb05f45cf88cfc66ff868f88d45ceca8174a
u03-s006-lecture-r1,lecture,notation[0].symbol,8,8,603107b8c58adc59b08d964ae18a53c703ee628eccaa38ece1561f572dba29ad
u03-s006-lecture-r1,lecture,notation[0].meaning,13,29,9a6b47dab131e7422f265153b7d8328880d3b7af12c844e35dde745238c56983
u03-s006-lecture-r1,lecture,notation[1].symbol,8,8,4d6e2339c0513bd85a0e9bfd2f837088e87a1962e468a171704e039e1c2c3327
u03-s006-lecture-r1,lecture,notation[1].meaning,10,26,1339b075b1dc3bbd025ade74c7478602d286ca56c10242b073df2618f770082f
u03-s006-lecture-r1,lecture,conceptNarrative[0],15,45,09cd900601d257b8356a50585af1d6daf427b1c673f0edf57980277297f176b6
u03-s006-lecture-r1,lecture,conceptNarrative[1],29,87,9a68022ce13df143a3a844fad0ca57789911d7954ece9f894f9107953de54e53
u03-s006-lecture-r1,lecture,conceptNarrative[2],22,66,30a6a31d5c95776eee28de7e04a8730057deff622e0c4cd718f596737d72aba4
u03-s006-lecture-r1,lecture,conceptNarrative[3],24,72,692588c8c3ec7fee0daaa600d2a6a9499b989f21de2e1d0c93ce47cdb89c1e63
u03-s006-lecture-r1,lecture,formalDefinitions[0].name,5,15,225b91ee606ec296d4ddb2101e3302024eed8facba75ffc8983f8ed7297faa5c
u03-s006-lecture-r1,lecture,formalDefinitions[0].statement,18,52,274057629d9de1cfce44bcc73835f63820ac1e11e0283acd3ef2886ef9a1bce9
u03-s006-lecture-r1,lecture,formalDefinitions[1].name,7,21,0447384932a2dd31ad04b440365181131384c70035202ff3263a24d70a67740f
u03-s006-lecture-r1,lecture,formalDefinitions[1].statement,22,64,9a2be22006174d895d77d51d457708f0924098a36aabe4254208920212cbab59
u03-s006-lecture-r1,lecture,formulas[0].formula,12,14,7bdc05bcbc1dde7c7452e259ed38af26917d5a9417c615366e3b939b1fab5bfc
u03-s006-lecture-r1,lecture,formulas[0].conditions[0],3,5,d32a0008c0348c2e3f4064c60ecf176bc6d848441565e767ad0ac12bef757970
u03-s006-lecture-r1,lecture,formulas[0].meaning,8,24,0e30fd3b486102b8a98b4414f047a4010df6a2e93641932474af9ba4cb0beb5e
u03-s006-lecture-r1,lecture,formulas[1].formula,9,9,b724d63c490b66f3cb95480419bce482b3a85fbd1ebe5fad3c3e010158a81a92
u03-s006-lecture-r1,lecture,formulas[1].conditions[0],6,12,3867afd8af0f18689aa98b3e400958aa6c489358c1e36a2212a4cd11221e342e
u03-s006-lecture-r1,lecture,formulas[1].meaning,12,20,5e3b9044779502fcfb1d1a0c1a12e71a4a079f17e43da4e985f99e64ebf496b9
u03-s006-lecture-r1,lecture,nonApplicableCases[0],12,34,08788bc821abfd33f148e82dfd5eb8d1b3fd8bff09914aa20590acc60c1f339d
u03-s006-lecture-r1,lecture,nonApplicableCases[1],23,69,7aa573538c41738037cd83bc931ea499afc23c7f8a6721102484511ded819a6a
u03-s006-lecture-r1,lecture,nonApplicableCases[2],18,54,094c2949b663fc0f6e776143ce1de348d28e26ce8d34020594bc1e387440f66a
u03-s006-lecture-r1,lecture,nonApplicableCases[3],21,59,718a40e6c457dda62d331e0ae34597c094b7b774750733f85631e230b30d71e4
u03-s006-lecture-r1,lecture,method[0].instruction,10,30,62028b8a3aa56c7d3210b3fbcb9ea70e41d390244cd30dcd75d648313d561ab9
u03-s006-lecture-r1,lecture,method[0].check,11,33,322e6962c00f89cee2050cd833e682b99958ff5ebf7c4acf78758ba61e417312
u03-s006-lecture-r1,lecture,method[1].instruction,7,21,cfc9a6d80fca82a26b53025d2af2dcc3d04cbac10ad639aee3b5640781d2c71b
u03-s006-lecture-r1,lecture,method[1].check,11,33,af001b84c5f10d699dc000ab9dc19bb7ce6904e5ab29079551f176d90088f224
u03-s006-lecture-r1,lecture,method[2].instruction,12,36,952b015e0728ff940cf65754a588548b3b98c1ff7d798ea0a6d6287af7bc2e16
u03-s006-lecture-r1,lecture,method[2].check,11,33,9e36def00d240ba775d846a2ebf4b39be44e6cdb032a82ea0cc9da573c35921f
u03-s006-lecture-r1,lecture,method[3].instruction,13,39,69fb234e57819db90d2d57f9fce107f36da84119d86bd1e27bfcde51f6a98d76
u03-s006-lecture-r1,lecture,method[3].check,10,30,b1fb14f346e66e1ee778f6bc3341c332b95f7245623ee41618f684016bd9ce79
u03-s006-lecture-r1,lecture,method[4].instruction,7,21,9f37a0c7d6078f5ea0481fb6bb30973a514b6ec3dd53d9994ad4c3cd453372b1
u03-s006-lecture-r1,lecture,method[4].check,9,27,0eaa70079f6e8d9db299ee09323eb4718725588bed0ab5a8fa2be0b7b36e9d4c
u03-s006-lecture-r1,lecture,workedExamples[0].exampleId,2,2,dffe8596427fc50e8f64654a609af134d45552f18bbecef90b31135a9e7acaa0
u03-s006-lecture-r1,lecture,workedExamples[0].prompt,7,11,c996cd122d70ef9af89818762cdc3d9bd32dda1199ff4b841c2b8346dab9339e
u03-s006-lecture-r1,lecture,workedExamples[0].solutionSteps[0],6,16,bc06772026096f7d39c9866a99e1117a14b2d010cd9e0aa43dda643e84f42e22
u03-s006-lecture-r1,lecture,workedExamples[0].solutionSteps[1],5,7,df9fdc282c1f65f995bf66d9d5c5e12389239ee551e859f4fb6c8267bcca5ed1
u03-s006-lecture-r1,lecture,workedExamples[0].answer,3,5,ad2f1d36886290ac5e93a38c4b641edb0f9fb42b01c258759bd0e2ee45c6a6a7
u03-s006-lecture-r1,lecture,workedExamples[1].exampleId,2,2,d76354d8457898445bb69e0dc0dc95fb74cc3cf334f8c1859162a16ad0041f8d
u03-s006-lecture-r1,lecture,workedExamples[1].prompt,11,15,54938d3a073df7edb2a37e71542697e39cf4dbbf74048b11e4d8d55e11447251
u03-s006-lecture-r1,lecture,workedExamples[1].solutionSteps[0],10,16,ab625f763e3ee8aa5282012b64bf1b02369c2737a9d262475d2e1af835937456
u03-s006-lecture-r1,lecture,workedExamples[1].solutionSteps[1],5,7,59a93b566ff6656bdbb3b3e57eaa70d5e414aac7e42bf5c2c2be64d5851491fd
u03-s006-lecture-r1,lecture,workedExamples[1].answer,3,5,80e801cbca5d1542b9515b644aa3a8ea95497d84f8b59ada9119db2399a846b4
u03-s006-lecture-r1,lecture,workedExamples[2].exampleId,2,2,842983de8fb1d277a3fad5c8295c7a14317c458718a10c5a35b23e7f992a5c80
u03-s006-lecture-r1,lecture,workedExamples[2].prompt,11,15,e4ba1b3055537a36f070a868078db0cbd987ef58b8d5b175a74a6bd9e1c24169
u03-s006-lecture-r1,lecture,workedExamples[2].solutionSteps[0],14,22,69abfc2854f67e3934c5724baf7b2dc11050d13ee3159773816e7a4fceadd107
u03-s006-lecture-r1,lecture,workedExamples[2].solutionSteps[1],11,15,d313973c79d7eedec4263245788a48be6e11bfe94b032b539e27834d50365922
u03-s006-lecture-r1,lecture,workedExamples[2].answer,3,5,dacfe28f11f13a41526fdd8db619a7a052c7353b2b5614ecc2c143e3eaa3956d
u03-s006-lecture-r1,lecture,workedExamples[3].exampleId,2,2,4a5a97c6433c4c062457e9335709d57493e75527809d8a9586c141e591ac9f2c
u03-s006-lecture-r1,lecture,workedExamples[3].prompt,20,24,6740170d24c28268f77ed7e6a8b957f3429c2ba53f0efc1803a00a49514b944f
u03-s006-lecture-r1,lecture,workedExamples[3].solutionSteps[0],23,31,451b1cf010ca066e8566ee01eaa23dd0731279f1cf7f721071d01c4c11fa637c
u03-s006-lecture-r1,lecture,workedExamples[3].solutionSteps[1],13,15,ff112979f80866bc513b73e31963de7226412fcdeedc9631fdb77b82d87b9ba8
u03-s006-lecture-r1,lecture,workedExamples[3].solutionSteps[2],13,17,a6a9b230bf21806a45fab5ead3b085ceb8e919575f89c4d0d456c83050b60591
u03-s006-lecture-r1,lecture,workedExamples[3].answer,5,7,99f2c8ee62d4625720e56990f59c5553759c4f2bb4b63d594b501eac4abe4d65
u03-s006-lecture-r1,lecture,commonMistakes[0].mistake,10,30,968d50adb59ac98e132add445c93b21f75308cbf57ab3bf3b5feea98f531362a
u03-s006-lecture-r1,lecture,commonMistakes[0].why,7,21,ea683039ca16f7593523798cb398ee23fcb2063a2afa4668726260b8f7ab8a65
u03-s006-lecture-r1,lecture,commonMistakes[0].correction,10,30,a077a935b54ace33663fbc8885bd9359ad008d25d47b6d60ce73c1ab0b069569
u03-s006-lecture-r1,lecture,commonMistakes[1].mistake,10,30,7249b53ec9eb2c6c7b56345a26031569f2b0aceb367ee03774b584bc216a4c44
u03-s006-lecture-r1,lecture,commonMistakes[1].why,9,25,129a4cd5e22129212f4765d1ebd0fee3b1b4d38bac1d65131514118ed1bee8ce
u03-s006-lecture-r1,lecture,commonMistakes[1].correction,7,21,5f42566597d119a42ba13209a42d1576e2d274d5bc03e1cfb8b5c9d98974bb84
u03-s006-lecture-r1,lecture,commonMistakes[2].mistake,16,24,5fb4a003f0175e63f61626caae70a4d488f8bcf55466ba4a29b92b29ed4e0326
u03-s006-lecture-r1,lecture,commonMistakes[2].why,10,30,7cd174dcc8d3511fba9795af74a1da1ea24dc4fcadc45bc1f01c00ecdcbcbf48
u03-s006-lecture-r1,lecture,commonMistakes[2].correction,9,27,8c2918334e18dd0a4e897168e78ad5fa11bdb8f0c527811dee6b97608ce1cdd5
u03-s006-lecture-r1,lecture,commonMistakes[3].mistake,12,36,48c923087366c559a97e7d08305f487a177f63601959f65b7744dbc2c024241e
u03-s006-lecture-r1,lecture,commonMistakes[3].why,13,39,77501048e99b299aac63c21fc08cf19195e02a12d9731422abf88cb040ec4a1a
u03-s006-lecture-r1,lecture,commonMistakes[3].correction,10,30,915d70a7ac43d533cac5f176eeabf670cab75ebdb128c23b4c2ccbdb1b51cd3d
u03-s006-lecture-r1,lecture,commonMistakes[4].mistake,8,24,491264468b70d5d2845eb3e129ee2602c799b4f5c48f040562046741700b123f
u03-s006-lecture-r1,lecture,commonMistakes[4].why,11,33,78e3825d663fa148dac4abeee118fc25005991b276abf85fbe6b03c8ef22f996
u03-s006-lecture-r1,lecture,commonMistakes[4].correction,11,33,c66c0a07a8f00e59763947b602920ff71b34822578074593913706e0dc95ecc7
u03-s006-lecture-r1,lecture,commonMistakes[5].mistake,17,51,fdaba4f52c3cf29e0b3154c80de047d9980f8de2ae8a90dec24bf70ca801a17d
u03-s006-lecture-r1,lecture,commonMistakes[5].why,10,30,f941ff4d102306ab7f8de35b13935931cf163515d62c05696e1d647f0ea25210
u03-s006-lecture-r1,lecture,commonMistakes[5].correction,10,30,513b43f23748ee89405c47acfd2991c9bc4be3a1908f78454e271815495fbaac
u03-s006-lecture-r1,lecture,selfCheck[0],9,27,496edef92f345e9721f29434f6b050b571a1eb9c94413dca83c79d0df3557ef9
u03-s006-lecture-r1,lecture,selfCheck[1],10,30,965961dc149d80815510b92c5591286e0152c7985ff958eea509d3a7756caadb
u03-s006-lecture-r1,lecture,selfCheck[2],10,30,0fdc7f14f0e7fc155bb9aeefaec28514188f067006fc0c7c6326544f7d0c2e85
u03-s006-lecture-r1,lecture,selfCheck[3],10,30,d65176b148f2a9ecde404bf509ef51fdb3b3cb9b951e07e58974687c4dc7bcd1
u03-s006-lecture-r1,lecture,selfCheck[4],11,33,fb9491287787041595a46eeac559fd02e516c65ad99c6dba417e2dea5d2c3845
u03-s006-lecture-r1,lecture,summary[0],12,36,b151d3539976914b9f98bf37c45442f82483015371b1bc3ec59d394ba94c574d
u03-s006-lecture-r1,lecture,summary[1],11,33,afc6ca77b88455d961216db3f97bada3f2591f6eb1cc288e2b41fe99dd18f02a
u03-s006-lecture-r1,lecture,summary[2],9,27,239621a9a681e7be49a4be4d8fe2e4f74d6d46b80686308fd1b13b9a83fcfd42
u03-s006-lecture-r1,lecture,summary[3],9,27,5a1edb8f03d6d0805183c64af83a31d6cad4d1e8ee687fae29494cf16e5fc8cf
u03-s006-lecture-r1,lecture,connections.previous,21,63,c8ee1198c953e21df0a00098e4a2f8577276c4382bd54606b3e7923cad3ee732
u03-s006-lecture-r1,lecture,connections.next[0],21,63,5d4ba90603c95b82ad5c4192d83c5dedb506123fac78a55ce9449f8afeba353b
u03-s006-lecture-r1,lecture,connections.next[1],23,69,32dfbbab8198c62a67ed9a61f8b1f1d3b699d2c431f82ecbf9f8e581afcd25cf
u03-s006-lecture-r1,lecture,practiceLinks.mcQuestionIds[0],13,13,0283c29aa9b29de1eb1bbbca1f6d378d65a72edf509b46cd1b16946445b9d1be
u03-s006-lecture-r1,lecture,practiceLinks.mcQuestionIds[1],13,13,89157e50d1552ff84325e2bc904eae178b82efaa2c2d7599f498e588d0a8a53f
u03-s006-lecture-r1,lecture,practiceLinks.mcQuestionIds[2],13,13,cc6b6c19332f033d99d04c9187c246fc330127d6043803441328990f870102e9
u03-s006-lecture-r1,lecture,practiceLinks.mcQuestionIds[3],13,13,25955dd9a9ab6b44ed6238f41275191e86876c6d843089e0f4b720b32d190835
u03-s006-lecture-r1,lecture,practiceLinks.mcQuestionIds[4],13,13,670e7c1ce4db822cee892782fd251dc04f2ee9076016c230c9946c3fb973dbe0
u03-s006-lecture-r1,lecture,practiceLinks.mcQuestionIds[5],13,13,28fdf8f3758c14e8f00f8a1839c84f0f3f5fca15f566a838ec975a46fd3829ec
u03-s006-lecture-r1,lecture,practiceLinks.mcQuestionIds[6],13,13,2e40f8b06087a80910183533b5174b35bcab5ea65ff843ae349e05fc09535199
u03-s006-lecture-r1,lecture,practiceLinks.mcQuestionIds[7],13,13,8b00852425b33dc1c67b45e584c457281513bd35a62ec14177690fa5bc8a0796
u03-s006-lecture-r1,lecture,practiceLinks.mcQuestionIds[8],13,13,bf9d72ac6625dcf254980cdbcf8d567961b0a98ed0206fce4cfc8142cd747973
u03-s006-lecture-r1,lecture,practiceLinks.mcQuestionIds[9],13,13,a9c1f9aca2df3cd92474fe2493e491042ef591e637728ab66b2db5ecbfddcfdc
u03-s006-lecture-r1,lecture,practiceLinks.mcQuestionIds[10],13,13,04b73ca5cf9554cfd922b6b449e08426fca71a39233a5b2a88b24cb13fb36d6a
u03-s006-lecture-r1,lecture,practiceLinks.mcQuestionIds[11],13,13,7f1e2cf5f06a0d34168c96311df2792b0cef66e34b1c7c8b9f1b518649c1de4f
u03-s006-lecture-r1,lecture,practiceLinks.constructedResponseIds[0],14,14,30e16ede297987662d06707862228a9be934a9b316348d67c076550005accaa9
u03-s006-lecture-r1,lecture,practiceLinks.constructedResponseIds[1],14,14,da00c298c8a21991162636cd124daa5ddc5b587c935c596c9e23595aaf03c6a7
u03-s006-lecture-r1,lecture,lectureReview.mathematicalCorrectness,4,4,d74ff0ee8da3b9806b18c877dbf29bbde50b5bd8e4dad7a3a725000feb82e8f1
u03-s006-lecture-r1,lecture,lectureReview.zeroFoundationReadability,4,4,d74ff0ee8da3b9806b18c877dbf29bbde50b5bd8e4dad7a3a725000feb82e8f1
u03-s006-lecture-r1,lecture,lectureReview.scopeCheck,21,21,fdf8268f0373301b2fcc6331f1d8999b8aabea69681e8bc972ab9a21216a7606
u03-s006-lecture-r1,lecture,lectureReview.reviewNote,83,146,5c37eff6eea38f6ad08b25e2f1da652565bb650821c2bf0fb45a6f963403a082
u03-s006-lecture-r1,lecture,lectureReview.reviewVersion,25,25,413c3743bf06637b23333702bf9263e0db21fd6b3c3879070d877faca58db442
u03-s006-lecture-r1,lecture,lectureReview.reviewedAt,10,10,14158d45727526145ef514139eeb669eb54d613dbcffe524f099dbb71c9d8b08
u03-s006-lecture-r1,lecture,contentSha256,64,64,6f438c78a9dd44ede55468e4ff9eb9a911e57cfb359e95feb96288e24c4993df
u03-s006-lecture-r1,lecture,contentAuthority,25,25,ed40f75ffe3d6ad4e71f6e7919d063410490de360edb425965eccd605ca9d79e
u03-s006-lecture-r1,lecture,legacyContentDisposition,40,40,bb8421a43fb9d90c642b60311f091a34addbe10678daf757010d688c8c2a21b3
u03-s006-v001,question,questionId,13,13,0283c29aa9b29de1eb1bbbca1f6d378d65a72edf509b46cd1b16946445b9d1be
u03-s006-v001,question,unitId,3,3,97ce842ec69dee17c1842918e63b9d4042fa4b35007146dcfb80a09c5000888a
u03-s006-v001,question,topicId,27,27,5edc6d8adc97105fb624f3211c5e8b14178a37949edbbef037f75ad528a701a5
u03-s006-v001,question,skillId,25,25,1dffb75902560f17b39dc3241537371bcdc651e0e476f743cbf7690c7b621081
u03-s006-v001,question,difficulty,5,5,fbb7b5bf4ca348eeeebf8cc3660712859a5a1fbf18e83217a57ce203fb51d5c2
u03-s006-v001,question,type,2,2,6bc0f9c4ecb0acbebf1b9f6c816bdd66f4885f67c917d9e141cf893014fba936
u03-s006-v001,question,visualMode,9,9,9c7d54b0bf7a9369d8594201c7b11955514343809d09fbec33966c1fd9794015
u03-s006-v001,question,sourceScope,19,19,a4b669ddb8ef1883391c07a7b633f12eeaeecee7ec37c09eea4931aff6644346
u03-s006-v001,question,text,8,14,1ca750b3e22a5854701154435a14937f47e4a3fbcf00eef8a867bcd0d88323be
u03-s006-v001,question,choices[0],2,2,6f4b6612125fb3a0daecd2799dfd6c9c299424fd920f9b308110a2c1fbd8f443
u03-s006-v001,question,choices[1],3,3,653e83e7d95bb7be2685ebb3549dd4fb8525591259ef65a5385a9ba172e43537
u03-s006-v001,question,choices[2],2,2,4a44dc15364204a80fe80e9039455cc1608281820fe2b24f1e5233ade6af1dd5
u03-s006-v001,question,choices[3],2,2,c2356069e9d1e79ca924378153cfbbfb4d4416b1f99d41a2940bfdb66c5319db
u03-s006-v001,question,explanation,25,54,f560ac4ea5ba00ec3a451202980771761a07e0223021996ac9f4f18dc6c96e34
u03-s006-v001,question,steps[0],10,26,e23bf7e301bb630f092e4b75eb922356a5b7dc3a3830e94f8c1a84c396c90699
u03-s006-v001,question,steps[1],9,18,4d1141601a4dc4ee235c11d5193f4ac949adc85342337bae9b96383f64517878
u03-s006-v001,question,steps[2],19,38,3d8410b4510000f9f9a8ccef639ae9062eb0208bb96c9db181a75aa7e692b9b6
u03-s006-v001,question,optionAnalysis[0].choice,2,2,6f4b6612125fb3a0daecd2799dfd6c9c299424fd920f9b308110a2c1fbd8f443
u03-s006-v001,question,optionAnalysis[0].reason,22,54,664aa7e7ef47beef9c7e991131f629d289f000e60a203edc6778122987bf7a0f
u03-s006-v001,question,optionAnalysis[1].choice,3,3,653e83e7d95bb7be2685ebb3549dd4fb8525591259ef65a5385a9ba172e43537
u03-s006-v001,question,optionAnalysis[1].reason,6,14,248c4329fa86521b4b24086f2e3d70aca5d94ad646db58f73c8eb3105f5d5751
u03-s006-v001,question,optionAnalysis[2].choice,2,2,4a44dc15364204a80fe80e9039455cc1608281820fe2b24f1e5233ade6af1dd5
u03-s006-v001,question,optionAnalysis[2].reason,6,14,fda4dd0da7c51492dc24ed897c4df84f845425a09ccc3aa62cf0462138866ac5
u03-s006-v001,question,optionAnalysis[3].choice,2,2,c2356069e9d1e79ca924378153cfbbfb4d4416b1f99d41a2940bfdb66c5319db
u03-s006-v001,question,optionAnalysis[3].reason,10,26,fc092cc089c341338891de3dded21661a36545fb62a2290d12705da420efb44d
u03-s006-v001,question,commonMistake,10,30,9aee1e4eafae284d8354354566747a196a69b7cfb72a98f0fed5c92c463217d3
u03-s006-v001,question,concept,9,27,52ebb8c8183c471386836aed47b49b85b652d50342007f2c6805c38ecfa80650
u03-s006-v001,question,tags[0],2,6,32f6541b44ed479dbf6cc8c7dd98824e49e03974d72ad8b65c33383a9cbb349f
u03-s006-v001,question,tags[1],11,33,efbb921d0554da4ddb38d40ed6aa6a62c052b27aba9a29eba69bef36664bd35f
u03-s006-v001,question,tags[2],5,5,fbb7b5bf4ca348eeeebf8cc3660712859a5a1fbf18e83217a57ce203fb51d5c2
u03-s006-v001,question,estimatedTimeSec,2,2,f369cb89fc627e668987007d121ed1eacdc01db9e28f8bb26f358b7d8c4f08ac
u03-s006-v001,question,prerequisiteSkillIds[0],27,27,a2292f3ef313214a54270bb26312b0c4164964f6d54023fc2f4cd22d0d8caa7e
u03-s006-v001,question,authoringIntent,11,33,4fd96987c003c3d40b2044b9acbe2cdd61692d77beabd43fc868e916c748606a
u03-s006-v001,question,reviewStatus,22,22,ec809598e2f7fcc69fad54c9cd045bba62b4a0dc7c0ff90d4efdc3788c9ad8fb
u03-s006-v001,question,contentSha256,64,64,7cff3f75354990c6bcc145e7183865a9e8f0e16fe30c70f396876a6efedc1512
u03-s006-v001,question,contentAuthority,25,25,ed40f75ffe3d6ad4e71f6e7919d063410490de360edb425965eccd605ca9d79e
u03-s006-v001,question,legacyContentDisposition,39,39,2efcc87c0c9673d2efe77735ae75582eb178c880b07035d8695f010e324b7c71
u03-s006-v002,question,questionId,13,13,89157e50d1552ff84325e2bc904eae178b82efaa2c2d7599f498e588d0a8a53f
u03-s006-v002,question,unitId,3,3,97ce842ec69dee17c1842918e63b9d4042fa4b35007146dcfb80a09c5000888a
u03-s006-v002,question,topicId,27,27,5edc6d8adc97105fb624f3211c5e8b14178a37949edbbef037f75ad528a701a5
u03-s006-v002,question,skillId,25,25,1dffb75902560f17b39dc3241537371bcdc651e0e476f743cbf7690c7b621081
u03-s006-v002,question,difficulty,5,5,fbb7b5bf4ca348eeeebf8cc3660712859a5a1fbf18e83217a57ce203fb51d5c2
u03-s006-v002,question,type,2,2,6bc0f9c4ecb0acbebf1b9f6c816bdd66f4885f67c917d9e141cf893014fba936
u03-s006-v002,question,visualMode,9,9,9c7d54b0bf7a9369d8594201c7b11955514343809d09fbec33966c1fd9794015
u03-s006-v002,question,sourceScope,19,19,a4b669ddb8ef1883391c07a7b633f12eeaeecee7ec37c09eea4931aff6644346
u03-s006-v002,question,text,10,18,2278cf2619eb29a25ad287ba70a0f92bfb3766ecc67f7b54aeb33efa76a80d2e
u03-s006-v002,question,choices[0],1,1,4e07408562bedb8b60ce05c1decfe3ad16b72230967de01f640b7e4729b49fce
u03-s006-v002,question,choices[1],2,2,6b51d431df5d7f141cbececcf79edf3dd861c3b4069f0b11661a3eefacbba918
u03-s006-v002,question,choices[2],1,1,7902699be42c8a8e46fbbb4501726517e86b22c56a189f7625a6da49081b2451
u03-s006-v002,question,choices[3],2,2,f5ca38f748a1d6eaf726b8a42fb575c3c71f1864a8143301782de13da2d9202b
u03-s006-v002,question,explanation,28,62,fb15a5d371a394c3a59b9ea22b6a7ad5d50cf73d975bb6fd839c8e7c99502018
u03-s006-v002,question,steps[0],5,13,75b17080b8b4cadb793b2783f4fffc913829ac2d7c9cafe6ce5c12c0799d11e9
u03-s006-v002,question,steps[1],5,5,bd4bb184dfb81f47a61e29ed32cd2523b666d4839254d979e237a6a7f635b935
u03-s006-v002,question,steps[2],5,9,f616bebd60845d7e1a561eeea1839f1ff7ac26e4ca3929127c437e2b470e1658
u03-s006-v002,question,optionAnalysis[0].choice,1,1,4e07408562bedb8b60ce05c1decfe3ad16b72230967de01f640b7e4729b49fce
u03-s006-v002,question,optionAnalysis[0].reason,6,16,0cc7a572f259d6b1cd56f7f6b23d321c688a837d72be6529bdf77f973cdded42
u03-s006-v002,question,optionAnalysis[1].choice,2,2,6b51d431df5d7f141cbececcf79edf3dd861c3b4069f0b11661a3eefacbba918
u03-s006-v002,question,optionAnalysis[1].reason,31,69,dbccb2c207ae727ddfc32c3b38e1e06974e84a615200fbdd7300880c65f8fba9
u03-s006-v002,question,optionAnalysis[2].choice,1,1,7902699be42c8a8e46fbbb4501726517e86b22c56a189f7625a6da49081b2451
u03-s006-v002,question,optionAnalysis[2].reason,6,14,c5fbb814590d30d16c760407523f3906cf91df6699d3d188951727bf5c32f59c
u03-s006-v002,question,optionAnalysis[3].choice,2,2,f5ca38f748a1d6eaf726b8a42fb575c3c71f1864a8143301782de13da2d9202b
u03-s006-v002,question,optionAnalysis[3].reason,6,13,a29b238843ad50a0f8d88654c46f5006bfee15ec5a65a50db272364b0c497a10
u03-s006-v002,question,commonMistake,7,21,a40e15725cad38d7e26e7ee7582e0669a9b995291765be776eef0f948a175df2
u03-s006-v002,question,concept,9,27,064ba965f465656f52dbcc5ae8dcd3b18cb1980d532e26d805a9c6c34f743747
u03-s006-v002,question,tags[0],2,6,32f6541b44ed479dbf6cc8c7dd98824e49e03974d72ad8b65c33383a9cbb349f
u03-s006-v002,question,tags[1],11,33,efbb921d0554da4ddb38d40ed6aa6a62c052b27aba9a29eba69bef36664bd35f
u03-s006-v002,question,tags[2],5,5,fbb7b5bf4ca348eeeebf8cc3660712859a5a1fbf18e83217a57ce203fb51d5c2
u03-s006-v002,question,estimatedTimeSec,2,2,f369cb89fc627e668987007d121ed1eacdc01db9e28f8bb26f358b7d8c4f08ac
u03-s006-v002,question,prerequisiteSkillIds[0],27,27,a2292f3ef313214a54270bb26312b0c4164964f6d54023fc2f4cd22d0d8caa7e
u03-s006-v002,question,authoringIntent,10,30,2ff0910ed2bed96e807ce9de8bbc2af942044af7b09791555f6992c1892798bc
u03-s006-v002,question,reviewStatus,22,22,ec809598e2f7fcc69fad54c9cd045bba62b4a0dc7c0ff90d4efdc3788c9ad8fb
u03-s006-v002,question,contentSha256,64,64,05234b1325f09ae840e13aed923ec97ec3eb57b20fb231e2a3de9a58ce42057c
u03-s006-v002,question,contentAuthority,25,25,ed40f75ffe3d6ad4e71f6e7919d063410490de360edb425965eccd605ca9d79e
u03-s006-v002,question,legacyContentDisposition,39,39,2efcc87c0c9673d2efe77735ae75582eb178c880b07035d8695f010e324b7c71
u03-s006-v003,question,questionId,13,13,cc6b6c19332f033d99d04c9187c246fc330127d6043803441328990f870102e9
u03-s006-v003,question,unitId,3,3,97ce842ec69dee17c1842918e63b9d4042fa4b35007146dcfb80a09c5000888a
u03-s006-v003,question,topicId,27,27,5edc6d8adc97105fb624f3211c5e8b14178a37949edbbef037f75ad528a701a5
u03-s006-v003,question,skillId,25,25,1dffb75902560f17b39dc3241537371bcdc651e0e476f743cbf7690c7b621081
u03-s006-v003,question,difficulty,5,5,fbb7b5bf4ca348eeeebf8cc3660712859a5a1fbf18e83217a57ce203fb51d5c2
u03-s006-v003,question,type,2,2,6bc0f9c4ecb0acbebf1b9f6c816bdd66f4885f67c917d9e141cf893014fba936
u03-s006-v003,question,visualMode,9,9,9c7d54b0bf7a9369d8594201c7b11955514343809d09fbec33966c1fd9794015
u03-s006-v003,question,sourceScope,19,19,a4b669ddb8ef1883391c07a7b633f12eeaeecee7ec37c09eea4931aff6644346
u03-s006-v003,question,text,12,20,fda7115b255fb17de03e529dd80f45ae360454e16dfc0dfdeca28c0bfef389ef
u03-s006-v003,question,choices[0],2,2,8527a891e224136950ff32ca212b45bc93f69fbb801c3b1ebedac52775f99e61
u03-s006-v003,question,choices[1],2,2,e629fa6598d732768f7c726b4b621285f9c3b85303900aa912017db7617d8bdb
u03-s006-v003,question,choices[2],2,2,b17ef6d19c7a5b1ee83b907c595526dcb1eb06db8227d650d5dda0a9f4ce8cd9
u03-s006-v003,question,choices[3],2,2,f5ca38f748a1d6eaf726b8a42fb575c3c71f1864a8143301782de13da2d9202b
u03-s006-v003,question,explanation,31,67,3d22e499d3906e78ccf1bea51a4777546d1456b4c96322d1dcd6dbc8f55fe163
u03-s006-v003,question,steps[0],10,18,24dbcadb3e35b753679455931e39983d317597a290c5161ab9e45265a5d26005
u03-s006-v003,question,steps[1],4,10,c6a40674f9d932fd8b4dcaba10d84d2bf96a6d861c5fd9b2567e0ce936e074f2
u03-s006-v003,question,steps[2],4,4,ddb5f73b6640b47cc2fde0e64cb774f6f101906d20006d7ae0e0cdb4f7689359
u03-s006-v003,question,optionAnalysis[0].choice,2,2,8527a891e224136950ff32ca212b45bc93f69fbb801c3b1ebedac52775f99e61
u03-s006-v003,question,optionAnalysis[0].reason,6,12,97cd55ec6d8c9577b2320c2bec221c726f7795df8808482e2719cf3359b58628
u03-s006-v003,question,optionAnalysis[1].choice,2,2,e629fa6598d732768f7c726b4b621285f9c3b85303900aa912017db7617d8bdb
u03-s006-v003,question,optionAnalysis[1].reason,7,17,b073e5d5ceb9d68cbb42e707a1227507038ae89236bce7862d61eded441a798a
u03-s006-v003,question,optionAnalysis[2].choice,2,2,b17ef6d19c7a5b1ee83b907c595526dcb1eb06db8227d650d5dda0a9f4ce8cd9
u03-s006-v003,question,optionAnalysis[2].reason,32,70,b541eb2a18d63291d7cf316bbc0547a530f4ecda678c26c041efe01660ccab8d
u03-s006-v003,question,optionAnalysis[3].choice,2,2,f5ca38f748a1d6eaf726b8a42fb575c3c71f1864a8143301782de13da2d9202b
u03-s006-v003,question,optionAnalysis[3].reason,8,16,dbdfc6672b41aefb3cac885c6698f91c5a03830dc1a18291db016325f9f02587
u03-s006-v003,question,commonMistake,11,25,69219372d33620761cb422b9ef23c3494ff107881aed82f469cdfee484cc880c
u03-s006-v003,question,concept,10,30,e873c05c48ab2ea3e9c71d6b8e047c30c23925b12e7ff9914c190b88a3c2b2f5
u03-s006-v003,question,tags[0],2,6,32f6541b44ed479dbf6cc8c7dd98824e49e03974d72ad8b65c33383a9cbb349f
u03-s006-v003,question,tags[1],11,33,efbb921d0554da4ddb38d40ed6aa6a62c052b27aba9a29eba69bef36664bd35f
u03-s006-v003,question,tags[2],5,5,fbb7b5bf4ca348eeeebf8cc3660712859a5a1fbf18e83217a57ce203fb51d5c2
u03-s006-v003,question,estimatedTimeSec,2,2,f369cb89fc627e668987007d121ed1eacdc01db9e28f8bb26f358b7d8c4f08ac
u03-s006-v003,question,prerequisiteSkillIds[0],27,27,a2292f3ef313214a54270bb26312b0c4164964f6d54023fc2f4cd22d0d8caa7e
u03-s006-v003,question,authoringIntent,10,28,fb03beecbacdba7b9a940609e916cc60a61c1aea9bade416d8f98cf4972a995b
u03-s006-v003,question,reviewStatus,22,22,ec809598e2f7fcc69fad54c9cd045bba62b4a0dc7c0ff90d4efdc3788c9ad8fb
u03-s006-v003,question,contentSha256,64,64,32d54438c251535ea08b9e16c57c74e81d21a8a20642e0a8c635dcb6001be957
u03-s006-v003,question,contentAuthority,25,25,ed40f75ffe3d6ad4e71f6e7919d063410490de360edb425965eccd605ca9d79e
u03-s006-v003,question,legacyContentDisposition,39,39,2efcc87c0c9673d2efe77735ae75582eb178c880b07035d8695f010e324b7c71
u03-s006-v004,question,questionId,13,13,25955dd9a9ab6b44ed6238f41275191e86876c6d843089e0f4b720b32d190835
u03-s006-v004,question,unitId,3,3,97ce842ec69dee17c1842918e63b9d4042fa4b35007146dcfb80a09c5000888a
u03-s006-v004,question,topicId,27,27,5edc6d8adc97105fb624f3211c5e8b14178a37949edbbef037f75ad528a701a5
u03-s006-v004,question,skillId,25,25,1dffb75902560f17b39dc3241537371bcdc651e0e476f743cbf7690c7b621081
u03-s006-v004,question,difficulty,8,8,fe6d3468cf5c74d8ec2a95b40f2e05338c37a4202f8fad692d2b64a9cf9b468a
u03-s006-v004,question,type,2,2,6bc0f9c4ecb0acbebf1b9f6c816bdd66f4885f67c917d9e141cf893014fba936
u03-s006-v004,question,visualMode,9,9,9c7d54b0bf7a9369d8594201c7b11955514343809d09fbec33966c1fd9794015
u03-s006-v004,question,sourceScope,19,19,a4b669ddb8ef1883391c07a7b633f12eeaeecee7ec37c09eea4931aff6644346
u03-s006-v004,question,text,12,20,9d9e7f8b0b4a29d931db3605e1cce2344aed8e23e58ed609ec0fda195144f83e
u03-s006-v004,question,choices[0],2,2,4ec9599fc203d176a301536c2e091a19bc852759b255bd6818810a42c5fed14a
u03-s006-v004,question,choices[1],2,2,811786ad1ae74adfdd20dd0372abaaebc6246e343aebd01da0bfc4c02bf0106c
u03-s006-v004,question,choices[2],2,2,69f59c273b6e669ac32a6dd5e1b2cb63333d8b004f9696447aee2d422ce63763
u03-s006-v004,question,choices[3],2,2,624b60c58c9d8bfb6ff1886c2fd605d2adeb6ea4da576068201b6c6958ce93f4
u03-s006-v004,question,explanation,39,79,f5953dda65f69115b2befad9d0e3822cb2c6f29a4b2d4085d3968a67d03e8d3f
u03-s006-v004,question,steps[0],10,16,b32f17b0c8a7f7698db5f5fe55b9a5335d28b0827e49b93f5a410eb738780a78
u03-s006-v004,question,steps[1],11,19,33c18279817cefac5f2a7ee1e42600587b694d85ea1c326a9eb1280efc99b278
u03-s006-v004,question,steps[2],5,9,85099b65843d4128352aad309e7f4091582fa7388c3f131129eb3772d8d9f869
u03-s006-v004,question,optionAnalysis[0].choice,2,2,4ec9599fc203d176a301536c2e091a19bc852759b255bd6818810a42c5fed14a
u03-s006-v004,question,optionAnalysis[0].reason,6,14,b7475d7ffcf490f5986a2177bced5d2e7f7c17d52d94462be5264477847d3602
u03-s006-v004,question,optionAnalysis[1].choice,2,2,811786ad1ae74adfdd20dd0372abaaebc6246e343aebd01da0bfc4c02bf0106c
u03-s006-v004,question,optionAnalysis[1].reason,8,22,d982b265442aae99bbb2135bbc78e4c728a986ce54c442b43383867691f16561
u03-s006-v004,question,optionAnalysis[2].choice,2,2,69f59c273b6e669ac32a6dd5e1b2cb63333d8b004f9696447aee2d422ce63763
u03-s006-v004,question,optionAnalysis[2].reason,9,21,18b3f6503f5a65da61b47b8815376316e164c97e958db35f8e4b43a3577e70d3
u03-s006-v004,question,optionAnalysis[3].choice,2,2,624b60c58c9d8bfb6ff1886c2fd605d2adeb6ea4da576068201b6c6958ce93f4
u03-s006-v004,question,optionAnalysis[3].reason,50,96,01f02dcc4d822f1ebdd2778bb0808743131b5e2e588d4665265b251606278a74
u03-s006-v004,question,commonMistake,10,30,1f08d7639443b77e9f712afd165d26bf41db724eef36c3f14418e64ba6cfe320
u03-s006-v004,question,concept,8,24,2469c61ef27e216b051214394d578396ca4b7dbf45aa80080c4fe227542ec704
u03-s006-v004,question,tags[0],2,6,32f6541b44ed479dbf6cc8c7dd98824e49e03974d72ad8b65c33383a9cbb349f
u03-s006-v004,question,tags[1],11,33,efbb921d0554da4ddb38d40ed6aa6a62c052b27aba9a29eba69bef36664bd35f
u03-s006-v004,question,tags[2],8,8,fe6d3468cf5c74d8ec2a95b40f2e05338c37a4202f8fad692d2b64a9cf9b468a
u03-s006-v004,question,estimatedTimeSec,2,2,f369cb89fc627e668987007d121ed1eacdc01db9e28f8bb26f358b7d8c4f08ac
u03-s006-v004,question,prerequisiteSkillIds[0],27,27,a2292f3ef313214a54270bb26312b0c4164964f6d54023fc2f4cd22d0d8caa7e
u03-s006-v004,question,authoringIntent,13,39,ab42fdcb8fd2b076fedc3470678d02c1f68cf400642994587b63edeacb67c48b
u03-s006-v004,question,reviewStatus,22,22,ec809598e2f7fcc69fad54c9cd045bba62b4a0dc7c0ff90d4efdc3788c9ad8fb
u03-s006-v004,question,contentSha256,64,64,0687e55b8559193f2d1f995f186a1700c21948ab2aadb4f062cbaaea30f0327f
u03-s006-v004,question,contentAuthority,25,25,ed40f75ffe3d6ad4e71f6e7919d063410490de360edb425965eccd605ca9d79e
u03-s006-v004,question,legacyContentDisposition,39,39,2efcc87c0c9673d2efe77735ae75582eb178c880b07035d8695f010e324b7c71
u03-s006-v005,question,questionId,13,13,670e7c1ce4db822cee892782fd251dc04f2ee9076016c230c9946c3fb973dbe0
u03-s006-v005,question,unitId,3,3,97ce842ec69dee17c1842918e63b9d4042fa4b35007146dcfb80a09c5000888a
u03-s006-v005,question,topicId,27,27,5edc6d8adc97105fb624f3211c5e8b14178a37949edbbef037f75ad528a701a5
u03-s006-v005,question,skillId,25,25,1dffb75902560f17b39dc3241537371bcdc651e0e476f743cbf7690c7b621081
u03-s006-v005,question,difficulty,8,8,fe6d3468cf5c74d8ec2a95b40f2e05338c37a4202f8fad692d2b64a9cf9b468a
u03-s006-v005,question,type,2,2,6bc0f9c4ecb0acbebf1b9f6c816bdd66f4885f67c917d9e141cf893014fba936
u03-s006-v005,question,visualMode,9,9,9c7d54b0bf7a9369d8594201c7b11955514343809d09fbec33966c1fd9794015
u03-s006-v005,question,sourceScope,19,19,a4b669ddb8ef1883391c07a7b633f12eeaeecee7ec37c09eea4931aff6644346
u03-s006-v005,question,text,13,21,5b411dcebdb26029816557088a3ca932edebf7453c6a6867adf4d6888e8bcd1a
u03-s006-v005,question,choices[0],1,1,7902699be42c8a8e46fbbb4501726517e86b22c56a189f7625a6da49081b2451
u03-s006-v005,question,choices[1],4,4,ab10b0c809a524ce107a898570c893f9bf3dbfbd498dc9345c8028c083feddcb
u03-s006-v005,question,choices[2],2,2,4523540f1504cd17100c4835e85b7eefd49911580f8efff0599a8f283be6b9e3
u03-s006-v005,question,choices[3],4,4,d065080a758be684c5830820f7f8762d9b6bc1d072ceb4718348be7b950173ee
u03-s006-v005,question,explanation,42,82,d13d71dc238be4c789cb07cc2678d236270f64d0aa9cef8ed49fcb2029f74329
u03-s006-v005,question,steps[0],12,22,76cff9455475079977d79d84260be0117880cd8d61e4116a732db7ec7aacd80d
u03-s006-v005,question,steps[1],8,12,292469d87aaefd9da9a644afc13a815c0947a166b55c243b0aad7c0e45fcabf1
u03-s006-v005,question,steps[2],7,11,f4dbd85ad1d4af7ecbc1021f6d8031cc7bf2fd422386a9ed0a56bf95715ec8de
u03-s006-v005,question,optionAnalysis[0].choice,1,1,7902699be42c8a8e46fbbb4501726517e86b22c56a189f7625a6da49081b2451
u03-s006-v005,question,optionAnalysis[0].reason,10,26,b9fd5e8b57558925277204ce79335b0a856dd5302208d51a036e0f1783eceac9
u03-s006-v005,question,optionAnalysis[1].choice,4,4,ab10b0c809a524ce107a898570c893f9bf3dbfbd498dc9345c8028c083feddcb
u03-s006-v005,question,optionAnalysis[1].reason,42,84,41f0417bfc1d75e663a04b0a86677641922d9edb37b2aac5e6d95b2b646a796e
u03-s006-v005,question,optionAnalysis[2].choice,2,2,4523540f1504cd17100c4835e85b7eefd49911580f8efff0599a8f283be6b9e3
u03-s006-v005,question,optionAnalysis[2].reason,11,23,33012fe7ca7f58cca0e749213c366dc0bd4ad9b42a4b942c9ac0b90ab357e9c0
u03-s006-v005,question,optionAnalysis[3].choice,4,4,d065080a758be684c5830820f7f8762d9b6bc1d072ceb4718348be7b950173ee
u03-s006-v005,question,optionAnalysis[3].reason,9,17,010aba070ee53719b9aaa2f73d653f935b8ea5b51d4f814b21198fcfbcafffce
u03-s006-v005,question,commonMistake,13,39,8b350fd017c1c0e98fbaa645095d187c4f7694a14f58d16886296c6da267908f
u03-s006-v005,question,concept,15,45,633f36722e9557f71da66602893d3fc3d7718e23e28e9106f2f04680ea74f449
u03-s006-v005,question,tags[0],2,6,32f6541b44ed479dbf6cc8c7dd98824e49e03974d72ad8b65c33383a9cbb349f
u03-s006-v005,question,tags[1],11,33,efbb921d0554da4ddb38d40ed6aa6a62c052b27aba9a29eba69bef36664bd35f
u03-s006-v005,question,tags[2],8,8,fe6d3468cf5c74d8ec2a95b40f2e05338c37a4202f8fad692d2b64a9cf9b468a
u03-s006-v005,question,estimatedTimeSec,2,2,f369cb89fc627e668987007d121ed1eacdc01db9e28f8bb26f358b7d8c4f08ac
u03-s006-v005,question,prerequisiteSkillIds[0],27,27,a2292f3ef313214a54270bb26312b0c4164964f6d54023fc2f4cd22d0d8caa7e
u03-s006-v005,question,authoringIntent,13,39,590a551617e58ef440afae557be5d9649f8cca45f4a6f449dbaed921d064fa54
u03-s006-v005,question,reviewStatus,22,22,ec809598e2f7fcc69fad54c9cd045bba62b4a0dc7c0ff90d4efdc3788c9ad8fb
u03-s006-v005,question,contentSha256,64,64,691423ee9d969779367af3291a75c439d19384ad3c0e8d88b949a4a0fc506393
u03-s006-v005,question,contentAuthority,25,25,ed40f75ffe3d6ad4e71f6e7919d063410490de360edb425965eccd605ca9d79e
u03-s006-v005,question,legacyContentDisposition,39,39,2efcc87c0c9673d2efe77735ae75582eb178c880b07035d8695f010e324b7c71
u03-s006-v006,question,questionId,13,13,28fdf8f3758c14e8f00f8a1839c84f0f3f5fca15f566a838ec975a46fd3829ec
u03-s006-v006,question,unitId,3,3,97ce842ec69dee17c1842918e63b9d4042fa4b35007146dcfb80a09c5000888a
u03-s006-v006,question,topicId,27,27,5edc6d8adc97105fb624f3211c5e8b14178a37949edbbef037f75ad528a701a5
u03-s006-v006,question,skillId,25,25,1dffb75902560f17b39dc3241537371bcdc651e0e476f743cbf7690c7b621081
u03-s006-v006,question,difficulty,8,8,fe6d3468cf5c74d8ec2a95b40f2e05338c37a4202f8fad692d2b64a9cf9b468a
u03-s006-v006,question,type,2,2,6bc0f9c4ecb0acbebf1b9f6c816bdd66f4885f67c917d9e141cf893014fba936
u03-s006-v006,question,visualMode,9,9,9c7d54b0bf7a9369d8594201c7b11955514343809d09fbec33966c1fd9794015
u03-s006-v006,question,sourceScope,19,19,a4b669ddb8ef1883391c07a7b633f12eeaeecee7ec37c09eea4931aff6644346
u03-s006-v006,question,text,14,22,c643d51c76383e5dfcf9c6ef7f795e18a786da2bbb65c831885eceedf9521153
u03-s006-v006,question,choices[0],3,3,0d7f0e336166042f8cc9e4c20ae427ba367c279d6e3dfd1bd7247b0fbce61d50
u03-s006-v006,question,choices[1],1,1,d4735e3a265e16eee03f59718b9b5d03019c07d8b6c51f90da3a666eec13ab35
u03-s006-v006,question,choices[2],1,1,6b86b273ff34fce19d6b804eff5a3f5747ada4eaa22f1d49c01e52ddb7875b4b
u03-s006-v006,question,choices[3],1,1,4b227777d4dd1fc61c6f884f48641d02b4d121d3fd328cb08b5531fcacdabf8a
u03-s006-v006,question,explanation,41,81,7f6b1633b463f883ffc8eb485aec9089025c0540c3fd973bce9f4892ca1c6702
u03-s006-v006,question,steps[0],14,20,4cfd0dcad89378f0d5675aa2122c8b9426e7143774db6906892322797593015f
u03-s006-v006,question,steps[1],9,13,f5033e6707f281d95cf67f77a108c073e7b4f3b8e18af653f9394ef35e6782c2
u03-s006-v006,question,steps[2],6,14,2b7c8037a917066cf849d5d2cecf91285bb9732deb31585807a170e561483379
u03-s006-v006,question,optionAnalysis[0].choice,3,3,0d7f0e336166042f8cc9e4c20ae427ba367c279d6e3dfd1bd7247b0fbce61d50
u03-s006-v006,question,optionAnalysis[0].reason,8,16,5d734f8e8790887e50d1ed86b8712d16fdc3f62759b2cdbbe93a16a1577aed8f
u03-s006-v006,question,optionAnalysis[1].choice,1,1,d4735e3a265e16eee03f59718b9b5d03019c07d8b6c51f90da3a666eec13ab35
u03-s006-v006,question,optionAnalysis[1].reason,9,21,f3be7a03240cbf64535d97e2fa7e07367938d0231013081dae669fcce8366e72
u03-s006-v006,question,optionAnalysis[2].choice,1,1,6b86b273ff34fce19d6b804eff5a3f5747ada4eaa22f1d49c01e52ddb7875b4b
u03-s006-v006,question,optionAnalysis[2].reason,40,76,463df6e0250fe72017a395bf4f814ea38665940bf18fb3351f9b6b4fa1032240
u03-s006-v006,question,optionAnalysis[3].choice,1,1,4b227777d4dd1fc61c6f884f48641d02b4d121d3fd328cb08b5531fcacdabf8a
u03-s006-v006,question,optionAnalysis[3].reason,7,21,3b105aada0873aa6866bd880676a2dd2941c98f1d2ec836e7ace48e8eb1d8928
u03-s006-v006,question,commonMistake,15,45,a36e9c4cf821cf502588798ee1ead9f5e9a6b4c229b2013cadcc9fcc18afe944
u03-s006-v006,question,concept,10,30,809c785f32af49fc2aaea7acfd0dc8719def08b37cd093323855a75131118f87
u03-s006-v006,question,tags[0],2,6,32f6541b44ed479dbf6cc8c7dd98824e49e03974d72ad8b65c33383a9cbb349f
u03-s006-v006,question,tags[1],11,33,efbb921d0554da4ddb38d40ed6aa6a62c052b27aba9a29eba69bef36664bd35f
u03-s006-v006,question,tags[2],8,8,fe6d3468cf5c74d8ec2a95b40f2e05338c37a4202f8fad692d2b64a9cf9b468a
u03-s006-v006,question,estimatedTimeSec,2,2,f369cb89fc627e668987007d121ed1eacdc01db9e28f8bb26f358b7d8c4f08ac
u03-s006-v006,question,prerequisiteSkillIds[0],27,27,a2292f3ef313214a54270bb26312b0c4164964f6d54023fc2f4cd22d0d8caa7e
u03-s006-v006,question,authoringIntent,13,39,d18750f4f236969b7731b0e7a8067c30bb02f66ec1cb2f6cee839a3f5039a065
u03-s006-v006,question,reviewStatus,22,22,ec809598e2f7fcc69fad54c9cd045bba62b4a0dc7c0ff90d4efdc3788c9ad8fb
u03-s006-v006,question,contentSha256,64,64,93f75ab2eb596ad0876ab62fa1b49abb7e83a297f8390f463b4bbe75f634d6fd
u03-s006-v006,question,contentAuthority,25,25,ed40f75ffe3d6ad4e71f6e7919d063410490de360edb425965eccd605ca9d79e
u03-s006-v006,question,legacyContentDisposition,39,39,2efcc87c0c9673d2efe77735ae75582eb178c880b07035d8695f010e324b7c71
u03-s006-v007,question,questionId,13,13,2e40f8b06087a80910183533b5174b35bcab5ea65ff843ae349e05fc09535199
u03-s006-v007,question,unitId,3,3,97ce842ec69dee17c1842918e63b9d4042fa4b35007146dcfb80a09c5000888a
u03-s006-v007,question,topicId,27,27,5edc6d8adc97105fb624f3211c5e8b14178a37949edbbef037f75ad528a701a5
u03-s006-v007,question,skillId,25,25,1dffb75902560f17b39dc3241537371bcdc651e0e476f743cbf7690c7b621081
u03-s006-v007,question,difficulty,8,8,d21f85ea38166303ce58e06134b5cc4a5c900c409ab2a500ff7c9225109a09bb
u03-s006-v007,question,type,2,2,6bc0f9c4ecb0acbebf1b9f6c816bdd66f4885f67c917d9e141cf893014fba936
u03-s006-v007,question,visualMode,9,9,9c7d54b0bf7a9369d8594201c7b11955514343809d09fbec33966c1fd9794015
u03-s006-v007,question,sourceScope,19,19,a4b669ddb8ef1883391c07a7b633f12eeaeecee7ec37c09eea4931aff6644346
u03-s006-v007,question,text,20,32,605613b657d9fb75cd27adb90f265b192824246c1f54ba04380caf0f7dabfe6e
u03-s006-v007,question,choices[0],1,1,7902699be42c8a8e46fbbb4501726517e86b22c56a189f7625a6da49081b2451
u03-s006-v007,question,choices[1],1,1,2c624232cdd221771294dfbb310aca000a0df6ac8b66b696d90ef06fdefb64a3
u03-s006-v007,question,choices[2],2,2,4fc82b26aecb47d2868c4efbe3581732a3e7cbcc6c2efb32062c08170a05eeb8
u03-s006-v007,question,choices[3],1,1,19581e27de7ced00ff1ce50b2047e7a567c76b1cbaebabe5ef03f7c3017bb5b7
u03-s006-v007,question,explanation,37,87,6541cd3753c22cf5f2baf3da45ff56f342ff06d59ecb6c29c1641055c07c6aad
u03-s006-v007,question,steps[0],10,28,bd7005b46cffaeeb7a8e44c2ed3e23cd0450427793e152d37c1ab150e252daef
u03-s006-v007,question,steps[1],10,16,012f80ee1141fe10e6da4519bb292e16856a27814f93af6c6eddf22b1945b708
u03-s006-v007,question,steps[2],5,9,7efdde29f11c8e984cbed605137ccd5766ccd411d03b6c969145e0045a35b96a
u03-s006-v007,question,optionAnalysis[0].choice,1,1,7902699be42c8a8e46fbbb4501726517e86b22c56a189f7625a6da49081b2451
u03-s006-v007,question,optionAnalysis[0].reason,7,21,e86d47e366cfb9ddde348764ac0e305dd2dbfaa7aeafe4665c88aa2e34693b0e
u03-s006-v007,question,optionAnalysis[1].choice,1,1,2c624232cdd221771294dfbb310aca000a0df6ac8b66b696d90ef06fdefb64a3
u03-s006-v007,question,optionAnalysis[1].reason,12,20,70fcafc6dc3c475496f7f2bf9c1621184540f71b694da53bb9709ebd17ae70fb
u03-s006-v007,question,optionAnalysis[2].choice,2,2,4fc82b26aecb47d2868c4efbe3581732a3e7cbcc6c2efb32062c08170a05eeb8
u03-s006-v007,question,optionAnalysis[2].reason,8,24,26b729dbf79885850f151339fd6999becd2414ea8623afe1ce7e2047f49cb90a
u03-s006-v007,question,optionAnalysis[3].choice,1,1,19581e27de7ced00ff1ce50b2047e7a567c76b1cbaebabe5ef03f7c3017bb5b7
u03-s006-v007,question,optionAnalysis[3].reason,48,90,abc6b7f012bf912c7df1144d5ea08039cf8a077db2ed03dc9a9fa2368a21b23a
u03-s006-v007,question,commonMistake,10,30,16e10e44e49b6bd4a13d69442a021b7c005bc134ef3cfbf51466d47d7dc2fb57
u03-s006-v007,question,concept,8,22,037e812a126bae3305a1b063f8a6319fb96d74ddd119205983d5411b57b94efb
u03-s006-v007,question,tags[0],2,6,32f6541b44ed479dbf6cc8c7dd98824e49e03974d72ad8b65c33383a9cbb349f
u03-s006-v007,question,tags[1],11,33,efbb921d0554da4ddb38d40ed6aa6a62c052b27aba9a29eba69bef36664bd35f
u03-s006-v007,question,tags[2],8,8,d21f85ea38166303ce58e06134b5cc4a5c900c409ab2a500ff7c9225109a09bb
u03-s006-v007,question,estimatedTimeSec,2,2,f369cb89fc627e668987007d121ed1eacdc01db9e28f8bb26f358b7d8c4f08ac
u03-s006-v007,question,prerequisiteSkillIds[0],27,27,a2292f3ef313214a54270bb26312b0c4164964f6d54023fc2f4cd22d0d8caa7e
u03-s006-v007,question,authoringIntent,15,45,5dc4c830c901af80a37caefeb37f48aef447fdb8855323d5644765a8eb61d24b
u03-s006-v007,question,reviewStatus,22,22,ec809598e2f7fcc69fad54c9cd045bba62b4a0dc7c0ff90d4efdc3788c9ad8fb
u03-s006-v007,question,contentSha256,64,64,3035ddc27e36da29d47136a04bd3bc0732a0d200c6bd814bf7e3e81f54aea2f0
u03-s006-v007,question,contentAuthority,25,25,ed40f75ffe3d6ad4e71f6e7919d063410490de360edb425965eccd605ca9d79e
u03-s006-v007,question,legacyContentDisposition,39,39,2efcc87c0c9673d2efe77735ae75582eb178c880b07035d8695f010e324b7c71
u03-s006-v008,question,questionId,13,13,8b00852425b33dc1c67b45e584c457281513bd35a62ec14177690fa5bc8a0796
u03-s006-v008,question,unitId,3,3,97ce842ec69dee17c1842918e63b9d4042fa4b35007146dcfb80a09c5000888a
u03-s006-v008,question,topicId,27,27,5edc6d8adc97105fb624f3211c5e8b14178a37949edbbef037f75ad528a701a5
u03-s006-v008,question,skillId,25,25,1dffb75902560f17b39dc3241537371bcdc651e0e476f743cbf7690c7b621081
u03-s006-v008,question,difficulty,8,8,d21f85ea38166303ce58e06134b5cc4a5c900c409ab2a500ff7c9225109a09bb
u03-s006-v008,question,type,2,2,6bc0f9c4ecb0acbebf1b9f6c816bdd66f4885f67c917d9e141cf893014fba936
u03-s006-v008,question,visualMode,9,9,9c7d54b0bf7a9369d8594201c7b11955514343809d09fbec33966c1fd9794015
u03-s006-v008,question,sourceScope,19,19,a4b669ddb8ef1883391c07a7b633f12eeaeecee7ec37c09eea4931aff6644346
u03-s006-v008,question,text,21,33,c51bd6ee83ad2f2024c71fbed54515de53208df2a78886768d26a414a2b2d3b4
u03-s006-v008,question,choices[0],2,2,785f3ec7eb32f30b90cd0fcf3657d388b5ff4297f2f9716ff66e9b69c05ddd09
u03-s006-v008,question,choices[1],2,2,6b51d431df5d7f141cbececcf79edf3dd861c3b4069f0b11661a3eefacbba918
u03-s006-v008,question,choices[2],2,2,4ec9599fc203d176a301536c2e091a19bc852759b255bd6818810a42c5fed14a
u03-s006-v008,question,choices[3],2,2,c2356069e9d1e79ca924378153cfbbfb4d4416b1f99d41a2940bfdb66c5319db
u03-s006-v008,question,explanation,37,81,941e384efff1487052efb82bfdd5c45cc2269a888bbb3d10b3c8b85735b831fb
u03-s006-v008,question,steps[0],6,14,e3f573ccd1937abb80e1b074bab46a3a9dc267358d2c2e2c1ae33cbfd0cb6c89
u03-s006-v008,question,steps[1],12,22,132e9d73f0c3bbb6fe542a02fa10460d78f552ed9db4c2749765670fe0298773
u03-s006-v008,question,steps[2],6,10,3156a73742a6781fa39b779b3def282878acbf3f26cf6dce9b3648339d5ad186
u03-s006-v008,question,optionAnalysis[0].choice,2,2,785f3ec7eb32f30b90cd0fcf3657d388b5ff4297f2f9716ff66e9b69c05ddd09
u03-s006-v008,question,optionAnalysis[0].reason,57,97,dcefb69f680ddb28b44b7151611cd6c8162262819820400f04f9ff602081edcd
u03-s006-v008,question,optionAnalysis[1].choice,2,2,6b51d431df5d7f141cbececcf79edf3dd861c3b4069f0b11661a3eefacbba918
u03-s006-v008,question,optionAnalysis[1].reason,12,30,0270ea88a5402a6a7a83102de6be90006b015bda6a51b006fe41c4b7bbfbc755
u03-s006-v008,question,optionAnalysis[2].choice,2,2,4ec9599fc203d176a301536c2e091a19bc852759b255bd6818810a42c5fed14a
u03-s006-v008,question,optionAnalysis[2].reason,9,17,3902d4f1bf77b227f400952617cdaa0da8ddb20f70115927c72c4caf673bc1cf
u03-s006-v008,question,optionAnalysis[3].choice,2,2,c2356069e9d1e79ca924378153cfbbfb4d4416b1f99d41a2940bfdb66c5319db
u03-s006-v008,question,optionAnalysis[3].reason,7,19,7c3a1699c73c062d51a11d02d820c95dc066751dc72f6a0209496e185d7c5637
u03-s006-v008,question,commonMistake,17,25,cd705a5e4898dbd95e162d088f252343a8b6c29c37deb1fb7593601d826a3bc2
u03-s006-v008,question,concept,13,39,04b64bedb6f032fdb2e07b547685a147d69b8f3a635a826ef1f7e374fa5ed92b
u03-s006-v008,question,tags[0],2,6,32f6541b44ed479dbf6cc8c7dd98824e49e03974d72ad8b65c33383a9cbb349f
u03-s006-v008,question,tags[1],11,33,efbb921d0554da4ddb38d40ed6aa6a62c052b27aba9a29eba69bef36664bd35f
u03-s006-v008,question,tags[2],8,8,d21f85ea38166303ce58e06134b5cc4a5c900c409ab2a500ff7c9225109a09bb
u03-s006-v008,question,estimatedTimeSec,2,2,f369cb89fc627e668987007d121ed1eacdc01db9e28f8bb26f358b7d8c4f08ac
u03-s006-v008,question,prerequisiteSkillIds[0],27,27,a2292f3ef313214a54270bb26312b0c4164964f6d54023fc2f4cd22d0d8caa7e
u03-s006-v008,question,authoringIntent,13,39,50cf7a9017270adbde88ec9ee0ec0b9985b7e897e35b972f0184ef9cb5abf9e9
u03-s006-v008,question,reviewStatus,22,22,ec809598e2f7fcc69fad54c9cd045bba62b4a0dc7c0ff90d4efdc3788c9ad8fb
u03-s006-v008,question,contentSha256,64,64,80a24fb39b63525c5460d64891248833b86d8a9f5272bc1e61e80b6bdc81ad5c
u03-s006-v008,question,contentAuthority,25,25,ed40f75ffe3d6ad4e71f6e7919d063410490de360edb425965eccd605ca9d79e
u03-s006-v008,question,legacyContentDisposition,39,39,2efcc87c0c9673d2efe77735ae75582eb178c880b07035d8695f010e324b7c71
u03-s006-v009,question,questionId,13,13,bf9d72ac6625dcf254980cdbcf8d567961b0a98ed0206fce4cfc8142cd747973
u03-s006-v009,question,unitId,3,3,97ce842ec69dee17c1842918e63b9d4042fa4b35007146dcfb80a09c5000888a
u03-s006-v009,question,topicId,27,27,5edc6d8adc97105fb624f3211c5e8b14178a37949edbbef037f75ad528a701a5
u03-s006-v009,question,skillId,25,25,1dffb75902560f17b39dc3241537371bcdc651e0e476f743cbf7690c7b621081
u03-s006-v009,question,difficulty,8,8,d21f85ea38166303ce58e06134b5cc4a5c900c409ab2a500ff7c9225109a09bb
u03-s006-v009,question,type,2,2,6bc0f9c4ecb0acbebf1b9f6c816bdd66f4885f67c917d9e141cf893014fba936
u03-s006-v009,question,visualMode,9,9,9c7d54b0bf7a9369d8594201c7b11955514343809d09fbec33966c1fd9794015
u03-s006-v009,question,sourceScope,19,19,a4b669ddb8ef1883391c07a7b633f12eeaeecee7ec37c09eea4931aff6644346
u03-s006-v009,question,text,11,17,bbf8dd126e26829dfdf4d5891752ab948ae195c3bd5651fca0ea96d4d1b9d240
u03-s006-v009,question,choices[0],4,4,c02a87b566e653db888d05dc45e0291c9a6b5d3697ef63c95035ad226586623d
u03-s006-v009,question,choices[1],4,4,b0774e3a70a678d0f08ccf2ca4c3dcfc3ef576b938236bb4e7951682a80b3086
u03-s006-v009,question,choices[2],1,1,e7f6c011776e8db7cd330b54174fd76f7d0216b612387a5ffcfb81e6f0919683
u03-s006-v009,question,choices[3],4,4,a17d96c0774054d9ce702f1e5d17d886e8e95de0eca544dd5421d8f3ae821c09
u03-s006-v009,question,explanation,29,69,91e4d2937744d57294a40dd57974acbc948d4a4c69f4b1236edc7a72572ba855
u03-s006-v009,question,steps[0],8,16,fc793dc2d43536e62500b23aa08cda65096b489292c83f57844e1457e200084a
u03-s006-v009,question,steps[1],6,12,4457969f142d0ddd555e714d4f717c48f0ea6798c0d55ad63500df6ea548ffb7
u03-s006-v009,question,steps[2],3,7,d48d56857b2a60be8aa56576a9712bd951b5a0dc42d479243de123fad7992e4c
u03-s006-v009,question,optionAnalysis[0].choice,4,4,c02a87b566e653db888d05dc45e0291c9a6b5d3697ef63c95035ad226586623d
u03-s006-v009,question,optionAnalysis[0].reason,9,17,d205bb9305d24b5a1a02257357815b363b38a92ef620b9890cb9910d95b1e704
u03-s006-v009,question,optionAnalysis[1].choice,4,4,b0774e3a70a678d0f08ccf2ca4c3dcfc3ef576b938236bb4e7951682a80b3086
u03-s006-v009,question,optionAnalysis[1].reason,9,17,50040a4d92a6a99a63684a4a1b579272ee77de611d0adf744a12d85013886198
u03-s006-v009,question,optionAnalysis[2].choice,1,1,e7f6c011776e8db7cd330b54174fd76f7d0216b612387a5ffcfb81e6f0919683
u03-s006-v009,question,optionAnalysis[2].reason,29,60,36a58de5d3f922eda65f0ac5357713da02f7a50d755b7c0cc3d94f552553b5ef
u03-s006-v009,question,optionAnalysis[3].choice,4,4,a17d96c0774054d9ce702f1e5d17d886e8e95de0eca544dd5421d8f3ae821c09
u03-s006-v009,question,optionAnalysis[3].reason,13,28,28ddf10dd063248860ff49552a621f4b286b9b1fd272f0d9fa38f7604fda2a4d
u03-s006-v009,question,commonMistake,12,36,6bc98fa29696599b1ba1524d35d98ce7f211ff9bdd9acf70c7f8d184d62a9d3a
u03-s006-v009,question,concept,15,33,f4bea81144d80590e09a50f37a69538bc6e6aec6855865f30c4d78152225f751
u03-s006-v009,question,tags[0],2,6,32f6541b44ed479dbf6cc8c7dd98824e49e03974d72ad8b65c33383a9cbb349f
u03-s006-v009,question,tags[1],11,33,efbb921d0554da4ddb38d40ed6aa6a62c052b27aba9a29eba69bef36664bd35f
u03-s006-v009,question,tags[2],8,8,d21f85ea38166303ce58e06134b5cc4a5c900c409ab2a500ff7c9225109a09bb
u03-s006-v009,question,estimatedTimeSec,2,2,f369cb89fc627e668987007d121ed1eacdc01db9e28f8bb26f358b7d8c4f08ac
u03-s006-v009,question,prerequisiteSkillIds[0],27,27,a2292f3ef313214a54270bb26312b0c4164964f6d54023fc2f4cd22d0d8caa7e
u03-s006-v009,question,authoringIntent,11,33,1cbd4da547a7ee0aa58e48984df4f9998fe73504f7ed4f1b40a26a37e8dc723b
u03-s006-v009,question,reviewStatus,22,22,ec809598e2f7fcc69fad54c9cd045bba62b4a0dc7c0ff90d4efdc3788c9ad8fb
u03-s006-v009,question,contentSha256,64,64,601d9d1fdf6af74f90ac35046e7164588e93c42c44a83639a2b2f9ac12d37e8b
u03-s006-v009,question,contentAuthority,25,25,ed40f75ffe3d6ad4e71f6e7919d063410490de360edb425965eccd605ca9d79e
u03-s006-v009,question,legacyContentDisposition,39,39,2efcc87c0c9673d2efe77735ae75582eb178c880b07035d8695f010e324b7c71
u03-s006-v010,question,questionId,13,13,a9c1f9aca2df3cd92474fe2493e491042ef591e637728ab66b2db5ecbfddcfdc
u03-s006-v010,question,unitId,3,3,97ce842ec69dee17c1842918e63b9d4042fa4b35007146dcfb80a09c5000888a
u03-s006-v010,question,topicId,27,27,5edc6d8adc97105fb624f3211c5e8b14178a37949edbbef037f75ad528a701a5
u03-s006-v010,question,skillId,25,25,1dffb75902560f17b39dc3241537371bcdc651e0e476f743cbf7690c7b621081
u03-s006-v010,question,difficulty,8,8,578756ca4aa16d8872610a5aaa78460fd30fbe93379ff7284fe65d66ca606755
u03-s006-v010,question,type,2,2,6bc0f9c4ecb0acbebf1b9f6c816bdd66f4885f67c917d9e141cf893014fba936
u03-s006-v010,question,visualMode,9,9,9c7d54b0bf7a9369d8594201c7b11955514343809d09fbec33966c1fd9794015
u03-s006-v010,question,sourceScope,19,19,a4b669ddb8ef1883391c07a7b633f12eeaeecee7ec37c09eea4931aff6644346
u03-s006-v010,question,text,78,190,076ece89b8f97120a1dea7290cdc75ee96db483358cc4851a6dc5138e82fbca2
u03-s006-v010,question,choices[0],2,2,6b51d431df5d7f141cbececcf79edf3dd861c3b4069f0b11661a3eefacbba918
u03-s006-v010,question,choices[1],2,2,f5ca38f748a1d6eaf726b8a42fb575c3c71f1864a8143301782de13da2d9202b
u03-s006-v010,question,choices[2],2,2,98010bd9270f9b100b6214a21754fd33bdc8d41b2bc9f9dd16ff54d3c34ffd71
u03-s006-v010,question,choices[3],2,2,76a50887d8f1c2e9301755428990ad81479ee21c25b43215cf524541e0503269
u03-s006-v010,question,explanation,76,160,ef411668399c2f7f64d2b75df4cae6ae976ba3f133be462b2cf317eff908ebec
u03-s006-v010,question,steps[0],34,82,f47cd458f932d92fba14387869a6d00e8e639f08a2c6df921478b5b148a9eaa4
u03-s006-v010,question,steps[1],36,74,48f33b9172f31b0067a4555911e1df935be630fccc5eaeda822e97834ae6edbe
u03-s006-v010,question,steps[2],22,48,9ec816fbb0785a3a30b76132e9e9d902c8d1c0d5889aa1b3247b636fa29fea33
u03-s006-v010,question,optionAnalysis[0].choice,2,2,6b51d431df5d7f141cbececcf79edf3dd861c3b4069f0b11661a3eefacbba918
u03-s006-v010,question,optionAnalysis[0].reason,30,72,7f94169be6cf106583ed4db3106c0012409a9a554ab6b2de8cb262c3f5826b62
u03-s006-v010,question,optionAnalysis[1].choice,2,2,f5ca38f748a1d6eaf726b8a42fb575c3c71f1864a8143301782de13da2d9202b
u03-s006-v010,question,optionAnalysis[1].reason,27,67,6c53844bca5d27c8cada35af32cf420b2c2e73a2c32a52c6268257c7d7a26226
u03-s006-v010,question,optionAnalysis[2].choice,2,2,98010bd9270f9b100b6214a21754fd33bdc8d41b2bc9f9dd16ff54d3c34ffd71
u03-s006-v010,question,optionAnalysis[2].reason,28,69,c085289800b45058cf6b80c10e11928044ed2a7920f866b2bf90a99dea2c7ee6
u03-s006-v010,question,optionAnalysis[3].choice,2,2,76a50887d8f1c2e9301755428990ad81479ee21c25b43215cf524541e0503269
u03-s006-v010,question,optionAnalysis[3].reason,33,65,b5baf8d993ad781d1da8bc0a5d93f52172cc783e4481565311b96d5a443885ca
u03-s006-v010,question,commonMistake,35,91,fc01fef2a644a28b9bea1bf4488a558cb89be386f9879c3473d85f46cf6027fb
u03-s006-v010,question,concept,38,94,8525ac7668996d531d50d2a5260d61ad7a11db344e8e26b87d257a20961a0006
u03-s006-v010,question,tags[0],2,6,32f6541b44ed479dbf6cc8c7dd98824e49e03974d72ad8b65c33383a9cbb349f
u03-s006-v010,question,tags[1],11,33,efbb921d0554da4ddb38d40ed6aa6a62c052b27aba9a29eba69bef36664bd35f
u03-s006-v010,question,tags[2],8,8,578756ca4aa16d8872610a5aaa78460fd30fbe93379ff7284fe65d66ca606755
u03-s006-v010,question,estimatedTimeSec,2,2,f369cb89fc627e668987007d121ed1eacdc01db9e28f8bb26f358b7d8c4f08ac
u03-s006-v010,question,prerequisiteSkillIds[0],27,27,a2292f3ef313214a54270bb26312b0c4164964f6d54023fc2f4cd22d0d8caa7e
u03-s006-v010,question,authoringIntent,22,66,b204bc594cd7f7b7e8fa460cd5be306d27e72f4afd05e7b0e303e0f895918db8
u03-s006-v010,question,literacyContextNecessity,55,149,72544a28945fe9807f183427c4a9ad77baaf9301faca0a9de1dc73db5b9a7a1a
u03-s006-v010,question,reviewStatus,22,22,ec809598e2f7fcc69fad54c9cd045bba62b4a0dc7c0ff90d4efdc3788c9ad8fb
u03-s006-v010,question,contentSha256,64,64,98e16ad119c00917407a72bd905a26ac27cc631f3cf2fdaa7cd60d60b80dc756
u03-s006-v010,question,contentAuthority,25,25,ed40f75ffe3d6ad4e71f6e7919d063410490de360edb425965eccd605ca9d79e
u03-s006-v010,question,legacyContentDisposition,39,39,2efcc87c0c9673d2efe77735ae75582eb178c880b07035d8695f010e324b7c71
u03-s006-v011,question,questionId,13,13,04b73ca5cf9554cfd922b6b449e08426fca71a39233a5b2a88b24cb13fb36d6a
u03-s006-v011,question,unitId,3,3,97ce842ec69dee17c1842918e63b9d4042fa4b35007146dcfb80a09c5000888a
u03-s006-v011,question,topicId,27,27,5edc6d8adc97105fb624f3211c5e8b14178a37949edbbef037f75ad528a701a5
u03-s006-v011,question,skillId,25,25,1dffb75902560f17b39dc3241537371bcdc651e0e476f743cbf7690c7b621081
u03-s006-v011,question,difficulty,8,8,578756ca4aa16d8872610a5aaa78460fd30fbe93379ff7284fe65d66ca606755
u03-s006-v011,question,type,2,2,6bc0f9c4ecb0acbebf1b9f6c816bdd66f4885f67c917d9e141cf893014fba936
u03-s006-v011,question,visualMode,9,9,9c7d54b0bf7a9369d8594201c7b11955514343809d09fbec33966c1fd9794015
u03-s006-v011,question,sourceScope,19,19,a4b669ddb8ef1883391c07a7b633f12eeaeecee7ec37c09eea4931aff6644346
u03-s006-v011,question,text,41,97,f9bfc1a104a248735f9dd8d4b97689607898d7ba8c6df12c9cd6aa9d144cfd52
u03-s006-v011,question,choices[0],3,3,6af1f692e9496c6d0b668316eccb93276ae6b6774fa728aac31ff40a38318760
u03-s006-v011,question,choices[1],3,3,2abaca4911e68fa9bfbf3482ee797fd5b9045b841fdff7253557c5fe15de6477
u03-s006-v011,question,choices[2],3,3,838f461c2fa673cec73e6eecdafa88b127802d6cb0a61c53175197a122cb645a
u03-s006-v011,question,choices[3],3,3,ddfe0e8d462af661f81db36589c39882dc0f2330785b5d80cd34f2f520ad618f
u03-s006-v011,question,explanation,44,84,0dc7351513a29cb7bfdb466f70a9262df5a1f13d0b3b3dd09c6dd12ab4eb79fb
u03-s006-v011,question,steps[0],14,24,c74aa104d2c75a776a433583b879487a2d8b17901ab07558550f16df1ae17fda
u03-s006-v011,question,steps[1],10,14,b57f8529e5566ead65b9fbb9706ac06e71ada0c3ad372bf8f4abef597880db73
u03-s006-v011,question,steps[2],6,10,71e54867fd545f45d285fe477fccf350c9efe4c1214062e5a0459b4276b4994b
u03-s006-v011,question,optionAnalysis[0].choice,3,3,6af1f692e9496c6d0b668316eccb93276ae6b6774fa728aac31ff40a38318760
u03-s006-v011,question,optionAnalysis[0].reason,36,66,59e5cbbcf65c54dffd4e2593516005becaa3dbe1c086fc0653ae600c46ba872c
u03-s006-v011,question,optionAnalysis[1].choice,3,3,2abaca4911e68fa9bfbf3482ee797fd5b9045b841fdff7253557c5fe15de6477
u03-s006-v011,question,optionAnalysis[1].reason,10,20,41d192dc4f3541eabea8c356535090eecad12f69e742fc4554654239e57e4d5c
u03-s006-v011,question,optionAnalysis[2].choice,3,3,838f461c2fa673cec73e6eecdafa88b127802d6cb0a61c53175197a122cb645a
u03-s006-v011,question,optionAnalysis[2].reason,10,19,2ad8b3f0446a203e45dffcf41170ca0951c9125888aefa7ecf36be9e6733f825
u03-s006-v011,question,optionAnalysis[3].choice,3,3,ddfe0e8d462af661f81db36589c39882dc0f2330785b5d80cd34f2f520ad618f
u03-s006-v011,question,optionAnalysis[3].reason,10,28,a9fb99a81734f587e4144462c14d70589dd9affeea116967576a7f8d6fa2810e
u03-s006-v011,question,commonMistake,8,18,b75dbc84e7363f262e56453a70abbf6f4b67f4ccad804d329cbe55a7522c64af
u03-s006-v011,question,concept,13,33,c1b8c06fc0bc942410f544c1162656d631371d69e06553fc8676a1eeb8c3dd77
u03-s006-v011,question,tags[0],2,6,32f6541b44ed479dbf6cc8c7dd98824e49e03974d72ad8b65c33383a9cbb349f
u03-s006-v011,question,tags[1],11,33,efbb921d0554da4ddb38d40ed6aa6a62c052b27aba9a29eba69bef36664bd35f
u03-s006-v011,question,tags[2],8,8,578756ca4aa16d8872610a5aaa78460fd30fbe93379ff7284fe65d66ca606755
u03-s006-v011,question,estimatedTimeSec,2,2,f369cb89fc627e668987007d121ed1eacdc01db9e28f8bb26f358b7d8c4f08ac
u03-s006-v011,question,prerequisiteSkillIds[0],27,27,a2292f3ef313214a54270bb26312b0c4164964f6d54023fc2f4cd22d0d8caa7e
u03-s006-v011,question,authoringIntent,14,42,1faa179a4c83bfefa62f0eea76b7d80a43a650762619ce5096268804a0f29c52
u03-s006-v011,question,literacyContextNecessity,40,98,8fdaac512b2a19257dbd32c5797974d845e804ba48f2cd48f7665e279744aab1
u03-s006-v011,question,reviewStatus,22,22,ec809598e2f7fcc69fad54c9cd045bba62b4a0dc7c0ff90d4efdc3788c9ad8fb
u03-s006-v011,question,contentSha256,64,64,c696c8894d09972e50cbe2951e11ae499bc32212cf98cafb3038e02a949690dd
u03-s006-v011,question,contentAuthority,25,25,ed40f75ffe3d6ad4e71f6e7919d063410490de360edb425965eccd605ca9d79e
u03-s006-v011,question,legacyContentDisposition,39,39,2efcc87c0c9673d2efe77735ae75582eb178c880b07035d8695f010e324b7c71
u03-s006-v012,question,questionId,13,13,7f1e2cf5f06a0d34168c96311df2792b0cef66e34b1c7c8b9f1b518649c1de4f
u03-s006-v012,question,unitId,3,3,97ce842ec69dee17c1842918e63b9d4042fa4b35007146dcfb80a09c5000888a
u03-s006-v012,question,topicId,27,27,5edc6d8adc97105fb624f3211c5e8b14178a37949edbbef037f75ad528a701a5
u03-s006-v012,question,skillId,25,25,1dffb75902560f17b39dc3241537371bcdc651e0e476f743cbf7690c7b621081
u03-s006-v012,question,difficulty,8,8,578756ca4aa16d8872610a5aaa78460fd30fbe93379ff7284fe65d66ca606755
u03-s006-v012,question,type,2,2,6bc0f9c4ecb0acbebf1b9f6c816bdd66f4885f67c917d9e141cf893014fba936
u03-s006-v012,question,visualMode,9,9,9c7d54b0bf7a9369d8594201c7b11955514343809d09fbec33966c1fd9794015
u03-s006-v012,question,sourceScope,19,19,a4b669ddb8ef1883391c07a7b633f12eeaeecee7ec37c09eea4931aff6644346
u03-s006-v012,question,text,31,75,62db88bf63d708c9de21faa8e57ead71c1f3c50b74c2f3c340b3244437bc2d93
u03-s006-v012,question,choices[0],1,1,6b86b273ff34fce19d6b804eff5a3f5747ada4eaa22f1d49c01e52ddb7875b4b
u03-s006-v012,question,choices[1],3,3,32209ccbf8a8e509b9027698cc173343a2695e8ecdbe899bf5335a3100c956fc
u03-s006-v012,question,choices[2],4,4,4cc23abdbdc20da8971c8095778646615d4de843efa5530776cd04f64e692aba
u03-s006-v012,question,choices[3],1,1,e7f6c011776e8db7cd330b54174fd76f7d0216b612387a5ffcfb81e6f0919683
u03-s006-v012,question,explanation,38,80,5f7bce0f9d162c9911f8b33828ae95bc3cab96615a87d1dd1c66fa27b60ba556
u03-s006-v012,question,steps[0],8,18,b38ce8f1846453e79b037508fef6d43768bf9ea94ff724956c85f15920417654
u03-s006-v012,question,steps[1],8,10,280a3b99c5656ae4273370754256a157252fafd43c372ed513581f9a15d0c734
u03-s006-v012,question,steps[2],8,16,da5b85f80d0106b35264a9d1957a7e8970d5fae4ff895c8a078c20fa3e1c06e2
u03-s006-v012,question,optionAnalysis[0].choice,1,1,6b86b273ff34fce19d6b804eff5a3f5747ada4eaa22f1d49c01e52ddb7875b4b
u03-s006-v012,question,optionAnalysis[0].reason,8,24,2aab3bcc2581fd867cdcb4e37bdd91a211d845641ea8e94a19942d8324e85449
u03-s006-v012,question,optionAnalysis[1].choice,3,3,32209ccbf8a8e509b9027698cc173343a2695e8ecdbe899bf5335a3100c956fc
u03-s006-v012,question,optionAnalysis[1].reason,54,108,15f6cdd2d870f22430c41b6f54b43cd29e65f3622671346cb128e031e2be6563
u03-s006-v012,question,optionAnalysis[2].choice,4,4,4cc23abdbdc20da8971c8095778646615d4de843efa5530776cd04f64e692aba
u03-s006-v012,question,optionAnalysis[2].reason,12,19,3f5dd6abfee8bc7e17c1d6f6ec62fa1b9e4d1b534362be0f84a5ca5ba24c761b
u03-s006-v012,question,optionAnalysis[3].choice,1,1,e7f6c011776e8db7cd330b54174fd76f7d0216b612387a5ffcfb81e6f0919683
u03-s006-v012,question,optionAnalysis[3].reason,7,13,c607752c80149a07032cb65849a739ea97f7f4bb77919f9e1286c9bdaa10c1e8
u03-s006-v012,question,commonMistake,11,27,18f1768ba03004c8a53289309f7c191164c03c1bbcbec47ef08b677c13c45670
u03-s006-v012,question,concept,13,39,f201d89b78b410ae32a3b1de3b812f36f31b5ad662c78d07bbbdb5892d36d58b
u03-s006-v012,question,tags[0],2,6,32f6541b44ed479dbf6cc8c7dd98824e49e03974d72ad8b65c33383a9cbb349f
u03-s006-v012,question,tags[1],11,33,efbb921d0554da4ddb38d40ed6aa6a62c052b27aba9a29eba69bef36664bd35f
u03-s006-v012,question,tags[2],8,8,578756ca4aa16d8872610a5aaa78460fd30fbe93379ff7284fe65d66ca606755
u03-s006-v012,question,estimatedTimeSec,2,2,f369cb89fc627e668987007d121ed1eacdc01db9e28f8bb26f358b7d8c4f08ac
u03-s006-v012,question,prerequisiteSkillIds[0],27,27,a2292f3ef313214a54270bb26312b0c4164964f6d54023fc2f4cd22d0d8caa7e
u03-s006-v012,question,authoringIntent,12,36,b8c62098bd42fc889975133fff393807dc030b143b87bb6543049f62c2277f22
u03-s006-v012,question,literacyContextNecessity,42,120,686afc18379152ec5a1f3253ab08ed687f99f97d9bdbadc1a2493aa2aa0c6bfd
u03-s006-v012,question,reviewStatus,22,22,ec809598e2f7fcc69fad54c9cd045bba62b4a0dc7c0ff90d4efdc3788c9ad8fb
u03-s006-v012,question,contentSha256,64,64,eae0c2a0b9945b13c230be88536b2b5f9619731c6e047c92242fa3e870daeb92
u03-s006-v012,question,contentAuthority,25,25,ed40f75ffe3d6ad4e71f6e7919d063410490de360edb425965eccd605ca9d79e
u03-s006-v012,question,legacyContentDisposition,39,39,2efcc87c0c9673d2efe77735ae75582eb178c880b07035d8695f010e324b7c71
u03-s006-cr001,constructed-response,questionId,14,14,30e16ede297987662d06707862228a9be934a9b316348d67c076550005accaa9
u03-s006-cr001,constructed-response,unitId,3,3,97ce842ec69dee17c1842918e63b9d4042fa4b35007146dcfb80a09c5000888a
u03-s006-cr001,constructed-response,topicId,27,27,5edc6d8adc97105fb624f3211c5e8b14178a37949edbbef037f75ad528a701a5
u03-s006-cr001,constructed-response,skillId,25,25,1dffb75902560f17b39dc3241537371bcdc651e0e476f743cbf7690c7b621081
u03-s006-cr001,constructed-response,difficulty,8,8,fe6d3468cf5c74d8ec2a95b40f2e05338c37a4202f8fad692d2b64a9cf9b468a
u03-s006-cr001,constructed-response,type,20,20,e519496c259191db041ac61161dbfadb673dd94a10a123ed7423adcf7968ae7c
u03-s006-cr001,constructed-response,visualMode,9,9,9c7d54b0bf7a9369d8594201c7b11955514343809d09fbec33966c1fd9794015
u03-s006-cr001,constructed-response,prompt,33,71,60114fcda4c7d9533964f4bafa78b06d7a7b741f5271ed8863db56f8d435833f
u03-s006-cr001,constructed-response,requiredWork[0],15,37,fe35133cf31773791b48ee6727e9c9c234f3cdeb9377009ac0eb80681f2429ef
u03-s006-cr001,constructed-response,requiredWork[1],10,26,ac33e3ae0c69d4e6a66f82e4cf7086eb52a3e1fa522ac59d463f58a501754374
u03-s006-cr001,constructed-response,requiredWork[2],8,24,30cf94deae1fc8745cbb6da35c8d67df4504b01946545b5d0dd125024c607d4b
u03-s006-cr001,constructed-response,fullCreditSolution[0],22,30,2f80d3f49cbb2f2347a5dc962890eced85d99853010dfc573528aead3ca3d755
u03-s006-cr001,constructed-response,fullCreditSolution[1],21,25,f20a584ea1eb13877041733fde07074a855eb72a050feb512f2b397a284c89a1
u03-s006-cr001,constructed-response,fullCreditSolution[2],13,17,510d5ab5f216d8f5bf68cf3e16b1cf4587d6cd73ab9281eafd790c808cda4338
u03-s006-cr001,constructed-response,fullCreditSolution[3],9,25,00ac41c0189d1716d403d46989e4e86d264906a50db3409c6039c35d31c3fec0
u03-s006-cr001,constructed-response,alternativeSolutions[0],19,57,1de49a4d602e3f59e3a5c85bdf7629cbb33385cd5c65e36a2017730b01f3d887
u03-s006-cr001,constructed-response,rubric[0].criteria,19,49,af97ffd8db5ec3fd57bcb9ed9d005a11549ee7ba88e8224c300394a08aabe6bf
u03-s006-cr001,constructed-response,rubric[1].criteria,16,48,9db939703111f4507ccefa2d8738140fa6b76550135ef49709287c2d8336534b
u03-s006-cr001,constructed-response,rubric[2].criteria,15,41,b71b7caa3170b8e6734847a844b31bd1363c0eaa1697c6cf698b00d131189dc7
u03-s006-cr001,constructed-response,rubric[3].criteria,14,42,f22bd03c7c8fc2e17955703012187ce23a797f78b164442267819ba47edca6fd
u03-s006-cr001,constructed-response,scoringNotes[0],14,42,cd605206f033bf9eb77fb66a20ada03efaf449b4f0635fc98dd861265ef39c50
u03-s006-cr001,constructed-response,scoringNotes[1],25,75,a2c565e5172ae5430bb229f94ce51035aa7b17f1f115f704476e4c19fc1098cf
u03-s006-cr001,constructed-response,commonErrors[0],9,25,964f6d1b2d042e86d06d9e457e0e8f93a7951651974c332c399acbe57a7e86c0
u03-s006-cr001,constructed-response,commonErrors[1],8,17,a04849568249a997be9a1f6a6741d5cc747fe882c84c0ea29506c34788925951
u03-s006-cr001,constructed-response,independentReview.derivedResult,6,6,b555773944bd93d920ee5f5f6a781c6deb86c61c08ca16febfb005ba154118c6
u03-s006-cr001,constructed-response,independentReview.ambiguity,26,78,4b9998d99f5ff6b4c48867707da30b5a75387690128c1a0e4fdc7f35be5f3c7a
u03-s006-cr001,constructed-response,independentReview.decision,4,4,d74ff0ee8da3b9806b18c877dbf29bbde50b5bd8e4dad7a3a725000feb82e8f1
u03-s006-cr001,constructed-response,contentSha256,64,64,270328086bbd307386c8c6f24b12e6790a30f02f94e898d219b7f71ee32a73d1
u03-s006-cr001,constructed-response,contentAuthority,25,25,ed40f75ffe3d6ad4e71f6e7919d063410490de360edb425965eccd605ca9d79e
u03-s006-cr001,constructed-response,legacyContentDisposition,39,39,2efcc87c0c9673d2efe77735ae75582eb178c880b07035d8695f010e324b7c71
u03-s006-cr002,constructed-response,questionId,14,14,da00c298c8a21991162636cd124daa5ddc5b587c935c596c9e23595aaf03c6a7
u03-s006-cr002,constructed-response,unitId,3,3,97ce842ec69dee17c1842918e63b9d4042fa4b35007146dcfb80a09c5000888a
u03-s006-cr002,constructed-response,topicId,27,27,5edc6d8adc97105fb624f3211c5e8b14178a37949edbbef037f75ad528a701a5
u03-s006-cr002,constructed-response,skillId,25,25,1dffb75902560f17b39dc3241537371bcdc651e0e476f743cbf7690c7b621081
u03-s006-cr002,constructed-response,difficulty,8,8,d21f85ea38166303ce58e06134b5cc4a5c900c409ab2a500ff7c9225109a09bb
u03-s006-cr002,constructed-response,type,20,20,e519496c259191db041ac61161dbfadb673dd94a10a123ed7423adcf7968ae7c
u03-s006-cr002,constructed-response,visualMode,9,9,9c7d54b0bf7a9369d8594201c7b11955514343809d09fbec33966c1fd9794015
u03-s006-cr002,constructed-response,prompt,50,116,ffd514b6640b7873800d48116a620756bae94e77f6b8367bab2f0595977fc369
u03-s006-cr002,constructed-response,requiredWork[0],11,15,2dde55e51dacb41a8092e48543551b63c393f3243aea7526f4210b542d86b524
u03-s006-cr002,constructed-response,requiredWork[1],9,27,b0420d9640b290510576dde7f03c06b1a3786dc83485c90cf319e6b69b2e80e0
u03-s006-cr002,constructed-response,requiredWork[2],9,27,9e12751ce682cd0c4d98f653db2217bf25fb79bf2b2a014feefba6690419d544
u03-s006-cr002,constructed-response,fullCreditSolution[0],10,12,c6898f088aa315f5ddcffa46b33f76174de7f6653dfbbbc5c7f60ffa0b4dbe6a
u03-s006-cr002,constructed-response,fullCreditSolution[1],8,10,c4739853ff39ba4a28f43f1cee982eedef3d1e4240edff384a4c915257f16fa0
u03-s006-cr002,constructed-response,fullCreditSolution[2],13,21,215bd103763260ce80a149b4c20a0620868db904edeb55c95214467f0ecd1423
u03-s006-cr002,constructed-response,alternativeSolutions[0],25,45,00ac7432dcd07949ab07feb2819f296b7a6014b09634be06cd5775b0833c5929
u03-s006-cr002,constructed-response,rubric[0].criteria,16,44,d731a22b916d617e73a7865feb8f79f2fa8e24820aa15908f8a202e0cf0c809d
u03-s006-cr002,constructed-response,rubric[1].criteria,11,33,74e3f1521b3ba8d9b25702c963931a6348e7f21d77caffd02f2d8d3e23b6f2a5
u03-s006-cr002,constructed-response,rubric[2].criteria,15,35,b42a178af696c9aac7e4364034a1fb342f8cd085589c63458daff36fae036a58
u03-s006-cr002,constructed-response,rubric[3].criteria,11,33,f378104dd346162f9e640a1b4d68541c8f983c7aaf4bdd1713104149dc567a3b
u03-s006-cr002,constructed-response,scoringNotes[0],14,42,cd605206f033bf9eb77fb66a20ada03efaf449b4f0635fc98dd861265ef39c50
u03-s006-cr002,constructed-response,scoringNotes[1],25,75,a2c565e5172ae5430bb229f94ce51035aa7b17f1f115f704476e4c19fc1098cf
u03-s006-cr002,constructed-response,commonErrors[0],10,24,fbc308593588990afef7891a9dff203b807578ae46f6d42bcb947349de6bc3da
u03-s006-cr002,constructed-response,commonErrors[1],14,38,b09e02e2e7dd7e51f88cb9504578b79109525b8757633bf16e58b6b991e57cff
u03-s006-cr002,constructed-response,independentReview.derivedResult,4,8,4bc518a8033a3cb7ff999d675b9404922587a65b332c62619a39f549043ce7e0
u03-s006-cr002,constructed-response,independentReview.ambiguity,26,78,4b9998d99f5ff6b4c48867707da30b5a75387690128c1a0e4fdc7f35be5f3c7a
u03-s006-cr002,constructed-response,independentReview.decision,4,4,d74ff0ee8da3b9806b18c877dbf29bbde50b5bd8e4dad7a3a725000feb82e8f1
u03-s006-cr002,constructed-response,contentSha256,64,64,905587ca515d29591c5bce1cd6ba75d16105c4818fa81ee2e111e432d23f0d45
u03-s006-cr002,constructed-response,contentAuthority,25,25,ed40f75ffe3d6ad4e71f6e7919d063410490de360edb425965eccd605ca9d79e
u03-s006-cr002,constructed-response,legacyContentDisposition,39,39,2efcc87c0c9673d2efe77735ae75582eb178c880b07035d8695f010e324b7c71
u03-s007-lecture-r1,lecture,lectureId,19,19,a7aa569758e01cac551c0565906c09b412917b012944017f2ce61f9c49f72d81
u03-s007-lecture-r1,lecture,unitId,3,3,97ce842ec69dee17c1842918e63b9d4042fa4b35007146dcfb80a09c5000888a
u03-s007-lecture-r1,lecture,topicId,27,27,5edc6d8adc97105fb624f3211c5e8b14178a37949edbbef037f75ad528a701a5
u03-s007-lecture-r1,lecture,skillId,30,30,cf7d4d0db87211340d62c21e85b6fcdfc6ab473ab6b27c86d0e37b6302db46c7
u03-s007-lecture-r1,lecture,title,18,54,741ced5ed86c7f5deedcaee758a768f732db1a2451b09dfbe8a8142aaa42ee22
u03-s007-lecture-r1,lecture,audience,10,30,e6b4416fbd9f36797de01256b31a4d6f6314e126fde8495e25792c814f64fc5f
u03-s007-lecture-r1,lecture,reviewStatus,22,22,ec809598e2f7fcc69fad54c9cd045bba62b4a0dc7c0ff90d4efdc3788c9ad8fb
u03-s007-lecture-r1,lecture,learningOutcomes[0],12,36,8e7327db8406de1345dbb3118c4acd376921a1371f3758838293f5aae33661f4
u03-s007-lecture-r1,lecture,learningOutcomes[1],15,45,2b482d3ef4eaea8c33661ebf26f168ba4d8a1a3b3aaedf92d599506959bbf03d
u03-s007-lecture-r1,lecture,learningOutcomes[2],17,51,f6112e7646839329265f0b6909534aef5d4ac20c7668dee415b8c4bc8d1a9618
u03-s007-lecture-r1,lecture,learningOutcomes[3],16,48,1832cb77514857af55776eaba6719230ffeed00fb47039ebc9c76ff248fc0a6a
u03-s007-lecture-r1,lecture,prerequisites[0].skillId,25,25,1dffb75902560f17b39dc3241537371bcdc651e0e476f743cbf7690c7b621081
u03-s007-lecture-r1,lecture,prerequisites[0].requiredLevel,26,78,9709657fc3ed986031b59b60d00995cc6786c230aa149217e65af9216ec68263
u03-s007-lecture-r1,lecture,glossary[0].term,2,6,242a50e6894fddb238e7edbd14f7acd891cb73299c5a14adea145c485aa80201
u03-s007-lecture-r1,lecture,glossary[0].definition,19,57,efb23fba677a521f78625ecb38e3e2575be3cb911106e304efb626404a59a438
u03-s007-lecture-r1,lecture,glossary[1].term,3,9,1571dafede566d1c40e27a1f39e414a3235f0f26cf4a4a5c2fb0016e15856175
u03-s007-lecture-r1,lecture,glossary[1].definition,15,45,ab6b505386a6c88b4ae2dd718e239ba4d0ed438b9cd26c6de29b233d77a7e346
u03-s007-lecture-r1,lecture,glossary[2].term,5,15,5c475214dce9331e018f12aace92e2acabaa0499426151c88b9fffd6ef502c42
u03-s007-lecture-r1,lecture,glossary[2].definition,15,45,5454612c45f01bbf22c481f5196b3c1d0905b9284f2aa45464a65ea073af540c
u03-s007-lecture-r1,lecture,glossary[3].term,2,6,8a9ee46506345dc1a2f31cefb6a4e5ba2560c6e045e7c4600c9b8b8207f1dc09
u03-s007-lecture-r1,lecture,glossary[3].definition,17,51,7257193272d7558bf3de16c71863c13a98e86a815406b1921fbf3e36b6e6ca06
u03-s007-lecture-r1,lecture,notation[0].symbol,3,3,ce934a1239cf5943ab69e64d33eeec30d5e7924d18c12804d44cf572bdaf7bf6
u03-s007-lecture-r1,lecture,notation[0].meaning,22,38,6a5cf7f1407d723bdeccd9bc408b8a56a29fcf9b66f3b4f6a6902fe86abc0ad6
u03-s007-lecture-r1,lecture,notation[1].symbol,3,3,40484fbb775bf44f3bc1ca13b7ce1a9166b06b23c15384f5a36a4012980dbdfe
u03-s007-lecture-r1,lecture,notation[1].meaning,23,39,91e28105d37d9dc1970231bbd088059db191873773d300e23570c0236c12e456
u03-s007-lecture-r1,lecture,conceptNarrative[0],30,90,89330a11a3fb8a6104cb89d8e00e3cfa458e4138bcbeab86092be5dac390953c
u03-s007-lecture-r1,lecture,conceptNarrative[1],19,57,6a9a0371deb6bbda98c21ee73412429dcf25f2d7ce51836e1363347e2ff0ce4c
u03-s007-lecture-r1,lecture,conceptNarrative[2],28,84,6a64bc40d374d0556ecc97b7e0b82ef16e17e6f2e911e8052532a41d740ada87
u03-s007-lecture-r1,lecture,conceptNarrative[3],29,87,819f7facb29378556d01676c5fd6659449832b76f19c57d7c7ab60c0923db084
u03-s007-lecture-r1,lecture,formalDefinitions[0].name,4,12,4e4cb041217340cf227a9c941565faec07adb04fdeac5901d26682917d5386f6
u03-s007-lecture-r1,lecture,formalDefinitions[0].statement,27,73,dd1f81199497cb10f0396dc972cbede088a4067882800ed52e1ade3ebbd8bbfc
u03-s007-lecture-r1,lecture,formalDefinitions[1].name,4,12,ca4eb7b12328bb9aa738a9f2df152b753a0cd4033314078b7d7419e39f1333ff
u03-s007-lecture-r1,lecture,formalDefinitions[1].statement,17,51,cb78797130e203a2c3ffbec3baac7b025cd7f092753b58b9726edde92b57c592
u03-s007-lecture-r1,lecture,formulas[0].formula,13,13,205d1e0bae475624ce46aa76386ee224cc564842680b19a87943f80ec8bb43b6
u03-s007-lecture-r1,lecture,formulas[0].conditions[0],13,37,15e90dca3c29d0fdbf43538fa718d4ac100698dc1fc61e10d6732d47c9114971
u03-s007-lecture-r1,lecture,formulas[0].meaning,14,42,1e5644900a6adda8ab7e447099b651aff66a01900f1899906e07c9c04b3ee1a2
u03-s007-lecture-r1,lecture,nonApplicableCases[0],19,57,7d5a6f5bd99adb6daca4e9772a2d5eadf602bf9b3d066ff39480f4e17aee31b2
u03-s007-lecture-r1,lecture,nonApplicableCases[1],17,51,deb1b768d274668fb493c8b0a1136e10b08eacf2d49da96c4996771341b87606
u03-s007-lecture-r1,lecture,nonApplicableCases[2],17,51,77cdb971bd8cdb9c8e392690175cd00695c2ed714f97fb95276c23e854e567f6
u03-s007-lecture-r1,lecture,nonApplicableCases[3],14,40,66540b765efd924bcd6c365251e65efdaa996eeffa476b45d28a74013bd8911e
u03-s007-lecture-r1,lecture,method[0].instruction,7,21,5e0365ca8e2855c3b519626a1e47b8d75c59861130468917d250f29eabfd27dc
u03-s007-lecture-r1,lecture,method[0].check,8,24,b3238261567c5165656f5e374c5bed27e00f9fc298310554520ef384c7c06195
u03-s007-lecture-r1,lecture,method[1].instruction,9,27,f530aa83ec09154802c03bb823c53f09730ccf1bedf44668b57d94e1663860e7
u03-s007-lecture-r1,lecture,method[1].check,8,24,b5c17a05fe5fb9cf14f7b7ff15acc96ab66d8714b80ce7d870770b299fcdbf3a
u03-s007-lecture-r1,lecture,method[2].instruction,10,30,932b1154c07a67f7526c08d4585c0e8c6b9783bd341e8c1f49f91e22ce5ca371
u03-s007-lecture-r1,lecture,method[2].check,7,21,4e309fae1e0a46537cc904caf706657f7650df1dbf0ba8c1ccd257e7f6ac91ba
u03-s007-lecture-r1,lecture,method[3].instruction,8,24,8b16d18a3a62007527dbd89e66bbf24555abce2266a80a41f2cc494eed60471a
u03-s007-lecture-r1,lecture,method[3].check,7,21,9f8e33a5ee7af7976bcab95656da9166d2f2865336ad08f82ad185e0677733f0
u03-s007-lecture-r1,lecture,method[4].instruction,8,24,5d7ce4d22c43c13b63564b36e001da365084617e8870f7835d378209f46ea916
u03-s007-lecture-r1,lecture,method[4].check,17,51,7c91abeb40ff0f06a6605ec53f09aa5c55dcce70f3a9be83cbe1a192ee60583e
u03-s007-lecture-r1,lecture,workedExamples[0].exampleId,2,2,dffe8596427fc50e8f64654a609af134d45552f18bbecef90b31135a9e7acaa0
u03-s007-lecture-r1,lecture,workedExamples[0].prompt,18,34,619514388ab8e1dfc60c7aeff843b58cc8e71291f25f766c08e5b27bb49e895a
u03-s007-lecture-r1,lecture,workedExamples[0].solutionSteps[0],11,18,7bff8c4c0dc63a989a2b65d3d5b9fd1beeefbb35d455e4a6213b8dd8d4dc7b83
u03-s007-lecture-r1,lecture,workedExamples[0].solutionSteps[1],5,11,ba19a3a7ba5978f60ca7403cee44e223aaeabaaaa6a30344efd82c5cd3b788df
u03-s007-lecture-r1,lecture,workedExamples[0].answer,2,6,b1734670076e941e59dfab6c17f60e8caad1190ac51e50d051ab17248f827cc4
u03-s007-lecture-r1,lecture,workedExamples[1].exampleId,2,2,d76354d8457898445bb69e0dc0dc95fb74cc3cf334f8c1859162a16ad0041f8d
u03-s007-lecture-r1,lecture,workedExamples[1].prompt,17,33,e8cb0bfa2de8b669b4968833aa4a32b09d7d019a6dbf8c414b580e918661641a
u03-s007-lecture-r1,lecture,workedExamples[1].solutionSteps[0],8,14,efb7af3231c1e2edd5f151a0309402e9636c94a35a2593bd17c44e09b13d5fa5
u03-s007-lecture-r1,lecture,workedExamples[1].solutionSteps[1],4,10,e80ae675a2522e83461037bfe20d3d64c77f5a33e3b200ff3f787cd592d0c59d
u03-s007-lecture-r1,lecture,workedExamples[1].answer,3,9,ff6ea90a4338e4ee979fc7afa57197b839aff587b317132f288d2217086a0de1
u03-s007-lecture-r1,lecture,workedExamples[2].exampleId,2,2,842983de8fb1d277a3fad5c8295c7a14317c458718a10c5a35b23e7f992a5c80
u03-s007-lecture-r1,lecture,workedExamples[2].prompt,19,31,a389ad998e39282718f2a97e1604f56f519aec3c3893d21e4d6a7194ebcd162e
u03-s007-lecture-r1,lecture,workedExamples[2].solutionSteps[0],8,15,b3b0071ffdfcfdfb9beec43ea8a1d3dc3a64e2fae09a677f33f86e291ca78262
u03-s007-lecture-r1,lecture,workedExamples[2].solutionSteps[1],4,10,c803a511f05d2c8c4a19f75f04b984855778ebadfe13c232b5cf68683aa24a4f
u03-s007-lecture-r1,lecture,workedExamples[2].answer,2,6,b1734670076e941e59dfab6c17f60e8caad1190ac51e50d051ab17248f827cc4
u03-s007-lecture-r1,lecture,workedExamples[3].exampleId,2,2,4a5a97c6433c4c062457e9335709d57493e75527809d8a9586c141e591ac9f2c
u03-s007-lecture-r1,lecture,workedExamples[3].prompt,16,42,3e7623f833cc578130affac88ca70da16b801502befb26b75d8aff0087c6f816
u03-s007-lecture-r1,lecture,workedExamples[3].solutionSteps[0],10,30,ba11177b4a33f5e1ae2b4bed58453b8dbb65721adc7e2aeb6a9942c61e5bd3b8
u03-s007-lecture-r1,lecture,workedExamples[3].solutionSteps[1],13,33,e486378edc6866c16ccdb361e7f1f254140e54001256f4fe64e8ef56d1eeabe7
u03-s007-lecture-r1,lecture,workedExamples[3].answer,11,33,0c14a17b85c9b60c04a93f9cab79886aa4a6e64178dfc1a7905b1f21a3ddad53
u03-s007-lecture-r1,lecture,commonMistakes[0].mistake,8,24,15a0d224b8e2a42fc703cd4e6c6c175aba8f7c2aeb168af1d38298f1d89724a2
u03-s007-lecture-r1,lecture,commonMistakes[0].why,15,45,f691a27cdae8011c048ec3953c0d6201a377b6ee1a8de202a8bde9445e429d1f
u03-s007-lecture-r1,lecture,commonMistakes[0].correction,7,21,394f4cee03512c626be4382511e49c7d82b16f6ff3b6cce93e1699aff5f90a29
u03-s007-lecture-r1,lecture,commonMistakes[1].mistake,8,24,3bf99b74138cabdf5814e5171f3fd24944f4f97cc889460f2c5e91ad2df9e9d5
u03-s007-lecture-r1,lecture,commonMistakes[1].why,6,18,6c88fb484f66679e6f4adb813af70d73a44857b1d36a10085fdab4702bdf9835
u03-s007-lecture-r1,lecture,commonMistakes[1].correction,12,24,44adebe825b9c31109c5e8a9d322ef7bd1347adf1221aa5c86039e8272e92fa4
u03-s007-lecture-r1,lecture,commonMistakes[2].mistake,9,27,a4cfd8acb885d51c1c8d1ddf0989f0e599a9ee23b1e7e3cdd5c86824f90c007d
u03-s007-lecture-r1,lecture,commonMistakes[2].why,9,27,6fae5ed57c6a3cfc86a3a5fc783b89f6394ea36d93eef6d69f9d126f1698f503
u03-s007-lecture-r1,lecture,commonMistakes[2].correction,7,21,62ee3e3c1a35c0bd78286363b4e881aa4c8bba712543f80db2f84b9620de65cb
u03-s007-lecture-r1,lecture,commonMistakes[3].mistake,12,34,b78a4772f9237d2c40a6ab45f9254f33cc2a4c394732c35ab92a84e338761160
u03-s007-lecture-r1,lecture,commonMistakes[3].why,10,30,3d9b1a562aacbf30bb3db4e3ca060c288353885dc6d04bb8af3fe95530f3f4aa
u03-s007-lecture-r1,lecture,commonMistakes[3].correction,7,21,4dab14393baf83b7470d4956bb1565038d98b71822a3a24a13aac8c58554d0d0
u03-s007-lecture-r1,lecture,commonMistakes[4].mistake,12,36,56d56e88093839abba5c729aa4ce81fc377164099a95867e8d168c16f721265c
u03-s007-lecture-r1,lecture,commonMistakes[4].why,5,15,7393fd6f580b1941ec5ea73bcc56701d63adc4a7269b325a29c8b265c232794e
u03-s007-lecture-r1,lecture,commonMistakes[4].correction,11,33,a29bda970f7bf664f1ec8715a0d3756a2bf3ebd0c173f7116f72c60369b65db3
u03-s007-lecture-r1,lecture,commonMistakes[5].mistake,10,30,4603e91c97450e75776dfd71b1a69930c0d8cd5886f0266d974f07e678ef69c5
u03-s007-lecture-r1,lecture,commonMistakes[5].why,13,39,65b215f4c167bc3a945d4407cdba6dabfebe834cbe61eadbf545e03e955daa8a
u03-s007-lecture-r1,lecture,commonMistakes[5].correction,8,24,fe19db1a11812f9a18d1f01612b945af67ebe6b029eb2b6b4d3ff66d9ab8a108
u03-s007-lecture-r1,lecture,selfCheck[0],9,27,214fda372d8c8c65ea6007fdcae9224b56db48fbcca8eeb7f201416eab74da39
u03-s007-lecture-r1,lecture,selfCheck[1],11,33,b2c99a43fee5b994066d243711d86fc208dab50d16b8ff8fa7d992d8f0f7b2ad
u03-s007-lecture-r1,lecture,selfCheck[2],9,27,f900f3b0b30af00247c851d94256725ef4ad3aac597ba883652daa116f52b2ed
u03-s007-lecture-r1,lecture,selfCheck[3],7,21,cc77fb7f5f56184666d845497de2804474c6932e290506a92f4fb0a6597dc4b7
u03-s007-lecture-r1,lecture,selfCheck[4],9,27,a10ea8fcb6d1c4935c216c4f724719898d5aa49ff8de429df7ab49b745e616ec
u03-s007-lecture-r1,lecture,summary[0],11,33,e422bb5753acb9b6b12a57f8a3ce65b2afde7328e80ca9f41cb4ad8b46a07052
u03-s007-lecture-r1,lecture,summary[1],13,39,8d6f37858bfd23dfcc37440a755613660f0339a747960c64d64d362a674f3ec3
u03-s007-lecture-r1,lecture,summary[2],9,27,e8523c631a9cbe166d5dc833740745897a6933387908ca325dd4a4ee79a7ee39
u03-s007-lecture-r1,lecture,summary[3],13,39,ea4809d830d38c8892a0082fb28086ec73907914227fe32be1cbdda5158e40ec
u03-s007-lecture-r1,lecture,connections.previous,19,57,07d65d1154d30096b5f6ac753e7c1f329cae2af3a96792fb7f6e4cd3e34e238c
u03-s007-lecture-r1,lecture,connections.next[0],19,57,c95bb3db1007bc9940a445f11dc6dabc0d838d7210f61629c8f340367d59da70
u03-s007-lecture-r1,lecture,connections.next[1],17,51,11af99a217c479ed1241ca9bd7b191bc8d3994891e08d1ca21607979656a2627
u03-s007-lecture-r1,lecture,practiceLinks.mcQuestionIds[0],13,13,93a859b760c64f3d218097aa32ee4c40efee383f157d68eec6458c55439f1b25
u03-s007-lecture-r1,lecture,practiceLinks.mcQuestionIds[1],13,13,299514c8a5f81d9e86828b383f33dc2851c0c42994122d548300ee04fe519787
u03-s007-lecture-r1,lecture,practiceLinks.mcQuestionIds[2],13,13,c2688cb1a459a88c81f9d32ca0aecf98f512dd32e498af4e4088ddd9d0e948f2
u03-s007-lecture-r1,lecture,practiceLinks.mcQuestionIds[3],13,13,92199749fcce4bcd94b3701378971a5c4ce1e92d30a988c31b2fe2defde07fb3
u03-s007-lecture-r1,lecture,practiceLinks.mcQuestionIds[4],13,13,84f2e537cdc0d4f125f4798b47681f5359b9afbab844c0e660819ae91db04a96
u03-s007-lecture-r1,lecture,practiceLinks.mcQuestionIds[5],13,13,17e5947ba500ef5b7f1d0b67b90f61edc9c8d6693fe7ccc87e8a38f55209ca7d
u03-s007-lecture-r1,lecture,practiceLinks.mcQuestionIds[6],13,13,ca5cc4d6babeaf38851c78b681958f7ba050035752bfe0de2391cbd2a3d07378
u03-s007-lecture-r1,lecture,practiceLinks.mcQuestionIds[7],13,13,b28df5de72ea0bfc04f1abd5c7527ef486ed8f4a71216a33d6db85cb9a7d928a
u03-s007-lecture-r1,lecture,practiceLinks.mcQuestionIds[8],13,13,dfcc0c2a18b217edf9d33646df92a2104133d8bd7e8a89115efe6bf7876547da
u03-s007-lecture-r1,lecture,practiceLinks.mcQuestionIds[9],13,13,a0e1df3f05de695d530fd740eee00457bba2cc7fd1ad42c18db0440aecb3bb5e
u03-s007-lecture-r1,lecture,practiceLinks.mcQuestionIds[10],13,13,4da4a81a62f431b7b0ab5a4edd52339f46f764598d3bef1e0a8ea98a0a72aa3c
u03-s007-lecture-r1,lecture,practiceLinks.mcQuestionIds[11],13,13,aa02e75203974d6438e14fb79e674f1adb8108d80e8617b51629f8cc3b346fb6
u03-s007-lecture-r1,lecture,practiceLinks.constructedResponseIds[0],14,14,362da6813a646d2c0a7c7a10084382d5f96286293337b2d749e0d8f855d7be94
u03-s007-lecture-r1,lecture,practiceLinks.constructedResponseIds[1],14,14,73ec7ade8aafd9ed7d95e46e7c6239fc5d08f93604fb52d7490bd6fe8c5ff7b3
u03-s007-lecture-r1,lecture,lectureReview.mathematicalCorrectness,4,4,d74ff0ee8da3b9806b18c877dbf29bbde50b5bd8e4dad7a3a725000feb82e8f1
u03-s007-lecture-r1,lecture,lectureReview.zeroFoundationReadability,4,4,d74ff0ee8da3b9806b18c877dbf29bbde50b5bd8e4dad7a3a725000feb82e8f1
u03-s007-lecture-r1,lecture,lectureReview.scopeCheck,21,21,fdf8268f0373301b2fcc6331f1d8999b8aabea69681e8bc972ab9a21216a7606
u03-s007-lecture-r1,lecture,lectureReview.reviewNote,63,163,de0573b8e7695501b1bb96cd52568bcea23011b19153410914e5f147907b5b3c
u03-s007-lecture-r1,lecture,lectureReview.reviewVersion,25,25,413c3743bf06637b23333702bf9263e0db21fd6b3c3879070d877faca58db442
u03-s007-lecture-r1,lecture,lectureReview.reviewedAt,10,10,14158d45727526145ef514139eeb669eb54d613dbcffe524f099dbb71c9d8b08
u03-s007-lecture-r1,lecture,contentSha256,64,64,4c8893d81b4b27be9ecec183ed8767b81f27ca5212dc0304f3805b9e5483eff4
u03-s007-lecture-r1,lecture,contentAuthority,25,25,ed40f75ffe3d6ad4e71f6e7919d063410490de360edb425965eccd605ca9d79e
u03-s007-lecture-r1,lecture,legacyContentDisposition,40,40,bb8421a43fb9d90c642b60311f091a34addbe10678daf757010d688c8c2a21b3
u03-s007-v001,question,questionId,13,13,93a859b760c64f3d218097aa32ee4c40efee383f157d68eec6458c55439f1b25
u03-s007-v001,question,unitId,3,3,97ce842ec69dee17c1842918e63b9d4042fa4b35007146dcfb80a09c5000888a
u03-s007-v001,question,topicId,27,27,5edc6d8adc97105fb624f3211c5e8b14178a37949edbbef037f75ad528a701a5
u03-s007-v001,question,skillId,30,30,cf7d4d0db87211340d62c21e85b6fcdfc6ab473ab6b27c86d0e37b6302db46c7
u03-s007-v001,question,difficulty,5,5,fbb7b5bf4ca348eeeebf8cc3660712859a5a1fbf18e83217a57ce203fb51d5c2
u03-s007-v001,question,type,2,2,6bc0f9c4ecb0acbebf1b9f6c816bdd66f4885f67c917d9e141cf893014fba936
u03-s007-v001,question,visualMode,9,9,9c7d54b0bf7a9369d8594201c7b11955514343809d09fbec33966c1fd9794015
u03-s007-v001,question,sourceScope,19,19,a4b669ddb8ef1883391c07a7b633f12eeaeecee7ec37c09eea4931aff6644346
u03-s007-v001,question,text,24,52,77379db7aef064b157aa3fa6d059968c5a27d9f5e0cacb972a11f30f1e3019c4
u03-s007-v001,question,choices[0],7,19,528d663bcf57fd4caa85f0d90001570685c250b31b77e24b03c8fa1549378cca
u03-s007-v001,question,choices[1],7,19,edee974338b14781faaf0e4deddb373a9385db20ed821d539f53cbf71171d332
u03-s007-v001,question,choices[2],9,23,36cb6b477ab25a78d49ccd365bee947efcb5a1986ffe65ca7b5e3e7466eb473b
u03-s007-v001,question,choices[3],9,21,363e1602c2d24e7c0f741f359026836db3074c5edd72f1eecf0004f066928874
u03-s007-v001,question,explanation,35,99,a60c3383952e5fc34e7218ac072f7a129776fe5a7ed775471fdba2e0add89b20
u03-s007-v001,question,steps[0],6,16,5c316ffcb29d151926af294243d5e484cab69229a38e2556a66161a5cd7ca07c
u03-s007-v001,question,steps[1],3,7,c08dcf46340be77431c7fce1941a40f5c317cc0c9579c45a6dc49a0a53a264fe
u03-s007-v001,question,steps[2],8,24,b3c1c0064508df93bc9b04b62849e16a777f409274cc7993636b020813f30306
u03-s007-v001,question,optionAnalysis[0].choice,7,19,528d663bcf57fd4caa85f0d90001570685c250b31b77e24b03c8fa1549378cca
u03-s007-v001,question,optionAnalysis[0].reason,39,94,b9930c21b652f1329d2ee175c045579d2d4c574dc22ad1923bd2f0f4e715c621
u03-s007-v001,question,optionAnalysis[1].choice,7,19,edee974338b14781faaf0e4deddb373a9385db20ed821d539f53cbf71171d332
u03-s007-v001,question,optionAnalysis[1].reason,6,16,c3f64dfecd9ba0e7363286a926d4d8edfde1ed7cb5e48702e002fa4b52884aa2
u03-s007-v001,question,optionAnalysis[2].choice,9,23,36cb6b477ab25a78d49ccd365bee947efcb5a1986ffe65ca7b5e3e7466eb473b
u03-s007-v001,question,optionAnalysis[2].reason,12,36,c4ca1d1202cd51609808ce55e827b163da99caf0a01fe7226e422e97843fd73b
u03-s007-v001,question,optionAnalysis[3].choice,9,21,363e1602c2d24e7c0f741f359026836db3074c5edd72f1eecf0004f066928874
u03-s007-v001,question,optionAnalysis[3].reason,8,18,429e69f405110c6227542692c5778f9faf7f2d1097d2c9f891bb2ae2cc93735c
u03-s007-v001,question,commonMistake,10,30,4119aa4ee5b37b3ec1970cf666ffbdcc8e4f444d85f28cf56cd9c74d0b8d62f6
u03-s007-v001,question,concept,14,42,d067405d773472cfac553c066c4637a2007a0a23fc27144503feac0146b40612
u03-s007-v001,question,tags[0],2,6,32f6541b44ed479dbf6cc8c7dd98824e49e03974d72ad8b65c33383a9cbb349f
u03-s007-v001,question,tags[1],7,21,4ac5192b7a342db22b47eb5c62deed50e22fa0761c3ed646ad775eb9326e1b61
u03-s007-v001,question,tags[2],5,5,fbb7b5bf4ca348eeeebf8cc3660712859a5a1fbf18e83217a57ce203fb51d5c2
u03-s007-v001,question,estimatedTimeSec,2,2,f369cb89fc627e668987007d121ed1eacdc01db9e28f8bb26f358b7d8c4f08ac
u03-s007-v001,question,prerequisiteSkillIds[0],25,25,1dffb75902560f17b39dc3241537371bcdc651e0e476f743cbf7690c7b621081
u03-s007-v001,question,authoringIntent,10,30,d2fc1c4e683e7de83b771d0766d996a6c24062ca33ba9f19d883ef6b53286df4
u03-s007-v001,question,reviewStatus,22,22,ec809598e2f7fcc69fad54c9cd045bba62b4a0dc7c0ff90d4efdc3788c9ad8fb
u03-s007-v001,question,contentSha256,64,64,3977089f08249a2d3f517996723ba59df7d6f00c383645fedd753776e6baf1a3
u03-s007-v001,question,contentAuthority,25,25,ed40f75ffe3d6ad4e71f6e7919d063410490de360edb425965eccd605ca9d79e
u03-s007-v001,question,legacyContentDisposition,39,39,2efcc87c0c9673d2efe77735ae75582eb178c880b07035d8695f010e324b7c71
u03-s007-v002,question,questionId,13,13,299514c8a5f81d9e86828b383f33dc2851c0c42994122d548300ee04fe519787
u03-s007-v002,question,unitId,3,3,97ce842ec69dee17c1842918e63b9d4042fa4b35007146dcfb80a09c5000888a
u03-s007-v002,question,topicId,27,27,5edc6d8adc97105fb624f3211c5e8b14178a37949edbbef037f75ad528a701a5
u03-s007-v002,question,skillId,30,30,cf7d4d0db87211340d62c21e85b6fcdfc6ab473ab6b27c86d0e37b6302db46c7
u03-s007-v002,question,difficulty,5,5,fbb7b5bf4ca348eeeebf8cc3660712859a5a1fbf18e83217a57ce203fb51d5c2
u03-s007-v002,question,type,2,2,6bc0f9c4ecb0acbebf1b9f6c816bdd66f4885f67c917d9e141cf893014fba936
u03-s007-v002,question,visualMode,9,9,9c7d54b0bf7a9369d8594201c7b11955514343809d09fbec33966c1fd9794015
u03-s007-v002,question,sourceScope,19,19,a4b669ddb8ef1883391c07a7b633f12eeaeecee7ec37c09eea4931aff6644346
u03-s007-v002,question,text,21,45,37b31af19668b86359dbb937bda284ef5acb489b9ec5c43d116dd8970a8cead6
u03-s007-v002,question,choices[0],7,15,d723675be949d0e56ebc7204c6bf7da8fc93bce7a0df7cc14adbe966524002b8
u03-s007-v002,question,choices[1],10,20,0411e5e81704f0cccd361c7eca316ad731b0d63f5574bf858447584fcc93fe77
u03-s007-v002,question,choices[2],8,22,77069f711e03c5cb4eaaad2f3db044e9eee5774373884ffe9cd163b6e84128c7
u03-s007-v002,question,choices[3],12,26,9555478e2c01b18417787e15ede70331d3258e21cbeec56764c1365a8a059b59
u03-s007-v002,question,explanation,41,105,b349f98aec64cbae50f3d691830c89ebbe0c71b557f58f5a1a337765103a0ccd
u03-s007-v002,question,steps[0],8,20,16b2be2d9d07fb018082ec192b174ec3f2ba035e202502892a8f423c215d85b1
u03-s007-v002,question,steps[1],7,19,0feb624466e3e8a610e542b1275c7609e887f6473893bcb9943cb50ef15fefc2
u03-s007-v002,question,steps[2],5,13,036ab9745a05b2b3c3b5338fb4ef3d93f92d75c8783eee960079a4e4dd2bb7b7
u03-s007-v002,question,optionAnalysis[0].choice,7,15,d723675be949d0e56ebc7204c6bf7da8fc93bce7a0df7cc14adbe966524002b8
u03-s007-v002,question,optionAnalysis[0].reason,10,30,aa86dae865a11d76dc555d6322638f563bb4610f38359ddb01bce4f10bda1fc0
u03-s007-v002,question,optionAnalysis[1].choice,10,20,0411e5e81704f0cccd361c7eca316ad731b0d63f5574bf858447584fcc93fe77
u03-s007-v002,question,optionAnalysis[1].reason,37,85,0eb946dd9169f1341f29852052a7d12076236981987ece52cfa8f0c0f3869021
u03-s007-v002,question,optionAnalysis[2].choice,8,22,77069f711e03c5cb4eaaad2f3db044e9eee5774373884ffe9cd163b6e84128c7
u03-s007-v002,question,optionAnalysis[2].reason,7,21,169c141d4ffefad8964130878f817f6b8edfde5246208719204acb0396df0d3a
u03-s007-v002,question,optionAnalysis[3].choice,12,26,9555478e2c01b18417787e15ede70331d3258e21cbeec56764c1365a8a059b59
u03-s007-v002,question,optionAnalysis[3].reason,12,32,5f2ab8badc91ce69c7ef4e51b5b1aec2b860878b0a7deffa17a43d0a4ad65f41
u03-s007-v002,question,commonMistake,12,24,ba945a6e5270f5d0e054ec97eddc72f61d07f7634265e3aea1e18571e2ae9251
u03-s007-v002,question,concept,13,39,f21012d96387c41338929cdf757de6c0a3c9c917f5185fb099e552a10a5b1ef3
u03-s007-v002,question,tags[0],2,6,32f6541b44ed479dbf6cc8c7dd98824e49e03974d72ad8b65c33383a9cbb349f
u03-s007-v002,question,tags[1],7,21,4ac5192b7a342db22b47eb5c62deed50e22fa0761c3ed646ad775eb9326e1b61
u03-s007-v002,question,tags[2],5,5,fbb7b5bf4ca348eeeebf8cc3660712859a5a1fbf18e83217a57ce203fb51d5c2
u03-s007-v002,question,estimatedTimeSec,2,2,f369cb89fc627e668987007d121ed1eacdc01db9e28f8bb26f358b7d8c4f08ac
u03-s007-v002,question,prerequisiteSkillIds[0],25,25,1dffb75902560f17b39dc3241537371bcdc651e0e476f743cbf7690c7b621081
u03-s007-v002,question,authoringIntent,8,24,7735bef8421bd6527a017f3fd5f9751930f6ffe6cd9764054d06720a991bedaa
u03-s007-v002,question,reviewStatus,22,22,ec809598e2f7fcc69fad54c9cd045bba62b4a0dc7c0ff90d4efdc3788c9ad8fb
u03-s007-v002,question,contentSha256,64,64,c5d5dbc81befc089f9cf43363adc2782a4784501f5729a4d7b2a342bfa04051b
u03-s007-v002,question,contentAuthority,25,25,ed40f75ffe3d6ad4e71f6e7919d063410490de360edb425965eccd605ca9d79e
u03-s007-v002,question,legacyContentDisposition,39,39,2efcc87c0c9673d2efe77735ae75582eb178c880b07035d8695f010e324b7c71
u03-s007-v003,question,questionId,13,13,c2688cb1a459a88c81f9d32ca0aecf98f512dd32e498af4e4088ddd9d0e948f2
u03-s007-v003,question,unitId,3,3,97ce842ec69dee17c1842918e63b9d4042fa4b35007146dcfb80a09c5000888a
u03-s007-v003,question,topicId,27,27,5edc6d8adc97105fb624f3211c5e8b14178a37949edbbef037f75ad528a701a5
u03-s007-v003,question,skillId,30,30,cf7d4d0db87211340d62c21e85b6fcdfc6ab473ab6b27c86d0e37b6302db46c7
u03-s007-v003,question,difficulty,5,5,fbb7b5bf4ca348eeeebf8cc3660712859a5a1fbf18e83217a57ce203fb51d5c2
u03-s007-v003,question,type,2,2,6bc0f9c4ecb0acbebf1b9f6c816bdd66f4885f67c917d9e141cf893014fba936
u03-s007-v003,question,visualMode,9,9,9c7d54b0bf7a9369d8594201c7b11955514343809d09fbec33966c1fd9794015
u03-s007-v003,question,sourceScope,19,19,a4b669ddb8ef1883391c07a7b633f12eeaeecee7ec37c09eea4931aff6644346
u03-s007-v003,question,text,18,40,c73726b1b39549329f217e88d150a8291177e4e0774e7ef782f4898387026d58
u03-s007-v003,question,choices[0],1,1,d4735e3a265e16eee03f59718b9b5d03019c07d8b6c51f90da3a666eec13ab35
u03-s007-v003,question,choices[1],1,1,4e07408562bedb8b60ce05c1decfe3ad16b72230967de01f640b7e4729b49fce
u03-s007-v003,question,choices[2],1,1,4b227777d4dd1fc61c6f884f48641d02b4d121d3fd328cb08b5531fcacdabf8a
u03-s007-v003,question,choices[3],1,1,e7f6c011776e8db7cd330b54174fd76f7d0216b612387a5ffcfb81e6f0919683
u03-s007-v003,question,explanation,30,72,26907c547517bd76452d9eb549498da38dfc25c4603897b6ac296c0da33058e2
u03-s007-v003,question,steps[0],10,18,67ee08bd5cff6ec53e8882ed0999e65d4ce38f84ed9251c2d710bffa5788c9d4
u03-s007-v003,question,steps[1],4,8,856da17c436adc653e52376161ec47275fc90b2f47327194def6779a826c6ab1
u03-s007-v003,question,steps[2],4,12,718c86d077d47e8ab7735b8e3c666c6ee5f38c7c42c77687f97dadecce6ba2c8
u03-s007-v003,question,optionAnalysis[0].choice,1,1,d4735e3a265e16eee03f59718b9b5d03019c07d8b6c51f90da3a666eec13ab35
u03-s007-v003,question,optionAnalysis[0].reason,5,13,2b2e083c05a7ede400eb8063214d507dab87f5edea0cb02a74f5537023bc9873
u03-s007-v003,question,optionAnalysis[1].choice,1,1,4e07408562bedb8b60ce05c1decfe3ad16b72230967de01f640b7e4729b49fce
u03-s007-v003,question,optionAnalysis[1].reason,5,13,8fb01632801d55e2db917c1521e39855e1661f7fb39c025ae7f5058473d1793e
u03-s007-v003,question,optionAnalysis[2].choice,1,1,4b227777d4dd1fc61c6f884f48641d02b4d121d3fd328cb08b5531fcacdabf8a
u03-s007-v003,question,optionAnalysis[2].reason,37,79,5fdee47302452ce50d6d34891dc4e16b771fbeab7b779e4a6fd9ef3d5fc403c9
u03-s007-v003,question,optionAnalysis[3].choice,1,1,e7f6c011776e8db7cd330b54174fd76f7d0216b612387a5ffcfb81e6f0919683
u03-s007-v003,question,optionAnalysis[3].reason,6,14,e14fa639e0996eca9b60fd409da813b81ad5a90e403a551b07ee0eaba26766a5
u03-s007-v003,question,commonMistake,13,35,b419102eaa15d68ed041ba818e9963d612dc4671ce67d9186eb0675366da2902
u03-s007-v003,question,concept,10,30,e5ea260ac032263f7623e41b91a7ff38e623a05babe5f467d4d1e63df3243b78
u03-s007-v003,question,tags[0],2,6,32f6541b44ed479dbf6cc8c7dd98824e49e03974d72ad8b65c33383a9cbb349f
u03-s007-v003,question,tags[1],7,21,4ac5192b7a342db22b47eb5c62deed50e22fa0761c3ed646ad775eb9326e1b61
u03-s007-v003,question,tags[2],5,5,fbb7b5bf4ca348eeeebf8cc3660712859a5a1fbf18e83217a57ce203fb51d5c2
u03-s007-v003,question,estimatedTimeSec,2,2,f369cb89fc627e668987007d121ed1eacdc01db9e28f8bb26f358b7d8c4f08ac
u03-s007-v003,question,prerequisiteSkillIds[0],25,25,1dffb75902560f17b39dc3241537371bcdc651e0e476f743cbf7690c7b621081
u03-s007-v003,question,authoringIntent,10,30,8cf211dfb5dad5dd89ff4f2187d80dee8f81bad0f01e67d7f59412171f4af841
u03-s007-v003,question,reviewStatus,22,22,ec809598e2f7fcc69fad54c9cd045bba62b4a0dc7c0ff90d4efdc3788c9ad8fb
u03-s007-v003,question,contentSha256,64,64,53907b0d5471224f00f2b1c69d1bcc24fe7784ebfcb531f9c68af4aa3965ca97
u03-s007-v003,question,contentAuthority,25,25,ed40f75ffe3d6ad4e71f6e7919d063410490de360edb425965eccd605ca9d79e
u03-s007-v003,question,legacyContentDisposition,39,39,2efcc87c0c9673d2efe77735ae75582eb178c880b07035d8695f010e324b7c71
u03-s007-v004,question,questionId,13,13,92199749fcce4bcd94b3701378971a5c4ce1e92d30a988c31b2fe2defde07fb3
u03-s007-v004,question,unitId,3,3,97ce842ec69dee17c1842918e63b9d4042fa4b35007146dcfb80a09c5000888a
u03-s007-v004,question,topicId,27,27,5edc6d8adc97105fb624f3211c5e8b14178a37949edbbef037f75ad528a701a5
u03-s007-v004,question,skillId,30,30,cf7d4d0db87211340d62c21e85b6fcdfc6ab473ab6b27c86d0e37b6302db46c7
u03-s007-v004,question,difficulty,8,8,fe6d3468cf5c74d8ec2a95b40f2e05338c37a4202f8fad692d2b64a9cf9b468a
u03-s007-v004,question,type,2,2,6bc0f9c4ecb0acbebf1b9f6c816bdd66f4885f67c917d9e141cf893014fba936
u03-s007-v004,question,visualMode,9,9,9c7d54b0bf7a9369d8594201c7b11955514343809d09fbec33966c1fd9794015
u03-s007-v004,question,sourceScope,19,19,a4b669ddb8ef1883391c07a7b633f12eeaeecee7ec37c09eea4931aff6644346
u03-s007-v004,question,text,34,78,e12c5d7a4b55947b6a148c077f75e4a46d1861bff23bccbeed84dec9d117e901
u03-s007-v004,question,choices[0],6,16,118f286b19a6cc97ca11a42c8f7cafd3d04e6724d0c7422f05a0aa334d8ef539
u03-s007-v004,question,choices[1],7,19,bb13a5914ddfbb74a0c7b2a431ac9581b39d47ad221490a2999b9a13b8825987
u03-s007-v004,question,choices[2],9,21,a5612dbc5f6870c341a039b1b1cde13ee80bfb2e743f9bfd001aa98ada642f99
u03-s007-v004,question,choices[3],7,19,16d025306af2c318095fa29f0d0b3017b45051f36becb2a2fb9649d6d46e771c
u03-s007-v004,question,explanation,33,89,4e3f314f7299679aea7189abde0e582aa20761a62c17c47f1ffbbf6c8335e021
u03-s007-v004,question,steps[0],6,16,98c54c7c5c12679271b6d0f4905cbb3eee61a51a3cefe03f4dec9d20a66a8151
u03-s007-v004,question,steps[1],4,10,94ae2111c8aed5159277910383da853ce9015776f95be7f598b8f14cb7d6f745
u03-s007-v004,question,steps[2],5,11,e392adda0db4fcb930f489acf30f063ffd3f129b8a3a1f6f86ce6aad838852b2
u03-s007-v004,question,optionAnalysis[0].choice,6,16,118f286b19a6cc97ca11a42c8f7cafd3d04e6724d0c7422f05a0aa334d8ef539
u03-s007-v004,question,optionAnalysis[0].reason,9,17,a609119fe14674b97b03f097efefc83de02c091aee4da8727c5f50d8c5960734
u03-s007-v004,question,optionAnalysis[1].choice,7,19,bb13a5914ddfbb74a0c7b2a431ac9581b39d47ad221490a2999b9a13b8825987
u03-s007-v004,question,optionAnalysis[1].reason,8,22,d729b5647dc99345528431d4285a048820c1272709a38faeeb1eaacadece873f
u03-s007-v004,question,optionAnalysis[2].choice,9,21,a5612dbc5f6870c341a039b1b1cde13ee80bfb2e743f9bfd001aa98ada642f99
u03-s007-v004,question,optionAnalysis[2].reason,15,45,36fc72c4fadeee23e28e7975cfae4bac083973773a266eb143fee330e022efc6
u03-s007-v004,question,optionAnalysis[3].choice,7,19,16d025306af2c318095fa29f0d0b3017b45051f36becb2a2fb9649d6d46e771c
u03-s007-v004,question,optionAnalysis[3].reason,39,95,bc112dad6afc2f90017771f57b07c5bb63b702c606d0d935b313d055da4d58d9
u03-s007-v004,question,commonMistake,9,27,f4bd343c8e5440feb6eca0d8c57c31f69f7811720aa5c7b8c364621383dac9ff
u03-s007-v004,question,concept,15,45,de91f8b93ef1136f7f10278d6a676f364e54791f7348c445bf184b490c84ce6c
u03-s007-v004,question,tags[0],2,6,32f6541b44ed479dbf6cc8c7dd98824e49e03974d72ad8b65c33383a9cbb349f
u03-s007-v004,question,tags[1],7,21,4ac5192b7a342db22b47eb5c62deed50e22fa0761c3ed646ad775eb9326e1b61
u03-s007-v004,question,tags[2],8,8,fe6d3468cf5c74d8ec2a95b40f2e05338c37a4202f8fad692d2b64a9cf9b468a
u03-s007-v004,question,estimatedTimeSec,2,2,f369cb89fc627e668987007d121ed1eacdc01db9e28f8bb26f358b7d8c4f08ac
u03-s007-v004,question,prerequisiteSkillIds[0],25,25,1dffb75902560f17b39dc3241537371bcdc651e0e476f743cbf7690c7b621081
u03-s007-v004,question,authoringIntent,7,21,8d60cb38699d98dc60ca9910fd17865fc386c388b1e9169bf51ab5bf72a0cb0e
u03-s007-v004,question,reviewStatus,22,22,ec809598e2f7fcc69fad54c9cd045bba62b4a0dc7c0ff90d4efdc3788c9ad8fb
u03-s007-v004,question,contentSha256,64,64,fa9179522b845eb0dc14df26b23bf3fcd615141ada2af86bf87e5b3d26e0fab3
u03-s007-v004,question,contentAuthority,25,25,ed40f75ffe3d6ad4e71f6e7919d063410490de360edb425965eccd605ca9d79e
u03-s007-v004,question,legacyContentDisposition,39,39,2efcc87c0c9673d2efe77735ae75582eb178c880b07035d8695f010e324b7c71
u03-s007-v005,question,questionId,13,13,84f2e537cdc0d4f125f4798b47681f5359b9afbab844c0e660819ae91db04a96
u03-s007-v005,question,unitId,3,3,97ce842ec69dee17c1842918e63b9d4042fa4b35007146dcfb80a09c5000888a
u03-s007-v005,question,topicId,27,27,5edc6d8adc97105fb624f3211c5e8b14178a37949edbbef037f75ad528a701a5
u03-s007-v005,question,skillId,30,30,cf7d4d0db87211340d62c21e85b6fcdfc6ab473ab6b27c86d0e37b6302db46c7
u03-s007-v005,question,difficulty,8,8,fe6d3468cf5c74d8ec2a95b40f2e05338c37a4202f8fad692d2b64a9cf9b468a
u03-s007-v005,question,type,2,2,6bc0f9c4ecb0acbebf1b9f6c816bdd66f4885f67c917d9e141cf893014fba936
u03-s007-v005,question,visualMode,9,9,9c7d54b0bf7a9369d8594201c7b11955514343809d09fbec33966c1fd9794015
u03-s007-v005,question,sourceScope,19,19,a4b669ddb8ef1883391c07a7b633f12eeaeecee7ec37c09eea4931aff6644346
u03-s007-v005,question,text,22,46,f907476a42c995c3267d7e43ee1557645ed3c4e6c0f6d88cc80df1435ad34036
u03-s007-v005,question,choices[0],7,17,bd33de67cc7220240949fb35b0016e0cd728f54bc9b3f4a5f1ceee33a81af23b
u03-s007-v005,question,choices[1],1,3,b5141d3d19e9a04855acdb2dd5218b0924254b73d3cb663557ed0f9f73403750
u03-s007-v005,question,choices[2],7,19,c6f99f878a06ae6fa22afe71f68d50c4b2bfbb1214d2669595a5aa8c90b695d0
u03-s007-v005,question,choices[3],4,12,6fff21edaf0e2852381fa750979778926000758227b88b52ae2da80617a90054
u03-s007-v005,question,explanation,26,72,085fb07151a7fdd160ca5739fe92d1c58cf809329db2383704dc698e1f4e5364
u03-s007-v005,question,steps[0],4,8,123cd923603a9bfba1e0793952b1390d3688e62f61a450e451c506921456b7de
u03-s007-v005,question,steps[1],5,13,d907139cb35c2c9b411ffbc1e64bb1d40318025ed2b4ac29d2b798470c94d54e
u03-s007-v005,question,steps[2],5,15,6cd8abef46ec85e2ab5930632251b0bd27a8b611710e03a993b6456f2a4862e7
u03-s007-v005,question,optionAnalysis[0].choice,7,17,bd33de67cc7220240949fb35b0016e0cd728f54bc9b3f4a5f1ceee33a81af23b
u03-s007-v005,question,optionAnalysis[0].reason,10,18,f5092af293090c1bd55f7bea36cbe72e5a8a287cbe59cf063f886106a00a3a4b
u03-s007-v005,question,optionAnalysis[1].choice,1,3,b5141d3d19e9a04855acdb2dd5218b0924254b73d3cb663557ed0f9f73403750
u03-s007-v005,question,optionAnalysis[1].reason,36,78,139b96d392fcdedf552957ff3e780f67d0ce780b625d73e9f0e6d85f52ea677d
u03-s007-v005,question,optionAnalysis[2].choice,7,19,c6f99f878a06ae6fa22afe71f68d50c4b2bfbb1214d2669595a5aa8c90b695d0
u03-s007-v005,question,optionAnalysis[2].reason,10,18,83694f02acd4c4c58afc1d0ccc867c263ecc0edc247009f25f75ad2014adffc6
u03-s007-v005,question,optionAnalysis[3].choice,4,12,6fff21edaf0e2852381fa750979778926000758227b88b52ae2da80617a90054
u03-s007-v005,question,optionAnalysis[3].reason,9,27,e6e62a3e0bc6c4e0d2f283ff25a1134975988d223b50d771db855df3180e23d4
u03-s007-v005,question,commonMistake,11,33,ddddbf4d966f97d90a8e051adda914a52bce7e8f5bee3b73e1efce2e27aee54a
u03-s007-v005,question,concept,9,27,23af289972b74c48260bfdb96d62926fd616d4afacb480dd449c59f0d2db4c7e
u03-s007-v005,question,tags[0],2,6,32f6541b44ed479dbf6cc8c7dd98824e49e03974d72ad8b65c33383a9cbb349f
u03-s007-v005,question,tags[1],7,21,4ac5192b7a342db22b47eb5c62deed50e22fa0761c3ed646ad775eb9326e1b61
u03-s007-v005,question,tags[2],8,8,fe6d3468cf5c74d8ec2a95b40f2e05338c37a4202f8fad692d2b64a9cf9b468a
u03-s007-v005,question,estimatedTimeSec,2,2,f369cb89fc627e668987007d121ed1eacdc01db9e28f8bb26f358b7d8c4f08ac
u03-s007-v005,question,prerequisiteSkillIds[0],25,25,1dffb75902560f17b39dc3241537371bcdc651e0e476f743cbf7690c7b621081
u03-s007-v005,question,authoringIntent,13,39,fddcbb1fe3b9b05b7317c1abf6c3842fd30f8275f37b2b17ed31bb531c665ebc
u03-s007-v005,question,reviewStatus,22,22,ec809598e2f7fcc69fad54c9cd045bba62b4a0dc7c0ff90d4efdc3788c9ad8fb
u03-s007-v005,question,contentSha256,64,64,bff3036097ddc4a1df733aa6ab9524617ac14471d8d395e7efb21b689db84c21
u03-s007-v005,question,contentAuthority,25,25,ed40f75ffe3d6ad4e71f6e7919d063410490de360edb425965eccd605ca9d79e
u03-s007-v005,question,legacyContentDisposition,39,39,2efcc87c0c9673d2efe77735ae75582eb178c880b07035d8695f010e324b7c71
u03-s007-v006,question,questionId,13,13,17e5947ba500ef5b7f1d0b67b90f61edc9c8d6693fe7ccc87e8a38f55209ca7d
u03-s007-v006,question,unitId,3,3,97ce842ec69dee17c1842918e63b9d4042fa4b35007146dcfb80a09c5000888a
u03-s007-v006,question,topicId,27,27,5edc6d8adc97105fb624f3211c5e8b14178a37949edbbef037f75ad528a701a5
u03-s007-v006,question,skillId,30,30,cf7d4d0db87211340d62c21e85b6fcdfc6ab473ab6b27c86d0e37b6302db46c7
u03-s007-v006,question,difficulty,8,8,fe6d3468cf5c74d8ec2a95b40f2e05338c37a4202f8fad692d2b64a9cf9b468a
u03-s007-v006,question,type,2,2,6bc0f9c4ecb0acbebf1b9f6c816bdd66f4885f67c917d9e141cf893014fba936
u03-s007-v006,question,visualMode,9,9,9c7d54b0bf7a9369d8594201c7b11955514343809d09fbec33966c1fd9794015
u03-s007-v006,question,sourceScope,19,19,a4b669ddb8ef1883391c07a7b633f12eeaeecee7ec37c09eea4931aff6644346
u03-s007-v006,question,text,20,46,0fd43925cdebc0351187909f6161f432f610916629090fbfb38dd4d677ff99ac
u03-s007-v006,question,choices[0],1,1,4e07408562bedb8b60ce05c1decfe3ad16b72230967de01f640b7e4729b49fce
u03-s007-v006,question,choices[1],1,1,e7f6c011776e8db7cd330b54174fd76f7d0216b612387a5ffcfb81e6f0919683
u03-s007-v006,question,choices[2],1,1,19581e27de7ced00ff1ce50b2047e7a567c76b1cbaebabe5ef03f7c3017bb5b7
u03-s007-v006,question,choices[3],2,2,e629fa6598d732768f7c726b4b621285f9c3b85303900aa912017db7617d8bdb
u03-s007-v006,question,explanation,27,65,edba7083bf62dc9a2ea38328ba35ef09b37e342751f4877430db974f286d85e5
u03-s007-v006,question,steps[0],7,11,954beccda9ca79546c57562675c12799a7a29d2798ae538b10b8eaad15eb048e
u03-s007-v006,question,steps[1],4,8,2d1b4ac90cfbccc3b67c40306399e90439bfa56d96dffa03fc8a91fef194690c
u03-s007-v006,question,steps[2],4,12,718c86d077d47e8ab7735b8e3c666c6ee5f38c7c42c77687f97dadecce6ba2c8
u03-s007-v006,question,optionAnalysis[0].choice,1,1,4e07408562bedb8b60ce05c1decfe3ad16b72230967de01f640b7e4729b49fce
u03-s007-v006,question,optionAnalysis[0].reason,5,13,28855d7ac3a82307bc2a22f5b78014a323e2579864ff60f7ec8ee61851935289
u03-s007-v006,question,optionAnalysis[1].choice,1,1,e7f6c011776e8db7cd330b54174fd76f7d0216b612387a5ffcfb81e6f0919683
u03-s007-v006,question,optionAnalysis[1].reason,5,13,2b2e083c05a7ede400eb8063214d507dab87f5edea0cb02a74f5537023bc9873
u03-s007-v006,question,optionAnalysis[2].choice,1,1,19581e27de7ced00ff1ce50b2047e7a567c76b1cbaebabe5ef03f7c3017bb5b7
u03-s007-v006,question,optionAnalysis[2].reason,32,68,d05fd2759424d7a8a9e3c8bc16aa386a006fa3bac010505486ecfc1ff58c8d83
u03-s007-v006,question,optionAnalysis[3].choice,2,2,e629fa6598d732768f7c726b4b621285f9c3b85303900aa912017db7617d8bdb
u03-s007-v006,question,optionAnalysis[3].reason,5,13,8fb01632801d55e2db917c1521e39855e1661f7fb39c025ae7f5058473d1793e
u03-s007-v006,question,commonMistake,11,27,6e4cc17584c9a97161541f36891b9b44d7de3a465ce43f6071c88be2198dab84
u03-s007-v006,question,concept,10,30,69427bc8b3410be576c18cd03d2546a1c50b86ddef8ba72c69e29e460325c272
u03-s007-v006,question,tags[0],2,6,32f6541b44ed479dbf6cc8c7dd98824e49e03974d72ad8b65c33383a9cbb349f
u03-s007-v006,question,tags[1],7,21,4ac5192b7a342db22b47eb5c62deed50e22fa0761c3ed646ad775eb9326e1b61
u03-s007-v006,question,tags[2],8,8,fe6d3468cf5c74d8ec2a95b40f2e05338c37a4202f8fad692d2b64a9cf9b468a
u03-s007-v006,question,estimatedTimeSec,2,2,f369cb89fc627e668987007d121ed1eacdc01db9e28f8bb26f358b7d8c4f08ac
u03-s007-v006,question,prerequisiteSkillIds[0],25,25,1dffb75902560f17b39dc3241537371bcdc651e0e476f743cbf7690c7b621081
u03-s007-v006,question,authoringIntent,13,39,45be5c432ec28bde118bf0d5d3a7e76fff68373a3995fa8e7d6efa5e8befc53e
u03-s007-v006,question,reviewStatus,22,22,ec809598e2f7fcc69fad54c9cd045bba62b4a0dc7c0ff90d4efdc3788c9ad8fb
u03-s007-v006,question,contentSha256,64,64,24f2167b5b2c5cb22a3f8333c76df8faa2a091a3f4b8099c45c4623189273273
u03-s007-v006,question,contentAuthority,25,25,ed40f75ffe3d6ad4e71f6e7919d063410490de360edb425965eccd605ca9d79e
u03-s007-v006,question,legacyContentDisposition,39,39,2efcc87c0c9673d2efe77735ae75582eb178c880b07035d8695f010e324b7c71
u03-s007-v007,question,questionId,13,13,ca5cc4d6babeaf38851c78b681958f7ba050035752bfe0de2391cbd2a3d07378
u03-s007-v007,question,unitId,3,3,97ce842ec69dee17c1842918e63b9d4042fa4b35007146dcfb80a09c5000888a
u03-s007-v007,question,topicId,27,27,5edc6d8adc97105fb624f3211c5e8b14178a37949edbbef037f75ad528a701a5
u03-s007-v007,question,skillId,30,30,cf7d4d0db87211340d62c21e85b6fcdfc6ab473ab6b27c86d0e37b6302db46c7
u03-s007-v007,question,difficulty,8,8,d21f85ea38166303ce58e06134b5cc4a5c900c409ab2a500ff7c9225109a09bb
u03-s007-v007,question,type,2,2,6bc0f9c4ecb0acbebf1b9f6c816bdd66f4885f67c917d9e141cf893014fba936
u03-s007-v007,question,visualMode,9,9,9c7d54b0bf7a9369d8594201c7b11955514343809d09fbec33966c1fd9794015
u03-s007-v007,question,sourceScope,19,19,a4b669ddb8ef1883391c07a7b633f12eeaeecee7ec37c09eea4931aff6644346
u03-s007-v007,question,text,24,54,b31410f6b2b2694b1a3939e605047bd08e6883a4974b79b4eb07cad6b0d26ff2
u03-s007-v007,question,choices[0],9,21,5c5d7c8bda8d82cb79d79ffcfe961e3939d543923c52dbd804061ba2d616af5b
u03-s007-v007,question,choices[1],9,21,a4cc3dd3ad08792fc9c9d9eab6cc2bbf0ea0249f15f402285f6277842e6d95ed
u03-s007-v007,question,choices[2],10,21,f2b656162498abc747e9cd55a82c6988f6aee72edf2d34a6d70b7b5475361595
u03-s007-v007,question,choices[3],9,25,186fc2ff8effdf5cb1c9c1dc242de2506790f9c458840a47a4e0451b13916916
u03-s007-v007,question,explanation,36,100,635f7cff57ab2e1f3b1b7b95ed618be0b53d72513e0160f7c093f3e60d49444d
u03-s007-v007,question,steps[0],6,16,9fadfec806c1432b2f2fa292fe3f0f3ccc7b05ee5084df3d0a60ee74843ce416
u03-s007-v007,question,steps[1],4,10,cb792c4eec8a602d6a4fbc71acde98f9ca7c400e873d7b01a7d75f8af67a5e29
u03-s007-v007,question,steps[2],6,16,b06ab6ced9768f85fe59f94bd254e43ae63304d5d9e1187890e60b0db452d79d
u03-s007-v007,question,optionAnalysis[0].choice,9,21,5c5d7c8bda8d82cb79d79ffcfe961e3939d543923c52dbd804061ba2d616af5b
u03-s007-v007,question,optionAnalysis[0].reason,6,16,431c5b7532e2a1fef20fb9e86cd60659699b9f885ca00fe039a9c36720b30ec0
u03-s007-v007,question,optionAnalysis[1].choice,9,21,a4cc3dd3ad08792fc9c9d9eab6cc2bbf0ea0249f15f402285f6277842e6d95ed
u03-s007-v007,question,optionAnalysis[1].reason,9,21,1767d9d5761e2816bb2da0848b2aab80052c24524563eace7a4f5863d030057c
u03-s007-v007,question,optionAnalysis[2].choice,10,21,f2b656162498abc747e9cd55a82c6988f6aee72edf2d34a6d70b7b5475361595
u03-s007-v007,question,optionAnalysis[2].reason,10,28,3e57d66cfb58543ddc01fbd63d0b2fff07b509beaf09b0f84a95cc130a991301
u03-s007-v007,question,optionAnalysis[3].choice,9,25,186fc2ff8effdf5cb1c9c1dc242de2506790f9c458840a47a4e0451b13916916
u03-s007-v007,question,optionAnalysis[3].reason,45,107,93788efc5e5b051791fd8b641003a8be7f2d3f29033a4f19da2f59f07579ad48
u03-s007-v007,question,commonMistake,8,24,264e20a9f515930b741585ebc90bff3628fc8777fbb49ce3d31a7b6330b85db3
u03-s007-v007,question,concept,12,36,0263e6d3fdee4a2d17a44729eef8525eeae304e463ebc22fcea5f04e45669eea
u03-s007-v007,question,tags[0],2,6,32f6541b44ed479dbf6cc8c7dd98824e49e03974d72ad8b65c33383a9cbb349f
u03-s007-v007,question,tags[1],7,21,4ac5192b7a342db22b47eb5c62deed50e22fa0761c3ed646ad775eb9326e1b61
u03-s007-v007,question,tags[2],8,8,d21f85ea38166303ce58e06134b5cc4a5c900c409ab2a500ff7c9225109a09bb
u03-s007-v007,question,estimatedTimeSec,2,2,f369cb89fc627e668987007d121ed1eacdc01db9e28f8bb26f358b7d8c4f08ac
u03-s007-v007,question,prerequisiteSkillIds[0],25,25,1dffb75902560f17b39dc3241537371bcdc651e0e476f743cbf7690c7b621081
u03-s007-v007,question,authoringIntent,10,30,92b497eaa446f272e89f1090593b133cb0aa1481be57706f2fc3c1c2a2d8e840
u03-s007-v007,question,reviewStatus,22,22,ec809598e2f7fcc69fad54c9cd045bba62b4a0dc7c0ff90d4efdc3788c9ad8fb
u03-s007-v007,question,contentSha256,64,64,5b91bdc3599589b13bf6a26171bf356a9bab0231ba3c984baf08a85b7b6c0965
u03-s007-v007,question,contentAuthority,25,25,ed40f75ffe3d6ad4e71f6e7919d063410490de360edb425965eccd605ca9d79e
u03-s007-v007,question,legacyContentDisposition,39,39,2efcc87c0c9673d2efe77735ae75582eb178c880b07035d8695f010e324b7c71
u03-s007-v008,question,questionId,13,13,b28df5de72ea0bfc04f1abd5c7527ef486ed8f4a71216a33d6db85cb9a7d928a
u03-s007-v008,question,unitId,3,3,97ce842ec69dee17c1842918e63b9d4042fa4b35007146dcfb80a09c5000888a
u03-s007-v008,question,topicId,27,27,5edc6d8adc97105fb624f3211c5e8b14178a37949edbbef037f75ad528a701a5
u03-s007-v008,question,skillId,30,30,cf7d4d0db87211340d62c21e85b6fcdfc6ab473ab6b27c86d0e37b6302db46c7
u03-s007-v008,question,difficulty,8,8,d21f85ea38166303ce58e06134b5cc4a5c900c409ab2a500ff7c9225109a09bb
u03-s007-v008,question,type,2,2,6bc0f9c4ecb0acbebf1b9f6c816bdd66f4885f67c917d9e141cf893014fba936
u03-s007-v008,question,visualMode,9,9,9c7d54b0bf7a9369d8594201c7b11955514343809d09fbec33966c1fd9794015
u03-s007-v008,question,sourceScope,19,19,a4b669ddb8ef1883391c07a7b633f12eeaeecee7ec37c09eea4931aff6644346
u03-s007-v008,question,text,26,54,ed4a63cd27c5bc8c5b247b402fcb1bbc3a0f8a2772987f2cb03bdd1131a512a0
u03-s007-v008,question,choices[0],9,23,c31db6c81898e4669192184e1bff2a6a5bbc4b00820d353aaba7818f0d9fc1a8
u03-s007-v008,question,choices[1],13,31,380d91c6e421d15fc345f264b56925cef4d2601e4af02d818ee9d21e194859ba
u03-s007-v008,question,choices[2],13,31,4ada3502fafb89f4a595548f73198b8c12704c15b146afa2085f8a66f115dc34
u03-s007-v008,question,choices[3],9,23,55ef25be3635483b6c56fe025cd3d4213d4a522a92716c8bab08457d5b0a800b
u03-s007-v008,question,explanation,38,102,8ad46a2895fe974e93d76df3800b0a9a51ae037858a40ad65b3dc69947e9fbb4
u03-s007-v008,question,steps[0],8,20,7cbfd295dbfed024311af3e50b626d9a73971d8a12f31f3c8054a4d76102ac9f
u03-s007-v008,question,steps[1],6,14,1bc34a162453a816de5d3f792806d67a60f21d94a4e67dc57d48a53c2648b0dd
u03-s007-v008,question,steps[2],4,12,cff63f938df62fe07aecd51873d6fb85602a6d7df4121eb72c2c29c9a9f723d9
u03-s007-v008,question,optionAnalysis[0].choice,9,23,c31db6c81898e4669192184e1bff2a6a5bbc4b00820d353aaba7818f0d9fc1a8
u03-s007-v008,question,optionAnalysis[0].reason,34,77,a58363280498210636c693e0cf858b1a84ef8bef74afc8a1c27698c2123cf35f
u03-s007-v008,question,optionAnalysis[1].choice,13,31,380d91c6e421d15fc345f264b56925cef4d2601e4af02d818ee9d21e194859ba
u03-s007-v008,question,optionAnalysis[1].reason,9,20,e84092f62b2f71f167407adedf1d45cf48097e92ca3ccdf354b3a3e13896ed99
u03-s007-v008,question,optionAnalysis[2].choice,13,31,4ada3502fafb89f4a595548f73198b8c12704c15b146afa2085f8a66f115dc34
u03-s007-v008,question,optionAnalysis[2].reason,9,25,fd26bfa4f42589942a9dd2cbcaa7ecbcba21534afa3c7f73ac45ab02b845fdf9
u03-s007-v008,question,optionAnalysis[3].choice,9,23,55ef25be3635483b6c56fe025cd3d4213d4a522a92716c8bab08457d5b0a800b
u03-s007-v008,question,optionAnalysis[3].reason,8,24,def5e253bb62df93ca7f79a0e13831dd7a79cbeb5a5831cbf2c7134c5d133a8b
u03-s007-v008,question,commonMistake,12,36,513a1b7cb4bc2f7de7624988f85c722e39221bcbce5b802a016b34944c0ea29e
u03-s007-v008,question,concept,11,33,e4e5b0ff43235ea139525cb4b157ea633b2509c5161df4610f1bdfea0f632755
u03-s007-v008,question,tags[0],2,6,32f6541b44ed479dbf6cc8c7dd98824e49e03974d72ad8b65c33383a9cbb349f
u03-s007-v008,question,tags[1],7,21,4ac5192b7a342db22b47eb5c62deed50e22fa0761c3ed646ad775eb9326e1b61
u03-s007-v008,question,tags[2],8,8,d21f85ea38166303ce58e06134b5cc4a5c900c409ab2a500ff7c9225109a09bb
u03-s007-v008,question,estimatedTimeSec,2,2,f369cb89fc627e668987007d121ed1eacdc01db9e28f8bb26f358b7d8c4f08ac
u03-s007-v008,question,prerequisiteSkillIds[0],25,25,1dffb75902560f17b39dc3241537371bcdc651e0e476f743cbf7690c7b621081
u03-s007-v008,question,authoringIntent,13,39,e1df6f9d3fef92dee62ac87dbc3a92ffa3b7e7c74295f03280f03cbb63866018
u03-s007-v008,question,reviewStatus,22,22,ec809598e2f7fcc69fad54c9cd045bba62b4a0dc7c0ff90d4efdc3788c9ad8fb
u03-s007-v008,question,contentSha256,64,64,dc582dc5a0da478a30a2e3838638c8417c6545b03f7f3de4a89b537604ccd9ff
u03-s007-v008,question,contentAuthority,25,25,ed40f75ffe3d6ad4e71f6e7919d063410490de360edb425965eccd605ca9d79e
u03-s007-v008,question,legacyContentDisposition,39,39,2efcc87c0c9673d2efe77735ae75582eb178c880b07035d8695f010e324b7c71
u03-s007-v009,question,questionId,13,13,dfcc0c2a18b217edf9d33646df92a2104133d8bd7e8a89115efe6bf7876547da
u03-s007-v009,question,unitId,3,3,97ce842ec69dee17c1842918e63b9d4042fa4b35007146dcfb80a09c5000888a
u03-s007-v009,question,topicId,27,27,5edc6d8adc97105fb624f3211c5e8b14178a37949edbbef037f75ad528a701a5
u03-s007-v009,question,skillId,30,30,cf7d4d0db87211340d62c21e85b6fcdfc6ab473ab6b27c86d0e37b6302db46c7
u03-s007-v009,question,difficulty,8,8,d21f85ea38166303ce58e06134b5cc4a5c900c409ab2a500ff7c9225109a09bb
u03-s007-v009,question,type,2,2,6bc0f9c4ecb0acbebf1b9f6c816bdd66f4885f67c917d9e141cf893014fba936
u03-s007-v009,question,visualMode,9,9,9c7d54b0bf7a9369d8594201c7b11955514343809d09fbec33966c1fd9794015
u03-s007-v009,question,sourceScope,19,19,a4b669ddb8ef1883391c07a7b633f12eeaeecee7ec37c09eea4931aff6644346
u03-s007-v009,question,text,17,43,efddfeccb26d3f9ae051fd21a41cb3bad4cf17f0738bace17cecb5df1d698599
u03-s007-v009,question,choices[0],6,10,a49848665c01fa1b38c7156f4e5f595888e6f7d75acb17adf88bba3ac3415ed7
u03-s007-v009,question,choices[1],5,9,417347a6b71ab5254c52d0764df5be14d93165cdf85abc55a365a5dd2357a1db
u03-s007-v009,question,choices[2],7,13,648830cda2afc7d98b676916e395c723b564ba39f7f9abab176c416320298549
u03-s007-v009,question,choices[3],6,10,eb70beec0830244b189b787476fb5fdf35e883085ac90aa8333c33bf87ce6650
u03-s007-v009,question,explanation,36,92,aa5a3519ee92eb46dabd7fef490c1720df572d5370c87e0d450bedfe6c5b5522
u03-s007-v009,question,steps[0],6,14,293574433891cb9e587a61768a18204a78c347069f3d7d44d5f26c9bb52bd084
u03-s007-v009,question,steps[1],7,17,8e90c63b9721f0be1163c594c8c660fdef494b5d96735e9add45a304abcfeb28
u03-s007-v009,question,steps[2],5,15,a1db060da60dd0bf7eb14d7c941d7514027bf78f918a76776cdbe28eedf2f4ff
u03-s007-v009,question,optionAnalysis[0].choice,6,10,a49848665c01fa1b38c7156f4e5f595888e6f7d75acb17adf88bba3ac3415ed7
u03-s007-v009,question,optionAnalysis[0].reason,10,24,b3b999680c2f9e29d6cde87a31ea5691256156f019c66f41f3c5901a65d13f55
u03-s007-v009,question,optionAnalysis[1].choice,5,9,417347a6b71ab5254c52d0764df5be14d93165cdf85abc55a365a5dd2357a1db
u03-s007-v009,question,optionAnalysis[1].reason,9,23,a1db4055b55f53ac775e076516ac4b75be69d2b6988dbdd402eacae689cad44d
u03-s007-v009,question,optionAnalysis[2].choice,7,13,648830cda2afc7d98b676916e395c723b564ba39f7f9abab176c416320298549
u03-s007-v009,question,optionAnalysis[2].reason,41,97,e794ece1874128b4c3d9ad8db973a3e73ed99933f56015acadde1e1bd4951cf2
u03-s007-v009,question,optionAnalysis[3].choice,6,10,eb70beec0830244b189b787476fb5fdf35e883085ac90aa8333c33bf87ce6650
u03-s007-v009,question,optionAnalysis[3].reason,10,24,c8a4977689e65bed6f2aaec39b7f2423b179184b87334e89f92816c0dc915f53
u03-s007-v009,question,commonMistake,13,39,ec5cfd05ed456ec2fcbc017b32c1040b9fcc2a4755338a146c4077d37fc59dc7
u03-s007-v009,question,concept,10,30,cfe28a63ec8bf069858cec5893e81d8911fdf505839d769df020dbc78e7164d8
u03-s007-v009,question,tags[0],2,6,32f6541b44ed479dbf6cc8c7dd98824e49e03974d72ad8b65c33383a9cbb349f
u03-s007-v009,question,tags[1],7,21,4ac5192b7a342db22b47eb5c62deed50e22fa0761c3ed646ad775eb9326e1b61
u03-s007-v009,question,tags[2],8,8,d21f85ea38166303ce58e06134b5cc4a5c900c409ab2a500ff7c9225109a09bb
u03-s007-v009,question,estimatedTimeSec,2,2,f369cb89fc627e668987007d121ed1eacdc01db9e28f8bb26f358b7d8c4f08ac
u03-s007-v009,question,prerequisiteSkillIds[0],25,25,1dffb75902560f17b39dc3241537371bcdc651e0e476f743cbf7690c7b621081
u03-s007-v009,question,authoringIntent,14,42,a792fb715b17e3ea59624287e7ab3a8ca8e62514ae3a64324e0953c3d4ce7efe
u03-s007-v009,question,reviewStatus,22,22,ec809598e2f7fcc69fad54c9cd045bba62b4a0dc7c0ff90d4efdc3788c9ad8fb
u03-s007-v009,question,contentSha256,64,64,6d5b7d7af653883832c1c44cbde3294821c3d90d2739e5f5ad1236d05e97c576
u03-s007-v009,question,contentAuthority,25,25,ed40f75ffe3d6ad4e71f6e7919d063410490de360edb425965eccd605ca9d79e
u03-s007-v009,question,legacyContentDisposition,39,39,2efcc87c0c9673d2efe77735ae75582eb178c880b07035d8695f010e324b7c71
u03-s007-v010,question,questionId,13,13,a0e1df3f05de695d530fd740eee00457bba2cc7fd1ad42c18db0440aecb3bb5e
u03-s007-v010,question,unitId,3,3,97ce842ec69dee17c1842918e63b9d4042fa4b35007146dcfb80a09c5000888a
u03-s007-v010,question,topicId,27,27,5edc6d8adc97105fb624f3211c5e8b14178a37949edbbef037f75ad528a701a5
u03-s007-v010,question,skillId,30,30,cf7d4d0db87211340d62c21e85b6fcdfc6ab473ab6b27c86d0e37b6302db46c7
u03-s007-v010,question,difficulty,8,8,578756ca4aa16d8872610a5aaa78460fd30fbe93379ff7284fe65d66ca606755
u03-s007-v010,question,type,2,2,6bc0f9c4ecb0acbebf1b9f6c816bdd66f4885f67c917d9e141cf893014fba936
u03-s007-v010,question,visualMode,9,9,9c7d54b0bf7a9369d8594201c7b11955514343809d09fbec33966c1fd9794015
u03-s007-v010,question,sourceScope,19,19,a4b669ddb8ef1883391c07a7b633f12eeaeecee7ec37c09eea4931aff6644346
u03-s007-v010,question,text,62,136,d0a63052be8cc4aa4c55d1b90fa21e8dc4bbc4178be4cfac69b3ca3f725ad673
u03-s007-v010,question,choices[0],8,20,f5be2a4486df51b62b750745b7d650d615312132c59face966624abae861e031
u03-s007-v010,question,choices[1],10,24,53824ad0e894e278de77661d363e1b2c2dfe40e88816c61a34bbcaf339272f44
u03-s007-v010,question,choices[2],15,29,2dbfc7f275391806e642a1202c3d5d857cce435d808d86a457d6d423937c109d
u03-s007-v010,question,choices[3],13,23,7f46ccca1723f23786c52064a0683894aca04c2a2eff7ff5b175984338677669
u03-s007-v010,question,explanation,46,103,0212146840b2fe3dc70ecb3435bd45af24e8781ea3e2a04af008becb9b0b1a4d
u03-s007-v010,question,steps[0],9,14,ba9bf733e84950e9ab4a62686b0879a86052cbc30c61e581ed06cda0bd2f399c
u03-s007-v010,question,steps[1],9,21,ebdb9b0e7d10e92f3d8c3b84ec25e53deb2ff15095a751ce8d5d33d1621f7b9b
u03-s007-v010,question,steps[2],4,12,734e447dcc4f7634c3da3b38a605dfd1ade6913905eae999748dd46eb78d3081
u03-s007-v010,question,optionAnalysis[0].choice,8,20,f5be2a4486df51b62b750745b7d650d615312132c59face966624abae861e031
u03-s007-v010,question,optionAnalysis[0].reason,10,20,1522d79403ebb470f80d8415ad0d0081ddceb478e15f1730af1479cd6debb7c3
u03-s007-v010,question,optionAnalysis[1].choice,10,24,53824ad0e894e278de77661d363e1b2c2dfe40e88816c61a34bbcaf339272f44
u03-s007-v010,question,optionAnalysis[1].reason,10,20,5fba46bdc940d74ad956a2878b474e9ea42dfd333ba204fa8d8f420485955d60
u03-s007-v010,question,optionAnalysis[2].choice,15,29,2dbfc7f275391806e642a1202c3d5d857cce435d808d86a457d6d423937c109d
u03-s007-v010,question,optionAnalysis[2].reason,21,37,9ae32e1a5543c57fb0104e04484fd12677e161e293aff418e4e66a0621485150
u03-s007-v010,question,optionAnalysis[3].choice,13,23,7f46ccca1723f23786c52064a0683894aca04c2a2eff7ff5b175984338677669
u03-s007-v010,question,optionAnalysis[3].reason,40,80,fe1e265c4774d60eec860d118d5aeef321a2c93dd1cc5892ab581efcaec7da3c
u03-s007-v010,question,commonMistake,11,29,de335146706f9a345b7c7a3680eabdbce457155cdc3256a76466af6dbc5a03de
u03-s007-v010,question,concept,11,29,eb54ee8e324b46e3569a7b6ad82234b0fe328f255dc5bd0905c084a1a040f5a4
u03-s007-v010,question,tags[0],2,6,32f6541b44ed479dbf6cc8c7dd98824e49e03974d72ad8b65c33383a9cbb349f
u03-s007-v010,question,tags[1],7,21,4ac5192b7a342db22b47eb5c62deed50e22fa0761c3ed646ad775eb9326e1b61
u03-s007-v010,question,tags[2],8,8,578756ca4aa16d8872610a5aaa78460fd30fbe93379ff7284fe65d66ca606755
u03-s007-v010,question,estimatedTimeSec,2,2,f369cb89fc627e668987007d121ed1eacdc01db9e28f8bb26f358b7d8c4f08ac
u03-s007-v010,question,prerequisiteSkillIds[0],25,25,1dffb75902560f17b39dc3241537371bcdc651e0e476f743cbf7690c7b621081
u03-s007-v010,question,authoringIntent,11,33,290a3c173af6edbde2d41627b1d5562d79d6e15c47d7012cc9b3d3a44c86d46c
u03-s007-v010,question,literacyContextNecessity,38,90,8a19d60f992106c433477928297185f946ddad198554550836f39ad0751c62ec
u03-s007-v010,question,reviewStatus,22,22,ec809598e2f7fcc69fad54c9cd045bba62b4a0dc7c0ff90d4efdc3788c9ad8fb
u03-s007-v010,question,contentSha256,64,64,940840e673b96b6108d55897d7aaed52df06c295d96ed14f4046e9e6f1087bf1
u03-s007-v010,question,contentAuthority,25,25,ed40f75ffe3d6ad4e71f6e7919d063410490de360edb425965eccd605ca9d79e
u03-s007-v010,question,legacyContentDisposition,39,39,2efcc87c0c9673d2efe77735ae75582eb178c880b07035d8695f010e324b7c71
u03-s007-v011,question,questionId,13,13,4da4a81a62f431b7b0ab5a4edd52339f46f764598d3bef1e0a8ea98a0a72aa3c
u03-s007-v011,question,unitId,3,3,97ce842ec69dee17c1842918e63b9d4042fa4b35007146dcfb80a09c5000888a
u03-s007-v011,question,topicId,27,27,5edc6d8adc97105fb624f3211c5e8b14178a37949edbbef037f75ad528a701a5
u03-s007-v011,question,skillId,30,30,cf7d4d0db87211340d62c21e85b6fcdfc6ab473ab6b27c86d0e37b6302db46c7
u03-s007-v011,question,difficulty,8,8,578756ca4aa16d8872610a5aaa78460fd30fbe93379ff7284fe65d66ca606755
u03-s007-v011,question,type,2,2,6bc0f9c4ecb0acbebf1b9f6c816bdd66f4885f67c917d9e141cf893014fba936
u03-s007-v011,question,visualMode,9,9,9c7d54b0bf7a9369d8594201c7b11955514343809d09fbec33966c1fd9794015
u03-s007-v011,question,sourceScope,19,19,a4b669ddb8ef1883391c07a7b633f12eeaeecee7ec37c09eea4931aff6644346
u03-s007-v011,question,text,59,129,88632f0236b348bcd6a34c7792a71c12655712ce39ebfb2111afeefa3e95bf0e
u03-s007-v011,question,choices[0],11,25,071b54721a21645bb95f9fa438bcad77b2a6ba4227f980a2ad5cc4542b2e59f8
u03-s007-v011,question,choices[1],11,27,3d988a553d10adc0b5e419d46c56eeb7ef2b270412947e3bb3cabc513e213e59
u03-s007-v011,question,choices[2],8,22,f3503b17562abc91b4cf39fa2f66263537a650b8570995d531307937477cbc15
u03-s007-v011,question,choices[3],15,28,3ca494a114d9ca82acf7c5fae29d2aa4c2803cda6429506ebde2a4c8223290ef
u03-s007-v011,question,explanation,46,110,1ba397de72281f5f9dd2f4ef39504a5a8e95133b5d4b4a629296a9a36016e5e2
u03-s007-v011,question,steps[0],10,22,bbdda0c64d55030ec5fe17baba82729a725f7ac95fa061d1fc2b3a8d0973262c
u03-s007-v011,question,steps[1],7,17,4577fa3e8053146b502d3323a558a65286eac04b853c0780124eaafd5a009023
u03-s007-v011,question,steps[2],7,13,69029ed12a4c25621659c7be11450445d20dbefa21c9af12cd082ef4f71fc937
u03-s007-v011,question,optionAnalysis[0].choice,11,25,071b54721a21645bb95f9fa438bcad77b2a6ba4227f980a2ad5cc4542b2e59f8
u03-s007-v011,question,optionAnalysis[0].reason,39,74,2783b556db8c42c6487b729bb7b00fc103a11de424f93d3a07e3bdb8d5bc474d
u03-s007-v011,question,optionAnalysis[1].choice,11,27,3d988a553d10adc0b5e419d46c56eeb7ef2b270412947e3bb3cabc513e213e59
u03-s007-v011,question,optionAnalysis[1].reason,6,18,d44571befb414f9711909f3355bbe8abedb4453d2243615e94458c24d63aa3e1
u03-s007-v011,question,optionAnalysis[2].choice,8,22,f3503b17562abc91b4cf39fa2f66263537a650b8570995d531307937477cbc15
u03-s007-v011,question,optionAnalysis[2].reason,8,22,fca9419b076871ff0ac3f3d5ca2bb7a6d2b3c62c005cf9ed6da81f4b684e63c3
u03-s007-v011,question,optionAnalysis[3].choice,15,28,3ca494a114d9ca82acf7c5fae29d2aa4c2803cda6429506ebde2a4c8223290ef
u03-s007-v011,question,optionAnalysis[3].reason,13,33,41c9d7330dd91cda970781d592af4d9f45b9a219b45c4b3264a94d6750229254
u03-s007-v011,question,commonMistake,6,18,0ac6261bf316e760bd17bacf61cef3f6f1806b158465fa2ab57445b931d02743
u03-s007-v011,question,concept,12,36,492c23b84096b4c3f5d14292845171da93129ab44823ea48eea59ff16d1db69d
u03-s007-v011,question,tags[0],2,6,32f6541b44ed479dbf6cc8c7dd98824e49e03974d72ad8b65c33383a9cbb349f
u03-s007-v011,question,tags[1],7,21,4ac5192b7a342db22b47eb5c62deed50e22fa0761c3ed646ad775eb9326e1b61
u03-s007-v011,question,tags[2],8,8,578756ca4aa16d8872610a5aaa78460fd30fbe93379ff7284fe65d66ca606755
u03-s007-v011,question,estimatedTimeSec,2,2,f369cb89fc627e668987007d121ed1eacdc01db9e28f8bb26f358b7d8c4f08ac
u03-s007-v011,question,prerequisiteSkillIds[0],25,25,1dffb75902560f17b39dc3241537371bcdc651e0e476f743cbf7690c7b621081
u03-s007-v011,question,authoringIntent,13,39,1539150284e4c715148ac03909729fd1346c6da39cdfdb182068b56256914046
u03-s007-v011,question,literacyContextNecessity,33,85,7f98ae0145ff3a8bd17071182d1920ea936d35ac5ee0014547a557e5cd812f28
u03-s007-v011,question,reviewStatus,22,22,ec809598e2f7fcc69fad54c9cd045bba62b4a0dc7c0ff90d4efdc3788c9ad8fb
u03-s007-v011,question,contentSha256,64,64,27adbfebb838c3bc04240cecc44a8b06fb4ca0532b888aaae661821e3b31e071
u03-s007-v011,question,contentAuthority,25,25,ed40f75ffe3d6ad4e71f6e7919d063410490de360edb425965eccd605ca9d79e
u03-s007-v011,question,legacyContentDisposition,39,39,2efcc87c0c9673d2efe77735ae75582eb178c880b07035d8695f010e324b7c71
u03-s007-v012,question,questionId,13,13,aa02e75203974d6438e14fb79e674f1adb8108d80e8617b51629f8cc3b346fb6
u03-s007-v012,question,unitId,3,3,97ce842ec69dee17c1842918e63b9d4042fa4b35007146dcfb80a09c5000888a
u03-s007-v012,question,topicId,27,27,5edc6d8adc97105fb624f3211c5e8b14178a37949edbbef037f75ad528a701a5
u03-s007-v012,question,skillId,30,30,cf7d4d0db87211340d62c21e85b6fcdfc6ab473ab6b27c86d0e37b6302db46c7
u03-s007-v012,question,difficulty,8,8,578756ca4aa16d8872610a5aaa78460fd30fbe93379ff7284fe65d66ca606755
u03-s007-v012,question,type,2,2,6bc0f9c4ecb0acbebf1b9f6c816bdd66f4885f67c917d9e141cf893014fba936
u03-s007-v012,question,visualMode,9,9,9c7d54b0bf7a9369d8594201c7b11955514343809d09fbec33966c1fd9794015
u03-s007-v012,question,sourceScope,19,19,a4b669ddb8ef1883391c07a7b633f12eeaeecee7ec37c09eea4931aff6644346
u03-s007-v012,question,text,36,84,2847e254853b1c6577599024b838c2cd650891e183d01a078129af737ff066ea
u03-s007-v012,question,choices[0],10,20,2f1cb1fb0f75ece0e535ad35e22a527e1bd7cb755742a16712f087e843798b3a
u03-s007-v012,question,choices[1],9,19,e0b51723dcc9e01b493bf4201ea9bd20deed0fefc896f7b30a9ab9f2afc54142
u03-s007-v012,question,choices[2],8,20,cd928ba367303c0f8e93a1f1403f9797b41da4f8e90f6366e8efcf985e47bb51
u03-s007-v012,question,choices[3],12,26,b383b68a0844e6d3ed74d3b540dbeffdce66be7facf73cfdb91d899f82a7921c
u03-s007-v012,question,explanation,34,74,0380101a9d50f69a2eb4e6cd5a0ed2179ee3de06f18bb92847ab37c86a31f729
u03-s007-v012,question,steps[0],4,8,91c8991755409db9fc9809d12ff2b5419f294e0b4e5e793b66b5f775aa42880b
u03-s007-v012,question,steps[1],4,8,73d29ef657abaf55682957fc50a7a53bb7a5541bb5a1c11102f9e3cc16c14e8d
u03-s007-v012,question,steps[2],6,6,d5c246cd3d594d6b5b065c06e30ecb8cfc23d1f629a99d8771768fe7b2356b5f
u03-s007-v012,question,optionAnalysis[0].choice,10,20,2f1cb1fb0f75ece0e535ad35e22a527e1bd7cb755742a16712f087e843798b3a
u03-s007-v012,question,optionAnalysis[0].reason,8,14,c1d2aa52799b2838b1bb6b55dfeadfafe03ed6de3ae61f97a0ea0dc3bb737932
u03-s007-v012,question,optionAnalysis[1].choice,9,19,e0b51723dcc9e01b493bf4201ea9bd20deed0fefc896f7b30a9ab9f2afc54142
u03-s007-v012,question,optionAnalysis[1].reason,37,85,2f0cd7def9488f4501bd81961010397f685aa4aa6da9e387a649e9f10db6601b
u03-s007-v012,question,optionAnalysis[2].choice,8,20,cd928ba367303c0f8e93a1f1403f9797b41da4f8e90f6366e8efcf985e47bb51
u03-s007-v012,question,optionAnalysis[2].reason,13,33,9a2d31588a5e425a7b4651576f40bb6406127e2302decd431c1aa0eadf459592
u03-s007-v012,question,optionAnalysis[3].choice,12,26,b383b68a0844e6d3ed74d3b540dbeffdce66be7facf73cfdb91d899f82a7921c
u03-s007-v012,question,optionAnalysis[3].reason,9,25,7d83e8ba7a21618124dbe7541ff91e089f355cb15b51e2b9ad2f3fd7e9ba41d6
u03-s007-v012,question,commonMistake,8,16,431f99ad93a13914120903154f092414c6c439cbb00a7e23a3e36bfb05235011
u03-s007-v012,question,concept,12,36,3b546e5e081f31a0eb2b9d9a166cdeebe647b7886b8963e7ec10443c5e53eb56
u03-s007-v012,question,tags[0],2,6,32f6541b44ed479dbf6cc8c7dd98824e49e03974d72ad8b65c33383a9cbb349f
u03-s007-v012,question,tags[1],7,21,4ac5192b7a342db22b47eb5c62deed50e22fa0761c3ed646ad775eb9326e1b61
u03-s007-v012,question,tags[2],8,8,578756ca4aa16d8872610a5aaa78460fd30fbe93379ff7284fe65d66ca606755
u03-s007-v012,question,estimatedTimeSec,2,2,f369cb89fc627e668987007d121ed1eacdc01db9e28f8bb26f358b7d8c4f08ac
u03-s007-v012,question,prerequisiteSkillIds[0],25,25,1dffb75902560f17b39dc3241537371bcdc651e0e476f743cbf7690c7b621081
u03-s007-v012,question,authoringIntent,11,33,eb7d2c33f71a906f4f00bb311b810b665b6e430b6b9b98d197f07cdc448fb97b
u03-s007-v012,question,literacyContextNecessity,35,93,3e4778c6a2cd822245bcb8dc615b959778c951dac5ca348ecddd15bed966a978
u03-s007-v012,question,reviewStatus,22,22,ec809598e2f7fcc69fad54c9cd045bba62b4a0dc7c0ff90d4efdc3788c9ad8fb
u03-s007-v012,question,contentSha256,64,64,df88693446a4772f647103f86572defab017078e9086b98c51e24def1c107012
u03-s007-v012,question,contentAuthority,25,25,ed40f75ffe3d6ad4e71f6e7919d063410490de360edb425965eccd605ca9d79e
u03-s007-v012,question,legacyContentDisposition,39,39,2efcc87c0c9673d2efe77735ae75582eb178c880b07035d8695f010e324b7c71
u03-s007-cr001,constructed-response,questionId,14,14,362da6813a646d2c0a7c7a10084382d5f96286293337b2d749e0d8f855d7be94
u03-s007-cr001,constructed-response,unitId,3,3,97ce842ec69dee17c1842918e63b9d4042fa4b35007146dcfb80a09c5000888a
u03-s007-cr001,constructed-response,topicId,27,27,5edc6d8adc97105fb624f3211c5e8b14178a37949edbbef037f75ad528a701a5
u03-s007-cr001,constructed-response,skillId,30,30,cf7d4d0db87211340d62c21e85b6fcdfc6ab473ab6b27c86d0e37b6302db46c7
u03-s007-cr001,constructed-response,difficulty,8,8,fe6d3468cf5c74d8ec2a95b40f2e05338c37a4202f8fad692d2b64a9cf9b468a
u03-s007-cr001,constructed-response,type,20,20,e519496c259191db041ac61161dbfadb673dd94a10a123ed7423adcf7968ae7c
u03-s007-cr001,constructed-response,visualMode,9,9,9c7d54b0bf7a9369d8594201c7b11955514343809d09fbec33966c1fd9794015
u03-s007-cr001,constructed-response,prompt,47,113,56413836c1cd691a86bccdd81d5329d815c011da64f5417f8e864fb0c3ec1c0f
u03-s007-cr001,constructed-response,requiredWork[0],11,33,aba114ecba70bc0de8ec6ac64713eadb58706bd5322b1ef7204c77807c8e828f
u03-s007-cr001,constructed-response,requiredWork[1],9,27,d05877935ee654ced2d1bb6d0be122151f9dd7baa811474d178d25acae365bde
u03-s007-cr001,constructed-response,requiredWork[2],9,27,9c65d6791332e6f62b73651d2d62834a06cdd2fc20405e57a650cc706ad55a46
u03-s007-cr001,constructed-response,fullCreditSolution[0],36,77,275b5e935f967b25d70dc1d935c04471a547d20e70f0a5de07a4c6adc0c50d97
u03-s007-cr001,constructed-response,fullCreditSolution[1],25,39,1ce5e775c2890f949866f205ccafb7580a276afb52600fdda3d22df6e529f4b7
u03-s007-cr001,constructed-response,fullCreditSolution[2],12,26,141bb1286b7ced438d04a7240be955991752f3d0bb6a2ee9211dfcd3428d34c8
u03-s007-cr001,constructed-response,alternativeSolutions[0],21,63,64c9fcb13370ee5fdff3489f139e598e1f138f037509ca9cd92cf4ceca9fbd9f
u03-s007-cr001,constructed-response,rubric[0].criteria,18,50,2b0033048fa266c5120e45063eca42f55cadfc6f38747f3faf8090be296029cf
u03-s007-cr001,constructed-response,rubric[1].criteria,17,47,35c39ff943a6350f2a9bd1237a640394932e052322ce7e7a6130750ab9305615
u03-s007-cr001,constructed-response,rubric[2].criteria,17,43,61d976104b15f8ace54245abdef65cb4d1c5aafee96986cc6d27dc11d72668bf
u03-s007-cr001,constructed-response,rubric[3].criteria,11,33,f5abf9c90c69dd6d107d7ac20a20c698f5819831893f065b2af4bfdc874a7f9f
u03-s007-cr001,constructed-response,scoringNotes[0],14,42,cd605206f033bf9eb77fb66a20ada03efaf449b4f0635fc98dd861265ef39c50
u03-s007-cr001,constructed-response,scoringNotes[1],25,75,a2c565e5172ae5430bb229f94ce51035aa7b17f1f115f704476e4c19fc1098cf
u03-s007-cr001,constructed-response,commonErrors[0],11,33,203b8a8a11fba9992f137302d5672c6ec39eb8920360618a0186b1759e145995
u03-s007-cr001,constructed-response,commonErrors[1],10,28,a465465eb3f88a9e8552ec71dfe93a78e0f702929b5eb7c25c0ff47f6b326f9e
u03-s007-cr001,constructed-response,independentReview.derivedResult,13,27,19235e5c06fd2bf9c7979880489e922385ef1eb1fc5ae7e1ccc0622864d23acb
u03-s007-cr001,constructed-response,independentReview.ambiguity,26,78,4b9998d99f5ff6b4c48867707da30b5a75387690128c1a0e4fdc7f35be5f3c7a
u03-s007-cr001,constructed-response,independentReview.decision,4,4,d74ff0ee8da3b9806b18c877dbf29bbde50b5bd8e4dad7a3a725000feb82e8f1
u03-s007-cr001,constructed-response,contentSha256,64,64,8e1d7421acbe90f8c363afac0ea6bb20781c8a2b30beb6912e1fd22369e55874
u03-s007-cr001,constructed-response,contentAuthority,25,25,ed40f75ffe3d6ad4e71f6e7919d063410490de360edb425965eccd605ca9d79e
u03-s007-cr001,constructed-response,legacyContentDisposition,39,39,2efcc87c0c9673d2efe77735ae75582eb178c880b07035d8695f010e324b7c71
u03-s007-cr002,constructed-response,questionId,14,14,73ec7ade8aafd9ed7d95e46e7c6239fc5d08f93604fb52d7490bd6fe8c5ff7b3
u03-s007-cr002,constructed-response,unitId,3,3,97ce842ec69dee17c1842918e63b9d4042fa4b35007146dcfb80a09c5000888a
u03-s007-cr002,constructed-response,topicId,27,27,5edc6d8adc97105fb624f3211c5e8b14178a37949edbbef037f75ad528a701a5
u03-s007-cr002,constructed-response,skillId,30,30,cf7d4d0db87211340d62c21e85b6fcdfc6ab473ab6b27c86d0e37b6302db46c7
u03-s007-cr002,constructed-response,difficulty,8,8,d21f85ea38166303ce58e06134b5cc4a5c900c409ab2a500ff7c9225109a09bb
u03-s007-cr002,constructed-response,type,20,20,e519496c259191db041ac61161dbfadb673dd94a10a123ed7423adcf7968ae7c
u03-s007-cr002,constructed-response,visualMode,9,9,9c7d54b0bf7a9369d8594201c7b11955514343809d09fbec33966c1fd9794015
u03-s007-cr002,constructed-response,prompt,34,74,ad5ffcb9511dad402b3af12f898c6c8be26dc0c95874c0167c31f32ab2a6b20a
u03-s007-cr002,constructed-response,requiredWork[0],9,27,cc5b3aa29c83d68e96aad743a430455bd31da320607da73847abc77953412d2a
u03-s007-cr002,constructed-response,requiredWork[1],13,39,728e02a0863adbcfc63f783925c5279a024e98408618b03235ec3da28b2af097
u03-s007-cr002,constructed-response,fullCreditSolution[0],13,19,1ba5978c29c1f3c7902212939d0ed5e776d64c897cee5c9fd62af160f62859e4
u03-s007-cr002,constructed-response,fullCreditSolution[1],10,16,be9c9ffaa33cb3db27e96280cfa8b6ced22eeb404ceae503bdd71f1d5c88c4a8
u03-s007-cr002,constructed-response,fullCreditSolution[2],17,39,bd0f37f7bc3c1ef6089b726f1e864f9cf3b4d2fc7b3a53e422ab1cce7ba3798e
u03-s007-cr002,constructed-response,alternativeSolutions[0],21,41,306693f56c599eecd2757d022a8e789f260a02f0723440ef1d3520b8909e3763
u03-s007-cr002,constructed-response,rubric[0].criteria,15,45,a0380109db6152aa5820837d5c5ebf2aa3df79cd3769c905942e624f6e8971a1
u03-s007-cr002,constructed-response,rubric[1].criteria,14,42,a61649879c3400b1dffb79487b1b263bceb0bbe772fe57b178b4b1556ef92809
u03-s007-cr002,constructed-response,rubric[2].criteria,13,31,a2cb0f8f1c3c7995f081f4176bf8b9467832939fbc5fd027af023fecc511305c
u03-s007-cr002,constructed-response,rubric[3].criteria,12,36,d3c1c90a0937783603918c2c556d5d874c145d431ad6c6b920ab745cce5aa28a
u03-s007-cr002,constructed-response,scoringNotes[0],14,42,cd605206f033bf9eb77fb66a20ada03efaf449b4f0635fc98dd861265ef39c50
u03-s007-cr002,constructed-response,scoringNotes[1],25,75,a2c565e5172ae5430bb229f94ce51035aa7b17f1f115f704476e4c19fc1098cf
u03-s007-cr002,constructed-response,commonErrors[0],10,18,a90b7ffb7618b6eb7e3dbfd6586a5f40b401e1baaaf03f6d9a4718f59a943a1c
u03-s007-cr002,constructed-response,commonErrors[1],10,24,ed1fe46ab7560ab5df04735ce8728233b1e36c105ddbfba5e8c9cfa3cd00fc29
u03-s007-cr002,constructed-response,independentReview.derivedResult,6,10,1833ab8ff80d199aede049386a4dd416e5c3af852398053e1a2d684cc6d6816a
u03-s007-cr002,constructed-response,independentReview.ambiguity,26,78,4b9998d99f5ff6b4c48867707da30b5a75387690128c1a0e4fdc7f35be5f3c7a
u03-s007-cr002,constructed-response,independentReview.decision,4,4,d74ff0ee8da3b9806b18c877dbf29bbde50b5bd8e4dad7a3a725000feb82e8f1
u03-s007-cr002,constructed-response,contentSha256,64,64,563b290db0b4902b3426d1c526794d1d4bcecdc3948a3301810ea545fd3442e8
u03-s007-cr002,constructed-response,contentAuthority,25,25,ed40f75ffe3d6ad4e71f6e7919d063410490de360edb425965eccd605ca9d79e
u03-s007-cr002,constructed-response,legacyContentDisposition,39,39,2efcc87c0c9673d2efe77735ae75582eb178c880b07035d8695f010e324b7c71
u03-s008-lecture-r1,lecture,lectureId,19,19,a68a15975df800f759a77809678c3cb42af563c712c6e2434f76bc2c4b24d560
u03-s008-lecture-r1,lecture,unitId,3,3,97ce842ec69dee17c1842918e63b9d4042fa4b35007146dcfb80a09c5000888a
u03-s008-lecture-r1,lecture,topicId,24,24,326b17ae4f5196ef40b28e1a1c7a830421ca958af02230db5604747dc8ba7ef2
u03-s008-lecture-r1,lecture,skillId,27,27,5f2f8d666d252bef335cc616b1265322a5d4f10369bdc814bca52cc04bf18fdf
u03-s008-lecture-r1,lecture,title,20,60,b62b060a11c7d1177c806594b60871afd2b0f6630c3d57c997eea919821222ca
u03-s008-lecture-r1,lecture,audience,10,30,e6b4416fbd9f36797de01256b31a4d6f6314e126fde8495e25792c814f64fc5f
u03-s008-lecture-r1,lecture,reviewStatus,22,22,ec809598e2f7fcc69fad54c9cd045bba62b4a0dc7c0ff90d4efdc3788c9ad8fb
u03-s008-lecture-r1,lecture,learningOutcomes[0],15,45,583ab44cd149d58e32e8c82b0a75f4aca6286feb8863113d047ae4de6cb8ff6f
u03-s008-lecture-r1,lecture,learningOutcomes[1],14,42,6a74d20270ffaa073c354101d533a053c58c60ef1dc1ed44d4d874a32d12190a
u03-s008-lecture-r1,lecture,learningOutcomes[2],16,48,e5adfbeb2373b221a9fb25c34bde5c679c2a91da4e646ff689d7078e0b6e09ff
u03-s008-lecture-r1,lecture,learningOutcomes[3],14,42,0ada145ee39e3184e8f193435071e5d80cc2523627485c159d1dd916cef4c031
u03-s008-lecture-r1,lecture,prerequisites[0].skillId,30,30,cf7d4d0db87211340d62c21e85b6fcdfc6ab473ab6b27c86d0e37b6302db46c7
u03-s008-lecture-r1,lecture,prerequisites[0].requiredLevel,23,69,95c000f3978bd06e8385ccbd96c82d0120020cc4294fa83a978dab58f090e8d6
u03-s008-lecture-r1,lecture,glossary[0].term,2,6,5487e77b737afa2e03c011074de5cc779e35f41b8b1f514ce5e1ab506bb20943
u03-s008-lecture-r1,lecture,glossary[0].definition,8,24,79349995a40811676fa5c0389f1829f63506fd5d6a378257533fe481e4c686ea
u03-s008-lecture-r1,lecture,glossary[1].term,3,9,226a242075903b058c5019d6e0431b57ab28b545b2f4158cbbc46c99c5a8ccfb
u03-s008-lecture-r1,lecture,glossary[1].definition,17,51,2643c8bfe511bd4b6e6a9dfce4afc9d67efc7ec6a6551fac21ac5546330bce5e
u03-s008-lecture-r1,lecture,glossary[2].term,5,15,155cc7d82309c43ef0795d281c84f9a6e52141cad17292427e185f172527e343
u03-s008-lecture-r1,lecture,glossary[2].definition,23,69,62a65926a02c80ae84fb082a3d9330a98bf7f1a6e6032df0c60c04a4c07a515d
u03-s008-lecture-r1,lecture,glossary[3].term,4,12,1fd548b566dd510e805526ea8c77aa912278f5c448d086c930b73b9d3c82fb0b
u03-s008-lecture-r1,lecture,glossary[3].definition,15,45,e7f7f627cadc40ab86315e7cf067ae02c4b17c5c636a587f379b3ab66b5f027a
u03-s008-lecture-r1,lecture,notation[0].symbol,3,3,e204cf058e4728aa1d7a431fcd3bd26e7b08cdcdca7d1f84c55c7f5d8710272a
u03-s008-lecture-r1,lecture,notation[0].meaning,11,29,03483bbe8d72a509566e1ea8d5ae1c81791a89bc6358015333e3264e508b9e39
u03-s008-lecture-r1,lecture,notation[1].symbol,3,3,ea08379cc5bfa518fb387b2adecd6b40888ffd6a558dd4f97cc2515d0bae5fe5
u03-s008-lecture-r1,lecture,notation[1].meaning,11,29,5beb3e3c6db9d0e845545717dc43573cec4d312444d9dbec4f3c6c3a3eedde84
u03-s008-lecture-r1,lecture,conceptNarrative[0],20,60,e87965f831f79cfc97a82d611869c404b9e158d68e2dd177b46b5c5f3b1388a3
u03-s008-lecture-r1,lecture,conceptNarrative[1],29,79,463e74ff76c3e231c4fc9fc6b2db151e3b9c2dda8fe2f0ee4cad8ea3253f2f9f
u03-s008-lecture-r1,lecture,conceptNarrative[2],18,54,b2f444958226ffa6b7087157e116b75fd1f0bf02de536bfe9bf687440d64d4d2
u03-s008-lecture-r1,lecture,conceptNarrative[3],24,70,95d5a2a34679933847ee91ec40159989a19857f5f42f866eff5efe9e3c041563
u03-s008-lecture-r1,lecture,formalDefinitions[0].name,4,12,7eb99351b68f856f8bf4e03d42a619f1b9974487bf5cf5bb66d8050fdd4f3950
u03-s008-lecture-r1,lecture,formalDefinitions[0].statement,21,45,3feaaff1643ca62ca70df3eca9dc571c1688b7ef8c39a7c469f9383ac736c9cb
u03-s008-lecture-r1,lecture,formalDefinitions[1].name,5,15,c7b0533297837fcafb9b53fa0eb7be60412fb5bacc1b0090d310c37e063c44ff
u03-s008-lecture-r1,lecture,formalDefinitions[1].statement,18,54,7f357dd955d4e5c22bda4b72155d6c605ae3b89358be4c34a60b795e6de4c2da
u03-s008-lecture-r1,lecture,formulas[0].formula,10,10,f4a32ecae0d5d2c7ad60a9c4ff69719e6c0f38fa124ebb16bc6d9d83c2b2428c
u03-s008-lecture-r1,lecture,formulas[0].conditions[0],10,28,d880cddc8ee6db90702e797ceee4779a047df626d3fa9df23ad5367f1f32283c
u03-s008-lecture-r1,lecture,formulas[0].meaning,7,21,7a7cea7b9c903cbb67f424539d6482cf5cb4b2ec21dab564faff89bdd4cd1547
u03-s008-lecture-r1,lecture,formulas[1].formula,10,10,4c73eee8b82153b87ecb8546f9071b71dc7d506c5c58ef0938ddfec50722f42f
u03-s008-lecture-r1,lecture,formulas[1].conditions[0],10,28,58c1b2f0ae3b5437b43a57b3cdb270a636642ecd9651717019303f2ed6c576ed
u03-s008-lecture-r1,lecture,formulas[1].meaning,7,21,b0fbf20016adedb263e1db076b96a380813cc8edb04aaa99520589aecda2833f
u03-s008-lecture-r1,lecture,nonApplicableCases[0],11,33,461ff5daecd193269459885f9335dc5c6de9a521dd5f414031149cd6e2317baa
u03-s008-lecture-r1,lecture,nonApplicableCases[1],16,48,669d2e87f0165c4b951191d6700b8713695ab89dcd4e8ee7fc8b3831a7f0ef48
u03-s008-lecture-r1,lecture,nonApplicableCases[2],19,57,4ee897621801108300d1b1268d56867043c65f38683a9ab0d883970836b65b6a
u03-s008-lecture-r1,lecture,nonApplicableCases[3],7,21,6ae2e94a17932fd9f1d26fbbfbe27d117f3aab0dc4a56b43ee25e587fda6378b
u03-s008-lecture-r1,lecture,method[0].instruction,12,36,0b0113696e1c1c194e32a2abab2e259ea781ebb4a9ead9e2bdf8ed49a0722a42
u03-s008-lecture-r1,lecture,method[0].check,13,39,00eb6efa10de4ecbc4d5329d9e2cbf832ec552786764186efd6b10f953b6b720
u03-s008-lecture-r1,lecture,method[1].instruction,8,24,adc35168aed3e31e91089495f3078455039f34ce991f12ccd83ead29ed100b7f
u03-s008-lecture-r1,lecture,method[1].check,9,27,32c36b098be350747bdba405f6ecd61f4c866c3b692fa260fc4eb06bde481f4f
u03-s008-lecture-r1,lecture,method[2].instruction,14,42,0d03cac752197602c26a2f6e553da42e1f4f7e7855e80af8e8b256a6015cd0f9
u03-s008-lecture-r1,lecture,method[2].check,11,33,18ecb1c2eb4e322cdb2cc2bb99dfa776e6f617bf91877b22a7e9d25131567a65
u03-s008-lecture-r1,lecture,method[3].instruction,10,30,51437d5d23e060c25b2f17f8978504db8f9e2b4bb436ade585f59980853d2b0d
u03-s008-lecture-r1,lecture,method[3].check,9,27,b3e55fadea5c2f436c840b9644e92d4f90d55a048e1c3a611394977e0de5091a
u03-s008-lecture-r1,lecture,method[4].instruction,12,36,77d8a7958963b640789cb36a156421aaf8b4143cfb1b9717008588ae5f9747b8
u03-s008-lecture-r1,lecture,method[4].check,14,42,b04df93ecf66fdcb6efac1c7f773441bcc937d3cd762881ab153bc7354b10f65
u03-s008-lecture-r1,lecture,workedExamples[0].exampleId,2,2,dffe8596427fc50e8f64654a609af134d45552f18bbecef90b31135a9e7acaa0
u03-s008-lecture-r1,lecture,workedExamples[0].prompt,17,45,ea6b025a7451f46d8dcbf0699542e0580ae4443cda9e67a9ecbec503bf1b5c84
u03-s008-lecture-r1,lecture,workedExamples[0].solutionSteps[0],12,28,32d70f680895ec04411e3ba0b3bfc457d8a525aaff1c085b3d97d0bb3febcfa7
u03-s008-lecture-r1,lecture,workedExamples[0].solutionSteps[1],8,10,09efd58079d49c05665f30a59c46ccec692a0eba6b65f8283af5052aae13725f
u03-s008-lecture-r1,lecture,workedExamples[0].solutionSteps[2],5,7,abc24eee71d8a249fcdf1caa1718e88858142b685cd9a3c569545ddf06938cc1
u03-s008-lecture-r1,lecture,workedExamples[0].answer,12,28,071848306b2c01fc6bd3877fe7e3a928585cf56a12c2dd92d92b2a70dc672e65
u03-s008-lecture-r1,lecture,workedExamples[1].exampleId,2,2,d76354d8457898445bb69e0dc0dc95fb74cc3cf334f8c1859162a16ad0041f8d
u03-s008-lecture-r1,lecture,workedExamples[1].prompt,16,40,0d0e9d2e44b6109a6b78ff4dd6b25c3384aa291b06f6069cda287c18859a6b93
u03-s008-lecture-r1,lecture,workedExamples[1].solutionSteps[0],7,19,30dd44200485b63159bb9003d21a84908c5cc8a4887500bf8e4e202639febb56
u03-s008-lecture-r1,lecture,workedExamples[1].solutionSteps[1],10,12,f99ac153a64353b63fc199ca60ff1fd2b16c6b688fe0db9aa45b3aca92cb5ad8
u03-s008-lecture-r1,lecture,workedExamples[1].solutionSteps[2],5,7,c739d9ff20abe7a5ec74cbba232303e60cd2c3b6aba37cf406e6879279326f7d
u03-s008-lecture-r1,lecture,workedExamples[1].answer,8,20,461c856599f7bc50fcd020d57269a5fa01e6e28d58a363face8c69fb9ce23a95
u03-s008-lecture-r1,lecture,workedExamples[2].exampleId,2,2,842983de8fb1d277a3fad5c8295c7a14317c458718a10c5a35b23e7f992a5c80
u03-s008-lecture-r1,lecture,workedExamples[2].prompt,19,49,e34f2b8df8369a55c6e8309411b1fe09d63fd2508896d2dc7837e7f7b0c0fe1c
u03-s008-lecture-r1,lecture,workedExamples[2].solutionSteps[0],9,21,70f085dcdf97062ce2d0e1ddc4e0e8aebeae98292ec562fd45fb515a024e5ee2
u03-s008-lecture-r1,lecture,workedExamples[2].solutionSteps[1],10,12,269463039dae9aea207126e0fc95aaa8bd43cec1395a2913247ec27c600b06a5
u03-s008-lecture-r1,lecture,workedExamples[2].solutionSteps[2],5,7,abc24eee71d8a249fcdf1caa1718e88858142b685cd9a3c569545ddf06938cc1
u03-s008-lecture-r1,lecture,workedExamples[2].answer,8,20,2bafcc74780695b42894eaa47336fab17d656c55b6678663e7bc4b236359dcc0
u03-s008-lecture-r1,lecture,workedExamples[3].exampleId,2,2,4a5a97c6433c4c062457e9335709d57493e75527809d8a9586c141e591ac9f2c
u03-s008-lecture-r1,lecture,workedExamples[3].prompt,20,42,db769281545deb4bb4030f20acc97758de9ec557de817c8e756f69d92b07a2a7
u03-s008-lecture-r1,lecture,workedExamples[3].solutionSteps[0],8,10,03d0be0377bf0e7eaec28b4bdc0547134ddc422ad29a538deb8d71f8f3be8cc2
u03-s008-lecture-r1,lecture,workedExamples[3].solutionSteps[1],5,7,e843a7c142fc8ac888eccc3f1c207c61d3a80f76d5981270ec8b8b77b731dc2d
u03-s008-lecture-r1,lecture,workedExamples[3].answer,10,18,f7a9ddd1fe934b0e88195d796c81bd781c86c7b71f9285bfd9b7da7d06ccbebc
u03-s008-lecture-r1,lecture,commonMistakes[0].mistake,9,27,961dfb8f69a75c660907005853ecaa1a2f3e2332c2043fd5b6828e6749b8fd01
u03-s008-lecture-r1,lecture,commonMistakes[0].why,8,24,9d33e780fb60ff5669ef9effc2f413664f50d5af46bea4c06c94fabdd51cce04
u03-s008-lecture-r1,lecture,commonMistakes[0].correction,9,27,c96c346ef5d58be92c6c9c1d93a98370335ddf96fcd865730f52d0388e32c70e
u03-s008-lecture-r1,lecture,commonMistakes[1].mistake,13,37,39f6c7b3fd95e010a94862c0642fe46f91d02f7d10bae24ff73c9c3f7ad4f053
u03-s008-lecture-r1,lecture,commonMistakes[1].why,9,27,39b6361775e4fc3bb120fdbf72d58d6f265a847172156214629090097d4323c7
u03-s008-lecture-r1,lecture,commonMistakes[1].correction,10,30,6308858a968ed28fdb1ea6ea3ec92d789d8bc26c55ee13cfd4a4525d1d581f13
u03-s008-lecture-r1,lecture,commonMistakes[2].mistake,11,33,742789a39c471a790cb77c45e996b86428febf6a36ce0fbf601fd4cad386b742
u03-s008-lecture-r1,lecture,commonMistakes[2].why,11,33,3f1ed9ef3d650f4b08e8859ac5d8e4febb3392359c6f3a237cf24e0cf1490a6e
u03-s008-lecture-r1,lecture,commonMistakes[2].correction,5,15,15242096128b1dbd3edbc9e0daf9bfdfcccd6f4581412d851e40e83aa337cdf1
u03-s008-lecture-r1,lecture,commonMistakes[3].mistake,10,30,f3c3784b566e5b74147f78eb11466285a594576eac7a266d06a7941691222ad3
u03-s008-lecture-r1,lecture,commonMistakes[3].why,7,21,4504567d62101a7761eea05f43ddd957f36c50d0a628dc2d01c1b80c43555f06
u03-s008-lecture-r1,lecture,commonMistakes[3].correction,9,27,4e199457892db27a471b0172f41d8bbd37d950be46712280708e4208a28b3daa
u03-s008-lecture-r1,lecture,commonMistakes[4].mistake,9,27,88ea5881bf9a54043ce1996761c5918c57b7d15640e7d3c81976703dc16def55
u03-s008-lecture-r1,lecture,commonMistakes[4].why,6,18,7363674c0e33e932310530637240c966b97913ac504eb44ca78a65ece46b2b1b
u03-s008-lecture-r1,lecture,commonMistakes[4].correction,8,24,9e020f9632acaf66ec08671a9369b75da48a2e951c536bc9e7b4c973ee541779
u03-s008-lecture-r1,lecture,commonMistakes[5].mistake,12,36,2940b4fe6446c4da7debabfaec914838fd6b31dee101453f36f65ff055a85570
u03-s008-lecture-r1,lecture,commonMistakes[5].why,7,21,d01a694e5614639c54adc85b8e33a19aba45585c05070f5d49b6e22e7bc1afa2
u03-s008-lecture-r1,lecture,commonMistakes[5].correction,16,48,6a18ba6ab4ff1715b36f60f8bf7e4e1c4c6f3f15d041a7972b478bdaba9e7aca
u03-s008-lecture-r1,lecture,selfCheck[0],14,42,ef6c38470a400f524929115bcbdf9c1c3cc36e7ec360b91bb3825c27cfccf26d
u03-s008-lecture-r1,lecture,selfCheck[1],13,39,0ad62737a3ca86cf14ac8f604605f0e50f43eec2c7ae12978f3a6ba0b3f62aec
u03-s008-lecture-r1,lecture,selfCheck[2],10,30,1093dc03dcda3396f6b5af2180e47e6ce8034b605de122fd803217a38154f8ed
u03-s008-lecture-r1,lecture,selfCheck[3],13,39,058bc18f2bfdbad692faabac33842505afbe04d83588a2024f458cfd6a38f94e
u03-s008-lecture-r1,lecture,selfCheck[4],16,48,f1363472e2f8d3fb9d3583c5352bff549a16298dbf6c6bc307dac788a16a60f5
u03-s008-lecture-r1,lecture,summary[0],7,21,ee26fe34c3e7cf329a5698d5b0d8888846892ff33ba77c059d7964b2f2ae5cf6
u03-s008-lecture-r1,lecture,summary[1],11,33,31262c9d6dc5ef22964928d2c9d54b413567487fc769dfb21d39ed9f1da61eef
u03-s008-lecture-r1,lecture,summary[2],11,33,2a070d3a01c4ffc3e48e5cf19b85f90049e14c768d7b3c93ed77e7471b8600a3
u03-s008-lecture-r1,lecture,summary[3],12,36,2d6afab11ee0039ab0e6fb34f8512c5e0463364639229ec39bbf2534f943084a
u03-s008-lecture-r1,lecture,connections.previous,15,45,7081b9f36f57af4174cc65b898dfadaa2091380c845f644cdbd83a4ece02b18d
u03-s008-lecture-r1,lecture,connections.next[0],17,51,73f18560a8eec7474ac25ad0d192ee5f254b9acd6259ae7981fab0cc2a6e2c9b
u03-s008-lecture-r1,lecture,connections.next[1],17,51,2a82427bd2d8e5bca60ec5de99224934fe9119194df21b22fb60321b0f4c381c
u03-s008-lecture-r1,lecture,practiceLinks.mcQuestionIds[0],13,13,8eb7a019f6d149f169e6228392b6932c9b890e252ceb998ed085577e1d6cc6c7
u03-s008-lecture-r1,lecture,practiceLinks.mcQuestionIds[1],13,13,6980568952a09074c729b663e9beda81ab31d9bc4e2ff92675c53efbdaaad3a1
u03-s008-lecture-r1,lecture,practiceLinks.mcQuestionIds[2],13,13,bdca5e5e4b0892c5b4f7bf3ef2d2d784e919e3dac2873b58c04cbbe26451bd73
u03-s008-lecture-r1,lecture,practiceLinks.mcQuestionIds[3],13,13,7a9710f7dc2dfe54f18e082ee1fad93fa0a6888f4add0f8753d6f0ccd968686d
u03-s008-lecture-r1,lecture,practiceLinks.mcQuestionIds[4],13,13,e78fbc1c68144d17f5441b47798ac3b422ff79b7a3a31a4506f9625c9885b44b
u03-s008-lecture-r1,lecture,practiceLinks.mcQuestionIds[5],13,13,462ee173ad8f830c470837312c650e4d47bd884d3ddaa00c5267c00634e94c6f
u03-s008-lecture-r1,lecture,practiceLinks.mcQuestionIds[6],13,13,6de6d61fc29ee6fe22cc0112fa88ea64ef127db1d70cd825615eb89665a8c96d
u03-s008-lecture-r1,lecture,practiceLinks.mcQuestionIds[7],13,13,332e0162eedbbd25914e9ef83056ff5531fdd12a887d7538c2680200ee3df09b
u03-s008-lecture-r1,lecture,practiceLinks.mcQuestionIds[8],13,13,5c17026b5bc18874b682daabaa5b1d414e0a385f141122aa135b22aea86f58b2
u03-s008-lecture-r1,lecture,practiceLinks.mcQuestionIds[9],13,13,6eae37978ba7734b41d923d2a210eadd0f85d094a5dd5a7e34f41b97017cfcdb
u03-s008-lecture-r1,lecture,practiceLinks.mcQuestionIds[10],13,13,af3558a35a1c0454bc0277f60c8fe04d1c5de19dd387bd8cd80338e8497f3bb4
u03-s008-lecture-r1,lecture,practiceLinks.mcQuestionIds[11],13,13,10f495d13158cd957d97dcdf2073f5c800495e6ad5aa2fbc9768c1e471df77f1
u03-s008-lecture-r1,lecture,practiceLinks.constructedResponseIds[0],14,14,982f9a4b06f4ff490418f9c53954749d17df4ba314046c32aa2922305dacfe92
u03-s008-lecture-r1,lecture,practiceLinks.constructedResponseIds[1],14,14,8ac5f170875cfb080865e02a1d61e64b289be57d892f88742c19e5561fe2f774
u03-s008-lecture-r1,lecture,lectureReview.mathematicalCorrectness,4,4,d74ff0ee8da3b9806b18c877dbf29bbde50b5bd8e4dad7a3a725000feb82e8f1
u03-s008-lecture-r1,lecture,lectureReview.zeroFoundationReadability,4,4,d74ff0ee8da3b9806b18c877dbf29bbde50b5bd8e4dad7a3a725000feb82e8f1
u03-s008-lecture-r1,lecture,lectureReview.scopeCheck,21,21,fdf8268f0373301b2fcc6331f1d8999b8aabea69681e8bc972ab9a21216a7606
u03-s008-lecture-r1,lecture,lectureReview.reviewNote,75,159,e1c9d40dfa61711fe05e618ffb7b06050350ffeb1ee05d19cb8a243a4593c56f
u03-s008-lecture-r1,lecture,lectureReview.reviewVersion,25,25,413c3743bf06637b23333702bf9263e0db21fd6b3c3879070d877faca58db442
u03-s008-lecture-r1,lecture,lectureReview.reviewedAt,10,10,14158d45727526145ef514139eeb669eb54d613dbcffe524f099dbb71c9d8b08
u03-s008-lecture-r1,lecture,contentSha256,64,64,a77cb8e1d24aa665ddb4f8f0c9c0014cfbcec1fb06e28d99d4097e1b1a69bbcf
u03-s008-lecture-r1,lecture,contentAuthority,25,25,ed40f75ffe3d6ad4e71f6e7919d063410490de360edb425965eccd605ca9d79e
u03-s008-lecture-r1,lecture,legacyContentDisposition,40,40,bb8421a43fb9d90c642b60311f091a34addbe10678daf757010d688c8c2a21b3
u03-s008-v001,question,questionId,13,13,8eb7a019f6d149f169e6228392b6932c9b890e252ceb998ed085577e1d6cc6c7
u03-s008-v001,question,unitId,3,3,97ce842ec69dee17c1842918e63b9d4042fa4b35007146dcfb80a09c5000888a
u03-s008-v001,question,topicId,24,24,326b17ae4f5196ef40b28e1a1c7a830421ca958af02230db5604747dc8ba7ef2
u03-s008-v001,question,skillId,27,27,5f2f8d666d252bef335cc616b1265322a5d4f10369bdc814bca52cc04bf18fdf
u03-s008-v001,question,difficulty,5,5,fbb7b5bf4ca348eeeebf8cc3660712859a5a1fbf18e83217a57ce203fb51d5c2
u03-s008-v001,question,type,2,2,6bc0f9c4ecb0acbebf1b9f6c816bdd66f4885f67c917d9e141cf893014fba936
u03-s008-v001,question,visualMode,9,9,9c7d54b0bf7a9369d8594201c7b11955514343809d09fbec33966c1fd9794015
u03-s008-v001,question,sourceScope,19,19,a4b669ddb8ef1883391c07a7b633f12eeaeecee7ec37c09eea4931aff6644346
u03-s008-v001,question,text,29,71,e1d8c51e6bcc141f715f0a8bacd96d6313f9a44cda3228d6c548d0a87d5fa7cf
u03-s008-v001,question,choices[0],2,2,6b51d431df5d7f141cbececcf79edf3dd861c3b4069f0b11661a3eefacbba918
u03-s008-v001,question,choices[1],2,2,4a44dc15364204a80fe80e9039455cc1608281820fe2b24f1e5233ade6af1dd5
u03-s008-v001,question,choices[2],2,2,59e19706d51d39f66711c2653cd7eb1291c94d9b55eb14bda74ce4dc636d015a
u03-s008-v001,question,choices[3],2,2,a21855da08cb102d1d217c53dc5824a3a795c1c1a44e971bf01ab9da3a2acbbf
u03-s008-v001,question,explanation,30,60,59c6c92d56c5010caca98c5b2563adfefcb6388afc6bfa00f6f56b7298439459
u03-s008-v001,question,steps[0],8,10,e66566e5af66021df08f7f2303d4bc14e9504ee72fcef8124ff4e7652b541e20
u03-s008-v001,question,steps[1],5,11,f532c905a1287663dbbe9f2cb379e0d729caecb65111cb8a98e20838f101267a
u03-s008-v001,question,steps[2],4,4,3dfa6b334aa73a316f227732963b964b8e5cf83d7dca309c36f67aa05f679232
u03-s008-v001,question,optionAnalysis[0].choice,2,2,6b51d431df5d7f141cbececcf79edf3dd861c3b4069f0b11661a3eefacbba918
u03-s008-v001,question,optionAnalysis[0].reason,32,70,60ac70fc0069651bd9977d8588403b2f88f9b1bdeea7656e5a0ba5712a64d64e
u03-s008-v001,question,optionAnalysis[1].choice,2,2,4a44dc15364204a80fe80e9039455cc1608281820fe2b24f1e5233ade6af1dd5
u03-s008-v001,question,optionAnalysis[1].reason,8,14,e92774494b0b6dd9685c3e50bd054c4f128a8a7a9888268ad38e9fc534109f47
u03-s008-v001,question,optionAnalysis[2].choice,2,2,59e19706d51d39f66711c2653cd7eb1291c94d9b55eb14bda74ce4dc636d015a
u03-s008-v001,question,optionAnalysis[2].reason,10,30,29f48471433286b77f67e29dd11a67e310e37c4d6487f66b8f71b3ba71e1a2e5
u03-s008-v001,question,optionAnalysis[3].choice,2,2,a21855da08cb102d1d217c53dc5824a3a795c1c1a44e971bf01ab9da3a2acbbf
u03-s008-v001,question,optionAnalysis[3].reason,6,18,f53e20eae74a8d2ea6292ba182dadf3772b2794dd43eba0a74c3aecfcb24c44b
u03-s008-v001,question,commonMistake,13,39,030e530f9d9d94d84a24f9f77d512caae6eea6e749214b3a98710bcff05f8c61
u03-s008-v001,question,concept,12,32,ad98e3c21b3cc7cb3dec3edcd3828361bb267e5c8a364199a3714d5512aca058
u03-s008-v001,question,tags[0],2,6,32f6541b44ed479dbf6cc8c7dd98824e49e03974d72ad8b65c33383a9cbb349f
u03-s008-v001,question,tags[1],4,12,538b4371aecc8fab5630e7d532b976e50fc33ee938435f7dd6b7e1e0efb5b292
u03-s008-v001,question,tags[2],5,5,fbb7b5bf4ca348eeeebf8cc3660712859a5a1fbf18e83217a57ce203fb51d5c2
u03-s008-v001,question,estimatedTimeSec,2,2,f369cb89fc627e668987007d121ed1eacdc01db9e28f8bb26f358b7d8c4f08ac
u03-s008-v001,question,prerequisiteSkillIds[0],30,30,cf7d4d0db87211340d62c21e85b6fcdfc6ab473ab6b27c86d0e37b6302db46c7
u03-s008-v001,question,authoringIntent,10,30,29fae8a30ad2c64e06c0e44c010fcbf9b4e61ece15d259e85d029815d5c7a102
u03-s008-v001,question,reviewStatus,22,22,ec809598e2f7fcc69fad54c9cd045bba62b4a0dc7c0ff90d4efdc3788c9ad8fb
u03-s008-v001,question,contentSha256,64,64,29be6a5522735257b3d723830eaacd129c8f16a87513640da3e987ede7768b52
u03-s008-v001,question,contentAuthority,25,25,ed40f75ffe3d6ad4e71f6e7919d063410490de360edb425965eccd605ca9d79e
u03-s008-v001,question,legacyContentDisposition,39,39,2efcc87c0c9673d2efe77735ae75582eb178c880b07035d8695f010e324b7c71
u03-s008-v002,question,questionId,13,13,6980568952a09074c729b663e9beda81ab31d9bc4e2ff92675c53efbdaaad3a1
u03-s008-v002,question,unitId,3,3,97ce842ec69dee17c1842918e63b9d4042fa4b35007146dcfb80a09c5000888a
u03-s008-v002,question,topicId,24,24,326b17ae4f5196ef40b28e1a1c7a830421ca958af02230db5604747dc8ba7ef2
u03-s008-v002,question,skillId,27,27,5f2f8d666d252bef335cc616b1265322a5d4f10369bdc814bca52cc04bf18fdf
u03-s008-v002,question,difficulty,5,5,fbb7b5bf4ca348eeeebf8cc3660712859a5a1fbf18e83217a57ce203fb51d5c2
u03-s008-v002,question,type,2,2,6bc0f9c4ecb0acbebf1b9f6c816bdd66f4885f67c917d9e141cf893014fba936
u03-s008-v002,question,visualMode,9,9,9c7d54b0bf7a9369d8594201c7b11955514343809d09fbec33966c1fd9794015
u03-s008-v002,question,sourceScope,19,19,a4b669ddb8ef1883391c07a7b633f12eeaeecee7ec37c09eea4931aff6644346
u03-s008-v002,question,text,28,70,c69fca67c3a4932e184a48d961f346d76221112639f566012d2520aa4dda0966
u03-s008-v002,question,choices[0],2,2,6b51d431df5d7f141cbececcf79edf3dd861c3b4069f0b11661a3eefacbba918
u03-s008-v002,question,choices[1],2,2,8527a891e224136950ff32ca212b45bc93f69fbb801c3b1ebedac52775f99e61
u03-s008-v002,question,choices[2],2,2,4ec9599fc203d176a301536c2e091a19bc852759b255bd6818810a42c5fed14a
u03-s008-v002,question,choices[3],2,2,73475cb40a568e8da8a045ced110137e159f890ac4da883b6b17dc651b3a8049
u03-s008-v002,question,explanation,32,60,4f0c1eef09c5f8ad34b101c89394c19663c4072f29f021224a8b9439beef714c
u03-s008-v002,question,steps[0],8,10,1c52a67bc4f184654a0421dd8cced9343923d44ca6116b3bfe47c68182f47943
u03-s008-v002,question,steps[1],7,11,f0a660c28b1e3fc58ca134ee17ab4e37d03b3ea71c4649ae5effc44371bb1cb3
u03-s008-v002,question,steps[2],4,4,9e1f6edd0a797cf5e4e8c3a81599f7264ab380eefd5f8e1135db0953008b134d
u03-s008-v002,question,optionAnalysis[0].choice,2,2,6b51d431df5d7f141cbececcf79edf3dd861c3b4069f0b11661a3eefacbba918
u03-s008-v002,question,optionAnalysis[0].reason,10,26,049f23175f0f934f7af8e7bcc44fab04eae7004d99dca7c9f72b46864a7b8985
u03-s008-v002,question,optionAnalysis[1].choice,2,2,8527a891e224136950ff32ca212b45bc93f69fbb801c3b1ebedac52775f99e61
u03-s008-v002,question,optionAnalysis[1].reason,36,82,f99c7964cff0188b6c0759c3e6d4f2bc68268bfdfa93f4bf1363322da1d24ab5
u03-s008-v002,question,optionAnalysis[2].choice,2,2,4ec9599fc203d176a301536c2e091a19bc852759b255bd6818810a42c5fed14a
u03-s008-v002,question,optionAnalysis[2].reason,8,22,683731c2f64834ab1b2458fd7a6e5f3b3abb105d7f03f6ec63a81d7b640be5d6
u03-s008-v002,question,optionAnalysis[3].choice,2,2,73475cb40a568e8da8a045ced110137e159f890ac4da883b6b17dc651b3a8049
u03-s008-v002,question,optionAnalysis[3].reason,8,20,e9f3e4256089bb001536a583f6f0b40c54e7a76b89e66fe696ed4bbf7a374391
u03-s008-v002,question,commonMistake,7,19,028ca02680b562f5d46685db2d3b056df6e6218d708db724a1a7f76dedc096a7
u03-s008-v002,question,concept,10,30,6f46382ff0b83d452e42e89af6466f17524791587a91e0264758c9d3d9953c72
u03-s008-v002,question,tags[0],2,6,32f6541b44ed479dbf6cc8c7dd98824e49e03974d72ad8b65c33383a9cbb349f
u03-s008-v002,question,tags[1],4,12,538b4371aecc8fab5630e7d532b976e50fc33ee938435f7dd6b7e1e0efb5b292
u03-s008-v002,question,tags[2],5,5,fbb7b5bf4ca348eeeebf8cc3660712859a5a1fbf18e83217a57ce203fb51d5c2
u03-s008-v002,question,estimatedTimeSec,2,2,f369cb89fc627e668987007d121ed1eacdc01db9e28f8bb26f358b7d8c4f08ac
u03-s008-v002,question,prerequisiteSkillIds[0],30,30,cf7d4d0db87211340d62c21e85b6fcdfc6ab473ab6b27c86d0e37b6302db46c7
u03-s008-v002,question,authoringIntent,9,27,2313d823d6a5fe758e1beaa94c81b33a613f07ac599a28ffb7d58164a3b9a411
u03-s008-v002,question,reviewStatus,22,22,ec809598e2f7fcc69fad54c9cd045bba62b4a0dc7c0ff90d4efdc3788c9ad8fb
u03-s008-v002,question,contentSha256,64,64,fa7a5ba06318d4a21f4297c29fe436aa5ce1b737706a949e023058f91b8d0990
u03-s008-v002,question,contentAuthority,25,25,ed40f75ffe3d6ad4e71f6e7919d063410490de360edb425965eccd605ca9d79e
u03-s008-v002,question,legacyContentDisposition,39,39,2efcc87c0c9673d2efe77735ae75582eb178c880b07035d8695f010e324b7c71
u03-s008-v003,question,questionId,13,13,bdca5e5e4b0892c5b4f7bf3ef2d2d784e919e3dac2873b58c04cbbe26451bd73
u03-s008-v003,question,unitId,3,3,97ce842ec69dee17c1842918e63b9d4042fa4b35007146dcfb80a09c5000888a
u03-s008-v003,question,topicId,24,24,326b17ae4f5196ef40b28e1a1c7a830421ca958af02230db5604747dc8ba7ef2
u03-s008-v003,question,skillId,27,27,5f2f8d666d252bef335cc616b1265322a5d4f10369bdc814bca52cc04bf18fdf
u03-s008-v003,question,difficulty,5,5,fbb7b5bf4ca348eeeebf8cc3660712859a5a1fbf18e83217a57ce203fb51d5c2
u03-s008-v003,question,type,2,2,6bc0f9c4ecb0acbebf1b9f6c816bdd66f4885f67c917d9e141cf893014fba936
u03-s008-v003,question,visualMode,9,9,9c7d54b0bf7a9369d8594201c7b11955514343809d09fbec33966c1fd9794015
u03-s008-v003,question,sourceScope,19,19,a4b669ddb8ef1883391c07a7b633f12eeaeecee7ec37c09eea4931aff6644346
u03-s008-v003,question,text,35,87,7eb816d2e09dde42ab7803873fbd36c52552097258eb98c37fb2346a09266dc5
u03-s008-v003,question,choices[0],1,1,2c624232cdd221771294dfbb310aca000a0df6ac8b66b696d90ef06fdefb64a3
u03-s008-v003,question,choices[1],2,2,4ec9599fc203d176a301536c2e091a19bc852759b255bd6818810a42c5fed14a
u03-s008-v003,question,choices[2],2,2,3fdba35f04dc8c462986c992bcf875546257113072a909c162f7e470e581e278
u03-s008-v003,question,choices[3],2,2,5f9c4ab08cac7457e9111a30e4664920607ea2c115a1433d7be98e97e64244ca
u03-s008-v003,question,explanation,38,82,59e9158eddd1593c3536ff7c4f0e6e975d44d7417666b21b227816b917014c99
u03-s008-v003,question,steps[0],9,25,47f640cfd227ccd55c302876f7b3fd86c907230e523f8f142e2c3a271d11bb7c
u03-s008-v003,question,steps[1],10,12,efbd2a1897d2f8674e3f6562ceb68779a1bae35426f5713c9488efc32e1e5dff
u03-s008-v003,question,steps[2],6,10,a42732dcffe6629ea2088f4823e6940da4bca41f94ca596d9ea67f9d0c070af4
u03-s008-v003,question,optionAnalysis[0].choice,1,1,2c624232cdd221771294dfbb310aca000a0df6ac8b66b696d90ef06fdefb64a3
u03-s008-v003,question,optionAnalysis[0].reason,8,20,b42a558490b0db6734e5292718122cc3d59da8368d05eae2925a7e691b8043cd
u03-s008-v003,question,optionAnalysis[1].choice,2,2,4ec9599fc203d176a301536c2e091a19bc852759b255bd6818810a42c5fed14a
u03-s008-v003,question,optionAnalysis[1].reason,10,28,901cdbb814559941d35729222cec508d4289e0e15da01cca76048103d6437c03
u03-s008-v003,question,optionAnalysis[2].choice,2,2,3fdba35f04dc8c462986c992bcf875546257113072a909c162f7e470e581e278
u03-s008-v003,question,optionAnalysis[2].reason,50,102,8b19d194a29f3de6f811c124728d9046111a5a452bcf1481c82379eb6b1e4a11
u03-s008-v003,question,optionAnalysis[3].choice,2,2,5f9c4ab08cac7457e9111a30e4664920607ea2c115a1433d7be98e97e64244ca
u03-s008-v003,question,optionAnalysis[3].reason,13,37,5f457a88c10fe22c2414ec29f8e5f7a6a7f45d6daf4beec586c48fa77f0decd1
u03-s008-v003,question,commonMistake,10,28,a7577246896ebc4905e1b3d057f9a377bd87bb40e4a4215bdeb0679cd3fd7146
u03-s008-v003,question,concept,13,39,655f142ac35bef2dad279d706d7bed5aebb0279849b23dc83dede0a519b159a5
u03-s008-v003,question,tags[0],2,6,32f6541b44ed479dbf6cc8c7dd98824e49e03974d72ad8b65c33383a9cbb349f
u03-s008-v003,question,tags[1],4,12,538b4371aecc8fab5630e7d532b976e50fc33ee938435f7dd6b7e1e0efb5b292
u03-s008-v003,question,tags[2],5,5,fbb7b5bf4ca348eeeebf8cc3660712859a5a1fbf18e83217a57ce203fb51d5c2
u03-s008-v003,question,estimatedTimeSec,2,2,f369cb89fc627e668987007d121ed1eacdc01db9e28f8bb26f358b7d8c4f08ac
u03-s008-v003,question,prerequisiteSkillIds[0],30,30,cf7d4d0db87211340d62c21e85b6fcdfc6ab473ab6b27c86d0e37b6302db46c7
u03-s008-v003,question,authoringIntent,13,39,9ffc590ed65bc0cddd59f8bf65f26891e7b202090e5efd8109c69ce8eedf92db
u03-s008-v003,question,reviewStatus,22,22,ec809598e2f7fcc69fad54c9cd045bba62b4a0dc7c0ff90d4efdc3788c9ad8fb
u03-s008-v003,question,contentSha256,64,64,58b39b83b405db1f7efbc315974e326f69b359efc941427f3d0d4aab071680aa
u03-s008-v003,question,contentAuthority,25,25,ed40f75ffe3d6ad4e71f6e7919d063410490de360edb425965eccd605ca9d79e
u03-s008-v003,question,legacyContentDisposition,39,39,2efcc87c0c9673d2efe77735ae75582eb178c880b07035d8695f010e324b7c71
u03-s008-v004,question,questionId,13,13,7a9710f7dc2dfe54f18e082ee1fad93fa0a6888f4add0f8753d6f0ccd968686d
u03-s008-v004,question,unitId,3,3,97ce842ec69dee17c1842918e63b9d4042fa4b35007146dcfb80a09c5000888a
u03-s008-v004,question,topicId,24,24,326b17ae4f5196ef40b28e1a1c7a830421ca958af02230db5604747dc8ba7ef2
u03-s008-v004,question,skillId,27,27,5f2f8d666d252bef335cc616b1265322a5d4f10369bdc814bca52cc04bf18fdf
u03-s008-v004,question,difficulty,8,8,fe6d3468cf5c74d8ec2a95b40f2e05338c37a4202f8fad692d2b64a9cf9b468a
u03-s008-v004,question,type,2,2,6bc0f9c4ecb0acbebf1b9f6c816bdd66f4885f67c917d9e141cf893014fba936
u03-s008-v004,question,visualMode,9,9,9c7d54b0bf7a9369d8594201c7b11955514343809d09fbec33966c1fd9794015
u03-s008-v004,question,sourceScope,19,19,a4b669ddb8ef1883391c07a7b633f12eeaeecee7ec37c09eea4931aff6644346
u03-s008-v004,question,text,35,87,c79d1be92b05ad2839882074c0fd1ad9a7d5c89169b63de34a5f80e6cb53ab5e
u03-s008-v004,question,choices[0],1,1,19581e27de7ced00ff1ce50b2047e7a567c76b1cbaebabe5ef03f7c3017bb5b7
u03-s008-v004,question,choices[1],2,2,4fc82b26aecb47d2868c4efbe3581732a3e7cbcc6c2efb32062c08170a05eeb8
u03-s008-v004,question,choices[2],2,2,b17ef6d19c7a5b1ee83b907c595526dcb1eb06db8227d650d5dda0a9f4ce8cd9
u03-s008-v004,question,choices[3],2,2,3fdba35f04dc8c462986c992bcf875546257113072a909c162f7e470e581e278
u03-s008-v004,question,explanation,39,81,23d52dba12d8be5600843599730ae2eea0abae8a8c4d6f479a42916d06d8989e
u03-s008-v004,question,steps[0],8,18,91398da6019be1a2df428ff153dc948e7c1602060a5c24c5995d2a171bd591a3
u03-s008-v004,question,steps[1],8,16,c612b04e81821e8cbac1cf086f4d5e3c5bc0c1481ed1d636dc8b4079c0e23b5c
u03-s008-v004,question,steps[2],10,12,daa3d6562fb4c1e9496fb85af77a96726c80106a493467319c7948a965623c1d
u03-s008-v004,question,optionAnalysis[0].choice,1,1,19581e27de7ced00ff1ce50b2047e7a567c76b1cbaebabe5ef03f7c3017bb5b7
u03-s008-v004,question,optionAnalysis[0].reason,8,22,00956344bc51a7962365f6e4eaf30a7e585628f591387775fef45908b4542032
u03-s008-v004,question,optionAnalysis[1].choice,2,2,4fc82b26aecb47d2868c4efbe3581732a3e7cbcc6c2efb32062c08170a05eeb8
u03-s008-v004,question,optionAnalysis[1].reason,9,18,6da2eec95ff088eeb3365858faaae52f954a77c55b35226db1d5efffc739f501
u03-s008-v004,question,optionAnalysis[2].choice,2,2,b17ef6d19c7a5b1ee83b907c595526dcb1eb06db8227d650d5dda0a9f4ce8cd9
u03-s008-v004,question,optionAnalysis[2].reason,12,34,0017284615406653e9c685d0a0686d7c95150e4e567fd121580202baafa89aa1
u03-s008-v004,question,optionAnalysis[3].choice,2,2,3fdba35f04dc8c462986c992bcf875546257113072a909c162f7e470e581e278
u03-s008-v004,question,optionAnalysis[3].reason,50,104,28c07db383f4ee656b4929969860292f798295ca61241f38007b85aa9e46bf91
u03-s008-v004,question,commonMistake,8,22,5012f53448775086e1e2c47d3a7c88bc1abf0bd2d684c0d8dc250fefcbe7b3f4
u03-s008-v004,question,concept,14,42,1546fdd714d6fd5745ed6b346fad453670731ad623e8442a4965e11a89d02b6d
u03-s008-v004,question,tags[0],2,6,32f6541b44ed479dbf6cc8c7dd98824e49e03974d72ad8b65c33383a9cbb349f
u03-s008-v004,question,tags[1],4,12,538b4371aecc8fab5630e7d532b976e50fc33ee938435f7dd6b7e1e0efb5b292
u03-s008-v004,question,tags[2],8,8,fe6d3468cf5c74d8ec2a95b40f2e05338c37a4202f8fad692d2b64a9cf9b468a
u03-s008-v004,question,estimatedTimeSec,2,2,f369cb89fc627e668987007d121ed1eacdc01db9e28f8bb26f358b7d8c4f08ac
u03-s008-v004,question,prerequisiteSkillIds[0],30,30,cf7d4d0db87211340d62c21e85b6fcdfc6ab473ab6b27c86d0e37b6302db46c7
u03-s008-v004,question,authoringIntent,14,42,18c9065166be4dd84d3ba1d54daf2cd404b59341b31251e01424ea9980de07fb
u03-s008-v004,question,reviewStatus,22,22,ec809598e2f7fcc69fad54c9cd045bba62b4a0dc7c0ff90d4efdc3788c9ad8fb
u03-s008-v004,question,contentSha256,64,64,725797a7c51143fa5b03a2685dd59adaf66c7594b718911413207cc103a96d20
u03-s008-v004,question,contentAuthority,25,25,ed40f75ffe3d6ad4e71f6e7919d063410490de360edb425965eccd605ca9d79e
u03-s008-v004,question,legacyContentDisposition,39,39,2efcc87c0c9673d2efe77735ae75582eb178c880b07035d8695f010e324b7c71
u03-s008-v005,question,questionId,13,13,e78fbc1c68144d17f5441b47798ac3b422ff79b7a3a31a4506f9625c9885b44b
u03-s008-v005,question,unitId,3,3,97ce842ec69dee17c1842918e63b9d4042fa4b35007146dcfb80a09c5000888a
u03-s008-v005,question,topicId,24,24,326b17ae4f5196ef40b28e1a1c7a830421ca958af02230db5604747dc8ba7ef2
u03-s008-v005,question,skillId,27,27,5f2f8d666d252bef335cc616b1265322a5d4f10369bdc814bca52cc04bf18fdf
u03-s008-v005,question,difficulty,8,8,fe6d3468cf5c74d8ec2a95b40f2e05338c37a4202f8fad692d2b64a9cf9b468a
u03-s008-v005,question,type,2,2,6bc0f9c4ecb0acbebf1b9f6c816bdd66f4885f67c917d9e141cf893014fba936
u03-s008-v005,question,visualMode,9,9,9c7d54b0bf7a9369d8594201c7b11955514343809d09fbec33966c1fd9794015
u03-s008-v005,question,sourceScope,19,19,a4b669ddb8ef1883391c07a7b633f12eeaeecee7ec37c09eea4931aff6644346
u03-s008-v005,question,text,26,64,c643f636abf071deeea2e90aaa34adf3193c326b736acf2af3df5de95a109f3c
u03-s008-v005,question,choices[0],1,1,e7f6c011776e8db7cd330b54174fd76f7d0216b612387a5ffcfb81e6f0919683
u03-s008-v005,question,choices[1],2,2,6b51d431df5d7f141cbececcf79edf3dd861c3b4069f0b11661a3eefacbba918
u03-s008-v005,question,choices[2],2,2,e629fa6598d732768f7c726b4b621285f9c3b85303900aa912017db7617d8bdb
u03-s008-v005,question,choices[3],2,2,4ec9599fc203d176a301536c2e091a19bc852759b255bd6818810a42c5fed14a
u03-s008-v005,question,explanation,32,68,d121ede3b18fc5a00821637fce379bb5721818e68dc00be8512597b42cac4418
u03-s008-v005,question,steps[0],7,15,c3fa2ebee16a25be752942525a5899197e10d4e9dea3ab28e22a308634f47c09
u03-s008-v005,question,steps[1],8,10,0244f2aabcef28dc8e97133dda09e75beda5a4b8b4e96dbf37b2688b1911b6ec
u03-s008-v005,question,steps[2],4,8,b4adcc0ac603f211747ff738489662fdeb319c3b8dce04dec8c137f747c756a0
u03-s008-v005,question,optionAnalysis[0].choice,1,1,e7f6c011776e8db7cd330b54174fd76f7d0216b612387a5ffcfb81e6f0919683
u03-s008-v005,question,optionAnalysis[0].reason,10,30,fb623ff99a61a390e58bb76d01dadfb9d9ab8acdc4e2eb9046291701b19c349b
u03-s008-v005,question,optionAnalysis[1].choice,2,2,6b51d431df5d7f141cbececcf79edf3dd861c3b4069f0b11661a3eefacbba918
u03-s008-v005,question,optionAnalysis[1].reason,45,93,7703300cd90dccbea12d0ae1ee82d87ee73b331e5911b0978a5dee8fb761a455
u03-s008-v005,question,optionAnalysis[2].choice,2,2,e629fa6598d732768f7c726b4b621285f9c3b85303900aa912017db7617d8bdb
u03-s008-v005,question,optionAnalysis[2].reason,10,30,2b5fa702067303d168cc13eaffedc749e358e4009ac5c4c135c64e629c5db561
u03-s008-v005,question,optionAnalysis[3].choice,2,2,4ec9599fc203d176a301536c2e091a19bc852759b255bd6818810a42c5fed14a
u03-s008-v005,question,optionAnalysis[3].reason,8,20,2a55c43a7aced84b10599d9ccecf38d9dc137ccea8179c92ea480a0adc372155
u03-s008-v005,question,commonMistake,8,18,66d1d5a30f828bb5fe8ca1b18c09843f96767ee438b5d4fe3835d8358aaf379b
u03-s008-v005,question,concept,12,36,b85e403e92614a866239f5adbbea3f189aff76f55c77db2ff34175f9bc1b0fe2
u03-s008-v005,question,tags[0],2,6,32f6541b44ed479dbf6cc8c7dd98824e49e03974d72ad8b65c33383a9cbb349f
u03-s008-v005,question,tags[1],4,12,538b4371aecc8fab5630e7d532b976e50fc33ee938435f7dd6b7e1e0efb5b292
u03-s008-v005,question,tags[2],8,8,fe6d3468cf5c74d8ec2a95b40f2e05338c37a4202f8fad692d2b64a9cf9b468a
u03-s008-v005,question,estimatedTimeSec,2,2,f369cb89fc627e668987007d121ed1eacdc01db9e28f8bb26f358b7d8c4f08ac
u03-s008-v005,question,prerequisiteSkillIds[0],30,30,cf7d4d0db87211340d62c21e85b6fcdfc6ab473ab6b27c86d0e37b6302db46c7
u03-s008-v005,question,authoringIntent,9,27,5f6862f21e7228fe7d88dea4e5612f2fd9f6b226a1937a87fe2387a227b82e62
u03-s008-v005,question,reviewStatus,22,22,ec809598e2f7fcc69fad54c9cd045bba62b4a0dc7c0ff90d4efdc3788c9ad8fb
u03-s008-v005,question,contentSha256,64,64,867d6f31516f6d8fc52ca5af1e3b7fade595b9ca278f9034188b7dbb6518fcac
u03-s008-v005,question,contentAuthority,25,25,ed40f75ffe3d6ad4e71f6e7919d063410490de360edb425965eccd605ca9d79e
u03-s008-v005,question,legacyContentDisposition,39,39,2efcc87c0c9673d2efe77735ae75582eb178c880b07035d8695f010e324b7c71
u03-s008-v006,question,questionId,13,13,462ee173ad8f830c470837312c650e4d47bd884d3ddaa00c5267c00634e94c6f
u03-s008-v006,question,unitId,3,3,97ce842ec69dee17c1842918e63b9d4042fa4b35007146dcfb80a09c5000888a
u03-s008-v006,question,topicId,24,24,326b17ae4f5196ef40b28e1a1c7a830421ca958af02230db5604747dc8ba7ef2
u03-s008-v006,question,skillId,27,27,5f2f8d666d252bef335cc616b1265322a5d4f10369bdc814bca52cc04bf18fdf
u03-s008-v006,question,difficulty,8,8,fe6d3468cf5c74d8ec2a95b40f2e05338c37a4202f8fad692d2b64a9cf9b468a
u03-s008-v006,question,type,2,2,6bc0f9c4ecb0acbebf1b9f6c816bdd66f4885f67c917d9e141cf893014fba936
u03-s008-v006,question,visualMode,9,9,9c7d54b0bf7a9369d8594201c7b11955514343809d09fbec33966c1fd9794015
u03-s008-v006,question,sourceScope,19,19,a4b669ddb8ef1883391c07a7b633f12eeaeecee7ec37c09eea4931aff6644346
u03-s008-v006,question,text,34,82,6943756eb727ce546d9ca7132537ea9e74ce8419e8f481852bfa626a28801486
u03-s008-v006,question,choices[0],2,2,4a44dc15364204a80fe80e9039455cc1608281820fe2b24f1e5233ade6af1dd5
u03-s008-v006,question,choices[1],2,2,e629fa6598d732768f7c726b4b621285f9c3b85303900aa912017db7617d8bdb
u03-s008-v006,question,choices[2],2,2,6b51d431df5d7f141cbececcf79edf3dd861c3b4069f0b11661a3eefacbba918
u03-s008-v006,question,choices[3],2,2,2fca346db656187102ce806ac732e06a62df0dbb2829e511a770556d398e1a6e
u03-s008-v006,question,explanation,38,70,e62253c40e84b286cea0d795848a0ecbeb3d2082ce843897eb8b393298d65dd5
u03-s008-v006,question,steps[0],12,14,9fa56b8ac0f1081172814514ca1602a804e5c771da72a3efa295cdc9c5ce3cd4
u03-s008-v006,question,steps[1],9,13,5ef02cbab4f194b2f8d781c8b005f60d222e2b41a3b0a67dcaa13bf102d3a2a8
u03-s008-v006,question,steps[2],4,8,b4adcc0ac603f211747ff738489662fdeb319c3b8dce04dec8c137f747c756a0
u03-s008-v006,question,optionAnalysis[0].choice,2,2,4a44dc15364204a80fe80e9039455cc1608281820fe2b24f1e5233ade6af1dd5
u03-s008-v006,question,optionAnalysis[0].reason,6,12,aeec6e6dc7521f7613081c601f91cb4d3ee0f3e9289d9fe8a8be66c9a70d558e
u03-s008-v006,question,optionAnalysis[1].choice,2,2,e629fa6598d732768f7c726b4b621285f9c3b85303900aa912017db7617d8bdb
u03-s008-v006,question,optionAnalysis[1].reason,9,17,e561e7998e39568f0b42b70e226efebfed04b3178125a95fdd48e58b8431c737
u03-s008-v006,question,optionAnalysis[2].choice,2,2,6b51d431df5d7f141cbececcf79edf3dd861c3b4069f0b11661a3eefacbba918
u03-s008-v006,question,optionAnalysis[2].reason,46,94,8ea0690a53434aa7adaccb86db27ebdca4787b8d9e791124d98b7cf778321536
u03-s008-v006,question,optionAnalysis[3].choice,2,2,2fca346db656187102ce806ac732e06a62df0dbb2829e511a770556d398e1a6e
u03-s008-v006,question,optionAnalysis[3].reason,8,20,4b2a8a2e7a901a553bee4d4b28921fea22459bc7001ca8ceb46cc43067e06b17
u03-s008-v006,question,commonMistake,11,33,5cc32ab53da6016c77b1a27d760f8349289f7424e8658e8f7ef97bc8b9bca25e
u03-s008-v006,question,concept,10,30,c30219098605320b2b505228e29123dce6f3f8651f96a539e5e8464ef92bdeff
u03-s008-v006,question,tags[0],2,6,32f6541b44ed479dbf6cc8c7dd98824e49e03974d72ad8b65c33383a9cbb349f
u03-s008-v006,question,tags[1],4,12,538b4371aecc8fab5630e7d532b976e50fc33ee938435f7dd6b7e1e0efb5b292
u03-s008-v006,question,tags[2],8,8,fe6d3468cf5c74d8ec2a95b40f2e05338c37a4202f8fad692d2b64a9cf9b468a
u03-s008-v006,question,estimatedTimeSec,2,2,f369cb89fc627e668987007d121ed1eacdc01db9e28f8bb26f358b7d8c4f08ac
u03-s008-v006,question,prerequisiteSkillIds[0],30,30,cf7d4d0db87211340d62c21e85b6fcdfc6ab473ab6b27c86d0e37b6302db46c7
u03-s008-v006,question,authoringIntent,11,33,22674015aabfc14dbef0de13b971f256cb5a7240d1d11361fa6b9a2693e3f04d
u03-s008-v006,question,reviewStatus,22,22,ec809598e2f7fcc69fad54c9cd045bba62b4a0dc7c0ff90d4efdc3788c9ad8fb
u03-s008-v006,question,contentSha256,64,64,7829982901a4c46ece85abe96d328fa99ce72d35240922be5fddb4087983ce31
u03-s008-v006,question,contentAuthority,25,25,ed40f75ffe3d6ad4e71f6e7919d063410490de360edb425965eccd605ca9d79e
u03-s008-v006,question,legacyContentDisposition,39,39,2efcc87c0c9673d2efe77735ae75582eb178c880b07035d8695f010e324b7c71
u03-s008-v007,question,questionId,13,13,6de6d61fc29ee6fe22cc0112fa88ea64ef127db1d70cd825615eb89665a8c96d
u03-s008-v007,question,unitId,3,3,97ce842ec69dee17c1842918e63b9d4042fa4b35007146dcfb80a09c5000888a
u03-s008-v007,question,topicId,24,24,326b17ae4f5196ef40b28e1a1c7a830421ca958af02230db5604747dc8ba7ef2
u03-s008-v007,question,skillId,27,27,5f2f8d666d252bef335cc616b1265322a5d4f10369bdc814bca52cc04bf18fdf
u03-s008-v007,question,difficulty,8,8,d21f85ea38166303ce58e06134b5cc4a5c900c409ab2a500ff7c9225109a09bb
u03-s008-v007,question,type,2,2,6bc0f9c4ecb0acbebf1b9f6c816bdd66f4885f67c917d9e141cf893014fba936
u03-s008-v007,question,visualMode,9,9,9c7d54b0bf7a9369d8594201c7b11955514343809d09fbec33966c1fd9794015
u03-s008-v007,question,sourceScope,19,19,a4b669ddb8ef1883391c07a7b633f12eeaeecee7ec37c09eea4931aff6644346
u03-s008-v007,question,text,38,94,c1e03a78aff0460145b0f605c9914b002a0670552e9e90d5e91067ecc4e52c4f
u03-s008-v007,question,choices[0],1,1,ef2d127de37b942baad06145e54b0c619a1f22327b2ebbcfbec78f5564afe39d
u03-s008-v007,question,choices[1],1,1,7902699be42c8a8e46fbbb4501726517e86b22c56a189f7625a6da49081b2451
u03-s008-v007,question,choices[2],2,2,3fdba35f04dc8c462986c992bcf875546257113072a909c162f7e470e581e278
u03-s008-v007,question,choices[3],1,1,e7f6c011776e8db7cd330b54174fd76f7d0216b612387a5ffcfb81e6f0919683
u03-s008-v007,question,explanation,37,75,200c9f5a35af2aacd08eedfc67d854dacb6e2056597f25723bde5b853ecbb6ad
u03-s008-v007,question,steps[0],6,16,94c3e27275141148fbe69b5640bb85447b13e1066119b847c7d84d2d9e235452
u03-s008-v007,question,steps[1],14,16,b3477cc354f2f7cab4f5f5e6c55ce719bfe08084c6b925ac63145a6f798a9a22
u03-s008-v007,question,steps[2],5,9,a789a608bf3590129ec5172536c2a31e588163ba654aa5006ad3a2ecb609ab61
u03-s008-v007,question,optionAnalysis[0].choice,1,1,ef2d127de37b942baad06145e54b0c619a1f22327b2ebbcfbec78f5564afe39d
u03-s008-v007,question,optionAnalysis[0].reason,7,21,bcc61316be75e394eeffa7ee0da20bcec1aa4c7e245576a59c460a0af93f14d6
u03-s008-v007,question,optionAnalysis[1].choice,1,1,7902699be42c8a8e46fbbb4501726517e86b22c56a189f7625a6da49081b2451
u03-s008-v007,question,optionAnalysis[1].reason,9,25,8e5adba6eff7d924d2b93b43264b2a1ccf3e7146d48138743a011e5855bb2a18
u03-s008-v007,question,optionAnalysis[2].choice,2,2,3fdba35f04dc8c462986c992bcf875546257113072a909c162f7e470e581e278
u03-s008-v007,question,optionAnalysis[2].reason,10,26,21f4d587919df36f3b565536a9055e6f2c2feb070501fab5f6c209f7ce37d95a
u03-s008-v007,question,optionAnalysis[3].choice,1,1,e7f6c011776e8db7cd330b54174fd76f7d0216b612387a5ffcfb81e6f0919683
u03-s008-v007,question,optionAnalysis[3].reason,68,124,f2e211a9208b858b2dd48d746abbc649ee8159b69d4ad52fc140874c03e25ba5
u03-s008-v007,question,commonMistake,12,30,1361a24bc657a82d16c5d3ed2b5cc86602b09a630cdb68c028a3553402047610
u03-s008-v007,question,concept,12,36,bc17484d74aa1ea8b8c469966874e8dc3cfa912dcb5a821a532aa273f30be855
u03-s008-v007,question,tags[0],2,6,32f6541b44ed479dbf6cc8c7dd98824e49e03974d72ad8b65c33383a9cbb349f
u03-s008-v007,question,tags[1],4,12,538b4371aecc8fab5630e7d532b976e50fc33ee938435f7dd6b7e1e0efb5b292
u03-s008-v007,question,tags[2],8,8,d21f85ea38166303ce58e06134b5cc4a5c900c409ab2a500ff7c9225109a09bb
u03-s008-v007,question,estimatedTimeSec,2,2,f369cb89fc627e668987007d121ed1eacdc01db9e28f8bb26f358b7d8c4f08ac
u03-s008-v007,question,prerequisiteSkillIds[0],30,30,cf7d4d0db87211340d62c21e85b6fcdfc6ab473ab6b27c86d0e37b6302db46c7
u03-s008-v007,question,authoringIntent,14,42,98e3189e16def4671ded7f5d7ec5bcdc2023a924479df245f42623cfc2d64da8
u03-s008-v007,question,reviewStatus,22,22,ec809598e2f7fcc69fad54c9cd045bba62b4a0dc7c0ff90d4efdc3788c9ad8fb
u03-s008-v007,question,contentSha256,64,64,a9789db059d1e28ef6c42ef134dd3a52a22c68f471bfb11ace3691ecd699ee0f
u03-s008-v007,question,contentAuthority,25,25,ed40f75ffe3d6ad4e71f6e7919d063410490de360edb425965eccd605ca9d79e
u03-s008-v007,question,legacyContentDisposition,39,39,2efcc87c0c9673d2efe77735ae75582eb178c880b07035d8695f010e324b7c71
u03-s008-v008,question,questionId,13,13,332e0162eedbbd25914e9ef83056ff5531fdd12a887d7538c2680200ee3df09b
u03-s008-v008,question,unitId,3,3,97ce842ec69dee17c1842918e63b9d4042fa4b35007146dcfb80a09c5000888a
u03-s008-v008,question,topicId,24,24,326b17ae4f5196ef40b28e1a1c7a830421ca958af02230db5604747dc8ba7ef2
u03-s008-v008,question,skillId,27,27,5f2f8d666d252bef335cc616b1265322a5d4f10369bdc814bca52cc04bf18fdf
u03-s008-v008,question,difficulty,8,8,d21f85ea38166303ce58e06134b5cc4a5c900c409ab2a500ff7c9225109a09bb
u03-s008-v008,question,type,2,2,6bc0f9c4ecb0acbebf1b9f6c816bdd66f4885f67c917d9e141cf893014fba936
u03-s008-v008,question,visualMode,9,9,9c7d54b0bf7a9369d8594201c7b11955514343809d09fbec33966c1fd9794015
u03-s008-v008,question,sourceScope,19,19,a4b669ddb8ef1883391c07a7b633f12eeaeecee7ec37c09eea4931aff6644346
u03-s008-v008,question,text,35,87,8564ae6a2db93f8a0fb774714ef4b9ad4596daf3515f5fb385f3bb6c9bbc7603
u03-s008-v008,question,choices[0],2,2,4a44dc15364204a80fe80e9039455cc1608281820fe2b24f1e5233ade6af1dd5
u03-s008-v008,question,choices[1],1,1,2c624232cdd221771294dfbb310aca000a0df6ac8b66b696d90ef06fdefb64a3
u03-s008-v008,question,choices[2],2,2,6b51d431df5d7f141cbececcf79edf3dd861c3b4069f0b11661a3eefacbba918
u03-s008-v008,question,choices[3],2,2,5f9c4ab08cac7457e9111a30e4664920607ea2c115a1433d7be98e97e64244ca
u03-s008-v008,question,explanation,39,99,4ab0a331a503077adcfbf3c5d57554ba07ceedd897572ac2ebbedbbeeb5db5f4
u03-s008-v008,question,steps[0],10,22,b2c23aeefb8177f77d89eeb4cc5e685a24135a97a58f39d55fd030196cd0bab2
u03-s008-v008,question,steps[1],8,22,7ec65019a7581c8c12d29e9f1ce9e4ad0ccb94f245528de01ec793b1aea19a89
u03-s008-v008,question,steps[2],8,20,32a5c21678192bb64bb7033ec3604c5555e7f561ff122ec4dd96ac2c6d80a57a
u03-s008-v008,question,optionAnalysis[0].choice,2,2,4a44dc15364204a80fe80e9039455cc1608281820fe2b24f1e5233ade6af1dd5
u03-s008-v008,question,optionAnalysis[0].reason,66,124,bfea2c0d554590b8ac2311e0c964d09a650301b9a6c80525ad71011c287edc08
u03-s008-v008,question,optionAnalysis[1].choice,1,1,2c624232cdd221771294dfbb310aca000a0df6ac8b66b696d90ef06fdefb64a3
u03-s008-v008,question,optionAnalysis[1].reason,6,16,d217d6f42af265c96112f117c9538fd07128f1f80edfadd4d0ee414019a7abd0
u03-s008-v008,question,optionAnalysis[2].choice,2,2,6b51d431df5d7f141cbececcf79edf3dd861c3b4069f0b11661a3eefacbba918
u03-s008-v008,question,optionAnalysis[2].reason,6,12,b611b61719a50810ef379b59a947e4402d89ecb313cd4df6597009a47d616ef8
u03-s008-v008,question,optionAnalysis[3].choice,2,2,5f9c4ab08cac7457e9111a30e4664920607ea2c115a1433d7be98e97e64244ca
u03-s008-v008,question,optionAnalysis[3].reason,9,23,c9a0ee911a2435dd2f1a86946b1a63699b5719fbd86e1897820d866da4568730
u03-s008-v008,question,commonMistake,11,33,16de5c853a1ff115f5c063b072600be477d20f1b342cfce08c482b0aaebe87f3
u03-s008-v008,question,concept,15,45,8fe4fa555b185b066545be048e035b413f4afd430daf3f12cea4f022ea970ac3
u03-s008-v008,question,tags[0],2,6,32f6541b44ed479dbf6cc8c7dd98824e49e03974d72ad8b65c33383a9cbb349f
u03-s008-v008,question,tags[1],4,12,538b4371aecc8fab5630e7d532b976e50fc33ee938435f7dd6b7e1e0efb5b292
u03-s008-v008,question,tags[2],8,8,d21f85ea38166303ce58e06134b5cc4a5c900c409ab2a500ff7c9225109a09bb
u03-s008-v008,question,estimatedTimeSec,2,2,f369cb89fc627e668987007d121ed1eacdc01db9e28f8bb26f358b7d8c4f08ac
u03-s008-v008,question,prerequisiteSkillIds[0],30,30,cf7d4d0db87211340d62c21e85b6fcdfc6ab473ab6b27c86d0e37b6302db46c7
u03-s008-v008,question,authoringIntent,12,36,0dcde8d27a232c787f0347ef3da65b49de07c13e381d0b0e9afbcdeaf7b61451
u03-s008-v008,question,reviewStatus,22,22,ec809598e2f7fcc69fad54c9cd045bba62b4a0dc7c0ff90d4efdc3788c9ad8fb
u03-s008-v008,question,contentSha256,64,64,1a53d9d389c8c55d5ba682740e37e77e5c73a4073eef475b746c0acce10af10c
u03-s008-v008,question,contentAuthority,25,25,ed40f75ffe3d6ad4e71f6e7919d063410490de360edb425965eccd605ca9d79e
u03-s008-v008,question,legacyContentDisposition,39,39,2efcc87c0c9673d2efe77735ae75582eb178c880b07035d8695f010e324b7c71
u03-s008-v009,question,questionId,13,13,5c17026b5bc18874b682daabaa5b1d414e0a385f141122aa135b22aea86f58b2
u03-s008-v009,question,unitId,3,3,97ce842ec69dee17c1842918e63b9d4042fa4b35007146dcfb80a09c5000888a
u03-s008-v009,question,topicId,24,24,326b17ae4f5196ef40b28e1a1c7a830421ca958af02230db5604747dc8ba7ef2
u03-s008-v009,question,skillId,27,27,5f2f8d666d252bef335cc616b1265322a5d4f10369bdc814bca52cc04bf18fdf
u03-s008-v009,question,difficulty,8,8,d21f85ea38166303ce58e06134b5cc4a5c900c409ab2a500ff7c9225109a09bb
u03-s008-v009,question,type,2,2,6bc0f9c4ecb0acbebf1b9f6c816bdd66f4885f67c917d9e141cf893014fba936
u03-s008-v009,question,visualMode,9,9,9c7d54b0bf7a9369d8594201c7b11955514343809d09fbec33966c1fd9794015
u03-s008-v009,question,sourceScope,19,19,a4b669ddb8ef1883391c07a7b633f12eeaeecee7ec37c09eea4931aff6644346
u03-s008-v009,question,text,39,99,ad51fb7cf59ee362fd0f95b6bcd4970bbd19729859fba78f9d4c7979312f7e5b
u03-s008-v009,question,choices[0],1,1,2c624232cdd221771294dfbb310aca000a0df6ac8b66b696d90ef06fdefb64a3
u03-s008-v009,question,choices[1],2,2,f5ca38f748a1d6eaf726b8a42fb575c3c71f1864a8143301782de13da2d9202b
u03-s008-v009,question,choices[2],2,2,8527a891e224136950ff32ca212b45bc93f69fbb801c3b1ebedac52775f99e61
u03-s008-v009,question,choices[3],2,2,59e19706d51d39f66711c2653cd7eb1291c94d9b55eb14bda74ce4dc636d015a
u03-s008-v009,question,explanation,64,132,11b07f0dd9120d48da78181aeed69dfe8e098d03e590933fe037dcb484e1b565
u03-s008-v009,question,steps[0],22,48,547751a15db3c48c9ac02c577e28db4c98d507640f9b425874e5a5438ba89b13
u03-s008-v009,question,steps[1],23,53,b005e9f8496b46d43f550a47108a663f03493ac5450d9c9e8176b3d5b9bd3c5b
u03-s008-v009,question,steps[2],32,66,4ae440d1de474ba963258440f0defee92888ac820704b0453c7f09f9ef84ff95
u03-s008-v009,question,optionAnalysis[0].choice,1,1,2c624232cdd221771294dfbb310aca000a0df6ac8b66b696d90ef06fdefb64a3
u03-s008-v009,question,optionAnalysis[0].reason,11,22,c601350187a096700490dfd1a2bcdef5f5d1ed9921ed22735bfdf7337a63b0b0
u03-s008-v009,question,optionAnalysis[1].choice,2,2,f5ca38f748a1d6eaf726b8a42fb575c3c71f1864a8143301782de13da2d9202b
u03-s008-v009,question,optionAnalysis[1].reason,9,21,42d36d1f07dec7f1e729567e2b64e3a39bc97127a95149bdaf479180ed2747b0
u03-s008-v009,question,optionAnalysis[2].choice,2,2,8527a891e224136950ff32ca212b45bc93f69fbb801c3b1ebedac52775f99e61
u03-s008-v009,question,optionAnalysis[2].reason,37,71,bb9dc481db45463e1747c76adcdaa656a44eaa8991fdab173dc4c1281f59390a
u03-s008-v009,question,optionAnalysis[3].choice,2,2,59e19706d51d39f66711c2653cd7eb1291c94d9b55eb14bda74ce4dc636d015a
u03-s008-v009,question,optionAnalysis[3].reason,7,17,0b460b9d0e47d02d3d592e7465b450ae069c730e5a26e0c11456db21209573c6
u03-s008-v009,question,commonMistake,27,79,3347b5144be11145ad7863687c8d25c3b5a39575470b839bd22f5bc15298b767
u03-s008-v009,question,concept,22,66,3106f3851254297fb3b5dccf82d35832915845408ed5a255a0b732fb3856044a
u03-s008-v009,question,tags[0],2,6,32f6541b44ed479dbf6cc8c7dd98824e49e03974d72ad8b65c33383a9cbb349f
u03-s008-v009,question,tags[1],4,12,538b4371aecc8fab5630e7d532b976e50fc33ee938435f7dd6b7e1e0efb5b292
u03-s008-v009,question,tags[2],8,8,d21f85ea38166303ce58e06134b5cc4a5c900c409ab2a500ff7c9225109a09bb
u03-s008-v009,question,estimatedTimeSec,2,2,f369cb89fc627e668987007d121ed1eacdc01db9e28f8bb26f358b7d8c4f08ac
u03-s008-v009,question,prerequisiteSkillIds[0],30,30,cf7d4d0db87211340d62c21e85b6fcdfc6ab473ab6b27c86d0e37b6302db46c7
u03-s008-v009,question,authoringIntent,21,63,c3acab4ec03abd36720910dbf9fc4b6ef735ce9eea4abf19ff7e44befcf4a404
u03-s008-v009,question,reviewStatus,22,22,ec809598e2f7fcc69fad54c9cd045bba62b4a0dc7c0ff90d4efdc3788c9ad8fb
u03-s008-v009,question,contentSha256,64,64,f9ac76780de3c770104029c99d3a34a3e3b51bed57760a7bc66e43b45a196c62
u03-s008-v009,question,contentAuthority,25,25,ed40f75ffe3d6ad4e71f6e7919d063410490de360edb425965eccd605ca9d79e
u03-s008-v009,question,legacyContentDisposition,39,39,2efcc87c0c9673d2efe77735ae75582eb178c880b07035d8695f010e324b7c71
u03-s008-v010,question,questionId,13,13,6eae37978ba7734b41d923d2a210eadd0f85d094a5dd5a7e34f41b97017cfcdb
u03-s008-v010,question,unitId,3,3,97ce842ec69dee17c1842918e63b9d4042fa4b35007146dcfb80a09c5000888a
u03-s008-v010,question,topicId,24,24,326b17ae4f5196ef40b28e1a1c7a830421ca958af02230db5604747dc8ba7ef2
u03-s008-v010,question,skillId,27,27,5f2f8d666d252bef335cc616b1265322a5d4f10369bdc814bca52cc04bf18fdf
u03-s008-v010,question,difficulty,8,8,578756ca4aa16d8872610a5aaa78460fd30fbe93379ff7284fe65d66ca606755
u03-s008-v010,question,type,2,2,6bc0f9c4ecb0acbebf1b9f6c816bdd66f4885f67c917d9e141cf893014fba936
u03-s008-v010,question,visualMode,9,9,9c7d54b0bf7a9369d8594201c7b11955514343809d09fbec33966c1fd9794015
u03-s008-v010,question,sourceScope,19,19,a4b669ddb8ef1883391c07a7b633f12eeaeecee7ec37c09eea4931aff6644346
u03-s008-v010,question,text,37,89,264deceff07ed9f997c7e93db852da7aaab96522b245dd1b126e3a1f48a1d456
u03-s008-v010,question,choices[0],2,2,3fdba35f04dc8c462986c992bcf875546257113072a909c162f7e470e581e278
u03-s008-v010,question,choices[1],2,2,4523540f1504cd17100c4835e85b7eefd49911580f8efff0599a8f283be6b9e3
u03-s008-v010,question,choices[2],2,2,f5ca38f748a1d6eaf726b8a42fb575c3c71f1864a8143301782de13da2d9202b
u03-s008-v010,question,choices[3],2,2,e629fa6598d732768f7c726b4b621285f9c3b85303900aa912017db7617d8bdb
u03-s008-v010,question,explanation,28,64,88205c6d2bf8c95bdbbadd8910286b4b264acef952d51d04c66d9a89920a370e
u03-s008-v010,question,steps[0],7,13,ccc98e258bb1776931b653d1e5fe5f5fdd6fabeef8d1eb8be0d67278b5da42fb
u03-s008-v010,question,steps[1],4,8,7056647978c6e66e3ea05030903af178f1dc67e7ad86c265311d0d4c2259e2df
u03-s008-v010,question,steps[2],4,8,ae99412daa6df2d6201072c1486f549dc21492f01d52c3d48213913395aef7c1
u03-s008-v010,question,optionAnalysis[0].choice,2,2,3fdba35f04dc8c462986c992bcf875546257113072a909c162f7e470e581e278
u03-s008-v010,question,optionAnalysis[0].reason,9,19,4c5edb39ab3193730b6823b73e07678c346e5ec36fe3adb006c1cb1b4c5a6584
u03-s008-v010,question,optionAnalysis[1].choice,2,2,4523540f1504cd17100c4835e85b7eefd49911580f8efff0599a8f283be6b9e3
u03-s008-v010,question,optionAnalysis[1].reason,7,17,e9ee55b41f22ec26fdc4340bc5e7a076fb4a928a036a5067849c2d4748adc295
u03-s008-v010,question,optionAnalysis[2].choice,2,2,f5ca38f748a1d6eaf726b8a42fb575c3c71f1864a8143301782de13da2d9202b
u03-s008-v010,question,optionAnalysis[2].reason,8,20,9498428d293783d3e638403003ff7436c94d1b7554a5d2c94e9e28cde9eb13a2
u03-s008-v010,question,optionAnalysis[3].choice,2,2,e629fa6598d732768f7c726b4b621285f9c3b85303900aa912017db7617d8bdb
u03-s008-v010,question,optionAnalysis[3].reason,32,62,2b377d651cefdf7cd6f3d7d4f921828eee89b3d8ba80490e43354f656fee64b9
u03-s008-v010,question,commonMistake,11,33,f6ab74960fb5715fad916f86b24d7c452cae3acb681a7148ed17c282055a1c61
u03-s008-v010,question,concept,11,33,445e125827d40e66876b779090740a07f6522f1a7ce07da797cbd8dfa7c3f945
u03-s008-v010,question,tags[0],2,6,32f6541b44ed479dbf6cc8c7dd98824e49e03974d72ad8b65c33383a9cbb349f
u03-s008-v010,question,tags[1],4,12,538b4371aecc8fab5630e7d532b976e50fc33ee938435f7dd6b7e1e0efb5b292
u03-s008-v010,question,tags[2],8,8,578756ca4aa16d8872610a5aaa78460fd30fbe93379ff7284fe65d66ca606755
u03-s008-v010,question,estimatedTimeSec,2,2,f369cb89fc627e668987007d121ed1eacdc01db9e28f8bb26f358b7d8c4f08ac
u03-s008-v010,question,prerequisiteSkillIds[0],30,30,cf7d4d0db87211340d62c21e85b6fcdfc6ab473ab6b27c86d0e37b6302db46c7
u03-s008-v010,question,authoringIntent,12,36,123ba6bc347dd9b3bc49e7f6545fbc3db96c410c126251ee2ab92092da960c7e
u03-s008-v010,question,literacyContextNecessity,34,88,426295152c6a80e6cbd92a8c84d328813662c9e12f17ca2aea83aabf72b77c13
u03-s008-v010,question,reviewStatus,22,22,ec809598e2f7fcc69fad54c9cd045bba62b4a0dc7c0ff90d4efdc3788c9ad8fb
u03-s008-v010,question,contentSha256,64,64,f8f2eabdf6f0fb29260d31a80eea10f0c59b1642e5f63dc0cb98df5eb68428c8
u03-s008-v010,question,contentAuthority,25,25,ed40f75ffe3d6ad4e71f6e7919d063410490de360edb425965eccd605ca9d79e
u03-s008-v010,question,legacyContentDisposition,39,39,2efcc87c0c9673d2efe77735ae75582eb178c880b07035d8695f010e324b7c71
u03-s008-v011,question,questionId,13,13,af3558a35a1c0454bc0277f60c8fe04d1c5de19dd387bd8cd80338e8497f3bb4
u03-s008-v011,question,unitId,3,3,97ce842ec69dee17c1842918e63b9d4042fa4b35007146dcfb80a09c5000888a
u03-s008-v011,question,topicId,24,24,326b17ae4f5196ef40b28e1a1c7a830421ca958af02230db5604747dc8ba7ef2
u03-s008-v011,question,skillId,27,27,5f2f8d666d252bef335cc616b1265322a5d4f10369bdc814bca52cc04bf18fdf
u03-s008-v011,question,difficulty,8,8,578756ca4aa16d8872610a5aaa78460fd30fbe93379ff7284fe65d66ca606755
u03-s008-v011,question,type,2,2,6bc0f9c4ecb0acbebf1b9f6c816bdd66f4885f67c917d9e141cf893014fba936
u03-s008-v011,question,visualMode,9,9,9c7d54b0bf7a9369d8594201c7b11955514343809d09fbec33966c1fd9794015
u03-s008-v011,question,sourceScope,19,19,a4b669ddb8ef1883391c07a7b633f12eeaeecee7ec37c09eea4931aff6644346
u03-s008-v011,question,text,40,104,83c48c6bf380aae3f332df2094f438ce8fc5166e4c2846447429cc5e1407d7cf
u03-s008-v011,question,choices[0],2,2,59e19706d51d39f66711c2653cd7eb1291c94d9b55eb14bda74ce4dc636d015a
u03-s008-v011,question,choices[1],2,2,4ec9599fc203d176a301536c2e091a19bc852759b255bd6818810a42c5fed14a
u03-s008-v011,question,choices[2],2,2,7a61b53701befdae0eeeffaecc73f14e20b537bb0f8b91ad7c2936dc63562b25
u03-s008-v011,question,choices[3],2,2,25fc0e7096fc653718202dc30b0c580b8ab87eac11a700cba03a7c021bc35b0c
u03-s008-v011,question,explanation,36,76,a2b00ed4423ca04c3ba6f574d791880c5bd1db1d00ad4364b7625f76f3d60a68
u03-s008-v011,question,steps[0],8,16,06a0e1ee95f768b40da5e32a00899ed759563050bc6024fc7be1c5393130e4b7
u03-s008-v011,question,steps[1],11,17,ca4ec8963bacf9de6418e35779ef81e3de2773aa47c95122c261475008908e66
u03-s008-v011,question,steps[2],4,8,3f53ac9fb2775cdef6adedec5c937bfe7f18d1fae2aac5af8f26199495c481ed
u03-s008-v011,question,optionAnalysis[0].choice,2,2,59e19706d51d39f66711c2653cd7eb1291c94d9b55eb14bda74ce4dc636d015a
u03-s008-v011,question,optionAnalysis[0].reason,48,98,85e92c0efc5fe99adc8b7fd75043e829ecedd4609e4df9ea16ce000d5d87bce2
u03-s008-v011,question,optionAnalysis[1].choice,2,2,4ec9599fc203d176a301536c2e091a19bc852759b255bd6818810a42c5fed14a
u03-s008-v011,question,optionAnalysis[1].reason,10,30,d3e2fb40d2689675ca5b2a2e9ae17cb0b2ecd45119f7c06165db87996fd72e53
u03-s008-v011,question,optionAnalysis[2].choice,2,2,7a61b53701befdae0eeeffaecc73f14e20b537bb0f8b91ad7c2936dc63562b25
u03-s008-v011,question,optionAnalysis[2].reason,5,15,8a9a65b05d8ff508a3043b9df222bf7f449be3b5e303927061253bc9a19d3df8
u03-s008-v011,question,optionAnalysis[3].choice,2,2,25fc0e7096fc653718202dc30b0c580b8ab87eac11a700cba03a7c021bc35b0c
u03-s008-v011,question,optionAnalysis[3].reason,9,23,9eb8bb221324f2ed251e4babb8a513d1b00d01e83a27499543302e6ab95cab51
u03-s008-v011,question,commonMistake,11,33,e1e7bfafd5b98cfb880c84a6951b82d89c10a555740fc841446ee7b7c51c0d73
u03-s008-v011,question,concept,14,42,0b29ff820cd2a62cc70bd641725381a88e12846644b7010e83f57a7cf8f35d91
u03-s008-v011,question,tags[0],2,6,32f6541b44ed479dbf6cc8c7dd98824e49e03974d72ad8b65c33383a9cbb349f
u03-s008-v011,question,tags[1],4,12,538b4371aecc8fab5630e7d532b976e50fc33ee938435f7dd6b7e1e0efb5b292
u03-s008-v011,question,tags[2],8,8,578756ca4aa16d8872610a5aaa78460fd30fbe93379ff7284fe65d66ca606755
u03-s008-v011,question,estimatedTimeSec,2,2,f369cb89fc627e668987007d121ed1eacdc01db9e28f8bb26f358b7d8c4f08ac
u03-s008-v011,question,prerequisiteSkillIds[0],30,30,cf7d4d0db87211340d62c21e85b6fcdfc6ab473ab6b27c86d0e37b6302db46c7
u03-s008-v011,question,authoringIntent,15,45,b1960bf7d03526ec4e63c05c29c5714ed41712441ec90c9f7ceaf5c737fa8197
u03-s008-v011,question,literacyContextNecessity,38,114,253433f431072d4ca613c2aa46da0abeb74fee4ca1bf91275e7c7b282806de23
u03-s008-v011,question,reviewStatus,22,22,ec809598e2f7fcc69fad54c9cd045bba62b4a0dc7c0ff90d4efdc3788c9ad8fb
u03-s008-v011,question,contentSha256,64,64,a9ee9ae30778fa60bbcd3f045744c3bbc54e952c79106fa63b7b4b85c03c6b0d
u03-s008-v011,question,contentAuthority,25,25,ed40f75ffe3d6ad4e71f6e7919d063410490de360edb425965eccd605ca9d79e
u03-s008-v011,question,legacyContentDisposition,39,39,2efcc87c0c9673d2efe77735ae75582eb178c880b07035d8695f010e324b7c71
u03-s008-v012,question,questionId,13,13,10f495d13158cd957d97dcdf2073f5c800495e6ad5aa2fbc9768c1e471df77f1
u03-s008-v012,question,unitId,3,3,97ce842ec69dee17c1842918e63b9d4042fa4b35007146dcfb80a09c5000888a
u03-s008-v012,question,topicId,24,24,326b17ae4f5196ef40b28e1a1c7a830421ca958af02230db5604747dc8ba7ef2
u03-s008-v012,question,skillId,27,27,5f2f8d666d252bef335cc616b1265322a5d4f10369bdc814bca52cc04bf18fdf
u03-s008-v012,question,difficulty,8,8,578756ca4aa16d8872610a5aaa78460fd30fbe93379ff7284fe65d66ca606755
u03-s008-v012,question,type,2,2,6bc0f9c4ecb0acbebf1b9f6c816bdd66f4885f67c917d9e141cf893014fba936
u03-s008-v012,question,visualMode,9,9,9c7d54b0bf7a9369d8594201c7b11955514343809d09fbec33966c1fd9794015
u03-s008-v012,question,sourceScope,19,19,a4b669ddb8ef1883391c07a7b633f12eeaeecee7ec37c09eea4931aff6644346
u03-s008-v012,question,text,40,96,8132d681ce3fc5ba115665754d630e5c67dd184efddb9910fbbd795372dabe37
u03-s008-v012,question,choices[0],1,1,4b227777d4dd1fc61c6f884f48641d02b4d121d3fd328cb08b5531fcacdabf8a
u03-s008-v012,question,choices[1],1,1,e7f6c011776e8db7cd330b54174fd76f7d0216b612387a5ffcfb81e6f0919683
u03-s008-v012,question,choices[2],1,1,2c624232cdd221771294dfbb310aca000a0df6ac8b66b696d90ef06fdefb64a3
u03-s008-v012,question,choices[3],1,1,19581e27de7ced00ff1ce50b2047e7a567c76b1cbaebabe5ef03f7c3017bb5b7
u03-s008-v012,question,explanation,39,83,c6ae3f829fa7472c570240e270dce03e8d435794db895382ffc6c8930e663278
u03-s008-v012,question,steps[0],9,25,a0b37872d81b495a52efe3d11ce7998b8b829efbd19c5132c365ac378b1c8e53
u03-s008-v012,question,steps[1],15,17,4cc5d748b84fb6cc3a00825e6d87979250c35bfc75be0ee6ed9edec290bb3d17
u03-s008-v012,question,steps[2],3,7,debfbd68763a6365fc9bead13d9579a27a2eecf03261e23a983367889a8a89ab
u03-s008-v012,question,optionAnalysis[0].choice,1,1,4b227777d4dd1fc61c6f884f48641d02b4d121d3fd328cb08b5531fcacdabf8a
u03-s008-v012,question,optionAnalysis[0].reason,7,19,316a2ce669514686792e5dad3864db9555c5b4a766fd4ef1a131a1a16a594733
u03-s008-v012,question,optionAnalysis[1].choice,1,1,e7f6c011776e8db7cd330b54174fd76f7d0216b612387a5ffcfb81e6f0919683
u03-s008-v012,question,optionAnalysis[1].reason,46,92,76ee085db8ca0520a63b8c0445ff47e08a747dee23950d37cd35abf3799e0f9f
u03-s008-v012,question,optionAnalysis[2].choice,1,1,2c624232cdd221771294dfbb310aca000a0df6ac8b66b696d90ef06fdefb64a3
u03-s008-v012,question,optionAnalysis[2].reason,8,22,8ca8b04450531a8a872b1deaa6c519b6b4b7bb0ca6d111b321419bab0067cf1f
u03-s008-v012,question,optionAnalysis[3].choice,1,1,19581e27de7ced00ff1ce50b2047e7a567c76b1cbaebabe5ef03f7c3017bb5b7
u03-s008-v012,question,optionAnalysis[3].reason,13,39,7499982f0d85f4a8230a75e44b775f4427b754d450a65cf4efec8e0618db0c29
u03-s008-v012,question,commonMistake,9,25,88882fc10bbfbdb83e0babada32940c85213c3208915b4808cc5de370a711523
u03-s008-v012,question,concept,12,36,176761c8ae762cf9fa9b5045a5099e3cd861928ca5033eee5f04c84ffc010d0b
u03-s008-v012,question,tags[0],2,6,32f6541b44ed479dbf6cc8c7dd98824e49e03974d72ad8b65c33383a9cbb349f
u03-s008-v012,question,tags[1],4,12,538b4371aecc8fab5630e7d532b976e50fc33ee938435f7dd6b7e1e0efb5b292
u03-s008-v012,question,tags[2],8,8,578756ca4aa16d8872610a5aaa78460fd30fbe93379ff7284fe65d66ca606755
u03-s008-v012,question,estimatedTimeSec,2,2,f369cb89fc627e668987007d121ed1eacdc01db9e28f8bb26f358b7d8c4f08ac
u03-s008-v012,question,prerequisiteSkillIds[0],30,30,cf7d4d0db87211340d62c21e85b6fcdfc6ab473ab6b27c86d0e37b6302db46c7
u03-s008-v012,question,authoringIntent,13,39,329bd3f8b1277d622a569186cef0cbac8b3530d842a48a7938242ee96c174778
u03-s008-v012,question,literacyContextNecessity,39,103,7e8e2a2367172d3e83f77018b6aa93e83c9c725e552a3800d390c626227f0548
u03-s008-v012,question,reviewStatus,22,22,ec809598e2f7fcc69fad54c9cd045bba62b4a0dc7c0ff90d4efdc3788c9ad8fb
u03-s008-v012,question,contentSha256,64,64,93e1cf3e1802da65823c0de0d03f35f443ca1684297335a3785d86d4df206714
u03-s008-v012,question,contentAuthority,25,25,ed40f75ffe3d6ad4e71f6e7919d063410490de360edb425965eccd605ca9d79e
u03-s008-v012,question,legacyContentDisposition,39,39,2efcc87c0c9673d2efe77735ae75582eb178c880b07035d8695f010e324b7c71
u03-s008-cr001,constructed-response,questionId,14,14,982f9a4b06f4ff490418f9c53954749d17df4ba314046c32aa2922305dacfe92
u03-s008-cr001,constructed-response,unitId,3,3,97ce842ec69dee17c1842918e63b9d4042fa4b35007146dcfb80a09c5000888a
u03-s008-cr001,constructed-response,topicId,24,24,326b17ae4f5196ef40b28e1a1c7a830421ca958af02230db5604747dc8ba7ef2
u03-s008-cr001,constructed-response,skillId,27,27,5f2f8d666d252bef335cc616b1265322a5d4f10369bdc814bca52cc04bf18fdf
u03-s008-cr001,constructed-response,difficulty,8,8,fe6d3468cf5c74d8ec2a95b40f2e05338c37a4202f8fad692d2b64a9cf9b468a
u03-s008-cr001,constructed-response,type,20,20,e519496c259191db041ac61161dbfadb673dd94a10a123ed7423adcf7968ae7c
u03-s008-cr001,constructed-response,visualMode,9,9,9c7d54b0bf7a9369d8594201c7b11955514343809d09fbec33966c1fd9794015
u03-s008-cr001,constructed-response,prompt,39,99,c1b3978cb901275b0db483a521a6617bef24ca00ef17a605c612015632923a43
u03-s008-cr001,constructed-response,requiredWork[0],7,19,a2edc97861bd6e0260d372ddf3347a72df3a65edc3216e7dc15615a844544f1c
u03-s008-cr001,constructed-response,requiredWork[1],10,28,55ade34641c215c608c51f64e597e022771ae6978341aa3c9602d2ca56b898ff
u03-s008-cr001,constructed-response,requiredWork[2],13,39,afd5a774513c04228d84a5bc7ee8df3d988a1e98b5ae12fc36613c74802d8776
u03-s008-cr001,constructed-response,fullCreditSolution[0],13,29,f19a37555c13e2b4ca18a6658dc8590965c7bcda30e264e57a15e7c594e02bfc
u03-s008-cr001,constructed-response,fullCreditSolution[1],16,24,2da70a21e5c4ff180ad469f311b435ba526f6740c24ccc8fffd5108668e85833
u03-s008-cr001,constructed-response,fullCreditSolution[2],21,27,36efeeb7cf46d2259e14c0349e9229c52e3eab9e8fcd5c26b4e0605e8b7d22b1
u03-s008-cr001,constructed-response,fullCreditSolution[3],24,54,c2b37da916c20cbaeb4cbf085f952febea0cbfed5f6f7bb77a57b6b8860697b9
u03-s008-cr001,constructed-response,alternativeSolutions[0],19,47,702167860e57b7f30e69dc7c2bb4bba692c4ab481f1fd28b30457cec2de398ab
u03-s008-cr001,constructed-response,rubric[0].criteria,17,49,1ddca93e44e60901c887785b3c53c149831b7760d8d21caf6b48f5e0e19adeb7
u03-s008-cr001,constructed-response,rubric[1].criteria,17,51,0b8dd2910f15f5b17a118d97ae0a3f7255c494bcb5b3c0e74408549d5aca5bce
u03-s008-cr001,constructed-response,rubric[2].criteria,17,39,b453555f7c987056cfe3f9b3db4cc3314b89810871a2190feb08e63cc9008fdc
u03-s008-cr001,constructed-response,rubric[3].criteria,14,42,2f5a1b9f5ad4fe8d4a76501d3a50f28574a591ac942eb3d4f0b08710c17ad8d4
u03-s008-cr001,constructed-response,scoringNotes[0],14,42,cd605206f033bf9eb77fb66a20ada03efaf449b4f0635fc98dd861265ef39c50
u03-s008-cr001,constructed-response,scoringNotes[1],25,75,a2c565e5172ae5430bb229f94ce51035aa7b17f1f115f704476e4c19fc1098cf
u03-s008-cr001,constructed-response,commonErrors[0],8,22,b3521e23fb650e2263ba56f350f34a9e2b2f2f426c5a2bfb13ebe05ef50420b9
u03-s008-cr001,constructed-response,commonErrors[1],13,37,3792b897902651c6b6fa820f575212135928f97856aaebde8ea5d0ae1d9a609f
u03-s008-cr001,constructed-response,independentReview.derivedResult,10,24,e3ce0581fa2e244f118aa5fd66bb71f1b1aabfceb5c9899b4c795130cac57b03
u03-s008-cr001,constructed-response,independentReview.ambiguity,26,78,4b9998d99f5ff6b4c48867707da30b5a75387690128c1a0e4fdc7f35be5f3c7a
u03-s008-cr001,constructed-response,independentReview.decision,4,4,d74ff0ee8da3b9806b18c877dbf29bbde50b5bd8e4dad7a3a725000feb82e8f1
u03-s008-cr001,constructed-response,contentSha256,64,64,6589410b63a10daa4ecdcba6055fd927c762ae34fde0dc2c330b650698d9a31d
u03-s008-cr001,constructed-response,contentAuthority,25,25,ed40f75ffe3d6ad4e71f6e7919d063410490de360edb425965eccd605ca9d79e
u03-s008-cr001,constructed-response,legacyContentDisposition,39,39,2efcc87c0c9673d2efe77735ae75582eb178c880b07035d8695f010e324b7c71
u03-s008-cr002,constructed-response,questionId,14,14,8ac5f170875cfb080865e02a1d61e64b289be57d892f88742c19e5561fe2f774
u03-s008-cr002,constructed-response,unitId,3,3,97ce842ec69dee17c1842918e63b9d4042fa4b35007146dcfb80a09c5000888a
u03-s008-cr002,constructed-response,topicId,24,24,326b17ae4f5196ef40b28e1a1c7a830421ca958af02230db5604747dc8ba7ef2
u03-s008-cr002,constructed-response,skillId,27,27,5f2f8d666d252bef335cc616b1265322a5d4f10369bdc814bca52cc04bf18fdf
u03-s008-cr002,constructed-response,difficulty,8,8,d21f85ea38166303ce58e06134b5cc4a5c900c409ab2a500ff7c9225109a09bb
u03-s008-cr002,constructed-response,type,20,20,e519496c259191db041ac61161dbfadb673dd94a10a123ed7423adcf7968ae7c
u03-s008-cr002,constructed-response,visualMode,9,9,9c7d54b0bf7a9369d8594201c7b11955514343809d09fbec33966c1fd9794015
u03-s008-cr002,constructed-response,prompt,66,158,8aa2f8e41a4647964fb4678616a99693a3a784337fa3574be6ddf9994b8c5c54
u03-s008-cr002,constructed-response,requiredWork[0],7,19,f9391b93dab572fd7c1e08baad4a3970fba81ed682edfc0427d1e8518ed7802a
u03-s008-cr002,constructed-response,requiredWork[1],10,30,8e8613aaeb458339004c556ac10b44f07769c49f77fca3b807358add36380a58
u03-s008-cr002,constructed-response,requiredWork[2],7,21,524b5cfb37339fafa7090f2e4a048cf55143ee73a87e5c9b474bd4fd1fe9541d
u03-s008-cr002,constructed-response,fullCreditSolution[0],16,28,f74bd234975be52878b7e4efff843e32ed5bb743177fe01a82925033093c4f63
u03-s008-cr002,constructed-response,fullCreditSolution[1],20,26,ff412dab1bc9a57c0f410f0942da0c4765b3b04263d5a388f9142f18342a6e60
u03-s008-cr002,constructed-response,fullCreditSolution[2],13,27,f3bde42eb285f0671a5d8aa204dff6900133c8a3aa3effd7c95b46045517ab89
u03-s008-cr002,constructed-response,alternativeSolutions[0],27,51,68772ec59b00a7517c537adbd1b602e637a439146d56b3b6b096e83ef484c50c
u03-s008-cr002,constructed-response,rubric[0].criteria,16,48,3da90160d45debeca38f2b1d5636bfe142ba5d48bf435a74440b5b1952ec3f49
u03-s008-cr002,constructed-response,rubric[1].criteria,11,33,ee67515554fbbc937ffdf8bf297046c3f2b45b0cd57b13747db67757af5344ee
u03-s008-cr002,constructed-response,rubric[2].criteria,13,35,4b34fa2dcce66c5d0a5875feeabc72732beed96a88853df9af079f1f01c9ebae
u03-s008-cr002,constructed-response,rubric[3].criteria,16,46,e24a5a9039a4805e79149cd8cbda1d22f68a8a97fcbe1e827de54918b22168cc
u03-s008-cr002,constructed-response,scoringNotes[0],14,42,cd605206f033bf9eb77fb66a20ada03efaf449b4f0635fc98dd861265ef39c50
u03-s008-cr002,constructed-response,scoringNotes[1],25,75,a2c565e5172ae5430bb229f94ce51035aa7b17f1f115f704476e4c19fc1098cf
u03-s008-cr002,constructed-response,commonErrors[0],9,25,eef7f67e3b4781bac03b5c0adfc1f29a51c83f07c4ba6a9739d225a51ea35209
u03-s008-cr002,constructed-response,commonErrors[1],8,24,7fa1e3e05ee7d6b0e0e804038a4fe38cd4e186b40c43ac5809bd6521590e4edc
u03-s008-cr002,constructed-response,independentReview.derivedResult,11,21,a40296a9a0a7400296f8f0dc13a735c92c192444c2d0bd44b7d8c7b4aaa3fa7c
u03-s008-cr002,constructed-response,independentReview.ambiguity,26,78,4b9998d99f5ff6b4c48867707da30b5a75387690128c1a0e4fdc7f35be5f3c7a
u03-s008-cr002,constructed-response,independentReview.decision,4,4,d74ff0ee8da3b9806b18c877dbf29bbde50b5bd8e4dad7a3a725000feb82e8f1
u03-s008-cr002,constructed-response,contentSha256,64,64,66a7fd1c393627d9e9b621ad5679fbbe2d52cee0a056c7d8ccace2b557599fb9
u03-s008-cr002,constructed-response,contentAuthority,25,25,ed40f75ffe3d6ad4e71f6e7919d063410490de360edb425965eccd605ca9d79e
u03-s008-cr002,constructed-response,legacyContentDisposition,39,39,2efcc87c0c9673d2efe77735ae75582eb178c880b07035d8695f010e324b7c71
