questionId,unitId,skillId,questionType,field,original,rendererOutput,nestedOpen,extraPipes,unbalanced,proseSwallowed,directQuestionDisplay,recommendedVerdict
u01-s001-v009,u01,integer-number-classification,mc,text,已知 x=(√36-8)/2，則 x 的分類何者正確？,已知 x=[[frac:√36-8|2，則]] x 的分類何者正確？,False,False,False,True,True,RENDERER_REPAIR
u01-s005-cr001,u01,integer-opposite-number,cr,commonErrors[0],把14相反數寫1/14。,[[frac:把14相反數寫1|14]]。,False,False,False,True,False,RENDERER_REPAIR
u01-s005-v001,u01,integer-opposite-number,mc,commonMistake,把相反數誤寫成倒數1/7。,[[frac:把相反數誤寫成倒數1|7]]。,False,False,False,True,False,RENDERER_REPAIR
u02-s001-cr001,u02,fraction-factor-multiple,cr,rubric[0].criteria,十個正因數完整且說明配對/平方根檢查。,[[frac:十個正因數完整且說明配對|平方根檢查]]。,False,False,False,True,False,RENDERER_REPAIR
u02-s005-cr002,u02,fraction-lcm-basic,cr,rubric[0].criteria,六個值完整且有指數/因數篩選理由。,[[frac:六個值完整且有指數|因數篩選理由]]。,False,False,False,True,False,RENDERER_REPAIR
u02-s007-cr002,u02,fraction-lcm-application,cr,alternativeSolutions[0],可用⌊300/48⌋=6，再列出驗證。,[[frac:可用⌊300|48⌋]]=6，再列出驗證。,False,False,False,True,False,RENDERER_REPAIR
u02-s008-cr001,u02,fraction-compare,cr,fullCreditSolution[0],13/18與17/24：13×24=312，17×18=306，所以13/18較大。,[[frac:13|18與17]]/24：13×24=312，17×18=306，[[frac:所以13|18較大]]。,False,False,False,True,False,RENDERER_REPAIR
u02-s008-cr001,u02,fraction-compare,cr,fullCreditSolution[1],13/18與29/40：13×40=520，29×18=522，所以13/18較小。,[[frac:13|18與29]]/40：13×40=520，29×18=522，[[frac:所以13|18較小]]。,False,False,False,True,False,RENDERER_REPAIR
u02-s008-cr001,u02,fraction-compare,cr,fullCreditSolution[2],因此17/24＜13/18＜29/40。,[[frac:因此17|24＜13]]/[[frac:18＜29|40]]。,False,False,False,True,False,RENDERER_REPAIR
u02-s008-cr001,u02,fraction-compare,cr,alternativeSolutions[0],可通分到360：255/360、260/360、261/360。,[[frac:可通分到360：255|360]]、[[frac:260|360]]、[[frac:261|360]]。,False,False,False,True,False,RENDERER_REPAIR
u02-s008-cr001,u02,fraction-compare,cr,commonErrors[1],把17/24判最大。,[[frac:把17|24判最大]]。,False,False,False,True,False,RENDERER_REPAIR
u02-s008-cr002,u02,fraction-compare,cr,fullCreditSolution[1],-14/18較大，所以B在右邊。,-[[frac:14|18較大]]，所以B在右邊。,False,False,False,True,False,RENDERER_REPAIR
u02-s008-cr002,u02,fraction-compare,cr,fullCreditSolution[2],距離=|-15/18-(-14/18)|=1/18。,距離=|-[[frac:15|18]]-(-[[frac:14|18)|]]=[[frac:1|18]]。,False,True,False,False,False,RENDERER_REPAIR
u02-s008-cr002,u02,fraction-compare,cr,rubric[0].criteria,B在右、距離1/18且過程完整。,B在右、[[frac:距離1|18且過程完整]]。,False,False,False,True,False,RENDERER_REPAIR
u02-s008-cr002,u02,fraction-compare,cr,independentReview.derivedResult,B在右邊，距離1/18。,B在右邊，[[frac:距離1|18]]。,False,False,False,True,False,RENDERER_REPAIR
u02-s008-v001,u02,fraction-compare,mc,explanation,依題意逐步處理：分母相同時比較分子；3＜4，所以3/5＜4/5。所以答案是「3/5＜4/5」。,依題意逐步處理：分母相同時比較分子；3＜4，[[frac:所以3|5＜4]]/5。[[frac:所以答案是「3|5＜4]]/5」。,False,False,False,True,False,RENDERER_REPAIR
u02-s008-v001,u02,fraction-compare,mc,steps[1],3＜4，所以3/5＜4/5,3＜4，[[frac:所以3|5＜4]]/5,False,False,False,True,False,RENDERER_REPAIR
u02-s008-v002,u02,fraction-compare,mc,explanation,依題意逐步處理：分子相同且為正數時，分母較小的分數較大；6<8，所以5/6較大。所以答案是「5/6」。,依題意逐步處理：分子相同且為正數時，分母較小的分數較大；6<8，[[frac:所以5|6較大]]。[[frac:所以答案是「5|6」]]。,False,False,False,True,False,RENDERER_REPAIR
u02-s008-v002,u02,fraction-compare,mc,steps[1],6<8，所以5/6較大,6<8，[[frac:所以5|6較大]],False,False,False,True,False,RENDERER_REPAIR
u02-s008-v002,u02,fraction-compare,mc,optionAnalysis[1].reason,5/6較大。,[[frac:5|6較大]]。,False,False,False,True,False,RENDERER_REPAIR
u02-s008-v002,u02,fraction-compare,mc,commonMistake,看到分母8較大就判5/8較大。,[[frac:看到分母8較大就判5|8較大]]。,False,False,False,True,False,RENDERER_REPAIR
u02-s008-v003,u02,fraction-compare,mc,explanation,依題意逐步處理：1/2=0.5，2/3約0.667，4/5=0.8，3/4=0.75；最大為4/5。所以答案是「4/5」。,[[frac:依題意逐步處理：1|2]]=0.5，[[frac:2|3約0.667]]，[[frac:4|5]]=0.8，[[frac:3|4]]=0.75；[[frac:最大為4|5]]。[[frac:所以答案是「4|5」]]。,False,False,False,True,False,RENDERER_REPAIR
u02-s008-v003,u02,fraction-compare,mc,steps[0],1/2=0.5，2/3約0.667，4/5=0.8，3/4=0.75,[[frac:1|2]]=0.5，[[frac:2|3約0.667]]，[[frac:4|5]]=0.8，[[frac:3|4]]=0.75,False,False,False,True,False,RENDERER_REPAIR
u02-s008-v003,u02,fraction-compare,mc,steps[1],最大為4/5,[[frac:最大為4|5]],False,False,False,True,False,RENDERER_REPAIR
u02-s008-v003,u02,fraction-compare,mc,optionAnalysis[0].reason,1/2最小。,[[frac:1|2最小]]。,False,False,False,True,False,RENDERER_REPAIR
u02-s008-v003,u02,fraction-compare,mc,optionAnalysis[1].reason,2/3小於3/4。,[[frac:2|3小於3]]/4。,False,False,False,True,False,RENDERER_REPAIR
u02-s008-v004,u02,fraction-compare,mc,explanation,依題意逐步處理：交叉比較絕對值：2×5=10，3×3=9，所以2/3>3/5；負數絕對值較大者反而較小，因此-2/3<-3/5。所以答案是「-2/3＜-3/5」。,依題意逐步處理：交叉比較絕對值：2×5=10，3×3=9，[[frac:所以2|3>3]]/5；負數絕對值較大者反而較小，因此-[[frac:2|3<]]-[[frac:3|5]]。所以答案是「-[[frac:2|3＜]]-[[frac:3|5」]]。,False,False,False,True,False,RENDERER_REPAIR
u02-s008-v004,u02,fraction-compare,mc,steps[0],交叉比較絕對值：2×5=10，3×3=9，所以2/3>3/5,交叉比較絕對值：2×5=10，3×3=9，[[frac:所以2|3>3]]/5,False,False,False,True,False,RENDERER_REPAIR
u02-s008-v006,u02,fraction-compare,mc,explanation,依題意逐步處理：正數取倒數後大小反轉；a<b，所以1/a>1/b。所以答案是「1/a＞1/b」。,依題意逐步處理：正數取倒數後大小反轉；a<b，[[frac:所以1|a>1]]/b。[[frac:所以答案是「1|a＞1]]/b」。,False,False,False,True,False,RENDERER_REPAIR
u02-s008-v006,u02,fraction-compare,mc,steps[1],a<b，所以1/a>1/b,a<b，[[frac:所以1|a>1]]/b,False,False,False,True,False,RENDERER_REPAIR
u02-s008-v007,u02,fraction-compare,mc,explanation,依題意逐步處理：交叉相乘：17×29=493，22×23=506；506較大，所以22/29較大。所以答案是「22/29」。,依題意逐步處理：交叉相乘：17×29=493，22×23=506；506較大，[[frac:所以22|29較大]]。[[frac:所以答案是「22|29」]]。,False,False,False,True,False,RENDERER_REPAIR
u02-s008-v007,u02,fraction-compare,mc,steps[1],506較大，所以22/29較大,506較大，[[frac:所以22|29較大]],False,False,False,True,False,RENDERER_REPAIR
u02-s008-v007,u02,fraction-compare,mc,optionAnalysis[0].reason,493<506，因此17/23較小。,493<506，[[frac:因此17|23較小]]。,False,False,False,True,False,RENDERER_REPAIR
u02-s008-v007,u02,fraction-compare,mc,optionAnalysis[2].reason,22/29較大。,[[frac:22|29較大]]。,False,False,False,True,False,RENDERER_REPAIR
u02-s008-v008,u02,fraction-compare,mc,explanation,依題意逐步處理：-3/4=-9/12，-2/3=-8/12；A較小，在左邊；距離|-9/12+8/12|=1/12。所以答案是「A 在 B 左邊且距離 1/12」。,依題意逐步處理：-[[frac:3|4]]=-[[frac:9|12]]，-[[frac:2|3]]=-[[frac:8|12]]；A較小，在左邊；距離|-[[frac:9|12]]+[[frac:8|12|]]=[[frac:1|12]]。所以答案是「A 在 B 左邊且距離 [[frac:1|12」]]。,False,True,False,False,False,RENDERER_REPAIR
u02-s008-v008,u02,fraction-compare,mc,steps[1],A較小，在左邊；距離|-9/12+8/12|=1/12,A較小，在左邊；距離|-[[frac:9|12]]+[[frac:8|12|]]=[[frac:1|12]],False,True,False,False,False,RENDERER_REPAIR
u02-s008-v009,u02,fraction-compare,mc,optionAnalysis[1].reason,把5/7與7/10顛倒。,[[frac:把5|7與7]]/10顛倒。,False,False,False,True,False,RENDERER_REPAIR
u02-s008-v010,u02,fraction-compare,mc,optionAnalysis[2].reason,乙的5/8=0.625，在三條步道中最低，不是第二高。,[[frac:乙的5|8]]=0.625，在三條步道中最低，不是第二高。,False,False,False,True,False,RENDERER_REPAIR
u02-s008-v011,u02,fraction-compare,mc,explanation,依題意逐步處理：3/4=.75，7/9約.778，4/5=.8，5/6約.833；最高為小萱。所以答案是「小萱」。,[[frac:依題意逐步處理：3|4]]=.75，[[frac:7|9約.778]]，[[frac:4|5]]=.8，[[frac:5|6約.833]]；最高為小萱。所以答案是「小萱」。,False,False,False,True,False,RENDERER_REPAIR
u02-s008-v011,u02,fraction-compare,mc,steps[0],3/4=.75，7/9約.778，4/5=.8，5/6約.833,[[frac:3|4]]=.75，[[frac:7|9約.778]]，[[frac:4|5]]=.8，[[frac:5|6約.833]],False,False,False,True,False,RENDERER_REPAIR
u02-s008-v011,u02,fraction-compare,mc,optionAnalysis[2].reason,5/6約0.833最高。,[[frac:5|6約0.833最高]]。,False,False,False,True,False,RENDERER_REPAIR
u02-s008-v011,u02,fraction-compare,mc,optionAnalysis[3].reason,4/5=0.8低於5/6。,[[frac:4|5]]=[[frac:0.8低於5|6]]。,False,False,False,True,False,RENDERER_REPAIR
u02-s008-v012,u02,fraction-compare,mc,choices[3],A，因為3/8＞4/11,A，[[frac:因為3|8＞4]]/11,False,False,False,True,True,RENDERER_REPAIR
u02-s008-v012,u02,fraction-compare,mc,explanation,依題意逐步處理：A原液比例3/(3+5)=3/8；B為4/(4+7)=4/11；3×11=33>32=4×8，所以A較高。所以答案是「A，因為3/8＞4/11」。,[[frac:依題意逐步處理：A原液比例3|(3]]+5)=[[frac:3|8]]；[[frac:B為4|(4]]+7)=[[frac:4|11]]；3×11=33>32=4×8，所以A較高。所以答案是「A，[[frac:因為3|8＞4]]/11」。,False,False,False,True,False,RENDERER_REPAIR
u02-s008-v012,u02,fraction-compare,mc,steps[0],A原液比例3/(3+5)=3/8,[[frac:A原液比例3|(3]]+5)=[[frac:3|8]],False,False,False,True,False,RENDERER_REPAIR
u02-s008-v012,u02,fraction-compare,mc,steps[1],B為4/(4+7)=4/11；3×11=33>32=4×8，所以A較高,[[frac:B為4|(4]]+7)=[[frac:4|11]]；3×11=33>32=4×8，所以A較高,False,False,False,True,False,RENDERER_REPAIR
u02-s008-v012,u02,fraction-compare,mc,optionAnalysis[3].choice,A，因為3/8＞4/11,A，[[frac:因為3|8＞4]]/11,False,False,False,True,False,RENDERER_REPAIR
u02-s008-v012,u02,fraction-compare,mc,optionAnalysis[3].reason,3/8略大於4/11。,[[frac:3|8略大於4]]/11。,False,False,False,True,False,RENDERER_REPAIR
u02-s009-cr001,u02,fraction-add-subtract,cr,prompt,計算 2又3/4-［1又1/6-(5/8-1/3)］，寫出每一步。,計算 [[frac:2又3|4]]-[[frac:［1又1|6]]-[[frac:(5|8]]-[[frac:1|3)］]]，寫出每一步。,False,False,False,True,True,RENDERER_REPAIR
u02-s009-cr001,u02,fraction-add-subtract,cr,fullCreditSolution[1],1又1/6=28/24，所以中括號=28/24-7/24=21/24=7/8。,[[frac:1又1|6]]=[[frac:28|24]]，所以中括號=[[frac:28|24]]-[[frac:7|24]]=[[frac:21|24]]=[[frac:7|8]]。,False,False,False,True,False,RENDERER_REPAIR
u02-s009-cr001,u02,fraction-add-subtract,cr,fullCreditSolution[2],2又3/4=11/4=22/8，22/8-7/8=15/8=1又7/8。,[[frac:2又3|4]]=[[frac:11|4]]=[[frac:22|8]]，[[frac:22|8]]-[[frac:7|8]]=[[frac:15|8]]=[[frac:1又7|8]]。,False,False,False,True,False,RENDERER_REPAIR
u02-s009-cr001,u02,fraction-add-subtract,cr,rubric[0].criteria,每層括號與答案1又7/8正確。,[[frac:每層括號與答案1又7|8正確]]。,False,False,False,True,False,RENDERER_REPAIR
u02-s009-cr001,u02,fraction-add-subtract,cr,scoringNotes[0],最終可寫15/8。,[[frac:最終可寫15|8]]。,False,False,False,True,False,RENDERER_REPAIR
u02-s009-cr001,u02,fraction-add-subtract,cr,independentReview.derivedResult,1又7/8。,[[frac:1又7|8]]。,False,False,False,True,False,RENDERER_REPAIR
u02-s009-cr002,u02,fraction-add-subtract,cr,requiredWork[2],與3/5比較。,[[frac:與3|5比較]]。,False,False,False,True,False,RENDERER_REPAIR
u02-s009-cr002,u02,fraction-add-subtract,cr,fullCreditSolution[2],7/12與3/5比較：35<36，所以未超過3/5。,[[frac:7|12與3]]/5比較：35<36，[[frac:所以未超過3|5]]。,False,False,False,True,False,RENDERER_REPAIR
u02-s009-cr002,u02,fraction-add-subtract,cr,alternativeSolutions[0],可先算7/10-1/4=9/20，再加2/15。,[[frac:可先算7|10]]-[[frac:1|4]]=[[frac:9|20]]，[[frac:再加2|15]]。,False,False,False,True,False,RENDERER_REPAIR
u02-s009-cr002,u02,fraction-add-subtract,cr,rubric[0].criteria,7/12及未超過3/5均正確。,[[frac:7|12及未超過3]]/5均正確。,False,False,False,True,False,RENDERER_REPAIR
u02-s009-cr002,u02,fraction-add-subtract,cr,commonErrors[0],把補入2/15作用於剩餘量。,[[frac:把補入2|15作用於剩餘量]]。,False,False,False,True,False,RENDERER_REPAIR
u02-s009-cr002,u02,fraction-add-subtract,cr,commonErrors[1],只答7/12未回應判斷。,[[frac:只答7|12未回應判斷]]。,False,False,False,True,False,RENDERER_REPAIR
u02-s009-cr002,u02,fraction-add-subtract,cr,independentReview.derivedResult,最後7/12，未超過3/5。,[[frac:最後7|12]]，[[frac:未超過3|5]]。,False,False,False,True,False,RENDERER_REPAIR
u02-s009-v001,u02,fraction-add-subtract,mc,explanation,依題意逐步處理：1/3=2/6；2/6+1/6=3/6=1/2。所以答案是「1/2」。,[[frac:依題意逐步處理：1|3]]=[[frac:2|6]]；[[frac:2|6]]+[[frac:1|6]]=[[frac:3|6]]=[[frac:1|2]]。[[frac:所以答案是「1|2」]]。,False,False,False,True,False,RENDERER_REPAIR
u02-s009-v001,u02,fraction-add-subtract,mc,optionAnalysis[0].reason,通分後得1/2。,[[frac:通分後得1|2]]。,False,False,False,True,False,RENDERER_REPAIR
u02-s009-v001,u02,fraction-add-subtract,mc,optionAnalysis[2].reason,把1/3減1/6。,[[frac:把1|3減1]]/6。,False,False,False,True,False,RENDERER_REPAIR
u02-s009-v002,u02,fraction-add-subtract,mc,explanation,依題意逐步處理：1/4=2/8；5/8-2/8=3/8。所以答案是「3/8」。,[[frac:依題意逐步處理：1|4]]=[[frac:2|8]]；[[frac:5|8]]-[[frac:2|8]]=[[frac:3|8]]。[[frac:所以答案是「3|8」]]。,False,False,False,True,False,RENDERER_REPAIR
u02-s009-v002,u02,fraction-add-subtract,mc,optionAnalysis[0].reason,只減分子得到4/8後又錯約。,[[frac:只減分子得到4|8後又錯約]]。,False,False,False,True,False,RENDERER_REPAIR
u02-s009-v002,u02,fraction-add-subtract,mc,optionAnalysis[1].reason,3/8正確。,[[frac:3|8正確]]。,False,False,False,True,False,RENDERER_REPAIR
u02-s009-v002,u02,fraction-add-subtract,mc,optionAnalysis[3].reason,5/8-2/8不是4/8。,[[frac:5|8]]-[[frac:2|8不是4]]/8。,False,False,False,True,False,RENDERER_REPAIR
u02-s009-v002,u02,fraction-add-subtract,mc,commonMistake,沒有把1/4通分成2/8。,[[frac:沒有把1|4通分成2]]/8。,False,False,False,True,False,RENDERER_REPAIR
u02-s009-v003,u02,fraction-add-subtract,mc,optionAnalysis[2].reason,-1/5正確。,-[[frac:1|5正確]]。,False,False,False,True,False,RENDERER_REPAIR
u02-s009-v004,u02,fraction-add-subtract,mc,explanation,依題意逐步處理：括號內1/2-1/8=3/8；3/4-3/8=6/8-3/8=3/8。所以答案是「3/8」。,[[frac:依題意逐步處理：括號內1|2]]-[[frac:1|8]]=[[frac:3|8]]；[[frac:3|4]]-[[frac:3|8]]=[[frac:6|8]]-[[frac:3|8]]=[[frac:3|8]]。[[frac:所以答案是「3|8」]]。,False,False,False,True,False,RENDERER_REPAIR
u02-s009-v004,u02,fraction-add-subtract,mc,steps[0],括號內1/2-1/8=3/8,[[frac:括號內1|2]]-[[frac:1|8]]=[[frac:3|8]],False,False,False,True,False,RENDERER_REPAIR
u02-s009-v004,u02,fraction-add-subtract,mc,optionAnalysis[0].reason,把3/4與括號首項直接相減。,[[frac:把3|4與括號首項直接相減]]。,False,False,False,True,False,RENDERER_REPAIR
u02-s009-v004,u02,fraction-add-subtract,mc,optionAnalysis[1].reason,錯把括號內算成1/2。,[[frac:錯把括號內算成1|2]]。,False,False,False,True,False,RENDERER_REPAIR
u02-s009-v004,u02,fraction-add-subtract,mc,optionAnalysis[3].reason,3/8正確。,[[frac:3|8正確]]。,False,False,False,True,False,RENDERER_REPAIR
u02-s009-v005,u02,fraction-add-subtract,mc,explanation,依題意逐步處理：通分為-9/12+10/12；結果1/12。所以答案是「1/12」。,依題意逐步處理：通分為-[[frac:9|12]]+[[frac:10|12]]；[[frac:結果1|12]]。[[frac:所以答案是「1|12」]]。,False,False,False,True,False,RENDERER_REPAIR
u02-s009-v005,u02,fraction-add-subtract,mc,steps[1],結果1/12,[[frac:結果1|12]],False,False,False,True,False,RENDERER_REPAIR
u02-s009-v005,u02,fraction-add-subtract,mc,optionAnalysis[0].reason,-9+10=1，得1/12。,-9+10=1，[[frac:得1|12]]。,False,False,False,True,False,RENDERER_REPAIR
u02-s009-v006,u02,fraction-add-subtract,mc,text,2又1/3+1又5/6 等於多少？,[[frac:2又1|3]]+[[frac:1又5|6]] 等於多少？,False,False,False,True,True,RENDERER_REPAIR
u02-s009-v006,u02,fraction-add-subtract,mc,choices[0],3又1/6,[[frac:3又1|6]],False,False,False,True,True,RENDERER_REPAIR
u02-s009-v006,u02,fraction-add-subtract,mc,choices[1],4又1/6,[[frac:4又1|6]],False,False,False,True,True,RENDERER_REPAIR
u02-s009-v006,u02,fraction-add-subtract,mc,choices[2],4又5/6,[[frac:4又5|6]],False,False,False,True,True,RENDERER_REPAIR
u02-s009-v006,u02,fraction-add-subtract,mc,choices[3],3又5/6,[[frac:3又5|6]],False,False,False,True,True,RENDERER_REPAIR
u02-s009-v006,u02,fraction-add-subtract,mc,explanation,依題意逐步處理：2又1/3=2又2/6；整數部分3，分數2/6+5/6=7/6=1又1/6，合計4又1/6。所以答案是「4又1/6」。,[[frac:依題意逐步處理：2又1|3]]=[[frac:2又2|6]]；整數部分3，[[frac:分數2|6]]+[[frac:5|6]]=[[frac:7|6]]=[[frac:1又1|6]]，[[frac:合計4又1|6]]。[[frac:所以答案是「4又1|6」]]。,False,False,False,True,False,RENDERER_REPAIR
u02-s009-v006,u02,fraction-add-subtract,mc,steps[0],2又1/3=2又2/6,[[frac:2又1|3]]=[[frac:2又2|6]],False,False,False,True,False,RENDERER_REPAIR
u02-s009-v006,u02,fraction-add-subtract,mc,steps[1],整數部分3，分數2/6+5/6=7/6=1又1/6，合計4又1/6,整數部分3，[[frac:分數2|6]]+[[frac:5|6]]=[[frac:7|6]]=[[frac:1又1|6]]，[[frac:合計4又1|6]],False,False,False,True,False,RENDERER_REPAIR
u02-s009-v006,u02,fraction-add-subtract,mc,optionAnalysis[0].choice,3又1/6,[[frac:3又1|6]],False,False,False,True,False,RENDERER_REPAIR
u02-s009-v006,u02,fraction-add-subtract,mc,optionAnalysis[1].choice,4又1/6,[[frac:4又1|6]],False,False,False,True,False,RENDERER_REPAIR
u02-s009-v006,u02,fraction-add-subtract,mc,optionAnalysis[1].reason,4又1/6正確。,[[frac:4又1|6正確]]。,False,False,False,True,False,RENDERER_REPAIR
u02-s009-v006,u02,fraction-add-subtract,mc,optionAnalysis[2].choice,4又5/6,[[frac:4又5|6]],False,False,False,True,False,RENDERER_REPAIR
u02-s009-v006,u02,fraction-add-subtract,mc,optionAnalysis[3].choice,3又5/6,[[frac:3又5|6]],False,False,False,True,False,RENDERER_REPAIR
u02-s009-v007,u02,fraction-add-subtract,mc,explanation,依題意逐步處理：減負數變加：5/12+7/18；通分36得15/36+14/36=29/36。所以答案是「29/36」。,[[frac:依題意逐步處理：減負數變加：5|12]]+[[frac:7|18]]；[[frac:通分36得15|36]]+[[frac:14|36]]=[[frac:29|36]]。[[frac:所以答案是「29|36」]]。,False,False,False,True,False,RENDERER_REPAIR
u02-s009-v007,u02,fraction-add-subtract,mc,steps[0],減負數變加：5/12+7/18,[[frac:減負數變加：5|12]]+[[frac:7|18]],False,False,False,True,False,RENDERER_REPAIR
u02-s009-v007,u02,fraction-add-subtract,mc,steps[1],通分36得15/36+14/36=29/36,[[frac:通分36得15|36]]+[[frac:14|36]]=[[frac:29|36]],False,False,False,True,False,RENDERER_REPAIR
u02-s009-v007,u02,fraction-add-subtract,mc,optionAnalysis[2].reason,29/36正確。,[[frac:29|36正確]]。,False,False,False,True,False,RENDERER_REPAIR
u02-s009-v008,u02,fraction-add-subtract,mc,explanation,依題意逐步處理：1/4+1/6=5/12；2/3-5/12=8/12-5/12=1/4；1-1/4=3/4。所以答案是「3/4」。,[[frac:依題意逐步處理：1|4]]+[[frac:1|6]]=[[frac:5|12]]；[[frac:2|3]]-[[frac:5|12]]=[[frac:8|12]]-[[frac:5|12]]=[[frac:1|4]]；1-[[frac:1|4]]=[[frac:3|4]]。[[frac:所以答案是「3|4」]]。,False,False,False,True,False,RENDERER_REPAIR
u02-s009-v008,u02,fraction-add-subtract,mc,optionAnalysis[3].reason,3/4正確。,[[frac:3|4正確]]。,False,False,False,True,False,RENDERER_REPAIR
u02-s009-v009,u02,fraction-add-subtract,mc,explanation,依題意逐步處理：a-b=7/10-(-6/10)；=13/10。所以答案是「13/10」。,依題意逐步處理：a-b=[[frac:7|10]]-(-[[frac:6|10)]]；=[[frac:13|10]]。[[frac:所以答案是「13|10」]]。,False,False,False,True,False,RENDERER_REPAIR
u02-s009-v009,u02,fraction-add-subtract,mc,optionAnalysis[0].reason,減負得加，13/10正確。,減負得加，[[frac:13|10正確]]。,False,False,False,True,False,RENDERER_REPAIR
u02-s009-v009,u02,fraction-add-subtract,mc,optionAnalysis[1].reason,把-3/5直接加成-6/10。,把-[[frac:3|5直接加成]]-[[frac:6|10]]。,False,False,False,True,False,RENDERER_REPAIR
u02-s009-v009,u02,fraction-add-subtract,mc,optionAnalysis[2].reason,a-b是減去負數，結果應為正；-13/10的符號錯誤。,a-b是減去負數，結果應為正；-[[frac:13|10的符號錯誤]]。,False,False,False,True,False,RENDERER_REPAIR
u02-s009-v010,u02,fraction-add-subtract,mc,explanation,依題意逐步處理：3/5-1/4+1/10=12/20-5/20+2/20；=9/20。所以答案是「9/20」。,[[frac:依題意逐步處理：3|5]]-[[frac:1|4]]+[[frac:1|10]]=[[frac:12|20]]-[[frac:5|20]]+[[frac:2|20]]；=[[frac:9|20]]。[[frac:所以答案是「9|20」]]。,False,False,False,True,False,RENDERER_REPAIR
u02-s009-v010,u02,fraction-add-subtract,mc,optionAnalysis[1].reason,9/20正確。,[[frac:9|20正確]]。,False,False,False,True,False,RENDERER_REPAIR
u02-s009-v011,u02,fraction-add-subtract,mc,explanation,依題意逐步處理：已完成2/7+3/14=4/14+3/14=7/14；未完成1-7/14=7/14。所以答案是「7/14」。,[[frac:依題意逐步處理：已完成2|7]]+[[frac:3|14]]=[[frac:4|14]]+[[frac:3|14]]=[[frac:7|14]]；未完成1-[[frac:7|14]]=[[frac:7|14]]。[[frac:所以答案是「7|14」]]。,False,False,False,True,False,RENDERER_REPAIR
u02-s009-v011,u02,fraction-add-subtract,mc,steps[0],已完成2/7+3/14=4/14+3/14=7/14,[[frac:已完成2|7]]+[[frac:3|14]]=[[frac:4|14]]+[[frac:3|14]]=[[frac:7|14]],False,False,False,True,False,RENDERER_REPAIR
u02-s009-v011,u02,fraction-add-subtract,mc,optionAnalysis[0].reason,5/14是錯誤差值。,[[frac:5|14是錯誤差值]]。,False,False,False,True,False,RENDERER_REPAIR
u02-s009-v011,u02,fraction-add-subtract,mc,optionAnalysis[1].reason,6/14少算一天。,[[frac:6|14少算一天]]。,False,False,False,True,False,RENDERER_REPAIR
u02-s009-v011,u02,fraction-add-subtract,mc,optionAnalysis[2].reason,7/14正確。,[[frac:7|14正確]]。,False,False,False,True,False,RENDERER_REPAIR
u02-s009-v011,u02,fraction-add-subtract,mc,optionAnalysis[3].reason,9/14大於剩餘。,[[frac:9|14大於剩餘]]。,False,False,False,True,False,RENDERER_REPAIR
u02-s009-v012,u02,fraction-add-subtract,mc,text,食譜需要 2又1/4 杯麵粉，現有 1又2/3 杯，還缺多少杯？,食譜需要 [[frac:2又1|4]] 杯麵粉，現有 [[frac:1又2|3]] 杯，還缺多少杯？,False,False,False,True,True,RENDERER_REPAIR
u02-s009-v012,u02,fraction-add-subtract,mc,explanation,依題意逐步處理：2又1/4-1又2/3=9/4-5/3；=27/12-20/12=7/12。所以答案是「7/12 杯」。,[[frac:依題意逐步處理：2又1|4]]-[[frac:1又2|3]]=[[frac:9|4]]-[[frac:5|3]]；=[[frac:27|12]]-[[frac:20|12]]=[[frac:7|12]]。[[frac:所以答案是「7|12]] 杯」。,False,False,False,True,False,RENDERER_REPAIR
u02-s009-v012,u02,fraction-add-subtract,mc,steps[0],2又1/4-1又2/3=9/4-5/3,[[frac:2又1|4]]-[[frac:1又2|3]]=[[frac:9|4]]-[[frac:5|3]],False,False,False,True,False,RENDERER_REPAIR
u02-s009-v012,u02,fraction-add-subtract,mc,optionAnalysis[0].reason,差少2/12。,[[frac:差少2|12]]。,False,False,False,True,False,RENDERER_REPAIR
u02-s009-v012,u02,fraction-add-subtract,mc,optionAnalysis[1].reason,3/4杯比正確差額多。,[[frac:3|4杯比正確差額多]]。,False,False,False,True,False,RENDERER_REPAIR
u02-s009-v012,u02,fraction-add-subtract,mc,optionAnalysis[3].reason,7/12杯正確。,[[frac:7|12杯正確]]。,False,False,False,True,False,RENDERER_REPAIR
u02-s010-cr001,u02,fraction-multiply-divide,cr,prompt,一桶蜂蜜有 15又3/4 公斤，每罐裝 7/8 公斤。可裝滿幾罐？寫出計算與驗算。,一桶蜂蜜有 [[frac:15又3|4]] 公斤，每罐裝 [[frac:7|8]] 公斤。可裝滿幾罐？寫出計算與驗算。,False,False,False,True,True,RENDERER_REPAIR
u02-s010-cr001,u02,fraction-multiply-divide,cr,fullCreditSolution[0],15又3/4=63/4。,[[frac:15又3|4]]=[[frac:63|4]]。,False,False,False,True,False,RENDERER_REPAIR
u02-s010-cr001,u02,fraction-multiply-divide,cr,alternativeSolutions[0],可先把每罐7/8公斤換成小數0.875，但需精確驗算。,[[frac:可先把每罐7|8公斤換成小數0.875]]，但需精確驗算。,False,False,False,True,False,RENDERER_REPAIR
u02-s010-cr001,u02,fraction-multiply-divide,cr,commonErrors[0],把15又3/4乘7/8。,[[frac:把15又3|4乘7]]/8。,False,False,False,True,False,RENDERER_REPAIR
u02-s010-cr002,u02,fraction-multiply-divide,cr,fullCreditSolution[2],驗證：63×5/6=52.5=105/2，再除3/4得70。,驗證：63×[[frac:5|6]]=52.5=[[frac:105|2]]，[[frac:再除3|4得70]]。,False,False,False,True,False,RENDERER_REPAIR
u02-s010-cr002,u02,fraction-multiply-divide,cr,alternativeSolutions[0],可由70先乘3/4再除5/6：70×3/4×6/5=63。,[[frac:可由70先乘3|4再除5]]/6：70×[[frac:3|4]]×[[frac:6|5]]=63。,False,False,False,True,False,RENDERER_REPAIR
u02-s010-cr002,u02,fraction-multiply-divide,cr,commonErrors[1],除以3/4時又除一次。,[[frac:除以3|4時又除一次]]。,False,False,False,True,False,RENDERER_REPAIR
u02-s010-v001,u02,fraction-multiply-divide,mc,explanation,依題意逐步處理：分子相乘3×2=6，分母相乘4×5=20；6/20約分為3/10。所以答案是「3/10」。,依題意逐步處理：分子相乘3×2=6，分母相乘4×5=20；[[frac:6|20約分為3]]/10。[[frac:所以答案是「3|10」]]。,False,False,False,True,False,RENDERER_REPAIR
u02-s010-v001,u02,fraction-multiply-divide,mc,steps[1],6/20約分為3/10,[[frac:6|20約分為3]]/10,False,False,False,True,False,RENDERER_REPAIR
u02-s010-v001,u02,fraction-multiply-divide,mc,optionAnalysis[0].reason,3/10正確。,[[frac:3|10正確]]。,False,False,False,True,False,RENDERER_REPAIR
u02-s010-v002,u02,fraction-multiply-divide,mc,explanation,依題意逐步處理：除以10/9等於乘9/10；5/6×9/10=45/60=3/4。所以答案是「3/4」。,[[frac:依題意逐步處理：除以10|9等於乘9]]/10；[[frac:5|6]]×[[frac:9|10]]=[[frac:45|60]]=[[frac:3|4]]。[[frac:所以答案是「3|4」]]。,False,False,False,True,False,RENDERER_REPAIR
u02-s010-v002,u02,fraction-multiply-divide,mc,steps[0],除以10/9等於乘9/10,[[frac:除以10|9等於乘9]]/10,False,False,False,True,False,RENDERER_REPAIR
u02-s010-v002,u02,fraction-multiply-divide,mc,optionAnalysis[1].reason,3/4正確。,[[frac:3|4正確]]。,False,False,False,True,False,RENDERER_REPAIR
u02-s010-v002,u02,fraction-multiply-divide,mc,optionAnalysis[3].reason,50/54是錯誤直除。,[[frac:50|54是錯誤直除]]。,False,False,False,True,False,RENDERER_REPAIR
u02-s010-v003,u02,fraction-multiply-divide,mc,optionAnalysis[2].reason,-3/2正確。,-[[frac:3|2正確]]。,False,False,False,True,False,RENDERER_REPAIR
u02-s010-v004,u02,fraction-multiply-divide,mc,explanation,依題意逐步處理：7/8×(-3/14)；約去7與14得-3/16。所以答案是「-3/16」。,[[frac:依題意逐步處理：7|8]]×(-[[frac:3|14)]]；約去7與14得-[[frac:3|16]]。所以答案是「-[[frac:3|16」]]。,False,False,False,True,False,RENDERER_REPAIR
u02-s010-v004,u02,fraction-multiply-divide,mc,optionAnalysis[1].reason,除以負數後結果必為負，3/16遺漏負號。,除以負數後結果必為負，[[frac:3|16遺漏負號]]。,False,False,False,True,False,RENDERER_REPAIR
u02-s010-v004,u02,fraction-multiply-divide,mc,optionAnalysis[3].reason,-3/16正確。,-[[frac:3|16正確]]。,False,False,False,True,False,RENDERER_REPAIR
u02-s010-v005,u02,fraction-multiply-divide,mc,explanation,依題意逐步處理：(2/3)²=4/9；4/9×9/8=4/8=1/2。所以答案是「1/2」。,[[frac:依題意逐步處理：(2|3)²]]=[[frac:4|9]]；[[frac:4|9]]×[[frac:9|8]]=[[frac:4|8]]=[[frac:1|2]]。[[frac:所以答案是「1|2」]]。,False,False,False,True,False,RENDERER_REPAIR
u02-s010-v005,u02,fraction-multiply-divide,mc,optionAnalysis[0].reason,1/2正確。,[[frac:1|2正確]]。,False,False,False,True,False,RENDERER_REPAIR
u02-s010-v005,u02,fraction-multiply-divide,mc,commonMistake,把(2/3)²算成4/3。,[[frac:把(2|3)²算成4]]/3。,False,False,False,True,False,RENDERER_REPAIR
u02-s010-v006,u02,fraction-multiply-divide,mc,choices[3],10又4/5,[[frac:10又4|5]],False,False,False,True,True,RENDERER_REPAIR
u02-s010-v006,u02,fraction-multiply-divide,mc,optionAnalysis[0].reason,求的是18的3/5，不是原數。,[[frac:求的是18的3|5]]，不是原數。,False,False,False,True,False,RENDERER_REPAIR
u02-s010-v006,u02,fraction-multiply-divide,mc,optionAnalysis[3].choice,10又4/5,[[frac:10又4|5]],False,False,False,True,False,RENDERER_REPAIR
u02-s010-v006,u02,fraction-multiply-divide,mc,commonMistake,看到『3/5 是18』就再乘3/5。,[[frac:看到『3|5]] [[frac:是18』就再乘3|5]]。,False,False,False,True,False,RENDERER_REPAIR
u02-s010-v008,u02,fraction-multiply-divide,mc,explanation,依題意逐步處理：5/6÷5/12=2；2×3/4=3/2。所以答案是「3/2」。,[[frac:依題意逐步處理：5|6]]÷[[frac:5|12]]=2；2×[[frac:3|4]]=[[frac:3|2]]。[[frac:所以答案是「3|2」]]。,False,False,False,True,False,RENDERER_REPAIR
u02-s010-v008,u02,fraction-multiply-divide,mc,optionAnalysis[0].reason,漏乘3/4。,[[frac:漏乘3|4]]。,False,False,False,True,False,RENDERER_REPAIR
u02-s010-v008,u02,fraction-multiply-divide,mc,optionAnalysis[3].reason,3/2正確。,[[frac:3|2正確]]。,False,False,False,True,False,RENDERER_REPAIR
u02-s010-v009,u02,fraction-multiply-divide,mc,explanation,依題意逐步處理：設原數x，x×7/9×15/14=5/6；乘數化簡為5/6，所以x=1。所以答案是「1」。,依題意逐步處理：設原數x，x×[[frac:7|9]]×[[frac:15|14]]=[[frac:5|6]]；[[frac:乘數化簡為5|6]]，所以x=1。所以答案是「1」。,False,False,False,True,False,RENDERER_REPAIR
u02-s010-v009,u02,fraction-multiply-divide,mc,steps[1],乘數化簡為5/6，所以x=1,[[frac:乘數化簡為5|6]]，所以x=1,False,False,False,True,False,RENDERER_REPAIR
u02-s010-v009,u02,fraction-multiply-divide,mc,optionAnalysis[1].reason,代回只得1/2。,[[frac:代回只得1|2]]。,False,False,False,True,False,RENDERER_REPAIR
u02-s010-v009,u02,fraction-multiply-divide,mc,optionAnalysis[3].reason,把7/9當答案。,[[frac:把7|9當答案]]。,False,False,False,True,False,RENDERER_REPAIR
u02-s010-v011,u02,fraction-multiply-divide,mc,text,一塊布長 7又1/2 公尺，每件作品用 5/8 公尺。若不拼接，最多可做幾件完整作品？,一塊布長 [[frac:7又1|2]] 公尺，每件作品用 [[frac:5|8]] 公尺。若不拼接，最多可做幾件完整作品？,False,False,False,True,True,RENDERER_REPAIR
u02-s010-v011,u02,fraction-multiply-divide,mc,explanation,依題意逐步處理：7又1/2=15/2；15/2÷5/8=15/2×8/5=12。所以答案是「12 件」。,[[frac:依題意逐步處理：7又1|2]]=[[frac:15|2]]；[[frac:15|2]]÷[[frac:5|8]]=[[frac:15|2]]×[[frac:8|5]]=12。所以答案是「12 件」。,False,False,False,True,False,RENDERER_REPAIR
u02-s010-v011,u02,fraction-multiply-divide,mc,steps[0],7又1/2=15/2,[[frac:7又1|2]]=[[frac:15|2]],False,False,False,True,False,RENDERER_REPAIR
u02-s011-cr001,u02,fraction-mixed-number,cr,prompt,計算 6又1/3-2又5/6，並用假分數方法與借位方法各做一次。,計算 [[frac:6又1|3]]-[[frac:2又5|6]]，並用假分數方法與借位方法各做一次。,False,False,False,True,True,RENDERER_REPAIR
u02-s011-cr001,u02,fraction-mixed-number,cr,fullCreditSolution[0],假分數法：19/3-17/6=38/6-17/6=21/6=3又1/2。,[[frac:假分數法：19|3]]-[[frac:17|6]]=[[frac:38|6]]-[[frac:17|6]]=[[frac:21|6]]=[[frac:3又1|2]]。,False,False,False,True,False,RENDERER_REPAIR
u02-s011-cr001,u02,fraction-mixed-number,cr,fullCreditSolution[1],借位法：6又2/6改為5又8/6，減2又5/6=3又3/6=3又1/2。,[[frac:借位法：6又2|6改為5又8]]/6，[[frac:減2又5|6]]=[[frac:3又3|6]]=[[frac:3又1|2]]。,False,False,False,True,False,RENDERER_REPAIR
u02-s011-cr001,u02,fraction-mixed-number,cr,rubric[0].criteria,兩種方法與3又1/2均正確。,[[frac:兩種方法與3又1|2均正確]]。,False,False,False,True,False,RENDERER_REPAIR
u02-s011-cr001,u02,fraction-mixed-number,cr,scoringNotes[0],3又1/2與7/2均可作答案，但須依題意呈現帶分數。,[[frac:3又1|2與7]]/2均可作答案，但須依題意呈現帶分數。,False,False,False,True,False,RENDERER_REPAIR
u02-s011-cr001,u02,fraction-mixed-number,cr,commonErrors[0],假分數法把6又1/3誤化成19/3以外的分數。,[[frac:假分數法把6又1|3誤化成19]]/3以外的分數。,False,False,False,True,False,RENDERER_REPAIR
u02-s011-cr001,u02,fraction-mixed-number,cr,commonErrors[1],借位時只把整數6改成5，卻沒有把借來的1改成6/6加入分數部分。,借位時只把整數6改成5，[[frac:卻沒有把借來的1改成6|6加入分數部分]]。,False,False,False,True,False,RENDERER_REPAIR
u02-s011-cr001,u02,fraction-mixed-number,cr,commonErrors[2],最後3/6未約成1/2。,[[frac:最後3|6未約成1]]/2。,False,False,False,True,False,RENDERER_REPAIR
u02-s011-cr001,u02,fraction-mixed-number,cr,independentReview.derivedResult,3又1/2。,[[frac:3又1|2]]。,False,False,False,True,False,RENDERER_REPAIR
u02-s011-cr002,u02,fraction-mixed-number,cr,prompt,一條繩長 12又1/2 公尺，先剪下 3又3/4 公尺，再把剩下的平均剪成 7 段。每段多長？,一條繩長 [[frac:12又1|2]] 公尺，先剪下 [[frac:3又3|4]] 公尺，再把剩下的平均剪成 7 段。每段多長？,False,False,False,True,True,RENDERER_REPAIR
u02-s011-cr002,u02,fraction-mixed-number,cr,fullCreditSolution[0],12又1/2-3又3/4=12又2/4-3又3/4=8又3/4=35/4。,[[frac:12又1|2]]-[[frac:3又3|4]]=[[frac:12又2|4]]-[[frac:3又3|4]]=[[frac:8又3|4]]=[[frac:35|4]]。,False,False,False,True,False,RENDERER_REPAIR
u02-s011-cr002,u02,fraction-mixed-number,cr,fullCreditSolution[1],35/4÷7=35/28=5/4=1又1/4。,[[frac:35|4]]÷7=[[frac:35|28]]=[[frac:5|4]]=[[frac:1又1|4]]。,False,False,False,True,False,RENDERER_REPAIR
u02-s011-cr002,u02,fraction-mixed-number,cr,alternativeSolutions[0],可全部化假分數：(25/2-15/4)÷7。,[[frac:可全部化假分數：(25|2]]-[[frac:15|4)]]÷7。,False,False,False,True,False,RENDERER_REPAIR
u02-s011-cr002,u02,fraction-mixed-number,cr,rubric[0].criteria,剩餘35/4與每段1又1/4公尺完整。,[[frac:剩餘35|4與每段1又1]]/4公尺完整。,False,False,False,True,False,RENDERER_REPAIR
u02-s011-cr002,u02,fraction-mixed-number,cr,independentReview.derivedResult,每段1又1/4公尺。,[[frac:每段1又1|4公尺]]。,False,False,False,True,False,RENDERER_REPAIR
u02-s011-v001,u02,fraction-mixed-number,mc,choices[0],2又3/4,[[frac:2又3|4]],False,False,False,True,True,RENDERER_REPAIR
u02-s011-v001,u02,fraction-mixed-number,mc,choices[1],3又1/4,[[frac:3又1|4]],False,False,False,True,True,RENDERER_REPAIR
u02-s011-v001,u02,fraction-mixed-number,mc,choices[2],2又1/4,[[frac:2又1|4]],False,False,False,True,True,RENDERER_REPAIR
u02-s011-v001,u02,fraction-mixed-number,mc,choices[3],3又3/4,[[frac:3又3|4]],False,False,False,True,True,RENDERER_REPAIR
u02-s011-v001,u02,fraction-mixed-number,mc,explanation,依題意逐步處理：11÷4=2餘3；所以11/4=2又3/4。所以答案是「2又3/4」。,依題意逐步處理：11÷4=2餘3；[[frac:所以11|4]]=[[frac:2又3|4]]。[[frac:所以答案是「2又3|4」]]。,False,False,False,True,False,RENDERER_REPAIR
u02-s011-v001,u02,fraction-mixed-number,mc,steps[1],所以11/4=2又3/4,[[frac:所以11|4]]=[[frac:2又3|4]],False,False,False,True,False,RENDERER_REPAIR
u02-s011-v001,u02,fraction-mixed-number,mc,optionAnalysis[0].choice,2又3/4,[[frac:2又3|4]],False,False,False,True,False,RENDERER_REPAIR
u02-s011-v001,u02,fraction-mixed-number,mc,optionAnalysis[0].reason,2又3/4正確。,[[frac:2又3|4正確]]。,False,False,False,True,False,RENDERER_REPAIR
u02-s011-v001,u02,fraction-mixed-number,mc,optionAnalysis[1].choice,3又1/4,[[frac:3又1|4]],False,False,False,True,False,RENDERER_REPAIR
u02-s011-v001,u02,fraction-mixed-number,mc,optionAnalysis[2].choice,2又1/4,[[frac:2又1|4]],False,False,False,True,False,RENDERER_REPAIR
u02-s011-v001,u02,fraction-mixed-number,mc,optionAnalysis[3].choice,3又3/4,[[frac:3又3|4]],False,False,False,True,False,RENDERER_REPAIR
u02-s011-v002,u02,fraction-mixed-number,mc,text,帶分數 3又2/5 化成假分數為何？,帶分數 [[frac:3又2|5]] 化成假分數為何？,False,False,False,True,True,RENDERER_REPAIR
u02-s011-v002,u02,fraction-mixed-number,mc,explanation,依題意逐步處理：3×5+2=17；分母仍為5，所以17/5。所以答案是「17/5」。,依題意逐步處理：3×5+2=17；分母仍為5，[[frac:所以17|5]]。[[frac:所以答案是「17|5」]]。,False,False,False,True,False,RENDERER_REPAIR
u02-s011-v002,u02,fraction-mixed-number,mc,steps[1],分母仍為5，所以17/5,分母仍為5，[[frac:所以17|5]],False,False,False,True,False,RENDERER_REPAIR
u02-s011-v002,u02,fraction-mixed-number,mc,optionAnalysis[1].reason,17/5正確。,[[frac:17|5正確]]。,False,False,False,True,False,RENDERER_REPAIR
u02-s011-v002,u02,fraction-mixed-number,mc,concept,帶分數化假分數為(整數×分母+分子)/分母。,帶分數化假分數為[[frac:整數×分母+分子|分母]]。,False,False,False,True,False,RENDERER_REPAIR
u02-s011-v003,u02,fraction-mixed-number,mc,text,下列哪一個假分數等於 1又3/7？,下列哪一個假分數等於 [[frac:1又3|7？]],False,False,False,True,True,RENDERER_REPAIR
u02-s011-v003,u02,fraction-mixed-number,mc,explanation,依題意逐步處理：1×7+3=10；所以1又3/7=10/7。所以答案是「10/7」。,依題意逐步處理：1×7+3=10；[[frac:所以1又3|7]]=[[frac:10|7]]。[[frac:所以答案是「10|7」]]。,False,False,False,True,False,RENDERER_REPAIR
u02-s011-v003,u02,fraction-mixed-number,mc,steps[1],所以1又3/7=10/7,[[frac:所以1又3|7]]=[[frac:10|7]],False,False,False,True,False,RENDERER_REPAIR
u02-s011-v003,u02,fraction-mixed-number,mc,optionAnalysis[2].reason,10/7正確。,[[frac:10|7正確]]。,False,False,False,True,False,RENDERER_REPAIR
u02-s011-v004,u02,fraction-mixed-number,mc,text,把 2又5/6 化成假分數，再判斷它位於哪兩個相鄰整數之間。下列哪一個敘述正確？,把 [[frac:2又5|6]] 化成假分數，再判斷它位於哪兩個相鄰整數之間。下列哪一個敘述正確？,False,False,False,True,True,RENDERER_REPAIR
u02-s011-v004,u02,fraction-mixed-number,mc,steps[0],2×6+5=17，所以 2又5/6=17/6。,2×6+5=17，所以 [[frac:2又5|6]]=[[frac:17|6]]。,False,False,False,True,False,RENDERER_REPAIR
u02-s011-v004,u02,fraction-mixed-number,mc,optionAnalysis[0].reason,13/6 不是 2又5/6 的轉換結果。,[[frac:13|6]] 不是 [[frac:2又5|6]] 的轉換結果。,False,False,False,True,False,RENDERER_REPAIR
u02-s011-v004,u02,fraction-mixed-number,mc,optionAnalysis[1].reason,15/6=2又1/2，不等於原數。,[[frac:15|6]]=[[frac:2又1|2]]，不等於原數。,False,False,False,True,False,RENDERER_REPAIR
u02-s011-v004,u02,fraction-mixed-number,mc,optionAnalysis[2].reason,16/6=2又2/3，不等於原數。,[[frac:16|6]]=[[frac:2又2|3]]，不等於原數。,False,False,False,True,False,RENDERER_REPAIR
u02-s011-v004,u02,fraction-mixed-number,mc,optionAnalysis[3].reason,17/6 等於 2又5/6，且介於 2 和 3 之間。,[[frac:17|6]] 等於 [[frac:2又5|6]]，且介於 2 和 3 之間。,False,False,False,True,False,RENDERER_REPAIR
u02-s011-v005,u02,fraction-mixed-number,mc,choices[0],4又3/5,[[frac:4又3|5]],False,False,False,True,True,RENDERER_REPAIR
u02-s011-v005,u02,fraction-mixed-number,mc,choices[1],4又2/5,[[frac:4又2|5]],False,False,False,True,True,RENDERER_REPAIR
u02-s011-v005,u02,fraction-mixed-number,mc,choices[2],5又3/5,[[frac:5又3|5]],False,False,False,True,True,RENDERER_REPAIR
u02-s011-v005,u02,fraction-mixed-number,mc,choices[3],3又4/5,[[frac:3又4|5]],False,False,False,True,True,RENDERER_REPAIR
u02-s011-v005,u02,fraction-mixed-number,mc,explanation,用 23 除以 5，商 4 是整數部分，餘數 3 是分子，分母仍為 5，所以為 4又3/5。,用 23 除以 5，商 4 是整數部分，餘數 3 是分子，分母仍為 5，所以為 [[frac:4又3|5]]。,False,False,False,True,False,RENDERER_REPAIR
u02-s011-v005,u02,fraction-mixed-number,mc,optionAnalysis[0].choice,4又3/5,[[frac:4又3|5]],False,False,False,True,False,RENDERER_REPAIR
u02-s011-v005,u02,fraction-mixed-number,mc,optionAnalysis[1].choice,4又2/5,[[frac:4又2|5]],False,False,False,True,False,RENDERER_REPAIR
u02-s011-v005,u02,fraction-mixed-number,mc,optionAnalysis[2].choice,5又3/5,[[frac:5又3|5]],False,False,False,True,False,RENDERER_REPAIR
u02-s011-v005,u02,fraction-mixed-number,mc,optionAnalysis[3].choice,3又4/5,[[frac:3又4|5]],False,False,False,True,False,RENDERER_REPAIR
u02-s011-v006,u02,fraction-mixed-number,mc,choices[0],1又2/3,[[frac:1又2|3]],False,False,False,True,True,RENDERER_REPAIR
u02-s011-v006,u02,fraction-mixed-number,mc,choices[1],2又1/3,[[frac:2又1|3]],False,False,False,True,True,RENDERER_REPAIR
u02-s011-v006,u02,fraction-mixed-number,mc,choices[2],2又2/3,[[frac:2又2|3]],False,False,False,True,True,RENDERER_REPAIR
u02-s011-v006,u02,fraction-mixed-number,mc,choices[3],3又1/3,[[frac:3又1|3]],False,False,False,True,True,RENDERER_REPAIR
u02-s011-v006,u02,fraction-mixed-number,mc,explanation,依題意逐步處理：前兩個完整長方形表示2。；第三個長方形塗1份、共3等份，表示1/3。；合計2+1/3=2又1/3。。所以答案是「2又1/3」。,依題意逐步處理：前兩個完整長方形表示2。；第三個長方形塗1份、共3等份，[[frac:表示1|3]]。；合計2+[[frac:1|3]]=[[frac:2又1|3]]。。[[frac:所以答案是「2又1|3」]]。,False,False,False,True,False,RENDERER_REPAIR
u02-s011-v006,u02,fraction-mixed-number,mc,steps[1],第三個長方形塗1份、共3等份，表示1/3。,第三個長方形塗1份、共3等份，[[frac:表示1|3]]。,False,False,False,True,False,RENDERER_REPAIR
u02-s011-v006,u02,fraction-mixed-number,mc,steps[2],合計2+1/3=2又1/3。,合計2+[[frac:1|3]]=[[frac:2又1|3]]。,False,False,False,True,False,RENDERER_REPAIR
u02-s011-v006,u02,fraction-mixed-number,mc,optionAnalysis[0].choice,1又2/3,[[frac:1又2|3]],False,False,False,True,False,RENDERER_REPAIR
u02-s011-v006,u02,fraction-mixed-number,mc,optionAnalysis[1].choice,2又1/3,[[frac:2又1|3]],False,False,False,True,False,RENDERER_REPAIR
u02-s011-v006,u02,fraction-mixed-number,mc,optionAnalysis[2].choice,2又2/3,[[frac:2又2|3]],False,False,False,True,False,RENDERER_REPAIR
u02-s011-v006,u02,fraction-mixed-number,mc,optionAnalysis[3].choice,3又1/3,[[frac:3又1|3]],False,False,False,True,False,RENDERER_REPAIR
u02-s011-v007,u02,fraction-mixed-number,mc,text,若 3又a/8=27/8，則 a 等於多少？,若 [[frac:3又a|8]]=[[frac:27|8]]，則 a 等於多少？,False,False,False,True,True,RENDERER_REPAIR
u02-s011-v007,u02,fraction-mixed-number,mc,explanation,依題意逐步處理：3又a/8=(24+a)/8；24+a=27，所以a=3。所以答案是「3」。,[[frac:依題意逐步處理：3又a|8]]=[[frac:24+a|8]]；24+a=27，所以a=3。所以答案是「3」。,False,False,False,True,False,RENDERER_REPAIR
u02-s011-v007,u02,fraction-mixed-number,mc,steps[0],3又a/8=(24+a)/8,[[frac:3又a|8]]=[[frac:24+a|8]],False,False,False,True,False,RENDERER_REPAIR
u02-s011-v007,u02,fraction-mixed-number,mc,optionAnalysis[0].reason,a=1只得25/8。,a=[[frac:1只得25|8]]。,False,False,False,True,False,RENDERER_REPAIR
u02-s011-v007,u02,fraction-mixed-number,mc,optionAnalysis[1].reason,a=2只得26/8。,a=[[frac:2只得26|8]]。,False,False,False,True,False,RENDERER_REPAIR
u02-s011-v007,u02,fraction-mixed-number,mc,optionAnalysis[2].reason,a=3得27/8。,a=[[frac:3得27|8]]。,False,False,False,True,False,RENDERER_REPAIR
u02-s011-v007,u02,fraction-mixed-number,mc,optionAnalysis[3].reason,a=4得28/8。,a=[[frac:4得28|8]]。,False,False,False,True,False,RENDERER_REPAIR
u02-s011-v007,u02,fraction-mixed-number,mc,commonMistake,把整數3直接與分子27相減，不先換成24/8。,把整數3直接與分子27相減，[[frac:不先換成24|8]]。,False,False,False,True,False,RENDERER_REPAIR
u02-s011-v008,u02,fraction-mixed-number,mc,text,計算 5-2又7/9，結果為何？,計算 5-[[frac:2又7|9]]，結果為何？,False,False,False,True,True,RENDERER_REPAIR
u02-s011-v008,u02,fraction-mixed-number,mc,choices[0],2又7/9,[[frac:2又7|9]],False,False,False,True,True,RENDERER_REPAIR
u02-s011-v008,u02,fraction-mixed-number,mc,choices[1],3又2/9,[[frac:3又2|9]],False,False,False,True,True,RENDERER_REPAIR
u02-s011-v008,u02,fraction-mixed-number,mc,choices[2],3又7/9,[[frac:3又7|9]],False,False,False,True,True,RENDERER_REPAIR
u02-s011-v008,u02,fraction-mixed-number,mc,choices[3],2又2/9,[[frac:2又2|9]],False,False,False,True,True,RENDERER_REPAIR
u02-s011-v008,u02,fraction-mixed-number,mc,explanation,依題意逐步處理：5可借1寫成4又9/9；4又9/9-2又7/9=2又2/9。所以答案是「2又2/9」。,[[frac:依題意逐步處理：5可借1寫成4又9|9]]；[[frac:4又9|9]]-[[frac:2又7|9]]=[[frac:2又2|9]]。[[frac:所以答案是「2又2|9」]]。,False,False,False,True,False,RENDERER_REPAIR
u02-s011-v008,u02,fraction-mixed-number,mc,steps[0],5可借1寫成4又9/9,[[frac:5可借1寫成4又9|9]],False,False,False,True,False,RENDERER_REPAIR
u02-s011-v008,u02,fraction-mixed-number,mc,steps[1],4又9/9-2又7/9=2又2/9,[[frac:4又9|9]]-[[frac:2又7|9]]=[[frac:2又2|9]],False,False,False,True,False,RENDERER_REPAIR
u02-s011-v008,u02,fraction-mixed-number,mc,optionAnalysis[0].choice,2又7/9,[[frac:2又7|9]],False,False,False,True,False,RENDERER_REPAIR
u02-s011-v008,u02,fraction-mixed-number,mc,optionAnalysis[1].choice,3又2/9,[[frac:3又2|9]],False,False,False,True,False,RENDERER_REPAIR
u02-s011-v008,u02,fraction-mixed-number,mc,optionAnalysis[2].choice,3又7/9,[[frac:3又7|9]],False,False,False,True,False,RENDERER_REPAIR
u02-s011-v008,u02,fraction-mixed-number,mc,optionAnalysis[3].choice,2又2/9,[[frac:2又2|9]],False,False,False,True,False,RENDERER_REPAIR
u02-s011-v008,u02,fraction-mixed-number,mc,optionAnalysis[3].reason,2又2/9正確。,[[frac:2又2|9正確]]。,False,False,False,True,False,RENDERER_REPAIR
u02-s011-v008,u02,fraction-mixed-number,mc,concept,整數可改寫成前一整數加分母/分母。,[[frac:整數可改寫成前一整數加分母|分母]]。,False,False,False,True,False,RENDERER_REPAIR
u02-s011-v009,u02,fraction-mixed-number,mc,text,2又3/4×1又1/3 等於多少？,[[frac:2又3|4]]×[[frac:1又1|3]] 等於多少？,False,False,False,True,True,RENDERER_REPAIR
u02-s011-v009,u02,fraction-mixed-number,mc,choices[0],3又2/3,[[frac:3又2|3]],False,False,False,True,True,RENDERER_REPAIR
u02-s011-v009,u02,fraction-mixed-number,mc,choices[1],3又1/12,[[frac:3又1|12]],False,False,False,True,True,RENDERER_REPAIR
u02-s011-v009,u02,fraction-mixed-number,mc,choices[2],2又11/12,[[frac:2又11|12]],False,False,False,True,True,RENDERER_REPAIR
u02-s011-v009,u02,fraction-mixed-number,mc,choices[3],4又1/12,[[frac:4又1|12]],False,False,False,True,True,RENDERER_REPAIR
u02-s011-v009,u02,fraction-mixed-number,mc,explanation,依題意逐步處理：2又3/4=11/4，1又1/3=4/3；11/4×4/3=11/3=3又2/3。所以答案是「3又2/3」。,[[frac:依題意逐步處理：2又3|4]]=[[frac:11|4]]，[[frac:1又1|3]]=[[frac:4|3]]；[[frac:11|4]]×[[frac:4|3]]=[[frac:11|3]]=[[frac:3又2|3]]。[[frac:所以答案是「3又2|3」]]。,False,False,False,True,False,RENDERER_REPAIR
u02-s011-v009,u02,fraction-mixed-number,mc,steps[0],2又3/4=11/4，1又1/3=4/3,[[frac:2又3|4]]=[[frac:11|4]]，[[frac:1又1|3]]=[[frac:4|3]],False,False,False,True,False,RENDERER_REPAIR
u02-s011-v009,u02,fraction-mixed-number,mc,steps[1],11/4×4/3=11/3=3又2/3,[[frac:11|4]]×[[frac:4|3]]=[[frac:11|3]]=[[frac:3又2|3]],False,False,False,True,False,RENDERER_REPAIR
u02-s011-v009,u02,fraction-mixed-number,mc,optionAnalysis[0].choice,3又2/3,[[frac:3又2|3]],False,False,False,True,False,RENDERER_REPAIR
u02-s011-v009,u02,fraction-mixed-number,mc,optionAnalysis[0].reason,3又2/3正確。,[[frac:3又2|3正確]]。,False,False,False,True,False,RENDERER_REPAIR
u02-s011-v009,u02,fraction-mixed-number,mc,optionAnalysis[1].choice,3又1/12,[[frac:3又1|12]],False,False,False,True,False,RENDERER_REPAIR
u02-s011-v009,u02,fraction-mixed-number,mc,optionAnalysis[2].choice,2又11/12,[[frac:2又11|12]],False,False,False,True,False,RENDERER_REPAIR
u02-s011-v009,u02,fraction-mixed-number,mc,optionAnalysis[3].choice,4又1/12,[[frac:4又1|12]],False,False,False,True,False,RENDERER_REPAIR
u02-s011-v010,u02,fraction-mixed-number,mc,text,一桶水有 6又1/2 公升，倒出 2又3/4 公升後剩多少？,一桶水有 [[frac:6又1|2]] 公升，倒出 [[frac:2又3|4]] 公升後剩多少？,False,False,False,True,True,RENDERER_REPAIR
u02-s011-v010,u02,fraction-mixed-number,mc,choices[0],3又1/4 公升,[[frac:3又1|4]] 公升,False,False,False,True,True,RENDERER_REPAIR
u02-s011-v010,u02,fraction-mixed-number,mc,choices[1],3又3/4 公升,[[frac:3又3|4]] 公升,False,False,False,True,True,RENDERER_REPAIR
u02-s011-v010,u02,fraction-mixed-number,mc,choices[2],4又1/4 公升,[[frac:4又1|4]] 公升,False,False,False,True,True,RENDERER_REPAIR
u02-s011-v010,u02,fraction-mixed-number,mc,choices[3],4又3/4 公升,[[frac:4又3|4]] 公升,False,False,False,True,True,RENDERER_REPAIR
u02-s011-v010,u02,fraction-mixed-number,mc,explanation,依題意逐步處理：6又1/2=6又2/4；6又2/4-2又3/4需借1，得5又6/4-2又3/4=3又3/4。所以答案是「3又3/4 公升」。,[[frac:依題意逐步處理：6又1|2]]=[[frac:6又2|4]]；[[frac:6又2|4]]-[[frac:2又3|4需借1]]，[[frac:得5又6|4]]-[[frac:2又3|4]]=[[frac:3又3|4]]。[[frac:所以答案是「3又3|4]] 公升」。,False,False,False,True,False,RENDERER_REPAIR
u02-s011-v010,u02,fraction-mixed-number,mc,steps[0],6又1/2=6又2/4,[[frac:6又1|2]]=[[frac:6又2|4]],False,False,False,True,False,RENDERER_REPAIR
u02-s011-v010,u02,fraction-mixed-number,mc,steps[1],6又2/4-2又3/4需借1，得5又6/4-2又3/4=3又3/4,[[frac:6又2|4]]-[[frac:2又3|4需借1]]，[[frac:得5又6|4]]-[[frac:2又3|4]]=[[frac:3又3|4]],False,False,False,True,False,RENDERER_REPAIR
u02-s011-v010,u02,fraction-mixed-number,mc,optionAnalysis[0].choice,3又1/4 公升,[[frac:3又1|4]] 公升,False,False,False,True,False,RENDERER_REPAIR
u02-s011-v010,u02,fraction-mixed-number,mc,optionAnalysis[1].choice,3又3/4 公升,[[frac:3又3|4]] 公升,False,False,False,True,False,RENDERER_REPAIR
u02-s011-v010,u02,fraction-mixed-number,mc,optionAnalysis[1].reason,3又3/4正確。,[[frac:3又3|4正確]]。,False,False,False,True,False,RENDERER_REPAIR
u02-s011-v010,u02,fraction-mixed-number,mc,optionAnalysis[2].choice,4又1/4 公升,[[frac:4又1|4]] 公升,False,False,False,True,False,RENDERER_REPAIR
u02-s011-v010,u02,fraction-mixed-number,mc,optionAnalysis[3].choice,4又3/4 公升,[[frac:4又3|4]] 公升,False,False,False,True,False,RENDERER_REPAIR
u02-s011-v010,u02,fraction-mixed-number,mc,commonMistake,分數部分2/4小於3/4時直接得到負分數。,[[frac:分數部分2|4小於3]]/4時直接得到負分數。,False,False,False,True,False,RENDERER_REPAIR
u02-s011-v011,u02,fraction-mixed-number,mc,text,每盒彩紙有 1又1/4 平方公尺，4 盒共有多少平方公尺？,每盒彩紙有 [[frac:1又1|4]] 平方公尺，4 盒共有多少平方公尺？,False,False,False,True,True,RENDERER_REPAIR
u02-s011-v011,u02,fraction-mixed-number,mc,choices[0],4又1/4,[[frac:4又1|4]],False,False,False,True,True,RENDERER_REPAIR
u02-s011-v011,u02,fraction-mixed-number,mc,choices[1],4又1/2,[[frac:4又1|2]],False,False,False,True,True,RENDERER_REPAIR
u02-s011-v011,u02,fraction-mixed-number,mc,choices[3],5又1/4,[[frac:5又1|4]],False,False,False,True,True,RENDERER_REPAIR
u02-s011-v011,u02,fraction-mixed-number,mc,explanation,依題意逐步處理：1又1/4=5/4；5/4×4=5。所以答案是「5」。,[[frac:依題意逐步處理：1又1|4]]=[[frac:5|4]]；[[frac:5|4]]×4=5。所以答案是「5」。,False,False,False,True,False,RENDERER_REPAIR
u02-s011-v011,u02,fraction-mixed-number,mc,steps[0],1又1/4=5/4,[[frac:1又1|4]]=[[frac:5|4]],False,False,False,True,False,RENDERER_REPAIR
u02-s011-v011,u02,fraction-mixed-number,mc,optionAnalysis[0].choice,4又1/4,[[frac:4又1|4]],False,False,False,True,False,RENDERER_REPAIR
u02-s011-v011,u02,fraction-mixed-number,mc,optionAnalysis[1].choice,4又1/2,[[frac:4又1|2]],False,False,False,True,False,RENDERER_REPAIR
u02-s011-v011,u02,fraction-mixed-number,mc,optionAnalysis[3].choice,5又1/4,[[frac:5又1|4]],False,False,False,True,False,RENDERER_REPAIR
u02-s011-v011,u02,fraction-mixed-number,mc,optionAnalysis[3].reason,多加1/4。,[[frac:多加1|4]]。,False,False,False,True,False,RENDERER_REPAIR
u02-s011-v012,u02,fraction-mixed-number,mc,text,步道全長 8又1/3 公里，已走 5又5/6 公里，還剩多少公里？,步道全長 [[frac:8又1|3]] 公里，已走 [[frac:5又5|6]] 公里，還剩多少公里？,False,False,False,True,True,RENDERER_REPAIR
u02-s011-v012,u02,fraction-mixed-number,mc,choices[0],2又1/3,[[frac:2又1|3]],False,False,False,True,True,RENDERER_REPAIR
u02-s011-v012,u02,fraction-mixed-number,mc,choices[1],3又1/2,[[frac:3又1|2]],False,False,False,True,True,RENDERER_REPAIR
u02-s011-v012,u02,fraction-mixed-number,mc,choices[2],2又5/6,[[frac:2又5|6]],False,False,False,True,True,RENDERER_REPAIR
u02-s011-v012,u02,fraction-mixed-number,mc,choices[3],2又1/2,[[frac:2又1|2]],False,False,False,True,True,RENDERER_REPAIR
u02-s011-v012,u02,fraction-mixed-number,mc,explanation,依題意逐步處理：8又1/3=8又2/6；借位為7又8/6，減5又5/6=2又3/6=2又1/2。所以答案是「2又1/2」。,[[frac:依題意逐步處理：8又1|3]]=[[frac:8又2|6]]；[[frac:借位為7又8|6]]，[[frac:減5又5|6]]=[[frac:2又3|6]]=[[frac:2又1|2]]。[[frac:所以答案是「2又1|2」]]。,False,False,False,True,False,RENDERER_REPAIR
u02-s011-v012,u02,fraction-mixed-number,mc,steps[0],8又1/3=8又2/6,[[frac:8又1|3]]=[[frac:8又2|6]],False,False,False,True,False,RENDERER_REPAIR
u02-s011-v012,u02,fraction-mixed-number,mc,steps[1],借位為7又8/6，減5又5/6=2又3/6=2又1/2,[[frac:借位為7又8|6]]，[[frac:減5又5|6]]=[[frac:2又3|6]]=[[frac:2又1|2]],False,False,False,True,False,RENDERER_REPAIR
u02-s011-v012,u02,fraction-mixed-number,mc,optionAnalysis[0].choice,2又1/3,[[frac:2又1|3]],False,False,False,True,False,RENDERER_REPAIR
u02-s011-v012,u02,fraction-mixed-number,mc,optionAnalysis[1].choice,3又1/2,[[frac:3又1|2]],False,False,False,True,False,RENDERER_REPAIR
u02-s011-v012,u02,fraction-mixed-number,mc,optionAnalysis[2].choice,2又5/6,[[frac:2又5|6]],False,False,False,True,False,RENDERER_REPAIR
u02-s011-v012,u02,fraction-mixed-number,mc,optionAnalysis[3].choice,2又1/2,[[frac:2又1|2]],False,False,False,True,False,RENDERER_REPAIR
u02-s011-v012,u02,fraction-mixed-number,mc,optionAnalysis[3].reason,2又1/2正確。,[[frac:2又1|2正確]]。,False,False,False,True,False,RENDERER_REPAIR
u02-s011-v012,u02,fraction-mixed-number,mc,commonMistake,1/3直接與5/6相減。,[[frac:1|3直接與5]]/6相減。,False,False,False,True,False,RENDERER_REPAIR
u02-s012-cr001,u02,fraction-complex-fraction-basic,cr,prompt,化簡繁分數 (3/4+5/6)/(7/8-1/3)，寫出分子、分母各自計算。,化簡繁分數 [[[[frac:frac:3|4]]+[[frac:5|6|7]]/8-[[frac:1|3]]]]，寫出分子、分母各自計算。,True,True,False,False,True,RENDERER_REPAIR
u02-s012-cr001,u02,fraction-complex-fraction-basic,cr,fullCreditSolution[0],上方3/4+5/6=9/12+10/12=19/12。,[[frac:上方3|4]]+[[frac:5|6]]=[[frac:9|12]]+[[frac:10|12]]=[[frac:19|12]]。,False,False,False,True,False,RENDERER_REPAIR
u02-s012-cr001,u02,fraction-complex-fraction-basic,cr,fullCreditSolution[1],下方7/8-1/3=21/24-8/24=13/24。,[[frac:下方7|8]]-[[frac:1|3]]=[[frac:21|24]]-[[frac:8|24]]=[[frac:13|24]]。,False,False,False,True,False,RENDERER_REPAIR
u02-s012-cr001,u02,fraction-complex-fraction-basic,cr,alternativeSolutions[0],也可上下同乘24，直接得38/13。,也可上下同乘24，[[frac:直接得38|13]]。,False,False,False,True,False,RENDERER_REPAIR
u02-s012-cr001,u02,fraction-complex-fraction-basic,cr,rubric[0].criteria,上下計算與38/13完整。,[[frac:上下計算與38|13完整]]。,False,False,False,True,False,RENDERER_REPAIR
u02-s012-cr001,u02,fraction-complex-fraction-basic,cr,scoringNotes[0],38/13可寫2又12/13。,[[frac:38|13可寫2又12]]/13。,False,False,False,True,False,RENDERER_REPAIR
u02-s012-cr001,u02,fraction-complex-fraction-basic,cr,commonErrors[1],只取1/3倒數。,[[frac:只取1|3倒數]]。,False,False,False,True,False,RENDERER_REPAIR
u02-s012-cr002,u02,fraction-complex-fraction-basic,cr,prompt,設 x=[(1/2)/(3/5)]/[(7/10)/(14/15)]，求 x 並逐層驗算。,設 x=[[[[[frac:frac:1|2|3]]/5]]]/[[[[[frac:frac:7|10|14]]/15]]]，求 x 並逐層驗算。,True,True,False,False,True,RENDERER_REPAIR
u02-s012-cr002,u02,fraction-complex-fraction-basic,cr,fullCreditSolution[0],左內層1/2÷3/5=5/6。,[[frac:左內層1|2]]÷[[frac:3|5]]=[[frac:5|6]]。,False,False,False,True,False,RENDERER_REPAIR
u02-s012-cr002,u02,fraction-complex-fraction-basic,cr,fullCreditSolution[1],右內層7/10÷14/15=7/10×15/14=3/4。,[[frac:右內層7|10]]÷[[frac:14|15]]=[[frac:7|10]]×[[frac:15|14]]=[[frac:3|4]]。,False,False,False,True,False,RENDERER_REPAIR
u02-s012-cr002,u02,fraction-complex-fraction-basic,cr,alternativeSolutions[0],可將原式改寫為(1/2×5/3)×(14/15×10/7)。,[[frac:可將原式改寫為(1|2]]×[[frac:5|3)]]×[[frac:(14|15]]×[[frac:10|7)]]。,False,False,False,True,False,RENDERER_REPAIR
u02-s012-cr002,u02,fraction-complex-fraction-basic,cr,rubric[0].criteria,兩內層與x=10/9均正確。,兩內層與x=[[frac:10|9均正確]]。,False,False,False,True,False,RENDERER_REPAIR
u02-s012-v001,u02,fraction-complex-fraction-basic,mc,text,(1/2)/(3/4) 等於多少？,[[[[frac:frac:1|2|3]]/4]] 等於多少？,True,True,False,False,True,RENDERER_REPAIR
u02-s012-v001,u02,fraction-complex-fraction-basic,mc,explanation,依題意逐步處理：(1/2)÷(3/4)=(1/2)×(4/3)；=2/3。所以答案是「2/3」。,[[frac:依題意逐步處理：(1|2)]]÷[[frac:(3|4)]]=[[frac:(1|2)]]×[[frac:(4|3)]]；=[[frac:2|3]]。[[frac:所以答案是「2|3」]]。,False,False,False,True,False,RENDERER_REPAIR
u02-s012-v001,u02,fraction-complex-fraction-basic,mc,optionAnalysis[0].reason,乘倒數得2/3。,[[frac:乘倒數得2|3]]。,False,False,False,True,False,RENDERER_REPAIR
u02-s012-v002,u02,fraction-complex-fraction-basic,mc,text,(5/6)/(10/9) 等於多少？,[[[[frac:frac:5|6|10]]/9]] 等於多少？,True,True,False,False,True,RENDERER_REPAIR
u02-s012-v002,u02,fraction-complex-fraction-basic,mc,explanation,依題意逐步處理：5/6÷10/9=5/6×9/10；=45/60=3/4。所以答案是「3/4」。,[[frac:依題意逐步處理：5|6]]÷[[frac:10|9]]=[[frac:5|6]]×[[frac:9|10]]；=[[frac:45|60]]=[[frac:3|4]]。[[frac:所以答案是「3|4」]]。,False,False,False,True,False,RENDERER_REPAIR
u02-s012-v002,u02,fraction-complex-fraction-basic,mc,optionAnalysis[1].reason,3/4正確。,[[frac:3|4正確]]。,False,False,False,True,False,RENDERER_REPAIR
u02-s012-v003,u02,fraction-complex-fraction-basic,mc,text,(3/5)/2 等於多少？,[[[[frac:frac:3|5|2]]]] 等於多少？,True,True,False,False,True,RENDERER_REPAIR
u02-s012-v003,u02,fraction-complex-fraction-basic,mc,explanation,依題意逐步處理：2可寫成2/1；3/5÷2/1=3/5×1/2=3/10。所以答案是「3/10」。,[[frac:依題意逐步處理：2可寫成2|1]]；[[frac:3|5]]÷[[frac:2|1]]=[[frac:3|5]]×[[frac:1|2]]=[[frac:3|10]]。[[frac:所以答案是「3|10」]]。,False,False,False,True,False,RENDERER_REPAIR
u02-s012-v003,u02,fraction-complex-fraction-basic,mc,steps[0],2可寫成2/1,[[frac:2可寫成2|1]],False,False,False,True,False,RENDERER_REPAIR
u02-s012-v003,u02,fraction-complex-fraction-basic,mc,optionAnalysis[2].reason,3/10正確。,[[frac:3|10正確]]。,False,False,False,True,False,RENDERER_REPAIR
u02-s012-v004,u02,fraction-complex-fraction-basic,mc,explanation,依題意逐步處理：3=3/1；3÷4/5=3×5/4=15/4。所以答案是「15/4」。,依題意逐步處理：3=[[frac:3|1]]；3÷[[frac:4|5]]=3×[[frac:5|4]]=[[frac:15|4]]。[[frac:所以答案是「15|4」]]。,False,False,False,True,False,RENDERER_REPAIR
u02-s012-v004,u02,fraction-complex-fraction-basic,mc,optionAnalysis[3].reason,15/4正確。,[[frac:15|4正確]]。,False,False,False,True,False,RENDERER_REPAIR
u02-s012-v005,u02,fraction-complex-fraction-basic,mc,text,(2/3+1/6)/(5/4) 等於多少？,[[[[frac:frac:2|3]]+[[frac:1|6|5]]/4]] 等於多少？,True,True,False,False,True,RENDERER_REPAIR
u02-s012-v005,u02,fraction-complex-fraction-basic,mc,explanation,依題意逐步處理：上方2/3+1/6=5/6；5/6÷5/4=5/6×4/5=2/3。所以答案是「2/3」。,[[frac:依題意逐步處理：上方2|3]]+[[frac:1|6]]=[[frac:5|6]]；[[frac:5|6]]÷[[frac:5|4]]=[[frac:5|6]]×[[frac:4|5]]=[[frac:2|3]]。[[frac:所以答案是「2|3」]]。,False,False,False,True,False,RENDERER_REPAIR
u02-s012-v005,u02,fraction-complex-fraction-basic,mc,steps[0],上方2/3+1/6=5/6,[[frac:上方2|3]]+[[frac:1|6]]=[[frac:5|6]],False,False,False,True,False,RENDERER_REPAIR
u02-s012-v005,u02,fraction-complex-fraction-basic,mc,optionAnalysis[0].reason,2/3正確。,[[frac:2|3正確]]。,False,False,False,True,False,RENDERER_REPAIR
u02-s012-v005,u02,fraction-complex-fraction-basic,mc,optionAnalysis[3].reason,把5/6乘5/4。,[[frac:把5|6乘5]]/4。,False,False,False,True,False,RENDERER_REPAIR
u02-s012-v006,u02,fraction-complex-fraction-basic,mc,text,(7/8)/(1-3/8) 等於多少？,[[[[frac:frac:7|8|1]]-[[frac:3|8]]]] 等於多少？,True,True,False,False,True,RENDERER_REPAIR
u02-s012-v006,u02,fraction-complex-fraction-basic,mc,explanation,依題意逐步處理：下方1-3/8=5/8；7/8÷5/8=7/5。所以答案是「7/5」。,依題意逐步處理：下方1-[[frac:3|8]]=[[frac:5|8]]；[[frac:7|8]]÷[[frac:5|8]]=[[frac:7|5]]。[[frac:所以答案是「7|5」]]。,False,False,False,True,False,RENDERER_REPAIR
u02-s012-v006,u02,fraction-complex-fraction-basic,mc,optionAnalysis[1].reason,7/5正確。,[[frac:7|5正確]]。,False,False,False,True,False,RENDERER_REPAIR
u02-s012-v007,u02,fraction-complex-fraction-basic,mc,text,[(1/2)/(3/4)]÷(5/6) 等於多少？,[[[[[frac:frac:1|2|3]]/4]]]÷[[frac:(5|6)]] 等於多少？,True,True,False,False,True,RENDERER_REPAIR
u02-s012-v007,u02,fraction-complex-fraction-basic,mc,explanation,依題意逐步處理：內層1/2÷3/4=2/3；2/3÷5/6=2/3×6/5=4/5。所以答案是「4/5」。,[[frac:依題意逐步處理：內層1|2]]÷[[frac:3|4]]=[[frac:2|3]]；[[frac:2|3]]÷[[frac:5|6]]=[[frac:2|3]]×[[frac:6|5]]=[[frac:4|5]]。[[frac:所以答案是「4|5」]]。,False,False,False,True,False,RENDERER_REPAIR
u02-s012-v007,u02,fraction-complex-fraction-basic,mc,steps[0],內層1/2÷3/4=2/3,[[frac:內層1|2]]÷[[frac:3|4]]=[[frac:2|3]],False,False,False,True,False,RENDERER_REPAIR
u02-s012-v007,u02,fraction-complex-fraction-basic,mc,optionAnalysis[2].reason,4/5正確。,[[frac:4|5正確]]。,False,False,False,True,False,RENDERER_REPAIR
u02-s012-v008,u02,fraction-complex-fraction-basic,mc,text,(3/4-1/6)/(2/3+1/9) 等於多少？,[[[[frac:frac:3|4]]-[[frac:1|6|2]]/3+[[frac:1|9]]]] 等於多少？,True,True,False,False,True,RENDERER_REPAIR
u02-s012-v008,u02,fraction-complex-fraction-basic,mc,explanation,依題意逐步處理：上方=7/12；下方=7/9；7/12÷7/9=3/4。所以答案是「3/4」。,依題意逐步處理：上方=[[frac:7|12]]；下方=[[frac:7|9]]；[[frac:7|12]]÷[[frac:7|9]]=[[frac:3|4]]。[[frac:所以答案是「3|4」]]。,False,False,False,True,False,RENDERER_REPAIR
u02-s012-v008,u02,fraction-complex-fraction-basic,mc,optionAnalysis[3].reason,3/4正確。,[[frac:3|4正確]]。,False,False,False,True,False,RENDERER_REPAIR
u02-s012-v009,u02,fraction-complex-fraction-basic,mc,text,"若 x=(a/b)/(c/d)，且 a,b,c,d 均非 0，則 x 等於何者？","若 x=[[[[frac:frac:a|b|c]]/d]]，且 a,b,c,d 均非 0，則 x 等於何者？",True,True,False,False,True,RENDERER_REPAIR
u02-s012-v009,u02,fraction-complex-fraction-basic,mc,explanation,依題意逐步處理：a/b÷c/d=a/b×d/c；=ad/(bc)。所以答案是「ad/(bc)」。,[[frac:依題意逐步處理：a|b]]÷[[frac:c|d]]=[[frac:a|b]]×[[frac:d|c]]；=[[frac:ad|(bc)]]。[[frac:所以答案是「ad|(bc)」]]。,False,False,False,True,False,RENDERER_REPAIR
u02-s012-v009,u02,fraction-complex-fraction-basic,mc,optionAnalysis[0].reason,乘以倒數後得ad/bc。,[[frac:乘以倒數後得ad|bc]]。,False,False,False,True,False,RENDERER_REPAIR
u02-s012-v010,u02,fraction-complex-fraction-basic,mc,explanation,依題意逐步處理：份數=(3/5)/(3/20)；=3/5×20/3=4。所以答案是「4 份」。,依題意逐步處理：份數=[[[[frac:frac:3|5|3]]/20]]；=[[frac:3|5]]×[[frac:20|3]]=4。所以答案是「4 份」。,True,True,False,False,False,RENDERER_REPAIR
u02-s012-v010,u02,fraction-complex-fraction-basic,mc,steps[0],份數=(3/5)/(3/20),份數=[[[[frac:frac:3|5|3]]/20]],True,True,False,False,False,RENDERER_REPAIR
u02-s012-v011,u02,fraction-complex-fraction-basic,mc,explanation,依題意逐步處理：把完成測試者視為全部樣本的7/8。；在完成者中再取2/3。；(7/8)×(2/3)=14/24=7/12。。所以答案是「7/12」。,[[frac:依題意逐步處理：把完成測試者視為全部樣本的7|8]]。；[[frac:在完成者中再取2|3]]。；[[frac:(7|8)]]×[[frac:(2|3)]]=[[frac:14|24]]=[[frac:7|12]]。。[[frac:所以答案是「7|12」]]。,False,False,False,True,False,RENDERER_REPAIR
u02-s012-v011,u02,fraction-complex-fraction-basic,mc,steps[0],把完成測試者視為全部樣本的7/8。,[[frac:把完成測試者視為全部樣本的7|8]]。,False,False,False,True,False,RENDERER_REPAIR
u02-s012-v011,u02,fraction-complex-fraction-basic,mc,steps[1],在完成者中再取2/3。,[[frac:在完成者中再取2|3]]。,False,False,False,True,False,RENDERER_REPAIR
u02-s012-v011,u02,fraction-complex-fraction-basic,mc,optionAnalysis[0].reason,5/12不是兩個分率的乘積。,[[frac:5|12不是兩個分率的乘積]]。,False,False,False,True,False,RENDERER_REPAIR
u02-s012-v011,u02,fraction-complex-fraction-basic,mc,optionAnalysis[1].reason,5/8沒有同時處理7/8與2/3。,[[frac:5|8沒有同時處理7]]/[[frac:8與2|3]]。,False,False,False,True,False,RENDERER_REPAIR
u02-s012-v011,u02,fraction-complex-fraction-basic,mc,optionAnalysis[3].reason,21/24等於7/8，代表只保留第一層比例。,[[frac:21|24等於7]]/8，代表只保留第一層比例。,False,False,False,True,False,RENDERER_REPAIR
u02-s012-v012,u02,fraction-complex-fraction-basic,mc,explanation,依題意逐步處理：段數=(5/6)/(1/12)；=5/6×12=10。所以答案是「10 段」。,依題意逐步處理：段數=[[[[frac:frac:5|6|1]]/12]]；=[[frac:5|6]]×12=10。所以答案是「10 段」。,True,True,False,False,False,RENDERER_REPAIR
u02-s012-v012,u02,fraction-complex-fraction-basic,mc,steps[0],段數=(5/6)/(1/12),段數=[[[[frac:frac:5|6|1]]/12]],True,True,False,False,False,RENDERER_REPAIR
u02-s012-v012,u02,fraction-complex-fraction-basic,mc,optionAnalysis[0].reason,8段只用2/3公尺。,[[frac:8段只用2|3公尺]]。,False,False,False,True,False,RENDERER_REPAIR
u02-s012-v012,u02,fraction-complex-fraction-basic,mc,optionAnalysis[1].reason,9段用3/4公尺。,[[frac:9段用3|4公尺]]。,False,False,False,True,False,RENDERER_REPAIR
u02-s013-v001,u02,fraction-percent-discount,mc,explanation,依題意逐步處理：25%=25/100；約分得1/4。所以答案是「1/4」。,依題意逐步處理：25%=[[frac:25|100]]；[[frac:約分得1|4]]。[[frac:所以答案是「1|4」]]。,False,False,False,True,False,RENDERER_REPAIR
u02-s013-v001,u02,fraction-percent-discount,mc,steps[1],約分得1/4,[[frac:約分得1|4]],False,False,False,True,False,RENDERER_REPAIR
u02-s013-v001,u02,fraction-percent-discount,mc,optionAnalysis[0].reason,1/4正確。,[[frac:1|4正確]]。,False,False,False,True,False,RENDERER_REPAIR
u02-s013-v001,u02,fraction-percent-discount,mc,optionAnalysis[3].reason,3/4是75%。,[[frac:3|4是75%]]。,False,False,False,True,False,RENDERER_REPAIR
u02-s013-v001,u02,fraction-percent-discount,mc,commonMistake,把25%寫成25/10。,[[frac:把25%寫成25|10]]。,False,False,False,True,False,RENDERER_REPAIR
u02-s014-cr002,u02,fraction-base-quantity,cr,rubric[3].criteria,把40%與5/8直接比較。,[[frac:把40%與5|8直接比較]]。,False,False,False,True,False,RENDERER_REPAIR
u02-s014-cr002,u02,fraction-base-quantity,cr,commonErrors[0],用90/250計算。,[[frac:用90|250計算]]。,False,False,False,True,False,RENDERER_REPAIR
u02-s014-cr002,u02,fraction-base-quantity,cr,commonErrors[1],把5/8當5%。,[[frac:把5|8當5%]]。,False,False,False,True,False,RENDERER_REPAIR
u02-s014-v001,u02,fraction-base-quantity,mc,explanation,依題意逐步處理：『甲是乙的3/5』表示甲=乙×3/5；被乘分率的乙是基準量。所以答案是「乙」。,[[frac:依題意逐步處理：『甲是乙的3|5』表示甲]]=乙×[[frac:3|5]]；被乘分率的乙是基準量。所以答案是「乙」。,False,False,False,True,False,RENDERER_REPAIR
u02-s014-v001,u02,fraction-base-quantity,mc,steps[0],『甲是乙的3/5』表示甲=乙×3/5,[[frac:『甲是乙的3|5』表示甲]]=乙×[[frac:3|5]],False,False,False,True,False,RENDERER_REPAIR
u02-s015-cr001,u02,fraction-literacy-context,cr,fullCreditSolution[2],佔全社群240/360=2/3，約66.67%。,[[frac:佔全社群240|360]]=[[frac:2|3]]，約66.67%。,False,False,False,True,False,RENDERER_REPAIR
u02-s015-cr001,u02,fraction-literacy-context,cr,rubric[0].criteria,200、240與2/3均正確。,200、[[frac:240與2|3均正確]]。,False,False,False,True,False,RENDERER_REPAIR
u02-s015-cr001,u02,fraction-literacy-context,cr,commonErrors[0],把5/9+20%。,[[frac:把5|9]]+20%。,False,False,False,True,False,RENDERER_REPAIR
u02-s015-cr001,u02,fraction-literacy-context,cr,commonErrors[1],240/200當社群比例。,[[frac:240|200當社群比例]]。,False,False,False,True,False,RENDERER_REPAIR
u02-s015-cr001,u02,fraction-literacy-context,cr,independentReview.derivedResult,第二年240戶，佔2/3。,第二年240戶，[[frac:佔2|3]]。,False,False,False,True,False,RENDERER_REPAIR
u02-s015-v001,u02,fraction-literacy-context,mc,optionAnalysis[1].reason,這是1/3。,[[frac:這是1|3]]。,False,False,False,True,False,RENDERER_REPAIR
u02-s015-v001,u02,fraction-literacy-context,mc,optionAnalysis[3].reason,這是1/2。,[[frac:這是1|2]]。,False,False,False,True,False,RENDERER_REPAIR
u02-s015-v002,u02,fraction-literacy-context,mc,text,食品標示每份含糖 12 公克，一盒有 5又1/2 份。整盒含糖多少公克？,食品標示每份含糖 12 公克，一盒有 [[frac:5又1|2]] 份。整盒含糖多少公克？,False,False,False,True,True,RENDERER_REPAIR
u02-s015-v002,u02,fraction-literacy-context,mc,explanation,依題意逐步處理：5又1/2=5.5；12×5.5=66。所以答案是「66 公克」。,[[frac:依題意逐步處理：5又1|2]]=5.5；12×5.5=66。所以答案是「66 公克」。,False,False,False,True,False,RENDERER_REPAIR
u02-s015-v002,u02,fraction-literacy-context,mc,steps[0],5又1/2=5.5,[[frac:5又1|2]]=5.5,False,False,False,True,False,RENDERER_REPAIR
u02-s015-v002,u02,fraction-literacy-context,mc,optionAnalysis[3].reason,12×5又1/2=66公克；78公克不符合每份12公克的乘法。,12×[[frac:5又1|2]]=66公克；78公克不符合每份12公克的乘法。,False,False,False,True,False,RENDERER_REPAIR
u02-s015-v004,u02,fraction-literacy-context,mc,explanation,依題意逐步處理：第一次後剩3/5；第二次出剩餘1/3，所以保留2/3；最後3/5×2/3=2/5。所以答案是「2/5」。,[[frac:依題意逐步處理：第一次後剩3|5]]；[[frac:第二次出剩餘1|3]]，[[frac:所以保留2|3]]；[[frac:最後3|5]]×[[frac:2|3]]=[[frac:2|5]]。[[frac:所以答案是「2|5」]]。,False,False,False,True,False,RENDERER_REPAIR
u02-s015-v004,u02,fraction-literacy-context,mc,steps[0],第一次後剩3/5,[[frac:第一次後剩3|5]],False,False,False,True,False,RENDERER_REPAIR
u02-s015-v004,u02,fraction-literacy-context,mc,steps[1],第二次出剩餘1/3，所以保留2/3；最後3/5×2/3=2/5,[[frac:第二次出剩餘1|3]]，[[frac:所以保留2|3]]；[[frac:最後3|5]]×[[frac:2|3]]=[[frac:2|5]],False,False,False,True,False,RENDERER_REPAIR
u02-s015-v004,u02,fraction-literacy-context,mc,optionAnalysis[3].reason,最後剩2/5。,[[frac:最後剩2|5]]。,False,False,False,True,False,RENDERER_REPAIR
u02-s015-v004,u02,fraction-literacy-context,mc,commonMistake,把『剩餘的1/3』誤成原數的1/3。,[[frac:把『剩餘的1|3』誤成原數的1]]/3。,False,False,False,True,False,RENDERER_REPAIR
u02-s015-v005,u02,fraction-literacy-context,mc,optionAnalysis[1].reason,把1/4作用在剩餘量。,[[frac:把1|4作用在剩餘量]]。,False,False,False,True,False,RENDERER_REPAIR
u02-s015-v007,u02,fraction-literacy-context,mc,explanation,依題意逐步處理：女生佔7/12，男女差2/12=1/6全班；1/6全班=8，所以全班48。所以答案是「48 人」。,[[frac:依題意逐步處理：女生佔7|12]]，[[frac:男女差2|12]]=[[frac:1|6全班]]；[[frac:1|6全班]]=8，所以全班48。所以答案是「48 人」。,False,False,False,True,False,RENDERER_REPAIR
u02-s015-v007,u02,fraction-literacy-context,mc,steps[0],女生佔7/12，男女差2/12=1/6全班,[[frac:女生佔7|12]]，[[frac:男女差2|12]]=[[frac:1|6全班]],False,False,False,True,False,RENDERER_REPAIR
u02-s015-v007,u02,fraction-literacy-context,mc,steps[1],1/6全班=8，所以全班48,[[frac:1|6全班]]=8，所以全班48,False,False,False,True,False,RENDERER_REPAIR
u02-s015-v007,u02,fraction-literacy-context,mc,commonMistake,直接把8人除以5/12。,[[frac:直接把8人除以5|12]]。,False,False,False,True,False,RENDERER_REPAIR
u02-s015-v007,u02,fraction-literacy-context,mc,literacyContextNecessity,男女比例互補且人數差8，兩者共同建立1/6全班=8。,男女比例互補且人數差8，[[frac:兩者共同建立1|6全班]]=8。,False,False,False,True,False,RENDERER_REPAIR
u02-s015-v009,u02,fraction-literacy-context,mc,explanation,依題意逐步處理：設A=3k、B=5k；完成量分別12k/5與15k/4；比=(12/5):(15/4)=48:75=16:25。所以答案是「16:25」。,依題意逐步處理：設A=3k、B=5k；[[frac:完成量分別12k|5與15k]]/4；比=[[frac:(12|5):(15]]/4)=48:75=16:25。所以答案是「16:25」。,False,False,False,True,False,RENDERER_REPAIR
u02-s015-v009,u02,fraction-literacy-context,mc,steps[1],完成量分別12k/5與15k/4；比=(12/5):(15/4)=48:75=16:25,[[frac:完成量分別12k|5與15k]]/4；比=[[frac:(12|5):(15]]/4)=48:75=16:25,False,False,False,True,False,RENDERER_REPAIR
u02-s015-v009,u02,fraction-literacy-context,mc,commonMistake,只比較4/5與3/4，忽略兩路總長不同。,[[frac:只比較4|5與3]]/4，忽略兩路總長不同。,False,False,False,True,False,RENDERER_REPAIR
u02-s015-v011,u02,fraction-literacy-context,mc,explanation,依題意逐步處理：目前佔65%；增加目前的1/4後倍率1.25，65%×1.25=81.25%。所以答案是「81.25%」。,依題意逐步處理：目前佔65%；[[frac:增加目前的1|4後倍率1.25]]，65%×1.25=81.25%。所以答案是「81.25%」。,False,False,False,True,False,RENDERER_REPAIR
u02-s015-v011,u02,fraction-literacy-context,mc,steps[1],增加目前的1/4後倍率1.25，65%×1.25=81.25%,[[frac:增加目前的1|4後倍率1.25]]，65%×1.25=81.25%,False,False,False,True,False,RENDERER_REPAIR
u02-s015-v011,u02,fraction-literacy-context,mc,optionAnalysis[1].reason,把1/4當10%。,[[frac:把1|4當10%]]。,False,False,False,True,False,RENDERER_REPAIR
u02-s015-v011,u02,fraction-literacy-context,mc,optionAnalysis[3].reason,把增加量當容量1/4。,[[frac:把增加量當容量1|4]]。,False,False,False,True,False,RENDERER_REPAIR
u02-s015-v011,u02,fraction-literacy-context,mc,commonMistake,把『目前水量的1/4』誤作總容量的1/4。,[[frac:把『目前水量的1|4』誤作總容量的1]]/4。,False,False,False,True,False,RENDERER_REPAIR
u03-s001-v003,u03,linear-expression-substitution,mc,explanation,以1/2代入y；6×1/2=3；3-1=2。所以答案是「2」。,[[frac:以1|2代入y]]；6×[[frac:1|2]]=3；3-1=2。所以答案是「2」。,False,False,False,True,False,RENDERER_REPAIR
u03-s001-v003,u03,linear-expression-substitution,mc,steps[0],以1/2代入y,[[frac:以1|2代入y]],False,False,False,True,False,RENDERER_REPAIR
u03-s001-v003,u03,linear-expression-substitution,mc,optionAnalysis[0].reason,誤把6×1/2算成2。,誤把6×[[frac:1|2算成2]]。,False,False,False,True,False,RENDERER_REPAIR
u03-s001-v003,u03,linear-expression-substitution,mc,optionAnalysis[1].reason,算到3後把減1誤成減1/2。,[[frac:算到3後把減1誤成減1|2]]。,False,False,False,True,False,RENDERER_REPAIR
u03-s001-v009,u03,linear-expression-substitution,mc,explanation,計算4x=6；計算3(2-x)=3/2；6-3/2=9/2。所以答案是「9/2」。,計算4x=6；計算3(2-x)=[[frac:3|2]]；6-[[frac:3|2]]=[[frac:9|2]]。[[frac:所以答案是「9|2」]]。,False,False,False,True,False,RENDERER_REPAIR
u03-s001-v009,u03,linear-expression-substitution,mc,optionAnalysis[1].reason,把6-3/2誤算成3。,把6-[[frac:3|2誤算成3]]。,False,False,False,True,False,RENDERER_REPAIR
u03-s002-v008,u03,linear-expression-simplify,mc,explanation,分別分配1/2得3x-2；分配1/3得x+2；相加得4x。所以答案是「4x」。,[[frac:分別分配1|2得3x]]-2；[[frac:分配1|3得x]]+2；相加得4x。所以答案是「4x」。,False,False,False,True,False,RENDERER_REPAIR
u03-s002-v008,u03,linear-expression-simplify,mc,steps[0],分別分配1/2得3x-2,[[frac:分別分配1|2得3x]]-2,False,False,False,True,False,RENDERER_REPAIR
u03-s002-v008,u03,linear-expression-simplify,mc,steps[1],分配1/3得x+2,[[frac:分配1|3得x]]+2,False,False,False,True,False,RENDERER_REPAIR
u03-s003-v002,u03,linear-equation-balance-property,mc,optionAnalysis[3].reason,除28使左邊變x/7。,[[frac:除28使左邊變x|7]]。,False,False,False,True,False,RENDERER_REPAIR
u03-s003-v003,u03,linear-equation-balance-property,mc,explanation,辨認x/5；以乘5抵消除5；右邊6×5=30。所以答案是「5」。,[[frac:辨認x|5]]；以乘5抵消除5；右邊6×5=30。所以答案是「5」。,False,False,False,True,False,RENDERER_REPAIR
u03-s003-v003,u03,linear-equation-balance-property,mc,steps[0],辨認x/5,[[frac:辨認x|5]],False,False,False,True,False,RENDERER_REPAIR
u03-s003-v003,u03,linear-equation-balance-property,mc,optionAnalysis[0].reason,再乘1/5會使x變x/25。,[[frac:再乘1|5會使x變x]]/25。,False,False,False,True,False,RENDERER_REPAIR
u03-s005-v007,u03,linear-equation-parentheses,mc,explanation,展開得3x-13=3；兩邊加13得3x=16；除3得16/3。所以答案是「16/3」。,展開得3x-13=3；兩邊加13得3x=16；[[frac:除3得16|3]]。[[frac:所以答案是「16|3」]]。,False,False,False,True,False,RENDERER_REPAIR
u03-s005-v007,u03,linear-equation-parentheses,mc,steps[2],除3得16/3,[[frac:除3得16|3]],False,False,False,True,False,RENDERER_REPAIR
u03-s005-v009,u03,linear-equation-parentheses,mc,concept,0.5等於1/2，可精確分配。,[[frac:0.5等於1|2]]，可精確分配。,False,False,False,True,False,RENDERER_REPAIR
u03-s006-cr001,u03,linear-equation-fractions,cr,prompt,解 (x－3)/4＋(x＋1)/6＝5，完整寫出消分母過程並驗算。,解 [[[[frac:frac:x－3|4＋(x＋1)|6＝5]]，完整寫出消分母過程並驗算]]。,True,True,False,False,True,RENDERER_REPAIR
u03-s006-cr001,u03,linear-equation-fractions,cr,rubric[0].criteria,消分母、化簡、求得67/5並完成驗算。,消分母、化簡、[[frac:求得67|5並完成驗算]]。,False,False,False,True,False,RENDERER_REPAIR
u03-s006-cr002,u03,linear-equation-fractions,cr,requiredWork[0],列3x/5+2=14。,[[frac:列3x|5]]+2=14。,False,False,False,True,False,RENDERER_REPAIR
u03-s006-cr002,u03,linear-equation-fractions,cr,alternativeSolutions[0],可由14-2=12是原量的3/5，算12÷3×5。,可由14-2=[[frac:12是原量的3|5]]，算12÷3×5。,False,False,False,True,False,RENDERER_REPAIR
u03-s006-cr002,u03,linear-equation-fractions,cr,rubric[2].criteria,能指出12公升是原量的3/5。,[[frac:能指出12公升是原量的3|5]]。,False,False,False,True,False,RENDERER_REPAIR
u03-s006-cr002,u03,linear-equation-fractions,cr,commonErrors[0],把3/5當剩餘比例。,[[frac:把3|5當剩餘比例]]。,False,False,False,True,False,RENDERER_REPAIR
u03-s006-v002,u03,linear-equation-fractions,mc,optionAnalysis[1].reason,兩邊減2得x/4=3，再乘4得x=12。 因此此選項符合題目。,[[frac:兩邊減2得x|4]]=3，再乘4得x=12。 因此此選項符合題目。,False,False,False,True,False,RENDERER_REPAIR
u03-s006-v004,u03,linear-equation-fractions,mc,explanation,通分為3x/10=9；兩邊乘10得3x=90；除3得30。所以答案是「30」。,[[frac:通分為3x|10]]=9；兩邊乘10得3x=90；除3得30。所以答案是「30」。,False,False,False,True,False,RENDERER_REPAIR
u03-s006-v004,u03,linear-equation-fractions,mc,steps[0],通分為3x/10=9,[[frac:通分為3x|10]]=9,False,False,False,True,False,RENDERER_REPAIR
u03-s006-v004,u03,linear-equation-fractions,mc,optionAnalysis[3].reason,通分得(5x-2x)/10=9，即3x/10=9；兩邊乘10再除3，x=30。 因此此選項符合題目。,通分得[[frac:5x-2x|10]]=9，[[frac:即3x|10]]=9；兩邊乘10再除3，x=30。 因此此選項符合題目。,False,False,False,True,False,RENDERER_REPAIR
u03-s006-v005,u03,linear-equation-fractions,mc,explanation,消分母得到2x+3=20；減3得2x=17；除2得17/2。所以答案是「17/2」。,消分母得到2x+3=20；減3得2x=17；[[frac:除2得17|2]]。[[frac:所以答案是「17|2」]]。,False,False,False,True,False,RENDERER_REPAIR
u03-s006-v005,u03,linear-equation-fractions,mc,steps[2],除2得17/2,[[frac:除2得17|2]],False,False,False,True,False,RENDERER_REPAIR
u03-s006-v006,u03,linear-equation-fractions,mc,explanation,通分求5/6-1/2=1/3；得到x/3=1/3；兩邊乘3得1。所以答案是「1」。,[[frac:通分求5|6]]-[[frac:1|2]]=[[frac:1|3]]；[[frac:得到x|3]]=[[frac:1|3]]；兩邊乘3得1。所以答案是「1」。,False,False,False,True,False,RENDERER_REPAIR
u03-s006-v006,u03,linear-equation-fractions,mc,steps[0],通分求5/6-1/2=1/3,[[frac:通分求5|6]]-[[frac:1|2]]=[[frac:1|3]],False,False,False,True,False,RENDERER_REPAIR
u03-s006-v006,u03,linear-equation-fractions,mc,steps[1],得到x/3=1/3,[[frac:得到x|3]]=[[frac:1|3]],False,False,False,True,False,RENDERER_REPAIR
u03-s006-v006,u03,linear-equation-fractions,mc,optionAnalysis[0].reason,把x/3當作x。,[[frac:把x|3當作x]]。,False,False,False,True,False,RENDERER_REPAIR
u03-s006-v006,u03,linear-equation-fractions,mc,optionAnalysis[1].reason,把1/2移項後加。,[[frac:把1|2移項後加]]。,False,False,False,True,False,RENDERER_REPAIR
u03-s006-v006,u03,linear-equation-fractions,mc,optionAnalysis[2].reason,兩邊減1/2：x/3=5/6-3/6=1/3，因此x=1。 因此此選項符合題目。,[[frac:兩邊減1|2：x]]/3=[[frac:5|6]]-[[frac:3|6]]=[[frac:1|3]]，因此x=1。 因此此選項符合題目。,False,False,False,True,False,RENDERER_REPAIR
u03-s006-v007,u03,linear-equation-fractions,mc,text,解 (x－2)/3＋(x＋1)/6＝4。,解 [[[[frac:frac:x－2|3＋(x＋1)|6＝4]]]]。,True,True,False,False,True,RENDERER_REPAIR
u03-s006-v008,u03,linear-equation-fractions,mc,text,解 (3x－1)/5－(x＋2)/2＝1。,解 [[[[frac:frac:3x－1|5－(x＋2)|2＝1]]]]。,True,True,False,False,True,RENDERER_REPAIR
u03-s006-v011,u03,linear-equation-fractions,mc,explanation,列已讀頁數x/4+30=90；減30得x/4=60；乘4得240。所以答案是「240」。,[[frac:列已讀頁數x|4]]+30=90；[[frac:減30得x|4]]=60；乘4得240。所以答案是「240」。,False,False,False,True,False,RENDERER_REPAIR
u03-s006-v011,u03,linear-equation-fractions,mc,steps[0],列已讀頁數x/4+30=90,[[frac:列已讀頁數x|4]]+30=90,False,False,False,True,False,RENDERER_REPAIR
u03-s006-v011,u03,linear-equation-fractions,mc,steps[1],減30得x/4=60,[[frac:減30得x|4]]=60,False,False,False,True,False,RENDERER_REPAIR
u03-s006-v011,u03,linear-equation-fractions,mc,concept,四分之一全書用x/4表示。,[[frac:四分之一全書用x|4表示]]。,False,False,False,True,False,RENDERER_REPAIR
u03-s006-v011,u03,linear-equation-fractions,mc,literacyContextNecessity,先讀全書四分之一再讀固定30頁的順序與量型決定x/4+30=90，情境不可省略。,[[frac:先讀全書四分之一再讀固定30頁的順序與量型決定x|4]]+30=90，情境不可省略。,False,False,False,True,False,RENDERER_REPAIR
u03-s006-v012,u03,linear-equation-fractions,mc,explanation,剩餘比例為1/3；列x/3=1.5；乘3得4.5公斤。所以答案是「4.5」。,[[frac:剩餘比例為1|3]]；[[frac:列x|3]]=1.5；乘3得4.5公斤。所以答案是「4.5」。,False,False,False,True,False,RENDERER_REPAIR
u03-s006-v012,u03,linear-equation-fractions,mc,steps[0],剩餘比例為1/3,[[frac:剩餘比例為1|3]],False,False,False,True,False,RENDERER_REPAIR
u03-s006-v012,u03,linear-equation-fractions,mc,steps[1],列x/3=1.5,[[frac:列x|3]]=1.5,False,False,False,True,False,RENDERER_REPAIR
u03-s006-v012,u03,linear-equation-fractions,mc,optionAnalysis[1].reason,剩下的是總量1/3；設x公斤，x-2x/3=1.5，即x/3=1.5，所以x=4.5。 因此此選項符合題目。,[[frac:剩下的是總量1|3]]；設x公斤，x-[[frac:2x|3]]=1.5，[[frac:即x|3]]=1.5，所以x=4.5。 因此此選項符合題目。,False,False,False,True,False,RENDERER_REPAIR
u03-s006-v012,u03,linear-equation-fractions,mc,commonMistake,把2/3當成剩餘比例。,[[frac:把2|3當成剩餘比例]]。,False,False,False,True,False,RENDERER_REPAIR
u03-s006-v012,u03,linear-equation-fractions,mc,literacyContextNecessity,使用比例與剩餘重量共同決定剩餘是全量的1/3，若刪除「用掉」方向就會得到不同方程式。,[[frac:使用比例與剩餘重量共同決定剩餘是全量的1|3]]，若刪除「用掉」方向就會得到不同方程式。,False,False,False,True,False,RENDERER_REPAIR
u03-s007-v006,u03,linear-equation-check-solution,mc,explanation,解得x/3=3；乘3得9；代入核對。所以答案是「9」。,[[frac:解得x|3]]=3；乘3得9；代入核對。所以答案是「9」。,False,False,False,True,False,RENDERER_REPAIR
u03-s007-v006,u03,linear-equation-check-solution,mc,steps[0],解得x/3=3,[[frac:解得x|3]]=3,False,False,False,True,False,RENDERER_REPAIR
u03-s007-v007,u03,linear-equation-check-solution,mc,choices[1],錯，正確解為1/2,錯，[[frac:正確解為1|2]],False,False,False,True,True,RENDERER_REPAIR
u03-s007-v007,u03,linear-equation-check-solution,mc,optionAnalysis[1].choice,錯，正確解為1/2,錯，[[frac:正確解為1|2]],False,False,False,True,False,RENDERER_REPAIR
u03-s007-v007,u03,linear-equation-check-solution,mc,optionAnalysis[1].reason,正確解不是1/2。,[[frac:正確解不是1|2]]。,False,False,False,True,False,RENDERER_REPAIR
u03-s007-v007,u03,linear-equation-check-solution,mc,optionAnalysis[3].reason,把x=5代入左邊得10-3=7，不是4，所以答案錯；正確解為7/2。 因此此選項符合題目。,把x=5代入左邊得10-3=7，不是4，所以答案錯；[[frac:正確解為7|2]]。 因此此選項符合題目。,False,False,False,True,False,RENDERER_REPAIR
u03-s007-v012,u03,linear-equation-check-solution,mc,optionAnalysis[0].reason,20/4不是4。,[[frac:20|4不是4]]。,False,False,False,True,False,RENDERER_REPAIR
u03-s007-v012,u03,linear-equation-check-solution,mc,commonMistake,把x/4改成x。,[[frac:把x|4改成x]]。,False,False,False,True,False,RENDERER_REPAIR
u03-s007-v012,u03,linear-equation-check-solution,mc,literacyContextNecessity,四等分後再加7公升的操作次序決定x/4+7，情境是驗算原式的必要依據。,[[frac:四等分後再加7公升的操作次序決定x|4]]+7，情境是驗算原式的必要依據。,False,False,False,True,False,RENDERER_REPAIR
u03-s009-v012,u03,linear-equation-money-problem,mc,optionAnalysis[2].reason,把2400的1/4當交通費。,[[frac:把2400的1|4當交通費]]。,False,False,False,True,False,RENDERER_REPAIR
u03-s010-cr001,u03,linear-equation-rate-problem,cr,prompt,甲乙兩地相距 330 公里，兩車同時相向而行，速率分別為 50 與 60 公里/時。幾小時後相遇？各走多少公里？,甲乙兩地相距 330 公里，兩車同時相向而行，速率分別為 50 與 60 [[frac:公里|時]]。幾小時後相遇？各走多少公里？,False,False,False,True,True,RENDERER_REPAIR
u03-s010-cr002,u03,linear-equation-rate-problem,cr,prompt,某人先以 4 公里/時步行，後以 12 公里/時騎車，總時間 3 小時、總路程 20 公里。步行與騎車各多久？,某人先以 4 [[frac:公里|時步行]]，後以 12 [[frac:公里|時騎車]]，總時間 3 小時、總路程 20 公里。步行與騎車各多久？,False,False,False,True,True,RENDERER_REPAIR
u03-s010-v002,u03,linear-equation-rate-problem,mc,text,某車 2.5 小時行駛 150 公里，平均速率是多少公里/小時？,某車 2.5 小時行駛 150 公里，[[frac:平均速率是多少公里|小時？]],False,False,False,True,True,RENDERER_REPAIR
u03-s010-v002,u03,linear-equation-rate-problem,mc,explanation,列2.5v=150；除以2.5；得到60公里/小時。所以答案是「60」。,列2.5v=150；除以2.5；[[frac:得到60公里|小時]]。所以答案是「60」。,False,False,False,True,False,RENDERER_REPAIR
u03-s010-v002,u03,linear-equation-rate-problem,mc,steps[2],得到60公里/小時,[[frac:得到60公里|小時]],False,False,False,True,False,RENDERER_REPAIR
u03-s010-v003,u03,linear-equation-rate-problem,mc,text,甲車先行 30 公里，速率 40 公里/時；乙車從同地追趕，速率 55 公里/時。乙車幾小時追上？,甲車先行 30 公里，速率 40 [[frac:公里|時]]；乙車從同地追趕，速率 55 [[frac:公里|時]]。乙車幾小時追上？,False,False,False,True,True,RENDERER_REPAIR
u03-s010-v004,u03,linear-equation-rate-problem,mc,text,兩車從相距 300 公里的兩地相向而行，速率分別為 45 與 55 公里/時。幾小時相遇？,兩車從相距 300 公里的兩地相向而行，速率分別為 45 與 55 [[frac:公里|時]]。幾小時相遇？,False,False,False,True,True,RENDERER_REPAIR
u03-s010-v005,u03,linear-equation-rate-problem,mc,text,某人先搭車行 30 公里，再以 70 公里/時行駛 x 小時，總路程 240 公里。x 為多少？,某人先搭車行 30 公里，再以 70 [[frac:公里|時行駛]] x 小時，總路程 240 公里。x 為多少？,False,False,False,True,True,RENDERER_REPAIR
u03-s010-v006,u03,linear-equation-rate-problem,mc,text,小美先以 5 公里/時步行 x 小時，再以 15 公里/時騎車 (2－x) 小時，共走 20 公里。步行多久？,小美先以 5 [[frac:公里|時步行]] x 小時，再以 15 [[frac:公里|時騎車]] (2－x) 小時，共走 20 公里。步行多久？,False,False,False,True,True,RENDERER_REPAIR
u03-s010-v007,u03,linear-equation-rate-problem,mc,text,船在靜水速率 12 公里/時，水流 3 公里/時。逆流行 45 公里需幾小時？,船在靜水速率 12 [[frac:公里|時]]，水流 3 [[frac:公里|時]]。逆流行 45 公里需幾小時？,False,False,False,True,True,RENDERER_REPAIR
u03-s010-v007,u03,linear-equation-rate-problem,mc,optionAnalysis[3].reason,逆流速率12-3=9公里/時，45÷9=5小時。 因此此選項符合題目。,逆流速率12-3=[[frac:9公里|時]]，45÷9=5小時。 因此此選項符合題目。,False,False,False,True,False,RENDERER_REPAIR
u03-s010-v008,u03,linear-equation-rate-problem,mc,text,某路段去程速率 60 公里/時、回程速率 40 公里/時，來回共 5 小時。單程距離多少公里？,某路段去程速率 60 [[frac:公里|時]]、回程速率 40 [[frac:公里|時]]，來回共 5 小時。單程距離多少公里？,False,False,False,True,True,RENDERER_REPAIR
u03-s010-v008,u03,linear-equation-rate-problem,mc,explanation,兩段距離相同；列x/60+x/40=5；解5x=600得120。所以答案是「120」。,兩段距離相同；[[frac:列x|60]]+[[frac:x|40]]=5；解5x=600得120。所以答案是「120」。,False,False,False,True,False,RENDERER_REPAIR
u03-s010-v008,u03,linear-equation-rate-problem,mc,steps[1],列x/60+x/40=5,[[frac:列x|60]]+[[frac:x|40]]=5,False,False,False,True,False,RENDERER_REPAIR
u03-s010-v009,u03,linear-equation-rate-problem,mc,text,依圖，甲地到休息站 18 公里，以 6 公里/時行走；休息站到乙地以 9 公里/時前進。全程共 5 小時，休息站到乙地多少公里？,依圖，甲地到休息站 18 公里，以 6 [[frac:公里|時行走]]；休息站到乙地以 9 [[frac:公里|時前進]]。全程共 5 小時，休息站到乙地多少公里？,False,False,False,True,True,RENDERER_REPAIR
u03-s010-v009,u03,linear-equation-rate-problem,mc,optionAnalysis[0].reason,把剩餘時間當12/9。,[[frac:把剩餘時間當12|9]]。,False,False,False,True,False,RENDERER_REPAIR
u03-s010-v009,u03,linear-equation-rate-problem,mc,optionAnalysis[3].reason,把5小時全用9公里/時。,[[frac:把5小時全用9公里|時]]。,False,False,False,True,False,RENDERER_REPAIR
u03-s010-v010,u03,linear-equation-rate-problem,mc,text,原訂 70 公里/時行駛 210 公里，實際比原訂多花 0.5 小時。實際平均速率是多少公里/時？,原訂 70 [[frac:公里|時行駛]] 210 公里，實際比原訂多花 0.5 小時。[[frac:實際平均速率是多少公里|時？]],False,False,False,True,True,RENDERER_REPAIR
u03-s010-v010,u03,linear-equation-rate-problem,mc,optionAnalysis[1].reason,只減5公里/時。,[[frac:只減5公里|時]]。,False,False,False,True,False,RENDERER_REPAIR
u03-s010-v011,u03,linear-equation-rate-problem,mc,text,配送車以 50 公里/時行駛 x 小時，再由機車以 20 公里/時行駛 1 小時，總路程 170 公里。x 為多少？,配送車以 50 [[frac:公里|時行駛]] x 小時，再由機車以 20 [[frac:公里|時行駛]] 1 小時，總路程 170 公里。x 為多少？,False,False,False,True,True,RENDERER_REPAIR
u03-s010-v012,u03,linear-equation-rate-problem,mc,text,長 120 公尺的自動步道以 0.8 公尺/秒前進，乘客相對步道再走 1.2 公尺/秒。乘客需幾秒通過？,長 120 公尺的自動步道以 0.8 [[frac:公尺|秒前進]]，乘客相對步道再走 1.2 [[frac:公尺|秒]]。乘客需幾秒通過？,False,False,False,True,True,RENDERER_REPAIR
u03-s010-v012,u03,linear-equation-rate-problem,mc,optionAnalysis[1].reason,同方向實際速率0.8+1.2=2公尺/秒，2t=120，所以t=60秒。 因此此選項符合題目。,同方向實際速率0.8+1.2=[[frac:2公尺|秒]]，2t=120，所以t=60秒。 因此此選項符合題目。,False,False,False,True,False,RENDERER_REPAIR
u03-s011-v006,u03,linear-equation-distribution-problem,mc,optionAnalysis[1].reason,119/7未化簡。,[[frac:119|7未化簡]]。,False,False,False,True,False,RENDERER_REPAIR
u03-s013-v005,u03,linear-equation-reasonableness,mc,text,某人走了正距離，但模型解得速率 x＝0 公里/時。判斷為何？,某人走了正距離，但模型解得速率 x＝0 [[frac:公里|時]]。判斷為何？,False,False,False,True,True,RENDERER_REPAIR
u03-s013-v005,u03,linear-equation-reasonableness,mc,choices[3],應改成1公里/時,[[frac:應改成1公里|時]],False,False,False,True,True,RENDERER_REPAIR
u03-s013-v005,u03,linear-equation-reasonableness,mc,optionAnalysis[3].choice,應改成1公里/時,[[frac:應改成1公里|時]],False,False,False,True,False,RENDERER_REPAIR
u04-s001-cr001,u04,system-two-variable-equation-definition,cr,rubric[3].criteria,少於三式正確或只寫「是/不是」且無可辨識理由。,[[frac:少於三式正確或只寫「是|不是」且無可辨識理由]]。,False,False,False,True,False,RENDERER_REPAIR
u04-s001-v010,u04,system-two-variable-equation-definition,mc,unitCheck,120 元/人×人與 80 元/人×人皆為元，左右單位一致。,120 [[frac:元|人]]×人與 80 [[frac:元|人]]×人皆為元，左右單位一致。,False,False,False,True,False,RENDERER_REPAIR
u04-s001-v011,u04,system-two-variable-equation-definition,mc,unitCheck,箱×公斤/箱=公斤，左右皆為公斤。,箱×[[frac:公斤|箱]]=公斤，左右皆為公斤。,False,False,False,True,False,RENDERER_REPAIR
u04-s002-cr001,u04,system-ordered-pair-solution-check,cr,alternativeMethods[0],可先整理 y=(2x-7)/3，再檢查每組 y 是否對應。,可先整理 y=[[frac:2x-7|3，再檢查每組]] y 是否對應。,False,False,False,True,False,RENDERER_REPAIR
u04-s002-cr002,u04,system-ordered-pair-solution-check,cr,partialCreditRules[0],a、b各一分，順序/總和整合一分。,a、b各一分，[[frac:順序|總和整合一分]]。,False,False,False,True,False,RENDERER_REPAIR
u04-s002-v011,u04,system-ordered-pair-solution-check,mc,unitCheck,張×元/張=元，總額單位一致。,張×[[frac:元|張]]=元，總額單位一致。,False,False,False,True,False,RENDERER_REPAIR
u04-s003-cr002,u04,system-solution-meaning,cr,alternativeMethods[0],可先由第二式整理 k=(9+3y)/x，再代入 x=2、y=-1。,可先由第二式整理 k=[[frac:9+3y|x，再代入]] x=2、y=-1。,False,False,False,True,False,RENDERER_REPAIR
u04-s004-v010,u04,system-substitution-method,mc,unitCheck,元=元/次×次+元，單位一致。,元=[[frac:元|次]]×次+元，單位一致。,False,False,False,True,False,RENDERER_REPAIR
u04-s005-cr002,u04,system-elimination-method,cr,standardSolution[3],原作答同時漏掉 -5y 的變號/合併，並把 7-(-7) 算錯。,原作答同時漏掉 -5y [[frac:的變號|合併]]，並把 7-(-7) 算錯。,False,False,False,True,False,RENDERER_REPAIR
u04-s005-v012,u04,system-elimination-method,mc,unitCheck,張/箱×箱=張。,[[frac:張|箱]]×箱=張。,False,False,False,True,False,RENDERER_REPAIR
u04-s006-cr002,u04,system-elimination-scaling,cr,independentReview.reviewNote,獨立代回：13/5+7/5=4，26/5-21/5=1。,[[frac:獨立代回：13|5]]+[[frac:7|5]]=4，[[frac:26|5]]-[[frac:21|5]]=1。,False,False,False,True,False,RENDERER_REPAIR
u04-s008-v005,u04,system-word-setup-basic,mc,unitCheck,元/張×張=元。,[[frac:元|張]]×張=元。,False,False,False,True,False,RENDERER_REPAIR
u04-s008-v011,u04,system-word-setup-basic,mc,unitCheck,大卡/盒×盒=大卡。,[[frac:大卡|盒]]×盒=大卡。,False,False,False,True,False,RENDERER_REPAIR
u04-s009-v002,u04,system-chicken-rabbit-problem,mc,unitCheck,腳/只×只=腳。,[[frac:腳|只]]×只=腳。,False,False,False,True,False,RENDERER_REPAIR
u04-s009-v006,u04,system-chicken-rabbit-problem,mc,unitCheck,輪/輛×輛=輪。,[[frac:輪|輛]]×輛=輪。,False,False,False,True,False,RENDERER_REPAIR
u04-s009-v011,u04,system-chicken-rabbit-problem,mc,unitCheck,輪/輛×輛=輪。,[[frac:輪|輛]]×輛=輪。,False,False,False,True,False,RENDERER_REPAIR
u04-s010-v002,u04,system-ticket-price-problem,mc,unitCheck,元/張×張=元。,[[frac:元|張]]×張=元。,False,False,False,True,False,RENDERER_REPAIR
u04-s010-v012,u04,system-ticket-price-problem,mc,unitCheck,元/張×張=元。,[[frac:元|張]]×張=元。,False,False,False,True,False,RENDERER_REPAIR
u04-s011-cr002,u04,system-quantity-price-problem,cr,prompt,蘋果 80 元/公斤、梨 120 元/公斤，共買 9 公斤、花 840 元。求各重量，並說明重量是否一定要是整數。,蘋果 80 [[frac:元|公斤]]、梨 120 [[frac:元|公斤]]，共買 9 公斤、花 840 元。求各重量，並說明重量是否一定要是整數。,False,False,False,True,True,RENDERER_REPAIR
u04-s011-cr002,u04,system-quantity-price-problem,cr,alternativeMethods[0],以平均單價 840÷9=93又1/3 元/公斤檢查介於 80 與 120。,以平均單價 840÷9=[[frac:93又1|3]] [[frac:元|公斤檢查介於]] 80 與 120。,False,False,False,True,False,RENDERER_REPAIR
u04-s011-v001,u04,system-quantity-price-problem,mc,unitCheck,元/枝×枝=元。,[[frac:元|枝]]×枝=元。,False,False,False,True,False,RENDERER_REPAIR
u04-s011-v003,u04,system-quantity-price-problem,mc,steps[0],確認單位元/公斤。,[[frac:確認單位元|公斤]]。,False,False,False,True,False,RENDERER_REPAIR
u04-s011-v003,u04,system-quantity-price-problem,mc,unitCheck,元/公斤×公斤=元。,[[frac:元|公斤]]×公斤=元。,False,False,False,True,False,RENDERER_REPAIR
u04-s011-v005,u04,system-quantity-price-problem,mc,prompt,蘋果 80 元/公斤、梨 120 元/公斤，共 7 公斤、680 元，梨有幾公斤？,蘋果 80 [[frac:元|公斤]]、梨 120 [[frac:元|公斤]]，共 7 公斤、680 元，梨有幾公斤？,False,False,False,True,True,RENDERER_REPAIR
u04-s011-v008,u04,system-quantity-price-problem,mc,unitCheck,元/包×包=元。,[[frac:元|包]]×包=元。,False,False,False,True,False,RENDERER_REPAIR
u04-s011-v010,u04,system-quantity-price-problem,mc,unitCheck,元/件×件=元。,[[frac:元|件]]×件=元。,False,False,False,True,False,RENDERER_REPAIR
u04-s011-v012,u04,system-quantity-price-problem,mc,unitCheck,件與元；60、40 的單位為元/件。,件與元；60、40 [[frac:的單位為元|件]]。,False,False,False,True,False,RENDERER_REPAIR
u04-s012-cr001,u04,system-rate-problem,cr,standardSolution[0],設甲 x、乙 y 公里/時。,設甲 x、乙 y [[frac:公里|時]]。,False,False,False,True,False,RENDERER_REPAIR
u04-s012-cr001,u04,system-rate-problem,cr,rubric[0].criteria,50與40公里/時，模型與單位完整。,[[frac:50與40公里|時]]，模型與單位完整。,False,False,False,True,False,RENDERER_REPAIR
u04-s012-cr001,u04,system-rate-problem,cr,unitNotationRules,速率寫公里/時。,[[frac:速率寫公里|時]]。,False,False,False,True,False,RENDERER_REPAIR
u04-s012-cr001,u04,system-rate-problem,cr,independentReview.derivedResult,甲50、乙40公里/時。,甲50、[[frac:乙40公里|時]]。,False,False,False,True,False,RENDERER_REPAIR
u04-s012-cr002,u04,system-rate-problem,cr,prompt,某人步行 5 公里/時、騎車 15 公里/時，共移動 4 小時、走了 40 公里。求步行與騎車時間，並檢查。,某人步行 5 [[frac:公里|時]]、騎車 15 [[frac:公里|時]]，共移動 4 小時、走了 40 公里。求步行與騎車時間，並檢查。,False,False,False,True,True,RENDERER_REPAIR
u04-s012-v001,u04,system-rate-problem,mc,steps[0],檢查單位：公里/時×時=公里。,[[frac:檢查單位：公里|時]]×時=公里。,False,False,False,True,False,RENDERER_REPAIR
u04-s012-v004,u04,system-rate-problem,mc,prompt,甲速率 40 公里/時、乙 50 公里/時，相向 2 小時，原距離多少？,甲速率 40 [[frac:公里|時]]、乙 50 [[frac:公里|時]]，相向 2 小時，原距離多少？,False,False,False,True,True,RENDERER_REPAIR
u04-s012-v004,u04,system-rate-problem,mc,unitCheck,公里/時×時=公里。,[[frac:公里|時]]×時=公里。,False,False,False,True,False,RENDERER_REPAIR
u04-s012-v005,u04,system-rate-problem,mc,choices[0],4 公里/時,4 [[frac:公里|時]],False,False,False,True,True,RENDERER_REPAIR
u04-s012-v005,u04,system-rate-problem,mc,choices[1],6 公里/時,6 [[frac:公里|時]],False,False,False,True,True,RENDERER_REPAIR
u04-s012-v005,u04,system-rate-problem,mc,choices[2],12 公里/時,12 [[frac:公里|時]],False,False,False,True,True,RENDERER_REPAIR
u04-s012-v005,u04,system-rate-problem,mc,choices[3],24 公里/時,24 [[frac:公里|時]],False,False,False,True,True,RENDERER_REPAIR
u04-s012-v005,u04,system-rate-problem,mc,independentSolution,相對速率差×2=12，所以差為 6 公里/時。,相對速率差×2=12，所以差為 6 [[frac:公里|時]]。,False,False,False,True,False,RENDERER_REPAIR
u04-s012-v005,u04,system-rate-problem,mc,optionAnalysis[0].choice,4 公里/時,4 [[frac:公里|時]],False,False,False,True,False,RENDERER_REPAIR
u04-s012-v005,u04,system-rate-problem,mc,optionAnalysis[1].choice,6 公里/時,6 [[frac:公里|時]],False,False,False,True,False,RENDERER_REPAIR
u04-s012-v005,u04,system-rate-problem,mc,optionAnalysis[2].choice,12 公里/時,12 [[frac:公里|時]],False,False,False,True,False,RENDERER_REPAIR
u04-s012-v005,u04,system-rate-problem,mc,optionAnalysis[3].choice,24 公里/時,24 [[frac:公里|時]],False,False,False,True,False,RENDERER_REPAIR
u04-s012-v005,u04,system-rate-problem,mc,unitCheck,公里÷小時=公里/時。,公里÷小時=[[frac:公里|時]]。,False,False,False,True,False,RENDERER_REPAIR
u04-s012-v006,u04,system-rate-problem,mc,prompt,步行 4 公里/時、騎車 12 公里/時，共 2 小時走 16 公里。若步行 x 小時、騎車 y 小時，正確聯立為何？,步行 4 [[frac:公里|時]]、騎車 12 [[frac:公里|時]]，共 2 小時走 16 公里。若步行 x 小時、騎車 y 小時，正確聯立為何？,False,False,False,True,True,RENDERER_REPAIR
u04-s012-v007,u04,system-rate-problem,mc,prompt,兩車相向 2 小時相遇，速率和 90 公里/時、速率差 10 公里/時，較快車速率為何？,兩車相向 2 小時相遇，速率和 90 [[frac:公里|時]]、速率差 10 [[frac:公里|時]]，較快車速率為何？,False,False,False,True,True,RENDERER_REPAIR
u04-s012-v007,u04,system-rate-problem,mc,choices[0],50 公里/時,50 [[frac:公里|時]],False,False,False,True,True,RENDERER_REPAIR
u04-s012-v007,u04,system-rate-problem,mc,choices[1],40 公里/時,40 [[frac:公里|時]],False,False,False,True,True,RENDERER_REPAIR
u04-s012-v007,u04,system-rate-problem,mc,choices[2],45 公里/時,45 [[frac:公里|時]],False,False,False,True,True,RENDERER_REPAIR
u04-s012-v007,u04,system-rate-problem,mc,choices[3],100 公里/時,100 [[frac:公里|時]],False,False,False,True,True,RENDERER_REPAIR
u04-s012-v007,u04,system-rate-problem,mc,optionAnalysis[0].choice,50 公里/時,50 [[frac:公里|時]],False,False,False,True,False,RENDERER_REPAIR
u04-s012-v007,u04,system-rate-problem,mc,optionAnalysis[1].choice,40 公里/時,40 [[frac:公里|時]],False,False,False,True,False,RENDERER_REPAIR
u04-s012-v007,u04,system-rate-problem,mc,optionAnalysis[2].choice,45 公里/時,45 [[frac:公里|時]],False,False,False,True,False,RENDERER_REPAIR
u04-s012-v007,u04,system-rate-problem,mc,optionAnalysis[3].choice,100 公里/時,100 [[frac:公里|時]],False,False,False,True,False,RENDERER_REPAIR
u04-s012-v008,u04,system-rate-problem,mc,prompt,某人以 5 公里/時步行 x 小時、以 15 公里/時騎車 y 小時，總時間 3 小時、總路程 25 公里。騎車多久？,某人以 5 [[frac:公里|時步行]] x 小時、以 15 [[frac:公里|時騎車]] y 小時，總時間 3 小時、總路程 25 公里。騎車多久？,False,False,False,True,True,RENDERER_REPAIR
u04-s012-v010,u04,system-rate-problem,mc,independentSolution,相向相對速率 105 公里/時；210÷105=2。,相向相對速率 105 [[frac:公里|時]]；210÷105=2。,False,False,False,True,False,RENDERER_REPAIR
u04-s012-v010,u04,system-rate-problem,mc,unitCheck,公里÷(公里/時)=小時。,公里÷[[frac:(公里|時)]]=小時。,False,False,False,True,False,RENDERER_REPAIR
u04-s012-v011,u04,system-rate-problem,mc,prompt,外送員先以 12 公里/時騎 0.5 小時，再以 4 公里/時走 x 小時，總路程 10 公里。x 為何？,外送員先以 12 [[frac:公里|時騎]] 0.5 小時，再以 4 [[frac:公里|時走]] x 小時，總路程 10 公里。x 為何？,False,False,False,True,True,RENDERER_REPAIR
u04-s012-v011,u04,system-rate-problem,mc,independentSolution,騎車路程 12×0.5=6 公里，剩 4 公里；步行 4 公里/時需 1 小時。,騎車路程 12×0.5=6 公里，剩 4 公里；步行 4 [[frac:公里|時需]] 1 小時。,False,False,False,True,False,RENDERER_REPAIR
u04-s012-v011,u04,system-rate-problem,mc,optionAnalysis[3].reason,4 公里以 4 公里/時行走需 1 小時。,4 公里以 4 [[frac:公里|時行走需]] 1 小時。,False,False,False,True,False,RENDERER_REPAIR
u04-s012-v012,u04,system-rate-problem,mc,independentSolution,相對速率 8-5=3 公尺/秒；300÷3=100 秒。,相對速率 8-5=3 [[frac:公尺|秒]]；300÷3=100 秒。,False,False,False,True,False,RENDERER_REPAIR
u04-s012-v012,u04,system-rate-problem,mc,unitCheck,公尺÷(公尺/秒)=秒。,公尺÷[[frac:(公尺|秒)]]=秒。,False,False,False,True,False,RENDERER_REPAIR
u04-s013-cr002,u04,system-mixture-basic,cr,prompt,咖啡豆每公斤 500 元與 800 元，欲調成 15 公斤、平均 620 元/公斤。求兩種豆各多少公斤，並做平均價格範圍檢查。,咖啡豆每公斤 500 元與 800 元，欲調成 15 公斤、平均 620 [[frac:元|公斤]]。求兩種豆各多少公斤，並做平均價格範圍檢查。,False,False,False,True,True,RENDERER_REPAIR
u04-s013-cr002,u04,system-mixture-basic,cr,partialCreditRules[0],總成本/模型一分，結果一分，合理性一分。,[[frac:總成本|模型一分]]，結果一分，合理性一分。,False,False,False,True,False,RENDERER_REPAIR
u04-s013-cr002,u04,system-mixture-basic,cr,unitNotationRules,公斤與元/公斤、元必須對應。,[[frac:公斤與元|公斤]]、元必須對應。,False,False,False,True,False,RENDERER_REPAIR
u04-s013-v006,u04,system-mixture-basic,mc,prompt,每公斤 60 元與 90 元的米混成 20 公斤、平均 72 元/公斤，90 元米幾公斤？,每公斤 60 元與 90 元的米混成 20 公斤、平均 72 [[frac:元|公斤]]，90 元米幾公斤？,False,False,False,True,True,RENDERER_REPAIR
u04-s013-v011,u04,system-mixture-basic,mc,prompt,咖啡豆調配：每公斤 500 元與 800 元，配成 10 公斤、平均 620 元/公斤。800 元豆幾公斤？,咖啡豆調配：每公斤 500 元與 800 元，配成 10 公斤、平均 620 [[frac:元|公斤]]。800 元豆幾公斤？,False,False,False,True,True,RENDERER_REPAIR
u04-s014-cr002,u04,system-literacy-context,cr,alternativeMethods[0],蛋白質平均15克/盒，正好是20與10中點，所以兩種等量，各4盒。,[[frac:蛋白質平均15克|盒]]，正好是20與10中點，所以兩種等量，各4盒。,False,False,False,True,False,RENDERER_REPAIR
u04-s014-v002,u04,system-literacy-context,mc,prompt,表格欄位「元/次」乘上「次」後，單位為何？,[[frac:表格欄位「元|次」乘上「次」後]]，單位為何？,False,False,False,True,True,RENDERER_REPAIR
u04-s014-v002,u04,system-literacy-context,mc,choices[1],元/次²,[[frac:元|次²]],False,False,False,True,True,RENDERER_REPAIR
u04-s014-v002,u04,system-literacy-context,mc,independentSolution,(元/次)×次=元。,[[frac:(元|次)]]×次=元。,False,False,False,True,False,RENDERER_REPAIR
u04-s014-v002,u04,system-literacy-context,mc,optionAnalysis[1].choice,元/次²,[[frac:元|次²]],False,False,False,True,False,RENDERER_REPAIR
u04-s014-v005,u04,system-literacy-context,mc,unitCheck,克/盒×盒=克。,[[frac:克|盒]]×盒=克。,False,False,False,True,False,RENDERER_REPAIR
u04-s014-v011,u04,system-literacy-context,mc,unitCheck,平方公尺/組×組=平方公尺。,[[frac:平方公尺|組]]×組=平方公尺。,False,False,False,True,False,RENDERER_REPAIR
u04-s014-v012,u04,system-literacy-context,mc,unitCheck,度/小時×小時=度。,[[frac:度|小時]]×小時=度。,False,False,False,True,False,RENDERER_REPAIR
u05-s003-v010,u05,coordinate-axis-points,mc,unitCheck,先以格計算，再乘 2 公尺/格；最終單位為公尺。,先以格計算，再乘 2 [[frac:公尺|格]]；最終單位為公尺。,False,False,False,True,False,RENDERER_REPAIR
u05-s006-v010,u05,coordinate-horizontal-vertical-distance,mc,steps[1],乘 15 公尺/格。,乘 15 [[frac:公尺|格]]。,False,False,False,True,False,RENDERER_REPAIR
u05-s006-v010,u05,coordinate-horizontal-vertical-distance,mc,unitCheck,6 格×15 公尺/格，最終單位公尺。,6 格×15 [[frac:公尺|格]]，最終單位公尺。,False,False,False,True,False,RENDERER_REPAIR
u05-s006-v011,u05,coordinate-horizontal-vertical-distance,mc,unitCheck,9 單位×3 公尺/單位。,9 單位×3 [[frac:公尺|單位]]。,False,False,False,True,False,RENDERER_REPAIR
u05-s007-v011,u05,coordinate-rectangle-area,mc,steps[1],乘 0.5 公尺/單位。,乘 0.5 [[frac:公尺|單位]]。,False,False,False,True,False,RENDERER_REPAIR
u05-s007-v011,u05,coordinate-rectangle-area,mc,unitCheck,24 坐標單位×0.5 公尺/單位。,24 坐標單位×0.5 [[frac:公尺|單位]]。,False,False,False,True,False,RENDERER_REPAIR
u05-s007-v011,u05,coordinate-rectangle-area,mc,literacyContextNecessity,攤位施工需要實際公尺；0.5 公尺/單位不可省略。,攤位施工需要實際公尺；0.5 [[frac:公尺|單位不可省略]]。,False,False,False,True,False,RENDERER_REPAIR
u05-s008-v010,u05,coordinate-linear-equation-graph,mc,unitCheck,x 單位為張，y 單位為元；方程式係數 120 元/張。,x 單位為張，y 單位為元；方程式係數 120 [[frac:元|張]]。,False,False,False,True,False,RENDERER_REPAIR
u05-s009-v010,u05,coordinate-point-on-line,mc,unitCheck,x 為公里，y 為元；25 的單位是元/公里。,x 為公里，y 為元；25 [[frac:的單位是元|公里]]。,False,False,False,True,False,RENDERER_REPAIR
u05-s009-v012,u05,coordinate-point-on-line,mc,unitCheck,x 張、y 元，2 元/張加固定 10 元。,x 張、y 元，2 [[frac:元|張加固定]] 10 元。,False,False,False,True,False,RENDERER_REPAIR
u05-s012-v004,u05,coordinate-literacy-context,mc,unitCheck,6 格×50 公尺/格。,6 格×50 [[frac:公尺|格]]。,False,False,False,True,False,RENDERER_REPAIR
u05-s012-v010,u05,coordinate-literacy-context,mc,unitCheck,20 格×2 公尺/格。,20 格×2 [[frac:公尺|格]]。,False,False,False,True,False,RENDERER_REPAIR
u06-s001-cr002,u06,ratio-simplify,cr,commonErrors[0],把3/10視為3。,[[frac:把3|10視為3]]。,False,False,False,True,False,RENDERER_REPAIR
u06-s001-v006,u06,ratio-simplify,mc,prompt,將 1又1/2:2又1/4 化成最簡整數比。,將 [[frac:1又1|2:2又1]]/4 化成最簡整數比。,False,False,False,True,True,RENDERER_REPAIR
u06-s001-v006,u06,ratio-simplify,mc,text,將 1又1/2:2又1/4 化成最簡整數比。,將 [[frac:1又1|2:2又1]]/4 化成最簡整數比。,False,False,False,True,True,RENDERER_REPAIR
u06-s001-v006,u06,ratio-simplify,mc,optionAnalysis[2].reason,1又1/2=3/2，2又1/4=9/4；同乘 4 得 6:9，再約成 2:3。,[[frac:1又1|2]]=[[frac:3|2]]，[[frac:2又1|4]]=[[frac:9|4]]；同乘 4 得 6:9，再約成 2:3。,False,False,False,True,False,RENDERER_REPAIR
u06-s002-cr001,u06,proportion-solve,cr,fullCreditSolution[2],代回x-3=25/2，左比5÷(25/2)=2/5，右比4/10=2/5。,代回x-3=[[frac:25|2]]，左比5÷[[frac:(25|2)]]=[[frac:2|5]]，[[frac:右比4|10]]=[[frac:2|5]]。,False,False,False,True,False,RENDERER_REPAIR
u06-s002-cr001,u06,proportion-solve,cr,reasoningSteps[2],代回x-3=25/2，左比5÷(25/2)=2/5，右比4/10=2/5。,代回x-3=[[frac:25|2]]，左比5÷[[frac:(25|2)]]=[[frac:2|5]]，[[frac:右比4|10]]=[[frac:2|5]]。,False,False,False,True,False,RENDERER_REPAIR
u06-s002-cr001,u06,proportion-solve,cr,rubric[0].criteria,列x≠3，求得31/2並代回兩邊皆2/5。,列x≠3，[[frac:求得31|2並代回兩邊皆2]]/5。,False,False,False,True,False,RENDERER_REPAIR
u06-s002-cr001,u06,proportion-solve,cr,rubric[1].criteria,求得31/2且運算完整，但漏限制或驗算其中一項。,[[frac:求得31|2且運算完整]]，但漏限制或驗算其中一項。,False,False,False,True,False,RENDERER_REPAIR
u06-s002-cr001,u06,proportion-solve,cr,partialCreditRules[1],答案31/2無過程最多1分。,[[frac:答案31|2無過程最多1分]]。,False,False,False,True,False,RENDERER_REPAIR
u06-s002-cr001,u06,proportion-solve,cr,unitNotationRules,x可寫31/2或15.5；代回分母不得為0。,[[frac:x可寫31|2或15.5]]；代回分母不得為0。,False,False,False,True,False,RENDERER_REPAIR
u06-s002-cr002,u06,proportion-solve,cr,alternativeSolutions[0],也可比較兩邊比值：(2x+1)/6 與 (x-2)/3，通分後分子相差固定15，不可能相等。,也可比較兩邊比值：[[frac:2x+1|6]] 與 [[frac:x-2|3，通分後分子相差固定15，不可能相等]]。,False,False,False,True,False,RENDERER_REPAIR
u06-s002-v001,u06,proportion-solve,mc,independentSolution,右比6/15=2/5，因此x/5=2/5，x=2。,[[frac:右比6|15]]=[[frac:2|5]]，[[frac:因此x|5]]=[[frac:2|5]]，x=2。,False,False,False,True,False,RENDERER_REPAIR
u06-s002-v001,u06,proportion-solve,mc,optionAnalysis[0].reason,代入1得1/5≠2/5。,[[frac:代入1得1|5≠2]]/5。,False,False,False,True,False,RENDERER_REPAIR
u06-s002-v002,u06,proportion-solve,mc,independentSolution,4/10=2/5，而6/15=2/5，故x=10。,[[frac:4|10]]=[[frac:2|5]]，[[frac:而6|15]]=[[frac:2|5]]，故x=10。,False,False,False,True,False,RENDERER_REPAIR
u06-s002-v002,u06,proportion-solve,mc,optionAnalysis[0].reason,8代入得1/2≠2/5。,[[frac:8代入得1|2≠2]]/5。,False,False,False,True,False,RENDERER_REPAIR
u06-s002-v003,u06,proportion-solve,mc,mainExplanation,由5/6=x/18，交叉相乘6x=90。,[[frac:由5|6]]=[[frac:x|18]]，交叉相乘6x=90。,False,False,False,True,False,RENDERER_REPAIR
u06-s002-v003,u06,proportion-solve,mc,explanation,由5/6=x/18，交叉相乘6x=90。,[[frac:由5|6]]=[[frac:x|18]]，交叉相乘6x=90。,False,False,False,True,False,RENDERER_REPAIR
u06-s002-v003,u06,proportion-solve,mc,optionAnalysis[0].reason,12使右比2/3，不等於5/6。,[[frac:12使右比2|3]]，[[frac:不等於5|6]]。,False,False,False,True,False,RENDERER_REPAIR
u06-s002-v004,u06,proportion-solve,mc,independentSolution,右比5/14，所以(x+2)/7=5/14，得x+2=5/2，x=1/2。,[[frac:右比5|14]]，所以[[frac:x+2|7]]=[[frac:5|14]]，得x+2=[[frac:5|2]]，x=[[frac:1|2]]。,False,False,False,True,False,RENDERER_REPAIR
u06-s002-v004,u06,proportion-solve,mc,optionAnalysis[1].reason,3/2是忘記減2的一種結果。,[[frac:3|2是忘記減2的一種結果]]。,False,False,False,True,False,RENDERER_REPAIR
u06-s002-v004,u06,proportion-solve,mc,optionAnalysis[3].reason,5/2是x+2的值，不是x。,[[frac:5|2是x]]+2的值，不是x。,False,False,False,True,False,RENDERER_REPAIR
u06-s002-v006,u06,proportion-solve,mc,independentSolution,代入x=4，左比3/20；右比9/60=3/20。,代入x=4，[[frac:左比3|20]]；[[frac:右比9|60]]=[[frac:3|20]]。,False,False,False,True,False,RENDERER_REPAIR
u06-s002-v006,u06,proportion-solve,mc,steps[0],(3/5)/x=(9/10)/6,[[[[frac:frac:3|5|x]]]]=[[[[frac:frac:9|10|6]]]],True,True,False,False,False,RENDERER_REPAIR
u06-s002-v006,u06,proportion-solve,mc,optionAnalysis[0].reason,2使左比3/10。,[[frac:2使左比3|10]]。,False,False,False,True,False,RENDERER_REPAIR
u06-s002-v006,u06,proportion-solve,mc,optionAnalysis[3].reason,右比(9/10)÷6=3/20；(3/5)/x=3/20，故12=3x，x=4。,[[frac:右比(9|10)]]÷6=[[frac:3|20]]；[[[[frac:frac:3|5|x]]]]=[[frac:3|20]]，故12=3x，x=4。,True,True,False,True,False,RENDERER_REPAIR
u06-s002-v008,u06,proportion-solve,mc,independentSolution,代入x=7/3：左側(11/3):9=11/27，右側(22/3):18=11/27。,代入x=[[frac:7|3：左側(11]]/3):9=[[frac:11|27]]，[[frac:右側(22|3):18]]=[[frac:11|27]]。,False,False,False,True,False,RENDERER_REPAIR
u06-s002-v009,u06,proportion-solve,mc,independentSolution,代入5：左4/4=1，右10/10=1。,[[frac:代入5：左4|4]]=1，[[frac:右10|10]]=1。,False,False,False,True,False,RENDERER_REPAIR
u06-s002-v009,u06,proportion-solve,mc,optionAnalysis[0].reason,3使左右分別1/2與4/5。,[[frac:3使左右分別1|2與4]]/5。,False,False,False,True,False,RENDERER_REPAIR
u06-s002-v010,u06,proportion-solve,mc,mainExplanation,每頁18/12=1.5秒，30頁需45秒。,[[frac:每頁18|12]]=1.5秒，30頁需45秒。,False,False,False,True,False,RENDERER_REPAIR
u06-s002-v010,u06,proportion-solve,mc,explanation,每頁18/12=1.5秒，30頁需45秒。,[[frac:每頁18|12]]=1.5秒，30頁需45秒。,False,False,False,True,False,RENDERER_REPAIR
u06-s002-v011,u06,proportion-solve,mc,optionAnalysis[3].reason,2400把10/4誤成4。,[[frac:2400把10|4誤成4]]。,False,False,False,True,False,RENDERER_REPAIR
u06-s003-cr002,u06,ratio-part-total,cr,fullCreditSolution[3],原甲100/3、乙75，總量325/3；轉移後130/3:65=2:3。,[[frac:原甲100|3]]、乙75，[[frac:總量325|3]]；[[frac:轉移後130|3:65]]=2:3。,False,False,False,True,False,RENDERER_REPAIR
u06-s003-cr002,u06,ratio-part-total,cr,reasoningSteps[3],原甲100/3、乙75，總量325/3；轉移後130/3:65=2:3。,[[frac:原甲100|3]]、乙75，[[frac:總量325|3]]；[[frac:轉移後130|3:65]]=2:3。,False,False,False,True,False,RENDERER_REPAIR
u06-s003-cr002,u06,ratio-part-total,cr,rubric[0].criteria,建立正確比例式並得到甲100/3、乙75、總量325/3，完成驗算。,[[frac:建立正確比例式並得到甲100|3]]、乙75、[[frac:總量325|3]]，完成驗算。,False,False,False,True,False,RENDERER_REPAIR
u06-s003-cr002,u06,ratio-part-total,cr,independentReview.derivedResult,甲100/3、乙75、總325/3。,[[frac:甲100|3]]、乙75、[[frac:總325|3]]。,False,False,False,True,False,RENDERER_REPAIR
u06-s003-v003,u06,ratio-part-total,mc,optionAnalysis[0].reason,總份數5，原液占1/5，2.5÷5=0.5。,總份數5，[[frac:原液占1|5]]，2.5÷5=0.5。,False,False,False,True,False,RENDERER_REPAIR
u06-s003-v003,u06,ratio-part-total,mc,optionAnalysis[2].reason,1是錯把原液占1/2.5。,[[frac:1是錯把原液占1|2.5]]。,False,False,False,True,False,RENDERER_REPAIR
u06-s003-v011,u06,ratio-part-total,mc,independentSolution,60:165=4:11，所以喬木占總量4/(4+11)=4/15。,60:165=4:11，[[frac:所以喬木占總量4|(4]]+11)=[[frac:4|15]]。,False,False,False,True,False,RENDERER_REPAIR
u06-s003-v011,u06,ratio-part-total,mc,optionAnalysis[0].reason,2/9是原本喬木占比。,[[frac:2|9是原本喬木占比]]。,False,False,False,True,False,RENDERER_REPAIR
u06-s003-v011,u06,ratio-part-total,mc,optionAnalysis[1].reason,1/4錯把剩餘總量240。,[[frac:1|4錯把剩餘總量240]]。,False,False,False,True,False,RENDERER_REPAIR
u06-s003-v011,u06,ratio-part-total,mc,optionAnalysis[2].reason,原每份30，喬木60、灌木210；移後灌木165，總225，喬木占60/225=4/15。,原每份30，喬木60、灌木210；移後灌木165，總225，[[frac:喬木占60|225]]=[[frac:4|15]]。,False,False,False,True,False,RENDERER_REPAIR
u06-s003-v011,u06,ratio-part-total,mc,optionAnalysis[3].reason,4/13錯誤約分。,[[frac:4|13錯誤約分]]。,False,False,False,True,False,RENDERER_REPAIR
u06-s003-v012,u06,ratio-part-total,mc,independentSolution,以實際量驗算0.72/0.48=1.5。,[[frac:以實際量驗算0.72|0.48]]=1.5。,False,False,False,True,False,RENDERER_REPAIR
u06-s004-cr001,u06,proportion-property,cr,fullCreditSolution[2],或由a/b=3/7，兩邊加1得(a+b)/b=10/7。,[[frac:或由a|b]]=[[frac:3|7]]，兩邊加1得[[frac:a+b|b]]=[[frac:10|7]]。,False,False,False,True,False,RENDERER_REPAIR
u06-s004-cr001,u06,proportion-property,cr,reasoningSteps[2],或由a/b=3/7，兩邊加1得(a+b)/b=10/7。,[[frac:或由a|b]]=[[frac:3|7]]，兩邊加1得[[frac:a+b|b]]=[[frac:10|7]]。,False,False,False,True,False,RENDERER_REPAIR
u06-s004-v004,u06,proportion-property,mc,mainExplanation,由a/b=c/d取倒數得b/a=d/c。,[[frac:由a|b]]=[[frac:c|d取倒數得b]]/a=[[frac:d|c]]。,False,False,False,True,False,RENDERER_REPAIR
u06-s004-v004,u06,proportion-property,mc,explanation,由a/b=c/d取倒數得b/a=d/c。,[[frac:由a|b]]=[[frac:c|d取倒數得b]]/a=[[frac:d|c]]。,False,False,False,True,False,RENDERER_REPAIR
u06-s004-v007,u06,proportion-property,mc,optionAnalysis[3].reason,由ad=bc可重排為a/c=b/d，需c、d非0。,由ad=[[frac:bc可重排為a|c]]=[[frac:b|d]]，需c、d非0。,False,False,False,True,False,RENDERER_REPAIR
u06-s004-v008,u06,proportion-property,mc,optionAnalysis[1].reason,52不是a，不能直接乘4/9。,52不是a，[[frac:不能直接乘4|9]]。,False,False,False,True,False,RENDERER_REPAIR
u06-s004-v011,u06,proportion-property,mc,optionAnalysis[2].reason,18把短邊當3/4長。,[[frac:18把短邊當3|4長]]。,False,False,False,True,False,RENDERER_REPAIR
u06-s004-v011,u06,proportion-property,mc,optionAnalysis[3].reason,15:10=3:2；放大倍率24/15=1.6，短邊10×1.6=16。,15:10=3:2；[[frac:放大倍率24|15]]=1.6，短邊10×1.6=16。,False,False,False,True,False,RENDERER_REPAIR
u06-s004-v012,u06,proportion-property,mc,optionAnalysis[2].reason,140使用2/5。,[[frac:140使用2|5]]。,False,False,False,True,False,RENDERER_REPAIR
u06-s005-cr001,u06,direct-variation,cr,partialCreditRules[1],k寫成4/9但後續仍得到45屬矛盾，不給完整分。,[[frac:k寫成4|9但後續仍得到45屬矛盾]]，不給完整分。,False,False,False,True,False,RENDERER_REPAIR
u06-s005-cr001,u06,direct-variation,cr,followThroughPolicy,若k算術錯但後續依其k一致代入，可給1分；若使用y/x固定方向正確但約分錯，亦可給1分。,若k算術錯但後續依其k一致代入，可給1分；[[frac:若使用y|x固定方向正確但約分錯]]，亦可給1分。,False,False,False,True,False,RENDERER_REPAIR
u06-s005-cr002,u06,direct-variation,cr,unitNotationRules,車資用元，距離用公里；單價為元/公里。,車資用元，距離用公里；[[frac:單價為元|公里]]。,False,False,False,True,False,RENDERER_REPAIR
u06-s005-v001,u06,direct-variation,mc,optionAnalysis[1].reason,1/3把除法順序顛倒。,[[frac:1|3把除法順序顛倒]]。,False,False,False,True,False,RENDERER_REPAIR
u06-s005-v003,u06,direct-variation,mc,mainExplanation,逐組計算y/x，只有第一組全部相同。,[[frac:逐組計算y|x]]，只有第一組全部相同。,False,False,False,True,False,RENDERER_REPAIR
u06-s005-v003,u06,direct-variation,mc,explanation,逐組計算y/x，只有第一組全部相同。,[[frac:逐組計算y|x]]，只有第一組全部相同。,False,False,False,True,False,RENDERER_REPAIR
u06-s005-v003,u06,direct-variation,mc,optionAnalysis[0].reason,第二組14/5≠3。,[[frac:第二組14|5≠3]]。,False,False,False,True,False,RENDERER_REPAIR
u06-s005-v003,u06,direct-variation,mc,optionAnalysis[1].reason,三組y/x皆為3。,[[frac:三組y|x皆為3]]。,False,False,False,True,False,RENDERER_REPAIR
u06-s005-v003,u06,direct-variation,mc,optionAnalysis[3].reason,第三組28/9≠3。,[[frac:第三組28|9≠3]]。,False,False,False,True,False,RENDERER_REPAIR
u06-s005-v007,u06,direct-variation,mc,optionAnalysis[1].reason,把x/y當k。,[[frac:把x|y當k]]。,False,False,False,True,False,RENDERER_REPAIR
u06-s005-v009,u06,direct-variation,mc,independentSolution,兩組比值18/a與15/a不同。,[[frac:兩組比值18|a與15]]/a不同。,False,False,False,True,False,RENDERER_REPAIR
u06-s005-v011,u06,direct-variation,mc,unitCheck,公升/分鐘×分鐘=公升。,[[frac:公升|分鐘]]×分鐘=公升。,False,False,False,True,False,RENDERER_REPAIR
u06-s006-cr001,u06,inverse-variation,cr,rubric[0].criteria,k=90、關係式y=90/x、y=15/2且驗算乘積。,k=90、關係式y=[[frac:90|x]]、y=[[frac:15|2且驗算乘積]]。,False,False,False,True,False,RENDERER_REPAIR
u06-s006-cr001,u06,inverse-variation,cr,rubric[3].criteria,使用y/x固定或得到同向倍數。,[[frac:使用y|x固定或得到同向倍數]]。,False,False,False,True,False,RENDERER_REPAIR
u06-s006-cr001,u06,inverse-variation,cr,partialCreditRules[0],分數15/2或7.5皆可。,[[frac:分數15|2或7.5皆可]]。,False,False,False,True,False,RENDERER_REPAIR
u06-s006-cr001,u06,inverse-variation,cr,commonErrors[0],k算成18/5。,[[frac:k算成18|5]]。,False,False,False,True,False,RENDERER_REPAIR
u06-s006-cr001,u06,inverse-variation,cr,commonErrors[2],把90/12約錯。,[[frac:把90|12約錯]]。,False,False,False,True,False,RENDERER_REPAIR
u06-s006-cr002,u06,inverse-variation,cr,alternativeSolutions[0],也可用完成比例：前4天完成1/3，剩2/3；原總120人日的2/3為80。,[[frac:也可用完成比例：前4天完成1|3]]，[[frac:剩2|3]]；[[frac:原總120人日的2|3為80]]。,False,False,False,True,False,RENDERER_REPAIR
u06-s006-v001,u06,inverse-variation,mc,optionAnalysis[2].reason,3/4是x/y。,[[frac:3|4是x]]/y。,False,False,False,True,False,RENDERER_REPAIR
u06-s006-v001,u06,inverse-variation,mc,optionAnalysis[3].reason,4/3是y/x。,[[frac:4|3是y]]/x。,False,False,False,True,False,RENDERER_REPAIR
u06-s006-v003,u06,inverse-variation,mc,optionAnalysis[3].reason,比值固定4/3。,[[frac:比值固定4|3]]。,False,False,False,True,False,RENDERER_REPAIR
u06-s006-v005,u06,inverse-variation,mc,choices[3],變為原來的1/3,[[frac:變為原來的1|3]],False,False,False,True,True,RENDERER_REPAIR
u06-s006-v005,u06,inverse-variation,mc,optionAnalysis[3].choice,變為原來的1/3,[[frac:變為原來的1|3]],False,False,False,True,False,RENDERER_REPAIR
u06-s006-v007,u06,inverse-variation,mc,prompt,同一路程下，車速由 60 公里/時提高到 75 公里/時，原需 5 小時，新時間為何？,同一路程下，車速由 60 [[frac:公里|時提高到]] 75 [[frac:公里|時]]，原需 5 小時，新時間為何？,False,False,False,True,True,RENDERER_REPAIR
u06-s006-v007,u06,inverse-variation,mc,text,同一路程下，車速由 60 公里/時提高到 75 公里/時，原需 5 小時，新時間為何？,同一路程下，車速由 60 [[frac:公里|時提高到]] 75 [[frac:公里|時]]，原需 5 小時，新時間為何？,False,False,False,True,True,RENDERER_REPAIR
u06-s006-v007,u06,inverse-variation,mc,optionAnalysis[2].reason,把時間乘75/60。,[[frac:把時間乘75|60]]。,False,False,False,True,False,RENDERER_REPAIR
u06-s006-v007,u06,inverse-variation,mc,unitCheck,公里/時×時=公里。,[[frac:公里|時]]×時=公里。,False,False,False,True,False,RENDERER_REPAIR
u06-s006-v010,u06,inverse-variation,mc,choices[3],10又2/3分鐘,[[frac:10又2|3分鐘]],False,False,False,True,True,RENDERER_REPAIR
u06-s006-v010,u06,inverse-variation,mc,optionAnalysis[3].choice,10又2/3分鐘,[[frac:10又2|3分鐘]],False,False,False,True,False,RENDERER_REPAIR
u06-s006-v011,u06,inverse-variation,mc,choices[3],83又1/3秒,[[frac:83又1|3秒]],False,False,False,True,True,RENDERER_REPAIR
u06-s006-v011,u06,inverse-variation,mc,optionAnalysis[3].choice,83又1/3秒,[[frac:83又1|3秒]],False,False,False,True,False,RENDERER_REPAIR
u06-s007-cr001,u06,inverse-variation-graph,cr,fullCreditSolution[1],若在y軸上則x=0，而12/0無定義。,若在y軸上則x=0，[[frac:而12|0無定義]]。,False,False,False,True,False,RENDERER_REPAIR
u06-s007-cr001,u06,inverse-variation-graph,cr,reasoningSteps[1],若在y軸上則x=0，而12/0無定義。,若在y軸上則x=0，[[frac:而12|0無定義]]。,False,False,False,True,False,RENDERER_REPAIR
u06-s007-cr002,u06,inverse-variation-graph,cr,prompt,"反比圖形y=k/x通過P(−6,4)。求k，判斷圖形所在象限，並找出圖上x=8的點。","反比圖形y=[[frac:k|x通過P(]]−6,4)。求k，判斷圖形所在象限，並找出圖上x=8的點。",False,False,False,True,True,RENDERER_REPAIR
u06-s007-v003,u06,inverse-variation-graph,mc,steps[1],5/0無定義,[[frac:5|0無定義]],False,False,False,True,False,RENDERER_REPAIR
u06-s007-v003,u06,inverse-variation-graph,mc,optionAnalysis[3].reason,x=0時5/x無定義，因此原點不在圖形上。,x=[[frac:0時5|x無定義]]，因此原點不在圖形上。,False,False,False,True,False,RENDERER_REPAIR
u06-s007-v009,u06,inverse-variation-graph,mc,mainExplanation,可設0<xP<xQ，取倒數後1/xP>1/xQ。,可設0<xP<xQ，[[frac:取倒數後1|xP>1]]/xQ。,False,False,False,True,False,RENDERER_REPAIR
u06-s007-v009,u06,inverse-variation-graph,mc,explanation,可設0<xP<xQ，取倒數後1/xP>1/xQ。,可設0<xP<xQ，[[frac:取倒數後1|xP>1]]/xQ。,False,False,False,True,False,RENDERER_REPAIR
u06-s007-v012,u06,inverse-variation-graph,mc,unitCheck,人/組×組=人。,[[frac:人|組]]×組=人。,False,False,False,True,False,RENDERER_REPAIR
u06-s008-v002,u06,scale-drawing,mc,independentSolution,1公里在圖上為100000/25000=4公分。,[[frac:1公里在圖上為100000|25000]]=4公分。,False,False,False,True,False,RENDERER_REPAIR
u06-s008-v008,u06,scale-drawing,mc,optionAnalysis[3].reason,比例值不等於1/60000。,[[frac:比例值不等於1|60000]]。,False,False,False,True,False,RENDERER_REPAIR
u06-s008-v009,u06,scale-drawing,mc,optionAnalysis[3].reason,把100000/25000。,[[frac:把100000|25000]]。,False,False,False,True,False,RENDERER_REPAIR
u06-s009-cr001,u06,ratio-word-problem,cr,requiredWork[0],求15/6的倍率。,[[frac:求15|6的倍率]]。,False,False,False,True,False,RENDERER_REPAIR
u06-s009-cr001,u06,ratio-word-problem,cr,fullCreditSolution[0],放大倍率15/6=5/2=2.5。,[[frac:放大倍率15|6]]=[[frac:5|2]]=2.5。,False,False,False,True,False,RENDERER_REPAIR
u06-s009-cr001,u06,ratio-word-problem,cr,reasoningSteps[0],放大倍率15/6=5/2=2.5。,[[frac:放大倍率15|6]]=[[frac:5|2]]=2.5。,False,False,False,True,False,RENDERER_REPAIR
u06-s009-cr001,u06,ratio-word-problem,cr,commonErrors[0],把15/6寫成1.5。,[[frac:把15|6寫成1.5]]。,False,False,False,True,False,RENDERER_REPAIR
u06-s009-cr002,u06,ratio-word-problem,cr,prompt,一段固定路程，甲車以80公里/時行3小時。乙車前一半路程以60公里/時，後一半以120公里/時。求乙車總時間，並判斷是否等於用平均速度90公里/時計算的時間。,一段固定路程，[[frac:甲車以80公里|時行3小時]]。[[frac:乙車前一半路程以60公里|時]]，[[frac:後一半以120公里|時]]。求乙車總時間，[[frac:並判斷是否等於用平均速度90公里|時計算的時間]]。,False,False,False,True,True,RENDERER_REPAIR
u06-s009-cr002,u06,ratio-word-problem,cr,fullCreditSolution[2],若用90公里/時會得240÷90=8/3小時，不等於3小時；相同距離兩段不能直接以速度算術平均代替。,[[frac:若用90公里|時會得240]]÷90=[[frac:8|3小時]]，不等於3小時；相同距離兩段不能直接以速度算術平均代替。,False,False,False,True,False,RENDERER_REPAIR
u06-s009-cr002,u06,ratio-word-problem,cr,alternativeSolutions[0],可由總時間3小時得到全程平均速度240÷3=80公里/時。,可由總時間3小時得到全程平均速度240÷3=[[frac:80公里|時]]。,False,False,False,True,False,RENDERER_REPAIR
u06-s009-cr002,u06,ratio-word-problem,cr,reasoningSteps[2],若用90公里/時會得240÷90=8/3小時，不等於3小時；相同距離兩段不能直接以速度算術平均代替。,[[frac:若用90公里|時會得240]]÷90=[[frac:8|3小時]]，不等於3小時；相同距離兩段不能直接以速度算術平均代替。,False,False,False,True,False,RENDERER_REPAIR
u06-s009-cr002,u06,ratio-word-problem,cr,rubric[0].criteria,乙總3小時，算出90公里/時模型為8/3小時並清楚否定。,乙總3小時，[[frac:算出90公里|時模型為8]]/3小時並清楚否定。,False,False,False,True,False,RENDERER_REPAIR
u06-s009-cr002,u06,ratio-word-problem,cr,partialCreditRules[1],3小時與8/3小時需區分。,[[frac:3小時與8|3小時需區分]]。,False,False,False,True,False,RENDERER_REPAIR
u06-s009-cr002,u06,ratio-word-problem,cr,unitNotationRules,速度公里/時、路程公里、時間小時。,[[frac:速度公里|時]]、路程公里、時間小時。,False,False,False,True,False,RENDERER_REPAIR
u06-s009-cr002,u06,ratio-word-problem,cr,independentReview.derivedResult,乙總3小時；不等於以90公里/時計算的8/3小時。,乙總3小時；[[frac:不等於以90公里|時計算的8]]/3小時。,False,False,False,True,False,RENDERER_REPAIR
u06-s009-v001,u06,ratio-word-problem,mc,optionAnalysis[2].reason,把5/3近似1.5。,[[frac:把5|3近似1.5]]。,False,False,False,True,False,RENDERER_REPAIR
u06-s009-v001,u06,ratio-word-problem,mc,unitCheck,元/公斤。,[[frac:元|公斤]]。,False,False,False,True,False,RENDERER_REPAIR
u06-s009-v003,u06,ratio-word-problem,mc,prompt,速度 72 公里/時行駛 5 小時的路程，改以 90 公里/時行駛需多久？,速度 72 [[frac:公里|時行駛]] 5 小時的路程，改以 90 [[frac:公里|時行駛需多久？]],False,False,False,True,True,RENDERER_REPAIR
u06-s009-v003,u06,ratio-word-problem,mc,text,速度 72 公里/時行駛 5 小時的路程，改以 90 公里/時行駛需多久？,速度 72 [[frac:公里|時行駛]] 5 小時的路程，改以 90 [[frac:公里|時行駛需多久？]],False,False,False,True,True,RENDERER_REPAIR
u06-s009-v003,u06,ratio-word-problem,mc,unitCheck,公里/時與小時。,[[frac:公里|時與小時]]。,False,False,False,True,False,RENDERER_REPAIR
u06-s009-v004,u06,ratio-word-problem,mc,steps[0],把3：5改寫成部分占總量的分率3/5,[[frac:把3：5改寫成部分占總量的分率3|5]],False,False,False,True,False,RENDERER_REPAIR
u06-s009-v004,u06,ratio-word-problem,mc,optionAnalysis[2].reason,總5份，原液占1/5，3÷5=0.6。,總5份，[[frac:原液占1|5]]，3÷5=0.6。,False,False,False,True,False,RENDERER_REPAIR
u06-s009-v005,u06,ratio-word-problem,mc,mainExplanation,統一單位並用實際/圖上求縮小倍數。,[[frac:統一單位並用實際|圖上求縮小倍數]]。,False,False,False,True,False,RENDERER_REPAIR
u06-s009-v005,u06,ratio-word-problem,mc,explanation,統一單位並用實際/圖上求縮小倍數。,[[frac:統一單位並用實際|圖上求縮小倍數]]。,False,False,False,True,False,RENDERER_REPAIR
u06-s009-v005,u06,ratio-word-problem,mc,optionAnalysis[1].reason,以18/7.2只得到2.5。,[[frac:以18|7.2只得到2.5]]。,False,False,False,True,False,RENDERER_REPAIR
u06-s009-v006,u06,ratio-word-problem,mc,independentSolution,14公升×14公里/公升=196公里。,14公升×[[frac:14公里|公升]]=196公里。,False,False,False,True,False,RENDERER_REPAIR
u06-s009-v006,u06,ratio-word-problem,mc,steps[0],84/6=14公里/公升,[[frac:84|6]]=[[frac:14公里|公升]],False,False,False,True,False,RENDERER_REPAIR
u06-s009-v006,u06,ratio-word-problem,mc,optionAnalysis[3].reason,把196/84乘9。,[[frac:把196|84乘9]]。,False,False,False,True,False,RENDERER_REPAIR
u06-s009-v007,u06,ratio-word-problem,mc,mainExplanation,百分率是部分/總量。,[[frac:百分率是部分|總量]]。,False,False,False,True,False,RENDERER_REPAIR
u06-s009-v007,u06,ratio-word-problem,mc,explanation,百分率是部分/總量。,[[frac:百分率是部分|總量]]。,False,False,False,True,False,RENDERER_REPAIR
u06-s009-v007,u06,ratio-word-problem,mc,optionAnalysis[1].reason,750/12錯誤。,[[frac:750|12錯誤]]。,False,False,False,True,False,RENDERER_REPAIR
u06-s009-v009,u06,ratio-word-problem,mc,steps[0],160÷8=20件/分,160÷8=[[frac:20件|分]],False,False,False,True,False,RENDERER_REPAIR
u06-s009-v009,u06,ratio-word-problem,mc,steps[2],新速25件/分,[[frac:新速25件|分]],False,False,False,True,False,RENDERER_REPAIR
u06-s009-v009,u06,ratio-word-problem,mc,optionAnalysis[2].reason,原速20件/分；前3分60件，後5分每分25件，共185件。,[[frac:原速20件|分]]；前3分60件，後5分每分25件，共185件。,False,False,False,True,False,RENDERER_REPAIR
u06-s009-v010,u06,ratio-word-problem,mc,unitCheck,元/100公克。,[[frac:元|100公克]]。,False,False,False,True,False,RENDERER_REPAIR
u06-s009-v011,u06,ratio-word-problem,mc,steps[0],6×5=30份/箱,6×5=[[frac:30份|箱]],False,False,False,True,False,RENDERER_REPAIR
u06-s009-v012,u06,ratio-word-problem,mc,independentSolution,完成量前段1/3、後段2/3。,[[frac:完成量前段1|3]]、[[frac:後段2|3]]。,False,False,False,True,False,RENDERER_REPAIR
u06-s010-cr002,u06,continued-ratio-preview,cr,fullCreditSolution[2],總67份，215÷67不是整數，為215/67每份。,總67份，215÷67不是整數，[[frac:為215|67每份]]。,False,False,False,True,False,RENDERER_REPAIR
u06-s010-cr002,u06,continued-ratio-preview,cr,reasoningSteps[2],總67份，215÷67不是整數，為215/67每份。,總67份，215÷67不是整數，[[frac:為215|67每份]]。,False,False,False,True,False,RENDERER_REPAIR
u06-s010-cr002,u06,continued-ratio-preview,cr,rubric[1].criteria,連比與每份215/67正確，但漏寫一個量或驗算。,[[frac:連比與每份215|67正確]]，但漏寫一個量或驗算。,False,False,False,True,False,RENDERER_REPAIR
u06-s010-cr002,u06,continued-ratio-preview,cr,independentReview.derivedResult,甲2580/67、乙4300/67、丙7525/67。,[[frac:甲2580|67]]、[[frac:乙4300|67]]、[[frac:丙7525|67]]。,False,False,False,True,False,RENDERER_REPAIR
u06-s010-v006,u06,continued-ratio-preview,mc,optionAnalysis[2].reason,把35乘9/5。,[[frac:把35乘9|5]]。,False,False,False,True,False,RENDERER_REPAIR
u06-s010-v010,u06,continued-ratio-preview,mc,optionAnalysis[0].reason,只用5/3。,[[frac:只用5|3]]。,False,False,False,True,False,RENDERER_REPAIR
u06-s011-cr001,u06,ratio-composite-problem,cr,alternativeSolutions[0],可先算75公尺/分=4.5公里/時，再以5.94÷4.5小時轉分鐘。,[[frac:可先算75公尺|分]]=[[frac:4.5公里|時]]，再以5.94÷4.5小時轉分鐘。,False,False,False,True,False,RENDERER_REPAIR
u06-s011-cr001,u06,ratio-composite-problem,cr,unitNotationRules,公里需換公尺後才能除以公尺/分鐘；最後單位分鐘。,[[frac:公里需換公尺後才能除以公尺|分鐘]]；最後單位分鐘。,False,False,False,True,False,RENDERER_REPAIR
u06-s011-v001,u06,ratio-composite-problem,mc,independentSolution,原價1000時最後720，比例18/25。,原價1000時最後720，[[frac:比例18|25]]。,False,False,False,True,False,RENDERER_REPAIR
u06-s011-v001,u06,ratio-composite-problem,mc,optionAnalysis[2].reason,連續倍率相乘4/5×9/10=36/50=18/25。,[[frac:連續倍率相乘4|5]]×[[frac:9|10]]=[[frac:36|50]]=[[frac:18|25]]。,False,False,False,True,False,RENDERER_REPAIR
u06-s011-v002,u06,ratio-composite-problem,mc,prompt,地圖比例尺 1:50000，圖上 6 公分；以 60 公里/時行駛，需多少分鐘？,地圖比例尺 1:50000，圖上 6 公分；以 60 [[frac:公里|時行駛]]，需多少分鐘？,False,False,False,True,True,RENDERER_REPAIR
u06-s011-v002,u06,ratio-composite-problem,mc,text,地圖比例尺 1:50000，圖上 6 公分；以 60 公里/時行駛，需多少分鐘？,地圖比例尺 1:50000，圖上 6 公分；以 60 [[frac:公里|時行駛]]，需多少分鐘？,False,False,False,True,True,RENDERER_REPAIR
u06-s011-v002,u06,ratio-composite-problem,mc,independentSolution,60公里/時等於1公里/分，3公里需3分。,[[frac:60公里|時等於1公里]]/分，3公里需3分。,False,False,False,True,False,RENDERER_REPAIR
u06-s011-v002,u06,ratio-composite-problem,mc,steps[1],3/60小時,[[frac:3|60小時]],False,False,False,True,False,RENDERER_REPAIR
u06-s011-v002,u06,ratio-composite-problem,mc,optionAnalysis[1].reason,實距3公里；時間3/60小時=0.05小時=3分鐘。,實距3公里；[[frac:時間3|60小時]]=0.05小時=3分鐘。,False,False,False,True,False,RENDERER_REPAIR
u06-s011-v005,u06,ratio-composite-problem,mc,independentSolution,5與31互質，且5/31=0.5/3.1。,5與31互質，[[frac:且5|31]]=[[frac:0.5|3.1]]。,False,False,False,True,False,RENDERER_REPAIR
u06-s011-v007,u06,ratio-composite-problem,mc,optionAnalysis[1].reason,把總工期直接按8/12。,[[frac:把總工期直接按8|12]]。,False,False,False,True,False,RENDERER_REPAIR
u06-s011-v012,u06,ratio-composite-problem,mc,independentSolution,逆推74.52/0.9=82.8。,[[frac:逆推74.52|0.9]]=82.8。,False,False,False,True,False,RENDERER_REPAIR
u06-s011-v012,u06,ratio-composite-problem,mc,optionAnalysis[2].reason,先剩138公斤；乙占3/5得82.8；再留90%得74.52。,先剩138公斤；[[frac:乙占3|5得82.8]]；再留90%得74.52。,False,False,False,True,False,RENDERER_REPAIR
u06-s012-cr001,u06,ratio-literacy,cr,rubric[0].criteria,甲17、乙16元/100克，結論乙較便宜並解釋總價分母不一致。,甲17、[[frac:乙16元|100克]]，結論乙較便宜並解釋總價分母不一致。,False,False,False,True,False,RENDERER_REPAIR
u06-s012-cr001,u06,ratio-literacy,cr,unitNotationRules,最後標示元/100公克。,[[frac:最後標示元|100公克]]。,False,False,False,True,False,RENDERER_REPAIR
u06-s012-cr001,u06,ratio-literacy,cr,independentReview.derivedResult,甲17、乙16元/100公克，乙較便宜。,甲17、[[frac:乙16元|100公克]]，乙較便宜。,False,False,False,True,False,RENDERER_REPAIR
u06-s012-cr002,u06,ratio-literacy,cr,rubric[0].criteria,甲4、乙5.5件/萬人，判乙較高並正確解釋人口分母。,甲4、[[frac:乙5.5件|萬人]]，判乙較高並正確解釋人口分母。,False,False,False,True,False,RENDERER_REPAIR
u06-s012-cr002,u06,ratio-literacy,cr,unitNotationRules,單位為件/萬人；5.5可寫11/2。,[[frac:單位為件|萬人]]；[[frac:5.5可寫11|2]]。,False,False,False,True,False,RENDERER_REPAIR
u06-s012-cr002,u06,ratio-literacy,cr,independentReview.derivedResult,甲4、乙5.5件/萬人，乙較高。,甲4、[[frac:乙5.5件|萬人]]，乙較高。,False,False,False,True,False,RENDERER_REPAIR
u06-s012-v001,u06,ratio-literacy,mc,unitCheck,元/100公克。,[[frac:元|100公克]]。,False,False,False,True,False,RENDERER_REPAIR
u06-s012-v002,u06,ratio-literacy,mc,optionAnalysis[2].reason,甲5件/萬人，乙4.5件/萬人。,[[frac:甲5件|萬人]]，[[frac:乙4.5件|萬人]]。,False,False,False,True,False,RENDERER_REPAIR
u06-s012-v002,u06,ratio-literacy,mc,unitCheck,件/萬人。,[[frac:件|萬人]]。,False,False,False,True,False,RENDERER_REPAIR
u06-s012-v004,u06,ratio-literacy,mc,optionAnalysis[3].reason,把98/50。,[[frac:把98|50]]。,False,False,False,True,False,RENDERER_REPAIR
u06-s012-v005,u06,ratio-literacy,mc,mainExplanation,比較部分/總量。,[[frac:比較部分|總量]]。,False,False,False,True,False,RENDERER_REPAIR
u06-s012-v005,u06,ratio-literacy,mc,explanation,比較部分/總量。,[[frac:比較部分|總量]]。,False,False,False,True,False,RENDERER_REPAIR
u06-s012-v007,u06,ratio-literacy,mc,unitCheck,件/萬人。,[[frac:件|萬人]]。,False,False,False,True,False,RENDERER_REPAIR
u06-s012-v008,u06,ratio-literacy,mc,choices[0],11/12倍,[[frac:11|12倍]],False,False,False,True,True,RENDERER_REPAIR
u06-s012-v008,u06,ratio-literacy,mc,choices[1],9/10倍,[[frac:9|10倍]],False,False,False,True,True,RENDERER_REPAIR
u06-s012-v008,u06,ratio-literacy,mc,choices[2],6/5倍,[[frac:6|5倍]],False,False,False,True,True,RENDERER_REPAIR
u06-s012-v008,u06,ratio-literacy,mc,choices[3],12/11倍,[[frac:12|11倍]],False,False,False,True,True,RENDERER_REPAIR
u06-s012-v008,u06,ratio-literacy,mc,steps[1],1.1÷1.2=11/12，所以甲是乙的11/12,1.1÷1.2=[[frac:11|12]]，[[frac:所以甲是乙的11|12]],False,False,False,True,False,RENDERER_REPAIR
u06-s012-v008,u06,ratio-literacy,mc,optionAnalysis[0].choice,11/12倍,[[frac:11|12倍]],False,False,False,True,False,RENDERER_REPAIR
u06-s012-v008,u06,ratio-literacy,mc,optionAnalysis[0].reason,新價1.1倍、量1.2倍，單位價倍率1.1/1.2=11/12。,新價1.1倍、量1.2倍，[[frac:單位價倍率1.1|1.2]]=[[frac:11|12]]。,False,False,False,True,False,RENDERER_REPAIR
u06-s012-v008,u06,ratio-literacy,mc,optionAnalysis[1].choice,9/10倍,[[frac:9|10倍]],False,False,False,True,False,RENDERER_REPAIR
u06-s012-v008,u06,ratio-literacy,mc,optionAnalysis[2].choice,6/5倍,[[frac:6|5倍]],False,False,False,True,False,RENDERER_REPAIR
u06-s012-v008,u06,ratio-literacy,mc,optionAnalysis[3].choice,12/11倍,[[frac:12|11倍]],False,False,False,True,False,RENDERER_REPAIR
u06-s012-v009,u06,ratio-literacy,mc,optionAnalysis[0].reason,把1.2/6。,[[frac:把1.2|6]]。,False,False,False,True,False,RENDERER_REPAIR
u06-s012-v009,u06,ratio-literacy,mc,optionAnalysis[3].reason,把導航/直線直接寫130%當增加率。,[[frac:把導航|直線直接寫130%當增加率]]。,False,False,False,True,False,RENDERER_REPAIR
u06-s012-v010,u06,ratio-literacy,mc,mainExplanation,可以用每份，也可算整包36/150。,可以用每份，[[frac:也可算整包36|150]]。,False,False,False,True,False,RENDERER_REPAIR
u06-s012-v010,u06,ratio-literacy,mc,explanation,可以用每份，也可算整包36/150。,可以用每份，[[frac:也可算整包36|150]]。,False,False,False,True,False,RENDERER_REPAIR
u06-s012-v010,u06,ratio-literacy,mc,steps[1],或36/150=0.24,[[frac:或36|150]]=0.24,False,False,False,True,False,RENDERER_REPAIR
u06-s012-v010,u06,ratio-literacy,mc,optionAnalysis[0].reason,每份比例7.2/30=24%；整包同步乘5，比率不變。,[[frac:每份比例7.2|30]]=24%；整包同步乘5，比率不變。,False,False,False,True,False,RENDERER_REPAIR
u06-s012-v010,u06,ratio-literacy,mc,optionAnalysis[1].reason,把7.2/150。,[[frac:把7.2|150]]。,False,False,False,True,False,RENDERER_REPAIR
u06-s012-v011,u06,ratio-literacy,mc,optionAnalysis[2].reason,46/總數=0.92，總數=46/0.92=50。,[[frac:46|總數]]=0.92，總數=[[frac:46|0.92]]=50。,False,False,False,True,False,RENDERER_REPAIR
u07-s002-v008,u07,inequality-solve-basic,mc,text,解不等式 (x+3)/2≥5，答案為何？,解不等式 [[frac:x+3|2≥5，答案為何？]],False,False,False,True,True,RENDERER_REPAIR
u08-s009-v011,u08,perimeter-area-basic,mc,unitCheck,48 平方公尺×4 片/平方公尺=192 片。,48 平方公尺×4 [[frac:片|平方公尺]]=192 片。,False,False,False,True,False,RENDERER_REPAIR
u08-s009-v012,u08,perimeter-area-basic,mc,unitCheck,平方公尺乘公斤/平方公尺得到公斤。,[[frac:平方公尺乘公斤|平方公尺得到公斤]]。,False,False,False,True,False,RENDERER_REPAIR
u08-s011-v012,u08,unit-conversion-geometry,mc,unitCheck,"400 m/圈×7.5 圈=3,000 m=3 km。","400 [[frac:m|圈]]×7.5 圈=3,000 m=3 km。",False,False,False,True,False,RENDERER_REPAIR
u08-s013-cr002,u08,orthographic-description,cr,followThroughPolicy,若配置矩陣抄位但總數與共享/上限方法正確，最高2分。,[[frac:若配置矩陣抄位但總數與共享|上限方法正確]]，最高2分。,False,False,False,True,False,RENDERER_REPAIR
u09-s002-cr001,u09,frequency-table,cr,standardSolution[0],未滿20：6/30=20%；20至未滿40：9/30=30%；40至未滿60：10/30=33又1/3%；60以上：5/30=16又2/3%。,[[frac:未滿20：6|30]]=20%；[[frac:20至未滿40：9|30]]=30%；[[frac:40至未滿60：10|30]]=[[frac:33又1|3%]]；[[frac:60以上：5|30]]=[[frac:16又2|3%]]。,False,False,False,True,False,RENDERER_REPAIR
u09-s002-cr001,u09,frequency-table,cr,alternativeMethod,可先將次數約分成1/5、3/10、1/3、1/6，再換成百分比。,[[frac:可先將次數約分成1|5]]、[[frac:3|10]]、[[frac:1|3]]、[[frac:1|6]]，再換成百分比。,False,False,False,True,False,RENDERER_REPAIR
u09-s002-cr001,u09,frequency-table,cr,independentReview.independentDerivation,6、9、10、5總和30；各占20%、30%、1/3、1/6，後兩組15/30=50%。,6、9、10、5總和30；各占20%、30%、[[frac:1|3]]、[[frac:1|6]]，[[frac:後兩組15|30]]=50%。,False,False,False,True,False,RENDERER_REPAIR
u09-s002-cr002,u09,frequency-table,cr,alternativeMethod,可保留精確分數5/19、6/19、6/19、2/19，總和19/19=1。,[[frac:可保留精確分數5|19]]、[[frac:6|19]]、[[frac:6|19]]、[[frac:2|19]]，[[frac:總和19|19]]=1。,False,False,False,True,False,RENDERER_REPAIR
u09-s002-cr002,u09,frequency-table,cr,independentReview.independentDerivation,刪除4份後次數20+24+24+8=76；分數依序5/19、6/19、6/19、2/19。,刪除4份後次數20+24+24+8=76；[[frac:分數依序5|19]]、[[frac:6|19]]、[[frac:6|19]]、[[frac:2|19]]。,False,False,False,True,False,RENDERER_REPAIR
u09-s003-cr002,u09,bar-chart-text,cr,standardSolution[2],乙校達標率與甲校的比為58/54≈1.074，不是2倍。可見柱高分別為4與8（相對50基線），才會呈現2倍。,[[frac:乙校達標率與甲校的比為58|54≈1.074]]，不是2倍。可見柱高分別為4與8（相對50基線），才會呈現2倍。,False,False,False,True,False,RENDERER_REPAIR
u09-s003-cr002,u09,bar-chart-text,cr,partialCreditRules[0],7.41%、7.4%均可；若寫58/54≈107.4%，需說明這是乙為甲的107.4%，而非增加107.4%。,7.41%、7.4%均可；[[frac:若寫58|54≈107.4%]]，需說明這是乙為甲的107.4%，而非增加107.4%。,False,False,False,True,False,RENDERER_REPAIR
u09-s005-cr001,u09,pie-chart-percent,cr,alternativeMethod,可先求1%=4.8人，再乘25與15；角度也可用35/100×360。,可先求1%=4.8人，再乘25與15；[[frac:角度也可用35|100]]×360。,False,False,False,True,False,RENDERER_REPAIR
u09-s005-cr002,u09,pie-chart-percent,cr,standardSolution[2],A原占144/360=40%，A人數=120×40%=48人。,[[frac:A原占144|360]]=40%，A人數=120×40%=48人。,False,False,False,True,False,RENDERER_REPAIR
u09-s005-cr002,u09,pie-chart-percent,cr,alternativeMethod,A新角度也可用人數比例48:150直接算48/150×360=115.2°。,[[frac:A新角度也可用人數比例48:150直接算48|150]]×360=115.2°。,False,False,False,True,False,RENDERER_REPAIR
u09-s006-cr001,u09,histogram-read,cr,standardSolution[1],未滿20分鐘者=5+12=17人，占17/40=42.5%。,未滿20分鐘者=5+12=17人，[[frac:占17|40]]=42.5%。,False,False,False,True,False,RENDERER_REPAIR
u09-s006-cr001,u09,histogram-read,cr,partialCreditRules[0],17/40可保留分數；只寫17人而無比例，該部分一半。,[[frac:17|40可保留分數]]；只寫17人而無比例，該部分一半。,False,False,False,True,False,RENDERER_REPAIR
u09-s006-cr001,u09,histogram-read,cr,independentReview.independentDerivation,最高15在20至未滿30；未滿20為17/40；20由左含右不含進第三組。,最高15在20至未滿30；[[frac:未滿20為17|40]]；20由左含右不含進第三組。,False,False,False,True,False,RENDERER_REPAIR
u09-s007-cr001,u09,cumulative-frequency,cr,standardSolution[4],未滿70分占17/30=56又2/3%（約56.7%）。,[[frac:未滿70分占17|30]]=[[frac:56又2|3%（約56.7%）]]。,False,False,False,True,False,RENDERER_REPAIR
u09-s007-cr001,u09,cumulative-frequency,cr,rubric[0].criteria,四區間5、9、9、4及未滿70比例17/30全部正確。,四區間5、9、9、[[frac:4及未滿70比例17|30全部正確]]。,False,False,False,True,False,RENDERER_REPAIR
u09-s007-cr001,u09,cumulative-frequency,cr,partialCreditRules[0],56.7%須視為近似；17/30為精確答案。,56.7%須視為近似；[[frac:17|30為精確答案]]。,False,False,False,True,False,RENDERER_REPAIR
u09-s007-cr001,u09,cumulative-frequency,cr,answerOnlyPolicy,只列5、9、9、4、17/30全對，最高2分。,只列5、9、9、4、[[frac:17|30全對]]，最高2分。,False,False,False,True,False,RENDERER_REPAIR
u09-s007-cr001,u09,cumulative-frequency,cr,independentReview.independentDerivation,相鄰差5、9、9、4；最後總30，未滿70為17，比例17/30。,相鄰差5、9、9、4；最後總30，未滿70為17，[[frac:比例17|30]]。,False,False,False,True,False,RENDERER_REPAIR
u09-s008-cr001,u09,contingency-table,cr,standardSolution[2],搭校車者參加比例=18/30=60%；不搭校車者=14/30=46又2/3%。,搭校車者參加比例=[[frac:18|30]]=60%；不搭校車者=[[frac:14|30]]=[[frac:46又2|3%]]。,False,False,False,True,False,RENDERER_REPAIR
u09-s008-cr001,u09,contingency-table,cr,standardSolution[3],樣本中搭校車者參加社團比例較高，差13又1/3個百分點。,樣本中搭校車者參加社團比例較高，[[frac:差13又1|3個百分點]]。,False,False,False,True,False,RENDERER_REPAIR
u09-s008-cr001,u09,contingency-table,cr,alternativeMethod,可將兩群比例約分為3/5與7/15，再比較9/15>7/15。,[[frac:可將兩群比例約分為3|5與7]]/15，[[frac:再比較9|15>7]]/15。,False,False,False,True,False,RENDERER_REPAIR
u09-s010-v007,u09,median-basic,mc,independentSolution.work,重新排序 8 筆後，中位數=(第4值+第5值)/2。,重新排序 8 筆後，中位數=[[frac:第4值+第5值|2]]。,False,False,False,True,False,RENDERER_REPAIR
u09-s013-v006,u09,mean-from-table,mc,optionAnalysis[0].reason,正確平均 210/10=21；錯誤平均 190/9=21又1/9，高 1/9。,正確平均 [[frac:210|10]]=21；錯誤平均 [[frac:190|9]]=[[frac:21又1|9]]，高 [[frac:1|9]]。,False,False,False,True,False,RENDERER_REPAIR
u09-s015-cr001,u09,misleading-statistics-basic,cr,alternativeMethod,可用人數想像：每100人由32人變40人，多8人；多出的8相對原32為1/4。,可用人數想像：每100人由32人變40人，多8人；[[frac:多出的8相對原32為1|4]]。,False,False,False,True,False,RENDERER_REPAIR
u09-s015-cr001,u09,misleading-statistics-basic,cr,rubric[2].criteria,至少知道40-32是8個百分點，或能算8/32=25%。,至少知道40-32是8個百分點，[[frac:或能算8|32]]=25%。,False,False,False,True,False,RENDERER_REPAIR
u09-s015-cr001,u09,misleading-statistics-basic,cr,partialCreditRules[1],將8/32寫0.25可接受。,[[frac:將8|32寫0.25可接受]]。,False,False,False,True,False,RENDERER_REPAIR
u09-s015-cr002,u09,misleading-statistics-basic,cr,alternativeMethod,直接算1020/1000=1.02即可否定2倍，再分析截斷基線。,[[frac:直接算1020|1000]]=1.02即可否定2倍，再分析截斷基線。,False,False,False,True,False,RENDERER_REPAIR
u09-s015-cr002,u09,misleading-statistics-basic,cr,rubric[2].criteria,能指出1020/1000=1.02或實際只增加20件。,[[frac:能指出1020|1000]]=1.02或實際只增加20件。,False,False,False,True,False,RENDERER_REPAIR
u09-s015-cr002,u09,misleading-statistics-basic,cr,independentReview.independentDerivation,1020/1000=1.02，差20，增幅2%；截斷高度40/20=2造成錯覺。,[[frac:1020|1000]]=1.02，差20，增幅2%；[[frac:截斷高度40|20]]=2造成錯覺。,False,False,False,True,False,RENDERER_REPAIR
u09-s016-cr002,u09,statistics-literacy-context,cr,unitAndNotationRules,飲料量以杯/人/週；研究比較需保持相同期間。,[[frac:飲料量以杯|人]]/週；研究比較需保持相同期間。,False,False,False,True,False,RENDERER_REPAIR
u09-s016-v002,u09,statistics-literacy-context,mc,independentSolution.work,平均定義直接支持總分/人數=68。,[[frac:平均定義直接支持總分|人數]]=68。,False,False,False,True,False,RENDERER_REPAIR
u09-s016-v011,u09,statistics-literacy-context,mc,optionAnalysis[2].reason,甲 120/20萬×10萬=60；乙=90。,甲 [[frac:120|20萬]]×10萬=60；乙=90。,False,False,False,True,False,RENDERER_REPAIR
u10-s001-cr001,u10,polynomial-terms,cr,rubric[1].criteria,只錯或漏一個符號/指定值。,[[frac:只錯或漏一個符號|指定值]]。,False,False,False,True,False,RENDERER_REPAIR
u10-s001-cr002,u10,polynomial-terms,cr,rubric[0].criteria,完整指出負指數/分母限制並正確比較兩式。,[[frac:完整指出負指數|分母限制並正確比較兩式]]。,False,False,False,True,False,RENDERER_REPAIR
u10-s001-v010,u10,polynomial-terms,mc,unitCheck,5 的單位是元/公里；85 的單位是元。,5 [[frac:的單位是元|公里]]；85 的單位是元。,False,False,False,True,False,RENDERER_REPAIR
u10-s002-v010,u10,polynomial-evaluation,mc,unitCheck,T 的單位為 °C；-2 的單位為 °C/小時。,T 的單位為 °C；-2 的單位為 [[frac:°C|小時]]。,False,False,False,True,False,RENDERER_REPAIR
u10-s005-cr002,u10,polynomial-add-subtract,cr,rubric[2].criteria,知道需用 A 與已知差運算但方向/符號不完整。,知道需用 A [[frac:與已知差運算但方向|符號不完整]]。,False,False,False,True,False,RENDERER_REPAIR
u10-s006-cr001,u10,monomial-multiply,cr,rubric[0].criteria,結果與係數/指數說明全對。,[[frac:結果與係數|指數說明全對]]。,False,False,False,True,False,RENDERER_REPAIR
u10-s006-v011,u10,monomial-multiply,mc,unitCheck,件數為無量綱計數，乘公克/件得到公克。,件數為無量綱計數，[[frac:乘公克|件得到公克]]。,False,False,False,True,False,RENDERER_REPAIR
u10-s007-cr001,u10,monomial-polynomial-distribute,cr,rubric[1].criteria,只一項符號/係數錯。,[[frac:只一項符號|係數錯]]。,False,False,False,True,False,RENDERER_REPAIR
u10-s007-v011,u10,monomial-polynomial-distribute,mc,unitCheck,x 元/張乘張數得元；30x 亦為元。,x [[frac:元|張乘張數得元]]；30x 亦為元。,False,False,False,True,False,RENDERER_REPAIR
u10-s007-v012,u10,monomial-polynomial-distribute,mc,unitCheck,座位/排乘排數得到座位。,[[frac:座位|排乘排數得到座位]]。,False,False,False,True,False,RENDERER_REPAIR
u10-s008-v011,u10,binomial-multiply-basic,mc,unitCheck,元/件乘件數得到元。,[[frac:元|件乘件數得到元]]。,False,False,False,True,False,RENDERER_REPAIR
u10-s011-cr001,u10,difference-of-squares-expand,cr,rubric[3].criteria,誤用和/差平方且無修正。,[[frac:誤用和|差平方且無修正]]。,False,False,False,True,False,RENDERER_REPAIR
u10-s012-cr001,u10,formula-mixed-recognition,cr,rubric[1].criteria,方法正確但單一符號/算術錯。,[[frac:方法正確但單一符號|算術錯]]。,False,False,False,True,False,RENDERER_REPAIR
u10-s013-v001,u10,polynomial-literacy-context,mc,unitCheck,12 為元/枝，12x 與 30 都是元。,12 [[frac:為元|枝]]，12x 與 30 都是元。,False,False,False,True,False,RENDERER_REPAIR
u10-s013-v003,u10,polynomial-literacy-context,mc,unitCheck,15 為件/天，15d 為件。,15 [[frac:為件|天]]，15d 為件。,False,False,False,True,False,RENDERER_REPAIR
u10-s013-v009,u10,polynomial-literacy-context,mc,unitCheck,元/件乘件數得到元。,[[frac:元|件乘件數得到元]]。,False,False,False,True,False,RENDERER_REPAIR
u10-s013-v010,u10,polynomial-literacy-context,mc,unitCheck,25 為元/小時，25(t-2) 與 60 均為元。,25 [[frac:為元|小時]]，25(t-2) 與 60 均為元。,False,False,False,True,False,RENDERER_REPAIR
u11-s007-cr001,u11,sqrt-rationalize-simple,cr,fullCreditSolution[0],原式乘√3/√3。,[[frac:原式乘√3|√3]]。,False,False,False,True,False,RENDERER_REPAIR
u11-s007-cr001,u11,sqrt-rationalize-simple,cr,fullCreditSolution[1],得到12√3/(5×3)=12√3/15。,[[frac:得到12√3|(5]]×3)=[[frac:12√3|15]]。,False,False,False,True,False,RENDERER_REPAIR
u11-s007-cr001,u11,sqrt-rationalize-simple,cr,fullCreditSolution[2],約分為4√3/5。,[[frac:約分為4√3|5]]。,False,False,False,True,False,RENDERER_REPAIR
u11-s007-cr001,u11,sqrt-rationalize-simple,cr,alternativeMethod,先把12/15約成4/5後理解為(4/5)√3。,[[frac:先把12|15約成4]]/[[frac:5後理解為(4|5)√3]]。,False,False,False,True,False,RENDERER_REPAIR
u11-s007-cr001,u11,sqrt-rationalize-simple,cr,reasoningSteps[0],原式乘√3/√3。,[[frac:原式乘√3|√3]]。,False,False,False,True,False,RENDERER_REPAIR
u11-s007-cr001,u11,sqrt-rationalize-simple,cr,reasoningSteps[1],得到12√3/(5×3)=12√3/15。,[[frac:得到12√3|(5]]×3)=[[frac:12√3|15]]。,False,False,False,True,False,RENDERER_REPAIR
u11-s007-cr001,u11,sqrt-rationalize-simple,cr,reasoningSteps[2],約分為4√3/5。,[[frac:約分為4√3|5]]。,False,False,False,True,False,RENDERER_REPAIR
u11-s007-cr001,u11,sqrt-rationalize-simple,cr,rubric[0].criteria,完整達成三項：同乘正確；分母成15；約成4√3/5，結論與單位正確。,完整達成三項：同乘正確；分母成15；[[frac:約成4√3|5]]，結論與單位正確。,False,False,False,True,False,RENDERER_REPAIR
u11-s007-cr001,u11,sqrt-rationalize-simple,cr,rubric[1].criteria,核心方法正確，且至少達成其中兩項：同乘正確；分母成15；約成4√3/5。可有一處非核心算術或格式失誤。,核心方法正確，且至少達成其中兩項：同乘正確；分母成15；[[frac:約成4√3|5]]。可有一處非核心算術或格式失誤。,False,False,False,True,False,RENDERER_REPAIR
u11-s007-cr001,u11,sqrt-rationalize-simple,cr,commonErrors[1],停在12√3/15,[[frac:停在12√3|15]],False,False,False,True,False,RENDERER_REPAIR
u11-s007-cr001,u11,sqrt-rationalize-simple,cr,independentReview.recomputation,原式乘√3/√3。；得到12√3/(5×3)=12√3/15。；約分為4√3/5。,[[frac:原式乘√3|√3]]。；[[frac:得到12√3|(5]]×3)=[[frac:12√3|15]]。；[[frac:約分為4√3|5]]。,False,False,False,True,False,RENDERER_REPAIR
u11-s007-cr001,u11,sqrt-rationalize-simple,cr,independentReview.ambiguity,所求、條件與答案形式均由題幹限定；以「約成4√3/5」完成唯一結論。,所求、條件與答案形式均由題幹限定；[[frac:以「約成4√3|5」完成唯一結論]]。,False,False,False,True,False,RENDERER_REPAIR
u11-s007-cr002,u11,sqrt-rationalize-simple,cr,fullCreditSolution[0],√8=2√2，所以2/√8=1/√2=√2/2。,√8=2√2，[[frac:所以2|√8]]=[[frac:1|√2]]=[[frac:√2|2]]。,False,False,False,True,False,RENDERER_REPAIR
u11-s007-cr002,u11,sqrt-rationalize-simple,cr,fullCreditSolution[1],√18=3√2，所以3/√18=1/√2=√2/2。,√18=3√2，[[frac:所以3|√18]]=[[frac:1|√2]]=[[frac:√2|2]]。,False,False,False,True,False,RENDERER_REPAIR
u11-s007-cr002,u11,sqrt-rationalize-simple,cr,alternativeMethod,先觀察兩項都等於1/√2，合併成2/√2，再化簡為√2。,[[frac:先觀察兩項都等於1|√2]]，[[frac:合併成2|√2]]，再化簡為√2。,False,False,False,True,False,RENDERER_REPAIR
u11-s007-cr002,u11,sqrt-rationalize-simple,cr,reasoningSteps[0],√8=2√2，所以2/√8=1/√2=√2/2。,√8=2√2，[[frac:所以2|√8]]=[[frac:1|√2]]=[[frac:√2|2]]。,False,False,False,True,False,RENDERER_REPAIR
u11-s007-cr002,u11,sqrt-rationalize-simple,cr,reasoningSteps[1],√18=3√2，所以3/√18=1/√2=√2/2。,√18=3√2，[[frac:所以3|√18]]=[[frac:1|√2]]=[[frac:√2|2]]。,False,False,False,True,False,RENDERER_REPAIR
u11-s007-cr002,u11,sqrt-rationalize-simple,cr,rubric[0].criteria,完整達成三項：辨認兩項皆1/√2；正確有理化；合併為√2，結論與單位正確。,[[frac:完整達成三項：辨認兩項皆1|√2]]；正確有理化；合併為√2，結論與單位正確。,False,False,False,True,False,RENDERER_REPAIR
u11-s007-cr002,u11,sqrt-rationalize-simple,cr,rubric[1].criteria,核心方法正確，且至少達成其中兩項：辨認兩項皆1/√2；正確有理化；合併為√2。可有一處非核心算術或格式失誤。,核心方法正確，[[frac:且至少達成其中兩項：辨認兩項皆1|√2]]；正確有理化；合併為√2。可有一處非核心算術或格式失誤。,False,False,False,True,False,RENDERER_REPAIR
u11-s007-cr002,u11,sqrt-rationalize-simple,cr,rubric[2].criteria,能辨認部分關係，例如「辨認兩項皆1/√2」，但後續平方、開根、判定或結論未完成；僅抄題不給分。,能辨認部分關係，[[frac:例如「辨認兩項皆1|√2」]]，但後續平方、開根、判定或結論未完成；僅抄題不給分。,False,False,False,True,False,RENDERER_REPAIR
u11-s007-cr002,u11,sqrt-rationalize-simple,cr,rubric[3].criteria,未使用與本題相關的核心關係，或答案與推理矛盾；只寫錯誤結果且無可辨識的「辨認兩項皆1/√2」證據。,未使用與本題相關的核心關係，或答案與推理矛盾；[[frac:只寫錯誤結果且無可辨識的「辨認兩項皆1|√2」證據]]。,False,False,False,True,False,RENDERER_REPAIR
u11-s007-cr002,u11,sqrt-rationalize-simple,cr,partialCreditRules[0],正確完成「辨認兩項皆1/√2」但後續失誤，可依證據給1分。,[[frac:正確完成「辨認兩項皆1|√2」但後續失誤]]，可依證據給1分。,False,False,False,True,False,RENDERER_REPAIR
u11-s007-cr002,u11,sqrt-rationalize-simple,cr,partialCreditRules[1],若完成「辨認兩項皆1/√2」與「正確有理化」且僅末步格式錯，可給2分。,[[frac:若完成「辨認兩項皆1|√2」與「正確有理化」且僅末步格式錯]]，可給2分。,False,False,False,True,False,RENDERER_REPAIR
u11-s007-cr002,u11,sqrt-rationalize-simple,cr,independentReview.recomputation,√8=2√2，所以2/√8=1/√2=√2/2。；√18=3√2，所以3/√18=1/√2=√2/2。；A=√2。,√8=2√2，[[frac:所以2|√8]]=[[frac:1|√2]]=[[frac:√2|2]]。；√18=3√2，[[frac:所以3|√18]]=[[frac:1|√2]]=[[frac:√2|2]]。；A=√2。,False,False,False,True,False,RENDERER_REPAIR
u11-s007-v001,u11,sqrt-rationalize-simple,mc,independentSolution,不參照選項，從題幹條件重新計算：乘以√2/√2等於1，分母變成2。 詳算檢查：分子分母同乘√2，得 √2/(√2×√2)=√2/2。 因此結果為「√2/2」。,不參照選項，[[frac:從題幹條件重新計算：乘以√2|√2等於1]]，分母變成2。 詳算檢查：分子分母同乘√2，得 [[frac:√2|(√2]]×√2)=[[frac:√2|2]]。 [[frac:因此結果為「√2|2」]]。,False,False,False,True,False,RENDERER_REPAIR
u11-s007-v001,u11,sqrt-rationalize-simple,mc,steps[1],獨立推導：不參照選項，從題幹條件重新計算：乘以√2/√2等於1，分母變成2。 詳算檢查：分子分母同乘√2，得 √2/(√2×√2)=√2/2。 因此結果為「√2/2」。,獨立推導：不參照選項，[[frac:從題幹條件重新計算：乘以√2|√2等於1]]，分母變成2。 詳算檢查：分子分母同乘√2，得 [[frac:√2|(√2]]×√2)=[[frac:√2|2]]。 [[frac:因此結果為「√2|2」]]。,False,False,False,True,False,RENDERER_REPAIR
u11-s007-v001,u11,sqrt-rationalize-simple,mc,steps[2],核對目標：答案「√2/2」確實回應「把分母化為有理數。」。,[[frac:核對目標：答案「√2|2」確實回應「把分母化為有理數]]。」。,False,False,False,True,False,RENDERER_REPAIR
u11-s007-v002,u11,sqrt-rationalize-simple,mc,independentSolution,不參照選項，從題幹條件重新計算：檢查乘數必須等於1，且分母√5再乘√5形成5。 詳算檢查：分子分母同乘相同的非零數，√5/√5=1，因此不改變原值並使分母成5。 因此結果為「√5/√5」。,不參照選項，從題幹條件重新計算：檢查乘數必須等於1，且分母√5再乘√5形成5。 詳算檢查：分子分母同乘相同的非零數，[[frac:√5|√5]]=1，因此不改變原值並使分母成5。 [[frac:因此結果為「√5|√5」]]。,False,False,False,True,False,RENDERER_REPAIR
u11-s007-v002,u11,sqrt-rationalize-simple,mc,steps[1],獨立推導：不參照選項，從題幹條件重新計算：檢查乘數必須等於1，且分母√5再乘√5形成5。 詳算檢查：分子分母同乘相同的非零數，√5/√5=1，因此不改變原值並使分母成5。 因此結果為「√5/√5」。,獨立推導：不參照選項，從題幹條件重新計算：檢查乘數必須等於1，且分母√5再乘√5形成5。 詳算檢查：分子分母同乘相同的非零數，[[frac:√5|√5]]=1，因此不改變原值並使分母成5。 [[frac:因此結果為「√5|√5」]]。,False,False,False,True,False,RENDERER_REPAIR
u11-s007-v002,u11,sqrt-rationalize-simple,mc,steps[2],核對目標：答案「√5/√5」確實回應「選出合法的等值乘數。」。,[[frac:核對目標：答案「√5|√5」確實回應「選出合法的等值乘數]]。」。,False,False,False,True,False,RENDERER_REPAIR
u11-s007-v003,u11,sqrt-rationalize-simple,mc,independentSolution,不參照選項，從題幹條件重新計算：比較兩式平方或小數值也會發現2/√3不等於2/3。 詳算檢查：等值分數必須分子分母同乘同一非零數；正確結果是2√3/3。 因此結果為「只改了分母，沒有讓分子同步乘以 √3」。,不參照選項，[[frac:從題幹條件重新計算：比較兩式平方或小數值也會發現2|√3不等於2]]/3。 詳算檢查：等值分數必須分子分母同乘同一非零數；[[frac:正確結果是2√3|3]]。 因此結果為「只改了分母，沒有讓分子同步乘以 √3」。,False,False,False,True,False,RENDERER_REPAIR
u11-s007-v003,u11,sqrt-rationalize-simple,mc,explanation,等值分數必須分子分母同乘同一非零數；正確結果是2√3/3。,等值分數必須分子分母同乘同一非零數；[[frac:正確結果是2√3|3]]。,False,False,False,True,False,RENDERER_REPAIR
u11-s007-v003,u11,sqrt-rationalize-simple,mc,steps[1],獨立推導：不參照選項，從題幹條件重新計算：比較兩式平方或小數值也會發現2/√3不等於2/3。 詳算檢查：等值分數必須分子分母同乘同一非零數；正確結果是2√3/3。 因此結果為「只改了分母，沒有讓分子同步乘以 √3」。,獨立推導：不參照選項，[[frac:從題幹條件重新計算：比較兩式平方或小數值也會發現2|√3不等於2]]/3。 詳算檢查：等值分數必須分子分母同乘同一非零數；[[frac:正確結果是2√3|3]]。 因此結果為「只改了分母，沒有讓分子同步乘以 √3」。,False,False,False,True,False,RENDERER_REPAIR
u11-s007-v003,u11,sqrt-rationalize-simple,mc,optionAnalysis[0].reason,此選項符合目標「診斷錯誤並指出等值原則。」；等值分數必須分子分母同乘同一非零數；正確結果是2√3/3。,此選項符合目標「診斷錯誤並指出等值原則。」；等值分數必須分子分母同乘同一非零數；[[frac:正確結果是2√3|3]]。,False,False,False,True,False,RENDERER_REPAIR
u11-s007-v004,u11,sqrt-rationalize-simple,mc,independentSolution,不參照選項，從題幹條件重新計算：先約成√(3/6)=1/√2，再同乘√2。 詳算檢查：√3/√6=1/√2，再有理化為√2/2。 因此結果為「√2/2」。,不參照選項，[[frac:從題幹條件重新計算：先約成√(3|6)]]=[[frac:1|√2]]，再同乘√2。 [[frac:詳算檢查：√3|√6]]=[[frac:1|√2]]，[[frac:再有理化為√2|2]]。 [[frac:因此結果為「√2|2」]]。,False,False,False,True,False,RENDERER_REPAIR
u11-s007-v004,u11,sqrt-rationalize-simple,mc,explanation,√3/√6=1/√2，再有理化為√2/2。,[[frac:√3|√6]]=[[frac:1|√2]]，[[frac:再有理化為√2|2]]。,False,False,False,True,False,RENDERER_REPAIR
u11-s007-v004,u11,sqrt-rationalize-simple,mc,steps[1],獨立推導：不參照選項，從題幹條件重新計算：先約成√(3/6)=1/√2，再同乘√2。 詳算檢查：√3/√6=1/√2，再有理化為√2/2。 因此結果為「√2/2」。,獨立推導：不參照選項，[[frac:從題幹條件重新計算：先約成√(3|6)]]=[[frac:1|√2]]，再同乘√2。 [[frac:詳算檢查：√3|√6]]=[[frac:1|√2]]，[[frac:再有理化為√2|2]]。 [[frac:因此結果為「√2|2」]]。,False,False,False,True,False,RENDERER_REPAIR
u11-s007-v004,u11,sqrt-rationalize-simple,mc,steps[2],核對目標：答案「√2/2」確實回應「同時化簡與有理化。」。,[[frac:核對目標：答案「√2|2」確實回應「同時化簡與有理化]]。」。,False,False,False,True,False,RENDERER_REPAIR
u11-s007-v004,u11,sqrt-rationalize-simple,mc,optionAnalysis[1].reason,此選項符合目標「同時化簡與有理化。」；√3/√6=1/√2，再有理化為√2/2。,此選項符合目標「同時化簡與有理化。」；[[frac:√3|√6]]=[[frac:1|√2]]，[[frac:再有理化為√2|2]]。,False,False,False,True,False,RENDERER_REPAIR
u11-s007-v005,u11,sqrt-rationalize-simple,mc,independentSolution,不參照選項，從題幹條件重新計算：(5/(2√3))(√3/√3)=5√3/6。 詳算檢查：同乘√3後分母2×3=6，分子5√3。 因此結果為「5√3/6」。,不參照選項，[[frac:從題幹條件重新計算：(5|(2√3))(√3]]/√3)=[[frac:5√3|6]]。 詳算檢查：同乘√3後分母2×3=6，分子5√3。 [[frac:因此結果為「5√3|6」]]。,False,False,False,True,False,RENDERER_REPAIR
u11-s007-v005,u11,sqrt-rationalize-simple,mc,steps[1],獨立推導：不參照選項，從題幹條件重新計算：(5/(2√3))(√3/√3)=5√3/6。 詳算檢查：同乘√3後分母2×3=6，分子5√3。 因此結果為「5√3/6」。,獨立推導：不參照選項，[[frac:從題幹條件重新計算：(5|(2√3))(√3]]/√3)=[[frac:5√3|6]]。 詳算檢查：同乘√3後分母2×3=6，分子5√3。 [[frac:因此結果為「5√3|6」]]。,False,False,False,True,False,RENDERER_REPAIR
u11-s007-v005,u11,sqrt-rationalize-simple,mc,steps[2],核對目標：答案「5√3/6」確實回應「處理含係數的根式分母。」。,[[frac:核對目標：答案「5√3|6」確實回應「處理含係數的根式分母]]。」。,False,False,False,True,False,RENDERER_REPAIR
u11-s007-v007,u11,sqrt-rationalize-simple,mc,independentSolution,不參照選項，從題幹條件重新計算：有理化後再約分，不能停在7√7/21。 詳算檢查：同乘√7得7√7/(3×7)，約去7後為√7/3。 因此結果為「√7/3」。,不參照選項，從題幹條件重新計算：有理化後再約分，[[frac:不能停在7√7|21]]。 [[frac:詳算檢查：同乘√7得7√7|(3]]×7)，[[frac:約去7後為√7|3]]。 [[frac:因此結果為「√7|3」]]。,False,False,False,True,False,RENDERER_REPAIR
u11-s007-v007,u11,sqrt-rationalize-simple,mc,explanation,同乘√7得7√7/(3×7)，約去7後為√7/3。,[[frac:同乘√7得7√7|(3]]×7)，[[frac:約去7後為√7|3]]。,False,False,False,True,False,RENDERER_REPAIR
u11-s007-v007,u11,sqrt-rationalize-simple,mc,steps[1],獨立推導：不參照選項，從題幹條件重新計算：有理化後再約分，不能停在7√7/21。 詳算檢查：同乘√7得7√7/(3×7)，約去7後為√7/3。 因此結果為「√7/3」。,獨立推導：不參照選項，從題幹條件重新計算：有理化後再約分，[[frac:不能停在7√7|21]]。 [[frac:詳算檢查：同乘√7得7√7|(3]]×7)，[[frac:約去7後為√7|3]]。 [[frac:因此結果為「√7|3」]]。,False,False,False,True,False,RENDERER_REPAIR
u11-s007-v007,u11,sqrt-rationalize-simple,mc,steps[2],核對目標：答案「√7/3」確實回應「有理化並進一步約分。」。,[[frac:核對目標：答案「√7|3」確實回應「有理化並進一步約分]]。」。,False,False,False,True,False,RENDERER_REPAIR
u11-s007-v007,u11,sqrt-rationalize-simple,mc,optionAnalysis[1].reason,此選項符合目標「有理化並進一步約分。」；同乘√7得7√7/(3×7)，約去7後為√7/3。,此選項符合目標「有理化並進一步約分。」；[[frac:同乘√7得7√7|(3]]×7)，[[frac:約去7後為√7|3]]。,False,False,False,True,False,RENDERER_REPAIR
u11-s007-v008,u11,sqrt-rationalize-simple,mc,independentSolution,不參照選項，從題幹條件重新計算：先約去2，再有理化，可避免多餘係數。 詳算檢查：√8=2√2，原式=√2/√5；同乘√5得√10/5。 因此結果為「√10/5」。,不參照選項，從題幹條件重新計算：先約去2，再有理化，可避免多餘係數。 詳算檢查：√8=2√2，原式=[[frac:√2|√5]]；[[frac:同乘√5得√10|5]]。 [[frac:因此結果為「√10|5」]]。,False,False,False,True,False,RENDERER_REPAIR
u11-s007-v008,u11,sqrt-rationalize-simple,mc,explanation,√8=2√2，原式=√2/√5；同乘√5得√10/5。,√8=2√2，原式=[[frac:√2|√5]]；[[frac:同乘√5得√10|5]]。,False,False,False,True,False,RENDERER_REPAIR
u11-s007-v008,u11,sqrt-rationalize-simple,mc,steps[1],獨立推導：不參照選項，從題幹條件重新計算：先約去2，再有理化，可避免多餘係數。 詳算檢查：√8=2√2，原式=√2/√5；同乘√5得√10/5。 因此結果為「√10/5」。,獨立推導：不參照選項，從題幹條件重新計算：先約去2，再有理化，可避免多餘係數。 詳算檢查：√8=2√2，原式=[[frac:√2|√5]]；[[frac:同乘√5得√10|5]]。 [[frac:因此結果為「√10|5」]]。,False,False,False,True,False,RENDERER_REPAIR
u11-s007-v008,u11,sqrt-rationalize-simple,mc,steps[2],核對目標：答案「√10/5」確實回應「多步化簡最終形式。」。,[[frac:核對目標：答案「√10|5」確實回應「多步化簡最終形式]]。」。,False,False,False,True,False,RENDERER_REPAIR
u11-s007-v008,u11,sqrt-rationalize-simple,mc,optionAnalysis[2].reason,此選項符合目標「多步化簡最終形式。」；√8=2√2，原式=√2/√5；同乘√5得√10/5。,此選項符合目標「多步化簡最終形式。」；√8=2√2，原式=[[frac:√2|√5]]；[[frac:同乘√5得√10|5]]。,False,False,False,True,False,RENDERER_REPAIR
u11-s007-v009,u11,sqrt-rationalize-simple,mc,independentSolution,不參照選項，從題幹條件重新計算：分別有理化後通分：2√2/4+√2/4=3√2/4。 詳算檢查：1/√2=√2/2，1/√8=1/(2√2)=√2/4，和為3√2/4。 因此結果為「3√2/4」。,不參照選項，[[frac:從題幹條件重新計算：分別有理化後通分：2√2|4]]+[[frac:√2|4]]=[[frac:3√2|4]]。 [[frac:詳算檢查：1|√2]]=[[frac:√2|2]]，[[frac:1|√8]]=[[frac:1|(2√2)]]=[[frac:√2|4]]，[[frac:和為3√2|4]]。 [[frac:因此結果為「3√2|4」]]。,False,False,False,True,False,RENDERER_REPAIR
u11-s007-v009,u11,sqrt-rationalize-simple,mc,explanation,1/√2=√2/2，1/√8=1/(2√2)=√2/4，和為3√2/4。,[[frac:1|√2]]=[[frac:√2|2]]，[[frac:1|√8]]=[[frac:1|(2√2)]]=[[frac:√2|4]]，[[frac:和為3√2|4]]。,False,False,False,True,False,RENDERER_REPAIR
u11-s007-v009,u11,sqrt-rationalize-simple,mc,steps[1],獨立推導：不參照選項，從題幹條件重新計算：分別有理化後通分：2√2/4+√2/4=3√2/4。 詳算檢查：1/√2=√2/2，1/√8=1/(2√2)=√2/4，和為3√2/4。 因此結果為「3√2/4」。,獨立推導：不參照選項，[[frac:從題幹條件重新計算：分別有理化後通分：2√2|4]]+[[frac:√2|4]]=[[frac:3√2|4]]。 [[frac:詳算檢查：1|√2]]=[[frac:√2|2]]，[[frac:1|√8]]=[[frac:1|(2√2)]]=[[frac:√2|4]]，[[frac:和為3√2|4]]。 [[frac:因此結果為「3√2|4」]]。,False,False,False,True,False,RENDERER_REPAIR
u11-s007-v009,u11,sqrt-rationalize-simple,mc,steps[2],核對目標：答案「3√2/4」確實回應「整合有理化與分數加法。」。,[[frac:核對目標：答案「3√2|4」確實回應「整合有理化與分數加法]]。」。,False,False,False,True,False,RENDERER_REPAIR
u11-s007-v009,u11,sqrt-rationalize-simple,mc,optionAnalysis[1].reason,此選項符合目標「整合有理化與分數加法。」；1/√2=√2/2，1/√8=1/(2√2)=√2/4，和為3√2/4。,此選項符合目標「整合有理化與分數加法。」；[[frac:1|√2]]=[[frac:√2|2]]，[[frac:1|√8]]=[[frac:1|(2√2)]]=[[frac:√2|4]]，[[frac:和為3√2|4]]。,False,False,False,True,False,RENDERER_REPAIR
u11-s007-v010,u11,sqrt-rationalize-simple,mc,independentSolution,不參照選項，從題幹條件重新計算：同乘√3後約分6/3。 詳算檢查：6/√3=6√3/3=2√3 分鐘。 因此結果為「2√3 分鐘」。,不參照選項，[[frac:從題幹條件重新計算：同乘√3後約分6|3]]。 [[frac:詳算檢查：6|√3]]=[[frac:6√3|3]]=2√3 分鐘。 因此結果為「2√3 分鐘」。,False,False,False,True,False,RENDERER_REPAIR
u11-s007-v010,u11,sqrt-rationalize-simple,mc,steps[1],獨立推導：不參照選項，從題幹條件重新計算：同乘√3後約分6/3。 詳算檢查：6/√3=6√3/3=2√3 分鐘。 因此結果為「2√3 分鐘」。,獨立推導：不參照選項，[[frac:從題幹條件重新計算：同乘√3後約分6|3]]。 [[frac:詳算檢查：6|√3]]=[[frac:6√3|3]]=2√3 分鐘。 因此結果為「2√3 分鐘」。,False,False,False,True,False,RENDERER_REPAIR
u11-s007-v011,u11,sqrt-rationalize-simple,mc,independentSolution,不參照選項，從題幹條件重新計算：先有理化，再以5約分。 詳算檢查：15/(2√5)同乘√5得15√5/10=3√5/2。 因此結果為「3√5/2 元」。,不參照選項，從題幹條件重新計算：先有理化，再以5約分。 [[frac:詳算檢查：15|(2√5)同乘√5得15√5]]/10=[[frac:3√5|2]]。 [[frac:因此結果為「3√5|2]] 元」。,False,False,False,True,False,RENDERER_REPAIR
u11-s007-v011,u11,sqrt-rationalize-simple,mc,explanation,15/(2√5)同乘√5得15√5/10=3√5/2。,[[frac:15|(2√5)同乘√5得15√5]]/10=[[frac:3√5|2]]。,False,False,False,True,False,RENDERER_REPAIR
u11-s007-v011,u11,sqrt-rationalize-simple,mc,steps[1],獨立推導：不參照選項，從題幹條件重新計算：先有理化，再以5約分。 詳算檢查：15/(2√5)同乘√5得15√5/10=3√5/2。 因此結果為「3√5/2 元」。,獨立推導：不參照選項，從題幹條件重新計算：先有理化，再以5約分。 [[frac:詳算檢查：15|(2√5)同乘√5得15√5]]/10=[[frac:3√5|2]]。 [[frac:因此結果為「3√5|2]] 元」。,False,False,False,True,False,RENDERER_REPAIR
u11-s007-v011,u11,sqrt-rationalize-simple,mc,steps[2],核對目標：答案「3√5/2 元」確實回應「輸出最簡有理化形式。」。,[[frac:核對目標：答案「3√5|2]] 元」確實回應「輸出最簡有理化形式。」。,False,False,False,True,False,RENDERER_REPAIR
u11-s007-v011,u11,sqrt-rationalize-simple,mc,optionAnalysis[3].reason,此選項符合目標「輸出最簡有理化形式。」；15/(2√5)同乘√5得15√5/10=3√5/2。,此選項符合目標「輸出最簡有理化形式。」；[[frac:15|(2√5)同乘√5得15√5]]/10=[[frac:3√5|2]]。,False,False,False,True,False,RENDERER_REPAIR
u11-s007-v012,u11,sqrt-rationalize-simple,mc,text,實驗式算得速率為 √6/√15 公尺/秒，報告要求最簡且分母有理化。結果為何？,實驗式算得速率為 [[frac:√6|√15]] [[frac:公尺|秒]]，報告要求最簡且分母有理化。結果為何？,False,False,False,True,True,RENDERER_REPAIR
u11-s007-v012,u11,sqrt-rationalize-simple,mc,choices[0],√10/5 公尺/秒,[[frac:√10|5]] [[frac:公尺|秒]],False,False,False,True,True,RENDERER_REPAIR
u11-s007-v012,u11,sqrt-rationalize-simple,mc,choices[1],√2/5 公尺/秒,[[frac:√2|5]] [[frac:公尺|秒]],False,False,False,True,True,RENDERER_REPAIR
u11-s007-v012,u11,sqrt-rationalize-simple,mc,choices[2],√90/15 公尺/秒,[[frac:√90|15]] [[frac:公尺|秒]],False,False,False,True,True,RENDERER_REPAIR
u11-s007-v012,u11,sqrt-rationalize-simple,mc,choices[3],2/5 公尺/秒,[[frac:2|5]] [[frac:公尺|秒]],False,False,False,True,True,RENDERER_REPAIR
u11-s007-v012,u11,sqrt-rationalize-simple,mc,independentSolution,不參照選項，從題幹條件重新計算：先約被開方數6/15=2/5，再有理化。 詳算檢查：√6/√15=√(2/5)=√2/√5，同乘√5得√10/5。 因此結果為「√10/5 公尺/秒」。,不參照選項，[[frac:從題幹條件重新計算：先約被開方數6|15]]=[[frac:2|5]]，再有理化。 [[frac:詳算檢查：√6|√15]]=[[frac:√(2|5)]]=[[frac:√2|√5]]，[[frac:同乘√5得√10|5]]。 [[frac:因此結果為「√10|5]] [[frac:公尺|秒」]]。,False,False,False,True,False,RENDERER_REPAIR
u11-s007-v012,u11,sqrt-rationalize-simple,mc,explanation,√6/√15=√(2/5)=√2/√5，同乘√5得√10/5。,[[frac:√6|√15]]=[[frac:√(2|5)]]=[[frac:√2|√5]]，[[frac:同乘√5得√10|5]]。,False,False,False,True,False,RENDERER_REPAIR
u11-s007-v012,u11,sqrt-rationalize-simple,mc,steps[1],獨立推導：不參照選項，從題幹條件重新計算：先約被開方數6/15=2/5，再有理化。 詳算檢查：√6/√15=√(2/5)=√2/√5，同乘√5得√10/5。 因此結果為「√10/5 公尺/秒」。,獨立推導：不參照選項，[[frac:從題幹條件重新計算：先約被開方數6|15]]=[[frac:2|5]]，再有理化。 [[frac:詳算檢查：√6|√15]]=[[frac:√(2|5)]]=[[frac:√2|√5]]，[[frac:同乘√5得√10|5]]。 [[frac:因此結果為「√10|5]] [[frac:公尺|秒」]]。,False,False,False,True,False,RENDERER_REPAIR
u11-s007-v012,u11,sqrt-rationalize-simple,mc,steps[2],核對目標：答案「√10/5 公尺/秒」確實回應「依報告規格化簡。」。,[[frac:核對目標：答案「√10|5]] [[frac:公尺|秒」確實回應「依報告規格化簡]]。」。,False,False,False,True,False,RENDERER_REPAIR
u11-s007-v012,u11,sqrt-rationalize-simple,mc,optionAnalysis[0].choice,√10/5 公尺/秒,[[frac:√10|5]] [[frac:公尺|秒]],False,False,False,True,False,RENDERER_REPAIR
u11-s007-v012,u11,sqrt-rationalize-simple,mc,optionAnalysis[0].reason,此選項符合目標「依報告規格化簡。」；√6/√15=√(2/5)=√2/√5，同乘√5得√10/5。,此選項符合目標「依報告規格化簡。」；[[frac:√6|√15]]=[[frac:√(2|5)]]=[[frac:√2|√5]]，[[frac:同乘√5得√10|5]]。,False,False,False,True,False,RENDERER_REPAIR
u11-s007-v012,u11,sqrt-rationalize-simple,mc,optionAnalysis[1].choice,√2/5 公尺/秒,[[frac:√2|5]] [[frac:公尺|秒]],False,False,False,True,False,RENDERER_REPAIR
u11-s007-v012,u11,sqrt-rationalize-simple,mc,optionAnalysis[2].choice,√90/15 公尺/秒,[[frac:√90|15]] [[frac:公尺|秒]],False,False,False,True,False,RENDERER_REPAIR
u11-s007-v012,u11,sqrt-rationalize-simple,mc,optionAnalysis[3].choice,2/5 公尺/秒,[[frac:2|5]] [[frac:公尺|秒]],False,False,False,True,False,RENDERER_REPAIR
u11-s007-v012,u11,sqrt-rationalize-simple,mc,unitAndRoundingCheck,數值改寫不改變公尺/秒單位。,[[frac:數值改寫不改變公尺|秒單位]]。,False,False,False,True,False,RENDERER_REPAIR
u11-s011-v010,u11,coordinate-distance-pythagorean,mc,unitAndRoundingCheck,5格×10公尺/格=50公尺。,5格×[[frac:10公尺|格]]=50公尺。,False,False,False,True,False,RENDERER_REPAIR
u11-s011-v011,u11,coordinate-distance-pythagorean,mc,unitAndRoundingCheck,座標單位乘0.5公尺/單位。,[[frac:座標單位乘0.5公尺|單位]]。,False,False,False,True,False,RENDERER_REPAIR
u11-s016-cr001,u11,root-literacy,cr,alternativeMethod,可比較乙每公里倍率的臨界值21/15=1.4；1.35<1.4，所以乙較低。,[[frac:可比較乙每公里倍率的臨界值21|15]]=1.4；1.35<1.4，所以乙較低。,False,False,False,True,False,RENDERER_REPAIR
u11-s016-v003,u11,root-literacy,mc,unitAndRoundingCheck,格數乘公尺/格。,[[frac:格數乘公尺|格]]。,False,False,False,True,False,RENDERER_REPAIR
u11-s016-v008,u11,root-literacy,mc,unitAndRoundingCheck,10單位×3公里/單位。,10單位×[[frac:3公里|單位]]。,False,False,False,True,False,RENDERER_REPAIR
u13-s003-cr001,u13,quadratic-formula,cr,fullCreditSolution[2],x=(3±5)/4，所以 x=2 或 x=-1/2。,x=[[frac:3±5|4，所以]] x=2 或 x=-[[frac:1|2]]。,False,False,False,True,False,RENDERER_REPAIR
u13-s003-cr002,u13,quadratic-formula,cr,rubric[0].criteria,得到 (-1±√2)/2，且清楚說明分母作用於整個分子。,得到 [[frac:-1±√2|2，且清楚說明分母作用於整個分子]]。,False,False,False,True,False,RENDERER_REPAIR
u13-s003-v004,u13,quadratic-formula,mc,steps[2],寫成(−1±5)/4並驗根。,寫成[[frac:−1±5|4並驗根]]。,False,False,False,True,False,RENDERER_REPAIR
u13-s003-v004,u13,quadratic-formula,mc,independentSolution,求根公式的分母是2a；本題a=2，所以分母必須是4。正確為x=(-1±5)/4，得到1與−3/2。,求根公式的分母是2a；本題a=2，所以分母必須是4。正確為x=[[frac:-1±5|4，得到1與]]−[[frac:3|2]]。,False,False,False,True,False,RENDERER_REPAIR
u13-s003-v005,u13,quadratic-formula,mc,explanation,先乘 -1：x²-4x-5=0；Δ=36，x=(4±6)/2，所以答案為「x=5 或 x=-1」。,先乘 -1：x²-4x-5=0；Δ=36，x=[[frac:4±6|2，所以答案為「x]]=5 或 x=-1」。,False,False,False,True,False,RENDERER_REPAIR
u13-s003-v008,u13,quadratic-formula,mc,explanation,a=4，b=4，c=-1，Δ=32；x=(-4±4√2)/8=(-1±√2)/2，所以答案為「x=(-1±√2)/2」。,a=4，b=4，c=-1，Δ=32；x=[[frac:-4±4√2|8]]=[[frac:-1±√2|2，所以答案為「x]]=[[frac:-1±√2|2」]]。,False,False,False,True,False,RENDERER_REPAIR
u13-s003-v011,u13,quadratic-formula,mc,explanation,Δ=81-32=49；d=(9±7)/4，得 4、1/2，再取 d>1，所以答案為「4」。,Δ=81-32=49；d=[[frac:9±7|4，得]] 4、[[frac:1|2]]，再取 d>1，所以答案為「4」。,False,False,False,True,False,RENDERER_REPAIR
u13-s003-v011,u13,quadratic-formula,mc,steps[1],d=(9±7)/4，得 4、1/2，再取 d>1,d=[[frac:9±7|4，得]] 4、[[frac:1|2]]，再取 d>1,False,False,False,True,False,RENDERER_REPAIR
u13-s003-v012,u13,quadratic-formula,mc,explanation,Δ=196+60=256；n=(14±16)/6，得 5、-1/3，取正整數 5，所以答案為「5」。,Δ=196+60=256；n=[[frac:14±16|6，得]] 5、-[[frac:1|3]]，取正整數 5，所以答案為「5」。,False,False,False,True,False,RENDERER_REPAIR
u13-s003-v012,u13,quadratic-formula,mc,steps[1],n=(14±16)/6，得 5、-1/3，取正整數 5,n=[[frac:14±16|6，得]] 5、-[[frac:1|3]]，取正整數 5,False,False,False,True,False,RENDERER_REPAIR
u13-s004-v011,u13,quadratic-discriminant,mc,explanation,恰有一實根，所以 Δ=0；49-8k=0，得 k=49/8，所以答案為「49/8」。,恰有一實根，所以 Δ=0；49-8k=0，得 k=[[frac:49|8]]，[[frac:所以答案為「49|8」]]。,False,False,False,True,False,RENDERER_REPAIR
u13-s005-cr002,u13,quadratic-square-root-method,cr,rubric[1].criteria,得到等值形式 (1±2√3)/2，但未最後整理，或一個書寫小瑕疵。,得到等值形式 [[frac:1±2√3|2，但未最後整理，或一個書寫小瑕疵]]。,False,False,False,True,False,RENDERER_REPAIR
u13-s011-cr001,u13,quadratic-formula-basic,cr,fullCreditSolution[2],x=(-1±5)/6，所以 x=2/3 或 x=-1。,x=[[frac:-1±5|6，所以]] x=[[frac:2|3]] 或 x=-1。,False,False,False,True,False,RENDERER_REPAIR
u13-s011-cr002,u13,quadratic-formula-basic,cr,independentReview.derivedResult,x=(1±√6)/5，且有兩個相異實根。,x=[[frac:1±√6|5，且有兩個相異實根]]。,False,False,False,True,False,RENDERER_REPAIR
u13-s011-v004,u13,quadratic-formula-basic,mc,explanation,a=3，b=1，c=-1；x=(-1±√13)/6，所以答案為「x=(-1±√13)/6」。,a=3，b=1，c=-1；x=[[frac:-1±√13|6，所以答案為「x]]=[[frac:-1±√13|6」]]。,False,False,False,True,False,RENDERER_REPAIR
u13-s011-v008,u13,quadratic-formula-basic,mc,explanation,a=2，b=5，c=1；x=(-5±√17)/4，所以答案為「x=(-5±√17)/4」。,a=2，b=5，c=1；x=[[frac:-5±√17|4，所以答案為「x]]=[[frac:-5±√17|4」]]。,False,False,False,True,False,RENDERER_REPAIR
u13-s011-v011,u13,quadratic-formula-basic,mc,explanation,Δ=121-40=81；q=(11±9)/4，得 5、1/2，取 5，所以答案為「5」。,Δ=121-40=81；q=[[frac:11±9|4，得]] 5、[[frac:1|2]]，取 5，所以答案為「5」。,False,False,False,True,False,RENDERER_REPAIR
u13-s011-v011,u13,quadratic-formula-basic,mc,steps[1],q=(11±9)/4，得 5、1/2，取 5,q=[[frac:11±9|4，得]] 5、[[frac:1|2]]，取 5,False,False,False,True,False,RENDERER_REPAIR
u13-s015-cr002,u13,quadratic-literacy,cr,fullCreditSolution[2],Δ=6400-4800=1600，n=(80±40)/2，得 20 或 60。,Δ=6400-4800=1600，n=[[frac:80±40|2，得]] 20 或 60。,False,False,False,True,False,RENDERER_REPAIR
u14-s002-v003,u14,arithmetic-sequence-nth,mc,mainExplanation,依題意依序處理：辨認分數公差1/2。；通分後相加。，所以唯一正確選項是「9/2」。,[[frac:依題意依序處理：辨認分數公差1|2]]。；通分後相加。，[[frac:所以唯一正確選項是「9|2」]]。,False,False,False,True,False,RENDERER_REPAIR
u14-s002-v003,u14,arithmetic-sequence-nth,mc,steps[0],辨認分數公差1/2。,[[frac:辨認分數公差1|2]]。,False,False,False,True,False,RENDERER_REPAIR
u14-s002-v003,u14,arithmetic-sequence-nth,mc,optionAnalysis[0].reason,首項1/2、公差1/2，a_9=1/2+8×1/2=9/2。,[[frac:首項1|2]]、[[frac:公差1|2]]，a_9=[[frac:1|2]]+8×[[frac:1|2]]=[[frac:9|2]]。,False,False,False,True,False,RENDERER_REPAIR
u14-s002-v003,u14,arithmetic-sequence-nth,mc,optionAnalysis[1].reason,4是少加一次1/2。,[[frac:4是少加一次1|2]]。,False,False,False,True,False,RENDERER_REPAIR
u14-s002-v003,u14,arithmetic-sequence-nth,mc,optionAnalysis[2].reason,5是多加一次1/2。,[[frac:5是多加一次1|2]]。,False,False,False,True,False,RENDERER_REPAIR
u14-s002-v003,u14,arithmetic-sequence-nth,mc,optionAnalysis[3].reason,11/2多算兩次公差。,[[frac:11|2多算兩次公差]]。,False,False,False,True,False,RENDERER_REPAIR
u14-s002-v003,u14,arithmetic-sequence-nth,mc,misconceptionTarget,把第9項直接算成9×1/2卻不說明首項，或分數步數錯。,把第9項直接算成9×[[frac:1|2卻不說明首項]]，或分數步數錯。,False,False,False,True,False,RENDERER_REPAIR
u14-s003-v012,u14,arithmetic-sequence-common-diff,mc,independentSolution,d=(1620-1260)/(9-3)=360/6=60元/期。,d=[[frac:1620-1260|9-3]]=[[frac:360|6]]=[[frac:60元|期]]。,False,False,False,True,False,RENDERER_REPAIR
u14-s003-v012,u14,arithmetic-sequence-common-diff,mc,ambiguityBoundaryAudit,金額差360元分配於6個間隔；答案60元/期。,金額差360元分配於6個間隔；[[frac:答案60元|期]]。,False,False,False,True,False,RENDERER_REPAIR
u14-s004-v002,u14,geometric-basic,mc,mainExplanation,依題意依序處理：求公比1/3。；將3乘1/3。，所以唯一正確選項是「1」。,[[frac:依題意依序處理：求公比1|3]]。；[[frac:將3乘1|3]]。，所以唯一正確選項是「1」。,False,False,False,True,False,RENDERER_REPAIR
u14-s004-v002,u14,geometric-basic,mc,steps[0],求公比1/3。,[[frac:求公比1|3]]。,False,False,False,True,False,RENDERER_REPAIR
u14-s004-v002,u14,geometric-basic,mc,steps[1],將3乘1/3。,[[frac:將3乘1|3]]。,False,False,False,True,False,RENDERER_REPAIR
u14-s004-v002,u14,geometric-basic,mc,optionAnalysis[2].reason,公比為1/3，3×1/3=1。,[[frac:公比為1|3]]，3×[[frac:1|3]]=1。,False,False,False,True,False,RENDERER_REPAIR
u14-s004-v002,u14,geometric-basic,mc,ambiguityBoundaryAudit,公比1/3；答案精確。,[[frac:公比1|3]]；答案精確。,False,False,False,True,False,RENDERER_REPAIR
u14-s004-v004,u14,geometric-basic,mc,optionAnalysis[0].reason,相鄰比10/5、20/10、40/20皆為2。,[[frac:相鄰比10|5]]、[[frac:20|10]]、[[frac:40|20皆為2]]。,False,False,False,True,False,RENDERER_REPAIR
u14-s004-v005,u14,geometric-basic,mc,independentSolution,(1/2)/(1/4)=2、1/(1/2)=2、2/1=2，因此下一項4。,[[[[frac:frac:1|2|1]]/4]]=2、[[frac:1|(1]]/2)=2、[[frac:2|1]]=2，因此下一項4。,True,True,False,False,False,RENDERER_REPAIR
u14-s004-v005,u14,geometric-basic,mc,optionAnalysis[1].reason,5/2是固定加1/2的錯誤延伸。,[[frac:5|2是固定加1]]/2的錯誤延伸。,False,False,False,True,False,RENDERER_REPAIR
u14-s004-v008,u14,geometric-basic,mc,mainExplanation,依題意依序處理：逐次乘1/2。；檢查前一項與達標項。，所以唯一正確選項是「5」。,[[frac:依題意依序處理：逐次乘1|2]]。；檢查前一項與達標項。，所以唯一正確選項是「5」。,False,False,False,True,False,RENDERER_REPAIR
u14-s004-v008,u14,geometric-basic,mc,steps[0],逐次乘1/2。,[[frac:逐次乘1|2]]。,False,False,False,True,False,RENDERER_REPAIR
u14-s004-v009,u14,geometric-basic,mc,independentSolution,由b/a=c/b得b²=ac=324，因此b=±18；正數條件保留18。,[[frac:由b|a]]=[[frac:c|b得b²]]=ac=324，因此b=±18；正數條件保留18。,False,False,False,True,False,RENDERER_REPAIR
u14-s004-v012,u14,geometric-basic,mc,optionAnalysis[3].reason,通過5層即乘(1/2)^5，160÷32=5。,[[frac:通過5層即乘(1|2)^5]]，160÷32=5。,False,False,False,True,False,RENDERER_REPAIR
u14-s005-v005,u14,sequence-nth-term,mc,optionAnalysis[3].reason,此為三角數，a_n=n(n+1)/2，所以a_10=10×11÷2=55。,此為三角數，a_n=n[[frac:n+1|2，所以a_10]]=10×11÷2=55。,False,False,False,True,False,RENDERER_REPAIR
u14-s006-v004,u14,arithmetic-mean-term,mc,givenConditions[0],兩端3/2與15/2,[[frac:兩端3|2與15]]/2,False,False,False,True,False,RENDERER_REPAIR
u14-s006-v004,u14,arithmetic-mean-term,mc,independentSolution,兩端同分母相加得18/2=9，再除2得9/2。,[[frac:兩端同分母相加得18|2]]=9，[[frac:再除2得9|2]]。,False,False,False,True,False,RENDERER_REPAIR
u14-s006-v004,u14,arithmetic-mean-term,mc,mainExplanation,依題意依序處理：相加。；除以2並約分。，所以唯一正確選項是「9/2」。,依題意依序處理：相加。；除以2並約分。，[[frac:所以唯一正確選項是「9|2」]]。,False,False,False,True,False,RENDERER_REPAIR
u14-s006-v004,u14,arithmetic-mean-term,mc,optionAnalysis[2].reason,18/2等於9，是兩端和。,[[frac:18|2等於9]]，是兩端和。,False,False,False,True,False,RENDERER_REPAIR
u14-s006-v004,u14,arithmetic-mean-term,mc,optionAnalysis[3].reason,[(3/2)+(15/2)]/2=(18/2)/2=9/2。,[[[frac:(3|2)]]+[[frac:(15|2)]]]/2=[[[[frac:frac:18|2|2]]]]=[[frac:9|2]]。,True,True,False,False,False,RENDERER_REPAIR
u14-s006-v004,u14,arithmetic-mean-term,mc,ambiguityBoundaryAudit,答案以最簡分數9/2表示。,[[frac:答案以最簡分數9|2表示]]。,False,False,False,True,False,RENDERER_REPAIR
u14-s007-cr002,u14,sequence-pattern-word,cr,rubric[0].criteria,正確列出n列、得到n(3n+1)/2並算57。,正確列出n列、得到n[[frac:3n+1|2並算57]]。,False,False,False,True,False,RENDERER_REPAIR
u14-s007-cr002,u14,sequence-pattern-word,cr,partialCreditRules[0],等價未化簡式n²+n(n+1)/2可得滿分。,等價未化簡式n²+n[[frac:n+1|2可得滿分]]。,False,False,False,True,False,RENDERER_REPAIR
u14-s008-cr002,u14,geometric-nth-basic,cr,rubric[0].criteria,公式R_n=256(3/4)^n與R_5=60.75g均正確，並說明n=0起始。,公式R_n=[[frac:256(3|4)^n與R_5]]=60.75g均正確，並說明n=0起始。,False,False,False,True,False,RENDERER_REPAIR
u14-s008-cr002,u14,geometric-nth-basic,cr,followThroughPolicy,若逐期某一步算錯但後續持續乘3/4，保留方法分至2分。,[[frac:若逐期某一步算錯但後續持續乘3|4]]，保留方法分至2分。,False,False,False,True,False,RENDERER_REPAIR
u14-s008-cr002,u14,geometric-nth-basic,cr,commonErrors[1],把剩3/4誤作減3/4 g。,[[frac:把剩3|4誤作減3]]/4 g。,False,False,False,True,False,RENDERER_REPAIR
u14-s008-v002,u14,geometric-nth-basic,mc,optionAnalysis[2].reason,1/3是第6項。,[[frac:1|3是第6項]]。,False,False,False,True,False,RENDERER_REPAIR
u14-s008-v002,u14,geometric-nth-basic,mc,misconceptionTarget,把第5項誤作乘5次1/3。,[[frac:把第5項誤作乘5次1|3]]。,False,False,False,True,False,RENDERER_REPAIR
u14-s008-v005,u14,geometric-nth-basic,mc,optionAnalysis[3].reason,1/2會使數列遞減。,[[frac:1|2會使數列遞減]]。,False,False,False,True,False,RENDERER_REPAIR
u14-s008-v006,u14,geometric-nth-basic,mc,optionAnalysis[1].reason,3/8漏負號。,[[frac:3|8漏負號]]。,False,False,False,True,False,RENDERER_REPAIR
u14-s008-v006,u14,geometric-nth-basic,mc,optionAnalysis[2].reason,-3/16把次方算成1/16。,-[[frac:3|16把次方算成1]]/16。,False,False,False,True,False,RENDERER_REPAIR
u14-s008-v006,u14,geometric-nth-basic,mc,optionAnalysis[3].reason,3/16同時符號與次方錯。,[[frac:3|16同時符號與次方錯]]。,False,False,False,True,False,RENDERER_REPAIR
u14-s008-v006,u14,geometric-nth-basic,mc,misconceptionTarget,把(-1/2)^3誤作-1/2^4或忽略括號。,把(-[[frac:1|2)^3誤作]]-[[frac:1|2^4或忽略括號]]。,False,False,False,True,False,RENDERER_REPAIR
u14-s008-v011,u14,geometric-nth-basic,mc,givenConditions[1],每週期剩1/2,[[frac:每週期剩1|2]],False,False,False,True,False,RENDERER_REPAIR
u14-s011-cr002,u14,series-sum-word,cr,fullCreditSolution[2],d=(1050-500)/(12-1)=550/11=50元/期。,d=[[frac:1050-500|12-1]]=[[frac:550|11]]=[[frac:50元|期]]。,False,False,False,True,False,RENDERER_REPAIR
u14-s011-cr002,u14,series-sum-word,cr,reasoningSteps[2],d=(1050-500)/(12-1)=550/11=50元/期。,d=[[frac:1050-500|12-1]]=[[frac:550|11]]=[[frac:50元|期]]。,False,False,False,True,False,RENDERER_REPAIR
u14-s011-cr002,u14,series-sum-word,cr,rubric[0].criteria,末期1050元、公差50元/期，且總和驗算正確。,末期1050元、[[frac:公差50元|期]]，且總和驗算正確。,False,False,False,True,False,RENDERER_REPAIR
u14-s011-cr002,u14,series-sum-word,cr,unitAndNotationRules,金額單位元，公差應寫元/期。,金額單位元，[[frac:公差應寫元|期]]。,False,False,False,True,False,RENDERER_REPAIR
u14-s011-cr002,u14,series-sum-word,cr,independentReview.unitBoundaryCheck,金額單位元，公差應寫元/期。,金額單位元，[[frac:公差應寫元|期]]。,False,False,False,True,False,RENDERER_REPAIR
u14-s011-v004,u14,series-sum-word,mc,optionAnalysis[0].reason,360=8(24+a_8)/2，故90=24+a_8，a_8=66。,360=8[[frac:24+a_8|2，故90]]=24+a_8，a_8=66。,False,False,False,True,False,RENDERER_REPAIR
u14-s011-v004,u14,series-sum-word,mc,optionAnalysis[1].reason,45是平均360/8。,[[frac:45是平均360|8]]。,False,False,False,True,False,RENDERER_REPAIR
u14-s011-v006,u14,series-sum-word,mc,optionAnalysis[0].reason,25是平均420/12附近錯算。,[[frac:25是平均420|12附近錯算]]。,False,False,False,True,False,RENDERER_REPAIR
u14-s011-v011,u14,series-sum-word,mc,optionAnalysis[0].reason,26是平均234/9。,[[frac:26是平均234|9]]。,False,False,False,True,False,RENDERER_REPAIR
u14-s011-v011,u14,series-sum-word,mc,optionAnalysis[2].reason,234=9(10+a_9)/2，所以10+a_9=52，a_9=42。,234=9[[frac:10+a_9|2，所以10]]+a_9=52，a_9=42。,False,False,False,True,False,RENDERER_REPAIR
u14-s011-v012,u14,series-sum-word,mc,optionAnalysis[0].reason,420是平均6300/15。,[[frac:420是平均6300|15]]。,False,False,False,True,False,RENDERER_REPAIR
u14-s011-v012,u14,series-sum-word,mc,optionAnalysis[3].reason,6300=15(280+a_15)/2，首尾和840，所以a_15=560。,6300=15[[frac:280+a_15|2，首尾和840，所以a_15]]=560。,False,False,False,True,False,RENDERER_REPAIR
u14-s011-v012,u14,series-sum-word,mc,ambiguityBoundaryAudit,末週560元；若需要公差則20元/週，模型可行。,末週560元；[[frac:若需要公差則20元|週]]，模型可行。,False,False,False,True,False,RENDERER_REPAIR
u14-s012-v004,u14,sequence-literacy,mc,independentSolution,甲：15-10=5、20-15=5、25-20=5。乙：6/3=2、12/6=2、24/12=2。故甲等差、乙等比。,甲：15-10=5、20-15=5、25-20=5。[[frac:乙：6|3]]=2、[[frac:12|6]]=2、[[frac:24|12]]=2。故甲等差、乙等比。,False,False,False,True,False,RENDERER_REPAIR
u14-s012-v006,u14,sequence-literacy,mc,independentSolution,a_n=30-3(n-1)<10，得n>23/3，所以最小正整數n=8；驗前一項。,a_n=30-3(n-1)<10，[[frac:得n>23|3]]，所以最小正整數n=8；驗前一項。,False,False,False,True,False,RENDERER_REPAIR
u16-s005-cr001,u16,triangle-asa-aas,cr,rubric[2].criteria,只寫兩角一邊所以全等，未分ASA/AAS或順序不完整。,只寫兩角一邊所以全等，[[frac:未分ASA|AAS或順序不完整]]。,False,False,False,True,False,RENDERER_REPAIR
u16-s005-cr001,u16,triangle-asa-aas,cr,rubric[3].criteria,判為SAS/SSS，或認為AAA足夠全等。,[[frac:判為SAS|SSS]]，或認為AAA足夠全等。,False,False,False,True,False,RENDERER_REPAIR
u16-s005-cr001,u16,triangle-asa-aas,cr,partialCreditRules[1],只寫兩角一邊所以全等，未分ASA/AAS或順序不完整。,只寫兩角一邊所以全等，[[frac:未分ASA|AAS或順序不完整]]。,False,False,False,True,False,RENDERER_REPAIR
u16-s005-cr001,u16,triangle-asa-aas,cr,independentReview.ambiguity,兩已知角及線段AB/DE的相對位置明確。,[[frac:兩已知角及線段AB|DE的相對位置明確]]。,False,False,False,True,False,RENDERER_REPAIR
u16-s005-cr002,u16,triangle-asa-aas,cr,requiredWork[1],辨認PR/XZ不是兩已知角P、Q之夾邊。,[[frac:辨認PR|XZ不是兩已知角P]]、Q之夾邊。,False,False,False,True,False,RENDERER_REPAIR
u16-s005-cr002,u16,triangle-asa-aas,cr,rubric[1].criteria,角度與全等正確，但ASA/AAS名稱誤寫或夾邊說明不足。,角度與全等正確，[[frac:但ASA|AAS名稱誤寫或夾邊說明不足]]。,False,False,False,True,False,RENDERER_REPAIR
u16-s005-cr002,u16,triangle-asa-aas,cr,partialCreditRules[0],角度與全等正確，但ASA/AAS名稱誤寫或夾邊說明不足。,角度與全等正確，[[frac:但ASA|AAS名稱誤寫或夾邊說明不足]]。,False,False,False,True,False,RENDERER_REPAIR
u16-s006-cr002,u16,isosceles-properties,cr,independentReview.ambiguity,角式均為精確量，允許18又3/4與相應分數角。,角式均為精確量，[[frac:允許18又3|4與相應分數角]]。,False,False,False,True,False,RENDERER_REPAIR
u16-s007-cr002,u16,equilateral-properties,cr,alternativeSolutions[0],可用△ABD與△ACD的直角全等或SSS/SAS證明兩半對稱。,[[frac:可用△ABD與△ACD的直角全等或SSS|SAS證明兩半對稱]]。,False,False,False,True,False,RENDERER_REPAIR
u16-s008-cr001,u16,compass-construction,cr,rubric[3].criteria,改用量角器/有刻度量中點，改變圓規開口造成無交點，或無有效步驟。,[[frac:改用量角器|有刻度量中點]]，改變圓規開口造成無交點，或無有效步驟。,False,False,False,True,False,RENDERER_REPAIR
u16-s010-v011,u16,compass-perpendicular,mc,explanation,圓的最近/最遠關係下，半徑小於點線距離，整個圓在直線同側而不相交。 比較半徑 r 與點線距離 d。 r<d。 因此交點數 0。,[[frac:圓的最近|最遠關係下]]，半徑小於點線距離，整個圓在直線同側而不相交。 比較半徑 r 與點線距離 d。 r<d。 因此交點數 0。,False,False,False,True,False,RENDERER_REPAIR
u16-s010-v011,u16,compass-perpendicular,mc,optionAnalysis[2].reason,圓的最近/最遠關係下，半徑小於點線距離，整個圓在直線同側而不相交。,[[frac:圓的最近|最遠關係下]]，半徑小於點線距離，整個圓在直線同側而不相交。,False,False,False,True,False,RENDERER_REPAIR
u16-s011-cr002,u16,construction-word-steps,cr,rubric[3].criteria,誤判為作垂線/中垂線，或弦長配對錯誤。,[[frac:誤判為作垂線|中垂線]]，或弦長配對錯誤。,False,False,False,True,False,RENDERER_REPAIR
u16-s014-cr002,u16,triangle-side-angle-relation,cr,fullCreditSolution[1],b=5x−6>0，得x>6/5；x為整數，所以x=2。,b=5x−6>0，[[frac:得x>6|5]]；x為整數，所以x=2。,False,False,False,True,False,RENDERER_REPAIR
u16-s014-cr002,u16,triangle-side-angle-relation,cr,reasoningSteps[1],b=5x−6>0，得x>6/5；x為整數，所以x=2。,b=5x−6>0，[[frac:得x>6|5]]；x為整數，所以x=2。,False,False,False,True,False,RENDERER_REPAIR
u16-s016-cr002,u16,triangle-medians,cr,alternativeSolutions[0],可用面積分率表示：第二次兩片各為原面積1/4，另一片為1/2。,[[frac:可用面積分率表示：第二次兩片各為原面積1|4]]，[[frac:另一片為1|2]]。,False,False,False,True,False,RENDERER_REPAIR
u16-s016-v005,u16,triangle-medians,mc,explanation,PG佔整條中線的2/3，所以15×2/3=10 cm。 PM分成3等份比例量。 PG取其中2份。,[[frac:PG佔整條中線的2|3]]，所以15×[[frac:2|3]]=10 cm。 PM分成3等份比例量。 PG取其中2份。,False,False,False,True,False,RENDERER_REPAIR
u16-s016-v005,u16,triangle-medians,mc,optionAnalysis[2].reason,PG佔整條中線的2/3，所以15×2/3=10 cm。,[[frac:PG佔整條中線的2|3]]，所以15×[[frac:2|3]]=10 cm。,False,False,False,True,False,RENDERER_REPAIR
u16-s016-v005,u16,triangle-medians,mc,misconceptionTarget,記住2：1卻不會換成整體的2/3。,[[frac:記住2：1卻不會換成整體的2|3]]。,False,False,False,True,False,RENDERER_REPAIR
u16-s016-v007,u16,triangle-medians,mc,target,同時使用三條中線的2/3比例,[[frac:同時使用三條中線的2|3比例]],False,False,False,True,False,RENDERER_REPAIR
u16-s016-v007,u16,triangle-medians,mc,explanation,頂點到G各為完整中線的2/3，總和=(12+15+18)×2/3=45×2/3=30 cm。 加三條中線得45。 取2/3。,[[frac:頂點到G各為完整中線的2|3]]，總和=(12+15+18)×[[frac:2|3]]=45×[[frac:2|3]]=30 cm。 加三條中線得45。 [[frac:取2|3]]。,False,False,False,True,False,RENDERER_REPAIR
u16-s016-v007,u16,triangle-medians,mc,steps[1],取2/3。,[[frac:取2|3]]。,False,False,False,True,False,RENDERER_REPAIR
u16-s016-v007,u16,triangle-medians,mc,optionAnalysis[0].reason,頂點到G各為完整中線的2/3，總和=(12+15+18)×2/3=45×2/3=30 cm。,[[frac:頂點到G各為完整中線的2|3]]，總和=(12+15+18)×[[frac:2|3]]=45×[[frac:2|3]]=30 cm。,False,False,False,True,False,RENDERER_REPAIR
u16-s016-v007,u16,triangle-medians,mc,optionAnalysis[3].reason,未乘2/3。,[[frac:未乘2|3]]。,False,False,False,True,False,RENDERER_REPAIR
u16-s016-v011,u16,triangle-medians,mc,optionAnalysis[1].reason,誤取2/3。,[[frac:誤取2|3]]。,False,False,False,True,False,RENDERER_REPAIR
u16-s017-cr001,u16,triangle-altitude,cr,requiredWork[0],由S=bh/2反求h。,由S=[[frac:bh|2反求h]]。,False,False,False,True,False,RENDERER_REPAIR
u16-s017-v005,u16,triangle-altitude,mc,misconceptionTarget,反算時忘記面積公式中的1/2。,[[frac:反算時忘記面積公式中的1|2]]。,False,False,False,True,False,RENDERER_REPAIR
u16-s018-cr001,u16,triangle-literacy,cr,fullCreditSolution[0],設垂足D。直角三角形ABD、ACD中，AB=AC=2.5 m、AD共同、兩直角相等，可用直角情形或SAS/斜邊直角邊觀念理解兩半全等；在本課可引用等腰三角形頂角高線同時為中線。,設垂足D。直角三角形ABD、ACD中，AB=AC=2.5 m、AD共同、兩直角相等，[[frac:可用直角情形或SAS|斜邊直角邊觀念理解兩半全等]]；在本課可引用等腰三角形頂角高線同時為中線。,False,False,False,True,False,RENDERER_REPAIR
u16-s018-cr001,u16,triangle-literacy,cr,reasoningSteps[0],設垂足D。直角三角形ABD、ACD中，AB=AC=2.5 m、AD共同、兩直角相等，可用直角情形或SAS/斜邊直角邊觀念理解兩半全等；在本課可引用等腰三角形頂角高線同時為中線。,設垂足D。直角三角形ABD、ACD中，AB=AC=2.5 m、AD共同、兩直角相等，[[frac:可用直角情形或SAS|斜邊直角邊觀念理解兩半全等]]；在本課可引用等腰三角形頂角高線同時為中線。,False,False,False,True,False,RENDERER_REPAIR
u16-s018-v006,u16,triangle-literacy,mc,explanation,AG佔中線的2/3，180×2/3=120 m。 辨認從頂點量起。 取完整中線的2/3。,[[frac:AG佔中線的2|3]]，180×[[frac:2|3]]=120 m。 辨認從頂點量起。 [[frac:取完整中線的2|3]]。,False,False,False,True,False,RENDERER_REPAIR
u16-s018-v006,u16,triangle-literacy,mc,steps[1],取完整中線的2/3。,[[frac:取完整中線的2|3]]。,False,False,False,True,False,RENDERER_REPAIR
u16-s018-v006,u16,triangle-literacy,mc,optionAnalysis[3].reason,AG佔中線的2/3，180×2/3=120 m。,[[frac:AG佔中線的2|3]]，180×[[frac:2|3]]=120 m。,False,False,False,True,False,RENDERER_REPAIR
u17-s017-v009,u17,quadrilateral-literacy,mc,optionAnalysis[0].reason,選項「80平方公尺」不符合題意；依分割面積比。應得到「120平方公尺」，此錯誤常源自：用3/5乘總面積。,選項「80平方公尺」不符合題意；依分割面積比。應得到「120平方公尺」，[[frac:此錯誤常源自：用3|5乘總面積]]。,False,False,False,True,False,RENDERER_REPAIR
u17-s017-v009,u17,quadrilateral-literacy,mc,optionAnalysis[1].reason,選項「128平方公尺」不符合題意；依分割面積比。應得到「120平方公尺」，此錯誤常源自：用3/5乘總面積。,選項「128平方公尺」不符合題意；依分割面積比。應得到「120平方公尺」，[[frac:此錯誤常源自：用3|5乘總面積]]。,False,False,False,True,False,RENDERER_REPAIR
u17-s017-v009,u17,quadrilateral-literacy,mc,optionAnalysis[3].reason,選項「200平方公尺」不符合題意；依分割面積比。應得到「120平方公尺」，此錯誤常源自：用3/5乘總面積。,選項「200平方公尺」不符合題意；依分割面積比。應得到「120平方公尺」，[[frac:此錯誤常源自：用3|5乘總面積]]。,False,False,False,True,False,RENDERER_REPAIR
u17-s017-v009,u17,quadrilateral-literacy,mc,misconceptionTarget,用3/5乘總面積。,[[frac:用3|5乘總面積]]。,False,False,False,True,False,RENDERER_REPAIR
u18-s001-cr001,u18,continued-ratio,cr,prompt,將 0.75：1.2：2又1/4 化成最簡整數連比，並說明每一步為何不改變比值。,將 [[frac:0.75：1.2：2又1|4]] 化成最簡整數連比，並說明每一步為何不改變比值。,False,False,False,True,True,RENDERER_REPAIR
u18-s001-cr001,u18,continued-ratio,cr,standardSolution,0.75=3/4，1.2=6/5，2又1/4=9/4。三項同乘 20 得 15：24：45，再同除以 3，最簡為 5：8：15。,0.75=[[frac:3|4]]，1.2=[[frac:6|5]]，[[frac:2又1|4]]=[[frac:9|4]]。三項同乘 20 得 15：24：45，再同除以 3，最簡為 5：8：15。,False,False,False,True,False,RENDERER_REPAIR
u18-s002-v004,u18,continued-ratio-application,mc,steps[1],32÷4=8 公裡/份。,32÷4=8 [[frac:公裡|份]]。,False,False,False,True,False,RENDERER_REPAIR
u18-s004-cr001,u18,continued-ratio-word,cr,standardSolution,甲：乙=9：12，乙：丙=12：10，所以甲：乙：丙=9：12：10。總份數31，每份7600/31 元，所得不是整數元。若獎金必須以整數元分配，題目資料不相容；若允許分數元，三人分別為 68400/31、91200/31、76000/31 元。,甲：乙=9：12，乙：丙=12：10，所以甲：乙：丙=9：12：10。總份數31，[[frac:每份7600|31]] 元，所得不是整數元。若獎金必須以整數元分配，題目資料不相容；若允許分數元，三人分別為 [[frac:68400|31]]、[[frac:91200|31]]、[[frac:76000|31]] 元。,False,False,False,True,False,RENDERER_REPAIR
u18-s004-v010,u18,continued-ratio-word,mc,explanation,統一糖為 6 份：麵粉:糖=15:6，糖:奶油=6:8，總比 15:6:8。總份數 29，1740÷29=60 公克/份，麵粉 15 份為 900 公克。,統一糖為 6 份：麵粉:糖=15:6，糖:奶油=6:8，總比 15:6:8。總份數 29，1740÷29=60 [[frac:公克|份]]，麵粉 15 份為 900 公克。,False,False,False,True,False,RENDERER_REPAIR
u18-s006-cr001,u18,similar-triangles,cr,reasoningSteps[1],求倍率7/4。,[[frac:求倍率7|4]]。,False,False,False,True,False,RENDERER_REPAIR
u18-s006-v007,u18,similar-triangles,mc,explanation,相似倍率大/小=DE/AB=10/4=2.5；小三角形周長 4+6+7=17，大周長 17×2.5=42.5。,[[frac:相似倍率大|小]]=[[frac:DE|AB]]=[[frac:10|4]]=2.5；小三角形周長 4+6+7=17，大周長 17×2.5=42.5。,False,False,False,True,False,RENDERER_REPAIR
u18-s008-cr001,u18,similarity-sas,cr,alternativeMethod,可用大對小倍率10/6=15/9=5/3，再配合夾角50°。,[[frac:可用大對小倍率10|6]]=[[frac:15|9]]=[[frac:5|3]]，再配合夾角50°。,False,False,False,True,False,RENDERER_REPAIR
u18-s008-cr002,u18,similarity-sas,cr,standardSolution,雖然夾角都是60°，但4/8=1/2，而7/13≠1/2，所以兩組夾邊不成比例，不能用SAS判定相似；資料也不足以改用其他相似判定。,雖然夾角都是60°，[[frac:但4|8]]=[[frac:1|2]]，[[frac:而7|13≠1]]/2，所以兩組夾邊不成比例，不能用SAS判定相似；資料也不足以改用其他相似判定。,False,False,False,True,False,RENDERER_REPAIR
u18-s008-cr002,u18,similarity-sas,cr,independentReview.reviewNote,比較1/2與7/13，確認不等；並審核結論用語為『不能用SAS證明』而非無條件宣稱不相似。,[[frac:比較1|2與7]]/13，確認不等；並審核結論用語為『不能用SAS證明』而非無條件宣稱不相似。,False,False,False,True,False,RENDERER_REPAIR
u18-s009-cr001,u18,similarity-sss,cr,standardSolution,9/6=12/8=15/10=3/2，所以兩三角形依SSS相似，乙對甲線性倍率3/2。面積倍率=(3/2)²=9/4，乙面積=24×9/4=54 cm²。,[[frac:9|6]]=[[frac:12|8]]=[[frac:15|10]]=[[frac:3|2]]，所以兩三角形依SSS相似，[[frac:乙對甲線性倍率3|2]]。面積倍率=[[frac:(3|2)²]]=[[frac:9|4]]，乙面積=24×[[frac:9|4]]=54 cm²。,False,False,False,True,False,RENDERER_REPAIR
u18-s009-cr001,u18,similarity-sss,cr,reasoningSteps[1],檢查三組比皆3/2。,[[frac:檢查三組比皆3|2]]。,False,False,False,True,False,RENDERER_REPAIR
u18-s009-cr002,u18,similarity-sss,cr,standardSolution,第一組4+5=9>8，可構成三角形；第二組6+7.5=13.5>12，也可構成。且6/4=7.5/5=12/8=1.5，因此依SSS相似。,第一組4+5=9>8，可構成三角形；第二組6+7.5=13.5>12，也可構成。[[frac:且6|4]]=[[frac:7.5|5]]=[[frac:12|8]]=1.5，因此依SSS相似。,False,False,False,True,False,RENDERER_REPAIR
u18-s010-cr002,u18,similar-ratio-perimeter,cr,prompt,相似三角形甲的周長為42 cm，乙的一邊是甲對應邊的5/3倍。若乙三邊中兩邊為20 cm與25 cm，求第三邊並檢查三角形不等式。,相似三角形甲的周長為42 cm，[[frac:乙的一邊是甲對應邊的5|3倍]]。若乙三邊中兩邊為20 cm與25 cm，求第三邊並檢查三角形不等式。,False,False,False,True,True,RENDERER_REPAIR
u18-s010-cr002,u18,similar-ratio-perimeter,cr,reasoningSteps[0],辨認周長倍率5/3。,[[frac:辨認周長倍率5|3]]。,False,False,False,True,False,RENDERER_REPAIR
u18-s010-cr002,u18,similar-ratio-perimeter,cr,rubric[2].criteria,只把42乘5/3或只列70−20−25。,[[frac:只把42乘5|3或只列70]]−20−25。,False,False,False,True,False,RENDERER_REPAIR
u18-s010-v006,u18,similar-ratio-perimeter,mc,steps[0],確認 1.25 是新/原倍率。,確認 1.25 [[frac:是新|原倍率]]。,False,False,False,True,False,RENDERER_REPAIR
u18-s011-cr001,u18,similar-ratio-area,cr,prompt,兩相似圖形的相似比為4：7，小圖面積80 cm²。求大圖面積，並說明為何不能直接乘7/4。,兩相似圖形的相似比為4：7，小圖面積80 cm²。求大圖面積，[[frac:並說明為何不能直接乘7|4]]。,False,False,False,True,True,RENDERER_REPAIR
u18-s011-cr001,u18,similar-ratio-area,cr,standardSolution,大對小線性倍率=7/4，面積倍率=(7/4)²=49/16。大面積=80×49/16=245 cm²。不能只乘7/4，因面積同時受到兩個互相垂直方向的縮放。,大對小線性倍率=[[frac:7|4]]，面積倍率=[[frac:(7|4)²]]=[[frac:49|16]]。大面積=80×[[frac:49|16]]=245 cm²。[[frac:不能只乘7|4]]，因面積同時受到兩個互相垂直方向的縮放。,False,False,False,True,False,RENDERER_REPAIR
u18-s011-cr001,u18,similar-ratio-area,cr,reasoningSteps[0],寫線性倍率7/4。,[[frac:寫線性倍率7|4]]。,False,False,False,True,False,RENDERER_REPAIR
u18-s011-cr001,u18,similar-ratio-area,cr,reasoningSteps[1],平方為49/16。,[[frac:平方為49|16]]。,False,False,False,True,False,RENDERER_REPAIR
u18-s011-cr001,u18,similar-ratio-area,cr,rubric[2].criteria,只乘7/4得到140或只寫面積比16：49。,[[frac:只乘7|4得到140或只寫面積比16：49]]。,False,False,False,True,False,RENDERER_REPAIR
u18-s011-cr002,u18,similar-ratio-area,cr,reasoningSteps[2],33乘6/11。,[[frac:33乘6|11]]。,False,False,False,True,False,RENDERER_REPAIR
u18-s011-cr002,u18,similar-ratio-area,cr,rubric[2].criteria,直接用36/121乘33。,[[frac:直接用36|121乘33]]。,False,False,False,True,False,RENDERER_REPAIR
u18-s011-cr002,u18,similar-ratio-area,cr,independentReview.reviewNote,18/33=6/11，平方後36/121，與面積比一致。,[[frac:18|33]]=[[frac:6|11]]，[[frac:平方後36|121]]，與面積比一致。,False,False,False,True,False,RENDERER_REPAIR
u18-s011-v003,u18,similar-ratio-area,mc,explanation,大/小面積倍率=(3/2)²=9/4，所以大面積=18×9/4=40.5 cm²。,[[frac:大|小面積倍率]]=[[frac:(3|2)²]]=[[frac:9|4]]，所以大面積=18×[[frac:9|4]]=40.5 cm²。,False,False,False,True,False,RENDERER_REPAIR
u18-s011-v012,u18,similar-ratio-area,mc,steps[1],取大/小線性倍率 3/2。,[[frac:取大|小線性倍率]] [[frac:3|2]]。,False,False,False,True,False,RENDERER_REPAIR
u18-s012-cr001,u18,similar-height-measure,cr,alternativeMethod,水平距離倍率18/2.4=7.5，眼高1.6乘7.5得12。,[[frac:水平距離倍率18|2.4]]=7.5，眼高1.6乘7.5得12。,False,False,False,True,False,RENDERER_REPAIR
u18-s012-cr001,u18,similar-height-measure,cr,reasoningSteps[2],列H/18=1.6/2.4。,[[frac:列H|18]]=[[frac:1.6|2.4]]。,False,False,False,True,False,RENDERER_REPAIR
u18-s012-cr002,u18,similar-height-measure,cr,standardSolution,塔身相對自身底部高度H滿足H/14=1.2/2，所以H=8.4 m。塔底高0.8 m，因此塔頂相對觀測點水平面的高度=8.4+0.8=9.2 m。,[[frac:塔身相對自身底部高度H滿足H|14]]=[[frac:1.2|2]]，所以H=8.4 m。塔底高0.8 m，因此塔頂相對觀測點水平面的高度=8.4+0.8=9.2 m。,False,False,False,True,False,RENDERER_REPAIR
u18-s012-cr002,u18,similar-height-measure,cr,alternativeMethod,視線斜率為1.2/2=0.6，每水平14 m上升8.4 m，再加地勢0.8 m。,[[frac:視線斜率為1.2|2]]=0.6，每水平14 m上升8.4 m，再加地勢0.8 m。,False,False,False,True,False,RENDERER_REPAIR
u18-s012-cr002,u18,similar-height-measure,cr,rubric[2].criteria,只做1.2×14/2但沒有處理地勢。,只做1.2×[[frac:14|2但沒有處理地勢]]。,False,False,False,True,False,RENDERER_REPAIR
u18-s012-v001,u18,similar-height-measure,mc,explanation,兩直角三角形相似，塔高/10=1.5/2，所以塔高=7.5 m。,兩直角三角形相似，[[frac:塔高|10]]=[[frac:1.5|2]]，所以塔高=7.5 m。,False,False,False,True,False,RENDERER_REPAIR
u18-s012-v002,u18,similar-height-measure,mc,explanation,鏡面法有樹高/12=1.6/2，所以樹高=9.6 m。,[[frac:鏡面法有樹高|12]]=[[frac:1.6|2]]，所以樹高=9.6 m。,False,False,False,True,False,RENDERER_REPAIR
u18-s012-v003,u18,similar-height-measure,mc,explanation,牆頂高於眼睛的高度/8=0.5/1，所以眼上高度 4 m；牆總高=4+1.7=5.7 m。,[[frac:牆頂高於眼睛的高度|8]]=[[frac:0.5|1]]，所以眼上高度 4 m；牆總高=4+1.7=5.7 m。,False,False,False,True,False,RENDERER_REPAIR
u18-s012-v007,u18,similar-height-measure,mc,explanation,眼上高度/20=0.24/0.8=0.3，所以眼上高度 6 m；總高 6+1.6=7.6 m。,[[frac:眼上高度|20]]=[[frac:0.24|0.8]]=0.3，所以眼上高度 6 m；總高 6+1.6=7.6 m。,False,False,False,True,False,RENDERER_REPAIR
u18-s012-v010,u18,similar-height-measure,mc,explanation,塔高/18=1.5/3=1/2，所以塔高 9 m。,[[frac:塔高|18]]=[[frac:1.5|3]]=[[frac:1|2]]，所以塔高 9 m。,False,False,False,True,False,RENDERER_REPAIR
u18-s012-v011,u18,similar-height-measure,mc,explanation,鏡頭以上的旗桿高度/14=0.6/2，得 4.2 m；加鏡頭離地 1.4 m，總高 5.6 m。,[[frac:鏡頭以上的旗桿高度|14]]=[[frac:0.6|2]]，得 4.2 m；加鏡頭離地 1.4 m，總高 5.6 m。,False,False,False,True,False,RENDERER_REPAIR
u18-s013-cr002,u18,similar-shadow-problem,cr,standardSolution,兩筆資料相隔20分鐘，太陽高度角可能改變，因此1/1.7不能直接當作9:20樹的高影比。可在9:20同時重新量竿影，或在9:00同時量樹影；取得同時刻資料後再列比例。,兩筆資料相隔20分鐘，太陽高度角可能改變，[[frac:因此1|1.7不能直接當作9:20樹的高影比]]。可在9:20同時重新量竿影，或在9:00同時量樹影；取得同時刻資料後再列比例。,False,False,False,True,False,RENDERER_REPAIR
u18-s013-v001,u18,similar-shadow-problem,mc,explanation,同一時刻太陽光方向相同，形成相似三角形；旗桿高/6=1.2/0.8，因此旗桿高=9 m。,同一時刻太陽光方向相同，形成相似三角形；[[frac:旗桿高|6]]=[[frac:1.2|0.8]]，因此旗桿高=9 m。,False,False,False,True,False,RENDERER_REPAIR
u18-s014-v012,u18,ratio-perimeter-application,mc,unitAndRoundingCheck,3.5 m×120 元/m=420 元。,3.5 m×120 [[frac:元|m]]=420 元。,False,False,False,True,False,RENDERER_REPAIR
u18-s015-cr001,u18,ratio-area-application,cr,unitAndNotationRules,面積m²，覆蓋率m²/L，結果L；若題意採購整公升需向上取整。,面積m²，[[frac:覆蓋率m²|L]]，結果L；若題意採購整公升需向上取整。,False,False,False,True,False,RENDERER_REPAIR
u18-s015-cr002,u18,ratio-area-application,cr,standardSolution,大：小面積比=25：9。小磚面積=0.25×9/25=0.09 m²。大磚需要30÷0.25=120片；小磚需要30÷0.09=333又1/3片，因此實務上至少334片。,大：小面積比=25：9。小磚面積=0.25×[[frac:9|25]]=0.09 m²。大磚需要30÷0.25=120片；小磚需要30÷0.09=[[frac:333又1|3片]]，因此實務上至少334片。,False,False,False,True,False,RENDERER_REPAIR
u18-s015-cr002,u18,ratio-area-application,cr,alternativeMethod,片數與單片面積成反比；小磚片數理論上是大磚的25/9倍，即120×25/9=333又1/3。,片數與單片面積成反比；[[frac:小磚片數理論上是大磚的25|9倍]]，即120×[[frac:25|9]]=[[frac:333又1|3]]。,False,False,False,True,False,RENDERER_REPAIR
u18-s015-cr002,u18,ratio-area-application,cr,reasoningSteps[3],求小磚理論333又1/3並向上取整334片。,[[frac:求小磚理論333又1|3並向上取整334片]]。,False,False,False,True,False,RENDERER_REPAIR
u18-s016-cr002,u18,similarity-literacy,cr,independentReview.reviewNote,影印後長寬比3/2.4=1.25，原圖4/3≈1.333，不同；原圖換算得800 m×600 m=480000 m²。,[[frac:影印後長寬比3|2.4]]=1.25，[[frac:原圖4|3≈1.333]]，不同；原圖換算得800 m×600 m=480000 m²。,False,False,False,True,False,RENDERER_REPAIR
u19-s002-cr002,u19,arc-angle,cr,alternativeSolutions[0],也可寫(x+12)=(3x+6)/2後解。,也可寫(x+12)=[[frac:3x+6|2後解]]。,False,False,False,True,False,RENDERER_REPAIR
u19-s002-v011,u19,arc-angle,mc,givenConditions,劣弧AB占3/8；C在另一弧。,[[frac:劣弧AB占3|8]]；C在另一弧。,False,False,False,True,False,RENDERER_REPAIR
u19-s002-v011,u19,arc-angle,mc,independentSolution,不採用儲存答案，直接依「劣弧AB占3/8；C在另一弧。」重算：劣弧AB為360°×3/8=135°，圓周角為135°÷2=67.5°。,不採用儲存答案，[[frac:直接依「劣弧AB占3|8]]；C在另一弧。」重算：劣弧AB為360°×[[frac:3|8]]=135°，圓周角為135°÷2=67.5°。,False,False,False,True,False,RENDERER_REPAIR
u19-s002-v011,u19,arc-angle,mc,optionAnalysis[1].reason,把3/8誤作1/4。,[[frac:把3|8誤作1]]/4。,False,False,False,True,False,RENDERER_REPAIR
u19-s004-cr001,u19,arc-length,cr,commonErrors[1],把200/360簡化錯。,[[frac:把200|360簡化錯]]。,False,False,False,True,False,RENDERER_REPAIR
u19-s004-cr002,u19,arc-length,cr,standardSolution[0],72°占整圓1/5，所以整圓周長=4π×5=20π cm。,[[frac:72°占整圓1|5]]，所以整圓周長=4π×5=20π cm。,False,False,False,True,False,RENDERER_REPAIR
u19-s004-cr002,u19,arc-length,cr,fullCreditSolution[0],72°占整圓1/5，所以整圓周長=4π×5=20π cm。,[[frac:72°占整圓1|5]]，所以整圓周長=4π×5=20π cm。,False,False,False,True,False,RENDERER_REPAIR
u19-s004-cr002,u19,arc-length,cr,alternativeSolutions[0],也可直接列4π=(72/360)2πr求r。,也可直接列4π=[[frac:(72|360)2πr求r]]。,False,False,False,True,False,RENDERER_REPAIR
u19-s004-cr002,u19,arc-length,cr,reasoningSteps[0],72°占整圓1/5，所以整圓周長=4π×5=20π cm。,[[frac:72°占整圓1|5]]，所以整圓周長=4π×5=20π cm。,False,False,False,True,False,RENDERER_REPAIR
u19-s004-cr002,u19,arc-length,cr,rubric[2].criteria,知道72°占1/5並建立正確關係。,[[frac:知道72°占1|5並建立正確關係]]。,False,False,False,True,False,RENDERER_REPAIR
u19-s004-cr002,u19,arc-length,cr,commonErrors[0],把72°當1/4圓。,[[frac:把72°當1|4圓]]。,False,False,False,True,False,RENDERER_REPAIR
u19-s004-v004,u19,arc-length,mc,independentSolution,不採用儲存答案，直接依「r=6 cm；θ=120°。」重算：120°占整圓1/3，整圓周長12π，所以弧長4π cm。,不採用儲存答案，直接依「r=6 cm；θ=120°。[[frac:」重算：120°占整圓1|3]]，整圓周長12π，所以弧長4π cm。,False,False,False,True,False,RENDERER_REPAIR
u19-s004-v004,u19,arc-length,mc,explanation,120°占整圓1/3，整圓周長12π，所以弧長4π cm。 因此唯一正確選項是「4π cm」。,[[frac:120°占整圓1|3]]，整圓周長12π，所以弧長4π cm。 因此唯一正確選項是「4π cm」。,False,False,False,True,False,RENDERER_REPAIR
u19-s004-v004,u19,arc-length,mc,optionAnalysis[0].reason,錯用1/6。,[[frac:錯用1|6]]。,False,False,False,True,False,RENDERER_REPAIR
u19-s004-v004,u19,arc-length,mc,optionAnalysis[2].reason,依題目條件重新計算：120°占整圓1/3，整圓周長12π，所以弧長4π cm。,[[frac:依題目條件重新計算：120°占整圓1|3]]，整圓周長12π，所以弧長4π cm。,False,False,False,True,False,RENDERER_REPAIR
u19-s004-v004,u19,arc-length,mc,difficultyReason,standard：按比例求一般弧長。 解題需完成「120/360=1/3。；1/3×12π=4π。」。,standard：按比例求一般弧長。 [[frac:解題需完成「120|360]]=[[frac:1|3]]。；[[frac:1|3]]×12π=4π。」。,False,False,False,True,False,RENDERER_REPAIR
u19-s004-v005,u19,arc-length,mc,independentSolution,不採用儲存答案，直接依「72°弧長3π cm。」重算：72°占整圓1/5，所以整圓周長=3π×5=15π cm。,不採用儲存答案，直接依「72°弧長3π cm。[[frac:」重算：72°占整圓1|5]]，所以整圓周長=3π×5=15π cm。,False,False,False,True,False,RENDERER_REPAIR
u19-s004-v005,u19,arc-length,mc,explanation,72°占整圓1/5，所以整圓周長=3π×5=15π cm。 因此唯一正確選項是「15π cm」。,[[frac:72°占整圓1|5]]，所以整圓周長=3π×5=15π cm。 因此唯一正確選項是「15π cm」。,False,False,False,True,False,RENDERER_REPAIR
u19-s004-v005,u19,arc-length,mc,optionAnalysis[0].reason,依題目條件重新計算：72°占整圓1/5，所以整圓周長=3π×5=15π cm。,[[frac:依題目條件重新計算：72°占整圓1|5]]，所以整圓周長=3π×5=15π cm。,False,False,False,True,False,RENDERER_REPAIR
u19-s004-v005,u19,arc-length,mc,optionAnalysis[2].reason,錯認72°占1/4。,[[frac:錯認72°占1|4]]。,False,False,False,True,False,RENDERER_REPAIR
u19-s004-v005,u19,arc-length,mc,optionAnalysis[3].reason,錯認占1/6。,[[frac:錯認占1|6]]。,False,False,False,True,False,RENDERER_REPAIR
u19-s004-v005,u19,arc-length,mc,difficultyReason,standard：由弧長反求圓周長。 解題需完成「72/360=1/5。；3π÷1/5=15π。」。,standard：由弧長反求圓周長。 [[frac:解題需完成「72|360]]=[[frac:1|5]]。；3π÷[[frac:1|5]]=15π。」。,False,False,False,True,False,RENDERER_REPAIR
u19-s004-v007,u19,arc-length,mc,independentSolution,不採用儲存答案，直接依「r=9 cm；兩相鄰弧80°與40°。」重算：相鄰弧合成中心角120°，占整圓1/3；整圓周長18π，故總弧長6π。,不採用儲存答案，直接依「r=9 cm；兩相鄰弧80°與40°。」重算：相鄰弧合成中心角120°，[[frac:占整圓1|3]]；整圓周長18π，故總弧長6π。,False,False,False,True,False,RENDERER_REPAIR
u19-s004-v007,u19,arc-length,mc,explanation,相鄰弧合成中心角120°，占整圓1/3；整圓周長18π，故總弧長6π。 因此唯一正確選項是「6π cm」。,相鄰弧合成中心角120°，[[frac:占整圓1|3]]；整圓周長18π，故總弧長6π。 因此唯一正確選項是「6π cm」。,False,False,False,True,False,RENDERER_REPAIR
u19-s004-v007,u19,arc-length,mc,optionAnalysis[2].reason,依題目條件重新計算：相鄰弧合成中心角120°，占整圓1/3；整圓周長18π，故總弧長6π。,依題目條件重新計算：相鄰弧合成中心角120°，[[frac:占整圓1|3]]；整圓周長18π，故總弧長6π。,False,False,False,True,False,RENDERER_REPAIR
u19-s004-v007,u19,arc-length,mc,optionAnalysis[3].reason,把120°當2/3圓。,[[frac:把120°當2|3圓]]。,False,False,False,True,False,RENDERER_REPAIR
u19-s004-v008,u19,arc-length,mc,independentSolution,不採用儲存答案，直接依「同端點優弧270°、劣弧90°，長差10π。」重算：270°弧與90°弧的長度差是整圓周長的1/2，即πr。由πr=10π得r=10。,不採用儲存答案，直接依「同端點優弧270°、劣弧90°，長差10π。[[frac:」重算：270°弧與90°弧的長度差是整圓周長的1|2]]，即πr。由πr=10π得r=10。,False,False,False,True,False,RENDERER_REPAIR
u19-s004-v008,u19,arc-length,mc,explanation,270°弧與90°弧的長度差是整圓周長的1/2，即πr。由πr=10π得r=10。 因此唯一正確選項是「10」。,[[frac:270°弧與90°弧的長度差是整圓周長的1|2]]，即πr。由πr=10π得r=10。 因此唯一正確選項是「10」。,False,False,False,True,False,RENDERER_REPAIR
u19-s004-v008,u19,arc-length,mc,steps[0],270°−90°=180°，差占整圓1/2。,270°−90°=180°，[[frac:差占整圓1|2]]。,False,False,False,True,False,RENDERER_REPAIR
u19-s004-v008,u19,arc-length,mc,optionAnalysis[3].reason,依題目條件重新計算：270°弧與90°弧的長度差是整圓周長的1/2，即πr。由πr=10π得r=10。,[[frac:依題目條件重新計算：270°弧與90°弧的長度差是整圓周長的1|2]]，即πr。由πr=10π得r=10。,False,False,False,True,False,RENDERER_REPAIR
u19-s004-v008,u19,arc-length,mc,difficultyReason,advanced：由兩弧長差反求半徑。 解題需完成「270°−90°=180°，差占整圓1/2。；差弧長=(1/2)×2πr=πr。；πr=10π，所以r=10。」。,advanced：由兩弧長差反求半徑。 解題需完成「270°−90°=180°，[[frac:差占整圓1|2]]。；差弧長=[[frac:(1|2)]]×2πr=πr。；πr=10π，所以r=10。」。,False,False,False,True,False,RENDERER_REPAIR
u19-s004-v010,u19,arc-length,mc,steps[1],取1/2得35π。,[[frac:取1|2得35π]]。,False,False,False,True,False,RENDERER_REPAIR
u19-s004-v010,u19,arc-length,mc,difficultyReason,literacy：把輪子半圈轉動轉成弧長。 解題需完成「2π×35=70π。；取1/2得35π。」。,literacy：把輪子半圈轉動轉成弧長。 解題需完成「2π×35=70π。；[[frac:取1|2得35π]]。」。,False,False,False,True,False,RENDERER_REPAIR
u19-s004-v012,u19,arc-length,mc,optionAnalysis[0].reason,只取1/3。,[[frac:只取1|3]]。,False,False,False,True,False,RENDERER_REPAIR
u19-s004-v012,u19,arc-length,mc,optionAnalysis[2].reason,把240°誤作4/3圈。,[[frac:把240°誤作4|3圈]]。,False,False,False,True,False,RENDERER_REPAIR
u19-s004-v012,u19,arc-length,mc,difficultyReason,literacy：計算大型裝飾弧長。 解題需完成「240/360=2/3。；整圓周長3π。；乘得2π。」。,literacy：計算大型裝飾弧長。 [[frac:解題需完成「240|360]]=[[frac:2|3]]。；整圓周長3π。；乘得2π。」。,False,False,False,True,False,RENDERER_REPAIR
u19-s007-v009,u19,central-angle-arc,mc,optionAnalysis[3].reason,用優弧的3/5但算錯。,[[frac:用優弧的3|5但算錯]]。,False,False,False,True,False,RENDERER_REPAIR
u19-s008-cr001,u19,arc-length-formula,cr,rubric[0].criteria,周長30π、比例1/3、角120°完整。,周長30π、[[frac:比例1|3]]、角120°完整。,False,False,False,True,False,RENDERER_REPAIR
u19-s008-cr001,u19,arc-length-formula,cr,independentReview.derivedResult,中心角120°，弧占整周1/3。,中心角120°，[[frac:弧占整周1|3]]。,False,False,False,True,False,RENDERER_REPAIR
u19-s008-cr001,u19,arc-length-formula,cr,independentReview.reviewNote,u19-s008-cr001 由題目條件另行推導得到「中心角120°，弧占整周1/3。」；評分規準逐步對應本題所需的定理、列式、運算與單位。,u19-s008-cr001 由題目條件另行推導得到「中心角120°，[[frac:弧占整周1|3]]。」；評分規準逐步對應本題所需的定理、列式、運算與單位。,False,False,False,True,False,RENDERER_REPAIR
u19-s008-cr002,u19,arc-length-formula,cr,commonErrors[0],150/360約分錯。,[[frac:150|360約分錯]]。,False,False,False,True,False,RENDERER_REPAIR
u19-s008-v001,u19,arc-length-formula,mc,independentSolution,不採用儲存判斷，重新計算：80/360=2/9，整圓周為2π×9=18π，因此弧長=(2/9)×18π=4π cm。小安的列式與結果皆正確。,不採用儲存判斷，[[frac:重新計算：80|360]]=[[frac:2|9]]，整圓周為2π×9=18π，因此弧長=[[frac:(2|9)]]×18π=4π cm。小安的列式與結果皆正確。,False,False,False,True,False,RENDERER_REPAIR
u19-s008-v004,u19,arc-length-formula,mc,independentSolution,不採用儲存答案，直接依「r=10 cm；L=5π cm。」重算：整圓周長20π，弧占1/4，所以中心角90°。,不採用儲存答案，直接依「r=10 cm；L=5π cm。」重算：整圓周長20π，[[frac:弧占1|4]]，所以中心角90°。,False,False,False,True,False,RENDERER_REPAIR
u19-s008-v004,u19,arc-length-formula,mc,explanation,整圓周長20π，弧占1/4，所以中心角90°。 因此唯一正確選項是「90°」。,整圓周長20π，[[frac:弧占1|4]]，所以中心角90°。 因此唯一正確選項是「90°」。,False,False,False,True,False,RENDERER_REPAIR
u19-s008-v004,u19,arc-length-formula,mc,optionAnalysis[1].reason,依題目條件重新計算：整圓周長20π，弧占1/4，所以中心角90°。,依題目條件重新計算：整圓周長20π，[[frac:弧占1|4]]，所以中心角90°。,False,False,False,True,False,RENDERER_REPAIR
u19-s008-v004,u19,arc-length-formula,mc,difficultyReason,standard：由弧長反求中心角。 解題需完成「5π/20π=1/4。；360×1/4=90°。」。,standard：由弧長反求中心角。 [[frac:解題需完成「5π|20π]]=[[frac:1|4]]。；360×[[frac:1|4]]=90°。」。,False,False,False,True,False,RENDERER_REPAIR
u19-s008-v005,u19,arc-length-formula,mc,independentSolution,不採用儲存答案，直接依「θ=120°；L=8π cm。」重算：8π=(120/360)×2πr=(2πr)/3，所以r=12。,不採用儲存答案，直接依「θ=120°；L=8π cm。」重算：8π=[[frac:(120|360)]]×2πr=[[frac:2πr|3，所以r]]=12。,False,False,False,True,False,RENDERER_REPAIR
u19-s008-v005,u19,arc-length-formula,mc,explanation,8π=(120/360)×2πr=(2πr)/3，所以r=12。 因此唯一正確選項是「12 cm」。,8π=[[frac:(120|360)]]×2πr=[[frac:2πr|3，所以r]]=12。 因此唯一正確選項是「12 cm」。,False,False,False,True,False,RENDERER_REPAIR
u19-s008-v005,u19,arc-length-formula,mc,steps[0],比例1/3。,[[frac:比例1|3]]。,False,False,False,True,False,RENDERER_REPAIR
u19-s008-v005,u19,arc-length-formula,mc,optionAnalysis[0].reason,依題目條件重新計算：8π=(120/360)×2πr=(2πr)/3，所以r=12。,依題目條件重新計算：8π=[[frac:(120|360)]]×2πr=[[frac:2πr|3，所以r]]=12。,False,False,False,True,False,RENDERER_REPAIR
u19-s008-v005,u19,arc-length-formula,mc,difficultyReason,standard：由弧長反求半徑。 解題需完成「比例1/3。；8π=2πr/3。；r=12。」。,standard：由弧長反求半徑。 [[frac:解題需完成「比例1|3]]。；8π=[[frac:2πr|3]]。；r=12。」。,False,False,False,True,False,RENDERER_REPAIR
u19-s008-v006,u19,arc-length-formula,mc,independentSolution,不採用儲存答案，直接依「r=5 m；θ=72°；π=3.14。」重算：72/360=1/5，整圓周長31.4 m，取1/5得6.28 m。,不採用儲存答案，直接依「r=5 m；θ=72°；π=3.14。[[frac:」重算：72|360]]=[[frac:1|5]]，整圓周長31.4 m，[[frac:取1|5得6.28]] m。,False,False,False,True,False,RENDERER_REPAIR
u19-s008-v006,u19,arc-length-formula,mc,explanation,72/360=1/5，整圓周長31.4 m，取1/5得6.28 m。 因此唯一正確選項是「6.28 m」。,[[frac:72|360]]=[[frac:1|5]]，整圓周長31.4 m，[[frac:取1|5得6.28]] m。 因此唯一正確選項是「6.28 m」。,False,False,False,True,False,RENDERER_REPAIR
u19-s008-v006,u19,arc-length-formula,mc,steps[0],求比例1/5。,[[frac:求比例1|5]]。,False,False,False,True,False,RENDERER_REPAIR
u19-s008-v006,u19,arc-length-formula,mc,optionAnalysis[1].reason,依題目條件重新計算：72/360=1/5，整圓周長31.4 m，取1/5得6.28 m。,[[frac:依題目條件重新計算：72|360]]=[[frac:1|5]]，整圓周長31.4 m，[[frac:取1|5得6.28]] m。,False,False,False,True,False,RENDERER_REPAIR
u19-s008-v006,u19,arc-length-formula,mc,optionAnalysis[2].reason,取2/5。,[[frac:取2|5]]。,False,False,False,True,False,RENDERER_REPAIR
u19-s008-v006,u19,arc-length-formula,mc,difficultyReason,standard：依指定π求弧長近似值。 解題需完成「求比例1/5。；2×3.14×5=31.4。；31.4÷5=6.28。」。,standard：依指定π求弧長近似值。 [[frac:解題需完成「求比例1|5]]。；2×3.14×5=31.4。；31.4÷5=6.28。」。,False,False,False,True,False,RENDERER_REPAIR
u19-s008-v007,u19,arc-length-formula,mc,steps[0],列3/2=3x/(x+30)。,[[frac:列3|2]]=[[frac:3x|(x]]+30)。,False,False,False,True,False,RENDERER_REPAIR
u19-s008-v007,u19,arc-length-formula,mc,difficultyReason,advanced：用同圓弧長比反求角參數。 解題需完成「列3/2=3x/(x+30)。；交叉相乘3x+90=6x。；x=30。」。,advanced：用同圓弧長比反求角參數。 [[frac:解題需完成「列3|2]]=[[frac:3x|(x]]+30)。；交叉相乘3x+90=6x。；x=30。」。,False,False,False,True,False,RENDERER_REPAIR
u19-s008-v008,u19,arc-length-formula,mc,independentSolution,不採用儲存答案，直接依「L=10π cm；r=15 cm。」重算：整圓周長30π，弧占1/3，中心角120°。,不採用儲存答案，直接依「L=10π cm；r=15 cm。」重算：整圓周長30π，[[frac:弧占1|3]]，中心角120°。,False,False,False,True,False,RENDERER_REPAIR
u19-s008-v008,u19,arc-length-formula,mc,explanation,整圓周長30π，弧占1/3，中心角120°。 因此唯一正確選項是「120°」。,整圓周長30π，[[frac:弧占1|3]]，中心角120°。 因此唯一正確選項是「120°」。,False,False,False,True,False,RENDERER_REPAIR
u19-s008-v008,u19,arc-length-formula,mc,optionAnalysis[3].reason,依題目條件重新計算：整圓周長30π，弧占1/3，中心角120°。,依題目條件重新計算：整圓周長30π，[[frac:弧占1|3]]，中心角120°。,False,False,False,True,False,RENDERER_REPAIR
u19-s008-v008,u19,arc-length-formula,mc,difficultyReason,advanced：由一般弧長反求角度。 解題需完成「10π/30π=1/3。；360×1/3=120。」。,advanced：由一般弧長反求角度。 [[frac:解題需完成「10π|30π]]=[[frac:1|3]]。；360×[[frac:1|3]]=120。」。,False,False,False,True,False,RENDERER_REPAIR
u19-s008-v010,u19,arc-length-formula,mc,difficultyReason,literacy：把旋轉臂末端路徑建模為弧長。 解題需完成「135/360=3/8。；2πr=1.6π。；相乘0.6π。」。,literacy：把旋轉臂末端路徑建模為弧長。 [[frac:解題需完成「135|360]]=[[frac:3|8]]。；2πr=1.6π。；相乘0.6π。」。,False,False,False,True,False,RENDERER_REPAIR
u19-s008-v011,u19,arc-length-formula,mc,difficultyReason,literacy：計算旋轉門端點行程。 解題需完成「100/360=5/18。；整圓周長180π。；相乘得50π。」。,literacy：計算旋轉門端點行程。 [[frac:解題需完成「100|360]]=[[frac:5|18]]。；整圓周長180π。；相乘得50π。」。,False,False,False,True,False,RENDERER_REPAIR
u19-s008-v012,u19,arc-length-formula,mc,explanation,整圓周長50π m，10π÷50π=1/5。 因此唯一正確選項是「1/5」。,整圓周長50π m，10π÷50π=[[frac:1|5]]。 [[frac:因此唯一正確選項是「1|5」]]。,False,False,False,True,False,RENDERER_REPAIR
u19-s008-v012,u19,arc-length-formula,mc,steps[1],弧長除以周長得1/5。,[[frac:弧長除以周長得1|5]]。,False,False,False,True,False,RENDERER_REPAIR
u19-s008-v012,u19,arc-length-formula,mc,difficultyReason,literacy：由軌道弧長求整圈占比。 解題需完成「求整圓周長50π。；弧長除以周長得1/5。」。,literacy：由軌道弧長求整圈占比。 解題需完成「求整圓周長50π。；[[frac:弧長除以周長得1|5]]。」。,False,False,False,True,False,RENDERER_REPAIR
u19-s009-cr002,u19,circle-inscribed-basic,cr,rubric[0].criteria,132°與兩側/互補理由完整。,[[frac:132°與兩側|互補理由完整]]。,False,False,False,True,False,RENDERER_REPAIR
u19-s010-cr001,u19,sector-area,cr,standardSolution[0],240°占2/3，所以(2/3)πr²=96π，r²=144，r=12 cm。,[[frac:240°占2|3]]，[[frac:所以(2|3)πr²]]=96π，r²=144，r=12 cm。,False,False,False,True,False,RENDERER_REPAIR
u19-s010-cr001,u19,sector-area,cr,standardSolution[1],60°占1/6，面積=(1/6)×144π=24π cm²。,[[frac:60°占1|6]]，面積=[[frac:(1|6)]]×144π=24π cm²。,False,False,False,True,False,RENDERER_REPAIR
u19-s010-cr001,u19,sector-area,cr,fullCreditSolution[0],240°占2/3，所以(2/3)πr²=96π，r²=144，r=12 cm。,[[frac:240°占2|3]]，[[frac:所以(2|3)πr²]]=96π，r²=144，r=12 cm。,False,False,False,True,False,RENDERER_REPAIR
u19-s010-cr001,u19,sector-area,cr,fullCreditSolution[1],60°占1/6，面積=(1/6)×144π=24π cm²。,[[frac:60°占1|6]]，面積=[[frac:(1|6)]]×144π=24π cm²。,False,False,False,True,False,RENDERER_REPAIR
u19-s010-cr001,u19,sector-area,cr,reasoningSteps[0],240°占2/3，所以(2/3)πr²=96π，r²=144，r=12 cm。,[[frac:240°占2|3]]，[[frac:所以(2|3)πr²]]=96π，r²=144，r=12 cm。,False,False,False,True,False,RENDERER_REPAIR
u19-s010-cr001,u19,sector-area,cr,reasoningSteps[1],60°占1/6，面積=(1/6)×144π=24π cm²。,[[frac:60°占1|6]]，面積=[[frac:(1|6)]]×144π=24π cm²。,False,False,False,True,False,RENDERER_REPAIR
u19-s010-cr001,u19,sector-area,cr,commonErrors[0],240/360化簡錯。,[[frac:240|360化簡錯]]。,False,False,False,True,False,RENDERER_REPAIR
u19-s010-cr002,u19,sector-area,cr,standardSolution[0],72°占1/5。,[[frac:72°占1|5]]。,False,False,False,True,False,RENDERER_REPAIR
u19-s010-cr002,u19,sector-area,cr,fullCreditSolution[0],72°占1/5。,[[frac:72°占1|5]]。,False,False,False,True,False,RENDERER_REPAIR
u19-s010-cr002,u19,sector-area,cr,reasoningSteps[0],72°占1/5。,[[frac:72°占1|5]]。,False,False,False,True,False,RENDERER_REPAIR
u19-s010-cr002,u19,sector-area,cr,rubric[2].criteria,正確建立1/5面積。,[[frac:正確建立1|5面積]]。,False,False,False,True,False,RENDERER_REPAIR
u19-s010-cr002,u19,sector-area,cr,commonErrors[0],72°誤作1/4。,[[frac:72°誤作1|4]]。,False,False,False,True,False,RENDERER_REPAIR
u19-s010-v001,u19,sector-area,mc,steps[0],比例1/3。,[[frac:比例1|3]]。,False,False,False,True,False,RENDERER_REPAIR
u19-s010-v001,u19,sector-area,mc,difficultyReason,basic：套用扇形面積公式。 解題需完成「比例1/3。；圓面積36π。；相乘12π。」。,basic：套用扇形面積公式。 [[frac:解題需完成「比例1|3]]。；圓面積36π。；相乘12π。」。,False,False,False,True,False,RENDERER_REPAIR
u19-s010-v003,u19,sector-area,mc,independentSolution,不採用儲存答案，直接依「d=10 cm。」重算：半徑5，整圓面積25π，半圓為25π/2 cm²。,不採用儲存答案，直接依「d=10 cm。」重算：半徑5，整圓面積25π，[[frac:半圓為25π|2]] cm²。,False,False,False,True,False,RENDERER_REPAIR
u19-s010-v003,u19,sector-area,mc,explanation,半徑5，整圓面積25π，半圓為25π/2 cm²。 因此唯一正確選項是「25π/2 cm²」。,半徑5，整圓面積25π，[[frac:半圓為25π|2]] cm²。 [[frac:因此唯一正確選項是「25π|2]] cm²」。,False,False,False,True,False,RENDERER_REPAIR
u19-s010-v003,u19,sector-area,mc,optionAnalysis[3].reason,依題目條件重新計算：半徑5，整圓面積25π，半圓為25π/2 cm²。,依題目條件重新計算：半徑5，整圓面積25π，[[frac:半圓為25π|2]] cm²。,False,False,False,True,False,RENDERER_REPAIR
u19-s010-v005,u19,sector-area,mc,independentSolution,不採用儲存答案，直接依「θ=270°；A=48π cm²。」重算：3/4πr²=48π，r²=64，r=8 cm。,不採用儲存答案，直接依「θ=270°；A=48π cm²。[[frac:」重算：3|4πr²]]=48π，r²=64，r=8 cm。,False,False,False,True,False,RENDERER_REPAIR
u19-s010-v005,u19,sector-area,mc,optionAnalysis[2].reason,依題目條件重新計算：3/4πr²=48π，r²=64，r=8 cm。,[[frac:依題目條件重新計算：3|4πr²]]=48π，r²=64，r=8 cm。,False,False,False,True,False,RENDERER_REPAIR
u19-s010-v005,u19,sector-area,mc,difficultyReason,standard：由扇形面積反求半徑。 解題需完成「270/360=3/4。；r²=48×4/3=64。；取正根8。」。,standard：由扇形面積反求半徑。 [[frac:解題需完成「270|360]]=[[frac:3|4]]。；r²=48×[[frac:4|3]]=64。；取正根8。」。,False,False,False,True,False,RENDERER_REPAIR
u19-s010-v007,u19,sector-area,mc,independentSolution,不採用儲存答案，直接依「同一半徑12 cm圓；面積差24π。」重算：整圓面積144π；24π占整圓1/6，因此中心角差360°×1/6=60°。,不採用儲存答案，直接依「同一半徑12 cm圓；面積差24π。」重算：整圓面積144π；[[frac:24π占整圓1|6]]，因此中心角差360°×[[frac:1|6]]=60°。,False,False,False,True,False,RENDERER_REPAIR
u19-s010-v007,u19,sector-area,mc,explanation,整圓面積144π；24π占整圓1/6，因此中心角差360°×1/6=60°。 因此唯一正確選項是「60°」。,整圓面積144π；[[frac:24π占整圓1|6]]，因此中心角差360°×[[frac:1|6]]=60°。 因此唯一正確選項是「60°」。,False,False,False,True,False,RENDERER_REPAIR
u19-s010-v007,u19,sector-area,mc,steps[0],求面積差占比24/144=1/6。,[[frac:求面積差占比24|144]]=[[frac:1|6]]。,False,False,False,True,False,RENDERER_REPAIR
u19-s010-v007,u19,sector-area,mc,optionAnalysis[1].reason,誤認1/4。,[[frac:誤認1|4]]。,False,False,False,True,False,RENDERER_REPAIR
u19-s010-v007,u19,sector-area,mc,optionAnalysis[2].reason,誤認1/3。,[[frac:誤認1|3]]。,False,False,False,True,False,RENDERER_REPAIR
u19-s010-v007,u19,sector-area,mc,optionAnalysis[3].reason,依題目條件重新計算：整圓面積144π；24π占整圓1/6，因此中心角差360°×1/6=60°。,依題目條件重新計算：整圓面積144π；[[frac:24π占整圓1|6]]，因此中心角差360°×[[frac:1|6]]=60°。,False,False,False,True,False,RENDERER_REPAIR
u19-s010-v007,u19,sector-area,mc,difficultyReason,advanced：由扇形面積差求角差。 解題需完成「求面積差占比24/144=1/6。；轉成角差60°。」。,advanced：由扇形面積差求角差。 [[frac:解題需完成「求面積差占比24|144]]=[[frac:1|6]]。；轉成角差60°。」。,False,False,False,True,False,RENDERER_REPAIR
u19-s010-v008,u19,sector-area,mc,givenConditions,新r=1.5舊r；新θ=2/3舊θ。,新r=1.5舊r；新θ=[[frac:2|3舊θ]]。,False,False,False,True,False,RENDERER_REPAIR
u19-s010-v008,u19,sector-area,mc,independentSolution,不採用儲存答案，直接依「新r=1.5舊r；新θ=2/3舊θ。」重算：面積比例=(1.5)²×(2/3)=2.25×2/3=1.5=3/2。,不採用儲存答案，直接依「新r=1.5舊r；新θ=[[frac:2|3舊θ]]。」重算：面積比例=(1.5)²×[[frac:(2|3)]]=2.25×[[frac:2|3]]=1.5=[[frac:3|2]]。,False,False,False,True,False,RENDERER_REPAIR
u19-s010-v008,u19,sector-area,mc,explanation,面積比例=(1.5)²×(2/3)=2.25×2/3=1.5=3/2。 因此唯一正確選項是「3/2」。,面積比例=(1.5)²×[[frac:(2|3)]]=2.25×[[frac:2|3]]=1.5=[[frac:3|2]]。 [[frac:因此唯一正確選項是「3|2」]]。,False,False,False,True,False,RENDERER_REPAIR
u19-s010-v008,u19,sector-area,mc,steps[0],半徑平方倍率9/4。,[[frac:半徑平方倍率9|4]]。,False,False,False,True,False,RENDERER_REPAIR
u19-s010-v008,u19,sector-area,mc,steps[1],乘角度倍率2/3。,[[frac:乘角度倍率2|3]]。,False,False,False,True,False,RENDERER_REPAIR
u19-s010-v008,u19,sector-area,mc,steps[2],得3/2。,[[frac:得3|2]]。,False,False,False,True,False,RENDERER_REPAIR
u19-s010-v008,u19,sector-area,mc,difficultyReason,advanced：分析扇形面積複合比例變化。 解題需完成「半徑平方倍率9/4。；乘角度倍率2/3。；得3/2。」。,advanced：分析扇形面積複合比例變化。 [[frac:解題需完成「半徑平方倍率9|4]]。；[[frac:乘角度倍率2|3]]。；[[frac:得3|2]]。」。,False,False,False,True,False,RENDERER_REPAIR
u19-s010-v009,u19,sector-area,mc,independentSolution,不採用儲存答案，直接依「兩半徑和20 cm；θ=72°。」重算：兩半徑總長20故r=10。72°占1/5，面積=1/5×100π=20π。,不採用儲存答案，直接依「兩半徑和20 cm；θ=72°。」重算：兩半徑總長20故r=10。[[frac:72°占1|5]]，面積=[[frac:1|5]]×100π=20π。,False,False,False,True,False,RENDERER_REPAIR
u19-s010-v009,u19,sector-area,mc,explanation,兩半徑總長20故r=10。72°占1/5，面積=1/5×100π=20π。 因此唯一正確選項是「20π cm²」。,兩半徑總長20故r=10。[[frac:72°占1|5]]，面積=[[frac:1|5]]×100π=20π。 因此唯一正確選項是「20π cm²」。,False,False,False,True,False,RENDERER_REPAIR
u19-s010-v009,u19,sector-area,mc,optionAnalysis[0].reason,依題目條件重新計算：兩半徑總長20故r=10。72°占1/5，面積=1/5×100π=20π。,依題目條件重新計算：兩半徑總長20故r=10。[[frac:72°占1|5]]，面積=[[frac:1|5]]×100π=20π。,False,False,False,True,False,RENDERER_REPAIR
u19-s010-v009,u19,sector-area,mc,optionAnalysis[2].reason,比例錯取2/5。,[[frac:比例錯取2|5]]。,False,False,False,True,False,RENDERER_REPAIR
u19-s010-v010,u19,sector-area,mc,independentSolution,不採用儲存答案，直接依「半徑6 m；旋轉120°；無障礙。」重算：覆蓋區是120°扇形，占整圓1/3，所以面積12π m²。,不採用儲存答案，直接依「半徑6 m；旋轉120°；無障礙。」重算：覆蓋區是120°扇形，[[frac:占整圓1|3]]，所以面積12π m²。,False,False,False,True,False,RENDERER_REPAIR
u19-s010-v010,u19,sector-area,mc,explanation,覆蓋區是120°扇形，占整圓1/3，所以面積12π m²。 因此唯一正確選項是「12π m²」。,覆蓋區是120°扇形，[[frac:占整圓1|3]]，所以面積12π m²。 因此唯一正確選項是「12π m²」。,False,False,False,True,False,RENDERER_REPAIR
u19-s010-v010,u19,sector-area,mc,steps[1],取1/3得12π。,[[frac:取1|3得12π]]。,False,False,False,True,False,RENDERER_REPAIR
u19-s010-v010,u19,sector-area,mc,optionAnalysis[0].reason,依題目條件重新計算：覆蓋區是120°扇形，占整圓1/3，所以面積12π m²。,依題目條件重新計算：覆蓋區是120°扇形，[[frac:占整圓1|3]]，所以面積12π m²。,False,False,False,True,False,RENDERER_REPAIR
u19-s010-v010,u19,sector-area,mc,optionAnalysis[1].reason,錯取1/6。,[[frac:錯取1|6]]。,False,False,False,True,False,RENDERER_REPAIR
u19-s010-v010,u19,sector-area,mc,optionAnalysis[2].reason,錯取2/3。,[[frac:錯取2|3]]。,False,False,False,True,False,RENDERER_REPAIR
u19-s010-v010,u19,sector-area,mc,difficultyReason,literacy：計算扇形灑水覆蓋。 解題需完成「整圓36π。；取1/3得12π。」。,literacy：計算扇形灑水覆蓋。 解題需完成「整圓36π。；[[frac:取1|3得12π]]。」。,False,False,False,True,False,RENDERER_REPAIR
u19-s010-v011,u19,sector-area,mc,independentSolution,不採用儲存答案，直接依「r=15 cm；切片中心角72°。」重算：72°占1/5，整個披薩面積225π，故一片45π。,不採用儲存答案，直接依「r=15 cm；切片中心角72°。[[frac:」重算：72°占1|5]]，整個披薩面積225π，故一片45π。,False,False,False,True,False,RENDERER_REPAIR
u19-s010-v011,u19,sector-area,mc,explanation,72°占1/5，整個披薩面積225π，故一片45π。 因此唯一正確選項是「45π cm²」。,[[frac:72°占1|5]]，整個披薩面積225π，故一片45π。 因此唯一正確選項是「45π cm²」。,False,False,False,True,False,RENDERER_REPAIR
u19-s010-v011,u19,sector-area,mc,optionAnalysis[1].reason,依題目條件重新計算：72°占1/5，整個披薩面積225π，故一片45π。,[[frac:依題目條件重新計算：72°占1|5]]，整個披薩面積225π，故一片45π。,False,False,False,True,False,RENDERER_REPAIR
u19-s010-v011,u19,sector-area,mc,optionAnalysis[2].reason,錯取2/5。,[[frac:錯取2|5]]。,False,False,False,True,False,RENDERER_REPAIR
u19-s010-v011,u19,sector-area,mc,misconceptionTarget,看到72°未化成1/5。,[[frac:看到72°未化成1|5]]。,False,False,False,True,False,RENDERER_REPAIR
u19-s010-v011,u19,sector-area,mc,difficultyReason,literacy：計算披薩扇形份量。 解題需完成「72/360=1/5。；225π÷5=45π。」。,literacy：計算披薩扇形份量。 [[frac:解題需完成「72|360]]=[[frac:1|5]]。；225π÷5=45π。」。,False,False,False,True,False,RENDERER_REPAIR
u19-s010-v012,u19,sector-area,mc,givenConditions,r=20 m；θ=90°；π=3.14；30元/m²。,r=20 m；θ=90°；π=3.14；[[frac:30元|m²]]。,False,False,False,True,False,RENDERER_REPAIR
u19-s010-v012,u19,sector-area,mc,independentSolution,不採用儲存答案，直接依「r=20 m；θ=90°；π=3.14；30元/m²。」重算：公園面積=1/4×3.14×400=314 m²，成本314×30=9420元。,不採用儲存答案，直接依「r=20 m；θ=90°；π=3.14；[[frac:30元|m²]]。」重算：公園面積=[[frac:1|4]]×3.14×400=314 m²，成本314×30=9420元。,False,False,False,True,False,RENDERER_REPAIR
u19-s010-v012,u19,sector-area,mc,steps[1],乘單價30元/m²。,[[frac:乘單價30元|m²]]。,False,False,False,True,False,RENDERER_REPAIR
u19-s010-v012,u19,sector-area,mc,difficultyReason,literacy：結合扇形面積與單價。 解題需完成「求扇形面積314 m²。；乘單價30元/m²。」。,literacy：結合扇形面積與單價。 解題需完成「求扇形面積314 m²。；[[frac:乘單價30元|m²]]。」。,False,False,False,True,False,RENDERER_REPAIR
u19-s011-cr001,u19,circle-composite-area,cr,alternativeSolutions[0],可直接計每份為(1/8)π(100−36)。,[[frac:可直接計每份為(1|8)π(100]]−36)。,False,False,False,True,False,RENDERER_REPAIR
u19-s011-v003,u19,circle-composite-area,mc,independentSolution,不採用儲存答案，直接依「r=6 cm；移除120°扇形。」重算：剩餘中心角240°，占2/3；面積=2/3×36π=24π。,不採用儲存答案，直接依「r=6 cm；移除120°扇形。」重算：剩餘中心角240°，[[frac:占2|3]]；面積=[[frac:2|3]]×36π=24π。,False,False,False,True,False,RENDERER_REPAIR
u19-s011-v003,u19,circle-composite-area,mc,explanation,剩餘中心角240°，占2/3；面積=2/3×36π=24π。 因此唯一正確選項是「24π cm²」。,剩餘中心角240°，[[frac:占2|3]]；面積=[[frac:2|3]]×36π=24π。 因此唯一正確選項是「24π cm²」。,False,False,False,True,False,RENDERER_REPAIR
u19-s011-v003,u19,circle-composite-area,mc,optionAnalysis[0].reason,依題目條件重新計算：剩餘中心角240°，占2/3；面積=2/3×36π=24π。,依題目條件重新計算：剩餘中心角240°，[[frac:占2|3]]；面積=[[frac:2|3]]×36π=24π。,False,False,False,True,False,RENDERER_REPAIR
u19-s011-v004,u19,circle-composite-area,mc,optionAnalysis[1].reason,只算半徑平方差未乘1/2。,[[frac:只算半徑平方差未乘1|2]]。,False,False,False,True,False,RENDERER_REPAIR
u19-s011-v004,u19,circle-composite-area,mc,difficultyReason,standard：計算兩半圓差。 解題需完成「1/2π×8²=32π。；1/2π×4²=8π。；相減24π。」。,standard：計算兩半圓差。 [[frac:解題需完成「1|2π]]×8²=32π。；[[frac:1|2π]]×4²=8π。；相減24π。」。,False,False,False,True,False,RENDERER_REPAIR
u19-s011-v007,u19,circle-composite-area,mc,independentSolution,不採用儲存答案，直接依「r=10；兩挖除扇形各90°且不重疊。」重算：兩個90°合180°，挖去半圓，剩餘也為半圓：1/2×100π=50π。,不採用儲存答案，直接依「r=10；兩挖除扇形各90°且不重疊。」重算：兩個90°合180°，挖去半圓，[[frac:剩餘也為半圓：1|2]]×100π=50π。,False,False,False,True,False,RENDERER_REPAIR
u19-s011-v007,u19,circle-composite-area,mc,explanation,兩個90°合180°，挖去半圓，剩餘也為半圓：1/2×100π=50π。 因此唯一正確選項是「50π cm²」。,兩個90°合180°，挖去半圓，[[frac:剩餘也為半圓：1|2]]×100π=50π。 因此唯一正確選項是「50π cm²」。,False,False,False,True,False,RENDERER_REPAIR
u19-s011-v007,u19,circle-composite-area,mc,optionAnalysis[1].reason,依題目條件重新計算：兩個90°合180°，挖去半圓，剩餘也為半圓：1/2×100π=50π。,依題目條件重新計算：兩個90°合180°，挖去半圓，[[frac:剩餘也為半圓：1|2]]×100π=50π。,False,False,False,True,False,RENDERER_REPAIR
u19-s012-cr001,u19,sector-perimeter,cr,alternativeSolutions[0],可將160/360約為4/9後計算。,[[frac:可將160|360約為4]]/9後計算。,False,False,False,True,False,RENDERER_REPAIR
u19-s012-cr002,u19,sector-perimeter,cr,standardSolution[1],整圓周長=12π m，弧占1/4。,整圓周長=12π m，[[frac:弧占1|4]]。,False,False,False,True,False,RENDERER_REPAIR
u19-s012-cr002,u19,sector-perimeter,cr,fullCreditSolution[1],整圓周長=12π m，弧占1/4。,整圓周長=12π m，[[frac:弧占1|4]]。,False,False,False,True,False,RENDERER_REPAIR
u19-s012-cr002,u19,sector-perimeter,cr,reasoningSteps[1],整圓周長=12π m，弧占1/4。,整圓周長=12π m，[[frac:弧占1|4]]。,False,False,False,True,False,RENDERER_REPAIR
u19-s012-cr002,u19,sector-perimeter,cr,rubric[0].criteria,弧長3π、比例1/4與90°完整。,弧長3π、[[frac:比例1|4與90°完整]]。,False,False,False,True,False,RENDERER_REPAIR
u19-s012-cr002,u19,sector-perimeter,cr,commonErrors[1],把3π/12π算1/3。,[[frac:把3π|12π算1]]/3。,False,False,False,True,False,RENDERER_REPAIR
u19-s012-v005,u19,sector-perimeter,mc,steps[0],比例2/3。,[[frac:比例2|3]]。,False,False,False,True,False,RENDERER_REPAIR
u19-s012-v005,u19,sector-perimeter,mc,difficultyReason,standard：計算優扇形周長。 解題需完成「比例2/3。；弧長12π。；加2r=18。」。,standard：計算優扇形周長。 [[frac:解題需完成「比例2|3]]。；弧長12π。；加2r=18。」。,False,False,False,True,False,RENDERER_REPAIR
u19-s012-v007,u19,sector-perimeter,mc,independentSolution,不採用儲存答案，直接依「r=6；P=12+5π。」重算：弧長5π，整圓周長12π，比例5/12，中心角=360×5/12=150°。,不採用儲存答案，直接依「r=6；P=12+5π。」重算：弧長5π，整圓周長12π，[[frac:比例5|12]]，中心角=360×[[frac:5|12]]=150°。,False,False,False,True,False,RENDERER_REPAIR
u19-s012-v007,u19,sector-perimeter,mc,explanation,弧長5π，整圓周長12π，比例5/12，中心角=360×5/12=150°。 因此唯一正確選項是「150°」。,弧長5π，整圓周長12π，[[frac:比例5|12]]，中心角=360×[[frac:5|12]]=150°。 因此唯一正確選項是「150°」。,False,False,False,True,False,RENDERER_REPAIR
u19-s012-v007,u19,sector-perimeter,mc,optionAnalysis[1].reason,依題目條件重新計算：弧長5π，整圓周長12π，比例5/12，中心角=360×5/12=150°。,依題目條件重新計算：弧長5π，整圓周長12π，[[frac:比例5|12]]，中心角=360×[[frac:5|12]]=150°。,False,False,False,True,False,RENDERER_REPAIR
u19-s012-v007,u19,sector-perimeter,mc,optionAnalysis[2].reason,比例錯成1/3。,[[frac:比例錯成1|3]]。,False,False,False,True,False,RENDERER_REPAIR
u19-s012-v008,u19,sector-perimeter,mc,independentSolution,不採用儲存答案，直接依「同半徑；中心角80°與200°；周長差6π。」重算：兩扇形的2r相消，周長差等於弧長差。角差120°占1/3圓，差弧長=(1/3)2πr=2πr/3=6π，得r=9。,不採用儲存答案，直接依「同半徑；中心角80°與200°；周長差6π。」重算：兩扇形的2r相消，周長差等於弧長差。[[frac:角差120°占1|3圓]]，差弧長=[[frac:(1|3)2πr]]=[[frac:2πr|3]]=6π，得r=9。,False,False,False,True,False,RENDERER_REPAIR
u19-s012-v008,u19,sector-perimeter,mc,explanation,兩扇形的2r相消，周長差等於弧長差。角差120°占1/3圓，差弧長=(1/3)2πr=2πr/3=6π，得r=9。 因此唯一正確選項是「9 cm」。,兩扇形的2r相消，周長差等於弧長差。[[frac:角差120°占1|3圓]]，差弧長=[[frac:(1|3)2πr]]=[[frac:2πr|3]]=6π，得r=9。 因此唯一正確選項是「9 cm」。,False,False,False,True,False,RENDERER_REPAIR
u19-s012-v008,u19,sector-perimeter,mc,optionAnalysis[0].reason,依題目條件重新計算：兩扇形的2r相消，周長差等於弧長差。角差120°占1/3圓，差弧長=(1/3)2πr=2πr/3=6π，得r=9。,依題目條件重新計算：兩扇形的2r相消，周長差等於弧長差。[[frac:角差120°占1|3圓]]，差弧長=[[frac:(1|3)2πr]]=[[frac:2πr|3]]=6π，得r=9。,False,False,False,True,False,RENDERER_REPAIR
u19-s012-v009,u19,sector-perimeter,mc,independentSolution,不採用儲存答案，直接依「θ=90°；P=10+5π/2。」重算：兩半徑總長10，所以r=5；90°扇形面積=1/4×25π=25π/4。弧長亦為5π/2，與題目一致。,不採用儲存答案，直接依「θ=90°；P=10+[[frac:5π|2]]。」重算：兩半徑總長10，所以r=5；90°扇形面積=[[frac:1|4]]×25π=[[frac:25π|4]]。[[frac:弧長亦為5π|2]]，與題目一致。,False,False,False,True,False,RENDERER_REPAIR
u19-s012-v009,u19,sector-perimeter,mc,explanation,兩半徑總長10，所以r=5；90°扇形面積=1/4×25π=25π/4。弧長亦為5π/2，與題目一致。 因此唯一正確選項是「25π/4 cm²」。,兩半徑總長10，所以r=5；90°扇形面積=[[frac:1|4]]×25π=[[frac:25π|4]]。[[frac:弧長亦為5π|2]]，與題目一致。 [[frac:因此唯一正確選項是「25π|4]] cm²」。,False,False,False,True,False,RENDERER_REPAIR
u19-s012-v009,u19,sector-perimeter,mc,steps[1],四分之一圓面積25π/4。,[[frac:四分之一圓面積25π|4]]。,False,False,False,True,False,RENDERER_REPAIR
u19-s012-v009,u19,sector-perimeter,mc,optionAnalysis[3].reason,依題目條件重新計算：兩半徑總長10，所以r=5；90°扇形面積=1/4×25π=25π/4。弧長亦為5π/2，與題目一致。,依題目條件重新計算：兩半徑總長10，所以r=5；90°扇形面積=[[frac:1|4]]×25π=[[frac:25π|4]]。[[frac:弧長亦為5π|2]]，與題目一致。,False,False,False,True,False,RENDERER_REPAIR
u19-s012-v009,u19,sector-perimeter,mc,difficultyReason,advanced：由扇形周長資料轉求面積。 解題需完成「2r=10得r=5。；四分之一圓面積25π/4。」。,advanced：由扇形周長資料轉求面積。 解題需完成「2r=10得r=5。；[[frac:四分之一圓面積25π|4]]。」。,False,False,False,True,False,RENDERER_REPAIR
u19-s013-cr002,u19,circle-area,cr,alternativeSolutions[0],也可用面積倍率(3/2)²=9/4，64π×9/4=144π，再反求半徑。,[[frac:也可用面積倍率(3|2)²]]=[[frac:9|4]]，64π×[[frac:9|4]]=144π，再反求半徑。,False,False,False,True,False,RENDERER_REPAIR
u19-s013-v011,u19,circle-area,mc,givenConditions,r=6 m；π=3.14；50元/m²。,r=6 m；π=3.14；[[frac:50元|m²]]。,False,False,False,True,False,RENDERER_REPAIR
u19-s013-v011,u19,circle-area,mc,independentSolution,不採用儲存答案，直接依「r=6 m；π=3.14；50元/m²。」重算：面積=3.14×36=113.04 m²，費用=113.04×50=5652元。,不採用儲存答案，直接依「r=6 m；π=3.14；[[frac:50元|m²]]。」重算：面積=3.14×36=113.04 m²，費用=113.04×50=5652元。,False,False,False,True,False,RENDERER_REPAIR
u19-s013-v012,u19,circle-area,mc,target,求大/小面積倍數。,[[frac:求大|小面積倍數]]。,False,False,False,True,False,RENDERER_REPAIR
u19-s013-v012,u19,circle-area,mc,unitCheck,u19-s013-v012 已核對所求量「求大/小面積倍數。」的角度、長度、面積或無單位比例，四個選項量綱一致。,u19-s013-v012 [[frac:已核對所求量「求大|小面積倍數]]。」的角度、長度、面積或無單位比例，四個選項量綱一致。,False,False,False,True,False,RENDERER_REPAIR
u19-s014-v005,u19,circle-composite-perimeter,mc,independentSolution,不採用儲存答案，直接依「三段半圓弧直徑2、4、6。」重算：半圓弧長為πd/2，總長=π(2+4+6)/2=6π。,不採用儲存答案，直接依「三段半圓弧直徑2、4、6。[[frac:」重算：半圓弧長為πd|2]]，總長=π[[frac:2+4+6|2]]=6π。,False,False,False,True,False,RENDERER_REPAIR
u19-s014-v005,u19,circle-composite-perimeter,mc,explanation,半圓弧長為πd/2，總長=π(2+4+6)/2=6π。 因此唯一正確選項是「6π cm」。,[[frac:半圓弧長為πd|2]]，總長=π[[frac:2+4+6|2]]=6π。 因此唯一正確選項是「6π cm」。,False,False,False,True,False,RENDERER_REPAIR
u19-s014-v005,u19,circle-composite-perimeter,mc,steps[1],乘π/2得6π。,[[frac:乘π|2得6π]]。,False,False,False,True,False,RENDERER_REPAIR
u19-s014-v005,u19,circle-composite-perimeter,mc,optionAnalysis[3].reason,依題目條件重新計算：半圓弧長為πd/2，總長=π(2+4+6)/2=6π。,[[frac:依題目條件重新計算：半圓弧長為πd|2]]，總長=π[[frac:2+4+6|2]]=6π。,False,False,False,True,False,RENDERER_REPAIR
u19-s014-v005,u19,circle-composite-perimeter,mc,difficultyReason,standard：合併不同直徑半圓弧。 解題需完成「直徑總和12。；乘π/2得6π。」。,standard：合併不同直徑半圓弧。 解題需完成「直徑總和12。；[[frac:乘π|2得6π]]。」。,False,False,False,True,False,RENDERER_REPAIR
u19-s015-cr001,u19,tangent-properties,cr,rubric[0].criteria,範圍3/2≤x<11/2及端點理由完整。,[[frac:範圍3|2≤x<11]]/2及端點理由完整。,False,False,False,True,False,RENDERER_REPAIR
u19-s015-cr001,u19,tangent-properties,cr,rubric[2].criteria,只得到x<11/2或列出0≤d<8。,[[frac:只得到x<11|2或列出0≤d<8]]。,False,False,False,True,False,RENDERER_REPAIR
u19-s015-cr001,u19,tangent-properties,cr,independentReview.reviewNote,u19-s015-cr001 由題目條件另行推導得到「3/2≤x<11/2。」；評分規準逐步對應本題所需的定理、列式、運算與單位。,u19-s015-cr001 [[frac:由題目條件另行推導得到「3|2≤x<11]]/2。」；評分規準逐步對應本題所需的定理、列式、運算與單位。,False,False,False,True,False,RENDERER_REPAIR
u19-s015-cr002,u19,tangent-properties,cr,requiredWork[1],寫割線/切線/相離。,[[frac:寫割線|切線]]/相離。,False,False,False,True,False,RENDERER_REPAIR
u19-s015-cr002,u19,tangent-properties,cr,requiredWork[2],寫2/1/0個公共點。,[[frac:寫2|1]]/0個公共點。,False,False,False,True,False,RENDERER_REPAIR
u19-s015-v008,u19,tangent-properties,mc,independentSolution,不採用儲存答案，直接依「r=5；d=2x−1。」重算：割線需0≤d<5，因此0≤2x−1<5，解得1/2≤x<3。,不採用儲存答案，直接依「r=5；d=2x−1。」重算：割線需0≤d<5，因此0≤2x−1<5，[[frac:解得1|2≤x<3]]。,False,False,False,True,False,RENDERER_REPAIR
u19-s015-v008,u19,tangent-properties,mc,explanation,割線需0≤d<5，因此0≤2x−1<5，解得1/2≤x<3。 因此唯一正確選項是「1/2≤x<3」。,割線需0≤d<5，因此0≤2x−1<5，[[frac:解得1|2≤x<3]]。 [[frac:因此唯一正確選項是「1|2≤x<3」]]。,False,False,False,True,False,RENDERER_REPAIR
u19-s015-v008,u19,tangent-properties,mc,optionAnalysis[2].reason,依題目條件重新計算：割線需0≤d<5，因此0≤2x−1<5，解得1/2≤x<3。,依題目條件重新計算：割線需0≤d<5，因此0≤2x−1<5，[[frac:解得1|2≤x<3]]。,False,False,False,True,False,RENDERER_REPAIR
u19-s016-cr001,u19,tangent-radius,cr,followThroughPolicy,若PT算錯但後續正確用1/2×8×其PT，可保留面積方法分。,[[frac:若PT算錯但後續正確用1|2]]×8×其PT，可保留面積方法分。,False,False,False,True,False,RENDERER_REPAIR
u19-s016-cr001,u19,tangent-radius,cr,commonErrors[1],面積漏1/2。,[[frac:面積漏1|2]]。,False,False,False,True,False,RENDERER_REPAIR
u19-s016-v006,u19,tangent-radius,mc,steps[1],計算1/2×5×12。,[[frac:計算1|2]]×5×12。,False,False,False,True,False,RENDERER_REPAIR
u19-s016-v006,u19,tangent-radius,mc,optionAnalysis[1].reason,漏1/2。,[[frac:漏1|2]]。,False,False,False,True,False,RENDERER_REPAIR
u19-s016-v006,u19,tangent-radius,mc,optionAnalysis[2].reason,使用斜邊13乘12/2錯。,[[frac:使用斜邊13乘12|2錯]]。,False,False,False,True,False,RENDERER_REPAIR
u19-s016-v006,u19,tangent-radius,mc,difficultyReason,standard：由切線直角求三角形面積。 解題需完成「確認直角邊。；計算1/2×5×12。」。,standard：由切線直角求三角形面積。 解題需完成「確認直角邊。；[[frac:計算1|2]]×5×12。」。,False,False,False,True,False,RENDERER_REPAIR
u19-s017-cr001,u19,two-tangent-segments,cr,standardSolution[2],兩根都需檢查長度；對負根，3x+2可能為負。x=(3+√33)/2 時長度=(13+3√33)/2>0；另一根長度=(13−3√33)/2<0，因此排除。,兩根都需檢查長度；對負根，3x+2可能為負。x=[[frac:3+√33|2]] 時長度=[[frac:13+3√33|2>0]]；另一根長度=[[frac:13−3√33|2<0，因此排除]]。,False,False,False,True,False,RENDERER_REPAIR
u19-s017-cr001,u19,two-tangent-segments,cr,fullCreditSolution[2],兩根都需檢查長度；對負根，3x+2可能為負。x=(3+√33)/2 時長度=(13+3√33)/2>0；另一根長度=(13−3√33)/2<0，因此排除。,兩根都需檢查長度；對負根，3x+2可能為負。x=[[frac:3+√33|2]] 時長度=[[frac:13+3√33|2>0]]；另一根長度=[[frac:13−3√33|2<0，因此排除]]。,False,False,False,True,False,RENDERER_REPAIR
u19-s017-cr001,u19,two-tangent-segments,cr,reasoningSteps[2],兩根都需檢查長度；對負根，3x+2可能為負。x=(3+√33)/2 時長度=(13+3√33)/2>0；另一根長度=(13−3√33)/2<0，因此排除。,兩根都需檢查長度；對負根，3x+2可能為負。x=[[frac:3+√33|2]] 時長度=[[frac:13+3√33|2>0]]；另一根長度=[[frac:13−3√33|2<0，因此排除]]。,False,False,False,True,False,RENDERER_REPAIR
u19-s017-cr001,u19,two-tangent-segments,cr,independentReview.derivedResult,x=(3+√33)/2，共同長度=(13+3√33)/2。,x=[[frac:3+√33|2，共同長度]]=[[frac:13+3√33|2]]。,False,False,False,True,False,RENDERER_REPAIR
u19-s017-cr001,u19,two-tangent-segments,cr,independentReview.reviewNote,u19-s017-cr001 由題目條件另行推導得到「x=(3+√33)/2，共同長度=(13+3√33)/2。」；評分規準逐步對應本題所需的定理、列式、運算與單位。,u19-s017-cr001 由題目條件另行推導得到「x=[[frac:3+√33|2，共同長度]]=[[frac:13+3√33|2]]。」；評分規準逐步對應本題所需的定理、列式、運算與單位。,False,False,False,True,False,RENDERER_REPAIR
u19-s018-cr002,u19,circle-literacy,cr,alternativeSolutions[0],可先求整圓452.16 m²，再乘7/12。,可先求整圓452.16 m²，[[frac:再乘7|12]]。,False,False,False,True,False,RENDERER_REPAIR
u19-s018-cr002,u19,circle-literacy,cr,rubric[2].criteria,正確求未掃比例7/12。,[[frac:正確求未掃比例7|12]]。,False,False,False,True,False,RENDERER_REPAIR
u19-s018-v008,u19,circle-literacy,mc,independentSolution,不採用儲存答案，直接依「同中心；R=14、r=7；角90°。」重算：剩餘是四分之一圓環：1/4π(14²−7²)=1/4π(196−49)=147π/4。,不採用儲存答案，直接依「同中心；R=14、r=7；角90°。[[frac:」重算：剩餘是四分之一圓環：1|4π(14²]]−7²)=[[frac:1|4π(196]]−49)=[[frac:147π|4]]。,False,False,False,True,False,RENDERER_REPAIR
u19-s018-v008,u19,circle-literacy,mc,explanation,剩餘是四分之一圓環：1/4π(14²−7²)=1/4π(196−49)=147π/4。 因此唯一正確選項是「147π/4 m²」。,[[frac:剩餘是四分之一圓環：1|4π(14²]]−7²)=[[frac:1|4π(196]]−49)=[[frac:147π|4]]。 [[frac:因此唯一正確選項是「147π|4]] m²」。,False,False,False,True,False,RENDERER_REPAIR
u19-s018-v008,u19,circle-literacy,mc,steps[1],乘1/4。,[[frac:乘1|4]]。,False,False,False,True,False,RENDERER_REPAIR
u19-s018-v008,u19,circle-literacy,mc,optionAnalysis[2].reason,依題目條件重新計算：剩餘是四分之一圓環：1/4π(14²−7²)=1/4π(196−49)=147π/4。,[[frac:依題目條件重新計算：剩餘是四分之一圓環：1|4π(14²]]−7²)=[[frac:1|4π(196]]−49)=[[frac:147π|4]]。,False,False,False,True,False,RENDERER_REPAIR
u19-s018-v008,u19,circle-literacy,mc,difficultyReason,advanced：結合扇形與圓環。 解題需完成「平方差147。；乘1/4。」。,advanced：結合扇形與圓環。 解題需完成「平方差147。；[[frac:乘1|4]]。」。,False,False,False,True,False,RENDERER_REPAIR
u19-s018-v012,u19,circle-literacy,mc,independentSolution,不採用儲存答案，直接依「r=8；已掃225°。」重算：未掃角=135°，占3/8；整圓64π，未掃面積24π。,不採用儲存答案，直接依「r=8；已掃225°。」重算：未掃角=135°，[[frac:占3|8]]；整圓64π，未掃面積24π。,False,False,False,True,False,RENDERER_REPAIR
u19-s018-v012,u19,circle-literacy,mc,explanation,未掃角=135°，占3/8；整圓64π，未掃面積24π。 因此唯一正確選項是「24π m²」。,未掃角=135°，[[frac:占3|8]]；整圓64π，未掃面積24π。 因此唯一正確選項是「24π m²」。,False,False,False,True,False,RENDERER_REPAIR
u19-s018-v012,u19,circle-literacy,mc,optionAnalysis[0].reason,依題目條件重新計算：未掃角=135°，占3/8；整圓64π，未掃面積24π。,依題目條件重新計算：未掃角=135°，[[frac:占3|8]]；整圓64π，未掃面積24π。,False,False,False,True,False,RENDERER_REPAIR
u20-s011-cr001,u20,incenter-property,cr,rubric[1].criteria,正確使用90°+B/2並算得115°，但未完整推導。,正確使用90°+[[frac:B|2並算得115°]]，但未完整推導。,False,False,False,True,False,RENDERER_REPAIR
u20-s011-v007,u20,incenter-property,mc,independentSolution.derivation,在 △AIC 中，∠IAC＝A/2、∠ICA＝C/2，所以 ∠AIC＝180°－(A+C)/2＝180°－(180°－B)/2＝90°＋B/2。,在 △AIC 中，[[frac:∠IAC＝A|2]]、[[frac:∠ICA＝C|2]]，所以 ∠AIC＝180°－[[frac:A+[[frac:C|2＝180°－(180°－B)|2＝90°＋B]]/2]]。,False,True,False,False,False,RENDERER_REPAIR
u20-s011-v007,u20,incenter-property,mc,explanation,在 △AIC 中，∠IAC＝A/2、∠ICA＝C/2，所以 ∠AIC＝180°－(A+C)/2＝180°－(180°－B)/2＝90°＋B/2。,在 △AIC 中，[[frac:∠IAC＝A|2]]、[[frac:∠ICA＝C|2]]，所以 ∠AIC＝180°－[[frac:A+[[frac:C|2＝180°－(180°－B)|2＝90°＋B]]/2]]。,False,True,False,False,False,RENDERER_REPAIR
u20-s011-v007,u20,incenter-property,mc,optionAnalysis[3].reason,依獨立推導可得到此結果；在 △AIC 中，∠IAC＝A/2、∠ICA＝C/2，所以 ∠AIC＝180°－(A+C)/2＝180°－(180°－B)/2＝90°＋B/2。,依獨立推導可得到此結果；在 △AIC 中，[[frac:∠IAC＝A|2]]、[[frac:∠ICA＝C|2]]，所以 ∠AIC＝180°－[[frac:A+[[frac:C|2＝180°－(180°－B)|2＝90°＋B]]/2]]。,False,True,False,False,False,RENDERER_REPAIR
u20-s011-v008,u20,incenter-property,mc,steps[0],計算B/2=30°,[[frac:計算B|2]]=30°,False,False,False,True,False,RENDERER_REPAIR
u20-s011-v009,u20,incenter-property,mc,independentSolution.derivation,三個小三角形以 a、b、c 為底，高皆為r；面積總和＝ar/2＋br/2＋cr/2＝r(a+b+c)/2。,三個小三角形以 a、b、c 為底，高皆為r；[[frac:面積總和＝ar|2＋br]]/[[frac:2＋cr|2＝r]][[frac:a+b+c|2]]。,False,False,False,True,False,RENDERER_REPAIR
u20-s011-v009,u20,incenter-property,mc,explanation,三個小三角形以 a、b、c 為底，高皆為r；面積總和＝ar/2＋br/2＋cr/2＝r(a+b+c)/2。,三個小三角形以 a、b、c 為底，高皆為r；[[frac:面積總和＝ar|2＋br]]/[[frac:2＋cr|2＝r]][[frac:a+b+c|2]]。,False,False,False,True,False,RENDERER_REPAIR
u20-s011-v009,u20,incenter-property,mc,optionAnalysis[3].reason,依獨立推導可得到此結果；三個小三角形以 a、b、c 為底，高皆為r；面積總和＝ar/2＋br/2＋cr/2＝r(a+b+c)/2。,依獨立推導可得到此結果；三個小三角形以 a、b、c 為底，高皆為r；[[frac:面積總和＝ar|2＋br]]/[[frac:2＋cr|2＝r]][[frac:a+b+c|2]]。,False,False,False,True,False,RENDERER_REPAIR
u20-s011-v009,u20,incenter-property,mc,ambiguityAndBoundaryAudit.secondCorrectChoice,逐項檢查後只有「三個小三角形面積總和為 r(a+b+c)/2」符合全部條件。,逐項檢查後只有「三個小三角形面積總和為 r[[frac:a+b+c|2」符合全部條件]]。,False,False,False,True,False,RENDERER_REPAIR
u20-s012-v004,u20,centroid-property,mc,independentSolution.derivation,AG占整條中線的2/3，所以18×2/3＝12公分。,[[frac:AG占整條中線的2|3]]，所以18×[[frac:2|3＝12公分]]。,False,False,False,True,False,RENDERER_REPAIR
u20-s012-v004,u20,centroid-property,mc,explanation,AG占整條中線的2/3，所以18×2/3＝12公分。,[[frac:AG占整條中線的2|3]]，所以18×[[frac:2|3＝12公分]]。,False,False,False,True,False,RENDERER_REPAIR
u20-s012-v004,u20,centroid-property,mc,optionAnalysis[1].reason,依獨立推導可得到此結果；AG占整條中線的2/3，所以18×2/3＝12公分。,依獨立推導可得到此結果；[[frac:AG占整條中線的2|3]]，所以18×[[frac:2|3＝12公分]]。,False,False,False,True,False,RENDERER_REPAIR
u20-s012-v004,u20,centroid-property,mc,misconceptionTarget,2比1轉成整體比例時誤用1/2。,[[frac:2比1轉成整體比例時誤用1|2]]。,False,False,False,True,False,RENDERER_REPAIR
u20-s012-v006,u20,centroid-property,mc,independentSolution.derivation,三條中線交於重心，利用同高與等底可證六個小三角形面積相等，各占原面積1/6。,三條中線交於重心，利用同高與等底可證六個小三角形面積相等，[[frac:各占原面積1|6]]。,False,False,False,True,False,RENDERER_REPAIR
u20-s012-v006,u20,centroid-property,mc,explanation,三條中線交於重心，利用同高與等底可證六個小三角形面積相等，各占原面積1/6。,三條中線交於重心，利用同高與等底可證六個小三角形面積相等，[[frac:各占原面積1|6]]。,False,False,False,True,False,RENDERER_REPAIR
u20-s012-v006,u20,centroid-property,mc,optionAnalysis[0].reason,六塊各1/3會超過總面積。,[[frac:六塊各1|3會超過總面積]]。,False,False,False,True,False,RENDERER_REPAIR
u20-s012-v006,u20,centroid-property,mc,optionAnalysis[1].reason,依獨立推導可得到此結果；三條中線交於重心，利用同高與等底可證六個小三角形面積相等，各占原面積1/6。,依獨立推導可得到此結果；三條中線交於重心，利用同高與等底可證六個小三角形面積相等，[[frac:各占原面積1|6]]。,False,False,False,True,False,RENDERER_REPAIR
u20-s012-v009,u20,centroid-property,mc,independentSolution.derivation,三個以原三邊為底、G為頂點的三角形面積相等，各占1/3，所以72÷3＝24。,三個以原三邊為底、G為頂點的三角形面積相等，[[frac:各占1|3]]，所以72÷3＝24。,False,False,False,True,False,RENDERER_REPAIR
u20-s012-v009,u20,centroid-property,mc,explanation,三個以原三邊為底、G為頂點的三角形面積相等，各占1/3，所以72÷3＝24。,三個以原三邊為底、G為頂點的三角形面積相等，[[frac:各占1|3]]，所以72÷3＝24。,False,False,False,True,False,RENDERER_REPAIR
u20-s012-v009,u20,centroid-property,mc,optionAnalysis[0].reason,依獨立推導可得到此結果；三個以原三邊為底、G為頂點的三角形面積相等，各占1/3，所以72÷3＝24。,依獨立推導可得到此結果；三個以原三邊為底、G為頂點的三角形面積相等，[[frac:各占1|3]]，所以72÷3＝24。,False,False,False,True,False,RENDERER_REPAIR
u20-s012-v010,u20,centroid-property,mc,independentSolution.derivation,AG：GM＝2：1，所以從A出發走完整條AM的2/3可到G。,AG：GM＝2：1，[[frac:所以從A出發走完整條AM的2|3可到G]]。,False,False,False,True,False,RENDERER_REPAIR
u20-s012-v010,u20,centroid-property,mc,explanation,AG：GM＝2：1，所以從A出發走完整條AM的2/3可到G。,AG：GM＝2：1，[[frac:所以從A出發走完整條AM的2|3可到G]]。,False,False,False,True,False,RENDERER_REPAIR
u20-s012-v010,u20,centroid-property,mc,steps[2],表示為AM的2/3,[[frac:表示為AM的2|3]],False,False,False,True,False,RENDERER_REPAIR
u20-s012-v010,u20,centroid-property,mc,optionAnalysis[1].reason,依獨立推導可得到此結果；AG：GM＝2：1，所以從A出發走完整條AM的2/3可到G。,依獨立推導可得到此結果；AG：GM＝2：1，[[frac:所以從A出發走完整條AM的2|3可到G]]。,False,False,False,True,False,RENDERER_REPAIR
u20-s012-v010,u20,centroid-property,mc,optionAnalysis[2].reason,GM只占1/3。,[[frac:GM只占1|3]]。,False,False,False,True,False,RENDERER_REPAIR
u20-s012-v010,u20,centroid-property,mc,misconceptionTarget,方向未說清，將2/3套在錯誤端點。,方向未說清，[[frac:將2|3套在錯誤端點]]。,False,False,False,True,False,RENDERER_REPAIR
u20-s014-v007,u20,triangle-center-word,mc,steps[2],半徑=斜邊/2,半徑=[[frac:斜邊|2]],False,False,False,True,False,RENDERER_REPAIR
u20-s014-v008,u20,triangle-center-word,mc,independentSolution.derivation,重心從頂點量起位於中線的2/3處，也就是距對邊中點1/3處。,[[frac:重心從頂點量起位於中線的2|3處]]，[[frac:也就是距對邊中點1|3處]]。,False,False,False,True,False,RENDERER_REPAIR
u20-s014-v008,u20,triangle-center-word,mc,explanation,重心從頂點量起位於中線的2/3處，也就是距對邊中點1/3處。,[[frac:重心從頂點量起位於中線的2|3處]]，[[frac:也就是距對邊中點1|3處]]。,False,False,False,True,False,RENDERER_REPAIR
u20-s014-v008,u20,triangle-center-word,mc,optionAnalysis[0].reason,重心不在1/2處。,[[frac:重心不在1|2處]]。,False,False,False,True,False,RENDERER_REPAIR
u20-s014-v008,u20,triangle-center-word,mc,optionAnalysis[1].reason,依獨立推導可得到此結果；重心從頂點量起位於中線的2/3處，也就是距對邊中點1/3處。,依獨立推導可得到此結果；[[frac:重心從頂點量起位於中線的2|3處]]，[[frac:也就是距對邊中點1|3處]]。,False,False,False,True,False,RENDERER_REPAIR
u20-s014-v008,u20,triangle-center-word,mc,misconceptionTarget,2比1未轉成從頂點量的2/3。,[[frac:2比1未轉成從頂點量的2|3]]。,False,False,False,True,False,RENDERER_REPAIR
u21-s003-v003,u21,quadratic-standard-to-graph,mc,optionAnalysis[0].reason,|3|>|1/3|，同一 x 下高度增加較快。,[[frac:|3|>|1|3|]]，同一 x 下高度增加較快。,False,True,False,False,False,RENDERER_REPAIR
u21-s003-v009,u21,quadratic-standard-to-graph,mc,steps[1],計算 9|a|/|a|,計算 [[frac:9|a|||a|]],False,True,False,False,False,RENDERER_REPAIR
u21-s003-v009,u21,quadratic-standard-to-graph,mc,optionAnalysis[0].reason,|a×3²|/|a×1²|=9。,|a×[[frac:3²|||a]]×1²|=9。,False,True,False,False,False,RENDERER_REPAIR
u22-s001-v002,u22,quartile-calculation,mc,misconceptionTarget,把 Q1 當成整組資料的第1/4筆直接取值。,把 Q1 [[frac:當成整組資料的第1|4筆直接取值]]。,False,False,False,True,False,RENDERER_REPAIR
u22-s004-cr001,u22,quartile-position,cr,rubric[3].criteria,以18/4直接取第4.5筆等不符合半分法。,[[frac:以18|4直接取第4.5筆等不符合半分法]]。,False,False,False,True,False,RENDERER_REPAIR
u22-s004-v005,u22,quartile-position,mc,misconceptionTarget,只用15×3/4取近似位置而未依半分法。,只用15×[[frac:3|4取近似位置而未依半分法]]。,False,False,False,True,False,RENDERER_REPAIR
u22-s010-cr001,u22,probability-basic,cr,rubric[0].criteria,樣本空間、有利集合與1/2全部正確，並提到等可能。,樣本空間、[[frac:有利集合與1|2全部正確]]，並提到等可能。,False,False,False,True,False,RENDERER_REPAIR
u22-s010-cr001,u22,probability-basic,cr,rubric[1].criteria,答案1/2正確但集合或等可能說明缺一項。,[[frac:答案1|2正確但集合或等可能說明缺一項]]。,False,False,False,True,False,RENDERER_REPAIR
u22-s010-cr001,u22,probability-basic,cr,rubric[2].criteria,能列出2、3、5並建立3/6。,能列出2、3、[[frac:5並建立3|6]]。,False,False,False,True,False,RENDERER_REPAIR
u22-s010-cr001,u22,probability-basic,cr,followThroughPolicy,若答案未約分但寫3/6，視為正確；只有答案1/2且無過程，依答案-only規則最高1分。,[[frac:若答案未約分但寫3|6]]，視為正確；[[frac:只有答案1|2且無過程]]，依答案-only規則最高1分。,False,False,False,True,False,RENDERER_REPAIR
u22-s010-cr002,u22,probability-basic,cr,rubric[0].criteria,總數8、非藍5、機率5/8與等可能理由全部完整。,總數8、非藍5、[[frac:機率5|8與等可能理由全部完整]]。,False,False,False,True,False,RENDERER_REPAIR
u22-s010-cr002,u22,probability-basic,cr,rubric[1].criteria,5/8正確但等可能或計數說明缺一項。,[[frac:5|8正確但等可能或計數說明缺一項]]。,False,False,False,True,False,RENDERER_REPAIR
u22-s010-cr002,u22,probability-basic,cr,rubric[2].criteria,能寫出5/8或1-3/8。,[[frac:能寫出5|8或1]]-[[frac:3|8]]。,False,False,False,True,False,RENDERER_REPAIR
u22-s010-cr002,u22,probability-basic,cr,rubric[3].criteria,以顏色種類2/3計算。,[[frac:以顏色種類2|3計算]]。,False,False,False,True,False,RENDERER_REPAIR
u22-s010-cr002,u22,probability-basic,cr,followThroughPolicy,使用餘事法可獲同等分數；若只寫5/8無說明，最高1分。,使用餘事法可獲同等分數；[[frac:若只寫5|8無說明]]，最高1分。,False,False,False,True,False,RENDERER_REPAIR
u22-s010-cr002,u22,probability-basic,cr,commonErrors[0],把三種顏色視為各1/3。,[[frac:把三種顏色視為各1|3]]。,False,False,False,True,False,RENDERER_REPAIR
u22-s010-v001,u22,probability-basic,mc,independentSolution,樣本點1到6等可能，偶數為2、4、6，共3個，所以機率3/6=1/2。,樣本點1到6等可能，偶數為2、4、6，共3個，[[frac:所以機率3|6]]=[[frac:1|2]]。,False,False,False,True,False,RENDERER_REPAIR
u22-s010-v001,u22,probability-basic,mc,explanation,樣本點1到6等可能，偶數為2、4、6，共3個，所以機率3/6=1/2。,樣本點1到6等可能，偶數為2、4、6，共3個，[[frac:所以機率3|6]]=[[frac:1|2]]。,False,False,False,True,False,RENDERER_REPAIR
u22-s010-v001,u22,probability-basic,mc,optionAnalysis[1].reason,正確。獨立重算：樣本點1到6等可能，偶數為2、4、6，共3個，所以機率3/6=1/2。,正確。獨立重算：樣本點1到6等可能，偶數為2、4、6，共3個，[[frac:所以機率3|6]]=[[frac:1|2]]。,False,False,False,True,False,RENDERER_REPAIR
u22-s010-v002,u22,probability-basic,mc,independentSolution,大於7的是8、9、10，共3張；全部10張等可能，所以3/10。,大於7的是8、9、10，共3張；全部10張等可能，[[frac:所以3|10]]。,False,False,False,True,False,RENDERER_REPAIR
u22-s010-v002,u22,probability-basic,mc,explanation,大於7的是8、9、10，共3張；全部10張等可能，所以3/10。,大於7的是8、9、10，共3張；全部10張等可能，[[frac:所以3|10]]。,False,False,False,True,False,RENDERER_REPAIR
u22-s010-v002,u22,probability-basic,mc,optionAnalysis[0].reason,正確。獨立重算：大於7的是8、9、10，共3張；全部10張等可能，所以3/10。,正確。獨立重算：大於7的是8、9、10，共3張；全部10張等可能，[[frac:所以3|10]]。,False,False,False,True,False,RENDERER_REPAIR
u22-s010-v003,u22,probability-basic,mc,independentSolution,8個等面積區域等可能，藍色3格，所以機率3/8。,8個等面積區域等可能，藍色3格，[[frac:所以機率3|8]]。,False,False,False,True,False,RENDERER_REPAIR
u22-s010-v003,u22,probability-basic,mc,explanation,8個等面積區域等可能，藍色3格，所以機率3/8。,8個等面積區域等可能，藍色3格，[[frac:所以機率3|8]]。,False,False,False,True,False,RENDERER_REPAIR
u22-s010-v003,u22,probability-basic,mc,optionAnalysis[2].reason,正確。獨立重算：8個等面積區域等可能，藍色3格，所以機率3/8。,正確。獨立重算：8個等面積區域等可能，藍色3格，[[frac:所以機率3|8]]。,False,False,False,True,False,RENDERER_REPAIR
u22-s010-v004,u22,probability-basic,mc,independentSolution,"共有36個等可能有序結果。和為7的有(1,6)、(2,5)、(3,4)、(4,3)、(5,2)、(6,1)，共6個，機率6/36=1/6。","共有36個等可能有序結果。和為7的有(1,6)、(2,5)、(3,4)、(4,3)、(5,2)、(6,1)，共6個，[[frac:機率6|36]]=[[frac:1|6]]。",False,False,False,True,False,RENDERER_REPAIR
u22-s010-v004,u22,probability-basic,mc,explanation,"共有36個等可能有序結果。和為7的有(1,6)、(2,5)、(3,4)、(4,3)、(5,2)、(6,1)，共6個，機率6/36=1/6。","共有36個等可能有序結果。和為7的有(1,6)、(2,5)、(3,4)、(4,3)、(5,2)、(6,1)，共6個，[[frac:機率6|36]]=[[frac:1|6]]。",False,False,False,True,False,RENDERER_REPAIR
u22-s010-v004,u22,probability-basic,mc,optionAnalysis[3].reason,"正確。獨立重算：共有36個等可能有序結果。和為7的有(1,6)、(2,5)、(3,4)、(4,3)、(5,2)、(6,1)，共6個，機率6/36=1/6。","正確。獨立重算：共有36個等可能有序結果。和為7的有(1,6)、(2,5)、(3,4)、(4,3)、(5,2)、(6,1)，共6個，[[frac:機率6|36]]=[[frac:1|6]]。",False,False,False,True,False,RENDERER_REPAIR
u22-s010-v005,u22,probability-basic,mc,independentSolution,非紅球共有3+1=4顆，總數8顆，機率4/8=1/2。,非紅球共有3+1=4顆，總數8顆，[[frac:機率4|8]]=[[frac:1|2]]。,False,False,False,True,False,RENDERER_REPAIR
u22-s010-v005,u22,probability-basic,mc,explanation,非紅球共有3+1=4顆，總數8顆，機率4/8=1/2。,非紅球共有3+1=4顆，總數8顆，[[frac:機率4|8]]=[[frac:1|2]]。,False,False,False,True,False,RENDERER_REPAIR
u22-s010-v005,u22,probability-basic,mc,optionAnalysis[2].reason,正確。獨立重算：非紅球共有3+1=4顆，總數8顆，機率4/8=1/2。,正確。獨立重算：非紅球共有3+1=4顆，總數8顆，[[frac:機率4|8]]=[[frac:1|2]]。,False,False,False,True,False,RENDERER_REPAIR
u22-s010-v006,u22,probability-basic,mc,independentSolution,0到9中的質數為2、3、5、7，共4個；全部10個，所以4/10=2/5。,0到9中的質數為2、3、5、7，共4個；全部10個，[[frac:所以4|10]]=[[frac:2|5]]。,False,False,False,True,False,RENDERER_REPAIR
u22-s010-v006,u22,probability-basic,mc,explanation,0到9中的質數為2、3、5、7，共4個；全部10個，所以4/10=2/5。,0到9中的質數為2、3、5、7，共4個；全部10個，[[frac:所以4|10]]=[[frac:2|5]]。,False,False,False,True,False,RENDERER_REPAIR
u22-s010-v006,u22,probability-basic,mc,optionAnalysis[0].reason,正確。獨立重算：0到9中的質數為2、3、5、7，共4個；全部10個，所以4/10=2/5。,正確。獨立重算：0到9中的質數為2、3、5、7，共4個；全部10個，[[frac:所以4|10]]=[[frac:2|5]]。,False,False,False,True,False,RENDERER_REPAIR
u22-s010-v007,u22,probability-basic,mc,independentSolution,3的倍數有3、6、9、12、15、18共6個；5的倍數有5、10、15、20共4個；15重複一次，所以有利6+4-1=9個，機率9/20。,3的倍數有3、6、9、12、15、18共6個；5的倍數有5、10、15、20共4個；15重複一次，所以有利6+4-1=9個，[[frac:機率9|20]]。,False,False,False,True,False,RENDERER_REPAIR
u22-s010-v007,u22,probability-basic,mc,explanation,3的倍數有3、6、9、12、15、18共6個；5的倍數有5、10、15、20共4個；15重複一次，所以有利6+4-1=9個，機率9/20。,3的倍數有3、6、9、12、15、18共6個；5的倍數有5、10、15、20共4個；15重複一次，所以有利6+4-1=9個，[[frac:機率9|20]]。,False,False,False,True,False,RENDERER_REPAIR
u22-s010-v007,u22,probability-basic,mc,optionAnalysis[1].reason,正確。獨立重算：3的倍數有3、6、9、12、15、18共6個；5的倍數有5、10、15、20共4個；15重複一次，所以有利6+4-1=9個，機率9/20。,正確。獨立重算：3的倍數有3、6、9、12、15、18共6個；5的倍數有5、10、15、20共4個；15重複一次，所以有利6+4-1=9個，[[frac:機率9|20]]。,False,False,False,True,False,RENDERER_REPAIR
u22-s010-v008,u22,probability-basic,mc,independentSolution,共有6張實體卡片等可能，其中3張為C，故3/6=1/2。,共有6張實體卡片等可能，其中3張為C，[[frac:故3|6]]=[[frac:1|2]]。,False,False,False,True,False,RENDERER_REPAIR
u22-s010-v008,u22,probability-basic,mc,explanation,共有6張實體卡片等可能，其中3張為C，故3/6=1/2。,共有6張實體卡片等可能，其中3張為C，[[frac:故3|6]]=[[frac:1|2]]。,False,False,False,True,False,RENDERER_REPAIR
u22-s010-v008,u22,probability-basic,mc,optionAnalysis[3].reason,正確。獨立重算：共有6張實體卡片等可能，其中3張為C，故3/6=1/2。,正確。獨立重算：共有6張實體卡片等可能，其中3張為C，[[frac:故3|6]]=[[frac:1|2]]。,False,False,False,True,False,RENDERER_REPAIR
u22-s010-v009,u22,probability-basic,mc,steps[1],列12/N=3/8。,[[frac:列12|N]]=[[frac:3|8]]。,False,False,False,True,False,RENDERER_REPAIR
u22-s010-v009,u22,probability-basic,mc,optionAnalysis[0].reason,正確。獨立重算：12/N=3/8，交叉相乘96=3N，所以N=32。,正確。[[frac:獨立重算：12|N]]=[[frac:3|8]]，交叉相乘96=3N，所以N=32。,False,False,False,True,False,RENDERER_REPAIR
u22-s010-v009,u22,probability-basic,mc,optionAnalysis[1].reason,把12乘3/2。,[[frac:把12乘3|2]]。,False,False,False,True,False,RENDERER_REPAIR
u22-s010-v009,u22,probability-basic,mc,optionAnalysis[2].reason,把3/8誤看成1/2。,[[frac:把3|8誤看成1]]/2。,False,False,False,True,False,RENDERER_REPAIR
u22-s010-v009,u22,probability-basic,mc,ambiguityBoundaryAudit,N為正整數且32使12/32=3/8。,[[frac:N為正整數且32使12|32]]=[[frac:3|8]]。,False,False,False,True,False,RENDERER_REPAIR
u22-s010-v010,u22,probability-basic,mc,independentSolution,中獎票8張、總票50張，所以8/50=4/25。,中獎票8張、總票50張，[[frac:所以8|50]]=[[frac:4|25]]。,False,False,False,True,False,RENDERER_REPAIR
u22-s010-v010,u22,probability-basic,mc,explanation,中獎票8張、總票50張，所以8/50=4/25。,中獎票8張、總票50張，[[frac:所以8|50]]=[[frac:4|25]]。,False,False,False,True,False,RENDERER_REPAIR
u22-s010-v010,u22,probability-basic,mc,optionAnalysis[1].reason,正確。獨立重算：中獎票8張、總票50張，所以8/50=4/25。,正確。獨立重算：中獎票8張、總票50張，[[frac:所以8|50]]=[[frac:4|25]]。,False,False,False,True,False,RENDERER_REPAIR
u22-s010-v011,u22,probability-basic,mc,independentSolution,不超過3包含0、1、2、3，共4個結果；全部10個，所以4/10=2/5。,不超過3包含0、1、2、3，共4個結果；全部10個，[[frac:所以4|10]]=[[frac:2|5]]。,False,False,False,True,False,RENDERER_REPAIR
u22-s010-v011,u22,probability-basic,mc,explanation,不超過3包含0、1、2、3，共4個結果；全部10個，所以4/10=2/5。,不超過3包含0、1、2、3，共4個結果；全部10個，[[frac:所以4|10]]=[[frac:2|5]]。,False,False,False,True,False,RENDERER_REPAIR
u22-s010-v011,u22,probability-basic,mc,optionAnalysis[3].reason,正確。獨立重算：不超過3包含0、1、2、3，共4個結果；全部10個，所以4/10=2/5。,正確。獨立重算：不超過3包含0、1、2、3，共4個結果；全部10個，[[frac:所以4|10]]=[[frac:2|5]]。,False,False,False,True,False,RENDERER_REPAIR
u22-s010-v012,u22,probability-basic,mc,independentSolution,4的倍數25個，6的倍數16個，兩者共同的12倍數8個，所以有利25+16-8=33個，機率33/100。,4的倍數25個，6的倍數16個，兩者共同的12倍數8個，所以有利25+16-8=33個，[[frac:機率33|100]]。,False,False,False,True,False,RENDERER_REPAIR
u22-s010-v012,u22,probability-basic,mc,explanation,4的倍數25個，6的倍數16個，兩者共同的12倍數8個，所以有利25+16-8=33個，機率33/100。,4的倍數25個，6的倍數16個，兩者共同的12倍數8個，所以有利25+16-8=33個，[[frac:機率33|100]]。,False,False,False,True,False,RENDERER_REPAIR
u22-s010-v012,u22,probability-basic,mc,steps[3],得33/100。,[[frac:得33|100]]。,False,False,False,True,False,RENDERER_REPAIR
u22-s010-v012,u22,probability-basic,mc,optionAnalysis[0].reason,33/100接近但不等於1/3。,[[frac:33|100接近但不等於1]]/3。,False,False,False,True,False,RENDERER_REPAIR
u22-s010-v012,u22,probability-basic,mc,optionAnalysis[2].reason,正確。獨立重算：4的倍數25個，6的倍數16個，兩者共同的12倍數8個，所以有利25+16-8=33個，機率33/100。,正確。獨立重算：4的倍數25個，6的倍數16個，兩者共同的12倍數8個，所以有利25+16-8=33個，[[frac:機率33|100]]。,False,False,False,True,False,RENDERER_REPAIR
u22-s011-cr002,u22,probability-complement,cr,alternativeMethods[0],也可列8個等可能序列，只有反反反不符合，因此7/8。,也可列8個等可能序列，只有反反反不符合，[[frac:因此7|8]]。,False,False,False,True,False,RENDERER_REPAIR
u22-s011-cr002,u22,probability-complement,cr,rubric[0].criteria,事件與餘事、1/8及7/8全部正確。,事件與餘事、[[frac:1|8及7]]/8全部正確。,False,False,False,True,False,RENDERER_REPAIR
u22-s011-cr002,u22,probability-complement,cr,rubric[1].criteria,7/8正確但餘事或乘法理由不完整。,[[frac:7|8正確但餘事或乘法理由不完整]]。,False,False,False,True,False,RENDERER_REPAIR
u22-s011-cr002,u22,probability-complement,cr,rubric[3].criteria,把至少一次算成3/2或只算一次正面。,[[frac:把至少一次算成3|2或只算一次正面]]。,False,False,False,True,False,RENDERER_REPAIR
u22-s011-cr002,u22,probability-complement,cr,followThroughPolicy,若列舉法完整可滿分；若只寫7/8無過程最高1分。,若列舉法完整可滿分；[[frac:若只寫7|8無過程最高1分]]。,False,False,False,True,False,RENDERER_REPAIR
u22-s011-cr002,u22,probability-complement,cr,independentReview.alternativeMethodCheck,也可列8個等可能序列，只有反反反不符合，因此7/8。,也可列8個等可能序列，只有反反反不符合，[[frac:因此7|8]]。,False,False,False,True,False,RENDERER_REPAIR
u22-s011-v002,u22,probability-complement,mc,independentSolution,出現6的機率1/6，所以不是6為1-1/6=5/6。,[[frac:出現6的機率1|6]]，所以不是6為1-[[frac:1|6]]=[[frac:5|6]]。,False,False,False,True,False,RENDERER_REPAIR
u22-s011-v002,u22,probability-complement,mc,explanation,出現6的機率1/6，所以不是6為1-1/6=5/6。,[[frac:出現6的機率1|6]]，所以不是6為1-[[frac:1|6]]=[[frac:5|6]]。,False,False,False,True,False,RENDERER_REPAIR
u22-s011-v002,u22,probability-complement,mc,optionAnalysis[1].reason,正確。獨立重算：出現6的機率1/6，所以不是6為1-1/6=5/6。,正確。[[frac:獨立重算：出現6的機率1|6]]，所以不是6為1-[[frac:1|6]]=[[frac:5|6]]。,False,False,False,True,False,RENDERER_REPAIR
u22-s011-v003,u22,probability-complement,mc,steps[0],求紅球機率2/7。,[[frac:求紅球機率2|7]]。,False,False,False,True,False,RENDERER_REPAIR
u22-s011-v003,u22,probability-complement,mc,steps[1],取餘事5/7。,[[frac:取餘事5|7]]。,False,False,False,True,False,RENDERER_REPAIR
u22-s011-v004,u22,probability-complement,mc,prompt,某事件發生機率為3/10。下列哪個敘述正確？,[[frac:某事件發生機率為3|10]]。下列哪個敘述正確？,False,False,False,True,True,RENDERER_REPAIR
u22-s011-v004,u22,probability-complement,mc,text,某事件發生機率為3/10。下列哪個敘述正確？,[[frac:某事件發生機率為3|10]]。下列哪個敘述正確？,False,False,False,True,True,RENDERER_REPAIR
u22-s011-v004,u22,probability-complement,mc,choices[0],事件不發生機率為7/10,[[frac:事件不發生機率為7|10]],False,False,False,True,True,RENDERER_REPAIR
u22-s011-v004,u22,probability-complement,mc,choices[3],事件不發生機率為3/10,[[frac:事件不發生機率為3|10]],False,False,False,True,True,RENDERER_REPAIR
u22-s011-v004,u22,probability-complement,mc,optionAnalysis[0].choice,事件不發生機率為7/10,[[frac:事件不發生機率為7|10]],False,False,False,True,False,RENDERER_REPAIR
u22-s011-v004,u22,probability-complement,mc,optionAnalysis[3].choice,事件不發生機率為3/10,[[frac:事件不發生機率為3|10]],False,False,False,True,False,RENDERER_REPAIR
u22-s011-v004,u22,probability-complement,mc,optionAnalysis[3].reason,除非機率為1/2。,[[frac:除非機率為1|2]]。,False,False,False,True,False,RENDERER_REPAIR
u22-s011-v005,u22,probability-complement,mc,independentSolution,3的倍數為3、6、9、12共4個，機率1/3；不是3的倍數為1-1/3=2/3。,3的倍數為3、6、9、12共4個，[[frac:機率1|3]]；不是3的倍數為1-[[frac:1|3]]=[[frac:2|3]]。,False,False,False,True,False,RENDERER_REPAIR
u22-s011-v005,u22,probability-complement,mc,explanation,3的倍數為3、6、9、12共4個，機率1/3；不是3的倍數為1-1/3=2/3。,3的倍數為3、6、9、12共4個，[[frac:機率1|3]]；不是3的倍數為1-[[frac:1|3]]=[[frac:2|3]]。,False,False,False,True,False,RENDERER_REPAIR
u22-s011-v005,u22,probability-complement,mc,steps[0],先算3倍數4/12。,[[frac:先算3倍數4|12]]。,False,False,False,True,False,RENDERER_REPAIR
u22-s011-v005,u22,probability-complement,mc,steps[1],取餘事8/12。,[[frac:取餘事8|12]]。,False,False,False,True,False,RENDERER_REPAIR
u22-s011-v005,u22,probability-complement,mc,steps[2],約分2/3。,[[frac:約分2|3]]。,False,False,False,True,False,RENDERER_REPAIR
u22-s011-v005,u22,probability-complement,mc,optionAnalysis[3].reason,正確。獨立重算：3的倍數為3、6、9、12共4個，機率1/3；不是3的倍數為1-1/3=2/3。,正確。獨立重算：3的倍數為3、6、9、12共4個，[[frac:機率1|3]]；不是3的倍數為1-[[frac:1|3]]=[[frac:2|3]]。,False,False,False,True,False,RENDERER_REPAIR
u22-s011-v007,u22,probability-complement,mc,independentSolution,至少一次正面的餘事是兩次都反面，機率1/2×1/2=1/4，因此1-1/4=3/4。,至少一次正面的餘事是兩次都反面，[[frac:機率1|2]]×[[frac:1|2]]=[[frac:1|4]]，因此1-[[frac:1|4]]=[[frac:3|4]]。,False,False,False,True,False,RENDERER_REPAIR
u22-s011-v007,u22,probability-complement,mc,explanation,至少一次正面的餘事是兩次都反面，機率1/2×1/2=1/4，因此1-1/4=3/4。,至少一次正面的餘事是兩次都反面，[[frac:機率1|2]]×[[frac:1|2]]=[[frac:1|4]]，因此1-[[frac:1|4]]=[[frac:3|4]]。,False,False,False,True,False,RENDERER_REPAIR
u22-s011-v007,u22,probability-complement,mc,steps[1],算其機率1/4。,[[frac:算其機率1|4]]。,False,False,False,True,False,RENDERER_REPAIR
u22-s011-v007,u22,probability-complement,mc,optionAnalysis[2].reason,正確。獨立重算：至少一次正面的餘事是兩次都反面，機率1/2×1/2=1/4，因此1-1/4=3/4。,正確。獨立重算：至少一次正面的餘事是兩次都反面，[[frac:機率1|2]]×[[frac:1|2]]=[[frac:1|4]]，因此1-[[frac:1|4]]=[[frac:3|4]]。,False,False,False,True,False,RENDERER_REPAIR
u22-s012-cr001,u22,probability-tree-basic,cr,prompt,盒中先隨機選一張A或B卡，機率分別為1/3、2/3。選A後成功機率1/2；選B後成功機率1/4。畫出或文字列出樹狀圖，求成功機率。,盒中先隨機選一張A或B卡，[[frac:機率分別為1|3]]、[[frac:2|3]]。[[frac:選A後成功機率1|2]]；[[frac:選B後成功機率1|4]]。畫出或文字列出樹狀圖，求成功機率。,False,False,False,True,True,RENDERER_REPAIR
u22-s012-cr001,u22,probability-tree-basic,cr,rubric[0].criteria,樹狀分支、兩路乘積與總和1/3完整。,樹狀分支、[[frac:兩路乘積與總和1|3完整]]。,False,False,False,True,False,RENDERER_REPAIR
u22-s012-cr001,u22,probability-tree-basic,cr,commonErrors[1],把B成功仍用1/2。,[[frac:把B成功仍用1|2]]。,False,False,False,True,False,RENDERER_REPAIR
u22-s012-cr002,u22,probability-tree-basic,cr,alternativeMethods[0],也可列有標號球R1、R2、B的6個有序結果，同色有R1R2、R2R1，共2/6=1/3。,也可列有標號球R1、R2、B的6個有序結果，同色有R1R2、R2R1，[[frac:共2|6]]=[[frac:1|3]]。,False,False,False,True,False,RENDERER_REPAIR
u22-s012-cr002,u22,probability-tree-basic,cr,rubric[0].criteria,完整樹狀條件、1/3與分母變化解釋均正確。,完整樹狀條件、[[frac:1|3與分母變化解釋均正確]]。,False,False,False,True,False,RENDERER_REPAIR
u22-s012-cr002,u22,probability-tree-basic,cr,commonErrors[0],第二抽仍用2/3。,[[frac:第二抽仍用2|3]]。,False,False,False,True,False,RENDERER_REPAIR
u22-s012-cr002,u22,probability-tree-basic,cr,commonErrors[1],把紅紅算4/9。,[[frac:把紅紅算4|9]]。,False,False,False,True,False,RENDERER_REPAIR
u22-s012-cr002,u22,probability-tree-basic,cr,commonErrors[2],以顏色兩種判1/2。,[[frac:以顏色兩種判1|2]]。,False,False,False,True,False,RENDERER_REPAIR
u22-s012-cr002,u22,probability-tree-basic,cr,independentReview.alternativeMethodCheck,也可列有標號球R1、R2、B的6個有序結果，同色有R1R2、R2R1，共2/6=1/3。,也可列有標號球R1、R2、B的6個有序結果，同色有R1R2、R2R1，[[frac:共2|6]]=[[frac:1|3]]。,False,False,False,True,False,RENDERER_REPAIR
u22-s012-v004,u22,probability-tree-basic,mc,prompt,第一階段結果A、B的機率分別為1/3、2/3；從A後成功機率1/2。走「A且成功」路徑的機率為何？,第一階段結果A、[[frac:B的機率分別為1|3]]、[[frac:2|3]]；[[frac:從A後成功機率1|2]]。走「A且成功」路徑的機率為何？,False,False,False,True,True,RENDERER_REPAIR
u22-s012-v004,u22,probability-tree-basic,mc,text,第一階段結果A、B的機率分別為1/3、2/3；從A後成功機率1/2。走「A且成功」路徑的機率為何？,第一階段結果A、[[frac:B的機率分別為1|3]]、[[frac:2|3]]；[[frac:從A後成功機率1|2]]。走「A且成功」路徑的機率為何？,False,False,False,True,True,RENDERER_REPAIR
u22-s012-v004,u22,probability-tree-basic,mc,independentSolution,同一路徑機率相乘：(1/3)×(1/2)=1/6。,[[frac:同一路徑機率相乘：(1|3)]]×[[frac:(1|2)]]=[[frac:1|6]]。,False,False,False,True,False,RENDERER_REPAIR
u22-s012-v004,u22,probability-tree-basic,mc,explanation,同一路徑機率相乘：(1/3)×(1/2)=1/6。,[[frac:同一路徑機率相乘：(1|3)]]×[[frac:(1|2)]]=[[frac:1|6]]。,False,False,False,True,False,RENDERER_REPAIR
u22-s012-v004,u22,probability-tree-basic,mc,optionAnalysis[1].reason,正確。獨立重算：同一路徑機率相乘：(1/3)×(1/2)=1/6。,正確。[[frac:獨立重算：同一路徑機率相乘：(1|3)]]×[[frac:(1|2)]]=[[frac:1|6]]。,False,False,False,True,False,RENDERER_REPAIR
u22-s012-v005,u22,probability-tree-basic,mc,prompt,某樹狀圖有三條互斥成功路徑，機率分別1/8、2/8、3/8。成功總機率為何？,某樹狀圖有三條互斥成功路徑，[[frac:機率分別1|8]]、[[frac:2|8]]、[[frac:3|8]]。成功總機率為何？,False,False,False,True,True,RENDERER_REPAIR
u22-s012-v005,u22,probability-tree-basic,mc,text,某樹狀圖有三條互斥成功路徑，機率分別1/8、2/8、3/8。成功總機率為何？,某樹狀圖有三條互斥成功路徑，[[frac:機率分別1|8]]、[[frac:2|8]]、[[frac:3|8]]。成功總機率為何？,False,False,False,True,True,RENDERER_REPAIR
u22-s012-v005,u22,probability-tree-basic,mc,independentSolution,互斥成功路徑可相加：1/8+2/8+3/8=6/8=3/4。,[[frac:互斥成功路徑可相加：1|8]]+[[frac:2|8]]+[[frac:3|8]]=[[frac:6|8]]=[[frac:3|4]]。,False,False,False,True,False,RENDERER_REPAIR
u22-s012-v005,u22,probability-tree-basic,mc,explanation,互斥成功路徑可相加：1/8+2/8+3/8=6/8=3/4。,[[frac:互斥成功路徑可相加：1|8]]+[[frac:2|8]]+[[frac:3|8]]=[[frac:6|8]]=[[frac:3|4]]。,False,False,False,True,False,RENDERER_REPAIR
u22-s012-v005,u22,probability-tree-basic,mc,optionAnalysis[0].reason,正確。獨立重算：互斥成功路徑可相加：1/8+2/8+3/8=6/8=3/4。,正確。[[frac:獨立重算：互斥成功路徑可相加：1|8]]+[[frac:2|8]]+[[frac:3|8]]=[[frac:6|8]]=[[frac:3|4]]。,False,False,False,True,False,RENDERER_REPAIR
u22-s012-v008,u22,probability-tree-basic,mc,prompt,某樹狀圖兩條事件E路徑機率為1/4與1/6，其他路徑不屬E。P(E)是多少？,[[frac:某樹狀圖兩條事件E路徑機率為1|4與1]]/6，其他路徑不屬E。P(E)是多少？,False,False,False,True,True,RENDERER_REPAIR
u22-s012-v008,u22,probability-tree-basic,mc,text,某樹狀圖兩條事件E路徑機率為1/4與1/6，其他路徑不屬E。P(E)是多少？,[[frac:某樹狀圖兩條事件E路徑機率為1|4與1]]/6，其他路徑不屬E。P(E)是多少？,False,False,False,True,True,RENDERER_REPAIR
u22-s012-v008,u22,probability-tree-basic,mc,optionAnalysis[1].reason,正確。獨立重算：1/4+1/6=3/12+2/12=5/12。,正確。[[frac:獨立重算：1|4]]+[[frac:1|6]]=[[frac:3|12]]+[[frac:2|12]]=[[frac:5|12]]。,False,False,False,True,False,RENDERER_REPAIR
u22-s012-v009,u22,probability-tree-basic,mc,prompt,樹狀圖中一條路徑標示機率2/5、3/4、1/2。該路徑機率為何？,[[frac:樹狀圖中一條路徑標示機率2|5]]、[[frac:3|4]]、[[frac:1|2]]。該路徑機率為何？,False,False,False,True,True,RENDERER_REPAIR
u22-s012-v009,u22,probability-tree-basic,mc,text,樹狀圖中一條路徑標示機率2/5、3/4、1/2。該路徑機率為何？,[[frac:樹狀圖中一條路徑標示機率2|5]]、[[frac:3|4]]、[[frac:1|2]]。該路徑機率為何？,False,False,False,True,True,RENDERER_REPAIR
u22-s012-v009,u22,probability-tree-basic,mc,independentSolution,沿路相乘：(2/5)(3/4)(1/2)=6/40=3/20。,[[frac:沿路相乘：(2|5)(3]]/[[frac:4)(1|2)]]=[[frac:6|40]]=[[frac:3|20]]。,False,False,False,True,False,RENDERER_REPAIR
u22-s012-v009,u22,probability-tree-basic,mc,explanation,沿路相乘：(2/5)(3/4)(1/2)=6/40=3/20。,[[frac:沿路相乘：(2|5)(3]]/[[frac:4)(1|2)]]=[[frac:6|40]]=[[frac:3|20]]。,False,False,False,True,False,RENDERER_REPAIR
u22-s012-v009,u22,probability-tree-basic,mc,optionAnalysis[1].reason,漏乘1/2。,[[frac:漏乘1|2]]。,False,False,False,True,False,RENDERER_REPAIR
u22-s012-v009,u22,probability-tree-basic,mc,optionAnalysis[2].reason,正確。獨立重算：沿路相乘：(2/5)(3/4)(1/2)=6/40=3/20。,正確。[[frac:獨立重算：沿路相乘：(2|5)(3]]/[[frac:4)(1|2)]]=[[frac:6|40]]=[[frac:3|20]]。,False,False,False,True,False,RENDERER_REPAIR
u22-s012-v012,u22,probability-tree-basic,mc,prompt,抽球樹狀圖如圖：第一次紅機率2/3、藍1/3；若第一次紅，第二次成功1/4；若第一次藍，第二次成功1/2。成功機率為何？,[[frac:抽球樹狀圖如圖：第一次紅機率2|3]]、[[frac:藍1|3]]；若第一次紅，[[frac:第二次成功1|4]]；若第一次藍，[[frac:第二次成功1|2]]。成功機率為何？,False,False,False,True,True,RENDERER_REPAIR
u22-s012-v012,u22,probability-tree-basic,mc,text,抽球樹狀圖如圖：第一次紅機率2/3、藍1/3；若第一次紅，第二次成功1/4；若第一次藍，第二次成功1/2。成功機率為何？,[[frac:抽球樹狀圖如圖：第一次紅機率2|3]]、[[frac:藍1|3]]；若第一次紅，[[frac:第二次成功1|4]]；若第一次藍，[[frac:第二次成功1|2]]。成功機率為何？,False,False,False,True,True,RENDERER_REPAIR
u22-s012-v012,u22,probability-tree-basic,mc,independentSolution,成功有兩條互斥路徑：(2/3)(1/4)+(1/3)(1/2)=1/6+1/6=1/3。,[[frac:成功有兩條互斥路徑：(2|3)(1]]/4)+[[frac:(1|3)(1]]/2)=[[frac:1|6]]+[[frac:1|6]]=[[frac:1|3]]。,False,False,False,True,False,RENDERER_REPAIR
u22-s012-v012,u22,probability-tree-basic,mc,explanation,成功有兩條互斥路徑：(2/3)(1/4)+(1/3)(1/2)=1/6+1/6=1/3。,[[frac:成功有兩條互斥路徑：(2|3)(1]]/4)+[[frac:(1|3)(1]]/2)=[[frac:1|6]]+[[frac:1|6]]=[[frac:1|3]]。,False,False,False,True,False,RENDERER_REPAIR
u22-s012-v012,u22,probability-tree-basic,mc,steps[0],算紅且成功1/6。,[[frac:算紅且成功1|6]]。,False,False,False,True,False,RENDERER_REPAIR
u22-s012-v012,u22,probability-tree-basic,mc,steps[1],算藍且成功1/6。,[[frac:算藍且成功1|6]]。,False,False,False,True,False,RENDERER_REPAIR
u22-s012-v012,u22,probability-tree-basic,mc,steps[2],相加1/3。,[[frac:相加1|3]]。,False,False,False,True,False,RENDERER_REPAIR
u22-s012-v012,u22,probability-tree-basic,mc,optionAnalysis[0].reason,正確。獨立重算：成功有兩條互斥路徑：(2/3)(1/4)+(1/3)(1/2)=1/6+1/6=1/3。,正確。[[frac:獨立重算：成功有兩條互斥路徑：(2|3)(1]]/4)+[[frac:(1|3)(1]]/2)=[[frac:1|6]]+[[frac:1|6]]=[[frac:1|3]]。,False,False,False,True,False,RENDERER_REPAIR
u22-s013-cr001,u22,probability-sample-space,cr,alternativeMethods[0],可用乘法原理2×4=8，再以(1/2)(2/4)=1/4驗算。,可用乘法原理2×4=8，[[frac:再以(1|2)(2]]/4)=[[frac:1|4驗算]]。,False,False,False,True,False,RENDERER_REPAIR
u22-s013-cr001,u22,probability-sample-space,cr,rubric[0].criteria,8個結果完整、事件2個與1/4全部正確。,8個結果完整、[[frac:事件2個與1|4全部正確]]。,False,False,False,True,False,RENDERER_REPAIR
u22-s013-cr001,u22,probability-sample-space,cr,followThroughPolicy,樣本空間次序不同不扣分；只寫1/4無列舉最高1分。,樣本空間次序不同不扣分；[[frac:只寫1|4無列舉最高1分]]。,False,False,False,True,False,RENDERER_REPAIR
u22-s013-cr001,u22,probability-sample-space,cr,independentReview.alternativeMethodCheck,可用乘法原理2×4=8，再以(1/2)(2/4)=1/4驗算。,可用乘法原理2×4=8，[[frac:再以(1|2)(2]]/4)=[[frac:1|4驗算]]。,False,False,False,True,False,RENDERER_REPAIR
u22-s013-cr002,u22,probability-sample-space,cr,rubric[0].criteria,六個有序結果、四個有利結果與2/3完整。,六個有序結果、[[frac:四個有利結果與2|3完整]]。,False,False,False,True,False,RENDERER_REPAIR
u22-s013-cr002,u22,probability-sample-space,cr,rubric[1].criteria,樣本空間只有一處漏列但以正確原理得到2/3。,[[frac:樣本空間只有一處漏列但以正確原理得到2|3]]。,False,False,False,True,False,RENDERER_REPAIR
u22-s014-cr001,u22,probability-equally-likely,cr,requiredWork[2],計算120/360。,[[frac:計算120|360]]。,False,False,False,True,False,RENDERER_REPAIR
u22-s014-cr001,u22,probability-equally-likely,cr,alternativeMethods[0],可化成角度比1:2:3，因此機率1/6、1/3、1/2。,可化成角度比1:2:3，[[frac:因此機率1|6]]、[[frac:1|3]]、[[frac:1|2]]。,False,False,False,True,False,RENDERER_REPAIR
u22-s014-cr001,u22,probability-equally-likely,cr,rubric[0].criteria,不等可能判斷、理由與1/3均正確。,不等可能判斷、[[frac:理由與1|3均正確]]。,False,False,False,True,False,RENDERER_REPAIR
u22-s014-cr001,u22,probability-equally-likely,cr,rubric[1].criteria,答案1/3正確但未明確否定等可能。,[[frac:答案1|3正確但未明確否定等可能]]。,False,False,False,True,False,RENDERER_REPAIR
u22-s014-cr001,u22,probability-equally-likely,cr,rubric[2].criteria,能以120/360建立機率。,[[frac:能以120|360建立機率]]。,False,False,False,True,False,RENDERER_REPAIR
u22-s014-cr001,u22,probability-equally-likely,cr,rubric[3].criteria,因三個標籤而一律判各1/3。,[[frac:因三個標籤而一律判各1|3]]。,False,False,False,True,False,RENDERER_REPAIR
u22-s014-cr001,u22,probability-equally-likely,cr,independentReview.alternativeMethodCheck,可化成角度比1:2:3，因此機率1/6、1/3、1/2。,可化成角度比1:2:3，[[frac:因此機率1|6]]、[[frac:1|3]]、[[frac:1|2]]。,False,False,False,True,False,RENDERER_REPAIR
u22-s014-cr002,u22,probability-equally-likely,cr,prompt,袋中有1顆紅球與3顆藍球。有人說「紅、藍兩種顏色，所以抽到紅球機率是1/2」。請指出錯誤，並提出一種讓兩色等可能的修改方法。,袋中有1顆紅球與3顆藍球。有人說「紅、藍兩種顏色，[[frac:所以抽到紅球機率是1|2」]]。請指出錯誤，並提出一種讓兩色等可能的修改方法。,False,False,False,True,True,RENDERER_REPAIR
u22-s014-cr002,u22,probability-equally-likely,cr,standardSolution[0],每一顆球等可能，紅球只占1顆，原機率是1/4，不是1/2。,每一顆球等可能，紅球只占1顆，[[frac:原機率是1|4]]，[[frac:不是1|2]]。,False,False,False,True,False,RENDERER_REPAIR
u22-s014-cr002,u22,probability-equally-likely,cr,reasoningSteps[0],每一顆球等可能，紅球只占1顆，原機率是1/4，不是1/2。,每一顆球等可能，紅球只占1顆，[[frac:原機率是1|4]]，[[frac:不是1|2]]。,False,False,False,True,False,RENDERER_REPAIR
u22-s014-cr002,u22,probability-equally-likely,cr,rubric[0].criteria,錯誤理由、1/4與一種有效修改全部正確。,錯誤理由、[[frac:1|4與一種有效修改全部正確]]。,False,False,False,True,False,RENDERER_REPAIR
u22-s014-cr002,u22,probability-equally-likely,cr,rubric[3].criteria,接受1/2或提出不影響比例的修改。,[[frac:接受1|2或提出不影響比例的修改]]。,False,False,False,True,False,RENDERER_REPAIR
u22-s014-cr002,u22,probability-equally-likely,cr,independentReview.recomputedResult,每一顆球等可能，紅球只占1顆，原機率是1/4，不是1/2。；可增加2顆紅球，使紅、藍各3顆；或移除2顆藍球，使各1顆。,每一顆球等可能，紅球只占1顆，[[frac:原機率是1|4]]，[[frac:不是1|2]]。；可增加2顆紅球，使紅、藍各3顆；或移除2顆藍球，使各1顆。,False,False,False,True,False,RENDERER_REPAIR
u22-s014-v001,u22,probability-equally-likely,mc,choices[1],是，每個機率皆為1/6,是，[[frac:每個機率皆為1|6]],False,False,False,True,True,RENDERER_REPAIR
u22-s014-v001,u22,probability-equally-likely,mc,choices[2],是，每個機率皆為1/3,是，[[frac:每個機率皆為1|3]],False,False,False,True,True,RENDERER_REPAIR
u22-s014-v001,u22,probability-equally-likely,mc,independentSolution,公平骰定義即各面出現機會相同，六面總機率1，所以每面1/6。,公平骰定義即各面出現機會相同，六面總機率1，[[frac:所以每面1|6]]。,False,False,False,True,False,RENDERER_REPAIR
u22-s014-v001,u22,probability-equally-likely,mc,explanation,公平骰定義即各面出現機會相同，六面總機率1，所以每面1/6。,公平骰定義即各面出現機會相同，六面總機率1，[[frac:所以每面1|6]]。,False,False,False,True,False,RENDERER_REPAIR
u22-s014-v001,u22,probability-equally-likely,mc,optionAnalysis[1].choice,是，每個機率皆為1/6,是，[[frac:每個機率皆為1|6]],False,False,False,True,False,RENDERER_REPAIR
u22-s014-v001,u22,probability-equally-likely,mc,optionAnalysis[1].reason,正確。獨立重算：公平骰定義即各面出現機會相同，六面總機率1，所以每面1/6。,正確。獨立重算：公平骰定義即各面出現機會相同，六面總機率1，[[frac:所以每面1|6]]。,False,False,False,True,False,RENDERER_REPAIR
u22-s014-v001,u22,probability-equally-likely,mc,optionAnalysis[2].choice,是，每個機率皆為1/3,是，[[frac:每個機率皆為1|3]],False,False,False,True,False,RENDERER_REPAIR
u22-s014-v002,u22,probability-equally-likely,mc,prompt,轉盤有兩個區域：紅色占圓面積3/4，藍色占1/4，指針均勻落在面積上。紅、藍是否等可能？,[[frac:轉盤有兩個區域：紅色占圓面積3|4]]，[[frac:藍色占1|4]]，指針均勻落在面積上。紅、藍是否等可能？,False,False,False,True,True,RENDERER_REPAIR
u22-s014-v002,u22,probability-equally-likely,mc,text,轉盤有兩個區域：紅色占圓面積3/4，藍色占1/4，指針均勻落在面積上。紅、藍是否等可能？,[[frac:轉盤有兩個區域：紅色占圓面積3|4]]，[[frac:藍色占1|4]]，指針均勻落在面積上。紅、藍是否等可能？,False,False,False,True,True,RENDERER_REPAIR
u22-s014-v002,u22,probability-equally-likely,mc,choices[1],是，各為1/4,是，[[frac:各為1|4]],False,False,False,True,True,RENDERER_REPAIR
u22-s014-v002,u22,probability-equally-likely,mc,independentSolution,均勻轉盤的機率與扇形面積成比例，紅占3/4，故較可能。,均勻轉盤的機率與扇形面積成比例，[[frac:紅占3|4]]，故較可能。,False,False,False,True,False,RENDERER_REPAIR
u22-s014-v002,u22,probability-equally-likely,mc,explanation,均勻轉盤的機率與扇形面積成比例，紅占3/4，故較可能。,均勻轉盤的機率與扇形面積成比例，[[frac:紅占3|4]]，故較可能。,False,False,False,True,False,RENDERER_REPAIR
u22-s014-v002,u22,probability-equally-likely,mc,optionAnalysis[1].choice,是，各為1/4,是，[[frac:各為1|4]],False,False,False,True,False,RENDERER_REPAIR
u22-s014-v002,u22,probability-equally-likely,mc,optionAnalysis[2].reason,正確。獨立重算：均勻轉盤的機率與扇形面積成比例，紅占3/4，故較可能。,正確。獨立重算：均勻轉盤的機率與扇形面積成比例，[[frac:紅占3|4]]，故較可能。,False,False,False,True,False,RENDERER_REPAIR
u22-s014-v003,u22,probability-equally-likely,mc,choices[0],否，藍色機率4/5,否，[[frac:藍色機率4|5]],False,False,False,True,True,RENDERER_REPAIR
u22-s014-v003,u22,probability-equally-likely,mc,choices[2],否，紅色機率4/5,否，[[frac:紅色機率4|5]],False,False,False,True,True,RENDERER_REPAIR
u22-s014-v003,u22,probability-equally-likely,mc,choices[3],是，各為1/5,是，[[frac:各為1|5]],False,False,False,True,True,RENDERER_REPAIR
u22-s014-v003,u22,probability-equally-likely,mc,independentSolution,每顆球等可能，藍球4顆對應4個基本結果，所以藍機率4/5。,每顆球等可能，藍球4顆對應4個基本結果，[[frac:所以藍機率4|5]]。,False,False,False,True,False,RENDERER_REPAIR
u22-s014-v003,u22,probability-equally-likely,mc,explanation,每顆球等可能，藍球4顆對應4個基本結果，所以藍機率4/5。,每顆球等可能，藍球4顆對應4個基本結果，[[frac:所以藍機率4|5]]。,False,False,False,True,False,RENDERER_REPAIR
u22-s014-v003,u22,probability-equally-likely,mc,optionAnalysis[0].choice,否，藍色機率4/5,否，[[frac:藍色機率4|5]],False,False,False,True,False,RENDERER_REPAIR
u22-s014-v003,u22,probability-equally-likely,mc,optionAnalysis[0].reason,正確。獨立重算：每顆球等可能，藍球4顆對應4個基本結果，所以藍機率4/5。,正確。獨立重算：每顆球等可能，藍球4顆對應4個基本結果，[[frac:所以藍機率4|5]]。,False,False,False,True,False,RENDERER_REPAIR
u22-s014-v003,u22,probability-equally-likely,mc,optionAnalysis[2].choice,否，紅色機率4/5,否，[[frac:紅色機率4|5]],False,False,False,True,False,RENDERER_REPAIR
u22-s014-v003,u22,probability-equally-likely,mc,optionAnalysis[3].choice,是，各為1/5,是，[[frac:各為1|5]],False,False,False,True,False,RENDERER_REPAIR
u22-s014-v004,u22,probability-equally-likely,mc,choices[2],是，各為1/11,是，[[frac:各為1|11]],False,False,False,True,True,RENDERER_REPAIR
u22-s014-v004,u22,probability-equally-likely,mc,independentSolution,和2只有1個有序配對，和7有6個，所以機率分別1/36與6/36。,和2只有1個有序配對，和7有6個，[[frac:所以機率分別1|36與6]]/36。,False,False,False,True,False,RENDERER_REPAIR
u22-s014-v004,u22,probability-equally-likely,mc,explanation,和2只有1個有序配對，和7有6個，所以機率分別1/36與6/36。,和2只有1個有序配對，和7有6個，[[frac:所以機率分別1|36與6]]/36。,False,False,False,True,False,RENDERER_REPAIR
u22-s014-v004,u22,probability-equally-likely,mc,optionAnalysis[2].choice,是，各為1/11,是，[[frac:各為1|11]],False,False,False,True,False,RENDERER_REPAIR
u22-s014-v004,u22,probability-equally-likely,mc,optionAnalysis[3].reason,正確。獨立重算：和2只有1個有序配對，和7有6個，所以機率分別1/36與6/36。,正確。獨立重算：和2只有1個有序配對，和7有6個，[[frac:所以機率分別1|36與6]]/36。,False,False,False,True,False,RENDERER_REPAIR
u22-s014-v005,u22,probability-equally-likely,mc,choices[0],否，1的機率是1/2,否，[[frac:1的機率是1|2]],False,False,False,True,True,RENDERER_REPAIR
u22-s014-v005,u22,probability-equally-likely,mc,choices[1],是，三個數字各1/3,是，[[frac:三個數字各1|3]],False,False,False,True,True,RENDERER_REPAIR
u22-s014-v005,u22,probability-equally-likely,mc,choices[2],否，3的機率是1/2,否，[[frac:3的機率是1|2]],False,False,False,True,True,RENDERER_REPAIR
u22-s014-v005,u22,probability-equally-likely,mc,choices[3],是，四張卡各1/4所以三標籤也等可能,是，[[frac:四張卡各1|4所以三標籤也等可能]],False,False,False,True,True,RENDERER_REPAIR
u22-s014-v005,u22,probability-equally-likely,mc,optionAnalysis[0].choice,否，1的機率是1/2,否，[[frac:1的機率是1|2]],False,False,False,True,False,RENDERER_REPAIR
u22-s014-v005,u22,probability-equally-likely,mc,optionAnalysis[1].choice,是，三個數字各1/3,是，[[frac:三個數字各1|3]],False,False,False,True,False,RENDERER_REPAIR
u22-s014-v005,u22,probability-equally-likely,mc,optionAnalysis[2].choice,否，3的機率是1/2,否，[[frac:3的機率是1|2]],False,False,False,True,False,RENDERER_REPAIR
u22-s014-v005,u22,probability-equally-likely,mc,optionAnalysis[3].choice,是，四張卡各1/4所以三標籤也等可能,是，[[frac:四張卡各1|4所以三標籤也等可能]],False,False,False,True,False,RENDERER_REPAIR
u22-s014-v006,u22,probability-equally-likely,mc,independentSolution,等分三區且公平時三區面積相同，各為1/3。,等分三區且公平時三區面積相同，[[frac:各為1|3]]。,False,False,False,True,False,RENDERER_REPAIR
u22-s014-v006,u22,probability-equally-likely,mc,explanation,等分三區且公平時三區面積相同，各為1/3。,等分三區且公平時三區面積相同，[[frac:各為1|3]]。,False,False,False,True,False,RENDERER_REPAIR
u22-s014-v006,u22,probability-equally-likely,mc,optionAnalysis[1].reason,正確。獨立重算：等分三區且公平時三區面積相同，各為1/3。,正確。獨立重算：等分三區且公平時三區面積相同，[[frac:各為1|3]]。,False,False,False,True,False,RENDERER_REPAIR
u22-s014-v006,u22,probability-equally-likely,mc,optionAnalysis[3].reason,A機率1/2，B、C各1/4。,[[frac:A機率1|2]]，B、[[frac:C各1|4]]。,False,False,False,True,False,RENDERER_REPAIR
u22-s014-v007,u22,probability-equally-likely,mc,choices[1],否，失敗機率2/3,否，[[frac:失敗機率2|3]],False,False,False,True,True,RENDERER_REPAIR
u22-s014-v007,u22,probability-equally-likely,mc,choices[2],否，成功機率2/3,否，[[frac:成功機率2|3]],False,False,False,True,True,RENDERER_REPAIR
u22-s014-v007,u22,probability-equally-likely,mc,choices[3],是，各為1/6,是，[[frac:各為1|6]],False,False,False,True,True,RENDERER_REPAIR
u22-s014-v007,u22,probability-equally-likely,mc,independentSolution,成功對應4面，失敗2面，所以成功4/6=2/3。,成功對應4面，失敗2面，[[frac:所以成功4|6]]=[[frac:2|3]]。,False,False,False,True,False,RENDERER_REPAIR
u22-s014-v007,u22,probability-equally-likely,mc,explanation,成功對應4面，失敗2面，所以成功4/6=2/3。,成功對應4面，失敗2面，[[frac:所以成功4|6]]=[[frac:2|3]]。,False,False,False,True,False,RENDERER_REPAIR
u22-s014-v007,u22,probability-equally-likely,mc,optionAnalysis[1].choice,否，失敗機率2/3,否，[[frac:失敗機率2|3]],False,False,False,True,False,RENDERER_REPAIR
u22-s014-v007,u22,probability-equally-likely,mc,optionAnalysis[2].choice,否，成功機率2/3,否，[[frac:成功機率2|3]],False,False,False,True,False,RENDERER_REPAIR
u22-s014-v007,u22,probability-equally-likely,mc,optionAnalysis[2].reason,正確。獨立重算：成功對應4面，失敗2面，所以成功4/6=2/3。,正確。獨立重算：成功對應4面，失敗2面，[[frac:所以成功4|6]]=[[frac:2|3]]。,False,False,False,True,False,RENDERER_REPAIR
u22-s014-v007,u22,probability-equally-likely,mc,optionAnalysis[3].choice,是，各為1/6,是，[[frac:各為1|6]],False,False,False,True,False,RENDERER_REPAIR
u22-s014-v008,u22,probability-equally-likely,mc,choices[1],否，B機率3/4,否，[[frac:B機率3|4]],False,False,False,True,True,RENDERER_REPAIR
u22-s014-v008,u22,probability-equally-likely,mc,choices[3],否，A機率3/4,否，[[frac:A機率3|4]],False,False,False,True,True,RENDERER_REPAIR
u22-s014-v008,u22,probability-equally-likely,mc,optionAnalysis[1].choice,否，B機率3/4,否，[[frac:B機率3|4]],False,False,False,True,False,RENDERER_REPAIR
u22-s014-v008,u22,probability-equally-likely,mc,optionAnalysis[3].choice,否，A機率3/4,否，[[frac:A機率3|4]],False,False,False,True,False,RENDERER_REPAIR
u22-s014-v009,u22,probability-equally-likely,mc,independentSolution,均勻轉盤機率與角度成比例；同角度的A、B各1/6，C、D各1/3。,均勻轉盤機率與角度成比例；同角度的A、[[frac:B各1|6]]，C、[[frac:D各1|3]]。,False,False,False,True,False,RENDERER_REPAIR
u22-s014-v009,u22,probability-equally-likely,mc,explanation,均勻轉盤機率與角度成比例；同角度的A、B各1/6，C、D各1/3。,均勻轉盤機率與角度成比例；同角度的A、[[frac:B各1|6]]，C、[[frac:D各1|3]]。,False,False,False,True,False,RENDERER_REPAIR
u22-s014-v009,u22,probability-equally-likely,mc,optionAnalysis[1].reason,正確。獨立重算：均勻轉盤機率與角度成比例；同角度的A、B各1/6，C、D各1/3。,正確。獨立重算：均勻轉盤機率與角度成比例；同角度的A、[[frac:B各1|6]]，C、[[frac:D各1|3]]。,False,False,False,True,False,RENDERER_REPAIR
u22-s014-v010,u22,probability-equally-likely,mc,prompt,抽獎主辦方說「有頭獎、二獎、未中三種結果，所以每種機率1/3」。已知100張票中頭獎1張、二獎9張。評語何者正確？,抽獎主辦方說「有頭獎、二獎、未中三種結果，[[frac:所以每種機率1|3」]]。已知100張票中頭獎1張、二獎9張。評語何者正確？,False,False,False,True,True,RENDERER_REPAIR
u22-s014-v010,u22,probability-equally-likely,mc,text,抽獎主辦方說「有頭獎、二獎、未中三種結果，所以每種機率1/3」。已知100張票中頭獎1張、二獎9張。評語何者正確？,抽獎主辦方說「有頭獎、二獎、未中三種結果，[[frac:所以每種機率1|3」]]。已知100張票中頭獎1張、二獎9張。評語何者正確？,False,False,False,True,True,RENDERER_REPAIR
u22-s014-v012,u22,probability-equally-likely,mc,independentSolution,甲每班固定2人，個人入選率為2/班級人數；班級大小不同時不等。乙直接對每人等機會。,甲每班固定2人，[[frac:個人入選率為2|班級人數]]；班級大小不同時不等。乙直接對每人等機會。,False,False,False,True,False,RENDERER_REPAIR
u22-s014-v012,u22,probability-equally-likely,mc,explanation,甲每班固定2人，個人入選率為2/班級人數；班級大小不同時不等。乙直接對每人等機會。,甲每班固定2人，[[frac:個人入選率為2|班級人數]]；班級大小不同時不等。乙直接對每人等機會。,False,False,False,True,False,RENDERER_REPAIR
u22-s014-v012,u22,probability-equally-likely,mc,optionAnalysis[0].reason,正確。獨立重算：甲每班固定2人，個人入選率為2/班級人數；班級大小不同時不等。乙直接對每人等機會。,正確。獨立重算：甲每班固定2人，[[frac:個人入選率為2|班級人數]]；班級大小不同時不等。乙直接對每人等機會。,False,False,False,True,False,RENDERER_REPAIR
u22-s015-cr001,u22,probability-two-stage,cr,alternativeMethods[0],可將5顆球先加上可區分標記，完整列出10組不計順序的兩球配對；其中3×2=6組為異色，所以機率6/10=3/5。,可將5顆球先加上可區分標記，完整列出10組不計順序的兩球配對；其中3×2=6組為異色，[[frac:所以機率6|10]]=[[frac:3|5]]。,False,False,False,True,False,RENDERER_REPAIR
u22-s015-cr001,u22,probability-two-stage,cr,rubric[0].criteria,兩條路徑、更新比例與3/5全部完整。,兩條路徑、[[frac:更新比例與3|5全部完整]]。,False,False,False,True,False,RENDERER_REPAIR
u22-s015-cr001,u22,probability-two-stage,cr,rubric[2].criteria,能列兩條異色路徑並得到至少一條3/10。,[[frac:能列兩條異色路徑並得到至少一條3|10]]。,False,False,False,True,False,RENDERER_REPAIR
u22-s015-cr001,u22,probability-two-stage,cr,commonErrors[2],用(3/5)(2/5)。,[[frac:用(3|5)(2]]/5)。,False,False,False,True,False,RENDERER_REPAIR
u22-s015-cr001,u22,probability-two-stage,cr,independentReview.alternativeMethodCheck,可將5顆球先加上可區分標記，完整列出10組不計順序的兩球配對；其中3×2=6組為異色，所以機率6/10=3/5。,可將5顆球先加上可區分標記，完整列出10組不計順序的兩球配對；其中3×2=6組為異色，[[frac:所以機率6|10]]=[[frac:3|5]]。,False,False,False,True,False,RENDERER_REPAIR
u22-s015-cr002,u22,probability-two-stage,cr,alternativeMethods[0],可做共同分母12：3/12+2/12=5/12。,[[frac:可做共同分母12：3|12]]+[[frac:2|12]]=[[frac:5|12]]。,False,False,False,True,False,RENDERER_REPAIR
u22-s015-cr002,u22,probability-two-stage,cr,rubric[0].criteria,兩條路徑與5/12全部正確。,[[frac:兩條路徑與5|12全部正確]]。,False,False,False,True,False,RENDERER_REPAIR
u22-s015-cr002,u22,probability-two-stage,cr,rubric[2].criteria,能列出1/4與1/6中的一項並知道要相加。,[[frac:能列出1|4與1]]/6中的一項並知道要相加。,False,False,False,True,False,RENDERER_REPAIR
u22-s015-cr002,u22,probability-two-stage,cr,rubric[3].criteria,把3/6與1/3直接相加或忽略第一層1/2。,[[frac:把3|6與1]]/[[frac:3直接相加或忽略第一層1|2]]。,False,False,False,True,False,RENDERER_REPAIR
u22-s015-cr002,u22,probability-two-stage,cr,commonErrors[2],將卡片偶數誤算2/3。,[[frac:將卡片偶數誤算2|3]]。,False,False,False,True,False,RENDERER_REPAIR
u22-s015-cr002,u22,probability-two-stage,cr,independentReview.alternativeMethodCheck,可做共同分母12：3/12+2/12=5/12。,[[frac:可做共同分母12：3|12]]+[[frac:2|12]]=[[frac:5|12]]。,False,False,False,True,False,RENDERER_REPAIR
u22-s015-v001,u22,probability-two-stage,mc,steps[0],第一階段1/2。,[[frac:第一階段1|2]]。,False,False,False,True,False,RENDERER_REPAIR
u22-s015-v001,u22,probability-two-stage,mc,steps[1],第二階段1/6。,[[frac:第二階段1|6]]。,False,False,False,True,False,RENDERER_REPAIR
u22-s015-v002,u22,probability-two-stage,mc,independentSolution,放回後每次紅球機率都是2/5，所以(2/5)²=4/25。,[[frac:放回後每次紅球機率都是2|5]]，[[frac:所以(2|5)²]]=[[frac:4|25]]。,False,False,False,True,False,RENDERER_REPAIR
u22-s015-v002,u22,probability-two-stage,mc,explanation,放回後每次紅球機率都是2/5，所以(2/5)²=4/25。,[[frac:放回後每次紅球機率都是2|5]]，[[frac:所以(2|5)²]]=[[frac:4|25]]。,False,False,False,True,False,RENDERER_REPAIR
u22-s015-v002,u22,probability-two-stage,mc,steps[1],兩次各2/5。,[[frac:兩次各2|5]]。,False,False,False,True,False,RENDERER_REPAIR
u22-s015-v002,u22,probability-two-stage,mc,optionAnalysis[2].reason,誤用不放回第二次1/4。,[[frac:誤用不放回第二次1|4]]。,False,False,False,True,False,RENDERER_REPAIR
u22-s015-v002,u22,probability-two-stage,mc,optionAnalysis[3].reason,正確。獨立重算：放回後每次紅球機率都是2/5，所以(2/5)²=4/25。,正確。[[frac:獨立重算：放回後每次紅球機率都是2|5]]，[[frac:所以(2|5)²]]=[[frac:4|25]]。,False,False,False,True,False,RENDERER_REPAIR
u22-s015-v003,u22,probability-two-stage,mc,independentSolution,第一次紅2/5；抽走紅球後第二次紅1/4，所以2/5×1/4=1/10。,[[frac:第一次紅2|5]]；[[frac:抽走紅球後第二次紅1|4]]，[[frac:所以2|5]]×[[frac:1|4]]=[[frac:1|10]]。,False,False,False,True,False,RENDERER_REPAIR
u22-s015-v003,u22,probability-two-stage,mc,explanation,第一次紅2/5；抽走紅球後第二次紅1/4，所以2/5×1/4=1/10。,[[frac:第一次紅2|5]]；[[frac:抽走紅球後第二次紅1|4]]，[[frac:所以2|5]]×[[frac:1|4]]=[[frac:1|10]]。,False,False,False,True,False,RENDERER_REPAIR
u22-s015-v003,u22,probability-two-stage,mc,steps[0],第一紅2/5。,[[frac:第一紅2|5]]。,False,False,False,True,False,RENDERER_REPAIR
u22-s015-v003,u22,probability-two-stage,mc,optionAnalysis[1].reason,正確。獨立重算：第一次紅2/5；抽走紅球後第二次紅1/4，所以2/5×1/4=1/10。,正確。[[frac:獨立重算：第一次紅2|5]]；[[frac:抽走紅球後第二次紅1|4]]，[[frac:所以2|5]]×[[frac:1|4]]=[[frac:1|10]]。,False,False,False,True,False,RENDERER_REPAIR
u22-s015-v004,u22,probability-two-stage,mc,independentSolution,恰好一次有正反、反正兩路徑，各1/4，總和1/2。,恰好一次有正反、反正兩路徑，[[frac:各1|4]]，[[frac:總和1|2]]。,False,False,False,True,False,RENDERER_REPAIR
u22-s015-v004,u22,probability-two-stage,mc,explanation,恰好一次有正反、反正兩路徑，各1/4，總和1/2。,恰好一次有正反、反正兩路徑，[[frac:各1|4]]，[[frac:總和1|2]]。,False,False,False,True,False,RENDERER_REPAIR
u22-s015-v004,u22,probability-two-stage,mc,steps[1],各自相乘1/4。,[[frac:各自相乘1|4]]。,False,False,False,True,False,RENDERER_REPAIR
u22-s015-v004,u22,probability-two-stage,mc,optionAnalysis[0].reason,正確。獨立重算：恰好一次有正反、反正兩路徑，各1/4，總和1/2。,正確。獨立重算：恰好一次有正反、反正兩路徑，[[frac:各1|4]]，[[frac:總和1|2]]。,False,False,False,True,False,RENDERER_REPAIR
u22-s015-v005,u22,probability-two-stage,mc,independentSolution,第一次白3/5，剩4顆中黑2顆，第二次黑2/4，乘得3/10。,[[frac:第一次白3|5]]，剩4顆中黑2顆，[[frac:第二次黑2|4]]，[[frac:乘得3|10]]。,False,False,False,True,False,RENDERER_REPAIR
u22-s015-v005,u22,probability-two-stage,mc,explanation,第一次白3/5，剩4顆中黑2顆，第二次黑2/4，乘得3/10。,[[frac:第一次白3|5]]，剩4顆中黑2顆，[[frac:第二次黑2|4]]，[[frac:乘得3|10]]。,False,False,False,True,False,RENDERER_REPAIR
u22-s015-v005,u22,probability-two-stage,mc,steps[1],約分3/10。,[[frac:約分3|10]]。,False,False,False,True,False,RENDERER_REPAIR
u22-s015-v005,u22,probability-two-stage,mc,optionAnalysis[1].reason,正確。獨立重算：第一次白3/5，剩4顆中黑2顆，第二次黑2/4，乘得3/10。,正確。[[frac:獨立重算：第一次白3|5]]，剩4顆中黑2顆，[[frac:第二次黑2|4]]，[[frac:乘得3|10]]。,False,False,False,True,False,RENDERER_REPAIR
u22-s015-v006,u22,probability-two-stage,mc,independentSolution,先白後黑=3/5×2/4=3/10；先黑後白=2/5×3/4=3/10；相加3/5。,先白後黑=[[frac:3|5]]×[[frac:2|4]]=[[frac:3|10]]；先黑後白=[[frac:2|5]]×[[frac:3|4]]=[[frac:3|10]]；[[frac:相加3|5]]。,False,False,False,True,False,RENDERER_REPAIR
u22-s015-v006,u22,probability-two-stage,mc,explanation,先白後黑=3/5×2/4=3/10；先黑後白=2/5×3/4=3/10；相加3/5。,先白後黑=[[frac:3|5]]×[[frac:2|4]]=[[frac:3|10]]；先黑後白=[[frac:2|5]]×[[frac:3|4]]=[[frac:3|10]]；[[frac:相加3|5]]。,False,False,False,True,False,RENDERER_REPAIR
u22-s015-v006,u22,probability-two-stage,mc,optionAnalysis[2].reason,正確。獨立重算：先白後黑=3/5×2/4=3/10；先黑後白=2/5×3/4=3/10；相加3/5。,正確。獨立重算：先白後黑=[[frac:3|5]]×[[frac:2|4]]=[[frac:3|10]]；先黑後白=[[frac:2|5]]×[[frac:3|4]]=[[frac:3|10]]；[[frac:相加3|5]]。,False,False,False,True,False,RENDERER_REPAIR
u22-s015-v008,u22,probability-two-stage,mc,independentSolution,有序結果12、13、21、23、31、32共6個；大於21的是23、31、32共3個，機率1/2。,有序結果12、13、21、23、31、32共6個；大於21的是23、31、32共3個，[[frac:機率1|2]]。,False,False,False,True,False,RENDERER_REPAIR
u22-s015-v008,u22,probability-two-stage,mc,explanation,有序結果12、13、21、23、31、32共6個；大於21的是23、31、32共3個，機率1/2。,有序結果12、13、21、23、31、32共6個；大於21的是23、31、32共3個，[[frac:機率1|2]]。,False,False,False,True,False,RENDERER_REPAIR
u22-s015-v008,u22,probability-two-stage,mc,optionAnalysis[0].reason,正確。獨立重算：有序結果12、13、21、23、31、32共6個；大於21的是23、31、32共3個，機率1/2。,正確。獨立重算：有序結果12、13、21、23、31、32共6個；大於21的是23、31、32共3個，[[frac:機率1|2]]。,False,False,False,True,False,RENDERER_REPAIR
u22-s015-v009,u22,probability-two-stage,mc,prompt,某兩階段試驗第一步成功率p，第二步在第一步成功後成功率1/3。兩步都成功機率為1/6，p為何？,某兩階段試驗第一步成功率p，[[frac:第二步在第一步成功後成功率1|3]]。[[frac:兩步都成功機率為1|6]]，p為何？,False,False,False,True,True,RENDERER_REPAIR
u22-s015-v009,u22,probability-two-stage,mc,text,某兩階段試驗第一步成功率p，第二步在第一步成功後成功率1/3。兩步都成功機率為1/6，p為何？,某兩階段試驗第一步成功率p，[[frac:第二步在第一步成功後成功率1|3]]。[[frac:兩步都成功機率為1|6]]，p為何？,False,False,False,True,True,RENDERER_REPAIR
u22-s015-v009,u22,probability-two-stage,mc,optionAnalysis[0].reason,把1/6再乘1/3。,[[frac:把1|6再乘1]]/3。,False,False,False,True,False,RENDERER_REPAIR
u22-s015-v010,u22,probability-two-stage,mc,prompt,抽獎每次中獎率1/5，兩次獨立。恰好中一次的機率是多少？,[[frac:抽獎每次中獎率1|5]]，兩次獨立。恰好中一次的機率是多少？,False,False,False,True,True,RENDERER_REPAIR
u22-s015-v010,u22,probability-two-stage,mc,text,抽獎每次中獎率1/5，兩次獨立。恰好中一次的機率是多少？,[[frac:抽獎每次中獎率1|5]]，兩次獨立。恰好中一次的機率是多少？,False,False,False,True,True,RENDERER_REPAIR
u22-s015-v010,u22,probability-two-stage,mc,independentSolution,先中後不中=1/5×4/5=4/25；先不中後中同為4/25；合計8/25。,先中後不中=[[frac:1|5]]×[[frac:4|5]]=[[frac:4|25]]；[[frac:先不中後中同為4|25]]；[[frac:合計8|25]]。,False,False,False,True,False,RENDERER_REPAIR
u22-s015-v010,u22,probability-two-stage,mc,explanation,先中後不中=1/5×4/5=4/25；先不中後中同為4/25；合計8/25。,先中後不中=[[frac:1|5]]×[[frac:4|5]]=[[frac:4|25]]；[[frac:先不中後中同為4|25]]；[[frac:合計8|25]]。,False,False,False,True,False,RENDERER_REPAIR
u22-s015-v010,u22,probability-two-stage,mc,steps[1],各4/25。,[[frac:各4|25]]。,False,False,False,True,False,RENDERER_REPAIR
u22-s015-v010,u22,probability-two-stage,mc,steps[2],相加8/25。,[[frac:相加8|25]]。,False,False,False,True,False,RENDERER_REPAIR
u22-s015-v010,u22,probability-two-stage,mc,optionAnalysis[0].reason,正確。獨立重算：先中後不中=1/5×4/5=4/25；先不中後中同為4/25；合計8/25。,正確。獨立重算：先中後不中=[[frac:1|5]]×[[frac:4|5]]=[[frac:4|25]]；[[frac:先不中後中同為4|25]]；[[frac:合計8|25]]。,False,False,False,True,False,RENDERER_REPAIR
u22-s015-v010,u22,probability-two-stage,mc,optionAnalysis[3].reason,直接把1/5加兩次。,[[frac:直接把1|5加兩次]]。,False,False,False,True,False,RENDERER_REPAIR
u22-s016-cr001,u22,probability-word,cr,rubric[2].criteria,能正確算出30/200或170/200。,[[frac:能正確算出30|200或170]]/200。,False,False,False,True,False,RENDERER_REPAIR
u22-s016-cr002,u22,probability-word,cr,alternativeMethods[0],可列四種準時/不準時序列並相加三種含不準時的路徑。,[[frac:可列四種準時|不準時序列並相加三種含不準時的路徑]]。,False,False,False,True,False,RENDERER_REPAIR
u22-s016-cr002,u22,probability-word,cr,independentReview.alternativeMethodCheck,可列四種準時/不準時序列並相加三種含不準時的路徑。,[[frac:可列四種準時|不準時序列並相加三種含不準時的路徑]]。,False,False,False,True,False,RENDERER_REPAIR
u22-s016-v003,u22,probability-word,mc,independentSolution,有利數為3、4、5、6、7，共5個；機率5/10=1/2。,有利數為3、4、5、6、7，共5個；[[frac:機率5|10]]=[[frac:1|2]]。,False,False,False,True,False,RENDERER_REPAIR
u22-s016-v003,u22,probability-word,mc,explanation,有利數為3、4、5、6、7，共5個；機率5/10=1/2。,有利數為3、4、5、6、7，共5個；[[frac:機率5|10]]=[[frac:1|2]]。,False,False,False,True,False,RENDERER_REPAIR
u22-s016-v003,u22,probability-word,mc,optionAnalysis[2].reason,正確。獨立重算：有利數為3、4、5、6、7，共5個；機率5/10=1/2。,正確。獨立重算：有利數為3、4、5、6、7，共5個；[[frac:機率5|10]]=[[frac:1|2]]。,False,False,False,True,False,RENDERER_REPAIR
u22-s016-v004,u22,probability-word,mc,independentSolution,女生30-14=16人，機率16/30=8/15。,女生30-14=16人，[[frac:機率16|30]]=[[frac:8|15]]。,False,False,False,True,False,RENDERER_REPAIR
u22-s016-v004,u22,probability-word,mc,explanation,女生30-14=16人，機率16/30=8/15。,女生30-14=16人，[[frac:機率16|30]]=[[frac:8|15]]。,False,False,False,True,False,RENDERER_REPAIR
u22-s016-v004,u22,probability-word,mc,optionAnalysis[0].reason,這是抽到男生14/30。,[[frac:這是抽到男生14|30]]。,False,False,False,True,False,RENDERER_REPAIR
u22-s016-v004,u22,probability-word,mc,optionAnalysis[1].reason,正確。獨立重算：女生30-14=16人，機率16/30=8/15。,正確。獨立重算：女生30-14=16人，[[frac:機率16|30]]=[[frac:8|15]]。,False,False,False,True,False,RENDERER_REPAIR
u22-s016-v005,u22,probability-word,mc,independentSolution,用餘事：兩位都不是0有9×9=81種，所以至少一個0有100-81=19種，機率19/100。,用餘事：兩位都不是0有9×9=81種，所以至少一個0有100-81=19種，[[frac:機率19|100]]。,False,False,False,True,False,RENDERER_REPAIR
u22-s016-v005,u22,probability-word,mc,explanation,用餘事：兩位都不是0有9×9=81種，所以至少一個0有100-81=19種，機率19/100。,用餘事：兩位都不是0有9×9=81種，所以至少一個0有100-81=19種，[[frac:機率19|100]]。,False,False,False,True,False,RENDERER_REPAIR
u22-s016-v005,u22,probability-word,mc,optionAnalysis[2].reason,正確。獨立重算：用餘事：兩位都不是0有9×9=81種，所以至少一個0有100-81=19種，機率19/100。,正確。獨立重算：用餘事：兩位都不是0有9×9=81種，所以至少一個0有100-81=19種，[[frac:機率19|100]]。,False,False,False,True,False,RENDERER_REPAIR
u22-s016-v006,u22,probability-word,mc,independentSolution,可分路徑：先白後黑=4/6×2/5=4/15；先黑後黑=2/6×1/5=1/15；合計5/15=1/3。也可用抽取位置對每顆球對稱，第二位黑率2/6。,可分路徑：先白後黑=[[frac:4|6]]×[[frac:2|5]]=[[frac:4|15]]；先黑後黑=[[frac:2|6]]×[[frac:1|5]]=[[frac:1|15]]；[[frac:合計5|15]]=[[frac:1|3]]。也可用抽取位置對每顆球對稱，[[frac:第二位黑率2|6]]。,False,False,False,True,False,RENDERER_REPAIR
u22-s016-v006,u22,probability-word,mc,explanation,可分路徑：先白後黑=4/6×2/5=4/15；先黑後黑=2/6×1/5=1/15；合計5/15=1/3。也可用抽取位置對每顆球對稱，第二位黑率2/6。,可分路徑：先白後黑=[[frac:4|6]]×[[frac:2|5]]=[[frac:4|15]]；先黑後黑=[[frac:2|6]]×[[frac:1|5]]=[[frac:1|15]]；[[frac:合計5|15]]=[[frac:1|3]]。也可用抽取位置對每顆球對稱，[[frac:第二位黑率2|6]]。,False,False,False,True,False,RENDERER_REPAIR
u22-s016-v006,u22,probability-word,mc,steps[1],相加得1/3。,[[frac:相加得1|3]]。,False,False,False,True,False,RENDERER_REPAIR
u22-s016-v006,u22,probability-word,mc,optionAnalysis[3].reason,正確。獨立重算：可分路徑：先白後黑=4/6×2/5=4/15；先黑後黑=2/6×1/5=1/15；合計5/15=1/3。也可用抽取位置對每顆球對稱，第二位黑率2/6。,正確。獨立重算：可分路徑：先白後黑=[[frac:4|6]]×[[frac:2|5]]=[[frac:4|15]]；先黑後黑=[[frac:2|6]]×[[frac:1|5]]=[[frac:1|15]]；[[frac:合計5|15]]=[[frac:1|3]]。也可用抽取位置對每顆球對稱，[[frac:第二位黑率2|6]]。,False,False,False,True,False,RENDERER_REPAIR
u22-s016-v007,u22,probability-word,mc,independentSolution,餘事是兩顆都不是6，機率(5/6)²=25/36，所以至少一顆6為11/36。,餘事是兩顆都不是6，[[frac:機率(5|6)²]]=[[frac:25|36]]，[[frac:所以至少一顆6為11|36]]。,False,False,False,True,False,RENDERER_REPAIR
u22-s016-v007,u22,probability-word,mc,explanation,餘事是兩顆都不是6，機率(5/6)²=25/36，所以至少一顆6為11/36。,餘事是兩顆都不是6，[[frac:機率(5|6)²]]=[[frac:25|36]]，[[frac:所以至少一顆6為11|36]]。,False,False,False,True,False,RENDERER_REPAIR
u22-s016-v007,u22,probability-word,mc,steps[1],計算25/36。,[[frac:計算25|36]]。,False,False,False,True,False,RENDERER_REPAIR
u22-s016-v007,u22,probability-word,mc,optionAnalysis[0].reason,正確。獨立重算：餘事是兩顆都不是6，機率(5/6)²=25/36，所以至少一顆6為11/36。,正確。獨立重算：餘事是兩顆都不是6，[[frac:機率(5|6)²]]=[[frac:25|36]]，[[frac:所以至少一顆6為11|36]]。,False,False,False,True,False,RENDERER_REPAIR
u22-s016-v007,u22,probability-word,mc,misconceptionTarget,直接相加兩個1/6。,[[frac:直接相加兩個1|6]]。,False,False,False,True,False,RENDERER_REPAIR
u22-s016-v011,u22,probability-word,mc,independentSolution,相對次數35/100=35%可作估計，但單次結果仍可能下雨或不下雨。,[[frac:相對次數35|100]]=35%可作估計，但單次結果仍可能下雨或不下雨。,False,False,False,True,False,RENDERER_REPAIR
u22-s016-v011,u22,probability-word,mc,explanation,相對次數35/100=35%可作估計，但單次結果仍可能下雨或不下雨。,[[frac:相對次數35|100]]=35%可作估計，但單次結果仍可能下雨或不下雨。,False,False,False,True,False,RENDERER_REPAIR
u22-s016-v011,u22,probability-word,mc,optionAnalysis[0].reason,正確。獨立重算：相對次數35/100=35%可作估計，但單次結果仍可能下雨或不下雨。,正確。[[frac:獨立重算：相對次數35|100]]=35%可作估計，但單次結果仍可能下雨或不下雨。,False,False,False,True,False,RENDERER_REPAIR
u22-s017-cr001,u22,probability-literacy,cr,prompt,某遊戲每局花20元，1/10機率獲得100元獎金，其餘無獎。計算每局獎金的期望值與扣除費用後的平均淨結果，並說明「期望淨值-10元」不代表每局一定輸10元。,某遊戲每局花20元，[[frac:1|10機率獲得100元獎金]]，其餘無獎。計算每局獎金的期望值與扣除費用後的平均淨結果，並說明「期望淨值-10元」不代表每局一定輸10元。,False,False,False,True,True,RENDERER_REPAIR
u22-s017-cr001,u22,probability-literacy,cr,rubric[0].criteria,兩個期望值與單次/長期解釋完整。,[[frac:兩個期望值與單次|長期解釋完整]]。,False,False,False,True,False,RENDERER_REPAIR
u22-s017-cr002,u22,probability-literacy,cr,alternativeMethods[0],可畫二層樹狀圖，先分患者/非患者，再分陽性/陰性。,可畫二層樹狀圖，[[frac:先分患者|非患者]]，[[frac:再分陽性|陰性]]。,False,False,False,True,False,RENDERER_REPAIR
u22-s017-cr002,u22,probability-literacy,cr,rubric[2].criteria,能分出真陽性與假陽性並建立180/(180+490)。,[[frac:能分出真陽性與假陽性並建立180|(180]]+490)。,False,False,False,True,False,RENDERER_REPAIR
u22-s017-cr002,u22,probability-literacy,cr,followThroughPolicy,若百分率四捨五入為27%可接受；前步算術錯後依自己的真/假陽性正確組成比例，可給追蹤分。,若百分率四捨五入為27%可接受；[[frac:前步算術錯後依自己的真|假陽性正確組成比例]]，可給追蹤分。,False,False,False,True,False,RENDERER_REPAIR
u22-s017-cr002,u22,probability-literacy,cr,independentReview.alternativeMethodCheck,可畫二層樹狀圖，先分患者/非患者，再分陽性/陰性。,可畫二層樹狀圖，[[frac:先分患者|非患者]]，[[frac:再分陽性|陰性]]。,False,False,False,True,False,RENDERER_REPAIR
u22-s017-v001,u22,probability-literacy,mc,prompt,一個公平遊戲中，玩家有1/4機率得12分，其餘得0分。長期每局平均得分的理論值為何？,一個公平遊戲中，[[frac:玩家有1|4機率得12分]]，其餘得0分。長期每局平均得分的理論值為何？,False,False,False,True,True,RENDERER_REPAIR
u22-s017-v001,u22,probability-literacy,mc,text,一個公平遊戲中，玩家有1/4機率得12分，其餘得0分。長期每局平均得分的理論值為何？,一個公平遊戲中，[[frac:玩家有1|4機率得12分]]，其餘得0分。長期每局平均得分的理論值為何？,False,False,False,True,True,RENDERER_REPAIR
u22-s017-v003,u22,probability-literacy,mc,prompt,甲遊戲中獎率1/10，乙遊戲中獎率1/5。若獎品價值相同且成本相同，哪個較有利？,[[frac:甲遊戲中獎率1|10]]，[[frac:乙遊戲中獎率1|5]]。若獎品價值相同且成本相同，哪個較有利？,False,False,False,True,True,RENDERER_REPAIR
u22-s017-v003,u22,probability-literacy,mc,text,甲遊戲中獎率1/10，乙遊戲中獎率1/5。若獎品價值相同且成本相同，哪個較有利？,[[frac:甲遊戲中獎率1|10]]，[[frac:乙遊戲中獎率1|5]]。若獎品價值相同且成本相同，哪個較有利？,False,False,False,True,True,RENDERER_REPAIR
u22-s017-v003,u22,probability-literacy,mc,steps[0],比較1/10與1/5。,[[frac:比較1|10與1]]/5。,False,False,False,True,False,RENDERER_REPAIR
u22-s017-v003,u22,probability-literacy,mc,optionAnalysis[0].reason,1/10小於1/5。,[[frac:1|10小於1]]/5。,False,False,False,True,False,RENDERER_REPAIR
u22-s017-v004,u22,probability-literacy,mc,prompt,遊戲A：1/2機率得4分，1/2得0分。遊戲B：1/4機率得8分，其餘0分。兩者長期平均得分如何？,[[frac:遊戲A：1|2機率得4分]]，[[frac:1|2得0分]]。[[frac:遊戲B：1|4機率得8分]]，其餘0分。兩者長期平均得分如何？,False,False,False,True,True,RENDERER_REPAIR
u22-s017-v004,u22,probability-literacy,mc,text,遊戲A：1/2機率得4分，1/2得0分。遊戲B：1/4機率得8分，其餘0分。兩者長期平均得分如何？,[[frac:遊戲A：1|2機率得4分]]，[[frac:1|2得0分]]。[[frac:遊戲B：1|4機率得8分]]，其餘0分。兩者長期平均得分如何？,False,False,False,True,True,RENDERER_REPAIR
u22-s017-v006,u22,probability-literacy,mc,choices[2],小於1/2，因反面該出現了,[[frac:小於1|2]]，因反面該出現了,False,False,False,True,True,RENDERER_REPAIR
u22-s017-v006,u22,probability-literacy,mc,choices[3],大於1/2，因正在連勝,[[frac:大於1|2]]，因正在連勝,False,False,False,True,True,RENDERER_REPAIR
u22-s017-v006,u22,probability-literacy,mc,independentSolution,獨立公平硬幣每次正面機率皆1/2，過去連續結果不影響下一次。,[[frac:獨立公平硬幣每次正面機率皆1|2]]，過去連續結果不影響下一次。,False,False,False,True,False,RENDERER_REPAIR
u22-s017-v006,u22,probability-literacy,mc,explanation,獨立公平硬幣每次正面機率皆1/2，過去連續結果不影響下一次。,[[frac:獨立公平硬幣每次正面機率皆1|2]]，過去連續結果不影響下一次。,False,False,False,True,False,RENDERER_REPAIR
u22-s017-v006,u22,probability-literacy,mc,optionAnalysis[1].reason,正確。獨立重算：獨立公平硬幣每次正面機率皆1/2，過去連續結果不影響下一次。,正確。[[frac:獨立重算：獨立公平硬幣每次正面機率皆1|2]]，過去連續結果不影響下一次。,False,False,False,True,False,RENDERER_REPAIR
u22-s017-v006,u22,probability-literacy,mc,optionAnalysis[2].choice,小於1/2，因反面該出現了,[[frac:小於1|2]]，因反面該出現了,False,False,False,True,False,RENDERER_REPAIR
u22-s017-v006,u22,probability-literacy,mc,optionAnalysis[3].choice,大於1/2，因正在連勝,[[frac:大於1|2]]，因正在連勝,False,False,False,True,False,RENDERER_REPAIR
u22-s017-v007,u22,probability-literacy,mc,prompt,某遊戲入場費6元，1/5機率得20元獎金，其餘得0元。以淨收益計，長期每局平均為何？,某遊戲入場費6元，[[frac:1|5機率得20元獎金]]，其餘得0元。以淨收益計，長期每局平均為何？,False,False,False,True,True,RENDERER_REPAIR
u22-s017-v007,u22,probability-literacy,mc,text,某遊戲入場費6元，1/5機率得20元獎金，其餘得0元。以淨收益計，長期每局平均為何？,某遊戲入場費6元，[[frac:1|5機率得20元獎金]]，其餘得0元。以淨收益計，長期每局平均為何？,False,False,False,True,True,RENDERER_REPAIR
u22-s017-v008,u22,probability-literacy,mc,choices[0],5/6點,[[frac:5|6點]],False,False,False,True,True,RENDERER_REPAIR
u22-s017-v008,u22,probability-literacy,mc,choices[1],-1/6點,-[[frac:1|6點]],False,False,False,True,True,RENDERER_REPAIR
u22-s017-v008,u22,probability-literacy,mc,choices[2],3/2點,[[frac:3|2點]],False,False,False,True,True,RENDERER_REPAIR
u22-s017-v008,u22,probability-literacy,mc,independentSolution,期望=10×1/6+(-1)×5/6=(10-5)/6=5/6點。,期望=10×[[frac:1|6]]+(-1)×[[frac:5|6]]=[[frac:10-5|6]]=[[frac:5|6點]]。,False,False,False,True,False,RENDERER_REPAIR
u22-s017-v008,u22,probability-literacy,mc,explanation,期望=10×1/6+(-1)×5/6=(10-5)/6=5/6點。,期望=10×[[frac:1|6]]+(-1)×[[frac:5|6]]=[[frac:10-5|6]]=[[frac:5|6點]]。,False,False,False,True,False,RENDERER_REPAIR
u22-s017-v008,u22,probability-literacy,mc,optionAnalysis[0].choice,5/6點,[[frac:5|6點]],False,False,False,True,False,RENDERER_REPAIR
u22-s017-v008,u22,probability-literacy,mc,optionAnalysis[0].reason,正確。獨立重算：期望=10×1/6+(-1)×5/6=(10-5)/6=5/6點。,正確。獨立重算：期望=10×[[frac:1|6]]+(-1)×[[frac:5|6]]=[[frac:10-5|6]]=[[frac:5|6點]]。,False,False,False,True,False,RENDERER_REPAIR
u22-s017-v008,u22,probability-literacy,mc,optionAnalysis[1].choice,-1/6點,-[[frac:1|6點]],False,False,False,True,False,RENDERER_REPAIR
u22-s017-v008,u22,probability-literacy,mc,optionAnalysis[2].choice,3/2點,[[frac:3|2點]],False,False,False,True,False,RENDERER_REPAIR
u22-s017-v008,u22,probability-literacy,mc,ambiguityBoundaryAudit,公平遊戲通常指期望淨值0，本題為正5/6。,公平遊戲通常指期望淨值0，[[frac:本題為正5|6]]。,False,False,False,True,False,RENDERER_REPAIR
u22-s017-v012,u22,probability-literacy,mc,optionAnalysis[3].reason,正確。獨立重算：27/100=27%是觀察比例；重複次數增加通常更穩定，但單次模擬不等同證明。,正確。[[frac:獨立重算：27|100]]=27%是觀察比例；重複次數增加通常更穩定，但單次模擬不等同證明。,False,False,False,True,False,RENDERER_REPAIR
u22-s018-cr001,u22,statistics-probability-literacy,cr,rubric[0].criteria,六個統計值、2/5與至少一項正確推論限制完整。,六個統計值、[[frac:2|5與至少一項正確推論限制完整]]。,False,False,False,True,False,RENDERER_REPAIR
u22-s018-cr001,u22,statistics-probability-literacy,cr,rubric[2].criteria,能正確比較中位數或IQR並算出2/5。,[[frac:能正確比較中位數或IQR並算出2|5]]。,False,False,False,True,False,RENDERER_REPAIR
u22-s018-cr001,u22,statistics-probability-literacy,cr,rubric[3].criteria,以盒狀圖推所有個體，或機率用1/2忽略樣本數。,以盒狀圖推所有個體，[[frac:或機率用1|2忽略樣本數]]。,False,False,False,True,False,RENDERER_REPAIR
u22-s018-cr001,u22,statistics-probability-literacy,cr,commonErrors[0],因兩校各一個盒狀圖就判抽中各1/2。,[[frac:因兩校各一個盒狀圖就判抽中各1|2]]。,False,False,False,True,False,RENDERER_REPAIR
u22-s018-cr002,u22,statistics-probability-literacy,cr,alternativeMethods[0],可換成人數：預期續訂10+27+24=61人，故61/100。,可換成人數：預期續訂10+27+24=61人，[[frac:故61|100]]。,False,False,False,True,False,RENDERER_REPAIR
u22-s018-cr002,u22,statistics-probability-literacy,cr,independentReview.alternativeMethodCheck,可換成人數：預期續訂10+27+24=61人，故61/100。,可換成人數：預期續訂10+27+24=61人，[[frac:故61|100]]。,False,False,False,True,False,RENDERER_REPAIR
u22-s018-v001,u22,statistics-probability-literacy,mc,independentSolution,Q1到Q3涵蓋中間約50%的排序位置，所以隨機抽到此範圍約1/2。,Q1到Q3涵蓋中間約50%的排序位置，[[frac:所以隨機抽到此範圍約1|2]]。,False,False,False,True,False,RENDERER_REPAIR
u22-s018-v001,u22,statistics-probability-literacy,mc,explanation,Q1到Q3涵蓋中間約50%的排序位置，所以隨機抽到此範圍約1/2。,Q1到Q3涵蓋中間約50%的排序位置，[[frac:所以隨機抽到此範圍約1|2]]。,False,False,False,True,False,RENDERER_REPAIR
u22-s018-v001,u22,statistics-probability-literacy,mc,optionAnalysis[1].reason,正確。獨立重算：Q1到Q3涵蓋中間約50%的排序位置，所以隨機抽到此範圍約1/2。,正確。獨立重算：Q1到Q3涵蓋中間約50%的排序位置，[[frac:所以隨機抽到此範圍約1|2]]。,False,False,False,True,False,RENDERER_REPAIR
u22-s018-v002,u22,statistics-probability-literacy,mc,independentSolution,有利30筆、總40筆，機率30/40=3/4。,有利30筆、總40筆，[[frac:機率30|40]]=[[frac:3|4]]。,False,False,False,True,False,RENDERER_REPAIR
u22-s018-v002,u22,statistics-probability-literacy,mc,explanation,有利30筆、總40筆，機率30/40=3/4。,有利30筆、總40筆，[[frac:機率30|40]]=[[frac:3|4]]。,False,False,False,True,False,RENDERER_REPAIR
u22-s018-v002,u22,statistics-probability-literacy,mc,optionAnalysis[3].reason,正確。獨立重算：有利30筆、總40筆，機率30/40=3/4。,正確。獨立重算：有利30筆、總40筆，[[frac:機率30|40]]=[[frac:3|4]]。,False,False,False,True,False,RENDERER_REPAIR
u22-s018-v005,u22,statistics-probability-literacy,mc,choices[1],能，機率為1/5,能，[[frac:機率為1|5]],False,False,False,True,True,RENDERER_REPAIR
u22-s018-v005,u22,statistics-probability-literacy,mc,choices[2],能，機率為1/4,能，[[frac:機率為1|4]],False,False,False,True,True,RENDERER_REPAIR
u22-s018-v005,u22,statistics-probability-literacy,mc,choices[3],能，機率為1/2,能，[[frac:機率為1|2]],False,False,False,True,True,RENDERER_REPAIR
u22-s018-v005,u22,statistics-probability-literacy,mc,optionAnalysis[1].choice,能，機率為1/5,能，[[frac:機率為1|5]],False,False,False,True,False,RENDERER_REPAIR
u22-s018-v005,u22,statistics-probability-literacy,mc,optionAnalysis[2].choice,能，機率為1/4,能，[[frac:機率為1|4]],False,False,False,True,False,RENDERER_REPAIR
u22-s018-v005,u22,statistics-probability-literacy,mc,optionAnalysis[3].choice,能，機率為1/2,能，[[frac:機率為1|2]],False,False,False,True,False,RENDERER_REPAIR
u23-s001-cr002,u23,solid-nets,cr,alternativeSolutions[0],若進一步寫半徑為9/π公分亦可，但不是必要條件。,[[frac:若進一步寫半徑為9|π公分亦可]]，但不是必要條件。,False,False,False,True,False,RENDERER_REPAIR
u23-s003-cr002,u23,solid-cross-section,cr,rubric[0].criteria,正確列r/10=6/15並求得4公分，且說明小圓錐與原圓錐相似。,[[frac:正確列r|10]]=[[frac:6|15並求得4公分]]，且說明小圓錐與原圓錐相似。,False,False,False,True,False,RENDERER_REPAIR
u23-s003-cr002,u23,solid-cross-section,cr,rubric[2].criteria,知道要用相似比，但誤用9/15或比例方向導致答案錯。,知道要用相似比，[[frac:但誤用9|15或比例方向導致答案錯]]。,False,False,False,True,False,RENDERER_REPAIR
u23-s003-cr002,u23,solid-cross-section,cr,partialCreditRules[1],知道要用相似比，但誤用9/15或比例方向導致答案錯。,知道要用相似比，[[frac:但誤用9|15或比例方向導致答案錯]]。,False,False,False,True,False,RENDERER_REPAIR
u23-s003-cr002,u23,solid-cross-section,cr,followThroughPolicy,若誤把6公分當截面到底面的距離而用9/15，後續運算正確可得1分；若比例正確但算術錯，可得2分。,[[frac:若誤把6公分當截面到底面的距離而用9|15]]，後續運算正確可得1分；若比例正確但算術錯，可得2分。,False,False,False,True,False,RENDERER_REPAIR
u23-s003-v012,u23,solid-cross-section,mc,independentSolution,不參照答案欄，重新使用題目條件計算：利用相似線性比；半徑比1/2等於高度比1/2。所得結果是「二分之一」。,不參照答案欄，重新使用題目條件計算：利用相似線性比；[[frac:半徑比1|2等於高度比1]]/2。所得結果是「二分之一」。,False,False,False,True,False,RENDERER_REPAIR
u23-s003-v012,u23,solid-cross-section,mc,steps[1],半徑比1/2等於高度比1/2,[[frac:半徑比1|2等於高度比1]]/2,False,False,False,True,False,RENDERER_REPAIR
u23-s003-v012,u23,solid-cross-section,mc,optionAnalysis[1].reason,依獨立計算「半徑比1/2等於高度比1/2」，此選項符合所求「求距頂點高度比例」。,[[frac:依獨立計算「半徑比1|2等於高度比1]]/2」，此選項符合所求「求距頂點高度比例」。,False,False,False,True,False,RENDERER_REPAIR
u23-s009-v010,u23,prism-surface-area,mc,independentSolution,不參照答案欄，重新使用題目條件計算：辨認底與四側面；面積1800平方公分；乘0.08元/平方公分得144元。所得結果是「144 元」。,不參照答案欄，重新使用題目條件計算：辨認底與四側面；面積1800平方公分；[[frac:乘0.08元|平方公分得144元]]。所得結果是「144 元」。,False,False,False,True,False,RENDERER_REPAIR
u23-s009-v010,u23,prism-surface-area,mc,steps[2],乘0.08元/平方公分得144元,[[frac:乘0.08元|平方公分得144元]],False,False,False,True,False,RENDERER_REPAIR
u23-s009-v010,u23,prism-surface-area,mc,unitCheck,平方公分乘元/平方公分得元。,[[frac:平方公分乘元|平方公分得元]]。,False,False,False,True,False,RENDERER_REPAIR
u23-s009-v012,u23,prism-surface-area,mc,unitCheck,平方公分除以平方公分/單位得到單位數。,[[frac:平方公分除以平方公分|單位得到單位數]]。,False,False,False,True,False,RENDERER_REPAIR
u23-s010-v011,u23,prism-volume,mc,givenConditions[2],密度7.5公克/立方公分,[[frac:密度7.5公克|立方公分]],False,False,False,True,False,RENDERER_REPAIR
u23-s011-v003,u23,pyramid-cone-volume,mc,explanation,同底等高錐體體積是柱體的1/3，所以180÷3=60立方公分。,[[frac:同底等高錐體體積是柱體的1|3]]，所以180÷3=60立方公分。,False,False,False,True,False,RENDERER_REPAIR
u23-s011-v008,u23,pyramid-cone-volume,mc,independentSolution,不參照答案欄，重新使用題目條件計算：底面倍數2乘高倍數3/4；得3/2。所得結果是「3/2」。,不參照答案欄，[[frac:重新使用題目條件計算：底面倍數2乘高倍數3|4]]；[[frac:得3|2]]。[[frac:所得結果是「3|2」]]。,False,False,False,True,False,RENDERER_REPAIR
u23-s011-v008,u23,pyramid-cone-volume,mc,steps[0],底面倍數2乘高倍數3/4,[[frac:底面倍數2乘高倍數3|4]],False,False,False,True,False,RENDERER_REPAIR
u23-s011-v008,u23,pyramid-cone-volume,mc,steps[1],得3/2,[[frac:得3|2]],False,False,False,True,False,RENDERER_REPAIR
u23-s011-v008,u23,pyramid-cone-volume,mc,optionAnalysis[1].reason,依獨立計算「得3/2」，此選項符合所求「體積倍數」。,[[frac:依獨立計算「得3|2」]]，此選項符合所求「體積倍數」。,False,False,False,True,False,RENDERER_REPAIR
u23-s011-v008,u23,pyramid-cone-volume,mc,optionAnalysis[3].reason,把3/4倒置。,[[frac:把3|4倒置]]。,False,False,False,True,False,RENDERER_REPAIR
u23-s011-v008,u23,pyramid-cone-volume,mc,givenConditions[1],高變3/4,[[frac:高變3|4]],False,False,False,True,False,RENDERER_REPAIR
u23-s011-v008,u23,pyramid-cone-volume,mc,difficultyReason,進階：使用乘法比例，理解1/3相消。,進階：使用乘法比例，[[frac:理解1|3相消]]。,False,False,False,True,False,RENDERER_REPAIR
u23-s011-v009,u23,pyramid-cone-volume,mc,independentSolution,不參照答案欄，重新使用題目條件計算：圓柱係數8；圓錐係數18/3=6；化簡4:3。所得結果是「4：3」。,不參照答案欄，重新使用題目條件計算：圓柱係數8；[[frac:圓錐係數18|3]]=6；化簡4:3。所得結果是「4：3」。,False,False,False,True,False,RENDERER_REPAIR
u23-s011-v009,u23,pyramid-cone-volume,mc,steps[1],圓錐係數18/3=6,[[frac:圓錐係數18|3]]=6,False,False,False,True,False,RENDERER_REPAIR
u23-s011-v011,u23,pyramid-cone-volume,mc,unitCheck,立方公尺乘公噸/立方公尺得公噸。,[[frac:立方公尺乘公噸|立方公尺得公噸]]。,False,False,False,True,False,RENDERER_REPAIR
u23-s012-cr002,u23,surface-area-net,cr,alternativeSolutions[0],也可先由弧長比例得r/15=144/360，求r=6；側面積πrl=90π。,[[frac:也可先由弧長比例得r|15]]=[[frac:144|360]]，求r=6；側面積πrl=90π。,False,False,False,True,False,RENDERER_REPAIR
u23-s012-v009,u23,surface-area-net,mc,optionAnalysis[2].reason,把120/360當1/2。,[[frac:把120|360當1]]/2。,False,False,False,True,False,RENDERER_REPAIR
u23-s013-v006,u23,volume-unit-conversion,mc,unitCheck,立方公尺換公升後，公升除以公升/桶得桶。,立方公尺換公升後，[[frac:公升除以公升|桶得桶]]。,False,False,False,True,False,RENDERER_REPAIR
u23-s013-v012,u23,volume-unit-conversion,mc,givenConditions[1],密度2.4g/cm³,[[frac:密度2.4g|cm³]],False,False,False,True,False,RENDERER_REPAIR
u23-s014-v007,u23,composite-solid-volume,mc,independentSolution,不參照答案欄，重新使用題目條件計算：比較截面積；(16-4)/16=3/4。所得結果是「3/4」。,不參照答案欄，重新使用題目條件計算：比較截面積；[[frac:16-4|16]]=[[frac:3|4]]。[[frac:所得結果是「3|4」]]。,False,False,False,True,False,RENDERER_REPAIR
u23-s014-v007,u23,composite-solid-volume,mc,misconceptionTarget,用半徑比2/4直接當體積比。,[[frac:用半徑比2|4直接當體積比]]。,False,False,False,True,False,RENDERER_REPAIR
u23-s016-cr001,u23,solid-literacy,cr,unitNotationRules,面積平方公尺；覆蓋率m²/L；結果桶。,面積平方公尺；[[frac:覆蓋率m²|L]]；結果桶。,False,False,False,True,False,RENDERER_REPAIR
u23-s016-cr001,u23,solid-literacy,cr,independentReview.ambiguityAndBoundary,獨立算四牆84、可刷72、兩層144；每桶覆蓋28，144/28>5且≤6，故最小足量為6。,獨立算四牆84、可刷72、兩層144；每桶覆蓋28，[[frac:144|28>5且≤6]]，故最小足量為6。,False,False,False,True,False,RENDERER_REPAIR
u23-s016-v009,u23,solid-literacy,mc,givenConditions[2],100元/m²,[[frac:100元|m²]],False,False,False,True,False,RENDERER_REPAIR
u23-s016-v010,u23,solid-literacy,mc,givenConditions[4],450L/戶日,[[frac:450L|戶日]],False,False,False,True,False,RENDERER_REPAIR
u23-s017-cr001,u23,solid-sphere-basic,cr,requiredWork[0],建立4πr³/3=36π。,[[frac:建立4πr³|3]]=36π。,False,False,False,True,False,RENDERER_REPAIR
u23-s017-cr002,u23,solid-sphere-basic,cr,fullCreditSolution[1],設新球半徑R，則4πR³/3=4π×91/3。,設新球半徑R，[[frac:則4πR³|3]]=4π×[[frac:91|3]]。,False,False,False,True,False,RENDERER_REPAIR
u23-s017-cr002,u23,solid-sphere-basic,cr,alternativeSolutions[0],可先約去共同係數4π/3，直接用R³=3³+4³。,[[frac:可先約去共同係數4π|3]]，直接用R³=3³+4³。,False,False,False,True,False,RENDERER_REPAIR
u23-s017-v003,u23,solid-sphere-basic,mc,difficultyReason,基礎：公式後取1/2。 本題以「計算半球體積。」作為該難度的具體判準。,[[frac:基礎：公式後取1|2]]。 本題以「計算半球體積。」作為該難度的具體判準。,False,False,False,True,False,RENDERER_REPAIR
u23-s017-v004,u23,solid-sphere-basic,mc,independentSolution,不參照答案欄，重新使用題目條件計算：直徑除2得5；5³=125；乘4π/3。所得結果是「500π/3」。,不參照答案欄，重新使用題目條件計算：直徑除2得5；5³=125；[[frac:乘4π|3]]。[[frac:所得結果是「500π|3」]]。,False,False,False,True,False,RENDERER_REPAIR
u23-s017-v004,u23,solid-sphere-basic,mc,explanation,半徑=5，V=4π×5³÷3=500π/3立方公分。,半徑=5，V=4π×5³÷3=[[frac:500π|3立方公分]]。,False,False,False,True,False,RENDERER_REPAIR
u23-s017-v004,u23,solid-sphere-basic,mc,steps[2],乘4π/3,[[frac:乘4π|3]],False,False,False,True,False,RENDERER_REPAIR
u23-s017-v004,u23,solid-sphere-basic,mc,optionAnalysis[1].reason,依獨立計算「乘4π/3」，此選項符合所求「球體積」。,[[frac:依獨立計算「乘4π|3」]]，此選項符合所求「球體積」。,False,False,False,True,False,RENDERER_REPAIR
u23-s017-v008,u23,solid-sphere-basic,mc,independentSolution,不參照答案欄，重新使用題目條件計算：外內立方差98；乘4π/3。所得結果是「392π/3」。,不參照答案欄，重新使用題目條件計算：外內立方差98；[[frac:乘4π|3]]。[[frac:所得結果是「392π|3」]]。,False,False,False,True,False,RENDERER_REPAIR
u23-s017-v008,u23,solid-sphere-basic,mc,explanation,材料體積=4π(5³-3³)/3=4π(125-27)/3=392π/3立方公分。,材料體積=4π[[frac:5³-3³|3]]=4π[[frac:125-27|3]]=[[frac:392π|3立方公分]]。,False,False,False,True,False,RENDERER_REPAIR
u23-s017-v008,u23,solid-sphere-basic,mc,steps[1],乘4π/3,[[frac:乘4π|3]],False,False,False,True,False,RENDERER_REPAIR
u23-s017-v008,u23,solid-sphere-basic,mc,optionAnalysis[2].reason,依獨立計算「乘4π/3」，此選項符合所求「材料體積」。,[[frac:依獨立計算「乘4π|3」]]，此選項符合所求「材料體積」。,False,False,False,True,False,RENDERER_REPAIR
u23-s017-v011,u23,solid-sphere-basic,mc,givenConditions[1],密度8g/cm³,[[frac:密度8g|cm³]],False,False,False,True,False,RENDERER_REPAIR
u23-s018-cr001,u23,solid-application-word,cr,prompt,一個長方體水槽內部長 80 公分、寬 50 公分，原水深 20 公分。放入一塊完全浸沒的金屬後，水深變 23.5 公分。金屬密度為 7.8 公克/立方公分。求金屬質量（公斤）。,一個長方體水槽內部長 80 公分、寬 50 公分，原水深 20 公分。放入一塊完全浸沒的金屬後，水深變 23.5 公分。金屬密度為 7.8 [[frac:公克|立方公分]]。求金屬質量（公斤）。,False,False,False,True,True,RENDERER_REPAIR
u23-s018-cr001,u23,solid-application-word,cr,unitNotationRules,體積cm³、密度g/cm³、質量最後kg。,體積cm³、[[frac:密度g|cm³]]、質量最後kg。,False,False,False,True,False,RENDERER_REPAIR
u23-s018-cr002,u23,solid-application-word,cr,prompt,一個無蓋圓柱形水桶外半徑 16 公分、內半徑 15 公分，外高 31 公分、底厚 1 公分。桶壁與桶底材料密度為 0.9 公克/立方公分。忽略上緣修整，求空桶質量約多少公斤？取π=3.14。,一個無蓋圓柱形水桶外半徑 16 公分、內半徑 15 公分，外高 31 公分、底厚 1 公分。桶壁與桶底材料密度為 0.9 [[frac:公克|立方公分]]。忽略上緣修整，求空桶質量約多少公斤？取π=3.14。,False,False,False,True,True,RENDERER_REPAIR
u23-s018-v007,u23,solid-application-word,mc,prompt,一個金屬圓管外半徑 4、內半徑 3 公分、長 100 公分，密度 8 公克/立方公分。其質量是多少公斤？,一個金屬圓管外半徑 4、內半徑 3 公分、長 100 公分，密度 8 [[frac:公克|立方公分]]。其質量是多少公斤？,False,False,False,True,True,RENDERER_REPAIR
u23-s018-v007,u23,solid-application-word,mc,text,一個金屬圓管外半徑 4、內半徑 3 公分、長 100 公分，密度 8 公克/立方公分。其質量是多少公斤？,一個金屬圓管外半徑 4、內半徑 3 公分、長 100 公分，密度 8 [[frac:公克|立方公分]]。其質量是多少公斤？,False,False,False,True,True,RENDERER_REPAIR
u23-s018-v007,u23,solid-application-word,mc,givenConditions[3],密度8g/cm³,[[frac:密度8g|cm³]],False,False,False,True,False,RENDERER_REPAIR
u23-s018-v009,u23,solid-application-word,mc,explanation,同底等高圓錐體積是圓柱的1/3，所以需要3個。,[[frac:同底等高圓錐體積是圓柱的1|3]]，所以需要3個。,False,False,False,True,False,RENDERER_REPAIR
u23-s018-v011,u23,solid-application-word,mc,prompt,一塊長方體保麗龍長 1.2 公尺、寬 0.5 公尺、高 0.3 公尺，密度 30 公斤/立方公尺。若切割損失質量 5%，成品質量約多少公斤？,一塊長方體保麗龍長 1.2 公尺、寬 0.5 公尺、高 0.3 公尺，密度 30 [[frac:公斤|立方公尺]]。若切割損失質量 5%，成品質量約多少公斤？,False,False,False,True,True,RENDERER_REPAIR
u23-s018-v011,u23,solid-application-word,mc,text,一塊長方體保麗龍長 1.2 公尺、寬 0.5 公尺、高 0.3 公尺，密度 30 公斤/立方公尺。若切割損失質量 5%，成品質量約多少公斤？,一塊長方體保麗龍長 1.2 公尺、寬 0.5 公尺、高 0.3 公尺，密度 30 [[frac:公斤|立方公尺]]。若切割損失質量 5%，成品質量約多少公斤？,False,False,False,True,True,RENDERER_REPAIR
u23-s018-v011,u23,solid-application-word,mc,givenConditions[1],密度30kg/m³,[[frac:密度30kg|m³]],False,False,False,True,False,RENDERER_REPAIR
u23-s019-cr002,u23,solid-packaging,cr,fullCreditSolution[0],各方向可放⌊30/7⌋=4、⌊22/5⌋=4、⌊16/4⌋=4，共64件。,[[frac:各方向可放⌊30|7⌋]]=4、[[frac:⌊22|5⌋]]=4、[[frac:⌊16|4⌋]]=4，共64件。,False,False,False,True,False,RENDERER_REPAIR
u23-s019-cr002,u23,solid-packaging,cr,rubric[0].criteria,件數64、餘量2/2/0及84.8%全正確。,件數64、[[frac:餘量2|2]]/0及84.8%全正確。,False,False,False,True,False,RENDERER_REPAIR
u23-s019-v003,u23,solid-packaging,mc,explanation,三方向可放⌊12/3⌋=4、⌊10/2⌋=5、⌊8/2⌋=4，共4×5×4=80件。,[[frac:三方向可放⌊12|3⌋]]=4、[[frac:⌊10|2⌋]]=5、[[frac:⌊8|2⌋]]=4，共4×5×4=80件。,False,False,False,True,False,RENDERER_REPAIR
u23-s019-v004,u23,solid-packaging,mc,explanation,沿三方向可放⌊10/3⌋=3、⌊8/3⌋=2、⌊6/2⌋=3，共3×2×3=18件。,[[frac:沿三方向可放⌊10|3⌋]]=3、[[frac:⌊8|3⌋]]=2、[[frac:⌊6|2⌋]]=3，共3×2×3=18件。,False,False,False,True,False,RENDERER_REPAIR
u23-s019-v004,u23,solid-packaging,mc,misconceptionTarget,用10/3或8/3四捨五入，或只用總體積比。,[[frac:用10|3或8]]/3四捨五入，或只用總體積比。,False,False,False,True,False,RENDERER_REPAIR
u23-s019-v007,u23,solid-packaging,mc,optionAnalysis[3].reason,體積上限432/24=18，不可能24。,[[frac:體積上限432|24]]=18，不可能24。,False,False,False,True,False,RENDERER_REPAIR
u23-s019-v010,u23,solid-packaging,mc,explanation,可放⌊50/12⌋=4、⌊40/9⌋=4、⌊30/7⌋=4，共64件。餘量=50-48=2、40-36=4、30-28=2公分。,[[frac:可放⌊50|12⌋]]=4、[[frac:⌊40|9⌋]]=4、[[frac:⌊30|7⌋]]=4，共64件。餘量=50-48=2、40-36=4、30-28=2公分。,False,False,False,True,False,RENDERER_REPAIR
u23-s019-v012,u23,solid-packaging,mc,givenConditions[2],0.02元/cm²,[[frac:0.02元|cm²]],False,False,False,True,False,RENDERER_REPAIR
u23-s019-v012,u23,solid-packaging,mc,unitCheck,平方公分乘元/cm²得元。,[[frac:平方公分乘元|cm²得元]]。,False,False,False,True,False,RENDERER_REPAIR
u23-s020-cr002,u23,solid-similarity-scale,cr,alternativeSolutions[0],也可直接把倍率相乘：(3/2)×(6/5)×1=9/5。,[[frac:也可直接把倍率相乘：(3|2)]]×[[frac:(6|5)]]×1=[[frac:9|5]]。,False,False,False,True,False,RENDERER_REPAIR
u23-s020-cr002,u23,solid-similarity-scale,cr,rubric[3].criteria,誤套(3/2)³或無有效作答。,[[frac:誤套(3|2)³或無有效作答]]。,False,False,False,True,False,RENDERER_REPAIR
u23-s020-v003,u23,solid-similarity-scale,mc,independentSolution,不參照答案欄，重新使用題目條件計算：平方縮放倍率。所得結果是「1/4」。,不參照答案欄，重新使用題目條件計算：平方縮放倍率。[[frac:所得結果是「1|4」]]。,False,False,False,True,False,RENDERER_REPAIR
u23-s020-v003,u23,solid-similarity-scale,mc,givenConditions[0],相似縮小1/2,[[frac:相似縮小1|2]],False,False,False,True,False,RENDERER_REPAIR
u23-s020-v006,u23,solid-similarity-scale,mc,givenConditions[1],模型體積/原物=1/125,[[frac:模型體積|原物]]=[[frac:1|125]],False,False,False,True,False,RENDERER_REPAIR
u23-s020-v010,u23,solid-similarity-scale,mc,prerequisiteCheck,已會比例尺與cm³/m³。,[[frac:已會比例尺與cm³|m³]]。,False,False,False,True,False,RENDERER_REPAIR
