authority_id,source_id,subject,official_code,raw_text,normalized_requirement,status,mapped_skill_ids,mapped_lecture_ids,mapped_question_ids,final_audit_record_id,notes
AUTH-CHINESE-LC-AB-4-1,NAER-CURRICULUM-CHINESE,chinese,Ab-Ⅳ-1,"4,000個常用字的字形、字音和字義。","4,000個常用字的字形、字音和字義。",scope-reviewed-required-unmapped,,,,,assessmentRole=chinese-choice-and-writing;marker=none;appendix=none;limits=none
AUTH-CHINESE-LC-AB-4-2,NAER-CURRICULUM-CHINESE,chinese,Ab-Ⅳ-2,"3,500個常用字的使用。","3,500個常用字的使用。",scope-reviewed-required-unmapped,,,,,assessmentRole=chinese-choice-and-writing;marker=none;appendix=none;limits=none
AUTH-CHINESE-LC-AB-4-3,NAER-CURRICULUM-CHINESE,chinese,Ab-Ⅳ-3,基本的造字原則：象形、指事、會意、形聲。,基本的造字原則：象形、指事、會意、形聲。,scope-reviewed-required-unmapped,,,,,assessmentRole=chinese-choice-and-writing;marker=none;appendix=none;limits=none
AUTH-CHINESE-LC-AB-4-4,NAER-CURRICULUM-CHINESE,chinese,Ab-Ⅳ-4,"6,500個常用語詞的認念。","6,500個常用語詞的認念。",scope-reviewed-required-unmapped,,,,,assessmentRole=chinese-choice-and-writing;marker=none;appendix=none;limits=none
AUTH-CHINESE-LC-AB-4-5,NAER-CURRICULUM-CHINESE,chinese,Ab-Ⅳ-5,"5,000個常用語詞的使用。","5,000個常用語詞的使用。",scope-reviewed-required-unmapped,,,,,assessmentRole=chinese-choice-and-writing;marker=none;appendix=none;limits=none
AUTH-CHINESE-LC-AB-4-6,NAER-CURRICULUM-CHINESE,chinese,Ab-Ⅳ-6,常用文言文的詞義及語詞結構。,常用文言文的詞義及語詞結構。,scope-reviewed-required-unmapped,,,,,assessmentRole=chinese-choice-and-writing;marker=none;appendix=none;limits=none
AUTH-CHINESE-LC-AB-4-7,NAER-CURRICULUM-CHINESE,chinese,Ab-Ⅳ-7,常用文言文的字詞、虛字、古今義變。,常用文言文的字詞、虛字、古今義變。,scope-reviewed-required-unmapped,,,,,assessmentRole=chinese-choice-and-writing;marker=none;appendix=none;limits=none
AUTH-CHINESE-LC-AB-4-8,NAER-CURRICULUM-CHINESE,chinese,Ab-Ⅳ-8,各體書法與名家碑帖的認識與欣賞。,各體書法與名家碑帖的認識與欣賞。,scope-reviewed-required-unmapped,,,,,assessmentRole=chinese-choice-and-writing;marker=none;appendix=none;limits=none
AUTH-CHINESE-LC-AC-4-1,NAER-CURRICULUM-CHINESE,chinese,Ac-Ⅳ-1,標點符號在文本中的不同效果。,標點符號在文本中的不同效果。,scope-reviewed-required-unmapped,,,,,assessmentRole=chinese-choice-and-writing;marker=none;appendix=none;limits=none
AUTH-CHINESE-LC-AC-4-2,NAER-CURRICULUM-CHINESE,chinese,Ac-Ⅳ-2,敘事、有無、判斷、表態等句型。,敘事、有無、判斷、表態等句型。,scope-reviewed-required-unmapped,,,,,assessmentRole=chinese-choice-and-writing;marker=none;appendix=none;limits=none
AUTH-CHINESE-LC-AC-4-3,NAER-CURRICULUM-CHINESE,chinese,Ac-Ⅳ-3,文句表達的邏輯與意義。,文句表達的邏輯與意義。,scope-reviewed-required-unmapped,,,,,assessmentRole=chinese-choice-and-writing;marker=none;appendix=none;limits=none
AUTH-CHINESE-LC-AD-4-1,NAER-CURRICULUM-CHINESE,chinese,Ad-Ⅳ-1,篇章的主旨、結構、寓意與分析。,篇章的主旨、結構、寓意與分析。,scope-reviewed-required-unmapped,,,,,assessmentRole=chinese-choice-and-writing;marker=none;appendix=none;limits=none
AUTH-CHINESE-LC-AD-4-2,NAER-CURRICULUM-CHINESE,chinese,Ad-Ⅳ-2,新詩、現代散文、現代小說、劇本。,新詩、現代散文、現代小說、劇本。,scope-reviewed-required-unmapped,,,,,assessmentRole=chinese-choice-and-writing;marker=none;appendix=none;limits=none
AUTH-CHINESE-LC-AD-4-3,NAER-CURRICULUM-CHINESE,chinese,Ad-Ⅳ-3,韻文：如古體詩、樂府詩、近體詩、詞、曲等。,韻文：如古體詩、樂府詩、近體詩、詞、曲等。,scope-reviewed-required-unmapped,,,,,assessmentRole=chinese-choice-and-writing;marker=none;appendix=none;limits=none
AUTH-CHINESE-LC-AD-4-4,NAER-CURRICULUM-CHINESE,chinese,Ad-Ⅳ-4,非韻文：如古文、古典小說、語錄體、寓言等。,非韻文：如古文、古典小說、語錄體、寓言等。,scope-reviewed-required-unmapped,,,,,assessmentRole=chinese-choice-and-writing;marker=none;appendix=none;limits=none
AUTH-CHINESE-LC-BA-4-1,NAER-CURRICULUM-CHINESE,chinese,Ba-Ⅳ-1,順敘、倒敘、插敘與補敘法。,順敘、倒敘、插敘與補敘法。,scope-reviewed-required-unmapped,,,,,assessmentRole=chinese-choice-and-writing;marker=◎;appendix=none;limits=none
AUTH-CHINESE-LC-BA-4-2,NAER-CURRICULUM-CHINESE,chinese,Ba-Ⅳ-2,各種描寫的作用及呈現的效果。,各種描寫的作用及呈現的效果。,scope-reviewed-required-unmapped,,,,,assessmentRole=chinese-choice-and-writing;marker=none;appendix=none;limits=none
AUTH-CHINESE-LC-BB-4-1,NAER-CURRICULUM-CHINESE,chinese,Bb-Ⅳ-1,自我及人際交流的感受。,自我及人際交流的感受。,scope-reviewed-required-unmapped,,,,,assessmentRole=chinese-choice-and-writing;marker=◎;appendix=none;limits=none
AUTH-CHINESE-LC-BB-4-2,NAER-CURRICULUM-CHINESE,chinese,Bb-Ⅳ-2,對社會群體與家國民族情感的體會。,對社會群體與家國民族情感的體會。,scope-reviewed-required-unmapped,,,,,assessmentRole=chinese-choice-and-writing;marker=◎;appendix=none;limits=none
AUTH-CHINESE-LC-BB-4-3,NAER-CURRICULUM-CHINESE,chinese,Bb-Ⅳ-3,對物或自然以及生命的感悟。,對物或自然以及生命的感悟。,scope-reviewed-required-unmapped,,,,,assessmentRole=chinese-choice-and-writing;marker=none;appendix=none;limits=none
AUTH-CHINESE-LC-BB-4-4,NAER-CURRICULUM-CHINESE,chinese,Bb-Ⅳ-4,直接抒情。,直接抒情。,scope-reviewed-required-unmapped,,,,,assessmentRole=chinese-choice-and-writing;marker=◎;appendix=none;limits=none
AUTH-CHINESE-LC-BB-4-5,NAER-CURRICULUM-CHINESE,chinese,Bb-Ⅳ-5,藉由敘述事件與描寫景物間接抒情。,藉由敘述事件與描寫景物間接抒情。,scope-reviewed-required-unmapped,,,,,assessmentRole=chinese-choice-and-writing;marker=◎;appendix=none;limits=none
AUTH-CHINESE-LC-BC-4-1,NAER-CURRICULUM-CHINESE,chinese,Bc-Ⅳ-1,具邏輯、客觀、理性的說明，如科學知識、產品、環境、制度等說明。,具邏輯、客觀、理性的說明，如科學知識、產品、環境、制度等說明。,scope-reviewed-required-unmapped,,,,,assessmentRole=chinese-choice-and-writing;marker=none;appendix=none;limits=none
AUTH-CHINESE-LC-BC-4-2,NAER-CURRICULUM-CHINESE,chinese,Bc-Ⅳ-2,描述、列舉、因果、問題解決、比較、分類、定義等寫作手法。,描述、列舉、因果、問題解決、比較、分類、定義等寫作手法。,scope-reviewed-required-unmapped,,,,,assessmentRole=chinese-choice-and-writing;marker=none;appendix=none;limits=none
AUTH-CHINESE-LC-BC-4-3,NAER-CURRICULUM-CHINESE,chinese,Bc-Ⅳ-3,數據、圖表、圖片、工具列等輔助說明。,數據、圖表、圖片、工具列等輔助說明。,scope-reviewed-required-unmapped,,,,,assessmentRole=chinese-choice-and-writing;marker=◎;appendix=none;limits=none
AUTH-CHINESE-LC-BD-4-1,NAER-CURRICULUM-CHINESE,chinese,Bd-Ⅳ-1,以事實、理論為論據，達到說服、建構、批判等目的。,以事實、理論為論據，達到說服、建構、批判等目的。,scope-reviewed-required-unmapped,,,,,assessmentRole=chinese-choice-and-writing;marker=◎;appendix=none;limits=none
AUTH-CHINESE-LC-BD-4-2,NAER-CURRICULUM-CHINESE,chinese,Bd-Ⅳ-2,論證方式如比較、比喻等。,論證方式如比較、比喻等。,scope-reviewed-required-unmapped,,,,,assessmentRole=chinese-choice-and-writing;marker=none;appendix=none;limits=none
AUTH-CHINESE-LC-BE-4-1,NAER-CURRICULUM-CHINESE,chinese,Be-Ⅳ-1,在生活應用方面，以自傳、簡報、新聞稿等格式與寫作方法為主。,在生活應用方面，以自傳、簡報、新聞稿等格式與寫作方法為主。,scope-reviewed-required-unmapped,,,,,assessmentRole=chinese-choice-and-writing;marker=none;appendix=none;limits=none
AUTH-CHINESE-LC-BE-4-2,NAER-CURRICULUM-CHINESE,chinese,Be-Ⅳ-2,在人際溝通方面，以書信、便條、對聯等之慣用語彙與書寫格式為主。,在人際溝通方面，以書信、便條、對聯等之慣用語彙與書寫格式為主。,scope-reviewed-required-unmapped,,,,,assessmentRole=chinese-choice-and-writing;marker=none;appendix=none;limits=none
AUTH-CHINESE-LC-BE-4-3,NAER-CURRICULUM-CHINESE,chinese,Be-Ⅳ-3,在學習應用方面，以簡報、讀書報告、演講稿、劇本等格式與寫作方法為主。,在學習應用方面，以簡報、讀書報告、演講稿、劇本等格式與寫作方法為主。,scope-reviewed-required-unmapped,,,,,assessmentRole=chinese-choice-and-writing;marker=none;appendix=none;limits=none
AUTH-CHINESE-LC-CA-4-1,NAER-CURRICULUM-CHINESE,chinese,Ca-Ⅳ-1,各類文本中的飲食、服飾、建築形式、交通工具、名勝古蹟及休閒娛樂等文化內涵。,各類文本中的飲食、服飾、建築形式、交通工具、名勝古蹟及休閒娛樂等文化內涵。,scope-reviewed-required-unmapped,,,,,assessmentRole=chinese-choice-and-writing;marker=◎;appendix=none;limits=none
AUTH-CHINESE-LC-CA-4-2,NAER-CURRICULUM-CHINESE,chinese,Ca-Ⅳ-2,各類文本中表現科技文明演進、生存環境發展的文化內涵。,各類文本中表現科技文明演進、生存環境發展的文化內涵。,scope-reviewed-required-unmapped,,,,,assessmentRole=chinese-choice-and-writing;marker=◎;appendix=none;limits=none
AUTH-CHINESE-LC-CB-4-1,NAER-CURRICULUM-CHINESE,chinese,Cb-Ⅳ-1,各類文本中的親屬關係、道德倫理、儀式風俗、典章制度等文化內涵。,各類文本中的親屬關係、道德倫理、儀式風俗、典章制度等文化內涵。,scope-reviewed-required-unmapped,,,,,assessmentRole=chinese-choice-and-writing;marker=◎;appendix=none;limits=none
AUTH-CHINESE-LC-CB-4-2,NAER-CURRICULUM-CHINESE,chinese,Cb-Ⅳ-2,各類文本中所反映的個人與家庭、鄉里、國族及其他社群的關係。,各類文本中所反映的個人與家庭、鄉里、國族及其他社群的關係。,scope-reviewed-required-unmapped,,,,,assessmentRole=chinese-choice-and-writing;marker=◎;appendix=none;limits=none
AUTH-CHINESE-LC-CC-4-1,NAER-CURRICULUM-CHINESE,chinese,Cc-Ⅳ-1,各類文本中的藝術、信仰、思想等文化內涵。,各類文本中的藝術、信仰、思想等文化內涵。,scope-reviewed-required-unmapped,,,,,assessmentRole=chinese-choice-and-writing;marker=◎;appendix=none;limits=none
AUTH-CHINESE-LP-1-4-1,NAER-CURRICULUM-CHINESE,chinese,1-Ⅳ-1,以同理心，聆聽各項發言，並加以記錄、歸納。,以同理心，聆聽各項發言，並加以記錄、歸納。,scope-reviewed-required-unmapped,,,,,assessmentRole=curriculum-required-not-separately-scored;marker=none;appendix=none;limits=none
AUTH-CHINESE-LP-1-4-2,NAER-CURRICULUM-CHINESE,chinese,1-Ⅳ-2,依據不同情境，分辨聲情意涵及表達技巧，適切回應。,依據不同情境，分辨聲情意涵及表達技巧，適切回應。,scope-reviewed-required-unmapped,,,,,assessmentRole=curriculum-required-not-separately-scored;marker=none;appendix=none;limits=none
AUTH-CHINESE-LP-1-4-3,NAER-CURRICULUM-CHINESE,chinese,1-Ⅳ-3,分辨聆聽內容的邏輯性，找出解決問題的方法。,分辨聆聽內容的邏輯性，找出解決問題的方法。,scope-reviewed-required-unmapped,,,,,assessmentRole=curriculum-required-not-separately-scored;marker=none;appendix=none;limits=none
AUTH-CHINESE-LP-1-4-4,NAER-CURRICULUM-CHINESE,chinese,1-Ⅳ-4,靈活應用科技與資訊，增進聆聽能力，加強互動學習效果。,靈活應用科技與資訊，增進聆聽能力，加強互動學習效果。,scope-reviewed-required-unmapped,,,,,assessmentRole=curriculum-required-not-separately-scored;marker=none;appendix=none;limits=none
AUTH-CHINESE-LP-2-4-1,NAER-CURRICULUM-CHINESE,chinese,2-Ⅳ-1,掌握生活情境，適切表情達意，分享自身經驗。,掌握生活情境，適切表情達意，分享自身經驗。,scope-reviewed-required-unmapped,,,,,assessmentRole=curriculum-required-not-separately-scored;marker=none;appendix=none;limits=none
AUTH-CHINESE-LP-2-4-2,NAER-CURRICULUM-CHINESE,chinese,2-Ⅳ-2,有效把握聽聞內容的邏輯，做出提問或回饋。,有效把握聽聞內容的邏輯，做出提問或回饋。,scope-reviewed-required-unmapped,,,,,assessmentRole=curriculum-required-not-separately-scored;marker=none;appendix=none;limits=none
AUTH-CHINESE-LP-2-4-3,NAER-CURRICULUM-CHINESE,chinese,2-Ⅳ-3,依理解的內容，明確表達意見，進行有條理的論辯，並注重言談禮貌。,依理解的內容，明確表達意見，進行有條理的論辯，並注重言談禮貌。,scope-reviewed-required-unmapped,,,,,assessmentRole=curriculum-required-not-separately-scored;marker=none;appendix=none;limits=none
AUTH-CHINESE-LP-2-4-4,NAER-CURRICULUM-CHINESE,chinese,2-Ⅳ-4,靈活運用科技與資訊，豐富表達內容。,靈活運用科技與資訊，豐富表達內容。,scope-reviewed-required-unmapped,,,,,assessmentRole=curriculum-required-not-separately-scored;marker=none;appendix=none;limits=none
AUTH-CHINESE-LP-2-4-5,NAER-CURRICULUM-CHINESE,chinese,2-Ⅳ-5,視不同情境，進行報告、評論、演說及論辯。,視不同情境，進行報告、評論、演說及論辯。,scope-reviewed-required-unmapped,,,,,assessmentRole=curriculum-required-not-separately-scored;marker=none;appendix=none;limits=none
AUTH-CHINESE-LP-4-4-1,NAER-CURRICULUM-CHINESE,chinese,4-Ⅳ-1,"認識國字至少4,500字，使用3,500字。","認識國字至少4,500字，使用3,500字。",scope-reviewed-required-unmapped,,,,,assessmentRole=direct-chinese-choice;marker=none;appendix=none;limits=none
AUTH-CHINESE-LP-4-4-2,NAER-CURRICULUM-CHINESE,chinese,4-Ⅳ-2,認識造字的原則，輔助識字，了解文字的形、音、義。,認識造字的原則，輔助識字，了解文字的形、音、義。,scope-reviewed-required-unmapped,,,,,assessmentRole=direct-chinese-choice;marker=none;appendix=none;limits=none
AUTH-CHINESE-LP-4-4-3,NAER-CURRICULUM-CHINESE,chinese,4-Ⅳ-3,能運用字典或辭典了解一字多音及一字多義的現象。,能運用字典或辭典了解一字多音及一字多義的現象。,scope-reviewed-required-unmapped,,,,,assessmentRole=direct-chinese-choice;marker=none;appendix=none;limits=none
AUTH-CHINESE-LP-4-4-4,NAER-CURRICULUM-CHINESE,chinese,4-Ⅳ-4,認識各種書體，欣賞名家碑帖。,認識各種書體，欣賞名家碑帖。,scope-reviewed-required-unmapped,,,,,assessmentRole=direct-chinese-choice;marker=none;appendix=none;limits=none
AUTH-CHINESE-LP-4-4-5,NAER-CURRICULUM-CHINESE,chinese,4-Ⅳ-5,欣賞書法的行款和布局、行氣及風格。,欣賞書法的行款和布局、行氣及風格。,scope-reviewed-required-unmapped,,,,,assessmentRole=direct-chinese-choice;marker=none;appendix=none;limits=none
AUTH-CHINESE-LP-5-4-1,NAER-CURRICULUM-CHINESE,chinese,5-Ⅳ-1,比較不同標點符號的表達效果，流暢朗讀各類文本，並表現情感的起伏變化。,比較不同標點符號的表達效果，流暢朗讀各類文本，並表現情感的起伏變化。,scope-reviewed-required-unmapped,,,,,assessmentRole=direct-chinese-choice;marker=none;appendix=none;limits=none
AUTH-CHINESE-LP-5-4-2,NAER-CURRICULUM-CHINESE,chinese,5-Ⅳ-2,理解各類文本的句子、段落與主要概念，指出寫作的目的與觀點。,理解各類文本的句子、段落與主要概念，指出寫作的目的與觀點。,scope-reviewed-required-unmapped,,,,,assessmentRole=direct-chinese-choice;marker=none;appendix=none;limits=none
AUTH-CHINESE-LP-5-4-3,NAER-CURRICULUM-CHINESE,chinese,5-Ⅳ-3,理解各類文本內容、形式和寫作特色。,理解各類文本內容、形式和寫作特色。,scope-reviewed-required-unmapped,,,,,assessmentRole=direct-chinese-choice;marker=none;appendix=none;limits=none
AUTH-CHINESE-LP-5-4-4,NAER-CURRICULUM-CHINESE,chinese,5-Ⅳ-4,應用閱讀策略增進學習效能，整合跨領域知識轉化為解決問題的能力。,應用閱讀策略增進學習效能，整合跨領域知識轉化為解決問題的能力。,scope-reviewed-required-unmapped,,,,,assessmentRole=direct-chinese-choice;marker=none;appendix=none;limits=none
AUTH-CHINESE-LP-5-4-5,NAER-CURRICULUM-CHINESE,chinese,5-Ⅳ-5,大量閱讀多元文本，理解議題內涵及其與個人生活、社會結構的關聯性。,大量閱讀多元文本，理解議題內涵及其與個人生活、社會結構的關聯性。,scope-reviewed-required-unmapped,,,,,assessmentRole=direct-chinese-choice;marker=none;appendix=none;limits=none
AUTH-CHINESE-LP-5-4-6,NAER-CURRICULUM-CHINESE,chinese,5-Ⅳ-6,運用圖書館(室)、科技工具，蒐集資訊、組織材料，擴充閱讀視野。,運用圖書館(室)、科技工具，蒐集資訊、組織材料，擴充閱讀視野。,scope-reviewed-required-unmapped,,,,,assessmentRole=direct-chinese-choice;marker=none;appendix=none;limits=none
AUTH-CHINESE-LP-6-4-1,NAER-CURRICULUM-CHINESE,chinese,6-Ⅳ-1,善用標點符號，增進情感表達及說服力。,善用標點符號，增進情感表達及說服力。,scope-reviewed-required-unmapped,,,,,assessmentRole=direct-chinese-writing;marker=none;appendix=none;limits=none
AUTH-CHINESE-LP-6-4-2,NAER-CURRICULUM-CHINESE,chinese,6-Ⅳ-2,依據審題、立意、取材、組織、遣詞造句、修改潤飾，寫出結構完整、主旨明確、文辭優美的文章。,依據審題、立意、取材、組織、遣詞造句、修改潤飾，寫出結構完整、主旨明確、文辭優美的文章。,scope-reviewed-required-unmapped,,,,,assessmentRole=direct-chinese-writing;marker=none;appendix=none;limits=none
AUTH-CHINESE-LP-6-4-3,NAER-CURRICULUM-CHINESE,chinese,6-Ⅳ-3,靈活運用仿寫、改寫等技巧，增進寫作能力,靈活運用仿寫、改寫等技巧，增進寫作能力,scope-reviewed-required-unmapped,,,,,assessmentRole=direct-chinese-writing;marker=none;appendix=none;limits=none
AUTH-CHINESE-LP-6-4-4,NAER-CURRICULUM-CHINESE,chinese,6-Ⅳ-4,依據需求書寫各類文本。,依據需求書寫各類文本。,scope-reviewed-required-unmapped,,,,,assessmentRole=direct-chinese-writing;marker=none;appendix=none;limits=none
AUTH-CHINESE-LP-6-4-5,NAER-CURRICULUM-CHINESE,chinese,6-Ⅳ-5,主動創作、自訂題目、闡述見解，並發表自己的作品。,主動創作、自訂題目、闡述見解，並發表自己的作品。,scope-reviewed-required-unmapped,,,,,assessmentRole=direct-chinese-writing;marker=none;appendix=none;limits=none
AUTH-CHINESE-LP-6-4-6,NAER-CURRICULUM-CHINESE,chinese,6-Ⅳ-6,運用資訊科技編輯作品，發表個人見解、分享寫作樂趣。,運用資訊科技編輯作品，發表個人見解、分享寫作樂趣。,scope-reviewed-required-unmapped,,,,,assessmentRole=direct-chinese-writing;marker=none;appendix=none;limits=none
AUTH-ENGLISH-LC-AA-4-1,NAER-CURRICULUM-ENGLISH,english,Aa-Ⅳ-1,連續體大小寫字母的辨識及書寫。,連續體大小寫字母的辨識及書寫。,scope-reviewed-required-unmapped,,,,,assessmentRole=embedded-in-english-reading-listening;marker=none;appendix=none;limits=none
AUTH-ENGLISH-LC-AB-4-1,NAER-CURRICULUM-ENGLISH,english,Ab-Ⅳ-1,句子的發音、重音及語調。,句子的發音、重音及語調。,scope-reviewed-required-unmapped,,,,,assessmentRole=direct-english-listening-choice;marker=none;appendix=none;limits=none
AUTH-ENGLISH-LC-AB-4-2,NAER-CURRICULUM-ENGLISH,english,Ab-Ⅳ-2,歌謠、韻文的節奏與音韻。,歌謠、韻文的節奏與音韻。,scope-reviewed-required-unmapped,,,,,assessmentRole=direct-english-listening-choice;marker=*◎;appendix=none;limits=none
AUTH-ENGLISH-LC-AB-4-3,NAER-CURRICULUM-ENGLISH,english,Ab-Ⅳ-3,字母拼讀規則（含字母拼讀的精熟能力、字彙拼寫的輔助）。,字母拼讀規則（含字母拼讀的精熟能力、字彙拼寫的輔助）。,scope-reviewed-required-unmapped,,,,,assessmentRole=direct-english-listening-choice;marker=*;appendix=none;limits=none
AUTH-ENGLISH-LC-AC-4-1,NAER-CURRICULUM-ENGLISH,english,Ac-Ⅳ-1,簡易的英文標示。,簡易的英文標示。,scope-reviewed-required-unmapped,,,,,assessmentRole=english-reading-and-listening-choice;marker=none;appendix=none;limits=none
AUTH-ENGLISH-LC-AC-4-2,NAER-CURRICULUM-ENGLISH,english,Ac-Ⅳ-2,常見的教室用語。,常見的教室用語。,scope-reviewed-required-unmapped,,,,,assessmentRole=english-reading-and-listening-choice;marker=none;appendix=none;limits=none
AUTH-ENGLISH-LC-AC-4-3,NAER-CURRICULUM-ENGLISH,english,Ac-Ⅳ-3,常見的生活用語。,常見的生活用語。,scope-reviewed-required-unmapped,,,,,assessmentRole=english-reading-and-listening-choice;marker=none;appendix=none;limits=none
AUTH-ENGLISH-LC-AC-4-4,NAER-CURRICULUM-ENGLISH,english,Ac-Ⅳ-4,"國中階段所學字詞（能聽、讀、說、寫最基本的1,200字詞）。","國中階段所學字詞（能聽、讀、說、寫最基本的1,200字詞）。",scope-reviewed-required-unmapped,,,,,assessmentRole=english-reading-and-listening-choice;marker=none;appendix=none;limits=none
AUTH-ENGLISH-LC-AD-4-1,NAER-CURRICULUM-ENGLISH,english,Ad-Ⅳ-1,國中階段所學的文法句型。,國中階段所學的文法句型。,scope-reviewed-required-unmapped,,,,,assessmentRole=english-reading-and-listening-choice;marker=none;appendix=none;limits=none
AUTH-ENGLISH-LC-AE-4-1,NAER-CURRICULUM-ENGLISH,english,Ae-Ⅳ-1,簡易歌謠、韻文、短文、故事及短劇。,簡易歌謠、韻文、短文、故事及短劇。,scope-reviewed-required-unmapped,,,,,assessmentRole=english-reading-and-listening-choice;marker=◎;appendix=none;limits=none
AUTH-ENGLISH-LC-AE-4-2,NAER-CURRICULUM-ENGLISH,english,Ae-Ⅳ-2,常見的圖表。,常見的圖表。,scope-reviewed-required-unmapped,,,,,assessmentRole=english-reading-and-listening-choice;marker=◎;appendix=none;limits=none
AUTH-ENGLISH-LC-AE-4-3,NAER-CURRICULUM-ENGLISH,english,Ae-Ⅳ-3,公共場所廣播（如捷運、車站、機場廣播）。,公共場所廣播（如捷運、車站、機場廣播）。,scope-reviewed-required-unmapped,,,,,assessmentRole=english-reading-and-listening-choice;marker=*◎;appendix=none;limits=none
AUTH-ENGLISH-LC-AE-4-4,NAER-CURRICULUM-ENGLISH,english,Ae-Ⅳ-4,簡易賀卡、書信、電子郵件。,簡易賀卡、書信、電子郵件。,scope-reviewed-required-unmapped,,,,,assessmentRole=english-reading-and-listening-choice;marker=none;appendix=none;limits=none
AUTH-ENGLISH-LC-AE-4-5,NAER-CURRICULUM-ENGLISH,english,Ae-Ⅳ-5,不同體裁、不同主題之簡易文章。,不同體裁、不同主題之簡易文章。,scope-reviewed-required-unmapped,,,,,assessmentRole=english-reading-and-listening-choice;marker=*;appendix=none;limits=none
AUTH-ENGLISH-LC-AE-4-6,NAER-CURRICULUM-ENGLISH,english,Ae-Ⅳ-6,簡易故事的背景、人物、事件和結局。,簡易故事的背景、人物、事件和結局。,scope-reviewed-required-unmapped,,,,,assessmentRole=english-reading-and-listening-choice;marker=none;appendix=none;limits=none
AUTH-ENGLISH-LC-AE-4-7,NAER-CURRICULUM-ENGLISH,english,Ae-Ⅳ-7,敘述者的觀點、態度、及寫作目的。,敘述者的觀點、態度、及寫作目的。,scope-reviewed-required-unmapped,,,,,assessmentRole=english-reading-and-listening-choice;marker=*◎;appendix=none;limits=none
AUTH-ENGLISH-LC-AE-4-8,NAER-CURRICULUM-ENGLISH,english,Ae-Ⅳ-8,簡易故事及短文的大意。,簡易故事及短文的大意。,scope-reviewed-required-unmapped,,,,,assessmentRole=english-reading-and-listening-choice;marker=*;appendix=none;limits=none
AUTH-ENGLISH-LC-B-4-1,NAER-CURRICULUM-ENGLISH,english,B-Ⅳ-1,自己、家人及朋友的簡易描述。,自己、家人及朋友的簡易描述。,scope-reviewed-required-unmapped,,,,,assessmentRole=english-reading-and-listening-choice;marker=none;appendix=none;limits=none
AUTH-ENGLISH-LC-B-4-2,NAER-CURRICULUM-ENGLISH,english,B-Ⅳ-2,國中階段所學字詞及句型的生活溝通。,國中階段所學字詞及句型的生活溝通。,scope-reviewed-required-unmapped,,,,,assessmentRole=english-reading-and-listening-choice;marker=none;appendix=none;limits=none
AUTH-ENGLISH-LC-B-4-3,NAER-CURRICULUM-ENGLISH,english,B-Ⅳ-3,語言與非語言的溝通策略（如請求重述、手勢、表情等）。,語言與非語言的溝通策略（如請求重述、手勢、表情等）。,scope-reviewed-required-unmapped,,,,,assessmentRole=english-reading-and-listening-choice;marker=none;appendix=none;limits=none
AUTH-ENGLISH-LC-B-4-4,NAER-CURRICULUM-ENGLISH,english,B-Ⅳ-4,個人的需求、意願和感受的表達。,個人的需求、意願和感受的表達。,scope-reviewed-required-unmapped,,,,,assessmentRole=english-reading-and-listening-choice;marker=none;appendix=none;limits=none
AUTH-ENGLISH-LC-B-4-5,NAER-CURRICULUM-ENGLISH,english,B-Ⅳ-5,人、事、時、地、物的描述及問答。,人、事、時、地、物的描述及問答。,scope-reviewed-required-unmapped,,,,,assessmentRole=english-reading-and-listening-choice;marker=none;appendix=none;limits=none
AUTH-ENGLISH-LC-B-4-6,NAER-CURRICULUM-ENGLISH,english,B-Ⅳ-6,圖片描述。,圖片描述。,scope-reviewed-required-unmapped,,,,,assessmentRole=english-reading-and-listening-choice;marker=◎;appendix=none;limits=none
AUTH-ENGLISH-LC-B-4-7,NAER-CURRICULUM-ENGLISH,english,B-Ⅳ-7,角色扮演。,角色扮演。,scope-reviewed-required-unmapped,,,,,assessmentRole=english-reading-and-listening-choice;marker=none;appendix=none;limits=none
AUTH-ENGLISH-LC-B-4-8,NAER-CURRICULUM-ENGLISH,english,B-Ⅳ-8,引導式討論。,引導式討論。,scope-reviewed-required-unmapped,,,,,assessmentRole=english-reading-and-listening-choice;marker=*◎;appendix=none;limits=none
AUTH-ENGLISH-LC-C-4-1,NAER-CURRICULUM-ENGLISH,english,C-Ⅳ-1,國內外節慶習俗。,國內外節慶習俗。,scope-reviewed-required-unmapped,,,,,assessmentRole=embedded-in-english-reading-listening;marker=none;appendix=none;limits=none
AUTH-ENGLISH-LC-C-4-2,NAER-CURRICULUM-ENGLISH,english,C-Ⅳ-2,國內外風土民情。,國內外風土民情。,scope-reviewed-required-unmapped,,,,,assessmentRole=embedded-in-english-reading-listening;marker=none;appendix=none;limits=none
AUTH-ENGLISH-LC-C-4-3,NAER-CURRICULUM-ENGLISH,english,C-Ⅳ-3,文化習俗的了解及尊重。,文化習俗的了解及尊重。,scope-reviewed-required-unmapped,,,,,assessmentRole=embedded-in-english-reading-listening;marker=none;appendix=none;limits=none
AUTH-ENGLISH-LC-C-4-4,NAER-CURRICULUM-ENGLISH,english,C-Ⅳ-4,基本的世界觀。,基本的世界觀。,scope-reviewed-required-unmapped,,,,,assessmentRole=embedded-in-english-reading-listening;marker=none;appendix=none;limits=none
AUTH-ENGLISH-LC-C-4-5,NAER-CURRICULUM-ENGLISH,english,C-Ⅳ-5,國際生活禮儀。,國際生活禮儀。,scope-reviewed-required-unmapped,,,,,assessmentRole=embedded-in-english-reading-listening;marker=*;appendix=none;limits=none
AUTH-ENGLISH-LC-D-4-1,NAER-CURRICULUM-ENGLISH,english,D-Ⅳ-1,依綜合資訊作合理猜測。,依綜合資訊作合理猜測。,scope-reviewed-required-unmapped,,,,,assessmentRole=english-reading-and-listening-choice;marker=none;appendix=none;limits=none
AUTH-ENGLISH-LC-D-4-2,NAER-CURRICULUM-ENGLISH,english,D-Ⅳ-2,二至三項訊息的比較、歸類、排序的方法。,二至三項訊息的比較、歸類、排序的方法。,scope-reviewed-required-unmapped,,,,,assessmentRole=english-reading-and-listening-choice;marker=none;appendix=none;limits=none
AUTH-ENGLISH-LC-D-4-3,NAER-CURRICULUM-ENGLISH,english,D-Ⅳ-3,訊息因果關係的釐清。,訊息因果關係的釐清。,scope-reviewed-required-unmapped,,,,,assessmentRole=english-reading-and-listening-choice;marker=none;appendix=none;limits=none
AUTH-ENGLISH-LC-D-4-4,NAER-CURRICULUM-ENGLISH,english,D-Ⅳ-4,藉文字線索，對客觀事實及主觀意見的分辨。,藉文字線索，對客觀事實及主觀意見的分辨。,scope-reviewed-required-unmapped,,,,,assessmentRole=english-reading-and-listening-choice;marker=*◎;appendix=none;limits=none
AUTH-ENGLISH-LP-1-4-1,NAER-CURRICULUM-ENGLISH,english,1-Ⅳ-1,能聽懂課堂中所學的字詞。,能聽懂課堂中所學的字詞。,scope-reviewed-required-unmapped,,,,,assessmentRole=direct-english-listening-choice;marker=◎;appendix=none;limits=none
AUTH-ENGLISH-LP-1-4-10,NAER-CURRICULUM-ENGLISH,english,1-Ⅳ-10,能了解歌謠、韻文的節奏與音韻。,能了解歌謠、韻文的節奏與音韻。,scope-reviewed-required-unmapped,,,,,assessmentRole=direct-english-listening-choice;marker=*◎;appendix=none;limits=none
AUTH-ENGLISH-LP-1-4-11,NAER-CURRICULUM-ENGLISH,english,1-Ⅳ-11,能聽懂公共場所廣播的內容，如捷運、車站、機場廣播。,能聽懂公共場所廣播的內容，如捷運、車站、機場廣播。,scope-reviewed-required-unmapped,,,,,assessmentRole=direct-english-listening-choice;marker=*◎;appendix=none;limits=none
AUTH-ENGLISH-LP-1-4-2,NAER-CURRICULUM-ENGLISH,english,1-Ⅳ-2,能聽懂常用的教室用語及日常生活用語。,能聽懂常用的教室用語及日常生活用語。,scope-reviewed-required-unmapped,,,,,assessmentRole=direct-english-listening-choice;marker=none;appendix=none;limits=none
AUTH-ENGLISH-LP-1-4-3,NAER-CURRICULUM-ENGLISH,english,1-Ⅳ-3,能聽懂基本或重要句型的句子。,能聽懂基本或重要句型的句子。,scope-reviewed-required-unmapped,,,,,assessmentRole=direct-english-listening-choice;marker=none;appendix=none;limits=none
AUTH-ENGLISH-LP-1-4-4,NAER-CURRICULUM-ENGLISH,english,1-Ⅳ-4,能聽懂日常生活對話的主要內容。,能聽懂日常生活對話的主要內容。,scope-reviewed-required-unmapped,,,,,assessmentRole=direct-english-listening-choice;marker=none;appendix=none;limits=none
AUTH-ENGLISH-LP-1-4-5,NAER-CURRICULUM-ENGLISH,english,1-Ⅳ-5,能聽懂簡易歌謠和韻文的主要內容。,能聽懂簡易歌謠和韻文的主要內容。,scope-reviewed-required-unmapped,,,,,assessmentRole=direct-english-listening-choice;marker=◎;appendix=none;limits=none
AUTH-ENGLISH-LP-1-4-6,NAER-CURRICULUM-ENGLISH,english,1-Ⅳ-6,能聽懂簡易故事及短劇的主要內容。,能聽懂簡易故事及短劇的主要內容。,scope-reviewed-required-unmapped,,,,,assessmentRole=direct-english-listening-choice;marker=◎;appendix=none;limits=none
AUTH-ENGLISH-LP-1-4-7,NAER-CURRICULUM-ENGLISH,english,1-Ⅳ-7,能辨識簡短說明或敘述的情境及主旨。,能辨識簡短說明或敘述的情境及主旨。,scope-reviewed-required-unmapped,,,,,assessmentRole=direct-english-listening-choice;marker=none;appendix=none;limits=none
AUTH-ENGLISH-LP-1-4-8,NAER-CURRICULUM-ENGLISH,english,1-Ⅳ-8,能聽懂簡易影片的主要內容。,能聽懂簡易影片的主要內容。,scope-reviewed-required-unmapped,,,,,assessmentRole=direct-english-listening-choice;marker=none;appendix=none;limits=none
AUTH-ENGLISH-LP-1-4-9,NAER-CURRICULUM-ENGLISH,english,1-Ⅳ-9,能辨識句子語調所表達的情緒和態度。,能辨識句子語調所表達的情緒和態度。,scope-reviewed-required-unmapped,,,,,assessmentRole=direct-english-listening-choice;marker=*◎;appendix=none;limits=none
AUTH-ENGLISH-LP-2-4-1,NAER-CURRICULUM-ENGLISH,english,2-Ⅳ-1,能說出課堂中所學的字詞。,能說出課堂中所學的字詞。,scope-reviewed-required-unmapped,,,,,assessmentRole=curriculum-required-not-separately-scored;marker=◎;appendix=none;limits=none
AUTH-ENGLISH-LP-2-4-10,NAER-CURRICULUM-ENGLISH,english,2-Ⅳ-10,能以簡易的英語描述圖片。,能以簡易的英語描述圖片。,scope-reviewed-required-unmapped,,,,,assessmentRole=curriculum-required-not-separately-scored;marker=none;appendix=none;limits=none
AUTH-ENGLISH-LP-2-4-11,NAER-CURRICULUM-ENGLISH,english,2-Ⅳ-11,能參與簡易的英語短劇表演。,能參與簡易的英語短劇表演。,scope-reviewed-required-unmapped,,,,,assessmentRole=curriculum-required-not-separately-scored;marker=*◎;appendix=none;limits=none
AUTH-ENGLISH-LP-2-4-12,NAER-CURRICULUM-ENGLISH,english,2-Ⅳ-12,能以簡易的英語參與引導式討論。,能以簡易的英語參與引導式討論。,scope-reviewed-required-unmapped,,,,,assessmentRole=curriculum-required-not-separately-scored;marker=*;appendix=none;limits=none
AUTH-ENGLISH-LP-2-4-13,NAER-CURRICULUM-ENGLISH,english,2-Ⅳ-13,能依主題或情境以簡易英語進行日常生活溝通。,能依主題或情境以簡易英語進行日常生活溝通。,scope-reviewed-required-unmapped,,,,,assessmentRole=curriculum-required-not-separately-scored;marker=*;appendix=none;limits=none
AUTH-ENGLISH-LP-2-4-14,NAER-CURRICULUM-ENGLISH,english,2-Ⅳ-14,能以簡易的英語介紹國內外風土民情。,能以簡易的英語介紹國內外風土民情。,scope-reviewed-required-unmapped,,,,,assessmentRole=curriculum-required-not-separately-scored;marker=*;appendix=none;limits=none
AUTH-ENGLISH-LP-2-4-2,NAER-CURRICULUM-ENGLISH,english,2-Ⅳ-2,能依情境使用日常生活用語。,能依情境使用日常生活用語。,scope-reviewed-required-unmapped,,,,,assessmentRole=curriculum-required-not-separately-scored;marker=none;appendix=none;limits=none
AUTH-ENGLISH-LP-2-4-3,NAER-CURRICULUM-ENGLISH,english,2-Ⅳ-3,能依情境使用教室用語。,能依情境使用教室用語。,scope-reviewed-required-unmapped,,,,,assessmentRole=curriculum-required-not-separately-scored;marker=none;appendix=none;limits=none
AUTH-ENGLISH-LP-2-4-4,NAER-CURRICULUM-ENGLISH,english,2-Ⅳ-4,能以簡易的英語描述自己、家人及朋友。,能以簡易的英語描述自己、家人及朋友。,scope-reviewed-required-unmapped,,,,,assessmentRole=curriculum-required-not-separately-scored;marker=none;appendix=none;limits=none
AUTH-ENGLISH-LP-2-4-5,NAER-CURRICULUM-ENGLISH,english,2-Ⅳ-5,能以簡易的英語表達個人的需求、意願和感受。,能以簡易的英語表達個人的需求、意願和感受。,scope-reviewed-required-unmapped,,,,,assessmentRole=curriculum-required-not-separately-scored;marker=none;appendix=none;limits=none
AUTH-ENGLISH-LP-2-4-6,NAER-CURRICULUM-ENGLISH,english,2-Ⅳ-6,能依人、事、時、地、物作簡易的描述或回答。,能依人、事、時、地、物作簡易的描述或回答。,scope-reviewed-required-unmapped,,,,,assessmentRole=curriculum-required-not-separately-scored;marker=none;appendix=none;limits=none
AUTH-ENGLISH-LP-2-4-7,NAER-CURRICULUM-ENGLISH,english,2-Ⅳ-7,能依人、事、時、地、物作簡易的提問。,能依人、事、時、地、物作簡易的提問。,scope-reviewed-required-unmapped,,,,,assessmentRole=curriculum-required-not-separately-scored;marker=none;appendix=none;limits=none
AUTH-ENGLISH-LP-2-4-8,NAER-CURRICULUM-ENGLISH,english,2-Ⅳ-8,能以正確的發音、適切的重音及語調說出基本或重要句型的句子。,能以正確的發音、適切的重音及語調說出基本或重要句型的句子。,scope-reviewed-required-unmapped,,,,,assessmentRole=curriculum-required-not-separately-scored;marker=none;appendix=none;limits=none
AUTH-ENGLISH-LP-2-4-9,NAER-CURRICULUM-ENGLISH,english,2-Ⅳ-9,能進行簡易的角色扮演。,能進行簡易的角色扮演。,scope-reviewed-required-unmapped,,,,,assessmentRole=curriculum-required-not-separately-scored;marker=◎;appendix=none;limits=none
AUTH-ENGLISH-LP-3-4-1,NAER-CURRICULUM-ENGLISH,english,3-Ⅳ-1,能辨識連續書寫體大小寫字母。,能辨識連續書寫體大小寫字母。,scope-reviewed-required-unmapped,,,,,assessmentRole=direct-english-reading-choice;marker=none;appendix=none;limits=none
AUTH-ENGLISH-LP-3-4-10,NAER-CURRICULUM-ENGLISH,english,3-Ⅳ-10,能辨識簡易故事的要素，如背景、人物、事件和結局。,能辨識簡易故事的要素，如背景、人物、事件和結局。,scope-reviewed-required-unmapped,,,,,assessmentRole=direct-english-reading-choice;marker=none;appendix=none;limits=none
AUTH-ENGLISH-LP-3-4-11,NAER-CURRICULUM-ENGLISH,english,3-Ⅳ-11,能藉圖畫、標題、書名等作合理的猜測。,能藉圖畫、標題、書名等作合理的猜測。,scope-reviewed-required-unmapped,,,,,assessmentRole=direct-english-reading-choice;marker=none;appendix=none;limits=none
AUTH-ENGLISH-LP-3-4-12,NAER-CURRICULUM-ENGLISH,english,3-Ⅳ-12,能熟悉重要的閱讀技巧，如擷取大意、猜測字義、推敲文意、預測後續文意及情節發展等。,能熟悉重要的閱讀技巧，如擷取大意、猜測字義、推敲文意、預測後續文意及情節發展等。,scope-reviewed-required-unmapped,,,,,assessmentRole=direct-english-reading-choice;marker=*;appendix=none;limits=none
AUTH-ENGLISH-LP-3-4-13,NAER-CURRICULUM-ENGLISH,english,3-Ⅳ-13,能了解短劇的主要內容與情節。,能了解短劇的主要內容與情節。,scope-reviewed-required-unmapped,,,,,assessmentRole=direct-english-reading-choice;marker=*;appendix=none;limits=none
AUTH-ENGLISH-LP-3-4-14,NAER-CURRICULUM-ENGLISH,english,3-Ⅳ-14,能快速閱讀了解文章重點，並有效應用於廣泛閱讀中。,能快速閱讀了解文章重點，並有效應用於廣泛閱讀中。,scope-reviewed-required-unmapped,,,,,assessmentRole=direct-english-reading-choice;marker=*;appendix=none;limits=none
AUTH-ENGLISH-LP-3-4-15,NAER-CURRICULUM-ENGLISH,english,3-Ⅳ-15,能分析及判斷文章內容，了解敘述者的觀點、態度及寫作目的。,能分析及判斷文章內容，了解敘述者的觀點、態度及寫作目的。,scope-reviewed-required-unmapped,,,,,assessmentRole=direct-english-reading-choice;marker=*◎;appendix=none;limits=none
AUTH-ENGLISH-LP-3-4-16,NAER-CURRICULUM-ENGLISH,english,3-Ⅳ-16,能閱讀不同體裁、不同主題的簡易文章。,能閱讀不同體裁、不同主題的簡易文章。,scope-reviewed-required-unmapped,,,,,assessmentRole=direct-english-reading-choice;marker=*;appendix=none;limits=none
AUTH-ENGLISH-LP-3-4-2,NAER-CURRICULUM-ENGLISH,english,3-Ⅳ-2,能辨識課堂中所學的字詞。,能辨識課堂中所學的字詞。,scope-reviewed-required-unmapped,,,,,assessmentRole=direct-english-reading-choice;marker=◎;appendix=none;limits=none
AUTH-ENGLISH-LP-3-4-3,NAER-CURRICULUM-ENGLISH,english,3-Ⅳ-3,能看懂簡易的英文標示。,能看懂簡易的英文標示。,scope-reviewed-required-unmapped,,,,,assessmentRole=direct-english-reading-choice;marker=none;appendix=none;limits=none
AUTH-ENGLISH-LP-3-4-4,NAER-CURRICULUM-ENGLISH,english,3-Ⅳ-4,能看懂簡易的圖表。,能看懂簡易的圖表。,scope-reviewed-required-unmapped,,,,,assessmentRole=direct-english-reading-choice;marker=none;appendix=none;limits=none
AUTH-ENGLISH-LP-3-4-5,NAER-CURRICULUM-ENGLISH,english,3-Ⅳ-5,能看懂簡易的生活用語。,能看懂簡易的生活用語。,scope-reviewed-required-unmapped,,,,,assessmentRole=direct-english-reading-choice;marker=none;appendix=none;limits=none
AUTH-ENGLISH-LP-3-4-6,NAER-CURRICULUM-ENGLISH,english,3-Ⅳ-6,能看懂基本的句型。,能看懂基本的句型。,scope-reviewed-required-unmapped,,,,,assessmentRole=direct-english-reading-choice;marker=none;appendix=none;limits=none
AUTH-ENGLISH-LP-3-4-7,NAER-CURRICULUM-ENGLISH,english,3-Ⅳ-7,能了解對話的主要內容。,能了解對話的主要內容。,scope-reviewed-required-unmapped,,,,,assessmentRole=direct-english-reading-choice;marker=none;appendix=none;limits=none
AUTH-ENGLISH-LP-3-4-8,NAER-CURRICULUM-ENGLISH,english,3-Ⅳ-8,能了解短文、簡訊、書信的主要內容。,能了解短文、簡訊、書信的主要內容。,scope-reviewed-required-unmapped,,,,,assessmentRole=direct-english-reading-choice;marker=none;appendix=none;limits=none
AUTH-ENGLISH-LP-3-4-9,NAER-CURRICULUM-ENGLISH,english,3-Ⅳ-9,能了解故事的主要內容與情節。,能了解故事的主要內容與情節。,scope-reviewed-required-unmapped,,,,,assessmentRole=direct-english-reading-choice;marker=none;appendix=none;limits=none
AUTH-ENGLISH-LP-4-4-1,NAER-CURRICULUM-ENGLISH,english,4-Ⅳ-1,能拼寫國中階段基本常用字詞。,能拼寫國中階段基本常用字詞。,scope-reviewed-required-unmapped,,,,,assessmentRole=curriculum-required-not-separately-scored;marker=none;appendix=none;limits=none
AUTH-ENGLISH-LP-4-4-2,NAER-CURRICULUM-ENGLISH,english,4-Ⅳ-2,能依圖畫、圖示書寫英文句子。,能依圖畫、圖示書寫英文句子。,scope-reviewed-required-unmapped,,,,,assessmentRole=curriculum-required-not-separately-scored;marker=none;appendix=none;limits=none
AUTH-ENGLISH-LP-4-4-3,NAER-CURRICULUM-ENGLISH,english,4-Ⅳ-3,能掌握正確書寫格式寫出英文句子。,能掌握正確書寫格式寫出英文句子。,scope-reviewed-required-unmapped,,,,,assessmentRole=curriculum-required-not-separately-scored;marker=none;appendix=none;limits=none
AUTH-ENGLISH-LP-4-4-4,NAER-CURRICULUM-ENGLISH,english,4-Ⅳ-4,能依提示填寫簡單的表格。,能依提示填寫簡單的表格。,scope-reviewed-required-unmapped,,,,,assessmentRole=curriculum-required-not-separately-scored;marker=none;appendix=none;limits=none
AUTH-ENGLISH-LP-4-4-5,NAER-CURRICULUM-ENGLISH,english,4-Ⅳ-5,能依提示寫出正確達意的簡單句子。,能依提示寫出正確達意的簡單句子。,scope-reviewed-required-unmapped,,,,,assessmentRole=curriculum-required-not-separately-scored;marker=none;appendix=none;limits=none
AUTH-ENGLISH-LP-4-4-6,NAER-CURRICULUM-ENGLISH,english,4-Ⅳ-6,能將簡易的中文句子譯成英文。,能將簡易的中文句子譯成英文。,scope-reviewed-required-unmapped,,,,,assessmentRole=curriculum-required-not-separately-scored;marker=none;appendix=none;limits=none
AUTH-ENGLISH-LP-4-4-7,NAER-CURRICULUM-ENGLISH,english,4-Ⅳ-7,能寫簡單的賀卡、簡訊、書信、電子郵件等。,能寫簡單的賀卡、簡訊、書信、電子郵件等。,scope-reviewed-required-unmapped,,,,,assessmentRole=curriculum-required-not-separately-scored;marker=*;appendix=none;limits=none
AUTH-ENGLISH-LP-4-4-8,NAER-CURRICULUM-ENGLISH,english,4-Ⅳ-8,能依提示書寫簡短的段落。,能依提示書寫簡短的段落。,scope-reviewed-required-unmapped,,,,,assessmentRole=curriculum-required-not-separately-scored;marker=*;appendix=none;limits=none
AUTH-ENGLISH-LP-5-4-1,NAER-CURRICULUM-ENGLISH,english,5-Ⅳ-1,能聽懂、讀懂國中階段基本字詞，並使用於簡易日常溝通。,能聽懂、讀懂國中階段基本字詞，並使用於簡易日常溝通。,scope-reviewed-required-unmapped,,,,,assessmentRole=embedded-in-english-reading-listening;marker=none;appendix=none;limits=none
AUTH-ENGLISH-LP-5-4-10,NAER-CURRICULUM-ENGLISH,english,5-Ⅳ-10,能讀懂簡易故事及短文，並能以簡短的句子說出或寫出其內容大意。,能讀懂簡易故事及短文，並能以簡短的句子說出或寫出其內容大意。,scope-reviewed-required-unmapped,,,,,assessmentRole=embedded-in-english-reading-listening;marker=none;appendix=none;limits=none
AUTH-ENGLISH-LP-5-4-11,NAER-CURRICULUM-ENGLISH,english,5-Ⅳ-11,能看懂並能填寫簡單的表格及資料等。,能看懂並能填寫簡單的表格及資料等。,scope-reviewed-required-unmapped,,,,,assessmentRole=embedded-in-english-reading-listening;marker=none;appendix=none;limits=none
AUTH-ENGLISH-LP-5-4-12,NAER-CURRICULUM-ENGLISH,english,5-Ⅳ-12,能看懂日常溝通中簡易的書信、簡訊、留言、賀卡、邀請卡等，並能以口語或書面作簡短的回應。,能看懂日常溝通中簡易的書信、簡訊、留言、賀卡、邀請卡等，並能以口語或書面作簡短的回應。,scope-reviewed-required-unmapped,,,,,assessmentRole=embedded-in-english-reading-listening;marker=*;appendix=none;limits=none
AUTH-ENGLISH-LP-5-4-2,NAER-CURRICULUM-ENGLISH,english,5-Ⅳ-2,能掌握國中階段所學字詞及句型，適當地使用於日常生活之溝通。,能掌握國中階段所學字詞及句型，適當地使用於日常生活之溝通。,scope-reviewed-required-unmapped,,,,,assessmentRole=embedded-in-english-reading-listening;marker=none;appendix=none;limits=none
AUTH-ENGLISH-LP-5-4-3,NAER-CURRICULUM-ENGLISH,english,5-Ⅳ-3,能聽懂日常生活應對中常用語句，並能作適當的回應。,能聽懂日常生活應對中常用語句，並能作適當的回應。,scope-reviewed-required-unmapped,,,,,assessmentRole=embedded-in-english-reading-listening;marker=◎;appendix=none;limits=none
AUTH-ENGLISH-LP-5-4-4,NAER-CURRICULUM-ENGLISH,english,5-Ⅳ-4,能以正確的發音及適切的語調及速度朗讀短文及短劇。,能以正確的發音及適切的語調及速度朗讀短文及短劇。,scope-reviewed-required-unmapped,,,,,assessmentRole=embedded-in-english-reading-listening;marker=none;appendix=none;limits=none
AUTH-ENGLISH-LP-5-4-5,NAER-CURRICULUM-ENGLISH,english,5-Ⅳ-5,能運用字母拼讀規則讀出及拼寫英文字詞。,能運用字母拼讀規則讀出及拼寫英文字詞。,scope-reviewed-required-unmapped,,,,,assessmentRole=embedded-in-english-reading-listening;marker=*;appendix=none;limits=none
AUTH-ENGLISH-LP-5-4-6,NAER-CURRICULUM-ENGLISH,english,5-Ⅳ-6,能轉述所聽到的簡短談話。,能轉述所聽到的簡短談話。,scope-reviewed-required-unmapped,,,,,assessmentRole=embedded-in-english-reading-listening;marker=none;appendix=none;limits=none
AUTH-ENGLISH-LP-5-4-7,NAER-CURRICULUM-ENGLISH,english,5-Ⅳ-7,能聽懂日常生活對話，並能以簡單的字詞、句子記下要點。,能聽懂日常生活對話，並能以簡單的字詞、句子記下要點。,scope-reviewed-required-unmapped,,,,,assessmentRole=embedded-in-english-reading-listening;marker=none;appendix=none;limits=none
AUTH-ENGLISH-LP-5-4-8,NAER-CURRICULUM-ENGLISH,english,5-Ⅳ-8,能聽懂簡易故事，並能以簡單的字詞、句子記下要點。,能聽懂簡易故事，並能以簡單的字詞、句子記下要點。,scope-reviewed-required-unmapped,,,,,assessmentRole=embedded-in-english-reading-listening;marker=none;appendix=none;limits=none
AUTH-ENGLISH-LP-5-4-9,NAER-CURRICULUM-ENGLISH,english,5-Ⅳ-9,能聽懂簡易廣播，並能以簡單的字詞、句子記下要點。,能聽懂簡易廣播，並能以簡單的字詞、句子記下要點。,scope-reviewed-required-unmapped,,,,,assessmentRole=embedded-in-english-reading-listening;marker=none;appendix=none;limits=none
AUTH-ENGLISH-LP-6-4-1,NAER-CURRICULUM-ENGLISH,english,6-Ⅳ-1,樂於參與課堂中各類練習活動，不畏犯錯。,樂於參與課堂中各類練習活動，不畏犯錯。,scope-reviewed-required-unmapped,,,,,assessmentRole=curriculum-required-not-separately-scored;marker=◎;appendix=none;limits=none
AUTH-ENGLISH-LP-6-4-2,NAER-CURRICULUM-ENGLISH,english,6-Ⅳ-2,主動預習、複習並將學習內容作基本的整理歸納。,主動預習、複習並將學習內容作基本的整理歸納。,scope-reviewed-required-unmapped,,,,,assessmentRole=curriculum-required-not-separately-scored;marker=none;appendix=none;limits=none
AUTH-ENGLISH-LP-6-4-3,NAER-CURRICULUM-ENGLISH,english,6-Ⅳ-3,樂於參與有助提升英語能力的活動（如英語營、歌唱、朗讀、演講、段落寫作、讀者劇場等活動）。,樂於參與有助提升英語能力的活動（如英語營、歌唱、朗讀、演講、段落寫作、讀者劇場等活動）。,scope-reviewed-required-unmapped,,,,,assessmentRole=curriculum-required-not-separately-scored;marker=none;appendix=none;limits=none
AUTH-ENGLISH-LP-6-4-4,NAER-CURRICULUM-ENGLISH,english,6-Ⅳ-4,樂於接觸課外的英語文多元素材，如歌曲、英語學習雜誌、漫畫、短片、廣播、網路等。,樂於接觸課外的英語文多元素材，如歌曲、英語學習雜誌、漫畫、短片、廣播、網路等。,scope-reviewed-required-unmapped,,,,,assessmentRole=curriculum-required-not-separately-scored;marker=none;appendix=none;limits=none
AUTH-ENGLISH-LP-6-4-5,NAER-CURRICULUM-ENGLISH,english,6-Ⅳ-5,主動利用各種查詢工具，以了解所接觸的英語文資訊。,主動利用各種查詢工具，以了解所接觸的英語文資訊。,scope-reviewed-required-unmapped,,,,,assessmentRole=curriculum-required-not-separately-scored;marker=*;appendix=none;limits=none
AUTH-ENGLISH-LP-6-4-6,NAER-CURRICULUM-ENGLISH,english,6-Ⅳ-6,主動從網路或其他課外材料，搜尋相關英語文資源，並與教師及同學分享。,主動從網路或其他課外材料，搜尋相關英語文資源，並與教師及同學分享。,scope-reviewed-required-unmapped,,,,,assessmentRole=curriculum-required-not-separately-scored;marker=*;appendix=none;limits=none
AUTH-ENGLISH-LP-7-4-1,NAER-CURRICULUM-ENGLISH,english,7-Ⅳ-1,能使用英文字典，配合上下文找出適當的字義。,能使用英文字典，配合上下文找出適當的字義。,scope-reviewed-required-unmapped,,,,,assessmentRole=embedded-in-english-reading-listening;marker=none;appendix=none;limits=none
AUTH-ENGLISH-LP-7-4-2,NAER-CURRICULUM-ENGLISH,english,7-Ⅳ-2,善用相關主題之背景知識，以利閱讀或聽力理解。,善用相關主題之背景知識，以利閱讀或聽力理解。,scope-reviewed-required-unmapped,,,,,assessmentRole=embedded-in-english-reading-listening;marker=none;appendix=none;limits=none
AUTH-ENGLISH-LP-7-4-3,NAER-CURRICULUM-ENGLISH,english,7-Ⅳ-3,利用語言及非語言溝通策略（如請求重述、手勢、表情等）提升溝通效能。,利用語言及非語言溝通策略（如請求重述、手勢、表情等）提升溝通效能。,scope-reviewed-required-unmapped,,,,,assessmentRole=embedded-in-english-reading-listening;marker=none;appendix=none;limits=none
AUTH-ENGLISH-LP-7-4-4,NAER-CURRICULUM-ENGLISH,english,7-Ⅳ-4,能對教師或同學討論的內容觸類旁通、舉一反三。,能對教師或同學討論的內容觸類旁通、舉一反三。,scope-reviewed-required-unmapped,,,,,assessmentRole=embedded-in-english-reading-listening;marker=none;appendix=none;limits=none
AUTH-ENGLISH-LP-7-4-5,NAER-CURRICULUM-ENGLISH,english,7-Ⅳ-5,能訂定英文學習計畫，檢視自我學習過程，並隨時改進。,能訂定英文學習計畫，檢視自我學習過程，並隨時改進。,scope-reviewed-required-unmapped,,,,,assessmentRole=embedded-in-english-reading-listening;marker=none;appendix=none;limits=none
AUTH-ENGLISH-LP-8-4-1,NAER-CURRICULUM-ENGLISH,english,8-Ⅳ-1,能以簡易英語介紹國內主要節慶習俗。,能以簡易英語介紹國內主要節慶習俗。,scope-reviewed-required-unmapped,,,,,assessmentRole=embedded-in-english-reading-listening;marker=none;appendix=none;limits=none
AUTH-ENGLISH-LP-8-4-2,NAER-CURRICULUM-ENGLISH,english,8-Ⅳ-2,能以簡易英語介紹國外主要節慶習俗。,能以簡易英語介紹國外主要節慶習俗。,scope-reviewed-required-unmapped,,,,,assessmentRole=embedded-in-english-reading-listening;marker=none;appendix=none;limits=none
AUTH-ENGLISH-LP-8-4-3,NAER-CURRICULUM-ENGLISH,english,8-Ⅳ-3,能了解國內外風土民情及主要節慶習俗，並加以比較。,能了解國內外風土民情及主要節慶習俗，並加以比較。,scope-reviewed-required-unmapped,,,,,assessmentRole=embedded-in-english-reading-listening;marker=none;appendix=none;limits=none
AUTH-ENGLISH-LP-8-4-4,NAER-CURRICULUM-ENGLISH,english,8-Ⅳ-4,能了解、尊重不同之文化習俗。,能了解、尊重不同之文化習俗。,scope-reviewed-required-unmapped,,,,,assessmentRole=embedded-in-english-reading-listening;marker=none;appendix=none;limits=none
AUTH-ENGLISH-LP-8-4-5,NAER-CURRICULUM-ENGLISH,english,8-Ⅳ-5,能具有基本的世界觀。,能具有基本的世界觀。,scope-reviewed-required-unmapped,,,,,assessmentRole=embedded-in-english-reading-listening;marker=none;appendix=none;limits=none
AUTH-ENGLISH-LP-8-4-6,NAER-CURRICULUM-ENGLISH,english,8-Ⅳ-6,能了解並遵循基本的國際生活禮儀。,能了解並遵循基本的國際生活禮儀。,scope-reviewed-required-unmapped,,,,,assessmentRole=embedded-in-english-reading-listening;marker=*;appendix=none;limits=none
AUTH-ENGLISH-LP-9-4-1,NAER-CURRICULUM-ENGLISH,english,9-Ⅳ-1,能綜合相關資訊作合理的猜測。,能綜合相關資訊作合理的猜測。,scope-reviewed-required-unmapped,,,,,assessmentRole=embedded-in-english-reading-listening;marker=none;appendix=none;limits=none
AUTH-ENGLISH-LP-9-4-2,NAER-CURRICULUM-ENGLISH,english,9-Ⅳ-2,能把二至三項訊息加以比較、歸類、排序。,能把二至三項訊息加以比較、歸類、排序。,scope-reviewed-required-unmapped,,,,,assessmentRole=embedded-in-english-reading-listening;marker=none;appendix=none;limits=none
AUTH-ENGLISH-LP-9-4-3,NAER-CURRICULUM-ENGLISH,english,9-Ⅳ-3,能根據上下文語境釐清不同訊息間的因果關係。,能根據上下文語境釐清不同訊息間的因果關係。,scope-reviewed-required-unmapped,,,,,assessmentRole=embedded-in-english-reading-listening;marker=none;appendix=none;limits=none
AUTH-ENGLISH-LP-9-4-4,NAER-CURRICULUM-ENGLISH,english,9-Ⅳ-4,能依上下文所提供的文字線索（如in my opinion、maybe）分辨客觀事實與主觀意見。,能依上下文所提供的文字線索（如in my opinion、maybe）分辨客觀事實與主觀意見。,scope-reviewed-required-unmapped,,,,,assessmentRole=embedded-in-english-reading-listening;marker=none;appendix=none;limits=none
AUTH-NATURAL-LC-AA-4-1,NAER-CURRICULUM-NATURAL,integrated_natural|physics_chemistry,Aa-Ⅳ-1,原子模型的發展。,原子模型的發展。,scope-reviewed-required-unmapped,,,,,assessmentRole=direct-integrated-natural-choice;marker=none;appendix=NAER-CURRICULUM-NATURAL-APPENDIX-BLOCK-05726;limits=NAER-CURRICULUM-NATURAL:5743|NAER-CURRICULUM-NATURAL:5746|NAER-CURRICULUM-NATURAL:5747
AUTH-NATURAL-LC-AA-4-2,NAER-CURRICULUM-NATURAL,integrated_natural|physics_chemistry,Aa-Ⅳ-2,原子量與分子量是原子、分子之間的相對質量。,原子量與分子量是原子、分子之間的相對質量。,scope-reviewed-required-unmapped,,,,,assessmentRole=direct-integrated-natural-choice;marker=none;appendix=NAER-CURRICULUM-NATURAL-APPENDIX-BLOCK-05726;limits=NAER-CURRICULUM-NATURAL:5743|NAER-CURRICULUM-NATURAL:5746|NAER-CURRICULUM-NATURAL:5747
AUTH-NATURAL-LC-AA-4-3,NAER-CURRICULUM-NATURAL,integrated_natural|physics_chemistry,Aa-Ⅳ-3,純物質包括元素與化合物。,純物質包括元素與化合物。,scope-reviewed-required-unmapped,,,,,assessmentRole=direct-integrated-natural-choice;marker=none;appendix=NAER-CURRICULUM-NATURAL-APPENDIX-BLOCK-05726;limits=NAER-CURRICULUM-NATURAL:5743|NAER-CURRICULUM-NATURAL:5746|NAER-CURRICULUM-NATURAL:5747
AUTH-NATURAL-LC-AA-4-4,NAER-CURRICULUM-NATURAL,integrated_natural|physics_chemistry,Aa-Ⅳ-4,元素的性質有規律性和週期性。,元素的性質有規律性和週期性。,scope-reviewed-required-unmapped,,,,,assessmentRole=direct-integrated-natural-choice;marker=none;appendix=NAER-CURRICULUM-NATURAL-APPENDIX-BLOCK-05726;limits=NAER-CURRICULUM-NATURAL:5743|NAER-CURRICULUM-NATURAL:5746|NAER-CURRICULUM-NATURAL:5747
AUTH-NATURAL-LC-AA-4-5,NAER-CURRICULUM-NATURAL,integrated_natural|physics_chemistry,Aa-Ⅳ-5,元素與化合物有特定的化學符號表示法。,元素與化合物有特定的化學符號表示法。,scope-reviewed-required-unmapped,,,,,assessmentRole=direct-integrated-natural-choice;marker=none;appendix=NAER-CURRICULUM-NATURAL-APPENDIX-BLOCK-05726;limits=NAER-CURRICULUM-NATURAL:5743|NAER-CURRICULUM-NATURAL:5746|NAER-CURRICULUM-NATURAL:5747
AUTH-NATURAL-LC-AB-4-1,NAER-CURRICULUM-NATURAL,integrated_natural|physics_chemistry,Ab-Ⅳ-1,物質的粒子模型與物質三態。,物質的粒子模型與物質三態。,scope-reviewed-required-unmapped,,,,,assessmentRole=direct-integrated-natural-choice;marker=none;appendix=NAER-CURRICULUM-NATURAL-APPENDIX-BLOCK-05749;limits=none
AUTH-NATURAL-LC-AB-4-2,NAER-CURRICULUM-NATURAL,integrated_natural|physics_chemistry,Ab-Ⅳ-2,溫度會影響物質的狀態。,溫度會影響物質的狀態。,scope-reviewed-required-unmapped,,,,,assessmentRole=direct-integrated-natural-choice;marker=none;appendix=NAER-CURRICULUM-NATURAL-APPENDIX-BLOCK-05749;limits=none
AUTH-NATURAL-LC-AB-4-3,NAER-CURRICULUM-NATURAL,integrated_natural|physics_chemistry,Ab-Ⅳ-3,物質的物理性質與化學性質。,物質的物理性質與化學性質。,scope-reviewed-required-unmapped,,,,,assessmentRole=direct-integrated-natural-choice;marker=none;appendix=NAER-CURRICULUM-NATURAL-APPENDIX-BLOCK-05749;limits=none
AUTH-NATURAL-LC-AB-4-4,NAER-CURRICULUM-NATURAL,integrated_natural|physics_chemistry,Ab-Ⅳ-4,物質依是否可用物理方法分離，可分為純物質和混合物。,物質依是否可用物理方法分離，可分為純物質和混合物。,scope-reviewed-required-unmapped,,,,,assessmentRole=direct-integrated-natural-choice;marker=none;appendix=NAER-CURRICULUM-NATURAL-APPENDIX-BLOCK-05749;limits=none
AUTH-NATURAL-LC-BA-4-1,NAER-CURRICULUM-NATURAL,integrated_natural|physics_chemistry,Ba-Ⅳ-1,能量有不同形式，例如：動能、熱能、光能、電能、化學能等，而且彼此之間可以轉換。孤立系統的總能量會維持定值。,能量有不同形式，例如：動能、熱能、光能、電能、化學能等，而且彼此之間可以轉換。孤立系統的總能量會維持定值。,scope-reviewed-required-unmapped,,,,,assessmentRole=direct-integrated-natural-choice;marker=none;appendix=NAER-CURRICULUM-NATURAL-APPENDIX-BLOCK-05423;limits=none
AUTH-NATURAL-LC-BA-4-2,NAER-CURRICULUM-NATURAL,integrated_natural|physics_chemistry,Ba-Ⅳ-2,光合作用是將光能轉換成化學能；呼吸作用是將化學能轉換成熱能。,光合作用是將光能轉換成化學能；呼吸作用是將化學能轉換成熱能。,scope-reviewed-required-unmapped,,,,,assessmentRole=direct-integrated-natural-choice;marker=none;appendix=NAER-CURRICULUM-NATURAL-APPENDIX-BLOCK-05423;limits=none
AUTH-NATURAL-LC-BA-4-3,NAER-CURRICULUM-NATURAL,integrated_natural|physics_chemistry,Ba-Ⅳ-3,化學反應中的能量改變，常以吸熱或放熱的形式發生。,化學反應中的能量改變，常以吸熱或放熱的形式發生。,scope-reviewed-required-unmapped,,,,,assessmentRole=direct-integrated-natural-choice;marker=none;appendix=NAER-CURRICULUM-NATURAL-APPENDIX-BLOCK-05423;limits=none
AUTH-NATURAL-LC-BA-4-4,NAER-CURRICULUM-NATURAL,integrated_natural|physics_chemistry,Ba-Ⅳ-4,電池是化學能轉變成電能的裝置。,電池是化學能轉變成電能的裝置。,scope-reviewed-required-unmapped,,,,,assessmentRole=direct-integrated-natural-choice;marker=none;appendix=NAER-CURRICULUM-NATURAL-APPENDIX-BLOCK-05423;limits=none
AUTH-NATURAL-LC-BA-4-5,NAER-CURRICULUM-NATURAL,integrated_natural|physics_chemistry,Ba-Ⅳ-5,力可以作功，作功可以改變物體的能量。,力可以作功，作功可以改變物體的能量。,scope-reviewed-required-unmapped,,,,,assessmentRole=direct-integrated-natural-choice;marker=none;appendix=NAER-CURRICULUM-NATURAL-APPENDIX-BLOCK-05423;limits=none
AUTH-NATURAL-LC-BA-4-6,NAER-CURRICULUM-NATURAL,integrated_natural|physics_chemistry,Ba-Ⅳ-6,每單位時間對物體所做的功稱為功率。,每單位時間對物體所做的功稱為功率。,scope-reviewed-required-unmapped,,,,,assessmentRole=direct-integrated-natural-choice;marker=none;appendix=NAER-CURRICULUM-NATURAL-APPENDIX-BLOCK-05423;limits=none
AUTH-NATURAL-LC-BA-4-7,NAER-CURRICULUM-NATURAL,integrated_natural|physics_chemistry,Ba-Ⅳ-7,物體的動能與位能之和稱為力學能，動能與位能可以互換。,物體的動能與位能之和稱為力學能，動能與位能可以互換。,scope-reviewed-required-unmapped,,,,,assessmentRole=direct-integrated-natural-choice;marker=none;appendix=NAER-CURRICULUM-NATURAL-APPENDIX-BLOCK-05423;limits=none
AUTH-NATURAL-LC-BB-4-1,NAER-CURRICULUM-NATURAL,integrated_natural|physics_chemistry,Bb-Ⅳ-1,熱具有從高溫處傳到低溫處的趨勢。,熱具有從高溫處傳到低溫處的趨勢。,scope-reviewed-required-unmapped,,,,,assessmentRole=direct-integrated-natural-choice;marker=none;appendix=NAER-CURRICULUM-NATURAL-APPENDIX-BLOCK-05466;limits=NAER-CURRICULUM-NATURAL:5490
AUTH-NATURAL-LC-BB-4-2,NAER-CURRICULUM-NATURAL,integrated_natural|physics_chemistry,Bb-Ⅳ-2,透過水升高溫度所吸收的熱能定義熱量單位。,透過水升高溫度所吸收的熱能定義熱量單位。,scope-reviewed-required-unmapped,,,,,assessmentRole=direct-integrated-natural-choice;marker=none;appendix=NAER-CURRICULUM-NATURAL-APPENDIX-BLOCK-05466;limits=NAER-CURRICULUM-NATURAL:5490
AUTH-NATURAL-LC-BB-4-3,NAER-CURRICULUM-NATURAL,integrated_natural|physics_chemistry,Bb-Ⅳ-3,不同物質受熱後，其溫度的變化可能不同，比熱就是此特性的定量化描述。,不同物質受熱後，其溫度的變化可能不同，比熱就是此特性的定量化描述。,scope-reviewed-required-unmapped,,,,,assessmentRole=direct-integrated-natural-choice;marker=none;appendix=NAER-CURRICULUM-NATURAL-APPENDIX-BLOCK-05466;limits=NAER-CURRICULUM-NATURAL:5490
AUTH-NATURAL-LC-BB-4-4,NAER-CURRICULUM-NATURAL,integrated_natural|physics_chemistry,Bb-Ⅳ-4,熱的傳播方式包含傳導、對流與輻射。,熱的傳播方式包含傳導、對流與輻射。,scope-reviewed-required-unmapped,,,,,assessmentRole=direct-integrated-natural-choice;marker=none;appendix=NAER-CURRICULUM-NATURAL-APPENDIX-BLOCK-05466;limits=NAER-CURRICULUM-NATURAL:5490
AUTH-NATURAL-LC-BB-4-5,NAER-CURRICULUM-NATURAL,integrated_natural|physics_chemistry,Bb-Ⅳ-5,熱會改變物質形態，例如：狀態產生變化、體積發生脹縮。,熱會改變物質形態，例如：狀態產生變化、體積發生脹縮。,scope-reviewed-required-unmapped,,,,,assessmentRole=direct-integrated-natural-choice;marker=none;appendix=NAER-CURRICULUM-NATURAL-APPENDIX-BLOCK-05466;limits=NAER-CURRICULUM-NATURAL:5490
AUTH-NATURAL-LC-BC-4-1,NAER-CURRICULUM-NATURAL,biology|integrated_natural,Bc-Ⅳ-1,生物經由酵素的催化進行新陳代謝，並以實驗活動探討影響酵素作用速率的因素。,生物經由酵素的催化進行新陳代謝，並以實驗活動探討影響酵素作用速率的因素。,scope-reviewed-required-unmapped,,,,,assessmentRole=direct-integrated-natural-choice;marker=none;appendix=NAER-CURRICULUM-NATURAL-APPENDIX-BLOCK-05080;limits=NAER-CURRICULUM-NATURAL:5096
AUTH-NATURAL-LC-BC-4-2,NAER-CURRICULUM-NATURAL,biology|integrated_natural,Bc-Ⅳ-2,細胞利用養分進行呼吸作用釋放能量，供生物生存所需。,細胞利用養分進行呼吸作用釋放能量，供生物生存所需。,scope-reviewed-required-unmapped,,,,,assessmentRole=direct-integrated-natural-choice;marker=none;appendix=NAER-CURRICULUM-NATURAL-APPENDIX-BLOCK-05080;limits=NAER-CURRICULUM-NATURAL:5096
AUTH-NATURAL-LC-BC-4-3,NAER-CURRICULUM-NATURAL,biology|integrated_natural,Bc-Ⅳ-3,植物利用葉綠體進行光合作用，將二氧化碳和水轉變成醣類養分，並釋出氧氣；養分可供植物本身及動物生長所需。,植物利用葉綠體進行光合作用，將二氧化碳和水轉變成醣類養分，並釋出氧氣；養分可供植物本身及動物生長所需。,scope-reviewed-required-unmapped,,,,,assessmentRole=direct-integrated-natural-choice;marker=none;appendix=NAER-CURRICULUM-NATURAL-APPENDIX-BLOCK-05080;limits=NAER-CURRICULUM-NATURAL:5096
AUTH-NATURAL-LC-BC-4-4,NAER-CURRICULUM-NATURAL,biology|integrated_natural,Bc-Ⅳ-4,日光、二氧化碳和水分等因素會影響光合作用的進行，這些因素的影響可經由探究實驗來證實。,日光、二氧化碳和水分等因素會影響光合作用的進行，這些因素的影響可經由探究實驗來證實。,scope-reviewed-required-unmapped,,,,,assessmentRole=direct-integrated-natural-choice;marker=none;appendix=NAER-CURRICULUM-NATURAL-APPENDIX-BLOCK-05080;limits=NAER-CURRICULUM-NATURAL:5096
AUTH-NATURAL-LC-BD-4-1,NAER-CURRICULUM-NATURAL,biology|integrated_natural,Bd-Ⅳ-1,生態系中的能量來源是太陽，能量會經由食物鏈在不同生物間流轉。,生態系中的能量來源是太陽，能量會經由食物鏈在不同生物間流轉。,scope-reviewed-required-unmapped,,,,,assessmentRole=direct-integrated-natural-choice;marker=none;appendix=NAER-CURRICULUM-NATURAL-APPENDIX-BLOCK-05099;limits=NAER-CURRICULUM-NATURAL:5112
AUTH-NATURAL-LC-BD-4-2,NAER-CURRICULUM-NATURAL,biology|integrated_natural,Bd-Ⅳ-2,在生態系中，碳元素會出現在不同的物質中（例如：二氧化碳、葡萄糖），在生物與無生物間循環使用。,在生態系中，碳元素會出現在不同的物質中（例如：二氧化碳、葡萄糖），在生物與無生物間循環使用。,scope-reviewed-required-unmapped,,,,,assessmentRole=direct-integrated-natural-choice;marker=none;appendix=NAER-CURRICULUM-NATURAL-APPENDIX-BLOCK-05099;limits=NAER-CURRICULUM-NATURAL:5112
AUTH-NATURAL-LC-BD-4-3,NAER-CURRICULUM-NATURAL,biology|integrated_natural,Bd-Ⅳ-3,生態系中，生產者、消費者和分解者共同促成能量的流轉和物質的循環。,生態系中，生產者、消費者和分解者共同促成能量的流轉和物質的循環。,scope-reviewed-required-unmapped,,,,,assessmentRole=direct-integrated-natural-choice;marker=none;appendix=NAER-CURRICULUM-NATURAL-APPENDIX-BLOCK-05099;limits=NAER-CURRICULUM-NATURAL:5112
AUTH-NATURAL-LC-CA-4-1,NAER-CURRICULUM-NATURAL,integrated_natural|physics_chemistry,Ca-Ⅳ-1,實驗分離混合物，例如：結晶法、過濾法及簡易濾紙色層分析法。,實驗分離混合物，例如：結晶法、過濾法及簡易濾紙色層分析法。,scope-reviewed-required-unmapped,,,,,assessmentRole=direct-integrated-natural-choice;marker=none;appendix=NAER-CURRICULUM-NATURAL-APPENDIX-BLOCK-05768;limits=NAER-CURRICULUM-NATURAL:5776
AUTH-NATURAL-LC-CA-4-2,NAER-CURRICULUM-NATURAL,integrated_natural|physics_chemistry,Ca-Ⅳ-2,化合物可利用化學性質來鑑定。,化合物可利用化學性質來鑑定。,scope-reviewed-required-unmapped,,,,,assessmentRole=direct-integrated-natural-choice;marker=none;appendix=NAER-CURRICULUM-NATURAL-APPENDIX-BLOCK-05768;limits=NAER-CURRICULUM-NATURAL:5776
AUTH-NATURAL-LC-CB-4-1,NAER-CURRICULUM-NATURAL,integrated_natural|physics_chemistry,Cb-Ⅳ-1,分子與原子。,分子與原子。,scope-reviewed-required-unmapped,,,,,assessmentRole=direct-integrated-natural-choice;marker=none;appendix=NAER-CURRICULUM-NATURAL-APPENDIX-BLOCK-05779;limits=NAER-CURRICULUM-NATURAL:5790|NAER-CURRICULUM-NATURAL:5791
AUTH-NATURAL-LC-CB-4-2,NAER-CURRICULUM-NATURAL,integrated_natural|physics_chemistry,Cb-Ⅳ-2,元素會因原子排列方式不同而有不同的特性。,元素會因原子排列方式不同而有不同的特性。,scope-reviewed-required-unmapped,,,,,assessmentRole=direct-integrated-natural-choice;marker=none;appendix=NAER-CURRICULUM-NATURAL-APPENDIX-BLOCK-05779;limits=NAER-CURRICULUM-NATURAL:5790|NAER-CURRICULUM-NATURAL:5791
AUTH-NATURAL-LC-CB-4-3,NAER-CURRICULUM-NATURAL,integrated_natural|physics_chemistry,Cb-Ⅳ-3,分子式相同會因原子排列方式不同而形成不同的物質。,分子式相同會因原子排列方式不同而形成不同的物質。,scope-reviewed-required-unmapped,,,,,assessmentRole=direct-integrated-natural-choice;marker=none;appendix=NAER-CURRICULUM-NATURAL-APPENDIX-BLOCK-05779;limits=NAER-CURRICULUM-NATURAL:5790|NAER-CURRICULUM-NATURAL:5791
AUTH-NATURAL-LC-DA-4-1,NAER-CURRICULUM-NATURAL,biology|integrated_natural,Da-Ⅳ-1,使用適當的儀器可觀察到細胞的形態及細胞膜、細胞質、細胞核、細胞壁等基本構造。,使用適當的儀器可觀察到細胞的形態及細胞膜、細胞質、細胞核、細胞壁等基本構造。,scope-reviewed-required-unmapped,,,,,assessmentRole=direct-integrated-natural-choice;marker=none;appendix=NAER-CURRICULUM-NATURAL-APPENDIX-BLOCK-05119;limits=NAER-CURRICULUM-NATURAL:5136
AUTH-NATURAL-LC-DA-4-2,NAER-CURRICULUM-NATURAL,biology|integrated_natural,Da-Ⅳ-2,細胞是組成生物體的基本單位。,細胞是組成生物體的基本單位。,scope-reviewed-required-unmapped,,,,,assessmentRole=direct-integrated-natural-choice;marker=none;appendix=NAER-CURRICULUM-NATURAL-APPENDIX-BLOCK-05119;limits=NAER-CURRICULUM-NATURAL:5136
AUTH-NATURAL-LC-DA-4-3,NAER-CURRICULUM-NATURAL,biology|integrated_natural,Da-Ⅳ-3,多細胞個體具有細胞、組織、器官、器官系統等組成層次。,多細胞個體具有細胞、組織、器官、器官系統等組成層次。,scope-reviewed-required-unmapped,,,,,assessmentRole=direct-integrated-natural-choice;marker=none;appendix=NAER-CURRICULUM-NATURAL-APPENDIX-BLOCK-05119;limits=NAER-CURRICULUM-NATURAL:5136
AUTH-NATURAL-LC-DA-4-4,NAER-CURRICULUM-NATURAL,biology|integrated_natural,Da-Ⅳ-4,細胞會進行細胞分裂，染色體在分裂過程中會發生變化。,細胞會進行細胞分裂，染色體在分裂過程中會發生變化。,scope-reviewed-required-unmapped,,,,,assessmentRole=direct-integrated-natural-choice;marker=none;appendix=NAER-CURRICULUM-NATURAL-APPENDIX-BLOCK-05119;limits=NAER-CURRICULUM-NATURAL:5136
AUTH-NATURAL-LC-DB-4-1,NAER-CURRICULUM-NATURAL,biology|integrated_natural,Db-Ⅳ-1,動物體（以人體為例）經由攝食、消化、吸收獲得所需的養分。,動物體（以人體為例）經由攝食、消化、吸收獲得所需的養分。,scope-reviewed-required-unmapped,,,,,assessmentRole=direct-integrated-natural-choice;marker=none;appendix=NAER-CURRICULUM-NATURAL-APPENDIX-BLOCK-05138;limits=NAER-CURRICULUM-NATURAL:5178|NAER-CURRICULUM-NATURAL:5180|NAER-CURRICULUM-NATURAL:5183
AUTH-NATURAL-LC-DB-4-2,NAER-CURRICULUM-NATURAL,biology|integrated_natural,Db-Ⅳ-2,動物體（以人體為例）的循環系統能將體內的物質運輸至各細胞處，並進行物質交換。並經由心跳、心音及脈搏的探測，以了解循環系統的運作情形。,動物體（以人體為例）的循環系統能將體內的物質運輸至各細胞處，並進行物質交換。並經由心跳、心音及脈搏的探測，以了解循環系統的運作情形。,scope-reviewed-required-unmapped,,,,,assessmentRole=direct-integrated-natural-choice;marker=none;appendix=NAER-CURRICULUM-NATURAL-APPENDIX-BLOCK-05138;limits=NAER-CURRICULUM-NATURAL:5178|NAER-CURRICULUM-NATURAL:5180|NAER-CURRICULUM-NATURAL:5183
AUTH-NATURAL-LC-DB-4-3,NAER-CURRICULUM-NATURAL,biology|integrated_natural,Db-Ⅳ-3,動物體（以人體為例）藉由呼吸系統與外界交換氣體。,動物體（以人體為例）藉由呼吸系統與外界交換氣體。,scope-reviewed-required-unmapped,,,,,assessmentRole=direct-integrated-natural-choice;marker=none;appendix=NAER-CURRICULUM-NATURAL-APPENDIX-BLOCK-05138;limits=NAER-CURRICULUM-NATURAL:5178|NAER-CURRICULUM-NATURAL:5180|NAER-CURRICULUM-NATURAL:5183
AUTH-NATURAL-LC-DB-4-4,NAER-CURRICULUM-NATURAL,biology|integrated_natural,Db-Ⅳ-4,生殖系統（以人體為例）能產生配子進行有性生殖，並且有分泌激素的功能。,生殖系統（以人體為例）能產生配子進行有性生殖，並且有分泌激素的功能。,scope-reviewed-required-unmapped,,,,,assessmentRole=direct-integrated-natural-choice;marker=none;appendix=NAER-CURRICULUM-NATURAL-APPENDIX-BLOCK-05138;limits=NAER-CURRICULUM-NATURAL:5178|NAER-CURRICULUM-NATURAL:5180|NAER-CURRICULUM-NATURAL:5183
AUTH-NATURAL-LC-DB-4-5,NAER-CURRICULUM-NATURAL,biology|integrated_natural,Db-Ⅳ-5,動植物體適應環境的構造常成為人類發展各種精密儀器的參考。,動植物體適應環境的構造常成為人類發展各種精密儀器的參考。,scope-reviewed-required-unmapped,,,,,assessmentRole=direct-integrated-natural-choice;marker=none;appendix=NAER-CURRICULUM-NATURAL-APPENDIX-BLOCK-05138;limits=NAER-CURRICULUM-NATURAL:5178|NAER-CURRICULUM-NATURAL:5180|NAER-CURRICULUM-NATURAL:5183
AUTH-NATURAL-LC-DB-4-6,NAER-CURRICULUM-NATURAL,biology|integrated_natural,Db-Ⅳ-6,植物體根、莖、葉、花、果實內的維管束具有運輸功能。,植物體根、莖、葉、花、果實內的維管束具有運輸功能。,scope-reviewed-required-unmapped,,,,,assessmentRole=direct-integrated-natural-choice;marker=none;appendix=NAER-CURRICULUM-NATURAL-APPENDIX-BLOCK-05138;limits=NAER-CURRICULUM-NATURAL:5178|NAER-CURRICULUM-NATURAL:5180|NAER-CURRICULUM-NATURAL:5183
AUTH-NATURAL-LC-DB-4-7,NAER-CURRICULUM-NATURAL,biology|integrated_natural,Db-Ⅳ-7,花的構造中，雄蕊的花藥可產生花粉粒，花粉粒內有精細胞；雌蕊的子房內有胚珠，胚珠內有卵細胞。,花的構造中，雄蕊的花藥可產生花粉粒，花粉粒內有精細胞；雌蕊的子房內有胚珠，胚珠內有卵細胞。,scope-reviewed-required-unmapped,,,,,assessmentRole=direct-integrated-natural-choice;marker=none;appendix=NAER-CURRICULUM-NATURAL-APPENDIX-BLOCK-05138;limits=NAER-CURRICULUM-NATURAL:5178|NAER-CURRICULUM-NATURAL:5180|NAER-CURRICULUM-NATURAL:5183
AUTH-NATURAL-LC-DB-4-8,NAER-CURRICULUM-NATURAL,biology|integrated_natural,Db-Ⅳ-8,植物體的分布會影響水在地表的流動，也會影響氣溫和空氣品質。,植物體的分布會影響水在地表的流動，也會影響氣溫和空氣品質。,scope-reviewed-required-unmapped,,,,,assessmentRole=direct-integrated-natural-choice;marker=none;appendix=NAER-CURRICULUM-NATURAL-APPENDIX-BLOCK-05138;limits=NAER-CURRICULUM-NATURAL:5178|NAER-CURRICULUM-NATURAL:5180|NAER-CURRICULUM-NATURAL:5183
AUTH-NATURAL-LC-DC-4-1,NAER-CURRICULUM-NATURAL,biology|integrated_natural,Dc-Ⅳ-1,人體的神經系統能察覺環境的變動並產生反應。,人體的神經系統能察覺環境的變動並產生反應。,scope-reviewed-required-unmapped,,,,,assessmentRole=direct-integrated-natural-choice;marker=none;appendix=NAER-CURRICULUM-NATURAL-APPENDIX-BLOCK-05193;limits=NAER-CURRICULUM-NATURAL:5219|NAER-CURRICULUM-NATURAL:5221|NAER-CURRICULUM-NATURAL:5223|NAER-CURRICULUM-NATURAL:5224|NAER-CURRICULUM-NATURAL:5225
AUTH-NATURAL-LC-DC-4-2,NAER-CURRICULUM-NATURAL,biology|integrated_natural,Dc-Ⅳ-2,人體的內分泌系統能調節代謝作用，維持體內物質的恆定。,人體的內分泌系統能調節代謝作用，維持體內物質的恆定。,scope-reviewed-required-unmapped,,,,,assessmentRole=direct-integrated-natural-choice;marker=none;appendix=NAER-CURRICULUM-NATURAL-APPENDIX-BLOCK-05193;limits=NAER-CURRICULUM-NATURAL:5219|NAER-CURRICULUM-NATURAL:5221|NAER-CURRICULUM-NATURAL:5223|NAER-CURRICULUM-NATURAL:5224|NAER-CURRICULUM-NATURAL:5225
AUTH-NATURAL-LC-DC-4-3,NAER-CURRICULUM-NATURAL,biology|integrated_natural,Dc-Ⅳ-3,皮膚是人體的第一道防禦系統，能阻止外來物，例如：細菌的侵入；而淋巴系統則可進一步產生免疫作用。,皮膚是人體的第一道防禦系統，能阻止外來物，例如：細菌的侵入；而淋巴系統則可進一步產生免疫作用。,scope-reviewed-required-unmapped,,,,,assessmentRole=direct-integrated-natural-choice;marker=none;appendix=NAER-CURRICULUM-NATURAL-APPENDIX-BLOCK-05193;limits=NAER-CURRICULUM-NATURAL:5219|NAER-CURRICULUM-NATURAL:5221|NAER-CURRICULUM-NATURAL:5223|NAER-CURRICULUM-NATURAL:5224|NAER-CURRICULUM-NATURAL:5225
AUTH-NATURAL-LC-DC-4-4,NAER-CURRICULUM-NATURAL,biology|integrated_natural,Dc-Ⅳ-4,人體會藉由各系統的協調，使體內所含的物質以及各種狀態能維持在一定範圍內。,人體會藉由各系統的協調，使體內所含的物質以及各種狀態能維持在一定範圍內。,scope-reviewed-required-unmapped,,,,,assessmentRole=direct-integrated-natural-choice;marker=none;appendix=NAER-CURRICULUM-NATURAL-APPENDIX-BLOCK-05193;limits=NAER-CURRICULUM-NATURAL:5219|NAER-CURRICULUM-NATURAL:5221|NAER-CURRICULUM-NATURAL:5223|NAER-CURRICULUM-NATURAL:5224|NAER-CURRICULUM-NATURAL:5225
AUTH-NATURAL-LC-DC-4-5,NAER-CURRICULUM-NATURAL,biology|integrated_natural,Dc-Ⅳ-5,生物體能覺察外界環境變化、採取適當的反應以使體內環境維持恆定，這些現象能以觀察或改變自變項的方式來探討。,生物體能覺察外界環境變化、採取適當的反應以使體內環境維持恆定，這些現象能以觀察或改變自變項的方式來探討。,scope-reviewed-required-unmapped,,,,,assessmentRole=direct-integrated-natural-choice;marker=none;appendix=NAER-CURRICULUM-NATURAL-APPENDIX-BLOCK-05193;limits=NAER-CURRICULUM-NATURAL:5219|NAER-CURRICULUM-NATURAL:5221|NAER-CURRICULUM-NATURAL:5223|NAER-CURRICULUM-NATURAL:5224|NAER-CURRICULUM-NATURAL:5225
AUTH-NATURAL-LC-EA-4-1,NAER-CURRICULUM-NATURAL,integrated_natural|physics_chemistry,Ea-Ⅳ-1,時間、長度、質量等為基本物理量，經由計算可得到密度、體積等衍伸物理量。,時間、長度、質量等為基本物理量，經由計算可得到密度、體積等衍伸物理量。,scope-reviewed-required-unmapped,,,,,assessmentRole=direct-integrated-natural-choice;marker=none;appendix=NAER-CURRICULUM-NATURAL-APPENDIX-BLOCK-05499;limits=none
AUTH-NATURAL-LC-EA-4-2,NAER-CURRICULUM-NATURAL,integrated_natural|physics_chemistry,Ea-Ⅳ-2,以適當的尺度量測或推估物理量，例如：奈米到光年、毫克到公噸、毫升到立方公尺等。,以適當的尺度量測或推估物理量，例如：奈米到光年、毫克到公噸、毫升到立方公尺等。,scope-reviewed-required-unmapped,,,,,assessmentRole=direct-integrated-natural-choice;marker=none;appendix=NAER-CURRICULUM-NATURAL-APPENDIX-BLOCK-05499;limits=none
AUTH-NATURAL-LC-EA-4-3,NAER-CURRICULUM-NATURAL,integrated_natural|physics_chemistry,Ea-Ⅳ-3,測量時可依工具的最小刻度進行估計。,測量時可依工具的最小刻度進行估計。,scope-reviewed-required-unmapped,,,,,assessmentRole=direct-integrated-natural-choice;marker=none;appendix=NAER-CURRICULUM-NATURAL-APPENDIX-BLOCK-05499;limits=none
AUTH-NATURAL-LC-EB-4-1,NAER-CURRICULUM-NATURAL,integrated_natural|physics_chemistry,Eb-Ⅳ-1,力能引發物體的移動或轉動。,力能引發物體的移動或轉動。,scope-reviewed-required-unmapped,,,,,assessmentRole=direct-integrated-natural-choice;marker=none;appendix=NAER-CURRICULUM-NATURAL-APPENDIX-BLOCK-05512;limits=NAER-CURRICULUM-NATURAL:5562|NAER-CURRICULUM-NATURAL:5565
AUTH-NATURAL-LC-EB-4-10,NAER-CURRICULUM-NATURAL,integrated_natural|physics_chemistry,Eb-Ⅳ-10,物體不受力時，會保持原有的運動狀態。,物體不受力時，會保持原有的運動狀態。,scope-reviewed-required-unmapped,,,,,assessmentRole=direct-integrated-natural-choice;marker=none;appendix=NAER-CURRICULUM-NATURAL-APPENDIX-BLOCK-05512;limits=NAER-CURRICULUM-NATURAL:5562|NAER-CURRICULUM-NATURAL:5565
AUTH-NATURAL-LC-EB-4-11,NAER-CURRICULUM-NATURAL,integrated_natural|physics_chemistry,Eb-Ⅳ-11,物體做加速度運動時，必受力。以相同的力量作用相同的時間，則質量愈小的物體其受力後造成的速度改變愈大。,物體做加速度運動時，必受力。以相同的力量作用相同的時間，則質量愈小的物體其受力後造成的速度改變愈大。,scope-reviewed-required-unmapped,,,,,assessmentRole=direct-integrated-natural-choice;marker=none;appendix=NAER-CURRICULUM-NATURAL-APPENDIX-BLOCK-05512;limits=NAER-CURRICULUM-NATURAL:5562|NAER-CURRICULUM-NATURAL:5565
AUTH-NATURAL-LC-EB-4-12,NAER-CURRICULUM-NATURAL,integrated_natural|physics_chemistry,Eb-Ⅳ-12,物體的質量決定其慣性大小。,物體的質量決定其慣性大小。,scope-reviewed-required-unmapped,,,,,assessmentRole=direct-integrated-natural-choice;marker=none;appendix=NAER-CURRICULUM-NATURAL-APPENDIX-BLOCK-05512;limits=NAER-CURRICULUM-NATURAL:5562|NAER-CURRICULUM-NATURAL:5565
AUTH-NATURAL-LC-EB-4-13,NAER-CURRICULUM-NATURAL,integrated_natural|physics_chemistry,Eb-Ⅳ-13,對於每一作用力都有一個大小相等、方向相反的反作用力。,對於每一作用力都有一個大小相等、方向相反的反作用力。,scope-reviewed-required-unmapped,,,,,assessmentRole=direct-integrated-natural-choice;marker=none;appendix=NAER-CURRICULUM-NATURAL-APPENDIX-BLOCK-05512;limits=NAER-CURRICULUM-NATURAL:5562|NAER-CURRICULUM-NATURAL:5565
AUTH-NATURAL-LC-EB-4-2,NAER-CURRICULUM-NATURAL,integrated_natural|physics_chemistry,Eb-Ⅳ-2,力矩會改變物體的轉動，槓桿是力矩的作用。,力矩會改變物體的轉動，槓桿是力矩的作用。,scope-reviewed-required-unmapped,,,,,assessmentRole=direct-integrated-natural-choice;marker=none;appendix=NAER-CURRICULUM-NATURAL-APPENDIX-BLOCK-05512;limits=NAER-CURRICULUM-NATURAL:5562|NAER-CURRICULUM-NATURAL:5565
AUTH-NATURAL-LC-EB-4-3,NAER-CURRICULUM-NATURAL,integrated_natural|physics_chemistry,Eb-Ⅳ-3,平衡的物體所受合力為零且合力矩為零。,平衡的物體所受合力為零且合力矩為零。,scope-reviewed-required-unmapped,,,,,assessmentRole=direct-integrated-natural-choice;marker=none;appendix=NAER-CURRICULUM-NATURAL-APPENDIX-BLOCK-05512;limits=NAER-CURRICULUM-NATURAL:5562|NAER-CURRICULUM-NATURAL:5565
AUTH-NATURAL-LC-EB-4-4,NAER-CURRICULUM-NATURAL,integrated_natural|physics_chemistry,Eb-Ⅳ-4,摩擦力可分靜摩擦力與動摩擦力。,摩擦力可分靜摩擦力與動摩擦力。,scope-reviewed-required-unmapped,,,,,assessmentRole=direct-integrated-natural-choice;marker=none;appendix=NAER-CURRICULUM-NATURAL-APPENDIX-BLOCK-05512;limits=NAER-CURRICULUM-NATURAL:5562|NAER-CURRICULUM-NATURAL:5565
AUTH-NATURAL-LC-EB-4-5,NAER-CURRICULUM-NATURAL,integrated_natural|physics_chemistry,Eb-Ⅳ-5,壓力的定義與帕斯卡原理。,壓力的定義與帕斯卡原理。,scope-reviewed-required-unmapped,,,,,assessmentRole=direct-integrated-natural-choice;marker=none;appendix=NAER-CURRICULUM-NATURAL-APPENDIX-BLOCK-05512;limits=NAER-CURRICULUM-NATURAL:5562|NAER-CURRICULUM-NATURAL:5565
AUTH-NATURAL-LC-EB-4-6,NAER-CURRICULUM-NATURAL,integrated_natural|physics_chemistry,Eb-Ⅳ-6,物體在靜止液體中所受浮力，等於排開液體的重量。,物體在靜止液體中所受浮力，等於排開液體的重量。,scope-reviewed-required-unmapped,,,,,assessmentRole=direct-integrated-natural-choice;marker=none;appendix=NAER-CURRICULUM-NATURAL-APPENDIX-BLOCK-05512;limits=NAER-CURRICULUM-NATURAL:5562|NAER-CURRICULUM-NATURAL:5565
AUTH-NATURAL-LC-EB-4-7,NAER-CURRICULUM-NATURAL,integrated_natural|physics_chemistry,Eb-Ⅳ-7,簡單機械，例如：槓桿、滑輪、輪軸、齒輪、斜面，通常具有省時、省力，或者是改變作用力方向等功能。,簡單機械，例如：槓桿、滑輪、輪軸、齒輪、斜面，通常具有省時、省力，或者是改變作用力方向等功能。,scope-reviewed-required-unmapped,,,,,assessmentRole=direct-integrated-natural-choice;marker=none;appendix=NAER-CURRICULUM-NATURAL-APPENDIX-BLOCK-05512;limits=NAER-CURRICULUM-NATURAL:5562|NAER-CURRICULUM-NATURAL:5565
AUTH-NATURAL-LC-EB-4-8,NAER-CURRICULUM-NATURAL,integrated_natural|physics_chemistry,Eb-Ⅳ-8,距離、時間及方向等概念可用來描述物體的運動。,距離、時間及方向等概念可用來描述物體的運動。,scope-reviewed-required-unmapped,,,,,assessmentRole=direct-integrated-natural-choice;marker=none;appendix=NAER-CURRICULUM-NATURAL-APPENDIX-BLOCK-05512;limits=NAER-CURRICULUM-NATURAL:5562|NAER-CURRICULUM-NATURAL:5565
AUTH-NATURAL-LC-EB-4-9,NAER-CURRICULUM-NATURAL,integrated_natural|physics_chemistry,Eb-Ⅳ-9,圓周運動是一種加速度運動。,圓周運動是一種加速度運動。,scope-reviewed-required-unmapped,,,,,assessmentRole=direct-integrated-natural-choice;marker=none;appendix=NAER-CURRICULUM-NATURAL-APPENDIX-BLOCK-05512;limits=NAER-CURRICULUM-NATURAL:5562|NAER-CURRICULUM-NATURAL:5565
AUTH-NATURAL-LC-EC-4-1,NAER-CURRICULUM-NATURAL,integrated_natural|physics_chemistry,Ec-Ⅳ-1,大氣壓力是因為大氣層中空氣的重量所造成。,大氣壓力是因為大氣層中空氣的重量所造成。,scope-reviewed-required-unmapped,,,,,assessmentRole=direct-integrated-natural-choice;marker=none;appendix=NAER-CURRICULUM-NATURAL-APPENDIX-BLOCK-05794;limits=NAER-CURRICULUM-NATURAL:5803
AUTH-NATURAL-LC-EC-4-2,NAER-CURRICULUM-NATURAL,integrated_natural|physics_chemistry,Ec-Ⅳ-2,定溫下，定量氣體在密閉容器內，其壓力與體積的定性關係。,定溫下，定量氣體在密閉容器內，其壓力與體積的定性關係。,scope-reviewed-required-unmapped,,,,,assessmentRole=direct-integrated-natural-choice;marker=none;appendix=NAER-CURRICULUM-NATURAL-APPENDIX-BLOCK-05794;limits=NAER-CURRICULUM-NATURAL:5803
AUTH-NATURAL-LC-ED-4-1,NAER-CURRICULUM-NATURAL,earth_science|integrated_natural,Ed-Ⅳ-1,星系是組成宇宙的基本單位。,星系是組成宇宙的基本單位。,scope-reviewed-required-unmapped,,,,,assessmentRole=direct-integrated-natural-choice;marker=none;appendix=NAER-CURRICULUM-NATURAL-APPENDIX-BLOCK-06025;limits=none
AUTH-NATURAL-LC-ED-4-2,NAER-CURRICULUM-NATURAL,earth_science|integrated_natural,Ed-Ⅳ-2,我們所在的星系，稱為銀河系，主要是由恆星所組成；太陽是銀河系的成員之一。,我們所在的星系，稱為銀河系，主要是由恆星所組成；太陽是銀河系的成員之一。,scope-reviewed-required-unmapped,,,,,assessmentRole=direct-integrated-natural-choice;marker=none;appendix=NAER-CURRICULUM-NATURAL-APPENDIX-BLOCK-06025;limits=none
AUTH-NATURAL-LC-FA-4-1,NAER-CURRICULUM-NATURAL,earth_science|integrated_natural,Fa-Ⅳ-1,地球具有大氣圈、水圈和岩石圈。,地球具有大氣圈、水圈和岩石圈。,scope-reviewed-required-unmapped,,,,,assessmentRole=direct-integrated-natural-choice;marker=none;appendix=NAER-CURRICULUM-NATURAL-APPENDIX-BLOCK-06039;limits=none
AUTH-NATURAL-LC-FA-4-2,NAER-CURRICULUM-NATURAL,earth_science|integrated_natural,Fa-Ⅳ-2,三大類岩石有不同的特徵和成因。,三大類岩石有不同的特徵和成因。,scope-reviewed-required-unmapped,,,,,assessmentRole=direct-integrated-natural-choice;marker=none;appendix=NAER-CURRICULUM-NATURAL-APPENDIX-BLOCK-06039;limits=none
AUTH-NATURAL-LC-FA-4-3,NAER-CURRICULUM-NATURAL,earth_science|integrated_natural,Fa-Ⅳ-3,大氣的主要成分為氮氣和氧氣，並含有水氣、二氧化碳等變動氣體。,大氣的主要成分為氮氣和氧氣，並含有水氣、二氧化碳等變動氣體。,scope-reviewed-required-unmapped,,,,,assessmentRole=direct-integrated-natural-choice;marker=none;appendix=NAER-CURRICULUM-NATURAL-APPENDIX-BLOCK-06039;limits=none
AUTH-NATURAL-LC-FA-4-4,NAER-CURRICULUM-NATURAL,earth_science|integrated_natural,Fa-Ⅳ-4,大氣可由溫度變化分層。,大氣可由溫度變化分層。,scope-reviewed-required-unmapped,,,,,assessmentRole=direct-integrated-natural-choice;marker=none;appendix=NAER-CURRICULUM-NATURAL-APPENDIX-BLOCK-06039;limits=none
AUTH-NATURAL-LC-FA-4-5,NAER-CURRICULUM-NATURAL,earth_science|integrated_natural,Fa-Ⅳ-5,海水具有不同的成分及特性。,海水具有不同的成分及特性。,scope-reviewed-required-unmapped,,,,,assessmentRole=direct-integrated-natural-choice;marker=none;appendix=NAER-CURRICULUM-NATURAL-APPENDIX-BLOCK-06039;limits=none
AUTH-NATURAL-LC-FB-4-1,NAER-CURRICULUM-NATURAL,earth_science|integrated_natural,Fb-Ⅳ-1,太陽系由太陽和行星組成，行星均繞太陽公轉。,太陽系由太陽和行星組成，行星均繞太陽公轉。,scope-reviewed-required-unmapped,,,,,assessmentRole=direct-integrated-natural-choice;marker=none;appendix=NAER-CURRICULUM-NATURAL-APPENDIX-BLOCK-06068;limits=NAER-CURRICULUM-NATURAL:6093
AUTH-NATURAL-LC-FB-4-2,NAER-CURRICULUM-NATURAL,earth_science|integrated_natural,Fb-Ⅳ-2,類地行星的環境差異極大。,類地行星的環境差異極大。,scope-reviewed-required-unmapped,,,,,assessmentRole=direct-integrated-natural-choice;marker=none;appendix=NAER-CURRICULUM-NATURAL-APPENDIX-BLOCK-06068;limits=NAER-CURRICULUM-NATURAL:6093
AUTH-NATURAL-LC-FB-4-3,NAER-CURRICULUM-NATURAL,earth_science|integrated_natural,Fb-Ⅳ-3,月球繞地球公轉；日、月、地在同一直線上會發生日月食。,月球繞地球公轉；日、月、地在同一直線上會發生日月食。,scope-reviewed-required-unmapped,,,,,assessmentRole=direct-integrated-natural-choice;marker=none;appendix=NAER-CURRICULUM-NATURAL-APPENDIX-BLOCK-06068;limits=NAER-CURRICULUM-NATURAL:6093
AUTH-NATURAL-LC-FB-4-4,NAER-CURRICULUM-NATURAL,earth_science|integrated_natural,Fb-Ⅳ-4,月相變化具有規律性。,月相變化具有規律性。,scope-reviewed-required-unmapped,,,,,assessmentRole=direct-integrated-natural-choice;marker=none;appendix=NAER-CURRICULUM-NATURAL-APPENDIX-BLOCK-06068;limits=NAER-CURRICULUM-NATURAL:6093
AUTH-NATURAL-LC-FC-4-1,NAER-CURRICULUM-NATURAL,biology|integrated_natural,Fc-Ⅳ-1,生物圈內含有不同的生態系。生態系的生物因子，其組成層次由低到高為個體、族群、群集。,生物圈內含有不同的生態系。生態系的生物因子，其組成層次由低到高為個體、族群、群集。,scope-reviewed-required-unmapped,,,,,assessmentRole=direct-integrated-natural-choice;marker=none;appendix=NAER-CURRICULUM-NATURAL-APPENDIX-BLOCK-05230;limits=NAER-CURRICULUM-NATURAL:5242|NAER-CURRICULUM-NATURAL:5243
AUTH-NATURAL-LC-FC-4-2,NAER-CURRICULUM-NATURAL,biology|integrated_natural,Fc-Ⅳ-2,組成生物體的基本層次是細胞，而細胞則由醣類、蛋白質及脂質等分子所組成，這些分子則由更小的粒子所組成。,組成生物體的基本層次是細胞，而細胞則由醣類、蛋白質及脂質等分子所組成，這些分子則由更小的粒子所組成。,scope-reviewed-required-unmapped,,,,,assessmentRole=direct-integrated-natural-choice;marker=none;appendix=NAER-CURRICULUM-NATURAL-APPENDIX-BLOCK-05230;limits=NAER-CURRICULUM-NATURAL:5242|NAER-CURRICULUM-NATURAL:5243
AUTH-NATURAL-LC-GA-4-1,NAER-CURRICULUM-NATURAL,biology|integrated_natural,Ga-Ⅳ-1,生物的生殖可分為有性生殖與無性生殖，有性生殖產生的子代其性狀和親代差異較大。,生物的生殖可分為有性生殖與無性生殖，有性生殖產生的子代其性狀和親代差異較大。,scope-reviewed-required-unmapped,,,,,assessmentRole=direct-integrated-natural-choice;marker=none;appendix=NAER-CURRICULUM-NATURAL-APPENDIX-BLOCK-05248;limits=NAER-CURRICULUM-NATURAL:5279|NAER-CURRICULUM-NATURAL:5283
AUTH-NATURAL-LC-GA-4-2,NAER-CURRICULUM-NATURAL,biology|integrated_natural,Ga-Ⅳ-2,人類的性別主要由性染色體決定。,人類的性別主要由性染色體決定。,scope-reviewed-required-unmapped,,,,,assessmentRole=direct-integrated-natural-choice;marker=none;appendix=NAER-CURRICULUM-NATURAL-APPENDIX-BLOCK-05248;limits=NAER-CURRICULUM-NATURAL:5279|NAER-CURRICULUM-NATURAL:5283
AUTH-NATURAL-LC-GA-4-3,NAER-CURRICULUM-NATURAL,biology|integrated_natural,Ga-Ⅳ-3,人類的ABO血型是可遺傳的性狀。,人類的ABO血型是可遺傳的性狀。,scope-reviewed-required-unmapped,,,,,assessmentRole=direct-integrated-natural-choice;marker=none;appendix=NAER-CURRICULUM-NATURAL-APPENDIX-BLOCK-05248;limits=NAER-CURRICULUM-NATURAL:5279|NAER-CURRICULUM-NATURAL:5283
AUTH-NATURAL-LC-GA-4-4,NAER-CURRICULUM-NATURAL,biology|integrated_natural,Ga-Ⅳ-4,遺傳物質會發生變異，其變異可能造成性狀的改變，若變異發生在生殖細胞可遺傳到後代。,遺傳物質會發生變異，其變異可能造成性狀的改變，若變異發生在生殖細胞可遺傳到後代。,scope-reviewed-required-unmapped,,,,,assessmentRole=direct-integrated-natural-choice;marker=none;appendix=NAER-CURRICULUM-NATURAL-APPENDIX-BLOCK-05248;limits=NAER-CURRICULUM-NATURAL:5279|NAER-CURRICULUM-NATURAL:5283
AUTH-NATURAL-LC-GA-4-5,NAER-CURRICULUM-NATURAL,biology|integrated_natural,Ga-Ⅳ-5,生物技術的進步，有助於解決農業、食品、能源、醫藥，以及環境相關的問題，但也可能帶來新問題。,生物技術的進步，有助於解決農業、食品、能源、醫藥，以及環境相關的問題，但也可能帶來新問題。,scope-reviewed-required-unmapped,,,,,assessmentRole=direct-integrated-natural-choice;marker=none;appendix=NAER-CURRICULUM-NATURAL-APPENDIX-BLOCK-05248;limits=NAER-CURRICULUM-NATURAL:5279|NAER-CURRICULUM-NATURAL:5283
AUTH-NATURAL-LC-GA-4-6,NAER-CURRICULUM-NATURAL,biology|integrated_natural,Ga-Ⅳ-6,孟德爾遺傳研究的科學史。,孟德爾遺傳研究的科學史。,scope-reviewed-required-unmapped,,,,,assessmentRole=direct-integrated-natural-choice;marker=none;appendix=NAER-CURRICULUM-NATURAL-APPENDIX-BLOCK-05248;limits=NAER-CURRICULUM-NATURAL:5279|NAER-CURRICULUM-NATURAL:5283
AUTH-NATURAL-LC-GB-4-1,NAER-CURRICULUM-NATURAL,biology|integrated_natural,Gb-Ⅳ-1,從地層中發現的化石，可以知道地球上曾經存在許多的生物，但有些生物已經消失了，例如：三葉蟲、恐龍等。,從地層中發現的化石，可以知道地球上曾經存在許多的生物，但有些生物已經消失了，例如：三葉蟲、恐龍等。,scope-reviewed-required-unmapped,,,,,assessmentRole=direct-integrated-natural-choice;marker=none;appendix=NAER-CURRICULUM-NATURAL-APPENDIX-BLOCK-05287;limits=NAER-CURRICULUM-NATURAL:5293
AUTH-NATURAL-LC-GC-4-1,NAER-CURRICULUM-NATURAL,biology|integrated_natural,Gc-Ⅳ-1,依據生物形態與構造的特徵，可以將生物分類。,依據生物形態與構造的特徵，可以將生物分類。,scope-reviewed-required-unmapped,,,,,assessmentRole=direct-integrated-natural-choice;marker=none;appendix=NAER-CURRICULUM-NATURAL-APPENDIX-BLOCK-05297;limits=NAER-CURRICULUM-NATURAL:5319
AUTH-NATURAL-LC-GC-4-2,NAER-CURRICULUM-NATURAL,biology|integrated_natural,Gc-Ⅳ-2,地球上有形形色色的生物，在生態系中擔任不同的角色，發揮不同的功能，有助於維持生態系的穩定。,地球上有形形色色的生物，在生態系中擔任不同的角色，發揮不同的功能，有助於維持生態系的穩定。,scope-reviewed-required-unmapped,,,,,assessmentRole=direct-integrated-natural-choice;marker=none;appendix=NAER-CURRICULUM-NATURAL-APPENDIX-BLOCK-05297;limits=NAER-CURRICULUM-NATURAL:5319
AUTH-NATURAL-LC-GC-4-3,NAER-CURRICULUM-NATURAL,biology|integrated_natural,Gc-Ⅳ-3,人的體表和體內有許多微生物，有些微生物對人體有利，有些則有害。,人的體表和體內有許多微生物，有些微生物對人體有利，有些則有害。,scope-reviewed-required-unmapped,,,,,assessmentRole=direct-integrated-natural-choice;marker=none;appendix=NAER-CURRICULUM-NATURAL-APPENDIX-BLOCK-05297;limits=NAER-CURRICULUM-NATURAL:5319
AUTH-NATURAL-LC-GC-4-4,NAER-CURRICULUM-NATURAL,biology|integrated_natural,Gc-Ⅳ-4,人類文明發展中有許多利用微生物的例子，例如：早期的釀酒、近期的基因轉殖等。,人類文明發展中有許多利用微生物的例子，例如：早期的釀酒、近期的基因轉殖等。,scope-reviewed-required-unmapped,,,,,assessmentRole=direct-integrated-natural-choice;marker=none;appendix=NAER-CURRICULUM-NATURAL-APPENDIX-BLOCK-05297;limits=NAER-CURRICULUM-NATURAL:5319
AUTH-NATURAL-LC-HB-4-1,NAER-CURRICULUM-NATURAL,earth_science|integrated_natural,Hb-Ⅳ-1,研究岩層岩性與化石可幫助了解地球的歷史。,研究岩層岩性與化石可幫助了解地球的歷史。,scope-reviewed-required-unmapped,,,,,assessmentRole=direct-integrated-natural-choice;marker=none;appendix=NAER-CURRICULUM-NATURAL-APPENDIX-BLOCK-06099;limits=none
AUTH-NATURAL-LC-HB-4-2,NAER-CURRICULUM-NATURAL,earth_science|integrated_natural,Hb-Ⅳ-2,解讀地層、地質事件，可幫助了解當地的地層發展先後順序。,解讀地層、地質事件，可幫助了解當地的地層發展先後順序。,scope-reviewed-required-unmapped,,,,,assessmentRole=direct-integrated-natural-choice;marker=none;appendix=NAER-CURRICULUM-NATURAL-APPENDIX-BLOCK-06099;limits=none
AUTH-NATURAL-LC-IA-4-1,NAER-CURRICULUM-NATURAL,earth_science|integrated_natural,Ia-Ⅳ-1,外營力及內營力的作用會改變地貌。,外營力及內營力的作用會改變地貌。,scope-reviewed-required-unmapped,,,,,assessmentRole=direct-integrated-natural-choice;marker=none;appendix=NAER-CURRICULUM-NATURAL-APPENDIX-BLOCK-06111;limits=none
AUTH-NATURAL-LC-IA-4-2,NAER-CURRICULUM-NATURAL,earth_science|integrated_natural,Ia-Ⅳ-2,岩石圈可分為數個板塊。,岩石圈可分為數個板塊。,scope-reviewed-required-unmapped,,,,,assessmentRole=direct-integrated-natural-choice;marker=none;appendix=NAER-CURRICULUM-NATURAL-APPENDIX-BLOCK-06111;limits=none
AUTH-NATURAL-LC-IA-4-3,NAER-CURRICULUM-NATURAL,earth_science|integrated_natural,Ia-Ⅳ-3,板塊之間會相互分離或聚合，產生地震、火山和造山運動。,板塊之間會相互分離或聚合，產生地震、火山和造山運動。,scope-reviewed-required-unmapped,,,,,assessmentRole=direct-integrated-natural-choice;marker=none;appendix=NAER-CURRICULUM-NATURAL-APPENDIX-BLOCK-06111;limits=none
AUTH-NATURAL-LC-IA-4-4,NAER-CURRICULUM-NATURAL,earth_science|integrated_natural,Ia-Ⅳ-4,全球地震、火山分布在特定的地帶，且兩者相當吻合。,全球地震、火山分布在特定的地帶，且兩者相當吻合。,scope-reviewed-required-unmapped,,,,,assessmentRole=direct-integrated-natural-choice;marker=none;appendix=NAER-CURRICULUM-NATURAL-APPENDIX-BLOCK-06111;limits=none
AUTH-NATURAL-LC-IB-4-1,NAER-CURRICULUM-NATURAL,earth_science|integrated_natural,Ib-Ⅳ-1,氣團是性質均勻的大型空氣團塊，性質各有不同。,氣團是性質均勻的大型空氣團塊，性質各有不同。,scope-reviewed-required-unmapped,,,,,assessmentRole=direct-integrated-natural-choice;marker=none;appendix=NAER-CURRICULUM-NATURAL-APPENDIX-BLOCK-06138;limits=none
AUTH-NATURAL-LC-IB-4-2,NAER-CURRICULUM-NATURAL,earth_science|integrated_natural,Ib-Ⅳ-2,氣壓差會造成空氣的流動而產生風。,氣壓差會造成空氣的流動而產生風。,scope-reviewed-required-unmapped,,,,,assessmentRole=direct-integrated-natural-choice;marker=none;appendix=NAER-CURRICULUM-NATURAL-APPENDIX-BLOCK-06138;limits=none
AUTH-NATURAL-LC-IB-4-3,NAER-CURRICULUM-NATURAL,earth_science|integrated_natural,Ib-Ⅳ-3,由於地球自轉的關係會造成高、低氣壓空氣的旋轉。,由於地球自轉的關係會造成高、低氣壓空氣的旋轉。,scope-reviewed-required-unmapped,,,,,assessmentRole=direct-integrated-natural-choice;marker=none;appendix=NAER-CURRICULUM-NATURAL-APPENDIX-BLOCK-06138;limits=none
AUTH-NATURAL-LC-IB-4-4,NAER-CURRICULUM-NATURAL,earth_science|integrated_natural,Ib-Ⅳ-4,鋒面是性質不同的氣團之交界面，會產生各種天氣變化。,鋒面是性質不同的氣團之交界面，會產生各種天氣變化。,scope-reviewed-required-unmapped,,,,,assessmentRole=direct-integrated-natural-choice;marker=none;appendix=NAER-CURRICULUM-NATURAL-APPENDIX-BLOCK-06138;limits=none
AUTH-NATURAL-LC-IB-4-5,NAER-CURRICULUM-NATURAL,earth_science|integrated_natural,Ib-Ⅳ-5,臺灣的災變天氣包括颱風、梅雨、寒潮、乾旱等現象。,臺灣的災變天氣包括颱風、梅雨、寒潮、乾旱等現象。,scope-reviewed-required-unmapped,,,,,assessmentRole=direct-integrated-natural-choice;marker=none;appendix=NAER-CURRICULUM-NATURAL-APPENDIX-BLOCK-06138;limits=none
AUTH-NATURAL-LC-IB-4-6,NAER-CURRICULUM-NATURAL,earth_science|integrated_natural,Ib-Ⅳ-6,臺灣秋冬季受東北季風影響，夏季受西南季風影響，造成各地氣溫、風向和降水的季節性差異。,臺灣秋冬季受東北季風影響，夏季受西南季風影響，造成各地氣溫、風向和降水的季節性差異。,scope-reviewed-required-unmapped,,,,,assessmentRole=direct-integrated-natural-choice;marker=none;appendix=NAER-CURRICULUM-NATURAL-APPENDIX-BLOCK-06138;limits=none
AUTH-NATURAL-LC-IC-4-1,NAER-CURRICULUM-NATURAL,earth_science|integrated_natural,Ic-Ⅳ-1,海水運動包含波浪、海流和潮汐，各有不同的運動方式。,海水運動包含波浪、海流和潮汐，各有不同的運動方式。,scope-reviewed-required-unmapped,,,,,assessmentRole=direct-integrated-natural-choice;marker=none;appendix=NAER-CURRICULUM-NATURAL-APPENDIX-BLOCK-06173;limits=none
AUTH-NATURAL-LC-IC-4-2,NAER-CURRICULUM-NATURAL,earth_science|integrated_natural,Ic-Ⅳ-2,海流對陸地的氣候會產生影響。,海流對陸地的氣候會產生影響。,scope-reviewed-required-unmapped,,,,,assessmentRole=direct-integrated-natural-choice;marker=none;appendix=NAER-CURRICULUM-NATURAL-APPENDIX-BLOCK-06173;limits=none
AUTH-NATURAL-LC-IC-4-3,NAER-CURRICULUM-NATURAL,earth_science|integrated_natural,Ic-Ⅳ-3,臺灣附近的海流隨季節有所不同。,臺灣附近的海流隨季節有所不同。,scope-reviewed-required-unmapped,,,,,assessmentRole=direct-integrated-natural-choice;marker=none;appendix=NAER-CURRICULUM-NATURAL-APPENDIX-BLOCK-06173;limits=none
AUTH-NATURAL-LC-IC-4-4,NAER-CURRICULUM-NATURAL,earth_science|integrated_natural,Ic-Ⅳ-4,潮汐變化具有規律性。,潮汐變化具有規律性。,scope-reviewed-required-unmapped,,,,,assessmentRole=direct-integrated-natural-choice;marker=none;appendix=NAER-CURRICULUM-NATURAL-APPENDIX-BLOCK-06173;limits=none
AUTH-NATURAL-LC-ID-4-1,NAER-CURRICULUM-NATURAL,earth_science|integrated_natural,Id-Ⅳ-1,夏季白天較長，冬季黑夜較長。,夏季白天較長，冬季黑夜較長。,scope-reviewed-required-unmapped,,,,,assessmentRole=direct-integrated-natural-choice;marker=none;appendix=NAER-CURRICULUM-NATURAL-APPENDIX-BLOCK-06198;limits=none
AUTH-NATURAL-LC-ID-4-2,NAER-CURRICULUM-NATURAL,earth_science|integrated_natural,Id-Ⅳ-2,陽光照射角度之變化，會造成地表單位面積土地吸收太陽能量的不同。,陽光照射角度之變化，會造成地表單位面積土地吸收太陽能量的不同。,scope-reviewed-required-unmapped,,,,,assessmentRole=direct-integrated-natural-choice;marker=none;appendix=NAER-CURRICULUM-NATURAL-APPENDIX-BLOCK-06198;limits=none
AUTH-NATURAL-LC-ID-4-3,NAER-CURRICULUM-NATURAL,earth_science|integrated_natural,Id-Ⅳ-3,地球的四季主要是因為地球自轉軸傾斜於地球公轉軌道面而造成。,地球的四季主要是因為地球自轉軸傾斜於地球公轉軌道面而造成。,scope-reviewed-required-unmapped,,,,,assessmentRole=direct-integrated-natural-choice;marker=none;appendix=NAER-CURRICULUM-NATURAL-APPENDIX-BLOCK-06198;limits=none
AUTH-NATURAL-LC-INA-4-1,NAER-CURRICULUM-NATURAL,integrated_natural|physics_chemistry,INa-Ⅳ-1,能量有多種不同的形式。,能量有多種不同的形式。,scope-reviewed-required-unmapped,,,,,assessmentRole=direct-integrated-natural-choice;marker=none;appendix=NAER-CURRICULUM-NATURAL-APPENDIX-BLOCK-06350;limits=none
AUTH-NATURAL-LC-INA-4-2,NAER-CURRICULUM-NATURAL,integrated_natural|physics_chemistry,INa-Ⅳ-2,能量之間可以轉換，且會維持定值。,能量之間可以轉換，且會維持定值。,scope-reviewed-required-unmapped,,,,,assessmentRole=direct-integrated-natural-choice;marker=none;appendix=NAER-CURRICULUM-NATURAL-APPENDIX-BLOCK-06350;limits=none
AUTH-NATURAL-LC-INA-4-3,NAER-CURRICULUM-NATURAL,integrated_natural|physics_chemistry,INa-Ⅳ-3,科學的發現與新能源，及其對生活與社會的影響。,科學的發現與新能源，及其對生活與社會的影響。,scope-reviewed-required-unmapped,,,,,assessmentRole=direct-integrated-natural-choice;marker=none;appendix=NAER-CURRICULUM-NATURAL-APPENDIX-BLOCK-06350;limits=none
AUTH-NATURAL-LC-INA-4-4,NAER-CURRICULUM-NATURAL,integrated_natural|physics_chemistry,INa-Ⅳ-4,生活中各種能源的特性及其影響。,生活中各種能源的特性及其影響。,scope-reviewed-required-unmapped,,,,,assessmentRole=direct-integrated-natural-choice;marker=none;appendix=NAER-CURRICULUM-NATURAL-APPENDIX-BLOCK-06350;limits=none
AUTH-NATURAL-LC-INA-4-5,NAER-CURRICULUM-NATURAL,integrated_natural|physics_chemistry,INa-Ⅳ-5,能源開發、利用及永續性。,能源開發、利用及永續性。,scope-reviewed-required-unmapped,,,,,assessmentRole=direct-integrated-natural-choice;marker=none;appendix=NAER-CURRICULUM-NATURAL-APPENDIX-BLOCK-06350;limits=none
AUTH-NATURAL-LC-INC-4-1,NAER-CURRICULUM-NATURAL,biology|integrated_natural,INc-Ⅳ-1,宇宙間事、物的規模可以分為微觀尺度與巨觀尺度。,宇宙間事、物的規模可以分為微觀尺度與巨觀尺度。,scope-reviewed-required-unmapped,,,,,assessmentRole=direct-integrated-natural-choice;marker=none;appendix=NAER-CURRICULUM-NATURAL-APPENDIX-BLOCK-06306;limits=NAER-CURRICULUM-NATURAL:6332|NAER-CURRICULUM-NATURAL:6333
AUTH-NATURAL-LC-INC-4-2,NAER-CURRICULUM-NATURAL,biology|integrated_natural,INc-Ⅳ-2,對應不同尺度，各有適用的單位（以長度單位為例），尺度大小可以使用科學記號來表達。,對應不同尺度，各有適用的單位（以長度單位為例），尺度大小可以使用科學記號來表達。,scope-reviewed-required-unmapped,,,,,assessmentRole=direct-integrated-natural-choice;marker=none;appendix=NAER-CURRICULUM-NATURAL-APPENDIX-BLOCK-06306;limits=NAER-CURRICULUM-NATURAL:6332|NAER-CURRICULUM-NATURAL:6333
AUTH-NATURAL-LC-INC-4-3,NAER-CURRICULUM-NATURAL,biology|integrated_natural,INc-Ⅳ-3,測量時要選擇適當的尺度。,測量時要選擇適當的尺度。,scope-reviewed-required-unmapped,,,,,assessmentRole=direct-integrated-natural-choice;marker=none;appendix=NAER-CURRICULUM-NATURAL-APPENDIX-BLOCK-06306;limits=NAER-CURRICULUM-NATURAL:6332|NAER-CURRICULUM-NATURAL:6333
AUTH-NATURAL-LC-INC-4-4,NAER-CURRICULUM-NATURAL,biology|integrated_natural,INc-Ⅳ-4,不同物體間的尺度關係可以用比例的方式來呈現。,不同物體間的尺度關係可以用比例的方式來呈現。,scope-reviewed-required-unmapped,,,,,assessmentRole=direct-integrated-natural-choice;marker=none;appendix=NAER-CURRICULUM-NATURAL-APPENDIX-BLOCK-06306;limits=NAER-CURRICULUM-NATURAL:6332|NAER-CURRICULUM-NATURAL:6333
AUTH-NATURAL-LC-INC-4-5,NAER-CURRICULUM-NATURAL,biology|integrated_natural,INc-Ⅳ-5,原子與分子是組成生命世界與物質世界的微觀尺度。,原子與分子是組成生命世界與物質世界的微觀尺度。,scope-reviewed-required-unmapped,,,,,assessmentRole=direct-integrated-natural-choice;marker=none;appendix=NAER-CURRICULUM-NATURAL-APPENDIX-BLOCK-06306;limits=NAER-CURRICULUM-NATURAL:6332|NAER-CURRICULUM-NATURAL:6333
AUTH-NATURAL-LC-INC-4-6,NAER-CURRICULUM-NATURAL,biology|integrated_natural,INc-Ⅳ-6,從個體到生物圈是組成生命世界的巨觀尺度。,從個體到生物圈是組成生命世界的巨觀尺度。,scope-reviewed-required-unmapped,,,,,assessmentRole=direct-integrated-natural-choice;marker=none;appendix=NAER-CURRICULUM-NATURAL-APPENDIX-BLOCK-06306;limits=NAER-CURRICULUM-NATURAL:6332|NAER-CURRICULUM-NATURAL:6333
AUTH-NATURAL-LC-ING-4-1,NAER-CURRICULUM-NATURAL,earth_science|integrated_natural,INg-Ⅳ-1,地球上各系統的能量主要來源是太陽，且彼此之間有流動轉換。,地球上各系統的能量主要來源是太陽，且彼此之間有流動轉換。,scope-reviewed-required-unmapped,,,,,assessmentRole=direct-integrated-natural-choice;marker=none;appendix=NAER-CURRICULUM-NATURAL-APPENDIX-BLOCK-06383;limits=none
AUTH-NATURAL-LC-ING-4-2,NAER-CURRICULUM-NATURAL,earth_science|integrated_natural,INg-Ⅳ-2,大氣組成中的變動氣體有些是溫室氣體。,大氣組成中的變動氣體有些是溫室氣體。,scope-reviewed-required-unmapped,,,,,assessmentRole=direct-integrated-natural-choice;marker=none;appendix=NAER-CURRICULUM-NATURAL-APPENDIX-BLOCK-06383;limits=none
AUTH-NATURAL-LC-ING-4-3,NAER-CURRICULUM-NATURAL,earth_science|integrated_natural,INg-Ⅳ-3,不同物質受熱後，其溫度的變化可能不同。,不同物質受熱後，其溫度的變化可能不同。,scope-reviewed-required-unmapped,,,,,assessmentRole=direct-integrated-natural-choice;marker=none;appendix=NAER-CURRICULUM-NATURAL-APPENDIX-BLOCK-06383;limits=none
AUTH-NATURAL-LC-ING-4-4,NAER-CURRICULUM-NATURAL,earth_science|integrated_natural,INg-Ⅳ-4,碳元素在自然界中的儲存與流動。,碳元素在自然界中的儲存與流動。,scope-reviewed-required-unmapped,,,,,assessmentRole=direct-integrated-natural-choice;marker=none;appendix=NAER-CURRICULUM-NATURAL-APPENDIX-BLOCK-06383;limits=none
AUTH-NATURAL-LC-ING-4-5,NAER-CURRICULUM-NATURAL,earth_science|integrated_natural,INg-Ⅳ-5,生物活動會改變環境，環境改變之後也會影響生物活動。,生物活動會改變環境，環境改變之後也會影響生物活動。,scope-reviewed-required-unmapped,,,,,assessmentRole=direct-integrated-natural-choice;marker=none;appendix=NAER-CURRICULUM-NATURAL-APPENDIX-BLOCK-06383;limits=none
AUTH-NATURAL-LC-ING-4-6,NAER-CURRICULUM-NATURAL,earth_science|integrated_natural,INg-Ⅳ-6,新興科技的發展對自然環境的影響。,新興科技的發展對自然環境的影響。,scope-reviewed-required-unmapped,,,,,assessmentRole=direct-integrated-natural-choice;marker=none;appendix=NAER-CURRICULUM-NATURAL-APPENDIX-BLOCK-06383;limits=none
AUTH-NATURAL-LC-ING-4-7,NAER-CURRICULUM-NATURAL,earth_science|integrated_natural,INg-Ⅳ-7,溫室氣體與全球暖化的關係。,溫室氣體與全球暖化的關係。,scope-reviewed-required-unmapped,,,,,assessmentRole=direct-integrated-natural-choice;marker=none;appendix=NAER-CURRICULUM-NATURAL-APPENDIX-BLOCK-06383;limits=none
AUTH-NATURAL-LC-ING-4-8,NAER-CURRICULUM-NATURAL,earth_science|integrated_natural,INg-Ⅳ-8,氣候變遷產生的衝擊是全球性的。,氣候變遷產生的衝擊是全球性的。,scope-reviewed-required-unmapped,,,,,assessmentRole=direct-integrated-natural-choice;marker=none;appendix=NAER-CURRICULUM-NATURAL-APPENDIX-BLOCK-06383;limits=none
AUTH-NATURAL-LC-ING-4-9,NAER-CURRICULUM-NATURAL,earth_science|integrated_natural,INg-Ⅳ-9,因應氣候變遷的方法，主要有減緩與調適兩種途徑。,因應氣候變遷的方法，主要有減緩與調適兩種途徑。,scope-reviewed-required-unmapped,,,,,assessmentRole=direct-integrated-natural-choice;marker=none;appendix=NAER-CURRICULUM-NATURAL-APPENDIX-BLOCK-06383;limits=none
AUTH-NATURAL-LC-JA-4-1,NAER-CURRICULUM-NATURAL,integrated_natural|physics_chemistry,Ja-Ⅳ-1,化學反應中的質量守恆定律。,化學反應中的質量守恆定律。,scope-reviewed-required-unmapped,,,,,assessmentRole=direct-integrated-natural-choice;marker=none;appendix=NAER-CURRICULUM-NATURAL-APPENDIX-BLOCK-05807;limits=none
AUTH-NATURAL-LC-JA-4-2,NAER-CURRICULUM-NATURAL,integrated_natural|physics_chemistry,Ja-Ⅳ-2,化學反應是原子重新排列。,化學反應是原子重新排列。,scope-reviewed-required-unmapped,,,,,assessmentRole=direct-integrated-natural-choice;marker=none;appendix=NAER-CURRICULUM-NATURAL-APPENDIX-BLOCK-05807;limits=none
AUTH-NATURAL-LC-JA-4-3,NAER-CURRICULUM-NATURAL,integrated_natural|physics_chemistry,Ja-Ⅳ-3,化學反應中常伴隨沉澱、氣體、顏色及溫度變化等現象。,化學反應中常伴隨沉澱、氣體、顏色及溫度變化等現象。,scope-reviewed-required-unmapped,,,,,assessmentRole=direct-integrated-natural-choice;marker=none;appendix=NAER-CURRICULUM-NATURAL-APPENDIX-BLOCK-05807;limits=none
AUTH-NATURAL-LC-JA-4-4,NAER-CURRICULUM-NATURAL,integrated_natural|physics_chemistry,Ja-Ⅳ-4,化學反應的表示法。,化學反應的表示法。,scope-reviewed-required-unmapped,,,,,assessmentRole=direct-integrated-natural-choice;marker=none;appendix=NAER-CURRICULUM-NATURAL-APPENDIX-BLOCK-05807;limits=none
AUTH-NATURAL-LC-JB-4-1,NAER-CURRICULUM-NATURAL,integrated_natural|physics_chemistry,Jb-Ⅳ-1,由水溶液導電的實驗認識電解質與非電解質。,由水溶液導電的實驗認識電解質與非電解質。,scope-reviewed-required-unmapped,,,,,assessmentRole=direct-integrated-natural-choice;marker=none;appendix=NAER-CURRICULUM-NATURAL-APPENDIX-BLOCK-05825;limits=NAER-CURRICULUM-NATURAL:5840|NAER-CURRICULUM-NATURAL:5841
AUTH-NATURAL-LC-JB-4-2,NAER-CURRICULUM-NATURAL,integrated_natural|physics_chemistry,Jb-Ⅳ-2,電解質在水溶液中會解離出陰離子和陽離子而導電。,電解質在水溶液中會解離出陰離子和陽離子而導電。,scope-reviewed-required-unmapped,,,,,assessmentRole=direct-integrated-natural-choice;marker=none;appendix=NAER-CURRICULUM-NATURAL-APPENDIX-BLOCK-05825;limits=NAER-CURRICULUM-NATURAL:5840|NAER-CURRICULUM-NATURAL:5841
AUTH-NATURAL-LC-JB-4-3,NAER-CURRICULUM-NATURAL,integrated_natural|physics_chemistry,Jb-Ⅳ-3,不同的離子在水溶液中可能會發生沉澱、酸鹼中和及氧化還原等反應。,不同的離子在水溶液中可能會發生沉澱、酸鹼中和及氧化還原等反應。,scope-reviewed-required-unmapped,,,,,assessmentRole=direct-integrated-natural-choice;marker=none;appendix=NAER-CURRICULUM-NATURAL-APPENDIX-BLOCK-05825;limits=NAER-CURRICULUM-NATURAL:5840|NAER-CURRICULUM-NATURAL:5841
AUTH-NATURAL-LC-JB-4-4,NAER-CURRICULUM-NATURAL,integrated_natural|physics_chemistry,Jb-Ⅳ-4,溶液的概念及重量百分濃度（P%）、百萬分點的表示法（ppm）。,溶液的概念及重量百分濃度（P%）、百萬分點的表示法（ppm）。,scope-reviewed-required-unmapped,,,,,assessmentRole=direct-integrated-natural-choice;marker=none;appendix=NAER-CURRICULUM-NATURAL-APPENDIX-BLOCK-05825;limits=NAER-CURRICULUM-NATURAL:5840|NAER-CURRICULUM-NATURAL:5841
AUTH-NATURAL-LC-JC-4-1,NAER-CURRICULUM-NATURAL,integrated_natural|physics_chemistry,Jc-Ⅳ-1,氧化與還原的狹義定義為：物質得到氧稱為氧化反應；失去氧稱為還原反應。,氧化與還原的狹義定義為：物質得到氧稱為氧化反應；失去氧稱為還原反應。,scope-reviewed-required-unmapped,,,,,assessmentRole=direct-integrated-natural-choice;marker=none;appendix=NAER-CURRICULUM-NATURAL-APPENDIX-BLOCK-05845;limits=NAER-CURRICULUM-NATURAL:5871|NAER-CURRICULUM-NATURAL:5872|NAER-CURRICULUM-NATURAL:5873
AUTH-NATURAL-LC-JC-4-2,NAER-CURRICULUM-NATURAL,integrated_natural|physics_chemistry,Jc-Ⅳ-2,物質燃燒實驗認識氧化。,物質燃燒實驗認識氧化。,scope-reviewed-required-unmapped,,,,,assessmentRole=direct-integrated-natural-choice;marker=none;appendix=NAER-CURRICULUM-NATURAL-APPENDIX-BLOCK-05845;limits=NAER-CURRICULUM-NATURAL:5871|NAER-CURRICULUM-NATURAL:5872|NAER-CURRICULUM-NATURAL:5873
AUTH-NATURAL-LC-JC-4-3,NAER-CURRICULUM-NATURAL,integrated_natural|physics_chemistry,Jc-Ⅳ-3,不同金屬元素燃燒實驗認識元素對氧氣的活性。,不同金屬元素燃燒實驗認識元素對氧氣的活性。,scope-reviewed-required-unmapped,,,,,assessmentRole=direct-integrated-natural-choice;marker=none;appendix=NAER-CURRICULUM-NATURAL-APPENDIX-BLOCK-05845;limits=NAER-CURRICULUM-NATURAL:5871|NAER-CURRICULUM-NATURAL:5872|NAER-CURRICULUM-NATURAL:5873
AUTH-NATURAL-LC-JC-4-4,NAER-CURRICULUM-NATURAL,integrated_natural|physics_chemistry,Jc-Ⅳ-4,生活中常見的氧化還原反應與應用。,生活中常見的氧化還原反應與應用。,scope-reviewed-required-unmapped,,,,,assessmentRole=direct-integrated-natural-choice;marker=none;appendix=NAER-CURRICULUM-NATURAL-APPENDIX-BLOCK-05845;limits=NAER-CURRICULUM-NATURAL:5871|NAER-CURRICULUM-NATURAL:5872|NAER-CURRICULUM-NATURAL:5873
AUTH-NATURAL-LC-JC-4-5,NAER-CURRICULUM-NATURAL,integrated_natural|physics_chemistry,Jc-Ⅳ-5,鋅銅電池實驗認識電池原理。,鋅銅電池實驗認識電池原理。,scope-reviewed-required-unmapped,,,,,assessmentRole=direct-integrated-natural-choice;marker=none;appendix=NAER-CURRICULUM-NATURAL-APPENDIX-BLOCK-05845;limits=NAER-CURRICULUM-NATURAL:5871|NAER-CURRICULUM-NATURAL:5872|NAER-CURRICULUM-NATURAL:5873
AUTH-NATURAL-LC-JC-4-6,NAER-CURRICULUM-NATURAL,integrated_natural|physics_chemistry,Jc-Ⅳ-6,化學電池的放電與充電。,化學電池的放電與充電。,scope-reviewed-required-unmapped,,,,,assessmentRole=direct-integrated-natural-choice;marker=none;appendix=NAER-CURRICULUM-NATURAL-APPENDIX-BLOCK-05845;limits=NAER-CURRICULUM-NATURAL:5871|NAER-CURRICULUM-NATURAL:5872|NAER-CURRICULUM-NATURAL:5873
AUTH-NATURAL-LC-JC-4-7,NAER-CURRICULUM-NATURAL,integrated_natural|physics_chemistry,Jc-Ⅳ-7,電解水與硫酸銅水溶液實驗認識電解原理。,電解水與硫酸銅水溶液實驗認識電解原理。,scope-reviewed-required-unmapped,,,,,assessmentRole=direct-integrated-natural-choice;marker=none;appendix=NAER-CURRICULUM-NATURAL-APPENDIX-BLOCK-05845;limits=NAER-CURRICULUM-NATURAL:5871|NAER-CURRICULUM-NATURAL:5872|NAER-CURRICULUM-NATURAL:5873
AUTH-NATURAL-LC-JD-4-1,NAER-CURRICULUM-NATURAL,integrated_natural|physics_chemistry,Jd-Ⅳ-1,金屬與非金屬氧化物在水溶液中的酸鹼性，及酸性溶液對金屬與大理石的反應。,金屬與非金屬氧化物在水溶液中的酸鹼性，及酸性溶液對金屬與大理石的反應。,scope-reviewed-required-unmapped,,,,,assessmentRole=direct-integrated-natural-choice;marker=none;appendix=NAER-CURRICULUM-NATURAL-APPENDIX-BLOCK-05877;limits=NAER-CURRICULUM-NATURAL:5899|NAER-CURRICULUM-NATURAL:5900|NAER-CURRICULUM-NATURAL:5902|NAER-CURRICULUM-NATURAL:5904
AUTH-NATURAL-LC-JD-4-2,NAER-CURRICULUM-NATURAL,integrated_natural|physics_chemistry,Jd-Ⅳ-2,酸鹼強度與pH值的關係。,酸鹼強度與pH值的關係。,scope-reviewed-required-unmapped,,,,,assessmentRole=direct-integrated-natural-choice;marker=none;appendix=NAER-CURRICULUM-NATURAL-APPENDIX-BLOCK-05877;limits=NAER-CURRICULUM-NATURAL:5899|NAER-CURRICULUM-NATURAL:5900|NAER-CURRICULUM-NATURAL:5902|NAER-CURRICULUM-NATURAL:5904
AUTH-NATURAL-LC-JD-4-3,NAER-CURRICULUM-NATURAL,integrated_natural|physics_chemistry,Jd-Ⅳ-3,實驗認識廣用指示劑及pH計。,實驗認識廣用指示劑及pH計。,scope-reviewed-required-unmapped,,,,,assessmentRole=direct-integrated-natural-choice;marker=none;appendix=NAER-CURRICULUM-NATURAL-APPENDIX-BLOCK-05877;limits=NAER-CURRICULUM-NATURAL:5899|NAER-CURRICULUM-NATURAL:5900|NAER-CURRICULUM-NATURAL:5902|NAER-CURRICULUM-NATURAL:5904
AUTH-NATURAL-LC-JD-4-4,NAER-CURRICULUM-NATURAL,integrated_natural|physics_chemistry,Jd-Ⅳ-4,水溶液中氫離子與氫氧根離子的關係。,水溶液中氫離子與氫氧根離子的關係。,scope-reviewed-required-unmapped,,,,,assessmentRole=direct-integrated-natural-choice;marker=none;appendix=NAER-CURRICULUM-NATURAL-APPENDIX-BLOCK-05877;limits=NAER-CURRICULUM-NATURAL:5899|NAER-CURRICULUM-NATURAL:5900|NAER-CURRICULUM-NATURAL:5902|NAER-CURRICULUM-NATURAL:5904
AUTH-NATURAL-LC-JD-4-5,NAER-CURRICULUM-NATURAL,integrated_natural|physics_chemistry,Jd-Ⅳ-5,酸、鹼、鹽類在日常生活中的應用與危險性。,酸、鹼、鹽類在日常生活中的應用與危險性。,scope-reviewed-required-unmapped,,,,,assessmentRole=direct-integrated-natural-choice;marker=none;appendix=NAER-CURRICULUM-NATURAL-APPENDIX-BLOCK-05877;limits=NAER-CURRICULUM-NATURAL:5899|NAER-CURRICULUM-NATURAL:5900|NAER-CURRICULUM-NATURAL:5902|NAER-CURRICULUM-NATURAL:5904
AUTH-NATURAL-LC-JD-4-6,NAER-CURRICULUM-NATURAL,integrated_natural|physics_chemistry,Jd-Ⅳ-6,實驗認識酸與鹼中和生成鹽和水，並可放出熱量而使溫度變化。,實驗認識酸與鹼中和生成鹽和水，並可放出熱量而使溫度變化。,scope-reviewed-required-unmapped,,,,,assessmentRole=direct-integrated-natural-choice;marker=none;appendix=NAER-CURRICULUM-NATURAL-APPENDIX-BLOCK-05877;limits=NAER-CURRICULUM-NATURAL:5899|NAER-CURRICULUM-NATURAL:5900|NAER-CURRICULUM-NATURAL:5902|NAER-CURRICULUM-NATURAL:5904
AUTH-NATURAL-LC-JE-4-1,NAER-CURRICULUM-NATURAL,integrated_natural|physics_chemistry,Je-Ⅳ-1,實驗認識化學反應速率及影響反應速率的因素，例如：本性、溫度、濃度、接觸面積及催化劑。,實驗認識化學反應速率及影響反應速率的因素，例如：本性、溫度、濃度、接觸面積及催化劑。,scope-reviewed-required-unmapped,,,,,assessmentRole=direct-integrated-natural-choice;marker=none;appendix=NAER-CURRICULUM-NATURAL-APPENDIX-BLOCK-05907;limits=NAER-CURRICULUM-NATURAL:5916|NAER-CURRICULUM-NATURAL:5918
AUTH-NATURAL-LC-JE-4-2,NAER-CURRICULUM-NATURAL,integrated_natural|physics_chemistry,Je-Ⅳ-2,可逆反應。,可逆反應。,scope-reviewed-required-unmapped,,,,,assessmentRole=direct-integrated-natural-choice;marker=none;appendix=NAER-CURRICULUM-NATURAL-APPENDIX-BLOCK-05907;limits=NAER-CURRICULUM-NATURAL:5916|NAER-CURRICULUM-NATURAL:5918
AUTH-NATURAL-LC-JE-4-3,NAER-CURRICULUM-NATURAL,integrated_natural|physics_chemistry,Je-Ⅳ-3,化學平衡及溫度、濃度如何影響化學平衡的因素。,化學平衡及溫度、濃度如何影響化學平衡的因素。,scope-reviewed-required-unmapped,,,,,assessmentRole=direct-integrated-natural-choice;marker=none;appendix=NAER-CURRICULUM-NATURAL-APPENDIX-BLOCK-05907;limits=NAER-CURRICULUM-NATURAL:5916|NAER-CURRICULUM-NATURAL:5918
AUTH-NATURAL-LC-JF-4-1,NAER-CURRICULUM-NATURAL,integrated_natural|physics_chemistry,Jf-Ⅳ-1,有機化合物與無機化合物的重要特徵。,有機化合物與無機化合物的重要特徵。,scope-reviewed-required-unmapped,,,,,assessmentRole=direct-integrated-natural-choice;marker=none;appendix=NAER-CURRICULUM-NATURAL-APPENDIX-BLOCK-05920;limits=NAER-CURRICULUM-NATURAL:5936
AUTH-NATURAL-LC-JF-4-2,NAER-CURRICULUM-NATURAL,integrated_natural|physics_chemistry,Jf-Ⅳ-2,生活中常見的烷類、醇類、有機酸及酯類。,生活中常見的烷類、醇類、有機酸及酯類。,scope-reviewed-required-unmapped,,,,,assessmentRole=direct-integrated-natural-choice;marker=none;appendix=NAER-CURRICULUM-NATURAL-APPENDIX-BLOCK-05920;limits=NAER-CURRICULUM-NATURAL:5936
AUTH-NATURAL-LC-JF-4-3,NAER-CURRICULUM-NATURAL,integrated_natural|physics_chemistry,Jf-Ⅳ-3,酯化與皂化反應。,酯化與皂化反應。,scope-reviewed-required-unmapped,,,,,assessmentRole=direct-integrated-natural-choice;marker=none;appendix=NAER-CURRICULUM-NATURAL-APPENDIX-BLOCK-05920;limits=NAER-CURRICULUM-NATURAL:5936
AUTH-NATURAL-LC-JF-4-4,NAER-CURRICULUM-NATURAL,integrated_natural|physics_chemistry,Jf-Ⅳ-4,常見的塑膠。,常見的塑膠。,scope-reviewed-required-unmapped,,,,,assessmentRole=direct-integrated-natural-choice;marker=none;appendix=NAER-CURRICULUM-NATURAL-APPENDIX-BLOCK-05920;limits=NAER-CURRICULUM-NATURAL:5936
AUTH-NATURAL-LC-KA-4-1,NAER-CURRICULUM-NATURAL,integrated_natural|physics_chemistry,Ka-Ⅳ-1,波的特徵，例如：波峰、波谷、波長、頻率、波速、振幅。,波的特徵，例如：波峰、波谷、波長、頻率、波速、振幅。,scope-reviewed-required-unmapped,,,,,assessmentRole=direct-integrated-natural-choice;marker=none;appendix=NAER-CURRICULUM-NATURAL-APPENDIX-BLOCK-05576;limits=none
AUTH-NATURAL-LC-KA-4-10,NAER-CURRICULUM-NATURAL,integrated_natural|physics_chemistry,Ka-Ⅳ-10,陽光經過三稜鏡可以分散成各種色光。,陽光經過三稜鏡可以分散成各種色光。,scope-reviewed-required-unmapped,,,,,assessmentRole=direct-integrated-natural-choice;marker=none;appendix=NAER-CURRICULUM-NATURAL-APPENDIX-BLOCK-05576;limits=none
AUTH-NATURAL-LC-KA-4-11,NAER-CURRICULUM-NATURAL,integrated_natural|physics_chemistry,Ka-Ⅳ-11,物體的顏色是光選擇性反射的結果。,物體的顏色是光選擇性反射的結果。,scope-reviewed-required-unmapped,,,,,assessmentRole=direct-integrated-natural-choice;marker=none;appendix=NAER-CURRICULUM-NATURAL-APPENDIX-BLOCK-05576;limits=none
AUTH-NATURAL-LC-KA-4-2,NAER-CURRICULUM-NATURAL,integrated_natural|physics_chemistry,Ka-Ⅳ-2,波傳播的類型，例如：橫波和縱波。,波傳播的類型，例如：橫波和縱波。,scope-reviewed-required-unmapped,,,,,assessmentRole=direct-integrated-natural-choice;marker=none;appendix=NAER-CURRICULUM-NATURAL-APPENDIX-BLOCK-05576;limits=none
AUTH-NATURAL-LC-KA-4-3,NAER-CURRICULUM-NATURAL,integrated_natural|physics_chemistry,Ka-Ⅳ-3,介質的種類、狀態、密度及溫度等因素會影響聲音傳播的速率。,介質的種類、狀態、密度及溫度等因素會影響聲音傳播的速率。,scope-reviewed-required-unmapped,,,,,assessmentRole=direct-integrated-natural-choice;marker=none;appendix=NAER-CURRICULUM-NATURAL-APPENDIX-BLOCK-05576;limits=none
AUTH-NATURAL-LC-KA-4-4,NAER-CURRICULUM-NATURAL,integrated_natural|physics_chemistry,Ka-Ⅳ-4,聲波會反射，可以做為測量、傳播等用途。,聲波會反射，可以做為測量、傳播等用途。,scope-reviewed-required-unmapped,,,,,assessmentRole=direct-integrated-natural-choice;marker=none;appendix=NAER-CURRICULUM-NATURAL-APPENDIX-BLOCK-05576;limits=none
AUTH-NATURAL-LC-KA-4-5,NAER-CURRICULUM-NATURAL,integrated_natural|physics_chemistry,Ka-Ⅳ-5,耳朵可以分辨不同的聲音，例如：大小、高低和音色，但人耳聽不到超聲波。,耳朵可以分辨不同的聲音，例如：大小、高低和音色，但人耳聽不到超聲波。,scope-reviewed-required-unmapped,,,,,assessmentRole=direct-integrated-natural-choice;marker=none;appendix=NAER-CURRICULUM-NATURAL-APPENDIX-BLOCK-05576;limits=none
AUTH-NATURAL-LC-KA-4-6,NAER-CURRICULUM-NATURAL,integrated_natural|physics_chemistry,Ka-Ⅳ-6,由針孔成像、影子實驗驗證與說明光的直進性。,由針孔成像、影子實驗驗證與說明光的直進性。,scope-reviewed-required-unmapped,,,,,assessmentRole=direct-integrated-natural-choice;marker=none;appendix=NAER-CURRICULUM-NATURAL-APPENDIX-BLOCK-05576;limits=none
AUTH-NATURAL-LC-KA-4-7,NAER-CURRICULUM-NATURAL,integrated_natural|physics_chemistry,Ka-Ⅳ-7,光速的大小和影響光速的因素。,光速的大小和影響光速的因素。,scope-reviewed-required-unmapped,,,,,assessmentRole=direct-integrated-natural-choice;marker=none;appendix=NAER-CURRICULUM-NATURAL-APPENDIX-BLOCK-05576;limits=none
AUTH-NATURAL-LC-KA-4-8,NAER-CURRICULUM-NATURAL,integrated_natural|physics_chemistry,Ka-Ⅳ-8,透過實驗探討光的反射與折射規律。,透過實驗探討光的反射與折射規律。,scope-reviewed-required-unmapped,,,,,assessmentRole=direct-integrated-natural-choice;marker=none;appendix=NAER-CURRICULUM-NATURAL-APPENDIX-BLOCK-05576;limits=none
AUTH-NATURAL-LC-KA-4-9,NAER-CURRICULUM-NATURAL,integrated_natural|physics_chemistry,Ka-Ⅳ-9,生活中有許多運用光學原理的實例或儀器，例如：透鏡、面鏡、眼睛、眼鏡及顯微鏡等。,生活中有許多運用光學原理的實例或儀器，例如：透鏡、面鏡、眼睛、眼鏡及顯微鏡等。,scope-reviewed-required-unmapped,,,,,assessmentRole=direct-integrated-natural-choice;marker=none;appendix=NAER-CURRICULUM-NATURAL-APPENDIX-BLOCK-05576;limits=none
AUTH-NATURAL-LC-KB-4-1,NAER-CURRICULUM-NATURAL,integrated_natural|physics_chemistry,Kb-Ⅳ-1,物體在地球或月球等星體上因為星體的引力作用而具有重量；物體之質量與其重量是不同的物理量。,物體在地球或月球等星體上因為星體的引力作用而具有重量；物體之質量與其重量是不同的物理量。,scope-reviewed-required-unmapped,,,,,assessmentRole=direct-integrated-natural-choice;marker=none;appendix=NAER-CURRICULUM-NATURAL-APPENDIX-BLOCK-05635;limits=none
AUTH-NATURAL-LC-KB-4-2,NAER-CURRICULUM-NATURAL,integrated_natural|physics_chemistry,Kb-Ⅳ-2,帶質量的兩物體之間有重力，例如：萬有引力，此力大小與兩物體各自的質量成正比、與物體間距離的平方成反比。,帶質量的兩物體之間有重力，例如：萬有引力，此力大小與兩物體各自的質量成正比、與物體間距離的平方成反比。,scope-reviewed-required-unmapped,,,,,assessmentRole=direct-integrated-natural-choice;marker=none;appendix=NAER-CURRICULUM-NATURAL-APPENDIX-BLOCK-05635;limits=none
AUTH-NATURAL-LC-KC-4-1,NAER-CURRICULUM-NATURAL,integrated_natural|physics_chemistry,Kc-Ⅳ-1,摩擦可以產生靜電，電荷有正負之別。,摩擦可以產生靜電，電荷有正負之別。,scope-reviewed-required-unmapped,,,,,assessmentRole=direct-integrated-natural-choice;marker=none;appendix=NAER-CURRICULUM-NATURAL-APPENDIX-BLOCK-05645;limits=NAER-CURRICULUM-NATURAL:5657|NAER-CURRICULUM-NATURAL:5676|NAER-CURRICULUM-NATURAL:5678
AUTH-NATURAL-LC-KC-4-2,NAER-CURRICULUM-NATURAL,integrated_natural|physics_chemistry,Kc-Ⅳ-2,靜止帶電物體之間有靜電力，同號電荷會相斥，異號電荷則會相吸。,靜止帶電物體之間有靜電力，同號電荷會相斥，異號電荷則會相吸。,scope-reviewed-required-unmapped,,,,,assessmentRole=direct-integrated-natural-choice;marker=none;appendix=NAER-CURRICULUM-NATURAL-APPENDIX-BLOCK-05645;limits=NAER-CURRICULUM-NATURAL:5657|NAER-CURRICULUM-NATURAL:5676|NAER-CURRICULUM-NATURAL:5678
AUTH-NATURAL-LC-KC-4-3,NAER-CURRICULUM-NATURAL,integrated_natural|physics_chemistry,Kc-Ⅳ-3,磁場可以用磁力線表示，磁力線方向即為磁場方向，磁力線越密處磁場越大。,磁場可以用磁力線表示，磁力線方向即為磁場方向，磁力線越密處磁場越大。,scope-reviewed-required-unmapped,,,,,assessmentRole=direct-integrated-natural-choice;marker=none;appendix=NAER-CURRICULUM-NATURAL-APPENDIX-BLOCK-05645;limits=NAER-CURRICULUM-NATURAL:5657|NAER-CURRICULUM-NATURAL:5676|NAER-CURRICULUM-NATURAL:5678
AUTH-NATURAL-LC-KC-4-4,NAER-CURRICULUM-NATURAL,integrated_natural|physics_chemistry,Kc-Ⅳ-4,電流會產生磁場，其方向分布可以由安培右手定則求得。,電流會產生磁場，其方向分布可以由安培右手定則求得。,scope-reviewed-required-unmapped,,,,,assessmentRole=direct-integrated-natural-choice;marker=none;appendix=NAER-CURRICULUM-NATURAL-APPENDIX-BLOCK-05645;limits=NAER-CURRICULUM-NATURAL:5657|NAER-CURRICULUM-NATURAL:5676|NAER-CURRICULUM-NATURAL:5678
AUTH-NATURAL-LC-KC-4-5,NAER-CURRICULUM-NATURAL,integrated_natural|physics_chemistry,Kc-Ⅳ-5,載流導線在磁場會受力，並簡介電動機的運作原理。,載流導線在磁場會受力，並簡介電動機的運作原理。,scope-reviewed-required-unmapped,,,,,assessmentRole=direct-integrated-natural-choice;marker=none;appendix=NAER-CURRICULUM-NATURAL-APPENDIX-BLOCK-05645;limits=NAER-CURRICULUM-NATURAL:5657|NAER-CURRICULUM-NATURAL:5676|NAER-CURRICULUM-NATURAL:5678
AUTH-NATURAL-LC-KC-4-6,NAER-CURRICULUM-NATURAL,integrated_natural|physics_chemistry,Kc-Ⅳ-6,環形導線內磁場變化，會產生感應電流。,環形導線內磁場變化，會產生感應電流。,scope-reviewed-required-unmapped,,,,,assessmentRole=direct-integrated-natural-choice;marker=none;appendix=NAER-CURRICULUM-NATURAL-APPENDIX-BLOCK-05645;limits=NAER-CURRICULUM-NATURAL:5657|NAER-CURRICULUM-NATURAL:5676|NAER-CURRICULUM-NATURAL:5678
AUTH-NATURAL-LC-KC-4-7,NAER-CURRICULUM-NATURAL,integrated_natural|physics_chemistry,Kc-Ⅳ-7,電池連接導體形成通路時，多數導體通過的電流與其兩端電壓差成正比，其比值即為電阻。,電池連接導體形成通路時，多數導體通過的電流與其兩端電壓差成正比，其比值即為電阻。,scope-reviewed-required-unmapped,,,,,assessmentRole=direct-integrated-natural-choice;marker=none;appendix=NAER-CURRICULUM-NATURAL-APPENDIX-BLOCK-05645;limits=NAER-CURRICULUM-NATURAL:5657|NAER-CURRICULUM-NATURAL:5676|NAER-CURRICULUM-NATURAL:5678
AUTH-NATURAL-LC-KC-4-8,NAER-CURRICULUM-NATURAL,integrated_natural|physics_chemistry,Kc-Ⅳ-8,電流通過帶有電阻物體時，能量會以發熱的形式逸散。,電流通過帶有電阻物體時，能量會以發熱的形式逸散。,scope-reviewed-required-unmapped,,,,,assessmentRole=direct-integrated-natural-choice;marker=none;appendix=NAER-CURRICULUM-NATURAL-APPENDIX-BLOCK-05645;limits=NAER-CURRICULUM-NATURAL:5657|NAER-CURRICULUM-NATURAL:5676|NAER-CURRICULUM-NATURAL:5678
AUTH-NATURAL-LC-LA-4-1,NAER-CURRICULUM-NATURAL,biology|integrated_natural,La-Ⅳ-1,隨著生物間、生物與環境間的交互作用，生態系中的結構會隨時間改變，形成演替現象。,隨著生物間、生物與環境間的交互作用，生態系中的結構會隨時間改變，形成演替現象。,scope-reviewed-required-unmapped,,,,,assessmentRole=direct-integrated-natural-choice;marker=none;appendix=NAER-CURRICULUM-NATURAL-APPENDIX-BLOCK-05323;limits=NAER-CURRICULUM-NATURAL:5326
AUTH-NATURAL-LC-LB-4-1,NAER-CURRICULUM-NATURAL,biology|integrated_natural,Lb-Ⅳ-1,生態系中的非生物因子會影響生物的分布與生存，環境調查時常需檢測非生物因子的變化。,生態系中的非生物因子會影響生物的分布與生存，環境調查時常需檢測非生物因子的變化。,scope-reviewed-required-unmapped,,,,,assessmentRole=direct-integrated-natural-choice;marker=none;appendix=NAER-CURRICULUM-NATURAL-APPENDIX-BLOCK-05328;limits=none
AUTH-NATURAL-LC-LB-4-2,NAER-CURRICULUM-NATURAL,biology|integrated_natural,Lb-Ⅳ-2,人類活動會改變環境，也可能影響其他生物的生存。,人類活動會改變環境，也可能影響其他生物的生存。,scope-reviewed-required-unmapped,,,,,assessmentRole=direct-integrated-natural-choice;marker=none;appendix=NAER-CURRICULUM-NATURAL-APPENDIX-BLOCK-05328;limits=none
AUTH-NATURAL-LC-LB-4-3,NAER-CURRICULUM-NATURAL,biology|integrated_natural,Lb-Ⅳ-3,人類可採取行動來維持生物的生存環境，使生物能在自然環境中生長、繁殖、交互作用，以維持生態平衡。,人類可採取行動來維持生物的生存環境，使生物能在自然環境中生長、繁殖、交互作用，以維持生態平衡。,scope-reviewed-required-unmapped,,,,,assessmentRole=direct-integrated-natural-choice;marker=none;appendix=NAER-CURRICULUM-NATURAL-APPENDIX-BLOCK-05328;limits=none
AUTH-NATURAL-LC-MA-4-1,NAER-CURRICULUM-NATURAL,biology|integrated_natural,Ma-Ⅳ-1,生命科學的進步，有助於解決社會中發生的農業、食品、能源、醫藥，以及環境相關的問題。,生命科學的進步，有助於解決社會中發生的農業、食品、能源、醫藥，以及環境相關的問題。,scope-reviewed-required-unmapped,,,,,assessmentRole=direct-integrated-natural-choice;marker=none;appendix=NAER-CURRICULUM-NATURAL-APPENDIX-BLOCK-05345;limits=none
AUTH-NATURAL-LC-MA-4-2,NAER-CURRICULUM-NATURAL,biology|integrated_natural,Ma-Ⅳ-2,保育工作不是只有科學家能夠處理，所有的公民都有權利及義務，共同研究、監控及維護生物多樣性。,保育工作不是只有科學家能夠處理，所有的公民都有權利及義務，共同研究、監控及維護生物多樣性。,scope-reviewed-required-unmapped,,,,,assessmentRole=direct-integrated-natural-choice;marker=none;appendix=NAER-CURRICULUM-NATURAL-APPENDIX-BLOCK-05345;limits=none
AUTH-NATURAL-LC-MA-4-3,NAER-CURRICULUM-NATURAL,integrated_natural|physics_chemistry,Ma-Ⅳ-3,不同的材料對生活及社會的影響 。,不同的材料對生活及社會的影響 。,scope-reviewed-required-unmapped,,,,,assessmentRole=direct-integrated-natural-choice;marker=none;appendix=NAER-CURRICULUM-NATURAL-APPENDIX-BLOCK-05943;limits=none
AUTH-NATURAL-LC-MA-4-4,NAER-CURRICULUM-NATURAL,integrated_natural|physics_chemistry,Ma-Ⅳ-4,各種發電方式與新興的能源科技對社會、經濟、環境及生態的影響。,各種發電方式與新興的能源科技對社會、經濟、環境及生態的影響。,scope-reviewed-required-unmapped,,,,,assessmentRole=direct-integrated-natural-choice;marker=none;appendix=NAER-CURRICULUM-NATURAL-APPENDIX-BLOCK-05943;limits=none
AUTH-NATURAL-LC-MA-4-5,NAER-CURRICULUM-NATURAL,biology|earth_science|integrated_natural|physics_chemistry,Ma-Ⅳ-5,各種本土科學知能（含原住民族科學與世界觀）對社會、經濟環境及生態保護之啟示。,各種本土科學知能（含原住民族科學與世界觀）對社會、經濟環境及生態保護之啟示。,scope-reviewed-required-unmapped,,,,,assessmentRole=direct-integrated-natural-choice;marker=none;appendix=NAER-CURRICULUM-NATURAL-APPENDIX-BLOCK-05345|NAER-CURRICULUM-NATURAL-APPENDIX-BLOCK-05681|NAER-CURRICULUM-NATURAL-APPENDIX-BLOCK-05943|NAER-CURRICULUM-NATURAL-APPENDIX-BLOCK-06221;limits=none
AUTH-NATURAL-LC-MB-4-1,NAER-CURRICULUM-NATURAL,biology|integrated_natural,Mb-Ⅳ-1,生物技術的發展是為了因應人類需求，運用跨領域技術來改造生物。發展相關技術的歷程中，也應避免對其他生物以及環境造成過度的影響。,生物技術的發展是為了因應人類需求，運用跨領域技術來改造生物。發展相關技術的歷程中，也應避免對其他生物以及環境造成過度的影響。,scope-reviewed-required-unmapped,,,,,assessmentRole=direct-integrated-natural-choice;marker=none;appendix=NAER-CURRICULUM-NATURAL-APPENDIX-BLOCK-05362;limits=NAER-CURRICULUM-NATURAL:5364|NAER-CURRICULUM-NATURAL:5369
AUTH-NATURAL-LC-MB-4-2,NAER-CURRICULUM-NATURAL,biology|earth_science|integrated_natural|physics_chemistry,Mb-Ⅳ-2,科學史上重要發現的過程，以及不同性別、背景、族群者於其中的貢獻。,科學史上重要發現的過程，以及不同性別、背景、族群者於其中的貢獻。,scope-reviewed-required-unmapped,,,,,assessmentRole=direct-integrated-natural-choice;marker=none;appendix=NAER-CURRICULUM-NATURAL-APPENDIX-BLOCK-05362|NAER-CURRICULUM-NATURAL-APPENDIX-BLOCK-05686|NAER-CURRICULUM-NATURAL-APPENDIX-BLOCK-05956|NAER-CURRICULUM-NATURAL-APPENDIX-BLOCK-06226;limits=NAER-CURRICULUM-NATURAL:5364|NAER-CURRICULUM-NATURAL:5369|NAER-CURRICULUM-NATURAL:5689|NAER-CURRICULUM-NATURAL:5963|NAER-CURRICULUM-NATURAL:6229
AUTH-NATURAL-LC-MC-4-1,NAER-CURRICULUM-NATURAL,biology|integrated_natural,Mc-Ⅳ-1,生物生長條件與機制在處理環境汙染物質的應用。,生物生長條件與機制在處理環境汙染物質的應用。,scope-reviewed-required-unmapped,,,,,assessmentRole=direct-integrated-natural-choice;marker=none;appendix=NAER-CURRICULUM-NATURAL-APPENDIX-BLOCK-05371;limits=none
AUTH-NATURAL-LC-MC-4-2,NAER-CURRICULUM-NATURAL,biology|integrated_natural,Mc-Ⅳ-2,運用生物體的構造與功能，可改善人類生活。,運用生物體的構造與功能，可改善人類生活。,scope-reviewed-required-unmapped,,,,,assessmentRole=direct-integrated-natural-choice;marker=none;appendix=NAER-CURRICULUM-NATURAL-APPENDIX-BLOCK-05371;limits=none
AUTH-NATURAL-LC-MC-4-3,NAER-CURRICULUM-NATURAL,integrated_natural|physics_chemistry,Mc-Ⅳ-3,生活中對各種材料進行加工與運用。,生活中對各種材料進行加工與運用。,scope-reviewed-required-unmapped,,,,,assessmentRole=direct-integrated-natural-choice;marker=none;appendix=NAER-CURRICULUM-NATURAL-APPENDIX-BLOCK-05965;limits=NAER-CURRICULUM-NATURAL:5977
AUTH-NATURAL-LC-MC-4-4,NAER-CURRICULUM-NATURAL,integrated_natural|physics_chemistry,Mc-Ⅳ-4,常見人造材料的特性、簡單的製造過程及在生活上的應用。,常見人造材料的特性、簡單的製造過程及在生活上的應用。,scope-reviewed-required-unmapped,,,,,assessmentRole=direct-integrated-natural-choice;marker=none;appendix=NAER-CURRICULUM-NATURAL-APPENDIX-BLOCK-05965;limits=NAER-CURRICULUM-NATURAL:5977
AUTH-NATURAL-LC-MC-4-5,NAER-CURRICULUM-NATURAL,integrated_natural|physics_chemistry,Mc-Ⅳ-5,電力供應與輸送方式的概要。,電力供應與輸送方式的概要。,scope-reviewed-required-unmapped,,,,,assessmentRole=direct-integrated-natural-choice;marker=none;appendix=NAER-CURRICULUM-NATURAL-APPENDIX-BLOCK-05691;limits=NAER-CURRICULUM-NATURAL:5695|NAER-CURRICULUM-NATURAL:5698
AUTH-NATURAL-LC-MC-4-6,NAER-CURRICULUM-NATURAL,integrated_natural|physics_chemistry,Mc-Ⅳ-6,用電安全常識，避免觸電和電線走火。,用電安全常識，避免觸電和電線走火。,scope-reviewed-required-unmapped,,,,,assessmentRole=direct-integrated-natural-choice;marker=none;appendix=NAER-CURRICULUM-NATURAL-APPENDIX-BLOCK-05691;limits=NAER-CURRICULUM-NATURAL:5695|NAER-CURRICULUM-NATURAL:5698
AUTH-NATURAL-LC-MC-4-7,NAER-CURRICULUM-NATURAL,integrated_natural|physics_chemistry,Mc-Ⅳ-7,電器標示和電費計算。,電器標示和電費計算。,scope-reviewed-required-unmapped,,,,,assessmentRole=direct-integrated-natural-choice;marker=none;appendix=NAER-CURRICULUM-NATURAL-APPENDIX-BLOCK-05691;limits=NAER-CURRICULUM-NATURAL:5695|NAER-CURRICULUM-NATURAL:5698
AUTH-NATURAL-LC-MD-4-1,NAER-CURRICULUM-NATURAL,biology|integrated_natural,Md-Ⅳ-1,生物保育知識與技能在防治天然災害的應用。,生物保育知識與技能在防治天然災害的應用。,scope-reviewed-required-unmapped,,,,,assessmentRole=direct-integrated-natural-choice;marker=none;appendix=NAER-CURRICULUM-NATURAL-APPENDIX-BLOCK-05381;limits=none
AUTH-NATURAL-LC-MD-4-2,NAER-CURRICULUM-NATURAL,earth_science|integrated_natural,Md-Ⅳ-2,颱風主要發生在七至九月，並容易造成生命財產的損失。,颱風主要發生在七至九月，並容易造成生命財產的損失。,scope-reviewed-required-unmapped,,,,,assessmentRole=direct-integrated-natural-choice;marker=none;appendix=NAER-CURRICULUM-NATURAL-APPENDIX-BLOCK-06231;limits=none
AUTH-NATURAL-LC-MD-4-3,NAER-CURRICULUM-NATURAL,earth_science|integrated_natural,Md-Ⅳ-3,颱風會帶來狂風、豪雨及暴潮等災害。,颱風會帶來狂風、豪雨及暴潮等災害。,scope-reviewed-required-unmapped,,,,,assessmentRole=direct-integrated-natural-choice;marker=none;appendix=NAER-CURRICULUM-NATURAL-APPENDIX-BLOCK-06231;limits=none
AUTH-NATURAL-LC-MD-4-4,NAER-CURRICULUM-NATURAL,earth_science|integrated_natural,Md-Ⅳ-4,臺灣位處於板塊交界，因此地震頻仍，常造成災害。,臺灣位處於板塊交界，因此地震頻仍，常造成災害。,scope-reviewed-required-unmapped,,,,,assessmentRole=direct-integrated-natural-choice;marker=none;appendix=NAER-CURRICULUM-NATURAL-APPENDIX-BLOCK-06231;limits=none
AUTH-NATURAL-LC-MD-4-5,NAER-CURRICULUM-NATURAL,earth_science|integrated_natural,Md-Ⅳ-5,大雨過後和順向坡會加重山崩的威脅。,大雨過後和順向坡會加重山崩的威脅。,scope-reviewed-required-unmapped,,,,,assessmentRole=direct-integrated-natural-choice;marker=none;appendix=NAER-CURRICULUM-NATURAL-APPENDIX-BLOCK-06231;limits=none
AUTH-NATURAL-LC-ME-4-1,NAER-CURRICULUM-NATURAL,biology|integrated_natural,Me-Ⅳ-1,環境汙染物對生物生長的影響及應用。,環境汙染物對生物生長的影響及應用。,scope-reviewed-required-unmapped,,,,,assessmentRole=direct-integrated-natural-choice;marker=none;appendix=NAER-CURRICULUM-NATURAL-APPENDIX-BLOCK-05387;limits=none
AUTH-NATURAL-LC-ME-4-2,NAER-CURRICULUM-NATURAL,integrated_natural|physics_chemistry,Me-Ⅳ-2,家庭廢水的影響與再利用。,家庭廢水的影響與再利用。,scope-reviewed-required-unmapped,,,,,assessmentRole=direct-integrated-natural-choice;marker=none;appendix=NAER-CURRICULUM-NATURAL-APPENDIX-BLOCK-05979;limits=none
AUTH-NATURAL-LC-ME-4-3,NAER-CURRICULUM-NATURAL,integrated_natural|physics_chemistry,Me-Ⅳ-3,空氣品質與空氣汙染的種類、來源及一般防治方法。,空氣品質與空氣汙染的種類、來源及一般防治方法。,scope-reviewed-required-unmapped,,,,,assessmentRole=direct-integrated-natural-choice;marker=none;appendix=NAER-CURRICULUM-NATURAL-APPENDIX-BLOCK-05979;limits=none
AUTH-NATURAL-LC-ME-4-4,NAER-CURRICULUM-NATURAL,integrated_natural|physics_chemistry,Me-Ⅳ-4,溫室氣體與全球暖化。,溫室氣體與全球暖化。,scope-reviewed-required-unmapped,,,,,assessmentRole=direct-integrated-natural-choice;marker=none;appendix=NAER-CURRICULUM-NATURAL-APPENDIX-BLOCK-05979;limits=none
AUTH-NATURAL-LC-ME-4-5,NAER-CURRICULUM-NATURAL,integrated_natural|physics_chemistry,Me-Ⅳ-5,重金屬汙染的影響。,重金屬汙染的影響。,scope-reviewed-required-unmapped,,,,,assessmentRole=direct-integrated-natural-choice;marker=none;appendix=NAER-CURRICULUM-NATURAL-APPENDIX-BLOCK-05979;limits=none
AUTH-NATURAL-LC-ME-4-6,NAER-CURRICULUM-NATURAL,biology|integrated_natural,Me-Ⅳ-6,環境汙染物與生物放大的關係。,環境汙染物與生物放大的關係。,scope-reviewed-required-unmapped,,,,,assessmentRole=direct-integrated-natural-choice;marker=none;appendix=NAER-CURRICULUM-NATURAL-APPENDIX-BLOCK-05387;limits=none
AUTH-NATURAL-LC-ME-4-7,NAER-CURRICULUM-NATURAL,integrated_natural|physics_chemistry,Me-Ⅳ-7,對聲音的特性做深入的研究可以幫助我們更確實防範噪音的汙染。,對聲音的特性做深入的研究可以幫助我們更確實防範噪音的汙染。,scope-reviewed-required-unmapped,,,,,assessmentRole=direct-integrated-natural-choice;marker=none;appendix=NAER-CURRICULUM-NATURAL-APPENDIX-BLOCK-05700;limits=none
AUTH-NATURAL-LC-NA-4-1,NAER-CURRICULUM-NATURAL,biology|integrated_natural,Na-Ⅳ-1,利用生物資源會影響生物間相互依存的關係。,利用生物資源會影響生物間相互依存的關係。,scope-reviewed-required-unmapped,,,,,assessmentRole=direct-integrated-natural-choice;marker=none;appendix=NAER-CURRICULUM-NATURAL-APPENDIX-BLOCK-05398;limits=none
AUTH-NATURAL-LC-NA-4-2,NAER-CURRICULUM-NATURAL,integrated_natural|physics_chemistry,Na-Ⅳ-2,生活中節約能源的方法。,生活中節約能源的方法。,scope-reviewed-required-unmapped,,,,,assessmentRole=direct-integrated-natural-choice;marker=none;appendix=NAER-CURRICULUM-NATURAL-APPENDIX-BLOCK-05997;limits=none
AUTH-NATURAL-LC-NA-4-3,NAER-CURRICULUM-NATURAL,integrated_natural|physics_chemistry,Na-Ⅳ-3,環境品質繫於資源的永續利用與維持生態平衡。,環境品質繫於資源的永續利用與維持生態平衡。,scope-reviewed-required-unmapped,,,,,assessmentRole=direct-integrated-natural-choice;marker=none;appendix=NAER-CURRICULUM-NATURAL-APPENDIX-BLOCK-05997;limits=none
AUTH-NATURAL-LC-NA-4-4,NAER-CURRICULUM-NATURAL,integrated_natural|physics_chemistry,Na-Ⅳ-4,資源使用的5R：減量、拒絕、重複使用、回收及再生。,資源使用的5R：減量、拒絕、重複使用、回收及再生。,scope-reviewed-required-unmapped,,,,,assessmentRole=direct-integrated-natural-choice;marker=none;appendix=NAER-CURRICULUM-NATURAL-APPENDIX-BLOCK-05997;limits=none
AUTH-NATURAL-LC-NA-4-5,NAER-CURRICULUM-NATURAL,integrated_natural|physics_chemistry,Na-Ⅳ-5,各種廢棄物對環境的影響，環境的承載能力與處理方法。,各種廢棄物對環境的影響，環境的承載能力與處理方法。,scope-reviewed-required-unmapped,,,,,assessmentRole=direct-integrated-natural-choice;marker=none;appendix=NAER-CURRICULUM-NATURAL-APPENDIX-BLOCK-05997;limits=none
AUTH-NATURAL-LC-NA-4-6,NAER-CURRICULUM-NATURAL,earth_science|integrated_natural,Na-Ⅳ-6,人類社會的發展必須建立在保護地球自然環境的基礎上。,人類社會的發展必須建立在保護地球自然環境的基礎上。,scope-reviewed-required-unmapped,,,,,assessmentRole=direct-integrated-natural-choice;marker=none;appendix=NAER-CURRICULUM-NATURAL-APPENDIX-BLOCK-06257;limits=none
AUTH-NATURAL-LC-NA-4-7,NAER-CURRICULUM-NATURAL,earth_science|integrated_natural,Na-Ⅳ-7,為使地球永續發展，可以從減量、回收、再利用、綠能等做起。,為使地球永續發展，可以從減量、回收、再利用、綠能等做起。,scope-reviewed-required-unmapped,,,,,assessmentRole=direct-integrated-natural-choice;marker=none;appendix=NAER-CURRICULUM-NATURAL-APPENDIX-BLOCK-06257;limits=none
AUTH-NATURAL-LC-NB-4-1,NAER-CURRICULUM-NATURAL,biology|integrated_natural,Nb-Ⅳ-1,全球暖化對生物的影響。,全球暖化對生物的影響。,scope-reviewed-required-unmapped,,,,,assessmentRole=direct-integrated-natural-choice;marker=none;appendix=NAER-CURRICULUM-NATURAL-APPENDIX-BLOCK-05404;limits=none
AUTH-NATURAL-LC-NB-4-2,NAER-CURRICULUM-NATURAL,earth_science|integrated_natural,Nb-Ⅳ-2,氣候變遷產生的衝擊有海平面上升、全球暖化、異常降水等現象。,氣候變遷產生的衝擊有海平面上升、全球暖化、異常降水等現象。,scope-reviewed-required-unmapped,,,,,assessmentRole=direct-integrated-natural-choice;marker=none;appendix=NAER-CURRICULUM-NATURAL-APPENDIX-BLOCK-06278;limits=none
AUTH-NATURAL-LC-NB-4-3,NAER-CURRICULUM-NATURAL,earth_science|integrated_natural,Nb-Ⅳ-3,因應氣候變遷的方法有減緩與調適。,因應氣候變遷的方法有減緩與調適。,scope-reviewed-required-unmapped,,,,,assessmentRole=direct-integrated-natural-choice;marker=none;appendix=NAER-CURRICULUM-NATURAL-APPENDIX-BLOCK-06278;limits=none
AUTH-NATURAL-LC-NC-4-1,NAER-CURRICULUM-NATURAL,biology|integrated_natural,Nc-Ⅳ-1,生質能源的發展現況。,生質能源的發展現況。,scope-reviewed-required-unmapped,,,,,assessmentRole=direct-integrated-natural-choice;marker=none;appendix=NAER-CURRICULUM-NATURAL-APPENDIX-BLOCK-05410;limits=none
AUTH-NATURAL-LC-NC-4-2,NAER-CURRICULUM-NATURAL,integrated_natural|physics_chemistry,Nc-Ⅳ-2,開發任何一種能源都有風險，應依據證據來評估與決策。,開發任何一種能源都有風險，應依據證據來評估與決策。,scope-reviewed-required-unmapped,,,,,assessmentRole=direct-integrated-natural-choice;marker=none;appendix=NAER-CURRICULUM-NATURAL-APPENDIX-BLOCK-06007;limits=none
AUTH-NATURAL-LC-NC-4-3,NAER-CURRICULUM-NATURAL,integrated_natural|physics_chemistry,Nc-Ⅳ-3,化石燃料的形成與特性。,化石燃料的形成與特性。,scope-reviewed-required-unmapped,,,,,assessmentRole=direct-integrated-natural-choice;marker=none;appendix=NAER-CURRICULUM-NATURAL-APPENDIX-BLOCK-06007;limits=none
AUTH-NATURAL-LC-NC-4-4,NAER-CURRICULUM-NATURAL,integrated_natural|physics_chemistry,Nc-Ⅳ-4,新興能源的開發，例如：風能、太陽能、核融合發電、汽電共生、生質能、燃料電池等。,新興能源的開發，例如：風能、太陽能、核融合發電、汽電共生、生質能、燃料電池等。,scope-reviewed-required-unmapped,,,,,assessmentRole=direct-integrated-natural-choice;marker=none;appendix=NAER-CURRICULUM-NATURAL-APPENDIX-BLOCK-05706;limits=none
AUTH-NATURAL-LC-NC-4-5,NAER-CURRICULUM-NATURAL,integrated_natural|physics_chemistry,Nc-Ⅳ-5,新興能源的科技，例如：油電混合動力車、太陽能飛機等。,新興能源的科技，例如：油電混合動力車、太陽能飛機等。,scope-reviewed-required-unmapped,,,,,assessmentRole=direct-integrated-natural-choice;marker=none;appendix=NAER-CURRICULUM-NATURAL-APPENDIX-BLOCK-05706;limits=none
AUTH-NATURAL-LC-NC-4-6,NAER-CURRICULUM-NATURAL,integrated_natural|physics_chemistry,Nc-Ⅳ-6,臺灣能源的利用現況與未來展望。,臺灣能源的利用現況與未來展望。,scope-reviewed-required-unmapped,,,,,assessmentRole=direct-integrated-natural-choice;marker=none;appendix=NAER-CURRICULUM-NATURAL-APPENDIX-BLOCK-05706;limits=none
AUTH-NATURAL-LP-AH-4-1,NAER-CURRICULUM-NATURAL,biology|earth_science|integrated_natural|physics_chemistry,ah-Ⅳ-1,對於有關科學發現的報導，甚至權威的解釋（例如：報章雜誌的報導或書本上的解釋），能抱持懷疑的態度，評估其推論的證據是否充分且可信賴。,對於有關科學發現的報導，甚至權威的解釋（例如：報章雜誌的報導或書本上的解釋），能抱持懷疑的態度，評估其推論的證據是否充分且可信賴。,scope-reviewed-required-unmapped,,,,,assessmentRole=embedded-in-integrated-natural-choice;marker=none;appendix=none;limits=none
AUTH-NATURAL-LP-AH-4-2,NAER-CURRICULUM-NATURAL,biology|earth_science|integrated_natural|physics_chemistry,ah-Ⅳ-2,應用所學到的科學知識與科學探究方法，幫助自己做出最佳的決定。,應用所學到的科學知識與科學探究方法，幫助自己做出最佳的決定。,scope-reviewed-required-unmapped,,,,,assessmentRole=embedded-in-integrated-natural-choice;marker=none;appendix=none;limits=none
AUTH-NATURAL-LP-AI-4-1,NAER-CURRICULUM-NATURAL,biology|earth_science|integrated_natural|physics_chemistry,ai-Ⅳ-1,動手實作解決問題或驗證自己想法，而獲得成就感。,動手實作解決問題或驗證自己想法，而獲得成就感。,scope-reviewed-required-unmapped,,,,,assessmentRole=embedded-in-integrated-natural-choice;marker=none;appendix=none;limits=none
AUTH-NATURAL-LP-AI-4-2,NAER-CURRICULUM-NATURAL,biology|earth_science|integrated_natural|physics_chemistry,ai-Ⅳ-2,透過與同儕的討論，分享科學發現的樂趣。,透過與同儕的討論，分享科學發現的樂趣。,scope-reviewed-required-unmapped,,,,,assessmentRole=embedded-in-integrated-natural-choice;marker=none;appendix=none;limits=none
AUTH-NATURAL-LP-AI-4-3,NAER-CURRICULUM-NATURAL,biology|earth_science|integrated_natural|physics_chemistry,ai-Ⅳ-3,透過所學到的科學知識和科學探索的各種方法，解釋自然現象發生的原因，建立科學學習的自信心。,透過所學到的科學知識和科學探索的各種方法，解釋自然現象發生的原因，建立科學學習的自信心。,scope-reviewed-required-unmapped,,,,,assessmentRole=embedded-in-integrated-natural-choice;marker=none;appendix=none;limits=none
AUTH-NATURAL-LP-AN-4-1,NAER-CURRICULUM-NATURAL,biology|earth_science|integrated_natural|physics_chemistry,an-Ⅳ-1,察覺到科學的觀察、測量和方法是否具有正當性，是受到社會共同建構的標準所規範。,察覺到科學的觀察、測量和方法是否具有正當性，是受到社會共同建構的標準所規範。,scope-reviewed-required-unmapped,,,,,assessmentRole=embedded-in-integrated-natural-choice;marker=none;appendix=none;limits=none
AUTH-NATURAL-LP-AN-4-2,NAER-CURRICULUM-NATURAL,biology|earth_science|integrated_natural|physics_chemistry,an-Ⅳ-2,分辨科學知識的確定性和持久性，會因科學研究的時空背景不同而有所變化。,分辨科學知識的確定性和持久性，會因科學研究的時空背景不同而有所變化。,scope-reviewed-required-unmapped,,,,,assessmentRole=embedded-in-integrated-natural-choice;marker=none;appendix=none;limits=none
AUTH-NATURAL-LP-AN-4-3,NAER-CURRICULUM-NATURAL,biology|earth_science|integrated_natural|physics_chemistry,an-Ⅳ-3,體察到不同性別、背景、族群科學家們具有堅毅、嚴謹和講求邏輯的特質，也具有好奇心、求知慾和想像力。,體察到不同性別、背景、族群科學家們具有堅毅、嚴謹和講求邏輯的特質，也具有好奇心、求知慾和想像力。,scope-reviewed-required-unmapped,,,,,assessmentRole=embedded-in-integrated-natural-choice;marker=none;appendix=none;limits=none
AUTH-NATURAL-LP-PA-4-1,NAER-CURRICULUM-NATURAL,biology|earth_science|integrated_natural|physics_chemistry,pa-Ⅳ-1,能分析歸納、製作圖表、使用資訊及數學等方法，整理資訊或數據。,能分析歸納、製作圖表、使用資訊及數學等方法，整理資訊或數據。,scope-reviewed-required-unmapped,,,,,assessmentRole=embedded-in-integrated-natural-choice;marker=none;appendix=none;limits=none
AUTH-NATURAL-LP-PA-4-2,NAER-CURRICULUM-NATURAL,biology|earth_science|integrated_natural|physics_chemistry,pa-Ⅳ-2,能運用科學原理、思考智能、數學等方法，從（所得的）資訊或數據，形成解釋、發現新知、獲知因果關係、解決問題或是發現新的問題。並能將自己的探究結果和同學的結果或其他相關的資訊比較對照，相互檢核，確認結果。,能運用科學原理、思考智能、數學等方法，從（所得的）資訊或數據，形成解釋、發現新知、獲知因果關係、解決問題或是發現新的問題。並能將自己的探究結果和同學的結果或其他相關的資訊比較對照，相互檢核，確認結果。,scope-reviewed-required-unmapped,,,,,assessmentRole=embedded-in-integrated-natural-choice;marker=none;appendix=none;limits=none
AUTH-NATURAL-LP-PC-4-1,NAER-CURRICULUM-NATURAL,biology|earth_science|integrated_natural|physics_chemistry,pc-Ⅳ-1,能理解同學的探究過程和結果（或經簡化過的科學報告），提出合理而且具有根據的疑問或意見。並能對問題、探究方法、證據及發現，彼此間的符應情形，進行檢核並提出可能的改善方案。,能理解同學的探究過程和結果（或經簡化過的科學報告），提出合理而且具有根據的疑問或意見。並能對問題、探究方法、證據及發現，彼此間的符應情形，進行檢核並提出可能的改善方案。,scope-reviewed-required-unmapped,,,,,assessmentRole=embedded-in-integrated-natural-choice;marker=none;appendix=none;limits=none
AUTH-NATURAL-LP-PC-4-2,NAER-CURRICULUM-NATURAL,biology|earth_science|integrated_natural|physics_chemistry,pc-Ⅳ-2,能利用口語、影像（例如：攝影、錄影）、文字與圖案、繪圖或實物、科學名詞、數學公式、模型或經教師認可後以報告或新媒體形式表達完整之探究過程、發現與成果、價值、限制和主張等。視需要，並能摘要描述主要過程、發現和可能的運用。,能利用口語、影像（例如：攝影、錄影）、文字與圖案、繪圖或實物、科學名詞、數學公式、模型或經教師認可後以報告或新媒體形式表達完整之探究過程、發現與成果、價值、限制和主張等。視需要，並能摘要描述主要過程、發現和可能的運用。,scope-reviewed-required-unmapped,,,,,assessmentRole=embedded-in-integrated-natural-choice;marker=none;appendix=none;limits=none
AUTH-NATURAL-LP-PE-4-1,NAER-CURRICULUM-NATURAL,biology|earth_science|integrated_natural|physics_chemistry,pe-Ⅳ-1,能辨明多個自變項、應變項並計劃適當次數的測試、預測活動的可能結果。在教師或教科書的指導或說明下，能了解探究的計畫，並進而能根據問題特性、資源（例如：設備、時間）等因素，規劃具有可信度（例如：多次測量等）的探究活動。,能辨明多個自變項、應變項並計劃適當次數的測試、預測活動的可能結果。在教師或教科書的指導或說明下，能了解探究的計畫，並進而能根據問題特性、資源（例如：設備、時間）等因素，規劃具有可信度（例如：多次測量等）的探究活動。,scope-reviewed-required-unmapped,,,,,assessmentRole=embedded-in-integrated-natural-choice;marker=none;appendix=none;limits=none
AUTH-NATURAL-LP-PE-4-2,NAER-CURRICULUM-NATURAL,biology|earth_science|integrated_natural|physics_chemistry,pe-Ⅳ-2,能正確安全操作適合學習階段的物品、器材儀器、科技設備及資源。能進行客觀的質性觀察或數值量測並詳實記錄。,能正確安全操作適合學習階段的物品、器材儀器、科技設備及資源。能進行客觀的質性觀察或數值量測並詳實記錄。,scope-reviewed-required-unmapped,,,,,assessmentRole=embedded-in-integrated-natural-choice;marker=none;appendix=none;limits=none
AUTH-NATURAL-LP-PO-4-1,NAER-CURRICULUM-NATURAL,biology|earth_science|integrated_natural|physics_chemistry,po-Ⅳ-1,能從學習活動、日常經驗及科技運用、自然環境、書刊及網路媒體中，進行各種有計畫的觀察，進而能察覺問題。,能從學習活動、日常經驗及科技運用、自然環境、書刊及網路媒體中，進行各種有計畫的觀察，進而能察覺問題。,scope-reviewed-required-unmapped,,,,,assessmentRole=embedded-in-integrated-natural-choice;marker=none;appendix=none;limits=none
AUTH-NATURAL-LP-PO-4-2,NAER-CURRICULUM-NATURAL,biology|earth_science|integrated_natural|physics_chemistry,po-Ⅳ-2,能辨別適合科學探究或適合以科學方式尋求解決的問題（或假說），並能依據觀察、蒐集資料、閱讀、思考、討論等，提出適宜探究之問題。,能辨別適合科學探究或適合以科學方式尋求解決的問題（或假說），並能依據觀察、蒐集資料、閱讀、思考、討論等，提出適宜探究之問題。,scope-reviewed-required-unmapped,,,,,assessmentRole=embedded-in-integrated-natural-choice;marker=none;appendix=none;limits=none
AUTH-NATURAL-LP-TC-4-1,NAER-CURRICULUM-NATURAL,biology|earth_science|integrated_natural|physics_chemistry,tc-Ⅳ-1,能依據已知的自然科學知識與概念，對自己蒐集與分類的科學數據，抱持合理的懷疑態度，並對他人的資訊或報告，提出自己的看法或解釋。,能依據已知的自然科學知識與概念，對自己蒐集與分類的科學數據，抱持合理的懷疑態度，並對他人的資訊或報告，提出自己的看法或解釋。,scope-reviewed-required-unmapped,,,,,assessmentRole=embedded-in-integrated-natural-choice;marker=none;appendix=none;limits=none
AUTH-NATURAL-LP-TI-4-1,NAER-CURRICULUM-NATURAL,biology|earth_science|integrated_natural|physics_chemistry,ti-Ⅳ-1,能依據已知的自然科學知識概念，經由自我或團體探索與討論的過程，想像當使用的觀察方法或實驗方法改變時，其結果可能產生的差異；並能嘗試在指導下以創新思考和方法得到新的模型、成品或結果。,能依據已知的自然科學知識概念，經由自我或團體探索與討論的過程，想像當使用的觀察方法或實驗方法改變時，其結果可能產生的差異；並能嘗試在指導下以創新思考和方法得到新的模型、成品或結果。,scope-reviewed-required-unmapped,,,,,assessmentRole=embedded-in-integrated-natural-choice;marker=none;appendix=none;limits=none
AUTH-NATURAL-LP-TM-4-1,NAER-CURRICULUM-NATURAL,biology|earth_science|integrated_natural|physics_chemistry,tm-Ⅳ-1,能從實驗過程、合作討論中理解較複雜的自然界模型，並能評估不同模型的優點和限制，進能應用在後續的科學理解或生活。,能從實驗過程、合作討論中理解較複雜的自然界模型，並能評估不同模型的優點和限制，進能應用在後續的科學理解或生活。,scope-reviewed-required-unmapped,,,,,assessmentRole=embedded-in-integrated-natural-choice;marker=none;appendix=none;limits=none
AUTH-NATURAL-LP-TR-4-1,NAER-CURRICULUM-NATURAL,biology|earth_science|integrated_natural|physics_chemistry,tr-Ⅳ-1,能將所習得的知識正確的連結到所觀察到的自然現象及實驗數據，並推論出其中的關聯，進而運用習得的知識來解釋自己論點的正確性。,能將所習得的知識正確的連結到所觀察到的自然現象及實驗數據，並推論出其中的關聯，進而運用習得的知識來解釋自己論點的正確性。,scope-reviewed-required-unmapped,,,,,assessmentRole=embedded-in-integrated-natural-choice;marker=none;appendix=none;limits=none
AUTH-SOCIAL-LC-CIV-AA-4-1,NAER-CURRICULUM-SOCIAL,civics|integrated_social,公Aa-Ⅳ-1,什麼是公民？,什麼是公民？,scope-reviewed-required-unmapped,,,,,assessmentRole=direct-integrated-social-choice;marker=none;appendix=NAER-CURRICULUM-SOCIAL-APPENDIX-BLOCK-05686;limits=NAER-CURRICULUM-SOCIAL:5688
AUTH-SOCIAL-LC-CIV-AA-4-2,NAER-CURRICULUM-SOCIAL,civics|integrated_social,公Aa-Ⅳ-2,現代公民必須具備哪些基本的德性？為什麼？,現代公民必須具備哪些基本的德性？為什麼？,scope-reviewed-required-unmapped,,,,,assessmentRole=direct-integrated-social-choice;marker=none;appendix=NAER-CURRICULUM-SOCIAL-APPENDIX-BLOCK-05690;limits=NAER-CURRICULUM-SOCIAL:5692
AUTH-SOCIAL-LC-CIV-AB-4-1,NAER-CURRICULUM-SOCIAL,civics|integrated_social,公Ab-Ⅳ-1,民主國家中權力與權利的差別及關聯。,民主國家中權力與權利的差別及關聯。,scope-reviewed-required-unmapped,,,,,assessmentRole=direct-integrated-social-choice;marker=none;appendix=NAER-CURRICULUM-SOCIAL-APPENDIX-BLOCK-05704;limits=none
AUTH-SOCIAL-LC-CIV-AB-4-2,NAER-CURRICULUM-SOCIAL,civics|integrated_social,公Ab-Ⅳ-2,學生們在校園中享有哪些權利？如何在校園生活中實踐公民德性？,學生們在校園中享有哪些權利？如何在校園生活中實踐公民德性？,scope-reviewed-required-unmapped,,,,,assessmentRole=direct-integrated-social-choice;marker=none;appendix=NAER-CURRICULUM-SOCIAL-APPENDIX-BLOCK-05708;limits=none
AUTH-SOCIAL-LC-CIV-AD-4-1,NAER-CURRICULUM-SOCIAL,civics|integrated_social,公Ad-Ⅳ-1,為什麼保障人權與維護人性尊嚴有關？,為什麼保障人權與維護人性尊嚴有關？,scope-reviewed-required-unmapped,,,,,assessmentRole=direct-integrated-social-choice;marker=none;appendix=NAER-CURRICULUM-SOCIAL-APPENDIX-BLOCK-05740;limits=none
AUTH-SOCIAL-LC-CIV-AD-4-2,NAER-CURRICULUM-SOCIAL,civics|integrated_social,公Ad-Ⅳ-2,為什麼人權應超越國籍、種族、族群、區域、文化、性別、性傾向與身心障礙等界限，受到普遍性的保障？,為什麼人權應超越國籍、種族、族群、區域、文化、性別、性傾向與身心障礙等界限，受到普遍性的保障？,scope-reviewed-required-unmapped,,,,,assessmentRole=direct-integrated-social-choice;marker=none;appendix=NAER-CURRICULUM-SOCIAL-APPENDIX-BLOCK-05743;limits=NAER-CURRICULUM-SOCIAL:5745
AUTH-SOCIAL-LC-CIV-BA-4-1,NAER-CURRICULUM-SOCIAL,civics|integrated_social,公Ba-Ⅳ-1,為什麼家庭是基本及重要的社會組織？,為什麼家庭是基本及重要的社會組織？,scope-reviewed-required-unmapped,,,,,assessmentRole=direct-integrated-social-choice;marker=none;appendix=NAER-CURRICULUM-SOCIAL-APPENDIX-BLOCK-05756;limits=none
AUTH-SOCIAL-LC-CIV-BA-4-2,NAER-CURRICULUM-SOCIAL,civics|integrated_social,公Ba-Ⅳ-2,在原住民族社會中，部落的意義與重要性是什麼？為什麼？,在原住民族社會中，部落的意義與重要性是什麼？為什麼？,scope-reviewed-required-unmapped,,,,,assessmentRole=direct-integrated-social-choice;marker=none;appendix=NAER-CURRICULUM-SOCIAL-APPENDIX-BLOCK-05760;limits=none
AUTH-SOCIAL-LC-CIV-BA-4-3,NAER-CURRICULUM-SOCIAL,civics|integrated_social,公Ba-Ⅳ-3,家人間的親屬關係在法律上是如何形成的？親子之間為何互有權利與義務？,家人間的親屬關係在法律上是如何形成的？親子之間為何互有權利與義務？,scope-reviewed-required-unmapped,,,,,assessmentRole=direct-integrated-social-choice;marker=none;appendix=NAER-CURRICULUM-SOCIAL-APPENDIX-BLOCK-05763;limits=none
AUTH-SOCIAL-LC-CIV-BA-4-4,NAER-CURRICULUM-SOCIAL,civics|integrated_social,公Ba-Ⅳ-4,為什麼會產生多樣化的家庭型態？家庭職能如何隨著社會變遷而改變？,為什麼會產生多樣化的家庭型態？家庭職能如何隨著社會變遷而改變？,scope-reviewed-required-unmapped,,,,,assessmentRole=direct-integrated-social-choice;marker=none;appendix=NAER-CURRICULUM-SOCIAL-APPENDIX-BLOCK-05766;limits=NAER-CURRICULUM-SOCIAL:5768
AUTH-SOCIAL-LC-CIV-BA-4-5,NAER-CURRICULUM-SOCIAL,civics|integrated_social,公Ba-Ⅳ-5,公權力如何介入以協助建立平權的家庭和發揮家庭職能？,公權力如何介入以協助建立平權的家庭和發揮家庭職能？,scope-reviewed-required-unmapped,,,,,assessmentRole=direct-integrated-social-choice;marker=none;appendix=NAER-CURRICULUM-SOCIAL-APPENDIX-BLOCK-05769;limits=none
AUTH-SOCIAL-LC-CIV-BB-4-1,NAER-CURRICULUM-SOCIAL,civics|integrated_social,公Bb-Ⅳ-1,除了家庭之外，個人還會參與哪些團體？為什麼？,除了家庭之外，個人還會參與哪些團體？為什麼？,scope-reviewed-required-unmapped,,,,,assessmentRole=direct-integrated-social-choice;marker=none;appendix=NAER-CURRICULUM-SOCIAL-APPENDIX-BLOCK-05774;limits=none
AUTH-SOCIAL-LC-CIV-BB-4-2,NAER-CURRICULUM-SOCIAL,civics|integrated_social,公Bb-Ⅳ-2,民主社會中的志願結社具有哪些特徵？對公共生活有什麼影響？,民主社會中的志願結社具有哪些特徵？對公共生活有什麼影響？,scope-reviewed-required-unmapped,,,,,assessmentRole=direct-integrated-social-choice;marker=none;appendix=NAER-CURRICULUM-SOCIAL-APPENDIX-BLOCK-05778;limits=NAER-CURRICULUM-SOCIAL:5780
AUTH-SOCIAL-LC-CIV-BC-4-1,NAER-CURRICULUM-SOCIAL,civics|integrated_social,公Bc-Ⅳ-1,為什麼會有社會規範？法律與其他社會規範有什麼不同？,為什麼會有社會規範？法律與其他社會規範有什麼不同？,scope-reviewed-required-unmapped,,,,,assessmentRole=direct-integrated-social-choice;marker=none;appendix=NAER-CURRICULUM-SOCIAL-APPENDIX-BLOCK-05788;limits=none
AUTH-SOCIAL-LC-CIV-BC-4-2,NAER-CURRICULUM-SOCIAL,civics|integrated_social,公Bc-Ⅳ-2,日常生活規範與文化有什麼關係？,日常生活規範與文化有什麼關係？,scope-reviewed-required-unmapped,,,,,assessmentRole=direct-integrated-social-choice;marker=none;appendix=NAER-CURRICULUM-SOCIAL-APPENDIX-BLOCK-05791;limits=none
AUTH-SOCIAL-LC-CIV-BC-4-3,NAER-CURRICULUM-SOCIAL,civics|integrated_social,公Bc-Ⅳ-3,社會規範如何隨著時間與空間而變動？臺灣社會之族群、性別、性傾向與身心障礙相關規範如何變動？,社會規範如何隨著時間與空間而變動？臺灣社會之族群、性別、性傾向與身心障礙相關規範如何變動？,scope-reviewed-required-unmapped,,,,,assessmentRole=direct-integrated-social-choice;marker=none;appendix=NAER-CURRICULUM-SOCIAL-APPENDIX-BLOCK-05794;limits=NAER-CURRICULUM-SOCIAL:5796
AUTH-SOCIAL-LC-CIV-BD-4-1,NAER-CURRICULUM-SOCIAL,civics|integrated_social,公Bd-Ⅳ-1,國家與政府的區別。,國家與政府的區別。,scope-reviewed-required-unmapped,,,,,assessmentRole=direct-integrated-social-choice;marker=none;appendix=NAER-CURRICULUM-SOCIAL-APPENDIX-BLOCK-05808;limits=NAER-CURRICULUM-SOCIAL:5810
AUTH-SOCIAL-LC-CIV-BE-4-1,NAER-CURRICULUM-SOCIAL,civics|integrated_social,公Be-Ⅳ-1,民主國家的政府體制為什麼須符合權力分立的原則？,民主國家的政府體制為什麼須符合權力分立的原則？,scope-reviewed-required-unmapped,,,,,assessmentRole=direct-integrated-social-choice;marker=none;appendix=NAER-CURRICULUM-SOCIAL-APPENDIX-BLOCK-05820;limits=NAER-CURRICULUM-SOCIAL:5822
AUTH-SOCIAL-LC-CIV-BE-4-2,NAER-CURRICULUM-SOCIAL,civics|integrated_social,公Be-Ⅳ-2,為什麼政府的職權與行使要規範在憲法中？,為什麼政府的職權與行使要規範在憲法中？,scope-reviewed-required-unmapped,,,,,assessmentRole=direct-integrated-social-choice;marker=none;appendix=NAER-CURRICULUM-SOCIAL-APPENDIX-BLOCK-05824;limits=none
AUTH-SOCIAL-LC-CIV-BE-4-3,NAER-CURRICULUM-SOCIAL,civics|integrated_social,公Be-Ⅳ-3,我國中央政府如何組成？我國的地方政府如何組成？,我國中央政府如何組成？我國的地方政府如何組成？,scope-reviewed-required-unmapped,,,,,assessmentRole=direct-integrated-social-choice;marker=none;appendix=NAER-CURRICULUM-SOCIAL-APPENDIX-BLOCK-05827;limits=NAER-CURRICULUM-SOCIAL:5829
AUTH-SOCIAL-LC-CIV-BF-4-1,NAER-CURRICULUM-SOCIAL,civics|integrated_social,公Bf-Ⅳ-1,法治與人治的差異。,法治與人治的差異。,scope-reviewed-required-unmapped,,,,,assessmentRole=direct-integrated-social-choice;marker=none;appendix=NAER-CURRICULUM-SOCIAL-APPENDIX-BLOCK-05841;limits=none
AUTH-SOCIAL-LC-CIV-BF-4-2,NAER-CURRICULUM-SOCIAL,civics|integrated_social,公Bf-Ⅳ-2,憲法、法律、命令三者為什麼有位階的關係？,憲法、法律、命令三者為什麼有位階的關係？,scope-reviewed-required-unmapped,,,,,assessmentRole=direct-integrated-social-choice;marker=none;appendix=NAER-CURRICULUM-SOCIAL-APPENDIX-BLOCK-05845;limits=none
AUTH-SOCIAL-LC-CIV-BG-4-1,NAER-CURRICULUM-SOCIAL,civics|integrated_social,公Bg-Ⅳ-1,為什麼憲法被稱為「人民權利的保障書」？,為什麼憲法被稱為「人民權利的保障書」？,scope-reviewed-required-unmapped,,,,,assessmentRole=direct-integrated-social-choice;marker=none;appendix=NAER-CURRICULUM-SOCIAL-APPENDIX-BLOCK-05860;limits=none
AUTH-SOCIAL-LC-CIV-BH-4-1,NAER-CURRICULUM-SOCIAL,civics|integrated_social,公Bh-Ⅳ-1,為什麼行政法與我們日常生活息息相關？為什麼政府應依法行政？,為什麼行政法與我們日常生活息息相關？為什麼政府應依法行政？,scope-reviewed-required-unmapped,,,,,assessmentRole=direct-integrated-social-choice;marker=none;appendix=NAER-CURRICULUM-SOCIAL-APPENDIX-BLOCK-05875;limits=none
AUTH-SOCIAL-LC-CIV-BH-4-2,NAER-CURRICULUM-SOCIAL,civics|integrated_social,公Bh-Ⅳ-2,人民生活中有哪些常見的行政管制？當人民的權益受到侵害時，可以尋求行政救濟的意義為何？,人民生活中有哪些常見的行政管制？當人民的權益受到侵害時，可以尋求行政救濟的意義為何？,scope-reviewed-required-unmapped,,,,,assessmentRole=direct-integrated-social-choice;marker=none;appendix=NAER-CURRICULUM-SOCIAL-APPENDIX-BLOCK-05879;limits=NAER-CURRICULUM-SOCIAL:5881
AUTH-SOCIAL-LC-CIV-BI-4-1,NAER-CURRICULUM-SOCIAL,civics|integrated_social,公Bi-Ⅳ-1,國家為什麼要制定刑法？為什麼行為的處罰，必須以行為時的法律有明文規定者為限？,國家為什麼要制定刑法？為什麼行為的處罰，必須以行為時的法律有明文規定者為限？,scope-reviewed-required-unmapped,,,,,assessmentRole=direct-integrated-social-choice;marker=none;appendix=NAER-CURRICULUM-SOCIAL-APPENDIX-BLOCK-05894;limits=NAER-CURRICULUM-SOCIAL:5895
AUTH-SOCIAL-LC-CIV-BI-4-2,NAER-CURRICULUM-SOCIAL,civics|integrated_social,公Bi-Ⅳ-2,國家制定刑罰的目的是什麼？我國刑罰的制裁方式有哪些？,國家制定刑罰的目的是什麼？我國刑罰的制裁方式有哪些？,scope-reviewed-required-unmapped,,,,,assessmentRole=direct-integrated-social-choice;marker=none;appendix=NAER-CURRICULUM-SOCIAL-APPENDIX-BLOCK-05898;limits=NAER-CURRICULUM-SOCIAL:5900
AUTH-SOCIAL-LC-CIV-BI-4-3,NAER-CURRICULUM-SOCIAL,civics|integrated_social,公Bi-Ⅳ-3,在犯罪的追訴及處罰過程中，警察、檢察官及法官有哪些功能與權限？,在犯罪的追訴及處罰過程中，警察、檢察官及法官有哪些功能與權限？,scope-reviewed-required-unmapped,,,,,assessmentRole=direct-integrated-social-choice;marker=none;appendix=NAER-CURRICULUM-SOCIAL-APPENDIX-BLOCK-05901;limits=NAER-CURRICULUM-SOCIAL:5903
AUTH-SOCIAL-LC-CIV-BJ-4-1,NAER-CURRICULUM-SOCIAL,civics|integrated_social,公Bj-Ⅳ-1,為什麼一般契約只要雙方當事人合意即可生效，而有些契約必須完成登記方能生效？契約不履行會產生哪些責任？,為什麼一般契約只要雙方當事人合意即可生效，而有些契約必須完成登記方能生效？契約不履行會產生哪些責任？,scope-reviewed-required-unmapped,,,,,assessmentRole=direct-integrated-social-choice;marker=none;appendix=NAER-CURRICULUM-SOCIAL-APPENDIX-BLOCK-05921;limits=NAER-CURRICULUM-SOCIAL:5922
AUTH-SOCIAL-LC-CIV-BJ-4-2,NAER-CURRICULUM-SOCIAL,civics|integrated_social,公Bj-Ⅳ-2,為什麼一般人能自由訂立契約，而限制行為能力人訂立契約原則上必須得法定代理人同意？,為什麼一般人能自由訂立契約，而限制行為能力人訂立契約原則上必須得法定代理人同意？,scope-reviewed-required-unmapped,,,,,assessmentRole=direct-integrated-social-choice;marker=none;appendix=NAER-CURRICULUM-SOCIAL-APPENDIX-BLOCK-05925;limits=none
AUTH-SOCIAL-LC-CIV-BJ-4-3,NAER-CURRICULUM-SOCIAL,civics|integrated_social,公Bj-Ⅳ-3,侵權行為的概念與責任。,侵權行為的概念與責任。,scope-reviewed-required-unmapped,,,,,assessmentRole=direct-integrated-social-choice;marker=none;appendix=NAER-CURRICULUM-SOCIAL-APPENDIX-BLOCK-05928;limits=none
AUTH-SOCIAL-LC-CIV-BJ-4-4,NAER-CURRICULUM-SOCIAL,civics|integrated_social,公Bj-Ⅳ-4,智慧財產權為什麼需要保障？日常生活中，如何合理使用他人的著作？侵害著作權須負的法律責任有哪些？,智慧財產權為什麼需要保障？日常生活中，如何合理使用他人的著作？侵害著作權須負的法律責任有哪些？,scope-reviewed-required-unmapped,,,,,assessmentRole=direct-integrated-social-choice;marker=none;appendix=NAER-CURRICULUM-SOCIAL-APPENDIX-BLOCK-05931;limits=none
AUTH-SOCIAL-LC-CIV-BJ-4-5,NAER-CURRICULUM-SOCIAL,civics|integrated_social,公Bj-Ⅳ-5,社會生活上人民如何解決民事紛爭？這些解決方法各有哪些優缺點？,社會生活上人民如何解決民事紛爭？這些解決方法各有哪些優缺點？,scope-reviewed-required-unmapped,,,,,assessmentRole=direct-integrated-social-choice;marker=none;appendix=NAER-CURRICULUM-SOCIAL-APPENDIX-BLOCK-05934;limits=none
AUTH-SOCIAL-LC-CIV-BK-4-1,NAER-CURRICULUM-SOCIAL,civics|integrated_social,公Bk-Ⅳ-1,為什麼少年應具備重要的兒童及少年保護的相關法律知識？我國制定保護兒童及少年相關法律的目的是什麼？有哪些相關的重要保護措施？,為什麼少年應具備重要的兒童及少年保護的相關法律知識？我國制定保護兒童及少年相關法律的目的是什麼？有哪些相關的重要保護措施？,scope-reviewed-required-unmapped,,,,,assessmentRole=direct-integrated-social-choice;marker=none;appendix=NAER-CURRICULUM-SOCIAL-APPENDIX-BLOCK-05953;limits=none
AUTH-SOCIAL-LC-CIV-BL-4-1,NAER-CURRICULUM-SOCIAL,civics|integrated_social,公Bl-Ⅳ-1,個人與家庭為什麼需要做選擇？如何選擇？,個人與家庭為什麼需要做選擇？如何選擇？,scope-reviewed-required-unmapped,,,,,assessmentRole=direct-integrated-social-choice;marker=none;appendix=NAER-CURRICULUM-SOCIAL-APPENDIX-BLOCK-05965;limits=none
AUTH-SOCIAL-LC-CIV-BL-4-2,NAER-CURRICULUM-SOCIAL,civics|integrated_social,公Bl-Ⅳ-2,如何計算某項選擇的機會成本？,如何計算某項選擇的機會成本？,scope-reviewed-required-unmapped,,,,,assessmentRole=direct-integrated-social-choice;marker=none;appendix=NAER-CURRICULUM-SOCIAL-APPENDIX-BLOCK-05970;limits=none
AUTH-SOCIAL-LC-CIV-BL-4-3,NAER-CURRICULUM-SOCIAL,civics|integrated_social,公Bl-Ⅳ-3,如何使用機會成本的概念來解釋選擇行為？,如何使用機會成本的概念來解釋選擇行為？,scope-reviewed-required-unmapped,,,,,assessmentRole=direct-integrated-social-choice;marker=none;appendix=NAER-CURRICULUM-SOCIAL-APPENDIX-BLOCK-05973;limits=none
AUTH-SOCIAL-LC-CIV-BL-4-4,NAER-CURRICULUM-SOCIAL,civics|integrated_social,公Bl-Ⅳ-4,價格如何影響資源分配？,價格如何影響資源分配？,scope-reviewed-required-unmapped,,,,,assessmentRole=direct-integrated-social-choice;marker=none;appendix=NAER-CURRICULUM-SOCIAL-APPENDIX-BLOCK-05975;limits=none
AUTH-SOCIAL-LC-CIV-BL-4-5,NAER-CURRICULUM-SOCIAL,civics|integrated_social,公Bl-Ⅳ-5,不同分配資源的方法，各有哪些優缺點？,不同分配資源的方法，各有哪些優缺點？,scope-reviewed-required-unmapped,,,,,assessmentRole=direct-integrated-social-choice;marker=none;appendix=NAER-CURRICULUM-SOCIAL-APPENDIX-BLOCK-05978;limits=none
AUTH-SOCIAL-LC-CIV-BM-4-1,NAER-CURRICULUM-SOCIAL,civics|integrated_social,公Bm-Ⅳ-1,家庭與學校如何透過誘因影響學生的行為？,家庭與學校如何透過誘因影響學生的行為？,scope-reviewed-required-unmapped,,,,,assessmentRole=direct-integrated-social-choice;marker=none;appendix=NAER-CURRICULUM-SOCIAL-APPENDIX-BLOCK-05990;limits=none
AUTH-SOCIAL-LC-CIV-BM-4-2,NAER-CURRICULUM-SOCIAL,civics|integrated_social,公Bm-Ⅳ-2,為什麼不同人對同一誘因的反應不同？,為什麼不同人對同一誘因的反應不同？,scope-reviewed-required-unmapped,,,,,assessmentRole=direct-integrated-social-choice;marker=none;appendix=NAER-CURRICULUM-SOCIAL-APPENDIX-BLOCK-05995;limits=none
AUTH-SOCIAL-LC-CIV-BN-4-1,NAER-CURRICULUM-SOCIAL,civics|integrated_social,公Bn-Ⅳ-1,個人與家庭如何解決食衣住行的需求？,個人與家庭如何解決食衣住行的需求？,scope-reviewed-required-unmapped,,,,,assessmentRole=direct-integrated-social-choice;marker=none;appendix=NAER-CURRICULUM-SOCIAL-APPENDIX-BLOCK-06007;limits=none
AUTH-SOCIAL-LC-CIV-BN-4-2,NAER-CURRICULUM-SOCIAL,civics|integrated_social,公Bn-Ⅳ-2,人為什麼從自給自足轉向交易？,人為什麼從自給自足轉向交易？,scope-reviewed-required-unmapped,,,,,assessmentRole=direct-integrated-social-choice;marker=none;appendix=NAER-CURRICULUM-SOCIAL-APPENDIX-BLOCK-06011;limits=none
AUTH-SOCIAL-LC-CIV-BN-4-3,NAER-CURRICULUM-SOCIAL,civics|integrated_social,公Bn-Ⅳ-3,自願的交易為什麼對雙方都有利？,自願的交易為什麼對雙方都有利？,scope-reviewed-required-unmapped,,,,,assessmentRole=direct-integrated-social-choice;marker=none;appendix=NAER-CURRICULUM-SOCIAL-APPENDIX-BLOCK-06014;limits=none
AUTH-SOCIAL-LC-CIV-BN-4-4,NAER-CURRICULUM-SOCIAL,civics|integrated_social,公Bn-Ⅳ-4,臺灣開放外國商品進口的利弊。,臺灣開放外國商品進口的利弊。,scope-reviewed-required-unmapped,,,,,assessmentRole=direct-integrated-social-choice;marker=none;appendix=NAER-CURRICULUM-SOCIAL-APPENDIX-BLOCK-06017;limits=none
AUTH-SOCIAL-LC-CIV-BP-4-1,NAER-CURRICULUM-SOCIAL,civics|integrated_social,公Bp-Ⅳ-1,貨幣為什麼會出現？,貨幣為什麼會出現？,scope-reviewed-required-unmapped,,,,,assessmentRole=direct-integrated-social-choice;marker=none;appendix=NAER-CURRICULUM-SOCIAL-APPENDIX-BLOCK-06045;limits=none
AUTH-SOCIAL-LC-CIV-BP-4-2,NAER-CURRICULUM-SOCIAL,civics|integrated_social,公Bp-Ⅳ-2,使用儲值卡和使用貨幣的差異。,使用儲值卡和使用貨幣的差異。,scope-reviewed-required-unmapped,,,,,assessmentRole=direct-integrated-social-choice;marker=none;appendix=NAER-CURRICULUM-SOCIAL-APPENDIX-BLOCK-06049;limits=none
AUTH-SOCIAL-LC-CIV-BP-4-3,NAER-CURRICULUM-SOCIAL,civics|integrated_social,公Bp-Ⅳ-3,使用信用卡與儲值卡的差異。,使用信用卡與儲值卡的差異。,scope-reviewed-required-unmapped,,,,,assessmentRole=direct-integrated-social-choice;marker=none;appendix=NAER-CURRICULUM-SOCIAL-APPENDIX-BLOCK-06051;limits=none
AUTH-SOCIAL-LC-CIV-BP-4-4,NAER-CURRICULUM-SOCIAL,civics|integrated_social,公Bp-Ⅳ-4,買賣外幣通常透過銀行，哪些人會想要買外幣？哪些人會想要賣外幣？,買賣外幣通常透過銀行，哪些人會想要買外幣？哪些人會想要賣外幣？,scope-reviewed-required-unmapped,,,,,assessmentRole=direct-integrated-social-choice;marker=none;appendix=NAER-CURRICULUM-SOCIAL-APPENDIX-BLOCK-06053;limits=none
AUTH-SOCIAL-LC-CIV-CA-4-1,NAER-CURRICULUM-SOCIAL,civics|integrated_social,公Ca-Ⅳ-1,日常生活和公共事務中的爭議，為什麼應該以非暴力的方式來解決？,日常生活和公共事務中的爭議，為什麼應該以非暴力的方式來解決？,scope-reviewed-required-unmapped,,,,,assessmentRole=direct-integrated-social-choice;marker=none;appendix=NAER-CURRICULUM-SOCIAL-APPENDIX-BLOCK-06071;limits=none
AUTH-SOCIAL-LC-CIV-CA-4-2,NAER-CURRICULUM-SOCIAL,civics|integrated_social,公Ca-Ⅳ-2,行政機關在政策制定前，為什麼應提供人民參與和表達意見的機會？,行政機關在政策制定前，為什麼應提供人民參與和表達意見的機會？,scope-reviewed-required-unmapped,,,,,assessmentRole=direct-integrated-social-choice;marker=none;appendix=NAER-CURRICULUM-SOCIAL-APPENDIX-BLOCK-06075;limits=none
AUTH-SOCIAL-LC-CIV-CA-4-3,NAER-CURRICULUM-SOCIAL,civics|integrated_social,公Ca-Ⅳ-3,中學生如何參與校園公共事務的決策過程？,中學生如何參與校園公共事務的決策過程？,scope-reviewed-required-unmapped,,,,,assessmentRole=direct-integrated-social-choice;marker=none;appendix=NAER-CURRICULUM-SOCIAL-APPENDIX-BLOCK-06077;limits=none
AUTH-SOCIAL-LC-CIV-CB-4-1,NAER-CURRICULUM-SOCIAL,civics|integrated_social,公Cb-Ⅳ-1,民主社會的公共意見是如何形成的？有什麼特性？,民主社會的公共意見是如何形成的？有什麼特性？,scope-reviewed-required-unmapped,,,,,assessmentRole=direct-integrated-social-choice;marker=none;appendix=NAER-CURRICULUM-SOCIAL-APPENDIX-BLOCK-06090;limits=none
AUTH-SOCIAL-LC-CIV-CB-4-2,NAER-CURRICULUM-SOCIAL,civics|integrated_social,公Cb-Ⅳ-2,媒體與社群網路在公共意見形成的過程中，扮演什麼角色？閱聽人如何覺察其影響？,媒體與社群網路在公共意見形成的過程中，扮演什麼角色？閱聽人如何覺察其影響？,scope-reviewed-required-unmapped,,,,,assessmentRole=direct-integrated-social-choice;marker=none;appendix=NAER-CURRICULUM-SOCIAL-APPENDIX-BLOCK-06094;limits=none
AUTH-SOCIAL-LC-CIV-CC-4-1,NAER-CURRICULUM-SOCIAL,civics|integrated_social,公Cc-Ⅳ-1,民主社會中的政治參與為什麼很重要？,民主社會中的政治參與為什麼很重要？,scope-reviewed-required-unmapped,,,,,assessmentRole=direct-integrated-social-choice;marker=none;appendix=NAER-CURRICULUM-SOCIAL-APPENDIX-BLOCK-06108;limits=none
AUTH-SOCIAL-LC-CIV-CC-4-2,NAER-CURRICULUM-SOCIAL,civics|integrated_social,公Cc-Ⅳ-2,民主社會中為什麼常用投票來做為重要的參與形式？,民主社會中為什麼常用投票來做為重要的參與形式？,scope-reviewed-required-unmapped,,,,,assessmentRole=direct-integrated-social-choice;marker=none;appendix=NAER-CURRICULUM-SOCIAL-APPENDIX-BLOCK-06111;limits=none
AUTH-SOCIAL-LC-CIV-CC-4-3,NAER-CURRICULUM-SOCIAL,civics|integrated_social,公Cc-Ⅳ-3,公平投票有哪些基本原則？,公平投票有哪些基本原則？,scope-reviewed-required-unmapped,,,,,assessmentRole=direct-integrated-social-choice;marker=none;appendix=NAER-CURRICULUM-SOCIAL-APPENDIX-BLOCK-06113;limits=none
AUTH-SOCIAL-LC-CIV-CD-4-1,NAER-CURRICULUM-SOCIAL,civics|integrated_social,公Cd-Ⅳ-1,為什麼勞動參與是重要的？,為什麼勞動參與是重要的？,scope-reviewed-required-unmapped,,,,,assessmentRole=direct-integrated-social-choice;marker=none;appendix=NAER-CURRICULUM-SOCIAL-APPENDIX-BLOCK-06128;limits=none
AUTH-SOCIAL-LC-CIV-CD-4-2,NAER-CURRICULUM-SOCIAL,civics|integrated_social,公Cd-Ⅳ-2,家務勞動的分擔如何影響成員的個人發展與社會參與？其中可能蘊含哪些性別不平等的現象？,家務勞動的分擔如何影響成員的個人發展與社會參與？其中可能蘊含哪些性別不平等的現象？,scope-reviewed-required-unmapped,,,,,assessmentRole=direct-integrated-social-choice;marker=none;appendix=NAER-CURRICULUM-SOCIAL-APPENDIX-BLOCK-06132;limits=none
AUTH-SOCIAL-LC-CIV-CD-4-3,NAER-CURRICULUM-SOCIAL,civics|integrated_social,公Cd-Ⅳ-3,為什麼需要立法保障公平的市場勞動參與？,為什麼需要立法保障公平的市場勞動參與？,scope-reviewed-required-unmapped,,,,,assessmentRole=direct-integrated-social-choice;marker=none;appendix=NAER-CURRICULUM-SOCIAL-APPENDIX-BLOCK-06134;limits=none
AUTH-SOCIAL-LC-CIV-CF-4-1,NAER-CURRICULUM-SOCIAL,civics|integrated_social,公Cf-Ⅳ-1,廠商間的競爭對消費者有何影響？,廠商間的競爭對消費者有何影響？,scope-reviewed-required-unmapped,,,,,assessmentRole=direct-integrated-social-choice;marker=none;appendix=NAER-CURRICULUM-SOCIAL-APPENDIX-BLOCK-06166;limits=none
AUTH-SOCIAL-LC-CIV-CF-4-2,NAER-CURRICULUM-SOCIAL,civics|integrated_social,公Cf-Ⅳ-2,廠商可能的競爭方式有哪些？,廠商可能的競爭方式有哪些？,scope-reviewed-required-unmapped,,,,,assessmentRole=direct-integrated-social-choice;marker=none;appendix=NAER-CURRICULUM-SOCIAL-APPENDIX-BLOCK-06169;limits=none
AUTH-SOCIAL-LC-CIV-CF-4-3,NAER-CURRICULUM-SOCIAL,civics|integrated_social,公Cf-Ⅳ-3,為什麼新廠商越容易加入某一市場，則該市場的競爭程度越高？,為什麼新廠商越容易加入某一市場，則該市場的競爭程度越高？,scope-reviewed-required-unmapped,,,,,assessmentRole=direct-integrated-social-choice;marker=none;appendix=NAER-CURRICULUM-SOCIAL-APPENDIX-BLOCK-06172;limits=none
AUTH-SOCIAL-LC-CIV-DA-4-1,NAER-CURRICULUM-SOCIAL,civics|integrated_social,公Da-Ⅳ-1,日常生活中所說的「公不公平」有哪些例子？考量的原理或原則有哪些？,日常生活中所說的「公不公平」有哪些例子？考量的原理或原則有哪些？,scope-reviewed-required-unmapped,,,,,assessmentRole=direct-integrated-social-choice;marker=none;appendix=NAER-CURRICULUM-SOCIAL-APPENDIX-BLOCK-06194;limits=none
AUTH-SOCIAL-LC-CIV-DA-4-2,NAER-CURRICULUM-SOCIAL,civics|integrated_social,公Da-Ⅳ-2,日常生活中，個人或群體可能面臨哪些不公平處境？,日常生活中，個人或群體可能面臨哪些不公平處境？,scope-reviewed-required-unmapped,,,,,assessmentRole=direct-integrated-social-choice;marker=none;appendix=NAER-CURRICULUM-SOCIAL-APPENDIX-BLOCK-06198;limits=none
AUTH-SOCIAL-LC-CIV-DA-4-3,NAER-CURRICULUM-SOCIAL,civics|integrated_social,公Da-Ⅳ-3,日常生活中，僅依賴個人或團體行善可以促成社會公平正義的實現嗎？,日常生活中，僅依賴個人或團體行善可以促成社會公平正義的實現嗎？,scope-reviewed-required-unmapped,,,,,assessmentRole=direct-integrated-social-choice;marker=none;appendix=NAER-CURRICULUM-SOCIAL-APPENDIX-BLOCK-06201;limits=none
AUTH-SOCIAL-LC-CIV-DB-4-1,NAER-CURRICULUM-SOCIAL,civics|integrated_social,公Db-Ⅳ-1,個人的基本生活受到保障，和人性尊嚴及選擇自由有什麼關聯？,個人的基本生活受到保障，和人性尊嚴及選擇自由有什麼關聯？,scope-reviewed-required-unmapped,,,,,assessmentRole=direct-integrated-social-choice;marker=none;appendix=NAER-CURRICULUM-SOCIAL-APPENDIX-BLOCK-06218;limits=none
AUTH-SOCIAL-LC-CIV-DB-4-2,NAER-CURRICULUM-SOCIAL,civics|integrated_social,公Db-Ⅳ-2,為什麼國家有責任促成個人基本生活的保障？,為什麼國家有責任促成個人基本生活的保障？,scope-reviewed-required-unmapped,,,,,assessmentRole=direct-integrated-social-choice;marker=none;appendix=NAER-CURRICULUM-SOCIAL-APPENDIX-BLOCK-06221;limits=none
AUTH-SOCIAL-LC-CIV-DC-4-1,NAER-CURRICULUM-SOCIAL,civics|integrated_social,公Dc-Ⅳ-1,日常生活中，有哪些文化差異的例子？,日常生活中，有哪些文化差異的例子？,scope-reviewed-required-unmapped,,,,,assessmentRole=direct-integrated-social-choice;marker=none;appendix=NAER-CURRICULUM-SOCIAL-APPENDIX-BLOCK-06233;limits=NAER-CURRICULUM-SOCIAL:6235
AUTH-SOCIAL-LC-CIV-DC-4-2,NAER-CURRICULUM-SOCIAL,civics|integrated_social,公Dc-Ⅳ-2,不同語言與文化之間在哪些情況下會產生位階和不平等的現象？為什麼？,不同語言與文化之間在哪些情況下會產生位階和不平等的現象？為什麼？,scope-reviewed-required-unmapped,,,,,assessmentRole=direct-integrated-social-choice;marker=none;appendix=NAER-CURRICULUM-SOCIAL-APPENDIX-BLOCK-06237;limits=none
AUTH-SOCIAL-LC-CIV-DC-4-3,NAER-CURRICULUM-SOCIAL,civics|integrated_social,公Dc-Ⅳ-3,面對文化差異時，為什麼要互相尊重與包容？,面對文化差異時，為什麼要互相尊重與包容？,scope-reviewed-required-unmapped,,,,,assessmentRole=direct-integrated-social-choice;marker=none;appendix=NAER-CURRICULUM-SOCIAL-APPENDIX-BLOCK-06240;limits=none
AUTH-SOCIAL-LC-CIV-DD-4-1,NAER-CURRICULUM-SOCIAL,civics|integrated_social,公Dd-Ⅳ-1,可以用哪些現象或議題來理解「全球化過程」？,可以用哪些現象或議題來理解「全球化過程」？,scope-reviewed-required-unmapped,,,,,assessmentRole=direct-integrated-social-choice;marker=none;appendix=NAER-CURRICULUM-SOCIAL-APPENDIX-BLOCK-06254;limits=none
AUTH-SOCIAL-LC-CIV-DD-4-2,NAER-CURRICULUM-SOCIAL,civics|integrated_social,公Dd-Ⅳ-2,全球化帶來哪些影響？人們有哪些回應和評價？,全球化帶來哪些影響？人們有哪些回應和評價？,scope-reviewed-required-unmapped,,,,,assessmentRole=direct-integrated-social-choice;marker=none;appendix=NAER-CURRICULUM-SOCIAL-APPENDIX-BLOCK-06257;limits=NAER-CURRICULUM-SOCIAL:6259
AUTH-SOCIAL-LC-CIV-DD-4-3,NAER-CURRICULUM-SOCIAL,civics|integrated_social,公Dd-Ⅳ-3,臺海兩岸關係對我國的國際參與有什麼影響？,臺海兩岸關係對我國的國際參與有什麼影響？,scope-reviewed-required-unmapped,,,,,assessmentRole=direct-integrated-social-choice;marker=none;appendix=NAER-CURRICULUM-SOCIAL-APPENDIX-BLOCK-06260;limits=none
AUTH-SOCIAL-LC-CIV-DE-4-1,NAER-CURRICULUM-SOCIAL,civics|integrated_social,公De-Ⅳ-1,科技發展如何改變我們的日常生活？,科技發展如何改變我們的日常生活？,scope-reviewed-required-unmapped,,,,,assessmentRole=direct-integrated-social-choice;marker=none;appendix=NAER-CURRICULUM-SOCIAL-APPENDIX-BLOCK-06276;limits=none
AUTH-SOCIAL-LC-CIV-DE-4-2,NAER-CURRICULUM-SOCIAL,civics|integrated_social,公De-Ⅳ-2,科技發展對中學生參與公共事務有什麼影響？,科技發展對中學生參與公共事務有什麼影響？,scope-reviewed-required-unmapped,,,,,assessmentRole=direct-integrated-social-choice;marker=none;appendix=NAER-CURRICULUM-SOCIAL-APPENDIX-BLOCK-06279;limits=none
AUTH-SOCIAL-LC-GEO-AA-4-1,NAER-CURRICULUM-SOCIAL,geography|integrated_social,地Aa-Ⅳ-1,全球經緯度座標系統。,全球經緯度座標系統。,scope-reviewed-required-unmapped,,,,,assessmentRole=direct-integrated-social-choice;marker=none;appendix=NAER-CURRICULUM-SOCIAL-APPENDIX-BLOCK-05258;limits=none
AUTH-SOCIAL-LC-GEO-AA-4-2,NAER-CURRICULUM-SOCIAL,geography|integrated_social,地Aa-Ⅳ-2,全球海陸分布。,全球海陸分布。,scope-reviewed-required-unmapped,,,,,assessmentRole=direct-integrated-social-choice;marker=none;appendix=NAER-CURRICULUM-SOCIAL-APPENDIX-BLOCK-05258;limits=none
AUTH-SOCIAL-LC-GEO-AA-4-3,NAER-CURRICULUM-SOCIAL,geography|integrated_social,地Aa-Ⅳ-3,臺灣地理位置的特性及其影響。,臺灣地理位置的特性及其影響。,scope-reviewed-required-unmapped,,,,,assessmentRole=direct-integrated-social-choice;marker=none;appendix=NAER-CURRICULUM-SOCIAL-APPENDIX-BLOCK-05258;limits=none
AUTH-SOCIAL-LC-GEO-AA-4-4,NAER-CURRICULUM-SOCIAL,geography|integrated_social,地Aa-Ⅳ-4,問題探究：臺灣和世界各地的關聯性。,問題探究：臺灣和世界各地的關聯性。,scope-reviewed-required-unmapped,,,,,assessmentRole=direct-integrated-social-choice;marker=none;appendix=NAER-CURRICULUM-SOCIAL-APPENDIX-BLOCK-05258;limits=none
AUTH-SOCIAL-LC-GEO-AB-4-1,NAER-CURRICULUM-SOCIAL,geography|integrated_social,地Ab-Ⅳ-1,地形與海岸的分類。,地形與海岸的分類。,scope-reviewed-required-unmapped,,,,,assessmentRole=direct-integrated-social-choice;marker=none;appendix=NAER-CURRICULUM-SOCIAL-APPENDIX-BLOCK-05268;limits=none
AUTH-SOCIAL-LC-GEO-AB-4-2,NAER-CURRICULUM-SOCIAL,geography|integrated_social,地Ab-Ⅳ-2,臺灣主要地形的分布與特色。,臺灣主要地形的分布與特色。,scope-reviewed-required-unmapped,,,,,assessmentRole=direct-integrated-social-choice;marker=none;appendix=NAER-CURRICULUM-SOCIAL-APPENDIX-BLOCK-05268;limits=none
AUTH-SOCIAL-LC-GEO-AB-4-3,NAER-CURRICULUM-SOCIAL,geography|integrated_social,地Ab-Ⅳ-3,臺灣的領海與經濟海域。,臺灣的領海與經濟海域。,scope-reviewed-required-unmapped,,,,,assessmentRole=direct-integrated-social-choice;marker=none;appendix=NAER-CURRICULUM-SOCIAL-APPENDIX-BLOCK-05268;limits=none
AUTH-SOCIAL-LC-GEO-AB-4-4,NAER-CURRICULUM-SOCIAL,geography|integrated_social,地Ab-Ⅳ-4,問題探究：土地利用或地形災害與環境倫理。,問題探究：土地利用或地形災害與環境倫理。,scope-reviewed-required-unmapped,,,,,assessmentRole=direct-integrated-social-choice;marker=none;appendix=NAER-CURRICULUM-SOCIAL-APPENDIX-BLOCK-05268;limits=none
AUTH-SOCIAL-LC-GEO-AC-4-1,NAER-CURRICULUM-SOCIAL,geography|integrated_social,地Ac-Ⅳ-1,天氣與氣候。,天氣與氣候。,scope-reviewed-required-unmapped,,,,,assessmentRole=direct-integrated-social-choice;marker=none;appendix=NAER-CURRICULUM-SOCIAL-APPENDIX-BLOCK-05279;limits=none
AUTH-SOCIAL-LC-GEO-AC-4-2,NAER-CURRICULUM-SOCIAL,geography|integrated_social,地Ac-Ⅳ-2,臺灣的氣候特色。,臺灣的氣候特色。,scope-reviewed-required-unmapped,,,,,assessmentRole=direct-integrated-social-choice;marker=none;appendix=NAER-CURRICULUM-SOCIAL-APPENDIX-BLOCK-05279;limits=none
AUTH-SOCIAL-LC-GEO-AC-4-3,NAER-CURRICULUM-SOCIAL,geography|integrated_social,地Ac-Ⅳ-3,臺灣的水資源分布。,臺灣的水資源分布。,scope-reviewed-required-unmapped,,,,,assessmentRole=direct-integrated-social-choice;marker=none;appendix=NAER-CURRICULUM-SOCIAL-APPENDIX-BLOCK-05279;limits=none
AUTH-SOCIAL-LC-GEO-AC-4-4,NAER-CURRICULUM-SOCIAL,geography|integrated_social,地Ac-Ⅳ-4,問題探究：颱風與生活。,問題探究：颱風與生活。,scope-reviewed-required-unmapped,,,,,assessmentRole=direct-integrated-social-choice;marker=none;appendix=NAER-CURRICULUM-SOCIAL-APPENDIX-BLOCK-05279;limits=none
AUTH-SOCIAL-LC-GEO-AD-4-1,NAER-CURRICULUM-SOCIAL,geography|integrated_social,地Ad-Ⅳ-1,臺灣的人口成長與分布。,臺灣的人口成長與分布。,scope-reviewed-required-unmapped,,,,,assessmentRole=direct-integrated-social-choice;marker=none;appendix=NAER-CURRICULUM-SOCIAL-APPENDIX-BLOCK-05292;limits=none
AUTH-SOCIAL-LC-GEO-AD-4-2,NAER-CURRICULUM-SOCIAL,geography|integrated_social,地Ad-Ⅳ-2,臺灣的人口組成。,臺灣的人口組成。,scope-reviewed-required-unmapped,,,,,assessmentRole=direct-integrated-social-choice;marker=none;appendix=NAER-CURRICULUM-SOCIAL-APPENDIX-BLOCK-05292;limits=none
AUTH-SOCIAL-LC-GEO-AD-4-3,NAER-CURRICULUM-SOCIAL,geography|integrated_social,地Ad-Ⅳ-3,多元族群的文化特色。,多元族群的文化特色。,scope-reviewed-required-unmapped,,,,,assessmentRole=direct-integrated-social-choice;marker=none;appendix=NAER-CURRICULUM-SOCIAL-APPENDIX-BLOCK-05292;limits=none
AUTH-SOCIAL-LC-GEO-AD-4-4,NAER-CURRICULUM-SOCIAL,geography|integrated_social,地Ad-Ⅳ-4,問題探究：臺灣人口問題與對策。,問題探究：臺灣人口問題與對策。,scope-reviewed-required-unmapped,,,,,assessmentRole=direct-integrated-social-choice;marker=none;appendix=NAER-CURRICULUM-SOCIAL-APPENDIX-BLOCK-05292;limits=none
AUTH-SOCIAL-LC-GEO-AE-4-1,NAER-CURRICULUM-SOCIAL,geography|integrated_social,地Ae-Ⅳ-1,臺灣農業經營的特色。,臺灣農業經營的特色。,scope-reviewed-required-unmapped,,,,,assessmentRole=direct-integrated-social-choice;marker=none;appendix=NAER-CURRICULUM-SOCIAL-APPENDIX-BLOCK-05303;limits=none
AUTH-SOCIAL-LC-GEO-AE-4-2,NAER-CURRICULUM-SOCIAL,geography|integrated_social,地Ae-Ⅳ-2,臺灣工業發展的特色。,臺灣工業發展的特色。,scope-reviewed-required-unmapped,,,,,assessmentRole=direct-integrated-social-choice;marker=none;appendix=NAER-CURRICULUM-SOCIAL-APPENDIX-BLOCK-05303;limits=none
AUTH-SOCIAL-LC-GEO-AE-4-3,NAER-CURRICULUM-SOCIAL,geography|integrated_social,地Ae-Ⅳ-3,臺灣的國際貿易與全球關連。,臺灣的國際貿易與全球關連。,scope-reviewed-required-unmapped,,,,,assessmentRole=direct-integrated-social-choice;marker=none;appendix=NAER-CURRICULUM-SOCIAL-APPENDIX-BLOCK-05303;limits=none
AUTH-SOCIAL-LC-GEO-AE-4-4,NAER-CURRICULUM-SOCIAL,geography|integrated_social,地Ae-Ⅳ-4,問題探究：產業活動的挑戰與調適。,問題探究：產業活動的挑戰與調適。,scope-reviewed-required-unmapped,,,,,assessmentRole=direct-integrated-social-choice;marker=none;appendix=NAER-CURRICULUM-SOCIAL-APPENDIX-BLOCK-05303;limits=none
AUTH-SOCIAL-LC-GEO-AF-4-1,NAER-CURRICULUM-SOCIAL,geography|integrated_social,地Af-Ⅳ-1,聚落體系與交通網絡。,聚落體系與交通網絡。,scope-reviewed-required-unmapped,,,,,assessmentRole=direct-integrated-social-choice;marker=none;appendix=NAER-CURRICULUM-SOCIAL-APPENDIX-BLOCK-05314;limits=none
AUTH-SOCIAL-LC-GEO-AF-4-2,NAER-CURRICULUM-SOCIAL,geography|integrated_social,地Af-Ⅳ-2,都市發展與都市化。,都市發展與都市化。,scope-reviewed-required-unmapped,,,,,assessmentRole=direct-integrated-social-choice;marker=none;appendix=NAER-CURRICULUM-SOCIAL-APPENDIX-BLOCK-05314;limits=none
AUTH-SOCIAL-LC-GEO-AF-4-3,NAER-CURRICULUM-SOCIAL,geography|integrated_social,地Af-Ⅳ-3,臺灣的區域發展及其空間差異。,臺灣的區域發展及其空間差異。,scope-reviewed-required-unmapped,,,,,assessmentRole=direct-integrated-social-choice;marker=none;appendix=NAER-CURRICULUM-SOCIAL-APPENDIX-BLOCK-05314;limits=none
AUTH-SOCIAL-LC-GEO-AF-4-4,NAER-CURRICULUM-SOCIAL,geography|integrated_social,地Af-Ⅳ-4,問題探究：原住民族文化、生活空間與生態保育政策。,問題探究：原住民族文化、生活空間與生態保育政策。,scope-reviewed-required-unmapped,,,,,assessmentRole=direct-integrated-social-choice;marker=none;appendix=NAER-CURRICULUM-SOCIAL-APPENDIX-BLOCK-05314;limits=none
AUTH-SOCIAL-LC-GEO-BA-4-1,NAER-CURRICULUM-SOCIAL,geography|integrated_social,地Ba-Ⅳ-1,自然環境的地區差異。,自然環境的地區差異。,scope-reviewed-required-unmapped,,,,,assessmentRole=direct-integrated-social-choice;marker=none;appendix=NAER-CURRICULUM-SOCIAL-APPENDIX-BLOCK-05330;limits=none
AUTH-SOCIAL-LC-GEO-BA-4-2,NAER-CURRICULUM-SOCIAL,geography|integrated_social,地Ba-Ⅳ-2,傳統維生方式與人口分布。,傳統維生方式與人口分布。,scope-reviewed-required-unmapped,,,,,assessmentRole=direct-integrated-social-choice;marker=none;appendix=NAER-CURRICULUM-SOCIAL-APPENDIX-BLOCK-05330;limits=none
AUTH-SOCIAL-LC-GEO-BA-4-3,NAER-CURRICULUM-SOCIAL,geography|integrated_social,地Ba-Ⅳ-3,人口成長、人口遷移與文化擴散。,人口成長、人口遷移與文化擴散。,scope-reviewed-required-unmapped,,,,,assessmentRole=direct-integrated-social-choice;marker=none;appendix=NAER-CURRICULUM-SOCIAL-APPENDIX-BLOCK-05330;limits=none
AUTH-SOCIAL-LC-GEO-BB-4-1,NAER-CURRICULUM-SOCIAL,geography|integrated_social,地Bb-Ⅳ-1,產業活動的轉型。,產業活動的轉型。,scope-reviewed-required-unmapped,,,,,assessmentRole=direct-integrated-social-choice;marker=none;appendix=NAER-CURRICULUM-SOCIAL-APPENDIX-BLOCK-05340;limits=none
AUTH-SOCIAL-LC-GEO-BB-4-2,NAER-CURRICULUM-SOCIAL,geography|integrated_social,地Bb-Ⅳ-2,經濟發展的地區差異。,經濟發展的地區差異。,scope-reviewed-required-unmapped,,,,,assessmentRole=direct-integrated-social-choice;marker=none;appendix=NAER-CURRICULUM-SOCIAL-APPENDIX-BLOCK-05340;limits=none
AUTH-SOCIAL-LC-GEO-BB-4-3,NAER-CURRICULUM-SOCIAL,geography|integrated_social,地Bb-Ⅳ-3,經濟發展與全球關連。,經濟發展與全球關連。,scope-reviewed-required-unmapped,,,,,assessmentRole=direct-integrated-social-choice;marker=none;appendix=NAER-CURRICULUM-SOCIAL-APPENDIX-BLOCK-05340;limits=none
AUTH-SOCIAL-LC-GEO-BB-4-4,NAER-CURRICULUM-SOCIAL,geography|integrated_social,地Bb-Ⅳ-4,問題探究：經濟發展與環境衝擊。,問題探究：經濟發展與環境衝擊。,scope-reviewed-required-unmapped,,,,,assessmentRole=direct-integrated-social-choice;marker=none;appendix=NAER-CURRICULUM-SOCIAL-APPENDIX-BLOCK-05340;limits=none
AUTH-SOCIAL-LC-GEO-BC-4-1,NAER-CURRICULUM-SOCIAL,geography|integrated_social,地Bc-Ⅳ-1,自然環境與資源。,自然環境與資源。,scope-reviewed-required-unmapped,,,,,assessmentRole=direct-integrated-social-choice;marker=none;appendix=NAER-CURRICULUM-SOCIAL-APPENDIX-BLOCK-05350;limits=none
AUTH-SOCIAL-LC-GEO-BC-4-2,NAER-CURRICULUM-SOCIAL,geography|integrated_social,地Bc-Ⅳ-2,全球氣候變遷的衝擊。,全球氣候變遷的衝擊。,scope-reviewed-required-unmapped,,,,,assessmentRole=direct-integrated-social-choice;marker=none;appendix=NAER-CURRICULUM-SOCIAL-APPENDIX-BLOCK-05350;limits=none
AUTH-SOCIAL-LC-GEO-BC-4-3,NAER-CURRICULUM-SOCIAL,geography|integrated_social,地Bc-Ⅳ-3,區域發展與戰略競合。,區域發展與戰略競合。,scope-reviewed-required-unmapped,,,,,assessmentRole=direct-integrated-social-choice;marker=none;appendix=NAER-CURRICULUM-SOCIAL-APPENDIX-BLOCK-05350;limits=none
AUTH-SOCIAL-LC-GEO-BC-4-4,NAER-CURRICULUM-SOCIAL,geography|integrated_social,地Bc-Ⅳ-4,問題探究：大洋洲與臺灣原住民族文化的連結。,問題探究：大洋洲與臺灣原住民族文化的連結。,scope-reviewed-required-unmapped,,,,,assessmentRole=direct-integrated-social-choice;marker=none;appendix=NAER-CURRICULUM-SOCIAL-APPENDIX-BLOCK-05350;limits=none
AUTH-SOCIAL-LC-GEO-BD-4-1,NAER-CURRICULUM-SOCIAL,geography|integrated_social,地Bd-Ⅳ-1,自然環境背景。,自然環境背景。,scope-reviewed-required-unmapped,,,,,assessmentRole=direct-integrated-social-choice;marker=none;appendix=NAER-CURRICULUM-SOCIAL-APPENDIX-BLOCK-05363;limits=none
AUTH-SOCIAL-LC-GEO-BD-4-2,NAER-CURRICULUM-SOCIAL,geography|integrated_social,地Bd-Ⅳ-2,產業與文化發展的特色。,產業與文化發展的特色。,scope-reviewed-required-unmapped,,,,,assessmentRole=direct-integrated-social-choice;marker=none;appendix=NAER-CURRICULUM-SOCIAL-APPENDIX-BLOCK-05363;limits=none
AUTH-SOCIAL-LC-GEO-BD-4-3,NAER-CURRICULUM-SOCIAL,geography|integrated_social,地Bd-Ⅳ-3,東北亞經濟發展的成就與挑戰。,東北亞經濟發展的成就與挑戰。,scope-reviewed-required-unmapped,,,,,assessmentRole=direct-integrated-social-choice;marker=none;appendix=NAER-CURRICULUM-SOCIAL-APPENDIX-BLOCK-05363;limits=none
AUTH-SOCIAL-LC-GEO-BD-4-4,NAER-CURRICULUM-SOCIAL,geography|integrated_social,地Bd-Ⅳ-4,問題探究：臺灣與東北亞的文化交流。,問題探究：臺灣與東北亞的文化交流。,scope-reviewed-required-unmapped,,,,,assessmentRole=direct-integrated-social-choice;marker=none;appendix=NAER-CURRICULUM-SOCIAL-APPENDIX-BLOCK-05363;limits=none
AUTH-SOCIAL-LC-GEO-BE-4-1,NAER-CURRICULUM-SOCIAL,geography|integrated_social,地Be-Ⅳ-1,自然環境背景。,自然環境背景。,scope-reviewed-required-unmapped,,,,,assessmentRole=direct-integrated-social-choice;marker=none;appendix=NAER-CURRICULUM-SOCIAL-APPENDIX-BLOCK-05373;limits=none
AUTH-SOCIAL-LC-GEO-BE-4-2,NAER-CURRICULUM-SOCIAL,geography|integrated_social,地Be-Ⅳ-2,多元文化的發展。,多元文化的發展。,scope-reviewed-required-unmapped,,,,,assessmentRole=direct-integrated-social-choice;marker=none;appendix=NAER-CURRICULUM-SOCIAL-APPENDIX-BLOCK-05373;limits=none
AUTH-SOCIAL-LC-GEO-BE-4-3,NAER-CURRICULUM-SOCIAL,geography|integrated_social,地Be-Ⅳ-3,經濟發展與區域結盟。,經濟發展與區域結盟。,scope-reviewed-required-unmapped,,,,,assessmentRole=direct-integrated-social-choice;marker=none;appendix=NAER-CURRICULUM-SOCIAL-APPENDIX-BLOCK-05373;limits=none
AUTH-SOCIAL-LC-GEO-BE-4-4,NAER-CURRICULUM-SOCIAL,geography|integrated_social,地Be-Ⅳ-4,問題探究：東南亞和南亞新興市場與臺灣產業發展的關聯。,問題探究：東南亞和南亞新興市場與臺灣產業發展的關聯。,scope-reviewed-required-unmapped,,,,,assessmentRole=direct-integrated-social-choice;marker=none;appendix=NAER-CURRICULUM-SOCIAL-APPENDIX-BLOCK-05373;limits=none
AUTH-SOCIAL-LC-GEO-BF-4-1,NAER-CURRICULUM-SOCIAL,geography|integrated_social,地Bf-Ⅳ-1,自然環境與資源。,自然環境與資源。,scope-reviewed-required-unmapped,,,,,assessmentRole=direct-integrated-social-choice;marker=none;appendix=NAER-CURRICULUM-SOCIAL-APPENDIX-BLOCK-05383;limits=none
AUTH-SOCIAL-LC-GEO-BF-4-2,NAER-CURRICULUM-SOCIAL,geography|integrated_social,地Bf-Ⅳ-2,伊斯蘭文化的發展與特色。,伊斯蘭文化的發展與特色。,scope-reviewed-required-unmapped,,,,,assessmentRole=direct-integrated-social-choice;marker=none;appendix=NAER-CURRICULUM-SOCIAL-APPENDIX-BLOCK-05383;limits=none
AUTH-SOCIAL-LC-GEO-BF-4-3,NAER-CURRICULUM-SOCIAL,geography|integrated_social,地Bf-Ⅳ-3,國際衝突的焦點。,國際衝突的焦點。,scope-reviewed-required-unmapped,,,,,assessmentRole=direct-integrated-social-choice;marker=none;appendix=NAER-CURRICULUM-SOCIAL-APPENDIX-BLOCK-05383;limits=none
AUTH-SOCIAL-LC-GEO-BF-4-4,NAER-CURRICULUM-SOCIAL,geography|integrated_social,地Bf-Ⅳ-4,問題探究：伊斯蘭文化與西方文化的互動。,問題探究：伊斯蘭文化與西方文化的互動。,scope-reviewed-required-unmapped,,,,,assessmentRole=direct-integrated-social-choice;marker=none;appendix=NAER-CURRICULUM-SOCIAL-APPENDIX-BLOCK-05383;limits=none
AUTH-SOCIAL-LC-GEO-BG-4-1,NAER-CURRICULUM-SOCIAL,geography|integrated_social,地Bg-Ⅳ-1,自然環境與資源。,自然環境與資源。,scope-reviewed-required-unmapped,,,,,assessmentRole=direct-integrated-social-choice;marker=none;appendix=NAER-CURRICULUM-SOCIAL-APPENDIX-BLOCK-05396;limits=none
AUTH-SOCIAL-LC-GEO-BG-4-2,NAER-CURRICULUM-SOCIAL,geography|integrated_social,地Bg-Ⅳ-2,漠南非洲的文化特色與影響。,漠南非洲的文化特色與影響。,scope-reviewed-required-unmapped,,,,,assessmentRole=direct-integrated-social-choice;marker=none;appendix=NAER-CURRICULUM-SOCIAL-APPENDIX-BLOCK-05396;limits=none
AUTH-SOCIAL-LC-GEO-BG-4-3,NAER-CURRICULUM-SOCIAL,geography|integrated_social,地Bg-Ⅳ-3,現代經濟的發展與挑戰。,現代經濟的發展與挑戰。,scope-reviewed-required-unmapped,,,,,assessmentRole=direct-integrated-social-choice;marker=none;appendix=NAER-CURRICULUM-SOCIAL-APPENDIX-BLOCK-05396;limits=none
AUTH-SOCIAL-LC-GEO-BG-4-4,NAER-CURRICULUM-SOCIAL,geography|integrated_social,地Bg-Ⅳ-4,問題探究：漠南非洲的公平貿易議題。,問題探究：漠南非洲的公平貿易議題。,scope-reviewed-required-unmapped,,,,,assessmentRole=direct-integrated-social-choice;marker=none;appendix=NAER-CURRICULUM-SOCIAL-APPENDIX-BLOCK-05396;limits=none
AUTH-SOCIAL-LC-GEO-BH-4-1,NAER-CURRICULUM-SOCIAL,geography|integrated_social,地Bh-Ⅳ-1,自然環境背景。,自然環境背景。,scope-reviewed-required-unmapped,,,,,assessmentRole=direct-integrated-social-choice;marker=none;appendix=NAER-CURRICULUM-SOCIAL-APPENDIX-BLOCK-05407;limits=none
AUTH-SOCIAL-LC-GEO-BH-4-2,NAER-CURRICULUM-SOCIAL,geography|integrated_social,地Bh-Ⅳ-2,產業活動的發展與文化特色。,產業活動的發展與文化特色。,scope-reviewed-required-unmapped,,,,,assessmentRole=direct-integrated-social-choice;marker=none;appendix=NAER-CURRICULUM-SOCIAL-APPENDIX-BLOCK-05407;limits=none
AUTH-SOCIAL-LC-GEO-BH-4-3,NAER-CURRICULUM-SOCIAL,geography|integrated_social,地Bh-Ⅳ-3,現代經濟的發展與區域結盟。,現代經濟的發展與區域結盟。,scope-reviewed-required-unmapped,,,,,assessmentRole=direct-integrated-social-choice;marker=none;appendix=NAER-CURRICULUM-SOCIAL-APPENDIX-BLOCK-05407;limits=none
AUTH-SOCIAL-LC-GEO-BH-4-4,NAER-CURRICULUM-SOCIAL,geography|integrated_social,地Bh-Ⅳ-4,問題探究：歐洲發展綠能的原因與條件。,問題探究：歐洲發展綠能的原因與條件。,scope-reviewed-required-unmapped,,,,,assessmentRole=direct-integrated-social-choice;marker=none;appendix=NAER-CURRICULUM-SOCIAL-APPENDIX-BLOCK-05407;limits=none
AUTH-SOCIAL-LC-GEO-BI-4-1,NAER-CURRICULUM-SOCIAL,geography|integrated_social,地Bi-Ⅳ-1,自然環境背景。,自然環境背景。,scope-reviewed-required-unmapped,,,,,assessmentRole=direct-integrated-social-choice;marker=none;appendix=NAER-CURRICULUM-SOCIAL-APPENDIX-BLOCK-05417;limits=none
AUTH-SOCIAL-LC-GEO-BI-4-2,NAER-CURRICULUM-SOCIAL,geography|integrated_social,地Bi-Ⅳ-2,移民與產業活動的發展。,移民與產業活動的發展。,scope-reviewed-required-unmapped,,,,,assessmentRole=direct-integrated-social-choice;marker=none;appendix=NAER-CURRICULUM-SOCIAL-APPENDIX-BLOCK-05417;limits=none
AUTH-SOCIAL-LC-GEO-BI-4-3,NAER-CURRICULUM-SOCIAL,geography|integrated_social,地Bi-Ⅳ-3,經濟發展的區域差異。,經濟發展的區域差異。,scope-reviewed-required-unmapped,,,,,assessmentRole=direct-integrated-social-choice;marker=none;appendix=NAER-CURRICULUM-SOCIAL-APPENDIX-BLOCK-05417;limits=none
AUTH-SOCIAL-LC-GEO-BI-4-4,NAER-CURRICULUM-SOCIAL,geography|integrated_social,地Bi-Ⅳ-4,問題探究：南美洲熱帶雨林的開發與保育。,問題探究：南美洲熱帶雨林的開發與保育。,scope-reviewed-required-unmapped,,,,,assessmentRole=direct-integrated-social-choice;marker=none;appendix=NAER-CURRICULUM-SOCIAL-APPENDIX-BLOCK-05417;limits=none
AUTH-SOCIAL-LC-GEO-CA-4-1,NAER-CURRICULUM-SOCIAL,geography|integrated_social,地Ca-Ⅳ-1,「臺灣」地名的由來與指涉範圍的演變。,「臺灣」地名的由來與指涉範圍的演變。,scope-reviewed-required-unmapped,,,,,assessmentRole=direct-integrated-social-choice;marker=none;appendix=NAER-CURRICULUM-SOCIAL-APPENDIX-BLOCK-05431;limits=none
AUTH-SOCIAL-LC-GEO-CA-4-2,NAER-CURRICULUM-SOCIAL,geography|integrated_social,地Ca-Ⅳ-2,鄉鎮市區（或縣市）地名的由來與變遷。,鄉鎮市區（或縣市）地名的由來與變遷。,scope-reviewed-required-unmapped,,,,,assessmentRole=direct-integrated-social-choice;marker=none;appendix=NAER-CURRICULUM-SOCIAL-APPENDIX-BLOCK-05431;limits=none
AUTH-SOCIAL-LC-GEO-CA-4-3,NAER-CURRICULUM-SOCIAL,geography|integrated_social,地Ca-Ⅳ-3,聚落地名的命名與環境、族群文化的關係。,聚落地名的命名與環境、族群文化的關係。,scope-reviewed-required-unmapped,,,,,assessmentRole=direct-integrated-social-choice;marker=none;appendix=NAER-CURRICULUM-SOCIAL-APPENDIX-BLOCK-05431;limits=none
AUTH-SOCIAL-LC-GEO-CA-4-4,NAER-CURRICULUM-SOCIAL,geography|integrated_social,地Ca-Ⅳ-4,問題探究：地名和生產活動、產物命名等商品行銷的關係。,問題探究：地名和生產活動、產物命名等商品行銷的關係。,scope-reviewed-required-unmapped,,,,,assessmentRole=direct-integrated-social-choice;marker=none;appendix=NAER-CURRICULUM-SOCIAL-APPENDIX-BLOCK-05431;limits=none
AUTH-SOCIAL-LC-GEO-CB-4-1,NAER-CURRICULUM-SOCIAL,geography|integrated_social,地Cb-Ⅳ-1,農業生產與地理環境。,農業生產與地理環境。,scope-reviewed-required-unmapped,,,,,assessmentRole=direct-integrated-social-choice;marker=none;appendix=NAER-CURRICULUM-SOCIAL-APPENDIX-BLOCK-05441;limits=none
AUTH-SOCIAL-LC-GEO-CB-4-2,NAER-CURRICULUM-SOCIAL,geography|integrated_social,地Cb-Ⅳ-2,食物運銷與國際貿易。,食物運銷與國際貿易。,scope-reviewed-required-unmapped,,,,,assessmentRole=direct-integrated-social-choice;marker=none;appendix=NAER-CURRICULUM-SOCIAL-APPENDIX-BLOCK-05441;limits=none
AUTH-SOCIAL-LC-GEO-CB-4-3,NAER-CURRICULUM-SOCIAL,geography|integrated_social,地Cb-Ⅳ-3,飲食文化與食品加工、基因改造食物。,飲食文化與食品加工、基因改造食物。,scope-reviewed-required-unmapped,,,,,assessmentRole=direct-integrated-social-choice;marker=none;appendix=NAER-CURRICULUM-SOCIAL-APPENDIX-BLOCK-05441;limits=none
AUTH-SOCIAL-LC-GEO-CB-4-4,NAER-CURRICULUM-SOCIAL,geography|integrated_social,地Cb-Ⅳ-4,問題探究：從地理觀點探究食安問題的原因與解決策略。,問題探究：從地理觀點探究食安問題的原因與解決策略。,scope-reviewed-required-unmapped,,,,,assessmentRole=direct-integrated-social-choice;marker=none;appendix=NAER-CURRICULUM-SOCIAL-APPENDIX-BLOCK-05441;limits=none
AUTH-SOCIAL-LC-HIS-A-4-1,NAER-CURRICULUM-SOCIAL,history|integrated_social,歷A-Ⅳ-1,紀年與分期。,紀年與分期。,scope-reviewed-required-unmapped,,,,,assessmentRole=direct-integrated-social-choice;marker=none;appendix=NAER-CURRICULUM-SOCIAL-APPENDIX-BLOCK-04720;limits=none
AUTH-SOCIAL-LC-HIS-BA-4-1,NAER-CURRICULUM-SOCIAL,history|integrated_social,歷Ba-Ⅳ-1,考古發掘與史前文化。,考古發掘與史前文化。,scope-reviewed-required-unmapped,,,,,assessmentRole=direct-integrated-social-choice;marker=none;appendix=NAER-CURRICULUM-SOCIAL-APPENDIX-BLOCK-04728;limits=none
AUTH-SOCIAL-LC-HIS-BA-4-2,NAER-CURRICULUM-SOCIAL,history|integrated_social,歷Ba-Ⅳ-2,臺灣原住民族的遷徙與傳說。,臺灣原住民族的遷徙與傳說。,scope-reviewed-required-unmapped,,,,,assessmentRole=direct-integrated-social-choice;marker=none;appendix=NAER-CURRICULUM-SOCIAL-APPENDIX-BLOCK-04728;limits=none
AUTH-SOCIAL-LC-HIS-BB-4-1,NAER-CURRICULUM-SOCIAL,history|integrated_social,歷Bb-Ⅳ-1,十六、十七世紀東亞海域的各方勢力。,十六、十七世紀東亞海域的各方勢力。,scope-reviewed-required-unmapped,,,,,assessmentRole=direct-integrated-social-choice;marker=none;appendix=NAER-CURRICULUM-SOCIAL-APPENDIX-BLOCK-04738;limits=none
AUTH-SOCIAL-LC-HIS-BB-4-2,NAER-CURRICULUM-SOCIAL,history|integrated_social,歷Bb-Ⅳ-2,原住民族與外來者的接觸。,原住民族與外來者的接觸。,scope-reviewed-required-unmapped,,,,,assessmentRole=direct-integrated-social-choice;marker=none;appendix=NAER-CURRICULUM-SOCIAL-APPENDIX-BLOCK-04738;limits=none
AUTH-SOCIAL-LC-HIS-CA-4-1,NAER-CURRICULUM-SOCIAL,history|integrated_social,歷Ca-Ⅳ-1,清帝國的統治政策。,清帝國的統治政策。,scope-reviewed-required-unmapped,,,,,assessmentRole=direct-integrated-social-choice;marker=none;appendix=NAER-CURRICULUM-SOCIAL-APPENDIX-BLOCK-04747;limits=none
AUTH-SOCIAL-LC-HIS-CA-4-2,NAER-CURRICULUM-SOCIAL,history|integrated_social,歷Ca-Ⅳ-2,農商業的發展。,農商業的發展。,scope-reviewed-required-unmapped,,,,,assessmentRole=direct-integrated-social-choice;marker=none;appendix=NAER-CURRICULUM-SOCIAL-APPENDIX-BLOCK-04747;limits=none
AUTH-SOCIAL-LC-HIS-CB-4-1,NAER-CURRICULUM-SOCIAL,history|integrated_social,歷Cb-Ⅳ-1,原住民族社會及其變化。,原住民族社會及其變化。,scope-reviewed-required-unmapped,,,,,assessmentRole=direct-integrated-social-choice;marker=none;appendix=NAER-CURRICULUM-SOCIAL-APPENDIX-BLOCK-04758;limits=none
AUTH-SOCIAL-LC-HIS-CB-4-2,NAER-CURRICULUM-SOCIAL,history|integrated_social,歷Cb-Ⅳ-2,漢人社會的活動。,漢人社會的活動。,scope-reviewed-required-unmapped,,,,,assessmentRole=direct-integrated-social-choice;marker=none;appendix=NAER-CURRICULUM-SOCIAL-APPENDIX-BLOCK-04758;limits=none
AUTH-SOCIAL-LC-HIS-D-4-1,NAER-CURRICULUM-SOCIAL,history|integrated_social,歷D-Ⅳ-1,地方史探究（一）。,地方史探究（一）。,scope-reviewed-required-unmapped,,,,,assessmentRole=direct-integrated-social-choice;marker=none;appendix=NAER-CURRICULUM-SOCIAL-APPENDIX-BLOCK-04763|NAER-CURRICULUM-SOCIAL-APPENDIX-BLOCK-04767;limits=none
AUTH-SOCIAL-LC-HIS-D-4-2,NAER-CURRICULUM-SOCIAL,history|integrated_social,歷D-Ⅳ-2,從主題B或C挑選適當課題深入探究，或規劃與執行歷史踏查或展演。,從主題B或C挑選適當課題深入探究，或規劃與執行歷史踏查或展演。,scope-reviewed-required-unmapped,,,,,assessmentRole=direct-integrated-social-choice;marker=none;appendix=NAER-CURRICULUM-SOCIAL-APPENDIX-BLOCK-04763|NAER-CURRICULUM-SOCIAL-APPENDIX-BLOCK-04767;limits=none
AUTH-SOCIAL-LC-HIS-EA-4-1,NAER-CURRICULUM-SOCIAL,history|integrated_social,歷Ea-Ⅳ-1,殖民統治體制的建立。,殖民統治體制的建立。,scope-reviewed-required-unmapped,,,,,assessmentRole=direct-integrated-social-choice;marker=none;appendix=NAER-CURRICULUM-SOCIAL-APPENDIX-BLOCK-04776;limits=none
AUTH-SOCIAL-LC-HIS-EA-4-2,NAER-CURRICULUM-SOCIAL,history|integrated_social,歷Ea-Ⅳ-2,基礎建設與產業政策。,基礎建設與產業政策。,scope-reviewed-required-unmapped,,,,,assessmentRole=direct-integrated-social-choice;marker=none;appendix=NAER-CURRICULUM-SOCIAL-APPENDIX-BLOCK-04776;limits=none
AUTH-SOCIAL-LC-HIS-EA-4-3,NAER-CURRICULUM-SOCIAL,history|integrated_social,歷Ea-Ⅳ-3,「理蕃」政策與原住民族社會的對應。,「理蕃」政策與原住民族社會的對應。,scope-reviewed-required-unmapped,,,,,assessmentRole=direct-integrated-social-choice;marker=none;appendix=NAER-CURRICULUM-SOCIAL-APPENDIX-BLOCK-04776;limits=none
AUTH-SOCIAL-LC-HIS-EB-4-1,NAER-CURRICULUM-SOCIAL,history|integrated_social,歷Eb-Ⅳ-1,現代教育與文化啟蒙運動。,現代教育與文化啟蒙運動。,scope-reviewed-required-unmapped,,,,,assessmentRole=direct-integrated-social-choice;marker=none;appendix=NAER-CURRICULUM-SOCIAL-APPENDIX-BLOCK-04788;limits=none
AUTH-SOCIAL-LC-HIS-EB-4-2,NAER-CURRICULUM-SOCIAL,history|integrated_social,歷Eb-Ⅳ-2,都會文化的出現。,都會文化的出現。,scope-reviewed-required-unmapped,,,,,assessmentRole=direct-integrated-social-choice;marker=none;appendix=NAER-CURRICULUM-SOCIAL-APPENDIX-BLOCK-04788;limits=none
AUTH-SOCIAL-LC-HIS-EB-4-3,NAER-CURRICULUM-SOCIAL,history|integrated_social,歷Eb-Ⅳ-3,新舊文化的衝突與在地社會的調適。,新舊文化的衝突與在地社會的調適。,scope-reviewed-required-unmapped,,,,,assessmentRole=direct-integrated-social-choice;marker=none;appendix=NAER-CURRICULUM-SOCIAL-APPENDIX-BLOCK-04788;limits=none
AUTH-SOCIAL-LC-HIS-FA-4-1,NAER-CURRICULUM-SOCIAL,history|integrated_social,歷Fa-Ⅳ-1,中華民國統治體制的移入與轉變。,中華民國統治體制的移入與轉變。,scope-reviewed-required-unmapped,,,,,assessmentRole=direct-integrated-social-choice;marker=none;appendix=NAER-CURRICULUM-SOCIAL-APPENDIX-BLOCK-04796;limits=none
AUTH-SOCIAL-LC-HIS-FA-4-2,NAER-CURRICULUM-SOCIAL,history|integrated_social,歷Fa-Ⅳ-2,二二八事件與白色恐怖。,二二八事件與白色恐怖。,scope-reviewed-required-unmapped,,,,,assessmentRole=direct-integrated-social-choice;marker=none;appendix=NAER-CURRICULUM-SOCIAL-APPENDIX-BLOCK-04796;limits=none
AUTH-SOCIAL-LC-HIS-FA-4-3,NAER-CURRICULUM-SOCIAL,history|integrated_social,歷Fa-Ⅳ-3,國家政策下的原住民族。,國家政策下的原住民族。,scope-reviewed-required-unmapped,,,,,assessmentRole=direct-integrated-social-choice;marker=none;appendix=NAER-CURRICULUM-SOCIAL-APPENDIX-BLOCK-04796;limits=none
AUTH-SOCIAL-LC-HIS-FA-4-4,NAER-CURRICULUM-SOCIAL,history|integrated_social,歷Fa-Ⅳ-4,臺海兩岸關係與臺灣的國際處境。,臺海兩岸關係與臺灣的國際處境。,scope-reviewed-required-unmapped,,,,,assessmentRole=direct-integrated-social-choice;marker=none;appendix=NAER-CURRICULUM-SOCIAL-APPENDIX-BLOCK-04796;limits=none
AUTH-SOCIAL-LC-HIS-FB-4-1,NAER-CURRICULUM-SOCIAL,history|integrated_social,歷Fb-Ⅳ-1,經濟發展與社會轉型。,經濟發展與社會轉型。,scope-reviewed-required-unmapped,,,,,assessmentRole=direct-integrated-social-choice;marker=none;appendix=NAER-CURRICULUM-SOCIAL-APPENDIX-BLOCK-04813;limits=none
AUTH-SOCIAL-LC-HIS-FB-4-2,NAER-CURRICULUM-SOCIAL,history|integrated_social,歷Fb-Ⅳ-2,大眾文化的演變。,大眾文化的演變。,scope-reviewed-required-unmapped,,,,,assessmentRole=direct-integrated-social-choice;marker=none;appendix=NAER-CURRICULUM-SOCIAL-APPENDIX-BLOCK-04813;limits=none
AUTH-SOCIAL-LC-HIS-G-4-1,NAER-CURRICULUM-SOCIAL,history|integrated_social,歷G-Ⅳ-1,地方史探究（二）。,地方史探究（二）。,scope-reviewed-required-unmapped,,,,,assessmentRole=direct-integrated-social-choice;marker=none;appendix=NAER-CURRICULUM-SOCIAL-APPENDIX-BLOCK-04818|NAER-CURRICULUM-SOCIAL-APPENDIX-BLOCK-04822;limits=none
AUTH-SOCIAL-LC-HIS-G-4-2,NAER-CURRICULUM-SOCIAL,history|integrated_social,歷G-Ⅳ-2,從主題E或F挑選適當課題深入探究，或規劃與執行歷史踏查或展演。,從主題E或F挑選適當課題深入探究，或規劃與執行歷史踏查或展演。,scope-reviewed-required-unmapped,,,,,assessmentRole=direct-integrated-social-choice;marker=none;appendix=NAER-CURRICULUM-SOCIAL-APPENDIX-BLOCK-04818|NAER-CURRICULUM-SOCIAL-APPENDIX-BLOCK-04822;limits=none
AUTH-SOCIAL-LC-HIS-HA-4-1,NAER-CURRICULUM-SOCIAL,history|integrated_social,歷Ha-Ⅳ-1,商周至隋唐時期國家與社會的重要變遷。,商周至隋唐時期國家與社會的重要變遷。,scope-reviewed-required-unmapped,,,,,assessmentRole=direct-integrated-social-choice;marker=none;appendix=NAER-CURRICULUM-SOCIAL-APPENDIX-BLOCK-04831;limits=NAER-CURRICULUM-SOCIAL:4835
AUTH-SOCIAL-LC-HIS-HA-4-2,NAER-CURRICULUM-SOCIAL,history|integrated_social,歷Ha-Ⅳ-2,商周至隋唐時期民族與文化的互動。,商周至隋唐時期民族與文化的互動。,scope-reviewed-required-unmapped,,,,,assessmentRole=direct-integrated-social-choice;marker=none;appendix=NAER-CURRICULUM-SOCIAL-APPENDIX-BLOCK-04831;limits=NAER-CURRICULUM-SOCIAL:4835
AUTH-SOCIAL-LC-HIS-HB-4-1,NAER-CURRICULUM-SOCIAL,history|integrated_social,歷Hb-Ⅳ-1,宋、元時期的國際互動。,宋、元時期的國際互動。,scope-reviewed-required-unmapped,,,,,assessmentRole=direct-integrated-social-choice;marker=none;appendix=NAER-CURRICULUM-SOCIAL-APPENDIX-BLOCK-04840;limits=NAER-CURRICULUM-SOCIAL:4844
AUTH-SOCIAL-LC-HIS-HB-4-2,NAER-CURRICULUM-SOCIAL,history|integrated_social,歷Hb-Ⅳ-2,宋、元時期的商貿與文化交流。,宋、元時期的商貿與文化交流。,scope-reviewed-required-unmapped,,,,,assessmentRole=direct-integrated-social-choice;marker=none;appendix=NAER-CURRICULUM-SOCIAL-APPENDIX-BLOCK-04840;limits=NAER-CURRICULUM-SOCIAL:4844
AUTH-SOCIAL-LC-HIS-IA-4-1,NAER-CURRICULUM-SOCIAL,history|integrated_social,歷Ia-Ⅳ-1,明、清時期東亞世界的變動。,明、清時期東亞世界的變動。,scope-reviewed-required-unmapped,,,,,assessmentRole=direct-integrated-social-choice;marker=none;appendix=NAER-CURRICULUM-SOCIAL-APPENDIX-BLOCK-04849;limits=NAER-CURRICULUM-SOCIAL:4853
AUTH-SOCIAL-LC-HIS-IA-4-2,NAER-CURRICULUM-SOCIAL,history|integrated_social,歷Ia-Ⅳ-2,明、清時期東亞世界的商貿與文化交流。,明、清時期東亞世界的商貿與文化交流。,scope-reviewed-required-unmapped,,,,,assessmentRole=direct-integrated-social-choice;marker=none;appendix=NAER-CURRICULUM-SOCIAL-APPENDIX-BLOCK-04849;limits=NAER-CURRICULUM-SOCIAL:4853
AUTH-SOCIAL-LC-HIS-IB-4-1,NAER-CURRICULUM-SOCIAL,history|integrated_social,歷Ib-Ⅳ-1,晚清時期的東西方接觸與衝突。,晚清時期的東西方接觸與衝突。,scope-reviewed-required-unmapped,,,,,assessmentRole=direct-integrated-social-choice;marker=none;appendix=NAER-CURRICULUM-SOCIAL-APPENDIX-BLOCK-04858;limits=NAER-CURRICULUM-SOCIAL:4862|NAER-CURRICULUM-SOCIAL:4863|NAER-CURRICULUM-SOCIAL:4864
AUTH-SOCIAL-LC-HIS-IB-4-2,NAER-CURRICULUM-SOCIAL,history|integrated_social,歷Ib-Ⅳ-2,甲午戰爭後的政治體制變革。,甲午戰爭後的政治體制變革。,scope-reviewed-required-unmapped,,,,,assessmentRole=direct-integrated-social-choice;marker=none;appendix=NAER-CURRICULUM-SOCIAL-APPENDIX-BLOCK-04858;limits=NAER-CURRICULUM-SOCIAL:4862|NAER-CURRICULUM-SOCIAL:4863|NAER-CURRICULUM-SOCIAL:4864
AUTH-SOCIAL-LC-HIS-IC-4-1,NAER-CURRICULUM-SOCIAL,history|integrated_social,歷Ic-Ⅳ-1,城市風貌的改變與新媒體的出現。,城市風貌的改變與新媒體的出現。,scope-reviewed-required-unmapped,,,,,assessmentRole=direct-integrated-social-choice;marker=none;appendix=NAER-CURRICULUM-SOCIAL-APPENDIX-BLOCK-04869;limits=none
AUTH-SOCIAL-LC-HIS-IC-4-2,NAER-CURRICULUM-SOCIAL,history|integrated_social,歷Ic-Ⅳ-2,家族與婦女角色的轉變。,家族與婦女角色的轉變。,scope-reviewed-required-unmapped,,,,,assessmentRole=direct-integrated-social-choice;marker=none;appendix=NAER-CURRICULUM-SOCIAL-APPENDIX-BLOCK-04869;limits=none
AUTH-SOCIAL-LC-HIS-J-4-1,NAER-CURRICULUM-SOCIAL,history|integrated_social,歷J-Ⅳ-1,從主題H或I挑選適當課題深入探究，或規劃與執行歷史踏查或展演。,從主題H或I挑選適當課題深入探究，或規劃與執行歷史踏查或展演。,scope-reviewed-required-unmapped,,,,,assessmentRole=direct-integrated-social-choice;marker=none;appendix=NAER-CURRICULUM-SOCIAL-APPENDIX-BLOCK-04874;limits=none
AUTH-SOCIAL-LC-HIS-KA-4-1,NAER-CURRICULUM-SOCIAL,history|integrated_social,歷Ka-Ⅳ-1,中華民國的建立與早期發展。,中華民國的建立與早期發展。,scope-reviewed-required-unmapped,,,,,assessmentRole=direct-integrated-social-choice;marker=none;appendix=NAER-CURRICULUM-SOCIAL-APPENDIX-BLOCK-04883;limits=NAER-CURRICULUM-SOCIAL:4887|NAER-CURRICULUM-SOCIAL:4888|NAER-CURRICULUM-SOCIAL:4890
AUTH-SOCIAL-LC-HIS-KA-4-2,NAER-CURRICULUM-SOCIAL,history|integrated_social,歷Ka-Ⅳ-2,舊傳統與新思潮間的激盪。,舊傳統與新思潮間的激盪。,scope-reviewed-required-unmapped,,,,,assessmentRole=direct-integrated-social-choice;marker=none;appendix=NAER-CURRICULUM-SOCIAL-APPENDIX-BLOCK-04883;limits=NAER-CURRICULUM-SOCIAL:4887|NAER-CURRICULUM-SOCIAL:4888|NAER-CURRICULUM-SOCIAL:4890
AUTH-SOCIAL-LC-HIS-KB-4-1,NAER-CURRICULUM-SOCIAL,history|integrated_social,歷Kb-Ⅳ-1,現代國家的建制與外交發展。,現代國家的建制與外交發展。,scope-reviewed-required-unmapped,,,,,assessmentRole=direct-integrated-social-choice;marker=none;appendix=NAER-CURRICULUM-SOCIAL-APPENDIX-BLOCK-04894;limits=none
AUTH-SOCIAL-LC-HIS-KB-4-2,NAER-CURRICULUM-SOCIAL,history|integrated_social,歷Kb-Ⅳ-2,日本帝國的對外擴張與衝擊。,日本帝國的對外擴張與衝擊。,scope-reviewed-required-unmapped,,,,,assessmentRole=direct-integrated-social-choice;marker=none;appendix=NAER-CURRICULUM-SOCIAL-APPENDIX-BLOCK-04894;limits=none
AUTH-SOCIAL-LC-HIS-LA-4-1,NAER-CURRICULUM-SOCIAL,history|integrated_social,歷La-Ⅳ-1,中華人民共和國的建立。,中華人民共和國的建立。,scope-reviewed-required-unmapped,,,,,assessmentRole=direct-integrated-social-choice;marker=none;appendix=NAER-CURRICULUM-SOCIAL-APPENDIX-BLOCK-04900;limits=NAER-CURRICULUM-SOCIAL:4904|NAER-CURRICULUM-SOCIAL:4907|NAER-CURRICULUM-SOCIAL:4908
AUTH-SOCIAL-LC-HIS-LA-4-2,NAER-CURRICULUM-SOCIAL,history|integrated_social,歷La-Ⅳ-2,改革開放後的政經發展。,改革開放後的政經發展。,scope-reviewed-required-unmapped,,,,,assessmentRole=direct-integrated-social-choice;marker=none;appendix=NAER-CURRICULUM-SOCIAL-APPENDIX-BLOCK-04900;limits=NAER-CURRICULUM-SOCIAL:4904|NAER-CURRICULUM-SOCIAL:4907|NAER-CURRICULUM-SOCIAL:4908
AUTH-SOCIAL-LC-HIS-LB-4-1,NAER-CURRICULUM-SOCIAL,history|integrated_social,歷Lb-Ⅳ-1,冷戰時期東亞國家間的競合。,冷戰時期東亞國家間的競合。,scope-reviewed-required-unmapped,,,,,assessmentRole=direct-integrated-social-choice;marker=none;appendix=NAER-CURRICULUM-SOCIAL-APPENDIX-BLOCK-04911;limits=none
AUTH-SOCIAL-LC-HIS-LB-4-2,NAER-CURRICULUM-SOCIAL,history|integrated_social,歷Lb-Ⅳ-2,東南亞地區國際組織的發展與影響。,東南亞地區國際組織的發展與影響。,scope-reviewed-required-unmapped,,,,,assessmentRole=direct-integrated-social-choice;marker=none;appendix=NAER-CURRICULUM-SOCIAL-APPENDIX-BLOCK-04911;limits=none
AUTH-SOCIAL-LC-HIS-M-4-1,NAER-CURRICULUM-SOCIAL,history|integrated_social,歷M-Ⅳ-1,從主題K或L挑選適當課題深入探究，或規劃與執行歷史踏查或展演。,從主題K或L挑選適當課題深入探究，或規劃與執行歷史踏查或展演。,scope-reviewed-required-unmapped,,,,,assessmentRole=direct-integrated-social-choice;marker=none;appendix=NAER-CURRICULUM-SOCIAL-APPENDIX-BLOCK-04916;limits=none
AUTH-SOCIAL-LC-HIS-NA-4-1,NAER-CURRICULUM-SOCIAL,history|integrated_social,歷Na-Ⅳ-1,非洲與西亞的早期文化。,非洲與西亞的早期文化。,scope-reviewed-required-unmapped,,,,,assessmentRole=direct-integrated-social-choice;marker=none;appendix=NAER-CURRICULUM-SOCIAL-APPENDIX-BLOCK-04924;limits=NAER-CURRICULUM-SOCIAL:4928
AUTH-SOCIAL-LC-HIS-NA-4-2,NAER-CURRICULUM-SOCIAL,history|integrated_social,歷Na-Ⅳ-2,希臘、羅馬的政治及文化。,希臘、羅馬的政治及文化。,scope-reviewed-required-unmapped,,,,,assessmentRole=direct-integrated-social-choice;marker=none;appendix=NAER-CURRICULUM-SOCIAL-APPENDIX-BLOCK-04924;limits=NAER-CURRICULUM-SOCIAL:4928
AUTH-SOCIAL-LC-HIS-NB-4-1,NAER-CURRICULUM-SOCIAL,history|integrated_social,歷Nb-Ⅳ-1,佛教的起源與發展。,佛教的起源與發展。,scope-reviewed-required-unmapped,,,,,assessmentRole=direct-integrated-social-choice;marker=none;appendix=NAER-CURRICULUM-SOCIAL-APPENDIX-BLOCK-04933;limits=NAER-CURRICULUM-SOCIAL:4939|NAER-CURRICULUM-SOCIAL:4943
AUTH-SOCIAL-LC-HIS-NB-4-2,NAER-CURRICULUM-SOCIAL,history|integrated_social,歷Nb-Ⅳ-2,基督教的起源與發展。,基督教的起源與發展。,scope-reviewed-required-unmapped,,,,,assessmentRole=direct-integrated-social-choice;marker=none;appendix=NAER-CURRICULUM-SOCIAL-APPENDIX-BLOCK-04933;limits=NAER-CURRICULUM-SOCIAL:4939|NAER-CURRICULUM-SOCIAL:4943
AUTH-SOCIAL-LC-HIS-NB-4-3,NAER-CURRICULUM-SOCIAL,history|integrated_social,歷Nb-Ⅳ-3,伊斯蘭教的起源與發展。,伊斯蘭教的起源與發展。,scope-reviewed-required-unmapped,,,,,assessmentRole=direct-integrated-social-choice;marker=none;appendix=NAER-CURRICULUM-SOCIAL-APPENDIX-BLOCK-04933;limits=NAER-CURRICULUM-SOCIAL:4939|NAER-CURRICULUM-SOCIAL:4943
AUTH-SOCIAL-LC-HIS-OA-4-1,NAER-CURRICULUM-SOCIAL,history|integrated_social,歷Oa-Ⅳ-1,文藝復興。,文藝復興。,scope-reviewed-required-unmapped,,,,,assessmentRole=direct-integrated-social-choice;marker=none;appendix=NAER-CURRICULUM-SOCIAL-APPENDIX-BLOCK-04946;limits=NAER-CURRICULUM-SOCIAL:4952
AUTH-SOCIAL-LC-HIS-OA-4-2,NAER-CURRICULUM-SOCIAL,history|integrated_social,歷Oa-Ⅳ-2,宗教改革。,宗教改革。,scope-reviewed-required-unmapped,,,,,assessmentRole=direct-integrated-social-choice;marker=none;appendix=NAER-CURRICULUM-SOCIAL-APPENDIX-BLOCK-04946;limits=NAER-CURRICULUM-SOCIAL:4952
AUTH-SOCIAL-LC-HIS-OA-4-3,NAER-CURRICULUM-SOCIAL,history|integrated_social,歷Oa-Ⅳ-3,科學革命與啟蒙運動。,科學革命與啟蒙運動。,scope-reviewed-required-unmapped,,,,,assessmentRole=direct-integrated-social-choice;marker=none;appendix=NAER-CURRICULUM-SOCIAL-APPENDIX-BLOCK-04946;limits=NAER-CURRICULUM-SOCIAL:4952
AUTH-SOCIAL-LC-HIS-OB-4-1,NAER-CURRICULUM-SOCIAL,history|integrated_social,歷Ob-Ⅳ-1,歐洲的海外擴張與傳教。,歐洲的海外擴張與傳教。,scope-reviewed-required-unmapped,,,,,assessmentRole=direct-integrated-social-choice;marker=none;appendix=NAER-CURRICULUM-SOCIAL-APPENDIX-BLOCK-04958;limits=NAER-CURRICULUM-SOCIAL:4964
AUTH-SOCIAL-LC-HIS-OB-4-2,NAER-CURRICULUM-SOCIAL,history|integrated_social,歷Ob-Ⅳ-2,美洲和澳洲的政治與文化。,美洲和澳洲的政治與文化。,scope-reviewed-required-unmapped,,,,,assessmentRole=direct-integrated-social-choice;marker=none;appendix=NAER-CURRICULUM-SOCIAL-APPENDIX-BLOCK-04958;limits=NAER-CURRICULUM-SOCIAL:4964
AUTH-SOCIAL-LC-HIS-OB-4-3,NAER-CURRICULUM-SOCIAL,history|integrated_social,歷Ob-Ⅳ-3,近代南亞與東南亞。,近代南亞與東南亞。,scope-reviewed-required-unmapped,,,,,assessmentRole=direct-integrated-social-choice;marker=none;appendix=NAER-CURRICULUM-SOCIAL-APPENDIX-BLOCK-04958;limits=NAER-CURRICULUM-SOCIAL:4964
AUTH-SOCIAL-LC-HIS-P-4-1,NAER-CURRICULUM-SOCIAL,history|integrated_social,歷P-Ⅳ-1,從主題N或O挑選適當課題深入探究，或規劃與執行歷史踏查或展演。,從主題N或O挑選適當課題深入探究，或規劃與執行歷史踏查或展演。,scope-reviewed-required-unmapped,,,,,assessmentRole=direct-integrated-social-choice;marker=none;appendix=NAER-CURRICULUM-SOCIAL-APPENDIX-BLOCK-04969;limits=none
AUTH-SOCIAL-LC-HIS-QA-4-1,NAER-CURRICULUM-SOCIAL,history|integrated_social,歷Qa-Ⅳ-1,美國獨立與法國大革命。,美國獨立與法國大革命。,scope-reviewed-required-unmapped,,,,,assessmentRole=direct-integrated-social-choice;marker=none;appendix=NAER-CURRICULUM-SOCIAL-APPENDIX-BLOCK-04978;limits=NAER-CURRICULUM-SOCIAL:4984|NAER-CURRICULUM-SOCIAL:4987
AUTH-SOCIAL-LC-HIS-QA-4-2,NAER-CURRICULUM-SOCIAL,history|integrated_social,歷Qa-Ⅳ-2,工業革命與社會變遷。,工業革命與社會變遷。,scope-reviewed-required-unmapped,,,,,assessmentRole=direct-integrated-social-choice;marker=none;appendix=NAER-CURRICULUM-SOCIAL-APPENDIX-BLOCK-04978;limits=NAER-CURRICULUM-SOCIAL:4984|NAER-CURRICULUM-SOCIAL:4987
AUTH-SOCIAL-LC-HIS-QA-4-3,NAER-CURRICULUM-SOCIAL,history|integrated_social,歷Qa-Ⅳ-3,民族主義與國家建立。,民族主義與國家建立。,scope-reviewed-required-unmapped,,,,,assessmentRole=direct-integrated-social-choice;marker=none;appendix=NAER-CURRICULUM-SOCIAL-APPENDIX-BLOCK-04978;limits=NAER-CURRICULUM-SOCIAL:4984|NAER-CURRICULUM-SOCIAL:4987
AUTH-SOCIAL-LC-HIS-QB-4-1,NAER-CURRICULUM-SOCIAL,history|integrated_social,歷Qb-Ⅳ-1,歐洲帝國的擴張。,歐洲帝國的擴張。,scope-reviewed-required-unmapped,,,,,assessmentRole=direct-integrated-social-choice;marker=none;appendix=NAER-CURRICULUM-SOCIAL-APPENDIX-BLOCK-04990;limits=NAER-CURRICULUM-SOCIAL:4996
AUTH-SOCIAL-LC-HIS-QB-4-2,NAER-CURRICULUM-SOCIAL,history|integrated_social,歷Qb-Ⅳ-2,亞、非、美三洲的發展及回應。,亞、非、美三洲的發展及回應。,scope-reviewed-required-unmapped,,,,,assessmentRole=direct-integrated-social-choice;marker=none;appendix=NAER-CURRICULUM-SOCIAL-APPENDIX-BLOCK-04990;limits=NAER-CURRICULUM-SOCIAL:4996
AUTH-SOCIAL-LC-HIS-QB-4-3,NAER-CURRICULUM-SOCIAL,history|integrated_social,歷Qb-Ⅳ-3,第一次世界大戰。,第一次世界大戰。,scope-reviewed-required-unmapped,,,,,assessmentRole=direct-integrated-social-choice;marker=none;appendix=NAER-CURRICULUM-SOCIAL-APPENDIX-BLOCK-04990;limits=NAER-CURRICULUM-SOCIAL:4996
AUTH-SOCIAL-LC-HIS-QC-4-1,NAER-CURRICULUM-SOCIAL,history|integrated_social,歷Qc-Ⅳ-1,戰間期的世界局勢。,戰間期的世界局勢。,scope-reviewed-required-unmapped,,,,,assessmentRole=direct-integrated-social-choice;marker=none;appendix=NAER-CURRICULUM-SOCIAL-APPENDIX-BLOCK-05001;limits=NAER-CURRICULUM-SOCIAL:5007
AUTH-SOCIAL-LC-HIS-QC-4-2,NAER-CURRICULUM-SOCIAL,history|integrated_social,歷Qc-Ⅳ-2,第二次世界大戰。,第二次世界大戰。,scope-reviewed-required-unmapped,,,,,assessmentRole=direct-integrated-social-choice;marker=none;appendix=NAER-CURRICULUM-SOCIAL-APPENDIX-BLOCK-05001;limits=NAER-CURRICULUM-SOCIAL:5007
AUTH-SOCIAL-LC-HIS-QC-4-3,NAER-CURRICULUM-SOCIAL,history|integrated_social,歷Qc-Ⅳ-3,從兩極到多元的戰後世界。,從兩極到多元的戰後世界。,scope-reviewed-required-unmapped,,,,,assessmentRole=direct-integrated-social-choice;marker=none;appendix=NAER-CURRICULUM-SOCIAL-APPENDIX-BLOCK-05001;limits=NAER-CURRICULUM-SOCIAL:5007
AUTH-SOCIAL-LC-HIS-R-4-1,NAER-CURRICULUM-SOCIAL,history|integrated_social,歷R-Ⅳ-1,從主題Q挑選適當課題深入探究，或規劃與執行歷史踏查或展演。,從主題Q挑選適當課題深入探究，或規劃與執行歷史踏查或展演。,scope-reviewed-required-unmapped,,,,,assessmentRole=direct-integrated-social-choice;marker=none;appendix=NAER-CURRICULUM-SOCIAL-APPENDIX-BLOCK-05012;limits=none
AUTH-SOCIAL-LP-CIV-1A-4-1,NAER-CURRICULUM-SOCIAL,civics|integrated_social,公1a-Ⅳ-1,理解公民知識的核心概念。,理解公民知識的核心概念。,scope-reviewed-required-unmapped,,,,,assessmentRole=embedded-in-integrated-social-choice;marker=none;appendix=none;limits=none
AUTH-SOCIAL-LP-CIV-1B-4-1,NAER-CURRICULUM-SOCIAL,civics|integrated_social,公1b-Ⅳ-1,比較社會現象的多種解釋觀點。,比較社會現象的多種解釋觀點。,scope-reviewed-required-unmapped,,,,,assessmentRole=embedded-in-integrated-social-choice;marker=none;appendix=none;limits=none
AUTH-SOCIAL-LP-CIV-1C-4-1,NAER-CURRICULUM-SOCIAL,civics|integrated_social,公1c-Ⅳ-1,運用公民知識，提出自己對公共議題的見解。,運用公民知識，提出自己對公共議題的見解。,scope-reviewed-required-unmapped,,,,,assessmentRole=embedded-in-integrated-social-choice;marker=none;appendix=none;limits=none
AUTH-SOCIAL-LP-GEO-1A-4-1,NAER-CURRICULUM-SOCIAL,geography|integrated_social,地1a-Ⅳ-1,說明重要地理現象分布特性的成因。,說明重要地理現象分布特性的成因。,scope-reviewed-required-unmapped,,,,,assessmentRole=embedded-in-integrated-social-choice;marker=none;appendix=none;limits=none
AUTH-SOCIAL-LP-GEO-1A-4-2,NAER-CURRICULUM-SOCIAL,geography|integrated_social,地1a-Ⅳ-2,說明重要環境、經濟與文化議題間的相互關係。,說明重要環境、經濟與文化議題間的相互關係。,scope-reviewed-required-unmapped,,,,,assessmentRole=embedded-in-integrated-social-choice;marker=none;appendix=none;limits=none
AUTH-SOCIAL-LP-GEO-1B-4-1,NAER-CURRICULUM-SOCIAL,geography|integrated_social,地1b-Ⅳ-1,解析自然環境與人文景觀的相互關係。,解析自然環境與人文景觀的相互關係。,scope-reviewed-required-unmapped,,,,,assessmentRole=embedded-in-integrated-social-choice;marker=none;appendix=none;limits=none
AUTH-SOCIAL-LP-GEO-1B-4-2,NAER-CURRICULUM-SOCIAL,geography|integrated_social,地1b-Ⅳ-2,歸納自然與人文環境互動的結果。,歸納自然與人文環境互動的結果。,scope-reviewed-required-unmapped,,,,,assessmentRole=embedded-in-integrated-social-choice;marker=none;appendix=none;limits=none
AUTH-SOCIAL-LP-GEO-1C-4-1,NAER-CURRICULUM-SOCIAL,geography|integrated_social,地1c-Ⅳ-1,利用地理基本概念與技能，檢視生活中面對的選擇與決策。,利用地理基本概念與技能，檢視生活中面對的選擇與決策。,scope-reviewed-required-unmapped,,,,,assessmentRole=embedded-in-integrated-social-choice;marker=none;appendix=none;limits=none
AUTH-SOCIAL-LP-GEO-1C-4-2,NAER-CURRICULUM-SOCIAL,geography|integrated_social,地1c-Ⅳ-2,反思各種地理環境與議題的內涵，並提出相關意見。,反思各種地理環境與議題的內涵，並提出相關意見。,scope-reviewed-required-unmapped,,,,,assessmentRole=embedded-in-integrated-social-choice;marker=none;appendix=none;limits=none
AUTH-SOCIAL-LP-HIS-1A-4-1,NAER-CURRICULUM-SOCIAL,history|integrated_social,歷1a-Ⅳ-1,理解以不同的紀年、歷史分期描述過去的意義。,理解以不同的紀年、歷史分期描述過去的意義。,scope-reviewed-required-unmapped,,,,,assessmentRole=embedded-in-integrated-social-choice;marker=none;appendix=none;limits=none
AUTH-SOCIAL-LP-HIS-1A-4-2,NAER-CURRICULUM-SOCIAL,history|integrated_social,歷1a-Ⅳ-2,理解所習得歷史事件的發展歷程與重要歷史變遷。,理解所習得歷史事件的發展歷程與重要歷史變遷。,scope-reviewed-required-unmapped,,,,,assessmentRole=embedded-in-integrated-social-choice;marker=none;appendix=none;limits=none
AUTH-SOCIAL-LP-HIS-1B-4-1,NAER-CURRICULUM-SOCIAL,history|integrated_social,歷1b-Ⅳ-1,運用歷史資料，解釋重要歷史人物與事件間的關聯。,運用歷史資料，解釋重要歷史人物與事件間的關聯。,scope-reviewed-required-unmapped,,,,,assessmentRole=embedded-in-integrated-social-choice;marker=none;appendix=none;limits=none
AUTH-SOCIAL-LP-HIS-1B-4-2,NAER-CURRICULUM-SOCIAL,history|integrated_social,歷1b-Ⅳ-2,運用歷史資料，進行歷史事件的因果分析與詮釋。,運用歷史資料，進行歷史事件的因果分析與詮釋。,scope-reviewed-required-unmapped,,,,,assessmentRole=embedded-in-integrated-social-choice;marker=none;appendix=none;limits=none
AUTH-SOCIAL-LP-HIS-1C-4-1,NAER-CURRICULUM-SOCIAL,history|integrated_social,歷1c-Ⅳ-1,區別歷史事實與歷史解釋。,區別歷史事實與歷史解釋。,scope-reviewed-required-unmapped,,,,,assessmentRole=embedded-in-integrated-social-choice;marker=none;appendix=none;limits=none
AUTH-SOCIAL-LP-HIS-1C-4-2,NAER-CURRICULUM-SOCIAL,history|integrated_social,歷1c-Ⅳ-2,從多元觀點探究重要歷史事件與人物在歷史中的作用與意義。,從多元觀點探究重要歷史事件與人物在歷史中的作用與意義。,scope-reviewed-required-unmapped,,,,,assessmentRole=embedded-in-integrated-social-choice;marker=none;appendix=none;limits=none
AUTH-SOCIAL-LP-SOC-1A-4-1,NAER-CURRICULUM-SOCIAL,civics|geography|history|integrated_social,社1a-Ⅳ-1,發覺生活經驗或社會現象與社會領域內容知識的關係。,發覺生活經驗或社會現象與社會領域內容知識的關係。,scope-reviewed-required-unmapped,,,,,assessmentRole=embedded-in-integrated-social-choice;marker=none;appendix=none;limits=none
AUTH-SOCIAL-LP-SOC-1B-4-1,NAER-CURRICULUM-SOCIAL,civics|geography|history|integrated_social,社1b-Ⅳ-1,應用社會領域內容知識解析生活經驗或社會現象。,應用社會領域內容知識解析生活經驗或社會現象。,scope-reviewed-required-unmapped,,,,,assessmentRole=embedded-in-integrated-social-choice;marker=none;appendix=none;limits=none
AUTH-SOCIAL-LP-SOC-1C-4-1,NAER-CURRICULUM-SOCIAL,civics|geography|history|integrated_social,社1c-Ⅳ-1,評估社會領域內容知識與多元觀點，並提出自己的看法。,評估社會領域內容知識與多元觀點，並提出自己的看法。,scope-reviewed-required-unmapped,,,,,assessmentRole=embedded-in-integrated-social-choice;marker=none;appendix=none;limits=none
AUTH-SOCIAL-LP-SOC-2A-4-1,NAER-CURRICULUM-SOCIAL,civics|geography|history|integrated_social,社2a-Ⅳ-1,敏銳察覺人與環境的互動關係及其淵源。,敏銳察覺人與環境的互動關係及其淵源。,scope-reviewed-required-unmapped,,,,,assessmentRole=embedded-in-integrated-social-choice;marker=none;appendix=none;limits=none
AUTH-SOCIAL-LP-SOC-2A-4-2,NAER-CURRICULUM-SOCIAL,civics|geography|history|integrated_social,社2a-Ⅳ-2,關注生活周遭的重要議題及其脈絡，發展本土意識與在地關懷。,關注生活周遭的重要議題及其脈絡，發展本土意識與在地關懷。,scope-reviewed-required-unmapped,,,,,assessmentRole=embedded-in-integrated-social-choice;marker=none;appendix=none;limits=none
AUTH-SOCIAL-LP-SOC-2A-4-3,NAER-CURRICULUM-SOCIAL,civics|geography|history|integrated_social,社2a-Ⅳ-3,關心不同的社會文化及其發展，並展現開闊的世界觀。,關心不同的社會文化及其發展，並展現開闊的世界觀。,scope-reviewed-required-unmapped,,,,,assessmentRole=embedded-in-integrated-social-choice;marker=none;appendix=none;limits=none
AUTH-SOCIAL-LP-SOC-2B-4-1,NAER-CURRICULUM-SOCIAL,civics|geography|history|integrated_social,社2b-Ⅳ-1,感受個人或不同群體在社會處境中的經歷與情緒，並了解其抉擇。,感受個人或不同群體在社會處境中的經歷與情緒，並了解其抉擇。,scope-reviewed-required-unmapped,,,,,assessmentRole=embedded-in-integrated-social-choice;marker=none;appendix=none;limits=none
AUTH-SOCIAL-LP-SOC-2B-4-2,NAER-CURRICULUM-SOCIAL,civics|geography|history|integrated_social,社2b-Ⅳ-2,尊重不同群體文化的差異性，並欣賞其文化之美。,尊重不同群體文化的差異性，並欣賞其文化之美。,scope-reviewed-required-unmapped,,,,,assessmentRole=embedded-in-integrated-social-choice;marker=none;appendix=none;limits=none
AUTH-SOCIAL-LP-SOC-2B-4-3,NAER-CURRICULUM-SOCIAL,civics|geography|history|integrated_social,社2b-Ⅳ-3,重視環境倫理，並願意維護生態的多樣性。,重視環境倫理，並願意維護生態的多樣性。,scope-reviewed-required-unmapped,,,,,assessmentRole=embedded-in-integrated-social-choice;marker=none;appendix=none;limits=none
AUTH-SOCIAL-LP-SOC-2C-4-1,NAER-CURRICULUM-SOCIAL,civics|geography|history|integrated_social,社2c-Ⅳ-1,從歷史或社會事件中，省思自身或所屬群體的文化淵源、處境及自主性。,從歷史或社會事件中，省思自身或所屬群體的文化淵源、處境及自主性。,scope-reviewed-required-unmapped,,,,,assessmentRole=embedded-in-integrated-social-choice;marker=none;appendix=none;limits=none
AUTH-SOCIAL-LP-SOC-2C-4-2,NAER-CURRICULUM-SOCIAL,civics|geography|history|integrated_social,社2c-Ⅳ-2,珍視重要的公民價值並願意付諸行動。,珍視重要的公民價值並願意付諸行動。,scope-reviewed-required-unmapped,,,,,assessmentRole=embedded-in-integrated-social-choice;marker=none;appendix=none;limits=none
AUTH-SOCIAL-LP-SOC-2C-4-3,NAER-CURRICULUM-SOCIAL,civics|geography|history|integrated_social,社2c-Ⅳ-3,欣賞並願意維護自然與人文之美。,欣賞並願意維護自然與人文之美。,scope-reviewed-required-unmapped,,,,,assessmentRole=embedded-in-integrated-social-choice;marker=none;appendix=none;limits=none
AUTH-SOCIAL-LP-SOC-3A-4-1,NAER-CURRICULUM-SOCIAL,civics|geography|history|integrated_social,社3a-Ⅳ-1,發現不同時空脈絡中的人類生活問題，並進行探究。,發現不同時空脈絡中的人類生活問題，並進行探究。,scope-reviewed-required-unmapped,,,,,assessmentRole=embedded-in-integrated-social-choice;marker=none;appendix=none;limits=none
AUTH-SOCIAL-LP-SOC-3B-4-1,NAER-CURRICULUM-SOCIAL,civics|geography|history|integrated_social,社3b-Ⅳ-1,適當選用多種管道蒐集與社會領域相關的資料。,適當選用多種管道蒐集與社會領域相關的資料。,scope-reviewed-required-unmapped,,,,,assessmentRole=embedded-in-integrated-social-choice;marker=none;appendix=none;limits=none
AUTH-SOCIAL-LP-SOC-3B-4-2,NAER-CURRICULUM-SOCIAL,civics|geography|history|integrated_social,社3b-Ⅳ-2,利用社會領域相關概念，整理並檢視所蒐集資料的適切性。,利用社會領域相關概念，整理並檢視所蒐集資料的適切性。,scope-reviewed-required-unmapped,,,,,assessmentRole=embedded-in-integrated-social-choice;marker=none;appendix=none;limits=none
AUTH-SOCIAL-LP-SOC-3B-4-3,NAER-CURRICULUM-SOCIAL,civics|geography|history|integrated_social,社3b-Ⅳ-3,使用文字、照片、圖表、數據、地圖、年表、言語等多種方式，呈現並解釋探究結果。,使用文字、照片、圖表、數據、地圖、年表、言語等多種方式，呈現並解釋探究結果。,scope-reviewed-required-unmapped,,,,,assessmentRole=embedded-in-integrated-social-choice;marker=none;appendix=none;limits=none
AUTH-SOCIAL-LP-SOC-3C-4-1,NAER-CURRICULUM-SOCIAL,civics|geography|history|integrated_social,社3c-Ⅳ-1,聆聽他人意見，表達自我觀點，並能以同理心與他人討論。,聆聽他人意見，表達自我觀點，並能以同理心與他人討論。,scope-reviewed-required-unmapped,,,,,assessmentRole=embedded-in-integrated-social-choice;marker=none;appendix=none;limits=none
AUTH-SOCIAL-LP-SOC-3C-4-2,NAER-CURRICULUM-SOCIAL,civics|geography|history|integrated_social,社3c-Ⅳ-2,理解成員特質並相互學習與合作。,理解成員特質並相互學習與合作。,scope-reviewed-required-unmapped,,,,,assessmentRole=embedded-in-integrated-social-choice;marker=none;appendix=none;limits=none
AUTH-SOCIAL-LP-SOC-3D-4-1,NAER-CURRICULUM-SOCIAL,civics|geography|history|integrated_social,社3d-Ⅳ-1,規劃與執行社會領域的問題探究、訪查、創作或展演等活動。,規劃與執行社會領域的問題探究、訪查、創作或展演等活動。,scope-reviewed-required-unmapped,,,,,assessmentRole=embedded-in-integrated-social-choice;marker=none;appendix=none;limits=none
AUTH-SOCIAL-LP-SOC-3D-4-2,NAER-CURRICULUM-SOCIAL,civics|geography|history|integrated_social,社3d-Ⅳ-2,提出保存文化資產、改善環境或維護社會正義等可能方案。,提出保存文化資產、改善環境或維護社會正義等可能方案。,scope-reviewed-required-unmapped,,,,,assessmentRole=embedded-in-integrated-social-choice;marker=none;appendix=none;limits=none
AUTH-SOCIAL-LP-SOC-3D-4-3,NAER-CURRICULUM-SOCIAL,civics|geography|history|integrated_social,社3d-Ⅳ-3,執行具有公共性或利他性的行動方案並檢討其歷程與結果。,執行具有公共性或利他性的行動方案並檢討其歷程與結果。,scope-reviewed-required-unmapped,,,,,assessmentRole=embedded-in-integrated-social-choice;marker=none;appendix=none;limits=none
